slice,ticker,date,time,expiry,tenor_years,forward_raw,forward_dea,forward_shift_bp,implied_carry,corrected_quotes,median_eep_call_bp,median_eep_put_bp,max_eep_bp,rounds,skipped_floor,max_forward_shift_bp
daily,JPM,2026-08-14,1530,2026-08-21,0.0191780822,363.5257440940,363.5346532047,0.2450750960,0.0113470450,42,0.0375547540,2.0587408874,3.4433060269,2,0,49.8791959280
daily,JPM,2026-08-14,1530,2026-08-28,0.0383561644,363.7231481674,363.7538284403,0.8435061960,0.0088793470,44,0.0703344089,2.5079785196,6.5084704239,2,0,49.8791959280
daily,JPM,2026-08-14,1530,2026-09-04,0.0575342466,364.0337721553,364.0646064770,0.8470181634,0.0036892953,26,0.1293564311,7.4008333310,12.1052086998,2,0,49.8791959280
daily,JPM,2026-08-14,1530,2026-09-11,0.0767123288,364.2979651385,364.3814155270,2.2907179420,0.0008880077,28,0.1353312257,7.6377882718,17.9511911523,2,0,49.8791959280
daily,JPM,2026-08-14,1530,2026-09-18,0.0958904110,364.3796495420,364.5153321824,3.7236613099,0.0044359616,41,0.1765112819,19.0269459729,24.9947439196,2,0,49.8791959280
daily,JPM,2026-08-14,1530,2026-09-25,0.1150684932,364.6299741246,364.7414223932,3.0564757848,0.0045995644,31,0.1024471338,10.5237486368,24.3327324640,2,0,49.8791959280
daily,JPM,2026-08-14,1530,2026-10-02,0.1342465753,364.7989811142,364.9203731399,3.3276415771,0.0057273652,33,0.1261411911,11.9439116937,28.0439723344,2,0,49.8791959280
daily,JPM,2026-08-14,1530,2026-10-16,0.1726027397,364.2624622050,364.3652218010,2.8210317204,0.0218642169,56,0.1688155022,2.8096131061,21.6913402589,2,0,49.8791959280
daily,JPM,2026-08-14,1530,2026-11-20,0.2684931507,365.2050051843,365.3890392992,5.0392002397,0.0176793726,74,0.2741021551,7.7625917926,44.9284882050,2,0,49.8791959280
daily,JPM,2026-08-14,1530,2026-12-18,0.3452054795,366.4098326816,366.6547851545,6.6852046821,0.0123663300,73,0.2005422658,10.2894716870,72.3196008704,2,0,49.8791959280
daily,JPM,2026-08-14,1530,2027-01-15,0.4219178082,366.7852865233,367.1907874112,11.0555385613,0.0139181241,48,0.5694675374,11.9882314536,87.9186045322,2,0,49.8791959280
daily,JPM,2026-08-14,1530,2027-03-19,0.5945205479,368.9614510049,369.5283410916,15.3644800877,0.0106817469,98,0.4971710135,14.3564405208,138.3756213833,2,0,49.8791959280
daily,JPM,2026-08-14,1530,2027-06-17,0.8410958904,371.3916883186,372.1188528000,19.5794495213,0.0107264904,69,0.4318283275,8.0245550246,203.7000650369,2,0,49.8791959280
daily,JPM,2026-08-14,1530,2027-12-17,1.3424657534,375.9613548977,377.5338575366,41.8261775694,0.0115666127,72,0.6086941958,14.1537741918,306.3862656180,2,0,49.8791959280
daily,JPM,2026-08-14,1530,2028-01-21,1.4383561644,376.6090963943,378.4875922851,49.8791959280,0.0119086585,73,0.8736302194,16.9977685845,325.1666909185,2,0,49.8791959280
daily,JPM,2026-08-17,1530,2026-08-21,0.0109589041,363.0112484319,363.0195407913,0.2284325765,-0.0324543934,25,0.0100878017,1.1845071256,5.9693016136,2,1,58.8958529090
daily,JPM,2026-08-17,1530,2026-08-28,0.0301369863,363.2065037448,363.2206258167,0.3888166019,-0.0060972472,40,0.0440313326,3.1029489908,14.5256930195,2,1,58.8958529090
daily,JPM,2026-08-17,1530,2026-09-04,0.0493150685,363.7115802455,363.7493112843,1.0373889859,-0.0185047196,45,0.0442802178,5.9866940763,25.7230174737,2,1,58.8958529090
daily,JPM,2026-08-17,1530,2026-09-11,0.0684931507,363.7346666835,363.8295941891,2.6098008879,-0.0059504433,32,0.1120680773,12.3227602101,26.2845571799,2,1,58.8958529090
daily,JPM,2026-08-17,1530,2026-09-18,0.0876712329,364.0383771017,364.1161859650,2.1373807873,-0.0053460162,43,0.1430442012,25.5022263944,33.4154540135,2,1,58.8958529090
daily,JPM,2026-08-17,1530,2026-09-25,0.1068493151,364.4525905728,364.7002609828,6.7956825226,-0.0125568210,37,0.1158579834,9.4619838031,33.3410322536,2,1,58.8958529090
daily,JPM,2026-08-17,1530,2026-10-02,0.1260273973,365.0981298630,365.2608927868,4.4580596406,-0.0170434267,33,0.1334445063,15.0298373475,40.5637066470,2,1,58.8958529090
daily,JPM,2026-08-17,1530,2026-10-16,0.1643835616,363.8869577642,364.0141747352,3.4960574496,0.0166445274,49,0.0817809714,3.4852865312,30.8733348480,2,1,58.8958529090
daily,JPM,2026-08-17,1530,2026-11-20,0.2602739726,365.2015332148,365.4080167126,5.6539603219,0.0102751006,58,0.1771846046,6.3118439669,58.1869502902,2,1,58.8958529090
daily,JPM,2026-08-17,1530,2026-12-18,0.3369863014,366.3423315770,366.7007611626,9.7840067794,0.0063379394,69,0.2107195900,12.3807375700,81.2342491319,2,1,58.8958529090
daily,JPM,2026-08-17,1530,2027-01-15,0.4136986301,366.5799736853,366.9723014691,10.7023790712,0.0108341919,45,0.2253581576,13.3261778783,99.1050254152,2,1,58.8958529090
daily,JPM,2026-08-17,1530,2027-03-19,0.5863013699,368.4256229797,369.1506834557,19.6799687867,0.0093204631,100,0.3621698328,17.5540964791,140.0980375388,2,1,58.8958529090
daily,JPM,2026-08-17,1530,2027-06-17,0.8328767123,370.9789855656,371.8423558208,23.2727536807,0.0095928509,69,0.5831996184,8.1237907234,208.0544797885,2,1,58.8958529090
daily,JPM,2026-08-17,1530,2027-12-17,1.3342465753,376.1435512643,377.2087591445,28.3191849654,0.0110171030,69,0.7208833489,14.9213073883,316.2330142205,2,1,58.8958529090
daily,JPM,2026-08-17,1530,2028-01-21,1.4301369863,376.1332576652,378.3485265670,58.8958529090,0.0110580643,75,0.6427582491,17.7460613288,330.4862664867,2,1,58.8958529090
daily,JPM,2026-08-18,1530,2026-08-21,0.0082191781,361.9255987807,361.9260832672,0.0133863536,0.0324323903,39,0.0747072134,0.1931825725,0.5422470981,2,0,46.8982039032
daily,JPM,2026-08-18,1530,2026-08-28,0.0273972603,362.2273078281,362.2425443660,0.4206347117,0.0043161673,43,0.0268988560,2.3242363439,4.7422175541,2,0,46.8982039032
daily,JPM,2026-08-18,1530,2026-09-04,0.0465753425,362.6045862035,362.6435915466,1.0756991110,-0.0056376997,42,0.1117075004,3.7363397867,10.2542852941,2,0,46.8982039032
daily,JPM,2026-08-18,1530,2026-09-11,0.0657534247,362.6439950211,362.6859862226,1.1579180144,0.0052652239,29,0.0873971137,6.7541473477,13.6215360290,2,0,46.8982039032
daily,JPM,2026-08-18,1530,2026-09-18,0.0849315068,362.9003488699,362.9402166358,1.0985871469,0.0043702088,43,0.0836605205,14.0642006988,21.7110331007,2,0,46.8982039032
daily,JPM,2026-08-18,1530,2026-09-25,0.1041095890,362.7966492135,362.9118990342,3.1767057674,0.0113246326,30,0.1781157766,7.2148892433,18.5298231799,2,0,46.8982039032
daily,JPM,2026-08-18,1530,2026-10-02,0.1232876712,363.1881769544,363.2472321651,1.6260223872,0.0079913189,35,0.1239754957,8.7970984190,24.0939060522,2,0,46.8982039032
daily,JPM,2026-08-18,1530,2026-10-16,0.1616438356,362.4456675281,362.4662573957,0.5680814932,0.0285596934,61,1.0174010659,2.0041525371,14.7740064834,2,0,46.8982039032
daily,JPM,2026-08-18,1530,2026-11-20,0.2575342466,363.6112902770,363.7450405653,3.6783865616,0.0188856671,75,0.3681749723,5.6869056847,41.0811723784,2,0,46.8982039032
daily,JPM,2026-08-18,1530,2026-12-18,0.3342465753,364.4791380548,364.8041493715,8.9171445697,0.0148193546,82,0.2565602057,9.3498345461,66.0885793681,2,0,46.8982039032
daily,JPM,2026-08-18,1530,2027-01-15,0.4109589041,364.5813008307,364.8147554327,6.4033619227,0.0194565862,56,0.7507050487,9.9731126604,75.9424972100,2,0,46.8982039032
daily,JPM,2026-08-18,1530,2027-03-19,0.5835616438,367.3021336374,367.9143963882,16.6691857947,0.0110552411,101,0.4442099163,19.7449678951,135.2311992166,2,0,46.8982039032
daily,JPM,2026-08-18,1530,2027-06-17,0.8301369863,369.5608311666,370.6299203363,28.9286385204,0.0108250485,75,0.6550242099,6.3788103080,195.3477385638,2,0,46.8982039032
daily,JPM,2026-08-18,1530,2027-12-17,1.3315068493,374.0115227671,375.7459702267,46.3741717573,0.0123462237,74,0.7221091374,14.8497999397,304.8121271935,2,0,46.8982039032
daily,JPM,2026-08-18,1530,2028-01-21,1.4273972603,374.4666665738,376.2228479822,46.8982039032,0.0135362022,79,1.0474782453,17.1796935607,317.6445267142,2,0,46.8982039032
daily,JPM,2026-08-19,1530,2026-08-21,0.0054794521,357.7495346710,357.7954086761,1.2822939153,-0.1385275670,32,0.0485640866,7.6933836900,9.0921807246,2,0,58.9655672345
daily,JPM,2026-08-19,1530,2026-08-28,0.0246575342,357.9480914603,357.9952314927,1.3169516336,-0.0240742805,42,0.0571745174,9.8932795889,15.5389961280,2,0,58.9655672345
daily,JPM,2026-08-19,1530,2026-09-04,0.0438356164,358.2762831685,358.3531151955,2.1444910128,-0.0198247737,50,0.0763155991,8.1455342128,26.0164857383,2,0,58.9655672345
daily,JPM,2026-08-19,1530,2026-09-11,0.0630136986,358.4845239392,358.6534895926,4.7133318777,-0.0156016490,34,0.1443293172,17.2705754603,29.8992679550,2,0,58.9655672345
daily,JPM,2026-08-19,1530,2026-09-18,0.0821917808,358.6302725273,358.7345094179,2.9065279365,-0.0059035316,42,0.1192621751,24.7031627787,30.3156109227,2,0,58.9655672345
daily,JPM,2026-08-19,1530,2026-09-25,0.1013698630,359.6367823272,359.7343511087,2.7129811610,-0.0251177445,33,0.1332576719,23.6927141029,39.1893545282,2,0,58.9655672345
daily,JPM,2026-08-19,1530,2026-10-02,0.1205479452,359.7990886853,360.0384613008,6.6529522444,-0.0221417859,34,0.0969558035,23.0669612374,42.6844220493,2,0,58.9655672345
daily,JPM,2026-08-19,1530,2026-10-16,0.1589041096,358.5160617273,358.6057869558,2.5026836481,0.0177047178,49,0.1345659788,6.1898650987,30.2367779302,2,0,58.9655672345
daily,JPM,2026-08-19,1530,2026-11-20,0.2547945205,359.6931302373,359.8002668847,2.9785569534,0.0126984249,64,0.2037508535,9.2158414289,54.1337651455,2,0,58.9655672345
daily,JPM,2026-08-19,1530,2026-12-18,0.3315068493,360.8745915852,361.1576326054,7.8431961374,0.0074194437,66,0.3155074013,9.3051366686,81.8270606750,2,0,58.9655672345
daily,JPM,2026-08-19,1530,2027-01-15,0.4082191781,361.0340977427,361.4981834862,12.8543466228,0.0112160750,50,0.1492634776,10.6319358030,97.1194906779,2,0,58.9655672345
daily,JPM,2026-08-19,1530,2027-03-19,0.5808219178,363.5674467272,363.9937610906,11.7258672969,0.0079164975,91,0.3711186622,21.2415279927,152.3812874759,2,0,58.9655672345
daily,JPM,2026-08-19,1530,2027-06-17,0.8273972603,365.2260824739,366.7707338983,42.2930206410,0.0082938419,74,0.4437783520,10.6424015796,208.9499130830,2,0,58.9655672345
daily,JPM,2026-08-19,1530,2027-09-17,1.0794520548,368.4080936249,369.9613755961,42.1619936706,0.0079065562,67,0.4925884424,16.0442763546,276.2074930764,2,0,58.9655672345
daily,JPM,2026-08-19,1530,2027-12-17,1.3287671233,370.0791374268,372.2613300528,58.9655672345,0.0098566497,67,0.8571561190,20.5049948015,321.7410289070,2,0,58.9655672345
daily,JPM,2026-08-19,1530,2028-01-21,1.4246575342,371.1251855208,372.7896252942,44.8484726534,0.0111026582,71,0.5740081428,23.3852728840,340.5770187816,2,0,58.9655672345
daily,JPM,2026-08-20,1530,2026-08-21,0.0027397260,353.8401381915,353.8434910925,0.0947575091,-0.0639708373,38,0.0577828829,1.4987368862,2.9682398333,2,0,43.9121172647
daily,JPM,2026-08-20,1530,2026-08-28,0.0219178082,354.1472351723,354.1935172862,1.3068607988,-0.0201720387,43,0.0497038119,6.2203530037,10.8125078259,2,0,43.9121172647
daily,JPM,2026-08-20,1530,2026-09-04,0.0410958904,354.2950462818,354.3418473467,1.3209630041,-0.0033814355,51,0.0327287710,6.7426417982,11.4691547549,2,0,43.9121172647
daily,JPM,2026-08-20,1530,2026-09-11,0.0602739726,354.6492050541,354.7341569080,2.3953769717,-0.0086876964,28,0.0358750965,12.5104333424,17.4178302848,2,0,43.9121172647
daily,JPM,2026-08-20,1530,2026-09-18,0.0794520548,354.7893012847,354.8941209959,2.9544214220,-0.0031795582,45,0.0724542963,17.7748296883,25.2834253921,2,0,43.9121172647
daily,JPM,2026-08-20,1530,2026-09-25,0.0986301370,355.0130049992,355.1401336005,3.5809561758,-0.0022806824,35,0.1086130520,12.0683567931,26.4974450276,2,0,43.9121172647
daily,JPM,2026-08-20,1530,2026-10-02,0.1178082192,355.2511102946,355.4122016824,4.5345780241,-0.0022968446,37,0.1510401330,13.9148607053,30.7867729513,2,0,43.9121172647
daily,JPM,2026-08-20,1530,2026-10-16,0.1561643836,354.2616314271,354.3333751871,2.0251631442,0.0272579647,89,0.6259981636,14.7064138797,28.8405275694,2,0,43.9121172647
daily,JPM,2026-08-20,1530,2026-11-20,0.2520547945,355.5085444384,355.6831796199,4.9122639739,0.0167353091,68,0.3413138975,7.5733841708,44.1135820976,2,0,43.9121172647
daily,JPM,2026-08-20,1530,2026-12-18,0.3287671233,356.5941544103,356.8986631052,8.5393630578,0.0115470259,77,0.2690188914,11.5565836706,71.4544326969,2,0,43.9121172647
daily,JPM,2026-08-20,1530,2027-01-15,0.4054794521,356.9963488873,357.2080111697,5.9289761109,0.0147695385,52,0.4006471075,14.9481301259,86.1761200095,2,0,43.9121172647
daily,JPM,2026-08-20,1530,2027-03-19,0.5780821918,358.7213723277,359.3516005872,17.5687402001,0.0119686043,95,0.5694323195,20.3802977541,137.7299489877,2,0,43.9121172647
daily,JPM,2026-08-20,1530,2027-06-17,0.8246575342,361.2187261558,362.1102104013,24.6799011491,0.0111355544,71,0.5422064971,10.7660317162,207.6557135747,2,0,43.9121172647
daily,JPM,2026-08-20,1530,2027-09-17,1.0767123288,364.7495144726,366.1603028613,38.6782801002,0.0078203383,67,0.4413072858,15.9126255178,278.1010062286,2,0,43.9121172647
daily,JPM,2026-08-20,1530,2027-12-17,1.3260273973,366.4050006980,368.0059488528,43.6934035235,0.0106749669,73,0.4544473344,19.0646255695,325.4306220372,2,0,43.9121172647
daily,JPM,2026-08-20,1530,2028-01-21,1.4219178082,366.5815161571,368.1912532096,43.9121172647,0.0125123091,76,0.8755521582,20.3398459594,339.3950088517,2,0,43.9121172647
daily,JPM,2026-08-21,1530,2026-08-28,0.0191780822,352.4067504994,352.4119512772,0.1475788360,0.0154512582,37,0.0800108275,1.5484429361,2.2486186996,2,0,43.1928415657
daily,JPM,2026-08-21,1530,2026-09-04,0.0383561644,352.6538590534,352.6732052787,0.5485896380,0.0073746298,47,0.0328493953,4.0473308217,6.4287632672,2,0,43.1928415657
daily,JPM,2026-08-21,1530,2026-09-11,0.0575342466,352.6175112262,352.6270541544,0.2706311463,0.0198373257,41,0.1983203569,4.5867742735,8.0106528866,2,0,43.1928415657
daily,JPM,2026-08-21,1530,2026-09-18,0.0767123288,353.0378899794,353.1438073203,3.0001692146,0.0052736465,43,0.0563347688,12.0486006324,19.8906660156,2,0,43.1928415657
daily,JPM,2026-08-21,1530,2026-09-25,0.0958904110,353.2756553671,353.4002021760,3.5254851851,0.0041229287,38,0.1002638048,10.0182189149,21.2199750025,2,0,43.1928415657
daily,JPM,2026-08-21,1530,2026-10-02,0.1150684932,353.4364950645,353.4874314614,1.4411753621,0.0074464255,35,0.0418681117,12.7190708393,23.3259634430,2,0,43.1928415657
daily,JPM,2026-08-21,1530,2026-10-16,0.1534246575,352.7833411187,352.8525643237,1.9622016382,0.0267790056,80,1.0693122262,14.2894497819,27.0298071388,2,0,43.1928415657
daily,JPM,2026-08-21,1530,2026-11-20,0.2493150685,353.5819739917,353.6663338564,2.3858644069,0.0225153776,78,0.4469196763,7.2414239392,35.9997363866,2,0,43.1928415657
daily,JPM,2026-08-21,1530,2026-12-18,0.3260273973,354.6075433157,354.7803993642,4.8745733618,0.0166799273,83,0.3082391147,11.4849117830,64.1390699907,2,0,43.1928415657
daily,JPM,2026-08-21,1530,2027-01-15,0.4027397260,355.3072619871,355.5800997547,7.6789246046,0.0154945499,52,0.5295083514,19.2865833229,82.1402191298,2,0,43.1928415657
daily,JPM,2026-08-21,1530,2027-03-19,0.5753424658,356.9008387737,357.4075448860,14.1973920255,0.0138729424,105,0.3230635823,22.6751838747,130.8971227098,2,0,43.1928415657
daily,JPM,2026-08-21,1530,2027-06-17,0.8219178082,359.3982134291,360.2844287428,24.6583116053,0.0118271399,78,0.3562217376,7.6294783942,196.9104665670,2,0,43.1928415657
daily,JPM,2026-08-21,1530,2027-09-17,1.0739726027,361.4699301121,362.9346490579,40.5211837505,0.0117913523,68,0.4814613550,14.5590359817,261.5567078121,2,0,43.1928415657
daily,JPM,2026-08-21,1530,2027-12-17,1.3232876712,363.8501603847,365.4182366403,43.0967586774,0.0126311357,77,0.8028733035,18.5147456113,317.1863228606,2,0,43.1928415657
daily,JPM,2026-08-21,1530,2028-01-21,1.4191780822,364.2470208440,365.8203072302,43.1928415657,0.0139489228,76,1.2047955055,19.8173747410,333.6120265093,2,0,43.1928415657
daily,JPM,2026-08-24,1538,2026-08-28,0.0109589041,355.8313847946,355.8303398899,-0.0293651635,0.0404160396,44,0.2299893121,0.0479379886,1.8523093819,2,0,59.8753711122
daily,JPM,2026-08-24,1538,2026-09-04,0.0301369863,356.3265158203,356.3527253645,0.7355485217,-0.0098380396,44,0.0936663094,5.0476871389,7.4057753494,2,0,59.8753711122
daily,JPM,2026-08-24,1538,2026-09-11,0.0493150685,356.4370321386,356.4512032766,0.3975776018,0.0031388663,44,0.1032215692,4.5813656735,10.0478549324,2,0,59.8753711122
daily,JPM,2026-08-24,1538,2026-09-18,0.0684931507,356.7796184219,356.8439967240,1.8044276835,-0.0031968449,54,0.1368662227,10.2323703354,20.3077299441,2,0,59.8753711122
daily,JPM,2026-08-24,1538,2026-09-25,0.0876712329,357.1151966409,357.1497760337,0.9682979928,-0.0039996825,31,0.1191458806,12.2423615559,22.1804540275,2,0,59.8753711122
daily,JPM,2026-08-24,1538,2026-10-02,0.1068493151,357.2639914857,357.4152148810,4.2328193964,-0.0036059905,35,0.0776253667,10.5001078781,26.4244421816,2,0,59.8753711122
daily,JPM,2026-08-24,1538,2026-10-16,0.1452054795,356.3094957284,356.3377425335,0.7927603782,0.0281288808,82,0.9017932549,13.5365587480,24.7025096515,2,0,59.8753711122
daily,JPM,2026-08-24,1538,2026-11-20,0.2410958904,357.3542751535,357.4428718491,2.4792398424,0.0199046857,74,0.3286511895,6.1105343329,38.5176165914,2,0,59.8753711122
daily,JPM,2026-08-24,1538,2026-12-18,0.3178082192,358.5040222365,358.6916421862,5.2334126820,0.0136109056,70,0.4376904810,11.6117152865,64.5384839761,2,0,59.8753711122
daily,JPM,2026-08-24,1538,2027-01-15,0.3945205479,358.6037266196,358.9556118253,9.8126477658,0.0168192507,51,0.5573478478,16.8129749975,76.6472153751,2,0,59.8753711122
daily,JPM,2026-08-24,1538,2027-03-19,0.5671232877,360.8435912195,361.3305091316,13.4938772350,0.0122949778,100,0.3635746452,20.2696898190,129.4842166497,2,0,59.8753711122
daily,JPM,2026-08-24,1538,2027-06-17,0.8136986301,362.8805282149,363.9353197847,29.0671856910,0.0120757401,76,0.5788829160,7.7668946026,195.8228970930,2,0,59.8753711122
daily,JPM,2026-08-24,1538,2027-09-17,1.0657534247,366.1121253218,367.8056209267,46.2562009793,0.0091225588,71,0.4369396358,15.2399661379,267.4886278615,2,0,59.8753711122
daily,JPM,2026-08-24,1538,2027-12-17,1.3150684932,367.6784896815,369.8799782834,59.8753711122,0.0114543346,74,0.4992027508,18.0945398528,309.5865877433,2,0,59.8753711122
daily,JPM,2026-08-24,1538,2028-01-21,1.4109589041,367.9476864095,370.0033695118,55.8688959924,0.0134284048,77,0.9044017632,19.5359007752,324.3963885268,2,0,59.8753711122
daily,JPM,2026-08-25,1530,2026-08-28,0.0082191781,356.9032596476,356.9476160837,1.2428139789,-0.0432141010,34,0.0307051707,2.1018740862,2.6322261611,2,0,56.8095608854
daily,JPM,2026-08-25,1530,2026-09-04,0.0273972603,357.2523337587,357.2813838922,0.8131544782,-0.0205906188,38,0.0426904646,6.0226687613,8.1338107050,2,0,56.8095608854
daily,JPM,2026-08-25,1530,2026-09-11,0.0465753425,357.4499118038,357.5079637873,1.6240592474,-0.0101431626,43,0.0783469359,5.7833235888,12.1185423044,2,0,56.8095608854
daily,JPM,2026-08-25,1530,2026-09-18,0.0657534247,357.7255605088,357.8071860923,2.2817934337,-0.0088718732,61,0.0739169661,10.5532405051,23.8202347512,2,0,56.8095608854
daily,JPM,2026-08-25,1530,2026-09-25,0.0849315068,357.8090129315,357.9433229618,3.7536793484,-0.0028031670,31,0.1237221109,10.7877142929,23.0693562579,2,0,56.8095608854
daily,JPM,2026-08-25,1530,2026-10-02,0.1041095890,358.1014114708,358.2239043023,3.4206185065,-0.0029155722,34,0.1549070211,10.8089537687,28.0195262478,2,0,56.8095608854
daily,JPM,2026-08-25,1530,2026-10-16,0.1424657534,357.1150492120,357.1634528489,1.3554073661,0.0288706203,79,1.9562224664,13.0918099004,25.6964858515,2,0,56.8095608854
daily,JPM,2026-08-25,1530,2026-11-20,0.2383561644,358.6242639509,358.7167018250,2.5775688735,0.0149043032,70,0.1881372967,6.0194217194,45.0687075378,2,0,56.8095608854
daily,JPM,2026-08-25,1530,2026-12-18,0.3150684932,359.7285150420,359.8914598781,4.5296613787,0.0105208257,71,0.2763733638,10.2828323836,72.0364734223,2,0,56.8095608854
daily,JPM,2026-08-25,1530,2027-01-15,0.3917808219,359.7207711320,359.9456494662,6.2514692573,0.0159029309,51,0.5820761013,17.1281352552,80.9698336206,2,0,56.8095608854
daily,JPM,2026-08-25,1530,2027-03-19,0.5643835616,361.7126496101,362.2835869925,15.7842802274,0.0119139498,99,0.2987481179,20.3272802605,133.9277617813,2,0,56.8095608854
daily,JPM,2026-08-25,1530,2027-06-17,0.8109589041,363.8988800792,364.7867602474,24.3990904283,0.0122063547,74,0.4004853753,7.5961963444,198.7222386021,2,0,56.8095608854
daily,JPM,2026-08-25,1530,2027-09-17,1.0630136986,365.3489347794,366.7041016090,37.0923985432,0.0142373477,75,0.6190880197,12.5195751637,249.3013289517,2,0,56.8095608854
daily,JPM,2026-08-25,1530,2027-12-17,1.3123287671,368.6788115263,370.3472459573,45.2544160077,0.0123353845,75,0.7616925458,17.1801058721,310.7828621492,2,0,56.8095608854
daily,JPM,2026-08-25,1530,2028-01-21,1.4082191781,369.0993199314,371.1961569602,56.8095608854,0.0128573443,75,0.8841097473,19.3709389986,329.6625241652,2,0,56.8095608854
daily,JPM,2026-08-26,1530,2026-08-28,0.0054794521,357.3594525717,357.4029172671,1.2162738399,-0.1322370291,32,0.0410395078,4.7236288462,7.1414568572,2,0,51.7152764226
daily,JPM,2026-08-26,1530,2026-09-04,0.0246575342,357.5500466728,357.5846056065,0.9665481533,-0.0205670395,46,0.0570599526,8.3238987329,14.5240080028,2,0,51.7152764226
daily,JPM,2026-08-26,1530,2026-09-11,0.0438356164,357.8422806368,357.9175822999,2.1043254855,-0.0162470665,50,0.0447570481,4.8733868117,17.9683320317,2,0,51.7152764226
daily,JPM,2026-08-26,1530,2026-09-18,0.0630136986,358.1133684801,358.2205330277,2.9924754852,-0.0132127796,62,0.1004928140,13.1709535341,29.8553000160,2,0,51.7152764226
daily,JPM,2026-08-26,1530,2026-09-25,0.0821917808,358.4105906836,358.4992780751,2.4744634734,-0.0107643322,36,0.0565689983,10.7666896052,27.1485718549,2,0,51.7152764226
daily,JPM,2026-08-26,1530,2026-10-02,0.1013698630,358.6329946865,358.7750401837,3.9607481563,-0.0092184357,31,0.1897057391,16.3051237946,36.6222581030,2,0,51.7152764226
daily,JPM,2026-08-26,1530,2026-10-16,0.1397260274,357.7618939484,357.8478402369,2.4023321089,0.0222043333,83,0.2532448607,20.7114874396,35.3522075897,2,0,51.7152764226
daily,JPM,2026-08-26,1530,2026-11-20,0.2356164384,358.7689649466,358.9754970774,5.7566888724,0.0157513831,70,0.3241517090,5.7320639860,49.0945493701,2,0,51.7152764226
daily,JPM,2026-08-26,1530,2026-12-18,0.3123287671,359.8582162662,360.0693183175,5.8662562562,0.0118167354,74,0.2005937316,11.6147241328,73.8819495217,2,0,51.7152764226
daily,JPM,2026-08-26,1530,2027-01-15,0.3890410959,360.2030454334,360.5298406103,9.0725267616,0.0140589501,51,0.3700571117,12.9575737730,89.8203854395,2,0,51.7152764226
daily,JPM,2026-08-26,1530,2027-03-19,0.5616438356,362.1048688744,362.5763726071,13.0211928436,0.0119922125,105,0.2866019210,18.2886500325,135.6066433920,2,0,51.7152764226
daily,JPM,2026-08-26,1530,2027-06-17,0.8082191781,364.4184650652,365.3991927647,26.9121296954,0.0110340148,71,0.3444244601,9.6598641467,207.5604127638,2,0,51.7152764226
daily,JPM,2026-08-26,1530,2027-09-17,1.0602739726,366.5604388699,367.6398683644,29.4475175200,0.0123544542,72,0.4620330294,13.0161747157,256.1526575394,2,0,51.7152764226
daily,JPM,2026-08-26,1530,2027-12-17,1.3095890411,369.9104650470,371.2621139524,36.5398936542,0.0106179159,73,0.6336834576,17.4105057438,316.3001843897,2,0,51.7152764226
daily,JPM,2026-08-26,1530,2028-01-21,1.4054794521,369.4520718008,371.3627034026,51.7152764226,0.0126043517,73,1.0779673548,18.7744176221,326.5003097361,2,0,51.7152764226
daily,JPM,2026-08-27,1530,2026-08-28,0.0027397260,354.9052499934,354.9634830178,1.6408048196,-0.2588216094,26,0.0352400737,4.9514335977,7.0487065623,2,0,42.4144746049
daily,JPM,2026-08-27,1530,2026-09-04,0.0219178082,355.1501247822,355.1730031640,0.6441890404,-0.0260788321,41,0.0674354609,8.6218100832,14.4043270297,2,0,42.4144746049
daily,JPM,2026-08-27,1530,2026-09-11,0.0410958904,355.1079577610,355.1238997929,0.4489347966,0.0071604321,41,0.0499334258,2.9656465664,12.9506963420,2,0,42.4144746049
daily,JPM,2026-08-27,1530,2026-09-18,0.0602739726,355.5147552062,355.6076536227,2.6130678167,-0.0056313938,59,0.0722453221,16.3976389048,21.3644623821,2,0,42.4144746049
daily,JPM,2026-08-27,1530,2026-09-25,0.0794520548,355.8725283366,355.9977854566,3.5197187228,-0.0089150182,34,0.0687667350,11.8271435682,24.7162627363,2,0,42.4144746049
daily,JPM,2026-08-27,1530,2026-10-02,0.0986301370,356.3924408524,356.4878985842,2.6784443456,-0.0138508233,36,0.0906131780,15.6994959422,34.1792184912,2,0,42.4144746049
daily,JPM,2026-08-27,1530,2026-10-09,0.1178082192,355.4993985700,355.5436596505,1.2450395339,0.0169791480,34,0.1248259068,5.6530073996,21.1577122411,2,0,42.4144746049
daily,JPM,2026-08-27,1530,2026-10-16,0.1369863014,355.3031641938,355.3307417152,0.7761687547,0.0242812629,86,0.3355781931,18.5006077346,31.9066242437,2,0,42.4144746049
daily,JPM,2026-08-27,1530,2026-11-20,0.2328767123,356.1912291926,356.3578267740,4.6771949369,0.0179178561,72,0.3436665811,6.2336104255,43.2800281171,2,0,42.4144746049
daily,JPM,2026-08-27,1530,2026-12-18,0.3095890411,357.2357160810,357.5395268281,8.5044897087,0.0125099056,71,0.2606771043,11.7079392489,71.4907894468,2,0,42.4144746049
daily,JPM,2026-08-27,1530,2027-01-15,0.3863013699,357.9952225469,358.3051993879,8.6586865256,0.0123773882,43,0.3913538494,15.0998597211,89.0694257350,2,0,42.4144746049
daily,JPM,2026-08-27,1530,2027-03-19,0.5589041096,359.8382119209,360.4143263766,16.0103745693,0.0104533210,94,0.4675378667,22.6797372165,140.2588809273,2,0,42.4144746049
daily,JPM,2026-08-27,1530,2027-06-17,0.8054794521,361.7406467202,362.9257172517,32.7602259309,0.0110598065,75,0.2794215749,7.8780339053,205.4530619380,2,0,42.4144746049
daily,JPM,2026-08-27,1530,2027-09-17,1.0575342466,364.3552761236,365.3653830391,27.7231312865,0.0118933536,69,0.4306885301,13.9063956560,259.9531783797,2,0,42.4144746049
daily,JPM,2026-08-27,1530,2027-12-17,1.3068493151,366.7821488000,368.0061346528,33.3709221350,0.0123110375,77,0.4754862626,17.5882776427,315.4256430944,2,0,42.4144746049
daily,JPM,2026-08-27,1530,2028-01-21,1.4027397260,367.4167461706,368.9751249956,42.4144746049,0.0125321446,76,0.8243968637,19.7418129939,335.2615269798,2,0,42.4144746049
daily,JPM,2026-08-31,1530,2026-09-04,0.0109589041,356.3976874828,356.4041644791,0.1817350821,-0.0600709796,28,0.0756729709,3.4054305898,9.2691421830,2,0,45.7287615295
daily,JPM,2026-08-31,1530,2026-09-11,0.0301369863,356.6748209605,356.7019139950,0.7596004244,-0.0251555108,45,0.0621917073,11.4147629387,20.1332049705,2,0,45.7287615295
daily,JPM,2026-08-31,1530,2026-09-18,0.0493150685,357.0132475352,357.0486375302,0.9912796046,-0.0201639493,57,0.0605789775,18.1575520606,33.4885028968,2,0,45.7287615295
daily,JPM,2026-08-31,1530,2026-09-25,0.0684931507,357.1305875729,357.2062189248,2.1177506067,-0.0102251812,32,0.0319306444,14.1347128315,26.4215080946,2,0,45.7287615295
daily,JPM,2026-08-31,1530,2026-10-02,0.0876712329,357.7259088864,357.8055639887,2.2267076630,-0.0187481139,35,0.0707882750,17.0168226076,36.6024435821,2,0,45.7287615295
daily,JPM,2026-08-31,1530,2026-10-09,0.1068493151,356.9375092637,357.0289653369,2.5622432733,0.0117638147,45,0.0351158620,3.5796566467,26.2091811771,2,0,45.7287615295
daily,JPM,2026-08-31,1530,2026-10-16,0.1260273973,356.8096650808,356.8856585497,2.1298041039,0.0189620041,70,0.1896890573,22.0199992460,37.5232501638,2,0,45.7287615295
daily,JPM,2026-08-31,1530,2026-11-20,0.2219178082,357.7305795054,357.9074275233,4.9436091882,0.0149011584,60,0.2826955353,8.9250022537,47.3401305442,2,0,45.7287615295
daily,JPM,2026-08-31,1530,2026-12-18,0.2986301370,359.0974772479,359.3599682839,7.3097432478,0.0077585056,70,0.2409635187,8.8964611818,76.7076972666,2,0,45.7287615295
daily,JPM,2026-08-31,1530,2027-01-15,0.3753424658,359.2134640583,359.5455981817,9.2461490628,0.0131114727,49,0.3168395127,14.0195011767,89.6253787117,2,0,45.7287615295
daily,JPM,2026-08-31,1530,2027-03-19,0.5479452055,361.5077242400,362.1115307173,16.7024502325,0.0090849360,98,0.2400289468,20.7112623174,143.9172490117,2,0,45.7287615295
daily,JPM,2026-08-31,1530,2027-06-17,0.7945205479,363.6282675791,364.5404543923,25.0856958738,0.0109954264,67,0.5206094922,7.9395878672,210.2277398323,2,0,45.7287615295
daily,JPM,2026-08-31,1530,2027-09-17,1.0465753425,366.1577522212,367.3798523346,33.3763277179,0.0112411457,72,0.3094244130,14.0220820843,267.7058266185,2,0,45.7287615295
daily,JPM,2026-08-31,1530,2027-12-17,1.2958904110,368.7634412324,370.4497507789,45.7287615295,0.0112681185,74,0.4219514044,18.0404301872,327.2692469205,2,0,45.7287615295
daily,JPM,2026-08-31,1530,2028-01-21,1.3917808219,369.3843418229,371.0079983457,43.9557484972,0.0124936091,75,0.9278875544,19.9913718880,344.5563418706,2,0,45.7287615295
daily,JPM,2026-09-01,1530,2026-09-04,0.0082191781,355.6352006528,355.6352006528,0.0000000000,0.0433652872,41,0.3699984802,0.0205593001,1.3211694617,2,0,59.5735567122
daily,JPM,2026-09-01,1530,2026-09-11,0.0273972603,355.9733931321,356.0005204615,0.7620605907,0.0024423173,40,0.0520550332,3.8054291157,5.4166562565,2,0,59.5735567122
daily,JPM,2026-09-01,1530,2026-09-18,0.0465753425,356.2522399039,356.2913605017,1.0981151400,-0.0002689937,55,0.0682656668,7.8669553020,12.5298803866,2,0,59.5735567122
daily,JPM,2026-09-01,1530,2026-09-25,0.0657534247,356.5162057939,356.6188978453,2.8804315146,-0.0029536426,31,0.0456536051,9.7021205783,15.3842102612,2,0,59.5735567122
daily,JPM,2026-09-01,1530,2026-10-02,0.0849315068,356.4885528784,356.5595261615,1.9908993564,0.0083602204,32,0.1243260147,9.3765933123,16.1644902181,2,0,59.5735567122
daily,JPM,2026-09-01,1530,2026-10-09,0.1041095890,355.7228825324,355.7251812750,0.0646217245,0.0364418814,63,2.7406901769,1.7617330015,9.5634725851,2,0,59.5735567122
daily,JPM,2026-09-01,1530,2026-10-16,0.1232876712,355.6530932877,355.6527594610,-0.0093862992,0.0384363877,84,3.9938056170,6.2726615947,14.9289558368,2,0,59.5735567122
daily,JPM,2026-09-01,1530,2026-11-20,0.2191780822,357.0752042682,357.2253774479,4.2056456978,0.0186742691,69,0.3796001565,7.7109004135,34.5981844143,2,0,59.5735567122
daily,JPM,2026-09-01,1530,2026-12-18,0.2958904110,358.0954240908,358.4056489935,8.6631909207,0.0130878178,71,0.3211877120,11.1415273488,60.6640371220,2,0,59.5735567122
daily,JPM,2026-09-01,1530,2027-01-15,0.3726027397,357.9747793561,358.3241487678,9.7596096667,0.0192866356,54,1.0122734153,11.3390945294,69.6980843756,2,0,59.5735567122
daily,JPM,2026-09-01,1530,2027-03-19,0.5452054795,360.3065829810,360.7465348800,12.2104873951,0.0137129317,104,0.2434207462,19.6610500836,122.8513601898,2,0,59.5735567122
daily,JPM,2026-09-01,1530,2027-06-17,0.7917808219,363.0286126440,364.0070734027,26.9527173513,0.0114228878,69,0.7152883068,7.5875277094,196.4527550529,2,0,59.5735567122
daily,JPM,2026-09-01,1530,2027-09-17,1.0438356164,365.6614411759,367.0399883033,37.7000955594,0.0111384288,67,0.4615864298,14.1346798419,263.8124155659,2,0,59.5735567122
daily,JPM,2026-09-01,1530,2027-12-17,1.2931506849,368.1067236489,369.6140377899,40.9477481427,0.0121964320,72,0.5106087061,17.8302145524,319.4624916625,2,0,59.5735567122
daily,JPM,2026-09-01,1530,2028-01-21,1.3890410959,368.0649225926,370.2576162466,59.5735567122,0.0131848478,75,0.7846838917,19.5143205494,332.6304938821,2,0,59.5735567122
daily,JPM,2026-09-02,1530,2026-09-04,0.0054794521,355.0310595595,355.0310595595,0.0000000000,0.0224726739,38,0.0427440865,0.2840662164,0.4743046272,2,0,37.7618556394
daily,JPM,2026-09-02,1530,2026-09-11,0.0246575342,355.3255715999,355.3714507510,1.2911863042,-0.0039735068,40,0.0630136565,3.7890630528,5.6898016869,2,0,37.7618556394
daily,JPM,2026-09-02,1530,2026-09-18,0.0438356164,355.5301014418,355.5544720527,0.6854725030,0.0028363241,54,0.0779622724,7.0145639310,11.7965557472,2,0,37.7618556394
daily,JPM,2026-09-02,1530,2026-09-25,0.0630136986,355.9773645046,356.0493717658,2.0228044907,-0.0084016567,35,0.1288052133,10.0935553553,18.7161160991,2,0,37.7618556394
daily,JPM,2026-09-02,1530,2026-10-02,0.0821917808,355.9715205479,356.1390208775,4.7054418656,-0.0005351605,32,0.1605736928,9.4494192663,19.7354546788,2,0,37.7618556394
daily,JPM,2026-09-02,1530,2026-10-09,0.1013698630,355.1003919675,355.1104564055,0.2834251457,0.0355225568,62,2.7016259153,1.1009056424,8.4662038266,2,0,37.7618556394
daily,JPM,2026-09-02,1530,2026-10-16,0.1205479452,355.2728073472,355.2856736760,0.3621534931,0.0320225105,80,2.3836709926,9.4198685560,20.1899007660,2,0,37.7618556394
daily,JPM,2026-09-02,1530,2026-11-20,0.2164383562,356.3776408863,356.5577654761,5.0543179239,0.0187072716,69,0.3641127531,6.8727260234,37.2617979866,2,0,37.7618556394
daily,JPM,2026-09-02,1530,2026-12-18,0.2931506849,357.6121113177,357.7981400788,5.2019703825,0.0124802004,71,0.1906683459,13.9762184151,65.9763200840,2,0,37.7618556394
daily,JPM,2026-09-02,1530,2027-01-15,0.3698630137,357.8691033297,358.1993434651,9.2279588369,0.0152317234,51,0.3677020819,13.3617407832,77.4911950186,2,0,37.7618556394
daily,JPM,2026-09-02,1530,2027-03-19,0.5424657534,359.7006802203,360.1826294380,13.3986184668,0.0131943908,99,0.3604786067,20.4115151513,127.4006540538,2,0,37.7618556394
daily,JPM,2026-09-02,1530,2027-06-17,0.7890410959,362.1797287661,363.1212926492,25.9971447411,0.0122555806,75,0.2656916302,12.4666273959,202.1977559437,2,0,37.7618556394
daily,JPM,2026-09-02,1530,2027-09-17,1.0410958904,365.4559091261,366.6025671017,31.3760961822,0.0106463953,69,0.4835118469,14.6970547941,267.0177943653,2,0,37.7618556394
daily,JPM,2026-09-02,1530,2027-12-17,1.2904109589,367.8048254638,369.1937247361,37.7618556394,0.0118451743,75,0.3547266992,21.5503266785,325.3938273101,2,0,37.7618556394
daily,JPM,2026-09-02,1530,2028-01-21,1.3863013699,368.4540494953,369.8222916382,37.1346751317,0.0129184155,74,0.7014519785,20.4401243288,341.3092517583,2,0,37.7618556394
daily,JPM,2026-09-03,1530,2026-09-04,0.0027397260,362.2847155435,362.2844645398,-0.0069283553,0.0690028881,15,0.2004233192,0.0171659039,0.3846263713,2,0,40.0965049561
daily,JPM,2026-09-03,1530,2026-09-11,0.0219178082,362.6171926380,362.6280330494,0.2989491867,-0.0011622427,31,0.1147829952,2.6648337147,3.7271735059,2,0,40.0965049561
daily,JPM,2026-09-03,1530,2026-09-18,0.0410958904,362.8004718208,362.8291301076,0.7899186753,0.0037349747,49,0.0493699157,5.2181041100,9.4316729007,2,0,40.0965049561
daily,JPM,2026-09-03,1530,2026-09-25,0.0602739726,362.8430563870,362.8595566674,0.4547497893,0.0133225545,31,0.1288475083,5.1145106216,9.7427269359,2,0,40.0965049561
daily,JPM,2026-09-03,1530,2026-10-02,0.0794520548,363.3951314333,363.4933394038,2.7025120058,-0.0026272447,34,0.0610240020,5.7958034479,18.5687345770,2,0,40.0965049561
daily,JPM,2026-09-03,1530,2026-10-09,0.0986301370,362.1330685088,362.1130278348,-0.5534063510,0.0440773964,62,5.9768301525,0.2331074642,13.7728023782,2,0,40.0965049561
daily,JPM,2026-09-03,1530,2026-10-16,0.1178082192,362.4886133929,362.5096735531,0.5809881863,0.0340141076,88,2.7459632641,5.8000859812,16.7809073609,2,0,40.0965049561
daily,JPM,2026-09-03,1530,2026-10-23,0.1369863014,362.0608885657,362.0437648634,-0.4729508978,0.0441382563,43,2.3104726606,0.3745011461,8.3059362912,2,0,40.0965049561
daily,JPM,2026-09-03,1530,2026-11-20,0.2136986301,363.8483059664,363.9740877856,3.4569851539,0.0175507752,67,0.2037676737,6.2943803520,35.3821766712,2,0,40.0965049561
daily,JPM,2026-09-03,1530,2026-12-18,0.2904109589,364.8988455815,365.0809819628,4.9914211433,0.0133357958,72,0.2154861553,8.7513092077,59.8253149426,2,0,40.0965049561
daily,JPM,2026-09-03,1530,2027-01-15,0.3671232877,364.6326902697,364.8651872651,6.3761972431,0.0207382190,51,1.3849769823,15.1418871227,66.5159603432,2,0,40.0965049561
daily,JPM,2026-09-03,1530,2027-03-19,0.5397260274,366.8333085662,367.2080717132,10.2161700748,0.0150091980,104,0.2780071469,17.6688943245,116.8364083257,2,0,40.0965049561
daily,JPM,2026-09-03,1530,2027-06-17,0.7863013699,369.7480225369,370.5136545195,20.7068580739,0.0123116697,75,0.5587952471,7.2347325642,190.5748203062,2,0,40.0965049561
daily,JPM,2026-09-03,1530,2027-09-17,1.0383561644,371.4042817982,372.7025445994,34.9555151841,0.0141266610,72,0.5356407162,10.0252109057,241.9546968192,2,0,40.0965049561
daily,JPM,2026-09-03,1530,2027-12-17,1.2876712329,374.1999518098,375.7003628320,40.0965049561,0.0139643919,74,0.8416305071,13.3203877186,304.1937278466,2,0,40.0965049561
daily,JPM,2026-09-03,1530,2028-01-21,1.3835616438,374.6800394505,376.0896505981,37.6217305222,0.0153960803,77,1.1159718423,15.1749016212,315.9692905489,2,0,40.0965049561
daily,JPM,2026-09-04,1530,2026-09-11,0.0191780822,359.2676303563,359.3008288086,0.9240591019,-0.0126984007,35,0.0319195574,4.4879550811,8.4687781403,2,0,57.2504848662
daily,JPM,2026-09-04,1530,2026-09-18,0.0383561644,359.5957433513,359.6604037407,1.7981411234,-0.0133075498,55,0.0740109835,10.5065501132,15.7818168039,2,0,57.2504848662
daily,JPM,2026-09-04,1530,2026-09-25,0.0575342466,359.8356271713,359.9267111135,2.5312652570,-0.0089898962,25,0.0435714899,9.4354712660,19.0062500012,2,0,57.2504848662
daily,JPM,2026-09-04,1530,2026-10-02,0.0767123288,360.1504406661,360.2831134376,3.6838153299,-0.0100841439,33,0.1743055160,9.6997752933,25.7936561060,2,0,57.2504848662
daily,JPM,2026-09-04,1530,2026-10-09,0.0958904110,359.2038160106,359.2352623615,0.8754459023,0.0298999031,55,1.3194053808,2.7428815913,9.3041971337,2,0,57.2504848662
daily,JPM,2026-09-04,1530,2026-10-16,0.1150684932,359.0709327140,359.0846214555,0.3812266650,0.0348701447,82,2.8064096141,7.8845168243,20.4142996289,2,0,57.2504848662
daily,JPM,2026-09-04,1530,2026-10-23,0.1342465753,359.0695234822,359.0871048270,0.4896362307,0.0355340769,65,3.5898403162,1.2503909933,11.6947306590,2,0,57.2504848662
daily,JPM,2026-09-04,1530,2026-11-20,0.2109589041,360.4948026180,360.6004822999,2.9315174898,0.0170626266,64,0.3739558943,7.3921313393,38.7577187263,2,0,57.2504848662
daily,JPM,2026-09-04,1530,2026-12-18,0.2876712329,361.4097439201,361.7541860152,9.5305149043,0.0121461360,70,0.3715740803,9.8924227838,65.6011535894,2,0,57.2504848662
daily,JPM,2026-09-04,1530,2027-01-15,0.3643835616,361.7064706044,362.0237637130,8.7721159123,0.0161043237,49,0.4582572097,26.2813418390,79.9069721420,2,0,57.2504848662
daily,JPM,2026-09-04,1530,2027-03-19,0.5369863014,364.2340007115,364.8809073630,17.7607430993,0.0087900161,99,0.2398515565,17.6663700628,134.1865957676,2,0,57.2504848662
daily,JPM,2026-09-04,1530,2027-06-17,0.7835616438,366.4749437192,367.3813889363,24.7341662158,0.0103999707,69,0.5451963790,8.1760175977,199.2818250981,2,0,57.2504848662
daily,JPM,2026-09-04,1530,2027-09-17,1.0356164384,368.9282940056,370.0563446949,30.5764211532,0.0111190831,69,0.3996926099,11.9526361080,257.2074033225,2,0,57.2504848662
daily,JPM,2026-09-04,1530,2027-12-17,1.2849315068,370.5273735778,372.2885315316,47.5311159008,0.0130863024,78,0.6514956754,15.1368071112,306.6018230717,2,0,57.2504848662
daily,JPM,2026-09-04,1530,2028-01-21,1.3808219178,371.5577083179,373.6848942136,57.2504848662,0.0126176480,75,0.8118132123,18.1681234747,330.3104637910,2,0,57.2504848662
daily,JPM,2026-09-08,1530,2026-09-11,0.0082191781,355.6394214079,355.6457005861,0.1765602413,0.0088615053,33,0.0256630646,0.8870366382,1.5640610621,2,0,46.8136353467
daily,JPM,2026-09-08,1530,2026-09-18,0.0273972603,355.8957471526,355.9132106331,0.4906908994,0.0017029185,53,0.0693080651,4.5331168351,6.6006547614,2,0,46.8136353467
daily,JPM,2026-09-08,1530,2026-09-25,0.0465753425,356.2183408401,356.2904632141,2.0246676171,-0.0061624977,33,0.1264514978,9.4614542472,11.7581322600,2,0,46.8136353467
daily,JPM,2026-09-08,1530,2026-10-02,0.0657534247,356.5538614832,356.6622621805,3.0402334407,-0.0091901597,31,0.1127585764,12.5781017299,18.0594570663,2,0,46.8136353467
daily,JPM,2026-09-08,1530,2026-10-09,0.0849315068,355.6449538076,355.6632698258,0.5150085230,0.0344906607,57,2.4353331419,1.5596842036,7.0102374510,2,0,46.8136353467
daily,JPM,2026-09-08,1530,2026-10-16,0.1041095890,355.4716459543,355.4558244702,-0.4450842782,0.0409156703,85,5.0039532538,3.1351815363,12.8229770812,2,0,46.8136353467
daily,JPM,2026-09-08,1530,2026-10-23,0.1232876712,355.7786594863,355.7988624536,0.5678521395,0.0327855190,63,1.7377889004,1.9383047134,9.3560416591,2,0,46.8136353467
daily,JPM,2026-09-08,1530,2026-11-20,0.2000000000,356.8279041496,356.9081849040,2.2498451900,0.0199833025,70,0.3979294481,6.3288424352,32.1981709874,2,0,46.8136353467
daily,JPM,2026-09-08,1530,2026-12-18,0.2767123288,357.7375299444,357.8548692728,3.2800396522,0.0159922336,76,0.2934922811,11.3507306398,57.5845587610,2,0,46.8136353467
daily,JPM,2026-09-08,1530,2027-01-15,0.3534246575,357.9681748631,358.2545546201,8.0001457436,0.0183274641,53,0.6795057096,11.1729744965,71.5273601086,2,0,46.8136353467
daily,JPM,2026-09-08,1530,2027-03-19,0.5260273973,360.4401242056,360.8454773061,11.2460592825,0.0115350938,102,0.2027847224,18.2647733406,126.6451713416,2,0,46.8136353467
daily,JPM,2026-09-08,1530,2027-06-17,0.7726027397,362.6567804588,363.5432750767,24.4444517689,0.0117317531,70,0.5660026989,7.6046699442,195.7529815564,2,0,46.8136353467
daily,JPM,2026-09-08,1530,2027-09-17,1.0246575342,365.0722185528,366.4675312330,38.2201824562,0.0115240581,66,0.4309501427,13.7040491183,254.5196586537,2,0,46.8136353467
daily,JPM,2026-09-08,1530,2027-12-17,1.2739726027,367.3838180676,369.0827415279,46.2438293899,0.0126036323,74,0.5528090572,20.0935750491,313.3050432192,2,0,46.8136353467
daily,JPM,2026-09-08,1530,2028-01-21,1.3698630137,368.0901051546,369.8132687503,46.8136353467,0.0134672819,73,1.0583591807,22.7785129098,332.3213063126,2,0,46.8136353467
daily,JPM,2026-09-09,1530,2026-09-11,0.0054794521,354.9855180297,354.9781446516,-0.2077092637,0.0903984382,34,2.0597139204,0.0227692051,3.6611467838,2,0,57.5146300112
daily,JPM,2026-09-09,1530,2026-09-18,0.0246575342,355.4027214302,355.4172551035,0.4089353409,-0.0004609299,54,0.0414981863,4.1250796801,6.9465124456,2,0,57.5146300112
daily,JPM,2026-09-09,1530,2026-09-25,0.0438356164,355.7011682430,355.7430464226,1.1773416382,-0.0045179454,31,0.1316128201,8.3351773911,11.0442952012,2,0,57.5146300112
daily,JPM,2026-09-09,1530,2026-10-02,0.0630136986,355.9773399473,356.0411563369,1.7927093233,-0.0048583881,34,0.1039508621,7.8900745008,15.9780464174,2,0,57.5146300112
daily,JPM,2026-09-09,1530,2026-10-09,0.0821917808,355.2257045890,355.2377711345,0.3396867217,0.0326357082,58,1.4570306675,1.9471371237,5.9622822288,2,0,57.5146300112
daily,JPM,2026-09-09,1530,2026-10-16,0.1013698630,354.9888261682,354.9695376218,-0.5433564363,0.0414884039,88,4.6997096960,2.7042331254,13.5291809051,2,0,57.5146300112
daily,JPM,2026-09-09,1530,2026-10-23,0.1205479452,354.9281497659,354.9232683342,-0.1375329533,0.0423395814,65,5.9969803258,0.5024420052,15.2600227578,2,0,57.5146300112
daily,JPM,2026-09-09,1530,2026-11-20,0.1972602740,356.1957850633,356.3149864289,3.3465125251,0.0214804853,70,0.4845617067,6.2310531792,29.4260122944,2,0,57.5146300112
daily,JPM,2026-09-09,1530,2026-12-18,0.2739726027,357.5309876278,357.7025397460,4.7982447436,0.0126053832,63,0.3501846356,10.5282293388,61.1289431896,2,0,57.5146300112
daily,JPM,2026-09-09,1530,2027-01-15,0.3506849315,357.5154902550,357.7964369057,7.8583070776,0.0181537122,55,0.6774433479,11.3941368388,70.5610731525,2,0,57.5146300112
daily,JPM,2026-09-09,1530,2027-03-19,0.5232876712,359.4384360684,359.9236190007,13.4983597643,0.0138711941,96,0.4602074997,18.6682043150,121.4627949849,2,0,57.5146300112
daily,JPM,2026-09-09,1530,2027-06-17,0.7698630137,362.2183601194,363.0347040227,22.5373419226,0.0118788392,70,0.4851443450,9.9442749929,192.9038813625,2,0,57.5146300112
daily,JPM,2026-09-09,1530,2027-09-17,1.0219178082,364.2501846752,365.6275766602,37.8144485026,0.0125445893,69,0.3874168254,13.3436623556,250.5589449299,2,0,57.5146300112
daily,JPM,2026-09-09,1530,2027-12-17,1.2712328767,366.6722123033,368.4291162833,47.9148384040,0.0130080261,78,0.4848611757,17.2571019486,312.2339531972,2,0,57.5146300112
daily,JPM,2026-09-09,1530,2028-01-21,1.3671232877,367.4165715266,369.5297543437,57.5146300112,0.0131067887,76,0.7153274168,19.4380110634,330.6883550389,2,0,57.5146300112
daily,JPM,2026-09-10,1530,2026-09-11,0.0027397260,352.5502657760,352.5544748828,0.1193902604,-0.2876809829,31,0.0063966092,5.9302098156,8.8008176243,2,0,47.6957806045
daily,JPM,2026-09-10,1530,2026-09-18,0.0219178082,352.8273563647,352.8570872184,0.8426459333,-0.0418197716,59,0.0321060870,11.5104591093,19.3936115268,2,0,47.6957806045
daily,JPM,2026-09-10,1530,2026-09-25,0.0410958904,352.9835657993,353.0139224560,0.8600019862,-0.0153647516,53,0.1190314649,4.7494533691,22.5720130538,2,0,47.6957806045
daily,JPM,2026-09-10,1530,2026-10-02,0.0602739726,353.3326324736,353.3975283251,1.8366786865,-0.0163910590,35,0.0707678894,12.5338169696,26.0921496986,2,0,47.6957806045
daily,JPM,2026-09-10,1530,2026-10-09,0.0794520548,352.5827944361,352.6027279319,0.5653564532,0.0250861772,53,0.2648270438,4.4185863569,10.5656372380,2,0,47.6957806045
daily,JPM,2026-09-10,1530,2026-10-16,0.0986301370,352.3968312316,352.4016807505,0.1376152808,0.0337212246,83,1.9329531568,8.5861280974,22.2798123200,2,0,47.6957806045
daily,JPM,2026-09-10,1530,2026-10-23,0.1178082192,352.4383640170,352.4616580175,0.6609382748,0.0333055518,67,1.8032567297,1.6677406107,10.2743557342,2,0,47.6957806045
daily,JPM,2026-09-10,1530,2026-10-30,0.1369863014,352.8667920843,352.8903474224,0.6675419359,0.0254186951,35,0.1110595791,3.6735915796,15.3023304079,2,0,47.6957806045
daily,JPM,2026-09-10,1530,2026-11-20,0.1945205479,353.5147277867,353.5891757527,2.1059367584,0.0195760618,70,0.3080155394,7.9490773959,36.3886084321,2,0,47.6957806045
daily,JPM,2026-09-10,1530,2026-12-18,0.2712328767,354.6749836270,354.8525701261,5.0070207169,0.0123865633,72,0.1876879966,10.3124357228,67.0470772679,2,0,47.6957806045
daily,JPM,2026-09-10,1530,2027-01-15,0.3479452055,354.7377341485,354.9608298515,6.2890321943,0.0181374053,55,0.6139512166,11.7452412583,77.2717790755,2,0,47.6957806045
daily,JPM,2026-09-10,1530,2027-03-19,0.5205479452,357.2178748728,357.8489784782,17.6671899640,0.0095060478,97,0.3726040098,20.2027662259,137.5557455491,2,0,47.6957806045
daily,JPM,2026-09-10,1530,2027-06-17,0.7671232877,359.5098913552,360.3676259340,23.8584417118,0.0110808193,70,0.5709656699,9.1466272181,206.9236425385,2,0,47.6957806045
daily,JPM,2026-09-10,1530,2027-09-17,1.0191780822,361.6824933108,362.9649121191,35.4570329503,0.0119549641,68,0.4304131365,14.3127222426,261.3276737461,2,0,47.6957806045
daily,JPM,2026-09-10,1530,2027-12-17,1.2684931507,363.9810412226,365.7170772112,47.6957806045,0.0127374760,75,0.7469500418,18.1888822551,320.8655997376,2,0,47.6957806045
daily,JPM,2026-09-10,1530,2028-01-21,1.3643835616,365.5534657962,367.0248482793,40.2508147436,0.0124754787,74,0.7757329696,20.7660833077,347.0256722672,2,0,47.6957806045
daily,JPM,2026-09-11,1530,2026-09-18,0.0191780822,356.8576483253,356.8740369551,0.4592483826,0.0128716572,45,0.0508778129,3.7038605241,7.1489648019,2,0,54.3661027010
daily,JPM,2026-09-11,1530,2026-09-25,0.0383561644,357.3209916653,357.3883725562,1.8857243902,-0.0115932486,42,0.0616951980,7.4859932251,20.1411697514,2,0,54.3661027010
daily,JPM,2026-09-11,1530,2026-10-02,0.0575342466,357.6585296926,357.7247454220,1.8513672626,-0.0110676036,28,0.0344078906,14.4823659775,17.9243003635,2,0,54.3661027010
daily,JPM,2026-09-11,1530,2026-10-09,0.0767123288,356.6901028673,356.6919619191,0.0521195209,0.0391483361,59,2.9621229748,0.6551965341,7.4991171617,2,0,54.3661027010
daily,JPM,2026-09-11,1530,2026-10-16,0.0958904110,356.5433452555,356.5362698706,-0.1984438926,0.0437509893,83,5.4474414021,2.6694159721,13.7268396523,2,0,54.3661027010
daily,JPM,2026-09-11,1530,2026-10-23,0.1150684932,356.7779816635,356.7742247609,-0.1053008550,0.0372511192,69,3.1857785559,0.8613304412,10.7071717868,2,0,54.3661027010
daily,JPM,2026-09-11,1530,2026-10-30,0.1342465753,356.7355702590,356.7355702590,0.0000000000,0.0385947869,63,4.7496885307,1.0686114573,13.7293390559,2,0,54.3661027010
daily,JPM,2026-09-11,1530,2026-11-20,0.1917808219,358.0866465864,358.1633951133,2.1432948582,0.0184807028,59,0.4135861181,6.7620600378,34.7672250981,2,0,54.3661027010
daily,JPM,2026-09-11,1530,2026-12-18,0.2684931507,359.0938271742,359.2255469949,3.6681170972,0.0137583021,71,0.2406831814,12.0132475707,61.7582086270,2,0,54.3661027010
daily,JPM,2026-09-11,1530,2027-01-15,0.3452054795,359.2140157640,359.5743815976,10.0320649467,0.0174786422,52,0.5334511735,15.3569282530,75.5600659239,2,0,54.3661027010
daily,JPM,2026-09-11,1530,2027-03-19,0.5178082192,361.5609928206,362.0289896919,12.9437876475,0.0117844587,98,0.3375668214,19.2233003370,129.7408502646,2,0,54.3661027010
daily,JPM,2026-09-11,1530,2027-06-17,0.7643835616,364.4137919632,365.2766938305,23.6791769777,0.0104803997,70,0.4914879896,7.7488171589,204.5184820030,2,0,54.3661027010
daily,JPM,2026-09-11,1530,2027-09-17,1.0164383562,366.6708276623,368.1038033584,39.0807118540,0.0112639951,71,0.3451906198,13.1577784049,263.9445821881,2,0,54.3661027010
daily,JPM,2026-09-11,1530,2027-12-17,1.2657534247,369.0590528143,370.8263899209,47.8876508533,0.0126886081,76,0.6074899219,17.2274939717,319.2626376127,2,0,54.3661027010
daily,JPM,2026-09-11,1530,2028-01-21,1.3616438356,369.9764883302,371.9879063063,54.3661027010,0.0128823698,74,0.8715669521,19.8180973286,345.2890505649,2,0,54.3661027010
daily,XOM,2026-08-14,1530,2026-08-21,0.0191780822,159.6515607825,159.5787478870,-4.5607380958,0.3038722674,40,22.0608992155,0.0472531520,32.4186129916,2,0,26.7010154084
daily,XOM,2026-08-14,1530,2026-08-28,0.0383561644,159.6381009118,159.5902534620,-2.9972449890,0.1689760263,56,26.9595462016,0.0684737365,35.9064161542,2,0,26.7010154084
daily,XOM,2026-08-14,1530,2026-09-04,0.0575342466,159.8901979106,159.8240814499,-4.1351165724,0.0998161926,45,14.8043361768,0.0852100812,25.9306326372,2,0,26.7010154084
daily,XOM,2026-08-14,1530,2026-09-11,0.0767123288,160.0428779849,160.0231090318,-1.2352285382,0.0680987616,50,12.1065289273,0.1185433101,21.9836402730,2,0,26.7010154084
daily,XOM,2026-08-14,1530,2026-09-18,0.0958904110,160.0934426025,160.0445112592,-3.0564239567,0.0606418743,34,15.4669877751,0.3277821639,24.9876718333,2,0,26.7010154084
daily,XOM,2026-08-14,1530,2026-09-25,0.1150684932,160.3733305989,160.3638522193,-0.5910196866,0.0395033563,60,2.3247832533,0.4585700458,14.4306184603,2,0,26.7010154084
daily,XOM,2026-08-14,1530,2026-10-02,0.1342465753,160.4770750704,160.4856103898,0.5318715728,0.0336450692,51,0.6622843916,1.9639947878,12.4334930566,2,0,26.7010154084
daily,XOM,2026-08-14,1530,2026-10-16,0.1726027397,160.4607267610,160.4593481913,-0.0859132171,0.0357055895,40,5.0242510864,3.8834499815,23.5394464284,2,0,26.7010154084
daily,XOM,2026-08-14,1530,2026-11-20,0.2684931507,160.4264926613,160.4631281851,2.2836330354,0.0369403020,45,6.3714836041,4.7802941641,36.0520375719,2,0,26.7010154084
daily,XOM,2026-08-14,1530,2026-12-18,0.3452054795,160.4053649127,160.4052772679,-0.0054639565,0.0384091834,50,7.1846883286,6.2649206441,48.4397062181,2,0,26.7010154084
daily,XOM,2026-08-14,1530,2027-01-15,0.4219178082,161.0292672327,161.0641395550,2.1655890809,0.0289728751,46,6.0343037979,10.6531800616,77.3500099676,2,0,26.7010154084
daily,XOM,2026-08-14,1530,2027-03-19,0.5945205479,161.2793536007,161.3982007508,7.3690244608,0.0285546303,50,2.3186955219,13.7797996659,110.3053172211,2,0,26.7010154084
daily,XOM,2026-08-14,1530,2027-06-17,0.8410958904,161.9893236721,162.2164270363,14.0196501230,0.0256532699,52,3.2535737324,18.4943237910,164.4865024844,2,0,26.7010154084
daily,XOM,2026-08-14,1530,2027-12-17,1.3424657534,162.9674862465,163.3790197554,25.2524916720,0.0263606163,62,5.6394523345,28.9569544235,267.7921725710,2,0,26.7010154084
daily,XOM,2026-08-14,1530,2028-01-21,1.4383561644,163.2711756575,163.7071262752,26.7010154084,0.0260756927,61,9.7972285107,21.3074326148,290.2661428581,2,0,26.7010154084
daily,XOM,2026-08-17,1530,2026-08-21,0.0109589041,161.9787474205,161.9874418540,0.5367638434,-0.0283416513,24,0.0623092459,3.1229192209,5.5544075128,2,0,27.4537769828
daily,XOM,2026-08-17,1530,2026-08-28,0.0301369863,162.0973904115,162.1085457226,0.6881857343,-0.0110244874,31,0.1136226757,5.1169602489,8.8390459679,2,0,27.4537769828
daily,XOM,2026-08-17,1530,2026-09-04,0.0493150685,162.3253529084,162.3532236754,1.7169694406,-0.0226050854,35,0.0808927973,5.0463925492,22.1954071244,2,0,27.4537769828
daily,XOM,2026-08-17,1530,2026-09-11,0.0684931507,162.3310335675,162.3550354706,1.4785776043,-0.0058436335,32,0.2301629799,2.0969984796,21.4751738238,2,0,27.4537769828
daily,XOM,2026-08-17,1530,2026-09-18,0.0876712329,162.4697434838,162.4850808821,0.9440156637,-0.0054139851,26,0.0661979999,19.0302090868,43.8334819447,2,0,27.4537769828
daily,XOM,2026-08-17,1530,2026-09-25,0.1068493151,162.7510140012,162.8240155103,4.4854718445,-0.0171139389,41,0.1318112632,3.6947744529,49.7119087017,2,0,27.4537769828
daily,XOM,2026-08-17,1530,2026-10-02,0.1260273973,162.8516761644,162.9469474714,5.8501889148,-0.0147072634,37,0.1730465461,6.6013811478,49.1158363447,2,0,27.4537769828
daily,XOM,2026-08-17,1530,2026-10-16,0.1643835616,162.8555391154,163.0187083782,10.0192639235,-0.0050421990,28,0.2306279299,20.7135188409,62.4112720922,2,0,27.4537769828
daily,XOM,2026-08-17,1530,2026-11-20,0.2602739726,162.8283864939,162.9347368038,6.5314354690,0.0132414752,33,0.3388294010,17.3650174798,85.2634256847,2,0,27.4537769828
daily,XOM,2026-08-17,1530,2026-12-18,0.3369863014,163.1658763609,163.2577300104,5.6294644204,0.0132321447,44,0.2487217060,12.5995494183,94.6536464875,2,0,27.4537769828
daily,XOM,2026-08-17,1530,2027-01-15,0.4136986301,163.4502764680,163.6386312718,11.5236760629,0.0126061663,42,0.2672665370,20.3900744388,113.0873714513,2,0,27.4537769828
daily,XOM,2026-08-17,1530,2027-03-19,0.5863013699,163.5535291474,163.8278614003,16.7732395823,0.0186942869,42,0.4372849856,13.9682354805,142.2946737958,2,0,27.4537769828
daily,XOM,2026-08-17,1530,2027-06-17,0.8328767123,163.8891849898,164.1930269927,18.5394785460,0.0222411574,52,1.6027670015,18.1655339621,183.0229003069,2,0,27.4537769828
daily,XOM,2026-08-17,1530,2027-12-17,1.3342465753,164.9334628368,165.3692165818,26.4199718807,0.0243020098,63,4.3969775173,18.5273395634,296.2178653941,2,0,27.4537769828
daily,XOM,2026-08-17,1530,2028-01-21,1.4301369863,165.5896836902,166.0442899149,27.4537769828,0.0227132128,61,3.4144001414,28.5310065537,325.6679377958,2,0,27.4537769828
daily,XOM,2026-08-18,1530,2026-08-21,0.0082191781,165.2566345937,165.2566345937,0.0000000000,0.0403168156,15,0.0973760491,0.0856862288,0.2699878158,2,0,34.6109886573
daily,XOM,2026-08-18,1530,2026-08-28,0.0273972603,165.3703837737,165.3765772284,0.3745201910,0.0121004857,27,0.0327169167,1.9954259810,3.4883687205,2,0,34.6109886573
daily,XOM,2026-08-18,1530,2026-09-04,0.0465753425,165.5008819622,165.5158105400,0.9020240614,0.0046299091,26,0.1117206042,3.4711145599,6.7196123717,2,0,34.6109886573
daily,XOM,2026-08-18,1530,2026-09-11,0.0657534247,165.6516192477,165.6775846400,1.5674698766,-0.0005413361,29,0.1151444404,3.4854351003,14.1223761574,2,0,34.6109886573
daily,XOM,2026-08-18,1530,2026-09-18,0.0849315068,165.7273337055,165.7394982149,0.7340074313,0.0037260369,22,0.2668410220,11.7973915511,22.7991965498,2,0,34.6109886573
daily,XOM,2026-08-18,1530,2026-09-25,0.1041095890,165.6624466868,165.6831221047,1.2480449440,0.0133174411,39,0.0405939439,2.6277812244,15.9731678407,2,0,34.6109886573
daily,XOM,2026-08-18,1530,2026-10-02,0.1232876712,165.7518175539,165.7716888319,1.1988573217,0.0128307220,41,0.2012613726,3.1680906401,19.4002049954,2,0,34.6109886573
daily,XOM,2026-08-18,1530,2026-10-16,0.1616438356,166.1879534186,166.2635982944,4.5517664951,0.0006053061,29,0.2356930031,20.3211834142,46.1653421464,2,0,34.6109886573
daily,XOM,2026-08-18,1530,2026-11-20,0.2575342466,165.9847214400,166.0482993203,3.8303453319,0.0200463188,37,0.5471177960,13.4770268801,53.8274142261,2,0,34.6109886573
daily,XOM,2026-08-18,1530,2026-12-18,0.3342465753,166.1286632603,166.1871253393,3.5190844158,0.0219118644,45,0.5665327154,8.7446026785,65.4262212256,2,0,34.6109886573
daily,XOM,2026-08-18,1530,2027-01-15,0.4109589041,166.6091541457,166.6983678010,5.3546670796,0.0178217173,42,0.5160671244,14.0988283056,93.2755235758,2,0,34.6109886573
daily,XOM,2026-08-18,1530,2027-03-19,0.5835616438,166.6746958571,166.8615287629,11.2094343278,0.0227256831,52,1.0013253694,10.9740792136,121.9217466029,2,0,34.6109886573
daily,XOM,2026-08-18,1530,2027-06-17,0.8301369863,167.1207944604,167.5226866644,24.0480070267,0.0231238496,57,1.4137048565,13.4452517485,171.0982994559,2,0,34.6109886573
daily,XOM,2026-08-18,1530,2027-12-17,1.3315068493,168.4298920334,169.0128445416,34.6109886573,0.0236589841,61,2.7868410662,21.1718074522,278.4720370211,2,0,34.6109886573
daily,XOM,2026-08-18,1530,2028-01-21,1.4273972603,168.7811965890,169.3532865844,33.8953631662,0.0235678115,63,3.5058125875,20.5502571552,300.0646480924,2,0,34.6109886573
daily,XOM,2026-08-19,1530,2026-08-21,0.0054794521,165.9051871657,165.9075158450,0.1403620559,-0.0574537025,21,0.0313703197,1.8341413233,4.9267662515,2,1,51.6040789590
daily,XOM,2026-08-19,1530,2026-08-28,0.0246575342,165.9762574003,165.9934952333,1.0385722185,-0.0044265209,30,0.0377555310,1.5627030564,10.7947726766,2,1,51.6040789590
daily,XOM,2026-08-19,1530,2026-09-04,0.0438356164,166.1151080567,166.1192884927,0.2516589889,-0.0032601384,36,0.0604154985,5.0649463470,21.3483213827,2,1,51.6040789590
daily,XOM,2026-08-19,1530,2026-09-11,0.0630136986,166.2219643111,166.2582986168,2.1858907612,-0.0040562445,38,0.0802133667,2.5004690480,21.3599636206,2,1,51.6040789590
daily,XOM,2026-08-19,1530,2026-09-18,0.0821917808,166.3637382538,166.4346066716,4.2598476446,-0.0071991798,23,0.1571321335,19.9380859521,36.1719897850,2,1,51.6040789590
daily,XOM,2026-08-19,1530,2026-09-25,0.1013698630,166.4459769330,166.4911921718,2.7165113690,-0.0020651493,39,0.1909229276,2.4146477395,35.6270642825,2,1,51.6040789590
daily,XOM,2026-08-19,1530,2026-10-02,0.1205479452,166.5456712552,166.6126657707,4.0225912191,-0.0017970849,41,0.2026532540,3.0408108616,41.0978952248,2,1,51.6040789590
daily,XOM,2026-08-19,1530,2026-10-16,0.1589041096,166.8863622111,166.9645618948,4.6858043200,-0.0052304090,25,0.1312845479,24.9471805818,59.3295734231,2,1,51.6040789590
daily,XOM,2026-08-19,1530,2026-11-20,0.2547945205,166.6914771923,166.7626371977,4.2689648356,0.0161953492,43,0.3455337112,12.4587304882,62.7921349636,2,1,51.6040789590
daily,XOM,2026-08-19,1530,2026-12-18,0.3315068493,166.8114876569,166.8796806469,4.0880272032,0.0193493389,42,0.4520636053,13.6383925878,74.8471003858,2,1,51.6040789590
daily,XOM,2026-08-19,1530,2027-01-15,0.4082191781,167.3076894072,167.4967437179,11.2997980799,0.0141716127,39,0.5952862603,12.0815963934,102.1468370527,2,1,51.6040789590
daily,XOM,2026-08-19,1530,2027-03-19,0.5808219178,167.6471004147,167.8828227354,14.0606261651,0.0178745866,48,0.6684676400,12.3058062978,147.4448990026,2,1,51.6040789590
daily,XOM,2026-08-19,1530,2027-06-17,0.8273972603,168.2845829427,168.7482605796,27.5531857277,0.0182555968,52,1.0738737168,15.4133490160,209.5472276098,2,1,51.6040789590
daily,XOM,2026-08-19,1530,2027-09-17,1.0794520548,168.9561269672,169.3621586923,24.0317846078,0.0202022742,46,1.3666071586,25.7909506325,206.0402496107,2,1,51.6040789590
daily,XOM,2026-08-19,1530,2027-12-17,1.3287671233,170.1416276658,171.0196278646,51.6040789590,0.0171801122,57,1.3792223999,24.5571587968,308.4850406428,2,1,51.6040789590
daily,XOM,2026-08-19,1530,2028-01-21,1.4246575342,170.7606794878,171.6386967674,51.4180010413,0.0163923415,61,1.2890997925,23.9769585690,340.8616043430,2,1,51.6040789590
daily,XOM,2026-08-20,1530,2026-08-21,0.0027397260,167.3855037802,167.3861226595,0.0369732930,-0.3575277781,20,0.0194391849,5.3731964790,10.7182844440,2,0,48.2100839194
daily,XOM,2026-08-20,1530,2026-08-28,0.0219178082,167.3540028103,167.3563505783,0.1402875343,-0.0036403731,35,0.0414486760,1.9557853575,10.1671600721,2,0,48.2100839194
daily,XOM,2026-08-20,1530,2026-09-04,0.0410958904,167.5239010531,167.5373462996,0.8025867607,-0.0106785598,25,0.0342271046,2.2432515742,23.6236954636,2,0,48.2100839194
daily,XOM,2026-08-20,1530,2026-09-11,0.0602739726,167.6059053125,167.6239180990,1.0747107264,-0.0038753737,35,0.0419033775,5.0585543122,26.6140366614,2,0,48.2100839194
daily,XOM,2026-08-20,1530,2026-09-18,0.0794520548,167.7331614661,167.7606688501,1.6399490549,-0.0041183550,24,0.0828949785,24.5485017462,41.3968838275,2,0,48.2100839194
daily,XOM,2026-08-20,1530,2026-09-25,0.0986301370,168.1087333539,168.2384472752,7.7160727315,-0.0248453685,39,0.1372483136,4.8405224285,63.3312876616,2,0,48.2100839194
daily,XOM,2026-08-20,1530,2026-10-02,0.1178082192,168.2253147178,168.3256172123,5.9623900610,-0.0190848405,39,0.2019099058,5.3327336410,64.5719088200,2,0,48.2100839194
daily,XOM,2026-08-20,1530,2026-10-16,0.1561643836,168.2692925397,168.3352984775,3.9226371475,-0.0052418719,30,0.1865438834,14.9408428433,72.8012207511,2,0,48.2100839194
daily,XOM,2026-08-20,1530,2026-11-20,0.2520547945,168.1301608767,168.1958251359,3.9055609539,0.0149728085,37,0.3738776486,11.6871761040,76.1837869377,2,0,48.2100839194
daily,XOM,2026-08-20,1530,2026-12-18,0.3287671233,168.4058455897,168.4702780365,3.8260219882,0.0156132227,38,0.6025217147,11.0386724464,97.7432274201,2,0,48.2100839194
daily,XOM,2026-08-20,1530,2027-01-15,0.4054794521,168.9110420777,169.0388479357,7.5664596234,0.0118939512,44,0.5661338578,11.1554343534,119.2793948300,2,0,48.2100839194
daily,XOM,2026-08-20,1530,2027-03-19,0.5780821918,169.3228931349,169.5090539698,10.9944279465,0.0154962114,45,0.3812639279,11.2592696825,162.9830144447,2,0,48.2100839194
daily,XOM,2026-08-20,1530,2027-04-16,0.6547945205,169.9035389822,170.1373122881,13.7591781368,0.0127401368,38,0.4826279580,14.8225463581,154.3639754407,2,0,48.2100839194
daily,XOM,2026-08-20,1530,2027-06-17,0.8246575342,170.1347837432,170.3424868534,12.2081508350,0.0169341616,51,0.8650317606,14.9607188578,217.1536043145,2,0,48.2100839194
daily,XOM,2026-08-20,1530,2027-09-17,1.0767123288,170.8038406134,171.2235200669,24.5708440758,0.0178004187,49,1.2551618081,16.9175966759,249.2981736162,2,0,48.2100839194
daily,XOM,2026-08-20,1530,2027-12-17,1.3260273973,171.6737913852,172.1959844689,30.4177521512,0.0182993347,61,1.4970654148,18.8052617093,298.2453807812,2,0,48.2100839194
daily,XOM,2026-08-20,1530,2028-01-21,1.4219178082,172.0130914184,172.8423679757,48.2100839194,0.0173415555,59,1.4106134814,22.2308150724,342.2464298631,2,0,48.2100839194
daily,XOM,2026-08-21,1530,2026-08-28,0.0191780822,165.4453238970,165.4456671312,0.0207460788,0.0219678059,40,0.0453974228,1.1033379984,2.9659266474,2,0,39.5767097551
daily,XOM,2026-08-21,1530,2026-09-04,0.0383561644,165.5758373418,165.5864706731,0.6422030850,0.0077744969,24,0.0493178060,0.6946744536,10.8830375767,2,0,39.5767097551
daily,XOM,2026-08-21,1530,2026-09-11,0.0575342466,165.6222587751,165.6258589582,0.2173731397,0.0136953285,31,0.0848717211,2.6106437741,15.9396624289,2,0,39.5767097551
daily,XOM,2026-08-21,1530,2026-09-18,0.0767123288,165.7161426484,165.7203319125,0.2527975845,0.0123227503,25,0.0950020283,10.8321442488,26.6122616781,2,0,39.5767097551
daily,XOM,2026-08-21,1530,2026-09-25,0.0958904110,165.7847391853,165.8279130056,2.6042095635,0.0105632291,38,0.1518021480,3.5229710457,22.6758764963,2,0,39.5767097551
daily,XOM,2026-08-21,1530,2026-10-02,0.1150684932,165.9324041653,165.9933789193,3.6746742898,0.0062909544,44,0.1208184422,2.6999272056,37.1402388607,2,0,39.5767097551
daily,XOM,2026-08-21,1530,2026-10-16,0.1534246575,166.1795349778,166.2991874909,7.2001954433,0.0021989773,30,0.2790904285,17.6477345691,45.5775943535,2,0,39.5767097551
daily,XOM,2026-08-21,1530,2026-11-20,0.2493150685,166.0831050942,166.1176178189,2.0780394674,0.0210106288,40,0.5300943203,13.9828477251,54.6709447766,2,0,39.5767097551
daily,XOM,2026-08-21,1530,2026-12-18,0.3260273973,166.2277783279,166.2792394924,3.0958221944,0.0221931973,47,0.6039108558,8.4406588075,71.4683896898,2,0,39.5767097551
daily,XOM,2026-08-21,1530,2027-01-15,0.4027397260,166.6708998480,166.7939992854,7.3857786495,0.0178733541,45,0.5360220304,10.7078453065,96.1172846869,2,0,39.5767097551
daily,XOM,2026-08-21,1530,2027-03-19,0.5753424658,166.8665071566,167.0741781063,12.4453344963,0.0215306980,50,1.0256287494,11.1301714379,126.7291982278,2,0,39.5767097551
daily,XOM,2026-08-21,1530,2027-04-16,0.6520547945,167.7205734819,167.8645726421,8.5856587078,0.0164145448,38,0.4710304557,15.5032239817,136.6637279894,2,0,39.5767097551
daily,XOM,2026-08-21,1530,2027-06-17,0.8219178082,167.9513399282,168.4376305635,28.9542575573,0.0170530593,55,0.6565377940,15.9586182444,195.5644318606,2,0,39.5767097551
daily,XOM,2026-08-21,1530,2027-09-17,1.0739726027,168.5476743265,168.9805861765,25.6848308194,0.0196183372,52,1.4107776892,15.4872892835,222.2338032756,2,0,39.5767097551
daily,XOM,2026-08-21,1530,2027-12-17,1.3232876712,169.5939528846,170.2651499495,39.5767097551,0.0184141843,58,1.5247387399,24.3077713509,302.3283723311,2,0,39.5767097551
daily,XOM,2026-08-21,1530,2028-01-21,1.4191780822,169.7136983462,170.3692853995,38.6290004730,0.0196852811,62,1.7323712526,26.2922477574,318.2003239483,2,0,39.5767097551
daily,XOM,2026-08-24,1538,2026-08-28,0.0109589041,163.6083823270,163.6396012773,1.9081510297,-0.0929752609,25,0.0767495688,4.1551418701,5.9278060544,2,0,50.6334009336
daily,XOM,2026-08-24,1538,2026-09-04,0.0301369863,163.6484555793,163.6696753543,1.2966682097,-0.0157639795,30,0.0357506795,4.7400906960,7.2969324898,2,0,50.6334009336
daily,XOM,2026-08-24,1538,2026-09-11,0.0493150685,163.7479867145,163.7784361617,1.8595310840,-0.0083499551,27,0.0938416345,7.0782853954,13.5166140115,2,0,50.6334009336
daily,XOM,2026-08-24,1538,2026-09-18,0.0684931507,163.8785776508,163.9037041433,1.5332383785,-0.0065518244,34,0.1812845245,12.2700403111,24.1425304988,2,0,50.6334009336
daily,XOM,2026-08-24,1538,2026-09-25,0.0876712329,163.8259888051,163.8385822772,0.7687102797,0.0076818674,39,0.1755375868,3.1815166934,18.6092576649,2,0,50.6334009336
daily,XOM,2026-08-24,1538,2026-10-02,0.1068493151,163.9457581871,163.9896468599,2.6770239866,0.0043067041,36,0.2432643778,5.3154622558,28.2029840127,2,0,50.6334009336
daily,XOM,2026-08-24,1538,2026-10-16,0.1452054795,164.3440775343,164.4769574702,8.0854715271,-0.0072754171,25,0.1147040137,16.8687449007,48.0517214123,2,0,50.6334009336
daily,XOM,2026-08-24,1538,2026-11-20,0.2410958904,164.1925307093,164.2601448274,4.1179777088,0.0168964238,38,0.1950359481,12.5188418620,58.2220825936,2,0,50.6334009336
daily,XOM,2026-08-24,1538,2026-12-18,0.3178082192,164.2520111183,164.3325121606,4.9010688971,0.0209165244,42,0.6959139115,10.9670923423,67.7095607693,2,0,50.6334009336
daily,XOM,2026-08-24,1538,2027-01-15,0.3945205479,164.7715189014,164.9156715626,8.7486394572,0.0155900756,42,0.4588892319,16.1956984278,94.3921121471,2,0,50.6334009336
daily,XOM,2026-08-24,1538,2027-03-19,0.5671232877,164.9384526830,165.0495583367,6.7361886734,0.0216366590,52,0.6020670085,11.2962221327,123.7343965485,2,0,50.6334009336
daily,XOM,2026-08-24,1538,2027-04-16,0.6438356164,165.3837570906,165.7639554903,22.9888597500,0.0172000841,36,0.2769325377,20.3511002117,147.3728613244,2,0,50.6334009336
daily,XOM,2026-08-24,1538,2027-06-17,0.8136986301,165.6971730591,166.0140250585,19.1223539627,0.0202537997,57,0.9662731022,11.4140530805,188.8462047762,2,0,50.6334009336
daily,XOM,2026-08-24,1538,2027-09-17,1.0657534247,166.1939478991,166.6468757568,27.2529693992,0.0217222157,53,1.2755889374,19.8440463360,227.3775590979,2,0,50.6334009336
daily,XOM,2026-08-24,1538,2027-12-17,1.3150684932,167.2811005445,167.7888950989,30.3557636108,0.0207485635,58,1.9781626335,25.8308094318,308.0658010966,2,0,50.6334009336
daily,XOM,2026-08-24,1538,2028-01-21,1.4109589041,167.6156940772,168.4643893412,50.6334009336,0.0194798314,60,1.6156134951,23.7329076091,334.4345993151,2,0,50.6334009336
daily,XOM,2026-08-25,1530,2026-08-28,0.0082191781,162.0906501048,162.1082412748,1.0852674094,-0.0508614496,27,0.0804474959,3.3726503935,5.2410610278,2,0,50.1283208268
daily,XOM,2026-08-25,1530,2026-09-04,0.0273972603,162.2423233865,162.2606135080,1.1273335571,-0.0230627866,31,0.1167498540,6.2122301727,12.2083398504,2,0,50.1283208268
daily,XOM,2026-08-25,1530,2026-09-11,0.0465753425,162.3641628617,162.3789802928,0.9126047841,-0.0136423013,31,0.1750264797,5.3932980815,17.6058658312,2,0,50.1283208268
daily,XOM,2026-08-25,1530,2026-09-18,0.0657534247,162.4436475667,162.4946081784,3.1371255496,-0.0094526785,37,0.1449432670,16.6126996494,30.3468555424,2,0,50.1283208268
daily,XOM,2026-08-25,1530,2026-09-25,0.0849315068,162.6424355753,162.6952755919,3.2488456284,-0.0133050681,38,0.1489060173,4.4423636181,37.7840302417,2,0,50.1283208268
daily,XOM,2026-08-25,1530,2026-10-02,0.1041095890,162.6658404851,162.7249704228,3.6350556197,-0.0057095504,40,0.1646215732,4.1578949021,53.4891629012,2,0,50.1283208268
daily,XOM,2026-08-25,1530,2026-10-16,0.1424657534,162.9389335365,163.0408475254,6.2547352338,-0.0075933272,29,0.2139408263,29.6581292460,56.0682864818,2,0,50.1283208268
daily,XOM,2026-08-25,1530,2026-11-20,0.2383561644,162.8970270679,162.9388627460,2.5682284644,0.0139404772,33,0.1760685956,15.2372653874,69.8267883221,2,0,50.1283208268
daily,XOM,2026-08-25,1530,2026-12-18,0.3150684932,162.9463122391,163.0114203194,3.9956768218,0.0187558600,45,0.4690678289,12.0683882389,83.3460335705,2,0,50.1283208268
daily,XOM,2026-08-25,1530,2027-01-15,0.3917808219,163.3507464160,163.4569155936,6.4994608219,0.0159437184,43,0.4017887887,17.5024228974,107.3797340074,2,0,50.1283208268
daily,XOM,2026-08-25,1530,2027-03-19,0.5643835616,163.3283351008,163.5736157144,15.0176399827,0.0221490680,42,0.9607557577,14.8088400281,135.5787672316,2,0,50.1283208268
daily,XOM,2026-08-25,1530,2027-04-16,0.6410958904,163.6920515561,163.9025064944,12.8567597699,0.0212477698,40,0.3844852982,14.0129796376,145.3368455916,2,0,50.1283208268
daily,XOM,2026-08-25,1530,2027-06-17,0.8109589041,164.0188248807,164.3169777287,18.1779651300,0.0222290412,57,1.1070944708,15.0271461904,181.6209363615,2,0,50.1283208268
daily,XOM,2026-08-25,1530,2027-09-17,1.0630136986,164.6639090049,164.9899297483,19.7991621450,0.0229702510,50,2.4914050386,18.4357505404,229.3158236303,2,0,50.1283208268
daily,XOM,2026-08-25,1530,2027-12-17,1.3123287671,165.3956904951,165.9989193586,36.4718610060,0.0222964293,59,2.5853136575,25.9874303657,302.1312740009,2,0,50.1283208268
daily,XOM,2026-08-25,1530,2028-01-21,1.4082191781,165.7350149692,166.5658167695,50.1283208268,0.0213450120,59,4.1115032417,22.4807626366,327.9110693466,2,0,50.1283208268
daily,XOM,2026-08-26,1530,2026-08-28,0.0054794521,158.4646817036,158.4771098145,0.7842827044,-0.0855487181,21,0.0215264902,0.8515947497,6.6300435689,2,0,58.7697924134
daily,XOM,2026-08-26,1530,2026-09-04,0.0246575342,158.5636604919,158.5811696035,1.1042323016,-0.0162013803,24,0.0502186422,0.4509756605,11.9115294119,2,0,58.7697924134
daily,XOM,2026-08-26,1530,2026-09-11,0.0438356164,158.6728003965,158.6941056022,1.3427131547,-0.0087991436,41,0.0928001293,2.7762106180,22.4158615899,2,0,58.7697924134
daily,XOM,2026-08-26,1530,2026-09-18,0.0630136986,158.7720756450,158.8084268655,2.2895222819,-0.0060330076,38,0.0767627579,18.9494278212,36.6230978089,2,0,58.7697924134
daily,XOM,2026-08-26,1530,2026-09-25,0.0821917808,158.8965736024,158.9569005207,3.7966154346,-0.0071657578,46,0.1590198290,4.2876402619,39.4036195959,2,0,58.7697924134
daily,XOM,2026-08-26,1530,2026-10-02,0.1013698630,159.2412095989,159.2825773900,2.5978068865,-0.0189062416,38,0.1455189132,8.9689435864,51.3479676712,2,0,58.7697924134
daily,XOM,2026-08-26,1530,2026-10-16,0.1397260274,159.2208983069,159.3008301008,5.0201823196,-0.0041639290,27,0.1734147460,41.9308986230,79.0017393316,2,0,58.7697924134
daily,XOM,2026-08-26,1530,2026-11-20,0.2356164384,159.1876591857,159.2389891292,3.2244926406,0.0151156439,35,0.3341167718,19.5126575833,92.9992861974,2,0,58.7697924134
daily,XOM,2026-08-26,1530,2026-12-18,0.3123287671,159.5545777496,159.6354463871,5.0683997069,0.0131167591,42,0.3308457317,19.6844330480,97.6018875984,2,0,58.7697924134
daily,XOM,2026-08-26,1530,2027-01-15,0.3890410959,159.8477283304,160.1071942588,16.2320685529,0.0108032539,45,0.2372694862,19.9812153042,130.6983417068,2,0,58.7697924134
daily,XOM,2026-08-26,1530,2027-03-19,0.5616438356,160.2555708228,160.4774380076,13.8445848469,0.0157027529,48,0.3740473788,13.7330037360,165.5904364541,2,0,58.7697924134
daily,XOM,2026-08-26,1530,2027-04-16,0.6383561644,160.8459953035,161.1376192613,18.1306321776,0.0122278313,44,0.1869717677,23.4681356299,185.7766622116,2,0,58.7697924134
daily,XOM,2026-08-26,1530,2027-06-17,0.8082191781,160.8882471797,161.2138051238,20.2350357997,0.0175436291,58,0.6760769777,15.6798184589,217.2389950594,2,0,58.7697924134
daily,XOM,2026-08-26,1530,2027-09-17,1.0602739726,161.7096646497,162.0090914766,18.5163222936,0.0184411952,52,0.9836820073,21.7928658943,249.3213729297,2,0,58.7697924134
daily,XOM,2026-08-26,1530,2027-12-17,1.3095890411,162.5566891212,163.1007809364,33.4708967207,0.0179043609,60,1.2339774270,30.5560691933,344.7558020809,2,0,58.7697924134
daily,XOM,2026-08-26,1530,2028-01-21,1.4054794521,162.1927058759,163.1459090414,58.7697924134,0.0193895814,60,1.6555845038,27.8672994757,353.1449996322,2,0,58.7697924134
daily,XOM,2026-08-27,1530,2026-08-28,0.0027397260,157.7800291053,157.7824873096,0.1557994637,-0.0835008718,23,0.0034548158,0.7987487603,3.0694361269,2,0,30.1182796617
daily,XOM,2026-08-27,1530,2026-09-04,0.0219178082,157.8452869991,157.8518145261,0.4135395545,0.0027163250,26,0.0905472676,2.2063437421,3.4771842301,2,0,30.1182796617
daily,XOM,2026-08-27,1530,2026-09-11,0.0410958904,158.0286131060,158.0538840443,1.5991368749,-0.0119762199,36,0.0978506829,4.0159144311,9.6737606580,2,0,30.1182796617
daily,XOM,2026-08-27,1530,2026-09-18,0.0602739726,158.0705930216,158.1028403987,2.0400617469,-0.0012323152,36,0.1376379360,9.5198018616,18.9272763032,2,0,30.1182796617
daily,XOM,2026-08-27,1530,2026-09-25,0.0794520548,158.2598113084,158.3182313060,3.6913981597,-0.0089123258,42,0.0988816292,5.0411059568,22.8250144810,2,0,30.1182796617
daily,XOM,2026-08-27,1530,2026-10-02,0.0986301370,158.1775240155,158.2086698248,1.9690413982,0.0071191440,36,0.2056959295,6.4042413021,22.5193238610,2,0,30.1182796617
daily,XOM,2026-08-27,1530,2026-10-09,0.1178082192,157.8543893359,157.8739882329,1.2415807480,0.0299978913,33,0.2709772046,1.6492872404,8.6627663402,2,0,30.1182796617
daily,XOM,2026-08-27,1530,2026-10-16,0.1369863014,158.5440873802,158.5639300281,1.2515539489,-0.0007285383,28,0.1297551686,26.6968945865,44.0877155928,2,0,30.1182796617
daily,XOM,2026-08-27,1530,2026-11-20,0.2328767123,158.3742510467,158.3959692614,1.3713223286,0.0201514769,38,0.4027460970,11.3230156050,55.6385483246,2,0,30.1182796617
daily,XOM,2026-08-27,1530,2026-12-18,0.3095890411,158.4660598010,158.5133483232,2.9841419773,0.0224907096,43,0.7077068272,13.4289859937,69.0645795507,2,0,30.1182796617
daily,XOM,2026-08-27,1530,2027-01-15,0.3863013699,158.7550407763,158.8436518424,5.5816222112,0.0205253585,46,0.6681755467,14.2757311156,88.3042023359,2,0,30.1182796617
daily,XOM,2026-08-27,1530,2027-03-19,0.5589041096,158.9949495119,159.1335387851,8.7165833603,0.0233238531,45,0.8117993739,13.4179598454,126.4006430443,2,0,30.1182796617
daily,XOM,2026-08-27,1530,2027-04-16,0.6356164384,159.1028411880,159.2892383293,11.7155130551,0.0238698356,38,0.5765117957,15.1407172471,130.6459371473,2,0,30.1182796617
daily,XOM,2026-08-27,1530,2027-06-17,0.8054794521,159.4466353138,159.7135258911,16.7385518517,0.0240946067,56,1.6027853580,16.2028037095,185.1119108369,2,0,30.1182796617
daily,XOM,2026-08-27,1530,2027-09-17,1.0575342466,159.6203598970,160.0376294553,26.1413743538,0.0262397106,55,3.0717995081,17.3477472810,219.5591606862,2,0,30.1182796617
daily,XOM,2026-08-27,1530,2027-12-17,1.3068493151,160.7296180063,161.2104159165,29.9134606391,0.0238441183,61,2.7268938621,26.8384366853,305.9470104662,2,0,30.1182796617
daily,XOM,2026-08-27,1530,2028-01-21,1.4027397260,160.8734842304,161.3580074893,30.1182796617,0.0244990958,64,4.7084252172,25.3942563269,324.6409493124,2,0,30.1182796617
daily,XOM,2026-08-31,1530,2026-09-04,0.0109589041,159.7638506231,159.7726946847,0.5535708838,-0.0031875888,21,0.1248583595,1.2248231477,1.7347991839,2,0,36.5677690999
daily,XOM,2026-08-31,1530,2026-09-11,0.0301369863,159.6867513432,159.6863934177,-0.0224142254,0.0411667698,37,0.6332813639,0.3104658200,2.2245631703,2,0,36.5677690999
daily,XOM,2026-08-31,1530,2026-09-18,0.0493150685,159.9902592749,160.0210824196,1.9265638317,-0.0023887215,35,0.1388011208,7.5707677200,16.2624939790,2,0,36.5677690999
daily,XOM,2026-08-31,1530,2026-09-25,0.0684931507,159.9749342638,159.9941690212,1.2023606958,0.0114709192,40,0.0758995506,2.6255958989,9.2806060835,2,0,36.5677690999
daily,XOM,2026-08-31,1530,2026-10-02,0.0876712329,159.8914033534,159.8946037110,0.2001582013,0.0244245003,48,0.2196126351,1.8693649524,9.1524548145,2,0,36.5677690999
daily,XOM,2026-08-31,1530,2026-10-09,0.1068493151,160.1654783731,160.2124138782,2.9304382910,0.0082685985,40,0.1411193998,5.6319508418,18.9444326754,2,0,36.5677690999
daily,XOM,2026-08-31,1530,2026-10-16,0.1260273973,160.3648203752,160.3763944383,0.7217333022,0.0046958578,24,0.3465189036,15.8754314708,34.7591373345,2,0,36.5677690999
daily,XOM,2026-08-31,1530,2026-11-20,0.2219178082,160.2196671377,160.2427943361,1.4434681348,0.0234375943,38,0.4699230853,14.3750971117,45.1686369182,2,0,36.5677690999
daily,XOM,2026-08-31,1530,2026-12-18,0.2986301370,160.1943168080,160.2620531392,4.2283854072,0.0272623037,48,0.8636276233,9.3136976670,58.6522635616,2,0,36.5677690999
daily,XOM,2026-08-31,1530,2027-01-15,0.3753424658,160.5074425430,160.6055289640,6.1110201130,0.0243010545,48,0.6927684103,13.9726338074,79.0863247667,2,0,36.5677690999
daily,XOM,2026-08-31,1530,2027-03-19,0.5479452055,160.8769906154,161.0160255410,8.6423126861,0.0250692148,51,0.9959433573,16.0235067320,121.7923883544,2,0,36.5677690999
daily,XOM,2026-08-31,1530,2027-04-16,0.6246575342,161.1799661575,161.4261589030,15.2744011158,0.0231193363,47,1.0069603805,16.0748162282,127.5146280875,2,0,36.5677690999
daily,XOM,2026-08-31,1530,2027-06-17,0.7945205479,161.5817274933,162.0118034465,26.6166205689,0.0226735185,53,1.7208425569,17.5886606124,179.7846280537,2,0,36.5677690999
daily,XOM,2026-08-31,1530,2027-09-17,1.0465753425,162.3610438229,162.7033029009,21.0801230385,0.0234506483,54,1.5825326373,19.3401773029,226.6642441156,2,0,36.5677690999
daily,XOM,2026-08-31,1530,2027-12-17,1.2958904110,163.4091209219,164.0066716222,36.5677690999,0.0213930863,62,1.8285352148,22.5854585068,315.2380612133,2,0,36.5677690999
daily,XOM,2026-08-31,1530,2028-01-21,1.3917808219,164.2517946220,164.7979046638,33.2483455041,0.0195449094,59,1.5943143399,27.3520665990,348.3626533160,2,0,36.5677690999
daily,XOM,2026-09-01,1530,2026-09-04,0.0082191781,164.5890804730,164.5998241832,0.6527595977,-0.0236845005,23,0.0416920807,1.4198059516,2.2726199758,2,0,43.4295155719
daily,XOM,2026-09-01,1530,2026-09-11,0.0273972603,164.6820338799,164.7023301568,1.2324524097,-0.0029215183,27,0.0465309032,3.2027211597,5.4964277006,2,0,43.4295155719
daily,XOM,2026-09-01,1530,2026-09-18,0.0465753425,164.7751259691,164.7948730932,1.1984287059,0.0020488664,33,0.1247202139,5.9314387813,11.3225505924,2,0,43.4295155719
daily,XOM,2026-09-01,1530,2026-09-25,0.0657534247,164.9171693165,164.9306504035,0.8174459363,0.0001374713,38,0.1209620797,1.8515463908,17.4767532145,2,0,43.4295155719
daily,XOM,2026-09-01,1530,2026-10-02,0.0849315068,164.9165781891,164.9540603466,2.2727950040,0.0071218635,38,0.1196377595,2.2709045428,18.9708513082,2,0,43.4295155719
daily,XOM,2026-09-01,1530,2026-10-09,0.1041095890,165.0150641636,165.0647547769,3.0112773971,0.0064855406,42,0.1048788611,2.6119862638,22.5613025206,2,0,43.4295155719
daily,XOM,2026-09-01,1530,2026-10-16,0.1232876712,165.2387672466,165.3361915471,5.8959711558,-0.0018387479,27,0.1003821836,16.3043464094,44.3759821978,2,0,43.4295155719
daily,XOM,2026-09-01,1530,2026-11-20,0.2191780822,165.1512825379,165.2078600089,3.4257966504,0.0196921218,39,0.4452747257,12.0830509946,54.6161031855,2,0,43.4295155719
daily,XOM,2026-09-01,1530,2026-12-18,0.2958904110,165.2782063553,165.3510610224,4.4080020376,0.0220614921,40,0.6765685275,11.7032550652,65.2035343771,2,0,43.4295155719
daily,XOM,2026-09-01,1530,2027-01-15,0.3726027397,165.6806284622,165.8240150176,8.6543947053,0.0181368385,41,0.5271948945,12.3722884463,94.6495782642,2,0,43.4295155719
daily,XOM,2026-09-01,1530,2027-03-19,0.5452054795,165.8431031977,166.0035168659,9.6726161744,0.0233006123,52,0.9528040655,10.5139447256,123.7836979070,2,0,43.4295155719
daily,XOM,2026-09-01,1530,2027-04-16,0.6219178082,166.0253080545,166.2969979761,16.3643678680,0.0228718140,44,0.8641188372,16.0491747938,129.7315933499,2,0,43.4295155719
daily,XOM,2026-09-01,1530,2027-06-17,0.7917808219,166.4019555942,166.6609351287,15.5634910396,0.0243968288,56,2.3152024619,12.9465645440,177.0465288655,2,0,43.4295155719
daily,XOM,2026-09-01,1530,2027-09-17,1.0438356164,166.9315777450,167.3094146336,22.6342369530,0.0252082299,54,1.9394582556,18.2942235291,212.8644353505,2,0,43.4295155719
daily,XOM,2026-09-01,1530,2027-12-17,1.2931506849,167.4925091157,168.1285359843,37.9734515903,0.0251811336,60,5.5063648942,21.3173856893,284.2398841348,2,0,43.4295155719
daily,XOM,2026-09-01,1530,2028-01-21,1.3890410959,167.9323830441,168.6617052486,43.4295155719,0.0242462172,63,3.0711537923,24.5475889448,310.3644279907,2,0,43.4295155719
daily,XOM,2026-09-02,1530,2026-09-04,0.0054794521,163.7707941430,163.7458289145,-1.5244005305,0.1545043287,21,3.4175215442,0.0369845388,6.1031431187,2,0,38.6203891742
daily,XOM,2026-09-02,1530,2026-09-11,0.0246575342,164.0040564758,164.0168284625,0.7787604131,-0.0028325525,23,0.1263806994,2.7387654574,4.3125481895,2,0,38.6203891742
daily,XOM,2026-09-02,1530,2026-09-18,0.0438356164,164.1235243763,164.1459786173,1.3681305634,-0.0027321083,33,0.1162595045,6.5300265508,11.8574648071,2,0,38.6203891742
daily,XOM,2026-09-02,1530,2026-09-25,0.0630136986,164.2793046109,164.3030553968,1.4457564164,-0.0053805624,36,0.1241666013,3.1319788193,15.0417389496,2,0,38.6203891742
daily,XOM,2026-09-02,1530,2026-10-02,0.0821917808,164.3170737671,164.3883562258,4.3381041918,-0.0014708485,40,0.1113265958,3.7858380605,18.3457646295,2,0,38.6203891742
daily,XOM,2026-09-02,1530,2026-10-09,0.1013698630,164.2819574232,164.3079148446,1.5800530874,0.0110604003,34,0.2286643902,1.9641554554,19.5550327072,2,0,38.6203891742
daily,XOM,2026-09-02,1530,2026-10-16,0.1205479452,164.5996747386,164.6829768238,5.0608900214,-0.0033701047,29,0.1084649909,14.0442450344,37.7086792809,2,0,38.6203891742
daily,XOM,2026-09-02,1530,2026-11-20,0.2164383562,164.4291295571,164.4515592975,1.3640977404,0.0220051756,38,0.4459615576,11.9827543340,45.0104198840,2,0,38.6203891742
daily,XOM,2026-09-02,1530,2026-12-18,0.2931506849,164.4582379828,164.4789727696,1.2607934453,0.0261926759,48,0.7277481606,8.0523637609,56.2286804359,2,0,38.6203891742
daily,XOM,2026-09-02,1530,2027-01-15,0.3698630137,164.7919775566,164.9053816717,6.8816526657,0.0221298920,50,0.5707462036,11.6124061390,75.3297046874,2,0,38.6203891742
daily,XOM,2026-09-02,1530,2027-03-19,0.5424657534,164.9744528249,165.1231594829,9.0139203633,0.0256434272,53,1.1216454489,9.4964545829,109.2371651726,2,0,38.6203891742
daily,XOM,2026-09-02,1530,2027-04-16,0.6191780822,165.3606317104,165.6146545140,15.3617460785,0.0230116010,45,0.6862768787,12.7240126033,124.9284040685,2,0,38.6203891742
daily,XOM,2026-09-02,1530,2027-06-17,0.7890410959,165.6621717896,165.9394998094,16.7405761264,0.0248623266,53,2.4299660629,16.6479517895,164.8322438495,2,0,38.6203891742
daily,XOM,2026-09-02,1530,2027-09-17,1.0410958904,166.3975336870,166.7136110681,18.9953164603,0.0248953105,54,1.4948795815,18.5122971950,220.3475727561,2,0,38.6203891742
daily,XOM,2026-09-02,1530,2027-12-17,1.2904109589,167.4344083753,167.9633640893,31.5918167097,0.0230115445,58,3.2512183576,24.0093440191,303.7352643214,2,0,38.6203891742
daily,XOM,2026-09-02,1530,2028-01-21,1.3863013699,167.6514438930,168.2989202939,38.6203891742,0.0230998216,62,3.1837993056,21.9252984266,324.7632352062,2,0,38.6203891742
daily,XOM,2026-09-03,1530,2026-09-04,0.0027397260,163.2303384141,163.2313739437,0.0634397740,-0.3227852642,11,0.0221830980,2.7843408879,9.5051205004,2,0,45.7626065410
daily,XOM,2026-09-03,1530,2026-09-11,0.0219178082,163.3457085197,163.3539921354,0.5071217220,-0.0411485889,21,0.0694408123,0.9763932907,12.5712884038,2,0,45.7626065410
daily,XOM,2026-09-03,1530,2026-09-18,0.0410958904,163.4754573934,163.4866324494,0.6835922743,-0.0238508375,17,0.0176348374,2.3314307802,23.3028760653,2,0,45.7626065410
daily,XOM,2026-09-03,1530,2026-09-25,0.0602739726,163.5524229018,163.5834265073,1.8956371866,-0.0139146352,43,0.0954868848,2.9518925078,35.5675476789,2,0,45.7626065410
daily,XOM,2026-09-03,1530,2026-10-02,0.0794520548,163.7287274964,163.7739821288,2.7640007373,-0.0159785542,46,0.1293260689,5.3384883293,46.2991353407,2,0,45.7626065410
daily,XOM,2026-09-03,1530,2026-10-09,0.0986301370,163.9962030547,164.0893939870,5.6825054825,-0.0247597041,50,0.1526691478,6.1042987106,67.4395143846,2,0,45.7626065410
daily,XOM,2026-09-03,1530,2026-10-16,0.1178082192,163.9505818677,164.0129059805,3.8013962537,-0.0103665213,30,0.1076010148,21.4764928451,77.5454621489,2,0,45.7626065410
daily,XOM,2026-09-03,1530,2026-10-23,0.1369863014,164.7752296034,164.8751282999,6.0627253718,-0.0416931727,39,0.1763341299,24.9717711311,73.7078691400,2,0,45.7626065410
daily,XOM,2026-09-03,1530,2026-11-20,0.2136986301,163.8828976319,163.9823467810,6.0683055122,0.0128219406,34,0.2131567043,21.6136081609,90.2917633083,2,0,45.7626065410
daily,XOM,2026-09-03,1530,2026-12-18,0.2904109589,163.9955995311,164.0612514836,4.0032752519,0.0186555396,45,0.3940697978,11.1445175687,101.4275225500,2,0,45.7626065410
daily,XOM,2026-09-03,1530,2027-01-15,0.3671232877,164.5687376575,164.7180688565,9.0740927554,0.0124525932,39,0.3765472560,13.7585679656,131.5394194113,2,0,45.7626065410
daily,XOM,2026-09-03,1530,2027-03-19,0.5397260274,164.9299371066,165.0836013244,9.3169390861,0.0171254148,43,0.4243192083,12.7819012954,167.9294100513,2,0,45.7626065410
daily,XOM,2026-09-03,1530,2027-04-16,0.6164383562,165.4152680299,165.5875902222,10.4175505907,0.0153694604,37,0.3614346003,16.2869473022,167.0633980814,2,0,45.7626065410
daily,XOM,2026-09-03,1530,2027-06-17,0.7863013699,165.7664369986,166.1627079236,23.9053774783,0.0168752877,53,0.7791106109,12.7705600437,220.2394479169,2,0,45.7626065410
daily,XOM,2026-09-03,1530,2027-09-17,1.0383561644,166.5446514814,167.2756108070,43.8896907890,0.0168264812,46,0.9515292489,24.2130685878,254.0745553047,2,0,45.7626065410
daily,XOM,2026-09-03,1530,2027-12-17,1.2876712329,167.5635261365,168.0180759748,27.1270155714,0.0189236600,54,1.8973183059,27.7554750778,326.0067875281,2,0,45.7626065410
daily,XOM,2026-09-03,1530,2028-01-21,1.3835616438,167.8894997853,168.6578058974,45.7626065410,0.0180134264,56,1.4493819004,25.3595589140,345.0159057127,2,0,45.7626065410
daily,XOM,2026-09-04,1530,2026-09-11,0.0191780822,159.9986645110,160.0240015760,1.5835797783,-0.0233815793,31,0.0815122343,7.3147190527,11.8872587356,2,0,46.7286703133
daily,XOM,2026-09-04,1530,2026-09-18,0.0383561644,160.1088236448,160.1194241724,0.6620826634,-0.0081126740,25,0.0347076268,3.1023855725,19.7078236932,2,0,46.7286703133
daily,XOM,2026-09-04,1530,2026-09-25,0.0575342466,160.2505506306,160.2802973736,1.8562646304,-0.0101158432,40,0.1141802591,3.9679948792,30.6566146338,2,0,46.7286703133
daily,XOM,2026-09-04,1530,2026-10-02,0.0767123288,160.5118534603,160.6222410859,6.8772257791,-0.0258078313,42,0.1323875608,9.4313460891,38.3409445954,2,0,46.7286703133
daily,XOM,2026-09-04,1530,2026-10-09,0.0958904110,160.8513857416,160.8889249105,2.3337796382,-0.0303541783,47,0.1286185035,9.7105217408,59.6504847260,2,0,46.7286703133
daily,XOM,2026-09-04,1530,2026-10-16,0.1150684932,160.5524183862,160.6838986959,8.1892450451,-0.0079049678,26,0.1390249713,37.1583224128,62.8448597560,2,0,46.7286703133
daily,XOM,2026-09-04,1530,2026-10-23,0.1342465753,160.6791851399,160.7173055468,2.3724545831,-0.0026273024,46,0.2430481223,11.1813087388,43.1091930234,2,0,46.7286703133
daily,XOM,2026-09-04,1530,2026-11-20,0.2109589041,160.5200081346,160.5540962867,2.1236076703,0.0175302251,41,0.2725577705,11.0671913738,75.5556477239,2,0,46.7286703133
daily,XOM,2026-09-04,1530,2026-12-18,0.2876712329,160.7462413715,160.9117566715,10.2966824344,0.0158578301,39,0.2984013938,21.2235384983,85.2303538266,2,0,46.7286703133
daily,XOM,2026-09-04,1530,2027-01-15,0.3643835616,161.1956287176,161.3807007337,11.4812056381,0.0130926918,43,0.3115802275,21.3779204969,110.3989255956,2,0,46.7286703133
daily,XOM,2026-09-04,1530,2027-03-19,0.5369863014,161.3021987905,161.4665186963,10.1870840637,0.0203957920,51,0.8691720044,14.2002579046,138.9315087900,2,0,46.7286703133
daily,XOM,2026-09-04,1530,2027-04-16,0.6136986301,162.0542831217,162.3047234441,15.4541007813,0.0146097625,45,0.6217914642,20.3352066051,162.3702663701,2,0,46.7286703133
daily,XOM,2026-09-04,1530,2027-06-17,0.7835616438,161.8102993699,162.0375297437,14.0430105250,0.0225642619,54,1.7463145537,16.8680816609,192.1214731884,2,0,46.7286703133
daily,XOM,2026-09-04,1530,2027-09-17,1.0356164384,163.0823293963,163.4283852963,21.2197054850,0.0190750433,51,1.0433865034,21.4312743454,247.2472403192,2,0,46.7286703133
daily,XOM,2026-09-04,1530,2027-12-17,1.2849315068,163.5497226611,164.2545148217,43.0934488416,0.0202547480,59,1.5830652275,28.2449030106,321.8062849753,2,0,46.7286703133
daily,XOM,2026-09-04,1530,2028-01-21,1.3808219178,164.2265596888,164.9939685653,46.7286703133,0.0187465516,62,1.4244039290,27.1163894078,353.4705328209,2,0,46.7286703133
daily,XOM,2026-09-08,1530,2026-09-11,0.0082191781,159.5956516938,159.6007687463,0.3206260554,-0.0313733139,19,0.0444445347,1.4490363344,6.0224649871,2,0,49.5421901771
daily,XOM,2026-09-08,1530,2026-09-18,0.0273972603,159.7749478249,159.7807107640,0.3606910387,-0.0240520039,21,0.0505380221,2.0283346486,18.1806783274,2,0,49.5421901771
daily,XOM,2026-09-08,1530,2026-09-25,0.0465753425,159.8803870985,159.9233775293,2.6889121041,-0.0177289538,31,0.0875698710,0.8236416922,16.7044756547,2,0,49.5421901771
daily,XOM,2026-09-08,1530,2026-10-02,0.0657534247,160.3935525708,160.4463155783,3.2895965342,-0.0511700599,42,0.1774376658,13.6277637998,58.7886955211,2,0,49.5421901771
daily,XOM,2026-09-08,1530,2026-10-09,0.0849315068,160.4684752236,160.5814845950,7.0424655817,-0.0409501486,44,0.1399722247,10.5548672827,67.7337900610,2,0,49.5421901771
daily,XOM,2026-09-08,1530,2026-10-16,0.1041095890,160.2007943469,160.3074136893,6.6553566574,-0.0098244840,28,0.1712328101,38.5555764529,49.5266754435,2,0,49.5421901771
daily,XOM,2026-09-08,1530,2026-10-23,0.1232876712,160.7535414384,160.8577568619,6.4829317388,-0.0300358987,48,0.0958418067,10.8301425221,74.5962936790,2,0,49.5421901771
daily,XOM,2026-09-08,1530,2026-11-20,0.2000000000,160.0755856548,160.1249658380,3.0848041586,0.0196523477,40,0.4464406460,15.0329384676,51.4231550343,2,0,49.5421901771
daily,XOM,2026-09-08,1530,2026-12-18,0.2767123288,160.3831227741,160.4380596672,3.4253537448,0.0182666406,46,0.5970267561,10.6700210987,106.8701958536,2,0,49.5421901771
daily,XOM,2026-09-08,1530,2027-01-15,0.3534246575,160.7859454307,160.9198345650,8.3271665336,0.0147828712,47,0.2632278097,14.8278695885,137.3677765486,2,0,49.5421901771
daily,XOM,2026-09-08,1530,2027-03-19,0.5260273973,161.3977460702,161.5457239875,9.1685244010,0.0154729022,50,0.5397528473,16.8007111785,165.9723522475,2,0,49.5421901771
daily,XOM,2026-09-08,1530,2027-04-16,0.6027397260,162.3435654024,162.5076318212,10.1061239110,0.0090451940,41,0.8412323835,23.9096966864,199.2123289188,2,0,49.5421901771
daily,XOM,2026-09-08,1530,2027-06-17,0.7726027397,162.1110736759,162.5206176676,25.2631718765,0.0162661166,54,0.8359321598,16.1264025678,224.9525122101,2,0,49.5421901771
daily,XOM,2026-09-08,1530,2027-09-17,1.0246575342,162.9081663828,163.6216436454,43.7962858733,0.0161724471,49,0.8270279698,23.5001525257,255.6038411839,2,0,49.5421901771
daily,XOM,2026-09-08,1530,2027-12-17,1.2739726027,164.1297642992,164.9428990988,49.5421901771,0.0156109930,59,0.8188726530,26.8071596528,354.0013634725,2,0,49.5421901771
daily,XOM,2026-09-08,1530,2028-01-21,1.3698630137,164.2231134232,164.8596563700,38.7608621915,0.0180760983,62,1.4078524050,28.3684962606,356.2076832419,2,0,49.5421901771
daily,XOM,2026-09-09,1530,2026-09-11,0.0054794521,164.5704315177,164.5704315177,0.0000000000,-0.0012554610,19,0.0235275160,0.5983104629,1.3463105281,2,0,44.2396117141
daily,XOM,2026-09-09,1530,2026-09-18,0.0246575342,164.7173911807,164.7306825184,0.8069176933,-0.0101638511,32,0.1005384450,4.5032461549,11.3148336380,2,0,44.2396117141
daily,XOM,2026-09-09,1530,2026-09-25,0.0438356164,164.8247079393,164.8452827351,1.2482834723,-0.0049391953,34,0.1670888649,3.2489982604,20.6148502179,2,0,44.2396117141
daily,XOM,2026-09-09,1530,2026-10-02,0.0630136986,164.8997600054,164.9260378040,1.5935619683,0.0003692294,34,0.1881816112,3.9700890230,13.9264513381,2,0,44.2396117141
daily,XOM,2026-09-09,1530,2026-10-09,0.0821917808,165.0752348630,165.1357740510,3.6673694876,-0.0063033205,38,0.2225233670,3.1886216497,19.7500376076,2,0,44.2396117141
daily,XOM,2026-09-09,1530,2026-10-16,0.1013698630,165.1818371935,165.2357539225,3.2640833833,-0.0035061539,25,0.1418506049,18.0732729324,32.9585464208,2,0,44.2396117141
daily,XOM,2026-09-09,1530,2026-10-23,0.1205479452,165.4754697033,165.5174995522,2.5399443786,-0.0107107530,51,0.1280735571,5.9576880932,31.4309498913,2,0,44.2396117141
daily,XOM,2026-09-09,1530,2026-11-20,0.1972602740,165.0485768211,165.1410505021,5.6028160195,0.0204431253,42,0.3029420319,8.9868561782,46.7607284248,2,0,44.2396117141
daily,XOM,2026-09-09,1530,2026-12-18,0.2739726027,165.2021741645,165.2816504638,4.8108506850,0.0229383601,41,0.9049482624,10.5790561840,59.9887312055,2,0,44.2396117141
daily,XOM,2026-09-09,1530,2027-01-15,0.3506849315,165.7211166666,165.8251878267,6.2798973491,0.0176126623,41,0.3656445015,12.2331856399,85.7680635633,2,0,44.2396117141
daily,XOM,2026-09-09,1530,2027-03-19,0.5232876712,165.9504966671,166.0393430686,5.3537894317,0.0223699040,52,0.9403859382,13.2210251527,117.5168056296,2,0,44.2396117141
daily,XOM,2026-09-09,1530,2027-04-16,0.6000000000,165.9087702303,166.2082756832,18.0524183578,0.0232558178,45,0.9541768661,11.9548065389,128.5633923792,2,0,44.2396117141
daily,XOM,2026-09-09,1530,2027-06-17,0.7698630137,166.6250777619,166.9026743413,16.6599519807,0.0220985486,55,1.1739481621,13.5460558636,178.3051588121,2,0,44.2396117141
daily,XOM,2026-09-09,1530,2027-09-17,1.0219178082,166.8513074352,167.3032542857,27.0868030607,0.0248620212,54,1.6756989720,18.0080474619,204.1540077006,2,0,44.2396117141
daily,XOM,2026-09-09,1530,2027-12-17,1.2712328767,167.9009618710,168.4471666653,32.5313677891,0.0235539958,60,2.4979765934,22.4259155715,288.3847604392,2,0,44.2396117141
daily,XOM,2026-09-09,1530,2028-01-21,1.3671232877,168.1193693629,168.8631229251,44.2396117141,0.0232909449,61,2.8914617939,25.3430122868,300.6865614225,2,0,44.2396117141
daily,XOM,2026-09-10,1530,2026-09-11,0.0027397260,165.5755810594,165.4325128798,-8.6406569494,0.7048198195,32,8.9680988760,0.0654122149,14.1792620750,2,0,37.7970913367
daily,XOM,2026-09-10,1530,2026-09-18,0.0219178082,165.7076733270,165.7042267038,-0.2079941839,0.0465128014,30,0.3679082877,0.1194301134,2.2475883144,2,0,37.7970913367
daily,XOM,2026-09-10,1530,2026-09-25,0.0410958904,165.9726140924,165.9863909104,0.8300657327,0.0011590369,28,0.1518631019,3.2522448103,6.3093511885,2,0,37.7970913367
daily,XOM,2026-09-10,1530,2026-10-02,0.0602739726,165.9579194087,165.9666267752,0.5246731524,0.0148696487,33,0.0888339659,2.0461504793,6.9640295934,2,0,37.7970913367
daily,XOM,2026-09-10,1530,2026-10-09,0.0794520548,166.2712919673,166.3194965758,2.8991540225,-0.0062691398,44,0.0831151425,3.2783637023,17.1281879938,2,0,37.7970913367
daily,XOM,2026-09-10,1530,2026-10-16,0.0986301370,166.2859695905,166.3442260399,3.5033893427,0.0011727260,26,0.2375755697,10.8433916474,27.9908171168,2,0,37.7970913367
daily,XOM,2026-09-10,1530,2026-10-23,0.1178082192,166.1324319473,166.1788799836,2.7958439996,0.0159418406,45,0.0872691153,3.8075683742,14.4105427805,2,0,37.7970913367
daily,XOM,2026-09-10,1530,2026-10-30,0.1369863014,165.9181588609,165.9359452518,1.0719978441,0.0300388799,32,0.2886492550,1.6196737477,8.2828879721,2,0,37.7970913367
daily,XOM,2026-09-10,1530,2026-11-20,0.1945205479,166.0207690563,166.0372728100,0.9940776535,0.0298617946,41,2.0955499014,5.7060845375,31.9861478918,2,0,37.7970913367
daily,XOM,2026-09-10,1530,2026-12-18,0.2712328767,166.1083920078,166.1667727650,3.5146181668,0.0300386798,46,2.9029945544,5.7058283197,45.7850710874,2,0,37.7970913367
daily,XOM,2026-09-10,1530,2027-01-15,0.3479452055,166.6281040561,166.7711279456,8.5834193677,0.0223404511,44,0.6535119856,10.2759199887,74.3862640641,2,0,37.7970913367
daily,XOM,2026-09-10,1530,2027-03-19,0.5205479452,166.8350136168,167.0076542648,10.3479865680,0.0251602640,50,0.9247607827,8.7276181257,102.5346086957,2,0,37.7970913367
daily,XOM,2026-09-10,1530,2027-04-16,0.5972602740,166.6901360340,166.8449129602,9.2853080461,0.0290646193,45,2.2042036484,11.1155196541,103.9545538261,2,0,37.7970913367
daily,XOM,2026-09-10,1530,2027-06-17,0.7671232877,167.1109385148,167.3708973798,15.5560651689,0.0280139086,57,5.0649386069,10.9149337313,145.8675054673,2,0,37.7970913367
daily,XOM,2026-09-10,1530,2027-09-17,1.0191780822,167.8356094982,168.2497608380,24.6760113062,0.0266079357,57,2.0426027415,12.4338949845,183.6476240432,2,0,37.7970913367
daily,XOM,2026-09-10,1530,2027-12-17,1.2684931507,168.4843072038,168.9652294963,28.5440407194,0.0271202388,63,4.2598954097,18.2440757602,260.3010394177,2,0,37.7970913367
daily,XOM,2026-09-10,1530,2028-01-21,1.3643835616,169.1177693241,169.7569853015,37.7970913367,0.0250371970,62,3.5441109297,19.5574268304,291.4202898422,2,0,37.7970913367
daily,XOM,2026-09-11,1530,2026-09-18,0.0191780822,165.6773778876,165.6790075540,0.0983638410,0.0173145750,28,0.0202108169,1.5012299819,3.7266100843,2,0,46.8873585401
daily,XOM,2026-09-11,1530,2026-09-25,0.0383561644,165.7448549550,165.7488671731,0.2420719578,0.0171850722,26,0.0676823101,2.4695615126,4.5340603968,2,0,46.8873585401
daily,XOM,2026-09-11,1530,2026-10-02,0.0575342466,165.8964023902,165.9274805381,1.8733467071,0.0057492704,35,0.0609463202,4.2109209643,10.1609570775,2,0,46.8873585401
daily,XOM,2026-09-11,1530,2026-10-09,0.0767123288,166.0707262382,166.1087973032,2.2924609253,-0.0001656816,35,0.0973823029,4.0192697676,18.1430559860,2,0,46.8873585401
daily,XOM,2026-09-11,1530,2026-10-16,0.0958904110,166.1543208257,166.1966450867,2.5472862091,0.0022330626,22,0.1487356765,15.6289306725,30.5719399621,2,0,46.8873585401
daily,XOM,2026-09-11,1530,2026-10-23,0.1150684932,165.9266602827,165.9323000197,0.3398933599,0.0222846925,50,0.2873737796,3.1558396147,13.6765488096,2,0,46.8873585401
daily,XOM,2026-09-11,1530,2026-10-30,0.1342465753,166.2315035175,166.2758219217,2.6660652899,0.0095539878,37,0.2276355045,5.0223407824,21.1175209686,2,0,46.8873585401
daily,XOM,2026-09-11,1530,2026-11-20,0.1917808219,165.9824897722,166.0151915974,1.9701972951,0.0271601166,41,1.3077669745,5.5767357612,36.9220112231,2,0,46.8873585401
daily,XOM,2026-09-11,1530,2026-12-18,0.2684931507,166.2094192831,166.2901626884,4.8579319748,0.0248229311,44,0.6381918892,6.1434116196,56.1942752990,2,0,46.8873585401
daily,XOM,2026-09-11,1530,2027-01-15,0.3452054795,166.6733857927,166.8455745882,10.3309112413,0.0192368091,45,0.3708490989,9.2552923748,87.3738307028,2,0,46.8873585401
daily,XOM,2026-09-11,1530,2027-03-19,0.5178082192,166.8817287278,167.1336994953,15.0987630261,0.0227629528,49,0.9221673986,9.8462001590,114.2229695759,2,0,46.8873585401
daily,XOM,2026-09-11,1530,2027-04-16,0.5945205479,167.2285393059,167.4437228511,12.8676328897,0.0223810621,47,0.8050742493,12.1096158357,126.4628156208,2,0,46.8873585401
daily,XOM,2026-09-11,1530,2027-06-17,0.7643835616,167.6190861507,167.7720448423,9.1253743928,0.0246140126,57,1.8280439877,12.7996584038,173.0352938990,2,0,46.8873585401
daily,XOM,2026-09-11,1530,2027-09-17,1.0164383562,168.5752479352,169.0240372744,26.6224932050,0.0221634138,53,1.3235291711,15.1545016020,214.0028314336,2,0,46.8873585401
daily,XOM,2026-09-11,1530,2027-12-17,1.2657534247,169.0145073696,169.6580314042,38.0750767818,0.0243051850,62,2.6180777202,18.5218082733,289.9471531260,2,0,46.8873585401
daily,XOM,2026-09-11,1530,2028-01-21,1.3616438356,169.7229120287,170.5186979315,46.8873585401,0.0222614301,62,2.1315217513,22.1796383241,320.1553677453,2,0,46.8873585401
