slice,ticker,date,time,model,status,status_detail,holdout_index,n_pillars,expiry_date,tenor_years,forward,n_eval_quotes,gap_lo_years,gap_hi_years,insample_rmse_bp,insample_max_bp,loo_rmse_bp,loo_max_bp,loo_mean_signed_bp,loo_atm_signed_bp,fit_ms
loo,JPM,2026-08-14,1530,svi,ok,,1,14,2026-08-28,0.0383561644,363.7652174273,11,0.0191780822,0.0191780822,9.7618607502,18.2385501140,30.4868299827,47.2161193061,28.0564539237,7.4191572195,259.5352000000
loo,JPM,2026-08-14,1530,ssvi,ok,,1,14,2026-08-28,0.0383561644,363.7652174273,11,0.0191780822,0.0191780822,65.7597337721,115.0883658544,80.3547527886,137.7975919390,58.2742350777,10.7269394116,0.7580000000
loo,JPM,2026-08-14,1530,essvi,ok,,1,14,2026-08-28,0.0383561644,363.7652174273,11,0.0191780822,0.0191780822,16.0459584508,31.8784941350,42.6038959379,73.1441090497,36.3639687470,14.6983130068,0.7439000000
loo,JPM,2026-08-14,1530,essvi_g05,ok,,1,14,2026-08-28,0.0383561644,363.7652174273,11,0.0191780822,0.0191780822,23.3945320714,45.5893646654,35.2821783533,68.2769368909,16.1513039535,-31.2274386109,2.4452000000
loo,JPM,2026-08-14,1530,essvi_gfree,ok,,1,14,2026-08-28,0.0383561644,363.7652174273,11,0.0191780822,0.0191780822,14.7107307822,28.3124990729,38.7626912536,62.5469548408,24.8835671662,-12.0828072085,3.0801000000
loo,JPM,2026-08-14,1530,essvi_sg05,ok,,1,14,2026-08-28,0.0383561644,363.7652174273,11,0.0191780822,0.0191780822,46.4408518351,101.1803371983,66.9075026647,99.2373870325,62.0501973486,17.9652535253,0.4364000000
loo,JPM,2026-08-14,1530,svi,ok,,2,14,2026-09-04,0.0575342466,364.0646064770,9,0.0191780822,0.0191780822,11.8992836337,25.8991571321,43.3136715660,59.2104027776,-41.0058468763,-59.2104027776,220.2367000000
loo,JPM,2026-08-14,1530,ssvi,ok,,2,14,2026-09-04,0.0575342466,364.0646064770,9,0.0191780822,0.0191780822,73.5099323628,140.0232213951,58.9204017533,86.8715086265,-8.5024504132,-57.7426297025,0.7594000000
loo,JPM,2026-08-14,1530,essvi,ok,,2,14,2026-09-04,0.0575342466,364.0646064770,9,0.0191780822,0.0191780822,14.5289992055,28.0985126686,47.3841183240,74.5476880207,-45.4844070697,-54.1141584618,0.7839000000
loo,JPM,2026-08-14,1530,essvi_g05,ok,,2,14,2026-09-04,0.0575342466,364.0646064770,9,0.0191780822,0.0191780822,35.3371468060,57.1410220000,54.4122272593,88.3497221998,-41.3064129321,-88.3497221998,2.3479000000
loo,JPM,2026-08-14,1530,essvi_gfree,ok,,2,14,2026-09-04,0.0575342466,364.0646064770,9,0.0191780822,0.0191780822,24.2341848544,37.3153911586,50.7728465085,78.0485783533,-44.4118032826,-78.0485783533,3.0722000000
loo,JPM,2026-08-14,1530,essvi_sg05,ok,,2,14,2026-09-04,0.0575342466,364.0646064770,9,0.0191780822,0.0191780822,60.4700680264,125.3947706852,39.4877698347,72.4909022554,-6.3962639713,-51.6417423214,0.4914000000
loo,JPM,2026-08-14,1530,svi,ok,,3,14,2026-09-11,0.0767123288,364.3814155270,9,0.0191780822,0.0191780822,5.6988355232,13.1322764748,57.7693591573,76.7822611951,56.9726182630,52.3111745532,205.4637000000
loo,JPM,2026-08-14,1530,ssvi,ok,,3,14,2026-09-11,0.0767123288,364.3814155270,9,0.0191780822,0.0191780822,54.6885378300,104.6676109703,93.5225283129,154.8076519969,82.5646511543,47.3716620617,0.7373000000
loo,JPM,2026-08-14,1530,essvi,ok,,3,14,2026-09-11,0.0767123288,364.3814155270,9,0.0191780822,0.0191780822,7.6211444830,18.7288401201,58.3022108634,73.8579827804,57.6758645078,49.0906530147,0.7199000000
loo,JPM,2026-08-14,1530,essvi_g05,ok,,3,14,2026-09-11,0.0767123288,364.3814155270,9,0.0191780822,0.0191780822,25.0562606155,44.5375793854,39.3597048516,76.4559126817,30.7765392704,-1.4554834883,2.2823000000
loo,JPM,2026-08-14,1530,essvi_gfree,ok,,3,14,2026-09-11,0.0767123288,364.3814155270,9,0.0191780822,0.0191780822,16.6027652969,30.2393513122,43.3718714574,72.5328493668,40.1039526687,17.3913290525,2.9815000000
loo,JPM,2026-08-14,1530,essvi_sg05,ok,,3,14,2026-09-11,0.0767123288,364.3814155270,9,0.0191780822,0.0191780822,43.3807190341,94.9491105532,87.0552067056,137.0599908417,82.9678651766,50.6248057580,0.4410000000
loo,JPM,2026-08-14,1530,svi,ok,,4,14,2026-09-18,0.0958904110,364.5153321824,17,0.0191780822,0.0191780822,11.5881445844,21.4726739907,50.2105907930,130.2901401847,-21.5197869289,16.3448377277,263.3021000000
loo,JPM,2026-08-14,1530,ssvi,ok,,4,14,2026-09-18,0.0958904110,364.5153321824,17,0.0191780822,0.0191780822,66.0200362647,118.7359805311,75.9482473655,137.2403726165,46.5382410490,14.3926809075,1.1195000000
loo,JPM,2026-08-14,1530,essvi,ok,,4,14,2026-09-18,0.0958904110,364.5153321824,17,0.0191780822,0.0191780822,16.8588332254,29.8786325214,55.2788307624,154.0933910649,-31.4661746191,15.8615384831,0.9492000000
loo,JPM,2026-08-14,1530,essvi_g05,ok,,4,14,2026-09-18,0.0958904110,364.5153321824,17,0.0191780822,0.0191780822,48.3864448114,88.5818449332,116.3492204305,275.3770989859,41.2282777602,1.5365500420,3.8329000000
loo,JPM,2026-08-14,1530,essvi_gfree,ok,,4,14,2026-09-18,0.0958904110,364.5153321824,17,0.0191780822,0.0191780822,32.1336782310,56.8996546342,105.8441948861,241.9772818609,33.5312830191,7.4888467401,4.1233000000
loo,JPM,2026-08-14,1530,essvi_sg05,ok,,4,14,2026-09-18,0.0958904110,364.5153321824,17,0.0191780822,0.0191780822,74.9341220964,143.9310230023,192.3345001690,445.1625557835,73.6264433965,19.6038802153,0.7153000000
loo,JPM,2026-08-14,1530,svi,ok,,5,14,2026-09-25,0.1150684932,364.7414223932,7,0.0191780822,0.0575342466,19.6848283538,34.6026419489,179.5749312106,304.1618119017,152.7261615845,85.5363422552,254.9178000000
loo,JPM,2026-08-14,1530,ssvi,ok,,5,14,2026-09-25,0.1150684932,364.7414223932,7,0.0191780822,0.0575342466,180.1804340469,335.0734173518,242.6049679851,421.4188183768,196.1481379503,81.1112548549,0.7397000000
loo,JPM,2026-08-14,1530,essvi,ok,,5,14,2026-09-25,0.1150684932,364.7414223932,7,0.0191780822,0.0575342466,20.6918534706,35.1849618443,182.5877539195,314.9517040007,155.6073692539,82.1887070280,0.5445000000
loo,JPM,2026-08-14,1530,essvi_g05,ok,,5,14,2026-09-25,0.1150684932,364.7414223932,7,0.0191780822,0.0575342466,71.3069464063,119.1817974213,185.4828425632,338.4242656923,133.7210874760,35.4161306105,2.2858000000
loo,JPM,2026-08-14,1530,essvi_gfree,ok,,5,14,2026-09-25,0.1150684932,364.7414223932,7,0.0191780822,0.0575342466,55.4622677335,88.3262732452,182.4606688015,329.4836812642,138.9296717337,48.4144118588,2.4527000000
loo,JPM,2026-08-14,1530,essvi_sg05,ok,,5,14,2026-09-25,0.1150684932,364.7414223932,7,0.0191780822,0.0575342466,81.1200065946,144.0771178306,221.9027195374,385.7404946218,180.3428348729,82.5435577086,0.4142000000
loo,JPM,2026-08-14,1530,svi,ok,,6,14,2026-10-16,0.1726027397,364.3652218010,21,0.0575342466,0.0958904110,9.1190543870,20.4943916163,176.3097274887,432.4660505081,-154.9335262114,-121.8019962125,241.1960000000
loo,JPM,2026-08-14,1530,ssvi,ok,,6,14,2026-10-16,0.1726027397,364.3652218010,21,0.0575342466,0.0958904110,49.5192392865,98.7607253452,101.8992046804,160.4424252837,-93.7644039058,-128.7612980346,0.7068000000
loo,JPM,2026-08-14,1530,essvi,ok,,6,14,2026-10-16,0.1726027397,364.3652218010,21,0.0575342466,0.0958904110,74.7281736010,249.0698982243,205.3081146015,549.0941299043,-181.0293084936,-128.7262439987,0.6974000000
loo,JPM,2026-08-14,1530,essvi_g05,ok,,6,14,2026-10-16,0.1726027397,364.3652218010,21,0.0575342466,0.0958904110,33.9132846745,74.6436694596,178.5662166125,393.6462158590,-117.9597032532,-130.5461360741,3.0219000000
loo,JPM,2026-08-14,1530,essvi_gfree,ok,,6,14,2026-10-16,0.1726027397,364.3652218010,21,0.0575342466,0.0958904110,31.7735137366,85.2362099731,176.3857271691,412.8568674936,-127.1557169031,-130.1074693200,3.9110000000
loo,JPM,2026-08-14,1530,essvi_sg05,ok,,6,14,2026-10-16,0.1726027397,364.3652218010,21,0.0575342466,0.0958904110,61.5247049770,156.6641208186,158.8645207579,357.3357004313,-111.8982305038,-128.6747121998,0.4239000000
loo,JPM,2026-08-14,1530,svi,ok,,7,14,2026-11-20,0.2684931507,365.3890392992,24,0.0958904110,0.0767123288,9.9304920208,22.9059869766,22.8309167213,51.0941019562,16.0397842503,28.8298784131,234.5746000000
loo,JPM,2026-08-14,1530,ssvi,ok,,7,14,2026-11-20,0.2684931507,365.3890392992,24,0.0958904110,0.0767123288,37.6499488355,79.9749584997,55.8526474148,119.1287342425,38.9109311392,37.3179743278,0.7216000000
loo,JPM,2026-08-14,1530,essvi,ok,,7,14,2026-11-20,0.2684931507,365.3890392992,24,0.0958904110,0.0767123288,21.4949234466,47.2020210461,108.0357579227,199.8117967496,20.1656425608,38.6943465793,0.7375000000
loo,JPM,2026-08-14,1530,essvi_g05,ok,,7,14,2026-11-20,0.2684931507,365.3890392992,24,0.0958904110,0.0767123288,21.4364996650,46.6074993982,31.4029937638,78.6813682046,19.1229882998,16.1942840521,2.1737000000
loo,JPM,2026-08-14,1530,essvi_gfree,ok,,7,14,2026-11-20,0.2684931507,365.3890392992,24,0.0958904110,0.0767123288,21.5029952161,46.2055383796,31.8339310804,79.4465268851,18.9764638198,17.6230096639,2.8153000000
loo,JPM,2026-08-14,1530,essvi_sg05,ok,,7,14,2026-11-20,0.2684931507,365.3890392992,24,0.0958904110,0.0767123288,22.8354863487,52.8918134541,48.0691607299,92.9667641850,42.7804286846,36.6390244178,0.4458000000
loo,JPM,2026-08-14,1530,svi,ok,,8,14,2026-12-18,0.3452054795,366.6547851545,27,0.0767123288,0.0767123288,10.4875155580,23.4341592273,49.6100101032,68.4715140020,48.1979775979,44.6018774874,248.6100000000
loo,JPM,2026-08-14,1530,ssvi,ok,,8,14,2026-12-18,0.3452054795,366.6547851545,27,0.0767123288,0.0767123288,32.8121563415,94.0381236386,59.0433104243,98.1786330286,50.4492975485,42.6977308521,1.0674000000
loo,JPM,2026-08-14,1530,essvi,ok,,8,14,2026-12-18,0.3452054795,366.6547851545,27,0.0767123288,0.0767123288,32.2753357838,98.0336414563,59.0314049551,86.5116657212,50.2587419932,42.2694389609,1.0651000000
loo,JPM,2026-08-14,1530,essvi_g05,ok,,8,14,2026-12-18,0.3452054795,366.6547851545,27,0.0767123288,0.0767123288,29.9167939845,108.8224268418,56.9520812184,83.4469800620,46.9736847498,41.5977289773,3.3365000000
loo,JPM,2026-08-14,1530,essvi_gfree,ok,,8,14,2026-12-18,0.3452054795,366.6547851545,27,0.0767123288,0.0767123288,29.6367801605,107.0554454183,55.3683825546,82.4533711898,45.5817350872,38.7992722762,3.6899000000
loo,JPM,2026-08-14,1530,essvi_sg05,ok,,8,14,2026-12-18,0.3452054795,366.6547851545,27,0.0767123288,0.0767123288,32.7803322765,84.9423839026,61.5429747823,89.1382181470,53.8982661005,42.2175574683,0.4349000000
loo,JPM,2026-08-14,1530,svi,ok,,9,14,2027-01-15,0.4219178082,367.1907874112,20,0.0767123288,0.1726027397,11.0902604072,23.6366144977,45.7436141405,71.5032528410,-42.9717597329,-41.1102832722,235.1403000000
loo,JPM,2026-08-14,1530,ssvi,ok,,9,14,2027-01-15,0.4219178082,367.1907874112,20,0.0767123288,0.1726027397,35.2266447365,109.9355767220,59.6000647762,170.8103196105,-45.7351960715,-43.7077334722,1.0965000000
loo,JPM,2026-08-14,1530,essvi,ok,,9,14,2027-01-15,0.4219178082,367.1907874112,20,0.0767123288,0.1726027397,31.5713311086,82.1969235450,60.1186560657,173.7113119172,-44.0450044483,-43.4017661707,1.2128000000
loo,JPM,2026-08-14,1530,essvi_g05,ok,,9,14,2027-01-15,0.4219178082,367.1907874112,20,0.0767123288,0.1726027397,31.8372034199,94.1310196997,65.9391173336,189.5362499892,-50.1683625328,-43.6053450524,3.7444000000
loo,JPM,2026-08-14,1530,essvi_gfree,ok,,9,14,2027-01-15,0.4219178082,367.1907874112,20,0.0767123288,0.1726027397,30.4352845430,85.4756104189,62.9265055397,176.2355248625,-48.4366688476,-48.1780993165,4.3199000000
loo,JPM,2026-08-14,1530,essvi_sg05,ok,,9,14,2027-01-15,0.4219178082,367.1907874112,20,0.0767123288,0.1726027397,31.7041902826,76.9727727135,58.6004364833,169.2655506637,-41.4784650857,-43.2972185529,0.4460000000
loo,JPM,2026-08-14,1530,svi,ok,,10,14,2027-03-19,0.5945205479,369.5283410916,37,0.1726027397,0.2465753425,11.2785379221,28.4778735192,43.5809133058,78.1967018690,41.2038308675,59.0496592577,238.0214000000
loo,JPM,2026-08-14,1530,ssvi,ok,,10,14,2027-03-19,0.5945205479,369.5283410916,37,0.1726027397,0.2465753425,15.1641302157,30.5921006173,55.0193511669,85.4883186213,53.2054599428,61.7751408354,0.7660000000
loo,JPM,2026-08-14,1530,essvi,ok,,10,14,2027-03-19,0.5945205479,369.5283410916,37,0.1726027397,0.2465753425,14.6920193132,24.5825967697,53.3384851646,85.1241382001,51.3036284267,61.7393427071,0.7117000000
loo,JPM,2026-08-14,1530,essvi_g05,ok,,10,14,2027-03-19,0.5945205479,369.5283410916,37,0.1726027397,0.2465753425,12.2500810961,25.7503638050,50.4681061307,77.9918852051,48.2480541121,65.0604629052,2.1229000000
loo,JPM,2026-08-14,1530,essvi_gfree,ok,,10,14,2027-03-19,0.5945205479,369.5283410916,37,0.1726027397,0.2465753425,14.5038465408,28.8800277182,46.3484170800,80.5454879396,43.6015023562,50.4455488800,2.7642000000
loo,JPM,2026-08-14,1530,essvi_sg05,ok,,10,14,2027-03-19,0.5945205479,369.5283410916,37,0.1726027397,0.2465753425,14.8970675008,27.2068938425,50.7122465468,80.2073352677,48.6985882193,61.7475062449,0.4411000000
loo,JPM,2026-08-14,1530,svi,ok,,11,14,2027-06-17,0.8410958904,372.1188528000,33,0.2465753425,0.5013698630,9.3424219705,19.8148246803,25.1620995254,73.4483077839,-16.8075274319,-3.5337120112,244.9645000000
loo,JPM,2026-08-14,1530,ssvi,ok,,11,14,2027-06-17,0.8410958904,372.1188528000,33,0.2465753425,0.5013698630,21.7679887581,62.3325919439,25.0674081500,81.7816097038,-12.9804409655,-11.9076036022,0.6887000000
loo,JPM,2026-08-14,1530,essvi,ok,,11,14,2027-06-17,0.8410958904,372.1188528000,33,0.2465753425,0.5013698630,21.7086659576,63.2082616976,30.8895830602,104.0229479862,-18.6768547342,-12.2382914257,0.7373000000
loo,JPM,2026-08-14,1530,essvi_g05,ok,,11,14,2027-06-17,0.8410958904,372.1188528000,33,0.2465753425,0.5013698630,26.2317885063,84.1951918668,39.8855937901,133.2092660604,-21.9447119966,2.5041212408,1.8985000000
loo,JPM,2026-08-14,1530,essvi_gfree,ok,,11,14,2027-06-17,0.8410958904,372.1188528000,33,0.2465753425,0.5013698630,20.3543158625,62.9371711045,29.3807305611,101.1946202904,-16.1832768120,-10.0009092418,2.3273000000
loo,JPM,2026-08-14,1530,essvi_sg05,ok,,11,14,2027-06-17,0.8410958904,372.1188528000,33,0.2465753425,0.5013698630,23.9553454873,79.1218655294,41.4758674929,130.1581950985,-29.2059315111,-12.3017875548,0.4499000000
loo,JPM,2026-08-14,1530,svi,ok,,12,14,2027-12-17,1.3424657534,377.5338575366,24,0.5013698630,0.0958904110,10.2802988662,22.5440135281,18.9477843949,44.5229721714,12.4896716074,11.7577661433,238.5400000000
loo,JPM,2026-08-14,1530,ssvi,ok,,12,14,2027-12-17,1.3424657534,377.5338575366,24,0.5013698630,0.0958904110,20.1502327094,42.9516236539,30.2968740828,62.8550720387,22.6416608497,24.0074758718,0.7158000000
loo,JPM,2026-08-14,1530,essvi,ok,,12,14,2027-12-17,1.3424657534,377.5338575366,24,0.5013698630,0.0958904110,20.0700578030,40.7371460383,28.4663086055,58.1154882787,19.5329262171,24.0162334343,0.7177000000
loo,JPM,2026-08-14,1530,essvi_g05,ok,,12,14,2027-12-17,1.3424657534,377.5338575366,24,0.5013698630,0.0958904110,23.9001978337,69.2212008969,28.9392174568,57.7688666427,15.1616409207,29.0709477938,1.8964000000
loo,JPM,2026-08-14,1530,essvi_gfree,ok,,12,14,2027-12-17,1.3424657534,377.5338575366,24,0.5013698630,0.0958904110,20.0932924876,40.9007434409,23.1257741949,52.8924580645,11.5542515515,9.7028935709,2.3528000000
loo,JPM,2026-08-14,1530,essvi_sg05,ok,,12,14,2027-12-17,1.3424657534,377.5338575366,24,0.5013698630,0.0958904110,24.5562912198,72.1411128475,26.5544346651,60.0788534573,10.7438236978,23.9521422054,0.4486000000
loo,JPM,2026-08-17,1530,svi,ok,,1,15,2026-08-28,0.0301369863,363.2206258167,8,0.0191780822,0.0191780822,12.3263918416,29.7955439926,34.4485260653,70.9424803351,20.0935375325,23.4878871891,211.1533000000
loo,JPM,2026-08-17,1530,ssvi,ok,,1,15,2026-08-28,0.0301369863,363.2206258167,8,0.0191780822,0.0191780822,47.1467007884,76.9714294567,48.7168426617,89.8865427425,11.4189941491,23.1665808163,0.9412000000
loo,JPM,2026-08-17,1530,essvi,ok,,1,15,2026-08-28,0.0301369863,363.2206258167,8,0.0191780822,0.0191780822,14.1890378961,37.7877568293,34.5802118147,71.7133149265,16.8538264051,20.2924755994,1.6438000000
loo,JPM,2026-08-17,1530,essvi_g05,ok,,1,15,2026-08-28,0.0301369863,363.2206258167,8,0.0191780822,0.0191780822,18.2742588509,39.4828486103,33.6830188232,72.8087922886,14.0582380679,13.8046005545,60.6900000000
loo,JPM,2026-08-17,1530,essvi_gfree,ok,,1,15,2026-08-28,0.0301369863,363.2206258167,8,0.0191780822,0.0191780822,15.3151389046,37.6848152022,37.2161044122,74.6843213403,21.6033033390,27.0610854284,63.7014000000
loo,JPM,2026-08-17,1530,essvi_sg05,ok,,1,15,2026-08-28,0.0301369863,363.2206258167,8,0.0191780822,0.0191780822,21.6685091993,37.4012611124,38.1751659759,82.8536757523,22.2857540661,20.5260262785,0.5840000000
loo,JPM,2026-08-17,1530,svi,ok,,2,15,2026-09-04,0.0493150685,363.8153684722,9,0.0191780822,0.0191780822,13.9204968958,25.7389273810,37.9046664737,77.6426475262,-26.8445566303,9.6894113375,203.5379000000
loo,JPM,2026-08-17,1530,ssvi,ok,,2,15,2026-09-04,0.0493150685,363.8153684722,9,0.0191780822,0.0191780822,27.2306719276,50.4272834253,36.7538279524,66.2114027506,-27.5692482344,-1.7647720982,0.9382000000
loo,JPM,2026-08-17,1530,essvi,ok,,2,15,2026-09-04,0.0493150685,363.8153684722,9,0.0191780822,0.0191780822,15.9461127306,29.1349755402,38.3512091587,71.6850996864,-28.3269783117,6.0269143376,1.6423000000
loo,JPM,2026-08-17,1530,essvi_g05,ok,,2,15,2026-09-04,0.0493150685,363.8153684722,9,0.0191780822,0.0191780822,17.3253072731,28.7699454094,38.3756437605,68.1089082544,-29.5996951746,-9.4454928399,61.0211000000
loo,JPM,2026-08-17,1530,essvi_gfree,ok,,2,15,2026-09-04,0.0493150685,363.8153684722,9,0.0191780822,0.0191780822,15.7553353690,26.4550947747,38.3837978168,64.0977679862,-28.4149082568,-2.1068942658,63.1666000000
loo,JPM,2026-08-17,1530,essvi_sg05,ok,,2,15,2026-09-04,0.0493150685,363.8153684722,9,0.0191780822,0.0191780822,18.4493059229,27.3210629262,25.9473074386,50.4022891803,-12.8624252282,5.3767082272,0.5773000000
loo,JPM,2026-08-17,1530,svi,ok,,3,15,2026-09-11,0.0684931507,363.8295941891,7,0.0191780822,0.0191780822,2.7533830504,5.4707027475,34.5681698650,57.0004380184,32.3651849250,26.6971165413,209.0823000000
loo,JPM,2026-08-17,1530,ssvi,ok,,3,15,2026-09-11,0.0684931507,363.8295941891,7,0.0191780822,0.0191780822,34.2999472150,66.2115148441,40.5903174275,84.5584175655,21.0574072822,16.0110663129,0.9319000000
loo,JPM,2026-08-17,1530,essvi,ok,,3,15,2026-09-11,0.0684931507,363.8295941891,7,0.0191780822,0.0191780822,3.5379177905,6.9263455184,30.5719652894,59.6527674389,26.1639038795,18.3648405279,1.6469000000
loo,JPM,2026-08-17,1530,essvi_g05,ok,,3,15,2026-09-11,0.0684931507,363.8295941891,7,0.0191780822,0.0191780822,17.9217750463,28.2179157068,19.2993607055,39.1986860150,4.7914759966,-11.1808911492,62.6008000000
loo,JPM,2026-08-17,1530,essvi_gfree,ok,,3,15,2026-09-11,0.0684931507,363.8295941891,7,0.0191780822,0.0191780822,13.0003274074,20.2316133481,23.4053253464,47.0680623072,18.7739771739,9.6064619055,66.4443000000
loo,JPM,2026-08-17,1530,essvi_sg05,ok,,3,15,2026-09-11,0.0684931507,363.8295941891,7,0.0191780822,0.0191780822,28.6816756972,55.2638827707,41.9842459588,76.7396652800,36.3411117447,18.4835167081,0.5805000000
loo,JPM,2026-08-17,1530,svi,ok,,4,15,2026-09-18,0.0876712329,364.1161859650,19,0.0191780822,0.0191780822,13.1514099751,31.1757172708,102.9645283866,250.8755853526,-35.6843761855,37.7341315414,207.8176000000
loo,JPM,2026-08-17,1530,ssvi,ok,,4,15,2026-09-18,0.0876712329,364.1161859650,19,0.0191780822,0.0191780822,39.4309527577,76.7260345813,41.1174222496,84.8341227566,6.4906162386,9.8980367367,0.8958000000
loo,JPM,2026-08-17,1530,essvi,ok,,4,15,2026-09-18,0.0876712329,364.1161859650,19,0.0191780822,0.0191780822,15.4717898029,35.2998126144,96.4621915670,200.0306522095,-73.1940075566,11.1570533734,0.7821000000
loo,JPM,2026-08-17,1530,essvi_g05,ok,,4,15,2026-09-18,0.0876712329,364.1161859650,19,0.0191780822,0.0191780822,40.0241002982,82.4356591939,123.7964234696,285.5860352619,46.1402622521,32.1217665396,11.4932000000
loo,JPM,2026-08-17,1530,essvi_gfree,ok,,4,15,2026-09-18,0.0876712329,364.1161859650,19,0.0191780822,0.0191780822,25.2254196410,52.1075326965,105.9539981983,223.9441511274,26.5357751922,32.8096220671,3.7011000000
loo,JPM,2026-08-17,1530,essvi_sg05,ok,,4,15,2026-09-18,0.0876712329,364.1161859650,19,0.0191780822,0.0191780822,59.8254751952,125.6187105249,179.5486063300,423.4070641889,65.1716624578,17.1332486966,0.7661000000
loo,JPM,2026-08-17,1530,svi,ok,,5,15,2026-09-25,0.1068493151,364.6957178853,8,0.0191780822,0.0191780822,28.7529227860,62.8198584241,40.8567174564,73.8697668914,13.6421517477,23.2990446658,201.8329000000
loo,JPM,2026-08-17,1530,ssvi,ok,,5,15,2026-09-25,0.1068493151,364.6957178853,8,0.0191780822,0.0191780822,150.4838250181,256.4642349137,178.7498310202,300.5950621201,126.6236906655,39.6412778824,0.9393000000
loo,JPM,2026-08-17,1530,essvi,ok,,5,15,2026-09-25,0.1068493151,364.6957178853,8,0.0191780822,0.0191780822,36.0646783492,59.1334492641,91.7538608913,162.0168095296,66.1684035766,39.8815871616,0.6316000000
loo,JPM,2026-08-17,1530,essvi_g05,ok,,5,15,2026-09-25,0.1068493151,364.6957178853,8,0.0191780822,0.0191780822,54.2519568446,106.0546647447,89.0482288125,142.9138037138,19.3540925047,-18.6843556612,9.5811000000
loo,JPM,2026-08-17,1530,essvi_gfree,ok,,5,15,2026-09-25,0.1068493151,364.6957178853,8,0.0191780822,0.0191780822,46.9221112415,90.1333347570,73.3436326309,120.3918142182,18.8238729846,-3.8140019870,10.5217000000
loo,JPM,2026-08-17,1530,essvi_sg05,ok,,5,15,2026-09-25,0.1068493151,364.6957178853,8,0.0191780822,0.0191780822,79.1589668628,124.6847530623,108.6292243555,185.9522070849,67.0321602191,42.1885788877,0.4889000000
loo,JPM,2026-08-17,1530,svi,ok,,6,15,2026-10-02,0.1260273973,365.2608927868,7,0.0191780822,0.0383561644,46.5292906916,75.1437205509,180.0004155335,374.3485195448,150.6482935100,84.1640470710,205.5208000000
loo,JPM,2026-08-17,1530,ssvi,ok,,6,15,2026-10-02,0.1260273973,365.2608927868,7,0.0191780822,0.0383561644,174.4721889857,453.1209789992,215.1551547902,521.2068278121,151.2747839165,66.1025596350,0.9714000000
loo,JPM,2026-08-17,1530,essvi,ok,,6,15,2026-10-02,0.1260273973,365.2608927868,7,0.0191780822,0.0383561644,58.4448498754,113.2746210044,180.3089233920,430.5163958896,131.1033877989,66.0467296854,1.6009000000
loo,JPM,2026-08-17,1530,essvi_g05,ok,,6,15,2026-10-02,0.1260273973,365.2608927868,7,0.0191780822,0.0383561644,107.9357581520,191.3045714234,190.5832330134,395.2565617280,148.4606151586,60.1813336943,2.8213000000
loo,JPM,2026-08-17,1530,essvi_gfree,ok,,6,15,2026-10-02,0.1260273973,365.2608927868,7,0.0191780822,0.0383561644,95.8353844516,155.9141619167,189.1743377579,374.5453485799,153.7357731068,71.2653804441,5.7786000000
loo,JPM,2026-08-17,1530,essvi_sg05,ok,,6,15,2026-10-02,0.1260273973,365.2608927868,7,0.0191780822,0.0383561644,169.3145943160,367.4258359157,208.8364988157,429.2333553369,164.3887060666,69.1516879592,0.5618000000
loo,JPM,2026-08-17,1530,svi,ok,,7,15,2026-10-16,0.1643835616,364.0141747352,21,0.0383561644,0.0958904110,11.8643464642,26.8182683767,231.2050027146,469.9153636624,-206.0634182906,-140.0410386143,194.6694000000
loo,JPM,2026-08-17,1530,ssvi,ok,,7,15,2026-10-16,0.1643835616,364.0141747352,21,0.0383561644,0.0958904110,18.4192480369,36.9670844771,119.6913471647,157.2878599999,-118.1613594608,-115.0603444876,0.8845000000
loo,JPM,2026-08-17,1530,essvi,ok,,7,15,2026-10-16,0.1643835616,364.0141747352,21,0.0383561644,0.0958904110,14.5703498084,29.3213742088,239.1399065349,524.7523703077,-206.5232172004,-115.8398714876,1.7672000000
loo,JPM,2026-08-17,1530,essvi_g05,ok,,7,15,2026-10-16,0.1643835616,364.0141747352,21,0.0383561644,0.0958904110,30.9723666958,68.7975943658,226.0247064506,415.8853555134,-165.2073216686,-160.9012535182,62.0101000000
loo,JPM,2026-08-17,1530,essvi_gfree,ok,,7,15,2026-10-16,0.1643835616,364.0141747352,21,0.0383561644,0.0958904110,15.6264188399,35.5762487477,224.2280085035,430.3501661645,-175.3612272235,-157.4596987484,64.1591000000
loo,JPM,2026-08-17,1530,essvi_sg05,ok,,7,15,2026-10-16,0.1643835616,364.0141747352,21,0.0383561644,0.0958904110,126.2867476284,319.4859026521,246.6093577187,397.1521127749,-99.2323493902,-117.9663106692,0.5927000000
loo,JPM,2026-08-17,1530,svi,ok,,8,15,2026-11-20,0.2602739726,365.4080167126,22,0.0958904110,0.0767123288,12.2786214603,26.9838436769,23.0476409645,43.5922291375,11.4102425913,5.2564209870,200.7721000000
loo,JPM,2026-08-17,1530,ssvi,ok,,8,15,2026-11-20,0.2602739726,365.4080167126,22,0.0958904110,0.0767123288,20.8349523785,45.8928584910,32.4419448647,62.0859377394,27.4740393296,13.8870021329,0.8831000000
loo,JPM,2026-08-17,1530,essvi,ok,,8,15,2026-11-20,0.2602739726,365.4080167126,22,0.0958904110,0.0767123288,18.7883523401,34.5970211551,28.5913648982,50.3820429014,16.0841365430,13.5841637021,1.8432000000
loo,JPM,2026-08-17,1530,essvi_g05,ok,,8,15,2026-11-20,0.2602739726,365.4080167126,22,0.0958904110,0.0767123288,15.1205843124,27.7446835971,19.3130491930,42.2513220142,8.3539965061,-9.0549340327,65.4007000000
loo,JPM,2026-08-17,1530,essvi_gfree,ok,,8,15,2026-11-20,0.2602739726,365.4080167126,22,0.0958904110,0.0767123288,16.6200051966,35.5768933149,19.8392611904,36.0583295743,8.0327577898,-4.4258783158,74.0674000000
loo,JPM,2026-08-17,1530,essvi_sg05,ok,,8,15,2026-11-20,0.2602739726,365.4080167126,22,0.0958904110,0.0767123288,54.6554975840,127.6510958178,66.5141252955,152.0126797622,49.9130219066,12.9249922149,0.5420000000
loo,JPM,2026-08-17,1530,svi,ok,,9,15,2026-12-18,0.3369863014,366.7007611626,30,0.0767123288,0.0767123288,13.3919098027,37.2556534640,50.4689266295,89.8837161783,43.9648125656,20.4390307068,201.4817000000
loo,JPM,2026-08-17,1530,ssvi,ok,,9,15,2026-12-18,0.3369863014,366.7007611626,30,0.0767123288,0.0767123288,32.7915638060,71.5560134292,49.9082992410,94.0515408087,42.0929615849,16.5475263889,0.8627000000
loo,JPM,2026-08-17,1530,essvi,ok,,9,15,2026-12-18,0.3369863014,366.7007611626,30,0.0767123288,0.0767123288,17.5393549760,51.4025998871,51.8300252079,96.6155238030,44.2366686560,16.5339632233,1.7198000000
loo,JPM,2026-08-17,1530,essvi_g05,ok,,9,15,2026-12-18,0.3369863014,366.7007611626,30,0.0767123288,0.0767123288,16.5529189331,33.7453450406,52.7514539891,94.1218908644,47.7828796856,22.8150752459,58.2379000000
loo,JPM,2026-08-17,1530,essvi_gfree,ok,,9,15,2026-12-18,0.3369863014,366.7007611626,30,0.0767123288,0.0767123288,17.1459381651,33.4469944882,52.9476034685,97.3145148818,46.4226830302,23.9223804802,67.4014000000
loo,JPM,2026-08-17,1530,essvi_sg05,ok,,9,15,2026-12-18,0.3369863014,366.7007611626,30,0.0767123288,0.0767123288,53.4075168212,131.4758693983,74.6390214531,136.8367701020,66.8167991035,15.7449735729,0.9800000000
loo,JPM,2026-08-17,1530,svi,ok,,10,15,2027-01-15,0.4136986301,366.9723014691,20,0.0767123288,0.1726027397,15.4012163399,29.4222479995,49.0824667018,75.0855872109,-38.3414647372,9.4050555139,206.6563000000
loo,JPM,2026-08-17,1530,ssvi,ok,,10,15,2027-01-15,0.4136986301,366.9723014691,20,0.0767123288,0.1726027397,35.3342838095,97.6070597942,44.9628483328,119.4965275738,-31.5912386369,11.5363244104,0.8978000000
loo,JPM,2026-08-17,1530,essvi,ok,,10,15,2027-01-15,0.4136986301,366.9723014691,20,0.0767123288,0.1726027397,17.9616040094,31.3147058767,68.9311139809,175.5841000273,-48.5020422544,12.1160611816,1.6577000000
loo,JPM,2026-08-17,1530,essvi_g05,ok,,10,15,2027-01-15,0.4136986301,366.9723014691,20,0.0767123288,0.1726027397,21.9376468957,62.2535575759,62.4099637817,145.7585294340,-47.2390680116,-4.5232767139,59.0682000000
loo,JPM,2026-08-17,1530,essvi_gfree,ok,,10,15,2027-01-15,0.4136986301,366.9723014691,20,0.0767123288,0.1726027397,19.9069127565,55.5883894371,63.6867010285,152.3553249246,-47.9788301785,-1.2286015729,62.8749000000
loo,JPM,2026-08-17,1530,essvi_sg05,ok,,10,15,2027-01-15,0.4136986301,366.9723014691,20,0.0767123288,0.1726027397,20.7252300425,39.8343305730,54.2242313208,116.3418504024,-20.7034527831,13.2427341970,0.5697000000
loo,JPM,2026-08-17,1530,svi,ok,,11,15,2027-03-19,0.5863013699,369.1506834557,46,0.1726027397,0.2465753425,14.1730088009,45.2726007691,42.5201585297,76.9908024378,39.3109639505,34.0693849371,196.4420000000
loo,JPM,2026-08-17,1530,ssvi,ok,,11,15,2027-03-19,0.5863013699,369.1506834557,46,0.1726027397,0.2465753425,21.4356022562,48.7372799730,44.2638290130,79.5745155796,39.5648934939,28.7517758898,0.8111000000
loo,JPM,2026-08-17,1530,essvi,ok,,11,15,2027-03-19,0.5863013699,369.1506834557,46,0.1726027397,0.2465753425,16.3768698085,70.9008431033,45.6523195440,83.3228098308,40.7895950679,28.7039052364,1.6394000000
loo,JPM,2026-08-17,1530,essvi_g05,ok,,11,15,2027-03-19,0.5863013699,369.1506834557,46,0.1726027397,0.2465753425,16.3396181924,72.2301504310,46.1076364183,83.0453443950,43.0780562569,42.4799590890,60.5034000000
loo,JPM,2026-08-17,1530,essvi_gfree,ok,,11,15,2027-03-19,0.5863013699,369.1506834557,46,0.1726027397,0.2465753425,18.5359719656,56.2435664724,44.5269006084,85.6839120629,40.7581451554,36.2616640576,60.3723000000
loo,JPM,2026-08-17,1530,essvi_sg05,ok,,11,15,2027-03-19,0.5863013699,369.1506834557,46,0.1726027397,0.2465753425,20.0523310751,50.1455931089,45.4413875169,80.7084553186,40.4616028010,28.8090981518,0.5487000000
loo,JPM,2026-08-17,1530,svi,ok,,12,15,2027-06-17,0.8328767123,371.8423558208,36,0.2465753425,0.5013698630,11.2155664733,25.0513010146,21.7680161292,50.9608057986,-14.5929706905,-9.7771355306,225.9279000000
loo,JPM,2026-08-17,1530,ssvi,ok,,12,15,2027-06-17,0.8328767123,371.8423558208,36,0.2465753425,0.5013698630,14.2567593330,31.8510786970,16.8974640680,41.4910915703,-7.4065367714,-10.9654491424,0.8788000000
loo,JPM,2026-08-17,1530,essvi,ok,,12,15,2027-06-17,0.8328767123,371.8423558208,36,0.2465753425,0.5013698630,13.3345047286,25.7747012791,26.3847996529,61.7713773551,-18.0324217465,-11.0405941724,1.6543000000
loo,JPM,2026-08-17,1530,essvi_g05,ok,,12,15,2027-06-17,0.8328767123,371.8423558208,36,0.2465753425,0.5013698630,22.7060358572,46.0694752219,36.5925122275,83.5201171425,-20.5978982379,2.6258018226,56.2520000000
loo,JPM,2026-08-17,1530,essvi_gfree,ok,,12,15,2027-06-17,0.8328767123,371.8423558208,36,0.2465753425,0.5013698630,14.2888149337,29.5984349755,28.0564062714,66.4571063909,-17.8417538331,-8.2004277619,64.4950000000
loo,JPM,2026-08-17,1530,essvi_sg05,ok,,12,15,2027-06-17,0.8328767123,371.8423558208,36,0.2465753425,0.5013698630,19.4063888940,41.7235598137,34.9927824450,78.5548906122,-25.1316243241,-11.1653981050,0.5551000000
loo,JPM,2026-08-17,1530,svi,ok,,13,15,2027-12-17,1.3342465753,377.2087591445,29,0.5013698630,0.0958904110,7.1674243476,17.5741437340,11.7381108614,22.3587326501,5.6319577954,13.7292458230,206.2783000000
loo,JPM,2026-08-17,1530,ssvi,ok,,13,15,2027-12-17,1.3342465753,377.2087591445,29,0.5013698630,0.0958904110,8.6836137295,24.0064441818,9.5407299688,20.8371036292,4.0865230657,8.8064503117,0.8669000000
loo,JPM,2026-08-17,1530,essvi,ok,,13,15,2027-12-17,1.3342465753,377.2087591445,29,0.5013698630,0.0958904110,8.3712329160,19.7001899476,10.8723811205,26.9531917271,3.7788623885,8.9368017883,1.6555000000
loo,JPM,2026-08-17,1530,essvi_g05,ok,,13,15,2027-12-17,1.3342465753,377.2087591445,29,0.5013698630,0.0958904110,20.2735573653,55.8920785588,21.7900303418,54.7792215739,6.1834921333,31.0486520555,57.4725000000
loo,JPM,2026-08-17,1530,essvi_gfree,ok,,13,15,2027-12-17,1.3342465753,377.2087591445,29,0.5013698630,0.0958904110,9.4907424707,28.7677238341,13.3693999672,34.5826898654,5.6518300652,17.3459018658,62.3641000000
loo,JPM,2026-08-17,1530,essvi_sg05,ok,,13,15,2027-12-17,1.3342465753,377.2087591445,29,0.5013698630,0.0958904110,21.6164152645,59.9417074525,23.8106064726,70.9752271023,-13.9824218142,8.9673063583,0.5887000000
loo,JPM,2026-08-18,1530,svi,ok,,1,15,2026-08-28,0.0273972603,362.2425443660,10,0.0191780822,0.0191780822,17.0537286625,31.7110742057,40.0875814866,80.3080435587,27.6374628520,0.9033689850,206.8866000000
loo,JPM,2026-08-18,1530,ssvi,ok,,1,15,2026-08-28,0.0273972603,362.2425443660,10,0.0191780822,0.0191780822,55.1740288729,112.7999765897,45.3259621388,83.7395805622,2.4876585986,-30.9891945710,0.9071000000
loo,JPM,2026-08-18,1530,essvi,ok,,1,15,2026-08-28,0.0273972603,362.2425443660,10,0.0191780822,0.0191780822,20.8471958273,37.5521401338,34.9998394202,67.7314422315,3.4403096526,-30.4982063322,1.0472000000
loo,JPM,2026-08-18,1530,essvi_g05,ok,,1,15,2026-08-28,0.0273972603,362.2425443660,10,0.0191780822,0.0191780822,37.0159001114,52.6386715550,38.4135077178,71.1613758036,11.3789480873,-31.6168080322,11.6379000000
loo,JPM,2026-08-18,1530,essvi_gfree,ok,,1,15,2026-08-28,0.0273972603,362.2425443660,10,0.0191780822,0.0191780822,25.1434098539,42.6427392590,35.7882287089,76.3169871104,18.9977011200,-10.4344189191,8.1265000000
loo,JPM,2026-08-18,1530,essvi_sg05,ok,,1,15,2026-08-28,0.0273972603,362.2425443660,10,0.0191780822,0.0191780822,61.9286307869,106.4056681694,42.7630376874,78.9782282363,16.5569468829,-30.1818045418,0.5818000000
loo,JPM,2026-08-18,1530,svi,ok,,2,15,2026-09-04,0.0465753425,362.6435915466,15,0.0191780822,0.0191780822,15.1174626169,44.5203482860,47.6207841260,97.8694393428,-37.4090436779,19.5947286295,197.2370000000
loo,JPM,2026-08-18,1530,ssvi,ok,,2,15,2026-09-04,0.0465753425,362.6435915466,15,0.0191780822,0.0191780822,35.5407735533,62.1577264179,32.7916683371,66.7802591140,8.0015178699,26.4630091803,0.9485000000
loo,JPM,2026-08-18,1530,essvi,ok,,2,15,2026-09-04,0.0465753425,362.6435915466,15,0.0191780822,0.0191780822,28.6158192749,48.4786211113,48.0417109163,106.8235369930,-34.3620414203,26.6047457488,0.9871000000
loo,JPM,2026-08-18,1530,essvi_g05,ok,,2,15,2026-09-04,0.0465753425,362.6435915466,15,0.0191780822,0.0191780822,28.6032604663,54.4481393985,39.8786054540,69.2642405136,-28.1676424134,-13.8201214794,6.3953000000
loo,JPM,2026-08-18,1530,essvi_gfree,ok,,2,15,2026-09-04,0.0465753425,362.6435915466,15,0.0191780822,0.0191780822,17.7270590879,29.3451159246,39.4444780363,58.7976250669,-33.2919944487,0.6980329922,9.5876000000
loo,JPM,2026-08-18,1530,essvi_sg05,ok,,2,15,2026-09-04,0.0465753425,362.6435915466,15,0.0191780822,0.0191780822,32.7634076347,51.8933338434,34.6799699124,75.5981189471,15.7976985765,26.6101931023,0.5660000000
loo,JPM,2026-08-18,1530,svi,ok,,3,15,2026-09-11,0.0657534247,362.6859862226,8,0.0191780822,0.0191780822,13.2899093462,26.6462821954,19.1309629912,29.6508378651,7.0324233745,-29.6508378651,195.0696000000
loo,JPM,2026-08-18,1530,ssvi,ok,,3,15,2026-09-11,0.0657534247,362.6859862226,8,0.0191780822,0.0191780822,42.0072537945,81.3168293563,35.4075044198,63.0092036366,4.8067168037,-46.0227028886,1.1602000000
loo,JPM,2026-08-18,1530,essvi,ok,,3,15,2026-09-11,0.0657534247,362.6859862226,8,0.0191780822,0.0191780822,13.9477209435,25.2675812018,22.6509868582,42.4361354942,4.0438001735,-42.4361354942,0.9972000000
loo,JPM,2026-08-18,1530,essvi_g05,ok,,3,15,2026-09-11,0.0657534247,362.6859862226,8,0.0191780822,0.0191780822,30.0544974012,59.3843307085,30.2228325118,64.2337493795,-5.0303013200,-64.2337493795,7.1326000000
loo,JPM,2026-08-18,1530,essvi_gfree,ok,,3,15,2026-09-11,0.0657534247,362.6859862226,8,0.0191780822,0.0191780822,20.0467811681,45.6295724510,22.0364983409,44.6987796391,2.4824880250,-44.6987796391,8.3179000000
loo,JPM,2026-08-18,1530,essvi_sg05,ok,,3,15,2026-09-11,0.0657534247,362.6859862226,8,0.0191780822,0.0191780822,53.3995388918,86.0207230033,40.3755890068,73.7867652465,23.4675314244,-39.2572163869,0.5583000000
loo,JPM,2026-08-18,1530,svi,ok,,4,15,2026-09-18,0.0849315068,362.9402166358,13,0.0191780822,0.0191780822,7.2225297860,13.2422008746,50.5802244178,142.1368430679,1.6454363470,22.3498130517,206.3470000000
loo,JPM,2026-08-18,1530,ssvi,ok,,4,15,2026-09-18,0.0849315068,362.9402166358,13,0.0191780822,0.0191780822,29.7975530754,60.8052426376,59.1657383740,95.9092722984,54.7259545364,22.5751298260,0.8825000000
loo,JPM,2026-08-18,1530,essvi,ok,,4,15,2026-09-18,0.0849315068,362.9402166358,13,0.0191780822,0.0191780822,13.8068202336,27.1620806789,60.2386117751,177.0304908519,0.1314968991,28.2009368747,0.9387000000
loo,JPM,2026-08-18,1530,essvi_g05,ok,,4,15,2026-09-18,0.0849315068,362.9402166358,13,0.0191780822,0.0191780822,33.0043374019,65.3704699030,75.6600767593,188.0284574872,36.1633486409,-2.9806280757,3.1304000000
loo,JPM,2026-08-18,1530,essvi_gfree,ok,,4,15,2026-09-18,0.0849315068,362.9402166358,13,0.0191780822,0.0191780822,14.2630406124,27.9218668721,57.5800718442,128.0321497844,21.6124892332,4.1242857651,3.3304000000
loo,JPM,2026-08-18,1530,essvi_sg05,ok,,4,15,2026-09-18,0.0849315068,362.9402166358,13,0.0191780822,0.0191780822,63.5964884444,126.9557414459,166.3170762655,386.8099368638,89.7621802771,45.1663943781,0.5809000000
loo,JPM,2026-08-18,1530,svi,ok,,5,15,2026-09-25,0.1041095890,362.9118990342,7,0.0191780822,0.0191780822,38.1155331819,59.0430417648,89.4704154157,227.2409976463,19.3286288864,-11.9681183083,204.2076000000
loo,JPM,2026-08-18,1530,ssvi,ok,,5,15,2026-09-25,0.1041095890,362.9118990342,7,0.0191780822,0.0191780822,109.7395231862,285.0277618843,100.0265753464,255.3317394137,19.1742728620,-10.9322432047,0.9011000000
loo,JPM,2026-08-18,1530,essvi,ok,,5,15,2026-09-25,0.1041095890,362.9118990342,7,0.0191780822,0.0191780822,38.7340874651,52.7786961003,101.4894805459,259.8760455261,19.3804023878,-11.7841441678,0.6889000000
loo,JPM,2026-08-18,1530,essvi_g05,ok,,5,15,2026-09-25,0.1041095890,362.9118990342,7,0.0191780822,0.0191780822,80.0611249795,142.7116765835,116.4353425182,294.0141586994,15.5481123347,-25.3723915883,5.5946000000
loo,JPM,2026-08-18,1530,essvi_gfree,ok,,5,15,2026-09-25,0.1041095890,362.9118990342,7,0.0191780822,0.0191780822,66.0337851436,101.2586370714,102.0170701341,258.9274437892,16.0910644446,-15.6911734152,6.5296000000
loo,JPM,2026-08-18,1530,essvi_sg05,ok,,5,15,2026-09-25,0.1041095890,362.9118990342,7,0.0191780822,0.0191780822,101.2760090665,151.7730361967,125.9156883716,326.6985851135,34.3903666356,-10.0775330682,0.5223000000
loo,JPM,2026-08-18,1530,svi,ok,,6,15,2026-10-02,0.1232876712,363.2472321651,6,0.0191780822,0.0383561644,11.7129104149,23.9404861677,114.0909075412,149.4693347090,108.5153120801,145.9377310290,207.4246000000
loo,JPM,2026-08-18,1530,ssvi,ok,,6,15,2026-10-02,0.1232876712,363.2472321651,6,0.0191780822,0.0383561644,21.1976287621,44.4666799945,124.3302564569,138.7674429395,123.2623585475,138.7674429395,0.9568000000
loo,JPM,2026-08-18,1530,essvi,ok,,6,15,2026-10-02,0.1232876712,363.2472321651,6,0.0191780822,0.0383561644,14.1710263105,31.8644823491,124.7003036363,138.3628882491,124.0229771801,134.5056022177,0.8537000000
loo,JPM,2026-08-18,1530,essvi_g05,ok,,6,15,2026-10-02,0.1232876712,363.2472321651,6,0.0191780822,0.0383561644,16.8627750993,33.2078837449,92.7871394766,141.8743917981,83.5243311385,122.9369206380,62.9671000000
loo,JPM,2026-08-18,1530,essvi_gfree,ok,,6,15,2026-10-02,0.1232876712,363.2472321651,6,0.0191780822,0.0383561644,20.5809966554,31.6145096899,99.7582740259,145.6009665694,91.6481626799,131.1647693463,8.1502000000
loo,JPM,2026-08-18,1530,essvi_sg05,ok,,6,15,2026-10-02,0.1232876712,363.2472321651,6,0.0191780822,0.0383561644,42.8125332901,69.3146626225,115.3804274556,188.9049997449,99.7517251461,154.0329239600,0.5707000000
loo,JPM,2026-08-18,1530,svi,ok,,7,15,2026-10-16,0.1616438356,362.4662573957,19,0.0383561644,0.0958904110,15.7741028519,39.8728769795,150.7348251357,275.7327577441,-145.1659373519,-127.0784985420,186.9320000000
loo,JPM,2026-08-18,1530,ssvi,ok,,7,15,2026-10-16,0.1616438356,362.4662573957,19,0.0383561644,0.0958904110,28.5475056240,71.3755163380,153.7286461652,219.3716952429,-151.1962514039,-134.6344505786,0.8572000000
loo,JPM,2026-08-18,1530,essvi,ok,,7,15,2026-10-16,0.1616438356,362.4662573957,19,0.0383561644,0.0958904110,26.4002111681,77.5774702817,142.3058931242,183.7341466476,-137.3311443308,-132.5540350319,1.0336000000
loo,JPM,2026-08-18,1530,essvi_g05,ok,,7,15,2026-10-16,0.1616438356,362.4662573957,19,0.0383561644,0.0958904110,29.1725211825,65.6973521440,130.8838096905,172.6880744509,-126.6276987837,-128.3291061661,10.6263000000
loo,JPM,2026-08-18,1530,essvi_gfree,ok,,7,15,2026-10-16,0.1616438356,362.4662573957,19,0.0383561644,0.0958904110,26.1757504656,75.5676235472,145.4969786454,241.1183976253,-142.1761611723,-121.2478052228,42.6724000000
loo,JPM,2026-08-18,1530,essvi_sg05,ok,,7,15,2026-10-16,0.1616438356,362.4662573957,19,0.0383561644,0.0958904110,50.3783987027,150.3607811290,145.6173711169,201.7035516372,-132.8750743260,-144.0782800195,0.5795000000
loo,JPM,2026-08-18,1530,svi,ok,,8,15,2026-11-20,0.2575342466,363.7450405653,22,0.0958904110,0.0767123288,10.2020868959,17.9973503685,29.0937677499,60.3123933611,24.3250014144,45.4877262961,210.3648000000
loo,JPM,2026-08-18,1530,ssvi,ok,,8,15,2026-11-20,0.2575342466,363.7450405653,22,0.0958904110,0.0767123288,21.3491475784,50.9662015421,47.7510442493,69.5382601340,43.7051193607,49.7585485868,0.8506000000
loo,JPM,2026-08-18,1530,essvi,ok,,8,15,2026-11-20,0.2575342466,363.7450405653,22,0.0958904110,0.0767123288,11.9935097624,26.4705988135,44.1941007657,69.0005755093,40.6609346510,49.9232371545,1.0819000000
loo,JPM,2026-08-18,1530,essvi_g05,ok,,8,15,2026-11-20,0.2575342466,363.7450405653,22,0.0958904110,0.0767123288,11.8524773055,27.3788508668,32.5775616536,51.8329609322,29.2374490245,33.2977131458,29.6936000000
loo,JPM,2026-08-18,1530,essvi_gfree,ok,,8,15,2026-11-20,0.2575342466,363.7450405653,22,0.0958904110,0.0767123288,14.0463732415,36.6460509050,36.3744545121,60.1767292769,31.5251260230,40.8610775091,6.5213000000
loo,JPM,2026-08-18,1530,essvi_sg05,ok,,8,15,2026-11-20,0.2575342466,363.7450405653,22,0.0958904110,0.0767123288,12.0187391541,28.2818668446,52.4098192195,90.2231317209,50.7463343796,50.8574221133,0.5760000000
loo,JPM,2026-08-18,1530,svi,ok,,9,15,2026-12-18,0.3342465753,364.8041493715,31,0.0767123288,0.0767123288,15.7494486440,48.3028695896,48.0184112613,85.5827140528,42.1842467648,28.3555592989,202.0827000000
loo,JPM,2026-08-18,1530,ssvi,ok,,9,15,2026-12-18,0.3342465753,364.8041493715,31,0.0767123288,0.0767123288,30.1918584062,98.2174111648,55.0213214398,74.8941584096,47.0386188040,36.0219010600,1.5896000000
loo,JPM,2026-08-18,1530,essvi,ok,,9,15,2026-12-18,0.3342465753,364.8041493715,31,0.0767123288,0.0767123288,29.9687279514,90.7678045034,56.6251281752,84.2134459573,47.5907048618,36.1841697313,1.0390000000
loo,JPM,2026-08-18,1530,essvi_g05,ok,,9,15,2026-12-18,0.3342465753,364.8041493715,31,0.0767123288,0.0767123288,25.8087414681,93.0475559018,51.0737213242,79.5946214589,40.8366369045,30.5608001911,39.3797000000
loo,JPM,2026-08-18,1530,essvi_gfree,ok,,9,15,2026-12-18,0.3342465753,364.8041493715,31,0.0767123288,0.0767123288,27.6708535239,100.9548121846,51.2023306719,89.2150934757,39.4337484783,33.9343791788,2.9766000000
loo,JPM,2026-08-18,1530,essvi_sg05,ok,,9,15,2026-12-18,0.3342465753,364.8041493715,31,0.0767123288,0.0767123288,34.1668546804,60.3439148244,63.9548765787,101.3255572858,58.4412510741,36.1694886686,0.5808000000
loo,JPM,2026-08-18,1530,svi,ok,,10,15,2027-01-15,0.4109589041,364.8147554327,21,0.0767123288,0.1726027397,17.7230357306,44.8812973076,57.0714169518,100.4277556073,-52.9257167883,-37.0749059053,201.2231000000
loo,JPM,2026-08-18,1530,ssvi,ok,,10,15,2027-01-15,0.4109589041,364.8147554327,21,0.0767123288,0.1726027397,32.1346777722,53.9722664567,49.6426670368,92.4184741337,-41.6278633910,-29.1812826980,0.8663000000
loo,JPM,2026-08-18,1530,essvi,ok,,10,15,2027-01-15,0.4109589041,364.8147554327,21,0.0767123288,0.1726027397,28.1790648140,55.1747518104,53.1973846780,93.9726911258,-46.2395258091,-28.5608733409,1.0121000000
loo,JPM,2026-08-18,1530,essvi_g05,ok,,10,15,2027-01-15,0.4109589041,364.8147554327,21,0.0767123288,0.1726027397,25.4378784809,48.8755934513,58.5730446112,98.9292016687,-52.4014495977,-35.6675971828,6.8384000000
loo,JPM,2026-08-18,1530,essvi_gfree,ok,,10,15,2027-01-15,0.4109589041,364.8147554327,21,0.0767123288,0.1726027397,25.3951272101,49.4918610717,59.1130387400,99.5087904248,-52.9853448023,-35.7043658019,7.8593000000
loo,JPM,2026-08-18,1530,essvi_sg05,ok,,10,15,2027-01-15,0.4109589041,364.8147554327,21,0.0767123288,0.1726027397,39.2375334046,61.1410731574,41.4533772539,91.0602893090,-30.4421374195,-29.0242655209,0.6005000000
loo,JPM,2026-08-18,1530,svi,ok,,11,15,2027-03-19,0.5835616438,367.9143963882,39,0.1726027397,0.2465753425,8.7902005713,23.7212089767,52.7321693716,89.7487413493,46.6582853104,58.0197810639,200.7406000000
loo,JPM,2026-08-18,1530,ssvi,ok,,11,15,2027-03-19,0.5835616438,367.9143963882,39,0.1726027397,0.2465753425,22.5712220209,50.5511629033,67.1762302356,111.6594146241,62.6480596800,67.3042938242,0.7937000000
loo,JPM,2026-08-18,1530,essvi,ok,,11,15,2027-03-19,0.5835616438,367.9143963882,39,0.1726027397,0.2465753425,9.2214144428,26.1549931319,56.7399329360,86.5088359535,52.7824374519,67.1671766589,0.9995000000
loo,JPM,2026-08-18,1530,essvi_g05,ok,,11,15,2027-03-19,0.5835616438,367.9143963882,39,0.1726027397,0.2465753425,9.0968104710,28.7285518198,52.6936031423,82.8822929203,48.0447826539,61.8168948918,19.3208000000
loo,JPM,2026-08-18,1530,essvi_gfree,ok,,11,15,2027-03-19,0.5835616438,367.9143963882,39,0.1726027397,0.2465753425,10.1794798886,27.6193707626,49.6703355086,86.7328623232,44.8626392157,50.5104150893,6.5336000000
loo,JPM,2026-08-18,1530,essvi_sg05,ok,,11,15,2027-03-19,0.5835616438,367.9143963882,39,0.1726027397,0.2465753425,12.4772921423,36.2407663264,66.6377616575,108.9391138137,62.5917669754,67.2197475123,0.5861000000
loo,JPM,2026-08-18,1530,svi,ok,,12,15,2027-06-17,0.8301369863,370.6299203363,32,0.2465753425,0.5013698630,7.8310184089,20.4325850094,10.4722708764,28.8352044955,0.5815905450,-9.3502999632,205.6912000000
loo,JPM,2026-08-18,1530,ssvi,ok,,12,15,2027-06-17,0.8301369863,370.6299203363,32,0.2465753425,0.5013698630,15.9524775500,36.2888849363,11.4089738820,31.0859761754,4.6361833513,-11.1232287424,0.8257000000
loo,JPM,2026-08-18,1530,essvi,ok,,12,15,2027-06-17,0.8301369863,370.6299203363,32,0.2465753425,0.5013698630,9.6069097493,24.7227688088,14.4539122928,32.2145251709,-0.3386663156,-11.0465264300,0.9955000000
loo,JPM,2026-08-18,1530,essvi_g05,ok,,12,15,2027-06-17,0.8301369863,370.6299203363,32,0.2465753425,0.5013698630,11.4760822074,35.2924044196,15.8861902901,41.8300310352,-1.3911225779,7.5811117209,7.3995000000
loo,JPM,2026-08-18,1530,essvi_gfree,ok,,12,15,2027-06-17,0.8301369863,370.6299203363,32,0.2465753425,0.5013698630,9.3531200618,22.9066558048,12.9482568649,31.4771999500,0.9206377638,-9.5657120850,7.7072000000
loo,JPM,2026-08-18,1530,essvi_sg05,ok,,12,15,2027-06-17,0.8301369863,370.6299203363,32,0.2465753425,0.5013698630,11.2722707086,25.4471515961,13.0092997458,31.3851643781,-7.0103491882,-11.0885489941,0.5728000000
loo,JPM,2026-08-18,1530,svi,ok,,13,15,2027-12-17,1.3315068493,375.7459702267,30,0.5013698630,0.0958904110,7.0585540553,14.0629227152,23.8548927018,62.1749613096,1.0335296194,1.8214643109,211.1679000000
loo,JPM,2026-08-18,1530,ssvi,ok,,13,15,2027-12-17,1.3315068493,375.7459702267,30,0.5013698630,0.0958904110,16.2888440471,41.9571438994,20.7621294523,56.5087840675,-2.7294381797,2.9301549306,0.8069000000
loo,JPM,2026-08-18,1530,essvi,ok,,13,15,2027-12-17,1.3315068493,375.7459702267,30,0.5013698630,0.0958904110,10.9247510837,19.5570379180,22.3325563621,58.6086084270,-1.3094488064,3.1445619406,1.0821000000
loo,JPM,2026-08-18,1530,essvi_g05,ok,,13,15,2027-12-17,1.3315068493,375.7459702267,30,0.5013698630,0.0958904110,27.3007725284,59.3419999015,34.4941965533,90.7595199263,-0.8546992472,22.8042999666,8.1833000000
loo,JPM,2026-08-18,1530,essvi_gfree,ok,,13,15,2027-12-17,1.3315068493,375.7459702267,30,0.5013698630,0.0958904110,12.5211745564,23.7907511644,21.4304327501,52.9268453806,0.8726051556,3.0061236408,8.4256000000
loo,JPM,2026-08-18,1530,essvi_sg05,ok,,13,15,2027-12-17,1.3315068493,375.7459702267,30,0.5013698630,0.0958904110,29.2997091681,67.5566538254,35.0533455837,98.5801688591,-15.1575241929,3.3178445820,0.5655000000
loo,JPM,2026-08-19,1530,svi,ok,,1,13,2026-09-04,0.0438356164,358.3531151955,12,0.0191780822,0.0191780822,18.3607368689,36.5977439405,59.7626832287,104.6313939771,-54.2225223325,-24.9553117912,142.0801000000
loo,JPM,2026-08-19,1530,ssvi,ok,,1,13,2026-09-04,0.0438356164,358.3531151955,12,0.0191780822,0.0191780822,40.0646228390,65.3445864662,71.9493789396,99.0118818108,-69.4826037965,-30.8380119672,0.7639000000
loo,JPM,2026-08-19,1530,essvi,ok,,1,13,2026-09-04,0.0438356164,358.3531151955,12,0.0191780822,0.0191780822,29.1338131976,54.9021858135,58.8385495054,90.1411221152,-54.4072175927,-30.5522396108,0.4859000000
loo,JPM,2026-08-19,1530,essvi_g05,ok,,1,13,2026-09-04,0.0438356164,358.3531151955,12,0.0191780822,0.0191780822,24.4112394903,40.5172455167,62.9453869617,92.4150708826,-57.2109812592,-38.7325902116,3.2851000000
loo,JPM,2026-08-19,1530,essvi_gfree,ok,,1,13,2026-09-04,0.0438356164,358.3531151955,12,0.0191780822,0.0191780822,21.4435650783,37.4664586666,59.9014839126,83.4465739868,-54.4192792674,-30.8876501989,2.0650000000
loo,JPM,2026-08-19,1530,essvi_sg05,ok,,1,13,2026-09-04,0.0438356164,358.3531151955,12,0.0191780822,0.0191780822,30.0861934283,54.3275058259,52.0116325535,85.1432404480,-43.0833717823,-30.5615050193,0.3747000000
loo,JPM,2026-08-19,1530,svi,ok,,2,13,2026-09-11,0.0630136986,358.6534895926,8,0.0191780822,0.0191780822,9.4061216543,19.0061999409,35.1006178049,50.6853943964,31.2169288438,50.6853943964,142.6996000000
loo,JPM,2026-08-19,1530,ssvi,ok,,2,13,2026-09-11,0.0630136986,358.6534895926,8,0.0191780822,0.0191780822,22.4192280355,34.7036556473,19.9993918147,34.6407770906,8.2351202135,34.6407770906,0.7794000000
loo,JPM,2026-08-19,1530,essvi,ok,,2,13,2026-09-11,0.0630136986,358.6534895926,8,0.0191780822,0.0191780822,15.2173869615,29.6384795198,31.2645467313,41.7218746895,24.3670426234,34.7045963595,0.5243000000
loo,JPM,2026-08-19,1530,essvi_g05,ok,,2,13,2026-09-11,0.0630136986,358.6534895926,8,0.0191780822,0.0191780822,20.6107055649,37.8263780988,31.0898561950,46.6631984683,21.4569023628,26.1898188751,3.6967000000
loo,JPM,2026-08-19,1530,essvi_gfree,ok,,2,13,2026-09-11,0.0630136986,358.6534895926,8,0.0191780822,0.0191780822,17.0963105411,32.1037122100,32.7142061960,43.8347980656,26.2159720013,37.1948682951,2.3301000000
loo,JPM,2026-08-19,1530,essvi_sg05,ok,,2,13,2026-09-11,0.0630136986,358.6534895926,8,0.0191780822,0.0191780822,32.0705032098,63.0440389955,47.6631897379,77.2360621469,38.3784318898,35.3226229603,0.3553000000
loo,JPM,2026-08-19,1530,svi,ok,,3,13,2026-09-18,0.0821917808,358.7345094179,15,0.0191780822,0.0767123288,10.1814150641,26.5757681209,93.7735973956,120.5516962898,90.0620588510,120.5516962898,148.8427000000
loo,JPM,2026-08-19,1530,ssvi,ok,,3,13,2026-09-18,0.0821917808,358.7345094179,15,0.0191780822,0.0767123288,41.6719616187,85.4348501505,82.4305497593,116.4749743398,78.6318107349,116.4749743398,0.7556000000
loo,JPM,2026-08-19,1530,essvi,ok,,3,13,2026-09-18,0.0821917808,358.7345094179,15,0.0191780822,0.0767123288,13.8860811479,24.0782735897,102.5122071812,133.6898201006,100.9746597001,115.7628712127,0.5277000000
loo,JPM,2026-08-19,1530,essvi_g05,ok,,3,13,2026-09-18,0.0821917808,358.7345094179,15,0.0191780822,0.0767123288,32.7360657413,77.9987018958,122.8566109243,210.1592975163,118.7827345709,106.0522396065,2.0075000000
loo,JPM,2026-08-19,1530,essvi_gfree,ok,,3,13,2026-09-18,0.0821917808,358.7345094179,15,0.0191780822,0.0767123288,20.7476362198,47.2638212785,118.2113615766,191.4450532685,115.2724457412,109.4208468206,2.3400000000
loo,JPM,2026-08-19,1530,essvi_sg05,ok,,3,13,2026-09-18,0.0821917808,358.7345094179,15,0.0191780822,0.0767123288,66.2242052331,155.1060750663,151.4083097539,269.3150100317,144.8150125057,116.3522307130,0.3725000000
loo,JPM,2026-08-19,1530,svi,ok,,4,13,2026-10-16,0.1589041096,358.6057869558,20,0.0767123288,0.0958904110,13.5994191533,30.2055137119,92.7991831824,184.5994171037,-86.4059949692,-66.0857733122,148.1695000000
loo,JPM,2026-08-19,1530,ssvi,ok,,4,13,2026-10-16,0.1589041096,358.6057869558,20,0.0767123288,0.0958904110,43.4294218945,111.0655426066,126.5844843418,214.5030289631,-121.3878292802,-80.8064721250,0.9262000000
loo,JPM,2026-08-19,1530,essvi,ok,,4,13,2026-10-16,0.1589041096,358.6057869558,20,0.0767123288,0.0958904110,13.8397904741,33.3029170668,105.6348047310,156.9506534288,-102.2368938232,-80.6712283765,0.7653000000
loo,JPM,2026-08-19,1530,essvi_g05,ok,,4,13,2026-10-16,0.1589041096,358.6057869558,20,0.0767123288,0.0958904110,15.4838457536,33.6414940747,94.3492279562,141.6566689569,-89.2346115918,-71.1666187046,3.4941000000
loo,JPM,2026-08-19,1530,essvi_gfree,ok,,4,13,2026-10-16,0.1589041096,358.6057869558,20,0.0767123288,0.0958904110,13.8309636717,31.6476844391,94.7010126211,152.2122593749,-89.5028321511,-65.7545719463,2.2617000000
loo,JPM,2026-08-19,1530,essvi_sg05,ok,,4,13,2026-10-16,0.1589041096,358.6057869558,20,0.0767123288,0.0958904110,34.0535473904,84.2888536444,87.6158800758,122.9446872558,-81.3752146382,-80.3093786162,0.3617000000
loo,JPM,2026-08-19,1530,svi,ok,,5,13,2026-11-20,0.2547945205,359.8002668847,21,0.0958904110,0.0767123288,12.1836860427,20.2576405005,27.5928870340,53.5349312021,20.3309393336,53.5349312021,147.3089000000
loo,JPM,2026-08-19,1530,ssvi,ok,,5,13,2026-11-20,0.2547945205,359.8002668847,21,0.0958904110,0.0767123288,41.2366410156,57.1256504784,22.0105832626,53.2969367738,13.2411356302,53.2969367738,0.8090000000
loo,JPM,2026-08-19,1530,essvi,ok,,5,13,2026-11-20,0.2547945205,359.8002668847,21,0.0958904110,0.0767123288,28.7433997253,44.9335229705,24.8252520514,53.3010415215,17.8725237028,53.3010415215,0.4568000000
loo,JPM,2026-08-19,1530,essvi_g05,ok,,5,13,2026-11-20,0.2547945205,359.8002668847,21,0.0958904110,0.0767123288,20.5567557775,49.5267200437,27.0585563413,57.0526578096,18.2073761408,42.4368384507,2.8263000000
loo,JPM,2026-08-19,1530,essvi_gfree,ok,,5,13,2026-11-20,0.2547945205,359.8002668847,21,0.0958904110,0.0767123288,19.5682861227,44.6027344882,26.5807211353,56.0381577496,18.1755398543,44.0308247948,2.0032000000
loo,JPM,2026-08-19,1530,essvi_sg05,ok,,5,13,2026-11-20,0.2547945205,359.8002668847,21,0.0958904110,0.0767123288,31.9921358961,81.0603545523,50.7645796431,124.6251574674,41.8103758097,53.2957001863,0.4939000000
loo,JPM,2026-08-19,1530,svi,ok,,6,13,2026-12-18,0.3315068493,361.1576326054,24,0.0767123288,0.0767123288,12.5167216879,38.9979968065,52.1364048848,83.3550185757,49.1705012744,30.4156039444,150.1368000000
loo,JPM,2026-08-19,1530,ssvi,ok,,6,13,2026-12-18,0.3315068493,361.1576326054,24,0.0767123288,0.0767123288,14.4680389849,36.8586941400,42.3378668123,74.2461824705,39.8275384671,29.5591306172,0.7278000000
loo,JPM,2026-08-19,1530,essvi,ok,,6,13,2026-12-18,0.3315068493,361.1576326054,24,0.0767123288,0.0767123288,13.4272489372,38.8505450809,50.4891157585,91.0720600626,47.8026341333,29.6078646936,0.4765000000
loo,JPM,2026-08-19,1530,essvi_g05,ok,,6,13,2026-12-18,0.3315068493,361.1576326054,24,0.0767123288,0.0767123288,16.6469626991,46.7395483197,51.8854284184,92.6399636084,49.2611620028,30.9739258588,3.2162000000
loo,JPM,2026-08-19,1530,essvi_gfree,ok,,6,13,2026-12-18,0.3315068493,361.1576326054,24,0.0767123288,0.0767123288,16.6165102679,46.6589950014,50.8611514569,92.0695873813,48.1577484763,29.6555730622,2.0498000000
loo,JPM,2026-08-19,1530,essvi_sg05,ok,,6,13,2026-12-18,0.3315068493,361.1576326054,24,0.0767123288,0.0767123288,34.9702143122,78.5994264677,65.6661673080,113.3449069987,60.9301840259,29.5986305290,0.3592000000
loo,JPM,2026-08-19,1530,svi,ok,,7,13,2027-01-15,0.4082191781,361.4981834862,21,0.0767123288,0.1726027397,15.4814989867,33.8441786020,73.8433637662,142.5180421525,-48.9175537974,-58.3765416138,139.9325000000
loo,JPM,2026-08-19,1530,ssvi,ok,,7,13,2027-01-15,0.4082191781,361.4981834862,21,0.0767123288,0.1726027397,24.3592813268,57.2966042304,63.4700918829,126.3898710260,-56.4346607957,-53.2700857527,0.7395000000
loo,JPM,2026-08-19,1530,essvi,ok,,7,13,2027-01-15,0.4082191781,361.4981834862,21,0.0767123288,0.1726027397,20.9616583332,56.4891019324,69.7060612253,135.3321496766,-62.9246599375,-53.0948728581,0.4690000000
loo,JPM,2026-08-19,1530,essvi_g05,ok,,7,13,2027-01-15,0.4082191781,361.4981834862,21,0.0767123288,0.1726027397,19.7960699310,51.2169830832,61.4048945456,111.2016548678,-56.2007726809,-63.7119763937,3.0880000000
loo,JPM,2026-08-19,1530,essvi_gfree,ok,,7,13,2027-01-15,0.4082191781,361.4981834862,21,0.0767123288,0.1726027397,19.6257610830,50.6011839364,59.5588769204,105.1450691965,-54.4711066492,-65.4848298101,2.2454000000
loo,JPM,2026-08-19,1530,essvi_sg05,ok,,7,13,2027-01-15,0.4082191781,361.4981834862,21,0.0767123288,0.1726027397,43.6752967829,80.9981966919,35.5588190515,63.7662423128,-17.4877580992,-53.1324767275,0.3658000000
loo,JPM,2026-08-19,1530,svi,ok,,8,13,2027-03-19,0.5808219178,363.9937610906,31,0.1726027397,0.2465753425,13.2776741793,28.2590462911,36.4032978734,62.3657126315,33.2325912383,21.3300191499,136.2669000000
loo,JPM,2026-08-19,1530,ssvi,ok,,8,13,2027-03-19,0.5808219178,363.9937610906,31,0.1726027397,0.2465753425,19.0027407009,42.2252743157,37.1962636289,65.6152436395,34.1686897315,19.4720703826,0.7238000000
loo,JPM,2026-08-19,1530,essvi,ok,,8,13,2027-03-19,0.5808219178,363.9937610906,31,0.1726027397,0.2465753425,16.8958044512,35.0130768092,34.9866811983,61.5148637252,31.6319572387,19.4627251206,0.4887000000
loo,JPM,2026-08-19,1530,essvi_g05,ok,,8,13,2027-03-19,0.5808219178,363.9937610906,31,0.1726027397,0.2465753425,14.7743166125,33.3107615783,38.8344123507,61.1769618239,35.6221182282,26.5160590840,2.9851000000
loo,JPM,2026-08-19,1530,essvi_gfree,ok,,8,13,2027-03-19,0.5808219178,363.9937610906,31,0.1726027397,0.2465753425,14.5270980113,28.8635218260,35.3435966266,61.2101430459,32.1077800378,19.4889242991,2.1842000000
loo,JPM,2026-08-19,1530,essvi_sg05,ok,,8,13,2027-03-19,0.5808219178,363.9937610906,31,0.1726027397,0.2465753425,26.9382786823,59.8521978358,44.9584696431,76.4566516968,41.9895854358,19.5435165949,0.3616000000
loo,JPM,2026-08-19,1530,svi,ok,,9,13,2027-06-17,0.8273972603,366.7707338983,28,0.2465753425,0.2520547945,18.2071024063,37.9077878880,41.4470472941,103.5639688058,11.6636851132,23.9200678195,144.1696000000
loo,JPM,2026-08-19,1530,ssvi,ok,,9,13,2027-06-17,0.8273972603,366.7707338983,28,0.2465753425,0.2520547945,21.9030703971,45.6145925322,32.1453647829,56.9002463496,22.6582377384,33.2722514512,0.7377000000
loo,JPM,2026-08-19,1530,essvi,ok,,9,13,2027-06-17,0.8273972603,366.7707338983,28,0.2465753425,0.2520547945,21.1886346517,47.3561554868,26.1196329671,58.7485330840,3.7723863964,34.1368486354,0.4866000000
loo,JPM,2026-08-19,1530,essvi_g05,ok,,9,13,2027-06-17,0.8273972603,366.7707338983,28,0.2465753425,0.2520547945,20.9345214992,40.6016858736,30.5435970117,57.1489845513,-8.5982601384,30.3418813939,1.6746000000
loo,JPM,2026-08-19,1530,essvi_gfree,ok,,9,13,2027-06-17,0.8273972603,366.7707338983,28,0.2465753425,0.2520547945,20.2123054769,41.5407368186,26.5849458674,53.8461551286,-2.9019226571,24.6456805446,2.1618000000
loo,JPM,2026-08-19,1530,essvi_sg05,ok,,9,13,2027-06-17,0.8273972603,366.7707338983,28,0.2465753425,0.2520547945,23.3124610773,45.0011564851,32.8167383203,75.2060597486,16.9964292297,34.2450619398,0.3473000000
loo,JPM,2026-08-19,1530,svi,ok,,10,13,2027-09-17,1.0794520548,369.9613755961,19,0.2520547945,0.2493150685,11.8871338030,19.2228407590,31.2831325664,56.5997242921,0.4767353904,-12.2248957471,148.2557000000
loo,JPM,2026-08-19,1530,ssvi,ok,,10,13,2027-09-17,1.0794520548,369.9613755961,19,0.2520547945,0.2493150685,32.2712077889,67.1893454269,30.8650874915,54.8108026076,-10.6871088131,-26.6448735671,0.7624000000
loo,JPM,2026-08-19,1530,essvi,ok,,10,13,2027-09-17,1.0794520548,369.9613755961,19,0.2520547945,0.2493150685,23.6176576585,45.9269576661,29.3750584120,51.1404111206,-9.6580797934,-26.6290558124,0.4864000000
loo,JPM,2026-08-19,1530,essvi_g05,ok,,10,13,2027-09-17,1.0794520548,369.9613755961,19,0.2520547945,0.2493150685,25.4909569734,67.6483466837,31.6625162697,57.7510158733,4.3132031849,1.0086784760,2.1470000000
loo,JPM,2026-08-19,1530,essvi_gfree,ok,,10,13,2027-09-17,1.0794520548,369.9613755961,19,0.2520547945,0.2493150685,22.8369412057,56.8396459086,29.4826079636,53.8904961184,1.6594327760,-5.8903609114,2.2501000000
loo,JPM,2026-08-19,1530,essvi_sg05,ok,,10,13,2027-09-17,1.0794520548,369.9613755961,19,0.2520547945,0.2493150685,23.6632761502,45.4475044228,31.9483242351,58.2078152621,-14.2346843977,-26.6346378776,0.3610000000
loo,JPM,2026-08-19,1530,svi,ok,,11,13,2027-12-17,1.3287671233,372.2613300528,23,0.2493150685,0.0958904110,13.9929808773,24.5397374201,18.9304328087,38.8206771523,10.9609611639,31.8141843494,150.6845000000
loo,JPM,2026-08-19,1530,ssvi,ok,,11,13,2027-12-17,1.3287671233,372.2613300528,23,0.2493150685,0.0958904110,21.4677131466,44.2947157035,15.6460716634,26.4721964830,4.4038053598,23.0146536769,0.7367000000
loo,JPM,2026-08-19,1530,essvi,ok,,11,13,2027-12-17,1.3287671233,372.2613300528,23,0.2493150685,0.0958904110,19.0839412748,40.6037805876,16.6880073412,31.3796238634,3.9943362991,22.9108230897,0.4749000000
loo,JPM,2026-08-19,1530,essvi_g05,ok,,11,13,2027-12-17,1.3287671233,372.2613300528,23,0.2493150685,0.0958904110,18.8200668399,42.7832030314,25.4898809743,60.7601310820,9.8141806795,46.6444632984,1.7242000000
loo,JPM,2026-08-19,1530,essvi_gfree,ok,,11,13,2027-12-17,1.3287671233,372.2613300528,23,0.2493150685,0.0958904110,15.8330255816,34.3933818485,21.4102276723,45.7064559536,8.7658961557,38.9815016452,2.0654000000
loo,JPM,2026-08-19,1530,essvi_sg05,ok,,11,13,2027-12-17,1.3287671233,372.2613300528,23,0.2493150685,0.0958904110,25.8188017364,46.5581966254,19.7467791137,57.3534722137,-6.0156410518,22.9262681283,0.3514000000
loo,JPM,2026-08-20,1530,svi,ok,,1,15,2026-09-04,0.0410958904,354.3418473467,12,0.0191780822,0.0191780822,11.5795457779,19.9991986753,58.2101846869,84.3579441605,-56.2643386348,-52.0471756659,213.9448000000
loo,JPM,2026-08-20,1530,ssvi,ok,,1,15,2026-09-04,0.0410958904,354.3418473467,12,0.0191780822,0.0191780822,14.4102274626,24.9131574654,59.7561310965,82.5344979280,-57.9371066233,-48.3132036279,1.0653000000
loo,JPM,2026-08-20,1530,essvi,ok,,1,15,2026-09-04,0.0410958904,354.3418473467,12,0.0191780822,0.0191780822,12.8594780203,23.5581468650,51.2201554881,84.0155571356,-44.7255896973,-47.6372683357,0.5882000000
loo,JPM,2026-08-20,1530,essvi_g05,ok,,1,15,2026-09-04,0.0410958904,354.3418473467,12,0.0191780822,0.0191780822,24.3500673415,43.6133591568,64.6781180898,102.5580502071,-52.6950034347,-62.2422497795,10.3237000000
loo,JPM,2026-08-20,1530,essvi_gfree,ok,,1,15,2026-09-04,0.0410958904,354.3418473467,12,0.0191780822,0.0191780822,18.9377072252,36.3206675952,65.7294175360,99.3375077099,-50.5292625602,-51.7645724093,6.4318000000
loo,JPM,2026-08-20,1530,essvi_sg05,ok,,1,15,2026-09-04,0.0410958904,354.3418473467,12,0.0191780822,0.0191780822,37.8353644777,66.7781652555,48.2175253201,84.8068125158,-32.9650348247,-47.1703087580,0.4414000000
loo,JPM,2026-08-20,1530,svi,ok,,2,15,2026-09-11,0.0602739726,354.7341569080,7,0.0191780822,0.0191780822,0.4544630652,0.8273467872,32.5194201463,35.3881473248,32.3728603228,34.2751985041,198.6861000000
loo,JPM,2026-08-20,1530,ssvi,ok,,2,15,2026-09-11,0.0602739726,354.7341569080,7,0.0191780822,0.0191780822,5.5104207806,9.4282694293,37.2654724027,43.4940474174,36.9506800095,39.6060289651,1.1169000000
loo,JPM,2026-08-20,1530,essvi,ok,,2,15,2026-09-11,0.0602739726,354.7341569080,7,0.0191780822,0.0191780822,2.2170830653,3.4410165600,37.3638543532,40.5802109858,37.0922395159,39.3911229287,0.6343000000
loo,JPM,2026-08-20,1530,essvi_g05,ok,,2,15,2026-09-11,0.0602739726,354.7341569080,7,0.0191780822,0.0191780822,13.2834504849,19.7178249263,24.1132423799,47.7267082986,18.4607564955,1.7925388523,7.0508000000
loo,JPM,2026-08-20,1530,essvi_gfree,ok,,2,15,2026-09-11,0.0602739726,354.7341569080,7,0.0191780822,0.0191780822,7.7580512887,12.0304855276,25.3343292089,39.2665230499,23.7232221977,13.7775184449,6.7501000000
loo,JPM,2026-08-20,1530,essvi_sg05,ok,,2,15,2026-09-11,0.0602739726,354.7341569080,7,0.0191780822,0.0191780822,26.7467674526,48.9571475383,64.6322164906,104.9496210052,60.5983960535,39.9720158718,0.4617000000
loo,JPM,2026-08-20,1530,svi,ok,,3,15,2026-09-18,0.0794520548,354.8941209959,15,0.0191780822,0.0191780822,11.3296204340,22.4956708436,66.8525209173,170.0486702291,-35.6272995730,0.1903831331,195.1663000000
loo,JPM,2026-08-20,1530,ssvi,ok,,3,15,2026-09-18,0.0794520548,354.8941209959,15,0.0191780822,0.0191780822,20.6946109328,53.6992280583,27.4607936134,68.2235850372,-18.2269138036,-13.2166032447,1.0547000000
loo,JPM,2026-08-20,1530,essvi,ok,,3,15,2026-09-18,0.0794520548,354.8941209959,15,0.0191780822,0.0191780822,14.1715107882,28.3026628756,59.7755468193,140.4348582737,-44.1720994644,-13.2251074289,0.5944000000
loo,JPM,2026-08-20,1530,essvi_g05,ok,,3,15,2026-09-18,0.0794520548,354.8941209959,15,0.0191780822,0.0191780822,31.0143857702,48.1902791355,44.4486948056,94.3237610546,-4.8231624755,-39.9109982129,3.5663000000
loo,JPM,2026-08-20,1530,essvi_gfree,ok,,3,15,2026-09-18,0.0794520548,354.8941209959,15,0.0191780822,0.0191780822,20.1504410100,31.5383464798,42.4162690930,74.9092884811,-11.7344484762,-33.8600524213,3.4850000000
loo,JPM,2026-08-20,1530,essvi_sg05,ok,,3,15,2026-09-18,0.0794520548,354.8941209959,15,0.0191780822,0.0191780822,64.6275460663,137.9771157198,121.1652389589,296.8030832562,29.9997343214,-12.5009708814,0.4688000000
loo,JPM,2026-08-20,1530,svi,ok,,4,15,2026-09-25,0.0986301370,355.0925169698,10,0.0191780822,0.0191780822,23.5757629223,48.7418239337,66.2469537727,151.9403174921,25.7628533859,2.5995630840,203.0333000000
loo,JPM,2026-08-20,1530,ssvi,ok,,4,15,2026-09-25,0.0986301370,355.0925169698,10,0.0191780822,0.0191780822,75.8513078783,171.9048604926,86.4102625513,194.4305480916,48.2161334468,20.2568881269,1.0925000000
loo,JPM,2026-08-20,1530,essvi,ok,,4,15,2026-09-25,0.0986301370,355.0925169698,10,0.0191780822,0.0191780822,30.0525647793,63.1398648685,70.1209322032,160.0385648791,38.4206108435,20.1417463082,0.5436000000
loo,JPM,2026-08-20,1530,essvi_g05,ok,,4,15,2026-09-25,0.0986301370,355.0925169698,10,0.0191780822,0.0191780822,77.3656320596,111.6910504860,113.4728294346,255.2352392865,43.0586271891,-19.6724408590,2.9366000000
loo,JPM,2026-08-20,1530,essvi_gfree,ok,,4,15,2026-09-25,0.0986301370,355.0925169698,10,0.0191780822,0.0191780822,68.1718688783,98.3462154746,107.1082918302,240.3776825077,41.5750959515,-14.8106162716,4.1011000000
loo,JPM,2026-08-20,1530,essvi_sg05,ok,,4,15,2026-09-25,0.0986301370,355.0925169698,10,0.0191780822,0.0191780822,111.7501134492,232.6974685908,140.5597617885,309.7026740053,88.0655855989,20.1295360576,0.6670000000
loo,JPM,2026-08-20,1530,svi,ok,,5,15,2026-10-02,0.1178082192,355.4866855875,7,0.0191780822,0.0383561644,12.6722918068,27.2376639411,121.5193097789,152.6781126121,118.3984066457,102.4292172265,220.3636000000
loo,JPM,2026-08-20,1530,ssvi,ok,,5,15,2026-10-02,0.1178082192,355.4866855875,7,0.0191780822,0.0383561644,30.5271181426,42.2364300698,116.7040457078,138.0994938520,114.0646417237,91.5552028172,1.0799000000
loo,JPM,2026-08-20,1530,essvi,ok,,5,15,2026-10-02,0.1178082192,355.4866855875,7,0.0191780822,0.0383561644,27.9634730983,46.9690522181,111.9031402764,135.6825289019,102.4873132180,91.3560419988,0.5867000000
loo,JPM,2026-08-20,1530,essvi_g05,ok,,5,15,2026-10-02,0.1178082192,355.4866855875,7,0.0191780822,0.0383561644,18.5758180972,41.8241546226,116.8242337320,167.1862610464,110.4711793519,68.5315441822,7.4367000000
loo,JPM,2026-08-20,1530,essvi_gfree,ok,,5,15,2026-10-02,0.1178082192,355.4866855875,7,0.0191780822,0.0383561644,17.5071062819,36.8110686080,118.3170575302,165.1720363945,113.7718326627,76.1779187009,18.3083000000
loo,JPM,2026-08-20,1530,essvi_sg05,ok,,5,15,2026-10-02,0.1178082192,355.4866855875,7,0.0191780822,0.0383561644,69.2982001306,125.4010212356,167.6654018726,275.7564820863,148.3745361322,92.5138554780,0.7595000000
loo,JPM,2026-08-20,1530,svi,ok,,6,15,2026-10-16,0.1561643836,354.3333751871,21,0.0383561644,0.0958904110,19.0615138924,44.6377659285,182.1307908565,388.8712529063,-167.7883965176,-125.1087918267,194.3140000000
loo,JPM,2026-08-20,1530,ssvi,ok,,6,15,2026-10-16,0.1561643836,354.3333751871,21,0.0383561644,0.0958904110,42.3966020101,146.3802150569,148.1847956671,280.9051755493,-142.5827992376,-116.9512555611,1.5950000000
loo,JPM,2026-08-20,1530,essvi,ok,,6,15,2026-10-16,0.1561643836,354.3333751871,21,0.0383561644,0.0958904110,22.0721741456,55.0083834400,170.3305318600,352.5685102618,-159.5239570747,-117.2557134401,0.9828000000
loo,JPM,2026-08-20,1530,essvi_g05,ok,,6,15,2026-10-16,0.1561643836,354.3333751871,21,0.0383561644,0.0958904110,22.7543600691,57.1578095260,130.8735131662,173.3566321223,-127.9287985093,-147.8030513483,9.6816000000
loo,JPM,2026-08-20,1530,essvi_gfree,ok,,6,15,2026-10-16,0.1561643836,354.3333751871,21,0.0383561644,0.0958904110,21.3547377012,51.6962526928,141.1842808080,219.1769500250,-138.2260572690,-142.8533065076,9.6101000000
loo,JPM,2026-08-20,1530,essvi_sg05,ok,,6,15,2026-10-16,0.1561643836,354.3333751871,21,0.0383561644,0.0958904110,51.1496863005,134.7659395906,91.7662278186,140.8958330542,-74.3525229538,-117.6586808865,0.4358000000
loo,JPM,2026-08-20,1530,svi,ok,,7,15,2026-11-20,0.2520547945,355.6831796199,24,0.0958904110,0.0767123288,27.7131763450,58.6932438632,28.4913498045,67.8210325802,11.8095654689,-2.8662977407,185.3271000000
loo,JPM,2026-08-20,1530,ssvi,ok,,7,15,2026-11-20,0.2520547945,355.6831796199,24,0.0958904110,0.0767123288,32.3605144425,87.1683746537,33.8712786734,84.8706571951,5.8467133694,2.7650432939,1.5314000000
loo,JPM,2026-08-20,1530,essvi,ok,,7,15,2026-11-20,0.2520547945,355.6831796199,24,0.0958904110,0.0767123288,28.0893920575,61.9578780512,31.2052692948,63.6317972739,13.3906859581,2.9567771468,0.7570000000
loo,JPM,2026-08-20,1530,essvi_g05,ok,,7,15,2026-11-20,0.2520547945,355.6831796199,24,0.0958904110,0.0767123288,28.3310724488,61.3033489661,29.1009037748,66.8228798281,8.2898022707,-16.9228853388,7.9258000000
loo,JPM,2026-08-20,1530,essvi_gfree,ok,,7,15,2026-11-20,0.2520547945,355.6831796199,24,0.0958904110,0.0767123288,27.4477351069,60.5160468357,28.5489623685,66.0216542665,8.5720603662,-13.2091368934,8.0315000000
loo,JPM,2026-08-20,1530,essvi_sg05,ok,,7,15,2026-11-20,0.2520547945,355.6831796199,24,0.0958904110,0.0767123288,43.7513303367,82.7487144930,49.4615879226,89.5200767016,36.4378637392,2.6092932033,0.4208000000
loo,JPM,2026-08-20,1530,svi,ok,,8,15,2026-12-18,0.3287671233,356.8986631052,29,0.0767123288,0.0767123288,19.1406293091,50.3939240757,61.6459457636,98.3213827886,55.9926735391,40.6272669653,188.6546000000
loo,JPM,2026-08-20,1530,ssvi,ok,,8,15,2026-12-18,0.3287671233,356.8986631052,29,0.0767123288,0.0767123288,25.4445414681,61.6052441029,62.9657225940,100.0011689421,57.5688919087,42.7133293306,1.0321000000
loo,JPM,2026-08-20,1530,essvi,ok,,8,15,2026-12-18,0.3287671233,356.8986631052,29,0.0767123288,0.0767123288,21.8052357712,49.6864803757,69.2817962841,119.8713527387,65.6061436045,43.4585446904,0.6322000000
loo,JPM,2026-08-20,1530,essvi_g05,ok,,8,15,2026-12-18,0.3287671233,356.8986631052,29,0.0767123288,0.0767123288,23.6822299205,51.1505441367,66.7357621598,113.2784792588,62.5497971606,32.6216229768,8.6953000000
loo,JPM,2026-08-20,1530,essvi_gfree,ok,,8,15,2026-12-18,0.3287671233,356.8986631052,29,0.0767123288,0.0767123288,23.0957365605,50.6464267914,66.1760404187,113.5783854991,62.0861986476,33.4041415645,7.6837000000
loo,JPM,2026-08-20,1530,essvi_sg05,ok,,8,15,2026-12-18,0.3287671233,356.8986631052,29,0.0767123288,0.0767123288,41.0344146382,80.4225760352,87.3629118549,128.0678855486,82.5823498875,42.9403851650,0.4735000000
loo,JPM,2026-08-20,1530,svi,ok,,9,15,2027-01-15,0.4054794521,357.2080111697,20,0.0767123288,0.1726027397,8.3731746615,15.3801949632,70.1652455829,152.7946588672,-59.4560769425,-48.5387678810,212.2717000000
loo,JPM,2026-08-20,1530,ssvi,ok,,9,15,2027-01-15,0.4054794521,357.2080111697,20,0.0767123288,0.1726027397,37.9139611627,108.0953931681,74.7246258146,174.2265683784,-60.4135398296,-42.2896789135,1.1594000000
loo,JPM,2026-08-20,1530,essvi,ok,,9,15,2027-01-15,0.4054794521,357.2080111697,20,0.0767123288,0.1726027397,14.2311123006,31.7314882439,75.6016196736,171.2340086899,-65.0234810585,-42.8798776254,0.6317000000
loo,JPM,2026-08-20,1530,essvi_g05,ok,,9,15,2027-01-15,0.4054794521,357.2080111697,20,0.0767123288,0.1726027397,14.8861067959,40.3011294823,67.8000919901,137.7921786975,-61.9561754470,-60.1613411838,10.3873000000
loo,JPM,2026-08-20,1530,essvi_gfree,ok,,9,15,2027-01-15,0.4054794521,357.2080111697,20,0.0767123288,0.1726027397,14.3965914689,38.7634799100,67.3720578920,135.2099239927,-62.0009757287,-61.1483625986,8.8007000000
loo,JPM,2026-08-20,1530,essvi_sg05,ok,,9,15,2027-01-15,0.4054794521,357.2080111697,20,0.0767123288,0.1726027397,19.0296274089,34.1103439627,38.1502915499,83.7810190283,-29.8755898741,-42.8480949026,0.4267000000
loo,JPM,2026-08-20,1530,svi,ok,,10,15,2027-03-19,0.5780821918,359.3516005872,39,0.1726027397,0.2465753425,14.8864952169,37.4676262438,26.9686109296,68.4233673467,18.6728087925,1.6750771027,195.4636000000
loo,JPM,2026-08-20,1530,ssvi,ok,,10,15,2027-03-19,0.5780821918,359.3516005872,39,0.1726027397,0.2465753425,27.2821594477,61.5743465739,39.0958638684,79.1385334069,32.3291004031,12.3543680871,0.9664000000
loo,JPM,2026-08-20,1530,essvi,ok,,10,15,2027-03-19,0.5780821918,359.3516005872,39,0.1726027397,0.2465753425,16.4064010751,55.1181921703,31.4087642594,72.6189520851,25.3677390737,12.3137066684,0.5856000000
loo,JPM,2026-08-20,1530,essvi_g05,ok,,10,15,2027-03-19,0.5780821918,359.3516005872,39,0.1726027397,0.2465753425,20.5646114288,50.5825901621,27.0610384360,69.4434939380,18.2989972679,2.4784928525,9.3186000000
loo,JPM,2026-08-20,1530,essvi_gfree,ok,,10,15,2027-03-19,0.5780821918,359.3516005872,39,0.1726027397,0.2465753425,22.7278692367,54.0477206694,27.5916928416,71.4229251796,15.6451490013,-5.1771106778,9.8624000000
loo,JPM,2026-08-20,1530,essvi_sg05,ok,,10,15,2027-03-19,0.5780821918,359.3516005872,39,0.1726027397,0.2465753425,36.8943326674,90.2438249987,46.4586601976,92.3630238430,38.5968370384,12.3119462648,0.4162000000
loo,JPM,2026-08-20,1530,svi,ok,,11,15,2027-06-17,0.8246575342,362.1102104013,35,0.2465753425,0.2520547945,15.0186047389,39.4641667897,20.9362838127,42.9856868740,5.2323146923,-21.2405223225,189.5703000000
loo,JPM,2026-08-20,1530,ssvi,ok,,11,15,2027-06-17,0.8246575342,362.1102104013,35,0.2465753425,0.2520547945,31.0665936318,57.6352940143,28.0070931480,55.7791447534,17.4802620589,-14.0196777459,1.0094000000
loo,JPM,2026-08-20,1530,essvi,ok,,11,15,2027-06-17,0.8246575342,362.1102104013,35,0.2465753425,0.2520547945,18.9070712026,51.5508575412,19.5375110776,40.3145748905,5.4249375776,-14.1121214500,0.6154000000
loo,JPM,2026-08-20,1530,essvi_g05,ok,,11,15,2027-06-17,0.8246575342,362.1102104013,35,0.2465753425,0.2520547945,16.9695514549,49.0884966711,21.5702557509,62.4460746876,-1.5094960519,-9.4145968409,8.8578000000
loo,JPM,2026-08-20,1530,essvi_gfree,ok,,11,15,2027-06-17,0.8246575342,362.1102104013,35,0.2465753425,0.2520547945,17.2213323409,36.2291195981,19.4371502923,38.5239265064,2.6852848115,-16.8415072065,7.3340000000
loo,JPM,2026-08-20,1530,essvi_sg05,ok,,11,15,2027-06-17,0.8246575342,362.1102104013,35,0.2465753425,0.2520547945,29.8071532912,58.7996235367,24.4565783092,50.6869854012,10.8400388961,-13.8898016873,0.4641000000
loo,JPM,2026-08-20,1530,svi,ok,,12,15,2027-09-17,1.0767123288,366.1603028613,28,0.2520547945,0.2493150685,12.0444134784,22.8810821643,18.5235653670,55.7527582507,4.4259660240,8.0308844187,196.6646000000
loo,JPM,2026-08-20,1530,ssvi,ok,,12,15,2027-09-17,1.0767123288,366.1603028613,28,0.2520547945,0.2493150685,17.7487752922,60.7582853076,20.0269709336,55.9551958871,6.7693692148,11.7197279712,1.0511000000
loo,JPM,2026-08-20,1530,essvi,ok,,12,15,2027-09-17,1.0767123288,366.1603028613,28,0.2520547945,0.2493150685,14.2047765617,35.5478961110,19.8889319063,55.1259064799,6.8240402091,11.6433800969,0.6526000000
loo,JPM,2026-08-20,1530,essvi_g05,ok,,12,15,2027-09-17,1.0767123288,366.1603028613,28,0.2520547945,0.2493150685,26.4261301994,75.8602748300,33.5665128337,97.9905953579,6.5529396075,29.7422894297,11.5418000000
loo,JPM,2026-08-20,1530,essvi_gfree,ok,,12,15,2027-09-17,1.0767123288,366.1603028613,28,0.2520547945,0.2493150685,21.1178539971,62.6787705387,27.8475479169,83.0980754873,5.5253256445,21.7937013372,14.3160000000
loo,JPM,2026-08-20,1530,essvi_sg05,ok,,12,15,2027-09-17,1.0767123288,366.1603028613,28,0.2520547945,0.2493150685,21.8678341845,65.0064925344,27.2514861811,91.4535824481,-3.5009603395,12.0154677928,0.4623000000
loo,JPM,2026-08-20,1530,svi,ok,,13,15,2027-12-17,1.3260273973,368.0059488528,29,0.2493150685,0.0958904110,10.9409862826,30.1455027871,21.0247874435,36.4642312538,14.1473643042,23.3454223610,202.3069000000
loo,JPM,2026-08-20,1530,ssvi,ok,,13,15,2027-12-17,1.3260273973,368.0059488528,29,0.2493150685,0.0958904110,16.6273718919,40.8332999785,18.1209339042,36.8858519179,9.1702424080,25.4812522365,1.0654000000
loo,JPM,2026-08-20,1530,essvi,ok,,13,15,2027-12-17,1.3260273973,368.0059488528,29,0.2493150685,0.0958904110,11.2973398209,30.0732150523,20.6918599035,39.2159564532,13.3340695188,25.6014108394,0.5876000000
loo,JPM,2026-08-20,1530,essvi_g05,ok,,13,15,2027-12-17,1.3260273973,368.0059488528,29,0.2493150685,0.0958904110,26.8995875447,60.4025047572,31.0607811737,60.3166452407,10.3494746367,47.0319710919,8.7584000000
loo,JPM,2026-08-20,1530,essvi_gfree,ok,,13,15,2027-12-17,1.3260273973,368.0059488528,29,0.2493150685,0.0958904110,19.6268556288,44.2747500549,26.4373353533,50.3298011461,11.0403919510,40.4197281370,7.6167000000
loo,JPM,2026-08-20,1530,essvi_sg05,ok,,13,15,2027-12-17,1.3260273973,368.0059488528,29,0.2493150685,0.0958904110,30.1481545311,70.3154511419,25.2671633498,66.9585752739,-4.9426999769,25.5327333185,0.4557000000
loo,JPM,2026-08-21,1530,svi,ok,,1,15,2026-09-04,0.0383561644,352.6732052787,12,0.0191780822,0.0191780822,15.2503404537,41.2876972278,120.4010848383,187.6006304072,-76.9590510279,-105.5364451436,178.7910000000
loo,JPM,2026-08-21,1530,ssvi,ok,,1,15,2026-09-04,0.0383561644,352.6732052787,12,0.0191780822,0.0191780822,35.3459836961,67.4789646888,73.5600567651,102.4549103239,-68.3770433514,-89.9752327919,0.7913000000
loo,JPM,2026-08-21,1530,essvi,ok,,1,15,2026-09-04,0.0383561644,352.6732052787,12,0.0191780822,0.0191780822,27.6028477704,73.1984156248,102.1125186160,133.5795018935,-67.4785390643,-90.1345205096,0.5708000000
loo,JPM,2026-08-21,1530,essvi_g05,ok,,1,15,2026-09-04,0.0383561644,352.6732052787,12,0.0191780822,0.0191780822,51.5209356454,85.2247334925,143.8742773079,272.5511405685,-76.4732968842,-130.5544997319,12.0972000000
loo,JPM,2026-08-21,1530,essvi_gfree,ok,,1,15,2026-09-04,0.0383561644,352.6732052787,12,0.0191780822,0.0191780822,46.7880669205,77.6755498387,144.8330612781,277.8413597400,-76.2990155253,-131.8381627332,8.2440000000
loo,JPM,2026-08-21,1530,essvi_sg05,ok,,1,15,2026-09-04,0.0383561644,352.6732052787,12,0.0191780822,0.0191780822,76.8381631037,146.5727939558,132.7081681055,333.0636307202,-34.5058593785,-90.1668740711,0.6620000000
loo,JPM,2026-08-21,1530,svi,ok,,2,15,2026-09-11,0.0575342466,352.6270541544,7,0.0191780822,0.0191780822,20.0053963847,37.9191202075,75.9631989495,105.9302050713,61.0863422038,9.2560860302,167.3373000000
loo,JPM,2026-08-21,1530,ssvi,ok,,2,15,2026-09-11,0.0575342466,352.6270541544,7,0.0191780822,0.0191780822,58.4555219449,81.3897100153,103.8887788206,148.8851317868,87.8672623713,20.4199774824,0.7951000000
loo,JPM,2026-08-21,1530,essvi,ok,,2,15,2026-09-11,0.0575342466,352.6270541544,7,0.0191780822,0.0191780822,23.1375548994,38.4421579607,84.3201698094,111.5435861934,75.9816416851,24.4544148495,0.6043000000
loo,JPM,2026-08-21,1530,essvi_g05,ok,,2,15,2026-09-11,0.0575342466,352.6270541544,7,0.0191780822,0.0191780822,28.5987205429,59.7342922213,79.8091092482,134.2448425097,49.5226451768,-32.6354890887,5.5346000000
loo,JPM,2026-08-21,1530,essvi_gfree,ok,,2,15,2026-09-11,0.0575342466,352.6270541544,7,0.0191780822,0.0191780822,27.4956324210,57.0780045857,78.8045060056,130.6545114489,50.5669179087,-29.2176472241,3.6304000000
loo,JPM,2026-08-21,1530,essvi_sg05,ok,,2,15,2026-09-11,0.0575342466,352.6270541544,7,0.0191780822,0.0191780822,41.7918172893,73.8640754656,124.6828586872,197.7502110134,105.4032395379,20.0207718143,0.4575000000
loo,JPM,2026-08-21,1530,svi,ok,,3,15,2026-09-18,0.0767123288,353.1438073203,12,0.0191780822,0.0191780822,10.8770274742,26.0856998623,77.6050290228,136.2739340374,50.2223606178,-39.5160218615,174.0503000000
loo,JPM,2026-08-21,1530,ssvi,ok,,3,15,2026-09-18,0.0767123288,353.1438073203,12,0.0191780822,0.0191780822,35.2478051821,72.5537413777,24.0561620509,42.2707860717,-4.5818504103,-42.2707860717,0.7780000000
loo,JPM,2026-08-21,1530,essvi,ok,,3,15,2026-09-18,0.0767123288,353.1438073203,12,0.0191780822,0.0191780822,17.9050169178,30.2402771103,25.0870246075,50.6016219700,10.4529666384,-40.3097780796,0.6059000000
loo,JPM,2026-08-21,1530,essvi_g05,ok,,3,15,2026-09-18,0.0767123288,353.1438073203,12,0.0191780822,0.0191780822,33.5156079024,65.1371303284,43.5151257314,81.1571184242,24.9334044707,-38.6027542108,4.5700000000
loo,JPM,2026-08-21,1530,essvi_gfree,ok,,3,15,2026-09-18,0.0767123288,353.1438073203,12,0.0191780822,0.0191780822,30.7549873950,61.3412571920,41.6280526177,76.5498298404,23.6905817208,-38.1947985127,4.7966000000
loo,JPM,2026-08-21,1530,essvi_sg05,ok,,3,15,2026-09-18,0.0767123288,353.1438073203,12,0.0191780822,0.0191780822,68.9426303537,122.5506479647,50.2435971755,89.6624629147,31.6998777981,-38.9846554295,0.5420000000
loo,JPM,2026-08-21,1530,svi,ok,,4,15,2026-09-25,0.0958904110,353.4002021760,5,0.0191780822,0.0191780822,24.9995917105,33.6340575125,37.9301939623,56.8894174839,-20.7759140426,27.0050462870,165.0178000000
loo,JPM,2026-08-21,1530,ssvi,ok,,4,15,2026-09-25,0.0958904110,353.4002021760,5,0.0191780822,0.0191780822,40.8482321612,58.7869278007,37.7361549825,53.4450752749,-20.1404383506,33.4646611549,0.8044000000
loo,JPM,2026-08-21,1530,essvi,ok,,4,15,2026-09-25,0.0958904110,353.4002021760,5,0.0191780822,0.0191780822,32.4269928591,48.8795880241,34.8791598042,50.7677637071,-15.9564266085,33.3221678985,0.5869000000
loo,JPM,2026-08-21,1530,essvi_g05,ok,,4,15,2026-09-25,0.0958904110,353.4002021760,5,0.0191780822,0.0191780822,31.0864028740,50.0623715967,46.3481445296,68.8883428896,-33.0518600554,17.9682989126,9.4435000000
loo,JPM,2026-08-21,1530,essvi_gfree,ok,,4,15,2026-09-25,0.0958904110,353.4002021760,5,0.0191780822,0.0191780822,29.1108850743,41.5238417063,45.6834188935,67.5120643395,-32.1187193454,19.3279095771,11.9604000000
loo,JPM,2026-08-21,1530,essvi_sg05,ok,,4,15,2026-09-25,0.0958904110,353.4002021760,5,0.0191780822,0.0191780822,32.5273164188,48.1787325856,35.0370241553,51.3675112202,-15.0052620495,33.9213386098,0.6060000000
loo,JPM,2026-08-21,1530,svi,ok,,5,15,2026-10-02,0.1150684932,353.4874314614,6,0.0191780822,0.0383561644,6.0401982921,10.5635942923,149.1891573599,162.3853410459,148.9328117846,151.2231867286,159.7328000000
loo,JPM,2026-08-21,1530,ssvi,ok,,5,15,2026-10-02,0.1150684932,353.4874314614,6,0.0191780822,0.0383561644,20.0655201188,31.6785752828,133.8261550547,149.5639497830,133.2609791853,149.1015281395,0.8044000000
loo,JPM,2026-08-21,1530,essvi,ok,,5,15,2026-10-02,0.1150684932,353.4874314614,6,0.0191780822,0.0383561644,9.3137914127,20.4786581615,142.9348083004,152.4826631767,142.5615055483,148.0107467412,0.5604000000
loo,JPM,2026-08-21,1530,essvi_g05,ok,,5,15,2026-10-02,0.1150684932,353.4874314614,6,0.0191780822,0.0383561644,9.1413543476,12.1936654840,138.4843255086,148.7167817011,138.0919729573,144.0113866498,9.0526000000
loo,JPM,2026-08-21,1530,essvi_gfree,ok,,5,15,2026-10-02,0.1150684932,353.4874314614,6,0.0191780822,0.0383561644,9.1936680399,11.9981876087,139.2969588587,149.9666752792,138.9036664446,145.1691676217,8.8460000000
loo,JPM,2026-08-21,1530,essvi_sg05,ok,,5,15,2026-10-02,0.1150684932,353.4874314614,6,0.0191780822,0.0383561644,11.2405546967,20.6744565969,145.7142615970,157.5034670123,145.1869560583,147.2861198210,0.5340000000
loo,JPM,2026-08-21,1530,svi,ok,,6,15,2026-10-16,0.1534246575,352.8525643237,21,0.0383561644,0.0958904110,8.5692737912,20.1829487562,140.3861483791,172.1168056266,-137.8908269438,-155.6456809674,168.6563000000
loo,JPM,2026-08-21,1530,ssvi,ok,,6,15,2026-10-16,0.1534246575,352.8525643237,21,0.0383561644,0.0958904110,15.5101853201,35.2099598951,155.1825723903,183.5915536911,-154.5864512639,-148.8787556253,0.7566000000
loo,JPM,2026-08-21,1530,essvi,ok,,6,15,2026-10-16,0.1534246575,352.8525643237,21,0.0383561644,0.0958904110,11.9332976529,22.5696112731,120.2029893722,167.9227600333,-112.8912148608,-147.3502029307,0.5836000000
loo,JPM,2026-08-21,1530,essvi_g05,ok,,6,15,2026-10-16,0.1534246575,352.8525643237,21,0.0383561644,0.0958904110,23.9503892326,54.0464190217,140.7388743070,172.8431927488,-138.8436504364,-155.7965787963,10.0053000000
loo,JPM,2026-08-21,1530,essvi_gfree,ok,,6,15,2026-10-16,0.1534246575,352.8525643237,21,0.0383561644,0.0958904110,22.3296570670,50.3726994504,141.7087720251,172.3318376058,-140.0311184456,-155.4460728789,7.3376000000
loo,JPM,2026-08-21,1530,essvi_sg05,ok,,6,15,2026-10-16,0.1534246575,352.8525643237,21,0.0383561644,0.0958904110,41.7715967054,93.8797609414,129.4381318229,163.5276920317,-126.8838913109,-148.6146441768,0.5846000000
loo,JPM,2026-08-21,1530,svi,ok,,7,15,2026-11-20,0.2493150685,353.6663338564,25,0.0958904110,0.0767123288,10.4168622408,24.5978749848,14.8107782951,39.8584326663,5.9732393423,-2.7875090422,180.9766000000
loo,JPM,2026-08-21,1530,ssvi,ok,,7,15,2026-11-20,0.2493150685,353.6663338564,25,0.0958904110,0.0767123288,19.0788641435,44.5957165041,33.2603461078,54.8511473139,26.4934453601,17.3616522049,0.7508000000
loo,JPM,2026-08-21,1530,essvi,ok,,7,15,2026-11-20,0.2493150685,353.6663338564,25,0.0958904110,0.0767123288,14.7692882346,38.2801794266,28.3196798235,57.7966844955,16.0799891811,17.7095639961,0.6063000000
loo,JPM,2026-08-21,1530,essvi_g05,ok,,7,15,2026-11-20,0.2493150685,353.6663338564,25,0.0958904110,0.0767123288,12.7344968618,28.1635142264,12.8830719929,29.0897687849,5.4160057562,-20.1411429261,58.2067000000
loo,JPM,2026-08-21,1530,essvi_gfree,ok,,7,15,2026-11-20,0.2493150685,353.6663338564,25,0.0958904110,0.0767123288,12.2702498622,27.1152389188,12.5724187814,28.3952962841,5.2952900149,-19.2365238172,7.5180000000
loo,JPM,2026-08-21,1530,essvi_sg05,ok,,7,15,2026-11-20,0.2493150685,353.6663338564,25,0.0958904110,0.0767123288,31.6767723077,61.2238245526,49.8779663120,73.6916599082,47.9298373303,17.7124289084,0.6118000000
loo,JPM,2026-08-21,1530,svi,ok,,8,15,2026-12-18,0.3260273973,354.7803993642,29,0.0767123288,0.0767123288,17.4918647723,36.2795714228,68.2021223616,107.9376824574,65.4347749104,26.8462297118,156.4842000000
loo,JPM,2026-08-21,1530,ssvi,ok,,8,15,2026-12-18,0.3260273973,354.7803993642,29,0.0767123288,0.0767123288,33.7632993135,55.2920289741,74.3875190228,99.4227512683,71.8832339151,42.3525335126,0.8662000000
loo,JPM,2026-08-21,1530,essvi,ok,,8,15,2026-12-18,0.3260273973,354.7803993642,29,0.0767123288,0.0767123288,28.3171923899,74.4113413483,77.8395059983,107.9771060754,75.4760120270,42.3479613451,0.6110000000
loo,JPM,2026-08-21,1530,essvi_g05,ok,,8,15,2026-12-18,0.3260273973,354.7803993642,29,0.0767123288,0.0767123288,20.1930414535,41.9224565193,71.8190703438,109.9427751132,68.9431066149,29.0874171669,44.1940000000
loo,JPM,2026-08-21,1530,essvi_gfree,ok,,8,15,2026-12-18,0.3260273973,354.7803993642,29,0.0767123288,0.0767123288,20.0769109135,41.5722954652,71.5779399784,109.6381588045,68.6953174369,28.8826451836,8.2992000000
loo,JPM,2026-08-21,1530,essvi_sg05,ok,,8,15,2026-12-18,0.3260273973,354.7803993642,29,0.0767123288,0.0767123288,51.1424613062,85.5646896754,91.1293554880,139.9544979444,88.1743633558,42.3176034902,0.6099000000
loo,JPM,2026-08-21,1530,svi,ok,,9,15,2027-01-15,0.4027397260,355.5800997547,22,0.0767123288,0.1726027397,16.3520290537,35.0483874941,73.6942479591,139.0328260412,-65.6657168528,-54.6622858914,158.3764000000
loo,JPM,2026-08-21,1530,ssvi,ok,,9,15,2027-01-15,0.4027397260,355.5800997547,22,0.0767123288,0.1726027397,37.1805135488,124.1097154833,68.7658399194,188.4155286368,-52.2255057675,-38.5988688136,0.7630000000
loo,JPM,2026-08-21,1530,essvi,ok,,9,15,2027-01-15,0.4027397260,355.5800997547,22,0.0767123288,0.1726027397,22.1091563528,57.7333179904,81.2666606684,208.1466744069,-65.7579916442,-39.3126672138,0.6525000000
loo,JPM,2026-08-21,1530,essvi_g05,ok,,9,15,2027-01-15,0.4027397260,355.5800997547,22,0.0767123288,0.1726027397,21.5304237864,67.9850217133,73.3550543932,176.4834893630,-63.6331084005,-65.4766004057,10.7978000000
loo,JPM,2026-08-21,1530,essvi_gfree,ok,,9,15,2027-01-15,0.4027397260,355.5800997547,22,0.0767123288,0.1726027397,21.2780262224,67.1306809628,72.8999949866,174.6651834967,-63.3332952108,-66.2862061148,52.7683000000
loo,JPM,2026-08-21,1530,essvi_sg05,ok,,9,15,2027-01-15,0.4027397260,355.5800997547,22,0.0767123288,0.1726027397,23.7080687794,42.5559121916,43.9425595898,126.0814503516,-26.1227162241,-38.7216798175,0.6237000000
loo,JPM,2026-08-21,1530,svi,ok,,10,15,2027-03-19,0.5753424658,357.4075448860,40,0.1726027397,0.2465753425,15.6374318575,35.0202889286,20.6613161860,51.6850440625,9.7705692849,1.0741180208,156.2821000000
loo,JPM,2026-08-21,1530,ssvi,ok,,10,15,2027-03-19,0.5753424658,357.4075448860,40,0.1726027397,0.2465753425,22.2576141786,70.0546141587,27.1854118201,63.7150925898,17.6603313765,11.5053729451,0.7244000000
loo,JPM,2026-08-21,1530,essvi,ok,,10,15,2027-03-19,0.5753424658,357.4075448860,40,0.1726027397,0.2465753425,17.5822845690,70.7179985673,24.1588733300,65.5362259192,15.1296008533,11.6660269808,0.5960000000
loo,JPM,2026-08-21,1530,essvi_g05,ok,,10,15,2027-03-19,0.5753424658,357.4075448860,40,0.1726027397,0.2465753425,17.3304920873,56.4107878468,20.0484547285,63.8792421828,8.2973921443,1.7260408316,6.6136000000
loo,JPM,2026-08-21,1530,essvi_gfree,ok,,10,15,2027-03-19,0.5753424658,357.4075448860,40,0.1726027397,0.2465753425,17.6130619129,53.9831885460,19.8217381659,60.5420141724,7.4828203999,-0.9755478954,42.1273000000
loo,JPM,2026-08-21,1530,essvi_sg05,ok,,10,15,2027-03-19,0.5753424658,357.4075448860,40,0.1726027397,0.2465753425,25.9910731510,65.5608553290,31.0594079289,61.7222740662,24.1675882248,11.7595893655,0.6016000000
loo,JPM,2026-08-21,1530,svi,ok,,11,15,2027-06-17,0.8219178082,360.2844287428,36,0.2465753425,0.2520547945,12.4906848942,32.4478661292,31.8975456088,87.2800862840,6.1786269905,-9.2083453874,152.0613000000
loo,JPM,2026-08-21,1530,ssvi,ok,,11,15,2027-06-17,0.8219178082,360.2844287428,36,0.2465753425,0.2520547945,21.2814297461,45.6684312182,22.5077456830,46.8215609650,14.8160818376,-4.8333598161,0.7454000000
loo,JPM,2026-08-21,1530,essvi,ok,,11,15,2027-06-17,0.8219178082,360.2844287428,36,0.2465753425,0.2520547945,14.6679897227,43.7900244178,25.2823553015,50.1133815256,17.6958949246,-4.8323157087,0.6001000000
loo,JPM,2026-08-21,1530,essvi_g05,ok,,11,15,2027-06-17,0.8219178082,360.2844287428,36,0.2465753425,0.2520547945,13.9599773422,34.8402683181,17.1863286375,38.1026053822,2.6701541869,-6.7144328729,6.8018000000
loo,JPM,2026-08-21,1530,essvi_gfree,ok,,11,15,2027-06-17,0.8219178082,360.2844287428,36,0.2465753425,0.2520547945,14.4036074266,33.6976322850,17.1744155652,39.0531840791,4.8879848022,-8.7118299626,17.7454000000
loo,JPM,2026-08-21,1530,essvi_sg05,ok,,11,15,2027-06-17,0.8219178082,360.2844287428,36,0.2465753425,0.2520547945,23.5966666389,50.7000359230,21.5439052699,46.5307649669,13.2038663561,-4.8305930270,0.6020000000
loo,JPM,2026-08-21,1530,svi,ok,,12,15,2027-09-17,1.0739726027,362.9346490579,20,0.2520547945,0.2493150685,14.0836721781,35.7748036813,28.2609501920,63.9853095880,11.7046793954,17.7291756735,169.7368000000
loo,JPM,2026-08-21,1530,ssvi,ok,,12,15,2027-09-17,1.0739726027,362.9346490579,20,0.2520547945,0.2493150685,22.4850994086,68.0452437931,28.6498593339,50.5774590799,17.3637423086,22.4977367278,0.8907000000
loo,JPM,2026-08-21,1530,essvi,ok,,12,15,2027-09-17,1.0739726027,362.9346490579,20,0.2520547945,0.2493150685,18.6882183174,37.2007417101,28.7003357911,61.0247722724,14.8100943725,22.4781848382,0.6255000000
loo,JPM,2026-08-21,1530,essvi_g05,ok,,12,15,2027-09-17,1.0739726027,362.9346490579,20,0.2520547945,0.2493150685,24.7582054211,73.1225229368,29.8129877163,70.8574176282,13.4493227345,23.7289177657,10.5035000000
loo,JPM,2026-08-21,1530,essvi_gfree,ok,,12,15,2027-09-17,1.0739726027,362.9346490579,20,0.2520547945,0.2493150685,23.6403248849,65.7897137729,28.4394165875,67.6526850442,12.4772744419,21.4235117465,17.9610000000
loo,JPM,2026-08-21,1530,essvi_sg05,ok,,12,15,2027-09-17,1.0739726027,362.9346490579,20,0.2520547945,0.2493150685,22.7728220131,63.2153827495,28.8897823921,66.7712663578,13.4965290385,22.4286994151,0.6116000000
loo,JPM,2026-08-21,1530,svi,ok,,13,15,2027-12-17,1.3232876712,365.4182366403,28,0.2493150685,0.0958904110,13.6589688755,35.9124184238,17.4200248778,38.1473120226,6.6371952074,0.9668420505,172.7904000000
loo,JPM,2026-08-21,1530,ssvi,ok,,13,15,2027-12-17,1.3232876712,365.4182366403,28,0.2493150685,0.0958904110,16.4941844059,39.0601490372,18.5706445504,45.0155619830,5.6498791899,6.8470400163,0.8567000000
loo,JPM,2026-08-21,1530,essvi,ok,,13,15,2027-12-17,1.3232876712,365.4182366403,28,0.2493150685,0.0958904110,15.4618073755,36.2852588368,22.9544656857,48.3643062816,11.0700500569,7.1681696048,0.7610000000
loo,JPM,2026-08-21,1530,essvi_g05,ok,,13,15,2027-12-17,1.3232876712,365.4182366403,28,0.2493150685,0.0958904110,18.2327876534,40.9745273884,22.4455156700,54.0500602650,5.7463125548,17.2861171653,9.6877000000
loo,JPM,2026-08-21,1530,essvi_gfree,ok,,13,15,2027-12-17,1.3232876712,365.4182366403,28,0.2493150685,0.0958904110,17.0158424639,39.3450338044,21.5080855020,52.3588764433,5.8735490558,15.1356508790,48.2973000000
loo,JPM,2026-08-21,1530,essvi_sg05,ok,,13,15,2027-12-17,1.3232876712,365.4182366403,28,0.2493150685,0.0958904110,16.5645612680,35.1847243513,19.8744341605,44.5707462904,-0.1735223617,6.9340926720,0.6122000000
loo,JPM,2026-08-24,1538,svi,ok,,1,13,2026-09-04,0.0301369863,356.3527253645,12,0.0191780822,0.0191780822,27.0270001314,59.3488770629,130.6635170505,195.5446370133,-118.5831160692,-195.5446370133,198.7184000000
loo,JPM,2026-08-24,1538,ssvi,ok,,1,13,2026-09-04,0.0301369863,356.3527253645,12,0.0191780822,0.0191780822,66.1935010743,109.5277931360,146.2400287174,218.5979949230,-140.3469999944,-218.5979949230,1.0331000000
loo,JPM,2026-08-24,1538,essvi,ok,,1,13,2026-09-04,0.0301369863,356.3527253645,12,0.0191780822,0.0191780822,41.5449597165,99.6975711105,137.0794168697,211.2169260612,-122.7331530563,-211.2169260612,0.5521000000
loo,JPM,2026-08-24,1538,essvi_g05,ok,,1,13,2026-09-04,0.0301369863,356.3527253645,12,0.0191780822,0.0191780822,56.5363351881,99.6452840578,141.2887407150,219.8756481509,-124.1779935680,-219.8756481509,2.2175000000
loo,JPM,2026-08-24,1538,essvi_gfree,ok,,1,13,2026-09-04,0.0301369863,356.3527253645,12,0.0191780822,0.0191780822,48.9236007715,89.7304709436,133.8016228076,207.7615318989,-120.2611788751,-207.7615318989,2.3859000000
loo,JPM,2026-08-24,1538,essvi_sg05,ok,,1,13,2026-09-04,0.0301369863,356.3527253645,12,0.0191780822,0.0191780822,104.8230607916,164.3390079423,131.7472862779,208.7360185230,-105.3729487090,-208.7360185230,0.3880000000
loo,JPM,2026-08-24,1538,svi,ok,,2,13,2026-09-11,0.0493150685,356.4512032766,13,0.0191780822,0.0191780822,13.9380581578,36.9992712289,70.9863282317,109.5413130388,65.0219449581,100.2329357108,176.0527000000
loo,JPM,2026-08-24,1538,ssvi,ok,,2,13,2026-09-11,0.0493150685,356.4512032766,13,0.0191780822,0.0191780822,29.4560370711,62.1494243643,65.0365041650,92.3332594572,60.7341812470,85.7528937846,0.9074000000
loo,JPM,2026-08-24,1538,essvi,ok,,2,13,2026-09-11,0.0493150685,356.4512032766,13,0.0191780822,0.0191780822,18.9778702790,56.7206750400,100.2814445244,123.9701251030,58.2755487056,80.6609840384,0.6539000000
loo,JPM,2026-08-24,1538,essvi_g05,ok,,2,13,2026-09-11,0.0493150685,356.4512032766,13,0.0191780822,0.0191780822,22.4159680586,57.3385583555,68.3109841438,95.8570400781,64.8772202704,70.6495352302,2.1875000000
loo,JPM,2026-08-24,1538,essvi_gfree,ok,,2,13,2026-09-11,0.0493150685,356.4512032766,13,0.0191780822,0.0191780822,17.3372176101,48.2913233986,68.1466690067,84.8020490280,65.8393900200,80.8260438212,2.0442000000
loo,JPM,2026-08-24,1538,essvi_sg05,ok,,2,13,2026-09-11,0.0493150685,356.4512032766,13,0.0191780822,0.0191780822,32.7786426524,79.8493106633,96.0367141785,137.0251156754,91.7210304938,86.6468673705,0.4581000000
loo,JPM,2026-08-24,1538,svi,ok,,3,13,2026-09-18,0.0684931507,356.8439967240,20,0.0191780822,0.0767123288,16.6884446199,51.6375102337,122.8468813381,180.3850009161,117.6407882152,180.3850009161,177.4126000000
loo,JPM,2026-08-24,1538,ssvi,ok,,3,13,2026-09-18,0.0684931507,356.8439967240,20,0.0191780822,0.0767123288,46.1260219623,72.0141143095,114.6136235745,167.2742525911,111.8804359038,167.2742525911,0.8807000000
loo,JPM,2026-08-24,1538,essvi,ok,,3,13,2026-09-18,0.0684931507,356.8439967240,20,0.0191780822,0.0767123288,38.7545840252,70.4714197629,116.1234470446,169.1454930427,111.3785739208,169.1454930427,0.6405000000
loo,JPM,2026-08-24,1538,essvi_g05,ok,,3,13,2026-09-18,0.0684931507,356.8439967240,20,0.0191780822,0.0767123288,38.8940907945,95.7022389428,115.2965227673,178.7404943076,108.6894778318,149.9344502099,1.9350000000
loo,JPM,2026-08-24,1538,essvi_gfree,ok,,3,13,2026-09-18,0.0684931507,356.8439967240,20,0.0191780822,0.0767123288,31.5795614532,75.8911542132,113.1316316873,165.2139133960,107.6878742446,157.1689927324,2.0165000000
loo,JPM,2026-08-24,1538,essvi_sg05,ok,,3,13,2026-09-18,0.0684931507,356.8439967240,20,0.0191780822,0.0767123288,49.5721474490,121.0443520804,145.3447076369,230.1006184960,137.8468959672,169.6797936716,0.4419000000
loo,JPM,2026-08-24,1538,svi,ok,,4,13,2026-10-16,0.1452054795,356.3377425335,20,0.0767123288,0.0958904110,13.0791189649,26.9646594087,77.6402214392,154.9567498545,-74.4634753846,-68.1322498875,175.7721000000
loo,JPM,2026-08-24,1538,ssvi,ok,,4,13,2026-10-16,0.1452054795,356.3377425335,20,0.0767123288,0.0958904110,37.3400766966,84.3337654970,77.5916231723,112.5288756954,-70.5109742124,-83.4438411550,1.3760000000
loo,JPM,2026-08-24,1538,essvi,ok,,4,13,2026-10-16,0.1452054795,356.3377425335,20,0.0767123288,0.0958904110,22.8468875521,71.7625308154,79.5112270304,132.6805194079,-76.0660599491,-85.2360961144,0.5986000000
loo,JPM,2026-08-24,1538,essvi_g05,ok,,4,13,2026-10-16,0.1452054795,356.3377425335,20,0.0767123288,0.0958904110,32.5992953006,67.6850572675,74.4926542870,110.7502593045,-69.1065224698,-90.6989664257,2.2838000000
loo,JPM,2026-08-24,1538,essvi_gfree,ok,,4,13,2026-10-16,0.1452054795,356.3377425335,20,0.0767123288,0.0958904110,28.8061243315,55.8269809620,75.0473446161,115.7583514329,-70.7005337442,-86.7095752431,3.2840000000
loo,JPM,2026-08-24,1538,essvi_sg05,ok,,4,13,2026-10-16,0.1452054795,356.3377425335,20,0.0767123288,0.0958904110,69.2878044045,169.9794613318,61.1101668626,105.0218001388,-48.4805045355,-85.7891511500,0.4469000000
loo,JPM,2026-08-24,1538,svi,ok,,5,13,2026-11-20,0.2410958904,357.4428718491,24,0.0958904110,0.0767123288,10.3869894131,18.4974799070,17.5635611337,30.5915087042,2.3936761184,12.0130687923,176.5907000000
loo,JPM,2026-08-24,1538,ssvi,ok,,5,13,2026-11-20,0.2410958904,357.4428718491,24,0.0958904110,0.0767123288,19.9942933322,47.8089827513,27.8835679889,59.6753014961,19.2586281020,17.5813712104,1.0654000000
loo,JPM,2026-08-24,1538,essvi,ok,,5,13,2026-11-20,0.2410958904,357.4428718491,24,0.0958904110,0.0767123288,19.5372074879,52.8491134856,25.1672571898,54.7537009907,14.8527904322,16.6421268117,0.5964000000
loo,JPM,2026-08-24,1538,essvi_g05,ok,,5,13,2026-11-20,0.2410958904,357.4428718491,24,0.0958904110,0.0767123288,21.4862426432,41.0742496701,23.9708329764,60.0700625747,6.3160609625,-3.4658387169,2.2141000000
loo,JPM,2026-08-24,1538,essvi_gfree,ok,,5,13,2026-11-20,0.2410958904,357.4428718491,24,0.0958904110,0.0767123288,20.9510858298,40.1170849742,23.2038375589,56.0540987830,6.0577481819,-2.1927359319,2.2755000000
loo,JPM,2026-08-24,1538,essvi_sg05,ok,,5,13,2026-11-20,0.2410958904,357.4428718491,24,0.0958904110,0.0767123288,38.9885842467,91.9149283062,54.8535319011,139.7823990086,41.2255985768,15.1611895152,0.4403000000
loo,JPM,2026-08-24,1538,svi,ok,,6,13,2026-12-18,0.3178082192,358.6916421862,27,0.0767123288,0.0767123288,9.9340889168,23.7832619353,52.1376741919,78.9035877010,50.4256137379,42.6135105048,190.4395000000
loo,JPM,2026-08-24,1538,ssvi,ok,,6,13,2026-12-18,0.3178082192,358.6916421862,27,0.0767123288,0.0767123288,39.7781096539,147.0527781068,65.1392844300,104.9992700824,52.2732318178,44.7109237219,1.5273000000
loo,JPM,2026-08-24,1538,essvi,ok,,6,13,2026-12-18,0.3178082192,358.6916421862,27,0.0767123288,0.0767123288,39.4147733016,134.7584178079,63.6875266295,117.1286201030,49.3970069992,44.7443478602,0.9840000000
loo,JPM,2026-08-24,1538,essvi_g05,ok,,6,13,2026-12-18,0.3178082192,358.6916421862,27,0.0767123288,0.0767123288,37.5172337131,139.5860881715,60.1197646954,106.3628219557,46.4713694456,36.8840721566,3.7753000000
loo,JPM,2026-08-24,1538,essvi_gfree,ok,,6,13,2026-12-18,0.3178082192,358.6916421862,27,0.0767123288,0.0767123288,37.3262971507,137.6605127127,58.9825576471,102.0878438128,45.4438419499,34.2461937221,2.1696000000
loo,JPM,2026-08-24,1538,essvi_sg05,ok,,6,13,2026-12-18,0.3178082192,358.6916421862,27,0.0767123288,0.0767123288,46.9590630310,138.4342255543,83.4541986049,155.5458753544,75.2756622750,44.6849537560,0.4279000000
loo,JPM,2026-08-24,1538,svi,ok,,7,13,2027-01-15,0.3945205479,358.9556118253,20,0.0767123288,0.1726027397,12.2627473677,26.0581001801,46.9627511876,117.6121563959,-40.6208094740,-38.6972030178,194.1663000000
loo,JPM,2026-08-24,1538,ssvi,ok,,7,13,2027-01-15,0.3945205479,358.9556118253,20,0.0767123288,0.1726027397,24.8729064776,61.7297181480,31.2445028854,98.5486454372,-22.1859458715,-36.2068381325,0.8989000000
loo,JPM,2026-08-24,1538,essvi,ok,,7,13,2027-01-15,0.3945205479,358.9556118253,20,0.0767123288,0.1726027397,21.6882201159,68.2144368023,34.5800011542,108.0998948011,-26.6882019803,-36.2097890960,0.5729000000
loo,JPM,2026-08-24,1538,essvi_g05,ok,,7,13,2027-01-15,0.3945205479,358.9556118253,20,0.0767123288,0.1726027397,20.2406363743,65.4357514397,40.0279072829,112.2932189578,-33.7606708728,-43.3236748573,2.4073000000
loo,JPM,2026-08-24,1538,essvi_gfree,ok,,7,13,2027-01-15,0.3945205479,358.9556118253,20,0.0767123288,0.1726027397,20.3805955275,57.9662414019,38.4819497022,105.3418433422,-31.7889790470,-46.7070255954,2.2895000000
loo,JPM,2026-08-24,1538,essvi_sg05,ok,,7,13,2027-01-15,0.3945205479,358.9556118253,20,0.0767123288,0.1726027397,45.6044447141,80.3287942700,37.9960884176,93.2363080832,1.5725222789,-36.0657274343,0.4257000000
loo,JPM,2026-08-24,1538,svi,ok,,8,13,2027-03-19,0.5671232877,361.3305091316,37,0.1726027397,0.2465753425,11.3551117963,30.8620312144,25.0333119829,50.0980663089,1.4320307494,6.0356066515,182.8600000000
loo,JPM,2026-08-24,1538,ssvi,ok,,8,13,2027-03-19,0.5671232877,361.3305091316,37,0.1726027397,0.2465753425,19.1130933480,48.4538380050,24.8358208893,61.7174995438,14.3812481512,12.0892978495,0.9534000000
loo,JPM,2026-08-24,1538,essvi,ok,,8,13,2027-03-19,0.5671232877,361.3305091316,37,0.1726027397,0.2465753425,12.0779323580,35.7714885465,26.6886067786,55.0915986568,2.7703549895,12.0112843233,0.5427000000
loo,JPM,2026-08-24,1538,essvi_g05,ok,,8,13,2027-03-19,0.5671232877,361.3305091316,37,0.1726027397,0.2465753425,12.0893407879,35.1064976611,27.0601885440,59.5037635704,-0.3928448965,9.2920886656,2.2790000000
loo,JPM,2026-08-24,1538,essvi_gfree,ok,,8,13,2027-03-19,0.5671232877,361.3305091316,37,0.1726027397,0.2465753425,12.2177007201,31.8614166427,23.1216655525,46.6558633179,-2.4634121715,-0.0189454784,2.1216000000
loo,JPM,2026-08-24,1538,essvi_sg05,ok,,8,13,2027-03-19,0.5671232877,361.3305091316,37,0.1726027397,0.2465753425,21.6268220872,53.2938044111,29.2411950406,75.0517637444,20.7614416234,12.0740325317,0.4029000000
loo,JPM,2026-08-24,1538,svi,ok,,9,13,2027-06-17,0.8136986301,363.9353197847,28,0.2465753425,0.2520547945,9.8776816416,27.3843046218,23.2152165382,57.2207615256,9.0968064054,-4.3941571133,176.8050000000
loo,JPM,2026-08-24,1538,ssvi,ok,,9,13,2027-06-17,0.8136986301,363.9353197847,28,0.2465753425,0.2520547945,24.2027681004,53.3200587896,24.5799579864,59.0728263763,14.9293199894,-7.7285709556,0.8552000000
loo,JPM,2026-08-24,1538,essvi,ok,,9,13,2027-06-17,0.8136986301,363.9353197847,28,0.2465753425,0.2520547945,11.1546176669,33.8552907775,24.4491259476,56.2280857146,10.6850501236,-7.2296439802,0.5638000000
loo,JPM,2026-08-24,1538,essvi_g05,ok,,9,13,2027-06-17,0.8136986301,363.9353197847,28,0.2465753425,0.2520547945,12.1048897621,36.8857361439,24.5947778408,78.1026472359,5.0436502842,7.1517254049,1.9005000000
loo,JPM,2026-08-24,1538,essvi_gfree,ok,,9,13,2027-06-17,0.8136986301,363.9353197847,28,0.2465753425,0.2520547945,11.4467981844,35.8254593451,20.8185024246,42.7911847191,8.7494077346,-1.1853665818,2.0059000000
loo,JPM,2026-08-24,1538,essvi_sg05,ok,,9,13,2027-06-17,0.8136986301,363.9353197847,28,0.2465753425,0.2520547945,22.3080156607,61.0611453407,21.3051107926,50.6421449931,11.2951195649,-7.6996950321,0.4279000000
loo,JPM,2026-08-24,1538,svi,ok,,10,13,2027-09-17,1.0657534247,367.8056209267,29,0.2520547945,0.2493150685,16.8305349778,35.9048419926,18.4355030750,42.9133583591,0.8464769733,13.0026776908,173.0400000000
loo,JPM,2026-08-24,1538,ssvi,ok,,10,13,2027-09-17,1.0657534247,367.8056209267,29,0.2520547945,0.2493150685,19.1905138970,43.1945383672,19.0375743473,45.1298448975,-6.0322622715,4.4497608199,0.8434000000
loo,JPM,2026-08-24,1538,essvi,ok,,10,13,2027-09-17,1.0657534247,367.8056209267,29,0.2520547945,0.2493150685,17.1451756469,36.4749243522,17.5325602288,36.8346402380,-3.3790956979,4.2676538501,0.7767000000
loo,JPM,2026-08-24,1538,essvi_g05,ok,,10,13,2027-09-17,1.0657534247,367.8056209267,29,0.2520547945,0.2493150685,22.2219684213,53.0837765699,28.3734832427,75.1838947017,0.8060872569,33.0129466667,1.6822000000
loo,JPM,2026-08-24,1538,essvi_gfree,ok,,10,13,2027-09-17,1.0657534247,367.8056209267,29,0.2520547945,0.2493150685,18.7453125461,41.6372428651,22.3803323877,57.8188343865,0.1793909499,21.9598080494,1.9746000000
loo,JPM,2026-08-24,1538,essvi_sg05,ok,,10,13,2027-09-17,1.0657534247,367.8056209267,29,0.2520547945,0.2493150685,20.0942449162,39.9245145363,27.2047960271,71.7407237182,-15.4136772005,4.6848681743,0.4347000000
loo,JPM,2026-08-24,1538,svi,ok,,11,13,2027-12-17,1.3150684932,369.8799782834,27,0.2493150685,0.0958904110,13.3288570866,35.2209929853,22.5801768281,61.8438343643,5.3571379373,29.9316790036,183.7095000000
loo,JPM,2026-08-24,1538,ssvi,ok,,11,13,2027-12-17,1.3150684932,369.8799782834,27,0.2493150685,0.0958904110,24.3980522465,66.5665189233,18.3030008194,54.3208409756,0.5580770577,22.7824550136,0.8849000000
loo,JPM,2026-08-24,1538,essvi,ok,,11,13,2027-12-17,1.3150684932,369.8799782834,27,0.2493150685,0.0958904110,18.5961300383,38.5791562391,20.7405500810,58.0699044334,1.7008948443,22.8154133982,0.5687000000
loo,JPM,2026-08-24,1538,essvi_g05,ok,,11,13,2027-12-17,1.3150684932,369.8799782834,27,0.2493150685,0.0958904110,26.6610778637,69.1477924534,29.5055104099,82.9918736686,3.1194912481,47.1210917256,1.8808000000
loo,JPM,2026-08-24,1538,essvi_gfree,ok,,11,13,2027-12-17,1.3150684932,369.8799782834,27,0.2493150685,0.0958904110,18.6675245087,47.8697250918,23.1193150487,64.8469048026,3.2566342900,36.3146007976,1.9816000000
loo,JPM,2026-08-24,1538,essvi_sg05,ok,,11,13,2027-12-17,1.3150684932,369.8799782834,27,0.2493150685,0.0958904110,32.7662429958,78.9608495387,24.6797260465,77.0274579267,-10.0526921089,22.8002356002,0.4194000000
loo,JPM,2026-08-25,1530,svi,ok,,1,13,2026-09-04,0.0273972603,357.2813838922,11,0.0191780822,0.0191780822,16.2927452972,27.1154063617,83.5647452484,125.6235664284,-73.7981954904,-106.6435027415,155.7374000000
loo,JPM,2026-08-25,1530,ssvi,ok,,1,13,2026-09-04,0.0273972603,357.2813838922,11,0.0191780822,0.0191780822,43.5385074121,72.8753752723,74.5746026108,111.2107851280,-68.7441870467,-102.0365961190,1.0844000000
loo,JPM,2026-08-25,1530,essvi,ok,,1,13,2026-09-04,0.0273972603,357.2813838922,11,0.0191780822,0.0191780822,28.9032134908,52.8474614509,82.1515487758,120.2639204791,-75.4353151472,-101.6589749313,0.5220000000
loo,JPM,2026-08-25,1530,essvi_g05,ok,,1,13,2026-09-04,0.0273972603,357.2813838922,11,0.0191780822,0.0191780822,43.0801134653,72.5408203019,104.6357891679,159.5341672562,-79.6723159219,-139.8597170661,2.0334000000
loo,JPM,2026-08-25,1530,essvi_gfree,ok,,1,13,2026-09-04,0.0273972603,357.2813838922,11,0.0191780822,0.0191780822,27.4493164522,43.1920640100,90.5889273363,137.6075706780,-76.1525050597,-116.6862795049,2.1076000000
loo,JPM,2026-08-25,1530,essvi_sg05,ok,,1,13,2026-09-04,0.0273972603,357.2813838922,11,0.0191780822,0.0191780822,81.9101285428,157.3546769330,85.8081560577,123.9946192195,-33.9155826225,-100.5102557810,0.4257000000
loo,JPM,2026-08-25,1530,svi,ok,,2,13,2026-09-11,0.0465753425,357.5079637873,13,0.0191780822,0.0191780822,18.7601968150,36.1910495774,49.0570945327,82.8527052676,45.0534365727,34.2805083762,162.1367000000
loo,JPM,2026-08-25,1530,ssvi,ok,,2,13,2026-09-11,0.0465753425,357.5079637873,13,0.0191780822,0.0191780822,26.5149359265,53.2203251652,69.8419132022,103.9410125955,66.7511300285,49.7223205662,1.0529000000
loo,JPM,2026-08-25,1530,essvi,ok,,2,13,2026-09-11,0.0465753425,357.5079637873,13,0.0191780822,0.0191780822,20.2938764531,48.8847777400,72.0127457520,124.7530910731,62.6444665479,49.8642515668,0.6442000000
loo,JPM,2026-08-25,1530,essvi_g05,ok,,2,13,2026-09-11,0.0465753425,357.5079637873,13,0.0191780822,0.0191780822,31.6342757754,53.5068490852,44.2602836649,83.9519631477,28.2509774739,-11.2805610746,2.0718000000
loo,JPM,2026-08-25,1530,essvi_gfree,ok,,2,13,2026-09-11,0.0465753425,357.5079637873,13,0.0191780822,0.0191780822,22.4401523037,38.1758546279,46.9225457195,86.2571593684,39.9953754270,16.1290661744,2.1396000000
loo,JPM,2026-08-25,1530,essvi_sg05,ok,,2,13,2026-09-11,0.0465753425,357.5079637873,13,0.0191780822,0.0191780822,146.9908905959,312.7169897853,101.9566206068,152.9143949085,94.7182875081,49.7497860961,0.4792000000
loo,JPM,2026-08-25,1530,svi,ok,,3,13,2026-09-18,0.0657534247,357.8071860923,24,0.0191780822,0.0767123288,11.8154481567,35.2881812356,133.8106460305,201.1881931166,130.1532579828,127.3430550675,153.4309000000
loo,JPM,2026-08-25,1530,ssvi,ok,,3,13,2026-09-18,0.0657534247,357.8071860923,24,0.0191780822,0.0767123288,20.8391555963,51.4119828465,152.3364203690,182.6970498395,151.7787804351,133.3346969293,1.0149000000
loo,JPM,2026-08-25,1530,essvi,ok,,3,13,2026-09-18,0.0657534247,357.8071860923,24,0.0191780822,0.0767123288,15.2766450713,37.8463813681,135.7669976193,183.6819560203,129.9184323673,133.2316403855,0.6684000000
loo,JPM,2026-08-25,1530,essvi_g05,ok,,3,13,2026-09-18,0.0657534247,357.8071860923,24,0.0191780822,0.0767123288,42.8080231558,86.6606194678,152.6610964028,236.0823898840,147.4274909031,94.6396526222,1.9659000000
loo,JPM,2026-08-25,1530,essvi_gfree,ok,,3,13,2026-09-18,0.0657534247,357.8071860923,24,0.0191780822,0.0767123288,18.5599125233,47.0443699134,140.6322335248,200.9668655034,139.0814699216,110.5363394036,2.3154000000
loo,JPM,2026-08-25,1530,essvi_sg05,ok,,3,13,2026-09-18,0.0657534247,357.8071860923,24,0.0191780822,0.0767123288,151.7704738751,391.3443568259,257.0835939016,579.5271740212,189.3861729456,134.0976131408,0.4942000000
loo,JPM,2026-08-25,1530,svi,ok,,4,13,2026-10-16,0.1424657534,357.1634528489,19,0.0767123288,0.0958904110,13.2641238976,26.1056862727,100.9784469727,150.8427324981,-99.1167092902,-82.8865784963,188.4494000000
loo,JPM,2026-08-25,1530,ssvi,ok,,4,13,2026-10-16,0.1424657534,357.1634528489,19,0.0767123288,0.0958904110,25.5095411673,61.4790222566,91.5836594500,160.3734683249,-87.9031127559,-71.9634577988,1.0236000000
loo,JPM,2026-08-25,1530,essvi,ok,,4,13,2026-10-16,0.1424657534,357.1634528489,19,0.0767123288,0.0958904110,24.6792304843,66.8180885833,99.4160010980,179.5605998490,-94.9199819577,-71.5631236458,0.6864000000
loo,JPM,2026-08-25,1530,essvi_g05,ok,,4,13,2026-10-16,0.1424657534,357.1634528489,19,0.0767123288,0.0958904110,29.1567589892,58.4273658071,100.6111438296,146.6712512361,-97.1767291949,-102.3317743807,2.2174000000
loo,JPM,2026-08-25,1530,essvi_gfree,ok,,4,13,2026-10-16,0.1424657534,357.1634528489,19,0.0767123288,0.0958904110,22.8349127098,51.2293677735,102.0136963601,174.3783099432,-99.0910722505,-86.7795044286,2.3413000000
loo,JPM,2026-08-25,1530,essvi_sg05,ok,,4,13,2026-10-16,0.1424657534,357.1634528489,19,0.0767123288,0.0958904110,60.7391177947,142.5379633177,80.7345475998,121.4483799818,-51.2943465010,-80.0635010145,0.4967000000
loo,JPM,2026-08-25,1530,svi,ok,,5,13,2026-11-20,0.2383561644,358.7167018250,24,0.0958904110,0.0767123288,10.4734185485,27.9999525621,23.7709222007,58.0385177015,-7.2037788350,-2.9648814022,154.3385000000
loo,JPM,2026-08-25,1530,ssvi,ok,,5,13,2026-11-20,0.2383561644,358.7167018250,24,0.0958904110,0.0767123288,26.9367160165,92.6738681241,30.3869548505,79.1476221161,12.1606349761,15.0617703065,1.1005000000
loo,JPM,2026-08-25,1530,essvi,ok,,5,13,2026-11-20,0.2383561644,358.7167018250,24,0.0958904110,0.0767123288,15.8049505802,48.6385364647,29.5410155228,83.6748116024,9.7061315120,14.9690486393,0.6637000000
loo,JPM,2026-08-25,1530,essvi_g05,ok,,5,13,2026-11-20,0.2383561644,358.7167018250,24,0.0958904110,0.0767123288,14.1715178534,35.8322116054,24.5161648391,70.9276508588,-4.8623853245,-18.4906102407,2.4572000000
loo,JPM,2026-08-25,1530,essvi_gfree,ok,,5,13,2026-11-20,0.2383561644,358.7167018250,24,0.0958904110,0.0767123288,14.0217428843,48.0507866151,23.6742467068,81.3150290108,-4.9971629575,-10.1420221725,2.1238000000
loo,JPM,2026-08-25,1530,essvi_sg05,ok,,5,13,2026-11-20,0.2383561644,358.7167018250,24,0.0958904110,0.0767123288,35.8192209294,83.3229524839,53.8023397992,132.8504779370,38.6535380355,15.9297152803,0.4884000000
loo,JPM,2026-08-25,1530,svi,ok,,6,13,2026-12-18,0.3150684932,359.8914598781,28,0.0767123288,0.0767123288,12.0148268636,35.4740367374,56.3800962135,79.4728043488,54.2545317725,20.0344015027,168.2918000000
loo,JPM,2026-08-25,1530,ssvi,ok,,6,13,2026-12-18,0.3150684932,359.8914598781,28,0.0767123288,0.0767123288,34.5093171951,95.5752686382,52.5651147774,85.5247898337,42.1810785057,26.6440785092,1.5654000000
loo,JPM,2026-08-25,1530,essvi,ok,,6,13,2026-12-18,0.3150684932,359.8914598781,28,0.0767123288,0.0767123288,32.5326654068,86.2843042211,59.9304158576,87.2460780206,55.5639560963,26.3167110648,1.2921000000
loo,JPM,2026-08-25,1530,essvi_g05,ok,,6,13,2026-12-18,0.3150684932,359.8914598781,28,0.0767123288,0.0767123288,21.6067427187,67.8425853792,58.0295514027,83.1289997745,53.8053236165,22.9706514448,3.2545000000
loo,JPM,2026-08-25,1530,essvi_gfree,ok,,6,13,2026-12-18,0.3150684932,359.8914598781,28,0.0767123288,0.0767123288,22.6780712762,75.3244535164,58.3931607025,85.7925890805,53.6830248375,26.5954737610,3.4069000000
loo,JPM,2026-08-25,1530,essvi_sg05,ok,,6,13,2026-12-18,0.3150684932,359.8914598781,28,0.0767123288,0.0767123288,48.0299011327,98.2144406885,75.5578053251,101.5813295410,72.3867863719,26.4400543022,0.8343000000
loo,JPM,2026-08-25,1530,svi,ok,,7,13,2027-01-15,0.3917808219,359.9456494662,20,0.0767123288,0.1726027397,12.3421581211,29.1977832360,39.7932517310,92.0022250528,-31.6405018635,-16.1803892880,185.9668000000
loo,JPM,2026-08-25,1530,ssvi,ok,,7,13,2027-01-15,0.3917808219,359.9456494662,20,0.0767123288,0.1726027397,29.4209318182,89.9680704008,31.8554842867,95.7618555269,-11.6875777352,4.4134099505,1.0246000000
loo,JPM,2026-08-25,1530,essvi,ok,,7,13,2027-01-15,0.3917808219,359.9456494662,20,0.0767123288,0.1726027397,14.3961829774,37.0620487503,37.2608446102,93.7547535079,-22.5306417801,4.6300596597,0.6778000000
loo,JPM,2026-08-25,1530,essvi_g05,ok,,7,13,2027-01-15,0.3917808219,359.9456494662,20,0.0767123288,0.1726027397,15.8876412038,45.7725655884,34.2260725433,86.0897837331,-28.6573703928,-20.5907829932,2.2602000000
loo,JPM,2026-08-25,1530,essvi_gfree,ok,,7,13,2027-01-15,0.3917808219,359.9456494662,20,0.0767123288,0.1726027397,15.6949414113,45.1065635765,34.7991054371,83.0323507087,-29.7543155027,-21.6912984856,2.3397000000
loo,JPM,2026-08-25,1530,essvi_sg05,ok,,7,13,2027-01-15,0.3917808219,359.9456494662,20,0.0767123288,0.1726027397,22.6813541280,44.6860249303,33.9830175560,71.4347094217,17.5370069201,4.3710654061,0.4930000000
loo,JPM,2026-08-25,1530,svi,ok,,8,13,2027-03-19,0.5643835616,362.2835869925,38,0.1726027397,0.2465753425,11.7130623690,23.9892896688,26.9853919186,62.8662546322,6.6131294929,-14.2578111807,178.2948000000
loo,JPM,2026-08-25,1530,ssvi,ok,,8,13,2027-03-19,0.5643835616,362.2835869925,38,0.1726027397,0.2465753425,30.1041842470,68.9261556539,25.2938635026,59.7177195865,7.2471594142,-8.4968626700,0.9577000000
loo,JPM,2026-08-25,1530,essvi,ok,,8,13,2027-03-19,0.5643835616,362.2835869925,38,0.1726027397,0.2465753425,16.9292540510,36.5628105309,22.5695854467,54.9469856543,8.0838782244,-8.3310476371,0.8165000000
loo,JPM,2026-08-25,1530,essvi_g05,ok,,8,13,2027-03-19,0.5643835616,362.2835869925,38,0.1726027397,0.2465753425,12.9234352239,26.6702213367,23.8693509028,52.5084503067,8.7984703744,0.6120869000,2.2774000000
loo,JPM,2026-08-25,1530,essvi_gfree,ok,,8,13,2027-03-19,0.5643835616,362.2835869925,38,0.1726027397,0.2465753425,14.7880392462,32.1781587713,20.9947950822,50.7117786392,4.9202590751,-12.2695945956,2.7072000000
loo,JPM,2026-08-25,1530,essvi_sg05,ok,,8,13,2027-03-19,0.5643835616,362.2835869925,38,0.1726027397,0.2465753425,35.9254712986,64.2083189200,28.2997057176,68.4163197672,15.8614831726,-8.3167565489,0.5108000000
loo,JPM,2026-08-25,1530,svi,ok,,9,13,2027-06-17,0.8109589041,364.7867602474,32,0.2465753425,0.2520547945,10.2649447964,33.4444799692,20.7029783986,54.8187912956,-13.6008913803,-2.1449786887,154.3458000000
loo,JPM,2026-08-25,1530,ssvi,ok,,9,13,2027-06-17,0.8109589041,364.7867602474,32,0.2465753425,0.2520547945,14.8989598029,35.9514472969,14.6314446017,34.6787085503,3.4426322362,0.0377671968,0.9861000000
loo,JPM,2026-08-25,1530,essvi,ok,,9,13,2027-06-17,0.8109589041,364.7867602474,32,0.2465753425,0.2520547945,14.7439503823,35.8361566760,22.8048114387,59.2634290661,-11.3345014146,0.1015502046,0.6680000000
loo,JPM,2026-08-25,1530,essvi_g05,ok,,9,13,2027-06-17,0.8109589041,364.7867602474,32,0.2465753425,0.2520547945,20.8122044177,53.7224827031,28.4014910909,73.8602273026,-14.9373911015,4.6083996861,2.1619000000
loo,JPM,2026-08-25,1530,essvi_gfree,ok,,9,13,2027-06-17,0.8109589041,364.7867602474,32,0.2465753425,0.2520547945,14.1554894626,34.7771740809,18.7233257299,51.5951366246,-11.6431460291,-12.8423507473,1.9842000000
loo,JPM,2026-08-25,1530,essvi_sg05,ok,,9,13,2027-06-17,0.8109589041,364.7867602474,32,0.2465753425,0.2520547945,14.9163411221,35.5017212344,15.2360007876,43.4831395553,-0.0447757886,-0.2321258901,0.4937000000
loo,JPM,2026-08-25,1530,svi,ok,,10,13,2027-09-17,1.0630136986,366.7041016090,33,0.2520547945,0.2493150685,13.1811182404,29.8417756256,27.3049417804,62.3634737141,18.0282227698,17.5188126303,147.2889000000
loo,JPM,2026-08-25,1530,ssvi,ok,,10,13,2027-09-17,1.0630136986,366.7041016090,33,0.2520547945,0.2493150685,27.1885496165,64.0779502399,34.0831679707,74.5268787271,19.2587041128,12.8202517766,0.9735000000
loo,JPM,2026-08-25,1530,essvi,ok,,10,13,2027-09-17,1.0630136986,366.7041016090,33,0.2520547945,0.2493150685,20.9294571419,55.7219535807,29.0336140093,68.4064805665,15.2686629997,13.0112120239,0.6601000000
loo,JPM,2026-08-25,1530,essvi_g05,ok,,10,13,2027-09-17,1.0630136986,366.7041016090,33,0.2520547945,0.2493150685,24.1848050309,76.6166464746,30.5695218156,73.2460750239,16.3256621532,40.5342399167,1.6645000000
loo,JPM,2026-08-25,1530,essvi_gfree,ok,,10,13,2027-09-17,1.0630136986,366.7041016090,33,0.2520547945,0.2493150685,21.1148553009,48.4989061955,29.4114268105,70.0483201470,16.7577131380,16.3299813136,1.9650000000
loo,JPM,2026-08-25,1530,essvi_sg05,ok,,10,13,2027-09-17,1.0630136986,366.7041016090,33,0.2520547945,0.2493150685,20.9455921843,57.0556730036,23.6227529847,59.8208844284,5.5770897378,13.1079495074,0.4819000000
loo,JPM,2026-08-25,1530,svi,ok,,11,13,2027-12-17,1.3123287671,370.3472459573,29,0.2493150685,0.0958904110,7.4632636527,21.2634716804,9.9450350712,32.7661699003,4.6261984316,14.7143482611,173.8266000000
loo,JPM,2026-08-25,1530,ssvi,ok,,11,13,2027-12-17,1.3123287671,370.3472459573,29,0.2493150685,0.0958904110,12.3095677596,26.5456030894,9.7189627663,23.5564432443,0.6456516482,9.7698101812,0.9800000000
loo,JPM,2026-08-25,1530,essvi,ok,,11,13,2027-12-17,1.3123287671,370.3472459573,29,0.2493150685,0.0958904110,11.6453089129,25.8513486716,10.4178674696,26.7278513266,2.6811135149,9.7695358880,0.6539000000
loo,JPM,2026-08-25,1530,essvi_g05,ok,,11,13,2027-12-17,1.3123287671,370.3472459573,29,0.2493150685,0.0958904110,21.3335165553,48.3900674058,23.5445975951,49.7401661379,4.4713083047,40.3596311655,1.6762000000
loo,JPM,2026-08-25,1530,essvi_gfree,ok,,11,13,2027-12-17,1.3123287671,370.3472459573,29,0.2493150685,0.0958904110,9.5762040961,20.7904715987,10.6756298051,27.3842686082,4.4732497680,15.3507579665,1.9808000000
loo,JPM,2026-08-25,1530,essvi_sg05,ok,,11,13,2027-12-17,1.3123287671,370.3472459573,29,0.2493150685,0.0958904110,23.5395146235,52.6000058257,21.5935117785,56.9534305435,-14.9760060951,9.7731596387,0.4853000000
loo,JPM,2026-08-26,1530,svi,ok,,1,15,2026-09-04,0.0246575342,357.5846056065,10,0.0191780822,0.0191780822,16.6334933102,34.7101401837,71.5001050297,102.9534482780,-69.0246298720,-65.2052303126,197.7786000000
loo,JPM,2026-08-26,1530,ssvi,ok,,1,15,2026-09-04,0.0246575342,357.5846056065,10,0.0191780822,0.0191780822,64.1673980095,123.5163361920,56.6867521076,80.3652694774,-19.6176946464,-54.7131092723,0.7901000000
loo,JPM,2026-08-26,1530,essvi,ok,,1,15,2026-09-04,0.0246575342,357.5846056065,10,0.0191780822,0.0191780822,14.6325141315,28.3053901831,63.1850558439,95.8873465989,-60.9094805581,-55.3928138895,0.6203000000
loo,JPM,2026-08-26,1530,essvi_g05,ok,,1,15,2026-09-04,0.0246575342,357.5846056065,10,0.0191780822,0.0191780822,35.7386601256,57.7926631580,76.4078611883,116.7310210140,-66.9782753451,-99.6890088706,2.7953000000
loo,JPM,2026-08-26,1530,essvi_gfree,ok,,1,15,2026-09-04,0.0246575342,357.5846056065,10,0.0191780822,0.0191780822,19.5228938751,37.9749617757,78.2368090303,113.9635619362,-74.9223907230,-77.8864517395,3.2630000000
loo,JPM,2026-08-26,1530,essvi_sg05,ok,,1,15,2026-09-04,0.0246575342,357.5846056065,10,0.0191780822,0.0191780822,49.1033472632,106.2693255370,47.4508939827,71.9476566755,-14.3173764823,-55.4075146300,0.5045000000
loo,JPM,2026-08-26,1530,svi,ok,,2,15,2026-09-11,0.0438356164,357.9175822999,12,0.0191780822,0.0191780822,12.5876392491,25.8276666017,45.0328748004,70.5511347497,42.9049392938,24.5990461060,206.4813000000
loo,JPM,2026-08-26,1530,ssvi,ok,,2,15,2026-09-11,0.0438356164,357.9175822999,12,0.0191780822,0.0191780822,49.3796734330,96.1459991079,50.3972688956,97.7784799818,32.3655691313,2.2581480777,0.8009000000
loo,JPM,2026-08-26,1530,essvi,ok,,2,15,2026-09-11,0.0438356164,357.9175822999,12,0.0191780822,0.0191780822,16.0909142800,34.1300678296,34.0241200404,69.9899414710,24.9361937800,1.4653084629,0.6055000000
loo,JPM,2026-08-26,1530,essvi_g05,ok,,2,15,2026-09-11,0.0438356164,357.9175822999,12,0.0191780822,0.0191780822,29.1606797898,53.6555618019,40.4954725252,87.0267270210,28.8472424110,-11.9163068683,2.8245000000
loo,JPM,2026-08-26,1530,essvi_gfree,ok,,2,15,2026-09-11,0.0438356164,357.9175822999,12,0.0191780822,0.0191780822,17.8465465596,29.7611394570,41.7231053829,67.1449871691,37.8199860628,11.7250907624,3.2830000000
loo,JPM,2026-08-26,1530,essvi_sg05,ok,,2,15,2026-09-11,0.0438356164,357.9175822999,12,0.0191780822,0.0191780822,56.1946883226,116.4095736313,56.3060246850,120.9147285694,45.1263022556,-0.1090518624,0.4385000000
loo,JPM,2026-08-26,1530,svi,ok,,3,15,2026-09-18,0.0630136986,358.2205330277,19,0.0191780822,0.0191780822,13.6306256771,40.8723648422,18.0626758014,47.5352648263,0.3642084856,47.5352648263,209.4183000000
loo,JPM,2026-08-26,1530,ssvi,ok,,3,15,2026-09-18,0.0630136986,358.2205330277,19,0.0191780822,0.0191780822,37.4244605025,61.8210071343,39.4536171345,76.9135240583,22.3492061019,55.0603582847,0.8001000000
loo,JPM,2026-08-26,1530,essvi,ok,,3,15,2026-09-18,0.0630136986,358.2205330277,19,0.0191780822,0.0191780822,25.5426858327,50.5759529762,37.4988718627,107.7127831806,-16.1266223052,52.8503654721,0.6962000000
loo,JPM,2026-08-26,1530,essvi_g05,ok,,3,15,2026-09-18,0.0630136986,358.2205330277,19,0.0191780822,0.0191780822,37.6317550898,83.3290149451,48.9234018662,143.7872332860,23.2774650180,26.5937960034,6.8021000000
loo,JPM,2026-08-26,1530,essvi_gfree,ok,,3,15,2026-09-18,0.0630136986,358.2205330277,19,0.0191780822,0.0191780822,17.3156276005,32.1268683121,25.6471054944,67.5307376141,10.3789547024,40.0581915136,3.5490000000
loo,JPM,2026-08-26,1530,essvi_sg05,ok,,3,15,2026-09-18,0.0630136986,358.2205330277,19,0.0191780822,0.0191780822,48.7507539774,117.1648967864,75.8323968167,199.7926970373,56.2716365027,52.5571751455,0.5028000000
loo,JPM,2026-08-26,1530,svi,ok,,4,15,2026-09-25,0.0821917808,358.4992780751,8,0.0191780822,0.0191780822,2.3782837102,4.1654796427,31.1096372119,60.9726039894,15.0261449606,-27.0751082545,202.3442000000
loo,JPM,2026-08-26,1530,ssvi,ok,,4,15,2026-09-25,0.0821917808,358.4992780751,8,0.0191780822,0.0191780822,23.9881966489,40.6817559382,36.3565867011,61.5492443749,-28.2942850484,-36.2777774468,0.8024000000
loo,JPM,2026-08-26,1530,essvi,ok,,4,15,2026-09-25,0.0821917808,358.4992780751,8,0.0191780822,0.0191780822,2.7704168408,4.6433015428,50.3835213987,108.2349615613,10.5772616701,-37.7132775811,0.6216000000
loo,JPM,2026-08-26,1530,essvi_g05,ok,,4,15,2026-09-25,0.0821917808,358.4992780751,8,0.0191780822,0.0191780822,12.7481775025,17.5209160288,21.5122311815,40.9430274329,0.1428493702,-17.8158631012,3.1493000000
loo,JPM,2026-08-26,1530,essvi_gfree,ok,,4,15,2026-09-25,0.0821917808,358.4992780751,8,0.0191780822,0.0191780822,3.2980497416,4.7218075864,15.4786011341,22.7542303974,0.3741926482,-5.2381326596,6.1262000000
loo,JPM,2026-08-26,1530,essvi_sg05,ok,,4,15,2026-09-25,0.0821917808,358.4992780751,8,0.0191780822,0.0191780822,27.4542801766,45.7393018850,24.8608773970,34.8604358257,-12.0160199726,-34.8604358257,0.6074000000
loo,JPM,2026-08-26,1530,svi,ok,,5,15,2026-10-02,0.1013698630,358.7750401837,5,0.0191780822,0.0383561644,19.3772209131,29.6982538731,140.7246108108,187.0121356203,137.3163169564,187.0121356203,194.8374000000
loo,JPM,2026-08-26,1530,ssvi,ok,,5,15,2026-10-02,0.1013698630,358.7750401837,5,0.0191780822,0.0383561644,43.3890661636,59.3859721139,144.0747726914,189.7280790350,141.6938807992,189.7280790350,0.8137000000
loo,JPM,2026-08-26,1530,essvi,ok,,5,15,2026-10-02,0.1013698630,358.7750401837,5,0.0191780822,0.0383561644,26.1562517201,49.0357538401,146.0847285277,192.5678339717,142.9258033131,192.5678339717,0.6227000000
loo,JPM,2026-08-26,1530,essvi_g05,ok,,5,15,2026-10-02,0.1013698630,358.7750401837,5,0.0191780822,0.0383561644,24.5499119400,44.2675070955,123.2520955648,164.2138079480,119.3953382115,164.2138079480,2.8701000000
loo,JPM,2026-08-26,1530,essvi_gfree,ok,,5,15,2026-10-02,0.1013698630,358.7750401837,5,0.0191780822,0.0383561644,25.9433207186,48.1408536213,133.1492358749,177.8089319406,129.6981606094,177.8089319406,2.9994000000
loo,JPM,2026-08-26,1530,essvi_sg05,ok,,5,15,2026-10-02,0.1013698630,358.7750401837,5,0.0191780822,0.0383561644,38.2275553356,54.8189761318,153.4823155121,193.6341587852,150.1490595712,193.6341587852,0.5418000000
loo,JPM,2026-08-26,1530,svi,ok,,6,15,2026-10-16,0.1397260274,357.8478402369,16,0.0383561644,0.0958904110,11.3953957897,25.4484672948,119.6314688496,182.5418347394,-114.5220615190,-175.9186786221,192.5338000000
loo,JPM,2026-08-26,1530,ssvi,ok,,6,15,2026-10-16,0.1397260274,357.8478402369,16,0.0383561644,0.0958904110,38.0887197082,79.8881181710,149.1948844836,188.0154232436,-147.2235049190,-167.2241668055,0.7897000000
loo,JPM,2026-08-26,1530,essvi,ok,,6,15,2026-10-16,0.1397260274,357.8478402369,16,0.0383561644,0.0958904110,23.0007955836,50.0458893314,115.0315228808,182.3074902686,-70.8977892551,-168.0344297830,0.5987000000
loo,JPM,2026-08-26,1530,essvi_g05,ok,,6,15,2026-10-16,0.1397260274,357.8478402369,16,0.0383561644,0.0958904110,26.1971214011,55.5625762932,137.2605641951,188.5644388963,-133.2862817557,-168.0678398457,2.8232000000
loo,JPM,2026-08-26,1530,essvi_gfree,ok,,6,15,2026-10-16,0.1397260274,357.8478402369,16,0.0383561644,0.0958904110,17.3794650149,39.1627119848,146.0338849708,181.0007255094,-144.2278906453,-160.1388688214,2.9681000000
loo,JPM,2026-08-26,1530,essvi_sg05,ok,,6,15,2026-10-16,0.1397260274,357.8478402369,16,0.0383561644,0.0958904110,60.7524761958,113.9771697684,130.6838616594,190.0155813289,-126.4028949284,-166.3044572666,0.4692000000
loo,JPM,2026-08-26,1530,svi,ok,,7,15,2026-11-20,0.2356164384,358.9754970774,24,0.0958904110,0.0767123288,11.5264243366,21.9270880818,18.8441895687,41.4328958707,-11.9320768584,-24.2628795122,205.8625000000
loo,JPM,2026-08-26,1530,ssvi,ok,,7,15,2026-11-20,0.2356164384,358.9754970774,24,0.0958904110,0.0767123288,28.5282080960,65.7744853302,21.4963983186,54.1881367779,8.5971539327,-17.9845255539,0.7555000000
loo,JPM,2026-08-26,1530,essvi,ok,,7,15,2026-11-20,0.2356164384,358.9754970774,24,0.0958904110,0.0767123288,23.5474385422,62.9415738241,22.7299927227,82.7780140891,-4.6148172101,-17.7066892161,0.6166000000
loo,JPM,2026-08-26,1530,essvi_g05,ok,,7,15,2026-11-20,0.2356164384,358.9754970774,24,0.0958904110,0.0767123288,19.8186959300,37.8852601961,23.9269359181,64.4752511965,-9.5921595907,-39.9557016506,2.7382000000
loo,JPM,2026-08-26,1530,essvi_gfree,ok,,7,15,2026-11-20,0.2356164384,358.9754970774,24,0.0958904110,0.0767123288,18.7745985585,54.8184380489,23.7673278518,82.8897623520,-10.4300147299,-29.0683965836,3.2680000000
loo,JPM,2026-08-26,1530,essvi_sg05,ok,,7,15,2026-11-20,0.2356164384,358.9754970774,24,0.0958904110,0.0767123288,47.5936075189,109.9442121310,37.0896646402,103.4045406779,23.1794937096,-17.0485932445,0.4520000000
loo,JPM,2026-08-26,1530,svi,ok,,8,15,2026-12-18,0.3123287671,360.0693183175,28,0.0767123288,0.0767123288,12.8971397288,27.1771362472,58.1522196134,80.9452620016,56.4332206406,53.2777953243,208.2122000000
loo,JPM,2026-08-26,1530,ssvi,ok,,8,15,2026-12-18,0.3123287671,360.0693183175,28,0.0767123288,0.0767123288,23.3282600026,43.6900385418,69.2356498301,101.6220781293,65.7101661843,57.0462458165,0.7502000000
loo,JPM,2026-08-26,1530,essvi,ok,,8,15,2026-12-18,0.3123287671,360.0693183175,28,0.0767123288,0.0767123288,22.3403389945,57.6951835240,68.6693192874,100.0699532600,65.2098096726,57.0547297638,0.6341000000
loo,JPM,2026-08-26,1530,essvi_g05,ok,,8,15,2026-12-18,0.3123287671,360.0693183175,28,0.0767123288,0.0767123288,20.8622572094,47.5940897023,63.6146193171,92.0973389173,60.2242228010,47.7163566969,2.6857000000
loo,JPM,2026-08-26,1530,essvi_gfree,ok,,8,15,2026-12-18,0.3123287671,360.0693183175,28,0.0767123288,0.0767123288,21.3216545906,59.5214050294,63.7991293647,94.5692362811,59.8944613463,54.6449490346,3.1369000000
loo,JPM,2026-08-26,1530,essvi_sg05,ok,,8,15,2026-12-18,0.3123287671,360.0693183175,28,0.0767123288,0.0767123288,36.1578595614,85.3598365884,84.6760396297,138.5255090856,81.1533986899,57.1617372289,0.4712000000
loo,JPM,2026-08-26,1530,svi,ok,,9,15,2027-01-15,0.3890410959,360.5298406103,17,0.0767123288,0.1726027397,10.1286137064,24.1447525782,35.6775079104,61.4382260280,-33.3287701444,-25.5015927959,197.4885000000
loo,JPM,2026-08-26,1530,ssvi,ok,,9,15,2027-01-15,0.3890410959,360.5298406103,17,0.0767123288,0.1726027397,26.7998422623,83.4925720727,43.8353294953,116.6018214000,-34.0799851676,-21.8440826343,0.7712000000
loo,JPM,2026-08-26,1530,essvi,ok,,9,15,2027-01-15,0.3890410959,360.5298406103,17,0.0767123288,0.1726027397,20.8366724312,48.5185864915,48.6570746787,129.2407504072,-37.9606338330,-21.8962116124,0.6674000000
loo,JPM,2026-08-26,1530,essvi_g05,ok,,9,15,2027-01-15,0.3890410959,360.5298406103,17,0.0767123288,0.1726027397,23.6253908281,64.0253633017,49.3651196377,125.9186915736,-40.4717074615,-28.3966862989,2.7675000000
loo,JPM,2026-08-26,1530,essvi_gfree,ok,,9,15,2027-01-15,0.3890410959,360.5298406103,17,0.0767123288,0.1726027397,24.7247019778,66.8401649049,50.4163455118,128.9283682680,-41.0201745942,-26.3785397577,3.3329000000
loo,JPM,2026-08-26,1530,essvi_sg05,ok,,9,15,2027-01-15,0.3890410959,360.5298406103,17,0.0767123288,0.1726027397,21.3830466081,41.4058240587,30.1900753427,84.5349054987,-19.7500018921,-22.0175885655,0.4965000000
loo,JPM,2026-08-26,1530,svi,ok,,10,15,2027-03-19,0.5616438356,362.5763726071,38,0.1726027397,0.2465753425,10.6225435206,29.9456545173,27.5517866062,71.2523381285,18.0715293429,25.9614024463,202.4386000000
loo,JPM,2026-08-26,1530,ssvi,ok,,10,15,2027-03-19,0.5616438356,362.5763726071,38,0.1726027397,0.2465753425,16.6869893980,44.6759657480,21.9105972331,55.2164196880,14.0368648824,17.1977101165,0.7236000000
loo,JPM,2026-08-26,1530,essvi,ok,,10,15,2027-03-19,0.5616438356,362.5763726071,38,0.1726027397,0.2465753425,13.1895013303,39.9434210624,33.1938297982,80.0492701441,22.3198625888,17.6186052001,0.6081000000
loo,JPM,2026-08-26,1530,essvi_g05,ok,,10,15,2027-03-19,0.5616438356,362.5763726071,38,0.1726027397,0.2465753425,13.2446713335,42.5455444539,27.0837656636,60.5297810983,19.4897926691,30.6485745503,2.3135000000
loo,JPM,2026-08-26,1530,essvi_gfree,ok,,10,15,2027-03-19,0.5616438356,362.5763726071,38,0.1726027397,0.2465753425,13.5916417874,31.1888765318,26.6917434378,63.2943279127,19.3929455046,23.7236075633,2.7467000000
loo,JPM,2026-08-26,1530,essvi_sg05,ok,,10,15,2027-03-19,0.5616438356,362.5763726071,38,0.1726027397,0.2465753425,20.4165959878,43.6284077284,31.9428125661,76.2549285896,20.3044911134,17.6622091729,0.4520000000
loo,JPM,2026-08-26,1530,svi,ok,,11,15,2027-06-17,0.8082191781,365.3991927647,29,0.2465753425,0.2520547945,8.3106098565,19.7610138222,28.6337652308,68.4780080005,-24.4074932120,-11.0163708825,203.9997000000
loo,JPM,2026-08-26,1530,ssvi,ok,,11,15,2027-06-17,0.8082191781,365.3991927647,29,0.2465753425,0.2520547945,19.5240341690,51.7660264432,24.4051999130,63.7281556617,-16.1873843568,-9.1115244348,0.7397000000
loo,JPM,2026-08-26,1530,essvi,ok,,11,15,2027-06-17,0.8082191781,365.3991927647,29,0.2465753425,0.2520547945,15.4188249246,39.2786713413,30.5884039563,83.8066126609,-23.4209637514,-8.8533439463,0.5986000000
loo,JPM,2026-08-26,1530,essvi_g05,ok,,11,15,2027-06-17,0.8082191781,365.3991927647,29,0.2465753425,0.2520547945,21.8018582443,65.7811788484,34.4513807932,100.4047491355,-24.6755075516,-0.6826171823,2.7337000000
loo,JPM,2026-08-26,1530,essvi_gfree,ok,,11,15,2027-06-17,0.8082191781,365.3991927647,29,0.2465753425,0.2520547945,16.6698858851,49.9940680899,31.0740760224,76.3944416984,-25.3890851799,-16.7163361231,3.1701000000
loo,JPM,2026-08-26,1530,essvi_sg05,ok,,11,15,2027-06-17,0.8082191781,365.3991927647,29,0.2465753425,0.2520547945,18.4945036704,53.6928947551,26.5041130449,73.9414142940,-19.4175232467,-8.7504814416,0.4451000000
loo,JPM,2026-08-26,1530,svi,ok,,12,15,2027-09-17,1.0602739726,367.6398683644,34,0.2520547945,0.2493150685,14.1049037516,36.7366597273,27.8174274133,71.1669873701,14.7482717992,1.9749427911,203.9504000000
loo,JPM,2026-08-26,1530,ssvi,ok,,12,15,2027-09-17,1.0602739726,367.6398683644,34,0.2520547945,0.2493150685,19.4231493377,49.7329642452,23.4377581894,57.6554237955,13.2213468493,-3.6517199643,0.8343000000
loo,JPM,2026-08-26,1530,essvi,ok,,12,15,2027-09-17,1.0602739726,367.6398683644,34,0.2520547945,0.2493150685,14.6711076674,41.4092677177,23.4791123991,57.1685266053,16.3263052794,-3.5114646819,0.6068000000
loo,JPM,2026-08-26,1530,essvi_g05,ok,,12,15,2027-09-17,1.0602739726,367.6398683644,34,0.2520547945,0.2493150685,18.8714991885,44.4173722548,27.0621233780,52.3647127017,13.5431519396,21.0037066770,2.3313000000
loo,JPM,2026-08-26,1530,essvi_gfree,ok,,12,15,2027-09-17,1.0602739726,367.6398683644,34,0.2520547945,0.2493150685,14.5087862970,34.1526589436,23.4389993147,57.2908986292,15.8149667442,-0.9403553884,2.7631000000
loo,JPM,2026-08-26,1530,essvi_sg05,ok,,12,15,2027-09-17,1.0602739726,367.6398683644,34,0.2520547945,0.2493150685,14.8003612435,42.4442721011,17.9326727478,43.1717990185,5.2793715589,-3.5574390718,0.4569000000
loo,JPM,2026-08-26,1530,svi,ok,,13,15,2027-12-17,1.3095890411,371.2621139524,30,0.2493150685,0.0958904110,10.1830731077,20.1947395190,22.8683069575,44.8495947468,10.6321141917,17.1771492875,189.7828000000
loo,JPM,2026-08-26,1530,ssvi,ok,,13,15,2027-12-17,1.3095890411,371.2621139524,30,0.2493150685,0.0958904110,15.8829099411,48.9298132835,23.5177995243,45.5219176510,11.6124226802,15.0660453799,0.7432000000
loo,JPM,2026-08-26,1530,essvi,ok,,13,15,2027-12-17,1.3095890411,371.2621139524,30,0.2493150685,0.0958904110,10.9842516765,23.2554059939,23.4071959764,47.4517644809,10.9428089828,15.0648975923,0.6057000000
loo,JPM,2026-08-26,1530,essvi_g05,ok,,13,15,2027-12-17,1.3095890411,371.2621139524,30,0.2493150685,0.0958904110,23.3760374099,62.3479267326,29.8356061727,75.1488046259,9.2057569641,34.9050290234,2.6581000000
loo,JPM,2026-08-26,1530,essvi_gfree,ok,,13,15,2027-12-17,1.3095890411,371.2621139524,30,0.2493150685,0.0958904110,10.9930398496,24.6319794527,24.8130196163,53.4898503455,13.1375996025,11.8914567269,3.0968000000
loo,JPM,2026-08-26,1530,essvi_sg05,ok,,13,15,2027-12-17,1.3095890411,371.2621139524,30,0.2493150685,0.0958904110,18.9495777105,55.5912354687,22.3362396038,66.4142413289,2.3142003329,15.0654138209,0.4458000000
loo,JPM,2026-08-27,1530,svi,ok,,1,15,2026-09-11,0.0410958904,355.1238997929,13,0.0191780822,0.0191780822,19.2302962428,38.7908617919,53.6171305996,80.7828917177,38.8601873072,78.3639860082,183.6578000000
loo,JPM,2026-08-27,1530,ssvi,ok,,1,15,2026-09-11,0.0410958904,355.1238997929,13,0.0191780822,0.0191780822,67.5440302709,125.4181977433,87.9213158971,156.0053234959,57.7873497137,81.3158298192,1.0364000000
loo,JPM,2026-08-27,1530,essvi,ok,,1,15,2026-09-11,0.0410958904,355.1238997929,13,0.0191780822,0.0191780822,32.5813015394,59.7202244870,59.3888212299,92.6088538851,42.6624520051,80.3561540981,0.5485000000
loo,JPM,2026-08-27,1530,essvi_g05,ok,,1,15,2026-09-11,0.0410958904,355.1238997929,13,0.0191780822,0.0191780822,29.8467669633,72.9152859487,57.8720156542,120.9256612659,35.6827931502,45.7826453998,3.0038000000
loo,JPM,2026-08-27,1530,essvi_gfree,ok,,1,15,2026-09-11,0.0410958904,355.1238997929,13,0.0191780822,0.0191780822,21.0809910253,43.8611667822,53.8546322513,95.0209847247,39.9136636443,67.0736536221,3.1298000000
loo,JPM,2026-08-27,1530,essvi_sg05,ok,,1,15,2026-09-11,0.0410958904,355.1238997929,13,0.0191780822,0.0191780822,34.7160652320,64.9009723055,82.7393658971,153.0211690531,70.7294231639,79.2959845620,0.4789000000
loo,JPM,2026-08-27,1530,svi,ok,,2,15,2026-09-18,0.0602739726,355.6076536227,21,0.0191780822,0.0191780822,8.0589298129,17.1043510156,10.8136950273,28.4377088228,4.8969548681,-5.8378178418,188.9852000000
loo,JPM,2026-08-27,1530,ssvi,ok,,2,15,2026-09-18,0.0602739726,355.6076536227,21,0.0191780822,0.0191780822,38.2102584018,67.1953040240,37.5114350958,76.2158686261,-3.5810014328,-14.4242315677,1.0139000000
loo,JPM,2026-08-27,1530,essvi,ok,,2,15,2026-09-18,0.0602739726,355.6076536227,21,0.0191780822,0.0191780822,8.9257761510,23.5612823159,21.1688045340,45.9779453304,5.0349625932,-16.4370299748,0.5571000000
loo,JPM,2026-08-27,1530,essvi_g05,ok,,2,15,2026-09-18,0.0602739726,355.6076536227,21,0.0191780822,0.0191780822,28.3522419611,45.4174389968,39.4317117804,91.5974427269,17.8048728732,-22.6703124279,3.2424000000
loo,JPM,2026-08-27,1530,essvi_gfree,ok,,2,15,2026-09-18,0.0602739726,355.6076536227,21,0.0191780822,0.0191780822,10.9799183258,20.5030991323,21.3419395944,46.4049508158,8.5250015443,-9.7603371880,3.0881000000
loo,JPM,2026-08-27,1530,essvi_sg05,ok,,2,15,2026-09-18,0.0602739726,355.6076536227,21,0.0191780822,0.0191780822,53.4770818013,94.4226535471,47.5444118812,108.3495229940,28.6398838363,-16.6607544194,0.4364000000
loo,JPM,2026-08-27,1530,svi,ok,,3,15,2026-09-25,0.0794520548,355.9977854566,9,0.0191780822,0.0191780822,7.8864828248,16.0501008292,13.9394713324,24.2426522032,-0.8106565077,-5.6250041998,190.8946000000
loo,JPM,2026-08-27,1530,ssvi,ok,,3,15,2026-09-25,0.0794520548,355.9977854566,9,0.0191780822,0.0191780822,14.9809626918,28.7511259340,15.3322042005,31.4187390897,-3.0393332040,-5.9765576215,1.0382000000
loo,JPM,2026-08-27,1530,essvi,ok,,3,15,2026-09-25,0.0794520548,355.9977854566,9,0.0191780822,0.0191780822,8.7092248691,20.9569081537,14.4500607916,24.1406338114,-1.7864214201,-7.9197922961,0.5621000000
loo,JPM,2026-08-27,1530,essvi_g05,ok,,3,15,2026-09-25,0.0794520548,355.9977854566,9,0.0191780822,0.0191780822,12.7727124897,21.1384083327,20.1022667055,34.2635950809,-6.4748052624,-26.8465935081,9.0372000000
loo,JPM,2026-08-27,1530,essvi_gfree,ok,,3,15,2026-09-25,0.0794520548,355.9977854566,9,0.0191780822,0.0191780822,8.3211734142,17.2624297354,14.9872958743,22.6308911167,-2.2641332143,-10.9224153171,3.8484000000
loo,JPM,2026-08-27,1530,essvi_sg05,ok,,3,15,2026-09-25,0.0794520548,355.9977854566,9,0.0191780822,0.0191780822,24.2016203429,35.8085355653,27.6723848546,59.0647740940,15.7259340277,-8.2324435824,0.4458000000
loo,JPM,2026-08-27,1530,svi,ok,,4,15,2026-10-02,0.0986301370,356.4532341143,9,0.0191780822,0.0191780822,11.7913749828,27.9883527404,27.2324116517,43.3240184498,23.7094134908,33.2121926087,183.5189000000
loo,JPM,2026-08-27,1530,ssvi,ok,,4,15,2026-10-02,0.0986301370,356.4532341143,9,0.0191780822,0.0191780822,22.2110509221,48.1536411855,34.5523332213,54.1897448509,27.6672572119,30.3826265817,1.0395000000
loo,JPM,2026-08-27,1530,essvi,ok,,4,15,2026-10-02,0.0986301370,356.4532341143,9,0.0191780822,0.0191780822,12.8774754806,34.2020285985,29.3740974355,40.7093762743,25.9292316158,29.8264443677,0.5489000000
loo,JPM,2026-08-27,1530,essvi_g05,ok,,4,15,2026-10-02,0.0986301370,356.4532341143,9,0.0191780822,0.0191780822,16.8480987402,35.5285345506,41.2089565657,74.9627160802,34.2574026772,22.3810586454,3.0243000000
loo,JPM,2026-08-27,1530,essvi_gfree,ok,,4,15,2026-10-02,0.0986301370,356.4532341143,9,0.0191780822,0.0191780822,12.5781766576,31.1805564651,34.0320810936,51.7591192355,29.8919144463,29.0866655217,3.1718000000
loo,JPM,2026-08-27,1530,essvi_sg05,ok,,4,15,2026-10-02,0.0986301370,356.4532341143,9,0.0191780822,0.0191780822,22.1553314460,41.1368673023,53.1132637457,94.5928699270,46.1410205533,30.3763705198,0.4377000000
loo,JPM,2026-08-27,1530,svi,ok,,5,15,2026-10-09,0.1178082192,355.5436596505,5,0.0191780822,0.0191780822,6.1228585226,9.8529225192,148.6023523464,168.9332321944,147.9874741119,149.9620406562,199.7216000000
loo,JPM,2026-08-27,1530,ssvi,ok,,5,15,2026-10-09,0.1178082192,355.5436596505,5,0.0191780822,0.0191780822,8.5099866245,12.2461533254,157.7012181179,171.7851965410,157.4521915627,163.2446057567,1.0741000000
loo,JPM,2026-08-27,1530,essvi,ok,,5,15,2026-10-09,0.1178082192,355.5436596505,5,0.0191780822,0.0191780822,7.8625487695,14.5746647353,159.9648687900,172.9160286755,159.7055164002,162.3601709390,0.5818000000
loo,JPM,2026-08-27,1530,essvi_g05,ok,,5,15,2026-10-09,0.1178082192,355.5436596505,5,0.0191780822,0.0191780822,11.2519062315,15.1529208354,132.6141221475,160.4945358620,131.6405381878,127.6640166044,3.1118000000
loo,JPM,2026-08-27,1530,essvi_gfree,ok,,5,15,2026-10-09,0.1178082192,355.5436596505,5,0.0191780822,0.0191780822,8.4593802039,10.8671644692,142.7193167194,159.0173369367,142.3322540156,143.2691116195,3.2312000000
loo,JPM,2026-08-27,1530,essvi_sg05,ok,,5,15,2026-10-09,0.1178082192,355.5436596505,5,0.0191780822,0.0191780822,13.1454161885,22.1261854478,169.8714052277,206.4955593153,168.6241602985,161.9687529860,0.4464000000
loo,JPM,2026-08-27,1530,svi,ok,,6,15,2026-10-16,0.1369863014,355.3307417152,22,0.0191780822,0.0958904110,17.8176623179,35.8392020811,243.1114089142,446.9926503081,-234.9845439009,-223.5294863052,198.3978000000
loo,JPM,2026-08-27,1530,ssvi,ok,,6,15,2026-10-16,0.1369863014,355.3307417152,22,0.0191780822,0.0958904110,39.9063743339,77.0829670881,198.1246178805,289.6566690660,-195.7146225272,-224.2808872026,1.0115000000
loo,JPM,2026-08-27,1530,essvi,ok,,6,15,2026-10-16,0.1369863014,355.3307417152,22,0.0191780822,0.0958904110,36.6199391589,93.6310157844,212.2957707560,344.4519597214,-208.9430135007,-224.6598542052,0.5568000000
loo,JPM,2026-08-27,1530,essvi_g05,ok,,6,15,2026-10-16,0.1369863014,355.3307417152,22,0.0191780822,0.0958904110,28.4713148262,53.9503976383,181.9264274312,236.4243158513,-179.2001254498,-236.4243158513,3.5779000000
loo,JPM,2026-08-27,1530,essvi_gfree,ok,,6,15,2026-10-16,0.1369863014,355.3307417152,22,0.0191780822,0.0958904110,27.2048282023,81.6408436377,200.5169754425,296.3799936802,-198.3125663729,-229.9414750396,4.5246000000
loo,JPM,2026-08-27,1530,essvi_sg05,ok,,6,15,2026-10-16,0.1369863014,355.3307417152,22,0.0191780822,0.0958904110,66.0117374531,106.1450294979,161.9831480144,224.0686765178,-157.8282479498,-224.0686765178,0.7358000000
loo,JPM,2026-08-27,1530,svi,ok,,7,15,2026-11-20,0.2328767123,356.3578267740,26,0.0958904110,0.0767123288,15.3382620150,51.0464333680,22.1933364432,41.8938320665,-14.4071403138,-30.6965589628,184.6143000000
loo,JPM,2026-08-27,1530,ssvi,ok,,7,15,2026-11-20,0.2328767123,356.3578267740,26,0.0958904110,0.0767123288,25.2564111609,55.6948062297,22.8115558102,51.7071628225,10.4092772305,-10.2283841140,1.0893000000
loo,JPM,2026-08-27,1530,essvi,ok,,7,15,2026-11-20,0.2328767123,356.3578267740,26,0.0958904110,0.0767123288,19.5237492577,58.5162135873,19.2815297613,46.2949064988,6.4427384899,-10.5406577297,0.5610000000
loo,JPM,2026-08-27,1530,essvi_g05,ok,,7,15,2026-11-20,0.2328767123,356.3578267740,26,0.0958904110,0.0767123288,25.9189318048,48.5899507059,26.8262265515,50.6676462569,-6.8457660514,-42.7744727952,7.8977000000
loo,JPM,2026-08-27,1530,essvi_gfree,ok,,7,15,2026-11-20,0.2328767123,356.3578267740,26,0.0958904110,0.0767123288,20.5078529862,45.5910893503,21.1776378734,46.0505562574,-6.6647047904,-32.4520126651,9.5735000000
loo,JPM,2026-08-27,1530,essvi_sg05,ok,,7,15,2026-11-20,0.2328767123,356.3578267740,26,0.0958904110,0.0767123288,50.2682808977,98.1458802868,45.8381773040,116.2888825938,31.6781393757,-11.0882271112,0.6817000000
loo,JPM,2026-08-27,1530,svi,ok,,8,15,2026-12-18,0.3095890411,357.5395268281,34,0.0767123288,0.0767123288,13.8309507804,29.1322909142,65.3216733663,102.8000861794,63.3467042067,53.8768984914,177.1338000000
loo,JPM,2026-08-27,1530,ssvi,ok,,8,15,2026-12-18,0.3095890411,357.5395268281,34,0.0767123288,0.0767123288,32.4665830159,70.3904183666,71.2556284977,125.3109011280,63.7436304444,67.4574279229,0.9709000000
loo,JPM,2026-08-27,1530,essvi,ok,,8,15,2026-12-18,0.3095890411,357.5395268281,34,0.0767123288,0.0767123288,32.0320871692,74.1733093360,72.5166255667,128.8813528023,65.6851416409,67.2236355847,0.5423000000
loo,JPM,2026-08-27,1530,essvi_g05,ok,,8,15,2026-12-18,0.3095890411,357.5395268281,34,0.0767123288,0.0767123288,26.8277501861,58.8396948684,68.4047160468,122.5709412801,62.6545121958,55.6625689928,3.1787000000
loo,JPM,2026-08-27,1530,essvi_gfree,ok,,8,15,2026-12-18,0.3095890411,357.5395268281,34,0.0767123288,0.0767123288,28.6700800446,63.2383902733,68.6974488515,123.9193376957,61.6319009793,62.3030846143,2.9696000000
loo,JPM,2026-08-27,1530,essvi_sg05,ok,,8,15,2026-12-18,0.3095890411,357.5395268281,34,0.0767123288,0.0767123288,39.5244806867,79.9692591596,89.3959956345,141.7824452432,85.7157211750,67.2319037005,0.4190000000
loo,JPM,2026-08-27,1530,svi,ok,,9,15,2027-01-15,0.3863013699,358.3051993879,20,0.0767123288,0.1726027397,12.8359713844,28.1954432044,53.8593832272,93.1972418566,-48.8823604768,-43.0575686491,183.0745000000
loo,JPM,2026-08-27,1530,ssvi,ok,,9,15,2027-01-15,0.3863013699,358.3051993879,20,0.0767123288,0.1726027397,31.4803730907,109.7768164766,56.3325241779,158.6584012263,-44.1818195896,-33.7976970157,1.0159000000
loo,JPM,2026-08-27,1530,essvi,ok,,9,15,2027-01-15,0.3863013699,358.3051993879,20,0.0767123288,0.1726027397,22.0429851928,59.8555380252,57.3511872985,159.6235520600,-45.5007655555,-33.8555465994,0.5550000000
loo,JPM,2026-08-27,1530,essvi_g05,ok,,9,15,2027-01-15,0.3863013699,358.3051993879,20,0.0767123288,0.1726027397,23.5786010531,75.9173495124,59.7882456249,155.2339508157,-51.2830939446,-46.9052898650,2.9236000000
loo,JPM,2026-08-27,1530,essvi_gfree,ok,,9,15,2027-01-15,0.3863013699,358.3051993879,20,0.0767123288,0.1726027397,24.6698734286,78.3701680312,60.4250868596,155.9949233249,-51.8772370413,-44.9358613021,3.0386000000
loo,JPM,2026-08-27,1530,essvi_sg05,ok,,9,15,2027-01-15,0.3863013699,358.3051993879,20,0.0767123288,0.1726027397,22.4986439465,52.2462277112,38.6553929632,119.0481230933,-26.6508418833,-33.7479157289,0.4228000000
loo,JPM,2026-08-27,1530,svi,ok,,10,15,2027-03-19,0.5589041096,360.4143263766,45,0.1726027397,0.2465753425,8.4451743519,19.1427466967,31.5206364956,57.4418946278,28.0211591940,16.2530369218,172.3201000000
loo,JPM,2026-08-27,1530,ssvi,ok,,10,15,2027-03-19,0.5589041096,360.4143263766,45,0.1726027397,0.2465753425,18.0642939661,39.1864006620,41.5720058469,68.6146946997,38.6260477565,28.8174032999,0.9319000000
loo,JPM,2026-08-27,1530,essvi,ok,,10,15,2027-03-19,0.5589041096,360.4143263766,45,0.1726027397,0.2465753425,12.1379571400,27.1488734520,35.3289039361,54.8720780535,32.8712626074,28.8182892717,0.5477000000
loo,JPM,2026-08-27,1530,essvi_g05,ok,,10,15,2027-03-19,0.5589041096,360.4143263766,45,0.1726027397,0.2465753425,13.1430267479,30.1048234188,28.9864704674,46.4151774116,26.2323186018,23.7712286057,3.0547000000
loo,JPM,2026-08-27,1530,essvi_gfree,ok,,10,15,2027-03-19,0.5589041096,360.4143263766,45,0.1726027397,0.2465753425,14.8102358530,34.4056858437,28.2751475302,48.0697584976,24.6431398493,16.5697113645,2.8628000000
loo,JPM,2026-08-27,1530,essvi_sg05,ok,,10,15,2027-03-19,0.5589041096,360.4143263766,45,0.1726027397,0.2465753425,22.2092892551,43.6700766771,43.8337873684,72.8074395820,40.6851554051,28.8194891219,0.4527000000
loo,JPM,2026-08-27,1530,svi,ok,,11,15,2027-06-17,0.8054794521,362.9257172517,34,0.2465753425,0.2520547945,11.4818458975,21.9205948809,24.2423149397,41.5235860591,-16.7613038909,-31.2030890420,169.6267000000
loo,JPM,2026-08-27,1530,ssvi,ok,,11,15,2027-06-17,0.8054794521,362.9257172517,34,0.2465753425,0.2520547945,24.2333463664,44.2738456113,26.5996515099,53.1990915673,-18.3043180203,-39.3874266936,0.9636000000
loo,JPM,2026-08-27,1530,essvi,ok,,11,15,2027-06-17,0.8054794521,362.9257172517,34,0.2465753425,0.2520547945,19.0706431188,37.3022933811,30.0608073083,55.5231684296,-22.0754120644,-39.5994438456,0.5457000000
loo,JPM,2026-08-27,1530,essvi_g05,ok,,11,15,2027-06-17,0.8054794521,362.9257172517,34,0.2465753425,0.2520547945,18.3911841203,34.9863184816,29.4831056228,74.9209063030,-17.9681975055,-20.8671009290,3.1795000000
loo,JPM,2026-08-27,1530,essvi_gfree,ok,,11,15,2027-06-17,0.8054794521,362.9257172517,34,0.2465753425,0.2520547945,18.1570757967,35.5588316050,27.2530519524,54.1221302358,-17.3261018617,-33.5574399436,3.0282000000
loo,JPM,2026-08-27,1530,essvi_sg05,ok,,11,15,2027-06-17,0.8054794521,362.9257172517,34,0.2465753425,0.2520547945,22.6482509224,42.7563185652,31.2547898633,59.4090044287,-24.1903765717,-39.5718171690,0.4445000000
loo,JPM,2026-08-27,1530,svi,ok,,12,15,2027-09-17,1.0575342466,365.3653830391,37,0.2520547945,0.2493150685,8.6964322650,24.5151034951,16.4665582035,41.9053617669,9.0824237433,36.1028833972,183.3016000000
loo,JPM,2026-08-27,1530,ssvi,ok,,12,15,2027-09-17,1.0575342466,365.3653830391,37,0.2520547945,0.2493150685,22.3479206829,42.0742356576,27.0984003169,51.6306357690,17.9239582319,40.7387704200,0.9595000000
loo,JPM,2026-08-27,1530,essvi,ok,,12,15,2027-09-17,1.0575342466,365.3653830391,37,0.2520547945,0.2493150685,16.0326942046,41.6263780865,21.3173354868,41.7842116629,10.2545778801,41.0695852572,0.5571000000
loo,JPM,2026-08-27,1530,essvi_g05,ok,,12,15,2027-09-17,1.0575342466,365.3653830391,37,0.2520547945,0.2493150685,18.4019123361,60.5260056735,22.7232248281,50.1395736190,6.8357468184,47.9580272387,3.0881000000
loo,JPM,2026-08-27,1530,essvi_gfree,ok,,12,15,2027-09-17,1.0575342466,365.3653830391,37,0.2520547945,0.2493150685,13.4781195376,38.8137127593,19.0194218917,38.1692530601,8.5944534817,32.9119798647,2.5754000000
loo,JPM,2026-08-27,1530,essvi_sg05,ok,,12,15,2027-09-17,1.0575342466,365.3653830391,37,0.2520547945,0.2493150685,26.4345726548,66.0704528015,19.8402885275,41.2399988682,7.3928689336,41.2399988682,0.4163000000
loo,JPM,2026-08-27,1530,svi,ok,,13,15,2027-12-17,1.3068493151,368.0061346528,30,0.2493150685,0.0958904110,6.1820495415,12.2069909675,11.3768985084,22.3560170997,6.3828428294,-4.2634156421,210.5532000000
loo,JPM,2026-08-27,1530,ssvi,ok,,13,15,2027-12-17,1.3068493151,368.0061346528,30,0.2493150685,0.0958904110,14.4366354277,29.2914740048,14.7787340672,26.7363390441,1.8736212664,-8.7970330713,1.1083000000
loo,JPM,2026-08-27,1530,essvi,ok,,13,15,2027-12-17,1.3068493151,368.0061346528,30,0.2493150685,0.0958904110,12.2086594267,23.6833739155,14.8395773814,31.3907141689,2.9829849019,-8.7737347432,0.5547000000
loo,JPM,2026-08-27,1530,essvi_g05,ok,,13,15,2027-12-17,1.3068493151,368.0061346528,30,0.2493150685,0.0958904110,16.1208035334,42.4676799682,19.0451910749,35.5274494550,5.9762657188,15.4730423061,2.8840000000
loo,JPM,2026-08-27,1530,essvi_gfree,ok,,13,15,2027-12-17,1.3068493151,368.0061346528,30,0.2493150685,0.0958904110,12.3457542371,28.9498700986,14.9470884580,25.7317241532,6.2794585363,-0.6310427081,3.0056000000
loo,JPM,2026-08-27,1530,essvi_sg05,ok,,13,15,2027-12-17,1.3068493151,368.0061346528,30,0.2493150685,0.0958904110,13.7315432640,36.3457184435,18.4646209825,37.2177903131,-11.3022265027,-8.6887275721,0.4212000000
loo,JPM,2026-08-31,1530,svi,ok,,1,14,2026-09-11,0.0301369863,356.7437940486,9,0.0191780822,0.0191780822,4.9863229251,11.9455298844,64.5685624078,82.0004092609,63.4335565919,64.8238376116,197.2578000000
loo,JPM,2026-08-31,1530,ssvi,ok,,1,14,2026-09-11,0.0301369863,356.7437940486,9,0.0191780822,0.0191780822,8.5534002301,13.3343592739,74.1560920943,85.7946480902,73.8933142057,85.7946480902,0.9156000000
loo,JPM,2026-08-31,1530,essvi,ok,,1,14,2026-09-11,0.0301369863,356.7437940486,9,0.0191780822,0.0191780822,6.7103364695,12.9095789079,83.2828722940,99.1979801842,82.6816043085,86.4940013088,0.5505000000
loo,JPM,2026-08-31,1530,essvi_g05,ok,,1,14,2026-09-11,0.0301369863,356.7437940486,9,0.0191780822,0.0191780822,23.1546694189,36.0585779595,65.3793403069,97.7700974508,61.6878938043,49.1310709040,2.0549000000
loo,JPM,2026-08-31,1530,essvi_gfree,ok,,1,14,2026-09-11,0.0301369863,356.7437940486,9,0.0191780822,0.0191780822,11.0642539172,19.1491631595,66.0490954680,78.7926000902,65.2696122412,66.4068122386,2.4353000000
loo,JPM,2026-08-31,1530,essvi_sg05,ok,,1,14,2026-09-11,0.0301369863,356.7437940486,9,0.0191780822,0.0191780822,33.1328823603,61.4486468380,102.2263478401,140.2148924275,99.6215346228,87.3262281911,0.4311000000
loo,JPM,2026-08-31,1530,svi,ok,,2,14,2026-09-18,0.0493150685,357.0486375302,15,0.0191780822,0.0191780822,17.3844292656,38.6591067251,62.8196774677,152.3810019820,14.0191804155,35.3499814178,207.5581000000
loo,JPM,2026-08-31,1530,ssvi,ok,,2,14,2026-09-18,0.0493150685,357.0486375302,15,0.0191780822,0.0191780822,61.1641748025,175.5045515248,60.0867835445,142.2523610541,14.6528907840,34.0654038206,0.9841000000
loo,JPM,2026-08-31,1530,essvi,ok,,2,14,2026-09-18,0.0493150685,357.0486375302,15,0.0191780822,0.0191780822,28.4314266202,62.9061184966,62.0677959700,154.2270291026,12.1808819749,33.8536004404,0.5471000000
loo,JPM,2026-08-31,1530,essvi_g05,ok,,2,14,2026-09-18,0.0493150685,357.0486375302,15,0.0191780822,0.0191780822,18.0554296278,38.3099949949,40.9946347872,67.7913570896,36.8220111024,5.3571174983,2.1885000000
loo,JPM,2026-08-31,1530,essvi_gfree,ok,,2,14,2026-09-18,0.0493150685,357.0486375302,15,0.0191780822,0.0191780822,23.8251287818,40.2522304460,41.4662237961,82.2444203080,23.7652007510,21.0667535523,2.8042000000
loo,JPM,2026-08-31,1530,essvi_sg05,ok,,2,14,2026-09-18,0.0493150685,357.0486375302,15,0.0191780822,0.0191780822,34.0449150738,70.5411799408,69.5171066467,95.4191063391,66.9249856421,33.5691695828,0.4125000000
loo,JPM,2026-08-31,1530,svi,ok,,3,14,2026-09-25,0.0684931507,357.2062189248,8,0.0191780822,0.0191780822,1.3363981331,2.8483252077,12.3038233223,23.8111703453,9.5291344932,3.4128124854,177.2664000000
loo,JPM,2026-08-31,1530,ssvi,ok,,3,14,2026-09-25,0.0684931507,357.2062189248,8,0.0191780822,0.0191780822,16.7391982087,39.5445611350,20.6480530819,45.9881244382,14.6307125628,5.9219839076,1.4600000000
loo,JPM,2026-08-31,1530,essvi,ok,,3,14,2026-09-25,0.0684931507,357.2062189248,8,0.0191780822,0.0191780822,2.0656614489,3.7496190684,21.3617839788,38.3203470321,9.7580740418,12.4689227044,0.9204000000
loo,JPM,2026-08-31,1530,essvi_g05,ok,,3,14,2026-09-25,0.0684931507,357.2062189248,8,0.0191780822,0.0191780822,26.6374292442,42.4491098387,28.1844487087,56.8934494924,10.9838958609,-16.3908866374,2.2865000000
loo,JPM,2026-08-31,1530,essvi_gfree,ok,,3,14,2026-09-25,0.0684931507,357.2062189248,8,0.0191780822,0.0191780822,16.2750894321,26.4418091100,19.6143136963,39.9502238420,8.5562285030,-5.0808501545,2.4768000000
loo,JPM,2026-08-31,1530,essvi_sg05,ok,,3,14,2026-09-25,0.0684931507,357.2062189248,8,0.0191780822,0.0191780822,40.8817567078,72.0189817273,47.4993059577,94.4340786657,38.6622060083,9.1690563329,0.4266000000
loo,JPM,2026-08-31,1530,svi,ok,,4,14,2026-10-02,0.0876712329,357.8055639887,8,0.0191780822,0.0383561644,9.9116337796,16.4963229643,124.2401744779,152.3990292942,123.0627527621,121.5577848550,183.0264000000
loo,JPM,2026-08-31,1530,ssvi,ok,,4,14,2026-10-02,0.0876712329,357.8055639887,8,0.0191780822,0.0383561644,31.2736282891,65.5565594550,136.6356481507,191.2511084771,133.2957702020,133.5040604968,0.9241000000
loo,JPM,2026-08-31,1530,essvi,ok,,4,14,2026-10-02,0.0876712329,357.8055639887,8,0.0191780822,0.0383561644,10.9254439748,21.3741062111,130.6090371744,151.3374799690,129.7635397799,127.8926529430,0.5411000000
loo,JPM,2026-08-31,1530,essvi_g05,ok,,4,14,2026-10-02,0.0876712329,357.8055639887,8,0.0191780822,0.0383561644,28.5002695904,48.7932346688,118.8502276578,172.3032629014,115.0881033166,97.5348042675,1.9744000000
loo,JPM,2026-08-31,1530,essvi_gfree,ok,,4,14,2026-10-02,0.0876712329,357.8055639887,8,0.0191780822,0.0383561644,21.8317716698,37.9194778941,124.3933270426,170.1139510686,121.8935788128,111.5856515573,3.9026000000
loo,JPM,2026-08-31,1530,essvi_sg05,ok,,4,14,2026-10-02,0.0876712329,357.8055639887,8,0.0191780822,0.0383561644,37.3209324339,74.6094742339,150.3993430957,201.0444629707,147.6003017797,129.2969532458,0.4107000000
loo,JPM,2026-08-31,1530,svi,ok,,5,14,2026-10-16,0.1260273973,356.8856585497,18,0.0383561644,0.0958904110,12.1731513756,21.6001290976,204.0861235887,319.9056289400,-198.5581349520,-167.4395632883,183.9980000000
loo,JPM,2026-08-31,1530,ssvi,ok,,5,14,2026-10-16,0.1260273973,356.8856585497,18,0.0383561644,0.0958904110,45.9692872372,121.0512054990,187.0622856829,308.2415403404,-180.3058585180,-175.2142524885,1.0272000000
loo,JPM,2026-08-31,1530,essvi,ok,,5,14,2026-10-16,0.1260273973,356.8856585497,18,0.0383561644,0.0958904110,18.9495051928,43.5928267303,217.9946594921,412.6538984919,-204.9302851183,-164.8302370529,0.5521000000
loo,JPM,2026-08-31,1530,essvi_g05,ok,,5,14,2026-10-16,0.1260273973,356.8856585497,18,0.0383561644,0.0958904110,21.0934269444,36.7353799924,155.7591741084,189.5183442234,-154.2486190555,-184.7865883365,1.9223000000
loo,JPM,2026-08-31,1530,essvi_gfree,ok,,5,14,2026-10-16,0.1260273973,356.8856585497,18,0.0383561644,0.0958904110,15.1818735347,31.7580578810,165.8201646648,195.6136938863,-165.0292614340,-175.5426352304,2.2695000000
loo,JPM,2026-08-31,1530,essvi_sg05,ok,,5,14,2026-10-16,0.1260273973,356.8856585497,18,0.0383561644,0.0958904110,40.6528023253,67.7378127502,141.3168562499,174.7736348981,-139.7746691848,-169.7028346941,0.4228000000
loo,JPM,2026-08-31,1530,svi,ok,,6,14,2026-11-20,0.2219178082,357.9074275233,22,0.0958904110,0.0767123288,10.1341296663,18.0273845453,26.9860816680,72.9353351790,2.1814404755,6.7913937021,174.1931000000
loo,JPM,2026-08-31,1530,ssvi,ok,,6,14,2026-11-20,0.2219178082,357.9074275233,22,0.0958904110,0.0767123288,48.2409427857,116.5956713637,46.8133370685,113.0147181057,-15.3950939738,19.4923887283,0.8743000000
loo,JPM,2026-08-31,1530,essvi,ok,,6,14,2026-11-20,0.2219178082,357.9074275233,22,0.0958904110,0.0767123288,12.3725244790,22.1568778082,21.3619244208,55.5214650349,12.7300074903,17.9201265818,0.5353000000
loo,JPM,2026-08-31,1530,essvi_g05,ok,,6,14,2026-11-20,0.2219178082,357.9074275233,22,0.0958904110,0.0767123288,14.5742527930,29.8722926340,18.9405358642,52.6382526187,5.6799376698,8.8409842180,2.1317000000
loo,JPM,2026-08-31,1530,essvi_gfree,ok,,6,14,2026-11-20,0.2219178082,357.9074275233,22,0.0958904110,0.0767123288,12.0573935910,20.0957201554,17.2227202530,39.5757502936,5.6006098548,16.9481310580,2.2552000000
loo,JPM,2026-08-31,1530,essvi_sg05,ok,,6,14,2026-11-20,0.2219178082,357.9074275233,22,0.0958904110,0.0767123288,16.3943103710,38.3697460401,23.2045971127,60.6728357972,15.4462517922,17.8754143430,0.4233000000
loo,JPM,2026-08-31,1530,svi,ok,,7,14,2026-12-18,0.2986301370,359.3599682839,25,0.0767123288,0.0767123288,9.8634394697,17.8435121760,70.1939699786,92.0472835659,66.3926272955,70.0435309112,172.5495000000
loo,JPM,2026-08-31,1530,ssvi,ok,,7,14,2026-12-18,0.2986301370,359.3599682839,25,0.0767123288,0.0767123288,56.3893589633,179.1624434379,74.2331204638,128.6653237178,46.0627888829,84.0840269221,0.9564000000
loo,JPM,2026-08-31,1530,essvi,ok,,7,14,2026-12-18,0.2986301370,359.3599682839,25,0.0767123288,0.0767123288,17.6087086707,49.5843757266,77.8716900515,107.5667497007,71.4677358865,82.8049148250,0.5427000000
loo,JPM,2026-08-31,1530,essvi_g05,ok,,7,14,2026-12-18,0.2986301370,359.3599682839,25,0.0767123288,0.0767123288,21.6954892032,70.6367824239,70.4058754706,96.5771857726,65.7846446102,68.3429374129,2.1883000000
loo,JPM,2026-08-31,1530,essvi_gfree,ok,,7,14,2026-12-18,0.2986301370,359.3599682839,25,0.0767123288,0.0767123288,24.9688878079,77.9754068379,71.4421016340,98.7889655572,65.4776804520,72.7924939820,2.2203000000
loo,JPM,2026-08-31,1530,essvi_sg05,ok,,7,14,2026-12-18,0.2986301370,359.3599682839,25,0.0767123288,0.0767123288,20.8463804294,68.3760278478,85.2236119507,110.1726722476,82.1616983475,82.9594663251,0.4170000000
loo,JPM,2026-08-31,1530,svi,ok,,8,14,2027-01-15,0.3753424658,359.5455981817,14,0.0767123288,0.1726027397,11.1253691260,23.6452162026,34.5768991884,60.2474069714,-31.7092525142,-60.2474069714,201.1962000000
loo,JPM,2026-08-31,1530,ssvi,ok,,8,14,2027-01-15,0.3753424658,359.5455981817,14,0.0767123288,0.1726027397,28.7054139508,70.0959566014,55.2494241040,125.0854280032,-45.3419856311,-46.6606238882,0.9185000000
loo,JPM,2026-08-31,1530,essvi,ok,,8,14,2027-01-15,0.3753424658,359.5455981817,14,0.0767123288,0.1726027397,19.9707010875,35.1440860238,31.7046290783,67.3550617488,-27.1222777261,-46.6151785457,0.5571000000
loo,JPM,2026-08-31,1530,essvi_g05,ok,,8,14,2027-01-15,0.3753424658,359.5455981817,14,0.0767123288,0.1726027397,11.7573851951,24.2754421822,37.6768030211,67.8966917461,-35.2519821019,-56.1474240609,2.2512000000
loo,JPM,2026-08-31,1530,essvi_gfree,ok,,8,14,2027-01-15,0.3753424658,359.5455981817,14,0.0767123288,0.1726027397,11.8756287317,23.4923185469,37.5699152994,66.5652046196,-35.2825516959,-55.6915527834,2.2851000000
loo,JPM,2026-08-31,1530,essvi_sg05,ok,,8,14,2027-01-15,0.3753424658,359.5455981817,14,0.0767123288,0.1726027397,25.9590175455,38.7349437691,27.2582340766,54.1193362285,-23.9746008497,-46.5840767551,0.4206000000
loo,JPM,2026-08-31,1530,svi,ok,,9,14,2027-03-19,0.5479452055,362.1115307173,35,0.1726027397,0.2465753425,16.4305302336,39.2592326033,24.6620922294,51.9880037927,7.5601768981,-3.9988891313,186.5200000000
loo,JPM,2026-08-31,1530,ssvi,ok,,9,14,2027-03-19,0.5479452055,362.1115307173,35,0.1726027397,0.2465753425,26.7683544454,61.1658239403,31.9658404486,60.1002642788,20.1047782419,10.0961106631,0.9269000000
loo,JPM,2026-08-31,1530,essvi,ok,,9,14,2027-03-19,0.5479452055,362.1115307173,35,0.1726027397,0.2465753425,19.8931876100,55.1800530711,26.0470695667,73.6913014136,11.9127355364,10.2357129896,0.5179000000
loo,JPM,2026-08-31,1530,essvi_g05,ok,,9,14,2027-03-19,0.5479452055,362.1115307173,35,0.1726027397,0.2465753425,17.2411525029,37.5599124393,24.3430898376,61.5291734006,5.2850333318,-10.9274654689,2.0204000000
loo,JPM,2026-08-31,1530,essvi_gfree,ok,,9,14,2027-03-19,0.5479452055,362.1115307173,35,0.1726027397,0.2465753425,18.4623444952,38.9870236430,25.0791934209,53.6474327804,4.5873339973,-16.7051077562,2.1459000000
loo,JPM,2026-08-31,1530,essvi_sg05,ok,,9,14,2027-03-19,0.5479452055,362.1115307173,35,0.1726027397,0.2465753425,28.3575294963,60.0485317802,40.8682149186,81.3827655958,28.1942531922,9.9309587751,0.3984000000
loo,JPM,2026-08-31,1530,svi,ok,,10,14,2027-06-17,0.7945205479,364.5404543923,26,0.2465753425,0.2520547945,8.0857325157,17.1075515252,10.7333085687,26.5662397774,-3.0697809054,-24.2446968569,199.9255000000
loo,JPM,2026-08-31,1530,ssvi,ok,,10,14,2027-06-17,0.7945205479,364.5404543923,26,0.2465753425,0.2520547945,25.9475124061,47.4859187239,22.0560257757,45.8976593505,13.5824484287,-16.2789077569,0.7786000000
loo,JPM,2026-08-31,1530,essvi,ok,,10,14,2027-06-17,0.7945205479,364.5404543923,26,0.2465753425,0.2520547945,13.6120659572,31.0453250369,12.7837776431,28.5321068607,-0.7122018614,-16.5954307261,0.5455000000
loo,JPM,2026-08-31,1530,essvi_g05,ok,,10,14,2027-06-17,0.7945205479,364.5404543923,26,0.2465753425,0.2520547945,12.1866997218,25.5075063869,14.0188346235,35.7818763071,-3.9568569330,-27.5561699692,2.3431000000
loo,JPM,2026-08-31,1530,essvi_gfree,ok,,10,14,2027-06-17,0.7945205479,364.5404543923,26,0.2465753425,0.2520547945,15.9763989976,32.4349781428,19.1211926869,43.8406573147,-4.3662805613,-38.8521400935,2.4717000000
loo,JPM,2026-08-31,1530,essvi_sg05,ok,,10,14,2027-06-17,0.7945205479,364.5404543923,26,0.2465753425,0.2520547945,22.0525123131,48.7669125642,17.4341115679,35.9459177916,9.8945977036,-16.6167770828,0.4115000000
loo,JPM,2026-08-31,1530,svi,ok,,11,14,2027-09-17,1.0465753425,367.3798523346,31,0.2520547945,0.2493150685,9.6919991203,23.3168284518,12.2260833184,27.9950688814,2.1156953094,-3.7058563599,210.0848000000
loo,JPM,2026-08-31,1530,ssvi,ok,,11,14,2027-09-17,1.0465753425,367.3798523346,31,0.2520547945,0.2493150685,20.0401322714,45.2840128506,28.0089452247,55.7142912671,22.4827256021,8.4810584366,0.8691000000
loo,JPM,2026-08-31,1530,essvi,ok,,11,14,2027-09-17,1.0465753425,367.3798523346,31,0.2520547945,0.2493150685,12.5597309782,30.1510508065,16.5925233533,41.9849674524,9.7490060202,8.5962296367,0.5367000000
loo,JPM,2026-08-31,1530,essvi_g05,ok,,11,14,2027-09-17,1.0465753425,367.3798523346,31,0.2520547945,0.2493150685,12.1483450005,28.1189161817,13.1495631840,33.9141065040,4.5622161457,4.0092530150,1.8434000000
loo,JPM,2026-08-31,1530,essvi_gfree,ok,,11,14,2027-09-17,1.0465753425,367.3798523346,31,0.2520547945,0.2493150685,15.1431269591,39.6273426869,16.3196015828,43.0563372148,4.5064763307,-11.7492619424,2.2321000000
loo,JPM,2026-08-31,1530,essvi_sg05,ok,,11,14,2027-09-17,1.0465753425,367.3798523346,31,0.2520547945,0.2493150685,13.3663569130,32.4835693895,16.1896743936,37.2357889064,10.5856510486,8.8923066927,0.4132000000
loo,JPM,2026-08-31,1530,svi,ok,,12,14,2027-12-17,1.2958904110,370.4497507789,28,0.2493150685,0.0958904110,9.5569348759,18.0197126945,9.8647695980,20.9276231729,1.1774456099,-15.4329836306,170.0106000000
loo,JPM,2026-08-31,1530,ssvi,ok,,12,14,2027-12-17,1.2958904110,370.4497507789,28,0.2493150685,0.0958904110,15.3956570308,31.7758597456,12.6969881989,28.1500714010,-2.0457927524,-13.4009747674,0.8515000000
loo,JPM,2026-08-31,1530,essvi,ok,,12,14,2027-12-17,1.2958904110,370.4497507789,28,0.2493150685,0.0958904110,14.8520936840,32.3114542949,10.6650011787,23.0352462312,1.9710520738,-13.4009671509,0.5501000000
loo,JPM,2026-08-31,1530,essvi_g05,ok,,12,14,2027-12-17,1.2958904110,370.4497507789,28,0.2493150685,0.0958904110,19.9186458242,35.0386812803,22.5907896809,45.7337560789,1.4786846524,6.7497173160,1.8677000000
loo,JPM,2026-08-31,1530,essvi_gfree,ok,,12,14,2027-12-17,1.2958904110,370.4497507789,28,0.2493150685,0.0958904110,10.8186822962,23.2922709633,12.3523050334,23.7036160138,1.5443195451,-9.9934267329,2.2280000000
loo,JPM,2026-08-31,1530,essvi_sg05,ok,,12,14,2027-12-17,1.2958904110,370.4497507789,28,0.2493150685,0.0958904110,19.1575996986,35.3775950418,27.5857596271,63.3426932376,-17.0625775518,-13.4009782302,0.4048000000
loo,JPM,2026-09-01,1530,svi,ok,,1,14,2026-09-11,0.0273972603,356.0005204615,9,0.0191780822,0.0191780822,13.9469690224,33.8227363568,112.5015476945,136.9002569728,110.9665110459,132.8423079970,205.9338000000
loo,JPM,2026-09-01,1530,ssvi,ok,,1,14,2026-09-11,0.0273972603,356.0005204615,9,0.0191780822,0.0191780822,44.5780648050,79.3282195943,119.8073762753,195.0336280565,110.9171466270,146.1524250370,0.7639000000
loo,JPM,2026-09-01,1530,essvi,ok,,1,14,2026-09-11,0.0273972603,356.0005204615,9,0.0191780822,0.0191780822,16.1156367540,33.4650227843,120.4304752554,153.0010611094,118.8094220399,138.6939394093,0.5262000000
loo,JPM,2026-09-01,1530,essvi_g05,ok,,1,14,2026-09-11,0.0273972603,356.0005204615,9,0.0191780822,0.0191780822,31.7617756819,54.4452169902,96.1787758564,151.5840552662,91.3508243229,97.8647135495,2.4461000000
loo,JPM,2026-09-01,1530,essvi_gfree,ok,,1,14,2026-09-11,0.0273972603,356.0005204615,9,0.0191780822,0.0191780822,24.5347164469,44.6757337885,105.3705188637,145.5488253957,102.7433433522,117.6468583093,2.5693000000
loo,JPM,2026-09-01,1530,essvi_sg05,ok,,1,14,2026-09-11,0.0273972603,356.0005204615,9,0.0191780822,0.0191780822,35.8532839126,66.0360382559,135.8674154965,193.1172996788,132.5405743346,139.2939114917,0.3864000000
loo,JPM,2026-09-01,1530,svi,ok,,2,14,2026-09-18,0.0465753425,356.2913605017,15,0.0191780822,0.0191780822,12.9273381922,39.6494670562,34.4202102606,84.4628467623,-25.3988449637,-16.4865836564,204.2622000000
loo,JPM,2026-09-01,1530,ssvi,ok,,2,14,2026-09-18,0.0465753425,356.2913605017,15,0.0191780822,0.0191780822,50.3627843874,107.5400919532,47.1353215842,93.0506200140,-7.0861626282,-26.1971874614,0.7446000000
loo,JPM,2026-09-01,1530,essvi,ok,,2,14,2026-09-18,0.0465753425,356.2913605017,15,0.0191780822,0.0191780822,16.7818058764,41.3686689871,28.6092041917,64.5025382176,-22.8168131846,-21.4305283272,0.5258000000
loo,JPM,2026-09-01,1530,essvi_g05,ok,,2,14,2026-09-18,0.0465753425,356.2913605017,15,0.0191780822,0.0191780822,30.9337219085,52.6714999222,29.6269996507,47.9933371979,-3.6561904814,-34.1771082522,2.2525000000
loo,JPM,2026-09-01,1530,essvi_gfree,ok,,2,14,2026-09-18,0.0465753425,356.2913605017,15,0.0191780822,0.0191780822,19.6720655746,45.0982818904,21.6487012038,37.9911010122,-9.6558781222,-27.0982054231,2.1544000000
loo,JPM,2026-09-01,1530,essvi_sg05,ok,,2,14,2026-09-18,0.0465753425,356.2913605017,15,0.0191780822,0.0191780822,46.5027206587,86.4413906936,29.0191933482,57.2250882259,7.7915392013,-21.5300438165,0.3660000000
loo,JPM,2026-09-01,1530,svi,ok,,3,14,2026-09-25,0.0657534247,356.6188978453,7,0.0191780822,0.0383561644,4.6492104150,8.8406240530,22.4698137065,40.3066720638,18.0689961072,19.2041602194,203.9584000000
loo,JPM,2026-09-01,1530,ssvi,ok,,3,14,2026-09-25,0.0657534247,356.6188978453,7,0.0191780822,0.0383561644,27.2140202478,48.5089940446,43.7093182875,78.7980530481,35.3511128038,35.6826499674,0.7631000000
loo,JPM,2026-09-01,1530,essvi,ok,,3,14,2026-09-25,0.0657534247,356.6188978453,7,0.0191780822,0.0383561644,5.3929605497,9.7818387765,30.5049412946,46.3839589551,27.2469916597,31.2919374931,0.5225000000
loo,JPM,2026-09-01,1530,essvi_g05,ok,,3,14,2026-09-25,0.0657534247,356.6188978453,7,0.0191780822,0.0383561644,12.0292387190,19.2951395904,21.9350925463,49.3958307876,15.0167051955,5.0283511081,2.0481000000
loo,JPM,2026-09-01,1530,essvi_gfree,ok,,3,14,2026-09-25,0.0657534247,356.6188978453,7,0.0191780822,0.0383561644,7.4439954651,11.5003410830,21.0277415888,42.9030313463,16.4581324791,12.6288723396,3.3956000000
loo,JPM,2026-09-01,1530,essvi_sg05,ok,,3,14,2026-09-25,0.0657534247,356.6188978453,7,0.0191780822,0.0383561644,15.1183972760,28.4145111732,44.7538999663,79.7950715875,40.8168008969,31.1450182947,0.6557000000
loo,JPM,2026-09-01,1530,svi,ok,,4,14,2026-10-09,0.1041095890,355.7251812750,8,0.0383561644,0.0191780822,14.1869223231,23.8550150543,215.8117301336,249.1633915017,214.9810822625,195.1507861320,214.2875000000
loo,JPM,2026-09-01,1530,ssvi,ok,,4,14,2026-10-09,0.1041095890,355.7251812750,8,0.0383561644,0.0191780822,49.9319861013,87.1888658418,228.2878952400,278.5374889775,225.3972517361,189.9562650774,0.7605000000
loo,JPM,2026-09-01,1530,essvi,ok,,4,14,2026-10-09,0.1041095890,355.7251812750,8,0.0383561644,0.0191780822,18.5223945006,37.2675083237,211.4891137412,244.2534743434,210.5128162909,188.2475096799,0.5156000000
loo,JPM,2026-09-01,1530,essvi_g05,ok,,4,14,2026-10-09,0.1041095890,355.7251812750,8,0.0383561644,0.0191780822,14.6512701262,22.8514291751,202.6114636641,239.8490074284,201.1959681403,171.3059022972,2.1046000000
loo,JPM,2026-09-01,1530,essvi_gfree,ok,,4,14,2026-10-09,0.1041095890,355.7251812750,8,0.0383561644,0.0191780822,14.5813186186,26.0448087530,207.9119537817,238.8795230537,206.7636457278,180.7534577236,2.2971000000
loo,JPM,2026-09-01,1530,essvi_sg05,ok,,4,14,2026-10-09,0.1041095890,355.7251812750,8,0.0383561644,0.0191780822,20.5037012635,32.4286542032,217.9503646262,252.9425725742,216.7690832145,188.0278978375,0.3937000000
loo,JPM,2026-09-01,1530,svi,ok,,5,14,2026-10-16,0.1232876712,355.6527594610,18,0.0191780822,0.0958904110,10.2948036545,20.2212354247,208.6370256053,264.9927496970,-206.5662663505,-198.2233178645,219.9354000000
loo,JPM,2026-09-01,1530,ssvi,ok,,5,14,2026-10-16,0.1232876712,355.6527594610,18,0.0191780822,0.0958904110,31.1439329796,56.8218691459,182.8097191836,222.7274489002,-180.4776882586,-182.6433397472,0.8430000000
loo,JPM,2026-09-01,1530,essvi,ok,,5,14,2026-10-16,0.1232876712,355.6527594610,18,0.0191780822,0.0958904110,11.8315509724,29.4969315548,209.8712384309,288.9971925421,-206.1567196256,-185.3165968453,0.5881000000
loo,JPM,2026-09-01,1530,essvi_g05,ok,,5,14,2026-10-16,0.1232876712,355.6527594610,18,0.0191780822,0.0958904110,25.4281373713,57.7552713204,200.1806201578,242.3560511478,-193.2483559959,-203.5692673908,2.3490000000
loo,JPM,2026-09-01,1530,essvi_gfree,ok,,5,14,2026-10-16,0.1232876712,355.6527594610,18,0.0191780822,0.0958904110,17.7076990455,37.2239564865,205.2224816118,257.0161827182,-200.6441473021,-200.0913411180,2.6687000000
loo,JPM,2026-09-01,1530,essvi_sg05,ok,,5,14,2026-10-16,0.1232876712,355.6527594610,18,0.0191780822,0.0958904110,29.7899944103,77.1548399737,191.5925076436,250.1275099757,-181.2062944251,-186.3153790488,0.3837000000
loo,JPM,2026-09-01,1530,svi,ok,,6,14,2026-11-20,0.2191780822,357.2253774479,24,0.0958904110,0.0767123288,11.4116050839,24.4810804382,16.3108160890,39.3316514912,-5.1809735962,5.2376506857,198.0680000000
loo,JPM,2026-09-01,1530,ssvi,ok,,6,14,2026-11-20,0.2191780822,357.2253774479,24,0.0958904110,0.0767123288,15.6866720410,29.9159022483,15.1672228890,31.9075229232,1.8239363164,2.7152075368,0.7243000000
loo,JPM,2026-09-01,1530,essvi,ok,,6,14,2026-11-20,0.2191780822,357.2253774479,24,0.0958904110,0.0767123288,14.6314283394,38.6657996638,14.6203198413,45.1785214804,-0.6987041310,2.1571516586,0.5221000000
loo,JPM,2026-09-01,1530,essvi_g05,ok,,6,14,2026-11-20,0.2191780822,357.2253774479,24,0.0958904110,0.0767123288,15.7662543897,40.0723264826,15.4935616502,36.7483129758,-3.1916789500,-10.8929877220,2.2136000000
loo,JPM,2026-09-01,1530,essvi_gfree,ok,,6,14,2026-11-20,0.2191780822,357.2253774479,24,0.0958904110,0.0767123288,14.2882132978,29.9410621989,14.6998527018,40.7267128801,-3.5425006379,-6.1080981769,2.4040000000
loo,JPM,2026-09-01,1530,essvi_sg05,ok,,6,14,2026-11-20,0.2191780822,357.2253774479,24,0.0958904110,0.0767123288,20.5855090797,58.0362648106,16.9697708680,47.9277675107,7.7310573503,1.9100998939,0.3716000000
loo,JPM,2026-09-01,1530,svi,ok,,7,14,2026-12-18,0.2958904110,358.4056489935,28,0.0767123288,0.0767123288,15.7488042866,33.0433293287,53.1737589588,84.1464343274,47.1002103927,44.8006683370,197.6479000000
loo,JPM,2026-09-01,1530,ssvi,ok,,7,14,2026-12-18,0.2958904110,358.4056489935,28,0.0767123288,0.0767123288,32.7235447769,152.4167525968,63.9752958098,106.7235854135,53.5627327807,52.1113049878,0.7057000000
loo,JPM,2026-09-01,1530,essvi,ok,,7,14,2026-12-18,0.2958904110,358.4056489935,28,0.0767123288,0.0767123288,27.5976090054,103.9227511567,70.9111650009,106.6095828717,62.3615283359,52.3358598367,0.5035000000
loo,JPM,2026-09-01,1530,essvi_g05,ok,,7,14,2026-12-18,0.2958904110,358.4056489935,28,0.0767123288,0.0767123288,26.4196040910,99.7912772730,60.0415658742,93.7674140974,50.6115391690,38.4107289584,2.1938000000
loo,JPM,2026-09-01,1530,essvi_gfree,ok,,7,14,2026-12-18,0.2958904110,358.4056489935,28,0.0767123288,0.0767123288,26.6915857901,105.0322255044,59.6330578947,92.9786837868,50.2261820959,39.9912557850,2.0883000000
loo,JPM,2026-09-01,1530,essvi_sg05,ok,,7,14,2026-12-18,0.2958904110,358.4056489935,28,0.0767123288,0.0767123288,27.8933383452,94.2152254344,72.3498294758,111.6920498845,63.4164049896,52.4695557449,0.3565000000
loo,JPM,2026-09-01,1530,svi,ok,,8,14,2027-01-15,0.3726027397,358.3241487678,16,0.0767123288,0.1726027397,17.6507162573,31.0460409547,31.3261569209,64.9234744695,-24.1421534837,-33.0093729594,218.5115000000
loo,JPM,2026-09-01,1530,ssvi,ok,,8,14,2027-01-15,0.3726027397,358.3241487678,16,0.0767123288,0.1726027397,41.5113409950,101.4886605481,51.5877565088,139.3755719306,-27.5531093320,-26.0904055680,1.3851000000
loo,JPM,2026-09-01,1530,essvi,ok,,8,14,2027-01-15,0.3726027397,358.3241487678,16,0.0767123288,0.1726027397,37.4955962188,66.1726864957,47.0789483421,122.2634552512,-22.9140570828,-26.2256244667,0.7169000000
loo,JPM,2026-09-01,1530,essvi_g05,ok,,8,14,2027-01-15,0.3726027397,358.3241487678,16,0.0767123288,0.1726027397,36.2176653448,81.8886105045,49.5092119731,121.1989376996,-30.7134195080,-38.5922105262,3.3594000000
loo,JPM,2026-09-01,1530,essvi_gfree,ok,,8,14,2027-01-15,0.3726027397,358.3241487678,16,0.0767123288,0.1726027397,35.7625636839,80.6162887880,49.1799751120,118.0278041982,-30.7065817997,-39.9151807963,3.7975000000
loo,JPM,2026-09-01,1530,essvi_sg05,ok,,8,14,2027-01-15,0.3726027397,358.3241487678,16,0.0767123288,0.1726027397,38.4676016016,78.3671801454,43.0537540593,109.3187035027,-18.6184629687,-26.2348508978,0.6759000000
loo,JPM,2026-09-01,1530,svi,ok,,9,14,2027-03-19,0.5452054795,360.7465348800,38,0.1726027397,0.2465753425,18.1769829872,35.0269614438,30.4548519222,54.5482439781,23.0609278118,7.1256416987,248.3087000000
loo,JPM,2026-09-01,1530,ssvi,ok,,9,14,2027-03-19,0.5452054795,360.7465348800,38,0.1726027397,0.2465753425,28.6606918677,75.0704127374,41.6382889609,81.7034011922,33.4556583531,17.8904866825,1.1012000000
loo,JPM,2026-09-01,1530,essvi,ok,,9,14,2027-03-19,0.5452054795,360.7465348800,38,0.1726027397,0.2465753425,28.0136572660,91.8131049649,43.7696327132,77.3233106546,36.4891392629,17.7766986522,0.8841000000
loo,JPM,2026-09-01,1530,essvi_g05,ok,,9,14,2027-03-19,0.5452054795,360.7465348800,38,0.1726027397,0.2465753425,23.7160178429,86.4569932805,35.6333819650,73.6980663420,25.2673013441,11.1653987966,2.9307000000
loo,JPM,2026-09-01,1530,essvi_gfree,ok,,9,14,2027-03-19,0.5452054795,360.7465348800,38,0.1726027397,0.2465753425,23.4471819697,75.3264741195,33.8062118663,68.9790247022,24.1877907701,3.1344131588,2.0788000000
loo,JPM,2026-09-01,1530,essvi_sg05,ok,,9,14,2027-03-19,0.5452054795,360.7465348800,38,0.1726027397,0.2465753425,29.4869998867,70.7723568948,40.8152088590,78.5545382026,32.4783314152,17.8343426475,0.4051000000
loo,JPM,2026-09-01,1530,svi,ok,,10,14,2027-06-17,0.7917808219,364.0070734027,31,0.2465753425,0.2520547945,10.8303243044,30.6740917414,30.7908646308,73.4982958103,-14.1857198932,-13.9513001321,236.6393000000
loo,JPM,2026-09-01,1530,ssvi,ok,,10,14,2027-06-17,0.7917808219,364.0070734027,31,0.2465753425,0.2520547945,14.7546451806,44.4744669012,17.3102337109,41.1114407545,7.8937672199,-1.6651770974,0.7215000000
loo,JPM,2026-09-01,1530,essvi,ok,,10,14,2027-06-17,0.7917808219,364.0070734027,31,0.2465753425,0.2520547945,13.4099339577,35.3472736081,28.7623580434,88.4282152564,-9.0812964675,-2.3261515429,0.5347000000
loo,JPM,2026-09-01,1530,essvi_g05,ok,,10,14,2027-06-17,0.7917808219,364.0070734027,31,0.2465753425,0.2520547945,12.9283853445,38.8388982897,26.8258071471,79.2544010387,-15.3769323810,-19.9723771286,2.2182000000
loo,JPM,2026-09-01,1530,essvi_gfree,ok,,10,14,2027-06-17,0.7917808219,364.0070734027,31,0.2465753425,0.2520547945,12.2796520757,25.1380806768,24.3325815697,61.3453816203,-13.6751086739,-30.7419919263,2.3149000000
loo,JPM,2026-09-01,1530,essvi_sg05,ok,,10,14,2027-06-17,0.7917808219,364.0070734027,31,0.2465753425,0.2520547945,13.5707461054,38.5656846176,23.7295973134,65.9989534591,1.0402894578,-2.3340569839,0.3891000000
loo,JPM,2026-09-01,1530,svi,ok,,11,14,2027-09-17,1.0438356164,367.0399883033,32,0.2520547945,0.2493150685,17.8571831578,43.8361684799,29.5360608862,72.2910092135,10.5302882606,-17.9976404726,202.8916000000
loo,JPM,2026-09-01,1530,ssvi,ok,,11,14,2027-09-17,1.0438356164,367.0399883033,32,0.2520547945,0.2493150685,36.0754612138,85.6869229576,37.5080145664,89.2844161769,23.6016546854,-1.5742057348,0.7189000000
loo,JPM,2026-09-01,1530,essvi,ok,,11,14,2027-09-17,1.0438356164,367.0399883033,32,0.2520547945,0.2493150685,29.1227486556,65.6376993278,33.9688452481,82.4768968816,18.9581529092,-1.4960065291,0.5176000000
loo,JPM,2026-09-01,1530,essvi_g05,ok,,11,14,2027-09-17,1.0438356164,367.0399883033,32,0.2520547945,0.2493150685,27.2507827666,57.4912690237,30.1805426433,73.9613314418,11.4006526026,-6.0317719652,1.9296000000
loo,JPM,2026-09-01,1530,essvi_gfree,ok,,11,14,2027-09-17,1.0438356164,367.0399883033,32,0.2520547945,0.2493150685,28.8902829003,58.8878466825,32.1591106238,77.0368195043,10.7225067736,-20.6169639242,2.0979000000
loo,JPM,2026-09-01,1530,essvi_sg05,ok,,11,14,2027-09-17,1.0438356164,367.0399883033,32,0.2520547945,0.2493150685,31.9358947787,69.9526227586,32.7009260090,79.5787276925,17.0726665426,-1.4557317784,0.4006000000
loo,JPM,2026-09-01,1530,svi,ok,,12,14,2027-12-17,1.2931506849,369.6140377899,29,0.2493150685,0.0958904110,21.7912228474,45.6617336202,23.3675901052,43.8877257296,-0.3556433517,-17.2210555834,206.9287000000
loo,JPM,2026-09-01,1530,ssvi,ok,,12,14,2027-12-17,1.2931506849,369.6140377899,29,0.2493150685,0.0958904110,26.5253396604,62.4574643271,25.7920730463,58.5684394530,6.1855654592,-2.3362491158,0.7010000000
loo,JPM,2026-09-01,1530,essvi,ok,,12,14,2027-12-17,1.2931506849,369.6140377899,29,0.2493150685,0.0958904110,26.4961990265,63.6944801610,25.7146351873,60.9069727191,6.0662591026,-2.3597387068,0.5184000000
loo,JPM,2026-09-01,1530,essvi_g05,ok,,12,14,2027-12-17,1.2931506849,369.6140377899,29,0.2493150685,0.0958904110,26.8995479679,54.2545841013,27.8818222919,52.2508538032,-0.8477774277,-3.2467748385,2.0158000000
loo,JPM,2026-09-01,1530,essvi_gfree,ok,,12,14,2027-12-17,1.2931506849,369.6140377899,29,0.2493150685,0.0958904110,22.4103590556,52.4125273549,22.7098761917,50.5726281729,-0.6937988737,-17.1308161005,2.0798000000
loo,JPM,2026-09-01,1530,essvi_sg05,ok,,12,14,2027-12-17,1.2931506849,369.6140377899,29,0.2493150685,0.0958904110,27.5953630313,58.4428308681,28.4750775728,53.7734883818,-0.7291093533,-2.3146493509,0.3771000000
loo,JPM,2026-09-02,1530,svi,ok,,1,15,2026-09-11,0.0246575342,355.3714507510,13,0.0191780822,0.0191780822,13.6236417086,29.0034300562,95.8307055514,136.9680510368,92.2614789854,111.7036765043,195.1400000000
loo,JPM,2026-09-02,1530,ssvi,ok,,1,15,2026-09-11,0.0246575342,355.3714507510,13,0.0191780822,0.0191780822,44.3049841467,78.8083459931,89.1189399137,147.9591680153,78.4333997359,101.7920507521,1.1233000000
loo,JPM,2026-09-02,1530,essvi,ok,,1,15,2026-09-11,0.0246575342,355.3714507510,13,0.0191780822,0.0191780822,25.8668661655,51.1158710553,76.3731325830,113.1800239277,72.4475496033,99.9600549863,0.7908000000
loo,JPM,2026-09-02,1530,essvi_g05,ok,,1,15,2026-09-11,0.0246575342,355.3714507510,13,0.0191780822,0.0191780822,36.3992707302,61.9748673450,82.1038904208,134.6933816553,76.5147395613,87.0372232737,3.0071000000
loo,JPM,2026-09-02,1530,essvi_gfree,ok,,1,15,2026-09-11,0.0246575342,355.3714507510,13,0.0191780822,0.0191780822,19.5193996766,37.6477991030,83.8317371239,114.5557006590,80.4065169971,112.9841535775,3.4747000000
loo,JPM,2026-09-02,1530,essvi_sg05,ok,,1,15,2026-09-11,0.0246575342,355.3714507510,13,0.0191780822,0.0191780822,43.9687546557,91.7149965519,100.7590827141,157.0602445971,95.3207517752,100.1660858455,0.6568000000
loo,JPM,2026-09-02,1530,svi,ok,,2,15,2026-09-18,0.0438356164,355.5544720527,18,0.0191780822,0.0191780822,11.0704393649,18.5269863382,34.3366096459,63.1706675612,-28.9170418786,5.1377681731,206.9551000000
loo,JPM,2026-09-02,1530,ssvi,ok,,2,15,2026-09-18,0.0438356164,355.5544720527,18,0.0191780822,0.0191780822,27.7590951644,57.7308326727,28.4113530830,59.4368856649,-18.9875980206,8.2342188624,1.0630000000
loo,JPM,2026-09-02,1530,essvi,ok,,2,15,2026-09-18,0.0438356164,355.5544720527,18,0.0191780822,0.0191780822,16.0502855157,30.2351557551,47.9141619721,116.4108563626,-39.1132615979,6.3328444611,0.7775000000
loo,JPM,2026-09-02,1530,essvi_g05,ok,,2,15,2026-09-18,0.0438356164,355.5544720527,18,0.0191780822,0.0191780822,25.4710726724,59.3662501092,37.4054527095,80.6777415416,-14.4971251298,-18.5245296771,2.8465000000
loo,JPM,2026-09-02,1530,essvi_gfree,ok,,2,15,2026-09-18,0.0438356164,355.5544720527,18,0.0191780822,0.0191780822,12.7080235963,24.1479783371,33.3139860065,68.7946255960,-24.1595687413,-4.6382103216,3.2737000000
loo,JPM,2026-09-02,1530,essvi_sg05,ok,,2,15,2026-09-18,0.0438356164,355.5544720527,18,0.0191780822,0.0191780822,35.9213417236,84.2186225615,43.1220709606,124.9257823177,16.0231965168,5.9040241153,0.6060000000
loo,JPM,2026-09-02,1530,svi,ok,,3,15,2026-09-25,0.0630136986,356.0493717658,7,0.0191780822,0.0191780822,10.9941880210,22.9264505954,32.2609852710,53.4807838539,29.7123072886,15.1154166964,190.8462000000
loo,JPM,2026-09-02,1530,ssvi,ok,,3,15,2026-09-25,0.0630136986,356.0493717658,7,0.0191780822,0.0191780822,28.9797791729,61.3134998408,34.2407868690,67.8973247241,27.8158281715,7.2742979038,1.1143000000
loo,JPM,2026-09-02,1530,essvi,ok,,3,15,2026-09-25,0.0630136986,356.0493717658,7,0.0191780822,0.0191780822,13.9401072425,28.4178482760,23.3502393978,45.0578575797,19.9952594808,5.9602150362,0.8508000000
loo,JPM,2026-09-02,1530,essvi_g05,ok,,3,15,2026-09-25,0.0630136986,356.0493717658,7,0.0191780822,0.0191780822,20.4996301002,31.7723854685,26.3753720008,45.3333951433,17.3194191523,-13.7134860108,3.4506000000
loo,JPM,2026-09-02,1530,essvi_gfree,ok,,3,15,2026-09-25,0.0630136986,356.0493717658,7,0.0191780822,0.0191780822,15.1092013449,26.3224820796,27.1298916177,48.3560119714,22.7169438461,0.0348567131,3.3823000000
loo,JPM,2026-09-02,1530,essvi_sg05,ok,,3,15,2026-09-25,0.0630136986,356.0493717658,7,0.0191780822,0.0191780822,40.6279422806,63.6876774214,46.2644215615,69.9086234177,40.5918186826,6.3146743730,0.5944000000
loo,JPM,2026-09-02,1530,svi,ok,,4,15,2026-10-02,0.0821917808,356.1390208775,9,0.0191780822,0.0191780822,8.6389927182,16.5146920740,19.4256765253,41.4891243565,15.3466887359,24.7881269145,223.2372000000
loo,JPM,2026-09-02,1530,ssvi,ok,,4,15,2026-10-02,0.0821917808,356.1390208775,9,0.0191780822,0.0191780822,31.6613135208,79.4336611974,52.2800994557,107.8768376730,44.5247532367,38.7350274171,1.0829000000
loo,JPM,2026-09-02,1530,essvi,ok,,4,15,2026-10-02,0.0821917808,356.1390208775,9,0.0191780822,0.0191780822,10.5273039827,21.5562837396,23.2506825144,38.1743105328,18.3799738085,38.1743105328,0.8149000000
loo,JPM,2026-09-02,1530,essvi_g05,ok,,4,15,2026-10-02,0.0821917808,356.1390208775,9,0.0191780822,0.0191780822,30.1413332416,53.4322172696,41.3385305010,81.2269872306,27.8929939615,9.8228576490,2.9085000000
loo,JPM,2026-09-02,1530,essvi_gfree,ok,,4,15,2026-10-02,0.0821917808,356.1390208775,9,0.0191780822,0.0191780822,22.6861145431,41.1509874032,33.2662646850,61.6965647008,23.8859965414,14.8333471220,3.0231000000
loo,JPM,2026-09-02,1530,essvi_sg05,ok,,4,15,2026-10-02,0.0821917808,356.1390208775,9,0.0191780822,0.0191780822,44.2593708346,86.3496295827,68.9944013890,123.8414424444,59.7246117490,37.4879056954,0.6310000000
loo,JPM,2026-09-02,1530,svi,ok,,5,15,2026-10-09,0.1013698630,355.1104564055,5,0.0191780822,0.0191780822,12.3066082227,19.0783589402,145.8982813229,164.0873011141,145.2041726583,127.2821223287,197.6849000000
loo,JPM,2026-09-02,1530,ssvi,ok,,5,15,2026-10-09,0.1013698630,355.1104564055,5,0.0191780822,0.0191780822,32.1287817699,52.9319667924,154.0424391684,184.0817237227,152.3505419282,128.8040019207,1.0892000000
loo,JPM,2026-09-02,1530,essvi,ok,,5,15,2026-10-09,0.1013698630,355.1104564055,5,0.0191780822,0.0191780822,17.3204331353,32.4682601755,150.2419303627,172.9955478722,148.9421655364,128.7120385377,0.5954000000
loo,JPM,2026-09-02,1530,essvi_g05,ok,,5,15,2026-10-09,0.1013698630,355.1104564055,5,0.0191780822,0.0191780822,17.6464247857,26.2266861131,130.8457465860,158.6796266378,129.0241898115,102.9795743667,4.2104000000
loo,JPM,2026-09-02,1530,essvi_gfree,ok,,5,15,2026-10-09,0.1013698630,355.1104564055,5,0.0191780822,0.0191780822,15.7773089600,23.3277353073,139.8071357818,163.9041220280,138.3682042564,114.8973866934,5.1322000000
loo,JPM,2026-09-02,1530,essvi_sg05,ok,,5,15,2026-10-09,0.1013698630,355.1104564055,5,0.0191780822,0.0191780822,80.2223357752,149.5528248949,157.2358039321,184.6050628916,155.7377501806,128.1805733604,0.8350000000
loo,JPM,2026-09-02,1530,svi,ok,,6,15,2026-10-16,0.1205479452,355.2856736760,19,0.0191780822,0.0958904110,9.9893842919,21.1160181434,262.3526406552,458.5324915940,-251.8068260748,-198.3378499259,188.4603000000
loo,JPM,2026-09-02,1530,ssvi,ok,,6,15,2026-10-16,0.1205479452,355.2856736760,19,0.0191780822,0.0958904110,24.4791923573,73.3620097582,183.0982469058,270.6493762737,-181.0080554259,-187.6812306262,1.0605000000
loo,JPM,2026-09-02,1530,essvi,ok,,6,15,2026-10-16,0.1205479452,355.2856736760,19,0.0191780822,0.0958904110,21.0923332701,58.0634066581,254.7449003826,414.5689936187,-244.8466894336,-187.0916532662,0.8133000000
loo,JPM,2026-09-02,1530,essvi_g05,ok,,6,15,2026-10-16,0.1205479452,355.2856736760,19,0.0191780822,0.0958904110,18.7381014007,35.7166752664,205.0844740078,305.4065817573,-198.2980579223,-213.9032734491,2.9137000000
loo,JPM,2026-09-02,1530,essvi_gfree,ok,,6,15,2026-10-16,0.1205479452,355.2856736760,19,0.0191780822,0.0958904110,18.3375618449,56.3785741418,217.5583651094,346.7076343732,-210.5988364228,-208.7498979834,2.7208000000
loo,JPM,2026-09-02,1530,essvi_sg05,ok,,6,15,2026-10-16,0.1205479452,355.2856736760,19,0.0191780822,0.0958904110,92.4042435093,230.8441649571,264.8487008699,440.1125944891,-185.0816879398,-190.7637244554,0.7134000000
loo,JPM,2026-09-02,1530,svi,ok,,7,15,2026-11-20,0.2164383562,356.5577654761,27,0.0958904110,0.0767123288,9.1108742312,24.1667089838,15.7202937732,35.1165304764,2.6537058036,-6.5310048000,191.1801000000
loo,JPM,2026-09-02,1530,ssvi,ok,,7,15,2026-11-20,0.2164383562,356.5577654761,27,0.0958904110,0.0767123288,36.6295818514,93.5133637182,41.8577328556,104.8827539732,22.0729926387,12.6890865083,1.0246000000
loo,JPM,2026-09-02,1530,essvi,ok,,7,15,2026-11-20,0.2164383562,356.5577654761,27,0.0958904110,0.0767123288,19.6744633559,46.2403494496,34.6062577122,79.8829308461,26.5760422302,13.6610826912,0.8581000000
loo,JPM,2026-09-02,1530,essvi_g05,ok,,7,15,2026-11-20,0.2164383562,356.5577654761,27,0.0958904110,0.0767123288,21.9305831491,45.6876810328,24.1833056437,64.8943760845,9.0626414219,-10.7443716784,2.9716000000
loo,JPM,2026-09-02,1530,essvi_gfree,ok,,7,15,2026-11-20,0.2164383562,356.5577654761,27,0.0958904110,0.0767123288,19.3047550869,35.6126573612,20.9696295816,48.0878562435,7.8406957713,-3.9855612646,2.9971000000
loo,JPM,2026-09-02,1530,essvi_sg05,ok,,7,15,2026-11-20,0.2164383562,356.5577654761,27,0.0958904110,0.0767123288,63.3967847258,165.8713776229,74.9054460962,193.6479208170,51.2409659938,11.7428056792,0.5565000000
loo,JPM,2026-09-02,1530,svi,ok,,8,15,2026-12-18,0.2931506849,357.7981400788,32,0.0767123288,0.0767123288,9.7383840885,26.5790592247,48.9518402206,78.9169687288,44.5286197642,29.7251423995,187.8917000000
loo,JPM,2026-09-02,1530,ssvi,ok,,8,15,2026-12-18,0.2931506849,357.7981400788,32,0.0767123288,0.0767123288,55.2941801315,159.9910575914,72.5690063930,175.4811373724,15.4429494708,37.2871651338,1.0105000000
loo,JPM,2026-09-02,1530,essvi,ok,,8,15,2026-12-18,0.2931506849,357.7981400788,32,0.0767123288,0.0767123288,42.0105576724,92.3087269556,60.5821638277,100.6661809442,43.8824542658,34.4100597630,0.7705000000
loo,JPM,2026-09-02,1530,essvi_g05,ok,,8,15,2026-12-18,0.2931506849,357.7981400788,32,0.0767123288,0.0767123288,37.4816732398,103.5321843804,59.6020548718,96.5765034617,40.7061231642,34.1672223832,2.7379000000
loo,JPM,2026-09-02,1530,essvi_gfree,ok,,8,15,2026-12-18,0.2931506849,357.7981400788,32,0.0767123288,0.0767123288,39.3442133387,107.9365701514,61.3434112722,100.1860557404,40.5738210471,37.7666899979,3.2420000000
loo,JPM,2026-09-02,1530,essvi_sg05,ok,,8,15,2026-12-18,0.2931506849,357.7981400788,32,0.0767123288,0.0767123288,42.5739273164,85.5503149846,67.1812717112,105.7697519804,56.1576609946,36.0454970872,0.5652000000
loo,JPM,2026-09-02,1530,svi,ok,,9,15,2027-01-15,0.3698630137,358.1993434651,20,0.0767123288,0.1726027397,10.4528989922,23.1898189532,46.8437859988,77.6963157367,-39.5906801106,-16.7614300478,201.4847000000
loo,JPM,2026-09-02,1530,ssvi,ok,,9,15,2027-01-15,0.3698630137,358.1993434651,20,0.0767123288,0.1726027397,39.5250153575,98.6464386835,46.2562722112,117.9965516984,-14.9088495717,0.4370199594,1.0477000000
loo,JPM,2026-09-02,1530,essvi,ok,,9,15,2027-01-15,0.3698630137,358.1993434651,20,0.0767123288,0.1726027397,17.6843918874,34.5901351975,46.6437239314,126.0694829063,-25.2653320506,-0.0160949119,0.8459000000
loo,JPM,2026-09-02,1530,essvi_g05,ok,,9,15,2027-01-15,0.3698630137,358.1993434651,20,0.0767123288,0.1726027397,21.8346471120,49.3304218062,47.3629626946,105.2812904899,-39.5971635739,-26.1148682379,2.8522000000
loo,JPM,2026-09-02,1530,essvi_gfree,ok,,9,15,2027-01-15,0.3698630137,358.1993434651,20,0.0767123288,0.1726027397,21.4657733915,48.3069573319,47.2186239513,99.7847640540,-39.9795006680,-27.3006951245,5.3494000000
loo,JPM,2026-09-02,1530,essvi_sg05,ok,,9,15,2027-01-15,0.3698630137,358.1993434651,20,0.0767123288,0.1726027397,17.7930318508,34.7234674162,26.7567196606,66.6973120792,-1.4681408216,-0.0683239029,0.8958000000
loo,JPM,2026-09-02,1530,svi,ok,,10,15,2027-03-19,0.5424657534,360.1826294380,41,0.1726027397,0.2465753425,14.4799178289,33.7172961201,25.1734297894,58.1246022756,7.8567985250,-28.0940784856,203.7354000000
loo,JPM,2026-09-02,1530,ssvi,ok,,10,15,2027-03-19,0.5424657534,360.1826294380,41,0.1726027397,0.2465753425,51.3749313321,112.2436478103,42.5029938821,103.9036912230,25.3667924604,-22.4780379754,0.9076000000
loo,JPM,2026-09-02,1530,essvi,ok,,10,15,2027-03-19,0.5424657534,360.1826294380,41,0.1726027397,0.2465753425,18.7562778109,51.3449302393,23.7077971055,56.6919588886,7.4619902638,-22.4969977719,0.8219000000
loo,JPM,2026-09-02,1530,essvi_g05,ok,,10,15,2027-03-19,0.5424657534,360.1826294380,41,0.1726027397,0.2465753425,24.7118905572,55.0733429618,25.1409727780,58.6341010758,4.1169201413,-29.0507157897,2.7027000000
loo,JPM,2026-09-02,1530,essvi_gfree,ok,,10,15,2027-03-19,0.5424657534,360.1826294380,41,0.1726027397,0.2465753425,28.6645189791,64.5062546842,30.2074289156,65.0379462348,2.8932310524,-38.0652895230,3.1035000000
loo,JPM,2026-09-02,1530,essvi_sg05,ok,,10,15,2027-03-19,0.5424657534,360.1826294380,41,0.1726027397,0.2465753425,51.8509437432,108.4502110500,36.8127676203,89.9044771444,20.3656740090,-22.4800922402,0.5816000000
loo,JPM,2026-09-02,1530,svi,ok,,11,15,2027-06-17,0.7890410959,363.1212926492,28,0.2465753425,0.2520547945,19.6111425430,44.1553101810,23.0419859659,45.7299310772,0.2318582794,-6.5618422353,185.2378000000
loo,JPM,2026-09-02,1530,ssvi,ok,,11,15,2027-06-17,0.7890410959,363.1212926492,28,0.2465753425,0.2520547945,38.3887188307,70.3477421984,36.8349465575,65.6818594547,15.8279850984,-8.1689837293,0.9098000000
loo,JPM,2026-09-02,1530,essvi,ok,,11,15,2027-06-17,0.7890410959,363.1212926492,28,0.2465753425,0.2520547945,20.8622918017,36.1800297993,29.3498518537,51.0926642410,0.1559725604,-8.3743085283,0.7972000000
loo,JPM,2026-09-02,1530,essvi_g05,ok,,11,15,2027-06-17,0.7890410959,363.1212926492,28,0.2465753425,0.2520547945,21.4768717205,38.4629619556,25.6383993494,48.7395863194,4.5673584273,-0.1375609839,2.8871000000
loo,JPM,2026-09-02,1530,essvi_gfree,ok,,11,15,2027-06-17,0.7890410959,363.1212926492,28,0.2465753425,0.2520547945,25.1999762426,59.5077306435,28.4363717252,49.5347859397,4.0900368530,-13.6050599467,2.9245000000
loo,JPM,2026-09-02,1530,essvi_sg05,ok,,11,15,2027-06-17,0.7890410959,363.1212926492,28,0.2465753425,0.2520547945,29.5720670173,72.7112532532,31.0155396855,56.5337646728,7.6700852329,-8.3309453677,0.7287000000
loo,JPM,2026-09-02,1530,svi,ok,,12,15,2027-09-17,1.0410958904,366.6025671017,32,0.2520547945,0.2493150685,11.6688441378,32.5668856399,16.9689177038,44.4367460690,9.4421433249,36.5834019962,186.5735000000
loo,JPM,2026-09-02,1530,ssvi,ok,,12,15,2027-09-17,1.0410958904,366.6025671017,32,0.2520547945,0.2493150685,18.9269227497,49.0131286147,22.2812931896,40.9812908547,16.4478237376,39.5287918048,1.0026000000
loo,JPM,2026-09-02,1530,essvi,ok,,12,15,2027-09-17,1.0410958904,366.6025671017,32,0.2520547945,0.2493150685,15.0401307107,38.7945355704,19.8238676004,53.3202015500,8.7812615512,40.0387343710,0.8137000000
loo,JPM,2026-09-02,1530,essvi_g05,ok,,12,15,2027-09-17,1.0410958904,366.6025671017,32,0.2520547945,0.2493150685,23.0744399519,72.0146759885,28.1151652223,83.7854726839,6.5020927993,52.8838592149,2.7256000000
loo,JPM,2026-09-02,1530,essvi_gfree,ok,,12,15,2027-09-17,1.0410958904,366.6025671017,32,0.2520547945,0.2493150685,15.2790561265,48.8244347834,19.5798147878,55.0405502394,7.9052767320,38.6641755978,2.9755000000
loo,JPM,2026-09-02,1530,essvi_sg05,ok,,12,15,2027-09-17,1.0410958904,366.6025671017,32,0.2520547945,0.2493150685,28.0447097220,74.4947829837,22.4277454585,75.2636899619,2.0220093553,40.2732673940,0.5811000000
loo,JPM,2026-09-02,1530,svi,ok,,13,15,2027-12-17,1.2904109589,369.1937247361,28,0.2493150685,0.0958904110,15.5010344349,27.6213942932,19.0719228802,38.5085031207,8.1390870386,5.6814634318,201.3943000000
loo,JPM,2026-09-02,1530,ssvi,ok,,13,15,2027-12-17,1.2904109589,369.1937247361,28,0.2493150685,0.0958904110,16.7351620697,31.9335690008,17.1965342781,33.7664142032,-2.4286221145,0.5830575581,1.0603000000
loo,JPM,2026-09-02,1530,essvi,ok,,13,15,2027-12-17,1.2904109589,369.1937247361,28,0.2493150685,0.0958904110,16.1400741666,29.7734956586,16.4641778142,32.6832280897,2.4820340173,0.5946578303,0.8331000000
loo,JPM,2026-09-02,1530,essvi_g05,ok,,13,15,2027-12-17,1.2904109589,369.1937247361,28,0.2493150685,0.0958904110,27.4245989003,64.7717522538,30.3509340497,62.1688191957,8.2218017161,32.4118434270,2.8057000000
loo,JPM,2026-09-02,1530,essvi_gfree,ok,,13,15,2027-12-17,1.2904109589,369.1937247361,28,0.2493150685,0.0958904110,18.2547733337,36.1798851633,20.9934806273,42.6153010377,7.5001790955,16.6358736136,3.2408000000
loo,JPM,2026-09-02,1530,essvi_sg05,ok,,13,15,2027-12-17,1.2904109589,369.1937247361,28,0.2493150685,0.0958904110,25.7766497003,65.2573991927,30.1102406432,78.0015150378,-17.0743821019,0.6511037292,0.5987000000
loo,JPM,2026-09-03,1530,svi,ok,,1,15,2026-09-18,0.0410958904,362.8291301076,21,0.0191780822,0.0191780822,13.0126446530,45.5464403446,47.9816656420,93.8570581496,-25.6231257895,-17.5401817020,239.8971000000
loo,JPM,2026-09-03,1530,ssvi,ok,,1,15,2026-09-18,0.0410958904,362.8291301076,21,0.0191780822,0.0191780822,31.2979106418,54.8521778104,28.3514346743,49.0899709406,11.7383420264,-3.4752007082,0.9204000000
loo,JPM,2026-09-03,1530,essvi,ok,,1,15,2026-09-18,0.0410958904,362.8291301076,21,0.0191780822,0.0191780822,17.4307876489,48.4240168335,45.4460245372,109.9746716770,-14.9357338926,-4.5235440941,0.8045000000
loo,JPM,2026-09-03,1530,essvi_g05,ok,,1,15,2026-09-18,0.0410958904,362.8291301076,21,0.0191780822,0.0191780822,27.1163067744,63.1011712053,30.2932219914,84.0498375588,-3.8541765814,-37.5767688724,2.7934000000
loo,JPM,2026-09-03,1530,essvi_gfree,ok,,1,15,2026-09-18,0.0410958904,362.8291301076,21,0.0191780822,0.0191780822,15.1964570603,39.8432760058,42.2427100979,98.3826271589,-20.4069639914,-17.0417435955,3.1686000000
loo,JPM,2026-09-03,1530,essvi_sg05,ok,,1,15,2026-09-18,0.0410958904,362.8291301076,21,0.0191780822,0.0191780822,59.0404025258,145.7465994280,48.7771341093,132.5113361412,35.7337356705,-4.3017666899,0.4754000000
loo,JPM,2026-09-03,1530,svi,ok,,2,15,2026-09-25,0.0602739726,362.8595566674,10,0.0191780822,0.0191780822,21.8414231835,54.3633669745,29.8874330097,50.5557336237,6.5706512909,-50.5557336237,231.6667000000
loo,JPM,2026-09-03,1530,ssvi,ok,,2,15,2026-09-25,0.0602739726,362.8595566674,10,0.0191780822,0.0191780822,49.9258128609,69.3565534696,48.3052803679,65.2964716751,21.4094766070,-50.7805852716,0.9308000000
loo,JPM,2026-09-03,1530,essvi,ok,,2,15,2026-09-25,0.0602739726,362.8595566674,10,0.0191780822,0.0191780822,31.1808630116,56.1482130130,33.7404441086,54.4719073393,7.7793007774,-48.5838941114,0.8249000000
loo,JPM,2026-09-03,1530,essvi_g05,ok,,2,15,2026-09-25,0.0602739726,362.8595566674,10,0.0191780822,0.0191780822,28.1828505315,71.2708189592,33.9683662304,78.5572665027,0.6399599513,-78.5572665027,2.7270000000
loo,JPM,2026-09-03,1530,essvi_gfree,ok,,2,15,2026-09-25,0.0602739726,362.8595566674,10,0.0191780822,0.0191780822,27.8058852082,56.0400362494,32.7560488878,57.5425994554,4.2566134689,-57.5425994554,3.1652000000
loo,JPM,2026-09-03,1530,essvi_sg05,ok,,2,15,2026-09-25,0.0602739726,362.8595566674,10,0.0191780822,0.0191780822,47.8221694394,100.6422451863,47.5770915373,59.6038723884,35.1919825538,-45.6369165942,0.4626000000
loo,JPM,2026-09-03,1530,svi,ok,,3,15,2026-10-02,0.0794520548,363.4933394038,12,0.0191780822,0.0191780822,5.9425999099,11.4812197229,21.6512418836,54.1463732568,3.2910040705,14.6408410505,248.0737000000
loo,JPM,2026-09-03,1530,ssvi,ok,,3,15,2026-10-02,0.0794520548,363.4933394038,12,0.0191780822,0.0191780822,21.0166924284,34.7287718260,29.9839204310,44.5244913018,26.4200532649,16.1155838706,0.9277000000
loo,JPM,2026-09-03,1530,essvi,ok,,3,15,2026-10-02,0.0794520548,363.4933394038,12,0.0191780822,0.0191780822,8.6190077123,12.8617482236,18.9350800742,41.5080462132,2.9237605373,18.8382974922,0.7714000000
loo,JPM,2026-09-03,1530,essvi_g05,ok,,3,15,2026-10-02,0.0794520548,363.4933394038,12,0.0191780822,0.0191780822,21.0994403874,46.5047216238,29.0639706106,85.2210052101,12.1099249505,-3.4832605482,2.7434000000
loo,JPM,2026-09-03,1530,essvi_gfree,ok,,3,15,2026-10-02,0.0794520548,363.4933394038,12,0.0191780822,0.0191780822,10.0926358366,22.2267797659,18.6899139138,53.8989577197,7.1747808101,6.4101308632,2.9517000000
loo,JPM,2026-09-03,1530,essvi_sg05,ok,,3,15,2026-10-02,0.0794520548,363.4933394038,12,0.0191780822,0.0191780822,40.5135647792,97.8974153765,53.8196629815,134.6591204828,41.3561698249,22.8093440470,0.4557000000
loo,JPM,2026-09-03,1530,svi,ok,,4,15,2026-10-09,0.0986301370,362.1130278348,9,0.0191780822,0.0191780822,13.7411804483,32.8494245571,184.4105960116,203.9600829854,183.1815538168,166.2468804040,251.4510000000
loo,JPM,2026-09-03,1530,ssvi,ok,,4,15,2026-10-09,0.0986301370,362.1130278348,9,0.0191780822,0.0191780822,26.2150475903,54.4748067397,196.4086151421,241.5667654048,194.9342834861,174.6553352903,0.9480000000
loo,JPM,2026-09-03,1530,essvi,ok,,4,15,2026-10-09,0.0986301370,362.1130278348,9,0.0191780822,0.0191780822,17.2328949688,37.7662028122,191.1060654955,221.5094182885,190.0509634401,172.8758861431,0.7886000000
loo,JPM,2026-09-03,1530,essvi_g05,ok,,4,15,2026-10-09,0.0986301370,362.1130278348,9,0.0191780822,0.0191780822,26.0118658845,50.8357364690,171.0489248863,205.1404722906,169.2922651584,143.0191757927,2.8460000000
loo,JPM,2026-09-03,1530,essvi_gfree,ok,,4,15,2026-10-09,0.0986301370,362.1130278348,9,0.0191780822,0.0191780822,21.6045374682,45.6275575868,181.6469224214,212.4768667582,180.4230637261,160.4054351817,3.1756000000
loo,JPM,2026-09-03,1530,essvi_sg05,ok,,4,15,2026-10-09,0.0986301370,362.1130278348,9,0.0191780822,0.0191780822,36.0207682248,65.7531188254,202.3346065541,235.6122145521,200.5420097155,170.8861083793,0.4548000000
loo,JPM,2026-09-03,1530,svi,ok,,5,15,2026-10-16,0.1178082192,362.5096735531,20,0.0191780822,0.0191780822,12.0866197767,21.1841174973,182.2262633264,359.2501782224,-162.7668024317,-115.0510743581,228.8247000000
loo,JPM,2026-09-03,1530,ssvi,ok,,5,15,2026-10-16,0.1178082192,362.5096735531,20,0.0191780822,0.0191780822,25.2504154172,58.5093811398,113.4521331689,154.1314178083,-111.8779582950,-128.2928680766,0.9071000000
loo,JPM,2026-09-03,1530,essvi,ok,,5,15,2026-10-16,0.1178082192,362.5096735531,20,0.0191780822,0.0191780822,20.1412685907,55.1989563638,170.7399691430,332.5925280395,-160.9871424724,-124.2356064506,0.5475000000
loo,JPM,2026-09-03,1530,essvi_g05,ok,,5,15,2026-10-16,0.1178082192,362.5096735531,20,0.0191780822,0.0191780822,23.7183748464,55.3029816975,144.3823095907,237.3857422174,-128.8975097623,-139.7879930217,2.9308000000
loo,JPM,2026-09-03,1530,essvi_gfree,ok,,5,15,2026-10-16,0.1178082192,362.5096735531,20,0.0191780822,0.0191780822,18.5738896464,58.1655314228,149.0537508402,272.3894164548,-134.2129972540,-127.4864041603,2.8228000000
loo,JPM,2026-09-03,1530,essvi_sg05,ok,,5,15,2026-10-16,0.1178082192,362.5096735531,20,0.0191780822,0.0191780822,46.8799278457,111.7307474144,133.2497322905,223.5276533345,-104.1614516337,-117.0346798689,0.4780000000
loo,JPM,2026-09-03,1530,svi,ok,,6,15,2026-10-23,0.1369863014,362.0437648634,9,0.0191780822,0.0767123288,31.6315119084,70.6095400348,113.1759069793,186.6589665193,66.3990642849,-27.5746417076,219.4245000000
loo,JPM,2026-09-03,1530,ssvi,ok,,6,15,2026-10-23,0.1369863014,362.0437648634,9,0.0191780822,0.0767123288,127.9576259713,216.8854769734,130.6063665645,220.3423470645,86.5644763069,-14.9999918529,0.9552000000
loo,JPM,2026-09-03,1530,essvi,ok,,6,15,2026-10-23,0.1369863014,362.0437648634,9,0.0191780822,0.0767123288,36.7740066444,54.8768868963,110.1652068545,191.8332980038,70.9543551268,-15.9605665852,0.5460000000
loo,JPM,2026-09-03,1530,essvi_g05,ok,,6,15,2026-10-23,0.1369863014,362.0437648634,9,0.0191780822,0.0767123288,55.1553855729,91.7838008814,119.6162252314,199.4598410951,61.8028702500,-45.7921320081,2.8165000000
loo,JPM,2026-09-03,1530,essvi_gfree,ok,,6,15,2026-10-23,0.1369863014,362.0437648634,9,0.0191780822,0.0767123288,43.1262082011,71.6000529953,112.0741497282,191.9237876823,63.4330804282,-32.7736914111,2.9446000000
loo,JPM,2026-09-03,1530,essvi_sg05,ok,,6,15,2026-10-23,0.1369863014,362.0437648634,9,0.0191780822,0.0767123288,61.5886441133,109.8562042182,140.2623124318,232.6623229940,93.5918061430,-16.9094195935,0.4711000000
loo,JPM,2026-09-03,1530,svi,ok,,7,15,2026-11-20,0.2136986301,363.9740877856,29,0.0767123288,0.0767123288,10.9334623403,24.3632104274,43.0461550257,96.3557151021,-11.7720720623,-3.2469361295,228.0506000000
loo,JPM,2026-09-03,1530,ssvi,ok,,7,15,2026-11-20,0.2136986301,363.9740877856,29,0.0767123288,0.0767123288,28.2228013491,56.2547968759,27.5834255924,67.4280487680,4.5617403740,-8.7288316242,0.7912000000
loo,JPM,2026-09-03,1530,essvi,ok,,7,15,2026-11-20,0.2136986301,363.9740877856,29,0.0767123288,0.0767123288,24.0069612737,50.6654647816,72.3731175032,172.5582347785,-14.2687834960,-6.8376689027,0.8086000000
loo,JPM,2026-09-03,1530,essvi_g05,ok,,7,15,2026-11-20,0.2136986301,363.9740877856,29,0.0767123288,0.0767123288,23.0632801004,50.7830190714,105.3852369105,241.0737918123,12.8306065909,-11.4049081031,4.1971000000
loo,JPM,2026-09-03,1530,essvi_gfree,ok,,7,15,2026-11-20,0.2136986301,363.9740877856,29,0.0767123288,0.0767123288,21.0928278534,36.5824864149,88.4474077841,168.2061096710,-1.5336340611,-8.9980943910,6.1896000000
loo,JPM,2026-09-03,1530,essvi_sg05,ok,,7,15,2026-11-20,0.2136986301,363.9740877856,29,0.0767123288,0.0767123288,68.5357317719,183.2154151655,99.3032042469,240.5618374978,22.8825984239,-5.3861600002,0.4682000000
loo,JPM,2026-09-03,1530,svi,ok,,8,15,2026-12-18,0.2904109589,365.0809819628,27,0.0767123288,0.0767123288,10.6492022578,24.0708793555,62.8187632021,84.1845697436,61.4191945084,57.9152972712,226.2684000000
loo,JPM,2026-09-03,1530,ssvi,ok,,8,15,2026-12-18,0.2904109589,365.0809819628,27,0.0767123288,0.0767123288,21.9474311410,55.5792152364,73.0747497880,106.6631338353,69.8417862715,69.0659092188,0.9066000000
loo,JPM,2026-09-03,1530,essvi,ok,,8,15,2026-12-18,0.2904109589,365.0809819628,27,0.0767123288,0.0767123288,21.5732665722,53.3314577451,79.2665219550,121.1420038992,74.5898208898,68.8218552480,0.8288000000
loo,JPM,2026-09-03,1530,essvi_g05,ok,,8,15,2026-12-18,0.2904109589,365.0809819628,27,0.0767123288,0.0767123288,21.3971439385,56.7487629099,74.8084482964,114.5970995669,70.6130932586,65.8662296143,2.7024000000
loo,JPM,2026-09-03,1530,essvi_gfree,ok,,8,15,2026-12-18,0.2904109589,365.0809819628,27,0.0767123288,0.0767123288,21.9760798378,61.6180089465,75.1179063380,115.6811340237,70.7185148042,66.8522253483,4.1207000000
loo,JPM,2026-09-03,1530,essvi_sg05,ok,,8,15,2026-12-18,0.2904109589,365.0809819628,27,0.0767123288,0.0767123288,24.8309321892,50.9127586714,86.7384465953,116.4318142045,84.0547853340,69.0952074413,0.7300000000
loo,JPM,2026-09-03,1530,svi,ok,,9,15,2027-01-15,0.3671232877,364.8651872651,21,0.0767123288,0.1726027397,11.5845269416,26.9569138103,42.1915028510,83.5635492247,-37.0005075048,-30.0263025235,238.8940000000
loo,JPM,2026-09-03,1530,ssvi,ok,,9,15,2027-01-15,0.3671232877,364.8651872651,21,0.0767123288,0.1726027397,43.4899628982,134.5793039299,69.5506970734,191.9021716845,-46.7244635498,-25.6526102215,0.8013000000
loo,JPM,2026-09-03,1530,essvi,ok,,9,15,2027-01-15,0.3671232877,364.8651872651,21,0.0767123288,0.1726027397,27.1831887255,63.1312804945,68.9547821543,190.0880653747,-46.9511163312,-25.4264837111,0.8134000000
loo,JPM,2026-09-03,1530,essvi_g05,ok,,9,15,2027-01-15,0.3671232877,364.8651872651,21,0.0767123288,0.1726027397,35.5302325262,93.8656808295,72.6088744183,197.2390967780,-50.7757122404,-25.4611821672,2.7251000000
loo,JPM,2026-09-03,1530,essvi_gfree,ok,,9,15,2027-01-15,0.3671232877,364.8651872651,21,0.0767123288,0.1726027397,33.9958165380,90.4091675891,70.4006965368,190.7043296260,-50.3389412762,-27.5502183117,3.7686000000
loo,JPM,2026-09-03,1530,essvi_sg05,ok,,9,15,2027-01-15,0.3671232877,364.8651872651,21,0.0767123288,0.1726027397,28.3442964749,75.7941779171,55.5194856558,159.1866490677,-31.3165737491,-25.8156886223,0.4856000000
loo,JPM,2026-09-03,1530,svi,ok,,10,15,2027-03-19,0.5397260274,367.2080717132,37,0.1726027397,0.2465753425,15.0800978267,47.0703840886,19.6392750145,62.7542085875,2.4387198299,2.5724859234,225.7511000000
loo,JPM,2026-09-03,1530,ssvi,ok,,10,15,2027-03-19,0.5397260274,367.2080717132,37,0.1726027397,0.2465753425,24.7810666202,69.1681091563,28.2276902361,75.2870848110,17.5993158441,16.2411560746,0.7606000000
loo,JPM,2026-09-03,1530,essvi,ok,,10,15,2027-03-19,0.5397260274,367.2080717132,37,0.1726027397,0.2465753425,18.3366093274,42.7101274701,21.9937819977,62.6048218429,9.8825348871,16.2467121966,0.8056000000
loo,JPM,2026-09-03,1530,essvi_g05,ok,,10,15,2027-03-19,0.5397260274,367.2080717132,37,0.1726027397,0.2465753425,18.4701824399,43.6777165961,19.0169227228,50.3011705155,4.5994632196,14.3719355036,2.6249000000
loo,JPM,2026-09-03,1530,essvi_gfree,ok,,10,15,2027-03-19,0.5397260274,367.2080717132,37,0.1726027397,0.2465753425,20.5046280092,47.2830137450,20.1009995150,49.6270885339,2.5227951744,3.5208032271,2.7375000000
loo,JPM,2026-09-03,1530,essvi_sg05,ok,,10,15,2027-03-19,0.5397260274,367.2080717132,37,0.1726027397,0.2465753425,24.7572751941,61.3840131029,25.6888246337,68.7124243799,15.4531691489,16.3435101781,0.4812000000
loo,JPM,2026-09-03,1530,svi,ok,,11,15,2027-06-17,0.7863013699,370.5136545195,27,0.2465753425,0.2520547945,11.5005133498,32.0851852394,16.1581805415,46.4791109080,2.7436784016,-12.2364487537,226.7315000000
loo,JPM,2026-09-03,1530,ssvi,ok,,11,15,2027-06-17,0.7863013699,370.5136545195,27,0.2465753425,0.2520547945,27.0372430625,58.3864642197,19.3285295716,49.7205686959,12.7313971856,-13.6500962124,0.7868000000
loo,JPM,2026-09-03,1530,essvi,ok,,11,15,2027-06-17,0.7863013699,370.5136545195,27,0.2465753425,0.2520547945,15.5172854032,36.8312258401,13.0711373190,34.4654423866,4.2555008164,-13.6513140661,0.7992000000
loo,JPM,2026-09-03,1530,essvi_g05,ok,,11,15,2027-06-17,0.7863013699,370.5136545195,27,0.2465753425,0.2520547945,12.8295551591,30.6822317420,14.9766979384,35.7152058088,6.0074369118,-2.0721290621,3.0970000000
loo,JPM,2026-09-03,1530,essvi_gfree,ok,,11,15,2027-06-17,0.7863013699,370.5136545195,27,0.2465753425,0.2520547945,13.9164448177,36.7056196040,14.3956070994,41.8340542749,5.0931853574,-18.3889875070,2.8243000000
loo,JPM,2026-09-03,1530,essvi_sg05,ok,,11,15,2027-06-17,0.7863013699,370.5136545195,27,0.2465753425,0.2520547945,22.3465713796,57.7548367075,13.5941172921,40.3471996144,5.6241741608,-13.6484598656,0.4731000000
loo,JPM,2026-09-03,1530,svi,ok,,12,15,2027-09-17,1.0383561644,372.7025445994,33,0.2520547945,0.2493150685,13.0673121871,38.6048409441,15.5919109288,41.9935585622,1.2469236721,9.3076447498,224.9774000000
loo,JPM,2026-09-03,1530,ssvi,ok,,12,15,2027-09-17,1.0383561644,372.7025445994,33,0.2520547945,0.2493150685,19.7070464453,45.9076319302,24.8306707648,52.8186457416,15.1770821076,17.2684355748,0.7677000000
loo,JPM,2026-09-03,1530,essvi,ok,,12,15,2027-09-17,1.0383561644,372.7025445994,33,0.2520547945,0.2493150685,19.6259032392,43.5240228092,21.9028413185,58.4663666124,4.8147818501,17.1131841471,0.8022000000
loo,JPM,2026-09-03,1530,essvi_g05,ok,,12,15,2027-09-17,1.0383561644,372.7025445994,33,0.2520547945,0.2493150685,23.8643996470,71.5271322567,25.7177812416,80.6190315474,0.7793588872,23.4075353633,3.0154000000
loo,JPM,2026-09-03,1530,essvi_gfree,ok,,12,15,2027-09-17,1.0383561644,372.7025445994,33,0.2520547945,0.2493150685,19.6005172144,43.4634394866,19.8609834464,47.3513388356,2.6648319284,4.8188972192,3.0787000000
loo,JPM,2026-09-03,1530,essvi_sg05,ok,,12,15,2027-09-17,1.0383561644,372.7025445994,33,0.2520547945,0.2493150685,23.0071003259,64.4638881443,22.3254629997,65.9098943985,2.8382343756,16.9973035430,0.4820000000
loo,JPM,2026-09-03,1530,svi,ok,,13,15,2027-12-17,1.2876712329,375.7003628320,28,0.2493150685,0.0958904110,14.9921683137,52.3908159329,18.0811718228,65.5897567634,7.9057435935,-6.6218542034,217.6237000000
loo,JPM,2026-09-03,1530,ssvi,ok,,13,15,2027-12-17,1.2876712329,375.7003628320,28,0.2493150685,0.0958904110,19.8144304661,53.8969948007,20.5280029592,56.7563900053,6.4758923914,-7.0536183620,1.1376000000
loo,JPM,2026-09-03,1530,essvi,ok,,13,15,2027-12-17,1.2876712329,375.7003628320,28,0.2493150685,0.0958904110,19.4749410321,53.3825894783,20.7056309126,61.2698871492,7.3433239842,-6.9132522029,0.8304000000
loo,JPM,2026-09-03,1530,essvi_g05,ok,,13,15,2027-12-17,1.2876712329,375.7003628320,28,0.2493150685,0.0958904110,24.5261753333,52.6498987200,26.4070971337,48.6227907109,7.3140195821,13.8795540099,2.6233000000
loo,JPM,2026-09-03,1530,essvi_gfree,ok,,13,15,2027-12-17,1.2876712329,375.7003628320,28,0.2493150685,0.0958904110,19.3890813930,54.6868144794,20.5309216580,60.7648274475,6.8669331356,-7.2019796225,2.7384000000
loo,JPM,2026-09-03,1530,essvi_sg05,ok,,13,15,2027-12-17,1.2876712329,375.7003628320,28,0.2493150685,0.0958904110,22.0713540059,48.4206678858,22.8947697020,51.6621611469,-6.4740656356,-6.9892413281,0.4564000000
loo,JPM,2026-09-04,1530,svi,ok,,1,15,2026-09-18,0.0383561644,359.6604037407,14,0.0191780822,0.0191780822,10.7152241582,30.4260294346,32.2946770380,63.4626512548,-24.1522387632,-5.9804214714,190.8614000000
loo,JPM,2026-09-04,1530,ssvi,ok,,1,15,2026-09-18,0.0383561644,359.6604037407,14,0.0191780822,0.0191780822,27.3100346789,63.0722398287,29.3539694238,67.6294958859,-14.7345779298,-1.1992638065,0.8797000000
loo,JPM,2026-09-04,1530,essvi,ok,,1,15,2026-09-18,0.0383561644,359.6604037407,14,0.0191780822,0.0191780822,14.3536298678,27.3034913828,30.7234147477,100.2821711300,-14.8875968621,0.0795794248,0.7238000000
loo,JPM,2026-09-04,1530,essvi_g05,ok,,1,15,2026-09-18,0.0383561644,359.6604037407,14,0.0191780822,0.0191780822,15.7757233293,37.9523028250,39.0360935501,84.8375250331,-26.3838655435,-27.5502526912,2.9535000000
loo,JPM,2026-09-04,1530,essvi_gfree,ok,,1,15,2026-09-18,0.0383561644,359.6604037407,14,0.0191780822,0.0191780822,16.8538821240,43.5143768773,35.4358717203,107.6841007871,-23.5866922842,-8.8751922073,2.8317000000
loo,JPM,2026-09-04,1530,essvi_sg05,ok,,1,15,2026-09-18,0.0383561644,359.6604037407,14,0.0191780822,0.0191780822,23.1169511794,39.7405206927,34.3913664259,73.6797723232,4.5232353363,0.6456493376,0.4959000000
loo,JPM,2026-09-04,1530,svi,ok,,2,15,2026-09-25,0.0575342466,359.9267111135,10,0.0191780822,0.0191780822,5.4238402001,9.7660535002,53.0854837984,121.2399783752,-32.1433289000,-6.9235270952,189.3441000000
loo,JPM,2026-09-04,1530,ssvi,ok,,2,15,2026-09-25,0.0575342466,359.9267111135,10,0.0191780822,0.0191780822,25.4852458431,44.4346238304,25.3424784762,37.0820596992,-3.0518099636,-7.5799941587,0.8928000000
loo,JPM,2026-09-04,1530,essvi,ok,,2,15,2026-09-25,0.0575342466,359.9267111135,10,0.0191780822,0.0191780822,19.6910938973,33.3812691666,56.8286576885,124.2011527068,-32.4506918586,-7.5963724678,0.7236000000
loo,JPM,2026-09-04,1530,essvi_g05,ok,,2,15,2026-09-25,0.0575342466,359.9267111135,10,0.0191780822,0.0191780822,16.0958105281,27.0278928688,44.8173180295,86.9327395491,-30.7368616795,-34.7850098088,2.8104000000
loo,JPM,2026-09-04,1530,essvi_gfree,ok,,2,15,2026-09-25,0.0575342466,359.9267111135,10,0.0191780822,0.0191780822,20.4742828953,34.8849703125,59.8010766147,134.6235738921,-38.6595457907,-22.6212517560,2.8845000000
loo,JPM,2026-09-04,1530,essvi_sg05,ok,,2,15,2026-09-25,0.0575342466,359.9267111135,10,0.0191780822,0.0191780822,26.5587063020,65.8857931868,130.0469933112,245.6878797909,-23.4872157447,-7.1682909149,0.5336000000
loo,JPM,2026-09-04,1530,svi,ok,,3,15,2026-10-02,0.0767123288,360.2831134376,9,0.0191780822,0.0191780822,19.9678315351,38.9522104781,87.8647438633,251.7547602028,51.7984960473,16.7560608232,189.4560000000
loo,JPM,2026-09-04,1530,ssvi,ok,,3,15,2026-10-02,0.0767123288,360.2831134376,9,0.0191780822,0.0191780822,94.6125578381,270.1430474873,106.0628125629,290.4764025981,67.6285885498,20.7139862600,0.8940000000
loo,JPM,2026-09-04,1530,essvi,ok,,3,15,2026-10-02,0.0767123288,360.2831134376,9,0.0191780822,0.0191780822,19.9105851514,37.7045532963,81.9593492045,224.7790185895,54.1161289099,21.0366251762,0.5563000000
loo,JPM,2026-09-04,1530,essvi_g05,ok,,3,15,2026-10-02,0.0767123288,360.2831134376,9,0.0191780822,0.0191780822,63.4694635027,141.7062580211,95.2110036074,276.3684202702,47.2788139882,-6.8795755415,2.8550000000
loo,JPM,2026-09-04,1530,essvi_gfree,ok,,3,15,2026-10-02,0.0767123288,360.2831134376,9,0.0191780822,0.0191780822,52.5394305649,115.8528653991,90.5181463049,260.6209385745,49.1098196138,2.1104091370,2.9223000000
loo,JPM,2026-09-04,1530,essvi_sg05,ok,,3,15,2026-10-02,0.0767123288,360.2831134376,9,0.0191780822,0.0191780822,109.7138367712,219.4402671764,110.9606529761,299.4400977442,75.7348239031,21.7669878568,0.4437000000
loo,JPM,2026-09-04,1530,svi,ok,,4,15,2026-10-09,0.0958904110,359.2352623615,10,0.0191780822,0.0191780822,7.5351067322,11.0332226161,173.2124704465,203.5464839448,172.0803351513,173.9895456267,182.1668000000
loo,JPM,2026-09-04,1530,ssvi,ok,,4,15,2026-10-09,0.0958904110,359.2352623615,10,0.0191780822,0.0191780822,31.6165202849,57.8303382524,201.3452562619,239.6652237122,199.7825146602,178.5348592765,0.9121000000
loo,JPM,2026-09-04,1530,essvi,ok,,4,15,2026-10-09,0.0958904110,359.2352623615,10,0.0191780822,0.0191780822,8.6046930436,16.4063420926,191.2217983034,244.1652474633,186.3273580837,177.9568240481,0.7803000000
loo,JPM,2026-09-04,1530,essvi_g05,ok,,4,15,2026-10-09,0.0958904110,359.2352623615,10,0.0191780822,0.0191780822,27.9330537736,54.1308463226,171.8669713942,251.8297539038,167.7855307494,146.4052881763,2.7566000000
loo,JPM,2026-09-04,1530,essvi_gfree,ok,,4,15,2026-10-09,0.0958904110,359.2352623615,10,0.0191780822,0.0191780822,20.2353576117,37.7048878639,174.2059705142,241.0746370204,171.3095998823,156.5059376952,2.8713000000
loo,JPM,2026-09-04,1530,essvi_sg05,ok,,4,15,2026-10-09,0.0958904110,359.2352623615,10,0.0191780822,0.0191780822,80.3500118523,184.7585031973,220.7726431586,382.7243070009,202.4738710324,180.9153342872,0.5192000000
loo,JPM,2026-09-04,1530,svi,ok,,5,15,2026-10-16,0.1150684932,359.0846214555,19,0.0191780822,0.0191780822,9.8782350037,25.5077404359,173.2586970847,250.9696499999,-171.2955063492,-181.0907067629,190.4846000000
loo,JPM,2026-09-04,1530,ssvi,ok,,5,15,2026-10-16,0.1150684932,359.0846214555,19,0.0191780822,0.0191780822,31.4470794791,57.7815268675,150.9731089484,181.0396523225,-149.2437546432,-172.7195975724,0.9023000000
loo,JPM,2026-09-04,1530,essvi,ok,,5,15,2026-10-16,0.1150684932,359.0846214555,19,0.0191780822,0.0191780822,19.0741349050,48.7929564158,190.3408405685,277.8534876744,-187.2820885989,-172.4985900452,0.7202000000
loo,JPM,2026-09-04,1530,essvi_g05,ok,,5,15,2026-10-16,0.1150684932,359.0846214555,19,0.0191780822,0.0191780822,20.7324168416,35.1166450033,159.4850512906,198.0851368558,-156.4278556189,-191.4278959380,2.7739000000
loo,JPM,2026-09-04,1530,essvi_gfree,ok,,5,15,2026-10-16,0.1150684932,359.0846214555,19,0.0191780822,0.0191780822,16.0634174826,34.8687247447,166.3867402104,220.0224034324,-164.8207937329,-186.1613362063,2.8268000000
loo,JPM,2026-09-04,1530,essvi_sg05,ok,,5,15,2026-10-16,0.1150684932,359.0846214555,19,0.0191780822,0.0191780822,66.3530250650,166.7840131664,245.7008544428,395.7043452326,-103.1865960720,-161.8839427651,0.5808000000
loo,JPM,2026-09-04,1530,svi,ok,,6,15,2026-10-23,0.1342465753,359.0871048270,13,0.0191780822,0.0767123288,14.9014073961,32.7141358581,65.2073962602,161.3498496027,55.5785400875,44.5366574767,188.1201000000
loo,JPM,2026-09-04,1530,ssvi,ok,,6,15,2026-10-23,0.1342465753,359.0871048270,13,0.0191780822,0.0767123288,34.5374771879,111.0481004865,82.1650706067,171.3624688087,76.6203536932,50.3685683959,0.9149000000
loo,JPM,2026-09-04,1530,essvi,ok,,6,15,2026-10-23,0.1342465753,359.0871048270,13,0.0191780822,0.0767123288,18.1935881148,37.1216822594,69.3938879430,134.8303754869,65.8057530960,50.7485455215,0.7385000000
loo,JPM,2026-09-04,1530,essvi_g05,ok,,6,15,2026-10-23,0.1342465753,359.0871048270,13,0.0191780822,0.0767123288,26.9083760040,77.4024205976,59.2913753875,150.4705150240,50.9924936608,25.1237474809,2.8020000000
loo,JPM,2026-09-04,1530,essvi_gfree,ok,,6,15,2026-10-23,0.1342465753,359.0871048270,13,0.0191780822,0.0767123288,23.4560684105,67.3080916524,60.4296663395,138.2548982278,54.7671510202,34.5956068486,2.9277000000
loo,JPM,2026-09-04,1530,essvi_sg05,ok,,6,15,2026-10-23,0.1342465753,359.0871048270,13,0.0191780822,0.0767123288,54.2312486821,94.7662216220,81.4556663195,174.6839462377,74.3269077205,51.7250279005,0.5082000000
loo,JPM,2026-09-04,1530,svi,ok,,7,15,2026-11-20,0.2109589041,360.6004822999,20,0.0767123288,0.0767123288,9.5692460938,16.1533460422,42.0424342169,119.7479062877,-21.2730422924,-16.0867100257,188.0872000000
loo,JPM,2026-09-04,1530,ssvi,ok,,7,15,2026-11-20,0.2109589041,360.6004822999,20,0.0767123288,0.0767123288,23.6919721377,64.7376764897,26.6168840981,78.7839350104,-11.7221605278,-13.3417270849,0.8564000000
loo,JPM,2026-09-04,1530,essvi,ok,,7,15,2026-11-20,0.2109589041,360.6004822999,20,0.0767123288,0.0767123288,21.6769070378,45.9903183039,35.1785050745,100.2423712827,-19.5989820188,-13.2533866444,0.7405000000
loo,JPM,2026-09-04,1530,essvi_g05,ok,,7,15,2026-11-20,0.2109589041,360.6004822999,20,0.0767123288,0.0767123288,20.3468555557,50.1550787612,36.8372633866,106.2549246675,-20.6214561537,-20.8968752066,2.6993000000
loo,JPM,2026-09-04,1530,essvi_gfree,ok,,7,15,2026-11-20,0.2109589041,360.6004822999,20,0.0767123288,0.0767123288,22.2180836417,57.3481915220,37.0537587053,110.9580207329,-20.9091231243,-17.5283742690,3.0785000000
loo,JPM,2026-09-04,1530,essvi_sg05,ok,,7,15,2026-11-20,0.2109589041,360.6004822999,20,0.0767123288,0.0767123288,30.1983739441,68.9674587970,55.6363406997,119.1595053941,-12.3022576600,-14.3294029949,0.4990000000
loo,JPM,2026-09-04,1530,svi,ok,,8,15,2026-12-18,0.2876712329,361.7541860152,25,0.0767123288,0.0767123288,9.6685083037,17.2005393323,58.8578994018,106.7440427008,56.9952614224,61.9928046218,195.3947000000
loo,JPM,2026-09-04,1530,ssvi,ok,,8,15,2026-12-18,0.2876712329,361.7541860152,25,0.0767123288,0.0767123288,20.3765797841,40.4442659398,60.7970880675,92.8067624521,57.3664530246,67.3672858598,0.8826000000
loo,JPM,2026-09-04,1530,essvi,ok,,8,15,2026-12-18,0.2876712329,361.7541860152,25,0.0767123288,0.0767123288,19.8958616097,41.6017657271,72.0617456105,105.4448259729,68.7181902892,67.4722251858,0.7580000000
loo,JPM,2026-09-04,1530,essvi_g05,ok,,8,15,2026-12-18,0.2876712329,361.7541860152,25,0.0767123288,0.0767123288,19.7883533358,35.7465609125,68.8393673178,103.8635498801,65.4332609054,70.8566016011,2.7292000000
loo,JPM,2026-09-04,1530,essvi_gfree,ok,,8,15,2026-12-18,0.2876712329,361.7541860152,25,0.0767123288,0.0767123288,19.7420592256,41.4035272408,68.9648696825,105.5599064034,65.2441554045,73.1711406011,2.8436000000
loo,JPM,2026-09-04,1530,essvi_sg05,ok,,8,15,2026-12-18,0.2876712329,361.7541860152,25,0.0767123288,0.0767123288,27.8013616051,90.8642740091,76.0903110289,131.3602711599,72.7255969879,67.1374034914,0.5818000000
loo,JPM,2026-09-04,1530,svi,ok,,9,15,2027-01-15,0.3643835616,362.0237637130,20,0.0767123288,0.1726027397,10.1844821027,23.0813718133,44.6510423668,84.4891590251,-39.7681217744,-31.7598778033,188.6614000000
loo,JPM,2026-09-04,1530,ssvi,ok,,9,15,2027-01-15,0.3643835616,362.0237637130,20,0.0767123288,0.1726027397,50.7449832450,175.2906830512,77.8085356706,240.2530231038,-51.1917157477,-22.3972250009,0.7731000000
loo,JPM,2026-09-04,1530,essvi,ok,,9,15,2027-01-15,0.3643835616,362.0237637130,20,0.0767123288,0.1726027397,32.9704636469,84.1021781131,71.7370520467,221.6375505669,-48.5863153272,-21.8235121212,0.8528000000
loo,JPM,2026-09-04,1530,essvi_g05,ok,,9,15,2027-01-15,0.3643835616,362.0237637130,20,0.0767123288,0.1726027397,39.8964465705,119.9954774008,73.0321485864,218.5302691665,-53.1028519653,-30.1434226946,2.7673000000
loo,JPM,2026-09-04,1530,essvi_gfree,ok,,9,15,2027-01-15,0.3643835616,362.0237637130,20,0.0767123288,0.1726027397,40.0172749218,120.1250444418,73.5082347333,218.9913795252,-53.7442879034,-30.0357619291,2.9148000000
loo,JPM,2026-09-04,1530,essvi_sg05,ok,,9,15,2027-01-15,0.3643835616,362.0237637130,20,0.0767123288,0.1726027397,35.3545280425,98.7731236901,54.4118344578,177.6009193505,-29.4937424222,-22.2711145088,0.5043000000
loo,JPM,2026-09-04,1530,svi,ok,,10,15,2027-03-19,0.5369863014,364.8809073630,36,0.1726027397,0.2465753425,16.1641832520,45.0860044811,47.0819375906,88.5992359530,18.8984580279,2.3481345492,182.7529000000
loo,JPM,2026-09-04,1530,ssvi,ok,,10,15,2027-03-19,0.5369863014,364.8809073630,36,0.1726027397,0.2465753425,37.2646344700,71.1416111378,47.8764811884,89.8390641980,33.3545826795,13.9753282778,0.8396000000
loo,JPM,2026-09-04,1530,essvi,ok,,10,15,2027-03-19,0.5369863014,364.8809073630,36,0.1726027397,0.2465753425,23.8856311864,58.1759551006,46.1736544317,83.8359709428,29.5558692895,13.9919783496,0.7226000000
loo,JPM,2026-09-04,1530,essvi_g05,ok,,10,15,2027-03-19,0.5369863014,364.8809073630,36,0.1726027397,0.2465753425,18.9342468452,52.3382712838,37.5994073934,70.2672708440,21.0137743073,7.1555189741,2.5716000000
loo,JPM,2026-09-04,1530,essvi_gfree,ok,,10,15,2027-03-19,0.5369863014,364.8809073630,36,0.1726027397,0.2465753425,18.5157183598,45.0504039916,35.1920924000,65.7393700981,18.9450698913,0.7832202091,2.6614000000
loo,JPM,2026-09-04,1530,essvi_sg05,ok,,10,15,2027-03-19,0.5369863014,364.8809073630,36,0.1726027397,0.2465753425,29.5538539361,66.6796546892,48.0394725971,90.4988298938,34.0226509470,13.9672711593,0.4740000000
loo,JPM,2026-09-04,1530,svi,ok,,11,15,2027-06-17,0.7835616438,367.3813889363,31,0.2465753425,0.2520547945,15.3461525258,49.0951182332,17.5391203569,42.0311487261,-3.6420819256,-29.4325589432,184.3382000000
loo,JPM,2026-09-04,1530,ssvi,ok,,11,15,2027-06-17,0.7835616438,367.3813889363,31,0.2465753425,0.2520547945,36.9839952658,74.1454969157,24.1584855128,51.3886488723,4.8712702389,-32.6714529674,0.8547000000
loo,JPM,2026-09-04,1530,essvi,ok,,11,15,2027-06-17,0.7835616438,367.3813889363,31,0.2465753425,0.2520547945,23.0258120458,60.6422444578,27.0715461713,62.6617046349,-6.2174039555,-33.0267655771,0.7468000000
loo,JPM,2026-09-04,1530,essvi_g05,ok,,11,15,2027-06-17,0.7835616438,367.3813889363,31,0.2465753425,0.2520547945,19.0936816515,52.5863106015,24.8819391532,62.3197451132,-7.6947290668,-28.6707510315,2.9779000000
loo,JPM,2026-09-04,1530,essvi_gfree,ok,,11,15,2027-06-17,0.7835616438,367.3813889363,31,0.2465753425,0.2520547945,19.8853712049,52.7646259224,25.5141712121,55.7644066938,-6.0031955282,-39.0679289628,2.9606000000
loo,JPM,2026-09-04,1530,essvi_sg05,ok,,11,15,2027-06-17,0.7835616438,367.3813889363,31,0.2465753425,0.2520547945,30.5931231404,84.5614214494,24.1691825944,49.7050319686,-2.2033959253,-32.8627264361,0.5004000000
loo,JPM,2026-09-04,1530,svi,ok,,12,15,2027-09-17,1.0356164384,370.0563446949,33,0.2520547945,0.2493150685,12.0642007550,44.1668811769,17.1953024396,58.8443402757,10.2087553730,24.0241474578,191.6555000000
loo,JPM,2026-09-04,1530,ssvi,ok,,12,15,2027-09-17,1.0356164384,370.0563446949,33,0.2520547945,0.2493150685,20.3960488152,36.4595148100,22.2444239868,47.7414888572,9.3489299934,12.2277201988,0.8409000000
loo,JPM,2026-09-04,1530,essvi,ok,,12,15,2027-09-17,1.0356164384,370.0563446949,33,0.2520547945,0.2493150685,20.3320355212,38.2791686166,21.1680510397,45.0200095461,7.1740550525,12.2283269469,0.8678000000
loo,JPM,2026-09-04,1530,essvi_g05,ok,,12,15,2027-09-17,1.0356164384,370.0563446949,33,0.2520547945,0.2493150685,20.4370214386,46.7036780590,23.6725075600,50.5077489463,10.8183147336,29.0790755384,2.3049000000
loo,JPM,2026-09-04,1530,essvi_gfree,ok,,12,15,2027-09-17,1.0356164384,370.0563446949,33,0.2520547945,0.2493150685,19.9710418368,41.8938289686,22.6649630065,55.1522125409,10.7807877300,16.0287061681,2.4288000000
loo,JPM,2026-09-04,1530,essvi_sg05,ok,,12,15,2027-09-17,1.0356164384,370.0563446949,33,0.2520547945,0.2493150685,21.8981345985,45.9743555980,20.8277790437,51.3722503814,-1.4021640884,12.2461235343,0.5164000000
loo,JPM,2026-09-04,1530,svi,ok,,13,15,2027-12-17,1.2849315068,372.2885315316,29,0.2493150685,0.0958904110,14.1666552067,38.8863674863,16.0906654721,49.1924489708,6.5990207445,38.0235451022,182.3413000000
loo,JPM,2026-09-04,1530,ssvi,ok,,13,15,2027-12-17,1.2849315068,372.2885315316,29,0.2493150685,0.0958904110,29.9216956084,58.3044288842,19.1274766092,42.9202567177,0.7179913626,31.4566868084,1.2844000000
loo,JPM,2026-09-04,1530,essvi,ok,,13,15,2027-12-17,1.2849315068,372.2885315316,29,0.2493150685,0.0958904110,26.1328682170,57.7470090982,19.4241437552,46.5307918114,2.4129173296,31.4397744201,1.2580000000
loo,JPM,2026-09-04,1530,essvi_g05,ok,,13,15,2027-12-17,1.2849315068,372.2885315316,29,0.2493150685,0.0958904110,20.3220584410,40.6755424621,21.8458740219,46.1509514134,5.2062558385,46.1509514134,3.1227000000
loo,JPM,2026-09-04,1530,essvi_gfree,ok,,13,15,2027-12-17,1.2849315068,372.2885315316,29,0.2493150685,0.0958904110,19.1062647341,40.5207217492,20.0686118481,50.1464052349,4.9650982223,31.8243411557,2.4134000000
loo,JPM,2026-09-04,1530,essvi_sg05,ok,,13,15,2027-12-17,1.2849315068,372.2885315316,29,0.2493150685,0.0958904110,36.9359375013,65.2433303025,22.4810836277,55.8784772368,-8.4370121208,31.3898301433,0.4834000000
loo,JPM,2026-09-08,1530,svi,ok,,1,15,2026-09-18,0.0273972603,355.9132106331,15,0.0191780822,0.0191780822,15.7554238236,34.5925278277,54.7231140376,103.4063024040,-49.7487843107,-39.3487312120,204.6948000000
loo,JPM,2026-09-08,1530,ssvi,ok,,1,15,2026-09-18,0.0273972603,355.9132106331,15,0.0191780822,0.0191780822,58.4652428546,126.2068136631,71.8503466201,115.8046545340,-42.1890536136,-32.8653401363,0.7621000000
loo,JPM,2026-09-08,1530,essvi,ok,,1,15,2026-09-18,0.0273972603,355.9132106331,15,0.0191780822,0.0191780822,16.2567559197,34.6244391252,56.1222592530,109.2766616415,-50.3269335216,-40.4015121312,1.3123000000
loo,JPM,2026-09-08,1530,essvi_g05,ok,,1,15,2026-09-18,0.0273972603,355.9132106331,15,0.0191780822,0.0191780822,28.4529239941,59.8125597912,53.0823690037,86.1336486548,-42.2439078054,-58.8226062218,61.5673000000
loo,JPM,2026-09-08,1530,essvi_gfree,ok,,1,15,2026-09-18,0.0273972603,355.9132106331,15,0.0191780822,0.0191780822,16.2550105352,35.9204719062,54.9838873560,104.5191887830,-48.4569956779,-44.3793350278,2.8822000000
loo,JPM,2026-09-08,1530,essvi_sg05,ok,,1,15,2026-09-18,0.0273972603,355.9132106331,15,0.0191780822,0.0191780822,41.0104772007,99.3159196666,37.7293437283,68.3291813834,-20.0927711546,-39.2219687375,0.7022000000
loo,JPM,2026-09-08,1530,svi,ok,,2,15,2026-09-25,0.0465753425,356.2904632141,7,0.0191780822,0.0191780822,3.3349631633,6.0444682332,10.5388275208,16.2080706614,-1.8088473021,9.6150881390,200.7252000000
loo,JPM,2026-09-08,1530,ssvi,ok,,2,15,2026-09-25,0.0465753425,356.2904632141,7,0.0191780822,0.0191780822,40.7120412924,59.3729972318,43.3640431384,68.6981628194,16.2926232835,17.8778917431,0.7876000000
loo,JPM,2026-09-08,1530,essvi,ok,,2,15,2026-09-25,0.0465753425,356.2904632141,7,0.0191780822,0.0191780822,7.2040859290,10.8886237729,11.2829247120,19.4588792420,-0.9801516032,12.5359760203,1.2949000000
loo,JPM,2026-09-08,1530,essvi_g05,ok,,2,15,2026-09-25,0.0465753425,356.2904632141,7,0.0191780822,0.0191780822,10.8223578046,19.6687153353,14.7151992318,25.4871231224,-9.7188031139,-14.5595365743,11.8426000000
loo,JPM,2026-09-08,1530,essvi_gfree,ok,,2,15,2026-09-25,0.0465753425,356.2904632141,7,0.0191780822,0.0191780822,7.2114627774,10.7443982518,9.3951066775,18.0287668064,-5.7304839539,-1.0126687073,2.7694000000
loo,JPM,2026-09-08,1530,essvi_sg05,ok,,2,15,2026-09-25,0.0465753425,356.2904632141,7,0.0191780822,0.0191780822,17.2847053627,35.7277415609,24.0584214250,35.8804250283,20.3404799496,13.3624753336,0.6136000000
loo,JPM,2026-09-08,1530,svi,ok,,3,15,2026-10-02,0.0657534247,356.6622621805,9,0.0191780822,0.0191780822,6.2643422269,14.9559974243,15.5599555213,23.3073969604,9.9593553381,-12.7762469692,210.4354000000
loo,JPM,2026-09-08,1530,ssvi,ok,,3,15,2026-10-02,0.0657534247,356.6622621805,9,0.0191780822,0.0191780822,46.5397247814,98.5801955378,57.5844112068,113.4699465058,45.4614309481,14.0069828139,0.7721000000
loo,JPM,2026-09-08,1530,essvi,ok,,3,15,2026-10-02,0.0657534247,356.6622621805,9,0.0191780822,0.0191780822,7.9248068477,17.1065384120,34.9901366986,49.2575491961,19.3894213773,13.2861276439,1.2682000000
loo,JPM,2026-09-08,1530,essvi_g05,ok,,3,15,2026-10-02,0.0657534247,356.6622621805,9,0.0191780822,0.0191780822,20.6562111804,37.9147648655,25.9630824802,59.7381946595,7.4171816659,-31.5978542712,17.9373000000
loo,JPM,2026-09-08,1530,essvi_gfree,ok,,3,15,2026-10-02,0.0657534247,356.6622621805,9,0.0191780822,0.0191780822,12.6864307673,27.9306592674,17.6904016552,39.7205883671,6.3177520815,-22.4941848111,2.8395000000
loo,JPM,2026-09-08,1530,essvi_sg05,ok,,3,15,2026-10-02,0.0657534247,356.6622621805,9,0.0191780822,0.0191780822,40.3277016485,69.6255313368,150.9827799703,320.9279739479,61.9534567842,0.3751365047,0.6325000000
loo,JPM,2026-09-08,1530,svi,ok,,4,15,2026-10-09,0.0849315068,355.6632698258,10,0.0191780822,0.0191780822,18.1590899658,44.9324791733,209.7063452716,229.0343689122,208.7359397536,157.4265106070,197.4756000000
loo,JPM,2026-09-08,1530,ssvi,ok,,4,15,2026-10-09,0.0849315068,355.6632698258,10,0.0191780822,0.0191780822,88.6967884074,137.5311689590,258.0481073009,319.0588031211,252.9548464334,172.8210421300,0.7703000000
loo,JPM,2026-09-08,1530,essvi,ok,,4,15,2026-10-09,0.0849315068,355.6632698258,10,0.0191780822,0.0191780822,33.1114676991,55.2928321760,228.1130647983,253.9427886313,226.6928892286,171.1176252771,1.1341000000
loo,JPM,2026-09-08,1530,essvi_g05,ok,,4,15,2026-10-09,0.0849315068,355.6632698258,10,0.0191780822,0.0191780822,29.7750356833,68.2890183461,211.1473867153,245.6185215623,208.7134523845,137.2415195474,11.7507000000
loo,JPM,2026-09-08,1530,essvi_gfree,ok,,4,15,2026-10-09,0.0849315068,355.6632698258,10,0.0191780822,0.0191780822,24.1372544243,59.6968306216,216.8093154155,241.9502171085,215.2275826767,152.5541453146,2.9618000000
loo,JPM,2026-09-08,1530,essvi_sg05,ok,,4,15,2026-10-09,0.0849315068,355.6632698258,10,0.0191780822,0.0191780822,121.0753303752,302.4801511802,248.0894866993,286.7813694558,245.6643074065,170.6547704767,0.5562000000
loo,JPM,2026-09-08,1530,svi,ok,,5,15,2026-10-16,0.1041095890,355.4558244702,21,0.0191780822,0.0191780822,19.2928136137,37.5771244352,144.0760273762,192.7609820300,-141.9079939367,-152.7894948014,214.3361000000
loo,JPM,2026-09-08,1530,ssvi,ok,,5,15,2026-10-16,0.1041095890,355.4558244702,21,0.0191780822,0.0191780822,51.9415519503,128.4985888605,128.1231127610,167.6193379137,-120.4167019447,-150.3821832339,0.7587000000
loo,JPM,2026-09-08,1530,essvi,ok,,5,15,2026-10-16,0.1041095890,355.4558244702,21,0.0191780822,0.0191780822,29.7759106302,79.3992827591,275.4016820593,557.3041511630,-244.0957448062,-150.6989393791,0.7663000000
loo,JPM,2026-09-08,1530,essvi_g05,ok,,5,15,2026-10-16,0.1041095890,355.4558244702,21,0.0191780822,0.0191780822,28.5437272795,65.6107453172,138.2286723948,268.2500994763,-116.2984582927,-159.0952712446,2.6889000000
loo,JPM,2026-09-08,1530,essvi_gfree,ok,,5,15,2026-10-16,0.1041095890,355.4558244702,21,0.0191780822,0.0191780822,26.5705942707,78.9318501765,149.1553166569,308.1828288211,-138.2517805195,-154.1158488685,3.1529000000
loo,JPM,2026-09-08,1530,essvi_sg05,ok,,5,15,2026-10-16,0.1041095890,355.4558244702,21,0.0191780822,0.0191780822,127.8192177879,285.0892478160,200.6404423649,348.4256582321,-76.6008059744,-156.3118481349,0.5488000000
loo,JPM,2026-09-08,1530,svi,ok,,6,15,2026-10-23,0.1232876712,355.7988624536,12,0.0191780822,0.0767123288,31.2390082681,82.4889618113,76.5505259176,188.4471375888,25.1576903534,25.2490130374,202.4773000000
loo,JPM,2026-09-08,1530,ssvi,ok,,6,15,2026-10-23,0.1232876712,355.7988624536,12,0.0191780822,0.0767123288,85.3585250184,220.9681684250,107.6355508991,262.5262425046,70.3500345437,41.0742509672,0.7821000000
loo,JPM,2026-09-08,1530,essvi,ok,,6,15,2026-10-23,0.1232876712,355.7988624536,12,0.0191780822,0.0767123288,40.8578312741,90.5673423215,63.9158491287,175.7408459296,35.6940473784,40.1642730962,0.7282000000
loo,JPM,2026-09-08,1530,essvi_g05,ok,,6,15,2026-10-23,0.1232876712,355.7988624536,12,0.0191780822,0.0767123288,49.1354692852,107.3585699031,72.0730710858,191.9159671040,22.9647477119,10.6226339404,2.7615000000
loo,JPM,2026-09-08,1530,essvi_gfree,ok,,6,15,2026-10-23,0.1232876712,355.7988624536,12,0.0191780822,0.0767123288,45.2335699656,101.0906434110,63.2740237423,175.2409567014,25.5399906366,24.4371494892,2.8879000000
loo,JPM,2026-09-08,1530,essvi_sg05,ok,,6,15,2026-10-23,0.1232876712,355.7988624536,12,0.0191780822,0.0767123288,76.3516103516,122.4288030980,107.8052221980,262.2091925391,63.5802364379,39.2335347176,0.5400000000
loo,JPM,2026-09-08,1530,svi,ok,,7,15,2026-11-20,0.2000000000,356.9081849040,25,0.0767123288,0.0767123288,11.1379897666,21.0896893797,42.6632579818,89.4098107622,-12.6988476398,-21.6555491577,204.9342000000
loo,JPM,2026-09-08,1530,ssvi,ok,,7,15,2026-11-20,0.2000000000,356.9081849040,25,0.0767123288,0.0767123288,20.9243087059,41.4922568967,21.5153973607,38.1479886877,-17.3512859118,-38.1479886877,0.7574000000
loo,JPM,2026-09-08,1530,essvi,ok,,7,15,2026-11-20,0.2000000000,356.9081849040,25,0.0767123288,0.0767123288,14.5283215075,26.3636811391,32.2152030229,57.8919005640,-29.2325534515,-38.1876253210,1.3274000000
loo,JPM,2026-09-08,1530,essvi_g05,ok,,7,15,2026-11-20,0.2000000000,356.9081849040,25,0.0767123288,0.0767123288,12.0376390185,22.2047749127,51.2968794715,92.2751587690,-0.9914679825,-15.1471085402,6.2769000000
loo,JPM,2026-09-08,1530,essvi_gfree,ok,,7,15,2026-11-20,0.2000000000,356.9081849040,25,0.0767123288,0.0767123288,12.2328696747,24.9613033195,44.5726910514,93.3697805531,-4.7947620643,-13.6654549887,2.7989000000
loo,JPM,2026-09-08,1530,essvi_sg05,ok,,7,15,2026-11-20,0.2000000000,356.9081849040,25,0.0767123288,0.0767123288,81.3810715766,179.6694085054,92.6751878994,202.8163124914,11.7584190673,-43.5368191595,0.5839000000
loo,JPM,2026-09-08,1530,svi,ok,,8,15,2026-12-18,0.2767123288,357.8548692728,31,0.0767123288,0.0767123288,11.7609578249,41.9297310636,56.7062144941,107.6699090590,53.4787686236,61.8093995316,207.9907000000
loo,JPM,2026-09-08,1530,ssvi,ok,,8,15,2026-12-18,0.2767123288,357.8548692728,31,0.0767123288,0.0767123288,32.3275759618,85.9901264130,60.3874119494,105.1189648204,54.2608100579,56.6687678650,0.7262000000
loo,JPM,2026-09-08,1530,essvi,ok,,8,15,2026-12-18,0.2767123288,357.8548692728,31,0.0767123288,0.0767123288,23.9862712327,47.5847746087,65.4793074509,106.0460118776,59.4684865188,56.0660336551,1.2885000000
loo,JPM,2026-09-08,1530,essvi_g05,ok,,8,15,2026-12-18,0.2767123288,357.8548692728,31,0.0767123288,0.0767123288,27.6019049071,78.5925894721,66.8350907611,115.5836808047,58.8347564331,65.6126422626,2.5966000000
loo,JPM,2026-09-08,1530,essvi_gfree,ok,,8,15,2026-12-18,0.2767123288,357.8548692728,31,0.0767123288,0.0767123288,28.1125608031,80.2512030972,66.4008280859,115.8266497495,58.0930695769,65.8470095107,3.0064000000
loo,JPM,2026-09-08,1530,essvi_sg05,ok,,8,15,2026-12-18,0.2767123288,357.8548692728,31,0.0767123288,0.0767123288,31.8719401523,81.8615987196,87.6152381312,141.6140586801,83.4571681499,57.6918622623,0.6075000000
loo,JPM,2026-09-08,1530,svi,ok,,9,15,2027-01-15,0.3534246575,358.2545546201,19,0.0767123288,0.1726027397,9.7498260684,18.7807759132,41.7338889548,101.1867030691,-35.2291660328,-13.2688092343,199.9392000000
loo,JPM,2026-09-08,1530,ssvi,ok,,9,15,2027-01-15,0.3534246575,358.2545546201,19,0.0767123288,0.1726027397,46.6681990626,149.5572626320,75.2358167582,209.5288106871,-54.2489604979,-17.5384232130,0.7665000000
loo,JPM,2026-09-08,1530,essvi,ok,,9,15,2027-01-15,0.3534246575,358.2545546201,19,0.0767123288,0.1726027397,30.8495500203,75.9116437064,68.8856737226,194.0249899501,-48.0313361918,-17.4700774222,1.4109000000
loo,JPM,2026-09-08,1530,essvi_g05,ok,,9,15,2027-01-15,0.3534246575,358.2545546201,19,0.0767123288,0.1726027397,39.1560971287,109.9838838960,75.2909236004,215.8296969238,-51.0629889982,-7.9537214166,2.7377000000
loo,JPM,2026-09-08,1530,essvi_gfree,ok,,9,15,2027-01-15,0.3534246575,358.2545546201,19,0.0767123288,0.1726027397,37.1692631686,104.6716745352,71.0809963904,204.0271204308,-49.1599530330,-11.0946448588,2.8514000000
loo,JPM,2026-09-08,1530,essvi_sg05,ok,,9,15,2027-01-15,0.3534246575,358.2545546201,19,0.0767123288,0.1726027397,30.9725905038,73.4243960425,55.7355879774,156.5113839783,-32.5284278022,-17.2615711170,0.6493000000
loo,JPM,2026-09-08,1530,svi,ok,,10,15,2027-03-19,0.5260273973,360.8454773061,35,0.1726027397,0.2465753425,10.9194999684,36.4926016033,14.1185367062,40.3453490128,2.4899348836,-7.1780272818,198.2821000000
loo,JPM,2026-09-08,1530,ssvi,ok,,10,15,2027-03-19,0.5260273973,360.8454773061,35,0.1726027397,0.2465753425,25.4848504274,63.2368799237,20.4396613825,55.8079203427,13.3707212440,-12.6307086035,0.8506000000
loo,JPM,2026-09-08,1530,essvi,ok,,10,15,2027-03-19,0.5260273973,360.8454773061,35,0.1726027397,0.2465753425,14.3087204914,44.5867975297,15.8526939814,39.1376128936,6.2207333931,-12.7091554638,1.3065000000
loo,JPM,2026-09-08,1530,essvi_g05,ok,,10,15,2027-03-19,0.5260273973,360.8454773061,35,0.1726027397,0.2465753425,11.7513547368,40.8789672237,12.9136688220,47.1425472456,4.5173768459,-8.4354276455,8.3849000000
loo,JPM,2026-09-08,1530,essvi_gfree,ok,,10,15,2027-03-19,0.5260273973,360.8454773061,35,0.1726027397,0.2465753425,14.0468854282,43.3563567693,13.9379135641,48.7348987936,3.1703475403,-18.4286263112,2.6519000000
loo,JPM,2026-09-08,1530,essvi_sg05,ok,,10,15,2027-03-19,0.5260273973,360.8454773061,35,0.1726027397,0.2465753425,21.8518535847,61.3260324536,22.2798466058,59.0284917795,13.2714551676,-12.7093544848,0.6617000000
loo,JPM,2026-09-08,1530,svi,ok,,11,15,2027-06-17,0.7726027397,363.5432750767,24,0.2465753425,0.2520547945,14.9704853047,38.3302028887,20.8734705832,35.9503927859,-8.4962260440,-25.5955984033,198.3116000000
loo,JPM,2026-09-08,1530,ssvi,ok,,11,15,2027-06-17,0.7726027397,363.5432750767,24,0.2465753425,0.2520547945,28.9680007462,69.0685183231,24.9833421728,49.4776545282,-3.8418328683,-28.7352900035,0.7379000000
loo,JPM,2026-09-08,1530,essvi,ok,,11,15,2027-06-17,0.7726027397,363.5432750767,24,0.2465753425,0.2520547945,15.7689922152,38.2159093527,24.1264682848,40.2769819002,-10.9129423709,-28.8995704564,1.3912000000
loo,JPM,2026-09-08,1530,essvi_g05,ok,,11,15,2027-06-17,0.7726027397,363.5432750767,24,0.2465753425,0.2520547945,16.1598639707,40.1850936189,19.4224040865,39.8946199379,-6.6635710841,-17.8785880936,12.6904000000
loo,JPM,2026-09-08,1530,essvi_gfree,ok,,11,15,2027-06-17,0.7726027397,363.5432750767,24,0.2465753425,0.2520547945,21.1663754869,48.4190717002,24.4959471278,40.4069104116,-9.1538881905,-33.6665193302,2.7574000000
loo,JPM,2026-09-08,1530,essvi_sg05,ok,,11,15,2027-06-17,0.7726027397,363.5432750767,24,0.2465753425,0.2520547945,20.4863776646,55.2011861866,23.4698139876,38.0677939447,-11.4895375168,-29.0165759012,0.6456000000
loo,JPM,2026-09-08,1530,svi,ok,,12,15,2027-09-17,1.0246575342,366.4675312330,33,0.2520547945,0.2493150685,14.8398837276,36.4409427572,16.7825582605,54.4644777395,2.8943082481,34.4974582183,196.1223000000
loo,JPM,2026-09-08,1530,ssvi,ok,,12,15,2027-09-17,1.0246575342,366.4675312330,33,0.2520547945,0.2493150685,18.0997202955,50.7168765755,21.0580748680,42.8641444510,14.5423473661,37.1744609722,0.7320000000
loo,JPM,2026-09-08,1530,essvi,ok,,12,15,2027-09-17,1.0246575342,366.4675312330,33,0.2520547945,0.2493150685,16.5995523436,38.7778724479,17.8210967734,55.5205438150,5.6155964188,37.4709914105,1.4260000000
loo,JPM,2026-09-08,1530,essvi_g05,ok,,12,15,2027-09-17,1.0246575342,366.4675312330,33,0.2520547945,0.2493150685,18.1239559956,62.5546332992,20.3034556956,68.6595658957,3.8541448333,42.8283927704,5.0641000000
loo,JPM,2026-09-08,1530,essvi_gfree,ok,,12,15,2027-09-17,1.0246575342,366.4675312330,33,0.2520547945,0.2493150685,15.5120497701,38.9521098559,16.9107108554,37.9550874566,5.9378815536,24.8190470429,2.4381000000
loo,JPM,2026-09-08,1530,essvi_sg05,ok,,12,15,2027-09-17,1.0246575342,366.4675312330,33,0.2520547945,0.2493150685,24.2803662485,68.5981299620,18.4557082780,64.3868642037,2.6556661065,37.5685510080,0.6273000000
loo,JPM,2026-09-08,1530,svi,ok,,13,15,2027-12-17,1.2739726027,369.0827415279,28,0.2493150685,0.0958904110,10.7589433547,26.8469582883,12.3177778272,24.1653212852,0.1231811708,-6.5707145417,198.3693000000
loo,JPM,2026-09-08,1530,ssvi,ok,,13,15,2027-12-17,1.2739726027,369.0827415279,28,0.2493150685,0.0958904110,12.5545159065,26.9372869716,12.7472042766,31.1673576316,-0.3658857761,-4.4708460380,0.7340000000
loo,JPM,2026-09-08,1530,essvi,ok,,13,15,2027-12-17,1.2739726027,369.0827415279,28,0.2493150685,0.0958904110,11.9195195848,29.6214038132,13.0034873191,30.7239242655,0.2218021925,-4.4605756719,1.3353000000
loo,JPM,2026-09-08,1530,essvi_g05,ok,,13,15,2027-12-17,1.2739726027,369.0827415279,28,0.2493150685,0.0958904110,18.3850646693,45.6068646890,21.1293430932,61.7741756850,-1.6849967888,9.8553646985,3.1787000000
loo,JPM,2026-09-08,1530,essvi_gfree,ok,,13,15,2027-12-17,1.2739726027,369.0827415279,28,0.2493150685,0.0958904110,11.2838841801,28.5880221978,12.7997778553,24.8015658876,-0.6012428761,-9.1335723092,2.7023000000
loo,JPM,2026-09-08,1530,essvi_sg05,ok,,13,15,2027-12-17,1.2739726027,369.0827415279,28,0.2493150685,0.0958904110,16.0207327516,42.6021525450,21.5300193329,63.6906643662,-11.6764327148,-4.4336708950,0.6234000000
loo,JPM,2026-09-09,1530,svi,ok,,1,15,2026-09-18,0.0246575342,355.4172551035,12,0.0191780822,0.0191780822,19.7507924789,36.5581185461,80.6022387997,175.9968295929,-64.3437608284,-73.5451256441,180.4894000000
loo,JPM,2026-09-09,1530,ssvi,ok,,1,15,2026-09-18,0.0246575342,355.4172551035,12,0.0191780822,0.0191780822,29.2008558208,47.4584462871,50.3452101185,89.9357544102,-44.6162290462,-59.1306204266,1.0368000000
loo,JPM,2026-09-09,1530,essvi,ok,,1,15,2026-09-18,0.0246575342,355.4172551035,12,0.0191780822,0.0191780822,24.1380362577,33.8301575404,63.5742673492,143.6880234657,-48.5100153146,-59.9020800689,0.6569000000
loo,JPM,2026-09-09,1530,essvi_g05,ok,,1,15,2026-09-18,0.0246575342,355.4172551035,12,0.0191780822,0.0191780822,27.9067240095,66.9763295530,75.2181899156,126.4756228065,-67.2152646566,-103.5630396662,4.4006000000
loo,JPM,2026-09-09,1530,essvi_gfree,ok,,1,15,2026-09-18,0.0246575342,355.4172551035,12,0.0191780822,0.0191780822,20.0122681836,39.7635950075,79.4919026247,172.2290031651,-58.9499778390,-75.8474865429,3.5318000000
loo,JPM,2026-09-09,1530,essvi_sg05,ok,,1,15,2026-09-18,0.0246575342,355.4172551035,12,0.0191780822,0.0191780822,66.0494970988,109.6744654506,36.9817779974,90.7978010175,-16.4272996404,-58.0870569734,0.5363000000
loo,JPM,2026-09-09,1530,svi,ok,,2,15,2026-09-25,0.0438356164,355.7430464226,9,0.0191780822,0.0191780822,7.8890812715,13.4784376486,20.2080360525,36.4651511695,-18.2483409728,-13.6372909550,181.9431000000
loo,JPM,2026-09-09,1530,ssvi,ok,,2,15,2026-09-25,0.0438356164,355.7430464226,9,0.0191780822,0.0191780822,10.0252545169,20.9913405522,9.9681167186,17.6761751033,-4.6050653600,-7.8837446591,1.0414000000
loo,JPM,2026-09-09,1530,essvi,ok,,2,15,2026-09-25,0.0438356164,355.7430464226,9,0.0191780822,0.0191780822,8.9334813845,17.2807251381,21.9432428615,50.2449131685,-17.2804224104,-8.1881193521,0.7148000000
loo,JPM,2026-09-09,1530,essvi_g05,ok,,2,15,2026-09-25,0.0438356164,355.7430464226,9,0.0191780822,0.0191780822,24.9313782541,34.6858474645,33.1276720989,58.1366212159,-21.5881789998,-49.0116081703,4.3329000000
loo,JPM,2026-09-09,1530,essvi_gfree,ok,,2,15,2026-09-25,0.0438356164,355.7430464226,9,0.0191780822,0.0191780822,8.6614088349,16.5935944480,25.6250239171,37.5747580423,-24.0750537733,-24.5245864316,5.5453000000
loo,JPM,2026-09-09,1530,essvi_sg05,ok,,2,15,2026-09-25,0.0438356164,355.7430464226,9,0.0191780822,0.0191780822,59.4230171248,96.5713916681,55.0341052356,106.6425307931,34.4353670254,-5.7177624638,0.5407000000
loo,JPM,2026-09-09,1530,svi,ok,,3,15,2026-10-02,0.0630136986,356.0411563369,11,0.0191780822,0.0191780822,8.7395302747,16.6709328077,59.4709660754,81.4121800295,55.8469375299,62.3542341303,183.4444000000
loo,JPM,2026-09-09,1530,ssvi,ok,,3,15,2026-10-02,0.0630136986,356.0411563369,11,0.0191780822,0.0191780822,23.5862313564,44.1849795718,100.5364275186,125.6187243230,99.3580500879,83.8419867977,1.0310000000
loo,JPM,2026-09-09,1530,essvi,ok,,3,15,2026-10-02,0.0630136986,356.0411563369,11,0.0191780822,0.0191780822,12.7941973585,24.7736900084,78.9293185787,115.1308426401,60.9852543078,84.4627129419,0.6467000000
loo,JPM,2026-09-09,1530,essvi_g05,ok,,3,15,2026-10-02,0.0630136986,356.0411563369,11,0.0191780822,0.0191780822,33.4967879665,50.4626083285,68.4508749656,105.8738794894,60.3649324551,22.8567974970,3.7001000000
loo,JPM,2026-09-09,1530,essvi_gfree,ok,,3,15,2026-10-02,0.0630136986,356.0411563369,11,0.0191780822,0.0191780822,14.0282889115,29.1515743557,58.8589183260,83.8551014792,56.0527366298,45.4968897107,2.7203000000
loo,JPM,2026-09-09,1530,essvi_sg05,ok,,3,15,2026-10-02,0.0630136986,356.0411563369,11,0.0191780822,0.0191780822,70.9672496023,143.0135537528,140.2981017488,203.5378838782,133.1959845484,84.8628469311,0.5208000000
loo,JPM,2026-09-09,1530,svi,ok,,4,15,2026-10-09,0.0821917808,355.2377711345,12,0.0191780822,0.0191780822,13.5083775460,33.1800931763,167.9080409781,208.9094833574,165.1270623872,110.6260989088,183.1039000000
loo,JPM,2026-09-09,1530,ssvi,ok,,4,15,2026-10-09,0.0821917808,355.2377711345,12,0.0191780822,0.0191780822,70.8203118649,110.3792408893,180.8785612174,221.1844171523,177.8942785256,115.3866507126,1.0328000000
loo,JPM,2026-09-09,1530,essvi,ok,,4,15,2026-10-09,0.0821917808,355.2377711345,12,0.0191780822,0.0191780822,33.4032054844,59.3724567958,171.9833351991,208.9497762691,169.6307043012,115.2168498482,0.5365000000
loo,JPM,2026-09-09,1530,essvi_g05,ok,,4,15,2026-10-09,0.0821917808,355.2377711345,12,0.0191780822,0.0191780822,44.8791890940,77.9972608791,159.2273268436,211.3354270583,152.7445644146,73.8833555250,3.6630000000
loo,JPM,2026-09-09,1530,essvi_gfree,ok,,4,15,2026-10-09,0.0821917808,355.2377711345,12,0.0191780822,0.0191780822,29.3132319831,58.2709967460,168.7476647733,213.6654959753,165.3519608988,103.4891925090,2.6845000000
loo,JPM,2026-09-09,1530,essvi_sg05,ok,,4,15,2026-10-09,0.0821917808,355.2377711345,12,0.0191780822,0.0191780822,104.5689092635,206.0868671557,212.9036354933,282.7886491824,206.1215276531,116.0244797080,0.4789000000
loo,JPM,2026-09-09,1530,svi,ok,,5,15,2026-10-16,0.1013698630,354.9695376218,22,0.0191780822,0.0191780822,17.0099667950,33.6046603618,144.8394287836,216.0118196608,-143.0333282869,-126.5412097240,176.0510000000
loo,JPM,2026-09-09,1530,ssvi,ok,,5,15,2026-10-16,0.1013698630,354.9695376218,22,0.0191780822,0.0191780822,20.8165934830,49.3209344782,112.2087096663,147.4273727054,-110.7244934777,-120.8729555642,1.0209000000
loo,JPM,2026-09-09,1530,essvi,ok,,5,15,2026-10-16,0.1013698630,354.9695376218,22,0.0191780822,0.0191780822,18.3716963827,40.0618911159,204.9197777819,455.1552580349,-161.9403275881,-120.5828466131,0.6880000000
loo,JPM,2026-09-09,1530,essvi_g05,ok,,5,15,2026-10-16,0.1013698630,354.9695376218,22,0.0191780822,0.0191780822,32.2258643122,67.6908315217,115.9646822423,183.9067962725,-109.9569444141,-155.7848416040,3.9626000000
loo,JPM,2026-09-09,1530,essvi_gfree,ok,,5,15,2026-10-16,0.1013698630,354.9695376218,22,0.0191780822,0.0191780822,17.8793554723,38.4029219606,134.2175524606,168.8957569425,-132.5615775852,-136.0762644148,2.9041000000
loo,JPM,2026-09-09,1530,essvi_sg05,ok,,5,15,2026-10-16,0.1013698630,354.9695376218,22,0.0191780822,0.0191780822,88.4651816540,171.4433245840,75.2684032206,150.6509290371,-47.9278009970,-120.7848231504,0.5358000000
loo,JPM,2026-09-09,1530,svi,ok,,6,15,2026-10-23,0.1205479452,354.9232683342,16,0.0191780822,0.0767123288,9.7574978206,26.2808401273,12.8369591252,31.6041947082,-7.1945467072,5.3644575391,180.8508000000
loo,JPM,2026-09-09,1530,ssvi,ok,,6,15,2026-10-23,0.1205479452,354.9232683342,16,0.0191780822,0.0767123288,13.4140621281,32.7217504661,10.5899492535,24.0594931875,-0.0656413767,8.4965156928,1.0878000000
loo,JPM,2026-09-09,1530,essvi,ok,,6,15,2026-10-23,0.1205479452,354.9232683342,16,0.0191780822,0.0767123288,12.1139708562,31.8626051290,10.9833908912,24.8390840835,-2.6566556940,8.4890755636,0.7324000000
loo,JPM,2026-09-09,1530,essvi_g05,ok,,6,15,2026-10-23,0.1205479452,354.9232683342,16,0.0191780822,0.0767123288,16.4651250707,36.1755083439,22.9266540564,49.9852398440,-15.4605896465,-21.0040698475,2.7759000000
loo,JPM,2026-09-09,1530,essvi_gfree,ok,,6,15,2026-10-23,0.1205479452,354.9232683342,16,0.0191780822,0.0767123288,10.5767613584,22.7177380863,11.7284322151,26.7467959977,-4.7771791656,6.7294375988,2.8253000000
loo,JPM,2026-09-09,1530,essvi_sg05,ok,,6,15,2026-10-23,0.1205479452,354.9232683342,16,0.0191780822,0.0767123288,36.2887633478,94.4253360108,43.5629871674,81.3515281938,31.4601693249,8.5319459685,0.5397000000
loo,JPM,2026-09-09,1530,svi,ok,,7,15,2026-11-20,0.1972602740,356.3149864289,25,0.0767123288,0.0767123288,9.0830112868,20.1475770439,15.4879630065,38.8589692951,-6.2774825062,6.8489755052,174.0364000000
loo,JPM,2026-09-09,1530,ssvi,ok,,7,15,2026-11-20,0.1972602740,356.3149864289,25,0.0767123288,0.0767123288,27.3952648514,71.8833692972,27.9617119164,70.5412968096,-1.9004174507,11.5031704557,0.9749000000
loo,JPM,2026-09-09,1530,essvi,ok,,7,15,2026-11-20,0.1972602740,356.3149864289,25,0.0767123288,0.0767123288,19.3437998294,38.6626730964,23.4698475583,59.3187914263,-1.1752935087,11.8774659206,0.7465000000
loo,JPM,2026-09-09,1530,essvi_g05,ok,,7,15,2026-11-20,0.1972602740,356.3149864289,25,0.0767123288,0.0767123288,19.1169746251,36.1009088095,21.6634033864,49.5298780419,-4.6773756053,-1.4336822831,2.8551000000
loo,JPM,2026-09-09,1530,essvi_gfree,ok,,7,15,2026-11-20,0.1972602740,356.3149864289,25,0.0767123288,0.0767123288,21.5271886354,45.5026292993,25.7693431570,69.7946477174,-7.2743106150,9.8122306413,2.7890000000
loo,JPM,2026-09-09,1530,essvi_sg05,ok,,7,15,2026-11-20,0.1972602740,356.3149864289,25,0.0767123288,0.0767123288,39.3776688060,103.4610676556,42.1730889359,114.7018323196,30.6587790468,11.4299708504,0.5291000000
loo,JPM,2026-09-09,1530,svi,ok,,8,15,2026-12-18,0.2739726027,357.7025397460,31,0.0767123288,0.0767123288,12.4186294878,37.6367730686,60.7163557183,106.8816694035,58.9602155796,46.4090382443,174.7038000000
loo,JPM,2026-09-09,1530,ssvi,ok,,8,15,2026-12-18,0.2739726027,357.7025397460,31,0.0767123288,0.0767123288,35.6843878503,90.3196288095,63.9977697465,124.8297275789,52.2318910065,49.4660393111,0.9650000000
loo,JPM,2026-09-09,1530,essvi,ok,,8,15,2026-12-18,0.2739726027,357.7025397460,31,0.0767123288,0.0767123288,25.9609102425,64.4565771913,68.5427237113,111.9846667012,64.5345711850,47.9328982643,0.6811000000
loo,JPM,2026-09-09,1530,essvi_g05,ok,,8,15,2026-12-18,0.2739726027,357.7025397460,31,0.0767123288,0.0767123288,22.6677948807,58.9029520778,67.2112516046,107.3439580293,62.6654913729,53.8146021802,2.7711000000
loo,JPM,2026-09-09,1530,essvi_gfree,ok,,8,15,2026-12-18,0.2739726027,357.7025397460,31,0.0767123288,0.0767123288,24.0089577392,68.6553111623,66.6917064711,100.6287785933,61.7341017947,58.2224395591,2.7327000000
loo,JPM,2026-09-09,1530,essvi_sg05,ok,,8,15,2026-12-18,0.2739726027,357.7025397460,31,0.0767123288,0.0767123288,50.5668547216,101.7403948727,88.8873907182,154.4791325011,83.2017645714,48.8880548155,0.5305000000
loo,JPM,2026-09-09,1530,svi,ok,,9,15,2027-01-15,0.3506849315,357.7964369057,19,0.0767123288,0.1726027397,16.0904968270,46.9396766796,43.0516867910,105.5665937983,-36.2499862772,-22.9690718365,172.1036000000
loo,JPM,2026-09-09,1530,ssvi,ok,,9,15,2027-01-15,0.3506849315,357.7964369057,19,0.0767123288,0.1726027397,39.9752493096,101.6618430011,54.2468751367,136.8457302521,-30.7743320430,-14.1673132116,1.1115000000
loo,JPM,2026-09-09,1530,essvi,ok,,9,15,2027-01-15,0.3506849315,357.7964369057,19,0.0767123288,0.1726027397,23.3995544672,44.5720370294,55.7528763177,135.3102901961,-38.7536036142,-14.9248655537,0.6880000000
loo,JPM,2026-09-09,1530,essvi_g05,ok,,9,15,2027-01-15,0.3506849315,357.7964369057,19,0.0767123288,0.1726027397,30.0116360170,61.5828301567,56.5274678849,130.5352984811,-43.5691656642,-25.9134622256,2.8423000000
loo,JPM,2026-09-09,1530,essvi_gfree,ok,,9,15,2027-01-15,0.3506849315,357.7964369057,19,0.0767123288,0.1726027397,28.8206726385,58.4240596727,54.5424877743,122.2995011594,-42.7153985676,-27.4315180552,2.9611000000
loo,JPM,2026-09-09,1530,essvi_sg05,ok,,9,15,2027-01-15,0.3506849315,357.7964369057,19,0.0767123288,0.1726027397,27.7433240136,63.4619270813,26.7934775709,59.6943184824,-2.1793037937,-14.6073667545,0.5498000000
loo,JPM,2026-09-09,1530,svi,ok,,10,15,2027-03-19,0.5232876712,359.9236190007,36,0.1726027397,0.2465753425,16.1331841750,44.3031132116,25.6364449032,73.9302838159,15.3008090952,-2.1489549465,171.2933000000
loo,JPM,2026-09-09,1530,ssvi,ok,,10,15,2027-03-19,0.5232876712,359.9236190007,36,0.1726027397,0.2465753425,32.7774129445,86.7993719988,30.6650279568,83.3241884273,17.1198357426,-6.0155311866,0.9489000000
loo,JPM,2026-09-09,1530,essvi,ok,,10,15,2027-03-19,0.5232876712,359.9236190007,36,0.1726027397,0.2465753425,19.3187886303,48.1658990287,24.3370582825,64.9644584685,11.6127228664,-6.0203101166,0.6780000000
loo,JPM,2026-09-09,1530,essvi_g05,ok,,10,15,2027-03-19,0.5232876712,359.9236190007,36,0.1726027397,0.2465753425,18.7684140056,42.1275198241,24.7366951944,58.1098604563,16.0473308014,10.2163204594,2.2913000000
loo,JPM,2026-09-09,1530,essvi_gfree,ok,,10,15,2027-03-19,0.5232876712,359.9236190007,36,0.1726027397,0.2465753425,21.6982540600,48.2897774543,24.4649815642,60.7604732701,12.3766247369,-5.7647537188,2.6875000000
loo,JPM,2026-09-09,1530,essvi_sg05,ok,,10,15,2027-03-19,0.5232876712,359.9236190007,36,0.1726027397,0.2465753425,38.8354929811,86.3949350769,34.4664229825,90.1549809852,20.9399588562,-6.0159633207,0.5308000000
loo,JPM,2026-09-09,1530,svi,ok,,11,15,2027-06-17,0.7698630137,363.0347040227,29,0.2465753425,0.2520547945,9.2124338809,17.8607324567,32.6786183468,51.2439269456,-25.6780494117,-20.5227148552,170.5914000000
loo,JPM,2026-09-09,1530,ssvi,ok,,11,15,2027-06-17,0.7698630137,363.0347040227,29,0.2465753425,0.2520547945,19.8350364029,70.2955161041,22.0929938703,60.8365018168,-8.3363345649,-10.4721849554,0.9798000000
loo,JPM,2026-09-09,1530,essvi,ok,,11,15,2027-06-17,0.7698630137,363.0347040227,29,0.2465753425,0.2520547945,15.1045556303,39.7142031434,27.9176813139,47.3510584640,-24.7127138066,-10.4489691329,0.6802000000
loo,JPM,2026-09-09,1530,essvi_g05,ok,,11,15,2027-06-17,0.7698630137,363.0347040227,29,0.2465753425,0.2520547945,13.3817418416,25.6400644366,31.2078502249,64.7384011768,-26.4450606126,2.4969207658,2.3383000000
loo,JPM,2026-09-09,1530,essvi_gfree,ok,,11,15,2027-06-17,0.7698630137,363.0347040227,29,0.2465753425,0.2520547945,17.8027763914,64.3966822820,31.8311949185,59.4707035342,-26.2567402180,-24.0983473403,2.4601000000
loo,JPM,2026-09-09,1530,essvi_sg05,ok,,11,15,2027-06-17,0.7698630137,363.0347040227,29,0.2465753425,0.2520547945,17.5499454802,65.4408355064,23.2320704820,51.6859491672,-15.6348686231,-10.6777188640,0.5315000000
loo,JPM,2026-09-09,1530,svi,ok,,12,15,2027-09-17,1.0219178082,365.6275766602,33,0.2520547945,0.2493150685,7.1445636825,21.9669898813,18.3277373349,46.8437539148,9.0629151550,7.5818816498,185.1041000000
loo,JPM,2026-09-09,1530,ssvi,ok,,12,15,2027-09-17,1.0219178082,365.6275766602,33,0.2520547945,0.2493150685,18.3387290845,35.7759725099,22.1444086448,40.8432964666,14.8102780525,-3.4889929396,0.8521000000
loo,JPM,2026-09-09,1530,essvi,ok,,12,15,2027-09-17,1.0219178082,365.6275766602,33,0.2520547945,0.2493150685,15.8869249663,31.7320792187,20.4076749728,39.4241100269,12.9272144083,-3.3616546924,0.6904000000
loo,JPM,2026-09-09,1530,essvi_g05,ok,,12,15,2027-09-17,1.0219178082,365.6275766602,33,0.2520547945,0.2493150685,29.6324935828,68.1509672195,35.6596953641,69.0409798358,7.0989437570,28.1898231966,2.6570000000
loo,JPM,2026-09-09,1530,essvi_gfree,ok,,12,15,2027-09-17,1.0219178082,365.6275766602,33,0.2520547945,0.2493150685,15.3527160020,30.3955077762,21.0149270558,42.5622300126,14.2859881879,2.8020418789,2.8059000000
loo,JPM,2026-09-09,1530,essvi_sg05,ok,,12,15,2027-09-17,1.0219178082,365.6275766602,33,0.2520547945,0.2493150685,16.9727950965,39.2586313893,18.1142355673,41.3102816367,-0.2173528212,-3.2348610324,0.5487000000
loo,JPM,2026-09-09,1530,svi,ok,,13,15,2027-12-17,1.2712328767,368.4291162833,24,0.2493150685,0.0958904110,10.8418936176,32.6303045210,18.2891821880,59.0465004658,2.6542304544,13.4243970212,172.8746000000
loo,JPM,2026-09-09,1530,ssvi,ok,,13,15,2027-12-17,1.2712328767,368.4291162833,24,0.2493150685,0.0958904110,20.5205195259,66.8175768533,20.2541377367,68.2554334475,-6.5304812322,5.9037188754,0.9911000000
loo,JPM,2026-09-09,1530,essvi,ok,,13,15,2027-12-17,1.2712328767,368.4291162833,24,0.2493150685,0.0958904110,17.5787835694,51.8169095378,18.8043117699,61.1380447798,-3.8216575057,5.9089210612,0.6810000000
loo,JPM,2026-09-09,1530,essvi_g05,ok,,13,15,2027-12-17,1.2712328767,368.4291162833,24,0.2493150685,0.0958904110,34.2272076334,113.5971770277,36.1168897797,106.6953834748,8.0205292828,46.6578159134,2.3941000000
loo,JPM,2026-09-09,1530,essvi_gfree,ok,,13,15,2027-12-17,1.2712328767,368.4291162833,24,0.2493150685,0.0958904110,18.7402202582,65.0801367191,19.4471823457,62.9538528690,1.4885998210,15.0537209183,2.8851000000
loo,JPM,2026-09-09,1530,essvi_sg05,ok,,13,15,2027-12-17,1.2712328767,368.4291162833,24,0.2493150685,0.0958904110,30.5988792085,96.9825586677,33.7706002322,113.2843771022,-20.9353918494,6.0064018661,0.5309000000
loo,JPM,2026-09-10,1530,svi,ok,,1,14,2026-09-25,0.0410958904,353.0851653570,10,0.0191780822,0.0191780822,12.3163146429,19.7278678224,20.3446987391,35.3159546348,-6.0506811340,-26.7703312127,184.3585000000
loo,JPM,2026-09-10,1530,ssvi,ok,,1,14,2026-09-25,0.0410958904,353.0851653570,10,0.0191780822,0.0191780822,43.9489558617,96.5495819916,34.3191245023,73.9067721781,5.3450512646,-25.1743952456,0.8408000000
loo,JPM,2026-09-10,1530,essvi,ok,,1,14,2026-09-25,0.0410958904,353.0851653570,10,0.0191780822,0.0191780822,13.6721612701,24.0292619487,21.1229531579,33.4034229478,-2.2981758920,-26.4053202598,0.6099000000
loo,JPM,2026-09-10,1530,essvi_g05,ok,,1,14,2026-09-25,0.0410958904,353.0851653570,10,0.0191780822,0.0191780822,35.5525322829,61.4892857659,38.5528203756,56.8202658167,-11.9027354703,-51.3297793367,2.4239000000
loo,JPM,2026-09-10,1530,essvi_gfree,ok,,1,14,2026-09-25,0.0410958904,353.0851653570,10,0.0191780822,0.0191780822,24.4273170166,42.4250554852,25.0919877674,40.1490818933,-6.4000971639,-34.2018433640,3.3240000000
loo,JPM,2026-09-10,1530,essvi_sg05,ok,,1,14,2026-09-25,0.0410958904,353.0851653570,10,0.0191780822,0.0191780822,218.0717626974,415.1598294153,44.7406736630,101.0491972511,16.7373786130,-25.6382791628,0.5316000000
loo,JPM,2026-09-10,1530,svi,ok,,2,14,2026-10-02,0.0602739726,353.3975283251,8,0.0191780822,0.0191780822,5.4637733580,10.3417861512,28.8375535011,44.5895011162,23.6569740901,44.5895011162,183.2837000000
loo,JPM,2026-09-10,1530,ssvi,ok,,2,14,2026-10-02,0.0602739726,353.3975283251,8,0.0191780822,0.0191780822,19.2844395912,45.7026937057,57.8169238372,94.6820562475,54.9902621262,52.4002852973,0.8439000000
loo,JPM,2026-09-10,1530,essvi,ok,,2,14,2026-10-02,0.0602739726,353.3975283251,8,0.0191780822,0.0191780822,7.6305372782,16.0710348114,35.2271202700,53.3009019387,31.9192965612,53.3009019387,0.7043000000
loo,JPM,2026-09-10,1530,essvi_g05,ok,,2,14,2026-10-02,0.0602739726,353.3975283251,8,0.0191780822,0.0191780822,18.0850461485,31.2205996101,28.3562143415,52.0972321511,22.2716135103,14.0513236139,2.0445000000
loo,JPM,2026-09-10,1530,essvi_gfree,ok,,2,14,2026-10-02,0.0602739726,353.3975283251,8,0.0191780822,0.0191780822,9.6573303546,16.9197306631,24.9269659229,44.1278002605,22.8086235970,24.8130338989,2.1487000000
loo,JPM,2026-09-10,1530,essvi_sg05,ok,,2,14,2026-10-02,0.0602739726,353.3975283251,8,0.0191780822,0.0191780822,96.4912086338,216.5788918582,166.3414255959,354.8550512454,96.0486080581,83.5614834835,0.5386000000
loo,JPM,2026-09-10,1530,svi,ok,,3,14,2026-10-09,0.0794520548,352.6027279319,10,0.0191780822,0.0191780822,13.5094054485,30.3773737811,170.2682772972,214.7665687982,167.4864050157,165.8704598671,185.9563000000
loo,JPM,2026-09-10,1530,ssvi,ok,,3,14,2026-10-09,0.0794520548,352.6027279319,10,0.0191780822,0.0191780822,45.6781544879,80.9474002290,179.5652037738,226.4002935750,177.2709823014,162.6834939887,0.8459000000
loo,JPM,2026-09-10,1530,essvi,ok,,3,14,2026-10-09,0.0794520548,352.6027279319,10,0.0191780822,0.0191780822,17.2483240879,22.6193481849,173.9028960904,204.7152544602,171.9289289827,164.2021327802,0.6225000000
loo,JPM,2026-09-10,1530,essvi_g05,ok,,3,14,2026-10-09,0.0794520548,352.6027279319,10,0.0191780822,0.0191780822,35.5913904366,61.7897115044,161.2712302426,204.6139624232,157.2898443990,137.3747256312,2.2471000000
loo,JPM,2026-09-10,1530,essvi_gfree,ok,,3,14,2026-10-09,0.0794520548,352.6027279319,10,0.0191780822,0.0191780822,27.1132673510,51.5518316911,170.1598211103,203.9109262433,167.7500323788,157.3828398666,2.1410000000
loo,JPM,2026-09-10,1530,essvi_sg05,ok,,3,14,2026-10-09,0.0794520548,352.6027279319,10,0.0191780822,0.0191780822,122.2196242150,241.6073615476,234.1621937455,379.8206765706,219.5066590145,172.0470441974,0.4766000000
loo,JPM,2026-09-10,1530,svi,ok,,4,14,2026-10-16,0.0986301370,352.4016807505,22,0.0191780822,0.0191780822,22.2163300878,53.0244707049,168.7960630790,422.3579402017,-151.3751610745,-123.3553210378,178.5934000000
loo,JPM,2026-09-10,1530,ssvi,ok,,4,14,2026-10-16,0.0986301370,352.4016807505,22,0.0191780822,0.0191780822,33.4527474731,83.8433374807,98.5027548040,186.7940818682,-93.9323525755,-126.2758436695,0.8045000000
loo,JPM,2026-09-10,1530,essvi,ok,,4,14,2026-10-16,0.0986301370,352.4016807505,22,0.0191780822,0.0191780822,31.2806395387,102.7191881542,190.1956570327,374.1004737852,-169.4803630091,-124.0181420485,0.8750000000
loo,JPM,2026-09-10,1530,essvi_g05,ok,,4,14,2026-10-16,0.0986301370,352.4016807505,22,0.0191780822,0.0191780822,31.5789606980,75.1981497977,116.0240512367,224.5931817179,-104.8107110091,-159.3760888107,1.9393000000
loo,JPM,2026-09-10,1530,essvi_gfree,ok,,4,14,2026-10-16,0.0986301370,352.4016807505,22,0.0191780822,0.0191780822,30.2166550063,109.3472418004,133.9826194270,295.1117375957,-126.5226463767,-144.9686314139,2.0558000000
loo,JPM,2026-09-10,1530,essvi_sg05,ok,,4,14,2026-10-16,0.0986301370,352.4016807505,22,0.0191780822,0.0191780822,126.0875181320,290.7375057345,102.0249513310,224.5516569074,-9.9720422982,-133.0269289601,0.5304000000
loo,JPM,2026-09-10,1530,svi,ok,,5,14,2026-10-23,0.1178082192,352.4616580175,14,0.0191780822,0.0767123288,30.5631513669,80.4484402775,86.4207095072,220.4922965309,12.5746234993,-28.2557340228,173.8387000000
loo,JPM,2026-09-10,1530,ssvi,ok,,5,14,2026-10-23,0.1178082192,352.4616580175,14,0.0191780822,0.0767123288,72.9829843745,222.5905075827,73.5277627772,220.0764259783,15.1806880374,-19.8293106881,0.8326000000
loo,JPM,2026-09-10,1530,essvi,ok,,5,14,2026-10-23,0.1178082192,352.4616580175,14,0.0191780822,0.0767123288,34.5148014344,88.4264851578,59.5351660153,183.9514428050,6.1530293937,-20.8892155596,0.7266000000
loo,JPM,2026-09-10,1530,essvi_g05,ok,,5,14,2026-10-23,0.1178082192,352.4616580175,14,0.0191780822,0.0767123288,53.6216649946,129.9652222418,77.1093421429,207.6929415452,-6.9052705250,-50.0268993649,2.2131000000
loo,JPM,2026-09-10,1530,essvi_gfree,ok,,5,14,2026-10-23,0.1178082192,352.4616580175,14,0.0191780822,0.0767123288,44.2042318636,116.4334887611,64.2013285179,188.1532141059,-0.4663549229,-31.7280502206,2.0980000000
loo,JPM,2026-09-10,1530,essvi_sg05,ok,,5,14,2026-10-23,0.1178082192,352.4616580175,14,0.0191780822,0.0767123288,125.2398029526,302.1471099358,98.4217326932,266.3356430454,43.4961198822,-24.3244794199,0.4841000000
loo,JPM,2026-09-10,1530,svi,ok,,6,14,2026-11-20,0.1945205479,353.5891757527,21,0.0767123288,0.0767123288,9.0937348317,17.9301795977,23.2956085865,65.0811253542,2.9004337273,25.0316137332,181.3454000000
loo,JPM,2026-09-10,1530,ssvi,ok,,6,14,2026-11-20,0.1945205479,353.5891757527,21,0.0767123288,0.0767123288,16.4690071520,32.7737636088,23.6592559903,43.5713423290,18.2473702647,12.8049031119,0.8122000000
loo,JPM,2026-09-10,1530,essvi,ok,,6,14,2026-11-20,0.1945205479,353.5891757527,21,0.0767123288,0.0767123288,13.6342197026,36.7834496379,16.1251762943,35.7617022351,8.0957159435,13.1034635592,0.7338000000
loo,JPM,2026-09-10,1530,essvi_g05,ok,,6,14,2026-11-20,0.1945205479,353.5891757527,21,0.0767123288,0.0767123288,17.1279379918,29.8424854234,40.6677113514,94.7518431732,20.7020555395,5.5616253714,2.1867000000
loo,JPM,2026-09-10,1530,essvi_gfree,ok,,6,14,2026-11-20,0.1945205479,353.5891757527,21,0.0767123288,0.0767123288,14.2828500772,29.2675510403,31.0704583239,69.1754695869,17.6915926495,11.4213111541,2.3903000000
loo,JPM,2026-09-10,1530,essvi_sg05,ok,,6,14,2026-11-20,0.1945205479,353.5891757527,21,0.0767123288,0.0767123288,100.3061185473,223.9107594097,146.3821700635,334.3992500719,83.5671560143,17.7057025891,0.5169000000
loo,JPM,2026-09-10,1530,svi,ok,,7,14,2026-12-18,0.2712328767,354.8525701261,27,0.0767123288,0.0767123288,44.1970861818,218.9675009377,91.1988754787,279.8946154182,75.4015293711,50.8050207935,178.6696000000
loo,JPM,2026-09-10,1530,ssvi,ok,,7,14,2026-12-18,0.2712328767,354.8525701261,27,0.0767123288,0.0767123288,31.0010072461,114.0230795559,56.2018902825,78.0034560657,45.1493567636,51.8709662225,0.8006000000
loo,JPM,2026-09-10,1530,essvi,ok,,7,14,2026-12-18,0.2712328767,354.8525701261,27,0.0767123288,0.0767123288,27.9774131301,82.2615611166,56.0646600783,73.8857065129,45.7501051637,51.8262114238,0.7254000000
loo,JPM,2026-09-10,1530,essvi_g05,ok,,7,14,2026-12-18,0.2712328767,354.8525701261,27,0.0767123288,0.0767123288,27.9667135178,88.8881753416,57.2746916999,76.1170250165,47.9624562255,52.3433280590,2.1438000000
loo,JPM,2026-09-10,1530,essvi_gfree,ok,,7,14,2026-12-18,0.2712328767,354.8525701261,27,0.0767123288,0.0767123288,29.0347032012,96.8586355377,57.1569008739,80.4618348550,46.1225568867,54.9181011267,2.1496000000
loo,JPM,2026-09-10,1530,essvi_sg05,ok,,7,14,2026-12-18,0.2712328767,354.8525701261,27,0.0767123288,0.0767123288,55.1734724826,153.0936410287,100.6444681392,183.0097650894,92.4809177366,51.8571480098,0.4956000000
loo,JPM,2026-09-10,1530,svi,ok,,8,14,2027-01-15,0.3479452055,354.9608298515,15,0.0767123288,0.1726027397,8.0623906955,20.0777325800,41.7247731554,104.0242849028,-36.4483562759,-24.4351146755,182.2472000000
loo,JPM,2026-09-10,1530,ssvi,ok,,8,14,2027-01-15,0.3479452055,354.9608298515,15,0.0767123288,0.1726027397,12.3887765623,23.5878735918,29.7833127476,47.6400840955,-27.1687625609,-22.0197980921,0.9614000000
loo,JPM,2026-09-10,1530,essvi,ok,,8,14,2027-01-15,0.3479452055,354.9608298515,15,0.0767123288,0.1726027397,10.4267300802,26.2047762971,35.6010893644,63.3719070033,-31.5559899637,-21.1593816964,0.7439000000
loo,JPM,2026-09-10,1530,essvi_g05,ok,,8,14,2027-01-15,0.3479452055,354.9608298515,15,0.0767123288,0.1726027397,12.5237539579,23.7648976459,38.7229605248,67.6820703051,-35.1195806276,-27.1212131349,1.9702000000
loo,JPM,2026-09-10,1530,essvi_gfree,ok,,8,14,2027-01-15,0.3479452055,354.9608298515,15,0.0767123288,0.1726027397,12.1868814490,23.9784838580,38.5949523114,71.3717236176,-34.3849390470,-26.8627836460,2.0848000000
loo,JPM,2026-09-10,1530,essvi_sg05,ok,,8,14,2027-01-15,0.3479452055,354.9608298515,15,0.0767123288,0.1726027397,22.8054626366,64.6487253939,20.0309693298,45.6272472917,-6.8526594575,-23.1632984779,0.5469000000
loo,JPM,2026-09-10,1530,svi,ok,,9,14,2027-03-19,0.5205479452,357.8489784782,30,0.1726027397,0.2465753425,15.1455339136,41.7411785348,39.2869704329,88.3603562286,31.8776409443,12.6238278608,177.5008000000
loo,JPM,2026-09-10,1530,ssvi,ok,,9,14,2027-03-19,0.5205479452,357.8489784782,30,0.1726027397,0.2465753425,25.5388663636,67.4660732774,38.8052170410,87.2611517897,32.1993849644,12.9671272177,0.7913000000
loo,JPM,2026-09-10,1530,essvi,ok,,9,14,2027-03-19,0.5205479452,357.8489784782,30,0.1726027397,0.2465753425,16.9328594067,48.1320997002,37.8711077995,84.9884618933,31.0322928881,12.9893715093,0.7398000000
loo,JPM,2026-09-10,1530,essvi_g05,ok,,9,14,2027-03-19,0.5205479452,357.8489784782,30,0.1726027397,0.2465753425,15.3772063013,41.3569434948,42.3626241464,82.9446447206,36.2251995061,23.9534304983,2.1978000000
loo,JPM,2026-09-10,1530,essvi_gfree,ok,,9,14,2027-03-19,0.5205479452,357.8489784782,30,0.1726027397,0.2465753425,16.0050921303,33.7191940830,35.9023822131,79.6901447399,29.5058127837,11.8421579482,2.0619000000
loo,JPM,2026-09-10,1530,essvi_sg05,ok,,9,14,2027-03-19,0.5205479452,357.8489784782,30,0.1726027397,0.2465753425,22.7092657069,49.3457287764,44.7130473611,106.8701025767,35.1018387533,13.4854215380,0.5497000000
loo,JPM,2026-09-10,1530,svi,ok,,10,14,2027-06-17,0.7671232877,360.3676259340,33,0.2465753425,0.2520547945,7.1980882644,17.6562101987,48.1176718191,76.1824027347,-43.6820050316,-39.9658142672,187.5372000000
loo,JPM,2026-09-10,1530,ssvi,ok,,10,14,2027-06-17,0.7671232877,360.3676259340,33,0.2465753425,0.2520547945,15.0617272934,34.2593738254,32.8987368256,65.6900704961,-27.1775402435,-24.3722510378,0.8635000000
loo,JPM,2026-09-10,1530,essvi,ok,,10,14,2027-06-17,0.7671232877,360.3676259340,33,0.2465753425,0.2520547945,8.0636464682,18.8442816828,44.4180266208,88.7484117684,-40.8988429857,-24.3502219731,0.7423000000
loo,JPM,2026-09-10,1530,essvi_g05,ok,,10,14,2027-06-17,0.7671232877,360.3676259340,33,0.2465753425,0.2520547945,14.0421333285,35.7367105371,52.1180458042,102.9892604863,-47.7467130085,-26.2797705339,1.8742000000
loo,JPM,2026-09-10,1530,essvi_gfree,ok,,10,14,2027-06-17,0.7671232877,360.3676259340,33,0.2465753425,0.2520547945,8.7172247647,17.1493507283,45.2590620344,75.3636746799,-42.0797969616,-42.0632104652,2.1657000000
loo,JPM,2026-09-10,1530,essvi_sg05,ok,,10,14,2027-06-17,0.7671232877,360.3676259340,33,0.2465753425,0.2520547945,9.8419941279,27.4965386489,39.0813524088,80.2226997248,-34.6035020673,-24.3714278760,0.6529000000
loo,JPM,2026-09-10,1530,svi,ok,,11,14,2027-09-17,1.0191780822,362.9649121191,33,0.2520547945,0.2493150685,11.2910245660,28.6695192010,20.3653059855,45.1086153989,10.5061003777,-7.4713316792,176.2874000000
loo,JPM,2026-09-10,1530,ssvi,ok,,11,14,2027-09-17,1.0191780822,362.9649121191,33,0.2520547945,0.2493150685,24.4905391971,55.4336316737,26.0996157780,57.7275388344,16.0337556835,-3.5385488785,0.7996000000
loo,JPM,2026-09-10,1530,essvi,ok,,11,14,2027-09-17,1.0191780822,362.9649121191,33,0.2520547945,0.2493150685,18.2995137872,51.5986270074,24.6781438768,54.6862443191,12.7325605684,-3.5459247610,0.7568000000
loo,JPM,2026-09-10,1530,essvi_g05,ok,,11,14,2027-09-17,1.0191780822,362.9649121191,33,0.2520547945,0.2493150685,21.5974822319,70.2333212253,29.0896447061,56.9630636110,12.4038036260,12.6772377111,1.9188000000
loo,JPM,2026-09-10,1530,essvi_gfree,ok,,11,14,2027-09-17,1.0191780822,362.9649121191,33,0.2520547945,0.2493150685,13.1285670258,45.5707899236,23.6214439380,52.9494743070,10.9313256543,-8.1216808849,2.0401000000
loo,JPM,2026-09-10,1530,essvi_sg05,ok,,11,14,2027-09-17,1.0191780822,362.9649121191,33,0.2520547945,0.2493150685,18.4848524926,55.8164769596,23.2460701406,50.1728466866,5.3702587955,-3.6132703074,0.6070000000
loo,JPM,2026-09-10,1530,svi,ok,,12,14,2027-12-17,1.2684931507,365.7170772112,30,0.2493150685,0.0958904110,11.2143770558,32.0583924063,21.4807331670,51.4461301607,17.3222307935,17.0086321061,180.2851000000
loo,JPM,2026-09-10,1530,ssvi,ok,,12,14,2027-12-17,1.2684931507,365.7170772112,30,0.2493150685,0.0958904110,14.3615721667,42.4611887448,20.9824753236,55.9339365906,15.4132780229,19.7862306790,0.7851000000
loo,JPM,2026-09-10,1530,essvi,ok,,12,14,2027-12-17,1.2684931507,365.7170772112,30,0.2493150685,0.0958904110,14.3588877038,42.5555965150,22.9791839061,55.7498361580,18.3117754345,19.8738909485,0.7594000000
loo,JPM,2026-09-10,1530,essvi_g05,ok,,12,14,2027-12-17,1.2684931507,365.7170772112,30,0.2493150685,0.0958904110,21.9152182824,55.9311190520,27.6986177129,70.0689601124,14.3578995895,37.0664979692,1.9900000000
loo,JPM,2026-09-10,1530,essvi_gfree,ok,,12,14,2027-12-17,1.2684931507,365.7170772112,30,0.2493150685,0.0958904110,13.7746548231,36.1239280551,21.6977539956,52.5243194292,16.7175535190,16.4680675249,2.0157000000
loo,JPM,2026-09-10,1530,essvi_sg05,ok,,12,14,2027-12-17,1.2684931507,365.7170772112,30,0.2493150685,0.0958904110,18.8128223999,51.1513129498,19.9345332336,53.4224392714,4.0655509460,19.9679690274,0.6494000000
loo,JPM,2026-09-11,1530,svi,ok,,1,14,2026-09-25,0.0383561644,357.3883725562,12,0.0191780822,0.0191780822,18.9440535317,36.6642594866,34.4317585063,66.2567368213,18.4538880648,0.5168675846,221.9611000000
loo,JPM,2026-09-11,1530,ssvi,ok,,1,14,2026-09-25,0.0383561644,357.3883725562,12,0.0191780822,0.0191780822,41.6334764021,97.9426127348,48.9220615964,108.2904809974,36.5544431315,12.0582385060,1.0744000000
loo,JPM,2026-09-11,1530,essvi,ok,,1,14,2026-09-25,0.0383561644,357.3883725562,12,0.0191780822,0.0191780822,34.3836010143,54.0318773384,37.5680922828,71.1710339611,26.2071350859,12.5400090264,0.6395000000
loo,JPM,2026-09-11,1530,essvi_g05,ok,,1,14,2026-09-25,0.0383561644,357.3883725562,12,0.0191780822,0.0191780822,39.2640270529,74.0824098833,39.1539629248,74.9097148839,2.5817508906,-29.9508264284,8.6885000000
loo,JPM,2026-09-11,1530,essvi_gfree,ok,,1,14,2026-09-25,0.0383561644,357.3883725562,12,0.0191780822,0.0191780822,29.9875130679,56.2028897283,33.9071922405,67.3681223380,14.5842148417,-6.1808837046,3.0262000000
loo,JPM,2026-09-11,1530,essvi_sg05,ok,,1,14,2026-09-25,0.0383561644,357.3883725562,12,0.0191780822,0.0191780822,61.9169087047,122.3646437961,68.7842707816,145.0326439024,51.0776417331,12.7484480810,0.5310000000
loo,JPM,2026-09-11,1530,svi,ok,,2,14,2026-10-02,0.0575342466,357.7247454220,9,0.0191780822,0.0191780822,8.1605539977,19.6140912304,32.2188788999,51.4754949625,26.5423202101,51.4754949625,218.1202000000
loo,JPM,2026-09-11,1530,ssvi,ok,,2,14,2026-10-02,0.0575342466,357.7247454220,9,0.0191780822,0.0191780822,29.2166545823,54.3614422489,74.3567952275,102.4551898560,72.0620502674,61.7521164529,1.0820000000
loo,JPM,2026-09-11,1530,essvi,ok,,2,14,2026-10-02,0.0575342466,357.7247454220,9,0.0191780822,0.0191780822,24.3148094400,49.6189126298,71.2909343088,98.1499759212,28.0389204100,76.7270565828,0.6346000000
loo,JPM,2026-09-11,1530,essvi_g05,ok,,2,14,2026-10-02,0.0575342466,357.7247454220,9,0.0191780822,0.0191780822,24.7111018264,46.1596126430,40.4147932494,82.1277645988,30.7903706166,16.5080011037,7.6881000000
loo,JPM,2026-09-11,1530,essvi_gfree,ok,,2,14,2026-10-02,0.0575342466,357.7247454220,9,0.0191780822,0.0191780822,13.3007361595,31.3918932688,32.3206623076,54.8197801859,28.6924726588,26.8831935749,2.9272000000
loo,JPM,2026-09-11,1530,essvi_sg05,ok,,2,14,2026-10-02,0.0575342466,357.7247454220,9,0.0191780822,0.0191780822,53.1372438518,97.3997563712,203.1695305014,441.8137892330,101.3701992520,115.1063310405,0.6088000000
loo,JPM,2026-09-11,1530,svi,ok,,3,14,2026-10-09,0.0767123288,356.6919619191,11,0.0191780822,0.0191780822,13.2735075842,23.8414333586,170.8774664237,211.9514070380,169.0858342453,126.9356002588,201.1900000000
loo,JPM,2026-09-11,1530,ssvi,ok,,3,14,2026-10-09,0.0767123288,356.6919619191,11,0.0191780822,0.0191780822,68.2767058222,113.4579511749,209.0336260898,267.2949985780,204.8250008291,142.0108243410,1.0443000000
loo,JPM,2026-09-11,1530,essvi,ok,,3,14,2026-10-09,0.0767123288,356.6919619191,11,0.0191780822,0.0191780822,17.6772036571,27.8126904169,207.1730997964,287.7779559900,196.4596560762,148.8681359360,0.5450000000
loo,JPM,2026-09-11,1530,essvi_g05,ok,,3,14,2026-10-09,0.0767123288,356.6919619191,11,0.0191780822,0.0191780822,42.9567701252,69.8384257626,165.6121871955,222.4596335786,159.7827052786,90.4103446143,13.3640000000
loo,JPM,2026-09-11,1530,essvi_gfree,ok,,3,14,2026-10-09,0.0767123288,356.6919619191,11,0.0191780822,0.0191780822,32.3551573691,56.2574944018,173.8886703115,217.6887851437,170.5089455079,112.9348012439,2.8306000000
loo,JPM,2026-09-11,1530,essvi_sg05,ok,,3,14,2026-10-09,0.0767123288,356.6919619191,11,0.0191780822,0.0191780822,187.2682792824,414.2956130124,224.6383781334,296.0489919691,218.8057245214,140.2814013967,0.4585000000
loo,JPM,2026-09-11,1530,svi,ok,,4,14,2026-10-16,0.0958904110,356.5362698706,22,0.0191780822,0.0191780822,24.0958611210,47.8609548572,200.4081483795,448.3017779531,-183.3888713963,-142.3035443163,209.0487000000
loo,JPM,2026-09-11,1530,ssvi,ok,,4,14,2026-10-16,0.0958904110,356.5362698706,22,0.0191780822,0.0191780822,52.3789235666,90.7909851442,82.8960052681,201.5554436773,-73.5265087251,-119.4698675417,1.0126000000
loo,JPM,2026-09-11,1530,essvi,ok,,4,14,2026-10-16,0.0958904110,356.5362698706,22,0.0191780822,0.0191780822,43.8823645831,142.9873038355,201.3747916123,427.6660111570,-175.5994130868,-118.9418403910,0.6678000000
loo,JPM,2026-09-11,1530,essvi_g05,ok,,4,14,2026-10-16,0.0958904110,356.5362698706,22,0.0191780822,0.0191780822,41.0387507242,101.3304326653,144.0983400713,323.8089939760,-112.3636545323,-182.2229748354,3.0639000000
loo,JPM,2026-09-11,1530,essvi_gfree,ok,,4,14,2026-10-16,0.0958904110,356.5362698706,22,0.0191780822,0.0191780822,37.8274447633,133.5686468275,151.5104221824,368.3557082891,-132.4022629897,-169.4559425624,2.7293000000
loo,JPM,2026-09-11,1530,essvi_sg05,ok,,4,14,2026-10-16,0.0958904110,356.5362698706,22,0.0191780822,0.0191780822,205.4274265469,471.6404960769,273.1293409397,503.4053447470,-20.4216628128,-138.4452697077,0.5186000000
loo,JPM,2026-09-11,1530,svi,ok,,5,14,2026-10-23,0.1150684932,356.7742247609,14,0.0191780822,0.0767123288,44.6957601817,95.2137984513,97.7808269996,226.7717112878,50.7995808230,-20.4370523257,198.0576000000
loo,JPM,2026-09-11,1530,ssvi,ok,,5,14,2026-10-23,0.1150684932,356.7742247609,14,0.0191780822,0.0767123288,112.5065619766,283.2773782089,116.9530789532,291.5069995934,78.8882316049,-0.2790993172,1.1016000000
loo,JPM,2026-09-11,1530,essvi,ok,,5,14,2026-10-23,0.1150684932,356.7742247609,14,0.0191780822,0.0767123288,54.5111529249,126.6380998610,89.3540744771,239.5851987139,57.9245769630,-0.7371884663,0.6413000000
loo,JPM,2026-09-11,1530,essvi_g05,ok,,5,14,2026-10-23,0.1150684932,356.7742247609,14,0.0191780822,0.0767123288,61.3323361874,147.6189857952,98.2004992321,255.3545649739,33.2752251912,-52.9947753054,2.3894000000
loo,JPM,2026-09-11,1530,essvi_gfree,ok,,5,14,2026-10-23,0.1150684932,356.7742247609,14,0.0191780822,0.0767123288,55.2094873537,131.2719952106,89.7557922497,243.1215874682,39.1889958590,-34.2907992108,2.8365000000
loo,JPM,2026-09-11,1530,essvi_sg05,ok,,5,14,2026-10-23,0.1150684932,356.7742247609,14,0.0191780822,0.0767123288,154.2201226246,332.3521851877,152.4655427680,327.2480151546,111.5628423212,-6.2256437525,0.5254000000
loo,JPM,2026-09-11,1530,svi,ok,,6,14,2026-11-20,0.1917808219,358.1633951133,22,0.0767123288,0.0767123288,13.2793611766,31.6911449859,46.0232587514,84.5544039347,-18.9966048025,-21.7630032121,208.7195000000
loo,JPM,2026-09-11,1530,ssvi,ok,,6,14,2026-11-20,0.1917808219,358.1633951133,22,0.0767123288,0.0767123288,44.0655538794,94.7273259305,24.6800068860,61.6347335263,0.2794693906,-32.9429973022,1.0080000000
loo,JPM,2026-09-11,1530,essvi,ok,,6,14,2026-11-20,0.1917808219,358.1633951133,22,0.0767123288,0.0767123288,21.8107821173,40.1340510043,28.0143823231,58.4754377078,-20.9311961743,-33.4421995351,0.6060000000
loo,JPM,2026-09-11,1530,essvi_g05,ok,,6,14,2026-11-20,0.1917808219,358.1633951133,22,0.0767123288,0.0767123288,18.1217232935,45.8401207534,51.5249392950,106.8479619974,-9.0275024618,-37.8399065131,52.8349000000
loo,JPM,2026-09-11,1530,essvi_gfree,ok,,6,14,2026-11-20,0.1917808219,358.1633951133,22,0.0767123288,0.0767123288,15.1030826635,39.7137061307,49.0521759095,90.5663204239,-10.5156452273,-33.4801784762,2.4933000000
loo,JPM,2026-09-11,1530,essvi_sg05,ok,,6,14,2026-11-20,0.1917808219,358.1633951133,22,0.0767123288,0.0767123288,151.5773501513,391.6802437699,158.2506476989,428.8969632990,59.6841582190,-23.4728215651,0.4886000000
loo,JPM,2026-09-11,1530,svi,ok,,7,14,2026-12-18,0.2684931507,359.2255469949,32,0.0767123288,0.0767123288,18.7612268125,47.5673264926,52.8381353091,83.9834993051,49.2978766578,75.0609861965,208.7095000000
loo,JPM,2026-09-11,1530,ssvi,ok,,7,14,2026-12-18,0.2684931507,359.2255469949,32,0.0767123288,0.0767123288,35.5597637103,109.3779214311,85.0377854568,134.4792648424,78.3871897744,95.4373293679,0.9743000000
loo,JPM,2026-09-11,1530,essvi,ok,,7,14,2026-12-18,0.2684931507,359.2255469949,32,0.0767123288,0.0767123288,28.8921829135,73.5911099954,66.0172570994,113.4348870358,58.5340026745,94.5265952681,0.5963000000
loo,JPM,2026-09-11,1530,essvi_g05,ok,,7,14,2026-12-18,0.2684931507,359.2255469949,32,0.0767123288,0.0767123288,25.8289735804,72.5070393548,63.1464335781,103.8016621255,57.7616409174,79.8847781579,8.1899000000
loo,JPM,2026-09-11,1530,essvi_gfree,ok,,7,14,2026-12-18,0.2684931507,359.2255469949,32,0.0767123288,0.0767123288,25.4760181016,76.2926217568,61.4933446181,102.9244508932,55.8742374539,79.6378446580,2.5224000000
loo,JPM,2026-09-11,1530,essvi_sg05,ok,,7,14,2026-12-18,0.2684931507,359.2255469949,32,0.0767123288,0.0767123288,123.4526573470,338.1312491121,180.3798458801,412.1990681383,152.6699284582,96.6027820984,0.4906000000
loo,JPM,2026-09-11,1530,svi,ok,,8,14,2027-01-15,0.3452054795,359.5743815976,20,0.0767123288,0.1726027397,11.7142073691,25.9295127688,27.5666761642,55.7669788627,-20.7689632178,-29.6731574325,209.1219000000
loo,JPM,2026-09-11,1530,ssvi,ok,,8,14,2027-01-15,0.3452054795,359.5743815976,20,0.0767123288,0.1726027397,44.1691531043,109.2200654212,62.7732364546,167.7743837308,-38.5417926587,-39.3534325623,1.0242000000
loo,JPM,2026-09-11,1530,essvi,ok,,8,14,2027-01-15,0.3452054795,359.5743815976,20,0.0767123288,0.1726027397,29.5599563275,62.1395100255,48.2059496497,131.3023273853,-34.0037870980,-39.3113325620,0.6146000000
loo,JPM,2026-09-11,1530,essvi_g05,ok,,8,14,2027-01-15,0.3452054795,359.5743815976,20,0.0767123288,0.1726027397,32.8845101426,83.1725251885,52.3488068091,151.0400857710,-30.7506314273,-21.1121836319,54.4239000000
loo,JPM,2026-09-11,1530,essvi_gfree,ok,,8,14,2027-01-15,0.3452054795,359.5743815976,20,0.0767123288,0.1726027397,30.6043425170,77.0989789391,49.6712425401,142.4076616386,-30.5585679839,-25.7768473765,2.6001000000
loo,JPM,2026-09-11,1530,essvi_sg05,ok,,8,14,2027-01-15,0.3452054795,359.5743815976,20,0.0767123288,0.1726027397,75.2668217478,191.9831360047,58.5572563871,170.1384642191,20.9607201386,-39.3706865339,0.5276000000
loo,JPM,2026-09-11,1530,svi,ok,,9,14,2027-03-19,0.5178082192,362.0289896919,41,0.1726027397,0.2465753425,10.8728846184,32.0162943484,21.7967628081,55.7327022394,5.1884517703,9.5410969551,216.8993000000
loo,JPM,2026-09-11,1530,ssvi,ok,,9,14,2027-03-19,0.5178082192,362.0289896919,41,0.1726027397,0.2465753425,25.9749014167,53.0167303047,32.5140875617,68.7789666528,12.1346859958,11.8886581375,0.9514000000
loo,JPM,2026-09-11,1530,essvi,ok,,9,14,2027-03-19,0.5178082192,362.0289896919,41,0.1726027397,0.2465753425,14.6356310793,30.2970340693,22.2742799935,48.7604321372,3.3379071408,12.3496105554,0.6768000000
loo,JPM,2026-09-11,1530,essvi_g05,ok,,9,14,2027-03-19,0.5178082192,362.0289896919,41,0.1726027397,0.2465753425,19.6125694765,39.1662088378,27.4564204369,66.9507524550,2.5122919380,22.6505437064,7.4780000000
loo,JPM,2026-09-11,1530,essvi_gfree,ok,,9,14,2027-03-19,0.5178082192,362.0289896919,41,0.1726027397,0.2465753425,14.9736693541,31.3288744002,18.9464923942,42.8713333477,-0.2148054604,6.6457266135,2.3473000000
loo,JPM,2026-09-11,1530,essvi_sg05,ok,,9,14,2027-03-19,0.5178082192,362.0289896919,41,0.1726027397,0.2465753425,20.6450949496,50.7775383194,47.4830918053,119.2423975298,26.7240103020,11.5689038241,0.6352000000
loo,JPM,2026-09-11,1530,svi,ok,,10,14,2027-06-17,0.7643835616,365.2766938305,32,0.2465753425,0.2520547945,15.6009958754,41.1478981373,31.5009873155,68.2855574841,-23.4392829492,-27.6019479844,207.4955000000
loo,JPM,2026-09-11,1530,ssvi,ok,,10,14,2027-06-17,0.7643835616,365.2766938305,32,0.2465753425,0.2520547945,26.5685558157,49.3367878473,27.3055409196,62.5192514300,-11.4692607454,-32.0927285341,0.8974000000
loo,JPM,2026-09-11,1530,essvi,ok,,10,14,2027-06-17,0.7643835616,365.2766938305,32,0.2465753425,0.2520547945,17.2928596864,57.4556155346,29.1975092610,62.7270216154,-21.1305545542,-32.0492018421,0.6318000000
loo,JPM,2026-09-11,1530,essvi_g05,ok,,10,14,2027-06-17,0.7643835616,365.2766938305,32,0.2465753425,0.2520547945,17.0271820645,67.4140484070,29.2347228448,88.9145734330,-22.9471951941,-12.2408694195,6.3242000000
loo,JPM,2026-09-11,1530,essvi_gfree,ok,,10,14,2027-06-17,0.7643835616,365.2766938305,32,0.2465753425,0.2520547945,20.6955744032,42.3803552445,29.4225179910,64.2243614437,-20.6248470784,-33.5365052076,2.7639000000
loo,JPM,2026-09-11,1530,essvi_sg05,ok,,10,14,2027-06-17,0.7643835616,365.2766938305,32,0.2465753425,0.2520547945,21.4012794015,35.4453193913,28.8759840108,63.1004293805,-19.5192714257,-31.7088779123,0.5425000000
loo,JPM,2026-09-11,1530,svi,ok,,11,14,2027-09-17,1.0164383562,368.1038033584,34,0.2520547945,0.2493150685,11.5533851934,36.1393149495,18.1928810833,54.7879988921,5.9935751228,8.0579639020,209.0687000000
loo,JPM,2026-09-11,1530,ssvi,ok,,11,14,2027-09-17,1.0164383562,368.1038033584,34,0.2520547945,0.2493150685,22.8842998208,60.1406833047,26.2400193912,64.1415185862,9.5635127019,0.1524196093,0.8630000000
loo,JPM,2026-09-11,1530,essvi,ok,,11,14,2027-09-17,1.0164383562,368.1038033584,34,0.2520547945,0.2493150685,17.5218094459,49.1702259394,22.1622493220,59.4833772403,4.1908859007,0.2442899969,0.6099000000
loo,JPM,2026-09-11,1530,essvi_g05,ok,,11,14,2027-09-17,1.0164383562,368.1038033584,34,0.2520547945,0.2493150685,23.0754208739,60.8589778669,26.0801811439,70.7059622149,4.5677518651,26.7736847386,6.1716000000
loo,JPM,2026-09-11,1530,essvi_gfree,ok,,11,14,2027-09-17,1.0164383562,368.1038033584,34,0.2520547945,0.2493150685,17.5237511454,50.5110216323,21.5221658658,61.2505867932,5.7335271823,4.2427706924,2.6649000000
loo,JPM,2026-09-11,1530,essvi_sg05,ok,,11,14,2027-09-17,1.0164383562,368.1038033584,34,0.2520547945,0.2493150685,18.6718274104,47.6333229936,21.3798468946,53.3221593043,-5.2220570005,0.3091520514,0.5212000000
loo,JPM,2026-09-11,1530,svi,ok,,12,14,2027-12-17,1.2657534247,370.8263899209,28,0.2493150685,0.0958904110,9.6006606107,19.6180025214,16.2754681087,34.7790792203,9.9303126100,14.7849738660,208.8342000000
loo,JPM,2026-09-11,1530,ssvi,ok,,12,14,2027-12-17,1.2657534247,370.8263899209,28,0.2493150685,0.0958904110,14.8140324223,49.8492048131,13.5931444403,44.3811335951,3.3577300541,16.8844831089,1.4167000000
loo,JPM,2026-09-11,1530,essvi,ok,,12,14,2027-12-17,1.2657534247,370.8263899209,28,0.2493150685,0.0958904110,11.3617050813,27.7580101450,14.4106471446,36.3193844035,7.0940299003,16.8717569567,1.0820000000
loo,JPM,2026-09-11,1530,essvi_g05,ok,,12,14,2027-12-17,1.2657534247,370.8263899209,28,0.2493150685,0.0958904110,25.8512284712,74.3784313819,31.0262308454,81.7673946526,10.6174306321,47.4574476589,9.6989000000
loo,JPM,2026-09-11,1530,essvi_gfree,ok,,12,14,2027-12-17,1.2657534247,370.8263899209,28,0.2493150685,0.0958904110,12.3800263220,41.0463057203,17.3466509011,44.9635415618,9.0094407086,24.5420743501,2.5460000000
loo,JPM,2026-09-11,1530,essvi_sg05,ok,,12,14,2027-12-17,1.2657534247,370.8263899209,28,0.2493150685,0.0958904110,25.6643813058,72.6542824408,23.8224565708,84.4830791710,-9.5937728791,16.8264885374,0.5361000000
loo,XOM,2026-08-14,1530,svi,ok,,1,15,2026-08-28,0.0383561644,159.5902534620,13,0.0191780822,0.0191780822,16.9891923851,32.4811568171,67.6241621501,110.9688513401,39.9459318879,8.0238674165,117.3206000000
loo,XOM,2026-08-14,1530,ssvi,ok,,1,15,2026-08-28,0.0383561644,159.5902534620,13,0.0191780822,0.0191780822,124.9503148953,312.2978484946,126.2803617510,316.7002349474,-1.0127330848,-7.3703651018,0.8720000000
loo,XOM,2026-08-14,1530,essvi,ok,,1,15,2026-08-28,0.0383561644,159.5902534620,13,0.0191780822,0.0191780822,27.9453855430,46.3818778400,59.2906589203,113.5332187846,31.9147760649,-4.3973253826,0.5438000000
loo,XOM,2026-08-14,1530,essvi_g05,ok,,1,15,2026-08-28,0.0383561644,159.5902534620,13,0.0191780822,0.0191780822,21.4695734801,34.0943951107,65.6063210846,123.7190975648,44.3387524542,8.7106799215,2.2621000000
loo,XOM,2026-08-14,1530,essvi_gfree,ok,,1,15,2026-08-28,0.0383561644,159.5902534620,13,0.0191780822,0.0191780822,22.3643287503,48.3149258072,61.6896539971,102.3098135463,36.7686515707,19.8761895960,2.6431000000
loo,XOM,2026-08-14,1530,essvi_sg05,ok,,1,15,2026-08-28,0.0383561644,159.5902534620,13,0.0191780822,0.0191780822,40.8813058063,69.0252947477,60.6008042901,115.7441981969,32.3809166494,-4.4519866514,0.3572000000
loo,XOM,2026-08-14,1530,svi,ok,,2,15,2026-09-04,0.0575342466,159.8240814499,9,0.0191780822,0.0191780822,11.5693404504,25.4308566411,46.5433315810,60.8959741300,-44.5163225933,-20.7017137089,159.2937000000
loo,XOM,2026-08-14,1530,ssvi,ok,,2,15,2026-09-04,0.0575342466,159.8240814499,9,0.0191780822,0.0191780822,46.7845518262,80.3365540111,55.8267079016,98.4325582676,-34.7619636140,-16.6896226501,0.8789000000
loo,XOM,2026-08-14,1530,essvi,ok,,2,15,2026-09-04,0.0575342466,159.8240814499,9,0.0191780822,0.0191780822,15.2681079931,37.6230848028,43.6565244789,57.6050810686,-41.4324442456,-15.4535219482,0.9629000000
loo,XOM,2026-08-14,1530,essvi_g05,ok,,2,15,2026-09-04,0.0575342466,159.8240814499,9,0.0191780822,0.0191780822,19.5642899698,39.3760924622,50.6125192851,87.4442385997,-46.6275390547,-46.4896396581,2.1655000000
loo,XOM,2026-08-14,1530,essvi_gfree,ok,,2,15,2026-09-04,0.0575342466,159.8240814499,9,0.0191780822,0.0191780822,16.5487962224,35.4192747941,47.4275000795,81.3315438875,-44.2987004521,-39.6071408477,2.4206000000
loo,XOM,2026-08-14,1530,essvi_sg05,ok,,2,15,2026-09-04,0.0575342466,159.8240814499,9,0.0191780822,0.0191780822,20.2500886242,35.9744907507,24.9285590806,56.0240042569,-15.4613576345,-15.2567123167,0.3607000000
loo,XOM,2026-08-14,1530,svi,ok,,3,15,2026-09-11,0.0767123288,160.0231090318,10,0.0191780822,0.0191780822,22.9675390528,51.1297760023,52.8482809574,95.3738495549,38.3827309167,25.2685348157,140.8741000000
loo,XOM,2026-08-14,1530,ssvi,ok,,3,15,2026-09-11,0.0767123288,160.0231090318,10,0.0191780822,0.0191780822,37.2693794168,85.7620709951,60.6897342798,123.5775596920,49.2296387604,38.0894035734,0.8489000000
loo,XOM,2026-08-14,1530,essvi,ok,,3,15,2026-09-11,0.0767123288,160.0231090318,10,0.0191780822,0.0191780822,27.2600468718,57.9150390416,64.1346920521,113.1193504707,51.4333584798,38.4904819030,0.5284000000
loo,XOM,2026-08-14,1530,essvi_g05,ok,,3,15,2026-09-11,0.0767123288,160.0231090318,10,0.0191780822,0.0191780822,40.5051881219,78.2222630479,56.4865938995,104.9497481755,22.5782314998,-12.1112189993,2.3770000000
loo,XOM,2026-08-14,1530,essvi_gfree,ok,,3,15,2026-09-11,0.0767123288,160.0231090318,10,0.0191780822,0.0191780822,38.1874275776,75.6458909109,55.2936632745,103.8978747268,24.5341094337,-6.8016146839,2.2930000000
loo,XOM,2026-08-14,1530,essvi_sg05,ok,,3,15,2026-09-11,0.0767123288,160.0231090318,10,0.0191780822,0.0191780822,49.7183211969,108.4448705631,89.5851155729,155.7389499662,73.0076552281,38.5156033871,0.3330000000
loo,XOM,2026-08-14,1530,svi,ok,,4,15,2026-09-18,0.0958904110,160.0445112592,9,0.0191780822,0.0191780822,13.7152785954,30.4015844516,43.3446775878,84.5808657448,-10.1926499542,-33.5951025182,132.6429000000
loo,XOM,2026-08-14,1530,ssvi,ok,,4,15,2026-09-18,0.0958904110,160.0445112592,9,0.0191780822,0.0191780822,83.3978451024,163.9255165717,72.1629974588,130.7675006597,8.9948432714,-36.7981899519,0.8616000000
loo,XOM,2026-08-14,1530,essvi,ok,,4,15,2026-09-18,0.0958904110,160.0445112592,9,0.0191780822,0.0191780822,26.2893550774,47.2568231637,36.7537394591,90.7051893230,-22.0008368688,-37.5946885769,0.5277000000
loo,XOM,2026-08-14,1530,essvi_g05,ok,,4,15,2026-09-18,0.0958904110,160.0445112592,9,0.0191780822,0.0191780822,40.6045456068,77.8591719198,59.3939024952,136.6350111488,22.0495378975,-57.3569736414,2.0196000000
loo,XOM,2026-08-14,1530,essvi_gfree,ok,,4,15,2026-09-18,0.0958904110,160.0445112592,9,0.0191780822,0.0191780822,35.4324042534,71.0009013793,54.4118314261,124.2875335049,18.5704929615,-55.6236573084,2.1079000000
loo,XOM,2026-08-14,1530,essvi_sg05,ok,,4,15,2026-09-18,0.0958904110,160.0445112592,9,0.0191780822,0.0191780822,86.9959261381,133.3342129127,73.0211644140,166.4525788274,41.4601889152,-37.2116923735,0.4143000000
loo,XOM,2026-08-14,1530,svi,ok,,5,15,2026-09-25,0.1150684932,160.3638522193,9,0.0191780822,0.0191780822,9.9622705794,21.5157886199,19.2403737766,38.1870601858,13.4226937256,9.7917484273,139.1157000000
loo,XOM,2026-08-14,1530,ssvi,ok,,5,15,2026-09-25,0.1150684932,160.3638522193,9,0.0191780822,0.0191780822,38.7679742546,72.8172418216,40.5107606159,73.6594503135,15.2410352162,26.6210637966,0.8634000000
loo,XOM,2026-08-14,1530,essvi,ok,,5,15,2026-09-25,0.1150684932,160.3638522193,9,0.0191780822,0.0191780822,10.7079260823,21.8789580086,28.8830652125,48.6914030092,26.0902861467,24.8134664488,0.5257000000
loo,XOM,2026-08-14,1530,essvi_g05,ok,,5,15,2026-09-25,0.1150684932,160.3638522193,9,0.0191780822,0.0191780822,15.9991630621,23.7256946050,28.3376180453,64.4054746031,7.9733851768,-13.0462084382,2.0480000000
loo,XOM,2026-08-14,1530,essvi_gfree,ok,,5,15,2026-09-25,0.1150684932,160.3638522193,9,0.0191780822,0.0191780822,14.9350612801,21.6423592925,26.8901587063,61.1994131006,9.1148185242,-9.8439603152,2.1026000000
loo,XOM,2026-08-14,1530,essvi_sg05,ok,,5,15,2026-09-25,0.1150684932,160.3638522193,9,0.0191780822,0.0191780822,20.2860485680,36.5495187738,54.2264497583,104.6084793260,46.3835800054,24.7283704712,0.3376000000
loo,XOM,2026-08-14,1530,svi,ok,,6,15,2026-10-02,0.1342465753,160.4856103898,7,0.0191780822,0.0383561644,15.7718854914,24.2410138683,24.8833148883,48.6761338784,-3.8614875923,-9.0978291569,130.7711000000
loo,XOM,2026-08-14,1530,ssvi,ok,,6,15,2026-10-02,0.1342465753,160.4856103898,7,0.0191780822,0.0383561644,49.4664058438,91.6109363954,48.7845536883,83.9570526688,-0.8536548804,-8.2844559644,0.9185000000
loo,XOM,2026-08-14,1530,essvi,ok,,6,15,2026-10-02,0.1342465753,160.4856103898,7,0.0191780822,0.0383561644,21.8523296868,44.2692998899,25.4692771745,52.0676776330,-2.8479482616,-10.5320580407,0.4984000000
loo,XOM,2026-08-14,1530,essvi_g05,ok,,6,15,2026-10-02,0.1342465753,160.4856103898,7,0.0191780822,0.0383561644,22.0331432311,43.0758834000,30.9210889537,48.8433670919,-13.0141507615,-26.2720996169,1.8894000000
loo,XOM,2026-08-14,1530,essvi_gfree,ok,,6,15,2026-10-02,0.1342465753,160.4856103898,7,0.0191780822,0.0383561644,21.8997924067,42.9567278107,29.8702954444,48.0035020792,-11.3579806461,-23.8956862268,2.0359000000
loo,XOM,2026-08-14,1530,essvi_sg05,ok,,6,15,2026-10-02,0.1342465753,160.4856103898,7,0.0191780822,0.0383561644,24.1711472730,53.8564776120,29.8836435937,65.8973366075,3.4502471824,-9.9243146825,0.3517000000
loo,XOM,2026-08-14,1530,svi,ok,,7,15,2026-10-16,0.1726027397,160.4593481913,14,0.0383561644,0.0958904110,120.2054126381,361.3231696156,210.6576749270,494.0568193048,105.8496885781,35.5562208212,140.4087000000
loo,XOM,2026-08-14,1530,ssvi,ok,,7,15,2026-10-16,0.1726027397,160.4593481913,14,0.0383561644,0.0958904110,104.0005793878,184.7084135280,110.4828682748,175.7598237542,34.7103944824,55.3430783219,0.8646000000
loo,XOM,2026-08-14,1530,essvi,ok,,7,15,2026-10-16,0.1726027397,160.4593481913,14,0.0383561644,0.0958904110,18.0671138671,49.6898437787,38.9967108180,61.4030983842,10.5799509401,52.4058198685,0.5253000000
loo,XOM,2026-08-14,1530,essvi_g05,ok,,7,15,2026-10-16,0.1726027397,160.4593481913,14,0.0383561644,0.0958904110,24.3680708334,50.5682092088,43.1990541563,87.1533278698,36.3429301686,19.2782520402,2.1296000000
loo,XOM,2026-08-14,1530,essvi_gfree,ok,,7,15,2026-10-16,0.1726027397,160.4593481913,14,0.0383561644,0.0958904110,22.4606673914,47.2806821249,39.8667495657,82.0858236563,33.3702516798,19.7045736347,2.0876000000
loo,XOM,2026-08-14,1530,essvi_sg05,ok,,7,15,2026-10-16,0.1726027397,160.4593481913,14,0.0383561644,0.0958904110,32.6359464088,70.4733938745,71.4891571350,115.7610145116,67.8400145068,52.4832375756,0.3477000000
loo,XOM,2026-08-14,1530,svi,ok,,8,15,2026-11-20,0.2684931507,160.4631281851,15,0.0958904110,0.0767123288,14.4786883229,35.5721443937,45.7596302382,86.1393074827,-31.8176922636,-86.1393074827,139.6610000000
loo,XOM,2026-08-14,1530,ssvi,ok,,8,15,2026-11-20,0.2684931507,160.4631281851,15,0.0958904110,0.0767123288,68.0517710760,142.3960877908,58.8700198847,91.1691858481,-22.7882577632,-76.0895862445,0.8549000000
loo,XOM,2026-08-14,1530,essvi,ok,,8,15,2026-11-20,0.2684931507,160.4631281851,15,0.0958904110,0.0767123288,26.2809190596,41.6973534148,41.4186452162,77.7700941435,-26.6954158364,-77.7700941435,0.5120000000
loo,XOM,2026-08-14,1530,essvi_g05,ok,,8,15,2026-11-20,0.2684931507,160.4631281851,15,0.0958904110,0.0767123288,27.3457132473,63.1418635170,48.7867268078,96.7407904673,-33.1756414738,-96.7407904673,3.8180000000
loo,XOM,2026-08-14,1530,essvi_gfree,ok,,8,15,2026-11-20,0.2684931507,160.4631281851,15,0.0958904110,0.0767123288,27.4318182238,63.3542455047,49.1871586022,97.1087208201,-33.5065106849,-97.1087208201,2.6093000000
loo,XOM,2026-08-14,1530,essvi_sg05,ok,,8,15,2026-11-20,0.2684931507,160.4631281851,15,0.0958904110,0.0767123288,64.8346422742,100.5958829815,38.8687640581,77.7858263926,-13.4097592388,-77.7858263926,0.3371000000
loo,XOM,2026-08-14,1530,svi,ok,,9,15,2026-12-18,0.3452054795,160.4052772679,18,0.0767123288,0.0767123288,17.4428088324,52.3440675681,23.5199973943,81.7985920779,-5.9104462570,-9.2937744893,120.7207000000
loo,XOM,2026-08-14,1530,ssvi,ok,,9,15,2026-12-18,0.3452054795,160.4052772679,18,0.0767123288,0.0767123288,61.0085305128,138.8959438329,69.7948567904,132.1011008881,19.9045190231,9.6328658098,0.8312000000
loo,XOM,2026-08-14,1530,essvi,ok,,9,15,2026-12-18,0.3452054795,160.4052772679,18,0.0767123288,0.0767123288,21.5096224728,49.9709015435,34.0369975674,102.2297043472,-1.4661652828,8.1879532891,0.5295000000
loo,XOM,2026-08-14,1530,essvi_g05,ok,,9,15,2026-12-18,0.3452054795,160.4052772679,18,0.0767123288,0.0767123288,19.2743574448,48.4113156690,25.1526794505,75.4549551621,-2.3618897283,-16.7536631940,2.2899000000
loo,XOM,2026-08-14,1530,essvi_gfree,ok,,9,15,2026-12-18,0.3452054795,160.4052772679,18,0.0767123288,0.0767123288,19.3398312388,46.3086485446,25.1495536247,73.0288050818,-2.2864789880,-18.9436992818,2.6249000000
loo,XOM,2026-08-14,1530,essvi_sg05,ok,,9,15,2026-12-18,0.3452054795,160.4052772679,18,0.0767123288,0.0767123288,24.5628085147,45.2961646944,33.7547331924,61.7835452971,23.4988944478,7.9837005567,0.3649000000
loo,XOM,2026-08-14,1530,svi,ok,,10,15,2027-01-15,0.4219178082,161.0641395550,19,0.0767123288,0.1726027397,9.9763456079,24.7504544504,28.3816412710,39.9397922173,24.9248477976,16.6200632021,140.5837000000
loo,XOM,2026-08-14,1530,ssvi,ok,,10,15,2027-01-15,0.4219178082,161.0641395550,19,0.0767123288,0.1726027397,38.6801850475,66.3878287202,48.7042079693,87.1718105636,29.6058841038,31.5057221192,0.8174000000
loo,XOM,2026-08-14,1530,essvi,ok,,10,15,2027-01-15,0.4219178082,161.0641395550,19,0.0767123288,0.1726027397,17.3773821673,29.6486123562,38.6927537176,56.0334255685,29.8705197762,30.1743969232,0.5421000000
loo,XOM,2026-08-14,1530,essvi_g05,ok,,10,15,2027-01-15,0.4219178082,161.0641395550,19,0.0767123288,0.1726027397,17.5888461401,39.6189016475,32.4748261314,46.9262767511,22.6942670380,20.5774050396,4.3800000000
loo,XOM,2026-08-14,1530,essvi_gfree,ok,,10,15,2027-01-15,0.4219178082,161.0641395550,19,0.0767123288,0.1726027397,16.4826921653,34.2059845290,31.6686710558,45.6088060372,22.9423533246,17.4396433027,3.0723000000
loo,XOM,2026-08-14,1530,essvi_sg05,ok,,10,15,2027-01-15,0.4219178082,161.0641395550,19,0.0767123288,0.1726027397,17.5426700606,34.5351128808,41.2768006794,56.6813966297,34.2540813083,30.1367906461,0.3476000000
loo,XOM,2026-08-14,1530,svi,ok,,11,15,2027-03-19,0.5945205479,161.3982007508,19,0.1726027397,0.2465753425,10.8328621744,20.2861812954,13.1002118519,26.9351760786,-1.6099869181,-26.9351760786,118.6803000000
loo,XOM,2026-08-14,1530,ssvi,ok,,11,15,2027-03-19,0.5945205479,161.3982007508,19,0.1726027397,0.2465753425,22.3209713057,41.6876107266,25.7831901005,61.8482753318,-12.5804815995,-21.1503085091,0.8257000000
loo,XOM,2026-08-14,1530,essvi,ok,,11,15,2027-03-19,0.5945205479,161.3982007508,19,0.1726027397,0.2465753425,17.0682769628,26.3736999756,13.1381549735,26.6567056323,-0.1482433328,-22.2867974019,0.5605000000
loo,XOM,2026-08-14,1530,essvi_g05,ok,,11,15,2027-03-19,0.5945205479,161.3982007508,19,0.1726027397,0.2465753425,16.1516754218,35.7723731601,18.4108296477,41.9623299523,0.7221782987,-5.5288401355,4.0161000000
loo,XOM,2026-08-14,1530,essvi_gfree,ok,,11,15,2027-03-19,0.5945205479,161.3982007508,19,0.1726027397,0.2465753425,14.1017756635,30.9543468005,16.0324956416,38.5442359610,0.2168455355,-10.1096868704,3.2839000000
loo,XOM,2026-08-14,1530,essvi_sg05,ok,,11,15,2027-03-19,0.5945205479,161.3982007508,19,0.1726027397,0.2465753425,17.1302565321,28.6042300586,21.9739796867,52.6965592097,-13.8741383266,-22.1241409561,0.3568000000
loo,XOM,2026-08-14,1530,svi,ok,,12,15,2027-06-17,0.8410958904,162.2164270363,22,0.2465753425,0.5013698630,13.9498682002,36.6653657059,31.6603233852,78.8499794740,-20.0302451894,-8.0724801211,130.1116000000
loo,XOM,2026-08-14,1530,ssvi,ok,,12,15,2027-06-17,0.8410958904,162.2164270363,22,0.2465753425,0.5013698630,37.6983188175,103.7495518089,43.9907135097,123.2968533811,-29.0766898175,-7.8015797971,0.7932000000
loo,XOM,2026-08-14,1530,essvi,ok,,12,15,2027-06-17,0.8410958904,162.2164270363,22,0.2465753425,0.5013698630,18.4362417971,31.5550231079,39.5368711423,116.9309284520,-23.9095290560,-8.2422785634,0.5387000000
loo,XOM,2026-08-14,1530,essvi_g05,ok,,12,15,2027-06-17,0.8410958904,162.2164270363,22,0.2465753425,0.5013698630,30.3155046611,76.0810180709,45.6649083577,135.5735551900,-25.3203405350,-0.1544389607,2.3574000000
loo,XOM,2026-08-14,1530,essvi_gfree,ok,,12,15,2027-06-17,0.8410958904,162.2164270363,22,0.2465753425,0.5013698630,26.2713074527,66.3850217222,43.3555697697,128.7437008058,-24.9929506721,-3.4582468056,3.1166000000
loo,XOM,2026-08-14,1530,essvi_sg05,ok,,12,15,2027-06-17,0.8410958904,162.2164270363,22,0.2465753425,0.5013698630,40.1283038690,95.7699617847,50.9764345054,143.8126573918,-33.9203297805,-8.1358040034,0.3532000000
loo,XOM,2026-08-14,1530,svi,ok,,13,15,2027-12-17,1.3424657534,163.3790197554,24,0.5013698630,0.0958904110,14.5619953410,33.2350507262,18.8616182234,43.8374361159,5.9798280049,12.5827753757,119.5857000000
loo,XOM,2026-08-14,1530,ssvi,ok,,13,15,2027-12-17,1.3424657534,163.3790197554,24,0.5013698630,0.0958904110,20.4257624529,47.1606870683,27.2369386437,60.0638041965,18.2166120031,28.1467320553,0.8941000000
loo,XOM,2026-08-14,1530,essvi,ok,,13,15,2027-12-17,1.3424657534,163.3790197554,24,0.5013698630,0.0958904110,17.8863377309,38.5697215816,24.2284240120,46.9673855102,13.5227423437,28.0231961030,0.5523000000
loo,XOM,2026-08-14,1530,essvi_g05,ok,,13,15,2027-12-17,1.3424657534,163.3790197554,24,0.5013698630,0.0958904110,16.5576229226,39.7709128257,20.9800194750,52.6535451215,6.1155460516,21.7954815857,2.4919000000
loo,XOM,2026-08-14,1530,essvi_gfree,ok,,13,15,2027-12-17,1.3424657534,163.3790197554,24,0.5013698630,0.0958904110,15.9571140771,29.1407627462,18.9110286736,41.3799941530,5.3022146001,14.2088256586,3.2157000000
loo,XOM,2026-08-14,1530,essvi_sg05,ok,,13,15,2027-12-17,1.3424657534,163.3790197554,24,0.5013698630,0.0958904110,22.7537092767,50.1034327345,23.1973979686,52.8392979346,10.1746407840,27.9542382426,0.3531000000
loo,XOM,2026-08-17,1530,svi,ok,,1,15,2026-08-28,0.0301369863,162.1085457226,8,0.0191780822,0.0191780822,10.7567356733,17.5595019422,44.9163664278,93.4780296285,32.2313864246,13.3850240427,98.9161000000
loo,XOM,2026-08-17,1530,ssvi,ok,,1,15,2026-08-28,0.0301369863,162.1085457226,8,0.0191780822,0.0191780822,84.3656585389,184.4347295465,85.3874423337,186.4648861541,-42.4922770964,-4.5961647220,0.8943000000
loo,XOM,2026-08-17,1530,essvi,ok,,1,15,2026-08-28,0.0301369863,162.1085457226,8,0.0191780822,0.0191780822,13.6059846482,30.0414839509,51.8345010914,106.8780169010,-19.4110252906,-3.7188951589,0.5816000000
loo,XOM,2026-08-17,1530,essvi_g05,ok,,1,15,2026-08-28,0.0301369863,162.1085457226,8,0.0191780822,0.0191780822,12.0998836436,25.6891492743,43.0582692037,83.4543255965,35.8687752660,35.5181579769,2.1092000000
loo,XOM,2026-08-17,1530,essvi_gfree,ok,,1,15,2026-08-28,0.0301369863,162.1085457226,8,0.0191780822,0.0191780822,12.3227629058,26.1820504703,40.4675098229,80.1570333373,33.7752496023,30.5032518146,2.7106000000
loo,XOM,2026-08-17,1530,essvi_sg05,ok,,1,15,2026-08-28,0.0301369863,162.1085457226,8,0.0191780822,0.0191780822,14.3805687642,34.9636243836,26.9098208662,47.4825927368,-3.8076610303,-2.6545324640,0.4038000000
loo,XOM,2026-08-17,1530,svi,ok,,2,15,2026-09-04,0.0493150685,162.3532236754,12,0.0191780822,0.0191780822,13.7826549039,26.1883916425,56.1643395202,110.2757273153,-41.9271287168,13.2159869247,97.8104000000
loo,XOM,2026-08-17,1530,ssvi,ok,,2,15,2026-09-04,0.0493150685,162.3532236754,12,0.0191780822,0.0191780822,92.2074370583,209.3792628541,76.3493131837,188.1570259095,-55.6922009872,23.9837386349,0.8602000000
loo,XOM,2026-08-17,1530,essvi,ok,,2,15,2026-09-04,0.0493150685,162.3532236754,12,0.0191780822,0.0191780822,24.4469395738,58.6734128884,68.4688053168,115.9427491130,-51.7705651187,25.3106375358,0.5588000000
loo,XOM,2026-08-17,1530,essvi_g05,ok,,2,15,2026-09-04,0.0493150685,162.3532236754,12,0.0191780822,0.0191780822,22.0191102371,42.8550979927,59.3407025786,92.4762757517,-49.9465128889,-3.0274543143,2.0806000000
loo,XOM,2026-08-17,1530,essvi_gfree,ok,,2,15,2026-09-04,0.0493150685,162.3532236754,12,0.0191780822,0.0191780822,21.0753078926,39.3159144216,57.9002829235,90.1857072101,-48.9740064685,-4.6116064164,2.3958000000
loo,XOM,2026-08-17,1530,essvi_sg05,ok,,2,15,2026-09-04,0.0493150685,162.3532236754,12,0.0191780822,0.0191780822,45.1409036857,89.7321078632,43.9270620845,73.0409723161,-24.3113920044,25.9079597204,0.3587000000
loo,XOM,2026-08-17,1530,svi,ok,,3,15,2026-09-11,0.0684931507,162.3550354706,11,0.0191780822,0.0191780822,11.3711488685,23.4817351325,77.0664685127,124.4030782781,71.2183664546,25.3390453956,92.1844000000
loo,XOM,2026-08-17,1530,ssvi,ok,,3,15,2026-09-11,0.0684931507,162.3550354706,11,0.0191780822,0.0191780822,35.1589082376,84.6029779247,50.1226308023,105.2898536725,41.0106925394,19.5763067984,0.8641000000
loo,XOM,2026-08-17,1530,essvi,ok,,3,15,2026-09-11,0.0684931507,162.3550354706,11,0.0191780822,0.0191780822,23.1721770992,59.3682535022,70.0070560480,109.5054917233,64.3105078304,19.8380616412,0.5856000000
loo,XOM,2026-08-17,1530,essvi_g05,ok,,3,15,2026-09-11,0.0684931507,162.3550354706,11,0.0191780822,0.0191780822,23.6022387182,38.6209642490,71.7381062670,113.4514265883,67.2911177760,27.6793906979,2.0465000000
loo,XOM,2026-08-17,1530,essvi_gfree,ok,,3,15,2026-09-11,0.0684931507,162.3550354706,11,0.0191780822,0.0191780822,24.3099221044,39.1775783684,70.9906688169,112.0737978942,66.1798786828,25.0915669840,2.4266000000
loo,XOM,2026-08-17,1530,essvi_sg05,ok,,3,15,2026-09-11,0.0684931507,162.3550354706,11,0.0191780822,0.0191780822,41.6076235653,76.6659692271,63.5978510585,106.0438596124,58.5668982617,19.8088398584,0.3646000000
loo,XOM,2026-08-17,1530,svi,ok,,4,15,2026-09-18,0.0876712329,162.4850808821,10,0.0191780822,0.0191780822,11.6632446499,24.9865817887,43.8184947385,80.8898149187,-40.5046072630,-31.4754888836,106.4401000000
loo,XOM,2026-08-17,1530,ssvi,ok,,4,15,2026-09-18,0.0876712329,162.4850808821,10,0.0191780822,0.0191780822,64.2487226316,131.8248136783,74.6451495052,146.3545430762,-57.4362954341,-14.8923976706,0.8745000000
loo,XOM,2026-08-17,1530,essvi,ok,,4,15,2026-09-18,0.0876712329,162.4850808821,10,0.0191780822,0.0191780822,12.3449832323,28.2211135350,71.2758321487,119.5236565117,-60.0895933663,-19.9524693113,0.5916000000
loo,XOM,2026-08-17,1530,essvi_g05,ok,,4,15,2026-09-18,0.0876712329,162.4850808821,10,0.0191780822,0.0191780822,14.6994412490,27.9386635551,35.5102011611,51.8089350991,-31.6650832882,-47.1349252751,2.0856000000
loo,XOM,2026-08-17,1530,essvi_gfree,ok,,4,15,2026-09-18,0.0876712329,162.4850808821,10,0.0191780822,0.0191780822,15.6909708256,30.5443887095,34.7343871283,52.2829328914,-30.0490792696,-48.1100483582,2.2195000000
loo,XOM,2026-08-17,1530,essvi_sg05,ok,,4,15,2026-09-18,0.0876712329,162.4850808821,10,0.0191780822,0.0191780822,14.2714128046,28.5843581423,22.5712909415,35.4422104506,-9.9598661258,-22.9193815808,0.3931000000
loo,XOM,2026-08-17,1530,svi,ok,,5,15,2026-09-25,0.1068493151,162.8240155103,10,0.0191780822,0.0191780822,18.4043515357,44.5747904712,36.7446345819,90.7522770054,20.1659748849,1.8508690383,99.9470000000
loo,XOM,2026-08-17,1530,ssvi,ok,,5,15,2026-09-25,0.1068493151,162.8240155103,10,0.0191780822,0.0191780822,25.1117215722,40.4127751725,30.4526000410,52.2528711396,18.1103334095,9.9796044237,0.8746000000
loo,XOM,2026-08-17,1530,essvi,ok,,5,15,2026-09-25,0.1068493151,162.8240155103,10,0.0191780822,0.0191780822,23.2675342814,47.1733670129,29.2952144011,39.4048913074,18.2628509268,9.6388921629,0.6558000000
loo,XOM,2026-08-17,1530,essvi_g05,ok,,5,15,2026-09-25,0.1068493151,162.8240155103,10,0.0191780822,0.0191780822,23.7713486875,49.5724994580,27.6641416170,60.5792171118,14.2057370250,-7.5296904821,2.1186000000
loo,XOM,2026-08-17,1530,essvi_gfree,ok,,5,15,2026-09-25,0.1068493151,162.8240155103,10,0.0191780822,0.0191780822,23.9746924342,50.4856183933,27.5739654426,61.2916757230,13.7047956844,-8.5790315643,2.4518000000
loo,XOM,2026-08-17,1530,essvi_sg05,ok,,5,15,2026-09-25,0.1068493151,162.8240155103,10,0.0191780822,0.0191780822,28.8360209491,57.7511643037,37.8758483273,67.2566198216,29.3453151656,9.4393098956,0.5080000000
loo,XOM,2026-08-17,1530,svi,ok,,6,15,2026-10-02,0.1260273973,162.9469474714,11,0.0191780822,0.0383561644,15.6592626367,29.3688166165,19.5449890623,32.6789978875,-3.3778903631,-23.1361358547,103.3597000000
loo,XOM,2026-08-17,1530,ssvi,ok,,6,15,2026-10-02,0.1260273973,162.9469474714,11,0.0191780822,0.0383561644,23.5155209965,59.8362326915,18.6954615100,46.9959344261,1.5332200269,-16.7900582114,1.3430000000
loo,XOM,2026-08-17,1530,essvi,ok,,6,15,2026-10-02,0.1260273973,162.9469474714,11,0.0191780822,0.0383561644,19.2386237977,46.8028066801,17.6985239656,33.6740653957,-0.2182529942,-17.6018057362,0.8701000000
loo,XOM,2026-08-17,1530,essvi_g05,ok,,6,15,2026-10-02,0.1260273973,162.9469474714,11,0.0191780822,0.0383561644,17.9226701829,35.3388720364,22.5683072601,37.4394564349,-10.5016135383,-35.8650126420,3.1213000000
loo,XOM,2026-08-17,1530,essvi_gfree,ok,,6,15,2026-10-02,0.1260273973,162.9469474714,11,0.0191780822,0.0383561644,18.0239114972,35.2468732940,22.7266491221,37.7979255568,-10.5847883028,-36.1922267141,3.6328000000
loo,XOM,2026-08-17,1530,essvi_sg05,ok,,6,15,2026-10-02,0.1260273973,162.9469474714,11,0.0191780822,0.0383561644,27.3276758965,51.1971292489,21.8943746483,34.4440223409,6.0023218110,-17.9856461725,0.5597000000
loo,XOM,2026-08-17,1530,svi,ok,,7,15,2026-10-16,0.1643835616,163.0187083782,13,0.0383561644,0.0958904110,11305.9451752490,33848.5969808982,11249.5701412578,33730.7221610417,4494.2829284317,54.0141449464,99.2788000000
loo,XOM,2026-08-17,1530,ssvi,ok,,7,15,2026-10-16,0.1643835616,163.0187083782,13,0.0383561644,0.0958904110,58.9636305355,108.8832900409,69.3159844348,103.7728843597,36.2073094310,54.4164278255,0.8698000000
loo,XOM,2026-08-17,1530,essvi,ok,,7,15,2026-10-16,0.1643835616,163.0187083782,13,0.0383561644,0.0958904110,11.1403260948,21.6256149838,45.4132348349,67.5601854344,14.8118509169,56.9845813559,0.6181000000
loo,XOM,2026-08-17,1530,essvi_g05,ok,,7,15,2026-10-16,0.1643835616,163.0187083782,13,0.0383561644,0.0958904110,16.6260850739,39.2056849418,54.2436699635,99.9208349941,38.2668030779,31.4469391133,2.0662000000
loo,XOM,2026-08-17,1530,essvi_gfree,ok,,7,15,2026-10-16,0.1643835616,163.0187083782,13,0.0383561644,0.0958904110,16.6938037902,39.2949924964,54.4211437110,100.1283749364,38.6751017241,31.8627808141,2.1542000000
loo,XOM,2026-08-17,1530,essvi_sg05,ok,,7,15,2026-10-16,0.1643835616,163.0187083782,13,0.0383561644,0.0958904110,20.1682163659,46.4013180789,66.6118680421,106.4367486532,59.7312766462,59.5272621271,0.3735000000
loo,XOM,2026-08-17,1530,svi,ok,,8,15,2026-11-20,0.2602739726,162.9347368038,14,0.0958904110,0.0767123288,8.9661276607,19.2455581554,44.3437775997,70.2624103589,-36.1946953451,-43.9388387099,112.5461000000
loo,XOM,2026-08-17,1530,ssvi,ok,,8,15,2026-11-20,0.2602739726,162.9347368038,14,0.0958904110,0.0767123288,35.1135925075,78.4877615313,58.4749712132,97.0664203139,-46.3483536737,-50.6970507554,0.8635000000
loo,XOM,2026-08-17,1530,essvi,ok,,8,15,2026-11-20,0.2602739726,162.9347368038,14,0.0958904110,0.0767123288,11.4487289466,22.9039178875,47.3221308380,72.9215517864,-38.5850250506,-46.7068970112,0.6018000000
loo,XOM,2026-08-17,1530,essvi_g05,ok,,8,15,2026-11-20,0.2602739726,162.9347368038,14,0.0958904110,0.0767123288,34.4371895087,69.6249231266,53.9279496164,85.1807048961,-38.7244552023,-58.1564931570,2.0581000000
loo,XOM,2026-08-17,1530,essvi_gfree,ok,,8,15,2026-11-20,0.2602739726,162.9347368038,14,0.0958904110,0.0767123288,33.5155693098,67.9716680176,53.2982753721,84.1331269677,-38.5277190952,-57.1493809932,2.1875000000
loo,XOM,2026-08-17,1530,essvi_sg05,ok,,8,15,2026-11-20,0.2602739726,162.9347368038,14,0.0958904110,0.0767123288,42.6020951006,93.0907832598,46.3542277577,73.4035334990,-30.1895385105,-46.2077754629,0.3676000000
loo,XOM,2026-08-17,1530,svi,ok,,9,15,2026-12-18,0.3369863014,163.2577300104,17,0.0767123288,0.0767123288,13.6449287356,27.5276506073,24.2137984457,49.7764293936,-5.3456634548,28.7473869311,100.4648000000
loo,XOM,2026-08-17,1530,ssvi,ok,,9,15,2026-12-18,0.3369863014,163.2577300104,17,0.0767123288,0.0767123288,27.8948661778,59.1666768866,27.4576074988,53.3073500559,4.2010094577,24.9914531109,0.8312000000
loo,XOM,2026-08-17,1530,essvi,ok,,9,15,2026-12-18,0.3369863014,163.2577300104,17,0.0767123288,0.0767123288,13.9573847471,26.6999392795,17.8655602360,40.7249055545,-2.4326992632,26.9438271620,0.5892000000
loo,XOM,2026-08-17,1530,essvi_g05,ok,,9,15,2026-12-18,0.3369863014,163.2577300104,17,0.0767123288,0.0767123288,16.3655844064,33.0280563388,16.4642215610,31.1465774289,0.4488622603,8.0753176744,2.0057000000
loo,XOM,2026-08-17,1530,essvi_gfree,ok,,9,15,2026-12-18,0.3369863014,163.2577300104,17,0.0767123288,0.0767123288,15.5404041105,31.9075394602,15.6916926819,30.2070084622,0.6903537900,10.0906819418,2.3642000000
loo,XOM,2026-08-17,1530,essvi_sg05,ok,,9,15,2026-12-18,0.3369863014,163.2577300104,17,0.0767123288,0.0767123288,15.5817020335,34.1664143801,21.8328556377,43.2878534437,15.7827530641,27.1905085391,0.3669000000
loo,XOM,2026-08-17,1530,svi,ok,,10,15,2027-01-15,0.4136986301,163.6386312718,21,0.0767123288,0.1726027397,8.3686711181,19.3598971711,23.8992559067,41.6785603502,18.6084821151,12.7373610471,103.6148000000
loo,XOM,2026-08-17,1530,ssvi,ok,,10,15,2027-01-15,0.4136986301,163.6386312718,21,0.0767123288,0.1726027397,30.9989413754,48.8738199926,31.4724397416,52.7039928981,3.9958683218,6.2060846804,0.8198000000
loo,XOM,2026-08-17,1530,essvi,ok,,10,15,2027-01-15,0.4136986301,163.6386312718,21,0.0767123288,0.1726027397,19.9238464150,38.7956427711,25.9053896048,54.3200611130,16.8325193353,7.6828246863,0.5878000000
loo,XOM,2026-08-17,1530,essvi_g05,ok,,10,15,2027-01-15,0.4136986301,163.6386312718,21,0.0767123288,0.1726027397,20.0111682805,41.5470518664,27.1696211294,58.1897713481,18.7273619140,9.7904025516,1.9839000000
loo,XOM,2026-08-17,1530,essvi_gfree,ok,,10,15,2027-01-15,0.4136986301,163.6386312718,21,0.0767123288,0.1726027397,19.6802048182,36.6003069210,26.5225134355,52.2225049781,17.9605699476,12.0861242993,2.2985000000
loo,XOM,2026-08-17,1530,essvi_sg05,ok,,10,15,2027-01-15,0.4136986301,163.6386312718,21,0.0767123288,0.1726027397,20.7309334315,43.4276507356,23.6585820828,46.3541524880,13.3690335889,7.6775367659,0.3690000000
loo,XOM,2026-08-17,1530,svi,ok,,11,15,2027-03-19,0.5863013699,163.8278614003,19,0.1726027397,0.2465753425,15.4640728622,30.9565235668,22.6348066043,44.1071222904,9.4332833183,27.2838268907,97.0080000000
loo,XOM,2026-08-17,1530,ssvi,ok,,11,15,2027-03-19,0.5863013699,163.8278614003,19,0.1726027397,0.2465753425,29.9754696236,56.5176766508,27.1457995616,54.7238807945,8.7077410814,27.2692070444,0.8714000000
loo,XOM,2026-08-17,1530,essvi,ok,,11,15,2027-03-19,0.5863013699,163.8278614003,19,0.1726027397,0.2465753425,18.5765027240,39.3698841730,25.0348948606,44.7035114931,10.7030242040,28.0141389244,0.5537000000
loo,XOM,2026-08-17,1530,essvi_g05,ok,,11,15,2027-03-19,0.5863013699,163.8278614003,19,0.1726027397,0.2465753425,20.4951433780,36.5280322043,25.2478426935,43.0299677161,9.4421025125,27.6817277528,1.6553000000
loo,XOM,2026-08-17,1530,essvi_gfree,ok,,11,15,2027-03-19,0.5863013699,163.8278614003,19,0.1726027397,0.2465753425,21.6008400052,38.3293296981,27.3857914085,47.9404428071,10.3354599692,31.9372704654,2.1836000000
loo,XOM,2026-08-17,1530,essvi_sg05,ok,,11,15,2027-03-19,0.5863013699,163.8278614003,19,0.1726027397,0.2465753425,26.3819939484,50.6099597267,25.9852917002,50.0415414483,7.1165886297,28.0661754915,0.3230000000
loo,XOM,2026-08-17,1530,svi,ok,,12,15,2027-06-17,0.8328767123,164.1930269927,23,0.2465753425,0.5013698630,19.2099848912,39.9212785928,40.7909559140,104.7249458520,-31.0769989642,-28.9272436818,89.0874000000
loo,XOM,2026-08-17,1530,ssvi,ok,,12,15,2027-06-17,0.8328767123,164.1930269927,23,0.2465753425,0.5013698630,27.4068995508,52.2779907310,39.9917699863,69.7556960270,-27.0010100056,-24.6501051516,0.7264000000
loo,XOM,2026-08-17,1530,essvi,ok,,12,15,2027-06-17,0.8328767123,164.1930269927,23,0.2465753425,0.5013698630,24.9913381411,47.4220646131,38.3736717804,67.4921514875,-27.4279248271,-24.5027231648,0.5964000000
loo,XOM,2026-08-17,1530,essvi_g05,ok,,12,15,2027-06-17,0.8328767123,164.1930269927,23,0.2465753425,0.5013698630,25.6234398628,49.7187602339,42.7980229777,72.3355204047,-32.4374085896,-26.6954025244,2.0519000000
loo,XOM,2026-08-17,1530,essvi_gfree,ok,,12,15,2027-06-17,0.8328767123,164.1930269927,23,0.2465753425,0.5013698630,26.5778304217,51.5450881863,45.8280028434,92.6006224843,-33.9010037352,-22.7773296253,2.3615000000
loo,XOM,2026-08-17,1530,essvi_sg05,ok,,12,15,2027-06-17,0.8328767123,164.1930269927,23,0.2465753425,0.5013698630,27.0248538536,53.5519707584,44.1584154858,82.1005651269,-33.1156058651,-24.5253353009,0.3430000000
loo,XOM,2026-08-17,1530,svi,ok,,13,15,2027-12-17,1.3342465753,165.3692165818,23,0.5013698630,0.0958904110,15.3502577838,32.7396530670,24.2678963745,54.0299431008,-8.8117330421,-31.1101088743,84.8633000000
loo,XOM,2026-08-17,1530,ssvi,ok,,13,15,2027-12-17,1.3342465753,165.3692165818,23,0.5013698630,0.0958904110,30.1617152862,80.7947943361,24.9690205641,63.7555633730,-4.0534564125,-26.9807284801,0.8235000000
loo,XOM,2026-08-17,1530,essvi,ok,,13,15,2027-12-17,1.3342465753,165.3692165818,23,0.5013698630,0.0958904110,22.1694370064,46.4631773002,23.5415488620,53.7289738058,-7.0688162180,-26.8910417924,0.5541000000
loo,XOM,2026-08-17,1530,essvi_g05,ok,,13,15,2027-12-17,1.3342465753,165.3692165818,23,0.5013698630,0.0958904110,17.4733722336,36.3126330849,24.6434687603,63.2884706162,-10.0899881805,-21.7494184098,1.7579000000
loo,XOM,2026-08-17,1530,essvi_gfree,ok,,13,15,2027-12-17,1.3342465753,165.3692165818,23,0.5013698630,0.0958904110,18.0282573328,37.2214069692,25.5222700450,69.8996225284,-10.0180263178,-18.5225034143,2.0495000000
loo,XOM,2026-08-17,1530,essvi_sg05,ok,,13,15,2027-12-17,1.3342465753,165.3692165818,23,0.5013698630,0.0958904110,23.3346853947,50.9828874754,26.1470437097,65.1557842725,-14.3621230414,-26.7871218393,0.3356000000
loo,XOM,2026-08-18,1530,svi,ok,,1,15,2026-08-28,0.0273972603,165.3765772284,12,0.0191780822,0.0191780822,16.8684411679,37.0360865015,60.5379650853,152.3287771936,-12.3680112797,18.6232608345,137.7694000000
loo,XOM,2026-08-18,1530,ssvi,ok,,1,15,2026-08-28,0.0273972603,165.3765772284,12,0.0191780822,0.0191780822,126.0489101350,262.5191474074,110.6195776254,239.3155427887,-65.5333288203,23.8035568923,0.9423000000
loo,XOM,2026-08-18,1530,essvi,ok,,1,15,2026-08-28,0.0273972603,165.3765772284,12,0.0191780822,0.0191780822,19.0198562698,44.3661284852,60.0465806168,116.2349851114,-26.4988764958,22.9496914365,0.7909000000
loo,XOM,2026-08-18,1530,essvi_g05,ok,,1,15,2026-08-28,0.0273972603,165.3765772284,12,0.0191780822,0.0191780822,23.4390578259,47.7522946020,32.7210345607,71.0742558164,-11.3448848353,5.9376528924,2.1778000000
loo,XOM,2026-08-18,1530,essvi_gfree,ok,,1,15,2026-08-28,0.0273972603,165.3765772284,12,0.0191780822,0.0191780822,36.3101054495,66.9330155650,64.5801167957,129.9740195232,-30.5188759613,21.9477960149,2.4864000000
loo,XOM,2026-08-18,1530,essvi_sg05,ok,,1,15,2026-08-28,0.0273972603,165.3765772284,12,0.0191780822,0.0191780822,22.6446680741,46.6134595203,35.8927906387,75.9347280759,26.9132570972,22.4593159899,0.3849000000
loo,XOM,2026-08-18,1530,svi,ok,,2,15,2026-09-04,0.0465753425,165.5158105400,9,0.0191780822,0.0191780822,19.2557188356,34.0385345558,40.8060110894,73.2699517112,-32.2310610986,-42.2020928624,127.3154000000
loo,XOM,2026-08-18,1530,ssvi,ok,,2,15,2026-09-04,0.0465753425,165.5158105400,9,0.0191780822,0.0191780822,23.2429943030,39.7257819547,48.2493531392,79.0656690007,-42.3857085341,-31.8713590556,0.8855000000
loo,XOM,2026-08-18,1530,essvi,ok,,2,15,2026-09-04,0.0465753425,165.5158105400,9,0.0191780822,0.0191780822,22.2715173920,45.3070106677,35.1960220014,64.2941702080,-25.5480041429,-31.4946315635,0.7379000000
loo,XOM,2026-08-18,1530,essvi_g05,ok,,2,15,2026-09-04,0.0465753425,165.5158105400,9,0.0191780822,0.0191780822,29.1832560369,47.3758873445,43.6635600578,78.5528910412,-32.3038608879,-48.7154893688,2.1910000000
loo,XOM,2026-08-18,1530,essvi_gfree,ok,,2,15,2026-09-04,0.0465753425,165.5158105400,9,0.0191780822,0.0191780822,26.0502734051,42.1611401474,39.4741512091,70.6263706186,-29.2076088580,-39.7547112653,2.2611000000
loo,XOM,2026-08-18,1530,essvi_sg05,ok,,2,15,2026-09-04,0.0465753425,165.5158105400,9,0.0191780822,0.0191780822,47.3384068267,74.0852505654,36.5982305071,63.6026194782,-7.9006779368,-32.7505223647,0.3672000000
loo,XOM,2026-08-18,1530,svi,ok,,3,15,2026-09-11,0.0657534247,165.6775846400,11,0.0191780822,0.0191780822,624.0086181108,2067.9069297836,535.5350652310,1760.9714939964,220.6711685941,41.4764439933,127.0567000000
loo,XOM,2026-08-18,1530,ssvi,ok,,3,15,2026-09-11,0.0657534247,165.6775846400,11,0.0191780822,0.0191780822,37.1423533575,73.5934482592,58.9020371391,119.0197057434,46.2025526349,50.9458730173,0.8998000000
loo,XOM,2026-08-18,1530,essvi,ok,,3,15,2026-09-11,0.0657534247,165.6775846400,11,0.0191780822,0.0191780822,28.9409571876,61.6550685781,66.7183352145,129.3616109984,59.6739238023,50.9574788204,0.8324000000
loo,XOM,2026-08-18,1530,essvi_g05,ok,,3,15,2026-09-11,0.0657534247,165.6775846400,11,0.0191780822,0.0191780822,28.4077901162,61.6459161274,61.3104236810,129.9894794767,53.1192013335,31.2898654684,2.1689000000
loo,XOM,2026-08-18,1530,essvi_gfree,ok,,3,15,2026-09-11,0.0657534247,165.6775846400,11,0.0191780822,0.0191780822,27.1709820700,58.4847534631,65.7160895556,134.1004703461,58.3080339973,41.7695156030,2.2388000000
loo,XOM,2026-08-18,1530,essvi_sg05,ok,,3,15,2026-09-11,0.0657534247,165.6775846400,11,0.0191780822,0.0191780822,44.9743927838,111.2030259051,87.4046510399,159.2300710646,81.1091201450,50.0630746671,0.3879000000
loo,XOM,2026-08-18,1530,svi,ok,,4,15,2026-09-18,0.0849315068,165.7394982149,12,0.0191780822,0.0191780822,128.7098517471,441.8724275471,131.3919561659,437.0867534971,14.5374911998,-13.0094694600,137.1881000000
loo,XOM,2026-08-18,1530,ssvi,ok,,4,15,2026-09-18,0.0849315068,165.7394982149,12,0.0191780822,0.0191780822,80.0510926227,136.1231773983,92.3202539543,149.7676345930,-75.7925657994,-11.0114489243,0.9427000000
loo,XOM,2026-08-18,1530,essvi,ok,,4,15,2026-09-18,0.0849315068,165.7394982149,12,0.0191780822,0.0191780822,10.9514557034,22.5825468928,126.2793616542,220.8883614261,-102.0103017957,-11.0734658188,0.6192000000
loo,XOM,2026-08-18,1530,essvi_g05,ok,,4,15,2026-09-18,0.0849315068,165.7394982149,12,0.0191780822,0.0191780822,18.2258308123,34.8236593963,78.1222432576,128.9208659848,-39.7163512680,-45.6437145632,2.1753000000
loo,XOM,2026-08-18,1530,essvi_gfree,ok,,4,15,2026-09-18,0.0849315068,165.7394982149,12,0.0191780822,0.0191780822,14.0261984582,34.4788339731,77.0848181304,132.7719258255,-46.8567418538,-41.8177192915,2.4779000000
loo,XOM,2026-08-18,1530,essvi_sg05,ok,,4,15,2026-09-18,0.0849315068,165.7394982149,12,0.0191780822,0.0191780822,50.5112401747,102.7663418716,98.8796969798,200.0237485869,6.8163019031,-16.7844470742,0.3969000000
loo,XOM,2026-08-18,1530,svi,ok,,5,15,2026-09-25,0.1041095890,165.6831221047,9,0.0191780822,0.0191780822,20.7294674050,37.1601448922,76.2543386579,168.2210414443,43.5860214839,0.1950456047,128.3652000000
loo,XOM,2026-08-18,1530,ssvi,ok,,5,15,2026-09-25,0.1041095890,165.6831221047,9,0.0191780822,0.0191780822,83.6229182001,178.7075648608,94.3270698907,200.0210837179,53.5716261677,6.4624132111,0.8855000000
loo,XOM,2026-08-18,1530,essvi,ok,,5,15,2026-09-25,0.1041095890,165.6831221047,9,0.0191780822,0.0191780822,27.6889440081,58.4741811635,150.6267347497,310.4963726772,66.0472384127,12.0022234461,0.9711000000
loo,XOM,2026-08-18,1530,essvi_g05,ok,,5,15,2026-09-25,0.1041095890,165.6831221047,9,0.0191780822,0.0191780822,67.2985035827,105.2459801404,136.2140338025,299.0765494037,66.9609980226,-13.7709269224,1.9547000000
loo,XOM,2026-08-18,1530,essvi_gfree,ok,,5,15,2026-09-25,0.1041095890,165.6831221047,9,0.0191780822,0.0191780822,61.2244862755,98.5109954505,132.7061869715,290.0368555416,67.4626071827,-10.0230381840,2.5503000000
loo,XOM,2026-08-18,1530,essvi_sg05,ok,,5,15,2026-09-25,0.1041095890,165.6831221047,9,0.0191780822,0.0191780822,96.3186670141,141.7708416924,116.4654189681,197.7682606697,77.5338607110,-3.3180761917,0.5326000000
loo,XOM,2026-08-18,1530,svi,ok,,6,15,2026-10-02,0.1232876712,165.7716888319,10,0.0191780822,0.0383561644,13.4446069619,30.9094851425,21.1469370563,49.1523318623,-12.0172291303,-28.3469833825,131.2804000000
loo,XOM,2026-08-18,1530,ssvi,ok,,6,15,2026-10-02,0.1232876712,165.7716888319,10,0.0191780822,0.0383561644,23.4662375733,48.5415482402,21.6656932064,40.2102188593,-7.7070664363,-27.8869992757,0.8815000000
loo,XOM,2026-08-18,1530,essvi,ok,,6,15,2026-10-02,0.1232876712,165.7716888319,10,0.0191780822,0.0383561644,13.8048949413,32.4577430733,20.7242355108,47.9790746871,-11.7689526685,-28.9177924295,0.6874000000
loo,XOM,2026-08-18,1530,essvi_g05,ok,,6,15,2026-10-02,0.1232876712,165.7716888319,10,0.0191780822,0.0383561644,28.0094565678,48.2505865627,54.3680928823,97.7879956184,-34.0194666782,-57.9070111965,2.1665000000
loo,XOM,2026-08-18,1530,essvi_gfree,ok,,6,15,2026-10-02,0.1232876712,165.7716888319,10,0.0191780822,0.0383561644,26.2120084155,46.5159139588,50.2252874244,91.5265407050,-29.8150993444,-52.3655967062,2.2503000000
loo,XOM,2026-08-18,1530,essvi_sg05,ok,,6,15,2026-10-02,0.1232876712,165.7716888319,10,0.0191780822,0.0383561644,44.6437996226,92.1673846306,60.5058581313,110.2814993240,-9.0802380134,-36.6325424489,0.3462000000
loo,XOM,2026-08-18,1530,svi,ok,,7,15,2026-10-16,0.1616438356,166.2635982944,16,0.0383561644,0.0958904110,7.6135327409,12.4660505686,94.8365099009,224.9246976365,-47.1584172300,50.9168720122,126.7731000000
loo,XOM,2026-08-18,1530,ssvi,ok,,7,15,2026-10-16,0.1616438356,166.2635982944,16,0.0383561644,0.0958904110,65.2580022240,150.1011483494,47.3670878796,96.8396983839,5.4407165459,58.5618721702,0.8634000000
loo,XOM,2026-08-18,1530,essvi,ok,,7,15,2026-10-16,0.1616438356,166.2635982944,16,0.0383561644,0.0958904110,9.3356333552,20.0305018778,167.9301174023,429.8614165092,-39.0622584099,63.5864389615,0.7751000000
loo,XOM,2026-08-18,1530,essvi_g05,ok,,7,15,2026-10-16,0.1616438356,166.2635982944,16,0.0383561644,0.0958904110,9.0460510131,20.1462507938,40.0430249630,67.4906569489,37.3112669151,30.2485017677,2.1268000000
loo,XOM,2026-08-18,1530,essvi_gfree,ok,,7,15,2026-10-16,0.1616438356,166.2635982944,16,0.0383561644,0.0958904110,10.3816568291,26.7286387065,32.5846690672,55.7944271206,29.7271369280,31.3997360619,2.2156000000
loo,XOM,2026-08-18,1530,essvi_sg05,ok,,7,15,2026-10-16,0.1616438356,166.2635982944,16,0.0383561644,0.0958904110,50.3466661008,104.7728566742,105.2605576437,179.7281535784,96.1932410778,55.8140882408,0.3899000000
loo,XOM,2026-08-18,1530,svi,ok,,8,15,2026-11-20,0.2575342466,166.0482993203,17,0.0958904110,0.0767123288,18.7247889448,58.0243461251,51.0346936291,79.2663460682,-45.3381485633,-69.6025796579,124.3528000000
loo,XOM,2026-08-18,1530,ssvi,ok,,8,15,2026-11-20,0.2575342466,166.0482993203,17,0.0958904110,0.0767123288,26.4574215251,48.8866650083,62.4611911050,112.5856217670,-57.4933992970,-66.6442238456,0.8623000000
loo,XOM,2026-08-18,1530,essvi,ok,,8,15,2026-11-20,0.2575342466,166.0482993203,17,0.0958904110,0.0767123288,21.6644452092,60.5788304283,51.3740008723,77.6915506435,-45.8183574661,-68.0489785658,0.7871000000
loo,XOM,2026-08-18,1530,essvi_g05,ok,,8,15,2026-11-20,0.2575342466,166.0482993203,17,0.0958904110,0.0767123288,25.3834366535,66.7266941945,56.3323977810,84.7871085324,-48.4894797985,-81.7409666170,2.1289000000
loo,XOM,2026-08-18,1530,essvi_gfree,ok,,8,15,2026-11-20,0.2575342466,166.0482993203,17,0.0958904110,0.0767123288,25.8393912836,67.0296417134,56.6550491844,85.3601381914,-48.6687948191,-82.6113691285,2.1948000000
loo,XOM,2026-08-18,1530,essvi_sg05,ok,,8,15,2026-11-20,0.2575342466,166.0482993203,17,0.0958904110,0.0767123288,64.1637266233,130.0821351903,53.5952212956,102.7607017095,-14.1089319516,-69.5155702529,0.3876000000
loo,XOM,2026-08-18,1530,svi,ok,,9,15,2026-12-18,0.3342465753,166.1871253393,19,0.0767123288,0.0767123288,13.5605064072,29.2579997552,16.4752677917,27.8355703497,7.4184612553,9.8786579574,157.5477000000
loo,XOM,2026-08-18,1530,ssvi,ok,,9,15,2026-12-18,0.3342465753,166.1871253393,19,0.0767123288,0.0767123288,23.2019903489,43.3326440763,26.4532930746,47.0939463537,8.0811797337,11.2221841905,1.2143000000
loo,XOM,2026-08-18,1530,essvi,ok,,9,15,2026-12-18,0.3342465753,166.1871253393,19,0.0767123288,0.0767123288,14.6615491937,26.4540125599,15.7230003233,27.4193736672,5.7843759932,10.1694142768,1.2631000000
loo,XOM,2026-08-18,1530,essvi_g05,ok,,9,15,2026-12-18,0.3342465753,166.1871253393,19,0.0767123288,0.0767123288,17.3358897118,41.7122139150,19.4783955047,34.6695950554,7.2159245303,-1.4939559803,2.2905000000
loo,XOM,2026-08-18,1530,essvi_gfree,ok,,9,15,2026-12-18,0.3342465753,166.1871253393,19,0.0767123288,0.0767123288,18.8979913507,44.7363166067,21.4617826405,38.1367098734,7.2821054227,-5.0627087410,2.1838000000
loo,XOM,2026-08-18,1530,essvi_sg05,ok,,9,15,2026-12-18,0.3342465753,166.1871253393,19,0.0767123288,0.0767123288,43.7510429189,89.2653516551,49.5624780016,92.6453640845,38.3028016596,9.7646011077,0.3818000000
loo,XOM,2026-08-18,1530,svi,ok,,10,15,2027-01-15,0.4109589041,166.6983678010,20,0.0767123288,0.1726027397,14.0772999090,31.9798600334,26.5530769556,57.0021471548,22.0764155092,42.5804587987,137.4279000000
loo,XOM,2026-08-18,1530,ssvi,ok,,10,15,2027-01-15,0.4109589041,166.6983678010,20,0.0767123288,0.1726027397,27.8854051869,51.4780484045,36.7901202257,79.9622133729,25.9875873155,48.1260400205,0.7600000000
loo,XOM,2026-08-18,1530,essvi,ok,,10,15,2027-01-15,0.4109589041,166.6983678010,20,0.0767123288,0.1726027397,15.6914383310,35.4905324375,29.3366501977,56.9955957867,24.3678294827,47.2302180776,0.7905000000
loo,XOM,2026-08-18,1530,essvi_g05,ok,,10,15,2027-01-15,0.4109589041,166.6983678010,20,0.0767123288,0.1726027397,15.1745985989,33.9497432565,26.2809487968,55.0300981864,21.5255329659,38.6622852026,1.8771000000
loo,XOM,2026-08-18,1530,essvi_gfree,ok,,10,15,2027-01-15,0.4109589041,166.6983678010,20,0.0767123288,0.1726027397,16.0171324048,37.3044655562,26.7954330055,58.9829418515,21.7093540394,33.6321271033,2.2331000000
loo,XOM,2026-08-18,1530,essvi_sg05,ok,,10,15,2027-01-15,0.4109589041,166.6983678010,20,0.0767123288,0.1726027397,26.1954223376,57.8266684950,52.5140496637,96.5438517606,47.3285470512,46.4682745223,0.3975000000
loo,XOM,2026-08-18,1530,svi,ok,,11,15,2027-03-19,0.5835616438,166.8615287629,20,0.1726027397,0.2465753425,16.3428387548,37.7585160889,18.8386132760,42.9225389911,-2.7745002998,-10.8119582120,136.0435000000
loo,XOM,2026-08-18,1530,ssvi,ok,,11,15,2027-03-19,0.5835616438,166.8615287629,20,0.1726027397,0.2465753425,24.8940893453,48.8402519835,24.9236404777,56.1303089262,-1.8528803667,-7.3861558933,0.8498000000
loo,XOM,2026-08-18,1530,essvi,ok,,11,15,2027-03-19,0.5835616438,166.8615287629,20,0.1726027397,0.2465753425,23.9735446245,44.3498338773,24.2017238895,57.6717668134,-1.3806359269,-8.3417440169,0.7882000000
loo,XOM,2026-08-18,1530,essvi_g05,ok,,11,15,2027-03-19,0.5835616438,166.8615287629,20,0.1726027397,0.2465753425,24.8489188787,58.8370100722,26.9057449078,79.3412121863,-1.5468632390,-0.1286283860,2.1203000000
loo,XOM,2026-08-18,1530,essvi_gfree,ok,,11,15,2027-03-19,0.5835616438,166.8615287629,20,0.1726027397,0.2465753425,23.3211536219,47.3785977546,24.7620259193,64.3409568443,-2.4780134728,-7.5407681200,2.1605000000
loo,XOM,2026-08-18,1530,essvi_sg05,ok,,11,15,2027-03-19,0.5835616438,166.8615287629,20,0.1726027397,0.2465753425,27.8197787354,55.7892811893,25.8588565444,59.0052998546,6.6461096583,-8.5643119709,0.3978000000
loo,XOM,2026-08-18,1530,svi,ok,,12,15,2027-06-17,0.8301369863,167.5226866644,24,0.2465753425,0.5013698630,26.3135208213,54.0963787641,42.9585270460,80.9127855784,-29.7800219915,-49.0363674774,122.5841000000
loo,XOM,2026-08-18,1530,ssvi,ok,,12,15,2027-06-17,0.8301369863,167.5226866644,24,0.2465753425,0.5013698630,30.1007564042,50.2405276481,52.3101494811,99.7707143047,-43.2136190960,-62.9407908315,0.8541000000
loo,XOM,2026-08-18,1530,essvi,ok,,12,15,2027-06-17,0.8301369863,167.5226866644,24,0.2465753425,0.5013698630,29.3700081373,51.6250610424,48.5947821243,96.3597036901,-36.3658834147,-62.4096390139,0.7896000000
loo,XOM,2026-08-18,1530,essvi_g05,ok,,12,15,2027-06-17,0.8301369863,167.5226866644,24,0.2465753425,0.5013698630,34.1697095536,73.5751346820,55.5284459850,131.0055241155,-39.9056655600,-35.9135655272,2.0758000000
loo,XOM,2026-08-18,1530,essvi_gfree,ok,,12,15,2027-06-17,0.8301369863,167.5226866644,24,0.2465753425,0.5013698630,30.2174946351,53.0713046842,51.6853895774,118.5470500784,-37.7577304191,-40.5321200282,1.9676000000
loo,XOM,2026-08-18,1530,essvi_sg05,ok,,12,15,2027-06-17,0.8301369863,167.5226866644,24,0.2465753425,0.5013698630,29.3940691788,51.3673003014,57.2497944284,103.9067176096,-48.5832014858,-62.9191175507,0.3902000000
loo,XOM,2026-08-18,1530,svi,ok,,13,15,2027-12-17,1.3315068493,169.0128445416,22,0.5013698630,0.0958904110,15.6295243612,37.3839728211,18.7589747784,43.5121139587,-1.0242378027,43.5121139587,134.4796000000
loo,XOM,2026-08-18,1530,ssvi,ok,,13,15,2027-12-17,1.3315068493,169.0128445416,22,0.5013698630,0.0958904110,35.2427075028,62.7097520745,17.3237834221,44.7719212238,1.0687849208,44.7719212238,0.7667000000
loo,XOM,2026-08-18,1530,essvi,ok,,13,15,2027-12-17,1.3315068493,169.0128445416,22,0.5013698630,0.0958904110,28.6855081942,61.1180943701,17.5139891215,44.7442670842,-0.2949581592,44.7442670842,0.7749000000
loo,XOM,2026-08-18,1530,essvi_g05,ok,,13,15,2027-12-17,1.3315068493,169.0128445416,22,0.5013698630,0.0958904110,22.6567464087,55.3321633539,25.6224903983,62.7026854394,2.4228900020,62.7026854394,2.1299000000
loo,XOM,2026-08-18,1530,essvi_gfree,ok,,13,15,2027-12-17,1.3315068493,169.0128445416,22,0.5013698630,0.0958904110,19.4810138808,50.1678604296,21.1673603612,54.7772730208,0.7962912539,54.7772730208,2.2069000000
loo,XOM,2026-08-18,1530,essvi_sg05,ok,,13,15,2027-12-17,1.3315068493,169.0128445416,22,0.5013698630,0.0958904110,42.8120240937,93.6452487774,27.4032786494,70.9638653975,-13.3927225976,44.7596077096,0.4186000000
loo,XOM,2026-08-19,1530,svi,ok,,1,15,2026-08-28,0.0246575342,165.9934952333,11,0.0191780822,0.0191780822,16.2864852666,33.6371645096,11620.2320244080,38539.2623665804,3550.6192544533,68.8354102605,139.6670000000
loo,XOM,2026-08-19,1530,ssvi,ok,,1,15,2026-08-28,0.0246575342,165.9934952333,11,0.0191780822,0.0191780822,50.7132150133,108.1486604230,55.7703967856,97.5778799241,37.2217541882,76.2058437060,0.8421000000
loo,XOM,2026-08-19,1530,essvi,ok,,1,15,2026-08-28,0.0246575342,165.9934952333,11,0.0191780822,0.0191780822,22.5512053254,43.1445630075,64.9278801238,113.5005657989,26.8737934928,71.5121871353,0.7050000000
loo,XOM,2026-08-19,1530,essvi_g05,ok,,1,15,2026-08-28,0.0246575342,165.9934952333,11,0.0191780822,0.0191780822,32.3231704904,54.6832799719,67.7997848239,97.6036057935,62.6976090756,43.5340079315,2.7555000000
loo,XOM,2026-08-19,1530,essvi_gfree,ok,,1,15,2026-08-28,0.0246575342,165.9934952333,11,0.0191780822,0.0191780822,24.5247078027,43.1818392851,63.4716265381,95.2465579109,59.0969916785,49.5967351734,7.0269000000
loo,XOM,2026-08-19,1530,essvi_sg05,ok,,1,15,2026-08-28,0.0246575342,165.9934952333,11,0.0191780822,0.0191780822,75.0730015912,104.9439393285,110.2405780316,141.7971687173,105.8690855374,75.1123022363,0.4202000000
loo,XOM,2026-08-19,1530,svi,ok,,2,15,2026-09-04,0.0438356164,166.1192884927,8,0.0191780822,0.0191780822,6.8820410896,10.5105268759,51.5299783721,76.5685029019,-47.3857455765,-45.0910248747,152.1162000000
loo,XOM,2026-08-19,1530,ssvi,ok,,2,15,2026-09-04,0.0438356164,166.1192884927,8,0.0191780822,0.0191780822,35.3907739899,70.2930149884,46.6654917727,76.7798160323,-32.8407073230,-33.6190065230,0.8378000000
loo,XOM,2026-08-19,1530,essvi,ok,,2,15,2026-09-04,0.0438356164,166.1192884927,8,0.0191780822,0.0191780822,8.2066708665,18.7490678542,61.3204209298,120.2107640630,-47.3910835034,-33.1228630778,0.6349000000
loo,XOM,2026-08-19,1530,essvi_g05,ok,,2,15,2026-09-04,0.0438356164,166.1192884927,8,0.0191780822,0.0191780822,27.8932955256,40.0824523746,70.8730429669,104.2207256241,-63.6529208783,-88.8572577815,2.3908000000
loo,XOM,2026-08-19,1530,essvi_gfree,ok,,2,15,2026-09-04,0.0438356164,166.1192884927,8,0.0191780822,0.0191780822,24.8091152422,35.1464593985,67.8501827068,98.6054433604,-61.2666755942,-82.8248226816,5.4787000000
loo,XOM,2026-08-19,1530,essvi_sg05,ok,,2,15,2026-09-04,0.0438356164,166.1192884927,8,0.0191780822,0.0191780822,52.8159964708,89.8454499396,34.3874049044,59.3356060013,-4.8419428982,-36.1135352302,0.3765000000
loo,XOM,2026-08-19,1530,svi,ok,,3,15,2026-09-11,0.0630136986,166.2582986168,10,0.0191780822,0.0191780822,9870.5630608564,31213.4486716387,9802.1736804030,30996.8514607690,3137.5778953930,8.6792281462,148.3181000000
loo,XOM,2026-08-19,1530,ssvi,ok,,3,15,2026-09-11,0.0630136986,166.2582986168,10,0.0191780822,0.0191780822,48.2414945861,95.0292348815,69.4881123393,122.3389763127,59.7950942565,17.9690989669,0.8240000000
loo,XOM,2026-08-19,1530,essvi,ok,,3,15,2026-09-11,0.0630136986,166.2582986168,10,0.0191780822,0.0191780822,12.4202078185,27.9581175743,61.4878198665,90.7136765509,56.8463463746,21.6733261987,0.6237000000
loo,XOM,2026-08-19,1530,essvi_g05,ok,,3,15,2026-09-11,0.0630136986,166.2582986168,10,0.0191780822,0.0191780822,44.3209353532,71.4292377310,60.6602483250,115.5305434843,42.1299441250,-16.0590606674,2.4474000000
loo,XOM,2026-08-19,1530,essvi_gfree,ok,,3,15,2026-09-11,0.0630136986,166.2582986168,10,0.0191780822,0.0191780822,41.5351387129,66.8223513655,60.2105897948,112.2908184514,43.8080173359,-11.8261847895,6.9154000000
loo,XOM,2026-08-19,1530,essvi_sg05,ok,,3,15,2026-09-11,0.0630136986,166.2582986168,10,0.0191780822,0.0191780822,79.5181947826,141.5465397653,101.0960563040,174.2587625754,88.3235962119,24.3709188053,0.3847000000
loo,XOM,2026-08-19,1530,svi,ok,,4,15,2026-09-18,0.0821917808,166.4346066716,10,0.0191780822,0.0191780822,9.0897509462,18.6836698368,143.2282867422,336.0727069677,-85.2072007008,11.0591827866,136.8655000000
loo,XOM,2026-08-19,1530,ssvi,ok,,4,15,2026-09-18,0.0821917808,166.4346066716,10,0.0191780822,0.0191780822,27.6143467419,63.1902044653,28.8335267359,46.1814991386,11.9233641667,21.4903942391,0.8141000000
loo,XOM,2026-08-19,1530,essvi,ok,,4,15,2026-09-18,0.0821917808,166.4346066716,10,0.0191780822,0.0191780822,15.8819014038,26.3619399893,139.4815713843,329.7571021798,-78.7366408722,16.6733169266,0.5800000000
loo,XOM,2026-08-19,1530,essvi_g05,ok,,4,15,2026-09-18,0.0821917808,166.4346066716,10,0.0191780822,0.0191780822,22.3424933419,42.9270262622,80.2613217339,133.2176725883,2.1021819286,-27.0587571248,1.8789000000
loo,XOM,2026-08-19,1530,essvi_gfree,ok,,4,15,2026-09-18,0.0821917808,166.4346066716,10,0.0191780822,0.0191780822,18.4916088434,36.6949023624,79.5145935336,122.9129029467,-1.6964919691,-25.3133264456,2.5637000000
loo,XOM,2026-08-19,1530,essvi_sg05,ok,,4,15,2026-09-18,0.0821917808,166.4346066716,10,0.0191780822,0.0191780822,61.5968684158,103.4390199833,196.6133617822,403.4989681934,62.3683977146,-4.6336995330,0.3585000000
loo,XOM,2026-08-19,1530,svi,ok,,5,15,2026-09-25,0.1013698630,166.5024443721,8,0.0191780822,0.0191780822,33.2558238095,76.6914494008,10287.0128853925,29095.8516333262,3642.6042967435,-1.1559049774,149.8470000000
loo,XOM,2026-08-19,1530,ssvi,ok,,5,15,2026-09-25,0.1013698630,166.5024443721,8,0.0191780822,0.0191780822,110.3409168026,275.3024181987,109.1913079412,274.1498097251,51.1904355453,-4.0529072600,0.8438000000
loo,XOM,2026-08-19,1530,essvi,ok,,5,15,2026-09-25,0.1013698630,166.5024443721,8,0.0191780822,0.0191780822,33.5993678535,72.9640100870,89.8911779477,219.5725619685,40.4653458078,-0.6329547002,0.6112000000
loo,XOM,2026-08-19,1530,essvi_g05,ok,,5,15,2026-09-25,0.1013698630,166.5024443721,8,0.0191780822,0.0191780822,79.8801308118,150.6387346093,107.4021598992,270.7760316584,34.1473136189,-20.4837546452,2.0292000000
loo,XOM,2026-08-19,1530,essvi_gfree,ok,,5,15,2026-09-25,0.1013698630,166.5024443721,8,0.0191780822,0.0191780822,77.2080556886,142.3003493615,105.9132898454,266.8071189192,35.0075918977,-18.4921745903,2.2926000000
loo,XOM,2026-08-19,1530,essvi_sg05,ok,,5,15,2026-09-25,0.1013698630,166.5024443721,8,0.0191780822,0.0191780822,105.2403176627,210.4148282912,122.1076524355,306.7116377699,58.4433297915,2.1242341615,0.3699000000
loo,XOM,2026-08-19,1530,svi,ok,,6,15,2026-10-02,0.1205479452,166.6126657707,10,0.0191780822,0.0383561644,22.1407874243,34.2234769023,40.5222442304,66.8049539079,-25.2602856455,0.7409135421,130.6160000000
loo,XOM,2026-08-19,1530,ssvi,ok,,6,15,2026-10-02,0.1205479452,166.6126657707,10,0.0191780822,0.0383561644,50.0009142021,87.2197903907,48.0870311909,73.9956117702,-2.2873081821,1.0248355076,0.8450000000
loo,XOM,2026-08-19,1530,essvi,ok,,6,15,2026-10-02,0.1205479452,166.6126657707,10,0.0191780822,0.0383561644,28.8909775626,40.3024308859,71.2317491895,112.5930814240,-2.6887815640,-3.4824715263,0.6317000000
loo,XOM,2026-08-19,1530,essvi_g05,ok,,6,15,2026-10-02,0.1205479452,166.6126657707,10,0.0191780822,0.0383561644,30.1435894804,48.2320472406,48.0660975108,85.0079487285,-37.2535744140,-17.8773255042,2.7134000000
loo,XOM,2026-08-19,1530,essvi_gfree,ok,,6,15,2026-10-02,0.1205479452,166.6126657707,10,0.0191780822,0.0383561644,29.9462451196,47.5792433289,47.4829629610,83.5564065359,-36.6612952673,-16.6020961572,6.2100000000
loo,XOM,2026-08-19,1530,essvi_sg05,ok,,6,15,2026-10-02,0.1205479452,166.6126657707,10,0.0191780822,0.0383561644,39.5323834485,93.3474610474,53.8500734935,99.0218802903,-18.3257216042,12.4586104238,0.3845000000
loo,XOM,2026-08-19,1530,svi,ok,,7,15,2026-10-16,0.1589041096,166.9645618948,13,0.0383561644,0.0958904110,17972.9752923561,50629.2790263032,17745.3724494502,50269.8121718758,8096.3627325898,63.1705499485,131.1768000000
loo,XOM,2026-08-19,1530,ssvi,ok,,7,15,2026-10-16,0.1589041096,166.9645618948,13,0.0383561644,0.0958904110,46.9133463329,96.1783060222,68.0070273759,114.0754302834,51.9321055171,73.2858531813,0.8190000000
loo,XOM,2026-08-19,1530,essvi,ok,,7,15,2026-10-16,0.1589041096,166.9645618948,13,0.0383561644,0.0958904110,16.3521335991,32.1803693882,62.7111170802,89.7191092871,44.4136701337,66.4583704914,0.7120000000
loo,XOM,2026-08-19,1530,essvi_g05,ok,,7,15,2026-10-16,0.1589041096,166.9645618948,13,0.0383561644,0.0958904110,17.9801754157,38.3693624470,70.3865815154,141.1378844697,56.2414780532,48.5575385515,1.9255000000
loo,XOM,2026-08-19,1530,essvi_gfree,ok,,7,15,2026-10-16,0.1589041096,166.9645618948,13,0.0383561644,0.0958904110,17.5090617288,37.5406062287,68.6795249485,137.0329569743,54.6126874636,47.8545092842,8.2331000000
loo,XOM,2026-08-19,1530,essvi_sg05,ok,,7,15,2026-10-16,0.1589041096,166.9645618948,13,0.0383561644,0.0958904110,67.4584541119,172.7865630348,127.1841951225,274.5583153920,106.9926898584,63.1063501358,0.4029000000
loo,XOM,2026-08-19,1530,svi,ok,,8,15,2026-11-20,0.2547945205,166.7626371977,16,0.0958904110,0.0767123288,15.9814163887,23.4362826882,53.3414024638,76.5273084295,-50.3102356994,-67.6601140203,133.6283000000
loo,XOM,2026-08-19,1530,ssvi,ok,,8,15,2026-11-20,0.2547945205,166.7626371977,16,0.0958904110,0.0767123288,45.6059110515,107.0399448637,66.6405488123,165.2374114356,-49.1414990737,-57.0428490634,0.7933000000
loo,XOM,2026-08-19,1530,essvi,ok,,8,15,2026-11-20,0.2547945205,166.7626371977,16,0.0958904110,0.0767123288,25.0974723451,40.7766018926,50.9058744062,87.4347076560,-46.3398135865,-60.8098477302,0.6520000000
loo,XOM,2026-08-19,1530,essvi_g05,ok,,8,15,2026-11-20,0.2547945205,166.7626371977,16,0.0958904110,0.0767123288,19.3475329952,34.0831083937,54.9154084625,77.3376390991,-51.2387302655,-77.3376390991,2.3585000000
loo,XOM,2026-08-19,1530,essvi_gfree,ok,,8,15,2026-11-20,0.2547945205,166.7626371977,16,0.0958904110,0.0767123288,19.8136718589,34.7482760263,55.3269378806,80.2626638358,-51.5017975588,-80.2626638358,10.5272000000
loo,XOM,2026-08-19,1530,essvi_sg05,ok,,8,15,2026-11-20,0.2547945205,166.7626371977,16,0.0958904110,0.0767123288,49.2137983176,78.6652204765,39.8001887907,62.6467099957,-13.0926130421,-62.6467099957,0.5785000000
loo,XOM,2026-08-19,1530,svi,ok,,9,15,2026-12-18,0.3315068493,166.8796806469,17,0.0767123288,0.0767123288,9.7728205636,20.0370520354,17.8327708236,47.1514657512,3.6239949476,-13.1346063983,133.1065000000
loo,XOM,2026-08-19,1530,ssvi,ok,,9,15,2026-12-18,0.3315068493,166.8796806469,17,0.0767123288,0.0767123288,38.5580353024,80.2419598065,42.9313399994,80.5924147516,10.0461071671,-1.0791995565,0.7972000000
loo,XOM,2026-08-19,1530,essvi,ok,,9,15,2026-12-18,0.3315068493,166.8796806469,17,0.0767123288,0.0767123288,15.2194860990,30.0018419810,15.4233642416,30.5463874550,7.8571011944,-4.4348057340,0.7001000000
loo,XOM,2026-08-19,1530,essvi_g05,ok,,9,15,2026-12-18,0.3315068493,166.8796806469,17,0.0767123288,0.0767123288,13.4643101142,27.5425583742,15.0569828554,29.7659259182,2.9261792261,-12.7900689815,2.4111000000
loo,XOM,2026-08-19,1530,essvi_gfree,ok,,9,15,2026-12-18,0.3315068493,166.8796806469,17,0.0767123288,0.0767123288,15.1911185659,29.1362615627,17.1246721539,32.1858421956,3.4768139005,-17.1647236665,7.7116000000
loo,XOM,2026-08-19,1530,essvi_sg05,ok,,9,15,2026-12-18,0.3315068493,166.8796806469,17,0.0767123288,0.0767123288,38.0339031931,66.8739746218,36.4163809949,78.5381242079,27.1391121351,-4.3101448256,0.3860000000
loo,XOM,2026-08-19,1530,svi,ok,,10,15,2027-01-15,0.4082191781,167.4967437179,18,0.0767123288,0.1726027397,16.1067417402,34.4778039677,31.4616087626,63.9462294453,22.9367781633,22.4751127176,162.0757000000
loo,XOM,2026-08-19,1530,ssvi,ok,,10,15,2027-01-15,0.4082191781,167.4967437179,18,0.0767123288,0.1726027397,30.6674904108,72.6849942269,39.8689382385,78.5360232478,26.0364721514,29.4247685857,0.7858000000
loo,XOM,2026-08-19,1530,essvi,ok,,10,15,2027-01-15,0.4082191781,167.4967437179,18,0.0767123288,0.1726027397,18.0952611939,38.4916423891,31.5675248790,64.2342062070,24.3209579583,26.6925484522,0.6833000000
loo,XOM,2026-08-19,1530,essvi_g05,ok,,10,15,2027-01-15,0.4082191781,167.4967437179,18,0.0767123288,0.1726027397,19.7056454545,42.8636137914,31.3654797522,64.1281251857,21.7170885737,28.3365774700,2.3747000000
loo,XOM,2026-08-19,1530,essvi_gfree,ok,,10,15,2027-01-15,0.4082191781,167.4967437179,18,0.0767123288,0.1726027397,18.4477874028,39.1020405910,30.1290271458,60.5775121960,21.9024126165,23.8953926869,6.4674000000
loo,XOM,2026-08-19,1530,essvi_sg05,ok,,10,15,2027-01-15,0.4082191781,167.4967437179,18,0.0767123288,0.1726027397,19.3363073756,38.4544243281,38.6281200878,69.7416802769,33.3588214413,26.2404354777,0.3934000000
loo,XOM,2026-08-19,1530,svi,ok,,11,15,2027-03-19,0.5808219178,167.8828227354,17,0.1726027397,0.2465753425,13.8005285005,27.7514387992,19.1699211883,34.3946091858,-8.5113959694,16.0284820471,139.6687000000
loo,XOM,2026-08-19,1530,ssvi,ok,,11,15,2027-03-19,0.5808219178,167.8828227354,17,0.1726027397,0.2465753425,28.9244419254,58.3387358117,30.5063655250,64.2963491810,-17.9933726896,11.4611305842,0.7908000000
loo,XOM,2026-08-19,1530,essvi,ok,,11,15,2027-03-19,0.5808219178,167.8828227354,17,0.1726027397,0.2465753425,17.1094256211,32.6151091310,19.4392103123,34.9694018262,-11.6025124814,12.7567951385,0.6849000000
loo,XOM,2026-08-19,1530,essvi_g05,ok,,11,15,2027-03-19,0.5808219178,167.8828227354,17,0.1726027397,0.2465753425,19.6351654930,42.7557470547,23.0778933179,46.7566960896,-6.3447332867,32.0315441945,2.3740000000
loo,XOM,2026-08-19,1530,essvi_gfree,ok,,11,15,2027-03-19,0.5808219178,167.8828227354,17,0.1726027397,0.2465753425,17.1137289884,38.5340782257,20.4464603290,33.3189968060,-7.2106194184,26.9252010649,7.8384000000
loo,XOM,2026-08-19,1530,essvi_sg05,ok,,11,15,2027-03-19,0.5808219178,167.8828227354,17,0.1726027397,0.2465753425,20.5852604598,34.8443061693,23.7830630028,39.1921100433,-16.9333566907,12.6831308835,0.4053000000
loo,XOM,2026-08-19,1530,svi,ok,,12,15,2027-06-17,0.8273972603,168.7482605796,21,0.2465753425,0.5013698630,20.1699675508,31.0873501824,27.4378948854,87.9066615562,-4.3809239998,10.5046531049,164.3354000000
loo,XOM,2026-08-19,1530,ssvi,ok,,12,15,2027-06-17,0.8273972603,168.7482605796,21,0.2465753425,0.5013698630,27.1750921152,50.7284747239,26.7812253659,54.9317968372,-14.7028951056,12.5443959502,0.7796000000
loo,XOM,2026-08-19,1530,essvi,ok,,12,15,2027-06-17,0.8273972603,168.7482605796,21,0.2465753425,0.5013698630,22.0434255423,43.0139333632,28.1269688171,59.6748721210,-10.8633446121,13.0116667399,0.6938000000
loo,XOM,2026-08-19,1530,essvi_g05,ok,,12,15,2027-06-17,0.8273972603,168.7482605796,21,0.2465753425,0.5013698630,26.7104625687,53.9002290740,36.2758790461,102.3283024003,-6.8801490600,36.9889028433,2.4192000000
loo,XOM,2026-08-19,1530,essvi_gfree,ok,,12,15,2027-06-17,0.8273972603,168.7482605796,21,0.2465753425,0.5013698630,23.4762411553,42.2444001699,32.8935367452,89.4287790849,-6.8478371514,31.6436411507,5.2531000000
loo,XOM,2026-08-19,1530,essvi_sg05,ok,,12,15,2027-06-17,0.8273972603,168.7482605796,21,0.2465753425,0.5013698630,28.9155695995,60.6172621232,37.1420558902,95.7495162636,-22.0400161289,12.9889036446,0.3967000000
loo,XOM,2026-08-19,1530,svi,ok,,13,15,2027-12-17,1.3287671233,171.0196278646,25,0.5013698630,0.0958904110,16.2943459116,40.6170657505,31.7064909612,55.9528477927,-23.2192169214,-19.7990497376,141.0708000000
loo,XOM,2026-08-19,1530,ssvi,ok,,13,15,2027-12-17,1.3287671233,171.0196278646,25,0.5013698630,0.0958904110,21.2156556607,52.2857084731,27.8648119502,50.1726629803,-16.7163525187,-15.4781851815,0.7578000000
loo,XOM,2026-08-19,1530,essvi,ok,,13,15,2027-12-17,1.3287671233,171.0196278646,25,0.5013698630,0.0958904110,20.7781082562,40.9518442555,29.3051095763,54.4465748927,-20.7811293119,-15.3516988447,0.6371000000
loo,XOM,2026-08-19,1530,essvi_g05,ok,,13,15,2027-12-17,1.3287671233,171.0196278646,25,0.5013698630,0.0958904110,23.4707082340,61.9517409631,35.3432378263,78.7101326931,-24.9395174782,1.7454516778,2.2327000000
loo,XOM,2026-08-19,1530,essvi_gfree,ok,,13,15,2027-12-17,1.3287671233,171.0196278646,25,0.5013698630,0.0958904110,20.5734867016,54.7704265361,32.6414835919,71.8185875447,-24.3842124942,-4.6289459245,6.9654000000
loo,XOM,2026-08-19,1530,essvi_sg05,ok,,13,15,2027-12-17,1.3287671233,171.0196278646,25,0.5013698630,0.0958904110,24.4176810296,52.1777447676,40.9888469069,83.4801095307,-34.6430977164,-15.2363880900,0.3841000000
loo,XOM,2026-08-20,1530,svi,ok,,1,16,2026-09-04,0.0410958904,167.5373462996,9,0.0191780822,0.0191780822,12.7457688850,25.0708824315,80.6470175354,115.0048083878,-77.3414573940,-115.0048083878,134.7605000000
loo,XOM,2026-08-20,1530,ssvi,ok,,1,16,2026-09-04,0.0410958904,167.5373462996,9,0.0191780822,0.0191780822,50.8115321277,105.7382621582,84.3321137678,126.0291696057,-76.0353737402,-111.8557063567,0.9828000000
loo,XOM,2026-08-20,1530,essvi,ok,,1,16,2026-09-04,0.0410958904,167.5373462996,9,0.0191780822,0.0191780822,28.3307703373,60.1753114970,82.0080995224,111.7981470968,-78.4726280034,-111.7981470968,1.4019000000
loo,XOM,2026-08-20,1530,essvi_g05,ok,,1,16,2026-09-04,0.0410958904,167.5373462996,9,0.0191780822,0.0191780822,32.0505563246,55.0695341230,89.9354941335,138.4382172372,-84.1166715049,-138.4382172372,8.7755000000
loo,XOM,2026-08-20,1530,essvi_gfree,ok,,1,16,2026-09-04,0.0410958904,167.5373462996,9,0.0191780822,0.0191780822,23.1324850010,35.6139709077,82.6391110742,114.1994004474,-79.2623681240,-114.1994004474,60.0647000000
loo,XOM,2026-08-20,1530,essvi_sg05,ok,,1,16,2026-09-04,0.0410958904,167.5373462996,9,0.0191780822,0.0191780822,71.1317656919,122.9944518582,62.1841796132,111.8012273404,-50.6585087109,-111.8012273404,0.4881000000
loo,XOM,2026-08-20,1530,svi,ok,,2,16,2026-09-11,0.0602739726,167.6239180990,11,0.0191780822,0.0191780822,4.5327055676,8.0020739646,82.5531530858,129.9471124269,76.7636470515,59.3462629789,128.0865000000
loo,XOM,2026-08-20,1530,ssvi,ok,,2,16,2026-09-11,0.0602739726,167.6239180990,11,0.0191780822,0.0191780822,57.2990628199,120.1663194054,103.4951586820,188.7881488901,88.1574643970,68.2565381259,1.1380000000
loo,XOM,2026-08-20,1530,essvi,ok,,2,16,2026-09-11,0.0602739726,167.6239180990,11,0.0191780822,0.0191780822,18.4393764842,40.9736580399,85.5582933388,133.1689838075,78.4138641646,67.8354755671,1.4899000000
loo,XOM,2026-08-20,1530,essvi_g05,ok,,2,16,2026-09-11,0.0602739726,167.6239180990,11,0.0191780822,0.0191780822,30.8802664722,49.3348625356,79.5232365815,146.3114452914,71.4447194285,34.8085606145,8.3874000000
loo,XOM,2026-08-20,1530,essvi_gfree,ok,,2,16,2026-09-11,0.0602739726,167.6239180990,11,0.0191780822,0.0191780822,20.2851428677,37.4810572122,90.9462911938,142.9599745671,85.8667855341,66.0314834234,61.5941000000
loo,XOM,2026-08-20,1530,essvi_sg05,ok,,2,16,2026-09-11,0.0602739726,167.6239180990,11,0.0191780822,0.0191780822,57.7558621793,102.0524597382,117.8549127915,193.9113324574,111.3627390539,67.5790125628,0.4799000000
loo,XOM,2026-08-20,1530,svi,ok,,3,16,2026-09-18,0.0794520548,167.7606688501,11,0.0191780822,0.0191780822,19605.1339964986,54798.6622576721,19288.6987312464,54168.2110887836,7935.6746811923,18.3714916797,122.4010000000
loo,XOM,2026-08-20,1530,ssvi,ok,,3,16,2026-09-18,0.0794520548,167.7606688501,11,0.0191780822,0.0191780822,43.2160055201,111.9118375686,58.3656812257,141.8272535016,-39.6071321237,-15.7237452296,0.9577000000
loo,XOM,2026-08-20,1530,essvi,ok,,3,16,2026-09-18,0.0794520548,167.7606688501,11,0.0191780822,0.0191780822,12.2708809677,20.3271855770,160.2786037918,364.2359574910,-124.0179767811,-21.8870098634,1.2017000000
loo,XOM,2026-08-20,1530,essvi_g05,ok,,3,16,2026-09-18,0.0794520548,167.7606688501,11,0.0191780822,0.0191780822,19.9344405881,39.4289367898,83.2774222929,105.2883919916,-18.2529339573,12.5193836766,5.8011000000
loo,XOM,2026-08-20,1530,essvi_gfree,ok,,3,16,2026-09-18,0.0794520548,167.7606688501,11,0.0191780822,0.0191780822,20.5972043381,41.4139223939,93.5733497663,186.4220449456,-51.8028247511,18.3448047853,8.9404000000
loo,XOM,2026-08-20,1530,essvi_sg05,ok,,3,16,2026-09-18,0.0794520548,167.7606688501,11,0.0191780822,0.0191780822,47.5300908782,80.6537754943,208.8839278965,362.5359503067,1.3523899631,31.0137697269,0.4206000000
loo,XOM,2026-08-20,1530,svi,ok,,4,16,2026-09-25,0.0986301370,168.2384472752,9,0.0191780822,0.0191780822,32.6703584116,56.0937108813,11381.8486474108,34145.3607919616,3787.7098144041,30.2192368196,122.2364000000
loo,XOM,2026-08-20,1530,ssvi,ok,,4,16,2026-09-25,0.0986301370,168.2384472752,9,0.0191780822,0.0191780822,105.5029199147,292.3875563699,108.6872753770,311.4434854357,24.6975217757,27.7158028762,0.9762000000
loo,XOM,2026-08-20,1530,essvi,ok,,4,16,2026-09-25,0.0986301370,168.2384472752,9,0.0191780822,0.0191780822,52.8395055684,84.1462794323,95.2208134878,268.2635136591,16.0578419186,25.7161741802,1.1910000000
loo,XOM,2026-08-20,1530,essvi_g05,ok,,4,16,2026-09-25,0.0986301370,168.2384472752,9,0.0191780822,0.0191780822,76.7070348240,165.9488486720,103.7368096893,291.6049645608,13.3329085266,17.0913756766,5.3616000000
loo,XOM,2026-08-20,1530,essvi_gfree,ok,,4,16,2026-09-25,0.0986301370,168.2384472752,9,0.0191780822,0.0191780822,63.2026373654,118.4110713274,88.7241778127,249.7016840948,18.2153447013,32.4538887935,10.9207000000
loo,XOM,2026-08-20,1530,essvi_sg05,ok,,4,16,2026-09-25,0.0986301370,168.2384472752,9,0.0191780822,0.0191780822,98.3268465553,150.0116298840,115.4844161023,332.1818370371,27.6955307120,25.3966232974,0.4114000000
loo,XOM,2026-08-20,1530,svi,ok,,5,16,2026-10-02,0.1178082192,168.3256172123,9,0.0191780822,0.0383561644,10.9237107202,21.0015064128,32.8921941265,49.1608103632,27.1301401679,49.1608103632,126.3055000000
loo,XOM,2026-08-20,1530,ssvi,ok,,5,16,2026-10-02,0.1178082192,168.3256172123,9,0.0191780822,0.0383561644,30.9179453055,50.9006948205,34.5571903065,59.7376566669,16.1586661050,27.2059629367,0.9827000000
loo,XOM,2026-08-20,1530,essvi,ok,,5,16,2026-10-02,0.1178082192,168.3256172123,9,0.0191780822,0.0383561644,13.3586249649,32.4613762487,75.8372683855,147.2819539278,4.8559611074,32.0018834446,1.4937000000
loo,XOM,2026-08-20,1530,essvi_g05,ok,,5,16,2026-10-02,0.1178082192,168.3256172123,9,0.0191780822,0.0383561644,13.7233058708,30.0269467859,29.9665432296,62.7373277219,13.2375099043,18.1594153241,22.9930000000
loo,XOM,2026-08-20,1530,essvi_gfree,ok,,5,16,2026-10-02,0.1178082192,168.3256172123,9,0.0191780822,0.0383561644,12.7007086772,27.4247370407,31.4031196172,55.7940304399,21.3344039232,31.0336250318,15.7983000000
loo,XOM,2026-08-20,1530,essvi_sg05,ok,,5,16,2026-10-02,0.1178082192,168.3256172123,9,0.0191780822,0.0383561644,23.4215841254,49.6444247813,55.3333843448,123.2143787392,19.9653771911,18.3473794382,0.4947000000
loo,XOM,2026-08-20,1530,svi,ok,,6,16,2026-10-16,0.1561643836,168.3352984775,14,0.0383561644,0.0958904110,18877.8720630749,47995.9552874988,18836.6556200777,47936.9373919348,9446.7327781574,14.7929866246,116.5656000000
loo,XOM,2026-08-20,1530,ssvi,ok,,6,16,2026-10-16,0.1561643836,168.3352984775,14,0.0383561644,0.0958904110,67.2492514250,125.7781632241,74.9104642900,143.8414766145,40.2924122110,5.1150232401,0.9479000000
loo,XOM,2026-08-20,1530,essvi,ok,,6,16,2026-10-16,0.1561643836,168.3352984775,14,0.0383561644,0.0958904110,9.3093557859,22.9679040278,25.4502549973,42.2974275090,23.2826467956,10.8579821101,1.3991000000
loo,XOM,2026-08-20,1530,essvi_g05,ok,,6,16,2026-10-16,0.1561643836,168.3352984775,14,0.0383561644,0.0958904110,31.2029898373,56.4432113889,48.3063509319,95.6490542436,36.2872349339,-6.1564845675,7.0032000000
loo,XOM,2026-08-20,1530,essvi_gfree,ok,,6,16,2026-10-16,0.1561643836,168.3352984775,14,0.0383561644,0.0958904110,16.6661019002,31.1622616724,27.6479936491,58.7543426934,21.5724973569,-0.8730398956,12.3457000000
loo,XOM,2026-08-20,1530,essvi_sg05,ok,,6,16,2026-10-16,0.1561643836,168.3352984775,14,0.0383561644,0.0958904110,74.3741043348,159.7860317749,106.4519998292,194.4992641934,88.7570619459,12.8068185354,0.4319000000
loo,XOM,2026-08-20,1530,svi,ok,,7,16,2026-11-20,0.2520547945,168.1958251359,14,0.0958904110,0.0767123288,9.2781386531,21.1309048517,50.5530599742,74.5807337461,-47.0071489612,-56.1990411944,116.9464000000
loo,XOM,2026-08-20,1530,ssvi,ok,,7,16,2026-11-20,0.2520547945,168.1958251359,14,0.0958904110,0.0767123288,59.1505185463,137.4731967316,58.7959743561,83.7157600451,-27.5031202893,-59.0223468787,0.9429000000
loo,XOM,2026-08-20,1530,essvi,ok,,7,16,2026-11-20,0.2520547945,168.1958251359,14,0.0958904110,0.0767123288,10.3199217748,19.7279774002,47.5658521296,76.2973580877,-44.1040215343,-55.8019259116,1.4038000000
loo,XOM,2026-08-20,1530,essvi_g05,ok,,7,16,2026-11-20,0.2520547945,168.1958251359,14,0.0958904110,0.0767123288,29.3401358709,48.1129748734,58.8252492208,98.4970584692,-50.7670656335,-78.2046159606,6.7226000000
loo,XOM,2026-08-20,1530,essvi_gfree,ok,,7,16,2026-11-20,0.2520547945,168.1958251359,14,0.0958904110,0.0767123288,25.1544942760,42.9577922637,55.7627575731,91.8297836548,-49.6297038517,-71.5422118471,7.2888000000
loo,XOM,2026-08-20,1530,essvi_sg05,ok,,7,16,2026-11-20,0.2520547945,168.1958251359,14,0.0958904110,0.0767123288,58.8429865321,101.7995378490,41.7891922372,76.1762789194,-17.3597994126,-55.2238148059,0.5083000000
loo,XOM,2026-08-20,1530,svi,ok,,8,16,2026-12-18,0.3287671233,168.4702780365,18,0.0767123288,0.0767123288,8.9049624651,27.0923057173,11.8668452796,27.9514288996,2.3792116898,4.2885586026,125.3820000000
loo,XOM,2026-08-20,1530,ssvi,ok,,8,16,2026-12-18,0.3287671233,168.4702780365,18,0.0767123288,0.0767123288,32.3390619407,74.2014037349,34.9086627542,80.2848227361,11.1100740352,7.2665749544,0.9440000000
loo,XOM,2026-08-20,1530,essvi,ok,,8,16,2026-12-18,0.3287671233,168.4702780365,18,0.0767123288,0.0767123288,14.5502033135,28.5376105702,16.8723891727,49.9555279256,-1.2454998130,8.8423812011,1.4457000000
loo,XOM,2026-08-20,1530,essvi_g05,ok,,8,16,2026-12-18,0.3287671233,168.4702780365,18,0.0767123288,0.0767123288,15.5568172911,32.0673681514,17.3349168000,35.3528535470,7.5315006471,2.5379474026,40.7846000000
loo,XOM,2026-08-20,1530,essvi_gfree,ok,,8,16,2026-12-18,0.3287671233,168.4702780365,18,0.0767123288,0.0767123288,14.7596802129,30.2783315462,15.9855368648,33.7639467923,6.2649338699,3.9258419232,6.0388000000
loo,XOM,2026-08-20,1530,essvi_sg05,ok,,8,16,2026-12-18,0.3287671233,168.4702780365,18,0.0767123288,0.0767123288,34.6663420279,71.1588952839,38.5461077143,68.0607539942,29.1545233775,9.3513279980,0.4763000000
loo,XOM,2026-08-20,1530,svi,ok,,9,16,2027-01-15,0.4054794521,169.0388479357,20,0.0767123288,0.1726027397,10.3457219248,21.5645410185,23.9562744528,76.0211880783,-0.1617828034,15.2607365473,113.4805000000
loo,XOM,2026-08-20,1530,ssvi,ok,,9,16,2027-01-15,0.4054794521,169.0388479357,20,0.0767123288,0.1726027397,24.6465854045,86.8597653145,23.6363066996,82.7767045654,-3.7189156948,4.2207012621,1.4128000000
loo,XOM,2026-08-20,1530,essvi,ok,,9,16,2027-01-15,0.4054794521,169.0388479357,20,0.0767123288,0.1726027397,13.9222856863,32.2286874532,21.0768273464,59.4746150461,-1.8986171567,5.1934610957,1.5468000000
loo,XOM,2026-08-20,1530,essvi_g05,ok,,9,16,2027-01-15,0.4054794521,169.0388479357,20,0.0767123288,0.1726027397,22.4809295813,65.2325209069,27.7954211030,71.3830514955,2.2387409779,19.5114341690,4.6466000000
loo,XOM,2026-08-20,1530,essvi_gfree,ok,,9,16,2027-01-15,0.4054794521,169.0388479357,20,0.0767123288,0.1726027397,21.3704539062,62.0898436182,26.5563314026,68.8805716499,2.1117137308,17.5924678271,6.9797000000
loo,XOM,2026-08-20,1530,essvi_sg05,ok,,9,16,2027-01-15,0.4054794521,169.0388479357,20,0.0767123288,0.1726027397,14.1417339680,37.4201550568,15.9154032184,34.2746634892,5.6538243029,4.8370650263,0.4623000000
loo,XOM,2026-08-20,1530,svi,ok,,10,16,2027-03-19,0.5780821918,169.5090539698,21,0.1726027397,0.0767123288,16.0750875898,33.9339397493,82.5528301291,147.2287833723,-63.9347112022,1.2830892233,123.1534000000
loo,XOM,2026-08-20,1530,ssvi,ok,,10,16,2027-03-19,0.5780821918,169.5090539698,21,0.1726027397,0.0767123288,37.8796328985,72.2052379009,44.9775182399,88.0977111478,-38.6582896974,-1.8907394724,1.0074000000
loo,XOM,2026-08-20,1530,essvi,ok,,10,16,2027-03-19,0.5780821918,169.5090539698,21,0.1726027397,0.0767123288,21.0808295719,47.5926656524,83.6795398369,194.2612442122,-66.7892013596,-1.7738367796,0.7921000000
loo,XOM,2026-08-20,1530,essvi_g05,ok,,10,16,2027-03-19,0.5780821918,169.5090539698,21,0.1726027397,0.0767123288,27.8789130804,64.3472751532,80.3623545268,171.1787249320,-70.2641052644,-21.8961096227,7.7112000000
loo,XOM,2026-08-20,1530,essvi_gfree,ok,,10,16,2027-03-19,0.5780821918,169.5090539698,21,0.1726027397,0.0767123288,22.1020246246,49.0003883593,79.4015594790,159.8631749908,-71.3053566377,-30.5945846824,6.0297000000
loo,XOM,2026-08-20,1530,essvi_sg05,ok,,10,16,2027-03-19,0.5780821918,169.5090539698,21,0.1726027397,0.0767123288,35.4368472374,65.3217147431,56.8003328853,134.3729340082,-38.5776462635,-1.6982643216,0.4713000000
loo,XOM,2026-08-20,1530,svi,ok,,11,16,2027-04-16,0.6547945205,170.2035208118,12,0.0767123288,0.1698630137,26.7246266298,51.9006115148,116.5644368664,190.4817794733,93.3975868816,26.0140260794,118.1569000000
loo,XOM,2026-08-20,1530,ssvi,ok,,11,16,2027-04-16,0.6547945205,170.2035208118,12,0.0767123288,0.1698630137,86.4515598519,152.9313235979,97.4000672536,168.5682271385,67.1508480347,-0.4017467047,1.0379000000
loo,XOM,2026-08-20,1530,essvi,ok,,11,16,2027-04-16,0.6547945205,170.2035208118,12,0.0767123288,0.1698630137,40.3440276997,78.3371972458,116.6160284910,190.9562883917,83.0273808238,-0.3750529279,0.7743000000
loo,XOM,2026-08-20,1530,essvi_g05,ok,,11,16,2027-04-16,0.6547945205,170.2035208118,12,0.0767123288,0.1698630137,45.2286516642,83.1810170075,104.7759079288,174.5407208022,89.9136682169,45.3563887145,8.9384000000
loo,XOM,2026-08-20,1530,essvi_gfree,ok,,11,16,2027-04-16,0.6547945205,170.2035208118,12,0.0767123288,0.1698630137,51.9731457899,92.9895438243,110.6724028691,183.7906679518,91.4448184514,33.9188252257,6.5039000000
loo,XOM,2026-08-20,1530,essvi_sg05,ok,,11,16,2027-04-16,0.6547945205,170.2035208118,12,0.0767123288,0.1698630137,69.8719888672,161.1134101329,90.8168348426,158.6592886781,62.0986919775,-0.3821808334,0.4463000000
loo,XOM,2026-08-20,1530,svi,ok,,12,16,2027-06-17,0.8246575342,170.3424868534,24,0.1698630137,0.2520547945,12.1652387539,35.4464264358,51.8592444754,133.3907898508,-38.1758881496,14.6306313886,115.7209000000
loo,XOM,2026-08-20,1530,ssvi,ok,,12,16,2027-06-17,0.8246575342,170.3424868534,24,0.1698630137,0.2520547945,41.1422384325,65.6672133580,37.1444795101,68.9963402714,-32.4333966226,14.7119721377,0.9153000000
loo,XOM,2026-08-20,1530,essvi,ok,,12,16,2027-06-17,0.8246575342,170.3424868534,24,0.1698630137,0.2520547945,24.5310758780,54.2059321546,39.8133541857,81.2627793293,-34.2818055780,14.6183581456,1.4053000000
loo,XOM,2026-08-20,1530,essvi_g05,ok,,12,16,2027-06-17,0.8246575342,170.3424868534,24,0.1698630137,0.2520547945,26.8207316786,61.9961547765,56.7738281287,130.8123555968,-45.2604969801,17.6085967991,15.4203000000
loo,XOM,2026-08-20,1530,essvi_gfree,ok,,12,16,2027-06-17,0.8246575342,170.3424868534,24,0.1698630137,0.2520547945,16.7374659832,44.9667882434,50.1213345166,108.9030663228,-41.9325006116,7.4755352428,59.6636000000
loo,XOM,2026-08-20,1530,essvi_sg05,ok,,12,16,2027-06-17,0.8246575342,170.3424868534,24,0.1698630137,0.2520547945,46.1678299694,79.6692788290,49.3175174920,115.6489951925,-36.9428795645,14.2793111447,0.5184000000
loo,XOM,2026-08-20,1530,svi,ok,,13,16,2027-09-17,1.0767123288,171.2235200669,19,0.2520547945,0.2493150685,16.0356560162,33.7906042282,27.4238251002,70.1439393852,7.2383268149,27.1503147969,124.6180000000
loo,XOM,2026-08-20,1530,ssvi,ok,,13,16,2027-09-17,1.0767123288,171.2235200669,19,0.2520547945,0.2493150685,33.2593083360,55.0856846406,27.5926514851,66.4733830013,-0.0347072529,19.7516079918,0.9727000000
loo,XOM,2026-08-20,1530,essvi,ok,,13,16,2027-09-17,1.0767123288,171.2235200669,19,0.2520547945,0.2493150685,25.7775160344,50.6447008467,26.6962847648,67.7726259240,2.6086102895,19.7945833871,1.4293000000
loo,XOM,2026-08-20,1530,essvi_g05,ok,,13,16,2027-09-17,1.0767123288,171.2235200669,19,0.2520547945,0.2493150685,34.1812637133,72.9104159728,38.1539234893,89.4071644559,14.3232883046,46.6175392178,6.3631000000
loo,XOM,2026-08-20,1530,essvi_gfree,ok,,13,16,2027-09-17,1.0767123288,171.2235200669,19,0.2520547945,0.2493150685,28.0545730901,66.5117642025,30.4657972936,77.7736721219,9.0887913379,31.8533408062,58.1868000000
loo,XOM,2026-08-20,1530,essvi_sg05,ok,,13,16,2027-09-17,1.0767123288,171.2235200669,19,0.2520547945,0.2493150685,38.7477529624,74.1504889011,33.3596738219,64.6065765205,-8.2521193567,19.7602634383,0.4944000000
loo,XOM,2026-08-20,1530,svi,ok,,14,16,2027-12-17,1.3260273973,172.1959844689,26,0.2493150685,0.0958904110,10.7194189648,21.4291798844,16.0971593159,57.7523445194,-2.8575132138,-18.8437512119,116.8709000000
loo,XOM,2026-08-20,1530,ssvi,ok,,14,16,2027-12-17,1.3260273973,172.1959844689,26,0.2493150685,0.0958904110,17.4972613633,34.1228050924,14.2523828774,31.3600140628,-2.6970999295,-24.2243357903,0.8975000000
loo,XOM,2026-08-20,1530,essvi,ok,,14,16,2027-12-17,1.3260273973,172.1959844689,26,0.2493150685,0.0958904110,13.6613008074,29.4677550665,15.0391576805,34.7467055002,-6.1796432338,-23.8915234713,1.4202000000
loo,XOM,2026-08-20,1530,essvi_g05,ok,,14,16,2027-12-17,1.3260273973,172.1959844689,26,0.2493150685,0.0958904110,19.8101961450,50.5872733253,21.9939360578,61.6871559709,-5.7637373306,-1.5183506872,4.9698000000
loo,XOM,2026-08-20,1530,essvi_gfree,ok,,14,16,2027-12-17,1.3260273973,172.1959844689,26,0.2493150685,0.0958904110,12.1442602125,22.8921726558,13.4571667244,31.8685185281,-3.8458127173,-17.3976598716,13.0040000000
loo,XOM,2026-08-20,1530,essvi_sg05,ok,,14,16,2027-12-17,1.3260273973,172.1959844689,26,0.2493150685,0.0958904110,14.2501586621,33.4946222293,23.9675850502,57.5065969713,-18.4174897343,-23.9281202887,0.4798000000
loo,XOM,2026-08-21,1530,svi,ok,,1,16,2026-09-04,0.0383561644,165.5864706731,8,0.0191780822,0.0191780822,7.9818158994,17.8861185902,41.0147695132,71.1369806924,-33.6572717285,-46.7601691528,144.1076000000
loo,XOM,2026-08-21,1530,ssvi,ok,,1,16,2026-09-04,0.0383561644,165.5864706731,8,0.0191780822,0.0191780822,19.6711740403,38.1496248443,50.3991794519,90.3386982376,-46.4885446531,-49.6882772000,0.9646000000
loo,XOM,2026-08-21,1530,essvi,ok,,1,16,2026-09-04,0.0383561644,165.5864706731,8,0.0191780822,0.0191780822,16.4146977358,25.0915216491,52.6638806118,98.3792550600,-45.7991281001,-50.7510332023,0.5761000000
loo,XOM,2026-08-21,1530,essvi_g05,ok,,1,16,2026-09-04,0.0383561644,165.5864706731,8,0.0191780822,0.0191780822,22.9163641535,34.3577068441,45.2611753296,68.8250142321,-38.4504616030,-68.8250142321,2.6397000000
loo,XOM,2026-08-21,1530,essvi_gfree,ok,,1,16,2026-09-04,0.0383561644,165.5864706731,8,0.0191780822,0.0191780822,19.0607460461,29.8094439524,41.3324811061,60.9251498733,-35.6491957875,-60.9251498733,2.6603000000
loo,XOM,2026-08-21,1530,essvi_sg05,ok,,1,16,2026-09-04,0.0383561644,165.5864706731,8,0.0191780822,0.0191780822,55.4978140741,110.9947645280,33.5936580513,52.5520473845,-9.8328806402,-51.3094757967,0.4191000000
loo,XOM,2026-08-21,1530,svi,ok,,2,16,2026-09-11,0.0575342466,165.6258589582,9,0.0191780822,0.0191780822,9.6841078976,14.1564563611,68.5124778082,128.3291434019,57.5792709148,51.9246177963,140.4933000000
loo,XOM,2026-08-21,1530,ssvi,ok,,2,16,2026-09-11,0.0575342466,165.6258589582,9,0.0191780822,0.0191780822,25.4373027974,45.2855408879,55.9865760060,87.6182678818,50.4861031367,50.0439392679,0.9724000000
loo,XOM,2026-08-21,1530,essvi,ok,,2,16,2026-09-11,0.0575342466,165.6258589582,9,0.0191780822,0.0191780822,11.1220186916,18.2530592412,70.3614573346,125.3208446166,60.2053020220,51.1309706778,0.5764000000
loo,XOM,2026-08-21,1530,essvi_g05,ok,,2,16,2026-09-11,0.0575342466,165.6258589582,9,0.0191780822,0.0191780822,32.0416509462,59.0627319714,63.5330621650,119.0632465083,51.8933718913,29.3475751393,2.5438000000
loo,XOM,2026-08-21,1530,essvi_gfree,ok,,2,16,2026-09-11,0.0575342466,165.6258589582,9,0.0191780822,0.0191780822,28.7437834162,53.4699096888,65.7642273857,118.1905364651,56.2218751986,37.2201999233,2.6648000000
loo,XOM,2026-08-21,1530,essvi_sg05,ok,,2,16,2026-09-11,0.0575342466,165.6258589582,9,0.0191780822,0.0191780822,57.7883538899,119.7586316540,94.0080876386,163.7436600044,83.1024600635,49.8650436799,0.4162000000
loo,XOM,2026-08-21,1530,svi,ok,,3,16,2026-09-18,0.0767123288,165.7203319125,11,0.0191780822,0.0191780822,4402.2714285050,14600.6597097520,4532.2223224239,15024.5713614047,1314.1402199043,6.2797927728,144.5999000000
loo,XOM,2026-08-21,1530,ssvi,ok,,3,16,2026-09-18,0.0767123288,165.7203319125,11,0.0191780822,0.0191780822,104.6728938914,287.7545438729,98.0097813278,278.0054626208,-56.1285008183,18.0505384587,0.9483000000
loo,XOM,2026-08-21,1530,essvi,ok,,3,16,2026-09-18,0.0767123288,165.7203319125,11,0.0191780822,0.0191780822,28.7305246890,62.5693007776,138.3962273816,351.5955600009,-88.6685740372,16.3170161969,0.5710000000
loo,XOM,2026-08-21,1530,essvi_g05,ok,,3,16,2026-09-18,0.0767123288,165.7203319125,11,0.0191780822,0.0191780822,27.1877351109,60.1743179735,35.1776737840,102.8259160552,-9.3872943653,-6.9699945439,2.5795000000
loo,XOM,2026-08-21,1530,essvi_gfree,ok,,3,16,2026-09-18,0.0767123288,165.7203319125,11,0.0191780822,0.0191780822,29.7813272496,75.2117703297,44.4084248561,137.7257279176,-21.3422492558,-3.8624736542,2.6114000000
loo,XOM,2026-08-21,1530,essvi_sg05,ok,,3,16,2026-09-18,0.0767123288,165.7203319125,11,0.0191780822,0.0191780822,57.6705580114,122.4244771495,65.9021050096,146.7675698517,49.6992861985,20.5965587138,0.3723000000
loo,XOM,2026-08-21,1530,svi,ok,,4,16,2026-09-25,0.0958904110,165.8279130056,10,0.0191780822,0.0191780822,19.6949389773,36.2896243300,62.6530602575,183.4994959457,16.1466138212,-55.6949458076,148.6285000000
loo,XOM,2026-08-21,1530,ssvi,ok,,4,16,2026-09-25,0.0958904110,165.8279130056,10,0.0191780822,0.0191780822,32.5219979885,65.9995655193,34.8575924483,62.1404031586,-20.6505473891,-53.6312294592,0.9998000000
loo,XOM,2026-08-21,1530,essvi,ok,,4,16,2026-09-25,0.0958904110,165.8279130056,10,0.0191780822,0.0191780822,22.5343632351,40.0375228641,101.4526485355,311.4488662662,24.9707685786,-55.1469074980,0.5664000000
loo,XOM,2026-08-21,1530,essvi_g05,ok,,4,16,2026-09-25,0.0958904110,165.8279130056,10,0.0191780822,0.0191780822,53.3687301458,96.8976029124,87.4457020885,267.0264739715,20.3221795944,-51.5561760308,2.3520000000
loo,XOM,2026-08-21,1530,essvi_gfree,ok,,4,16,2026-09-25,0.0958904110,165.8279130056,10,0.0191780822,0.0191780822,49.4778221521,87.8927317101,83.2826266184,254.1737835490,20.9930074617,-48.1786438513,2.7294000000
loo,XOM,2026-08-21,1530,essvi_sg05,ok,,4,16,2026-09-25,0.0958904110,165.8279130056,10,0.0191780822,0.0191780822,75.5027673517,147.3297059441,108.4744432348,334.4915030365,29.1669751784,-54.2977646366,0.3959000000
loo,XOM,2026-08-21,1530,svi,ok,,5,16,2026-10-02,0.1150684932,165.9933789193,10,0.0191780822,0.0383561644,30.8421050175,89.7224540705,77.5027947381,225.0830326266,41.7558970833,39.9145116062,141.8935000000
loo,XOM,2026-08-21,1530,ssvi,ok,,5,16,2026-10-02,0.1150684932,165.9933789193,10,0.0191780822,0.0383561644,27.3781475388,56.6447120131,29.1177287194,48.8210850589,20.1245277321,48.8210850589,0.9593000000
loo,XOM,2026-08-21,1530,essvi,ok,,5,16,2026-10-02,0.1150684932,165.9933789193,10,0.0191780822,0.0383561644,19.6165898840,46.0508217125,23.2269717562,47.3664107381,9.7030181200,47.3664107381,0.6065000000
loo,XOM,2026-08-21,1530,essvi_g05,ok,,5,16,2026-10-02,0.1150684932,165.9933789193,10,0.0191780822,0.0383561644,16.0600253884,33.6502531439,50.9721243362,101.6073783490,27.0414129325,32.2027944419,2.6407000000
loo,XOM,2026-08-21,1530,essvi_gfree,ok,,5,16,2026-10-02,0.1150684932,165.9933789193,10,0.0191780822,0.0383561644,16.0739941674,31.4790137246,47.1983081217,92.6406756315,25.8005628076,34.0003928605,2.7424000000
loo,XOM,2026-08-21,1530,essvi_sg05,ok,,5,16,2026-10-02,0.1150684932,165.9933789193,10,0.0191780822,0.0383561644,24.7352891160,58.7284051736,91.2722127025,179.9964081650,64.9012427361,54.1869290527,0.3941000000
loo,XOM,2026-08-21,1530,svi,ok,,6,16,2026-10-16,0.1534246575,166.2991874909,13,0.0383561644,0.0958904110,9.2390883204,17.4154381470,44.0945432332,62.5027368310,36.1977498861,45.7641816050,150.5837000000
loo,XOM,2026-08-21,1530,ssvi,ok,,6,16,2026-10-16,0.1534246575,166.2991874909,13,0.0383561644,0.0958904110,40.5529069649,104.9471388528,37.0685208341,56.6513962001,21.2834260600,54.0228478190,0.9973000000
loo,XOM,2026-08-21,1530,essvi,ok,,6,16,2026-10-16,0.1534246575,166.2991874909,13,0.0383561644,0.0958904110,11.0172184153,21.1375530745,73.6403228820,122.2793575060,66.5375705689,51.5579402032,0.5719000000
loo,XOM,2026-08-21,1530,essvi_g05,ok,,6,16,2026-10-16,0.1534246575,166.2991874909,13,0.0383561644,0.0958904110,17.4154504980,36.4861308638,71.0804194408,121.8675588069,61.8225189883,43.5108541228,2.6153000000
loo,XOM,2026-08-21,1530,essvi_gfree,ok,,6,16,2026-10-16,0.1534246575,166.2991874909,13,0.0383561644,0.0958904110,15.4287039126,31.8517716380,63.7237194288,109.8439205451,56.4466624217,44.3873890702,2.6643000000
loo,XOM,2026-08-21,1530,essvi_sg05,ok,,6,16,2026-10-16,0.1534246575,166.2991874909,13,0.0383561644,0.0958904110,54.0572370705,121.8645687827,111.7926029519,184.1109542581,99.6603570157,51.8531517832,0.5434000000
loo,XOM,2026-08-21,1530,svi,ok,,7,16,2026-11-20,0.2493150685,166.1176178189,15,0.0958904110,0.0767123288,12.0239352275,28.4458867532,54.9152227724,76.5532336674,-52.9482810794,-69.0069899486,151.7652000000
loo,XOM,2026-08-21,1530,ssvi,ok,,7,16,2026-11-20,0.2493150685,166.1176178189,15,0.0958904110,0.0767123288,23.6765447310,50.7330432401,49.2421357919,87.7690224920,-45.2705616565,-59.5603565689,0.9345000000
loo,XOM,2026-08-21,1530,essvi,ok,,7,16,2026-11-20,0.2493150685,166.1176178189,15,0.0958904110,0.0767123288,14.2843954414,30.6599027675,50.7882547839,76.6285444370,-49.0071192175,-60.3951089115,0.5466000000
loo,XOM,2026-08-21,1530,essvi_g05,ok,,7,16,2026-11-20,0.2493150685,166.1176178189,15,0.0958904110,0.0767123288,22.5206921361,34.7749572929,58.0236225344,85.3427317293,-53.5870161969,-83.4295188736,2.5946000000
loo,XOM,2026-08-21,1530,essvi_gfree,ok,,7,16,2026-11-20,0.2493150685,166.1176178189,15,0.0958904110,0.0767123288,22.8685465561,35.1907804047,58.2645701224,85.7075965039,-53.7612847287,-83.9815640020,2.6997000000
loo,XOM,2026-08-21,1530,essvi_sg05,ok,,7,16,2026-11-20,0.2493150685,166.1176178189,15,0.0958904110,0.0767123288,66.1525230716,117.6293822337,39.2442011566,60.7355786425,-8.2865345383,-60.6058334173,0.3946000000
loo,XOM,2026-08-21,1530,svi,ok,,8,16,2026-12-18,0.3260273973,166.2792394924,16,0.0767123288,0.0767123288,12.4711086410,21.0735416802,14.6718625162,26.0873296666,-7.0183368484,-26.0873296666,150.7161000000
loo,XOM,2026-08-21,1530,ssvi,ok,,8,16,2026-12-18,0.3260273973,166.2792394924,16,0.0767123288,0.0767123288,20.4071626239,35.4093601534,14.6563985381,27.2018115737,3.5156750822,-13.7939410831,1.4350000000
loo,XOM,2026-08-21,1530,essvi,ok,,8,16,2026-12-18,0.3260273973,166.2792394924,16,0.0767123288,0.0767123288,16.7204672090,28.5305073145,13.5161747537,22.7638386826,-0.4599770613,-14.2643944465,1.0104000000
loo,XOM,2026-08-21,1530,essvi_g05,ok,,8,16,2026-12-18,0.3260273973,166.2792394924,16,0.0767123288,0.0767123288,15.1411284500,25.1192055258,15.7942509266,29.9174420380,-4.9282738451,-29.9174420380,3.6326000000
loo,XOM,2026-08-21,1530,essvi_gfree,ok,,8,16,2026-12-18,0.3260273973,166.2792394924,16,0.0767123288,0.0767123288,15.9968688153,26.9606314345,16.7252615483,32.1337261659,-5.0999073047,-32.1337261659,2.7144000000
loo,XOM,2026-08-21,1530,essvi_sg05,ok,,8,16,2026-12-18,0.3260273973,166.2792394924,16,0.0767123288,0.0767123288,52.0621860775,97.9012288279,43.5519604952,77.4205354121,32.1657762881,-14.9095027416,0.4169000000
loo,XOM,2026-08-21,1530,svi,ok,,9,16,2027-01-15,0.4027397260,166.7939992854,18,0.0767123288,0.1726027397,11.9792101440,30.0408871379,31.7133091556,65.7075680424,25.1865111322,22.8717263434,142.1924000000
loo,XOM,2026-08-21,1530,ssvi,ok,,9,16,2027-01-15,0.4027397260,166.7939992854,18,0.0767123288,0.1726027397,18.9883671298,39.4656312845,41.2707384994,74.9792238308,36.1146629000,33.6057454951,0.9484000000
loo,XOM,2026-08-21,1530,essvi,ok,,9,16,2027-01-15,0.4027397260,166.7939992854,18,0.0767123288,0.1726027397,16.4140981722,43.6586513861,38.4902058793,70.9140331230,29.6450354413,33.6498526076,0.6241000000
loo,XOM,2026-08-21,1530,essvi_g05,ok,,9,16,2027-01-15,0.4027397260,166.7939992854,18,0.0767123288,0.1726027397,16.2044791242,38.7069771268,31.7046153765,61.3006006186,25.4756199847,20.3912519184,2.8710000000
loo,XOM,2026-08-21,1530,essvi_gfree,ok,,9,16,2027-01-15,0.4027397260,166.7939992854,18,0.0767123288,0.1726027397,14.7697431602,37.4630291123,30.4299674842,59.4861755175,25.1045074033,16.8815046060,2.7012000000
loo,XOM,2026-08-21,1530,essvi_sg05,ok,,9,16,2027-01-15,0.4027397260,166.7939992854,18,0.0767123288,0.1726027397,29.4211326583,51.3760393068,63.2101828455,89.9911390191,60.5118720465,32.6738530439,0.3972000000
loo,XOM,2026-08-21,1530,svi,ok,,10,16,2027-03-19,0.5753424658,167.0741781063,21,0.1726027397,0.0767123288,11.3446788717,20.5532662189,58.7013904389,124.8183378244,-34.6820233145,-53.5582129020,153.8765000000
loo,XOM,2026-08-21,1530,ssvi,ok,,10,16,2027-03-19,0.5753424658,167.0741781063,21,0.1726027397,0.0767123288,16.4859374480,37.6780163966,39.1080409530,64.8644577729,-36.4577457174,-56.0742949945,0.9066000000
loo,XOM,2026-08-21,1530,essvi,ok,,10,16,2027-03-19,0.5753424658,167.0741781063,21,0.1726027397,0.0767123288,13.8801834187,29.6853897935,62.1103289723,110.6029732303,-39.5856266314,-59.7211212614,0.6096000000
loo,XOM,2026-08-21,1530,essvi_g05,ok,,10,16,2027-03-19,0.5753424658,167.0741781063,21,0.1726027397,0.0767123288,14.1305561979,27.1704231514,60.3466538627,111.4117755688,-27.0778682909,-40.3095770187,2.3864000000
loo,XOM,2026-08-21,1530,essvi_gfree,ok,,10,16,2027-03-19,0.5753424658,167.0741781063,21,0.1726027397,0.0767123288,13.0458580574,26.1252071095,59.5342563082,105.3113733224,-25.3568526839,-44.4613813875,2.5141000000
loo,XOM,2026-08-21,1530,essvi_sg05,ok,,10,16,2027-03-19,0.5753424658,167.0741781063,21,0.1726027397,0.0767123288,29.7733285260,57.5487416102,63.3049221121,93.1389515316,-23.5660540567,-60.6747485792,0.4005000000
loo,XOM,2026-08-21,1530,svi,ok,,11,16,2027-04-16,0.6520547945,167.8645726421,16,0.0767123288,0.1698630137,24.2363525397,46.8544896147,70.1235285418,163.3603418545,20.5929501709,24.7438938181,157.6363000000
loo,XOM,2026-08-21,1530,ssvi,ok,,11,16,2027-04-16,0.6520547945,167.8645726421,16,0.0767123288,0.1698630137,62.0770002475,137.9245209415,66.6800968775,169.2599509420,15.7015954230,25.9610595254,0.8425000000
loo,XOM,2026-08-21,1530,essvi,ok,,11,16,2027-04-16,0.6520547945,167.8645726421,16,0.0767123288,0.1698630137,41.5974814229,82.7053895611,71.3196259630,179.7171346971,16.9415299284,25.3456967116,0.6094000000
loo,XOM,2026-08-21,1530,essvi_g05,ok,,11,16,2027-04-16,0.6520547945,167.8645726421,16,0.0767123288,0.1698630137,36.5477805808,68.9158978720,66.6163723811,162.8395517589,24.3157197125,40.7066824537,2.3159000000
loo,XOM,2026-08-21,1530,essvi_gfree,ok,,11,16,2027-04-16,0.6520547945,167.8645726421,16,0.0767123288,0.1698630137,37.7321011594,66.7427716681,69.2460563830,173.8807299702,22.0565577920,33.8973577327,2.4275000000
loo,XOM,2026-08-21,1530,essvi_sg05,ok,,11,16,2027-04-16,0.6520547945,167.8645726421,16,0.0767123288,0.1698630137,45.4480490833,90.5016586579,75.6628800810,198.5044401527,22.5931799444,25.6944392182,0.4195000000
loo,XOM,2026-08-21,1530,svi,ok,,12,16,2027-06-17,0.8219178082,168.4376305635,23,0.1698630137,0.2520547945,21.0025418036,42.3997951915,54.8392360529,94.8694888196,-8.6269375961,59.4771774643,156.0177000000
loo,XOM,2026-08-21,1530,ssvi,ok,,12,16,2027-06-17,0.8219178082,168.4376305635,23,0.1698630137,0.2520547945,41.4758171151,93.7598925758,33.9985769466,79.7145110636,-18.2262800860,28.2597716832,0.9091000000
loo,XOM,2026-08-21,1530,essvi,ok,,12,16,2027-06-17,0.8219178082,168.4376305635,23,0.1698630137,0.2520547945,31.6784388640,78.3593480865,77.8383078056,173.2385269102,7.9850402414,31.2126734012,0.6178000000
loo,XOM,2026-08-21,1530,essvi_g05,ok,,12,16,2027-06-17,0.8219178082,168.4376305635,23,0.1698630137,0.2520547945,24.8805031647,51.8081917284,59.7355583243,103.0570823750,4.4515825303,61.0578921741,2.2739000000
loo,XOM,2026-08-21,1530,essvi_gfree,ok,,12,16,2027-06-17,0.8219178082,168.4376305635,23,0.1698630137,0.2520547945,24.4491252061,53.7506028486,63.0775346313,105.7649634917,8.0765539030,58.5422453082,2.3565000000
loo,XOM,2026-08-21,1530,essvi_sg05,ok,,12,16,2027-06-17,0.8219178082,168.4376305635,23,0.1698630137,0.2520547945,31.6784425468,78.3570631158,63.9603809500,118.4240007853,-4.8675699146,30.5466100348,0.4198000000
loo,XOM,2026-08-21,1530,svi,ok,,13,16,2027-09-17,1.0739726027,168.9805861765,18,0.2520547945,0.2493150685,19.8900162359,39.9602841584,41.2080598609,73.3194717096,-2.8573851839,14.8011974516,149.9262000000
loo,XOM,2026-08-21,1530,ssvi,ok,,13,16,2027-09-17,1.0739726027,168.9805861765,18,0.2520547945,0.2493150685,40.6594866435,83.3457306506,39.4649413281,79.9195179121,-13.1918575178,9.4823110162,0.8423000000
loo,XOM,2026-08-21,1530,essvi,ok,,13,16,2027-09-17,1.0739726027,168.9805861765,18,0.2520547945,0.2493150685,28.4363380886,58.6184629887,43.0775543659,83.7255165008,-8.7245362038,9.3299972124,0.6103000000
loo,XOM,2026-08-21,1530,essvi_g05,ok,,13,16,2027-09-17,1.0739726027,168.9805861765,18,0.2520547945,0.2493150685,31.4591976583,58.4682091433,38.6047428732,69.0500296966,2.7807101503,33.2128863207,2.7896000000
loo,XOM,2026-08-21,1530,essvi_gfree,ok,,13,16,2027-09-17,1.0739726027,168.9805861765,18,0.2520547945,0.2493150685,29.6646927609,52.8992542830,38.9047016326,68.8988051761,1.1153546327,28.6790979743,2.4023000000
loo,XOM,2026-08-21,1530,essvi_sg05,ok,,13,16,2027-09-17,1.0739726027,168.9805861765,18,0.2520547945,0.2493150685,39.1796040410,75.1904998601,43.1746320533,87.2059172783,-13.1991168254,9.2964776115,0.4299000000
loo,XOM,2026-08-21,1530,svi,ok,,14,16,2027-12-17,1.3232876712,170.2651499495,25,0.2493150685,0.0958904110,10.4669728571,24.9886973402,18.9097368591,43.2847001258,-8.5006657099,-2.5458130402,136.3358000000
loo,XOM,2026-08-21,1530,ssvi,ok,,14,16,2027-12-17,1.3232876712,170.2651499495,25,0.2493150685,0.0958904110,15.3689105225,32.4494959548,24.1883807589,48.7190811448,-17.2433142025,-25.4772556907,0.8073000000
loo,XOM,2026-08-21,1530,essvi,ok,,14,16,2027-12-17,1.3232876712,170.2651499495,25,0.2493150685,0.0958904110,11.9683347234,29.2337215485,28.3179007432,53.5399773313,-11.7307384140,-25.4726117047,0.6155000000
loo,XOM,2026-08-21,1530,essvi_g05,ok,,14,16,2027-12-17,1.3232876712,170.2651499495,25,0.2493150685,0.0958904110,20.4916455609,59.6257046375,28.2798993250,95.7988628606,-9.1010145856,9.9270136374,2.5187000000
loo,XOM,2026-08-21,1530,essvi_gfree,ok,,14,16,2027-12-17,1.3232876712,170.2651499495,25,0.2493150685,0.0958904110,15.8406749526,47.8226423452,25.6055145990,86.9710813144,-8.6532441867,5.4759901129,2.6139000000
loo,XOM,2026-08-21,1530,essvi_sg05,ok,,14,16,2027-12-17,1.3232876712,170.2651499495,25,0.2493150685,0.0958904110,12.1437058744,33.0763524723,32.3501134194,79.1341901866,-27.2998881548,-25.4767674523,0.4082000000
loo,XOM,2026-08-24,1538,svi,ok,,1,16,2026-09-04,0.0301369863,163.6696753543,6,0.0191780822,0.0191780822,10.8671969748,19.4534323116,32.2231332209,57.5556206619,-24.9622447204,-21.4185113728,124.2233000000
loo,XOM,2026-08-24,1538,ssvi,ok,,1,16,2026-09-04,0.0301369863,163.6696753543,6,0.0191780822,0.0191780822,43.1427590812,67.5051784332,46.2000142622,81.7415424043,-20.3523886840,-17.9765774747,0.8611000000
loo,XOM,2026-08-24,1538,essvi,ok,,1,16,2026-09-04,0.0301369863,163.6696753543,6,0.0191780822,0.0191780822,16.0024139992,26.4398988489,38.4379668555,68.6439883066,-33.4404039159,-26.9170122599,0.6706000000
loo,XOM,2026-08-24,1538,essvi_g05,ok,,1,16,2026-09-04,0.0301369863,163.6696753543,6,0.0191780822,0.0191780822,26.5832347445,44.3709053068,50.9984817647,85.7340278277,-41.9920276103,-53.1527861031,2.4359000000
loo,XOM,2026-08-24,1538,essvi_gfree,ok,,1,16,2026-09-04,0.0301369863,163.6696753543,6,0.0191780822,0.0191780822,19.5572475054,30.8745945589,40.6962332492,74.4645108241,-32.9299055770,-34.1100134019,2.4931000000
loo,XOM,2026-08-24,1538,essvi_sg05,ok,,1,16,2026-09-04,0.0301369863,163.6696753543,6,0.0191780822,0.0191780822,39.8731720159,74.4538799874,32.3541774156,54.4333476671,-9.4532425985,-22.9963713476,0.3482000000
loo,XOM,2026-08-24,1538,svi,ok,,2,16,2026-09-11,0.0493150685,163.7784361617,8,0.0191780822,0.0191780822,7270.2003137118,20563.2157440364,7289.7094586192,20618.0443163452,2616.5581258818,34.8136021372,118.9064000000
loo,XOM,2026-08-24,1538,ssvi,ok,,2,16,2026-09-11,0.0493150685,163.7784361617,8,0.0191780822,0.0191780822,49.8157521035,106.1073293797,74.4914466067,145.7418217865,58.4001822168,23.6280933570,0.8437000000
loo,XOM,2026-08-24,1538,essvi,ok,,2,16,2026-09-11,0.0493150685,163.7784361617,8,0.0191780822,0.0191780822,10.8355990940,20.6079575014,50.9614843743,72.2005832582,48.0377208320,30.5833208922,0.6785000000
loo,XOM,2026-08-24,1538,essvi_g05,ok,,2,16,2026-09-11,0.0493150685,163.7784361617,8,0.0191780822,0.0191780822,30.9086638851,56.2846297281,50.6406044092,87.8930972905,40.8174745804,5.8609996923,2.2008000000
loo,XOM,2026-08-24,1538,essvi_gfree,ok,,2,16,2026-09-11,0.0493150685,163.7784361617,8,0.0191780822,0.0191780822,22.1387780282,41.7430913706,51.0773476778,79.4017532519,45.9370088822,20.6530637824,2.3592000000
loo,XOM,2026-08-24,1538,essvi_sg05,ok,,2,16,2026-09-11,0.0493150685,163.7784361617,8,0.0191780822,0.0191780822,46.7777895754,93.0524839159,77.4787192268,124.2937209513,70.3897908160,32.6903011376,0.3182000000
loo,XOM,2026-08-24,1538,svi,ok,,3,16,2026-09-18,0.0684931507,163.9037041433,13,0.0191780822,0.0191780822,9.3946727987,19.8702956316,128.5430733697,435.0422581975,-3.2129877035,-21.3534118664,119.4563000000
loo,XOM,2026-08-24,1538,ssvi,ok,,3,16,2026-09-18,0.0684931507,163.9037041433,13,0.0191780822,0.0191780822,48.0713077754,90.1129886105,44.8876325679,67.0658112388,-5.9769407522,-37.4824150917,0.8214000000
loo,XOM,2026-08-24,1538,essvi,ok,,3,16,2026-09-18,0.0684931507,163.9037041433,13,0.0191780822,0.0191780822,16.9745727000,31.3472239243,43.2584690680,115.9358785982,-29.8444931612,-29.3763634916,0.6657000000
loo,XOM,2026-08-24,1538,essvi_g05,ok,,3,16,2026-09-18,0.0684931507,163.9037041433,13,0.0191780822,0.0191780822,26.1778085526,51.3864444043,38.5962893391,80.8491934267,-12.4966507678,-41.3943139148,2.2321000000
loo,XOM,2026-08-24,1538,essvi_gfree,ok,,3,16,2026-09-18,0.0684931507,163.9037041433,13,0.0191780822,0.0191780822,16.9635699285,29.9828478641,37.4236558766,84.3213808348,-24.0268851461,-35.8906398536,2.2532000000
loo,XOM,2026-08-24,1538,essvi_sg05,ok,,3,16,2026-09-18,0.0684931507,163.9037041433,13,0.0191780822,0.0191780822,45.3744409427,102.5198122324,42.3394792665,115.2279080490,6.6003041887,-26.8742788781,0.3389000000
loo,XOM,2026-08-24,1538,svi,ok,,4,16,2026-09-25,0.0876712329,163.8385822772,9,0.0191780822,0.0191780822,19.9443400119,32.2875375711,5853.3639464703,17558.0153146763,1995.5853552103,5.8733603005,122.6683000000
loo,XOM,2026-08-24,1538,ssvi,ok,,4,16,2026-09-25,0.0876712329,163.8385822772,9,0.0191780822,0.0191780822,58.3849692039,114.9245542764,70.9874679876,136.2855920277,48.0581134364,-0.4750570745,0.8188000000
loo,XOM,2026-08-24,1538,essvi,ok,,4,16,2026-09-25,0.0876712329,163.8385822772,9,0.0191780822,0.0191780822,23.4491864145,39.7945216642,44.7080810743,91.4321556868,31.8703847021,3.8804271711,0.7194000000
loo,XOM,2026-08-24,1538,essvi_g05,ok,,4,16,2026-09-25,0.0876712329,163.8385822772,9,0.0191780822,0.0191780822,23.1265594147,38.7273297585,42.2655661393,90.7576620849,25.5103575443,-8.0247243749,2.1953000000
loo,XOM,2026-08-24,1538,essvi_gfree,ok,,4,16,2026-09-25,0.0876712329,163.8385822772,9,0.0191780822,0.0191780822,24.3749388023,37.9667270436,40.4023818116,83.6670755801,27.0320413799,1.4071928103,2.2658000000
loo,XOM,2026-08-24,1538,essvi_sg05,ok,,4,16,2026-09-25,0.0876712329,163.8385822772,9,0.0191780822,0.0191780822,23.7253181526,40.7632084899,54.3503955600,109.5477292509,41.1976976158,4.6593519709,0.3275000000
loo,XOM,2026-08-24,1538,svi,ok,,5,16,2026-10-02,0.1068493151,163.9896468599,9,0.0191780822,0.0383561644,8.0367266225,19.6446511487,20.1854965730,52.8254485325,-4.6915640060,6.1504662885,140.4337000000
loo,XOM,2026-08-24,1538,ssvi,ok,,5,16,2026-10-02,0.1068493151,163.9896468599,9,0.0191780822,0.0383561644,28.6735084633,50.3709091486,28.7720866283,46.4412748588,0.8163491194,-0.2949596715,0.8593000000
loo,XOM,2026-08-24,1538,essvi,ok,,5,16,2026-10-02,0.1068493151,163.9896468599,9,0.0191780822,0.0383561644,13.1446704950,19.2691697226,21.5288066674,41.3288351884,7.4316177982,5.9009119588,0.6839000000
loo,XOM,2026-08-24,1538,essvi_g05,ok,,5,16,2026-10-02,0.1068493151,163.9896468599,9,0.0191780822,0.0383561644,12.8100960614,20.0383111035,22.0509106376,53.4210441077,-9.2631232468,-13.3905238520,2.2147000000
loo,XOM,2026-08-24,1538,essvi_gfree,ok,,5,16,2026-10-02,0.1068493151,163.9896468599,9,0.0191780822,0.0383561644,13.6672392561,25.8445853114,17.4006608448,45.5268584157,-4.0787527998,-3.9824606411,2.2755000000
loo,XOM,2026-08-24,1538,essvi_sg05,ok,,5,16,2026-10-02,0.1068493151,163.9896468599,9,0.0191780822,0.0383561644,13.9764834680,24.5352166844,26.0244212048,52.6698618337,12.6139297059,6.4153750248,0.3271000000
loo,XOM,2026-08-24,1538,svi,ok,,6,16,2026-10-16,0.1452054795,164.4769574702,14,0.0383561644,0.0958904110,21150.9579519599,58826.5563626158,20766.8754944359,58317.3398430017,9938.0731115384,33.4010873333,114.8155000000
loo,XOM,2026-08-24,1538,ssvi,ok,,6,16,2026-10-16,0.1452054795,164.4769574702,14,0.0383561644,0.0958904110,63.2833000739,122.5656365153,84.3457648163,166.1771101333,59.6791530645,40.4152155282,0.8207000000
loo,XOM,2026-08-24,1538,essvi,ok,,6,16,2026-10-16,0.1452054795,164.4769574702,14,0.0383561644,0.0958904110,13.3649798972,22.7824317665,47.2682652494,72.9282699931,44.0864158150,43.1406953534,0.7207000000
loo,XOM,2026-08-24,1538,essvi_g05,ok,,6,16,2026-10-16,0.1452054795,164.4769574702,14,0.0383561644,0.0958904110,23.2450076453,39.9809191116,53.7820130870,88.3550639217,49.3930097293,15.4846630494,1.9019000000
loo,XOM,2026-08-24,1538,essvi_gfree,ok,,6,16,2026-10-16,0.1452054795,164.4769574702,14,0.0383561644,0.0958904110,12.4854022625,26.2658501719,38.0110929578,64.2682108092,36.1376807211,20.5574152029,2.2442000000
loo,XOM,2026-08-24,1538,essvi_sg05,ok,,6,16,2026-10-16,0.1452054795,164.4769574702,14,0.0383561644,0.0958904110,57.4686966449,100.3955521518,88.4278997993,126.3839039525,84.4650230184,43.5135950652,0.3552000000
loo,XOM,2026-08-24,1538,svi,ok,,7,16,2026-11-20,0.2410958904,164.2601448274,14,0.0958904110,0.0767123288,16.6558071562,45.6282428265,42.7904144271,72.1863083506,-33.3528656771,-72.1863083506,117.4503000000
loo,XOM,2026-08-24,1538,ssvi,ok,,7,16,2026-11-20,0.2410958904,164.2601448274,14,0.0958904110,0.0767123288,62.8626749652,118.1260878014,45.7454821681,87.3586621498,0.7393413422,-57.9722713170,0.8167000000
loo,XOM,2026-08-24,1538,essvi,ok,,7,16,2026-11-20,0.2410958904,164.2601448274,14,0.0958904110,0.0767123288,24.4853038403,54.0925533990,38.5154288131,70.3598460919,-29.6933396568,-56.5268551047,0.6889000000
loo,XOM,2026-08-24,1538,essvi_g05,ok,,7,16,2026-11-20,0.2410958904,164.2601448274,14,0.0958904110,0.0767123288,28.9606394978,51.8287559072,48.3786746828,88.2845518177,-37.8965850300,-88.2845518177,1.9093000000
loo,XOM,2026-08-24,1538,essvi_gfree,ok,,7,16,2026-11-20,0.2410958904,164.2601448274,14,0.0958904110,0.0767123288,26.3121399821,48.0797195795,46.8183092109,83.4396706962,-37.4833840988,-83.4396706962,2.3124000000
loo,XOM,2026-08-24,1538,essvi_sg05,ok,,7,16,2026-11-20,0.2410958904,164.2601448274,14,0.0958904110,0.0767123288,66.5084227985,100.8535803100,33.8622898886,56.5788515049,1.4306590193,-56.5788515049,0.3379000000
loo,XOM,2026-08-24,1538,svi,ok,,8,16,2026-12-18,0.3178082192,164.3325121606,15,0.0767123288,0.0767123288,8.7801726650,21.6565677844,21.8428417981,42.4311837592,-18.3014313037,-42.4311837592,125.5620000000
loo,XOM,2026-08-24,1538,ssvi,ok,,8,16,2026-12-18,0.3178082192,164.3325121606,15,0.0767123288,0.0767123288,40.6367575799,84.3770210721,34.6832026566,59.7141641323,-1.9461847163,-35.2529742280,0.8176000000
loo,XOM,2026-08-24,1538,essvi,ok,,8,16,2026-12-18,0.3178082192,164.3325121606,15,0.0767123288,0.0767123288,19.6704865949,42.4584667215,23.0376738031,34.8837368819,-12.0012378480,-34.8837368819,0.6713000000
loo,XOM,2026-08-24,1538,essvi_g05,ok,,8,16,2026-12-18,0.3178082192,164.3325121606,15,0.0767123288,0.0767123288,15.1972861756,31.7128342436,21.1576710174,43.7891108118,-13.2722485167,-43.7891108118,2.1799000000
loo,XOM,2026-08-24,1538,essvi_gfree,ok,,8,16,2026-12-18,0.3178082192,164.3325121606,15,0.0767123288,0.0767123288,15.1403861830,31.6984075665,21.4188575140,43.8108279580,-13.6023967779,-43.8108279580,2.2577000000
loo,XOM,2026-08-24,1538,essvi_sg05,ok,,8,16,2026-12-18,0.3178082192,164.3325121606,15,0.0767123288,0.0767123288,37.8942039282,66.7568216345,18.7826099333,37.4745830785,3.8883430671,-34.6319890014,0.3462000000
loo,XOM,2026-08-24,1538,svi,ok,,9,16,2027-01-15,0.3945205479,164.9156715626,18,0.0767123288,0.1726027397,13.3130883149,29.1251287966,34.2587250678,54.0896870598,27.8330261639,41.9652490871,117.9219000000
loo,XOM,2026-08-24,1538,ssvi,ok,,9,16,2027-01-15,0.3945205479,164.9156715626,18,0.0767123288,0.1726027397,32.0003169468,81.5352083414,41.7057891504,72.9738353439,30.4236691699,46.6692544458,1.2210000000
loo,XOM,2026-08-24,1538,essvi,ok,,9,16,2027-01-15,0.3945205479,164.9156715626,18,0.0767123288,0.1726027397,17.2428076579,38.3551964096,37.2996613705,56.9707159978,24.6478450253,47.0445896956,1.1624000000
loo,XOM,2026-08-24,1538,essvi_g05,ok,,9,16,2027-01-15,0.3945205479,164.9156715626,18,0.0767123288,0.1726027397,24.7933996130,67.6200829214,40.1954142165,62.5394759977,27.1854110954,50.4061397031,3.5919000000
loo,XOM,2026-08-24,1538,essvi_gfree,ok,,9,16,2027-01-15,0.3945205479,164.9156715626,18,0.0767123288,0.1726027397,23.2637516044,63.7104118779,38.3354481842,58.3520007078,26.9897379037,46.9075701266,2.8621000000
loo,XOM,2026-08-24,1538,essvi_sg05,ok,,9,16,2027-01-15,0.3945205479,164.9156715626,18,0.0767123288,0.1726027397,21.9612552217,62.3475349069,41.2844786732,65.7541541984,34.1496474139,47.1394920606,0.3258000000
loo,XOM,2026-08-24,1538,svi,ok,,10,16,2027-03-19,0.5671232877,165.0495583367,20,0.1726027397,0.0767123288,11.2952555624,24.2498873049,38.7941858975,130.9809072502,-18.6433356606,10.1451375521,131.2205000000
loo,XOM,2026-08-24,1538,ssvi,ok,,10,16,2027-03-19,0.5671232877,165.0495583367,20,0.1726027397,0.0767123288,38.5265531979,93.2014404452,32.0742653801,96.8254796871,-14.9972364874,23.1487536293,0.7878000000
loo,XOM,2026-08-24,1538,essvi,ok,,10,16,2027-03-19,0.5671232877,165.0495583367,20,0.1726027397,0.0767123288,13.9086275484,33.1078768813,42.5613606107,135.0478189545,-20.2230743732,23.3415309058,0.5107000000
loo,XOM,2026-08-24,1538,essvi_g05,ok,,10,16,2027-03-19,0.5671232877,165.0495583367,20,0.1726027397,0.0767123288,27.2005387184,66.9271459842,47.7937555824,148.8681577921,-26.4730407824,18.3181869203,1.8676000000
loo,XOM,2026-08-24,1538,essvi_gfree,ok,,10,16,2027-03-19,0.5671232877,165.0495583367,20,0.1726027397,0.0767123288,20.4769895316,45.6804547851,42.0002813214,124.6719534799,-25.3570567910,11.1516392594,1.9312000000
loo,XOM,2026-08-24,1538,essvi_sg05,ok,,10,16,2027-03-19,0.5671232877,165.0495583367,20,0.1726027397,0.0767123288,34.8153347498,66.5955597678,32.5450144789,101.6008753622,-11.7823527524,23.3481954369,0.3134000000
loo,XOM,2026-08-24,1538,svi,ok,,11,16,2027-04-16,0.6438356164,165.7639554903,16,0.0767123288,0.1698630137,21.1461676396,46.7231740294,40.6828578315,125.6585416806,9.2538206855,-29.8565015074,146.3941000000
loo,XOM,2026-08-24,1538,ssvi,ok,,11,16,2027-04-16,0.6438356164,165.7639554903,16,0.0767123288,0.1698630137,40.1298038400,100.9202326704,39.5175820755,91.9166673000,-5.3408221206,-32.0781724019,1.2794000000
loo,XOM,2026-08-24,1538,essvi,ok,,11,16,2027-04-16,0.6438356164,165.7639554903,16,0.0767123288,0.1698630137,28.1398358555,51.9852486908,44.6977800188,134.5019564832,7.2285709870,-32.0085974887,0.8412000000
loo,XOM,2026-08-24,1538,essvi_g05,ok,,11,16,2027-04-16,0.6438356164,165.7639554903,16,0.0767123288,0.1698630137,26.7958299630,61.4368288400,38.5068188316,80.8194048031,10.3680358728,-7.6148749839,3.1708000000
loo,XOM,2026-08-24,1538,essvi_gfree,ok,,11,16,2027-04-16,0.6438356164,165.7639554903,16,0.0767123288,0.1698630137,29.2793338952,66.6517801478,40.1260809744,107.0604886178,10.2251679954,-17.2825753064,3.3654000000
loo,XOM,2026-08-24,1538,essvi_sg05,ok,,11,16,2027-04-16,0.6438356164,165.7639554903,16,0.0767123288,0.1698630137,35.3166269703,58.5879673643,39.8099568586,90.7113549290,-6.1218300148,-32.0888934990,0.5595000000
loo,XOM,2026-08-24,1538,svi,ok,,12,16,2027-06-17,0.8136986301,166.0140250585,20,0.1698630137,0.2520547945,17.9475523773,40.7825997122,21.4644465355,49.0778443032,-2.2613672178,-13.9386670503,126.5246000000
loo,XOM,2026-08-24,1538,ssvi,ok,,12,16,2027-06-17,0.8136986301,166.0140250585,20,0.1698630137,0.2520547945,26.8644250668,46.3537109434,27.7355685098,49.1631288335,3.9140666432,-7.8362235901,0.7919000000
loo,XOM,2026-08-24,1538,essvi,ok,,12,16,2027-06-17,0.8136986301,166.0140250585,20,0.1698630137,0.2520547945,21.4703115481,52.2938365097,24.9131202671,56.2255314818,-3.3927237094,-7.4434065511,0.6833000000
loo,XOM,2026-08-24,1538,essvi_g05,ok,,12,16,2027-06-17,0.8136986301,166.0140250585,20,0.1698630137,0.2520547945,24.9970065774,59.5207170216,26.9334916063,63.6679748475,-7.0674892405,-7.8922433171,2.1665000000
loo,XOM,2026-08-24,1538,essvi_gfree,ok,,12,16,2027-06-17,0.8136986301,166.0140250585,20,0.1698630137,0.2520547945,21.2169985935,55.9147861799,22.9311257061,58.8868198973,-6.7734756270,-17.1430831875,2.3103000000
loo,XOM,2026-08-24,1538,essvi_sg05,ok,,12,16,2027-06-17,0.8136986301,166.0140250585,20,0.1698630137,0.2520547945,22.2706048962,57.5804376544,23.5331218545,51.5334500675,-0.4817948653,-7.4296017720,0.3296000000
loo,XOM,2026-08-24,1538,svi,ok,,13,16,2027-09-17,1.0657534247,166.6468757568,21,0.2520547945,0.2493150685,14.0512783319,34.7447862563,16.5841297078,34.7521095473,4.1049526435,-5.0904974512,128.8040000000
loo,XOM,2026-08-24,1538,ssvi,ok,,13,16,2027-09-17,1.0657534247,166.6468757568,21,0.2520547945,0.2493150685,16.1949342651,27.4745945229,16.5952481996,28.7356910729,2.7194581546,-0.2521533350,0.7981000000
loo,XOM,2026-08-24,1538,essvi,ok,,13,16,2027-09-17,1.0657534247,166.6468757568,21,0.2520547945,0.2493150685,15.6700497384,32.6233450489,19.2800337501,41.1137467655,4.3071255694,0.1048090225,0.7066000000
loo,XOM,2026-08-24,1538,essvi_g05,ok,,13,16,2027-09-17,1.0657534247,166.6468757568,21,0.2520547945,0.2493150685,17.5692237168,30.4027635553,20.2076086474,38.3469156106,5.0100457617,11.7475217674,1.9037000000
loo,XOM,2026-08-24,1538,essvi_gfree,ok,,13,16,2027-09-17,1.0657534247,166.6468757568,21,0.2520547945,0.2493150685,15.6545799962,33.9825191366,19.0194061146,39.8412044864,3.4745852499,-0.6207187112,2.1919000000
loo,XOM,2026-08-24,1538,essvi_sg05,ok,,13,16,2027-09-17,1.0657534247,166.6468757568,21,0.2520547945,0.2493150685,17.1524611049,30.4920579961,18.6079047923,41.6383452214,-2.2945853139,-0.0333519530,0.3306000000
loo,XOM,2026-08-24,1538,svi,ok,,14,16,2027-12-17,1.3150684932,167.7888950989,24,0.2493150685,0.0958904110,12.5504399146,34.9194126257,18.5322135604,34.2091702445,-11.4359551449,-14.5995028726,131.5681000000
loo,XOM,2026-08-24,1538,ssvi,ok,,14,16,2027-12-17,1.3150684932,167.7888950989,24,0.2493150685,0.0958904110,13.8644122004,35.5751946067,15.4413616120,40.2481002605,-7.1458533662,-12.7085600782,0.7806000000
loo,XOM,2026-08-24,1538,essvi,ok,,14,16,2027-12-17,1.3150684932,167.7888950989,24,0.2493150685,0.0958904110,13.2294164294,34.1329578532,16.3216380621,40.3838484306,-8.7819375786,-12.6212782917,0.7186000000
loo,XOM,2026-08-24,1538,essvi_g05,ok,,14,16,2027-12-17,1.3150684932,167.7888950989,24,0.2493150685,0.0958904110,17.5061338683,46.3641850413,20.9922897019,42.6744452988,-10.4975956534,-4.9658792701,2.0875000000
loo,XOM,2026-08-24,1538,essvi_gfree,ok,,14,16,2027-12-17,1.3150684932,167.7888950989,24,0.2493150685,0.0958904110,13.1734990150,35.3518117892,17.4527012221,42.7858080028,-11.3135480324,-20.3376994336,2.1932000000
loo,XOM,2026-08-24,1538,essvi_sg05,ok,,14,16,2027-12-17,1.3150684932,167.7888950989,24,0.2493150685,0.0958904110,17.3290575685,38.9438573130,20.7974686110,45.7665372119,-13.6994467203,-12.6336186125,0.3116000000
loo,XOM,2026-08-25,1530,svi,ok,,1,16,2026-09-04,0.0273972603,162.2606135080,7,0.0191780822,0.0191780822,7.7695005842,12.7855990029,51.2406328411,70.1100488170,-46.0779293329,-55.5487580266,113.4029000000
loo,XOM,2026-08-25,1530,ssvi,ok,,1,16,2026-09-04,0.0273972603,162.2606135080,7,0.0191780822,0.0191780822,29.8390853578,67.8628074580,36.4960241777,51.3169917499,-29.8674333496,-51.3169917499,0.9443000000
loo,XOM,2026-08-25,1530,essvi,ok,,1,16,2026-09-04,0.0273972603,162.2606135080,7,0.0191780822,0.0191780822,19.2301400759,42.0617533661,55.5973223705,82.2810008109,-51.4504215501,-51.5307338401,0.6251000000
loo,XOM,2026-08-25,1530,essvi_g05,ok,,1,16,2026-09-04,0.0273972603,162.2606135080,7,0.0191780822,0.0191780822,29.9113196370,42.7189828391,59.0463482955,90.8304707035,-52.3218690445,-90.8304707035,5.7015000000
loo,XOM,2026-08-25,1530,essvi_gfree,ok,,1,16,2026-09-04,0.0273972603,162.2606135080,7,0.0191780822,0.0191780822,18.0533720380,36.2882099342,53.8941924484,70.8574362107,-50.8251846486,-68.9491370181,6.2537000000
loo,XOM,2026-08-25,1530,essvi_sg05,ok,,1,16,2026-09-04,0.0273972603,162.2606135080,7,0.0191780822,0.0191780822,63.4608983425,104.7619664918,33.1710594595,52.0499886314,-5.1273042937,-52.0499886314,0.4328000000
loo,XOM,2026-08-25,1530,svi,ok,,2,16,2026-09-11,0.0465753425,162.3789802928,8,0.0191780822,0.0191780822,4.0828195405,7.6589378810,52.1731534242,88.0416517356,46.6073042922,20.5493214801,126.7301000000
loo,XOM,2026-08-25,1530,ssvi,ok,,2,16,2026-09-11,0.0465753425,162.3789802928,8,0.0191780822,0.0191780822,31.7561288670,67.0594661630,61.2163822633,101.0736196000,57.3899774748,33.2735577034,0.9392000000
loo,XOM,2026-08-25,1530,essvi,ok,,2,16,2026-09-11,0.0465753425,162.3789802928,8,0.0191780822,0.0191780822,9.2091811553,12.6779805227,57.0779762957,105.5879420574,48.9316127261,33.0386203328,0.5814000000
loo,XOM,2026-08-25,1530,essvi_g05,ok,,2,16,2026-09-11,0.0465753425,162.3789802928,8,0.0191780822,0.0191780822,28.8415950717,42.2613886212,41.7756228288,79.2163347306,31.0402300884,-7.9531327640,8.3355000000
loo,XOM,2026-08-25,1530,essvi_gfree,ok,,2,16,2026-09-11,0.0465753425,162.3789802928,8,0.0191780822,0.0191780822,16.4763178297,27.0683501988,50.6847049336,93.9669761859,44.7064241485,22.4177743849,4.9929000000
loo,XOM,2026-08-25,1530,essvi_sg05,ok,,2,16,2026-09-11,0.0465753425,162.3789802928,8,0.0191780822,0.0191780822,58.6503865380,115.2451049083,87.3398455455,131.7826955967,80.5690710570,33.3489587868,0.4038000000
loo,XOM,2026-08-25,1530,svi,ok,,3,16,2026-09-18,0.0657534247,162.4946081784,14,0.0191780822,0.0191780822,10.2202511048,21.3437045624,161.1664961379,441.1448831704,-93.0737493797,-23.5332448944,130.0217000000
loo,XOM,2026-08-25,1530,ssvi,ok,,3,16,2026-09-18,0.0657534247,162.4946081784,14,0.0191780822,0.0191780822,22.9259261963,47.9133811132,23.5109202408,58.0531787870,-5.6999615779,-9.3409610861,0.9284000000
loo,XOM,2026-08-25,1530,essvi,ok,,3,16,2026-09-18,0.0657534247,162.4946081784,14,0.0191780822,0.0191780822,20.6002996579,49.3209589659,144.6587191535,389.0561383227,-84.6801368059,-9.4330895390,0.5813000000
loo,XOM,2026-08-25,1530,essvi_g05,ok,,3,16,2026-09-18,0.0657534247,162.4946081784,14,0.0191780822,0.0191780822,25.2482604037,59.3047523609,75.5653435703,121.5484827153,-47.1175901971,-77.2309757561,2.2042000000
loo,XOM,2026-08-25,1530,essvi_gfree,ok,,3,16,2026-09-18,0.0657534247,162.4946081784,14,0.0191780822,0.0191780822,22.8575164838,53.0552471215,104.7605088393,249.3362459241,-69.0102892465,-51.4478551047,2.6435000000
loo,XOM,2026-08-25,1530,essvi_sg05,ok,,3,16,2026-09-18,0.0657534247,162.4946081784,14,0.0191780822,0.0191780822,69.3607173906,151.2862214994,71.0705229261,187.7235761272,38.6609739591,-9.5865284899,0.3691000000
loo,XOM,2026-08-25,1530,svi,ok,,4,16,2026-09-25,0.0849315068,162.6952755919,11,0.0191780822,0.0191780822,21.8578496177,55.5330639069,8752.4465116979,27508.7666546016,3344.6322572843,-17.5225607710,137.4420000000
loo,XOM,2026-08-25,1530,ssvi,ok,,4,16,2026-09-25,0.0849315068,162.6952755919,11,0.0191780822,0.0191780822,126.6239982494,293.9155040400,137.4521463121,313.7755288230,83.8405322266,10.0071024617,0.8304000000
loo,XOM,2026-08-25,1530,essvi,ok,,4,16,2026-09-25,0.0849315068,162.6952755919,11,0.0191780822,0.0191780822,34.3844170994,72.8312973859,99.2585183117,229.0321008203,46.3765615840,10.1450664676,0.5953000000
loo,XOM,2026-08-25,1530,essvi_g05,ok,,4,16,2026-09-25,0.0849315068,162.6952755919,11,0.0191780822,0.0191780822,82.8601912957,127.6821262858,141.6899649689,334.6057035079,67.6977131011,-32.4458181198,2.2447000000
loo,XOM,2026-08-25,1530,essvi_gfree,ok,,4,16,2026-09-25,0.0849315068,162.6952755919,11,0.0191780822,0.0191780822,58.0612204067,101.0776671804,126.6598036363,293.9130736661,60.4006044544,-20.0077399754,2.3903000000
loo,XOM,2026-08-25,1530,essvi_sg05,ok,,4,16,2026-09-25,0.0849315068,162.6952755919,11,0.0191780822,0.0191780822,137.4790955382,232.2551476954,167.6096332176,363.0660878888,118.3129104502,9.5053638010,0.3851000000
loo,XOM,2026-08-25,1530,svi,ok,,5,16,2026-10-02,0.1041095890,162.7249704228,7,0.0191780822,0.0383561644,22.1456159067,36.7800475300,32.8422735876,58.0344738459,-0.0135453245,-24.1576144237,101.9887000000
loo,XOM,2026-08-25,1530,ssvi,ok,,5,16,2026-10-02,0.1041095890,162.7249704228,7,0.0191780822,0.0383561644,44.6749852571,81.8740447137,39.2848553586,75.3534122621,30.6442353727,-8.8281956520,0.9418000000
loo,XOM,2026-08-25,1530,essvi,ok,,5,16,2026-10-02,0.1041095890,162.7249704228,7,0.0191780822,0.0383561644,38.7315616504,72.3977726918,38.0760376649,57.4058442809,12.4347600243,-9.8931608086,0.5888000000
loo,XOM,2026-08-25,1530,essvi_g05,ok,,5,16,2026-10-02,0.1041095890,162.7249704228,7,0.0191780822,0.0383561644,24.3945288714,42.7102187239,49.8037927740,87.6809041831,-34.0592956039,-61.5936990248,5.4610000000
loo,XOM,2026-08-25,1530,essvi_gfree,ok,,5,16,2026-10-02,0.1041095890,162.7249704228,7,0.0191780822,0.0383561644,24.6751002353,43.1229791404,41.7535075612,80.7827426371,-17.7609269344,-41.7246274921,6.7726000000
loo,XOM,2026-08-25,1530,essvi_sg05,ok,,5,16,2026-10-02,0.1041095890,162.7249704228,7,0.0191780822,0.0383561644,43.6836919777,84.7568399220,41.5462126210,86.7363770966,18.2263243924,-11.1448285342,0.4251000000
loo,XOM,2026-08-25,1530,svi,ok,,6,16,2026-10-16,0.1424657534,163.0408475254,12,0.0383561644,0.0958904110,3833.3886829600,13279.2137891989,3473.9414163420,12030.9338115319,1019.2325587951,24.5877540303,122.2346000000
loo,XOM,2026-08-25,1530,ssvi,ok,,6,16,2026-10-16,0.1424657534,163.0408475254,12,0.0383561644,0.0958904110,44.1969986146,86.6866115888,61.2485922280,101.7451312988,44.2540125283,42.9191981035,0.9198000000
loo,XOM,2026-08-25,1530,essvi,ok,,6,16,2026-10-16,0.1424657534,163.0408475254,12,0.0383561644,0.0958904110,12.2756969017,27.1171557061,107.4910170938,241.2022353936,-16.2803245073,37.6119956627,0.6044000000
loo,XOM,2026-08-25,1530,essvi_g05,ok,,6,16,2026-10-16,0.1424657534,163.0408475254,12,0.0383561644,0.0958904110,12.8664548656,23.1137390443,44.8609493875,69.2097122940,41.9734667600,23.4998936697,7.8404000000
loo,XOM,2026-08-25,1530,essvi_gfree,ok,,6,16,2026-10-16,0.1424657534,163.0408475254,12,0.0383561644,0.0958904110,12.4722583888,25.0761780989,40.7109575822,72.2819182540,24.2442101485,26.2346401872,9.2757000000
loo,XOM,2026-08-25,1530,essvi_sg05,ok,,6,16,2026-10-16,0.1424657534,163.0408475254,12,0.0383561644,0.0958904110,44.4108560608,74.4697342615,97.0840420808,146.8818532236,91.1243972135,52.0574740451,0.4189000000
loo,XOM,2026-08-25,1530,svi,ok,,7,16,2026-11-20,0.2383561644,162.9388627460,14,0.0958904110,0.0767123288,9.2660430490,17.7275290993,55.3206698256,95.6202163978,-52.3486634316,-41.9950126097,132.4199000000
loo,XOM,2026-08-25,1530,ssvi,ok,,7,16,2026-11-20,0.2383561644,162.9388627460,14,0.0958904110,0.0767123288,39.1541884483,104.9100638942,64.1361072089,149.6669779745,-51.1896245512,-35.8779678373,0.9075000000
loo,XOM,2026-08-25,1530,essvi,ok,,7,16,2026-11-20,0.2383561644,162.9388627460,14,0.0958904110,0.0767123288,15.1837345845,25.8852103359,56.1607560751,116.8210250547,-51.0706393509,-32.9173557346,0.6187000000
loo,XOM,2026-08-25,1530,essvi_g05,ok,,7,16,2026-11-20,0.2383561644,162.9388627460,14,0.0958904110,0.0767123288,14.5259817292,24.5736218276,56.9445464531,96.6994193682,-54.3002645345,-44.4465588236,7.5507000000
loo,XOM,2026-08-25,1530,essvi_gfree,ok,,7,16,2026-11-20,0.2383561644,162.9388627460,14,0.0958904110,0.0767123288,17.1976242308,35.6594035430,59.0292486613,111.7989557846,-55.1564840293,-39.3354421253,6.8040000000
loo,XOM,2026-08-25,1530,essvi_sg05,ok,,7,16,2026-11-20,0.2383561644,162.9388627460,14,0.0958904110,0.0767123288,26.8339652901,57.6379593784,28.2024452532,54.2060200595,-23.6018142069,-32.9483882776,0.4159000000
loo,XOM,2026-08-25,1530,svi,ok,,8,16,2026-12-18,0.3150684932,163.0114203194,17,0.0767123288,0.0767123288,9.0051300311,17.6839901938,24.5798484509,45.1409685089,-19.0337800983,-23.3557028936,129.7230000000
loo,XOM,2026-08-25,1530,ssvi,ok,,8,16,2026-12-18,0.3150684932,163.0114203194,17,0.0767123288,0.0767123288,23.1412297412,51.5008143123,31.1358905233,49.9686292343,-20.8586787004,-30.5343183655,0.8088000000
loo,XOM,2026-08-25,1530,essvi,ok,,8,16,2026-12-18,0.3150684932,163.0114203194,17,0.0767123288,0.0767123288,10.5403971307,16.9534969076,21.8857262706,47.7956880010,-16.0552640840,-28.1107069501,0.6126000000
loo,XOM,2026-08-25,1530,essvi_g05,ok,,8,16,2026-12-18,0.3150684932,163.0114203194,17,0.0767123288,0.0767123288,9.1602040451,19.5850200739,20.4191679299,40.0784659670,-16.3331571975,-15.4660215400,7.3889000000
loo,XOM,2026-08-25,1530,essvi_gfree,ok,,8,16,2026-12-18,0.3150684932,163.0114203194,17,0.0767123288,0.0767123288,9.1968207440,19.8916673702,21.5240556457,42.5273645264,-16.9394930954,-15.9215226138,4.8457000000
loo,XOM,2026-08-25,1530,essvi_sg05,ok,,8,16,2026-12-18,0.3150684932,163.0114203194,17,0.0767123288,0.0767123288,32.9205018492,59.8892892126,20.7271290351,46.7022510719,-8.0766984307,-28.5870912982,0.4135000000
loo,XOM,2026-08-25,1530,svi,ok,,9,16,2027-01-15,0.3917808219,163.4569155936,18,0.0767123288,0.1726027397,9.3647902426,19.8306270302,43.1999595805,68.4851795830,38.5287717076,68.4851795830,130.4441000000
loo,XOM,2026-08-25,1530,ssvi,ok,,9,16,2027-01-15,0.3917808219,163.4569155936,18,0.0767123288,0.1726027397,32.4515830430,59.0325453803,47.5881958077,74.6489487992,39.8829295367,66.6157432165,0.9050000000
loo,XOM,2026-08-25,1530,essvi,ok,,9,16,2027-01-15,0.3917808219,163.4569155936,18,0.0767123288,0.1726027397,16.4892687679,28.6015112219,42.6368942566,67.7108233731,36.9437727466,67.7108233731,0.7060000000
loo,XOM,2026-08-25,1530,essvi_g05,ok,,9,16,2027-01-15,0.3917808219,163.4569155936,18,0.0767123288,0.1726027397,21.1267151292,56.7689188625,44.0476937235,72.1218872810,37.2577097152,72.1218872810,8.6555000000
loo,XOM,2026-08-25,1530,essvi_gfree,ok,,9,16,2027-01-15,0.3917808219,163.4569155936,18,0.0767123288,0.1726027397,18.9965000545,50.5436773057,42.6466140637,67.0355100469,37.4021674715,67.0355100469,6.7508000000
loo,XOM,2026-08-25,1530,essvi_sg05,ok,,9,16,2027-01-15,0.3917808219,163.4569155936,18,0.0767123288,0.1726027397,17.0700195253,36.7042988379,53.8302550928,74.1831871060,51.3908368333,68.3478618407,0.4227000000
loo,XOM,2026-08-25,1530,svi,ok,,10,16,2027-03-19,0.5643835616,163.5736157144,19,0.1726027397,0.0767123288,12.5980744516,20.3856197165,23.0972649096,35.2683778328,-19.0227461603,2.0280402693,111.4370000000
loo,XOM,2026-08-25,1530,ssvi,ok,,10,16,2027-03-19,0.5643835616,163.5736157144,19,0.1726027397,0.0767123288,19.3750977699,33.7135239811,27.8482008374,47.4209524332,-21.1670807025,-6.8074356124,0.8759000000
loo,XOM,2026-08-25,1530,essvi,ok,,10,16,2027-03-19,0.5643835616,163.5736157144,19,0.1726027397,0.0767123288,15.6416126431,28.5306010338,26.7943385803,41.4763257606,-22.8170919249,-6.1197779253,0.5871000000
loo,XOM,2026-08-25,1530,essvi_g05,ok,,10,16,2027-03-19,0.5643835616,163.5736157144,19,0.1726027397,0.0767123288,15.1891638846,26.3900414087,26.0113221952,48.0042518649,-20.8047058044,4.9492165020,8.4368000000
loo,XOM,2026-08-25,1530,essvi_gfree,ok,,10,16,2027-03-19,0.5643835616,163.5736157144,19,0.1726027397,0.0767123288,14.0134277732,22.1827833750,23.2707265639,38.8531448758,-18.1559022879,-3.0782756550,5.9082000000
loo,XOM,2026-08-25,1530,essvi_sg05,ok,,10,16,2027-03-19,0.5643835616,163.5736157144,19,0.1726027397,0.0767123288,15.6804008075,28.4146853920,23.3127494635,41.8089727741,-16.9688292870,-5.9625308425,0.4124000000
loo,XOM,2026-08-25,1530,svi,ok,,11,16,2027-04-16,0.6410958904,163.9025064944,17,0.0767123288,0.1698630137,8.5412459735,21.6051977374,17.9767853329,35.7792365595,13.6854920789,16.2427940701,118.1823000000
loo,XOM,2026-08-25,1530,ssvi,ok,,11,16,2027-04-16,0.6410958904,163.9025064944,17,0.0767123288,0.1698630137,16.5971057477,38.3168168064,18.4489880645,44.6560290946,6.3419942040,4.9118710254,0.8097000000
loo,XOM,2026-08-25,1530,essvi,ok,,11,16,2027-04-16,0.6410958904,163.9025064944,17,0.0767123288,0.1698630137,9.8347017387,21.6698024025,16.3650623868,38.3027669166,7.2725601968,5.3172377423,0.6289000000
loo,XOM,2026-08-25,1530,essvi_g05,ok,,11,16,2027-04-16,0.6410958904,163.9025064944,17,0.0767123288,0.1698630137,8.6739044891,21.6936892547,17.7319372595,34.4436111471,15.1563258093,27.0319689288,7.3251000000
loo,XOM,2026-08-25,1530,essvi_gfree,ok,,11,16,2027-04-16,0.6410958904,163.9025064944,17,0.0767123288,0.1698630137,11.5852136553,21.9696957904,17.8346754239,35.0090660227,13.0789372259,14.5268723012,5.7978000000
loo,XOM,2026-08-25,1530,essvi_sg05,ok,,11,16,2027-04-16,0.6410958904,163.9025064944,17,0.0767123288,0.1698630137,12.7513272297,20.2968116964,14.2007081359,30.3913072140,5.5249862900,5.3884181052,0.4224000000
loo,XOM,2026-08-25,1530,svi,ok,,12,16,2027-06-17,0.8109589041,164.3169777287,21,0.1698630137,0.2520547945,13.3228469767,27.7628294597,29.6528840014,61.7164660915,-22.2212137221,-20.6034619569,135.6658000000
loo,XOM,2026-08-25,1530,ssvi,ok,,12,16,2027-06-17,0.8109589041,164.3169777287,21,0.1698630137,0.2520547945,20.3924093869,45.3103521007,34.1699339381,61.9349446075,-29.9240601088,-17.9197920807,0.8813000000
loo,XOM,2026-08-25,1530,essvi,ok,,12,16,2027-06-17,0.8109589041,164.3169777287,21,0.1698630137,0.2520547945,17.2488904725,41.6185274982,30.3970941767,68.8400793865,-24.8356025846,-17.6718763193,0.6487000000
loo,XOM,2026-08-25,1530,essvi_g05,ok,,12,16,2027-06-17,0.8109589041,164.3169777287,21,0.1698630137,0.2520547945,22.6813059045,41.3922482620,34.5127763059,71.8161265097,-24.6124202033,3.1253062203,11.4844000000
loo,XOM,2026-08-25,1530,essvi_gfree,ok,,12,16,2027-06-17,0.8109589041,164.3169777287,21,0.1698630137,0.2520547945,15.8185684022,36.4402070883,27.3386662204,65.7448653834,-20.3565246732,-10.3333604537,7.2259000000
loo,XOM,2026-08-25,1530,essvi_sg05,ok,,12,16,2027-06-17,0.8109589041,164.3169777287,21,0.1698630137,0.2520547945,21.0594716357,52.4578814161,35.5286554399,74.9332760764,-30.4541187620,-17.6168477007,0.4377000000
loo,XOM,2026-08-25,1530,svi,ok,,13,16,2027-09-17,1.0630136986,164.9899297483,21,0.2520547945,0.2493150685,19.7492241966,61.8448468958,32.7693311587,99.9547649620,15.2630437246,33.3556604222,130.4573000000
loo,XOM,2026-08-25,1530,ssvi,ok,,13,16,2027-09-17,1.0630136986,164.9899297483,21,0.2520547945,0.2493150685,30.4506184673,65.1698686311,29.7969434661,91.7186196492,9.9786015616,26.1145223228,0.8905000000
loo,XOM,2026-08-25,1530,essvi,ok,,13,16,2027-09-17,1.0630136986,164.9899297483,21,0.2520547945,0.2493150685,24.0244435364,63.6145861588,30.6539985753,91.9713407098,12.4308428453,26.1203612956,0.6316000000
loo,XOM,2026-08-25,1530,essvi_g05,ok,,13,16,2027-09-17,1.0630136986,164.9899297483,21,0.2520547945,0.2493150685,33.1612060565,94.3934953634,39.9984304398,116.4577087083,18.3167958546,51.7429709494,16.4400000000
loo,XOM,2026-08-25,1530,essvi_gfree,ok,,13,16,2027-09-17,1.0630136986,164.9899297483,21,0.2520547945,0.2493150685,24.8816360819,78.2472176553,32.2196283023,97.9020280547,15.6578757664,32.3415289335,8.4075000000
loo,XOM,2026-08-25,1530,essvi_sg05,ok,,13,16,2027-09-17,1.0630136986,164.9899297483,21,0.2520547945,0.2493150685,33.4946139224,63.5768843577,30.6416485912,91.3432746100,2.2634848801,26.1092887402,0.3921000000
loo,XOM,2026-08-25,1530,svi,ok,,14,16,2027-12-17,1.3123287671,165.9989193586,24,0.2493150685,0.0958904110,12.7776350077,39.7836658761,16.5165392419,35.2447062722,-6.9721581532,-7.7822449761,129.4534000000
loo,XOM,2026-08-25,1530,ssvi,ok,,14,16,2027-12-17,1.3123287671,165.9989193586,24,0.2493150685,0.0958904110,16.1551779889,37.8503859378,17.9906152853,41.3351171321,-3.5699197313,-1.0038212185,0.8836000000
loo,XOM,2026-08-25,1530,essvi,ok,,14,16,2027-12-17,1.3123287671,165.9989193586,24,0.2493150685,0.0958904110,13.7904108087,32.1541255151,16.8123354512,35.2128481633,-4.6085517193,-0.9293590048,0.6365000000
loo,XOM,2026-08-25,1530,essvi_g05,ok,,14,16,2027-12-17,1.3123287671,165.9989193586,24,0.2493150685,0.0958904110,22.9523229031,53.3328326540,27.7262651263,74.1964523648,-6.6049966260,19.5989794400,10.4170000000
loo,XOM,2026-08-25,1530,essvi_gfree,ok,,14,16,2027-12-17,1.3123287671,165.9989193586,24,0.2493150685,0.0958904110,13.9049556610,33.1144390336,17.5059312422,35.9264528122,-6.4646095604,-5.8816620472,6.5561000000
loo,XOM,2026-08-25,1530,essvi_sg05,ok,,14,16,2027-12-17,1.3123287671,165.9989193586,24,0.2493150685,0.0958904110,18.1451974871,36.8689884388,23.5955268401,59.9971755875,-14.5823688090,-0.9278346523,0.4180000000
loo,XOM,2026-08-26,1530,svi,ok,,1,14,2026-09-11,0.0438356164,158.6941056022,8,0.0191780822,0.0191780822,7.5541865624,17.6751599053,94.8220453290,182.2127182990,78.9223049085,72.0882133220,121.4472000000
loo,XOM,2026-08-26,1530,ssvi,ok,,1,14,2026-09-11,0.0438356164,158.6941056022,8,0.0191780822,0.0191780822,23.7309639451,43.9624268906,92.5667058825,120.6697421593,90.9017015220,71.7005549049,0.7808000000
loo,XOM,2026-08-26,1530,essvi,ok,,1,14,2026-09-11,0.0438356164,158.6941056022,8,0.0191780822,0.0191780822,10.0284032847,19.4269791097,154.2438861241,297.1123070697,82.7679961866,100.9021769409,0.6857000000
loo,XOM,2026-08-26,1530,essvi_g05,ok,,1,14,2026-09-11,0.0438356164,158.6941056022,8,0.0191780822,0.0191780822,49.3265759031,81.2155829173,101.8936822805,216.2418066344,81.4082049728,36.8992519118,2.6668000000
loo,XOM,2026-08-26,1530,essvi_gfree,ok,,1,14,2026-09-11,0.0438356164,158.6941056022,8,0.0191780822,0.0191780822,24.8093802087,42.2118269162,104.7705045025,209.4146377201,85.4046610071,71.1380540189,2.8442000000
loo,XOM,2026-08-26,1530,essvi_sg05,ok,,1,14,2026-09-11,0.0438356164,158.6941056022,8,0.0191780822,0.0191780822,270.9111880413,545.1639423908,153.2415820534,268.9273794550,140.1547582311,81.0604383671,0.5207000000
loo,XOM,2026-08-26,1530,svi,ok,,2,14,2026-09-18,0.0630136986,158.8084268655,11,0.0191780822,0.0191780822,10.4191062300,24.0367372831,61.5373149824,153.8415761956,-47.1167847737,-7.9855985992,118.9255000000
loo,XOM,2026-08-26,1530,ssvi,ok,,2,14,2026-09-18,0.0630136986,158.8084268655,11,0.0191780822,0.0191780822,23.9874371557,56.8730802567,37.8012296903,79.6674952473,-30.1572924837,-8.7122229710,0.7778000000
loo,XOM,2026-08-26,1530,essvi,ok,,2,14,2026-09-18,0.0630136986,158.8084268655,11,0.0191780822,0.0191780822,12.8029033144,33.5840444073,80.0648260455,189.0612071653,-60.0118991065,-12.7103862787,0.5605000000
loo,XOM,2026-08-26,1530,essvi_g05,ok,,2,14,2026-09-18,0.0630136986,158.8084268655,11,0.0191780822,0.0191780822,32.7727056651,56.5405534418,35.6704826610,65.5613530969,-12.5195183084,-44.5594373181,1.6379000000
loo,XOM,2026-08-26,1530,essvi_gfree,ok,,2,14,2026-09-18,0.0630136986,158.8084268655,11,0.0191780822,0.0191780822,11.6036653747,27.8220466462,36.0359783064,52.3168625964,-33.7208530947,-24.8514794309,1.7484000000
loo,XOM,2026-08-26,1530,essvi_sg05,ok,,2,14,2026-09-18,0.0630136986,158.8084268655,11,0.0191780822,0.0191780822,185.7200984145,422.6700876338,204.5939014157,497.0934718712,111.8995742552,14.0154647350,0.3460000000
loo,XOM,2026-08-26,1530,svi,ok,,3,14,2026-09-25,0.0821917808,158.9569005207,8,0.0191780822,0.0575342466,8.6096004239,19.2481510569,31.6345482168,51.0351166186,26.4887155170,12.6031186264,122.7485000000
loo,XOM,2026-08-26,1530,ssvi,ok,,3,14,2026-09-25,0.0821917808,158.9569005207,8,0.0191780822,0.0575342466,16.4702443718,25.6050658758,34.6562738009,48.7864035040,31.6378875508,23.7213393484,0.7715000000
loo,XOM,2026-08-26,1530,essvi,ok,,3,14,2026-09-25,0.0821917808,158.9569005207,8,0.0191780822,0.0575342466,10.8193033638,21.2632965981,40.0451047615,58.1837526979,36.2781589265,23.1755759451,0.5102000000
loo,XOM,2026-08-26,1530,essvi_g05,ok,,3,14,2026-09-25,0.0821917808,158.9569005207,8,0.0191780822,0.0575342466,24.9856863492,48.8056982544,28.8029464596,50.0398380703,9.6908127710,-16.2645276819,1.6024000000
loo,XOM,2026-08-26,1530,essvi_gfree,ok,,3,14,2026-09-25,0.0821917808,158.9569005207,8,0.0191780822,0.0575342466,15.6766294565,31.6832447763,37.6822512379,54.4598210761,33.7290764548,21.0369419246,1.6939000000
loo,XOM,2026-08-26,1530,essvi_sg05,ok,,3,14,2026-09-25,0.0821917808,158.9569005207,8,0.0191780822,0.0575342466,76.7163161292,146.4501798231,111.0724720776,216.8966830916,87.3339289788,28.6235404559,0.3292000000
loo,XOM,2026-08-26,1530,svi,ok,,4,14,2026-10-16,0.1397260274,159.3008301008,11,0.0575342466,0.0958904110,7.7459840514,16.1107775531,58.9839685226,127.1755724001,6.5153044356,54.6299297230,114.2180000000
loo,XOM,2026-08-26,1530,ssvi,ok,,4,14,2026-10-16,0.1397260274,159.3008301008,11,0.0575342466,0.0958904110,48.0735415904,133.5734262464,57.2483002002,80.9633568697,39.4949627097,68.1466581426,0.7646000000
loo,XOM,2026-08-26,1530,essvi,ok,,4,14,2026-10-16,0.1397260274,159.3008301008,11,0.0575342466,0.0958904110,19.2363755567,36.4182830420,65.3064650584,142.5563399614,15.5411343409,67.7903514463,0.5282000000
loo,XOM,2026-08-26,1530,essvi_g05,ok,,4,14,2026-10-16,0.1397260274,159.3008301008,11,0.0575342466,0.0958904110,22.6326246902,42.1646109445,59.1076257001,108.9096616972,52.5637203043,30.1867794170,1.6360000000
loo,XOM,2026-08-26,1530,essvi_gfree,ok,,4,14,2026-10-16,0.1397260274,159.3008301008,11,0.0575342466,0.0958904110,23.6615044782,59.4410156974,46.7686781269,70.2994780039,29.8268553793,50.7918654674,1.9043000000
loo,XOM,2026-08-26,1530,essvi_sg05,ok,,4,14,2026-10-16,0.1397260274,159.3008301008,11,0.0575342466,0.0958904110,95.6711063580,229.2767097121,177.5627481677,353.9607642858,157.9380482183,65.8245388940,0.3550000000
loo,XOM,2026-08-26,1530,svi,ok,,5,14,2026-11-20,0.2356164384,159.2389891292,14,0.0958904110,0.0767123288,20.5416898673,47.6973423549,64.6596073808,91.3840412453,-56.9065683760,-89.5651458823,125.5048000000
loo,XOM,2026-08-26,1530,ssvi,ok,,5,14,2026-11-20,0.2356164384,159.2389891292,14,0.0958904110,0.0767123288,31.8946088607,69.9474058987,92.7423791712,145.8530913086,-87.7529604705,-96.7018369918,0.7925000000
loo,XOM,2026-08-26,1530,essvi,ok,,5,14,2026-11-20,0.2356164384,159.2389891292,14,0.0958904110,0.0767123288,28.2239686600,57.0320178696,73.7799018828,107.4812638393,-69.4537989069,-96.4810203565,0.5678000000
loo,XOM,2026-08-26,1530,essvi_g05,ok,,5,14,2026-11-20,0.2356164384,159.2389891292,14,0.0958904110,0.0767123288,27.8969449565,52.2364665577,70.4916944754,115.2362973983,-64.5326579948,-104.6239091576,1.6776000000
loo,XOM,2026-08-26,1530,essvi_gfree,ok,,5,14,2026-11-20,0.2356164384,159.2389891292,14,0.0958904110,0.0767123288,23.3316329414,39.5428397283,71.5549528724,100.1839469326,-67.2033859625,-88.8444478454,1.7582000000
loo,XOM,2026-08-26,1530,essvi_sg05,ok,,5,14,2026-11-20,0.2356164384,159.2389891292,14,0.0958904110,0.0767123288,79.3709320226,144.6292378694,56.2264728278,101.5808121986,-29.5617819360,-96.8122535355,0.3524000000
loo,XOM,2026-08-26,1530,svi,ok,,6,14,2026-12-18,0.3123287671,159.6354463871,14,0.0767123288,0.0767123288,20.5172650884,40.4328432586,32.4073572408,58.6100817009,3.4000786517,12.9685962597,111.9472000000
loo,XOM,2026-08-26,1530,ssvi,ok,,6,14,2026-12-18,0.3123287671,159.6354463871,14,0.0767123288,0.0767123288,34.0057068515,74.9311789476,33.7557666412,47.1263192737,19.1383573272,45.7740344381,0.8430000000
loo,XOM,2026-08-26,1530,essvi,ok,,6,14,2026-12-18,0.3123287671,159.6354463871,14,0.0767123288,0.0767123288,28.9482692156,61.9108950586,36.9517467564,59.5382653038,19.5569396370,46.0206556490,0.5422000000
loo,XOM,2026-08-26,1530,essvi_g05,ok,,6,14,2026-12-18,0.3123287671,159.6354463871,14,0.0767123288,0.0767123288,28.8942339017,58.0135342781,31.1474664823,54.9521071415,4.6399293860,15.5660516909,1.6377000000
loo,XOM,2026-08-26,1530,essvi_gfree,ok,,6,14,2026-12-18,0.3123287671,159.6354463871,14,0.0767123288,0.0767123288,27.5955620438,52.2125559002,30.8234337848,48.7787862062,4.9231520463,22.2373246042,1.7193000000
loo,XOM,2026-08-26,1530,essvi_sg05,ok,,6,14,2026-12-18,0.3123287671,159.6354463871,14,0.0767123288,0.0767123288,42.2977892057,74.5052513783,67.6583462469,110.1141538762,55.8150283612,45.9993614283,0.3463000000
loo,XOM,2026-08-26,1530,svi,ok,,7,14,2027-01-15,0.3890410959,160.1071942588,15,0.0767123288,0.1726027397,20.7338754841,41.1938210788,40.6593328304,74.5905764528,16.5124734093,-4.1908041482,121.6349000000
loo,XOM,2026-08-26,1530,ssvi,ok,,7,14,2027-01-15,0.3890410959,160.1071942588,15,0.0767123288,0.1726027397,36.3137835290,61.8702770322,33.6804495211,53.7836948406,4.6099041456,-9.8452845810,0.7506000000
loo,XOM,2026-08-26,1530,essvi,ok,,7,14,2027-01-15,0.3890410959,160.1071942588,15,0.0767123288,0.1726027397,32.9865186850,65.8176885410,32.3833733895,58.9612325036,11.8696038881,-9.8443786442,0.5452000000
loo,XOM,2026-08-26,1530,essvi_g05,ok,,7,14,2027-01-15,0.3890410959,160.1071942588,15,0.0767123288,0.1726027397,26.4435571260,45.3058694389,35.0786122883,62.3472239200,15.1309708844,-2.5779161251,1.9880000000
loo,XOM,2026-08-26,1530,essvi_gfree,ok,,7,14,2027-01-15,0.3890410959,160.1071942588,15,0.0767123288,0.1726027397,26.5818007389,45.8227079914,34.5771995205,61.8230440560,13.7872234541,-4.7592705351,1.7118000000
loo,XOM,2026-08-26,1530,essvi_sg05,ok,,7,14,2027-01-15,0.3890410959,160.1071942588,15,0.0767123288,0.1726027397,45.4232590134,73.5109332670,39.7558957282,70.5399821421,31.8065263529,-9.8045393485,0.3444000000
loo,XOM,2026-08-26,1530,svi,ok,,8,14,2027-03-19,0.5616438356,160.4774380076,19,0.1726027397,0.0767123288,14.5572742895,36.8390364259,40.6665588700,116.6439226837,-24.7809735174,-26.2554693352,111.7630000000
loo,XOM,2026-08-26,1530,ssvi,ok,,8,14,2027-03-19,0.5616438356,160.4774380076,19,0.1726027397,0.0767123288,21.0826804086,37.5348592029,30.7027716838,58.6747026008,-22.0124759875,-23.8283074412,0.9081000000
loo,XOM,2026-08-26,1530,essvi,ok,,8,14,2027-03-19,0.5616438356,160.4774380076,19,0.1726027397,0.0767123288,19.0325863649,37.5340391707,53.3259880583,118.2564185418,-42.9651571368,-23.6007244376,0.4959000000
loo,XOM,2026-08-26,1530,essvi_g05,ok,,8,14,2027-03-19,0.5616438356,160.4774380076,19,0.1726027397,0.0767123288,21.6539634058,55.5841445898,38.7406696431,78.6670904102,-27.0309535432,-20.4409826271,1.9533000000
loo,XOM,2026-08-26,1530,essvi_gfree,ok,,8,14,2027-03-19,0.5616438356,160.4774380076,19,0.1726027397,0.0767123288,18.4663540241,40.8484956104,34.5984040387,64.1819976935,-20.7939535977,-26.9639500687,1.6417000000
loo,XOM,2026-08-26,1530,essvi_sg05,ok,,8,14,2027-03-19,0.5616438356,160.4774380076,19,0.1726027397,0.0767123288,25.0508475875,42.5745208419,32.2178666120,62.3346305232,-6.0850670138,-24.4621473943,0.3301000000
loo,XOM,2026-08-26,1530,svi,ok,,9,14,2027-04-16,0.6383561644,161.1376192613,13,0.0767123288,0.1698630137,20.8934917456,48.6207876726,61.5438669221,170.9739065104,44.2534294039,41.5899382953,126.0864000000
loo,XOM,2026-08-26,1530,ssvi,ok,,9,14,2027-04-16,0.6383561644,161.1376192613,13,0.0767123288,0.1698630137,45.2214938707,130.4921416006,71.0334924739,191.3030451962,53.4807994193,46.7311115139,0.7637000000
loo,XOM,2026-08-26,1530,essvi,ok,,9,14,2027-04-16,0.6383561644,161.1376192613,13,0.0767123288,0.1698630137,39.6182386533,76.9600344276,66.2737082119,174.6629689199,49.5915016561,46.7933193653,0.5301000000
loo,XOM,2026-08-26,1530,essvi_g05,ok,,9,14,2027-04-16,0.6383561644,161.1376192613,13,0.0767123288,0.1698630137,40.9730657597,101.7328423936,63.6344054860,157.8605790710,48.4164187365,49.9375762429,1.6308000000
loo,XOM,2026-08-26,1530,essvi_gfree,ok,,9,14,2027-04-16,0.6383561644,161.1376192613,13,0.0767123288,0.1698630137,45.5362617192,120.3807818994,64.2011600967,187.4416256255,42.9390908281,34.8013612935,2.8612000000
loo,XOM,2026-08-26,1530,essvi_sg05,ok,,9,14,2027-04-16,0.6383561644,161.1376192613,13,0.0767123288,0.1698630137,48.0508589066,129.8810938502,78.0030141245,217.4332507134,59.0306425437,46.7817466949,0.3541000000
loo,XOM,2026-08-26,1530,svi,ok,,10,14,2027-06-17,0.8082191781,161.2138051238,20,0.1698630137,0.2520547945,15.5035738355,42.7702031983,71.4999104074,107.5625446351,-66.8818623352,-82.8553271583,108.8201000000
loo,XOM,2026-08-26,1530,ssvi,ok,,10,14,2027-06-17,0.8082191781,161.2138051238,20,0.1698630137,0.2520547945,25.1568856974,67.0126635170,72.6818247940,96.7718760003,-70.1130049845,-96.3258008875,0.7226000000
loo,XOM,2026-08-26,1530,essvi,ok,,10,14,2027-06-17,0.8082191781,161.2138051238,20,0.1698630137,0.2520547945,17.7124493577,44.3580404831,87.8824721527,149.7452477466,-84.2463352464,-95.5054057555,0.5076000000
loo,XOM,2026-08-26,1530,essvi_g05,ok,,10,14,2027-06-17,0.8082191781,161.2138051238,20,0.1698630137,0.2520547945,20.1596147227,53.7069010184,75.1146934210,142.9279732829,-71.6637620232,-72.5136986745,1.8817000000
loo,XOM,2026-08-26,1530,essvi_gfree,ok,,10,14,2027-06-17,0.8082191781,161.2138051238,20,0.1698630137,0.2520547945,17.6517696661,52.3034886548,66.0734030174,88.5561915752,-63.5792374483,-86.8657993413,1.8876000000
loo,XOM,2026-08-26,1530,essvi_sg05,ok,,10,14,2027-06-17,0.8082191781,161.2138051238,20,0.1698630137,0.2520547945,22.0790694864,63.0617120175,75.8542794183,98.4719167020,-73.6985538559,-96.6758608948,0.3389000000
loo,XOM,2026-08-26,1530,svi,ok,,11,14,2027-09-17,1.0602739726,162.0090914766,18,0.2520547945,0.2493150685,13.5254872265,24.5858115397,26.2759512630,46.4733904223,16.4932458807,15.2266166121,121.8967000000
loo,XOM,2026-08-26,1530,ssvi,ok,,11,14,2027-09-17,1.0602739726,162.0090914766,18,0.2520547945,0.2493150685,33.0823501314,65.1385364093,30.2237589013,50.4082172728,10.0798309284,13.2363689042,0.7567000000
loo,XOM,2026-08-26,1530,essvi,ok,,11,14,2027-09-17,1.0602739726,162.0090914766,18,0.2520547945,0.2493150685,30.1349898406,57.6044137871,30.8888897416,50.5051054443,11.7296478246,13.1926222267,0.5418000000
loo,XOM,2026-08-26,1530,essvi_g05,ok,,11,14,2027-09-17,1.0602739726,162.0090914766,18,0.2520547945,0.2493150685,32.7636190460,75.8367589807,39.2022509056,78.4527883671,19.9398457223,43.7349330388,2.3941000000
loo,XOM,2026-08-26,1530,essvi_gfree,ok,,11,14,2027-09-17,1.0602739726,162.0090914766,18,0.2520547945,0.2493150685,28.0609414636,43.2800033709,32.3711524222,58.3993580758,15.6084240997,21.7722540999,1.7099000000
loo,XOM,2026-08-26,1530,essvi_sg05,ok,,11,14,2027-09-17,1.0602739726,162.0090914766,18,0.2520547945,0.2493150685,36.9965851516,80.8509975622,29.7597464240,63.4997677511,0.6346940227,14.1409242633,0.3441000000
loo,XOM,2026-08-26,1530,svi,ok,,12,14,2027-12-17,1.3095890411,163.1007809364,22,0.2493150685,0.0958904110,16.6010754786,40.6150328898,29.7107429376,67.0201917519,-2.4929296082,39.3224072332,119.8630000000
loo,XOM,2026-08-26,1530,ssvi,ok,,12,14,2027-12-17,1.3095890411,163.1007809364,22,0.2493150685,0.0958904110,33.8235752424,68.4451779695,30.8084891537,69.0015072222,-7.4300121654,39.6143921740,0.7394000000
loo,XOM,2026-08-26,1530,essvi,ok,,12,14,2027-12-17,1.3095890411,163.1007809364,22,0.2493150685,0.0958904110,28.2154441353,51.9883239449,29.1780750341,69.3741917334,-4.1699429354,39.6893269316,0.5357000000
loo,XOM,2026-08-26,1530,essvi_g05,ok,,12,14,2027-12-17,1.3095890411,163.1007809364,22,0.2493150685,0.0958904110,39.3087052976,108.0090212160,46.1546415560,101.5996788452,0.5444795323,74.5662936951,1.5897000000
loo,XOM,2026-08-26,1530,essvi_gfree,ok,,12,14,2027-12-17,1.3095890411,163.1007809364,22,0.2493150685,0.0958904110,27.8708017746,70.3048690361,31.1632442986,78.3306049187,-0.8872788636,49.1672805831,2.5476000000
loo,XOM,2026-08-26,1530,essvi_sg05,ok,,12,14,2027-12-17,1.3095890411,163.1007809364,22,0.2493150685,0.0958904110,44.5046799632,129.0190794838,44.5165043620,93.0333484427,-23.8017256904,38.9897130926,0.5819000000
loo,XOM,2026-08-27,1530,svi,ok,,1,15,2026-09-11,0.0410958904,158.0538840443,8,0.0191780822,0.0191780822,11.4074163960,20.7422228832,58.4504528264,90.1806111513,47.8591929564,58.9538592603,99.0226000000
loo,XOM,2026-08-27,1530,ssvi,ok,,1,15,2026-09-11,0.0410958904,158.0538840443,8,0.0191780822,0.0191780822,29.7428970615,50.0384503425,76.6712428072,102.0857227775,73.4951768202,59.2325488161,0.9053000000
loo,XOM,2026-08-27,1530,essvi,ok,,1,15,2026-09-11,0.0410958904,158.0538840443,8,0.0191780822,0.0191780822,20.3168546152,38.6779440731,65.7356006984,103.7353067658,60.0969828686,57.8457593066,0.5688000000
loo,XOM,2026-08-27,1530,essvi_g05,ok,,1,15,2026-09-11,0.0410958904,158.0538840443,8,0.0191780822,0.0191780822,25.4317294375,37.0070861138,74.4380465615,114.8109365824,69.7297134877,49.0802457059,1.9582000000
loo,XOM,2026-08-27,1530,essvi_gfree,ok,,1,15,2026-09-11,0.0410958904,158.0538840443,8,0.0191780822,0.0191780822,20.1556918075,31.2567957312,70.4750759187,103.1043361911,66.3328899719,62.9145789810,2.0982000000
loo,XOM,2026-08-27,1530,essvi_sg05,ok,,1,15,2026-09-11,0.0410958904,158.0538840443,8,0.0191780822,0.0191780822,38.2354993748,76.4904386180,90.1637399293,140.8759468638,84.4727013757,61.1656603133,0.3444000000
loo,XOM,2026-08-27,1530,svi,ok,,2,15,2026-09-18,0.0602739726,158.1028403987,12,0.0191780822,0.0191780822,55.3137897484,185.6978502542,82.2875990125,244.0673726597,-12.7561460914,1.6943673366,101.3428000000
loo,XOM,2026-08-27,1530,ssvi,ok,,2,15,2026-09-18,0.0602739726,158.1028403987,12,0.0191780822,0.0191780822,17.8125489994,32.0044357068,17.4984339075,30.4569559362,-6.6260255128,6.8408872661,0.8907000000
loo,XOM,2026-08-27,1530,essvi,ok,,2,15,2026-09-18,0.0602739726,158.1028403987,12,0.0191780822,0.0191780822,15.7814503528,33.5739009310,92.6362862757,206.7124248826,-69.4441375589,5.6582245285,0.5674000000
loo,XOM,2026-08-27,1530,essvi_g05,ok,,2,15,2026-09-18,0.0602739726,158.1028403987,12,0.0191780822,0.0191780822,17.5677098110,40.6250985227,41.3819223977,61.6383121712,-34.3730977902,-38.0904968460,1.9266000000
loo,XOM,2026-08-27,1530,essvi_gfree,ok,,2,15,2026-09-18,0.0602739726,158.1028403987,12,0.0191780822,0.0191780822,17.2579809369,28.7896581362,51.4326150536,81.7989803955,-47.7284145833,-23.5958747078,2.0093000000
loo,XOM,2026-08-27,1530,essvi_sg05,ok,,2,15,2026-09-18,0.0602739726,158.1028403987,12,0.0191780822,0.0191780822,19.3990716387,45.0025868110,33.7009104385,85.5810636237,13.2543748783,4.5009682952,0.3321000000
loo,XOM,2026-08-27,1530,svi,ok,,3,15,2026-09-25,0.0794520548,158.3182313060,12,0.0191780822,0.0191780822,18.8730512478,31.0492762623,52.9496552414,117.1945090061,38.0397919047,14.4451618430,107.6822000000
loo,XOM,2026-08-27,1530,ssvi,ok,,3,15,2026-09-25,0.0794520548,158.3182313060,12,0.0191780822,0.0191780822,65.8566634099,112.3837650727,74.8519255131,122.8744464423,60.8921802467,25.7058351755,0.8845000000
loo,XOM,2026-08-27,1530,essvi,ok,,3,15,2026-09-25,0.0794520548,158.3182313060,12,0.0191780822,0.0191780822,22.2010064572,50.9539482052,48.5820818976,106.0503534366,39.4059625543,23.4240927587,0.5168000000
loo,XOM,2026-08-27,1530,essvi_g05,ok,,3,15,2026-09-25,0.0794520548,158.3182313060,12,0.0191780822,0.0191780822,42.0273421682,75.9390055683,60.1097102746,108.8034934482,42.9192835789,3.3147346934,1.9697000000
loo,XOM,2026-08-27,1530,essvi_gfree,ok,,3,15,2026-09-25,0.0794520548,158.3182313060,12,0.0191780822,0.0191780822,34.9983461339,69.3248259856,54.7889481105,109.1125206172,41.6601166940,12.0402855340,2.0179000000
loo,XOM,2026-08-27,1530,essvi_sg05,ok,,3,15,2026-09-25,0.0794520548,158.3182313060,12,0.0191780822,0.0191780822,66.8727761923,138.5438223424,79.0285023739,126.4429069713,65.8459393491,24.8574930850,0.3501000000
loo,XOM,2026-08-27,1530,svi,ok,,4,15,2026-10-02,0.0986301370,158.2086698248,8,0.0191780822,0.0383561644,15.5200072115,33.4104337256,26.2977273371,50.0481507106,-5.3654900975,-31.9954496506,104.6449000000
loo,XOM,2026-08-27,1530,ssvi,ok,,4,15,2026-10-02,0.0986301370,158.2086698248,8,0.0191780822,0.0383561644,39.6809091447,67.8694080619,33.9477313740,57.1690617207,13.6130722258,-24.1912004509,0.8947000000
loo,XOM,2026-08-27,1530,essvi,ok,,4,15,2026-10-02,0.0986301370,158.2086698248,8,0.0191780822,0.0383561644,28.0386788609,53.4215483292,40.9001728604,93.1700191874,-4.4307346507,-24.5199760405,0.5032000000
loo,XOM,2026-08-27,1530,essvi_g05,ok,,4,15,2026-10-02,0.0986301370,158.2086698248,8,0.0191780822,0.0383561644,21.3143472349,45.9727355249,29.1827545560,63.2632323155,-19.1702888081,-63.2632323155,1.9530000000
loo,XOM,2026-08-27,1530,essvi_gfree,ok,,4,15,2026-10-02,0.0986301370,158.2086698248,8,0.0191780822,0.0383561644,20.7800406396,41.2947109109,24.2841610729,48.1530640434,-9.4468670252,-48.1530640434,2.0308000000
loo,XOM,2026-08-27,1530,essvi_sg05,ok,,4,15,2026-10-02,0.0986301370,158.2086698248,8,0.0191780822,0.0383561644,38.2924042777,56.0511672719,28.5301207736,43.9140322375,18.8006102742,-27.2071768862,0.3265000000
loo,XOM,2026-08-27,1530,svi,ok,,5,15,2026-10-16,0.1369863014,158.5639300281,13,0.0383561644,0.0958904110,17.5415213848,24.9401355571,65.0107362812,136.2890548173,-11.8066093779,16.6758699246,106.8865000000
loo,XOM,2026-08-27,1530,ssvi,ok,,5,15,2026-10-16,0.1369863014,158.5639300281,13,0.0383561644,0.0958904110,36.0279476019,79.5289265131,67.7358539146,126.8354815828,59.4296614377,36.3471184565,0.9191000000
loo,XOM,2026-08-27,1530,essvi,ok,,5,15,2026-10-16,0.1369863014,158.5639300281,13,0.0383561644,0.0958904110,18.3785942152,33.2606454381,57.5757675713,97.1248257567,-6.5113979473,41.2073794856,0.5315000000
loo,XOM,2026-08-27,1530,essvi_g05,ok,,5,15,2026-10-16,0.1369863014,158.5639300281,13,0.0383561644,0.0958904110,19.4693320960,34.9539658210,36.0982071611,66.9621862324,28.4951530239,4.9592116376,1.9623000000
loo,XOM,2026-08-27,1530,essvi_gfree,ok,,5,15,2026-10-16,0.1369863014,158.5639300281,13,0.0383561644,0.0958904110,18.7095688186,32.2523503064,30.4997111286,50.4610102179,14.3345674687,13.4705802188,2.0517000000
loo,XOM,2026-08-27,1530,essvi_sg05,ok,,5,15,2026-10-16,0.1369863014,158.5639300281,13,0.0383561644,0.0958904110,31.7218897059,66.0627273616,68.2240290270,95.9116869869,65.5131214998,40.1534860296,0.3409000000
loo,XOM,2026-08-27,1530,svi,ok,,6,15,2026-11-20,0.2328767123,158.3959692614,15,0.0958904110,0.0767123288,14.1189164546,31.3187657690,42.2496542557,80.9031895838,-37.9644154959,-80.9031895838,105.9696000000
loo,XOM,2026-08-27,1530,ssvi,ok,,6,15,2026-11-20,0.2328767123,158.3959692614,15,0.0958904110,0.0767123288,45.1735395895,80.6507915856,33.5919771994,67.8561071521,-12.9285817629,-67.8561071521,0.9119000000
loo,XOM,2026-08-27,1530,essvi,ok,,6,15,2026-11-20,0.2328767123,158.3959692614,15,0.0958904110,0.0767123288,21.7055885665,38.4021445145,38.3435560403,65.8814460344,-34.3333353089,-65.8814460344,0.7795000000
loo,XOM,2026-08-27,1530,essvi_g05,ok,,6,15,2026-11-20,0.2328767123,158.3959692614,15,0.0958904110,0.0767123288,21.1879412984,50.5064136967,46.2308560107,90.2163899058,-41.0359933266,-90.2163899058,2.4965000000
loo,XOM,2026-08-27,1530,essvi_gfree,ok,,6,15,2026-11-20,0.2328767123,158.3959692614,15,0.0958904110,0.0767123288,17.9977940133,43.1009132837,44.9680900240,82.1381218934,-41.1043984702,-82.1381218934,2.0218000000
loo,XOM,2026-08-27,1530,essvi_sg05,ok,,6,15,2026-11-20,0.2328767123,158.3959692614,15,0.0958904110,0.0767123288,47.3612292343,75.2296117232,26.8042439600,65.5678351020,-14.3892923166,-65.5678351020,0.3675000000
loo,XOM,2026-08-27,1530,svi,ok,,7,15,2026-12-18,0.3095890411,158.5133483232,17,0.0767123288,0.0767123288,16.8953314144,36.4357594165,23.4080632309,70.1917570545,-5.5429685537,-36.1156764246,123.6771000000
loo,XOM,2026-08-27,1530,ssvi,ok,,7,15,2026-12-18,0.3095890411,158.5133483232,17,0.0767123288,0.0767123288,37.3804886298,89.4191281832,43.6525419091,110.2175076908,28.5697657907,-17.3404071300,0.9837000000
loo,XOM,2026-08-27,1530,essvi,ok,,7,15,2026-12-18,0.3095890411,158.5133483232,17,0.0767123288,0.0767123288,19.9665926139,38.8175771113,21.9608334486,57.2344730931,-5.0426170203,-15.9522763378,0.5493000000
loo,XOM,2026-08-27,1530,essvi_g05,ok,,7,15,2026-12-18,0.3095890411,158.5133483232,17,0.0767123288,0.0767123288,18.8710558290,34.8080645153,21.4535853233,43.7624962381,-10.1293895095,-43.7624962381,1.9373000000
loo,XOM,2026-08-27,1530,essvi_gfree,ok,,7,15,2026-12-18,0.3095890411,158.5133483232,17,0.0767123288,0.0767123288,18.0025533688,35.9604106498,20.9645007392,46.6039295079,-10.8723933378,-40.3228273199,2.3048000000
loo,XOM,2026-08-27,1530,essvi_sg05,ok,,7,15,2026-12-18,0.3095890411,158.5133483232,17,0.0767123288,0.0767123288,32.7543323303,59.9760297412,29.2963743450,68.0340242293,20.7831819233,-16.2003071062,0.3718000000
loo,XOM,2026-08-27,1530,svi,ok,,8,15,2027-01-15,0.3863013699,158.8436518424,16,0.0767123288,0.1726027397,17.2941457942,32.1890398596,32.3693992591,56.4426957310,25.0170850400,-7.0965193952,98.5509000000
loo,XOM,2026-08-27,1530,ssvi,ok,,8,15,2027-01-15,0.3863013699,158.8436518424,16,0.0767123288,0.1726027397,30.2583605629,59.3889055422,45.1682905394,78.3195230276,38.5355641440,5.7735539991,0.8849000000
loo,XOM,2026-08-27,1530,essvi,ok,,8,15,2027-01-15,0.3863013699,158.8436518424,16,0.0767123288,0.1726027397,23.3783250498,43.9264552031,39.1032689502,70.2531467523,33.0313207155,6.2697600867,0.5491000000
loo,XOM,2026-08-27,1530,essvi_g05,ok,,8,15,2027-01-15,0.3863013699,158.8436518424,16,0.0767123288,0.1726027397,19.4324844634,31.0106217263,33.9498897793,60.3158902460,27.6830889474,-0.5208349307,1.9392000000
loo,XOM,2026-08-27,1530,essvi_gfree,ok,,8,15,2027-01-15,0.3863013699,158.8436518424,16,0.0767123288,0.1726027397,19.4441420438,30.6058311087,34.0347845814,61.2181042122,27.6863855705,-0.2618309192,2.0671000000
loo,XOM,2026-08-27,1530,essvi_sg05,ok,,8,15,2027-01-15,0.3863013699,158.8436518424,16,0.0767123288,0.1726027397,28.7058221854,53.0496423032,43.4286922349,67.1777043155,38.8297497575,6.7652090746,0.3739000000
loo,XOM,2026-08-27,1530,svi,ok,,9,15,2027-03-19,0.5589041096,159.1335387851,18,0.1726027397,0.0767123288,7.7014013609,22.0644053732,12.4860428647,31.9807040491,0.8640079469,-5.5319922046,108.1127000000
loo,XOM,2026-08-27,1530,ssvi,ok,,9,15,2027-03-19,0.5589041096,159.1335387851,18,0.1726027397,0.0767123288,22.2624756241,49.2356253992,24.3792630845,54.0309695728,-9.9152604048,0.1274421929,0.8681000000
loo,XOM,2026-08-27,1530,essvi,ok,,9,15,2027-03-19,0.5589041096,159.1335387851,18,0.1726027397,0.0767123288,11.5578858783,32.2816308149,15.5352871032,36.3392746005,0.9240718183,0.1966358576,0.5414000000
loo,XOM,2026-08-27,1530,essvi_g05,ok,,9,15,2027-03-19,0.5589041096,159.1335387851,18,0.1726027397,0.0767123288,24.6261100886,53.3204316721,27.9236131781,60.7266613248,-5.0409424271,11.1166659273,1.9113000000
loo,XOM,2026-08-27,1530,essvi_gfree,ok,,9,15,2027-03-19,0.5589041096,159.1335387851,18,0.1726027397,0.0767123288,21.2799925207,45.8840919404,24.4895060587,50.1516823833,-4.0736028428,7.9455815538,2.0473000000
loo,XOM,2026-08-27,1530,essvi_sg05,ok,,9,15,2027-03-19,0.5589041096,159.1335387851,18,0.1726027397,0.0767123288,24.6079764317,55.7260543562,27.2437325342,60.8009368337,-12.2960435953,0.1516859503,0.3628000000
loo,XOM,2026-08-27,1530,svi,ok,,10,15,2027-04-16,0.6356164384,159.2892383293,17,0.0767123288,0.1698630137,12.2566614754,28.9410537777,13.6923939195,33.2263774457,4.0675308184,6.8465203795,107.7616000000
loo,XOM,2026-08-27,1530,ssvi,ok,,10,15,2027-04-16,0.6356164384,159.2892383293,17,0.0767123288,0.1698630137,21.3067968650,40.4596629631,18.4230331508,34.3042004002,-4.0089801710,10.4230726060,0.8682000000
loo,XOM,2026-08-27,1530,essvi,ok,,10,15,2027-04-16,0.6356164384,159.2892383293,17,0.0767123288,0.1698630137,12.5534868999,27.1323443676,14.5184249763,35.8354520863,5.8748064743,10.2945053489,0.5548000000
loo,XOM,2026-08-27,1530,essvi_g05,ok,,10,15,2027-04-16,0.6356164384,159.2892383293,17,0.0767123288,0.1698630137,19.6820117603,36.9920028337,22.3010271302,44.2904621588,8.0601330988,27.1859381515,1.6798000000
loo,XOM,2026-08-27,1530,essvi_gfree,ok,,10,15,2027-04-16,0.6356164384,159.2892383293,17,0.0767123288,0.1698630137,17.1877345419,34.5593023490,19.2710053142,40.8452320125,6.6584028394,21.6164514274,1.7563000000
loo,XOM,2026-08-27,1530,essvi_sg05,ok,,10,15,2027-04-16,0.6356164384,159.2892383293,17,0.0767123288,0.1698630137,23.4341058680,41.6883375601,21.1721053813,42.0584704385,-7.2494584586,10.4077366423,0.3677000000
loo,XOM,2026-08-27,1530,svi,ok,,11,15,2027-06-17,0.8054794521,159.7135258911,22,0.1698630137,0.2520547945,11.6243440385,28.1630940631,17.4745922056,39.6954863673,-11.6717203140,-1.0910121128,109.2597000000
loo,XOM,2026-08-27,1530,ssvi,ok,,11,15,2027-06-17,0.8054794521,159.7135258911,22,0.1698630137,0.2520547945,18.4899986918,39.6170032719,18.4873765977,42.1619272470,-11.8381251319,3.1016531230,1.3147000000
loo,XOM,2026-08-27,1530,essvi,ok,,11,15,2027-06-17,0.8054794521,159.7135258911,22,0.1698630137,0.2520547945,12.5440467927,31.3912020920,19.9877636254,43.3145937387,-13.4553776803,3.0786655642,0.8884000000
loo,XOM,2026-08-27,1530,essvi_g05,ok,,11,15,2027-06-17,0.8054794521,159.7135258911,22,0.1698630137,0.2520547945,16.9335045464,37.2287746670,26.3071545131,56.8021823428,-18.4285017009,4.4612387547,2.7614000000
loo,XOM,2026-08-27,1530,essvi_gfree,ok,,11,15,2027-06-17,0.8054794521,159.7135258911,22,0.1698630137,0.2520547945,12.5979941792,23.4842737347,21.1744662354,43.8641318680,-16.2566968860,-2.1986072869,2.9102000000
loo,XOM,2026-08-27,1530,essvi_sg05,ok,,11,15,2027-06-17,0.8054794521,159.7135258911,22,0.1698630137,0.2520547945,23.0599033155,49.5458511208,24.8293775775,52.0945121898,-17.7168223418,3.0827136718,0.6092000000
loo,XOM,2026-08-27,1530,svi,ok,,12,15,2027-09-17,1.0575342466,160.0376294553,21,0.2520547945,0.2493150685,18.9728394522,42.9161450959,28.0942357452,58.7176849855,-10.7313083530,-36.6673579316,96.1766000000
loo,XOM,2026-08-27,1530,ssvi,ok,,12,15,2027-09-17,1.0575342466,160.0376294553,21,0.2520547945,0.2493150685,30.2334939655,57.2078599645,36.0938643749,73.5738063663,-27.0376609801,-50.1633158928,0.8824000000
loo,XOM,2026-08-27,1530,essvi,ok,,12,15,2027-09-17,1.0575342466,160.0376294553,21,0.2520547945,0.2493150685,20.2915435331,40.7269617816,35.2797072723,68.7701805631,-19.5338370499,-50.0809931220,0.6144000000
loo,XOM,2026-08-27,1530,essvi_g05,ok,,12,15,2027-09-17,1.0575342466,160.0376294553,21,0.2520547945,0.2493150685,20.2328903731,41.2450555462,22.5874600193,45.9786080608,-8.1995364493,-22.0500982653,2.1086000000
loo,XOM,2026-08-27,1530,essvi_gfree,ok,,12,15,2027-09-17,1.0575342466,160.0376294553,21,0.2520547945,0.2493150685,23.4728502192,47.7045255869,27.5041591484,55.6046773916,-11.1644225191,-34.7159052412,1.9895000000
loo,XOM,2026-08-27,1530,essvi_sg05,ok,,12,15,2027-09-17,1.0575342466,160.0376294553,21,0.2520547945,0.2493150685,25.9776158335,51.6175000228,39.0308477688,72.7745067631,-31.9322767884,-50.0967424488,0.3597000000
loo,XOM,2026-08-27,1530,svi,ok,,13,15,2027-12-17,1.3068493151,161.2104159165,26,0.2493150685,0.0958904110,12.6808124949,36.5006233254,26.4357330980,65.0064866477,4.4032238277,44.4415164205,109.8260000000
loo,XOM,2026-08-27,1530,ssvi,ok,,13,15,2027-12-17,1.3068493151,161.2104159165,26,0.2493150685,0.0958904110,29.7036174168,67.8340546181,30.3522338027,66.9748774913,10.9416735618,55.3099868103,30.6045000000
loo,XOM,2026-08-27,1530,essvi,ok,,13,15,2027-12-17,1.3068493151,161.2104159165,26,0.2493150685,0.0958904110,18.1453311421,34.1789308225,30.0006197015,72.8176801846,7.6258559771,55.3532766448,0.5737000000
loo,XOM,2026-08-27,1530,essvi_g05,ok,,13,15,2027-12-17,1.3068493151,161.2104159165,26,0.2493150685,0.0958904110,19.5175930382,43.9634926647,27.6201816604,69.8249981894,4.9007110057,48.3034045295,1.8536000000
loo,XOM,2026-08-27,1530,essvi_gfree,ok,,13,15,2027-12-17,1.3068493151,161.2104159165,26,0.2493150685,0.0958904110,13.7799258957,32.9754045137,23.7931177323,54.7286379789,6.1595770537,36.3470560928,1.7086000000
loo,XOM,2026-08-27,1530,essvi_sg05,ok,,13,15,2027-12-17,1.3068493151,161.2104159165,26,0.2493150685,0.0958904110,35.2940262745,71.1438927373,29.7049963979,64.5768046012,11.2101211386,55.3379557709,0.3641000000
loo,XOM,2026-08-31,1530,svi,ok,,1,16,2026-09-11,0.0301369863,159.6863934177,7,0.0191780822,0.0191780822,35.8635586290,74.4738697939,63.4461595743,133.3320976485,45.1863836922,-18.6791402018,156.5785000000
loo,XOM,2026-08-31,1530,ssvi,ok,,1,16,2026-09-11,0.0301369863,159.6863934177,7,0.0191780822,0.0191780822,103.1311090239,213.7542035170,105.1642045119,206.8796908036,0.9596147744,-4.1669830872,0.9589000000
loo,XOM,2026-08-31,1530,essvi,ok,,1,16,2026-09-11,0.0301369863,159.6863934177,7,0.0191780822,0.0191780822,60.6777475047,110.8120589368,72.0583937962,137.6558729359,54.3576430661,-3.6650373838,0.6466000000
loo,XOM,2026-08-31,1530,essvi_g05,ok,,1,16,2026-09-11,0.0301369863,159.6863934177,7,0.0191780822,0.0191780822,39.4684038425,77.7677208288,61.4144983776,121.5325758459,41.7369694458,-20.0329594045,2.4473000000
loo,XOM,2026-08-31,1530,essvi_gfree,ok,,1,16,2026-09-11,0.0301369863,159.6863934177,7,0.0191780822,0.0191780822,39.4987116351,74.1326948206,66.9532661906,130.6913264182,45.8064518726,-9.3747466745,2.9392000000
loo,XOM,2026-08-31,1530,essvi_sg05,ok,,1,16,2026-09-11,0.0301369863,159.6863934177,7,0.0191780822,0.0191780822,69.9545120975,138.3900669636,79.1233391168,139.9123921799,67.3146457817,-3.6734990518,0.4496000000
loo,XOM,2026-08-31,1530,svi,ok,,2,16,2026-09-18,0.0493150685,160.0210824196,13,0.0191780822,0.0191780822,21.8505034616,41.4643151861,61.4485709893,104.4398437571,1.7961099276,48.3255374050,160.4148000000
loo,XOM,2026-08-31,1530,ssvi,ok,,2,16,2026-09-18,0.0493150685,160.0210824196,13,0.0191780822,0.0191780822,81.8944653087,215.3090371610,82.8826863342,127.7943627741,44.3746207398,88.9124421404,0.9490000000
loo,XOM,2026-08-31,1530,essvi,ok,,2,16,2026-09-18,0.0493150685,160.0210824196,13,0.0191780822,0.0191780822,30.8550503813,49.0814940509,119.0068864572,314.2553770403,3.5356339912,89.6356000940,0.6338000000
loo,XOM,2026-08-31,1530,essvi_g05,ok,,2,16,2026-09-18,0.0493150685,160.0210824196,13,0.0191780822,0.0191780822,28.2384362130,47.5228610084,41.2476477227,70.7719400018,19.0180944135,7.7081118482,3.7879000000
loo,XOM,2026-08-31,1530,essvi_gfree,ok,,2,16,2026-09-18,0.0493150685,160.0210824196,13,0.0191780822,0.0191780822,29.4769313992,57.3198008621,46.9977279450,89.3417974144,13.1425812180,12.6866801603,2.6390000000
loo,XOM,2026-08-31,1530,essvi_sg05,ok,,2,16,2026-09-18,0.0493150685,160.0210824196,13,0.0191780822,0.0191780822,44.8297820927,83.3487104363,116.5699354864,168.1244933727,112.6442799519,89.0370987263,0.4197000000
loo,XOM,2026-08-31,1530,svi,ok,,3,16,2026-09-25,0.0684931507,159.9941690212,13,0.0191780822,0.0191780822,17.7254959592,45.0969102935,33.8574520682,84.8460246198,-19.6549568397,-84.8460246198,144.0009000000
loo,XOM,2026-08-31,1530,ssvi,ok,,3,16,2026-09-25,0.0684931507,159.9941690212,13,0.0191780822,0.0191780822,67.4884138055,106.1754203302,31.7096702123,61.1824016151,-0.8708494375,-61.1824016151,1.0532000000
loo,XOM,2026-08-31,1530,essvi,ok,,3,16,2026-09-25,0.0684931507,159.9941690212,13,0.0191780822,0.0191780822,37.3061347496,58.3626592426,24.0548043711,61.0417389693,-12.5684922615,-61.0417389693,0.6769000000
loo,XOM,2026-08-31,1530,essvi_g05,ok,,3,16,2026-09-25,0.0684931507,159.9941690212,13,0.0191780822,0.0191780822,44.2556320765,90.5163709004,51.1770499361,104.6616378902,-11.3236606770,-103.9485773943,2.2620000000
loo,XOM,2026-08-31,1530,essvi_gfree,ok,,3,16,2026-09-25,0.0684931507,159.9941690212,13,0.0191780822,0.0191780822,41.5987526545,87.2103031727,48.9452856247,101.1131882808,-11.1273253905,-101.1131882808,2.6139000000
loo,XOM,2026-08-31,1530,essvi_sg05,ok,,3,16,2026-09-25,0.0684931507,159.9941690212,13,0.0191780822,0.0191780822,109.9648855735,180.6289127938,74.6340075422,194.4656104453,39.0888809751,-60.9059015253,0.3704000000
loo,XOM,2026-08-31,1530,svi,ok,,4,16,2026-10-02,0.0876712329,159.8946037110,12,0.0191780822,0.0191780822,22.1894426324,36.5692793708,50.1011917603,109.5958771716,29.5873296865,-11.3945555797,140.3415000000
loo,XOM,2026-08-31,1530,ssvi,ok,,4,16,2026-10-02,0.0876712329,159.8946037110,12,0.0191780822,0.0191780822,70.2814980908,130.8710549111,92.1618766635,157.7172377615,78.7538195011,23.0494119460,0.9456000000
loo,XOM,2026-08-31,1530,essvi,ok,,4,16,2026-10-02,0.0876712329,159.8946037110,12,0.0191780822,0.0191780822,34.4146359829,81.5554153928,71.2509784465,143.9848319894,50.7350282404,23.2134789762,0.7172000000
loo,XOM,2026-08-31,1530,essvi_g05,ok,,4,16,2026-10-02,0.0876712329,159.8946037110,12,0.0191780822,0.0191780822,27.2896880936,55.3850828395,63.6239607222,108.8368538488,30.2487688612,-42.9213952543,2.3270000000
loo,XOM,2026-08-31,1530,essvi_gfree,ok,,4,16,2026-10-02,0.0876712329,159.8946037110,12,0.0191780822,0.0191780822,26.6827951364,53.8879626542,62.5782588138,105.6753409038,30.2108675090,-41.1632750625,2.3663000000
loo,XOM,2026-08-31,1530,essvi_sg05,ok,,4,16,2026-10-02,0.0876712329,159.8946037110,12,0.0191780822,0.0191780822,61.0484057848,106.2270768475,118.2088782879,190.7589326430,102.1182051642,23.0314181122,0.4037000000
loo,XOM,2026-08-31,1530,svi,ok,,5,16,2026-10-09,0.1068493151,160.2124138782,9,0.0191780822,0.0191780822,16.0217681936,31.8722137403,54.7934960088,83.5432512700,-13.1021355891,-50.5957883429,146.7133000000
loo,XOM,2026-08-31,1530,ssvi,ok,,5,16,2026-10-09,0.1068493151,160.2124138782,9,0.0191780822,0.0191780822,45.9278077188,75.2087766144,26.8046127847,47.8480786460,-4.8185981297,-47.8480786460,1.0864000000
loo,XOM,2026-08-31,1530,essvi,ok,,5,16,2026-10-09,0.1068493151,160.2124138782,9,0.0191780822,0.0191780822,29.0093834365,57.6498113577,42.7730835174,62.9768081929,-12.5852608856,-48.2518221490,0.6178000000
loo,XOM,2026-08-31,1530,essvi_g05,ok,,5,16,2026-10-09,0.1068493151,160.2124138782,9,0.0191780822,0.0191780822,30.1532829713,55.4029697782,54.6059552659,78.2150807475,-18.6946104830,-71.5723296294,2.3984000000
loo,XOM,2026-08-31,1530,essvi_gfree,ok,,5,16,2026-10-09,0.1068493151,160.2124138782,9,0.0191780822,0.0191780822,29.3970743173,54.2601629970,54.0463456376,77.4422263994,-18.1147988463,-70.0935216695,2.3862000000
loo,XOM,2026-08-31,1530,essvi_sg05,ok,,5,16,2026-10-09,0.1068493151,160.2124138782,9,0.0191780822,0.0191780822,66.0873884330,110.9598717552,59.8188132604,117.1657704999,9.0168247885,-48.5756209067,0.4020000000
loo,XOM,2026-08-31,1530,svi,ok,,6,16,2026-10-16,0.1260273973,160.3763944383,10,0.0191780822,0.0958904110,17.0424373304,30.6080373261,67.7146035874,153.9985140067,-3.9850568402,63.1869827066,138.5164000000
loo,XOM,2026-08-31,1530,ssvi,ok,,6,16,2026-10-16,0.1260273973,160.3763944383,10,0.0191780822,0.0958904110,54.0745648019,106.1469272842,64.2111797385,113.4263452287,46.4498256998,83.8070784047,0.9648000000
loo,XOM,2026-08-31,1530,essvi,ok,,6,16,2026-10-16,0.1260273973,160.3763944383,10,0.0191780822,0.0958904110,23.7198381365,47.8975692503,208.8056645903,518.7851565771,-52.7598711033,85.3503293602,0.7331000000
loo,XOM,2026-08-31,1530,essvi_g05,ok,,6,16,2026-10-16,0.1260273973,160.3763944383,10,0.0191780822,0.0958904110,27.4535806676,49.8651057551,51.5857454200,103.4942678913,27.4873033802,36.6885077885,2.0110000000
loo,XOM,2026-08-31,1530,essvi_gfree,ok,,6,16,2026-10-16,0.1260273973,160.3763944383,10,0.0191780822,0.0958904110,26.4968278863,48.3287314219,50.9407936066,102.2181301910,25.6755676262,37.1137904669,2.3919000000
loo,XOM,2026-08-31,1530,essvi_sg05,ok,,6,16,2026-10-16,0.1260273973,160.3763944383,10,0.0191780822,0.0958904110,37.1598948174,56.1658278787,95.7082045497,143.5124154572,88.5698715969,83.6010303112,0.4842000000
loo,XOM,2026-08-31,1530,svi,ok,,7,16,2026-11-20,0.2219178082,160.2427943361,16,0.0958904110,0.0767123288,12.5729891693,25.3535430382,47.6038806073,78.7292283982,-40.7961711673,-57.3093979217,144.0588000000
loo,XOM,2026-08-31,1530,ssvi,ok,,7,16,2026-11-20,0.2219178082,160.2427943361,16,0.0958904110,0.0767123288,28.5735343521,55.7117353597,39.4891845839,63.0576401477,-31.9327246702,-52.3302299621,1.4216000000
loo,XOM,2026-08-31,1530,essvi,ok,,7,16,2026-11-20,0.2219178082,160.2427943361,16,0.0958904110,0.0767123288,18.3363920002,42.1292521893,52.5457483498,89.4898329398,-44.8820263724,-52.9056555090,1.0160000000
loo,XOM,2026-08-31,1530,essvi_g05,ok,,7,16,2026-11-20,0.2219178082,160.2427943361,16,0.0958904110,0.0767123288,27.3863682655,46.9741609013,56.7706388922,99.2307265793,-43.4658126627,-82.0097116341,2.6281000000
loo,XOM,2026-08-31,1530,essvi_gfree,ok,,7,16,2026-11-20,0.2219178082,160.2427943361,16,0.0958904110,0.0767123288,28.2095464161,48.2063864317,57.5792954846,100.8659372909,-43.6741745974,-83.6199329515,2.4123000000
loo,XOM,2026-08-31,1530,essvi_sg05,ok,,7,16,2026-11-20,0.2219178082,160.2427943361,16,0.0958904110,0.0767123288,61.7300297072,119.0337154337,44.0793165002,69.9353238173,-2.8043697129,-52.9521459187,0.4239000000
loo,XOM,2026-08-31,1530,svi,ok,,8,16,2026-12-18,0.2986301370,160.2620531392,16,0.0767123288,0.0767123288,17.7036344253,35.8263636763,21.8521015449,52.2071118283,-6.2800096854,-26.1431415300,157.9618000000
loo,XOM,2026-08-31,1530,ssvi,ok,,8,16,2026-12-18,0.2986301370,160.2620531392,16,0.0767123288,0.0767123288,43.7044417336,93.4305013783,45.4341573623,106.3305197099,22.7685679985,-10.6002341367,0.9379000000
loo,XOM,2026-08-31,1530,essvi,ok,,8,16,2026-12-18,0.2986301370,160.2620531392,16,0.0767123288,0.0767123288,20.5741999101,34.0232141614,18.8484630214,38.0975492963,-2.1167138864,-11.1633957883,0.6587000000
loo,XOM,2026-08-31,1530,essvi_g05,ok,,8,16,2026-12-18,0.2986301370,160.2620531392,16,0.0767123288,0.0767123288,26.5742498876,57.7374589976,29.1657345397,69.3199684166,-7.6966752180,-42.8511540624,1.9547000000
loo,XOM,2026-08-31,1530,essvi_gfree,ok,,8,16,2026-12-18,0.2986301370,160.2620531392,16,0.0767123288,0.0767123288,28.1008523683,59.8980677220,31.1717973627,72.1220710561,-7.5037630179,-45.6382589180,2.3716000000
loo,XOM,2026-08-31,1530,essvi_sg05,ok,,8,16,2026-12-18,0.2986301370,160.2620531392,16,0.0767123288,0.0767123288,57.1850084555,96.3246950176,53.0544390669,124.0252976588,36.1464670034,-10.9332623102,0.4522000000
loo,XOM,2026-08-31,1530,svi,ok,,9,16,2027-01-15,0.3753424658,160.6055289640,17,0.0767123288,0.1726027397,22.8207689395,38.8314755060,43.6005562821,97.6340463054,31.6220632688,25.4699283922,134.4718000000
loo,XOM,2026-08-31,1530,ssvi,ok,,9,16,2027-01-15,0.3753424658,160.6055289640,17,0.0767123288,0.1726027397,41.0472883613,89.5410416984,54.0076766339,110.6448010266,38.4117186775,21.4644325385,0.9263000000
loo,XOM,2026-08-31,1530,essvi,ok,,9,16,2027-01-15,0.3753424658,160.6055289640,17,0.0767123288,0.1726027397,27.3852220353,61.6519424899,42.8381210734,95.7621767357,30.2676225301,21.1302190455,0.6600000000
loo,XOM,2026-08-31,1530,essvi_g05,ok,,9,16,2027-01-15,0.3753424658,160.6055289640,17,0.0767123288,0.1726027397,24.6995032242,46.7213278847,42.3918081549,87.6506912477,33.8973765021,13.7389929673,2.2369000000
loo,XOM,2026-08-31,1530,essvi_gfree,ok,,9,16,2027-01-15,0.3753424658,160.6055289640,17,0.0767123288,0.1726027397,25.2837906304,45.8121157606,42.3686333184,85.8350227984,33.6552340426,10.1037490309,2.2905000000
loo,XOM,2026-08-31,1530,essvi_sg05,ok,,9,16,2027-01-15,0.3753424658,160.6055289640,17,0.0767123288,0.1726027397,44.2401605133,82.5127953691,60.3094065037,97.2216757574,53.8647352204,20.8481042092,0.4368000000
loo,XOM,2026-08-31,1530,svi,ok,,10,16,2027-03-19,0.5479452055,161.0160255410,20,0.1726027397,0.0767123288,14.0718415543,32.3142993025,35.9855513089,67.4121057474,-20.5936678812,13.1842413596,155.1062000000
loo,XOM,2026-08-31,1530,ssvi,ok,,10,16,2027-03-19,0.5479452055,161.0160255410,20,0.1726027397,0.0767123288,27.3270445415,45.4625246589,23.1885479262,46.4458018278,-15.8895038630,17.7120937626,0.9068000000
loo,XOM,2026-08-31,1530,essvi,ok,,10,16,2027-03-19,0.5479452055,161.0160255410,20,0.1726027397,0.0767123288,19.9250595757,42.8163321105,29.7372050093,56.8942837471,-14.8471181951,16.6459026855,0.6799000000
loo,XOM,2026-08-31,1530,essvi_g05,ok,,10,16,2027-03-19,0.5479452055,161.0160255410,20,0.1726027397,0.0767123288,17.8350529513,35.8367321315,31.0451083704,60.2636398790,-17.8364678217,15.2038920195,2.4989000000
loo,XOM,2026-08-31,1530,essvi_gfree,ok,,10,16,2027-03-19,0.5479452055,161.0160255410,20,0.1726027397,0.0767123288,16.3249437076,31.6538142039,30.5021662954,56.0822265429,-16.7872677746,11.5419593271,2.5663000000
loo,XOM,2026-08-31,1530,essvi_sg05,ok,,10,16,2027-03-19,0.5479452055,161.0160255410,20,0.1726027397,0.0767123288,22.9377879683,45.6749824413,25.7370389095,47.5742390746,-5.8154494901,16.7715315838,0.4570000000
loo,XOM,2026-08-31,1530,svi,ok,,11,16,2027-04-16,0.6246575342,161.4261589030,18,0.0767123288,0.1698630137,13.5312451026,28.8825636947,35.7664877037,64.5640744313,18.5497948717,18.2703086478,135.3085000000
loo,XOM,2026-08-31,1530,ssvi,ok,,11,16,2027-04-16,0.6246575342,161.4261589030,18,0.0767123288,0.1698630137,25.0071987076,43.0659863072,25.5864493933,45.9616280777,0.1041807320,-0.5276466198,0.9279000000
loo,XOM,2026-08-31,1530,essvi,ok,,11,16,2027-04-16,0.6246575342,161.4261589030,18,0.0767123288,0.1698630137,17.0804249161,40.9433264418,31.0735329507,64.1108292633,8.7186644615,-0.3208387426,0.6581000000
loo,XOM,2026-08-31,1530,essvi_g05,ok,,11,16,2027-04-16,0.6246575342,161.4261589030,18,0.0767123288,0.1698630137,17.9513570495,43.4593231550,33.3512448015,54.1786127367,20.8463745245,29.2074728000,1.9246000000
loo,XOM,2026-08-31,1530,essvi_gfree,ok,,11,16,2027-04-16,0.6246575342,161.4261589030,18,0.0767123288,0.1698630137,17.1610446069,37.7424590850,33.0167593431,56.3477390662,20.0419544795,24.5355451548,2.2975000000
loo,XOM,2026-08-31,1530,essvi_sg05,ok,,11,16,2027-04-16,0.6246575342,161.4261589030,18,0.0767123288,0.1698630137,17.5502576613,49.0100481352,26.4550210126,47.1392545585,0.2797815507,-0.4649010184,0.4366000000
loo,XOM,2026-08-31,1530,svi,ok,,12,16,2027-06-17,0.7945205479,162.0118034465,22,0.1698630137,0.2520547945,18.5845258128,41.3090820285,55.5571026162,109.9243676217,-36.6970468646,-40.8501148590,141.8713000000
loo,XOM,2026-08-31,1530,ssvi,ok,,12,16,2027-06-17,0.7945205479,162.0118034465,22,0.1698630137,0.2520547945,32.2472216543,61.1257674805,54.7790609450,90.0496221357,-47.0218491554,-45.8339968005,0.9444000000
loo,XOM,2026-08-31,1530,essvi,ok,,12,16,2027-06-17,0.7945205479,162.0118034465,22,0.1698630137,0.2520547945,23.6106792629,43.8987639588,57.3770125230,98.9305557586,-38.5436155516,-47.1069704884,0.6488000000
loo,XOM,2026-08-31,1530,essvi_g05,ok,,12,16,2027-06-17,0.7945205479,162.0118034465,22,0.1698630137,0.2520547945,23.8354077623,65.2822605291,61.8094536059,128.1882710518,-43.0632625033,-28.8082494297,2.4418000000
loo,XOM,2026-08-31,1530,essvi_gfree,ok,,12,16,2027-06-17,0.7945205479,162.0118034465,22,0.1698630137,0.2520547945,21.6670228830,60.1684944852,60.1878533849,119.5480815655,-41.8092344430,-32.1892201603,2.5346000000
loo,XOM,2026-08-31,1530,essvi_sg05,ok,,12,16,2027-06-17,0.7945205479,162.0118034465,22,0.1698630137,0.2520547945,30.2711684555,52.5327344412,66.8285337720,121.5909977258,-52.1180971179,-46.9376123271,0.4315000000
loo,XOM,2026-08-31,1530,svi,ok,,13,16,2027-09-17,1.0465753425,162.7033029009,18,0.2520547945,0.2493150685,15.2437819913,40.5427879959,37.0494626796,102.3859466438,18.0133414064,20.3939029953,176.0866000000
loo,XOM,2026-08-31,1530,ssvi,ok,,13,16,2027-09-17,1.0465753425,162.7033029009,18,0.2520547945,0.2493150685,31.2196129582,56.7585366673,36.4207680947,96.1494591911,22.2244810808,28.8424990187,0.9097000000
loo,XOM,2026-08-31,1530,essvi,ok,,13,16,2027-09-17,1.0465753425,162.7033029009,18,0.2520547945,0.2493150685,17.3095398900,45.8495212527,36.7507578733,95.8464836158,20.4303838827,28.6771234342,0.6258000000
loo,XOM,2026-08-31,1530,essvi_g05,ok,,13,16,2027-09-17,1.0465753425,162.7033029009,18,0.2520547945,0.2493150685,27.2264352402,62.9198118263,40.6921503034,94.1968855493,22.2096831351,40.6765697684,2.2233000000
loo,XOM,2026-08-31,1530,essvi_gfree,ok,,13,16,2027-09-17,1.0465753425,162.7033029009,18,0.2520547945,0.2493150685,24.2157942298,56.7992595926,39.2222300390,94.5929380026,21.3018868254,36.8178831292,2.6792000000
loo,XOM,2026-08-31,1530,essvi_sg05,ok,,13,16,2027-09-17,1.0465753425,162.7033029009,18,0.2520547945,0.2493150685,32.4661669072,73.5124229111,36.0550074291,88.0658229574,13.4917507159,28.5011000786,0.3843000000
loo,XOM,2026-08-31,1530,svi,ok,,14,16,2027-12-17,1.2958904110,164.0066716222,23,0.2493150685,0.0958904110,18.3015739988,38.2683633663,21.4058397345,40.8624988100,-10.6286847086,-36.3592382836,147.2980000000
loo,XOM,2026-08-31,1530,ssvi,ok,,14,16,2027-12-17,1.2958904110,164.0066716222,23,0.2493150685,0.0958904110,25.6935455654,58.5652606941,22.9923088388,44.9250699006,-13.2171001660,-37.4285793180,0.8965000000
loo,XOM,2026-08-31,1530,essvi,ok,,14,16,2027-12-17,1.2958904110,164.0066716222,23,0.2493150685,0.0958904110,21.9623524722,51.2401108140,23.3766249928,43.8267110264,-13.3245983404,-37.3509054958,0.6403000000
loo,XOM,2026-08-31,1530,essvi_g05,ok,,14,16,2027-12-17,1.2958904110,164.0066716222,23,0.2493150685,0.0958904110,23.9084621275,45.7428698326,26.4300507460,51.5901726148,-10.1702913038,-13.0922551747,2.1962000000
loo,XOM,2026-08-31,1530,essvi_gfree,ok,,14,16,2027-12-17,1.2958904110,164.0066716222,23,0.2493150685,0.0958904110,21.3048212642,44.0184241552,24.5665070553,49.6946939830,-10.5946382797,-17.4569412426,2.5309000000
loo,XOM,2026-08-31,1530,essvi_sg05,ok,,14,16,2027-12-17,1.2958904110,164.0066716222,23,0.2493150685,0.0958904110,21.9738710181,50.9254987394,33.8556959933,64.7071948490,-26.9407904198,-37.4257322177,0.4401000000
loo,XOM,2026-09-01,1530,svi,ok,,1,16,2026-09-11,0.0273972603,164.7023301568,11,0.0191780822,0.0191780822,8.5550198334,14.2274608551,120.5837584340,164.9054153926,116.8295020748,113.4146781660,180.4461000000
loo,XOM,2026-09-01,1530,ssvi,ok,,1,16,2026-09-11,0.0273972603,164.7023301568,11,0.0191780822,0.0191780822,78.4519362640,189.7301649743,114.7828738525,160.5822280559,92.8826432028,136.1431235153,0.9590000000
loo,XOM,2026-09-01,1530,essvi,ok,,1,16,2026-09-11,0.0273972603,164.7023301568,11,0.0191780822,0.0191780822,12.6190043864,25.8752439444,122.2827013881,154.2568337537,116.9047836749,137.2183016602,0.7715000000
loo,XOM,2026-09-01,1530,essvi_g05,ok,,1,16,2026-09-11,0.0273972603,164.7023301568,11,0.0191780822,0.0191780822,9.9380433942,15.9275365957,106.6947003812,132.5579156972,103.3346175212,102.2718500986,2.8326000000
loo,XOM,2026-09-01,1530,essvi_gfree,ok,,1,16,2026-09-11,0.0273972603,164.7023301568,11,0.0191780822,0.0191780822,10.1587905636,18.3433793866,107.7358105893,135.2025927438,103.2390861063,110.4899630748,2.8217000000
loo,XOM,2026-09-01,1530,essvi_sg05,ok,,1,16,2026-09-11,0.0273972603,164.7023301568,11,0.0191780822,0.0191780822,22.4158289595,36.6514721881,141.9707170371,171.0787910766,139.4504410411,137.1448184968,0.3750000000
loo,XOM,2026-09-01,1530,svi,ok,,2,16,2026-09-18,0.0465753425,164.7948730932,13,0.0191780822,0.0191780822,16.7141101599,48.4723892766,59.3391793949,100.9291175953,-49.9065649401,-66.6355693220,171.2002000000
loo,XOM,2026-09-01,1530,ssvi,ok,,2,16,2026-09-18,0.0465753425,164.7948730932,13,0.0191780822,0.0191780822,28.2388398998,47.1108977066,66.2087833425,107.2306393698,-60.0156848873,-61.9482190146,0.9121000000
loo,XOM,2026-09-01,1530,essvi,ok,,2,16,2026-09-18,0.0465753425,164.7948730932,13,0.0191780822,0.0191780822,24.4819991257,54.7792536036,50.5901152649,103.7139566697,-35.8857482801,-61.2140426626,0.7330000000
loo,XOM,2026-09-01,1530,essvi_g05,ok,,2,16,2026-09-18,0.0465753425,164.7948730932,13,0.0191780822,0.0191780822,22.9421155637,43.2060948578,58.7301188694,95.1605939198,-41.1525080812,-82.8055625754,2.3615000000
loo,XOM,2026-09-01,1530,essvi_gfree,ok,,2,16,2026-09-18,0.0465753425,164.7948730932,13,0.0191780822,0.0191780822,20.7399065924,38.0800533464,58.0205053537,99.8834105997,-42.0057783982,-79.3649554200,2.6224000000
loo,XOM,2026-09-01,1530,essvi_sg05,ok,,2,16,2026-09-18,0.0465753425,164.7948730932,13,0.0191780822,0.0191780822,49.3708226417,77.0418054253,50.0084905385,78.0127543594,-18.0384200903,-60.9786931477,0.3884000000
loo,XOM,2026-09-01,1530,svi,ok,,3,16,2026-09-25,0.0657534247,164.9306504035,12,0.0191780822,0.0191780822,8.7230825417,16.8523235604,50.6820667495,89.3619383033,46.9520628588,39.6233662804,144.7868000000
loo,XOM,2026-09-01,1530,ssvi,ok,,3,16,2026-09-25,0.0657534247,164.9306504035,12,0.0191780822,0.0191780822,29.3110106137,60.6602055222,71.8543314207,124.5586347631,65.5911967172,64.1131938754,0.9132000000
loo,XOM,2026-09-01,1530,essvi,ok,,3,16,2026-09-25,0.0657534247,164.9306504035,12,0.0191780822,0.0191780822,25.0262759604,56.8526478414,64.0679112566,108.1225668254,51.7463943102,64.1683920309,0.7059000000
loo,XOM,2026-09-01,1530,essvi_g05,ok,,3,16,2026-09-25,0.0657534247,164.9306504035,12,0.0191780822,0.0191780822,21.1838487382,42.8751222190,51.2601594395,94.2150166069,46.4367649324,22.9175689339,2.4135000000
loo,XOM,2026-09-01,1530,essvi_gfree,ok,,3,16,2026-09-25,0.0657534247,164.9306504035,12,0.0191780822,0.0191780822,20.9825106844,44.3936883969,50.6586861615,94.2471175837,45.9199084881,25.3602161107,2.5191000000
loo,XOM,2026-09-01,1530,essvi_sg05,ok,,3,16,2026-09-25,0.0657534247,164.9306504035,12,0.0191780822,0.0191780822,30.6550934578,70.8906142559,86.9960507898,125.7514961482,84.2892843615,64.5740151219,0.3660000000
loo,XOM,2026-09-01,1530,svi,ok,,4,16,2026-10-02,0.0849315068,164.9540603466,12,0.0191780822,0.0191780822,14.9630676471,28.9254028371,35.6990926326,70.7927773991,-30.2877731537,-70.7927773991,159.6045000000
loo,XOM,2026-09-01,1530,ssvi,ok,,4,16,2026-10-02,0.0849315068,164.9540603466,12,0.0191780822,0.0191780822,40.9584195302,66.7146802241,56.6832166786,92.2243073291,-53.8442095297,-92.2243073291,0.9106000000
loo,XOM,2026-09-01,1530,essvi,ok,,4,16,2026-10-02,0.0849315068,164.9540603466,12,0.0191780822,0.0191780822,27.2111227277,52.1791132585,46.2490286353,92.2159655695,-38.4356227560,-92.2159655695,0.7006000000
loo,XOM,2026-09-01,1530,essvi_g05,ok,,4,16,2026-10-02,0.0849315068,164.9540603466,12,0.0191780822,0.0191780822,19.5969116212,41.9394764703,35.5607103217,68.4492583698,-29.4337518218,-68.4492583698,2.0765000000
loo,XOM,2026-09-01,1530,essvi_gfree,ok,,4,16,2026-10-02,0.0849315068,164.9540603466,12,0.0191780822,0.0191780822,18.9010051693,41.0181790676,34.8809955858,67.0759108061,-29.0410577318,-67.0759108061,2.7950000000
loo,XOM,2026-09-01,1530,essvi_sg05,ok,,4,16,2026-10-02,0.0849315068,164.9540603466,12,0.0191780822,0.0191780822,39.5046112418,83.4433346623,50.5395697174,92.2169072525,-46.0282388362,-92.2169072525,0.3858000000
loo,XOM,2026-09-01,1530,svi,ok,,5,16,2026-10-09,0.1041095890,165.0647547769,11,0.0191780822,0.0191780822,15.6055350661,38.1331910006,42.1900960246,78.4160010065,18.8866361777,76.2048454144,157.5344000000
loo,XOM,2026-09-01,1530,ssvi,ok,,5,16,2026-10-09,0.1041095890,165.0647547769,11,0.0191780822,0.0191780822,63.3370875938,158.8540998717,58.0548742347,91.4627744225,41.3906510621,91.4627744225,0.8939000000
loo,XOM,2026-09-01,1530,essvi,ok,,5,16,2026-10-09,0.1041095890,165.0647547769,11,0.0191780822,0.0191780822,47.7161836349,81.7485114980,49.5295220780,91.3916266964,31.8108593756,91.3916266964,0.5526000000
loo,XOM,2026-09-01,1530,essvi_g05,ok,,5,16,2026-10-09,0.1041095890,165.0647547769,11,0.0191780822,0.0191780822,29.7613437510,54.0111575072,36.6255081257,67.9716633849,9.8186123604,53.0268853168,2.0514000000
loo,XOM,2026-09-01,1530,essvi_gfree,ok,,5,16,2026-10-09,0.1041095890,165.0647547769,11,0.0191780822,0.0191780822,29.7971333021,54.8375722166,36.7712893044,68.5118545916,10.7909902379,55.0587833072,3.0020000000
loo,XOM,2026-09-01,1530,essvi_sg05,ok,,5,16,2026-10-09,0.1041095890,165.0647547769,11,0.0191780822,0.0191780822,53.4322281739,120.4491078835,52.6509980772,90.9379434518,42.4099533186,90.9379434518,0.3381000000
loo,XOM,2026-09-01,1530,svi,ok,,6,16,2026-10-16,0.1232876712,165.3361915471,13,0.0191780822,0.0958904110,23.8446419199,69.0884064031,114.8806777841,234.3839199749,55.9959925394,-2.7806116578,159.2482000000
loo,XOM,2026-09-01,1530,ssvi,ok,,6,16,2026-10-16,0.1232876712,165.3361915471,13,0.0191780822,0.0958904110,27.1207785313,56.1589111421,35.6200695089,74.5340871994,-25.5130585565,-22.7205285831,1.0057000000
loo,XOM,2026-09-01,1530,essvi,ok,,6,16,2026-10-16,0.1232876712,165.3361915471,13,0.0191780822,0.0958904110,14.1080457775,29.6327319753,78.3518492868,176.6747874289,45.7570034852,-23.0979018791,0.5525000000
loo,XOM,2026-09-01,1530,essvi_g05,ok,,6,16,2026-10-16,0.1232876712,165.3361915471,13,0.0191780822,0.0958904110,23.4994150407,35.7542079532,54.4419659548,115.2164397889,30.3965439617,-3.9876152742,2.3907000000
loo,XOM,2026-09-01,1530,essvi_gfree,ok,,6,16,2026-10-16,0.1232876712,165.3361915471,13,0.0191780822,0.0958904110,21.6576439938,33.0539603951,52.0011307917,108.9688811368,28.6837454791,-3.4758429158,2.9204000000
loo,XOM,2026-09-01,1530,essvi_sg05,ok,,6,16,2026-10-16,0.1232876712,165.3361915471,13,0.0191780822,0.0958904110,46.1293374611,71.5044814388,28.8406550960,53.4951005876,14.5176979079,-22.8657399879,0.5531000000
loo,XOM,2026-09-01,1530,svi,ok,,7,16,2026-11-20,0.2191780822,165.2078600089,15,0.0958904110,0.0767123288,25.1258230216,40.4693823761,54.9930477539,95.6412373523,-42.3969046403,-73.5049658466,140.9826000000
loo,XOM,2026-09-01,1530,ssvi,ok,,7,16,2026-11-20,0.2191780822,165.2078600089,15,0.0958904110,0.0767123288,48.4315136186,97.1427727406,45.5350702644,105.1356440234,-28.0260761128,-63.2426363910,0.9000000000
loo,XOM,2026-09-01,1530,essvi,ok,,7,16,2026-11-20,0.2191780822,165.2078600089,15,0.0958904110,0.0767123288,39.5088209715,89.6023157659,50.0272069874,93.1394408355,-36.2105215412,-63.6169202256,0.7442000000
loo,XOM,2026-09-01,1530,essvi_g05,ok,,7,16,2026-11-20,0.2191780822,165.2078600089,15,0.0958904110,0.0767123288,39.5152083336,79.7947813485,60.8784655944,99.5649239613,-44.7207810107,-98.9997387970,2.3503000000
loo,XOM,2026-09-01,1530,essvi_gfree,ok,,7,16,2026-11-20,0.2191780822,165.2078600089,15,0.0958904110,0.0767123288,39.5560779506,79.7584639205,61.0739529819,99.8379145451,-44.9771496027,-99.2717548754,2.4370000000
loo,XOM,2026-09-01,1530,essvi_sg05,ok,,7,16,2026-11-20,0.2191780822,165.2078600089,15,0.0958904110,0.0767123288,69.4789030185,134.7270026997,43.5762906641,89.5726577357,-8.2119306866,-63.7184133731,0.3526000000
loo,XOM,2026-09-01,1530,svi,ok,,8,16,2026-12-18,0.2958904110,165.3510610224,18,0.0767123288,0.0767123288,20.3135247168,62.7441511490,33.9675066172,73.5675667534,-21.1778929901,-27.6219655672,147.2345000000
loo,XOM,2026-09-01,1530,ssvi,ok,,8,16,2026-12-18,0.2958904110,165.3510610224,18,0.0767123288,0.0767123288,31.7127104128,61.7940851467,29.0444678148,45.3102757625,3.2611035237,-15.3642103412,0.8812000000
loo,XOM,2026-09-01,1530,essvi,ok,,8,16,2026-12-18,0.2958904110,165.3510610224,18,0.0767123288,0.0767123288,24.6703005525,65.1416725286,25.8996219910,58.6920864434,-10.2667418427,-15.7338925031,0.7092000000
loo,XOM,2026-09-01,1530,essvi_g05,ok,,8,16,2026-12-18,0.2958904110,165.3510610224,18,0.0767123288,0.0767123288,27.0237865978,71.9755235301,31.6346610774,63.0572877238,-14.6465581670,-46.8255196597,2.3597000000
loo,XOM,2026-09-01,1530,essvi_gfree,ok,,8,16,2026-12-18,0.2958904110,165.3510610224,18,0.0767123288,0.0767123288,27.6167891298,72.6355277344,32.3613516050,64.5513118946,-14.7330013527,-48.3966581113,2.3936000000
loo,XOM,2026-09-01,1530,essvi_sg05,ok,,8,16,2026-12-18,0.2958904110,165.3510610224,18,0.0767123288,0.0767123288,44.0834631934,111.3811348937,33.9465087220,83.9272232539,17.9585076450,-15.7310760434,0.3499000000
loo,XOM,2026-09-01,1530,svi,ok,,9,16,2027-01-15,0.3726027397,165.8240150176,20,0.0767123288,0.1726027397,7.8998190655,19.2628924789,36.4705473420,59.0554310584,32.9752217005,30.9414979087,159.0372000000
loo,XOM,2026-09-01,1530,ssvi,ok,,9,16,2027-01-15,0.3726027397,165.8240150176,20,0.0767123288,0.1726027397,19.6946433311,53.8089647243,48.4896789749,78.1813884627,44.3969957309,41.4335276755,1.0415000000
loo,XOM,2026-09-01,1530,essvi,ok,,9,16,2027-01-15,0.3726027397,165.8240150176,20,0.0767123288,0.1726027397,11.1362866250,24.3624931621,41.2393265351,63.0036022843,38.4177896763,41.1787215838,0.7672000000
loo,XOM,2026-09-01,1530,essvi_g05,ok,,9,16,2027-01-15,0.3726027397,165.8240150176,20,0.0767123288,0.1726027397,8.8463472695,18.1622262043,34.7533341958,52.3252424400,33.6564523912,23.2229121239,2.4073000000
loo,XOM,2026-09-01,1530,essvi_gfree,ok,,9,16,2027-01-15,0.3726027397,165.8240150176,20,0.0767123288,0.1726027397,9.3746848252,17.7225004173,35.0367208898,51.9102783388,33.9112302458,21.0618375398,2.8204000000
loo,XOM,2026-09-01,1530,essvi_sg05,ok,,9,16,2027-01-15,0.3726027397,165.8240150176,20,0.0767123288,0.1726027397,18.5587262132,31.8098738435,54.9968022643,69.5048139255,54.1995594332,41.0011158537,0.4675000000
loo,XOM,2026-09-01,1530,svi,ok,,10,16,2027-03-19,0.5452054795,166.0035168659,20,0.1726027397,0.0767123288,11.2868510151,20.9117342118,30.9321614762,53.3647740912,-27.9052159331,-34.0607957970,157.9206000000
loo,XOM,2026-09-01,1530,ssvi,ok,,10,16,2027-03-19,0.5452054795,166.0035168659,20,0.1726027397,0.0767123288,19.4623642461,43.4067256750,21.3310828579,49.8194545762,-7.5772264869,-10.2531316243,0.8908000000
loo,XOM,2026-09-01,1530,essvi,ok,,10,16,2027-03-19,0.5452054795,166.0035168659,20,0.1726027397,0.0767123288,16.9694938772,33.5083845057,30.8654546129,73.1648237778,-17.0867886696,-10.2874748662,0.7671000000
loo,XOM,2026-09-01,1530,essvi_g05,ok,,10,16,2027-03-19,0.5452054795,166.0035168659,20,0.1726027397,0.0767123288,18.1571279193,43.3726933928,35.0815912938,69.9415518479,-29.4322003756,-33.7953123995,2.4122000000
loo,XOM,2026-09-01,1530,essvi_gfree,ok,,10,16,2027-03-19,0.5452054795,166.0035168659,20,0.1726027397,0.0767123288,17.0287421306,40.3567993574,34.6272241251,66.8261342181,-29.5517774648,-36.3260067994,3.2440000000
loo,XOM,2026-09-01,1530,essvi_sg05,ok,,10,16,2027-03-19,0.5452054795,166.0035168659,20,0.1726027397,0.0767123288,17.3306585242,38.7607245530,18.3121177827,42.4704808676,-3.7824191590,-10.3059193902,0.3849000000
loo,XOM,2026-09-01,1530,svi,ok,,11,16,2027-04-16,0.6219178082,166.2969979761,21,0.0767123288,0.1698630137,19.7278781645,37.2341583411,28.2012782688,53.6408440948,16.7208136919,-11.6341428425,146.7537000000
loo,XOM,2026-09-01,1530,ssvi,ok,,11,16,2027-04-16,0.6219178082,166.2969979761,21,0.0767123288,0.1698630137,35.9595536324,66.9242150624,28.2338265477,54.2223464439,14.1845902083,-9.1933613709,0.8820000000
loo,XOM,2026-09-01,1530,essvi,ok,,11,16,2027-04-16,0.6219178082,166.2969979761,21,0.0767123288,0.1698630137,30.4138670870,66.7898296397,31.8911828426,62.8682186957,20.1758456506,-9.1750543629,0.7774000000
loo,XOM,2026-09-01,1530,essvi_g05,ok,,11,16,2027-04-16,0.6219178082,166.2969979761,21,0.0767123288,0.1698630137,23.0253722630,57.7546488166,29.7990891623,58.3390650520,17.5829456570,-3.1730102917,2.3492000000
loo,XOM,2026-09-01,1530,essvi_gfree,ok,,11,16,2027-04-16,0.6219178082,166.2969979761,21,0.0767123288,0.1698630137,22.9193937614,53.0148255098,29.8569477977,59.2987660463,17.7702355739,-6.2231397925,2.4232000000
loo,XOM,2026-09-01,1530,essvi_sg05,ok,,11,16,2027-04-16,0.6219178082,166.2969979761,21,0.0767123288,0.1698630137,36.8808626295,77.9173878683,28.7713604934,57.7362770022,15.8431366020,-9.1409997404,0.3741000000
loo,XOM,2026-09-01,1530,svi,ok,,12,16,2027-06-17,0.7917808219,166.6609351287,22,0.1698630137,0.2520547945,17.8259831434,36.0310649216,34.8873833335,62.3160843136,-28.8079035028,-13.0952604503,150.7370000000
loo,XOM,2026-09-01,1530,ssvi,ok,,12,16,2027-06-17,0.7917808219,166.6609351287,22,0.1698630137,0.2520547945,32.6916263529,85.2304054930,33.5670241730,90.4282476320,-12.6171019539,2.3501914375,0.7726000000
loo,XOM,2026-09-01,1530,essvi,ok,,12,16,2027-06-17,0.7917808219,166.6609351287,22,0.1698630137,0.2520547945,27.4604811849,50.4439256550,37.0266603952,100.1819862809,-19.0961795376,2.7040677851,0.7433000000
loo,XOM,2026-09-01,1530,essvi_g05,ok,,12,16,2027-06-17,0.7917808219,166.6609351287,22,0.1698630137,0.2520547945,28.9640268853,61.5585153194,42.0282193741,101.4897640244,-29.5323276637,-11.8509487261,2.2785000000
loo,XOM,2026-09-01,1530,essvi_gfree,ok,,12,16,2027-06-17,0.7917808219,166.6609351287,22,0.1698630137,0.2520547945,28.1277198724,56.3251635697,41.2770245824,96.9617314860,-29.2501362831,-14.3307669554,2.3636000000
loo,XOM,2026-09-01,1530,essvi_sg05,ok,,12,16,2027-06-17,0.7917808219,166.6609351287,22,0.1698630137,0.2520547945,31.1206635716,68.5665401265,32.8330998994,85.4907512450,-13.9539347730,2.7153715952,0.3673000000
loo,XOM,2026-09-01,1530,svi,ok,,13,16,2027-09-17,1.0438356164,167.3094146336,22,0.2520547945,0.2493150685,16.9684367693,48.1856468990,31.9738875378,86.9967941294,24.7165001139,13.6825025225,154.0634000000
loo,XOM,2026-09-01,1530,ssvi,ok,,13,16,2027-09-17,1.0438356164,167.3094146336,22,0.2520547945,0.2493150685,25.6627916709,76.1025318061,31.2763365913,87.5453782733,19.7024694927,16.3367308709,0.8960000000
loo,XOM,2026-09-01,1530,essvi,ok,,13,16,2027-09-17,1.0438356164,167.3094146336,22,0.2520547945,0.2493150685,25.4876879374,76.2115186692,34.3857913882,99.4100360198,24.4278770228,16.9124604360,0.7874000000
loo,XOM,2026-09-01,1530,essvi_g05,ok,,13,16,2027-09-17,1.0438356164,167.3094146336,22,0.2520547945,0.2493150685,25.4935907629,71.7809841402,34.8082315316,96.2379189445,23.0769531330,25.3547328419,2.3431000000
loo,XOM,2026-09-01,1530,essvi_gfree,ok,,13,16,2027-09-17,1.0438356164,167.3094146336,22,0.2520547945,0.2493150685,24.6148958751,71.3497770938,34.0416889797,96.6093306697,22.8274984033,22.4218398306,2.6803000000
loo,XOM,2026-09-01,1530,essvi_sg05,ok,,13,16,2027-09-17,1.0438356164,167.3094146336,22,0.2520547945,0.2493150685,25.5866320999,75.3961649307,30.5288347199,90.8547707639,16.6918336893,17.0263530957,0.3907000000
loo,XOM,2026-09-01,1530,svi,ok,,14,16,2027-12-17,1.2931506849,168.1285359843,24,0.2493150685,0.0958904110,13.7753999566,24.9583052273,19.2170697269,39.3947330041,-5.4057598389,-5.4171525619,141.3608000000
loo,XOM,2026-09-01,1530,ssvi,ok,,14,16,2027-12-17,1.2931506849,168.1285359843,24,0.2493150685,0.0958904110,18.1992850018,42.1180368099,21.2146191637,44.5293308978,8.7125692933,13.2546495951,0.8760000000
loo,XOM,2026-09-01,1530,essvi,ok,,14,16,2027-12-17,1.2931506849,168.1285359843,24,0.2493150685,0.0958904110,16.5332289827,30.5727028647,23.6468515290,54.7885369429,6.4899038605,13.4668176275,0.7784000000
loo,XOM,2026-09-01,1530,essvi_g05,ok,,14,16,2027-12-17,1.2931506849,168.1285359843,24,0.2493150685,0.0958904110,20.3513619545,51.2963336938,24.8458326826,74.9784993261,-6.1457829389,7.5317163080,2.3152000000
loo,XOM,2026-09-01,1530,essvi_gfree,ok,,14,16,2027-12-17,1.2931506849,168.1285359843,24,0.2493150685,0.0958904110,18.1351789975,42.7289405781,23.6598136430,71.1006664396,-5.8656245227,5.5264871745,2.9319000000
loo,XOM,2026-09-01,1530,essvi_sg05,ok,,14,16,2027-12-17,1.2931506849,168.1285359843,24,0.2493150685,0.0958904110,19.3678873680,49.0921729859,24.4309130016,69.7237658376,0.1429118454,13.3129739381,0.3706000000
loo,XOM,2026-09-02,1530,svi,ok,,1,16,2026-09-11,0.0246575342,164.0168284625,11,0.0191780822,0.0191780822,13.6186195720,31.2697942482,134.4227161444,168.0294070263,110.4974970415,129.2750236384,177.9942000000
loo,XOM,2026-09-02,1530,ssvi,ok,,1,16,2026-09-11,0.0246575342,164.0168284625,11,0.0191780822,0.0191780822,140.6629727178,369.7537789878,126.3874967192,231.7983519781,57.3204487736,147.5661972574,0.8912000000
loo,XOM,2026-09-02,1530,essvi,ok,,1,16,2026-09-11,0.0246575342,164.0168284625,11,0.0191780822,0.0191780822,36.2390874204,68.8408703009,135.5698580029,165.5095476947,109.2295392713,145.7383196429,0.8364000000
loo,XOM,2026-09-02,1530,essvi_g05,ok,,1,16,2026-09-11,0.0246575342,164.0168284625,11,0.0191780822,0.0191780822,32.9160786075,72.1169214138,118.4055163572,155.2843829894,99.5741851746,111.3401479793,2.3219000000
loo,XOM,2026-09-02,1530,essvi_gfree,ok,,1,16,2026-09-11,0.0246575342,164.0168284625,11,0.0191780822,0.0191780822,46.2302765350,111.6736716213,125.9977698565,166.4817018777,87.7040369720,146.8018342972,2.7035000000
loo,XOM,2026-09-02,1530,essvi_sg05,ok,,1,16,2026-09-11,0.0246575342,164.0168284625,11,0.0191780822,0.0191780822,41.3950272516,79.1797637843,156.3548493911,202.2903867636,144.7147084241,146.2233714484,0.4716000000
loo,XOM,2026-09-02,1530,svi,ok,,2,16,2026-09-18,0.0438356164,164.1459786173,13,0.0191780822,0.0191780822,12.9498258271,22.4236730174,31.8965883900,82.6935448458,-22.4856546202,-14.9124181659,163.7977000000
loo,XOM,2026-09-02,1530,ssvi,ok,,2,16,2026-09-18,0.0438356164,164.1459786173,13,0.0191780822,0.0191780822,60.8120739223,179.6647680201,63.0884632097,184.5382481441,-32.7452761140,1.1717059003,0.8861000000
loo,XOM,2026-09-02,1530,essvi,ok,,2,16,2026-09-18,0.0438356164,164.1459786173,13,0.0191780822,0.0191780822,21.2730574371,39.1900949382,52.8262245028,147.0996648226,-27.9109855293,-0.4415797033,0.8743000000
loo,XOM,2026-09-02,1530,essvi_g05,ok,,2,16,2026-09-18,0.0438356164,164.1459786173,13,0.0191780822,0.0191780822,22.9482318770,41.3202012814,38.4825559766,64.5836692876,-17.5417901423,-43.4387386075,2.1140000000
loo,XOM,2026-09-02,1530,essvi_gfree,ok,,2,16,2026-09-18,0.0438356164,164.1459786173,13,0.0191780822,0.0191780822,16.1315964635,26.5380423405,38.3494589942,92.6967857132,-20.0511922073,-31.1573732175,2.3899000000
loo,XOM,2026-09-02,1530,essvi_sg05,ok,,2,16,2026-09-18,0.0438356164,164.1459786173,13,0.0191780822,0.0191780822,55.6950546232,95.3412480620,56.6952203963,126.1746864998,32.5255876891,4.3644795617,0.4874000000
loo,XOM,2026-09-02,1530,svi,ok,,3,16,2026-09-25,0.0630136986,164.3030553968,12,0.0191780822,0.0191780822,10.4590393093,25.3087930921,21.7785504526,38.8718360896,11.7337427072,-8.4940005624,158.5708000000
loo,XOM,2026-09-02,1530,ssvi,ok,,3,16,2026-09-25,0.0630136986,164.3030553968,12,0.0191780822,0.0191780822,31.4719279163,67.0769268600,35.0252844692,73.0065838018,23.1312180048,2.5713875000,1.3904000000
loo,XOM,2026-09-02,1530,essvi,ok,,3,16,2026-09-25,0.0630136986,164.3030553968,12,0.0191780822,0.0191780822,19.9251597850,46.6495837609,61.7584966587,94.0358598556,25.7318262064,-5.3095663766,0.6971000000
loo,XOM,2026-09-02,1530,essvi_g05,ok,,3,16,2026-09-25,0.0630136986,164.3030553968,12,0.0191780822,0.0191780822,36.4507335982,64.7911892075,38.2919072593,64.5807324739,12.0125041251,-48.9903707654,2.0209000000
loo,XOM,2026-09-02,1530,essvi_gfree,ok,,3,16,2026-09-25,0.0630136986,164.3030553968,12,0.0191780822,0.0191780822,31.0297216172,54.4358575846,33.8496289073,59.9404314049,12.7317398793,-41.9423472479,2.3904000000
loo,XOM,2026-09-02,1530,essvi_sg05,ok,,3,16,2026-09-25,0.0630136986,164.3030553968,12,0.0191780822,0.0191780822,69.7076647287,153.8694453296,76.4857387728,128.3292939001,65.7657730268,2.4961296024,0.4245000000
loo,XOM,2026-09-02,1530,svi,ok,,4,16,2026-10-02,0.0821917808,164.3883562258,12,0.0191780822,0.0191780822,16.9866539601,29.6315615787,35.7971201193,64.3836276499,-16.4027037087,-64.3836276499,182.3123000000
loo,XOM,2026-09-02,1530,ssvi,ok,,4,16,2026-10-02,0.0821917808,164.3883562258,12,0.0191780822,0.0191780822,42.9917951802,90.3822974201,38.2472532943,73.1637929622,-22.5727539757,-57.7149358524,0.8936000000
loo,XOM,2026-09-02,1530,essvi,ok,,4,16,2026-10-02,0.0821917808,164.3883562258,12,0.0191780822,0.0191780822,17.3217953901,30.2333885708,41.7061101290,63.8089092652,-19.0998008626,-60.4630004238,0.5892000000
loo,XOM,2026-09-02,1530,essvi_g05,ok,,4,16,2026-10-02,0.0821917808,164.3883562258,12,0.0191780822,0.0191780822,47.1425743654,64.9987511468,49.6089225977,80.3276760790,-13.5304458856,-73.8567102466,2.0788000000
loo,XOM,2026-09-02,1530,essvi_gfree,ok,,4,16,2026-10-02,0.0821917808,164.3883562258,12,0.0191780822,0.0191780822,43.5803781072,60.4326827558,46.6970439459,77.1311208238,-14.7153494130,-71.3412396003,2.4406000000
loo,XOM,2026-09-02,1530,essvi_sg05,ok,,4,16,2026-10-02,0.0821917808,164.3883562258,12,0.0191780822,0.0191780822,77.2023526223,133.1670660275,53.2535024134,99.6842453219,6.6013017323,-57.0327263720,0.3739000000
loo,XOM,2026-09-02,1530,svi,ok,,5,16,2026-10-09,0.1013698630,164.3079148446,8,0.0191780822,0.0191780822,10.5827029667,19.6779384838,36.0247910042,63.6772590472,25.3521300699,50.6400270537,162.9124000000
loo,XOM,2026-09-02,1530,ssvi,ok,,5,16,2026-10-09,0.1013698630,164.3079148446,8,0.0191780822,0.0191780822,33.9772123777,58.9610766083,48.5219654550,78.0033772836,43.0973002015,64.2576967117,0.9001000000
loo,XOM,2026-09-02,1530,essvi,ok,,5,16,2026-10-09,0.1013698630,164.3079148446,8,0.0191780822,0.0191780822,18.7544196050,25.4953030602,84.1471103041,139.8948188321,71.1082937956,58.9764144007,0.9493000000
loo,XOM,2026-09-02,1530,essvi_g05,ok,,5,16,2026-10-09,0.1013698630,164.3079148446,8,0.0191780822,0.0191780822,16.8806289474,26.8426915935,19.6627410125,36.8883331414,10.3335392132,16.0667974201,2.0695000000
loo,XOM,2026-09-02,1530,essvi_gfree,ok,,5,16,2026-10-09,0.1013698630,164.3079148446,8,0.0191780822,0.0191780822,16.2708593728,24.1780564323,21.7205504133,38.7818624437,14.4254428456,22.1905984518,2.4253000000
loo,XOM,2026-09-02,1530,essvi_sg05,ok,,5,16,2026-10-09,0.1013698630,164.3079148446,8,0.0191780822,0.0191780822,19.1774688841,29.2588133602,62.3782064218,91.0572325177,59.8693765976,64.0358276518,0.4851000000
loo,XOM,2026-09-02,1530,svi,ok,,6,16,2026-10-16,0.1205479452,164.6829768238,13,0.0191780822,0.0958904110,16.3268418105,30.2197958766,56.9773103307,141.0813297594,-21.7202308083,-12.4683083143,164.9351000000
loo,XOM,2026-09-02,1530,ssvi,ok,,6,16,2026-10-16,0.1205479452,164.6829768238,13,0.0191780822,0.0958904110,35.1675966301,104.0883435770,38.6050274658,116.2798574898,-15.6324538330,-4.5540455398,0.8773000000
loo,XOM,2026-09-02,1530,essvi,ok,,6,16,2026-10-16,0.1205479452,164.6829768238,13,0.0191780822,0.0958904110,24.5256726220,48.2851759678,24.9408413160,50.2417533933,7.7547442280,-5.5306679642,0.8416000000
loo,XOM,2026-09-02,1530,essvi_g05,ok,,6,16,2026-10-16,0.1205479452,164.6829768238,13,0.0191780822,0.0958904110,26.4667804923,42.5808865019,34.6159632379,67.9205240975,23.0633036314,-17.6983678898,2.0572000000
loo,XOM,2026-09-02,1530,essvi_gfree,ok,,6,16,2026-10-16,0.1205479452,164.6829768238,13,0.0191780822,0.0958904110,23.1922555174,36.9183774744,27.7735240853,51.1858513431,16.4503274459,-16.9721425809,2.3903000000
loo,XOM,2026-09-02,1530,essvi_sg05,ok,,6,16,2026-10-16,0.1205479452,164.6829768238,13,0.0191780822,0.0958904110,61.5875925896,97.0386529507,53.3080105498,94.2758323021,44.1595827800,-4.9103463675,0.4791000000
loo,XOM,2026-09-02,1530,svi,ok,,7,16,2026-11-20,0.2164383562,164.4515592975,14,0.0958904110,0.0767123288,10.4551925898,22.4536971030,50.7441816178,77.1961309056,-45.5095438498,-77.1961309056,172.9578000000
loo,XOM,2026-09-02,1530,ssvi,ok,,7,16,2026-11-20,0.2164383562,164.4515592975,14,0.0958904110,0.0767123288,42.7956432317,76.2265547979,23.7181176928,50.3071454719,-10.0463604922,-50.3071454719,0.8871000000
loo,XOM,2026-09-02,1530,essvi,ok,,7,16,2026-11-20,0.2164383562,164.4515592975,14,0.0958904110,0.0767123288,24.7553812981,48.2044690748,36.4105502854,85.5023587665,-28.8321025860,-50.3018422368,0.8408000000
loo,XOM,2026-09-02,1530,essvi_g05,ok,,7,16,2026-11-20,0.2164383562,164.4515592975,14,0.0958904110,0.0767123288,31.9633478338,61.6443101455,60.4626538117,110.6556371803,-50.9825238174,-110.6556371803,2.3037000000
loo,XOM,2026-09-02,1530,essvi_gfree,ok,,7,16,2026-11-20,0.2164383562,164.4515592975,14,0.0958904110,0.0767123288,31.8462674095,61.6008898245,60.4679126346,110.4688282723,-51.1296291070,-110.4688282723,2.3767000000
loo,XOM,2026-09-02,1530,essvi_sg05,ok,,7,16,2026-11-20,0.2164383562,164.4515592975,14,0.0958904110,0.0767123288,75.6218689062,138.0265464447,40.3890152551,95.8644945612,15.2958661858,-50.0711502098,0.4768000000
loo,XOM,2026-09-02,1530,svi,ok,,8,16,2026-12-18,0.2931506849,164.4789727696,16,0.0767123288,0.0767123288,13.9517682932,36.1617949346,29.8518810718,63.6291527222,-6.3765944953,-63.6291527222,166.3692000000
loo,XOM,2026-09-02,1530,ssvi,ok,,8,16,2026-12-18,0.2931506849,164.4789727696,16,0.0767123288,0.0767123288,55.1602821920,76.8408002042,35.1031140928,53.8441028125,21.2634295786,-37.4920362743,0.9179000000
loo,XOM,2026-09-02,1530,essvi,ok,,8,16,2026-12-18,0.2931506849,164.4789727696,16,0.0767123288,0.0767123288,40.0219853416,75.8583139950,32.2882858121,49.2023942556,4.9422005519,-37.6891733001,0.8032000000
loo,XOM,2026-09-02,1530,essvi_g05,ok,,8,16,2026-12-18,0.2931506849,164.4789727696,16,0.0767123288,0.0767123288,30.9511090381,69.6852794782,34.6584432192,77.0390177459,-5.2908319993,-77.0390177459,2.2792000000
loo,XOM,2026-09-02,1530,essvi_gfree,ok,,8,16,2026-12-18,0.2931506849,164.4789727696,16,0.0767123288,0.0767123288,31.8903029153,71.7722927461,35.9515418936,79.8273079172,-5.8019043591,-79.8273079172,2.3489000000
loo,XOM,2026-09-02,1530,essvi_sg05,ok,,8,16,2026-12-18,0.2931506849,164.4789727696,16,0.0767123288,0.0767123288,77.1169321682,127.1899985021,56.3581281045,89.9466424132,42.0780949113,-37.5119118235,0.4470000000
loo,XOM,2026-09-02,1530,svi,ok,,9,16,2027-01-15,0.3698630137,164.9053816717,19,0.0767123288,0.1726027397,14.5031609757,29.5594260722,37.0473620080,103.3558066029,11.6007792353,13.6160125898,163.3005000000
loo,XOM,2026-09-02,1530,ssvi,ok,,9,16,2027-01-15,0.3698630137,164.9053816717,19,0.0767123288,0.1726027397,28.0170137779,47.7556905710,52.0442121159,80.8355232284,45.4243195267,32.0948051540,0.8610000000
loo,XOM,2026-09-02,1530,essvi,ok,,9,16,2027-01-15,0.3698630137,164.9053816717,19,0.0767123288,0.1726027397,25.8668534081,42.0722272147,44.5944548762,63.6985558505,24.0602879885,31.9882973043,0.8385000000
loo,XOM,2026-09-02,1530,essvi_g05,ok,,9,16,2027-01-15,0.3698630137,164.9053816717,19,0.0767123288,0.1726027397,17.3367555083,34.5754574944,30.7507636437,62.5528124940,19.4378102203,-2.3801968678,2.5373000000
loo,XOM,2026-09-02,1530,essvi_gfree,ok,,9,16,2027-01-15,0.3698630137,164.9053816717,19,0.0767123288,0.1726027397,16.6672428765,29.3296055126,30.7077848497,66.0662219316,20.1412451169,-6.4187885002,3.9863000000
loo,XOM,2026-09-02,1530,essvi_sg05,ok,,9,16,2027-01-15,0.3698630137,164.9053816717,19,0.0767123288,0.1726027397,36.6633916412,61.3522781492,69.2525772793,119.0740163208,63.6744359014,32.2192662884,0.8239000000
loo,XOM,2026-09-02,1530,svi,ok,,10,16,2027-03-19,0.5424657534,165.1231594829,19,0.1726027397,0.0767123288,15.8511238462,32.9483626098,19.7186490349,47.9110939052,-8.3287965849,-17.7746398525,176.5586000000
loo,XOM,2026-09-02,1530,ssvi,ok,,10,16,2027-03-19,0.5424657534,165.1231594829,19,0.1726027397,0.0767123288,19.8720551164,63.9063199937,20.4333701840,71.1512668176,-5.4582021211,-6.1473270239,0.8580000000
loo,XOM,2026-09-02,1530,essvi,ok,,10,16,2027-03-19,0.5424657534,165.1231594829,19,0.1726027397,0.0767123288,17.6946453887,48.0322494678,17.7471434198,52.6405426875,-1.2817204082,-6.0660961006,0.8445000000
loo,XOM,2026-09-02,1530,essvi_g05,ok,,10,16,2027-03-19,0.5424657534,165.1231594829,19,0.1726027397,0.0767123288,17.8620706635,53.2897726796,19.7868594241,67.5501580675,-7.0868137894,-5.9573900723,2.2747000000
loo,XOM,2026-09-02,1530,essvi_gfree,ok,,10,16,2027-03-19,0.5424657534,165.1231594829,19,0.1726027397,0.0767123288,17.3799376993,44.4389074409,19.2558338292,59.0999976142,-7.4814605592,-12.3071766594,2.3740000000
loo,XOM,2026-09-02,1530,essvi_sg05,ok,,10,16,2027-03-19,0.5424657534,165.1231594829,19,0.1726027397,0.0767123288,18.6701895540,36.5661402995,17.7392744348,49.9178838850,-0.1560722041,-6.0673416674,0.4726000000
loo,XOM,2026-09-02,1530,svi,ok,,11,16,2027-04-16,0.6191780822,165.6146545140,20,0.0767123288,0.1698630137,8.6693541639,23.2253644469,12.5699602316,23.3042171060,2.7912055661,2.7962661631,170.2189000000
loo,XOM,2026-09-02,1530,ssvi,ok,,11,16,2027-04-16,0.6191780822,165.6146545140,20,0.0767123288,0.1698630137,17.8801989292,57.7504258602,19.0046485380,57.3300633672,2.6475237366,6.8863890110,0.9518000000
loo,XOM,2026-09-02,1530,essvi,ok,,11,16,2027-04-16,0.6191780822,165.6146545140,20,0.0767123288,0.1698630137,15.1484682957,36.1173643367,18.3093951977,42.8525976061,3.8969666630,6.9981789339,0.8464000000
loo,XOM,2026-09-02,1530,essvi_g05,ok,,11,16,2027-04-16,0.6191780822,165.6146545140,20,0.0767123288,0.1698630137,19.9948378594,57.0811789837,21.3789584254,54.7075538426,2.2033464440,10.8247848546,2.2455000000
loo,XOM,2026-09-02,1530,essvi_gfree,ok,,11,16,2027-04-16,0.6191780822,165.6146545140,20,0.0767123288,0.1698630137,16.1930931934,46.5345874201,17.3727413425,43.0277774822,2.0729151710,4.0322200433,2.3754000000
loo,XOM,2026-09-02,1530,essvi_sg05,ok,,11,16,2027-04-16,0.6191780822,165.6146545140,20,0.0767123288,0.1698630137,16.1994226695,46.4851120723,17.8435278756,38.4646886736,5.6361058820,6.9956251371,0.4875000000
loo,XOM,2026-09-02,1530,svi,ok,,12,16,2027-06-17,0.7890410959,165.9394998094,23,0.1698630137,0.2520547945,14.6168120570,37.2321042569,21.4409212351,37.9916572320,-11.8732855276,-15.3150887341,158.9767000000
loo,XOM,2026-09-02,1530,ssvi,ok,,12,16,2027-06-17,0.7890410959,165.9394998094,23,0.1698630137,0.2520547945,17.4586219469,40.6399328734,19.9197818754,54.5425892786,-10.0043080463,-10.8643403436,0.8478000000
loo,XOM,2026-09-02,1530,essvi,ok,,12,16,2027-06-17,0.7890410959,165.9394998094,23,0.1698630137,0.2520547945,16.6139858627,38.1242290149,20.3495126589,56.5448358307,-9.5690397971,-10.9325203296,0.8290000000
loo,XOM,2026-09-02,1530,essvi_g05,ok,,12,16,2027-06-17,0.7890410959,165.9394998094,23,0.1698630137,0.2520547945,19.5617786858,55.6535748122,25.6206826108,80.4374292053,-14.2736020399,-1.3286967588,2.2169000000
loo,XOM,2026-09-02,1530,essvi_gfree,ok,,12,16,2027-06-17,0.7890410959,165.9394998094,23,0.1698630137,0.2520547945,16.5991678862,41.0041203178,22.3315487985,66.6302915109,-13.2086719561,-9.4608446218,2.2985000000
loo,XOM,2026-09-02,1530,essvi_sg05,ok,,12,16,2027-06-17,0.7890410959,165.9394998094,23,0.1698630137,0.2520547945,16.9283141607,44.4202421860,24.2145633874,70.9831460485,-15.9515729867,-10.9018888176,0.4632000000
loo,XOM,2026-09-02,1530,svi,ok,,13,16,2027-09-17,1.0410958904,166.7136110681,24,0.2520547945,0.2493150685,10.2894716715,33.0984284654,19.5258731797,46.0556826774,9.0530514905,8.2080771120,179.0639000000
loo,XOM,2026-09-02,1530,ssvi,ok,,13,16,2027-09-17,1.0410958904,166.7136110681,24,0.2520547945,0.2493150685,17.6461528207,40.2147874580,19.4216237804,41.6363645696,7.2961438810,7.5452400126,0.8363000000
loo,XOM,2026-09-02,1530,essvi,ok,,13,16,2027-09-17,1.0410958904,166.7136110681,24,0.2520547945,0.2493150685,15.4783637648,38.7222521327,20.9718351020,42.2772090324,7.0225632176,7.7304167170,0.8457000000
loo,XOM,2026-09-02,1530,essvi_g05,ok,,13,16,2027-09-17,1.0410958904,166.7136110681,24,0.2520547945,0.2493150685,20.3792720297,60.6450602073,24.9290740072,60.4399426325,7.8992763895,26.7406653921,2.3014000000
loo,XOM,2026-09-02,1530,essvi_gfree,ok,,13,16,2027-09-17,1.0410958904,166.7136110681,24,0.2520547945,0.2493150685,16.1919710911,45.7209400304,21.6688357797,52.1425521644,7.9339404509,18.0534381961,2.3161000000
loo,XOM,2026-09-02,1530,essvi_sg05,ok,,13,16,2027-09-17,1.0410958904,166.7136110681,24,0.2520547945,0.2493150685,17.9244207694,54.5415606696,21.8559204319,42.8327851722,-5.1001727548,7.6823041617,0.4724000000
loo,XOM,2026-09-02,1530,svi,ok,,14,16,2027-12-17,1.2904109589,167.9633640893,25,0.2493150685,0.0958904110,6.7873920654,13.3845806823,15.3400285732,28.6772344059,-5.3782551594,-0.1410578882,171.1576000000
loo,XOM,2026-09-02,1530,ssvi,ok,,14,16,2027-12-17,1.2904109589,167.9633640893,25,0.2493150685,0.0958904110,12.1315785240,26.0775584161,13.5969642590,32.1543338001,-5.1374437841,-2.2461119009,0.8433000000
loo,XOM,2026-09-02,1530,essvi,ok,,14,16,2027-12-17,1.2904109589,167.9633640893,25,0.2493150685,0.0958904110,9.4723517577,19.8036731707,16.1985008718,37.0694838942,-5.0500737074,-2.0206831152,0.8566000000
loo,XOM,2026-09-02,1530,essvi_g05,ok,,14,16,2027-12-17,1.2904109589,167.9633640893,25,0.2493150685,0.0958904110,19.7660733274,37.7251151063,24.7304574887,64.2690462269,-5.9969411174,15.5189121225,2.2233000000
loo,XOM,2026-09-02,1530,essvi_gfree,ok,,14,16,2027-12-17,1.2904109589,167.9633640893,25,0.2493150685,0.0958904110,12.7611009932,25.1053940232,19.6539898042,51.1563480049,-5.6672485916,7.6602980214,2.3026000000
loo,XOM,2026-09-02,1530,essvi_sg05,ok,,14,16,2027-12-17,1.2904109589,167.9633640893,25,0.2493150685,0.0958904110,24.5270537100,47.3462307534,29.4353678002,71.7047654675,-20.3629892348,-2.1956554975,0.4635000000
loo,XOM,2026-09-03,1530,svi,ok,,1,15,2026-09-18,0.0410958904,163.4866324494,11,0.0191780822,0.0191780822,25.8075457049,57.7754407955,52.9820138774,96.6332110497,-25.8528562672,-79.1540719605,145.3514000000
loo,XOM,2026-09-03,1530,ssvi,ok,,1,15,2026-09-18,0.0410958904,163.4866324494,11,0.0191780822,0.0191780822,39.0854859982,69.7389209340,37.4565946858,71.6289063877,-16.8069537943,-58.3374755513,0.8915000000
loo,XOM,2026-09-03,1530,essvi,ok,,1,15,2026-09-18,0.0410958904,163.4866324494,11,0.0191780822,0.0191780822,38.0128560946,75.4628525411,60.6774010860,136.1244573475,-26.2697397056,-61.8730497093,0.5955000000
loo,XOM,2026-09-03,1530,essvi_g05,ok,,1,15,2026-09-18,0.0410958904,163.4866324494,11,0.0191780822,0.0191780822,39.6521922576,92.3942225687,43.6956683898,106.3197956040,-16.8134446884,-106.3197956040,1.8012000000
loo,XOM,2026-09-03,1530,essvi_gfree,ok,,1,15,2026-09-18,0.0410958904,163.4866324494,11,0.0191780822,0.0191780822,28.1499460362,50.0697765468,70.9832671251,153.3073822420,-39.9984454840,-79.9383999158,1.8855000000
loo,XOM,2026-09-03,1530,essvi_sg05,ok,,1,15,2026-09-18,0.0410958904,163.4866324494,11,0.0191780822,0.0191780822,104.6180374677,174.7899962621,68.3842038878,127.2468866917,47.5461444515,-58.9292326231,0.3906000000
loo,XOM,2026-09-03,1530,svi,ok,,2,15,2026-09-25,0.0602739726,163.5834265073,10,0.0191780822,0.0191780822,18.5332238931,36.3937550255,35.5599373038,97.7748319193,17.1445032188,5.2321646958,115.7071000000
loo,XOM,2026-09-03,1530,ssvi,ok,,2,15,2026-09-25,0.0602739726,163.5834265073,10,0.0191780822,0.0191780822,45.2027230680,123.7827161913,64.9038147474,152.7771499851,51.9497802066,37.0623795098,0.8041000000
loo,XOM,2026-09-03,1530,essvi,ok,,2,15,2026-09-25,0.0602739726,163.5834265073,10,0.0191780822,0.0191780822,39.5377326533,104.0510970951,60.7388147569,147.7979091618,24.9520166934,38.8871723400,0.6102000000
loo,XOM,2026-09-03,1530,essvi_g05,ok,,2,15,2026-09-25,0.0602739726,163.5834265073,10,0.0191780822,0.0191780822,38.4440333285,75.4198258915,38.9614726139,87.0893130910,7.8620614406,-33.3106336651,1.8348000000
loo,XOM,2026-09-03,1530,essvi_gfree,ok,,2,15,2026-09-25,0.0602739726,163.5834265073,10,0.0191780822,0.0191780822,34.0438367485,83.9296981327,37.7098465461,105.3103713924,13.2088106010,-6.0869608277,2.1460000000
loo,XOM,2026-09-03,1530,essvi_sg05,ok,,2,15,2026-09-25,0.0602739726,163.5834265073,10,0.0191780822,0.0191780822,75.2208273576,130.9934243252,97.2369408569,155.7041245821,87.0301879672,33.6635923044,0.3660000000
loo,XOM,2026-09-03,1530,svi,ok,,3,15,2026-10-02,0.0794520548,163.7739821288,12,0.0191780822,0.0191780822,21.5282174659,32.6331714634,44.9539157182,99.7940251482,14.7609344738,-40.5668608911,114.0729000000
loo,XOM,2026-09-03,1530,ssvi,ok,,3,15,2026-10-02,0.0794520548,163.7739821288,12,0.0191780822,0.0191780822,59.6546524969,129.3716481695,40.9075390732,93.2462454366,7.6340925964,-39.7814424579,0.7985000000
loo,XOM,2026-09-03,1530,essvi,ok,,3,15,2026-10-02,0.0794520548,163.7739821288,12,0.0191780822,0.0191780822,26.8238906036,44.8378930097,41.4757581807,92.5234473390,13.9147863731,-38.3714058883,0.5747000000
loo,XOM,2026-09-03,1530,essvi_g05,ok,,3,15,2026-10-02,0.0794520548,163.7739821288,12,0.0191780822,0.0191780822,46.3902780166,69.4412275403,50.2323276454,98.7883410434,16.0636360952,-50.4407534319,1.8190000000
loo,XOM,2026-09-03,1530,essvi_gfree,ok,,3,15,2026-10-02,0.0794520548,163.7739821288,12,0.0191780822,0.0191780822,34.1132473089,56.3644226701,39.6210168010,86.7431002495,14.8200336644,-35.5671610911,2.2797000000
loo,XOM,2026-09-03,1530,essvi_sg05,ok,,3,15,2026-10-02,0.0794520548,163.7739821288,12,0.0191780822,0.0191780822,95.0127114911,153.8605597847,70.1517976139,132.7094144708,41.5988700342,-36.8984323698,0.5278000000
loo,XOM,2026-09-03,1530,svi,ok,,4,15,2026-10-09,0.0986301370,164.0893939870,12,0.0191780822,0.0191780822,13.1318907565,29.0719796740,32.6948788811,80.1883992376,-3.4814474670,40.6126307454,122.5285000000
loo,XOM,2026-09-03,1530,ssvi,ok,,4,15,2026-10-09,0.0986301370,164.0893939870,12,0.0191780822,0.0191780822,32.6044476603,58.5688448358,27.0781474296,47.6570827187,19.2084013960,47.6570827187,0.7923000000
loo,XOM,2026-09-03,1530,essvi,ok,,4,15,2026-10-09,0.0986301370,164.0893939870,12,0.0191780822,0.0191780822,17.3548165634,33.3001242383,52.4992934907,131.1546324280,-3.2118800529,43.4458389171,0.6098000000
loo,XOM,2026-09-03,1530,essvi_g05,ok,,4,15,2026-10-09,0.0986301370,164.0893939870,12,0.0191780822,0.0191780822,15.0310221447,28.1288902305,28.0215881856,66.6776736702,-12.9271381013,2.4865244829,2.1629000000
loo,XOM,2026-09-03,1530,essvi_gfree,ok,,4,15,2026-10-09,0.0986301370,164.0893939870,12,0.0191780822,0.0191780822,16.6861847592,38.6128381673,24.5944869211,66.3863521799,-5.8650814966,23.0403354213,3.5120000000
loo,XOM,2026-09-03,1530,essvi_sg05,ok,,4,15,2026-10-09,0.0986301370,164.0893939870,12,0.0191780822,0.0191780822,20.0284020483,43.6974371708,55.4224468619,116.1045073805,45.8029088735,51.8685579308,0.6409000000
loo,XOM,2026-09-03,1530,svi,ok,,5,15,2026-10-16,0.1178082192,164.0129059805,10,0.0191780822,0.0958904110,6.3114167645,10.3577956642,32.8351854923,61.0570599956,21.0002752260,-1.8222119113,119.6393000000
loo,XOM,2026-09-03,1530,ssvi,ok,,5,15,2026-10-16,0.1178082192,164.0129059805,10,0.0191780822,0.0958904110,32.0792951050,61.3892001315,31.8324213280,59.6830473135,9.4682763879,-2.9951588794,0.7985000000
loo,XOM,2026-09-03,1530,essvi,ok,,5,15,2026-10-16,0.1178082192,164.0129059805,10,0.0191780822,0.0958904110,9.8901912734,18.0100266931,46.4678574128,88.9052868757,32.0595553156,-2.2206679577,0.5728000000
loo,XOM,2026-09-03,1530,essvi_g05,ok,,5,15,2026-10-16,0.1178082192,164.0129059805,10,0.0191780822,0.0958904110,26.7977254627,40.0479671296,47.4022218953,90.1317021282,32.1848360767,-4.4313192152,1.8640000000
loo,XOM,2026-09-03,1530,essvi_gfree,ok,,5,15,2026-10-16,0.1178082192,164.0129059805,10,0.0191780822,0.0958904110,11.4440129274,17.7553729828,31.9209653572,63.7012583524,22.7395005797,8.1504223210,2.1359000000
loo,XOM,2026-09-03,1530,essvi_sg05,ok,,5,15,2026-10-16,0.1178082192,164.0129059805,10,0.0191780822,0.0958904110,70.2411162553,128.3492240169,71.7511094778,137.3847594014,53.4742836194,-2.0298158204,0.3643000000
loo,XOM,2026-09-03,1530,svi,ok,,6,15,2026-11-20,0.2136986301,163.9823467810,14,0.0958904110,0.0767123288,16.9316086069,29.9469313122,65.9121360917,99.4215386572,-58.9862254540,-51.3134770674,114.6030000000
loo,XOM,2026-09-03,1530,ssvi,ok,,6,15,2026-11-20,0.2136986301,163.9823467810,14,0.0958904110,0.0767123288,26.7331300251,42.2916673889,44.2527972474,80.4960478475,-37.0604175886,-41.1246756560,0.8799000000
loo,XOM,2026-09-03,1530,essvi,ok,,6,15,2026-11-20,0.2136986301,163.9823467810,14,0.0958904110,0.0767123288,23.2323969222,36.4569626594,64.0149491342,112.1942314706,-54.3742050067,-39.7454745979,0.6361000000
loo,XOM,2026-09-03,1530,essvi_g05,ok,,6,15,2026-11-20,0.2136986301,163.9823467810,14,0.0958904110,0.0767123288,28.1162907450,56.1910634498,69.7907426936,118.6266448323,-59.9474731772,-71.3641871715,1.8414000000
loo,XOM,2026-09-03,1530,essvi_gfree,ok,,6,15,2026-11-20,0.2136986301,163.9823467810,14,0.0958904110,0.0767123288,24.4390580793,46.9665854410,69.7243914467,109.9147570953,-61.5888186156,-62.8416551440,1.8993000000
loo,XOM,2026-09-03,1530,essvi_sg05,ok,,6,15,2026-11-20,0.2136986301,163.9823467810,14,0.0958904110,0.0767123288,60.7996306644,93.7006748191,45.6701405616,86.6325947148,-8.5893712644,-39.1779708205,0.3894000000
loo,XOM,2026-09-03,1530,svi,ok,,7,15,2026-12-18,0.2904109589,164.0612514836,17,0.0767123288,0.0767123288,17.2362840390,29.3455622297,26.2755111205,80.0421643138,8.9455597400,-8.1389229804,112.4802000000
loo,XOM,2026-09-03,1530,ssvi,ok,,7,15,2026-12-18,0.2904109589,164.0612514836,17,0.0767123288,0.0767123288,33.8563212731,78.4353963976,35.6762439261,83.0292345992,18.4287085919,-1.7911203210,0.8149000000
loo,XOM,2026-09-03,1530,essvi,ok,,7,15,2026-12-18,0.2904109589,164.0612514836,17,0.0767123288,0.0767123288,20.7594183259,33.4771562314,24.1146482362,49.0696768428,4.1645990002,-1.5038111492,0.5354000000
loo,XOM,2026-09-03,1530,essvi_g05,ok,,7,15,2026-12-18,0.2904109589,164.0612514836,17,0.0767123288,0.0767123288,20.5625833968,37.9807090894,23.8424718792,55.5016006946,3.8265891424,-20.6138424366,1.7500000000
loo,XOM,2026-09-03,1530,essvi_gfree,ok,,7,15,2026-12-18,0.2904109589,164.0612514836,17,0.0767123288,0.0767123288,19.2575846163,35.3000252288,23.1584870591,53.6581923754,2.7142820853,-17.7134390129,1.8270000000
loo,XOM,2026-09-03,1530,essvi_sg05,ok,,7,15,2026-12-18,0.2904109589,164.0612514836,17,0.0767123288,0.0767123288,60.1459004326,100.8962439484,57.2517528178,105.2434703795,45.7996297015,-1.2719337121,0.3776000000
loo,XOM,2026-09-03,1530,svi,ok,,8,15,2027-01-15,0.3671232877,164.7180688565,17,0.0767123288,0.1726027397,13.9871079593,23.9667301548,27.9189802507,44.5864798106,23.7969766075,13.5177606513,113.2110000000
loo,XOM,2026-09-03,1530,ssvi,ok,,8,15,2027-01-15,0.3671232877,164.7180688565,17,0.0767123288,0.1726027397,22.7706218597,47.9423878662,54.4342892110,85.5649791821,51.1606657909,37.5025772642,0.8754000000
loo,XOM,2026-09-03,1530,essvi,ok,,8,15,2027-01-15,0.3671232877,164.7180688565,17,0.0767123288,0.1726027397,16.6054608733,29.8322858195,41.9334477045,64.7985580654,38.3023492337,37.7803671706,0.5946000000
loo,XOM,2026-09-03,1530,essvi_g05,ok,,8,15,2027-01-15,0.3671232877,164.7180688565,17,0.0767123288,0.1726027397,15.4196335673,24.1685386826,30.1504505838,50.5011650672,26.0335046589,15.4900931448,1.7962000000
loo,XOM,2026-09-03,1530,essvi_gfree,ok,,8,15,2027-01-15,0.3671232877,164.7180688565,17,0.0767123288,0.1726027397,15.6599049556,24.0430961986,29.6160426270,49.0602446747,25.3346787229,12.6794109320,1.8690000000
loo,XOM,2026-09-03,1530,essvi_sg05,ok,,8,15,2027-01-15,0.3671232877,164.7180688565,17,0.0767123288,0.1726027397,40.0987243571,78.2466425436,71.6490765120,111.1223494013,67.9766133696,37.8175845410,0.3645000000
loo,XOM,2026-09-03,1530,svi,ok,,9,15,2027-03-19,0.5397260274,165.0836013244,20,0.1726027397,0.0767123288,21.5151940676,36.7961221858,66.7038625341,199.7223185877,-39.3833942386,-66.7781055326,111.9017000000
loo,XOM,2026-09-03,1530,ssvi,ok,,9,15,2027-03-19,0.5397260274,165.0836013244,20,0.1726027397,0.0767123288,39.7200740547,79.3141370584,55.1274823240,148.9672243829,-44.2875817787,-68.1505928851,0.8732000000
loo,XOM,2026-09-03,1530,essvi,ok,,9,15,2027-03-19,0.5397260274,165.0836013244,20,0.1726027397,0.0767123288,35.4834174510,71.3329298967,67.6860862759,186.2280887913,-44.9506259442,-68.4615069758,0.5954000000
loo,XOM,2026-09-03,1530,essvi_g05,ok,,9,15,2027-03-19,0.5397260274,165.0836013244,20,0.1726027397,0.0767123288,32.6387316859,92.4111081975,68.4556077435,207.8763123028,-41.3702157658,-48.9730341940,2.0169000000
loo,XOM,2026-09-03,1530,essvi_gfree,ok,,9,15,2027-03-19,0.5397260274,165.0836013244,20,0.1726027397,0.0767123288,27.0413854552,74.4066586608,64.9538764652,189.4436281841,-38.1505272170,-56.5054002598,2.0952000000
loo,XOM,2026-09-03,1530,essvi_sg05,ok,,9,15,2027-03-19,0.5397260274,165.0836013244,20,0.1726027397,0.0767123288,41.4031904449,72.4776416011,61.3788701046,162.8830154929,-36.2573711365,-68.4898800774,0.3632000000
loo,XOM,2026-09-03,1530,svi,ok,,10,15,2027-04-16,0.6164383562,165.5875902222,17,0.0767123288,0.1698630137,13.7116951289,45.4504421715,58.7711275710,176.9280446820,30.9141617215,27.6825208178,120.8949000000
loo,XOM,2026-09-03,1530,ssvi,ok,,10,15,2027-04-16,0.6164383562,165.5875902222,17,0.0767123288,0.1698630137,35.6977064074,96.7286391091,56.9963591974,155.2910711642,43.5350533640,52.5447745314,0.7929000000
loo,XOM,2026-09-03,1530,essvi,ok,,10,15,2027-04-16,0.6164383562,165.5875902222,17,0.0767123288,0.1698630137,24.4059419144,61.6410652108,62.9529746232,168.4440191815,44.2595260937,52.7338163588,0.5863000000
loo,XOM,2026-09-03,1530,essvi_g05,ok,,10,15,2027-04-16,0.6164383562,165.5875902222,17,0.0767123288,0.1698630137,18.3561354208,49.7469123427,52.5679270806,136.3243365211,35.7664110384,54.6807551659,2.0035000000
loo,XOM,2026-09-03,1530,essvi_gfree,ok,,10,15,2027-04-16,0.6164383562,165.5875902222,17,0.0767123288,0.1698630137,19.4048720757,61.1541169296,55.1084134584,156.2332271279,33.3052962477,41.7587718766,2.0843000000
loo,XOM,2026-09-03,1530,essvi_sg05,ok,,10,15,2027-04-16,0.6164383562,165.5875902222,17,0.0767123288,0.1698630137,24.6943288613,69.1287946460,64.9114959121,174.9073973468,47.4805717069,52.6684876804,0.3400000000
loo,XOM,2026-09-03,1530,svi,ok,,11,15,2027-06-17,0.7863013699,166.1627079236,21,0.1698630137,0.2520547945,12.4055662427,23.1372983573,35.8060566989,94.5217427531,-19.5711937371,-20.7467882117,150.0908000000
loo,XOM,2026-09-03,1530,ssvi,ok,,11,15,2027-06-17,0.7863013699,166.1627079236,21,0.1698630137,0.2520547945,22.1372039593,52.6868696851,39.4846239080,78.9988130988,-34.1497173617,-17.2098899488,0.7738000000
loo,XOM,2026-09-03,1530,essvi,ok,,11,15,2027-06-17,0.7863013699,166.1627079236,21,0.1698630137,0.2520547945,14.0431237699,25.7171590334,37.3897376551,77.8044884526,-22.3600795299,-18.0706234290,0.6653000000
loo,XOM,2026-09-03,1530,essvi_g05,ok,,11,15,2027-06-17,0.7863013699,166.1627079236,21,0.1698630137,0.2520547945,29.3137636441,58.8086642513,41.2581879300,110.0409606675,-19.7515370321,14.3824605470,1.7647000000
loo,XOM,2026-09-03,1530,essvi_gfree,ok,,11,15,2027-06-17,0.7863013699,166.1627079236,21,0.1698630137,0.2520547945,18.1554833157,35.5997660640,35.0322887617,91.2643031694,-16.0497965057,3.4236152366,2.0761000000
loo,XOM,2026-09-03,1530,essvi_sg05,ok,,11,15,2027-06-17,0.7863013699,166.1627079236,21,0.1698630137,0.2520547945,21.4053685761,43.3908149669,44.1481788335,100.8567394014,-33.4285943889,-17.9142257299,0.3556000000
loo,XOM,2026-09-03,1530,svi,ok,,12,15,2027-09-17,1.0383561644,167.2756108070,20,0.2520547945,0.2493150685,11.8068440172,23.2451085592,21.4745074159,41.8307935343,13.3674323722,35.4384449963,118.7576000000
loo,XOM,2026-09-03,1530,ssvi,ok,,12,15,2027-09-17,1.0383561644,167.2756108070,20,0.2520547945,0.2493150685,27.7743483092,54.2605757743,19.0260951687,36.4807695209,2.9979043144,32.9346940050,0.7823000000
loo,XOM,2026-09-03,1530,essvi,ok,,12,15,2027-09-17,1.0383561644,167.2756108070,20,0.2520547945,0.2493150685,21.3211770091,40.3479569156,19.9695935226,37.4523978251,8.3059009031,33.1547793438,0.5617000000
loo,XOM,2026-09-03,1530,essvi_g05,ok,,12,15,2027-09-17,1.0383561644,167.2756108070,20,0.2520547945,0.2493150685,24.8647225814,47.3839838347,30.6713860857,64.6868322939,15.8203376869,61.5973277174,1.7626000000
loo,XOM,2026-09-03,1530,essvi_gfree,ok,,12,15,2027-09-17,1.0383561644,167.2756108070,20,0.2520547945,0.2493150685,18.6684195694,33.7736304858,22.9374834299,48.1045515846,12.7503961350,44.1978732949,2.0341000000
loo,XOM,2026-09-03,1530,essvi_sg05,ok,,12,15,2027-09-17,1.0383561644,167.2756108070,20,0.2520547945,0.2493150685,31.3061672750,52.9706287917,21.3379304233,36.9890324844,-3.5884548684,33.1480571555,0.3462000000
loo,XOM,2026-09-03,1530,svi,ok,,13,15,2027-12-17,1.2876712329,168.0180759748,23,0.2493150685,0.0958904110,9.9792696849,27.1581598125,14.4581519085,30.9785711582,-9.2611446409,0.6866246152,127.7733000000
loo,XOM,2026-09-03,1530,ssvi,ok,,13,15,2027-12-17,1.2876712329,168.0180759748,23,0.2493150685,0.0958904110,14.6726940392,29.1129425762,17.9954744251,35.3012533038,-12.4241941914,-7.5367268192,0.7874000000
loo,XOM,2026-09-03,1530,essvi,ok,,13,15,2027-12-17,1.2876712329,168.0180759748,23,0.2493150685,0.0958904110,14.4388453287,28.3711336353,18.4108032518,34.5483384184,-13.0134228938,-7.4711561137,0.6020000000
loo,XOM,2026-09-03,1530,essvi_g05,ok,,13,15,2027-12-17,1.2876712329,168.0180759748,23,0.2493150685,0.0958904110,20.4940130271,44.6589874237,22.8086097495,55.3948338101,-7.9756899697,18.4329637651,1.7600000000
loo,XOM,2026-09-03,1530,essvi_gfree,ok,,13,15,2027-12-17,1.2876712329,168.0180759748,23,0.2493150685,0.0958904110,12.7513231875,24.8323788090,15.8572376573,31.1194062566,-9.3063650936,-2.7844145883,2.0510000000
loo,XOM,2026-09-03,1530,essvi_sg05,ok,,13,15,2027-12-17,1.2876712329,168.0180759748,23,0.2493150685,0.0958904110,20.5377202723,38.3312609531,27.3508447407,49.8686861320,-23.1292514172,-7.6733747638,0.3528000000
loo,XOM,2026-09-04,1530,svi,ok,,1,15,2026-09-18,0.0383561644,160.1194241724,10,0.0191780822,0.0191780822,14244.0658482167,40781.6649810745,14180.1833830422,40666.2557608915,5986.4249700028,16.5274813631,155.6702000000
loo,XOM,2026-09-04,1530,ssvi,ok,,1,15,2026-09-18,0.0383561644,160.1194241724,10,0.0191780822,0.0191780822,79.9148324439,219.1614549870,70.9496484176,197.6134611242,-20.1044912535,22.6786246156,0.8971000000
loo,XOM,2026-09-04,1530,essvi,ok,,1,15,2026-09-18,0.0383561644,160.1194241724,10,0.0191780822,0.0191780822,15.9926739836,25.8665721975,44.0047984094,115.1029382756,0.5857094472,22.4902969770,0.6999000000
loo,XOM,2026-09-04,1530,essvi_g05,ok,,1,15,2026-09-18,0.0383561644,160.1194241724,10,0.0191780822,0.0191780822,17.3544819304,30.4014081328,17.4574484784,42.6241001310,7.7353917991,-13.1495939495,4.1585000000
loo,XOM,2026-09-04,1530,essvi_gfree,ok,,1,15,2026-09-18,0.0383561644,160.1194241724,10,0.0191780822,0.0191780822,22.5267676880,46.8552466839,44.4591764151,118.7025686454,-2.8469075940,17.5332315720,4.3821000000
loo,XOM,2026-09-04,1530,essvi_sg05,ok,,1,15,2026-09-18,0.0383561644,160.1194241724,10,0.0191780822,0.0191780822,38.8313314795,71.9631544629,51.0260511644,77.2121946105,48.3999039459,22.1958109735,0.4131000000
loo,XOM,2026-09-04,1530,svi,ok,,2,15,2026-09-25,0.0575342466,160.2802973736,10,0.0191780822,0.0191780822,2.8147606424,4.4699443922,27.4115623494,70.3967794164,-11.2651741831,-0.4846815134,152.0380000000
loo,XOM,2026-09-04,1530,ssvi,ok,,2,15,2026-09-25,0.0575342466,160.2802973736,10,0.0191780822,0.0191780822,32.2137482797,84.6884755394,33.7231578922,55.0637868119,18.4833635547,32.7246274104,0.8995000000
loo,XOM,2026-09-04,1530,essvi,ok,,2,15,2026-09-25,0.0575342466,160.2802973736,10,0.0191780822,0.0191780822,15.5949672286,25.7415729758,101.5763676231,228.9749111626,-1.9236036523,36.2164981461,0.7015000000
loo,XOM,2026-09-04,1530,essvi_g05,ok,,2,15,2026-09-25,0.0575342466,160.2802973736,10,0.0191780822,0.0191780822,38.0198946152,86.7242495301,40.2910941815,104.9243222006,-4.9514343392,-39.7648887321,4.1741000000
loo,XOM,2026-09-04,1530,essvi_gfree,ok,,2,15,2026-09-25,0.0575342466,160.2802973736,10,0.0191780822,0.0191780822,18.0751044284,35.8845398771,21.6748438725,44.4651424351,-7.8307060098,-19.7331902339,5.1887000000
loo,XOM,2026-09-04,1530,essvi_sg05,ok,,2,15,2026-09-25,0.0575342466,160.2802973736,10,0.0191780822,0.0191780822,57.1873963186,139.8399991429,80.9841984645,183.8121941865,69.3588945926,32.7891643923,0.4198000000
loo,XOM,2026-09-04,1530,svi,ok,,3,15,2026-10-02,0.0767123288,160.6222410859,11,0.0191780822,0.0191780822,21.9924922021,61.1870520762,55.5817997241,107.0306210218,-1.2323014167,-107.0306210218,143.8428000000
loo,XOM,2026-09-04,1530,ssvi,ok,,3,15,2026-10-02,0.0767123288,160.6222410859,11,0.0191780822,0.0191780822,69.4279329402,113.7532598945,38.3546446871,95.9316110667,-17.6890469286,-95.9316110667,1.3477000000
loo,XOM,2026-09-04,1530,essvi,ok,,3,15,2026-10-02,0.0767123288,160.6222410859,11,0.0191780822,0.0191780822,50.5055886200,76.6433003654,56.2832294277,117.9545809045,7.6576979591,-96.8930898737,0.7941000000
loo,XOM,2026-09-04,1530,essvi_g05,ok,,3,15,2026-10-02,0.0767123288,160.6222410859,11,0.0191780822,0.0191780822,50.3599766258,107.5898818641,57.2657512252,115.5395182092,-6.1999008514,-115.5395182092,6.3040000000
loo,XOM,2026-09-04,1530,essvi_gfree,ok,,3,15,2026-10-02,0.0767123288,160.6222410859,11,0.0191780822,0.0191780822,39.6260658601,93.1662635216,48.1771088655,104.0490965780,-8.0790456979,-104.0490965780,6.9264000000
loo,XOM,2026-09-04,1530,essvi_sg05,ok,,3,15,2026-10-02,0.0767123288,160.6222410859,11,0.0191780822,0.0191780822,107.6371466022,172.7233830813,61.8512038260,133.2632508058,15.9683568934,-96.6762704196,0.5147000000
loo,XOM,2026-09-04,1530,svi,ok,,4,15,2026-10-09,0.0958904110,160.8889249105,8,0.0191780822,0.0191780822,17.8345601556,31.3029772476,54.1587082807,98.8156538531,37.2086667706,30.4493322885,157.6160000000
loo,XOM,2026-09-04,1530,ssvi,ok,,4,15,2026-10-09,0.0958904110,160.8889249105,8,0.0191780822,0.0191780822,38.9641333069,56.9631246771,70.5466724669,117.9477066400,58.9697025570,52.0679594837,0.9092000000
loo,XOM,2026-09-04,1530,essvi,ok,,4,15,2026-10-09,0.0958904110,160.8889249105,8,0.0191780822,0.0191780822,30.4730162835,53.3123848196,69.9031549179,102.7517628634,42.1487836297,49.3373876335,0.6816000000
loo,XOM,2026-09-04,1530,essvi_g05,ok,,4,15,2026-10-09,0.0958904110,160.8889249105,8,0.0191780822,0.0191780822,30.2949032414,47.6248248956,39.4294118719,74.8465657077,24.1050227330,2.5122869415,3.2088000000
loo,XOM,2026-09-04,1530,essvi_gfree,ok,,4,15,2026-10-09,0.0958904110,160.8889249105,8,0.0191780822,0.0191780822,33.8022555145,53.4556504601,48.0380839649,87.5656030469,33.8592785851,19.6977101562,4.6358000000
loo,XOM,2026-09-04,1530,essvi_sg05,ok,,4,15,2026-10-09,0.0958904110,160.8889249105,8,0.0191780822,0.0191780822,31.0039860449,54.4391417961,122.4411759723,188.9536241908,97.2205464740,59.9171638507,0.4771000000
loo,XOM,2026-09-04,1530,svi,ok,,5,15,2026-10-16,0.1150684932,160.6838986959,10,0.0191780822,0.0958904110,9.2889923380,15.5027951228,70.2746230513,170.7446600145,-7.9413663583,-5.4173964090,138.0739000000
loo,XOM,2026-09-04,1530,ssvi,ok,,5,15,2026-10-16,0.1150684932,160.6838986959,10,0.0191780822,0.0958904110,75.5963032759,196.1469110978,69.8566192863,184.5201826517,-28.1803150173,13.5256277233,0.9000000000
loo,XOM,2026-09-04,1530,essvi,ok,,5,15,2026-10-16,0.1150684932,160.6838986959,10,0.0191780822,0.0958904110,21.6562582750,40.9958234096,54.2276116825,90.8078698114,48.3136460670,12.1796158375,0.7168000000
loo,XOM,2026-09-04,1530,essvi_g05,ok,,5,15,2026-10-16,0.1150684932,160.6838986959,10,0.0191780822,0.0958904110,17.0262358338,27.9395171567,20.8283011783,40.6236234824,12.2100302382,-8.9471313348,1.9496000000
loo,XOM,2026-09-04,1530,essvi_gfree,ok,,5,15,2026-10-16,0.1150684932,160.6838986959,10,0.0191780822,0.0958904110,23.1820349897,53.7201551820,38.4492999556,107.0321713207,-11.0983997537,0.3425929695,4.4106000000
loo,XOM,2026-09-04,1530,essvi_sg05,ok,,5,15,2026-10-16,0.1150684932,160.6838986959,10,0.0191780822,0.0958904110,31.3785441210,60.5602952790,47.9351298818,76.4284018950,43.6590245436,12.6358671446,0.4112000000
loo,XOM,2026-09-04,1530,svi,ok,,6,15,2026-11-20,0.2109589041,160.5540962867,14,0.0958904110,0.0767123288,12.8432337256,29.3885372014,64.5028632241,97.8180011519,-60.4015964880,-97.8180011519,144.8212000000
loo,XOM,2026-09-04,1530,ssvi,ok,,6,15,2026-11-20,0.2109589041,160.5540962867,14,0.0958904110,0.0767123288,21.2157616118,39.1269223555,63.6608472556,98.0183657791,-60.9188374322,-74.0307511592,1.1361000000
loo,XOM,2026-09-04,1530,essvi,ok,,6,15,2026-11-20,0.2109589041,160.5540962867,14,0.0958904110,0.0767123288,20.6788176775,32.9795958926,53.5003436497,76.1166424077,-51.0843004225,-74.3746249698,0.7763000000
loo,XOM,2026-09-04,1530,essvi_g05,ok,,6,15,2026-11-20,0.2109589041,160.5540962867,14,0.0958904110,0.0767123288,27.8719016910,51.9283986052,68.0931765432,114.3616628089,-62.1891923406,-114.3616628089,3.9244000000
loo,XOM,2026-09-04,1530,essvi_gfree,ok,,6,15,2026-11-20,0.2109589041,160.5540962867,14,0.0958904110,0.0767123288,20.3453672131,40.0509280140,68.4614374436,106.7492494029,-64.6746226829,-105.0560831699,4.9846000000
loo,XOM,2026-09-04,1530,essvi_sg05,ok,,6,15,2026-11-20,0.2109589041,160.5540962867,14,0.0958904110,0.0767123288,63.7475719886,112.5780032668,35.2392700016,74.0676412206,-17.6283891732,-74.0676412206,0.8958000000
loo,XOM,2026-09-04,1530,svi,ok,,7,15,2026-12-18,0.2876712329,160.9117566715,15,0.0767123288,0.0767123288,17.7198726635,38.2482693051,22.7661135639,43.2094900665,-9.8827174257,-43.2094900665,132.6267000000
loo,XOM,2026-09-04,1530,ssvi,ok,,7,15,2026-12-18,0.2876712329,160.9117566715,15,0.0767123288,0.0767123288,29.6958545768,47.3792848300,26.1355033780,56.2974286623,0.1701189724,-23.4607825372,0.8831000000
loo,XOM,2026-09-04,1530,essvi,ok,,7,15,2026-12-18,0.2876712329,160.9117566715,15,0.0767123288,0.0767123288,29.4804770437,50.1947371050,26.2252386200,45.8024532960,1.9075908602,-23.6636235647,0.6990000000
loo,XOM,2026-09-04,1530,essvi_g05,ok,,7,15,2026-12-18,0.2876712329,160.9117566715,15,0.0767123288,0.0767123288,24.6246391550,51.8914705580,25.8947901549,59.9232284281,-7.8224044319,-59.9232284281,3.9129000000
loo,XOM,2026-09-04,1530,essvi_gfree,ok,,7,15,2026-12-18,0.2876712329,160.9117566715,15,0.0767123288,0.0767123288,22.6371484702,45.3942398286,24.1901423387,52.9746313463,-7.9286445294,-52.9746313463,3.8788000000
loo,XOM,2026-09-04,1530,essvi_sg05,ok,,7,15,2026-12-18,0.2876712329,160.9117566715,15,0.0767123288,0.0767123288,54.9039058516,81.1170143065,44.3997677478,73.8737487655,34.8406966931,-23.3861207063,0.4159000000
loo,XOM,2026-09-04,1530,svi,ok,,8,15,2027-01-15,0.3643835616,161.3807007337,18,0.0767123288,0.1726027397,17.3662980240,32.9225947809,54.3858463879,94.0299017810,49.1629546243,16.5052188983,131.9103000000
loo,XOM,2026-09-04,1530,ssvi,ok,,8,15,2027-01-15,0.3643835616,161.3807007337,18,0.0767123288,0.1726027397,26.4639035077,77.0807599365,53.7031751050,88.2267716851,46.5818404510,36.8892300040,0.8675000000
loo,XOM,2026-09-04,1530,essvi,ok,,8,15,2027-01-15,0.3643835616,161.3807007337,18,0.0767123288,0.1726027397,24.1467570515,49.7394616185,55.4038791831,91.0628582216,49.0404877493,37.0103658548,0.6910000000
loo,XOM,2026-09-04,1530,essvi_g05,ok,,8,15,2027-01-15,0.3643835616,161.3807007337,18,0.0767123288,0.1726027397,19.3833489806,40.0324049946,47.4515520382,70.2605658043,43.4179201238,10.9864340830,3.8136000000
loo,XOM,2026-09-04,1530,essvi_gfree,ok,,8,15,2027-01-15,0.3643835616,161.3807007337,18,0.0767123288,0.1726027397,19.1385513386,37.5828894320,46.5656387634,72.1206736050,42.3950702728,13.1102551845,5.7946000000
loo,XOM,2026-09-04,1530,essvi_sg05,ok,,8,15,2027-01-15,0.3643835616,161.3807007337,18,0.0767123288,0.1726027397,38.8745562630,66.8367661351,79.0613265524,108.7434794864,76.4075978390,36.7168172213,0.7149000000
loo,XOM,2026-09-04,1530,svi,ok,,9,15,2027-03-19,0.5369863014,161.4665186963,20,0.1726027397,0.0767123288,13.3435184417,40.7531135070,49.1517086053,90.9413257222,-43.3871927226,-65.1516939961,148.3422000000
loo,XOM,2026-09-04,1530,ssvi,ok,,9,15,2027-03-19,0.5369863014,161.4665186963,20,0.1726027397,0.0767123288,22.1196679077,47.3907048639,66.1986495452,111.1304362716,-61.8097581105,-57.5054633193,0.8622000000
loo,XOM,2026-09-04,1530,essvi,ok,,9,15,2027-03-19,0.5369863014,161.4665186963,20,0.1726027397,0.0767123288,16.3287281656,48.4642505117,40.2582740846,64.0264702045,-37.6166583486,-57.2604256461,0.6840000000
loo,XOM,2026-09-04,1530,essvi_g05,ok,,9,15,2027-03-19,0.5369863014,161.4665186963,20,0.1726027397,0.0767123288,15.7201090286,41.2864043921,46.7688500868,74.6255343895,-43.2125566886,-48.2159704474,1.9125000000
loo,XOM,2026-09-04,1530,essvi_gfree,ok,,9,15,2027-03-19,0.5369863014,161.4665186963,20,0.1726027397,0.0767123288,14.2791876188,41.2444772578,44.0889776913,64.6469502135,-41.2290575902,-50.7246337670,2.6956000000
loo,XOM,2026-09-04,1530,essvi_sg05,ok,,9,15,2027-03-19,0.5369863014,161.4665186963,20,0.1726027397,0.0767123288,17.4069358425,53.4413302462,46.4584747957,65.7187805729,-44.1014043985,-57.2531266397,0.6981000000
loo,XOM,2026-09-04,1530,svi,ok,,10,15,2027-04-16,0.6136986301,162.3047234441,16,0.0767123288,0.1698630137,9.6616572473,20.9322398345,34.7187072286,65.8581061209,29.7673435447,47.8606312454,168.9375000000
loo,XOM,2026-09-04,1530,ssvi,ok,,10,15,2027-04-16,0.6136986301,162.3047234441,16,0.0767123288,0.1698630137,27.3144369047,57.2770236812,44.8089360597,81.1820015270,40.3899254644,66.2466418101,0.8728000000
loo,XOM,2026-09-04,1530,essvi,ok,,10,15,2027-04-16,0.6136986301,162.3047234441,16,0.0767123288,0.1698630137,14.6122697310,38.2625321294,47.5973895350,83.0233623051,43.3944057851,65.9780968313,0.6897000000
loo,XOM,2026-09-04,1530,essvi_g05,ok,,10,15,2027-04-16,0.6136986301,162.3047234441,16,0.0767123288,0.1698630137,15.9042664670,34.6602292154,39.3432366213,73.8142199115,33.7825173773,56.2904485236,1.7118000000
loo,XOM,2026-09-04,1530,essvi_gfree,ok,,10,15,2027-04-16,0.6136986301,162.3047234441,16,0.0767123288,0.1698630137,14.4896269919,33.3912057440,35.8438351593,67.2254768636,31.1498919490,49.7879091715,2.3342000000
loo,XOM,2026-09-04,1530,essvi_sg05,ok,,10,15,2027-04-16,0.6136986301,162.3047234441,16,0.0767123288,0.1698630137,19.8711126154,46.8790237725,49.4027283227,82.8932911636,46.1531235751,66.0964978557,0.4400000000
loo,XOM,2026-09-04,1530,svi,ok,,11,15,2027-06-17,0.7835616438,162.0375297437,23,0.1698630137,0.2520547945,17.8250434415,37.3647994354,49.8815100512,106.3726284416,-39.2298557322,-59.5229652379,141.4501000000
loo,XOM,2026-09-04,1530,ssvi,ok,,11,15,2027-06-17,0.7835616438,162.0375297437,23,0.1698630137,0.2520547945,31.6261011832,75.4640472746,45.2194247129,83.2356177003,-37.3325681916,-51.8439604554,1.3383000000
loo,XOM,2026-09-04,1530,essvi,ok,,11,15,2027-06-17,0.7835616438,162.0375297437,23,0.1698630137,0.2520547945,28.0695880277,56.3315209143,36.6618295553,70.0725493955,-29.2944613376,-52.1570742474,1.1799000000
loo,XOM,2026-09-04,1530,essvi_g05,ok,,11,15,2027-06-17,0.7835616438,162.0375297437,23,0.1698630137,0.2520547945,22.5340354595,57.2716373904,46.2573233604,97.4689999549,-36.8631776632,-42.6460075112,3.1792000000
loo,XOM,2026-09-04,1530,essvi_gfree,ok,,11,15,2027-06-17,0.7835616438,162.0375297437,23,0.1698630137,0.2520547945,19.3527749342,43.0067232455,42.0579960176,72.2890702260,-34.7892474203,-51.9285522087,3.6913000000
loo,XOM,2026-09-04,1530,essvi_sg05,ok,,11,15,2027-06-17,0.7835616438,162.0375297437,23,0.1698630137,0.2520547945,30.5875198823,67.0185972175,44.2090364651,78.4322854343,-37.1888424494,-52.0935538351,0.7089000000
loo,XOM,2026-09-04,1530,svi,ok,,12,15,2027-09-17,1.0356164384,163.4283852963,24,0.2520547945,0.2493150685,10.9904365986,27.3167109558,22.9144766110,42.3903262756,17.0438413448,2.2574138655,157.5155000000
loo,XOM,2026-09-04,1530,ssvi,ok,,12,15,2027-09-17,1.0356164384,163.4283852963,24,0.2520547945,0.2493150685,16.7699753965,38.1750378414,29.2676817434,52.1562240986,26.5994545541,15.1401436968,1.3037000000
loo,XOM,2026-09-04,1530,essvi,ok,,12,15,2027-09-17,1.0356164384,163.4283852963,24,0.2520547945,0.2493150685,14.6359866280,38.6178944026,25.9081298977,53.0096505430,22.6903002485,15.4026748920,1.1545000000
loo,XOM,2026-09-04,1530,essvi_g05,ok,,12,15,2027-09-17,1.0356164384,163.4283852963,24,0.2520547945,0.2493150685,16.7811925034,42.3223338900,24.9393542525,57.8317241597,16.5060536129,20.7601632461,3.9635000000
loo,XOM,2026-09-04,1530,essvi_gfree,ok,,12,15,2027-09-17,1.0356164384,163.4283852963,24,0.2520547945,0.2493150685,11.8533230290,26.0466376879,20.7679167885,44.6657439613,16.9335430477,7.0050209704,6.4886000000
loo,XOM,2026-09-04,1530,essvi_sg05,ok,,12,15,2027-09-17,1.0356164384,163.4283852963,24,0.2520547945,0.2493150685,14.6884879507,38.5906482513,22.7671296317,52.3374883231,17.5050738419,15.2602153516,0.4016000000
loo,XOM,2026-09-04,1530,svi,ok,,13,15,2027-12-17,1.2849315068,164.2545148217,25,0.2493150685,0.0958904110,7.9970909663,16.1989553808,16.0264810617,45.4523351655,-7.2027923634,1.3821388519,160.8814000000
loo,XOM,2026-09-04,1530,ssvi,ok,,13,15,2027-12-17,1.2849315068,164.2545148217,25,0.2493150685,0.0958904110,11.7802344890,32.7895893114,17.4439943588,47.1494051034,-12.0676902797,-9.2012582097,0.8437000000
loo,XOM,2026-09-04,1530,essvi,ok,,13,15,2027-12-17,1.2849315068,164.2545148217,25,0.2493150685,0.0958904110,10.6725715198,25.2043648776,17.0134490311,44.1752687828,-12.1150861670,-9.2318454663,0.6931000000
loo,XOM,2026-09-04,1530,essvi_g05,ok,,13,15,2027-12-17,1.2849315068,164.2545148217,25,0.2493150685,0.0958904110,20.7886930194,47.5458098926,24.2956145025,67.0211841577,-6.3589848951,13.2441329203,2.3757000000
loo,XOM,2026-09-04,1530,essvi_gfree,ok,,13,15,2027-12-17,1.2849315068,164.2545148217,25,0.2493150685,0.0958904110,11.7295914665,28.7772917848,14.9623330617,43.2143078096,-7.5598051151,-2.6179917522,4.2051000000
loo,XOM,2026-09-04,1530,essvi_sg05,ok,,13,15,2027-12-17,1.2849315068,164.2545148217,25,0.2493150685,0.0958904110,21.5179726538,51.9530315707,32.6290650311,80.3527515467,-25.2633275250,-9.2119122944,0.4049000000
loo,XOM,2026-09-08,1530,svi,ok,,1,16,2026-09-18,0.0273972603,159.7807107640,11,0.0191780822,0.0191780822,19.3154153778,44.8913650357,44.3580369430,90.3912083408,-34.1004141137,-34.2126559546,84.8691000000
loo,XOM,2026-09-08,1530,ssvi,ok,,1,16,2026-09-18,0.0273972603,159.7807107640,11,0.0191780822,0.0191780822,162.5585625527,390.2208551551,183.9643491217,421.9167258063,-131.9303813719,-33.4757632703,0.8738000000
loo,XOM,2026-09-08,1530,essvi,ok,,1,16,2026-09-18,0.0273972603,159.7807107640,11,0.0191780822,0.0191780822,26.8124530630,46.8625420102,67.4007894315,125.5846188934,-55.3269100385,-30.0232452247,0.5559000000
loo,XOM,2026-09-08,1530,essvi_g05,ok,,1,16,2026-09-18,0.0273972603,159.7807107640,11,0.0191780822,0.0191780822,28.1459545491,57.7795094671,67.8578686081,122.4533155762,-59.5575609725,-43.5585291438,3.0333000000
loo,XOM,2026-09-08,1530,essvi_gfree,ok,,1,16,2026-09-18,0.0273972603,159.7807107640,11,0.0191780822,0.0191780822,34.2890318508,75.8541492442,84.6927914069,181.2655261763,-70.8847094023,-28.1345642497,2.8024000000
loo,XOM,2026-09-08,1530,essvi_sg05,ok,,1,16,2026-09-18,0.0273972603,159.7807107640,11,0.0191780822,0.0191780822,27.0828775243,52.1142537451,52.9245076614,106.6095198706,-43.3991679854,-30.5186886298,0.3370000000
loo,XOM,2026-09-08,1530,svi,ok,,2,16,2026-09-25,0.0465753425,159.9233775293,10,0.0191780822,0.0191780822,8.8290189050,17.7186865282,56.5186504850,97.3339915730,20.6738624932,28.6847001172,96.3404000000
loo,XOM,2026-09-08,1530,ssvi,ok,,2,16,2026-09-25,0.0465753425,159.9233775293,10,0.0191780822,0.0191780822,72.6618387214,158.2224900235,83.0212992764,137.9954503175,39.2595277362,55.8040554636,0.8274000000
loo,XOM,2026-09-08,1530,essvi,ok,,2,16,2026-09-25,0.0465753425,159.9233775293,10,0.0191780822,0.0191780822,15.6305609179,25.8874272974,69.8771966981,101.6028537172,34.4619392992,55.5225934706,0.5590000000
loo,XOM,2026-09-08,1530,essvi_g05,ok,,2,16,2026-09-25,0.0465753425,159.9233775293,10,0.0191780822,0.0191780822,21.4444743477,32.8525964232,38.7234062759,90.3656156678,15.1001191743,-5.1071196764,3.0264000000
loo,XOM,2026-09-08,1530,essvi_gfree,ok,,2,16,2026-09-25,0.0465753425,159.9233775293,10,0.0191780822,0.0191780822,17.5650952220,26.0409694035,37.2885530369,82.3512140257,17.4059390468,3.4618373838,2.6563000000
loo,XOM,2026-09-08,1530,essvi_sg05,ok,,2,16,2026-09-25,0.0465753425,159.9233775293,10,0.0191780822,0.0191780822,36.7736506759,71.3397083260,83.6682193492,147.5162328639,76.9481775839,55.1804817314,0.3542000000
loo,XOM,2026-09-08,1530,svi,ok,,3,16,2026-10-02,0.0657534247,160.4463155783,14,0.0191780822,0.0191780822,32.1193112389,62.6170740121,51.7152289528,79.1264135038,9.5481320508,-67.1234160956,95.5928000000
loo,XOM,2026-09-08,1530,ssvi,ok,,3,16,2026-10-02,0.0657534247,160.4463155783,14,0.0191780822,0.0191780822,72.2181708209,113.5400796377,62.3406023849,100.5380047441,41.0077685869,-36.1947946737,0.8158000000
loo,XOM,2026-09-08,1530,essvi,ok,,3,16,2026-10-02,0.0657534247,160.4463155783,14,0.0191780822,0.0191780822,57.1648607494,109.4622882350,59.7778150533,113.6334417313,20.9703945158,-37.1751937154,0.5462000000
loo,XOM,2026-09-08,1530,essvi_g05,ok,,3,16,2026-10-02,0.0657534247,160.4463155783,14,0.0191780822,0.0191780822,53.6134036883,109.8577791065,63.1560435870,96.0925157861,12.2530865196,-96.0925157861,3.0880000000
loo,XOM,2026-09-08,1530,essvi_gfree,ok,,3,16,2026-10-02,0.0657534247,160.4463155783,14,0.0191780822,0.0191780822,51.2520189923,103.0938116656,61.9540346276,91.7789321949,11.1798089836,-91.7789321949,3.7391000000
loo,XOM,2026-09-08,1530,essvi_sg05,ok,,3,16,2026-10-02,0.0657534247,160.4463155783,14,0.0191780822,0.0191780822,104.1382884504,142.1262553655,95.8540847010,153.9044837309,72.1779014221,-37.2491414873,0.3244000000
loo,XOM,2026-09-08,1530,svi,ok,,4,16,2026-10-09,0.0849315068,160.5814845950,14,0.0191780822,0.0191780822,24.9069603724,58.3296518946,32.1191639924,80.7733350957,15.1699909920,-45.6041708522,96.4069000000
loo,XOM,2026-09-08,1530,ssvi,ok,,4,16,2026-10-09,0.0849315068,160.5814845950,14,0.0191780822,0.0191780822,58.5986298407,122.4715381176,56.4969299182,120.7111072280,47.2424966047,-16.2313036532,0.8320000000
loo,XOM,2026-09-08,1530,essvi,ok,,4,16,2026-10-09,0.0849315068,160.5814845950,14,0.0191780822,0.0191780822,45.3482269036,121.6448789362,47.5925740214,121.6002251727,34.0583314111,-16.5903661640,0.5730000000
loo,XOM,2026-09-08,1530,essvi_g05,ok,,4,16,2026-10-09,0.0849315068,160.5814845950,14,0.0191780822,0.0191780822,35.6157776411,88.1967631927,39.2794146502,82.7300300650,5.0959201483,-82.7300300650,3.0671000000
loo,XOM,2026-09-08,1530,essvi_gfree,ok,,4,16,2026-10-09,0.0849315068,160.5814845950,14,0.0191780822,0.0191780822,33.8143560674,83.6183851892,38.2481319545,76.7799582504,7.6072087234,-75.9751376272,3.1015000000
loo,XOM,2026-09-08,1530,essvi_sg05,ok,,4,16,2026-10-09,0.0849315068,160.5814845950,14,0.0191780822,0.0191780822,83.9902134356,134.9618042817,83.1308036699,138.8471674448,72.3211488373,-17.0792113624,0.3450000000
loo,XOM,2026-09-08,1530,svi,ok,,5,16,2026-10-16,0.1041095890,160.3074136893,12,0.0191780822,0.0191780822,14.6673921403,33.0108171692,80.8030659808,225.2687729394,-28.4848369963,-21.1986276056,89.1535000000
loo,XOM,2026-09-08,1530,ssvi,ok,,5,16,2026-10-16,0.1041095890,160.3074136893,12,0.0191780822,0.0191780822,65.3249195772,170.4283943528,71.7130214517,191.1488787230,-20.7444493391,-13.2828418392,0.8243000000
loo,XOM,2026-09-08,1530,essvi,ok,,5,16,2026-10-16,0.1041095890,160.3074136893,12,0.0191780822,0.0191780822,32.8611998586,60.3137544260,116.0725919967,289.1351466977,-39.6151780224,-11.4724813675,0.7272000000
loo,XOM,2026-09-08,1530,essvi_g05,ok,,5,16,2026-10-16,0.1041095890,160.3074136893,12,0.0191780822,0.0191780822,29.5059835795,51.3540776185,94.3416418120,166.3815471840,0.0715333195,-37.2608614643,2.0079000000
loo,XOM,2026-09-08,1530,essvi_gfree,ok,,5,16,2026-10-16,0.1041095890,160.3074136893,12,0.0191780822,0.0191780822,27.2294527486,45.1823842166,92.1210836740,164.9539523316,-3.9012633346,-34.3373929177,3.1179000000
loo,XOM,2026-09-08,1530,essvi_sg05,ok,,5,16,2026-10-16,0.1041095890,160.3074136893,12,0.0191780822,0.0191780822,61.6385886137,111.6616531455,95.3860302897,192.2400141809,29.5637168270,-11.2543478512,0.3489000000
loo,XOM,2026-09-08,1530,svi,ok,,6,16,2026-10-23,0.1232876712,160.8577568619,8,0.0191780822,0.0767123288,27.0857585568,56.4221283813,89.2139404666,222.0223033619,28.7682446430,8.6571891900,97.1944000000
loo,XOM,2026-09-08,1530,ssvi,ok,,6,16,2026-10-23,0.1232876712,160.8577568619,8,0.0191780822,0.0767123288,51.9369272358,67.8433077338,60.0480478117,124.5568045463,36.9473958587,31.4159141056,0.8471000000
loo,XOM,2026-09-08,1530,essvi,ok,,6,16,2026-10-23,0.1232876712,160.8577568619,8,0.0191780822,0.0767123288,36.4877172780,69.8553340603,79.6895797351,173.5836445103,38.5552684159,30.6406372610,0.7902000000
loo,XOM,2026-09-08,1530,essvi_g05,ok,,6,16,2026-10-23,0.1232876712,160.8577568619,8,0.0191780822,0.0767123288,40.3996375937,70.0456043248,91.9665251891,216.0215582072,2.9558660382,-21.7489375202,2.1868000000
loo,XOM,2026-09-08,1530,essvi_gfree,ok,,6,16,2026-10-23,0.1232876712,160.8577568619,8,0.0191780822,0.0767123288,38.3096884189,66.0672031287,89.4367696816,210.0329366336,5.8963041808,-16.6780548353,2.6479000000
loo,XOM,2026-09-08,1530,essvi_sg05,ok,,6,16,2026-10-23,0.1232876712,160.8577568619,8,0.0191780822,0.0767123288,44.5667688120,71.5519701133,107.3968567400,269.1576886766,56.1839823824,30.7196493748,0.4695000000
loo,XOM,2026-09-08,1530,svi,ok,,7,16,2026-11-20,0.2000000000,160.1249658380,14,0.0767123288,0.0767123288,19.3512010418,38.7173193639,92.5895730639,184.9543693954,-86.0893110724,-101.2889839843,89.6977000000
loo,XOM,2026-09-08,1530,ssvi,ok,,7,16,2026-11-20,0.2000000000,160.1249658380,14,0.0767123288,0.0767123288,45.3079208847,105.1512872382,57.2584425753,88.5321714604,-45.4490636852,-85.1635722706,0.8137000000
loo,XOM,2026-09-08,1530,essvi,ok,,7,16,2026-11-20,0.2000000000,160.1249658380,14,0.0767123288,0.0767123288,25.9919029032,50.0235516410,64.0672487124,97.5153888046,-58.2574085148,-85.4280415256,0.6366000000
loo,XOM,2026-09-08,1530,essvi_g05,ok,,7,16,2026-11-20,0.2000000000,160.1249658380,14,0.0767123288,0.0767123288,31.1584609732,62.8311625276,82.2417114099,127.1952313879,-60.6533860918,-127.1952313879,2.6367000000
loo,XOM,2026-09-08,1530,essvi_gfree,ok,,7,16,2026-11-20,0.2000000000,160.1249658380,14,0.0767123288,0.0767123288,30.6647261010,62.0652120543,82.3696274593,127.0431972469,-62.2684947142,-127.0431972469,2.8787000000
loo,XOM,2026-09-08,1530,essvi_sg05,ok,,7,16,2026-11-20,0.2000000000,160.1249658380,14,0.0767123288,0.0767123288,66.3350800727,112.3886824480,60.3479949010,112.2608751991,-16.3378014927,-84.6674995953,0.3524000000
loo,XOM,2026-09-08,1530,svi,ok,,8,16,2026-12-18,0.2767123288,160.4380596672,15,0.0767123288,0.0767123288,20.9450510893,43.5048409988,45.8877297993,91.8648917950,11.8946942001,-27.7808867110,96.3310000000
loo,XOM,2026-09-08,1530,ssvi,ok,,8,16,2026-12-18,0.2767123288,160.4380596672,15,0.0767123288,0.0767123288,68.3223766242,134.8463538191,71.0847650672,142.8393045816,37.0185424436,-1.7362383072,0.8081000000
loo,XOM,2026-09-08,1530,essvi,ok,,8,16,2026-12-18,0.2767123288,160.4380596672,15,0.0767123288,0.0767123288,43.4586236931,64.9949019767,58.5068467188,106.4753244815,24.1723935878,-2.2059034656,0.5491000000
loo,XOM,2026-09-08,1530,essvi_g05,ok,,8,16,2026-12-18,0.2767123288,160.4380596672,15,0.0767123288,0.0767123288,31.5664922709,62.2587109380,43.0994204105,93.2162787161,14.0127672572,-41.8620912404,2.4227000000
loo,XOM,2026-09-08,1530,essvi_gfree,ok,,8,16,2026-12-18,0.2767123288,160.4380596672,15,0.0767123288,0.0767123288,31.8946686168,63.3509038892,43.0637665782,93.6543281035,13.7670668953,-43.4647436521,2.5198000000
loo,XOM,2026-09-08,1530,essvi_sg05,ok,,8,16,2026-12-18,0.2767123288,160.4380596672,15,0.0767123288,0.0767123288,68.3899054403,120.9290714426,69.8729709043,133.0104516905,58.4668286256,-2.4709075384,0.3376000000
loo,XOM,2026-09-08,1530,svi,ok,,9,16,2027-01-15,0.3534246575,160.9198345650,17,0.0767123288,0.1726027397,18.0003653842,34.5224686064,32.5727297712,106.0805037093,7.1368327003,-9.0679638989,85.5625000000
loo,XOM,2026-09-08,1530,ssvi,ok,,9,16,2027-01-15,0.3534246575,160.9198345650,17,0.0767123288,0.1726027397,33.0824002158,53.4354733291,45.5219218483,74.8035463238,36.6930879180,8.5070810921,0.8037000000
loo,XOM,2026-09-08,1530,essvi,ok,,9,16,2027-01-15,0.3534246575,160.9198345650,17,0.0767123288,0.1726027397,28.8534511033,54.3984501138,43.2896942453,81.9223053478,22.0916001448,7.1541561362,0.5582000000
loo,XOM,2026-09-08,1530,essvi_g05,ok,,9,16,2027-01-15,0.3534246575,160.9198345650,17,0.0767123288,0.1726027397,21.0549284806,36.3817897242,30.3580627270,58.5046513541,14.9549368141,-18.5121946893,2.4032000000
loo,XOM,2026-09-08,1530,essvi_gfree,ok,,9,16,2027-01-15,0.3534246575,160.9198345650,17,0.0767123288,0.1726027397,21.0574219734,39.1027295583,29.8850659941,56.2716528627,14.8529282690,-21.7516064998,2.5382000000
loo,XOM,2026-09-08,1530,essvi_sg05,ok,,9,16,2027-01-15,0.3534246575,160.9198345650,17,0.0767123288,0.1726027397,38.4959484539,62.2161984783,51.1020261048,80.5996166630,46.1548981257,7.7580012028,0.3523000000
loo,XOM,2026-09-08,1530,svi,ok,,10,16,2027-03-19,0.5260273973,161.5457239875,20,0.1726027397,0.0767123288,21.1355644593,43.3891259764,66.9035723435,145.9890129508,-58.5258323349,-68.4183278080,108.0160000000
loo,XOM,2026-09-08,1530,ssvi,ok,,10,16,2027-03-19,0.5260273973,161.5457239875,20,0.1726027397,0.0767123288,36.3504067714,66.4153194694,68.1156577549,120.4901083781,-57.1990015238,-63.1820248714,0.8820000000
loo,XOM,2026-09-08,1530,essvi,ok,,10,16,2027-03-19,0.5260273973,161.5457239875,20,0.1726027397,0.0767123288,26.5422036001,56.4141292733,68.1896598121,123.9875961557,-58.1957126779,-62.8035949015,0.5490000000
loo,XOM,2026-09-08,1530,essvi_g05,ok,,10,16,2027-03-19,0.5260273973,161.5457239875,20,0.1726027397,0.0767123288,30.5977426657,75.6717439195,68.9713491016,119.9473223484,-60.2696794048,-69.5173837485,2.6345000000
loo,XOM,2026-09-08,1530,essvi_gfree,ok,,10,16,2027-03-19,0.5260273973,161.5457239875,20,0.1726027397,0.0767123288,28.5755971663,69.7442137385,66.8446410238,110.9601252616,-58.5601188425,-72.5594930283,2.4617000000
loo,XOM,2026-09-08,1530,essvi_sg05,ok,,10,16,2027-03-19,0.5260273973,161.5457239875,20,0.1726027397,0.0767123288,30.2459368029,78.9175849449,58.5288687465,99.4337440408,-48.6385286694,-62.9523524869,0.3389000000
loo,XOM,2026-09-08,1530,svi,ok,,11,16,2027-04-16,0.6027397260,162.5076318212,16,0.0767123288,0.1698630137,17.1888722924,32.1573646809,48.5540420238,75.8928318854,44.9200350372,62.5420855206,94.9847000000
loo,XOM,2026-09-08,1530,ssvi,ok,,11,16,2027-04-16,0.6027397260,162.5076318212,16,0.0767123288,0.1698630137,22.2137680077,50.1237454147,47.2054337385,91.3216240855,41.2576250968,70.9803407850,0.8017000000
loo,XOM,2026-09-08,1530,essvi,ok,,11,16,2027-04-16,0.6027397260,162.5076318212,16,0.0767123288,0.1698630137,21.2441584326,45.0527741764,51.7092469805,90.1157595043,46.6741893996,70.3980984106,0.5559000000
loo,XOM,2026-09-08,1530,essvi_g05,ok,,11,16,2027-04-16,0.6027397260,162.5076318212,16,0.0767123288,0.1698630137,21.3014238512,43.7547960435,54.1718022181,97.4549893768,49.5947454461,79.6902165726,2.7719000000
loo,XOM,2026-09-08,1530,essvi_gfree,ok,,11,16,2027-04-16,0.6027397260,162.5076318212,16,0.0767123288,0.1698630137,21.7127642914,42.4510950083,53.5109397053,93.3484937170,48.8771505617,74.8416068596,2.5521000000
loo,XOM,2026-09-08,1530,essvi_sg05,ok,,11,16,2027-04-16,0.6027397260,162.5076318212,16,0.0767123288,0.1698630137,22.0342096455,48.2012869089,48.3511853924,88.8751668665,43.1668414592,70.3165625783,0.3514000000
loo,XOM,2026-09-08,1530,svi,ok,,12,16,2027-06-17,0.7726027397,162.5206176676,17,0.1698630137,0.2520547945,14.2538456206,34.2352299814,33.1129141009,50.8898158295,-28.0316605828,-14.1309831842,95.7336000000
loo,XOM,2026-09-08,1530,ssvi,ok,,12,16,2027-06-17,0.7726027397,162.5206176676,17,0.1698630137,0.2520547945,18.1582025591,30.2561343442,35.4457283080,53.0094476296,-30.0443030220,-8.6392113786,0.7974000000
loo,XOM,2026-09-08,1530,essvi,ok,,12,16,2027-06-17,0.7726027397,162.5206176676,17,0.1698630137,0.2520547945,15.9285018939,34.3366511870,36.5113299274,55.5794222244,-31.0344943159,-8.7173708908,0.5601000000
loo,XOM,2026-09-08,1530,essvi_g05,ok,,12,16,2027-06-17,0.7726027397,162.5206176676,17,0.1698630137,0.2520547945,15.4081504210,34.9034806943,35.0744343371,56.5103173728,-29.3427504876,-2.9727560986,2.7121000000
loo,XOM,2026-09-08,1530,essvi_gfree,ok,,12,16,2027-06-17,0.7726027397,162.5206176676,17,0.1698630137,0.2520547945,16.2750329469,39.1049299225,34.4051046000,51.1350663441,-29.2203211845,-7.5094607000,2.4999000000
loo,XOM,2026-09-08,1530,essvi_sg05,ok,,12,16,2027-06-17,0.7726027397,162.5206176676,17,0.1698630137,0.2520547945,15.9691878299,35.7481252973,37.1691637139,56.1997052884,-32.3674680825,-8.5535547845,0.3453000000
loo,XOM,2026-09-08,1530,svi,ok,,13,16,2027-09-17,1.0246575342,163.6216436454,20,0.2520547945,0.2493150685,13.8952973394,31.1888194227,24.7112167824,54.4200078324,12.0425962715,5.8787191345,99.5866000000
loo,XOM,2026-09-08,1530,ssvi,ok,,13,16,2027-09-17,1.0246575342,163.6216436454,20,0.2520547945,0.2493150685,19.3032174574,42.0962548646,23.3118357230,51.6530578914,13.1076092093,12.7905166941,1.2417000000
loo,XOM,2026-09-08,1530,essvi,ok,,13,16,2027-09-17,1.0246575342,163.6216436454,20,0.2520547945,0.2493150685,17.2063124296,39.2777941813,22.6068481153,48.7140603448,13.6548523464,12.9593327016,0.9518000000
loo,XOM,2026-09-08,1530,essvi_g05,ok,,13,16,2027-09-17,1.0246575342,163.6216436454,20,0.2520547945,0.2493150685,20.5599895348,56.5187460493,27.2368437597,51.4551283175,16.6678599672,26.0304707386,4.4679000000
loo,XOM,2026-09-08,1530,essvi_gfree,ok,,13,16,2027-09-17,1.0246575342,163.6216436454,20,0.2520547945,0.2493150685,18.2932971688,48.9940621340,25.5510533194,52.3350157875,16.5944829449,20.8462545160,4.3914000000
loo,XOM,2026-09-08,1530,essvi_sg05,ok,,13,16,2027-09-17,1.0246575342,163.6216436454,20,0.2520547945,0.2493150685,22.1452148964,62.6963843333,21.3619581306,49.6057214568,4.9191457518,12.9792552953,0.7080000000
loo,XOM,2026-09-08,1530,svi,ok,,14,16,2027-12-17,1.2739726027,164.9428990988,22,0.2493150685,0.0958904110,13.9305295170,31.9880093653,33.2591933723,85.7851420343,-24.2559048593,-22.7744168974,104.7316000000
loo,XOM,2026-09-08,1530,ssvi,ok,,14,16,2027-12-17,1.2739726027,164.9428990988,22,0.2493150685,0.0958904110,18.3859138137,48.5861434327,26.2032568511,65.0135497663,-15.8708374616,-8.2402742767,0.7921000000
loo,XOM,2026-09-08,1530,essvi,ok,,14,16,2027-12-17,1.2739726027,164.9428990988,22,0.2493150685,0.0958904110,15.7206929764,36.6029100020,28.1026168613,71.8222361323,-16.9775026647,-8.2129284259,0.5607000000
loo,XOM,2026-09-08,1530,essvi_g05,ok,,14,16,2027-12-17,1.2739726027,164.9428990988,22,0.2493150685,0.0958904110,23.8974332298,51.4515248943,37.9755713464,105.1822998917,-24.8704687844,-6.9055388320,2.6331000000
loo,XOM,2026-09-08,1530,essvi_gfree,ok,,14,16,2027-12-17,1.2739726027,164.9428990988,22,0.2493150685,0.0958904110,19.2703826934,37.7555837591,35.4510339979,91.7172868755,-25.0701564013,-12.0773345997,2.5560000000
loo,XOM,2026-09-08,1530,essvi_sg05,ok,,14,16,2027-12-17,1.2739726027,164.9428990988,22,0.2493150685,0.0958904110,26.4353953194,60.9561481081,37.9265684110,103.4012517864,-25.5842684226,-8.1965040080,0.3373000000
loo,XOM,2026-09-09,1530,svi,ok,,1,16,2026-09-18,0.0246575342,164.7306825184,12,0.0191780822,0.0191780822,18.7041617015,41.8810436218,50.7197009287,84.5381571507,-38.0781694076,-63.5873498368,172.0923000000
loo,XOM,2026-09-09,1530,ssvi,ok,,1,16,2026-09-18,0.0246575342,164.7306825184,12,0.0191780822,0.0191780822,110.8703968534,270.5266061436,147.2619937147,329.9464842492,-108.6749719362,-59.7171238480,1.0913000000
loo,XOM,2026-09-09,1530,essvi,ok,,1,16,2026-09-18,0.0246575342,164.7306825184,12,0.0191780822,0.0191780822,26.9943310670,50.3330454615,43.5998883916,90.2335717181,-37.3177848570,-57.1842200025,0.9439000000
loo,XOM,2026-09-09,1530,essvi_g05,ok,,1,16,2026-09-18,0.0246575342,164.7306825184,12,0.0191780822,0.0191780822,24.5871936011,62.2432372911,59.9915839460,108.4928549146,-42.0201588927,-62.5899611792,3.2625000000
loo,XOM,2026-09-09,1530,essvi_gfree,ok,,1,16,2026-09-18,0.0246575342,164.7306825184,12,0.0191780822,0.0191780822,29.2968563912,71.2485229880,55.4168445172,118.1456018695,-33.5052619055,-76.5839629164,3.1751000000
loo,XOM,2026-09-09,1530,essvi_sg05,ok,,1,16,2026-09-18,0.0246575342,164.7306825184,12,0.0191780822,0.0191780822,36.6792044160,58.9273745187,66.1686083914,132.9590254847,-43.0818062860,-55.5876024203,0.3665000000
loo,XOM,2026-09-09,1530,svi,ok,,2,16,2026-09-25,0.0438356164,164.8452827351,11,0.0191780822,0.0191780822,10.5069418806,19.9534347145,33.7388205645,50.5345960479,30.2869763328,35.1944539656,208.7592000000
loo,XOM,2026-09-09,1530,ssvi,ok,,2,16,2026-09-25,0.0438356164,164.8452827351,11,0.0191780822,0.0191780822,35.2566885171,61.8876112526,65.2614979252,115.5865968783,54.7641298820,55.5290646496,0.8559000000
loo,XOM,2026-09-09,1530,essvi,ok,,2,16,2026-09-25,0.0438356164,164.8452827351,11,0.0191780822,0.0191780822,15.8674093909,39.2214773362,48.0072931029,81.4321590192,37.8030318382,56.1669408440,0.5963000000
loo,XOM,2026-09-09,1530,essvi_g05,ok,,2,16,2026-09-25,0.0438356164,164.8452827351,11,0.0191780822,0.0191780822,17.3967464664,29.7405986544,35.0384161603,59.2603498591,31.2269371489,10.6561674691,2.6081000000
loo,XOM,2026-09-09,1530,essvi_gfree,ok,,2,16,2026-09-25,0.0438356164,164.8452827351,11,0.0191780822,0.0191780822,19.9962693507,35.8342183061,36.6734448643,59.0338630017,31.3744517800,4.7475156191,3.6188000000
loo,XOM,2026-09-09,1530,essvi_sg05,ok,,2,16,2026-09-25,0.0438356164,164.8452827351,11,0.0191780822,0.0191780822,24.9097010814,50.5977579594,72.6402536268,97.6762860950,71.1152125131,56.5919423179,0.3850000000
loo,XOM,2026-09-09,1530,svi,ok,,3,16,2026-10-02,0.0630136986,164.9260378040,10,0.0191780822,0.0191780822,20.5336701101,33.8810054158,34.7742655710,61.6766587433,-18.6030153506,-45.6780347815,191.1212000000
loo,XOM,2026-09-09,1530,ssvi,ok,,3,16,2026-10-02,0.0630136986,164.9260378040,10,0.0191780822,0.0191780822,49.5136371548,98.6727883755,37.9829442880,68.5917621545,1.6472529551,-31.4526434518,0.8805000000
loo,XOM,2026-09-09,1530,essvi,ok,,3,16,2026-10-02,0.0630136986,164.9260378040,10,0.0191780822,0.0191780822,39.6270328492,72.7267840681,37.9173664127,70.9303785212,-11.4445818061,-31.4462983030,0.6147000000
loo,XOM,2026-09-09,1530,essvi_g05,ok,,3,16,2026-10-02,0.0630136986,164.9260378040,10,0.0191780822,0.0191780822,40.1992942317,60.7052703261,49.0622851639,85.6903455582,-27.7701431524,-76.3160967306,2.1251000000
loo,XOM,2026-09-09,1530,essvi_gfree,ok,,3,16,2026-10-02,0.0630136986,164.9260378040,10,0.0191780822,0.0191780822,41.4066295583,62.2102461312,50.7113823504,88.0968133838,-28.5261932121,-79.7243400532,5.5456000000
loo,XOM,2026-09-09,1530,essvi_sg05,ok,,3,16,2026-10-02,0.0630136986,164.9260378040,10,0.0191780822,0.0191780822,59.7378032238,108.8478732957,43.1971795975,86.7658711168,12.3402464872,-31.3997636528,0.3759000000
loo,XOM,2026-09-09,1530,svi,ok,,4,16,2026-10-09,0.0821917808,165.1357740510,14,0.0191780822,0.0191780822,17.8962667876,24.7950119725,69.5407689106,152.9758156172,55.6726762677,9.6531006203,208.7061000000
loo,XOM,2026-09-09,1530,ssvi,ok,,4,16,2026-10-09,0.0821917808,165.1357740510,14,0.0191780822,0.0191780822,48.8286772216,88.4971645596,66.9544547067,109.9590614462,59.8087904220,21.5169611186,0.8435000000
loo,XOM,2026-09-09,1530,essvi,ok,,4,16,2026-10-09,0.0821917808,165.1357740510,14,0.0191780822,0.0191780822,24.2470542914,49.7845681314,54.9886500266,84.2539788540,49.3923857899,21.4026754660,0.5521000000
loo,XOM,2026-09-09,1530,essvi_g05,ok,,4,16,2026-10-09,0.0821917808,165.1357740510,14,0.0191780822,0.0191780822,40.2584353515,71.1026546760,58.6637287511,115.3607669942,42.8394068557,-11.7763221323,2.0502000000
loo,XOM,2026-09-09,1530,essvi_gfree,ok,,4,16,2026-10-09,0.0821917808,165.1357740510,14,0.0191780822,0.0191780822,41.8358987562,74.5402460484,59.8903991566,117.5769146101,42.6489773614,-15.1073308374,2.6421000000
loo,XOM,2026-09-09,1530,essvi_sg05,ok,,4,16,2026-10-09,0.0821917808,165.1357740510,14,0.0191780822,0.0191780822,149.6197015445,323.7491058159,80.0673984403,145.8363359374,70.4568975017,21.2339024529,0.3572000000
loo,XOM,2026-09-09,1530,svi,ok,,5,16,2026-10-16,0.1013698630,165.2357539225,10,0.0191780822,0.0191780822,12.2082766685,28.8253843089,56.3708120067,113.2352334514,-24.4963510349,-26.7519635110,169.5779000000
loo,XOM,2026-09-09,1530,ssvi,ok,,5,16,2026-10-16,0.1013698630,165.2357539225,10,0.0191780822,0.0191780822,52.0651722688,121.7376194987,63.9885396512,144.0993794331,-41.7758224658,-20.2536820988,0.9003000000
loo,XOM,2026-09-09,1530,essvi,ok,,5,16,2026-10-16,0.1013698630,165.2357539225,10,0.0191780822,0.0191780822,14.9084556425,40.4812853576,93.9566733269,197.4755214580,-44.1167125671,-19.2747628277,0.5435000000
loo,XOM,2026-09-09,1530,essvi_g05,ok,,5,16,2026-10-16,0.1013698630,165.2357539225,10,0.0191780822,0.0191780822,17.5595701711,36.6622796819,31.4953206536,46.8263633000,-18.3117912881,-35.1696904765,1.9808000000
loo,XOM,2026-09-09,1530,essvi_gfree,ok,,5,16,2026-10-16,0.1013698630,165.2357539225,10,0.0191780822,0.0191780822,18.9716888032,36.5640562712,30.4529131714,47.4961625706,-16.3832431603,-36.6471939634,2.8832000000
loo,XOM,2026-09-09,1530,essvi_sg05,ok,,5,16,2026-10-16,0.1013698630,165.2357539225,10,0.0191780822,0.0191780822,80.3835899481,143.8335339866,97.5391199846,190.5968714422,36.7908357143,-23.2918755877,0.3405000000
loo,XOM,2026-09-09,1530,svi,ok,,6,16,2026-10-23,0.1205479452,165.5174995522,9,0.0191780822,0.0767123288,17.8948399626,37.8053520386,42.1822064036,72.1337967163,24.8409769140,45.4899461238,176.8540000000
loo,XOM,2026-09-09,1530,ssvi,ok,,6,16,2026-10-23,0.1205479452,165.5174995522,9,0.0191780822,0.0767123288,41.0789850362,88.9887806272,50.6610424349,83.4217518414,38.9064885701,60.8401184199,0.8522000000
loo,XOM,2026-09-09,1530,essvi,ok,,6,16,2026-10-23,0.1205479452,165.5174995522,9,0.0191780822,0.0767123288,18.1881790224,40.9282165886,52.7941921536,88.9171778945,36.8824489687,60.3398487669,0.5754000000
loo,XOM,2026-09-09,1530,essvi_g05,ok,,6,16,2026-10-23,0.1205479452,165.5174995522,9,0.0191780822,0.0767123288,22.8942824250,37.1074025057,34.8308220598,58.1510532307,13.7961214105,29.3759402764,2.2423000000
loo,XOM,2026-09-09,1530,essvi_gfree,ok,,6,16,2026-10-23,0.1205479452,165.5174995522,9,0.0191780822,0.0767123288,22.4193172435,36.0453468475,33.9322994230,56.4100599761,12.8419567844,27.6698019541,2.9391000000
loo,XOM,2026-09-09,1530,essvi_sg05,ok,,6,16,2026-10-23,0.1205479452,165.5174995522,9,0.0191780822,0.0767123288,18.2268281019,41.4519742771,61.7660678004,97.7238747852,52.6762122320,60.2303568737,0.3608000000
loo,XOM,2026-09-09,1530,svi,ok,,7,16,2026-11-20,0.1972602740,165.1410505021,15,0.0767123288,0.0767123288,20.5418714456,41.4094841087,56.5902812155,113.3105314309,-39.9592587171,-113.3105314309,159.2442000000
loo,XOM,2026-09-09,1530,ssvi,ok,,7,16,2026-11-20,0.1972602740,165.1410505021,15,0.0767123288,0.0767123288,35.2962255432,66.2562249216,76.0020109556,109.6924758558,-72.1925376202,-101.4403992373,0.8206000000
loo,XOM,2026-09-09,1530,essvi,ok,,7,16,2026-11-20,0.1972602740,165.1410505021,15,0.0767123288,0.0767123288,31.3932910349,49.2621402696,50.1217099401,101.6082858560,-41.5145696271,-101.6082858560,0.5360000000
loo,XOM,2026-09-09,1530,essvi_g05,ok,,7,16,2026-11-20,0.1972602740,165.1410505021,15,0.0767123288,0.0767123288,25.1701051670,53.6982381433,64.9539277709,112.9009543398,-60.0170389761,-112.9009543398,1.9528000000
loo,XOM,2026-09-09,1530,essvi_gfree,ok,,7,16,2026-11-20,0.1972602740,165.1410505021,15,0.0767123288,0.0767123288,25.1377010165,53.5914960000,64.2239676564,112.1818588616,-59.2189237587,-112.1818588616,2.8189000000
loo,XOM,2026-09-09,1530,essvi_sg05,ok,,7,16,2026-11-20,0.1972602740,165.1410505021,15,0.0767123288,0.0767123288,51.4340100423,78.7604348965,48.1251181795,101.6363096064,-37.3826245474,-101.6363096064,0.3393000000
loo,XOM,2026-09-09,1530,svi,ok,,8,16,2026-12-18,0.2739726027,165.2816504638,18,0.0767123288,0.0767123288,15.5523002251,43.4031925699,16.7041417821,41.8933920248,5.6069179923,-8.0177341966,199.1330000000
loo,XOM,2026-09-09,1530,ssvi,ok,,8,16,2026-12-18,0.2739726027,165.2816504638,18,0.0767123288,0.0767123288,32.2217555871,79.3657580529,34.1249922285,79.1783487961,3.7672740293,10.3567124351,1.2844000000
loo,XOM,2026-09-09,1530,essvi,ok,,8,16,2026-12-18,0.2739726027,165.2816504638,18,0.0767123288,0.0767123288,27.1016972723,58.2568051948,34.1799864842,94.0997205866,2.5844760355,10.1727194600,0.9795000000
loo,XOM,2026-09-09,1530,essvi_g05,ok,,8,16,2026-12-18,0.2739726027,165.2816504638,18,0.0767123288,0.0767123288,22.6353476005,52.9839328270,23.1966779903,58.5923581418,0.4614052157,-15.5449993967,3.7566000000
loo,XOM,2026-09-09,1530,essvi_gfree,ok,,8,16,2026-12-18,0.2739726027,165.2816504638,18,0.0767123288,0.0767123288,22.8459819130,54.9893411379,23.6412331128,62.4618364609,0.1065996367,-14.1329217691,4.8311000000
loo,XOM,2026-09-09,1530,essvi_sg05,ok,,8,16,2026-12-18,0.2739726027,165.2816504638,18,0.0767123288,0.0767123288,27.4794240513,50.3000121051,32.1679271173,56.2021006534,20.5833382847,10.1499966979,0.6354000000
loo,XOM,2026-09-09,1530,svi,ok,,9,16,2027-01-15,0.3506849315,165.8251878267,17,0.0767123288,0.1726027397,11.7499787924,23.9588846548,15.4858093969,38.2933438511,9.1573438583,5.4378179378,199.2322000000
loo,XOM,2026-09-09,1530,ssvi,ok,,9,16,2027-01-15,0.3506849315,165.8251878267,17,0.0767123288,0.1726027397,24.2232155313,46.1133161383,25.8229197097,57.7800019563,11.5739744604,19.6747316426,0.8313000000
loo,XOM,2026-09-09,1530,essvi,ok,,9,16,2027-01-15,0.3506849315,165.8251878267,17,0.0767123288,0.1726027397,16.4501317680,44.6524387554,25.7715515930,57.4093599212,19.3456563613,19.5143089211,0.5859000000
loo,XOM,2026-09-09,1530,essvi_g05,ok,,9,16,2027-01-15,0.3506849315,165.8251878267,17,0.0767123288,0.1726027397,16.7792733502,35.8565762416,19.9581892649,49.2094034950,11.1331079218,4.5604596293,2.2331000000
loo,XOM,2026-09-09,1530,essvi_gfree,ok,,9,16,2027-01-15,0.3506849315,165.8251878267,17,0.0767123288,0.1726027397,16.3803734844,37.1757295832,19.9030367674,49.2105360204,11.2067665794,6.6620602156,2.8482000000
loo,XOM,2026-09-09,1530,essvi_sg05,ok,,9,16,2027-01-15,0.3506849315,165.8251878267,17,0.0767123288,0.1726027397,17.2310439246,40.6137442655,26.7109136870,58.3252782656,20.9537840760,19.4988869200,0.3622000000
loo,XOM,2026-09-09,1530,svi,ok,,10,16,2027-03-19,0.5232876712,166.0393430686,19,0.1726027397,0.0767123288,13.8497761166,32.3567055844,23.4985639958,54.4984630003,-9.1708072893,0.0518241668,188.3701000000
loo,XOM,2026-09-09,1530,ssvi,ok,,10,16,2027-03-19,0.5232876712,166.0393430686,19,0.1726027397,0.0767123288,16.4296714228,36.0774448490,18.0605682037,33.2023290514,-7.1467378236,-1.2235698873,0.8273000000
loo,XOM,2026-09-09,1530,essvi,ok,,10,16,2027-03-19,0.5232876712,166.0393430686,19,0.1726027397,0.0767123288,15.7652083858,36.3294308607,17.1890700517,35.2561464454,-5.0687542975,-1.4608097553,0.5800000000
loo,XOM,2026-09-09,1530,essvi_g05,ok,,10,16,2027-03-19,0.5232876712,166.0393430686,19,0.1726027397,0.0767123288,14.3335564678,31.2268328613,17.0022738289,36.7712682978,-7.5109497052,-7.4680594893,1.9269000000
loo,XOM,2026-09-09,1530,essvi_gfree,ok,,10,16,2027-03-19,0.5232876712,166.0393430686,19,0.1726027397,0.0767123288,14.9663943614,31.3641195653,17.8067315495,36.0164910161,-7.8741542529,-4.6367678677,3.0022000000
loo,XOM,2026-09-09,1530,essvi_sg05,ok,,10,16,2027-03-19,0.5232876712,166.0393430686,19,0.1726027397,0.0767123288,15.8222098511,36.1717210385,17.0786625377,34.3206208310,-5.3034832233,-1.4163589568,0.3539000000
loo,XOM,2026-09-09,1530,svi,ok,,11,16,2027-04-16,0.6000000000,166.2082756832,19,0.0767123288,0.1698630137,14.9335521264,45.7421232008,23.7710181602,77.1260039475,10.9370762829,11.1657723558,166.7751000000
loo,XOM,2026-09-09,1530,ssvi,ok,,11,16,2027-04-16,0.6000000000,166.2082756832,19,0.0767123288,0.1698630137,22.9623726592,70.6193764090,30.2078279290,89.2197465259,19.5849659335,26.1092825230,0.8155000000
loo,XOM,2026-09-09,1530,essvi,ok,,11,16,2027-04-16,0.6000000000,166.2082756832,19,0.0767123288,0.1698630137,22.8494786909,70.9544846481,30.1104999335,93.0490998283,16.7537732515,26.5229852545,0.5786000000
loo,XOM,2026-09-09,1530,essvi_g05,ok,,11,16,2027-04-16,0.6000000000,166.2082756832,19,0.0767123288,0.1698630137,22.4990813243,67.8067646881,26.0219370579,84.3263535742,8.7193825023,10.0447273572,1.9279000000
loo,XOM,2026-09-09,1530,essvi_gfree,ok,,11,16,2027-04-16,0.6000000000,166.2082756832,19,0.0767123288,0.1698630137,22.7342740211,68.8150237600,25.8934468811,84.4860379576,8.7560120274,13.2207651433,2.8485000000
loo,XOM,2026-09-09,1530,essvi_sg05,ok,,11,16,2027-04-16,0.6000000000,166.2082756832,19,0.0767123288,0.1698630137,22.9050499743,70.4982120423,32.4519719372,97.2640581458,21.3346844700,26.5275424179,0.3575000000
loo,XOM,2026-09-09,1530,svi,ok,,12,16,2027-06-17,0.7698630137,166.9026743413,20,0.1698630137,0.2520547945,27.2642992002,51.5701039625,52.8696669148,97.2555714180,-34.7299581412,-54.0214951871,196.2743000000
loo,XOM,2026-09-09,1530,ssvi,ok,,12,16,2027-06-17,0.7698630137,166.9026743413,20,0.1698630137,0.2520547945,50.5548569065,91.8612671173,51.2082717032,116.6384520258,-25.8870724322,-52.3225698236,0.8408000000
loo,XOM,2026-09-09,1530,essvi,ok,,12,16,2027-06-17,0.7698630137,166.9026743413,20,0.1698630137,0.2520547945,34.9642038270,71.5576376337,53.4922493260,129.2358400005,-29.5715720669,-52.3992634405,0.7710000000
loo,XOM,2026-09-09,1530,essvi_g05,ok,,12,16,2027-06-17,0.7698630137,166.9026743413,20,0.1698630137,0.2520547945,29.9850153133,56.8850268959,55.3927237118,128.0271396245,-32.3599461748,-57.5028924120,2.3197000000
loo,XOM,2026-09-09,1530,essvi_gfree,ok,,12,16,2027-06-17,0.7698630137,166.9026743413,20,0.1698630137,0.2520547945,29.7972327778,54.2596833309,54.8888497129,133.2383870463,-32.6059489254,-54.4594787978,2.9779000000
loo,XOM,2026-09-09,1530,essvi_sg05,ok,,12,16,2027-06-17,0.7698630137,166.9026743413,20,0.1698630137,0.2520547945,39.5621493281,72.8316549256,53.3506141957,127.8081382509,-28.9092046426,-52.4136169628,0.5639000000
loo,XOM,2026-09-09,1530,svi,ok,,13,16,2027-09-17,1.0219178082,167.3032542857,21,0.2520547945,0.2493150685,15.6352698693,50.5319321894,33.7609546633,86.3062953719,22.1963778036,33.2460978842,173.0311000000
loo,XOM,2026-09-09,1530,ssvi,ok,,13,16,2027-09-17,1.0219178082,167.3032542857,21,0.2520547945,0.2493150685,18.2106624345,66.0988051645,39.0660415142,95.8437935818,34.9046391734,41.7051394666,1.2475000000
loo,XOM,2026-09-09,1530,essvi,ok,,13,16,2027-09-17,1.0219178082,167.3032542857,21,0.2520547945,0.2493150685,16.7863525701,59.0011735801,38.9012166692,101.9670792569,26.5051504195,42.9720004995,0.9636000000
loo,XOM,2026-09-09,1530,essvi_g05,ok,,13,16,2027-09-17,1.0219178082,167.3032542857,21,0.2520547945,0.2493150685,16.2963902723,55.8082936542,33.7519771627,94.4819656431,21.7480820649,32.2254961614,3.6273000000
loo,XOM,2026-09-09,1530,essvi_gfree,ok,,13,16,2027-09-17,1.0219178082,167.3032542857,21,0.2520547945,0.2493150685,16.8265530492,56.4078900704,33.9651302082,94.8250328320,21.7731471062,35.8190799873,4.7244000000
loo,XOM,2026-09-09,1530,essvi_sg05,ok,,13,16,2027-09-17,1.0219178082,167.3032542857,21,0.2520547945,0.2493150685,16.8526593955,58.2042188853,39.5967131213,102.9604388415,29.4570168197,42.8539018843,0.6176000000
loo,XOM,2026-09-09,1530,svi,ok,,14,16,2027-12-17,1.2712328767,168.4471666653,22,0.2493150685,0.0958904110,11.3776172846,26.5934861076,23.8200706956,64.9056061429,8.2770539830,0.3390838736,190.8772000000
loo,XOM,2026-09-09,1530,ssvi,ok,,14,16,2027-12-17,1.2712328767,168.4471666653,22,0.2493150685,0.0958904110,13.0563465378,38.3835052175,16.0504223368,46.5419964988,8.6834440871,3.6275476074,0.8031000000
loo,XOM,2026-09-09,1530,essvi,ok,,14,16,2027-12-17,1.2712328767,168.4471666653,22,0.2493150685,0.0958904110,11.3967160770,26.8691549133,18.8735449780,54.1302667121,9.5642354042,3.8398988825,0.5892000000
loo,XOM,2026-09-09,1530,essvi_g05,ok,,14,16,2027-12-17,1.2712328767,168.4471666653,22,0.2493150685,0.0958904110,11.4338479456,26.2485984578,18.8992898230,51.1937892172,10.1812409957,10.5770721157,2.1639000000
loo,XOM,2026-09-09,1530,essvi_gfree,ok,,14,16,2027-12-17,1.2712328767,168.4471666653,22,0.2493150685,0.0958904110,12.1499368068,25.7741728052,19.9672535847,49.4288997728,10.9938699332,15.1945724784,2.8208000000
loo,XOM,2026-09-09,1530,essvi_sg05,ok,,14,16,2027-12-17,1.2712328767,168.4471666653,22,0.2493150685,0.0958904110,12.4172018351,29.1330070085,16.4269396958,39.2058614593,0.3787741336,3.8624488178,0.3560000000
loo,XOM,2026-09-10,1530,svi,ok,,1,15,2026-09-25,0.0410958904,165.9863909104,9,0.0191780822,0.0191780822,6.2887580935,14.5927381522,64.5136079609,94.4863602190,55.1511645421,64.7525487433,158.0067000000
loo,XOM,2026-09-10,1530,ssvi,ok,,1,15,2026-09-25,0.0410958904,165.9863909104,9,0.0191780822,0.0191780822,46.5891766422,129.3211443261,83.0133219568,100.6535397426,72.7561479590,100.6535397426,0.9102000000
loo,XOM,2026-09-10,1530,essvi,ok,,1,15,2026-09-25,0.0410958904,165.9863909104,9,0.0191780822,0.0191780822,20.8651057331,35.9401637993,88.4104283527,138.4559213211,74.0792740906,107.5632549957,1.3891000000
loo,XOM,2026-09-10,1530,essvi_g05,ok,,1,15,2026-09-25,0.0410958904,165.9863909104,9,0.0191780822,0.0191780822,19.8482540616,27.8476166235,55.9209030016,82.3865375216,50.9499977011,46.0749481870,9.3490000000
loo,XOM,2026-09-10,1530,essvi_gfree,ok,,1,15,2026-09-25,0.0410958904,165.9863909104,9,0.0191780822,0.0191780822,19.6344788827,31.4482378130,57.2140491342,79.6074936964,52.3078207434,50.6247709565,7.7756000000
loo,XOM,2026-09-10,1530,essvi_sg05,ok,,1,15,2026-09-25,0.0410958904,165.9863909104,9,0.0191780822,0.0191780822,26.8268512492,41.7527700373,110.7864914209,139.0135919882,108.5932107991,101.7556707142,0.6751000000
loo,XOM,2026-09-10,1530,svi,ok,,2,15,2026-10-02,0.0602739726,165.9666267752,10,0.0191780822,0.0191780822,26.4472800091,50.4483238350,61.6216729075,114.9850408257,-40.6675542307,-114.9850408257,153.1402000000
loo,XOM,2026-09-10,1530,ssvi,ok,,2,15,2026-10-02,0.0602739726,165.9666267752,10,0.0191780822,0.0191780822,70.0373570972,113.9065063348,50.1045331122,101.2917413501,-35.5497409738,-101.2917413501,0.8885000000
loo,XOM,2026-09-10,1530,essvi,ok,,2,15,2026-10-02,0.0602739726,165.9666267752,10,0.0191780822,0.0191780822,51.6601816318,84.4004870222,56.1070246071,97.4265649182,-26.9754553887,-97.4265649182,1.3128000000
loo,XOM,2026-09-10,1530,essvi_g05,ok,,2,15,2026-10-02,0.0602739726,165.9666267752,10,0.0191780822,0.0191780822,54.2828124924,93.3030802074,70.0381820373,132.1600743637,-41.0613888119,-132.1600743637,7.9782000000
loo,XOM,2026-09-10,1530,essvi_gfree,ok,,2,15,2026-10-02,0.0602739726,165.9666267752,10,0.0191780822,0.0191780822,52.5898050556,91.2472533188,69.5206911484,130.9710839078,-41.0039738375,-130.9710839078,9.2403000000
loo,XOM,2026-09-10,1530,essvi_sg05,ok,,2,15,2026-10-02,0.0602739726,165.9666267752,10,0.0191780822,0.0191780822,105.9611505166,155.1895912665,56.7798253492,100.5021062012,-5.1499433155,-100.5021062012,0.6224000000
loo,XOM,2026-09-10,1530,svi,ok,,3,15,2026-10-09,0.0794520548,166.3194965758,14,0.0191780822,0.0191780822,22.8139626913,48.3019281370,56.4591237930,101.2410536362,15.9099991988,23.2375554734,152.7508000000
loo,XOM,2026-09-10,1530,ssvi,ok,,3,15,2026-10-09,0.0794520548,166.3194965758,14,0.0191780822,0.0191780822,53.3433080999,103.1472519852,64.7026459582,114.1695300435,36.2830272872,44.5247437322,0.8875000000
loo,XOM,2026-09-10,1530,essvi,ok,,3,15,2026-10-09,0.0794520548,166.3194965758,14,0.0191780822,0.0191780822,34.6395586591,82.5663574047,78.4590109286,161.7286117249,64.4271791057,33.4261597883,1.2517000000
loo,XOM,2026-09-10,1530,essvi_g05,ok,,3,15,2026-10-09,0.0794520548,166.3194965758,14,0.0191780822,0.0191780822,33.1166392964,63.3591066566,51.3841365553,116.5469431188,34.4529885520,4.3966893289,11.7678000000
loo,XOM,2026-09-10,1530,essvi_gfree,ok,,3,15,2026-10-09,0.0794520548,166.3194965758,14,0.0191780822,0.0191780822,32.3055985353,64.1383720272,51.9249272500,116.4154985325,35.1733399211,7.2309216649,8.9342000000
loo,XOM,2026-09-10,1530,essvi_sg05,ok,,3,15,2026-10-09,0.0794520548,166.3194965758,14,0.0191780822,0.0191780822,53.0191009510,120.9965442534,89.4132400454,156.6429939819,81.7897962008,45.0882098340,1.1122000000
loo,XOM,2026-09-10,1530,svi,ok,,4,15,2026-10-16,0.0986301370,166.3442260399,12,0.0191780822,0.0191780822,12.8531639699,21.9695216059,107.1874736653,276.4224853462,-60.2507148774,30.9689952997,167.9164000000
loo,XOM,2026-09-10,1530,ssvi,ok,,4,15,2026-10-16,0.0986301370,166.3442260399,12,0.0191780822,0.0191780822,84.2620537513,179.2728786853,66.4574023678,150.3869610477,-26.9751766107,37.5933023401,0.8810000000
loo,XOM,2026-09-10,1530,essvi,ok,,4,15,2026-10-16,0.0986301370,166.3442260399,12,0.0191780822,0.0191780822,17.6776549243,33.2277932905,185.4804132376,460.8607116567,-90.0956808557,45.9543755137,0.9604000000
loo,XOM,2026-09-10,1530,essvi_g05,ok,,4,15,2026-10-16,0.0986301370,166.3442260399,12,0.0191780822,0.0191780822,17.3131686835,39.3310780275,55.4991587831,93.5222415321,15.3811383076,5.5863422912,2.1057000000
loo,XOM,2026-09-10,1530,essvi_gfree,ok,,4,15,2026-10-16,0.0986301370,166.3442260399,12,0.0191780822,0.0191780822,17.6231856925,42.4095216216,51.8361490509,97.7813369818,11.8423995470,7.1597993461,2.3827000000
loo,XOM,2026-09-10,1530,essvi_sg05,ok,,4,15,2026-10-16,0.0986301370,166.3442260399,12,0.0191780822,0.0191780822,23.6218622140,47.7878559104,208.8473680842,382.9033228408,87.8986914654,21.7110977495,0.5980000000
loo,XOM,2026-09-10,1530,svi,ok,,5,15,2026-10-23,0.1178082192,166.1788799836,10,0.0191780822,0.0767123288,23.9654635113,50.9362827919,90.3595316534,262.7946218134,21.3794158478,-43.8091522459,156.7376000000
loo,XOM,2026-09-10,1530,ssvi,ok,,5,15,2026-10-23,0.1178082192,166.1788799836,10,0.0191780822,0.0767123288,59.1870981583,160.2939617801,55.6065904910,147.5250149360,8.5012865759,-37.6597414769,0.9080000000
loo,XOM,2026-09-10,1530,essvi,ok,,5,15,2026-10-23,0.1178082192,166.1788799836,10,0.0191780822,0.0767123288,24.0438149876,52.4047598255,82.8542766307,236.7855742639,24.3244654590,-36.8356159422,0.7056000000
loo,XOM,2026-09-10,1530,essvi_g05,ok,,5,15,2026-10-23,0.1178082192,166.1788799836,10,0.0191780822,0.0767123288,60.6704142470,125.1090973329,89.6708339143,253.2800272413,12.5288943507,-55.3669460955,1.9843000000
loo,XOM,2026-09-10,1530,essvi_gfree,ok,,5,15,2026-10-23,0.1178082192,166.1788799836,10,0.0191780822,0.0767123288,59.3987326015,119.2375787155,88.9366177602,251.5913011765,13.3578769531,-53.9782754426,2.3241000000
loo,XOM,2026-09-10,1530,essvi_sg05,ok,,5,15,2026-10-23,0.1178082192,166.1788799836,10,0.0191780822,0.0767123288,80.2937886529,170.8210339761,98.7647932449,286.3009708387,33.6479830015,-36.9840404713,0.4985000000
loo,XOM,2026-09-10,1530,svi,ok,,6,15,2026-11-20,0.1945205479,166.0372728100,12,0.0767123288,0.0767123288,11.5352344533,26.1337509506,97.3544207010,181.2730879805,-85.1989776136,-51.5401060453,150.0683000000
loo,XOM,2026-09-10,1530,ssvi,ok,,6,15,2026-11-20,0.1945205479,166.0372728100,12,0.0767123288,0.0767123288,27.0913438042,62.1593839406,43.5888084457,76.9681204384,-34.0020322968,-26.6687629942,0.9371000000
loo,XOM,2026-09-10,1530,essvi,ok,,6,15,2026-11-20,0.1945205479,166.0372728100,12,0.0767123288,0.0767123288,18.3204378458,35.1966063188,90.9176349095,183.2366681479,-51.6649462544,-19.7379657003,1.2936000000
loo,XOM,2026-09-10,1530,essvi_g05,ok,,6,15,2026-11-20,0.1945205479,166.0372728100,12,0.0767123288,0.0767123288,28.6208225896,62.3400169125,91.1876287470,126.3679457196,-70.9304678630,-82.4842547380,6.2224000000
loo,XOM,2026-09-10,1530,essvi_gfree,ok,,6,15,2026-11-20,0.1945205479,166.0372728100,12,0.0767123288,0.0767123288,28.4239702602,61.8823640637,92.0189588827,128.5406344881,-71.5791570714,-82.7091059744,10.7556000000
loo,XOM,2026-09-10,1530,essvi_sg05,ok,,6,15,2026-11-20,0.1945205479,166.0372728100,12,0.0767123288,0.0767123288,52.6085133783,139.7171542095,85.3474840560,178.6755804424,-14.7662818032,-31.8797109517,0.6731000000
loo,XOM,2026-09-10,1530,svi,ok,,7,15,2026-12-18,0.2712328767,166.1667727650,16,0.0767123288,0.0767123288,19.6016496679,43.8293281345,32.4241116253,63.5298306265,-4.3485680951,-38.7863033214,148.9407000000
loo,XOM,2026-09-10,1530,ssvi,ok,,7,15,2026-12-18,0.2712328767,166.1667727650,16,0.0767123288,0.0767123288,50.7673738719,82.0506288069,28.4229867595,49.7451331905,8.7858432242,-36.1653613137,0.8819000000
loo,XOM,2026-09-10,1530,essvi,ok,,7,15,2026-12-18,0.2712328767,166.1667727650,16,0.0767123288,0.0767123288,35.0499659058,59.7240681644,31.8443962173,54.1345603413,-0.7470991666,-35.3170696368,1.3734000000
loo,XOM,2026-09-10,1530,essvi_g05,ok,,7,15,2026-12-18,0.2712328767,166.1667727650,16,0.0767123288,0.0767123288,34.2964833257,65.6146205753,37.0798176619,64.0519202607,4.8900642865,-58.4278593189,6.7757000000
loo,XOM,2026-09-10,1530,essvi_gfree,ok,,7,15,2026-12-18,0.2712328767,166.1667727650,16,0.0767123288,0.0767123288,34.6506874418,66.2718826450,37.3948085042,64.5533589882,4.9562022564,-58.9609647685,7.9836000000
loo,XOM,2026-09-10,1530,essvi_sg05,ok,,7,15,2026-12-18,0.2712328767,166.1667727650,16,0.0767123288,0.0767123288,78.2129473845,116.6944629007,54.1487228071,97.5937571002,36.2712387043,-36.5347087201,0.6433000000
loo,XOM,2026-09-10,1530,svi,ok,,8,15,2027-01-15,0.3479452055,166.7711279456,16,0.0767123288,0.1726027397,15.6592446657,30.4965494954,25.5621971083,59.5432179177,17.4760710966,21.6817364085,151.4324000000
loo,XOM,2026-09-10,1530,ssvi,ok,,8,15,2027-01-15,0.3479452055,166.7711279456,16,0.0767123288,0.1726027397,18.2199312648,38.8570018884,43.8307604366,74.7265587637,40.0544714449,46.3286479153,0.8624000000
loo,XOM,2026-09-10,1530,essvi,ok,,8,15,2027-01-15,0.3479452055,166.7711279456,16,0.0767123288,0.1726027397,16.7208982379,29.8557313612,35.4499318978,59.2853563699,30.5464436239,46.6751135857,1.1378000000
loo,XOM,2026-09-10,1530,essvi_g05,ok,,8,15,2027-01-15,0.3479452055,166.7711279456,16,0.0767123288,0.1726027397,19.1471327481,36.7208331258,28.6463985492,52.9350343281,21.5082311692,18.9865847306,5.5339000000
loo,XOM,2026-09-10,1530,essvi_gfree,ok,,8,15,2027-01-15,0.3479452055,166.7711279456,16,0.0767123288,0.1726027397,19.6658623229,37.8277150220,28.8025834157,52.9819917429,21.1393580036,17.2352833144,5.9227000000
loo,XOM,2026-09-10,1530,essvi_sg05,ok,,8,15,2027-01-15,0.3479452055,166.7711279456,16,0.0767123288,0.1726027397,29.7377214406,48.1728218348,57.6315830555,82.3015777722,53.7571939026,46.8410594303,0.5927000000
loo,XOM,2026-09-10,1530,svi,ok,,9,15,2027-03-19,0.5205479452,167.0076542648,20,0.1726027397,0.0767123288,12.9717207647,31.9765615126,74.9997980326,198.3588017420,-45.9144031384,-10.7928166326,147.0507000000
loo,XOM,2026-09-10,1530,ssvi,ok,,9,15,2027-03-19,0.5205479452,167.0076542648,20,0.1726027397,0.0767123288,45.6682041230,132.2602009065,72.3323388426,193.3801648607,-48.1454224905,-13.9770273009,0.9357000000
loo,XOM,2026-09-10,1530,essvi,ok,,9,15,2027-03-19,0.5205479452,167.0076542648,20,0.1726027397,0.0767123288,20.3180735903,57.1531739329,76.8499455909,206.0818818579,-48.2562184869,-14.6354454786,1.1444000000
loo,XOM,2026-09-10,1530,essvi_g05,ok,,9,15,2027-03-19,0.5205479452,167.0076542648,20,0.1726027397,0.0767123288,34.7406779085,82.0718420458,73.9763711976,198.1063835784,-46.1503128997,-15.9227773953,6.1618000000
loo,XOM,2026-09-10,1530,essvi_gfree,ok,,9,15,2027-03-19,0.5205479452,167.0076542648,20,0.1726027397,0.0767123288,32.9394077151,79.0947117962,73.7114038702,197.1817220881,-46.1472252187,-16.3550073661,6.1989000000
loo,XOM,2026-09-10,1530,essvi_sg05,ok,,9,15,2027-03-19,0.5205479452,167.0076542648,20,0.1726027397,0.0767123288,33.2678626288,80.3907290931,64.4264580423,174.1856916093,-37.5220192247,-14.5899097735,0.5661000000
loo,XOM,2026-09-10,1530,svi,ok,,10,15,2027-04-16,0.5972602740,166.8449129602,20,0.0767123288,0.1698630137,18.1109890014,44.5651884443,61.5694229416,159.5017322097,25.8244457703,23.2666901001,142.8415000000
loo,XOM,2026-09-10,1530,ssvi,ok,,10,15,2027-04-16,0.5972602740,166.8449129602,20,0.0767123288,0.1698630137,34.9899116874,73.6135552817,43.4693035222,97.1420394985,18.6996264964,28.1297090660,0.8498000000
loo,XOM,2026-09-10,1530,essvi,ok,,10,15,2027-04-16,0.5972602740,166.8449129602,20,0.0767123288,0.1698630137,19.5137467816,47.7487704299,60.0826728107,138.9077888149,29.0357532149,29.1055854559,1.1707000000
loo,XOM,2026-09-10,1530,essvi_g05,ok,,10,15,2027-04-16,0.5972602740,166.8449129602,20,0.0767123288,0.1698630137,20.9127938832,50.6316781526,57.3726392741,115.4622383367,23.5403268766,43.8352243647,6.4715000000
loo,XOM,2026-09-10,1530,essvi_gfree,ok,,10,15,2027-04-16,0.5972602740,166.8449129602,20,0.0767123288,0.1698630137,21.7807678661,51.0489950238,57.3149041507,120.2158665205,23.9196768182,40.1208537858,7.6555000000
loo,XOM,2026-09-10,1530,essvi_sg05,ok,,10,15,2027-04-16,0.5972602740,166.8449129602,20,0.0767123288,0.1698630137,23.9609460726,57.6836987862,54.8880345822,113.6879007982,14.5037285612,29.3814029849,0.5586000000
loo,XOM,2026-09-10,1530,svi,ok,,11,15,2027-06-17,0.7671232877,167.3708973798,21,0.1698630137,0.2520547945,13.6681790052,26.8183602968,48.5566043782,112.5184700700,-33.8569629378,-2.8136355293,152.6865000000
loo,XOM,2026-09-10,1530,ssvi,ok,,11,15,2027-06-17,0.7671232877,167.3708973798,21,0.1698630137,0.2520547945,20.9953052257,49.4254260207,23.9661414055,51.1700689797,-6.5627945500,-1.9237083933,0.8752000000
loo,XOM,2026-09-10,1530,essvi,ok,,11,15,2027-06-17,0.7671232877,167.3708973798,21,0.1698630137,0.2520547945,14.2714325393,30.7024065532,47.7516131445,120.0787389680,-29.9943549767,-3.0265093700,1.2525000000
loo,XOM,2026-09-10,1530,essvi_g05,ok,,11,15,2027-06-17,0.7671232877,167.3708973798,21,0.1698630137,0.2520547945,16.7563735269,36.8892219793,46.0322542768,110.6845255559,-30.1130590958,-11.7289038480,7.2593000000
loo,XOM,2026-09-10,1530,essvi_gfree,ok,,11,15,2027-06-17,0.7671232877,167.3708973798,21,0.1698630137,0.2520547945,15.3745444064,32.9566449758,45.5218459291,108.0303458964,-29.5737320845,-13.1751593176,8.1226000000
loo,XOM,2026-09-10,1530,essvi_sg05,ok,,11,15,2027-06-17,0.7671232877,167.3708973798,21,0.1698630137,0.2520547945,16.3331742860,37.1622779064,40.2104929215,96.7783905337,-17.8035375049,-3.2166356511,0.6256000000
loo,XOM,2026-09-10,1530,svi,ok,,12,15,2027-09-17,1.0191780822,168.2497608380,19,0.2520547945,0.2493150685,14.8088540857,25.7296274526,25.2717327480,60.7345447639,11.7609566914,-13.9050371965,143.4510000000
loo,XOM,2026-09-10,1530,ssvi,ok,,12,15,2027-09-17,1.0191780822,168.2497608380,19,0.2520547945,0.2493150685,39.0077721272,80.0563266713,27.6841095692,59.6332885164,3.3879098824,-30.3449798738,0.8552000000
loo,XOM,2026-09-10,1530,essvi,ok,,12,15,2027-09-17,1.0191780822,168.2497608380,19,0.2520547945,0.2493150685,22.4483984856,53.8403605307,28.9925924136,63.2940682531,3.3707943031,-30.6488095694,1.2479000000
loo,XOM,2026-09-10,1530,essvi_g05,ok,,12,15,2027-09-17,1.0191780822,168.2497608380,19,0.2520547945,0.2493150685,20.1630814889,42.9694779622,25.9287070235,55.2269043431,14.4953102651,-4.4310733254,5.5095000000
loo,XOM,2026-09-10,1530,essvi_gfree,ok,,12,15,2027-09-17,1.0191780822,168.2497608380,19,0.2520547945,0.2493150685,20.3310356371,39.5445318925,26.0425929710,54.4681256370,13.7195075159,-7.6486786615,18.9299000000
loo,XOM,2026-09-10,1530,essvi_sg05,ok,,12,15,2027-09-17,1.0191780822,168.2497608380,19,0.2520547945,0.2493150685,26.2452990476,45.7659165095,24.5489089091,53.6662524693,-6.0367550961,-30.7490562581,0.6346000000
loo,XOM,2026-09-10,1530,svi,ok,,13,15,2027-12-17,1.2684931507,168.9652294963,23,0.2493150685,0.0958904110,10.6823511963,29.5430239727,16.6436307149,46.3771645701,-7.7411266501,28.7992294781,153.1291000000
loo,XOM,2026-09-10,1530,ssvi,ok,,13,15,2027-12-17,1.2684931507,168.9652294963,23,0.2493150685,0.0958904110,21.1780941360,40.2249559575,16.8348010887,33.3286447810,-8.1976523099,14.2090154188,0.8119000000
loo,XOM,2026-09-10,1530,essvi,ok,,13,15,2027-12-17,1.2684931507,168.9652294963,23,0.2493150685,0.0958904110,20.1005591663,39.1462745869,18.0429729662,36.0027122741,-10.7680033886,14.1729804368,1.2978000000
loo,XOM,2026-09-10,1530,essvi_g05,ok,,13,15,2027-12-17,1.2684931507,168.9652294963,23,0.2493150685,0.0958904110,19.5316292728,48.2608566132,21.6919752908,48.9086137988,-6.4900785968,34.7512025661,6.9089000000
loo,XOM,2026-09-10,1530,essvi_gfree,ok,,13,15,2027-12-17,1.2684931507,168.9652294963,23,0.2493150685,0.0958904110,17.7148778991,42.9816475739,20.5627155302,46.8331634568,-6.2735839433,33.4844819448,8.8769000000
loo,XOM,2026-09-10,1530,essvi_sg05,ok,,13,15,2027-12-17,1.2684931507,168.9652294963,23,0.2493150685,0.0958904110,36.0372594099,68.2025193976,34.5739884743,62.4359825773,-26.5505733333,13.9888524765,0.5651000000
loo,XOM,2026-09-11,1530,svi,ok,,1,15,2026-09-25,0.0383561644,165.7488671731,9,0.0191780822,0.0191780822,12.5134513232,23.7605635859,37.3662710573,52.9360522161,27.6420237413,33.0241215593,162.2986000000
loo,XOM,2026-09-11,1530,ssvi,ok,,1,15,2026-09-25,0.0383561644,165.7488671731,9,0.0191780822,0.0191780822,39.2268844650,74.7605426360,51.3121152140,96.3371758030,35.9259365352,37.4891124454,0.8870000000
loo,XOM,2026-09-11,1530,essvi,ok,,1,15,2026-09-25,0.0383561644,165.7488671731,9,0.0191780822,0.0191780822,24.4373735554,41.1361710306,37.2058385101,56.7900883491,19.4792849336,35.0823488765,0.7037000000
loo,XOM,2026-09-11,1530,essvi_g05,ok,,1,15,2026-09-25,0.0383561644,165.7488671731,9,0.0191780822,0.0191780822,32.2277276015,62.1706022054,35.9677300395,63.6736367143,19.3284161925,0.2161660576,3.7645000000
loo,XOM,2026-09-11,1530,essvi_gfree,ok,,1,15,2026-09-25,0.0383561644,165.7488671731,9,0.0191780822,0.0191780822,25.9169367774,49.3749851372,35.3242091636,61.9245888377,24.8109809936,16.5651386241,3.0564000000
loo,XOM,2026-09-11,1530,essvi_sg05,ok,,1,15,2026-09-25,0.0383561644,165.7488671731,9,0.0191780822,0.0191780822,51.5937195075,96.4629680197,66.2817619483,107.1897339790,57.6636722486,34.2773671168,0.3721000000
loo,XOM,2026-09-11,1530,svi,ok,,2,15,2026-10-02,0.0575342466,165.9274805381,11,0.0191780822,0.0191780822,7.7607227564,15.5475851396,40.6156479384,102.0932428364,-18.5302634019,-18.3246275955,164.3812000000
loo,XOM,2026-09-11,1530,ssvi,ok,,2,15,2026-10-02,0.0575342466,165.9274805381,11,0.0191780822,0.0191780822,52.4166441314,97.5756866847,47.7725626565,91.3224877203,32.0602386503,-9.0007951536,0.8528000000
loo,XOM,2026-09-11,1530,essvi,ok,,2,15,2026-10-02,0.0575342466,165.9274805381,11,0.0191780822,0.0191780822,11.5427015249,24.6035916567,17.7452828556,42.2897262679,-10.6177493547,-11.4871185479,0.6757000000
loo,XOM,2026-09-11,1530,essvi_g05,ok,,2,15,2026-10-02,0.0575342466,165.9274805381,11,0.0191780822,0.0191780822,36.2211116948,70.4058308321,36.8862413349,78.0471465074,-3.9845673973,-56.2371254141,3.6481000000
loo,XOM,2026-09-11,1530,essvi_gfree,ok,,2,15,2026-10-02,0.0575342466,165.9274805381,11,0.0191780822,0.0191780822,28.0218591532,55.8692296835,31.8337871387,69.5797994673,-6.6660765403,-49.8164220685,3.5202000000
loo,XOM,2026-09-11,1530,essvi_sg05,ok,,2,15,2026-10-02,0.0575342466,165.9274805381,11,0.0191780822,0.0191780822,64.9459503320,135.0525107158,178.5857889816,405.6883740416,51.6221283648,-33.9148716093,0.3568000000
loo,XOM,2026-09-11,1530,svi,ok,,3,15,2026-10-09,0.0767123288,166.1087973032,10,0.0191780822,0.0191780822,11.1770298064,22.4868200534,29.7742570134,70.5823797647,13.5485832627,-16.0344233317,153.4711000000
loo,XOM,2026-09-11,1530,ssvi,ok,,3,15,2026-10-09,0.0767123288,166.1087973032,10,0.0191780822,0.0191780822,63.5780424487,150.6093396343,63.5314390791,150.4811181022,39.5835913532,2.4019031120,0.8795000000
loo,XOM,2026-09-11,1530,essvi,ok,,3,15,2026-10-09,0.0767123288,166.1087973032,10,0.0191780822,0.0191780822,15.0229597831,32.0857760373,42.8494632424,100.9352196048,25.7826210263,0.2876189452,0.6184000000
loo,XOM,2026-09-11,1530,essvi_g05,ok,,3,15,2026-10-09,0.0767123288,166.1087973032,10,0.0191780822,0.0191780822,39.2018945628,64.0566347395,40.5004817937,75.4932398523,-3.4125575260,-51.1318581433,3.7469000000
loo,XOM,2026-09-11,1530,essvi_gfree,ok,,3,15,2026-10-09,0.0767123288,166.1087973032,10,0.0191780822,0.0191780822,34.6676046532,56.2380794564,37.1577892174,79.1378995764,3.6405091263,-38.6190197392,2.9100000000
loo,XOM,2026-09-11,1530,essvi_sg05,ok,,3,15,2026-10-09,0.0767123288,166.1087973032,10,0.0191780822,0.0191780822,149.9964528031,315.9174026606,64.8575971273,128.3658031948,49.2504358883,-1.7872136348,0.4455000000
loo,XOM,2026-09-11,1530,svi,ok,,4,15,2026-10-16,0.0958904110,166.1966450867,11,0.0191780822,0.0191780822,11.0153609959,20.4693622639,152.8994112921,365.2024535422,-110.3177616807,-34.1710895591,154.1897000000
loo,XOM,2026-09-11,1530,ssvi,ok,,4,15,2026-10-16,0.0958904110,166.1966450867,11,0.0191780822,0.0191780822,57.8544476591,105.6999772928,48.8683990339,88.0049483845,16.7253650044,-15.7535738957,0.8724000000
loo,XOM,2026-09-11,1530,essvi,ok,,4,15,2026-10-16,0.0958904110,166.1966450867,11,0.0191780822,0.0191780822,24.1570806457,52.5413291071,123.8279553933,286.7832989598,-87.7314431769,-18.1987265690,0.5291000000
loo,XOM,2026-09-11,1530,essvi_g05,ok,,4,15,2026-10-16,0.0958904110,166.1966450867,11,0.0191780822,0.0191780822,25.9420829988,49.3856455097,88.2541869906,141.4015860037,-26.4140092611,-75.9556222593,2.0855000000
loo,XOM,2026-09-11,1530,essvi_gfree,ok,,4,15,2026-10-16,0.0958904110,166.1966450867,11,0.0191780822,0.0191780822,19.0372615296,34.0985667465,86.6811857628,169.9354273549,-36.0977221425,-70.2542272178,2.1373000000
loo,XOM,2026-09-11,1530,essvi_sg05,ok,,4,15,2026-10-16,0.0958904110,166.1966450867,11,0.0191780822,0.0191780822,141.0521087701,304.6209407935,210.6204420749,387.0692212530,29.7957741373,-35.4334774491,0.3482000000
loo,XOM,2026-09-11,1530,svi,ok,,5,15,2026-10-23,0.1150684932,165.9323000197,7,0.0191780822,0.0767123288,18.9476078379,42.8565737310,175.6312859393,316.5027323566,142.2448711101,70.2798895682,146.9956000000
loo,XOM,2026-09-11,1530,ssvi,ok,,5,15,2026-10-23,0.1150684932,165.9323000197,7,0.0191780822,0.0767123288,169.0465831328,321.0515206794,236.6529953743,419.3032837525,185.4981088959,91.4067181794,0.8026000000
loo,XOM,2026-09-11,1530,essvi,ok,,5,15,2026-10-23,0.1150684932,165.9323000197,7,0.0191780822,0.0767123288,48.1153029202,106.8346733668,175.2127427409,320.3873684943,149.9468230018,88.2768204490,0.5836000000
loo,XOM,2026-09-11,1530,essvi_g05,ok,,5,15,2026-10-23,0.1150684932,165.9323000197,7,0.0191780822,0.0767123288,61.2120731054,86.1397560475,176.0447569814,326.4195847349,127.1216966435,37.6398273537,1.9439000000
loo,XOM,2026-09-11,1530,essvi_gfree,ok,,5,15,2026-10-23,0.1150684932,165.9323000197,7,0.0191780822,0.0767123288,55.1043753254,85.1342501335,173.3441737186,323.0490942937,130.1096327192,47.3515096648,2.0846000000
loo,XOM,2026-09-11,1530,essvi_sg05,ok,,5,15,2026-10-23,0.1150684932,165.9323000197,7,0.0191780822,0.0767123288,123.3966740431,202.3845823338,228.5119462029,386.0724069253,192.8866950101,83.5399520959,0.3752000000
loo,XOM,2026-09-11,1530,svi,ok,,6,15,2026-11-20,0.1917808219,166.0151915974,14,0.0767123288,0.0767123288,12.2685647125,20.4249972649,127.9625366064,197.1776195287,-121.2966384566,-121.1924779995,155.4959000000
loo,XOM,2026-09-11,1530,ssvi,ok,,6,15,2026-11-20,0.1917808219,166.0151915974,14,0.0767123288,0.0767123288,55.2636699701,107.1262446376,66.1757369086,110.0127730851,-57.9586389312,-110.0127730851,0.8570000000
loo,XOM,2026-09-11,1530,essvi,ok,,6,15,2026-11-20,0.1917808219,166.0151915974,14,0.0767123288,0.0767123288,23.7187601720,52.1822799860,108.3971964922,170.6725933961,-99.5448194284,-113.1170827944,0.6861000000
loo,XOM,2026-09-11,1530,essvi_g05,ok,,6,15,2026-11-20,0.1917808219,166.0151915974,14,0.0767123288,0.0767123288,29.8025484676,54.2573102997,123.9371873025,196.6403376324,-90.0602700359,-155.8091459519,3.3631000000
loo,XOM,2026-09-11,1530,essvi_gfree,ok,,6,15,2026-11-20,0.1917808219,166.0151915974,14,0.0767123288,0.0767123288,28.3366626942,50.7385353018,123.0238088695,196.1103296737,-93.1826908463,-154.3412246214,3.2572000000
loo,XOM,2026-09-11,1530,essvi_sg05,ok,,6,15,2026-11-20,0.1917808219,166.0151915974,14,0.0767123288,0.0767123288,109.2277977897,188.9355571178,124.1120464365,181.0623059924,-25.2717322051,-117.6596293474,0.3719000000
loo,XOM,2026-09-11,1530,svi,ok,,7,15,2026-12-18,0.2684931507,166.2901626884,16,0.0767123288,0.0767123288,9.0027652668,17.2823234438,14.3571909370,33.4167874434,-1.0723737741,-3.6807244245,158.1089000000
loo,XOM,2026-09-11,1530,ssvi,ok,,7,15,2026-12-18,0.2684931507,166.2901626884,16,0.0767123288,0.0767123288,38.1141115767,78.0061596488,50.9411154908,89.3124778841,44.6542774266,7.9303510862,0.8798000000
loo,XOM,2026-09-11,1530,essvi,ok,,7,15,2026-12-18,0.2684931507,166.2901626884,16,0.0767123288,0.0767123288,15.3261904382,36.9183639414,20.2642213340,36.1945729075,7.4780364316,7.4352666674,0.7149000000
loo,XOM,2026-09-11,1530,essvi_g05,ok,,7,15,2026-12-18,0.2684931507,166.2901626884,16,0.0767123288,0.0767123288,20.3039941661,48.8169104859,20.6770416028,54.3271112439,3.6703147057,-27.3218369862,3.9960000000
loo,XOM,2026-09-11,1530,essvi_gfree,ok,,7,15,2026-12-18,0.2684931507,166.2901626884,16,0.0767123288,0.0767123288,21.0644934128,50.4193884250,21.5308844534,56.4751979586,3.6651203649,-28.7022478027,2.7778000000
loo,XOM,2026-09-11,1530,essvi_sg05,ok,,7,15,2026-12-18,0.2684931507,166.2901626884,16,0.0767123288,0.0767123288,51.6786892312,134.6984417932,65.2474402725,149.9964072855,54.5460969955,6.1990280468,0.3997000000
loo,XOM,2026-09-11,1530,svi,ok,,8,15,2027-01-15,0.3452054795,166.8455745882,16,0.0767123288,0.1726027397,12.9877879807,25.8270116189,25.1669803907,49.2870856942,19.9147727166,4.3335365830,159.2011000000
loo,XOM,2026-09-11,1530,ssvi,ok,,8,15,2027-01-15,0.3452054795,166.8455745882,16,0.0767123288,0.1726027397,34.9878695739,68.4180551292,41.9918580087,76.7537250761,35.7704067080,5.8143248896,0.8516000000
loo,XOM,2026-09-11,1530,essvi,ok,,8,15,2027-01-15,0.3452054795,166.8455745882,16,0.0767123288,0.1726027397,21.7564849585,43.4620766942,29.0691926405,61.4458023138,22.1500334016,6.0081691654,0.6965000000
loo,XOM,2026-09-11,1530,essvi_g05,ok,,8,15,2027-01-15,0.3452054795,166.8455745882,16,0.0767123288,0.1726027397,19.8205501733,38.5064379049,29.0739911725,60.0467843303,21.1465202637,-0.3499786362,3.3890000000
loo,XOM,2026-09-11,1530,essvi_gfree,ok,,8,15,2027-01-15,0.3452054795,166.8455745882,16,0.0767123288,0.1726027397,20.8312035526,38.7028454425,29.0264803459,60.9343037344,20.4229173242,-4.8163989613,3.4447000000
loo,XOM,2026-09-11,1530,essvi_sg05,ok,,8,15,2027-01-15,0.3452054795,166.8455745882,16,0.0767123288,0.1726027397,36.3190664108,74.9784862983,43.9554251480,97.8334930283,34.0361212420,4.3554458157,0.3698000000
loo,XOM,2026-09-11,1530,svi,ok,,9,15,2027-03-19,0.5178082192,167.1336994953,19,0.1726027397,0.0767123288,13.3322170823,25.9409082496,37.3294357014,80.3797433200,-31.8828591556,-30.8752177386,159.8034000000
loo,XOM,2026-09-11,1530,ssvi,ok,,9,15,2027-03-19,0.5178082192,167.1336994953,19,0.1726027397,0.0767123288,21.4740013884,43.8481845339,29.6677748773,56.4135217619,-23.9882601026,-21.4908443551,0.8440000000
loo,XOM,2026-09-11,1530,essvi,ok,,9,15,2027-03-19,0.5178082192,167.1336994953,19,0.1726027397,0.0767123288,13.6365314480,26.8730564035,31.3529949154,62.6077353335,-25.1264364114,-21.1805197270,0.7838000000
loo,XOM,2026-09-11,1530,essvi_g05,ok,,9,15,2027-03-19,0.5178082192,167.1336994953,19,0.1726027397,0.0767123288,22.4031262763,43.4340297116,38.4084048510,76.4991834260,-29.7079914929,-17.4667290021,3.8866000000
loo,XOM,2026-09-11,1530,essvi_gfree,ok,,9,15,2027-03-19,0.5178082192,167.1336994953,19,0.1726027397,0.0767123288,17.1713334008,35.1906420558,34.8393173492,65.3189397821,-29.4179752591,-24.9882673630,4.4120000000
loo,XOM,2026-09-11,1530,essvi_sg05,ok,,9,15,2027-03-19,0.5178082192,167.1336994953,19,0.1726027397,0.0767123288,23.9477550012,48.6590124564,32.7520406542,65.8626107074,-26.6031343841,-21.7589356138,0.3569000000
loo,XOM,2026-09-11,1530,svi,ok,,10,15,2027-04-16,0.5945205479,167.4437228511,19,0.0767123288,0.1698630137,13.1555745004,23.8607427745,20.1253005803,40.7276549760,14.4760292899,-2.5641528671,146.8817000000
loo,XOM,2026-09-11,1530,ssvi,ok,,10,15,2027-04-16,0.5945205479,167.4437228511,19,0.0767123288,0.1698630137,17.6896134996,44.2753761285,18.2488212639,47.2180839140,-0.1388176427,-7.8191970698,0.8427000000
loo,XOM,2026-09-11,1530,essvi,ok,,10,15,2027-04-16,0.5945205479,167.4437228511,19,0.0767123288,0.1698630137,16.3241054708,31.9979449370,19.4163971933,37.2637433807,12.3659136457,-7.8047474821,0.6821000000
loo,XOM,2026-09-11,1530,essvi_g05,ok,,10,15,2027-04-16,0.5945205479,167.4437228511,19,0.0767123288,0.1698630137,25.0904596987,65.1180027313,31.3169553214,61.6650833500,14.0748209580,18.6241155336,5.5810000000
loo,XOM,2026-09-11,1530,essvi_gfree,ok,,10,15,2027-04-16,0.5945205479,167.4437228511,19,0.0767123288,0.1698630137,18.5083831659,47.3091672423,25.0202594877,39.9648201218,14.2071444036,9.9249913142,2.8618000000
loo,XOM,2026-09-11,1530,essvi_sg05,ok,,10,15,2027-04-16,0.5945205479,167.4437228511,19,0.0767123288,0.1698630137,20.2306289877,53.7449315422,21.4430607350,57.0424279129,-4.1670320472,-7.8362467553,0.3484000000
loo,XOM,2026-09-11,1530,svi,ok,,11,15,2027-06-17,0.7643835616,167.7720448423,21,0.1698630137,0.2520547945,15.9627039780,49.7596688713,27.1904755390,44.6894601273,-20.9724332457,-23.5385492960,146.5320000000
loo,XOM,2026-09-11,1530,ssvi,ok,,11,15,2027-06-17,0.7643835616,167.7720448423,21,0.1698630137,0.2520547945,25.6681390777,58.8283625593,39.4577491620,79.0161001349,-32.6596780864,-27.5330410288,0.8301000000
loo,XOM,2026-09-11,1530,essvi,ok,,11,15,2027-06-17,0.7643835616,167.7720448423,21,0.1698630137,0.2520547945,19.2218711701,45.5931881819,29.7007435504,50.2109509240,-22.5573738995,-27.5713526993,0.6858000000
loo,XOM,2026-09-11,1530,essvi_g05,ok,,11,15,2027-06-17,0.7643835616,167.7720448423,21,0.1698630137,0.2520547945,27.8847199043,64.3323597607,38.0868055076,91.0721750346,-23.6990797134,-6.2114553919,5.6269000000
loo,XOM,2026-09-11,1530,essvi_gfree,ok,,11,15,2027-06-17,0.7643835616,167.7720448423,21,0.1698630137,0.2520547945,21.8232719610,47.1436347120,32.8083305453,72.9136749060,-22.8083859479,-14.9878414724,3.4318000000
loo,XOM,2026-09-11,1530,essvi_sg05,ok,,11,15,2027-06-17,0.7643835616,167.7720448423,21,0.1698630137,0.2520547945,31.3100003700,71.9508580515,46.9186234004,93.9887161599,-39.0954931276,-27.6716325293,0.3695000000
loo,XOM,2026-09-11,1530,svi,ok,,12,15,2027-09-17,1.0164383562,169.0240372744,21,0.2520547945,0.2493150685,12.9670116823,28.3092696339,25.6728031689,47.3160554429,17.2906886183,33.1296082266,147.8823000000
loo,XOM,2026-09-11,1530,ssvi,ok,,12,15,2027-09-17,1.0164383562,169.0240372744,21,0.2520547945,0.2493150685,23.6056857771,62.4846177841,24.0428978901,52.8721520088,17.6995964925,35.0572836445,0.8354000000
loo,XOM,2026-09-11,1530,essvi,ok,,12,15,2027-09-17,1.0164383562,169.0240372744,21,0.2520547945,0.2493150685,16.7851512548,30.4141476561,24.7744337922,52.3920822531,17.1187467324,35.2202765337,0.6777000000
loo,XOM,2026-09-11,1530,essvi_g05,ok,,12,15,2027-09-17,1.0164383562,169.0240372744,21,0.2520547945,0.2493150685,20.7263728532,58.6118400402,29.6829752028,63.2423046345,17.3189463709,46.2083497278,5.5034000000
loo,XOM,2026-09-11,1530,essvi_gfree,ok,,12,15,2027-09-17,1.0164383562,169.0240372744,21,0.2520547945,0.2493150685,15.2400600379,41.5828669868,24.5002720478,52.7063690599,16.3853661521,35.5018622968,3.0326000000
loo,XOM,2026-09-11,1530,essvi_sg05,ok,,12,15,2027-09-17,1.0164383562,169.0240372744,21,0.2520547945,0.2493150685,29.7424716652,70.1954343466,23.5930205505,60.6596667605,9.0190268204,35.1474950025,0.3589000000
loo,XOM,2026-09-11,1530,svi,ok,,13,15,2027-12-17,1.2657534247,169.6580314042,23,0.2493150685,0.0958904110,8.1666441887,18.0300862727,21.2488385440,52.9347428272,-8.2548933777,-22.1829740770,149.2556000000
loo,XOM,2026-09-11,1530,ssvi,ok,,13,15,2027-12-17,1.2657534247,169.6580314042,23,0.2493150685,0.0958904110,22.3370394177,39.4657254009,21.3810209545,49.4026822589,-0.9524850531,-18.9797618405,0.8220000000
loo,XOM,2026-09-11,1530,essvi,ok,,13,15,2027-12-17,1.2657534247,169.6580314042,23,0.2493150685,0.0958904110,16.8773520510,31.8395260470,22.0741916325,55.1185350474,-5.2885110084,-18.9702064323,0.6487000000
loo,XOM,2026-09-11,1530,essvi_g05,ok,,13,15,2027-12-17,1.2657534247,169.6580314042,23,0.2493150685,0.0958904110,17.5641876978,32.7787449828,24.1611497113,56.7536378757,-8.1554809140,-10.3848082555,3.5806000000
loo,XOM,2026-09-11,1530,essvi_gfree,ok,,13,15,2027-12-17,1.2657534247,169.6580314042,23,0.2493150685,0.0958904110,16.6087146076,36.6808724894,22.9880369623,58.0952218802,-8.2346162474,-22.1105718704,3.8472000000
loo,XOM,2026-09-11,1530,essvi_sg05,ok,,13,15,2027-12-17,1.2657534247,169.6580314042,23,0.2493150685,0.0958904110,16.9325320576,30.9143314628,24.8623849186,61.4467494461,-11.9481637778,-18.9637423365,0.3588000000
