slice,ticker,date,time,model,status,status_detail,horizon,t,t_beyond_last_pillar,t_below_first_pillar,target_forward,simulated_mean,relative_error,standard_error,z_score,paths,seed,steps_per_year,z_threshold,within_threshold,max_abs_z_all_horizons,mc_mean_spot,mc_relative_error,mc_standard_error,mc_paths,mc_seed,mc_steps,carry_rate,zero_dividend_forward_error,drift_source
daily,JPM,2026-08-14,1530,svi,ok,,1M,0.0833333333,false,false,364.4276486580,364.3664788750,-0.0001678517,0.0001170282,-1.4342841983,32768,20260824,104,3.0000000000,true,1.4342841983,364.4332237831,0.0000152983,0.0000235869,400000,20260824,192,0.0355377590,0.0001917995,parity_forward
daily,JPM,2026-08-14,1530,svi,ok,,3M,0.2500000000,false,false,365.1915887817,365.2003696006,0.0000240444,0.0001458580,0.1648480731,32768,20260824,104,3.0000000000,true,1.4342841983,365.1940693134,0.0000067924,0.0000342862,400000,20260824,192,0.0202222383,0.0045808617,parity_forward
daily,JPM,2026-08-14,1530,svi,ok,,6M,0.5000000000,false,false,368.2482521714,368.2743646719,0.0000709100,0.0001596910,0.4440453010,32768,20260824,104,3.0000000000,true,1.4342841983,368.2397489838,-0.0000230909,0.0000391974,400000,20260824,192,0.0267815039,0.0061342041,parity_forward
daily,JPM,2026-08-14,1530,ssvi,ok,,1M,0.0833333333,false,false,364.4276486580,364.4265626138,-0.0000029801,0.0000366308,-0.0813559572,32768,20260824,104,3.0000000000,true,1.4019155420,364.4274912030,-0.0000004321,0.0000114143,400000,20260824,192,0.0355377590,0.0001917995,parity_forward
daily,JPM,2026-08-14,1530,ssvi,ok,,3M,0.2500000000,false,false,365.1915887817,365.1600882821,-0.0000862575,0.0000615283,-1.4019155420,32768,20260824,104,3.0000000000,true,1.4019155420,365.1928900963,0.0000035634,0.0000178881,400000,20260824,192,0.0202222383,0.0045808617,parity_forward
daily,JPM,2026-08-14,1530,ssvi,ok,,6M,0.5000000000,false,false,368.2482521714,368.2489776402,0.0000019701,0.0000803527,0.0245175647,32768,20260824,104,3.0000000000,true,1.4019155420,368.2482802163,0.0000000762,0.0000227366,400000,20260824,192,0.0267815039,0.0061342041,parity_forward
daily,JPM,2026-08-14,1530,essvi,ok,,1M,0.0833333333,false,false,364.4276486580,364.4210001076,-0.0000182438,0.0000268933,-0.6783785226,32768,20260824,104,3.0000000000,true,0.6783785226,364.4284974781,0.0000023292,0.0000080464,400000,20260824,192,0.0355377590,0.0001917995,parity_forward
daily,JPM,2026-08-14,1530,essvi,ok,,3M,0.2500000000,false,false,365.1915887817,365.1963510758,0.0000130405,0.0001410550,0.0924500077,32768,20260824,104,3.0000000000,true,0.6783785226,365.1796999930,-0.0000325549,0.0000418169,400000,20260824,192,0.0202222383,0.0045808617,parity_forward
daily,JPM,2026-08-14,1530,essvi,ok,,6M,0.5000000000,false,false,368.2482521714,368.2343594977,-0.0000377264,0.0001707599,-0.2209323587,32768,20260824,104,3.0000000000,true,0.6783785226,368.2277371789,-0.0000557097,0.0000511331,400000,20260824,192,0.0267815039,0.0061342041,parity_forward
daily,JPM,2026-08-14,1530,essvi_g05,ok,,1M,0.0833333333,false,false,364.4276486580,364.4194265338,-0.0000225617,0.0000233211,-0.9674398577,32768,20260824,104,3.0000000000,true,2.2116614363,364.4300418924,0.0000065671,0.0000063224,400000,20260824,192,0.0355377590,0.0001917995,parity_forward
daily,JPM,2026-08-14,1530,essvi_g05,ok,,3M,0.2500000000,false,false,365.1915887817,365.2611646628,0.0001905188,0.0001035024,1.8407196518,32768,20260824,104,3.0000000000,true,2.2116614363,365.1902628544,-0.0000036308,0.0000312668,400000,20260824,192,0.0202222383,0.0045808617,parity_forward
daily,JPM,2026-08-14,1530,essvi_g05,ok,,6M,0.5000000000,false,false,368.2482521714,368.3474701328,0.0002694323,0.0001218235,2.2116614363,32768,20260824,104,3.0000000000,true,2.2116614363,368.2412626345,-0.0000189805,0.0000359040,400000,20260824,192,0.0267815039,0.0061342041,parity_forward
daily,JPM,2026-08-14,1530,essvi_gfree,ok,,1M,0.0833333333,false,false,364.4276486580,364.4209767472,-0.0000183079,0.0000266363,-0.6873299260,32768,20260824,104,3.0000000000,true,2.2061039550,364.4300706539,0.0000066460,0.0000071952,400000,20260824,192,0.0355377590,0.0001917995,parity_forward
daily,JPM,2026-08-14,1530,essvi_gfree,ok,,3M,0.2500000000,false,false,365.1915887817,365.2718811675,0.0002198637,0.0001146090,1.9183806535,32768,20260824,104,3.0000000000,true,2.2061039550,365.1894923351,-0.0000057407,0.0000345323,400000,20260824,192,0.0202222383,0.0045808617,parity_forward
daily,JPM,2026-08-14,1530,essvi_gfree,ok,,6M,0.5000000000,false,false,368.2482521714,368.3556221225,0.0002915695,0.0001321649,2.2061039550,32768,20260824,104,3.0000000000,true,2.2061039550,368.2403404633,-0.0000214847,0.0000389129,400000,20260824,192,0.0267815039,0.0061342041,parity_forward
daily,JPM,2026-08-14,1530,essvi_sg05,ok,,1M,0.0833333333,false,false,364.4276486580,364.4171092528,-0.0000289204,0.0000204561,-1.4137817575,32768,20260824,104,3.0000000000,true,2.0518020512,364.4307687057,0.0000085615,0.0000058154,400000,20260824,192,0.0355377590,0.0001917995,parity_forward
daily,JPM,2026-08-14,1530,essvi_sg05,ok,,3M,0.2500000000,false,false,365.1915887817,365.2615747435,0.0001916418,0.0001206791,1.5880273472,32768,20260824,104,3.0000000000,true,2.0518020512,365.1922140661,0.0000017122,0.0000361143,400000,20260824,192,0.0202222383,0.0045808617,parity_forward
daily,JPM,2026-08-14,1530,essvi_sg05,ok,,6M,0.5000000000,false,false,368.2482521714,368.3517127221,0.0002809533,0.0001369300,2.0518020512,32768,20260824,104,3.0000000000,true,2.0518020512,368.2458010703,-0.0000066561,0.0000402563,400000,20260824,192,0.0267815039,0.0061342041,parity_forward
daily,JPM,2026-08-17,1530,svi,ok,,1M,0.0833333333,false,false,364.0513616347,364.0447541204,-0.0000181500,0.0000382681,-0.4742846616,32768,20260824,104,3.0000000000,true,0.8921640122,364.0508318999,-0.0000014551,0.0000113739,400000,20260824,192,0.0433036426,-0.0004552722,parity_forward
daily,JPM,2026-08-17,1530,svi,ok,,3M,0.2500000000,false,false,365.2586765007,365.2632527652,0.0000125288,0.0000938654,0.1334765679,32768,20260824,104,3.0000000000,true,0.8921640122,365.2698797601,0.0000306721,0.0000265356,400000,20260824,192,0.0276779245,0.0026857216,parity_forward
daily,JPM,2026-08-17,1530,svi,ok,,6M,0.5000000000,false,false,368.0614924624,368.0965907797,0.0000953599,0.0001068861,0.8921640122,32768,20260824,104,3.0000000000,true,0.8921640122,368.0719385006,0.0000283812,0.0000303471,400000,20260824,192,0.0291273982,0.0050032414,parity_forward
daily,JPM,2026-08-17,1530,ssvi,ok,,1M,0.0833333333,false,false,364.0513616347,364.0484386838,-0.0000080290,0.0000363243,-0.2210352243,32768,20260824,104,3.0000000000,true,1.5457951006,364.0517807999,0.0000011514,0.0000108722,400000,20260824,192,0.0433036426,-0.0004552722,parity_forward
daily,JPM,2026-08-17,1530,ssvi,ok,,3M,0.2500000000,false,false,365.2586765007,365.2247031276,-0.0000930118,0.0000601709,-1.5457951006,32768,20260824,104,3.0000000000,true,1.5457951006,365.2603159387,0.0000044884,0.0000169600,400000,20260824,192,0.0276779245,0.0026857216,parity_forward
daily,JPM,2026-08-17,1530,ssvi,ok,,6M,0.5000000000,false,false,368.0614924624,368.0587209079,-0.0000075301,0.0000800220,-0.0941008110,32768,20260824,104,3.0000000000,true,1.5457951006,368.0620438236,0.0000014980,0.0000220941,400000,20260824,192,0.0291273982,0.0050032414,parity_forward
daily,JPM,2026-08-17,1530,essvi,ok,,1M,0.0833333333,false,false,364.0513616347,364.0474687618,-0.0000106932,0.0000302310,-0.3537159116,32768,20260824,104,3.0000000000,true,0.3537159116,364.0503440709,-0.0000027951,0.0000086686,400000,20260824,192,0.0433036426,-0.0004552722,parity_forward
daily,JPM,2026-08-17,1530,essvi,ok,,3M,0.2500000000,false,false,365.2586765007,365.2450676305,-0.0000372582,0.0001356701,-0.2746233500,32768,20260824,104,3.0000000000,true,0.3537159116,365.2416655384,-0.0000465724,0.0000392960,400000,20260824,192,0.0276779245,0.0026857216,parity_forward
daily,JPM,2026-08-17,1530,essvi,ok,,6M,0.5000000000,false,false,368.0614924624,368.0746217931,0.0000356716,0.0001481761,0.2407377441,32768,20260824,104,3.0000000000,true,0.3537159116,368.0448368338,-0.0000452523,0.0000424237,400000,20260824,192,0.0291273982,0.0050032414,parity_forward
daily,JPM,2026-08-17,1530,essvi_g05,ok,,1M,0.0833333333,false,false,364.0513616347,364.0485838403,-0.0000076302,0.0000256594,-0.2973656297,32768,20260824,104,3.0000000000,true,1.8554738236,364.0513792138,0.0000000483,0.0000068457,400000,20260824,192,0.0433036426,-0.0004552722,parity_forward
daily,JPM,2026-08-17,1530,essvi_g05,ok,,3M,0.2500000000,false,false,365.2586765007,365.3276577941,0.0001888560,0.0001345461,1.4036530453,32768,20260824,104,3.0000000000,true,1.8554738236,365.2622805935,0.0000098672,0.0000428275,400000,20260824,192,0.0276779245,0.0026857216,parity_forward
daily,JPM,2026-08-17,1530,essvi_g05,ok,,6M,0.5000000000,false,false,368.0614924624,368.1614008987,0.0002714450,0.0001462941,1.8554738236,32768,20260824,104,3.0000000000,true,1.8554738236,368.0716297453,0.0000275424,0.0000459315,400000,20260824,192,0.0291273982,0.0050032414,parity_forward
daily,JPM,2026-08-17,1530,essvi_gfree,ok,,1M,0.0833333333,false,false,364.0513616347,364.0485068548,-0.0000078417,0.0000274011,-0.2861813715,32768,20260824,104,3.0000000000,true,1.7227206248,364.0512269896,-0.0000003699,0.0000074121,400000,20260824,192,0.0433036426,-0.0004552722,parity_forward
daily,JPM,2026-08-17,1530,essvi_gfree,ok,,3M,0.2500000000,false,false,365.2586765007,365.3143070564,0.0001523045,0.0001194025,1.2755561032,32768,20260824,104,3.0000000000,true,1.7227206248,365.2618142331,0.0000085904,0.0000377323,400000,20260824,192,0.0276779245,0.0026857216,parity_forward
daily,JPM,2026-08-17,1530,essvi_gfree,ok,,6M,0.5000000000,false,false,368.0614924624,368.1453046779,0.0002277125,0.0001321819,1.7227206248,32768,20260824,104,3.0000000000,true,1.7227206248,368.0689050505,0.0000201395,0.0000410987,400000,20260824,192,0.0291273982,0.0050032414,parity_forward
daily,JPM,2026-08-17,1530,essvi_sg05,ok,,1M,0.0833333333,false,false,364.0513616347,364.0460412958,-0.0000146143,0.0000283297,-0.5158629455,32768,20260824,104,3.0000000000,true,1.8847552802,364.0509647345,-0.0000010902,0.0000077390,400000,20260824,192,0.0433036426,-0.0004552722,parity_forward
daily,JPM,2026-08-17,1530,essvi_sg05,ok,,3M,0.2500000000,false,false,365.2586765007,365.3736421454,0.0003147513,0.0001931044,1.6299538811,32768,20260824,104,3.0000000000,true,1.8847552802,365.2500111128,-0.0000237240,0.0000586321,400000,20260824,192,0.0276779245,0.0026857216,parity_forward
daily,JPM,2026-08-17,1530,essvi_sg05,ok,,6M,0.5000000000,false,false,368.0614924624,368.2039609877,0.0003870781,0.0002053731,1.8847552802,32768,20260824,104,3.0000000000,true,1.8847552802,368.0596941082,-0.0000048860,0.0000618354,400000,20260824,192,0.0291273982,0.0050032414,parity_forward
daily,JPM,2026-08-18,1530,svi,ok,,1M,0.0833333333,false,false,362.9190307680,362.9186442177,-0.0000010651,0.0000523036,-0.0203640791,32768,20260824,104,3.0000000000,true,0.3400370238,362.9097058778,-0.0000256941,0.0000158324,400000,20260824,192,0.0334102982,0.0003691376,parity_forward
daily,JPM,2026-08-18,1530,svi,ok,,3M,0.2500000000,false,false,363.6445647449,363.6418245197,-0.0000075354,0.0001016791,-0.0741101214,32768,20260824,104,3.0000000000,true,0.3400370238,363.6379742110,-0.0000181236,0.0000288070,400000,20260824,192,0.0191254319,0.0048567608,parity_forward
daily,JPM,2026-08-18,1530,svi,ok,,6M,0.5000000000,false,false,366.4137765605,366.4288145346,0.0000410410,0.0001206956,0.3400370238,32768,20260824,104,3.0000000000,true,0.3400370238,366.3933965607,-0.0000556202,0.0000346269,400000,20260824,192,0.0247353395,0.0072134872,parity_forward
daily,JPM,2026-08-18,1530,ssvi,ok,,1M,0.0833333333,false,false,362.9190307680,362.9158863080,-0.0000086644,0.0000345962,-0.2504424588,32768,20260824,104,3.0000000000,true,1.4941622931,362.9195431284,0.0000014118,0.0000107753,400000,20260824,192,0.0334102982,0.0003691376,parity_forward
daily,JPM,2026-08-18,1530,ssvi,ok,,3M,0.2500000000,false,false,363.6445647449,363.6142061712,-0.0000834842,0.0000558736,-1.4941622931,32768,20260824,104,3.0000000000,true,1.4941622931,363.6458154792,0.0000034394,0.0000163540,400000,20260824,192,0.0191254319,0.0048567608,parity_forward
daily,JPM,2026-08-18,1530,ssvi,ok,,6M,0.5000000000,false,false,366.4137765605,366.4151707942,0.0000038051,0.0000785603,0.0484351669,32768,20260824,104,3.0000000000,true,1.4941622931,366.4144568689,0.0000018567,0.0000220688,400000,20260824,192,0.0247353395,0.0072134872,parity_forward
daily,JPM,2026-08-18,1530,essvi,ok,,1M,0.0833333333,false,false,362.9190307680,362.9422102348,0.0000638695,0.0000712119,0.8968936992,32768,20260824,104,3.0000000000,true,1.2721393509,362.9088119459,-0.0000281573,0.0000205873,400000,20260824,192,0.0334102982,0.0003691376,parity_forward
daily,JPM,2026-08-18,1530,essvi,ok,,3M,0.2500000000,false,false,363.6445647449,363.6751217189,0.0000840298,0.0001348830,0.6229826504,32768,20260824,104,3.0000000000,true,1.2721393509,363.6377269369,-0.0000188035,0.0000434143,400000,20260824,192,0.0191254319,0.0048567608,parity_forward
daily,JPM,2026-08-18,1530,essvi,ok,,6M,0.5000000000,false,false,366.4137765605,366.4815103862,0.0001848561,0.0001453112,1.2721393509,32768,20260824,104,3.0000000000,true,1.2721393509,366.4003955199,-0.0000365189,0.0000460578,400000,20260824,192,0.0247353395,0.0072134872,parity_forward
daily,JPM,2026-08-18,1530,essvi_g05,ok,,1M,0.0833333333,false,false,362.9190307680,362.9057859467,-0.0000364953,0.0000237924,-1.5339043193,32768,20260824,104,3.0000000000,true,1.5339043193,362.9197918812,0.0000020972,0.0000076745,400000,20260824,192,0.0334102982,0.0003691376,parity_forward
daily,JPM,2026-08-18,1530,essvi_g05,ok,,3M,0.2500000000,false,false,363.6445647449,363.6180216602,-0.0000729918,0.0001000258,-0.7297300812,32768,20260824,104,3.0000000000,true,1.5339043193,363.6546032210,0.0000276052,0.0000277209,400000,20260824,192,0.0191254319,0.0048567608,parity_forward
daily,JPM,2026-08-18,1530,essvi_g05,ok,,6M,0.5000000000,false,false,366.4137765605,366.4336151558,0.0000541426,0.0001129747,0.4792455139,32768,20260824,104,3.0000000000,true,1.5339043193,366.4178465387,0.0000111076,0.0000314449,400000,20260824,192,0.0247353395,0.0072134872,parity_forward
daily,JPM,2026-08-18,1530,essvi_gfree,ok,,1M,0.0833333333,false,false,362.9190307680,362.9106052888,-0.0000232159,0.0000277221,-0.8374511639,32768,20260824,104,3.0000000000,true,0.8374511639,362.9189132285,-0.0000003239,0.0000089913,400000,20260824,192,0.0334102982,0.0003691376,parity_forward
daily,JPM,2026-08-18,1530,essvi_gfree,ok,,3M,0.2500000000,false,false,363.6445647449,363.6233954127,-0.0000582144,0.0000916615,-0.6351017214,32768,20260824,104,3.0000000000,true,0.8374511639,363.6528538927,0.0000227946,0.0000253806,400000,20260824,192,0.0191254319,0.0048567608,parity_forward
daily,JPM,2026-08-18,1530,essvi_gfree,ok,,6M,0.5000000000,false,false,366.4137765605,366.4363458513,0.0000615951,0.0001070296,0.5754959146,32768,20260824,104,3.0000000000,true,0.8374511639,366.4159290303,0.0000058744,0.0000296319,400000,20260824,192,0.0247353395,0.0072134872,parity_forward
daily,JPM,2026-08-18,1530,essvi_sg05,ok,,1M,0.0833333333,false,false,362.9190307680,362.9070979372,-0.0000328801,0.0000242261,-1.3572212245,32768,20260824,104,3.0000000000,true,1.3572212245,362.9194573942,0.0000011755,0.0000075627,400000,20260824,192,0.0334102982,0.0003691376,parity_forward
daily,JPM,2026-08-18,1530,essvi_sg05,ok,,3M,0.2500000000,false,false,363.6445647449,363.6648926877,0.0000559006,0.0001405294,0.3977857192,32768,20260824,104,3.0000000000,true,1.3572212245,363.6557714389,0.0000308177,0.0000374675,400000,20260824,192,0.0191254319,0.0048567608,parity_forward
daily,JPM,2026-08-18,1530,essvi_sg05,ok,,6M,0.5000000000,false,false,366.4137765605,366.4844625377,0.0001929130,0.0001492133,1.2928676417,32768,20260824,104,3.0000000000,true,1.3572212245,366.4232207372,0.0000257746,0.0000403959,400000,20260824,192,0.0247353395,0.0072134872,parity_forward
daily,JPM,2026-08-19,1530,svi,ok,,1M,0.0833333333,false,false,358.7325939050,358.7308037206,-0.0000049903,0.0000356224,-0.1400887930,32768,20260824,104,3.0000000000,true,1.3828426125,358.7236974440,-0.0000247997,0.0000105341,400000,20260824,192,0.0429810594,-0.0004367052,parity_forward
daily,JPM,2026-08-19,1530,svi,ok,,3M,0.2500000000,false,false,359.7405428883,359.7150388771,-0.0000708956,0.0000512680,-1.3828426125,32768,20260824,104,3.0000000000,true,1.3828426125,359.7336780100,-0.0000190829,0.0000145070,400000,20260824,192,0.0255502608,0.0032196111,parity_forward
daily,JPM,2026-08-19,1530,svi,ok,,6M,0.5000000000,false,false,362.8251969742,362.8432403974,0.0000497303,0.0002707700,0.1836627113,32768,20260824,104,3.0000000000,true,1.3828426125,362.9061371853,0.0002230832,0.0001698857,400000,20260824,192,0.0298513501,0.0045910501,parity_forward
daily,JPM,2026-08-19,1530,ssvi,ok,,1M,0.0833333333,false,false,358.7325939050,358.7297032634,-0.0000080579,0.0000257986,-0.3123401377,32768,20260824,104,3.0000000000,true,1.5253898324,358.7327915407,0.0000005509,0.0000075177,400000,20260824,192,0.0429810594,-0.0004367052,parity_forward
daily,JPM,2026-08-19,1530,ssvi,ok,,3M,0.2500000000,false,false,359.7405428883,359.7173710155,-0.0000644127,0.0000422271,-1.5253898324,32768,20260824,104,3.0000000000,true,1.5253898324,359.7423471014,0.0000050153,0.0000116508,400000,20260824,192,0.0255502608,0.0032196111,parity_forward
daily,JPM,2026-08-19,1530,ssvi,ok,,6M,0.5000000000,false,false,362.8251969742,362.8234158614,-0.0000049090,0.0000718544,-0.0683188908,32768,20260824,104,3.0000000000,true,1.5253898324,362.8263581816,0.0000032005,0.0000193813,400000,20260824,192,0.0298513501,0.0045910501,parity_forward
daily,JPM,2026-08-19,1530,essvi,ok,,1M,0.0833333333,false,false,358.7325939050,358.7394472125,0.0000191042,0.0000282669,0.6758523795,32768,20260824,104,3.0000000000,true,0.7559454206,358.7309985382,-0.0000044472,0.0000080526,400000,20260824,192,0.0429810594,-0.0004367052,parity_forward
daily,JPM,2026-08-19,1530,essvi,ok,,3M,0.2500000000,false,false,359.7405428883,359.7273814373,-0.0000365860,0.0000483976,-0.7559454206,32768,20260824,104,3.0000000000,true,0.7559454206,359.7405681492,0.0000000702,0.0000132749,400000,20260824,192,0.0255502608,0.0032196111,parity_forward
daily,JPM,2026-08-19,1530,essvi,ok,,6M,0.5000000000,false,false,362.8251969742,362.8308599214,0.0000156079,0.0000752733,0.2073500049,32768,20260824,104,3.0000000000,true,0.7559454206,362.8246743755,-0.0000014404,0.0000200854,400000,20260824,192,0.0298513501,0.0045910501,parity_forward
daily,JPM,2026-08-19,1530,essvi_g05,ok,,1M,0.0833333333,false,false,358.7325939050,358.7398059165,0.0000201041,0.0000252198,0.7971571359,32768,20260824,104,3.0000000000,true,0.7971571359,358.7303049791,-0.0000063806,0.0000073319,400000,20260824,192,0.0429810594,-0.0004367052,parity_forward
daily,JPM,2026-08-19,1530,essvi_g05,ok,,3M,0.2500000000,false,false,359.7405428883,359.7296353202,-0.0000303207,0.0000452719,-0.6697461820,32768,20260824,104,3.0000000000,true,0.7971571359,359.7395134551,-0.0000028616,0.0000125125,400000,20260824,192,0.0255502608,0.0032196111,parity_forward
daily,JPM,2026-08-19,1530,essvi_g05,ok,,6M,0.5000000000,false,false,362.8251969742,362.8360666905,0.0000299585,0.0000725590,0.4128852626,32768,20260824,104,3.0000000000,true,0.7971571359,362.8242856881,-0.0000025116,0.0000198283,400000,20260824,192,0.0298513501,0.0045910501,parity_forward
daily,JPM,2026-08-19,1530,essvi_gfree,ok,,1M,0.0833333333,false,false,358.7325939050,358.7386861194,0.0000169826,0.0000261390,0.6497044714,32768,20260824,104,3.0000000000,true,0.7379924842,358.7295766335,-0.0000084109,0.0000077265,400000,20260824,192,0.0429810594,-0.0004367052,parity_forward
daily,JPM,2026-08-19,1530,essvi_gfree,ok,,3M,0.2500000000,false,false,359.7405428883,359.7282453428,-0.0000341845,0.0000463209,-0.7379924842,32768,20260824,104,3.0000000000,true,0.7379924842,359.7387740132,-0.0000049171,0.0000128844,400000,20260824,192,0.0255502608,0.0032196111,parity_forward
daily,JPM,2026-08-19,1530,essvi_gfree,ok,,6M,0.5000000000,false,false,362.8251969742,362.8345509130,0.0000257808,0.0000752074,0.3427968105,32768,20260824,104,3.0000000000,true,0.7379924842,362.8233827004,-0.0000050004,0.0000206050,400000,20260824,192,0.0298513501,0.0045910501,parity_forward
daily,JPM,2026-08-19,1530,essvi_sg05,ok,,1M,0.0833333333,false,false,358.7325939050,358.7431570088,0.0000294456,0.0000245891,1.1975063402,32768,20260824,104,3.0000000000,true,1.1975063402,358.7312477038,-0.0000037527,0.0000070640,400000,20260824,192,0.0429810594,-0.0004367052,parity_forward
daily,JPM,2026-08-19,1530,essvi_sg05,ok,,3M,0.2500000000,false,false,359.7405428883,359.7330441758,-0.0000208448,0.0000428615,-0.4863291762,32768,20260824,104,3.0000000000,true,1.1975063402,359.7404250105,-0.0000003277,0.0000118383,400000,20260824,192,0.0255502608,0.0032196111,parity_forward
daily,JPM,2026-08-19,1530,essvi_sg05,ok,,6M,0.5000000000,false,false,362.8251969742,362.8409377732,0.0000433840,0.0000796156,0.5449182213,32768,20260824,104,3.0000000000,true,1.1975063402,362.8267835745,0.0000043729,0.0000218861,400000,20260824,192,0.0298513501,0.0045910501,parity_forward
daily,JPM,2026-08-20,1530,svi,ok,,1M,0.0833333333,false,false,354.9342725620,354.9256557143,-0.0000242773,0.0000744894,-0.3259164354,32768,20260824,104,3.0000000000,true,1.1392512861,354.9280884502,-0.0000174233,0.0000252823,400000,20260824,192,0.0402757205,-0.0002196382,parity_forward
daily,JPM,2026-08-20,1530,svi,ok,,3M,0.2500000000,false,false,355.6542552392,355.6651871648,0.0000307375,0.0001095261,0.2806408187,32768,20260824,104,3.0000000000,true,1.1392512861,355.6519593944,-0.0000064553,0.0000361437,400000,20260824,192,0.0215310048,0.0042277633,parity_forward
daily,JPM,2026-08-20,1530,svi,ok,,6M,0.5000000000,false,false,358.3818815650,358.4879319328,0.0002959144,0.0002597446,1.1392512861,32768,20260824,104,3.0000000000,true,1.1392512861,358.3789521567,-0.0000081740,0.0000776878,400000,20260824,192,0.0260456231,0.0065044696,parity_forward
daily,JPM,2026-08-20,1530,ssvi,ok,,1M,0.0833333333,false,false,354.9342725620,354.9304195753,-0.0000108555,0.0000284317,-0.3818094575,32768,20260824,104,3.0000000000,true,1.5203220105,354.9342259117,-0.0000001314,0.0000083900,400000,20260824,192,0.0402757205,-0.0002196382,parity_forward
daily,JPM,2026-08-20,1530,ssvi,ok,,3M,0.2500000000,false,false,355.6542552392,355.6290468769,-0.0000708788,0.0000466209,-1.5203220105,32768,20260824,104,3.0000000000,true,1.5203220105,355.6552084767,0.0000026802,0.0000130292,400000,20260824,192,0.0215310048,0.0042277633,parity_forward
daily,JPM,2026-08-20,1530,ssvi,ok,,6M,0.5000000000,false,false,358.3818815650,358.3791806044,-0.0000075365,0.0000731368,-0.1030472555,32768,20260824,104,3.0000000000,true,1.5203220105,358.3830248193,0.0000031900,0.0000200086,400000,20260824,192,0.0260456231,0.0065044696,parity_forward
daily,JPM,2026-08-20,1530,essvi,ok,,1M,0.0833333333,false,false,354.9342725620,354.9315951345,-0.0000075434,0.0000361717,-0.2085454309,32768,20260824,104,3.0000000000,true,1.7039372544,354.9333594905,-0.0000025725,0.0000110685,400000,20260824,192,0.0402757205,-0.0002196382,parity_forward
daily,JPM,2026-08-20,1530,essvi,ok,,3M,0.2500000000,false,false,355.6542552392,355.6140076273,-0.0001131650,0.0000664138,-1.7039372544,32768,20260824,104,3.0000000000,true,1.7039372544,355.6569212770,0.0000074962,0.0000191384,400000,20260824,192,0.0215310048,0.0042277633,parity_forward
daily,JPM,2026-08-20,1530,essvi,ok,,6M,0.5000000000,false,false,358.3818815650,358.3666574266,-0.0000424802,0.0000887105,-0.4788633382,32768,20260824,104,3.0000000000,true,1.7039372544,358.3879639002,0.0000169717,0.0000246731,400000,20260824,192,0.0260456231,0.0065044696,parity_forward
daily,JPM,2026-08-20,1530,essvi_g05,ok,,1M,0.0833333333,false,false,354.9342725620,354.9446235153,0.0000291630,0.0000309380,0.9426280777,32768,20260824,104,3.0000000000,true,0.9426280777,354.9274361538,-0.0000192611,0.0000094310,400000,20260824,192,0.0402757205,-0.0002196382,parity_forward
daily,JPM,2026-08-20,1530,essvi_g05,ok,,3M,0.2500000000,false,false,355.6542552392,355.6440810156,-0.0000286071,0.0000888472,-0.3219806373,32768,20260824,104,3.0000000000,true,0.9426280777,355.6516481716,-0.0000073303,0.0000265273,400000,20260824,192,0.0215310048,0.0042277633,parity_forward
daily,JPM,2026-08-20,1530,essvi_g05,ok,,6M,0.5000000000,false,false,358.3818815650,358.4038996162,0.0000614374,0.0001063553,0.5776619987,32768,20260824,104,3.0000000000,true,0.9426280777,358.3801087758,-0.0000049466,0.0000311524,400000,20260824,192,0.0260456231,0.0065044696,parity_forward
daily,JPM,2026-08-20,1530,essvi_gfree,ok,,1M,0.0833333333,false,false,354.9342725620,354.9386987794,0.0000124705,0.0000351443,0.3548376653,32768,20260824,104,3.0000000000,true,0.5259954955,354.9260880733,-0.0000230592,0.0000104530,400000,20260824,192,0.0402757205,-0.0002196382,parity_forward
daily,JPM,2026-08-20,1530,essvi_gfree,ok,,3M,0.2500000000,false,false,355.6542552392,355.6419280140,-0.0000346607,0.0000852056,-0.4067890402,32768,20260824,104,3.0000000000,true,0.5259954955,355.6501991738,-0.0000114045,0.0000251176,400000,20260824,192,0.0215310048,0.0042277633,parity_forward
daily,JPM,2026-08-20,1530,essvi_gfree,ok,,6M,0.5000000000,false,false,358.3818815650,358.4014724736,0.0000546649,0.0001039265,0.5259954955,32768,20260824,104,3.0000000000,true,0.5259954955,358.3787493789,-0.0000087398,0.0000300932,400000,20260824,192,0.0260456231,0.0065044696,parity_forward
daily,JPM,2026-08-20,1530,essvi_sg05,ok,,1M,0.0833333333,false,false,354.9342725620,354.9603353501,0.0000734299,0.0000324547,2.2625347576,32768,20260824,104,3.0000000000,true,2.2625347576,354.9265195086,-0.0000218436,0.0000117983,400000,20260824,192,0.0402757205,-0.0002196382,parity_forward
daily,JPM,2026-08-20,1530,essvi_sg05,ok,,3M,0.2500000000,false,false,355.6542552392,355.6788163886,0.0000690591,0.0001315531,0.5249519781,32768,20260824,104,3.0000000000,true,2.2625347576,355.6532541357,-0.0000028148,0.0000394303,400000,20260824,192,0.0215310048,0.0042277633,parity_forward
daily,JPM,2026-08-20,1530,essvi_sg05,ok,,6M,0.5000000000,false,false,358.3818815650,358.4428672229,0.0001701695,0.0001452342,1.1716900281,32768,20260824,104,3.0000000000,true,2.2625347576,358.3795493809,-0.0000065075,0.0000430903,400000,20260824,192,0.0260456231,0.0065044696,parity_forward
daily,JPM,2026-08-21,1530,svi,ok,,1M,0.0833333333,false,false,353.2323245919,353.2571939344,0.0000704051,0.0003104839,0.2267591368,32768,20260824,104,3.0000000000,true,0.3353897179,353.2408503399,0.0000241364,0.0000448588,400000,20260824,192,0.0330773336,0.0004052052,parity_forward
daily,JPM,2026-08-21,1530,svi,ok,,3M,0.2500000000,false,false,353.6762808699,353.7168686609,0.0001147597,0.0005045390,0.2274546163,32768,20260824,104,3.0000000000,true,0.3353897179,353.6812682320,0.0000141015,0.0000531934,400000,20260824,192,0.0160499785,0.0056284433,parity_forward
daily,JPM,2026-08-21,1530,svi,ok,,6M,0.5000000000,false,false,356.6098505826,356.6841557637,0.0002083655,0.0006212638,0.3353897179,32768,20260824,104,3.0000000000,true,0.3353897179,356.6251070721,0.0000427820,0.0000612862,400000,20260824,192,0.0245455787,0.0072596535,parity_forward
daily,JPM,2026-08-21,1530,ssvi,ok,,1M,0.0833333333,false,false,353.2323245919,353.2264509963,-0.0000166281,0.0000393208,-0.4228836926,32768,20260824,104,3.0000000000,true,1.5234261442,353.2321813944,-0.0000004054,0.0000120283,400000,20260824,192,0.0330773336,0.0004052052,parity_forward
daily,JPM,2026-08-21,1530,ssvi,ok,,3M,0.2500000000,false,false,353.6762808699,353.6418929344,-0.0000972300,0.0000638232,-1.5234261442,32768,20260824,104,3.0000000000,true,1.5234261442,353.6778707900,0.0000044954,0.0000184165,400000,20260824,192,0.0160499785,0.0056284433,parity_forward
daily,JPM,2026-08-21,1530,ssvi,ok,,6M,0.5000000000,false,false,356.6098505826,356.6081937132,-0.0000046462,0.0000844000,-0.0550493787,32768,20260824,104,3.0000000000,true,1.5234261442,356.6112697442,0.0000039796,0.0000237593,400000,20260824,192,0.0245455787,0.0072596535,parity_forward
daily,JPM,2026-08-21,1530,essvi,ok,,1M,0.0833333333,false,false,353.2323245919,353.1938541755,-0.0001089097,0.0000487409,-2.2344609842,32768,20260824,104,3.0000000000,true,2.2344609842,353.2308233093,-0.0000042501,0.0000157223,400000,20260824,192,0.0330773336,0.0004052052,parity_forward
daily,JPM,2026-08-21,1530,essvi,ok,,3M,0.2500000000,false,false,353.6762808699,353.6255077263,-0.0001435582,0.0000819768,-1.7512055964,32768,20260824,104,3.0000000000,true,2.2344609842,353.6786891283,0.0000068092,0.0000234949,400000,20260824,192,0.0160499785,0.0056284433,parity_forward
daily,JPM,2026-08-21,1530,essvi,ok,,6M,0.5000000000,false,false,356.6098505826,356.5932462906,-0.0000465615,0.0001012745,-0.4597554299,32768,20260824,104,3.0000000000,true,2.2344609842,356.6096850511,-0.0000004642,0.0000285791,400000,20260824,192,0.0245455787,0.0072596535,parity_forward
daily,JPM,2026-08-21,1530,essvi_g05,ok,,1M,0.0833333333,false,false,353.2323245919,353.1777808973,-0.0001544131,0.0000710001,-2.1748290212,32768,20260824,104,3.0000000000,true,2.8132395260,353.2260497890,-0.0000177640,0.0000187457,400000,20260824,192,0.0330773336,0.0004052052,parity_forward
daily,JPM,2026-08-21,1530,essvi_g05,ok,,3M,0.2500000000,false,false,353.6762808699,353.5894956997,-0.0002453802,0.0000872234,-2.8132395260,32768,20260824,104,3.0000000000,true,2.8132395260,353.6718155946,-0.0000126253,0.0000231247,400000,20260824,192,0.0160499785,0.0056284433,parity_forward
daily,JPM,2026-08-21,1530,essvi_g05,ok,,6M,0.5000000000,false,false,356.6098505826,356.5618656652,-0.0001345586,0.0001059976,-1.2694491376,32768,20260824,104,3.0000000000,true,2.8132395260,356.6060053463,-0.0000107828,0.0000286229,400000,20260824,192,0.0245455787,0.0072596535,parity_forward
daily,JPM,2026-08-21,1530,essvi_gfree,ok,,1M,0.0833333333,false,false,353.2323245919,353.1784418686,-0.0001525419,0.0000698615,-2.1834914127,32768,20260824,104,3.0000000000,true,2.5852685950,353.2269910603,-0.0000150992,0.0000191409,400000,20260824,192,0.0330773336,0.0004052052,parity_forward
daily,JPM,2026-08-21,1530,essvi_gfree,ok,,3M,0.2500000000,false,false,353.6762808699,353.5913988710,-0.0002399991,0.0000928333,-2.5852685950,32768,20260824,104,3.0000000000,true,2.5852685950,353.6724339989,-0.0000108768,0.0000247088,400000,20260824,192,0.0160499785,0.0056284433,parity_forward
daily,JPM,2026-08-21,1530,essvi_gfree,ok,,6M,0.5000000000,false,false,356.6098505826,356.5623739322,-0.0001331333,0.0001108947,-1.2005379502,32768,20260824,104,3.0000000000,true,2.5852685950,356.6066744662,-0.0000089064,0.0000299783,400000,20260824,192,0.0245455787,0.0072596535,parity_forward
daily,JPM,2026-08-21,1530,essvi_sg05,ok,,1M,0.0833333333,false,false,353.2323245919,353.1692573077,-0.0001785434,0.0000784410,-2.2761487974,32768,20260824,104,3.0000000000,true,2.6828825787,353.2273290418,-0.0000141424,0.0000216644,400000,20260824,192,0.0330773336,0.0004052052,parity_forward
daily,JPM,2026-08-21,1530,essvi_sg05,ok,,3M,0.2500000000,false,false,353.6762808699,353.5772960037,-0.0002798742,0.0001043185,-2.6828825787,32768,20260824,104,3.0000000000,true,2.6828825787,353.6732904089,-0.0000084554,0.0000277385,400000,20260824,192,0.0160499785,0.0056284433,parity_forward
daily,JPM,2026-08-21,1530,essvi_sg05,ok,,6M,0.5000000000,false,false,356.6098505826,356.5476313133,-0.0001744743,0.0001218931,-1.4313716620,32768,20260824,104,3.0000000000,true,2.6828825787,356.6083975422,-0.0000040746,0.0000329352,400000,20260824,192,0.0245455787,0.0072596535,parity_forward
daily,JPM,2026-08-24,1538,svi,ok,,1M,0.0833333333,false,false,356.7460606455,356.7594700438,0.0000375881,0.0000405181,0.9276852203,32768,20260824,104,3.0000000000,true,1.4291970385,356.7459596838,-0.0000002830,0.0000120386,400000,20260824,192,0.0305162680,0.0006187366,parity_forward
daily,JPM,2026-08-24,1538,svi,ok,,3M,0.2500000000,false,false,357.5878184061,357.5944339880,0.0000185006,0.0000793818,0.2330580798,32768,20260824,104,3.0000000000,true,1.4291970385,357.5885728526,0.0000021098,0.0000237776,400000,20260824,192,0.0195991449,0.0047614305,parity_forward
daily,JPM,2026-08-24,1538,svi,ok,,6M,0.5000000000,false,false,360.4069379569,360.4571002974,0.0001391825,0.0000973851,1.4291970385,32768,20260824,104,3.0000000000,true,1.4291970385,360.4092119725,0.0000063096,0.0000277597,400000,20260824,192,0.0255051693,0.0068266740,parity_forward
daily,JPM,2026-08-24,1538,ssvi,ok,,1M,0.0833333333,false,false,356.7460606455,356.7349196697,-0.0000312294,0.0000389111,-0.8025837372,32768,20260824,104,3.0000000000,true,1.8199862928,356.7476653061,0.0000044980,0.0000119272,400000,20260824,192,0.0305162680,0.0006187366,parity_forward
daily,JPM,2026-08-24,1538,ssvi,ok,,3M,0.2500000000,false,false,357.5878184061,357.5466638680,-0.0001150893,0.0000632364,-1.8199862928,32768,20260824,104,3.0000000000,true,1.8199862928,357.5908498984,0.0000084776,0.0000183198,400000,20260824,192,0.0195991449,0.0047614305,parity_forward
daily,JPM,2026-08-24,1538,ssvi,ok,,6M,0.5000000000,false,false,360.4069379569,360.4055638874,-0.0000038126,0.0000891654,-0.0427582009,32768,20260824,104,3.0000000000,true,1.8199862928,360.4103585867,0.0000094910,0.0000249792,400000,20260824,192,0.0255051693,0.0068266740,parity_forward
daily,JPM,2026-08-24,1538,essvi,ok,,1M,0.0833333333,false,false,356.7460606455,356.7333574595,-0.0000356085,0.0000637100,-0.5589153347,32768,20260824,104,3.0000000000,true,1.3889746513,356.7319890517,-0.0000394443,0.0000218609,400000,20260824,192,0.0305162680,0.0006187366,parity_forward
daily,JPM,2026-08-24,1538,essvi,ok,,3M,0.2500000000,false,false,357.5878184061,357.5487247168,-0.0001093261,0.0000787099,-1.3889746513,32768,20260824,104,3.0000000000,true,1.3889746513,357.5744996850,-0.0000372460,0.0000254473,400000,20260824,192,0.0195991449,0.0047614305,parity_forward
daily,JPM,2026-08-24,1538,essvi,ok,,6M,0.5000000000,false,false,360.4069379569,360.4154909312,0.0000237314,0.0000983106,0.2413924555,32768,20260824,104,3.0000000000,true,1.3889746513,360.3916166948,-0.0000425110,0.0000299202,400000,20260824,192,0.0255051693,0.0068266740,parity_forward
daily,JPM,2026-08-24,1538,essvi_g05,ok,,1M,0.0833333333,false,false,356.7460606455,356.7373997506,-0.0000242775,0.0000358109,-0.6779356507,32768,20260824,104,3.0000000000,true,1.5903640807,356.7462119575,0.0000004241,0.0000099355,400000,20260824,192,0.0305162680,0.0006187366,parity_forward
daily,JPM,2026-08-24,1538,essvi_g05,ok,,3M,0.2500000000,false,false,357.5878184061,357.5548997330,-0.0000920576,0.0000578846,-1.5903640807,32768,20260824,104,3.0000000000,true,1.5903640807,357.5888644805,0.0000029254,0.0000161144,400000,20260824,192,0.0195991449,0.0047614305,parity_forward
daily,JPM,2026-08-24,1538,essvi_g05,ok,,6M,0.5000000000,false,false,360.4069379569,360.4200049173,0.0000362561,0.0000814582,0.4450884851,32768,20260824,104,3.0000000000,true,1.5903640807,360.4074506986,0.0000014227,0.0000223278,400000,20260824,192,0.0255051693,0.0068266740,parity_forward
daily,JPM,2026-08-24,1538,essvi_gfree,ok,,1M,0.0833333333,false,false,356.7460606455,356.7365837360,-0.0000265649,0.0000363897,-0.7300099259,32768,20260824,104,3.0000000000,true,1.6298590895,356.7465131018,0.0000012683,0.0000102322,400000,20260824,192,0.0305162680,0.0006187366,parity_forward
daily,JPM,2026-08-24,1538,essvi_gfree,ok,,3M,0.2500000000,false,false,357.5878184061,357.5539497340,-0.0000947143,0.0000581119,-1.6298590895,32768,20260824,104,3.0000000000,true,1.6298590895,357.5895390634,0.0000048118,0.0000162388,400000,20260824,192,0.0195991449,0.0047614305,parity_forward
daily,JPM,2026-08-24,1538,essvi_gfree,ok,,6M,0.5000000000,false,false,360.4069379569,360.4191508100,0.0000338863,0.0000836134,0.4052736466,32768,20260824,104,3.0000000000,true,1.6298590895,360.4082929775,0.0000037597,0.0000229679,400000,20260824,192,0.0255051693,0.0068266740,parity_forward
daily,JPM,2026-08-24,1538,essvi_sg05,ok,,1M,0.0833333333,false,false,356.7460606455,356.7362583494,-0.0000274770,0.0000374839,-0.7330342074,32768,20260824,104,3.0000000000,true,1.3512070564,356.7468052325,0.0000020872,0.0000101056,400000,20260824,192,0.0305162680,0.0006187366,parity_forward
daily,JPM,2026-08-24,1538,essvi_sg05,ok,,3M,0.2500000000,false,false,357.5878184061,357.5587981547,-0.0000811556,0.0000600616,-1.3512070564,32768,20260824,104,3.0000000000,true,1.3512070564,357.5896697942,0.0000051774,0.0000164431,400000,20260824,192,0.0195991449,0.0047614305,parity_forward
daily,JPM,2026-08-24,1538,essvi_sg05,ok,,6M,0.5000000000,false,false,360.4069379569,360.4239704382,0.0000472590,0.0000932431,0.5068368938,32768,20260824,104,3.0000000000,true,1.3512070564,360.4105848609,0.0000101189,0.0000255952,400000,20260824,192,0.0255051693,0.0068266740,parity_forward
daily,JPM,2026-08-25,1530,svi,ok,,1M,0.0833333333,false,false,357.6596638907,357.6422538742,-0.0000486776,0.0000321111,-1.5159120035,32768,20260824,104,3.0000000000,true,1.5159120035,357.6608185563,0.0000032284,0.0000097261,400000,20260824,192,0.0319083398,0.0004943549,parity_forward
daily,JPM,2026-08-25,1530,svi,ok,,3M,0.2500000000,false,false,358.8950133152,358.8628297479,-0.0000896740,0.0000690625,-1.2984469284,32768,20260824,104,3.0000000000,true,1.5159120035,358.8961294749,0.0000031100,0.0000206275,400000,20260824,192,0.0244282292,0.0035246991,parity_forward
daily,JPM,2026-08-25,1530,svi,ok,,6M,0.5000000000,false,false,361.4114991850,361.4180654085,0.0000181683,0.0001166548,0.1557439274,32768,20260824,104,3.0000000000,true,1.5159120035,361.4155399516,0.0000111805,0.0000352362,400000,20260824,192,0.0261886994,0.0065311937,parity_forward
daily,JPM,2026-08-25,1530,ssvi,ok,,1M,0.0833333333,false,false,357.6596638907,357.6534739187,-0.0000173069,0.0000327087,-0.5291217482,32768,20260824,104,3.0000000000,true,1.6789393362,357.6605338306,0.0000024323,0.0000101319,400000,20260824,192,0.0319083398,0.0004943549,parity_forward
daily,JPM,2026-08-25,1530,ssvi,ok,,3M,0.2500000000,false,false,358.8950133152,358.8629916919,-0.0000892228,0.0000531424,-1.6789393362,32768,20260824,104,3.0000000000,true,1.6789393362,358.8970932138,0.0000057953,0.0000154491,400000,20260824,192,0.0244282292,0.0035246991,parity_forward
daily,JPM,2026-08-25,1530,ssvi,ok,,6M,0.5000000000,false,false,361.4114991850,361.4139421528,0.0000067595,0.0000777951,0.0868887789,32768,20260824,104,3.0000000000,true,1.6789393362,361.4123683911,0.0000024050,0.0000219511,400000,20260824,192,0.0261886994,0.0065311937,parity_forward
daily,JPM,2026-08-25,1530,essvi,ok,,1M,0.0833333333,false,false,357.6596638907,357.6699127540,0.0000286554,0.0000392066,0.7308811800,32768,20260824,104,3.0000000000,true,0.8509029525,357.6574791195,-0.0000061085,0.0000117131,400000,20260824,192,0.0319083398,0.0004943549,parity_forward
daily,JPM,2026-08-25,1530,essvi,ok,,3M,0.2500000000,false,false,358.8950133152,358.8756423938,-0.0000539738,0.0000634312,-0.8509029525,32768,20260824,104,3.0000000000,true,0.8509029525,358.8945308718,-0.0000013442,0.0000184047,400000,20260824,192,0.0244282292,0.0035246991,parity_forward
daily,JPM,2026-08-25,1530,essvi,ok,,6M,0.5000000000,false,false,361.4114991850,361.4323923473,0.0000578099,0.0000823213,0.7022475542,32768,20260824,104,3.0000000000,true,0.8509029525,361.4105089793,-0.0000027398,0.0000232969,400000,20260824,192,0.0261886994,0.0065311937,parity_forward
daily,JPM,2026-08-25,1530,essvi_g05,ok,,1M,0.0833333333,false,false,357.6596638907,357.6473859417,-0.0000343286,0.0000276386,-1.2420499053,32768,20260824,104,3.0000000000,true,1.8714014925,357.6627352625,0.0000085874,0.0000096337,400000,20260824,192,0.0319083398,0.0004943549,parity_forward
daily,JPM,2026-08-25,1530,essvi_g05,ok,,3M,0.2500000000,false,false,358.8950133152,358.8573808020,-0.0001048566,0.0000560311,-1.8714014925,32768,20260824,104,3.0000000000,true,1.8714014925,358.8989026433,0.0000108370,0.0000170792,400000,20260824,192,0.0244282292,0.0035246991,parity_forward
daily,JPM,2026-08-25,1530,essvi_g05,ok,,6M,0.5000000000,false,false,361.4114991850,361.4122291848,0.0000020199,0.0000771528,0.0261799659,32768,20260824,104,3.0000000000,true,1.8714014925,361.4149596878,0.0000095750,0.0000223878,400000,20260824,192,0.0261886994,0.0065311937,parity_forward
daily,JPM,2026-08-25,1530,essvi_gfree,ok,,1M,0.0833333333,false,false,357.6596638907,357.6506268368,-0.0000252672,0.0000288638,-0.8753930290,32768,20260824,104,3.0000000000,true,1.7477230356,357.6616824996,0.0000056439,0.0000098429,400000,20260824,192,0.0319083398,0.0004943549,parity_forward
daily,JPM,2026-08-25,1530,essvi_gfree,ok,,3M,0.2500000000,false,false,358.8950133152,358.8589512213,-0.0001004809,0.0000574925,-1.7477230356,32768,20260824,104,3.0000000000,true,1.7477230356,358.8981376608,0.0000087055,0.0000173833,400000,20260824,192,0.0244282292,0.0035246991,parity_forward
daily,JPM,2026-08-25,1530,essvi_gfree,ok,,6M,0.5000000000,false,false,361.4114991850,361.4142718620,0.0000076718,0.0000804251,0.0953906625,32768,20260824,104,3.0000000000,true,1.7477230356,361.4139471463,0.0000067733,0.0000232284,400000,20260824,192,0.0261886994,0.0065311937,parity_forward
daily,JPM,2026-08-25,1530,essvi_sg05,ok,,1M,0.0833333333,false,false,357.6596638907,357.5683613426,-0.0002552777,0.0001292649,-1.9748419061,32768,20260824,104,3.0000000000,true,2.2115259385,357.6807756417,0.0000590275,0.0000310912,400000,20260824,192,0.0319083398,0.0004943549,parity_forward
daily,JPM,2026-08-25,1530,essvi_sg05,ok,,3M,0.2500000000,false,false,358.8950133152,358.7825872696,-0.0003132561,0.0001416470,-2.2115259385,32768,20260824,104,3.0000000000,true,2.2115259385,358.9165325990,0.0000599598,0.0000350155,400000,20260824,192,0.0244282292,0.0035246991,parity_forward
daily,JPM,2026-08-25,1530,essvi_sg05,ok,,6M,0.5000000000,false,false,361.4114991850,361.3299778132,-0.0002255639,0.0001566994,-1.4394689879,32768,20260824,104,3.0000000000,true,2.2115259385,361.4330785376,0.0000597085,0.0000400757,400000,20260824,192,0.0261886994,0.0065311937,parity_forward
daily,JPM,2026-08-26,1530,svi,ok,,1M,0.0833333333,false,false,358.5156924864,358.5426660498,0.0000752368,0.0000440354,1.7085527511,32768,20260824,104,3.0000000000,true,1.7085527511,358.5192420648,0.0000099008,0.0000143588,400000,20260824,192,0.0484870886,-0.0008869361,parity_forward
daily,JPM,2026-08-26,1530,svi,ok,,3M,0.2500000000,false,false,359.1805885599,359.1863518834,0.0000160458,0.0000948714,0.1691315972,32768,20260824,104,3.0000000000,true,1.7085527511,359.1888715281,0.0000230607,0.0000278893,400000,20260824,192,0.0235738129,0.0037146299,parity_forward
daily,JPM,2026-08-26,1530,svi,ok,,6M,0.5000000000,false,false,361.8454683226,361.8837496077,0.0001057946,0.0001059850,0.9982027562,32768,20260824,104,3.0000000000,true,1.7085527511,361.8494060755,0.0000108824,0.0000310189,400000,20260824,192,0.0265707932,0.0062895643,parity_forward
daily,JPM,2026-08-26,1530,ssvi,ok,,1M,0.0833333333,false,false,358.5156924864,358.5097973303,-0.0000164432,0.0000394323,-0.4169990285,32768,20260824,104,3.0000000000,true,1.6629282764,358.5163795464,0.0000019164,0.0000119442,400000,20260824,192,0.0484870886,-0.0008869361,parity_forward
daily,JPM,2026-08-26,1530,ssvi,ok,,3M,0.2500000000,false,false,359.1805885599,359.1416359813,-0.0001084485,0.0000652154,-1.6629282764,32768,20260824,104,3.0000000000,true,1.6629282764,359.1836973967,0.0000086554,0.0000184441,400000,20260824,192,0.0235738129,0.0037146299,parity_forward
daily,JPM,2026-08-26,1530,ssvi,ok,,6M,0.5000000000,false,false,361.8454683226,361.8372691837,-0.0000226592,0.0000875607,-0.2587831089,32768,20260824,104,3.0000000000,true,1.6629282764,361.8480868217,0.0000072365,0.0000241625,400000,20260824,192,0.0265707932,0.0062895643,parity_forward
daily,JPM,2026-08-26,1530,essvi,ok,,1M,0.0833333333,false,false,358.5156924864,358.5405344621,0.0000692912,0.0000791485,0.8754584516,32768,20260824,104,3.0000000000,true,0.8754584516,358.5168619723,0.0000032620,0.0000204361,400000,20260824,192,0.0484870886,-0.0008869361,parity_forward
daily,JPM,2026-08-26,1530,essvi,ok,,3M,0.2500000000,false,false,359.1805885599,359.1645846343,-0.0000445568,0.0001205284,-0.3696785653,32768,20260824,104,3.0000000000,true,0.8754584516,359.1938362447,0.0000368831,0.0000304837,400000,20260824,192,0.0235738129,0.0037146299,parity_forward
daily,JPM,2026-08-26,1530,essvi,ok,,6M,0.5000000000,false,false,361.8454683226,361.8647501402,0.0000532874,0.0001319933,0.4037130782,32768,20260824,104,3.0000000000,true,0.8754584516,361.8574097230,0.0000330014,0.0000345093,400000,20260824,192,0.0265707932,0.0062895643,parity_forward
daily,JPM,2026-08-26,1530,essvi_g05,ok,,1M,0.0833333333,false,false,358.5156924864,358.5191974130,0.0000097762,0.0000281284,0.3475568404,32768,20260824,104,3.0000000000,true,1.4325929011,358.5139017275,-0.0000049949,0.0000086555,400000,20260824,192,0.0484870886,-0.0008869361,parity_forward
daily,JPM,2026-08-26,1530,essvi_g05,ok,,3M,0.2500000000,false,false,359.1805885599,359.1468903406,-0.0000938197,0.0000654894,-1.4325929011,32768,20260824,104,3.0000000000,true,1.4325929011,359.1799913198,-0.0000016628,0.0000190534,400000,20260824,192,0.0235738129,0.0037146299,parity_forward
daily,JPM,2026-08-26,1530,essvi_g05,ok,,6M,0.5000000000,false,false,361.8454683226,361.8489754383,0.0000096923,0.0000850482,0.1139624694,32768,20260824,104,3.0000000000,true,1.4325929011,361.8454119946,-0.0000001557,0.0000243277,400000,20260824,192,0.0265707932,0.0062895643,parity_forward
daily,JPM,2026-08-26,1530,essvi_gfree,ok,,1M,0.0833333333,false,false,358.5156924864,358.5177204769,0.0000056566,0.0000267473,0.2114844452,32768,20260824,104,3.0000000000,true,1.6032661598,358.5146740477,-0.0000028407,0.0000079601,400000,20260824,192,0.0484870886,-0.0008869361,parity_forward
daily,JPM,2026-08-26,1530,essvi_gfree,ok,,3M,0.2500000000,false,false,359.1805885599,359.1431775891,-0.0001041564,0.0000649652,-1.6032661598,32768,20260824,104,3.0000000000,true,1.6032661598,359.1809684699,0.0000010577,0.0000187219,400000,20260824,192,0.0235738129,0.0037146299,parity_forward
daily,JPM,2026-08-26,1530,essvi_gfree,ok,,6M,0.5000000000,false,false,361.8454683226,361.8448995888,-0.0000015718,0.0000864857,-0.0181736264,32768,20260824,104,3.0000000000,true,1.6032661598,361.8458667157,0.0000011010,0.0000243935,400000,20260824,192,0.0265707932,0.0062895643,parity_forward
daily,JPM,2026-08-26,1530,essvi_sg05,ok,,1M,0.0833333333,false,false,358.5156924864,358.5210754134,0.0000150145,0.0000328005,0.4577509212,32768,20260824,104,3.0000000000,true,1.0949303236,358.5139598573,-0.0000048328,0.0000104933,400000,20260824,192,0.0484870886,-0.0008869361,parity_forward
daily,JPM,2026-08-26,1530,essvi_sg05,ok,,3M,0.2500000000,false,false,359.1805885599,359.1562800968,-0.0000676776,0.0000618099,-1.0949303236,32768,20260824,104,3.0000000000,true,1.0949303236,359.1812131326,0.0000017389,0.0000178757,400000,20260824,192,0.0235738129,0.0037146299,parity_forward
daily,JPM,2026-08-26,1530,essvi_sg05,ok,,6M,0.5000000000,false,false,361.8454683226,361.8561233903,0.0000294465,0.0000851930,0.3456440110,32768,20260824,104,3.0000000000,true,1.0949303236,361.8475757452,0.0000058241,0.0000243792,400000,20260824,192,0.0265707932,0.0062895643,parity_forward
daily,JPM,2026-08-27,1530,svi,ok,,1M,0.0833333333,false,false,356.0899595897,356.0923288185,0.0000066535,0.0000540281,0.1231480248,32768,20260824,104,3.0000000000,true,1.0600041568,356.1085073870,0.0000520874,0.0000253629,400000,20260824,192,0.0477782065,-0.0008196136,parity_forward
daily,JPM,2026-08-27,1530,svi,ok,,3M,0.2500000000,false,false,356.6215991075,356.5900734275,-0.0000884009,0.0000833968,-1.0600041568,32768,20260824,104,3.0000000000,true,1.0600041568,356.6393050937,0.0000496492,0.0000314652,400000,20260824,192,0.0218935839,0.0041118766,parity_forward
daily,JPM,2026-08-27,1530,svi,ok,,6M,0.5000000000,false,false,359.6945449439,359.6835321146,-0.0000306172,0.0000982021,-0.3117772596,32768,20260824,104,3.0000000000,true,1.0600041568,359.7188523648,0.0000675780,0.0000372799,400000,20260824,192,0.0281066156,0.0054678047,parity_forward
daily,JPM,2026-08-27,1530,ssvi,ok,,1M,0.0833333333,false,false,356.0899595897,356.0859236963,-0.0000113339,0.0000382936,-0.2959742078,32768,20260824,104,3.0000000000,true,1.5377235545,356.0904449576,0.0000013630,0.0000115143,400000,20260824,192,0.0477782065,-0.0008196136,parity_forward
daily,JPM,2026-08-27,1530,ssvi,ok,,3M,0.2500000000,false,false,356.6215991075,356.5874370524,-0.0000957936,0.0000622957,-1.5377235545,32768,20260824,104,3.0000000000,true,1.5377235545,356.6232817474,0.0000047183,0.0000178594,400000,20260824,192,0.0218935839,0.0041118766,parity_forward
daily,JPM,2026-08-27,1530,ssvi,ok,,6M,0.5000000000,false,false,359.6945449439,359.6886181235,-0.0000164774,0.0000835534,-0.1972075663,32768,20260824,104,3.0000000000,true,1.5377235545,359.6964641779,0.0000053357,0.0000235376,400000,20260824,192,0.0281066156,0.0054678047,parity_forward
daily,JPM,2026-08-27,1530,essvi,ok,,1M,0.0833333333,false,false,356.0899595897,356.0801816023,-0.0000274593,0.0000419998,-0.6537968410,32768,20260824,104,3.0000000000,true,1.7438904573,356.0928481299,0.0000081118,0.0000123111,400000,20260824,192,0.0477782065,-0.0008196136,parity_forward
daily,JPM,2026-08-27,1530,essvi,ok,,3M,0.2500000000,false,false,356.6215991075,356.5816887197,-0.0001119124,0.0000641740,-1.7438904573,32768,20260824,104,3.0000000000,true,1.7438904573,356.6269693148,0.0000150586,0.0000185580,400000,20260824,192,0.0218935839,0.0041118766,parity_forward
daily,JPM,2026-08-27,1530,essvi,ok,,6M,0.5000000000,false,false,359.6945449439,359.6936418627,-0.0000025107,0.0000859175,-0.0292220823,32768,20260824,104,3.0000000000,true,1.7438904573,359.7015493956,0.0000194733,0.0000242864,400000,20260824,192,0.0281066156,0.0054678047,parity_forward
daily,JPM,2026-08-27,1530,essvi_g05,ok,,1M,0.0833333333,false,false,356.0899595897,356.0756412533,-0.0000402099,0.0000371924,-1.0811322199,32768,20260824,104,3.0000000000,true,1.9213840841,356.0906409316,0.0000019134,0.0000108788,400000,20260824,192,0.0477782065,-0.0008196136,parity_forward
daily,JPM,2026-08-27,1530,essvi_g05,ok,,3M,0.2500000000,false,false,356.6215991075,356.5767470371,-0.0001257694,0.0000654577,-1.9213840841,32768,20260824,104,3.0000000000,true,1.9213840841,356.6265188724,0.0000137955,0.0000192842,400000,20260824,192,0.0218935839,0.0041118766,parity_forward
daily,JPM,2026-08-27,1530,essvi_g05,ok,,6M,0.5000000000,false,false,359.6945449439,359.6854725909,-0.0000252224,0.0000862478,-0.2924407558,32768,20260824,104,3.0000000000,true,1.9213840841,359.7021102673,0.0000210326,0.0000248747,400000,20260824,192,0.0281066156,0.0054678047,parity_forward
daily,JPM,2026-08-27,1530,essvi_gfree,ok,,1M,0.0833333333,false,false,356.0899595897,356.0755901289,-0.0000403535,0.0000346504,-1.1645893736,32768,20260824,104,3.0000000000,true,2.0617921654,356.0906563392,0.0000019567,0.0000101791,400000,20260824,192,0.0477782065,-0.0008196136,parity_forward
daily,JPM,2026-08-27,1530,essvi_gfree,ok,,3M,0.2500000000,false,false,356.6215991075,356.5773347657,-0.0001241213,0.0000602007,-2.0617921654,32768,20260824,104,3.0000000000,true,2.0617921654,356.6253566129,0.0000105364,0.0000175563,400000,20260824,192,0.0218935839,0.0041118766,parity_forward
daily,JPM,2026-08-27,1530,essvi_gfree,ok,,6M,0.5000000000,false,false,359.6945449439,359.6882280705,-0.0000175618,0.0000835416,-0.2102157877,32768,20260824,104,3.0000000000,true,2.0617921654,359.7004416366,0.0000163936,0.0000238313,400000,20260824,192,0.0281066156,0.0054678047,parity_forward
daily,JPM,2026-08-27,1530,essvi_sg05,ok,,1M,0.0833333333,false,false,356.0899595897,356.0710095249,-0.0000532171,0.0000349224,-1.5238666672,32768,20260824,104,3.0000000000,true,2.0020272553,356.0899792652,0.0000000553,0.0000102703,400000,20260824,192,0.0477782065,-0.0008196136,parity_forward
daily,JPM,2026-08-27,1530,essvi_sg05,ok,,3M,0.2500000000,false,false,356.6215991075,356.5720409159,-0.0001389658,0.0000694125,-2.0020272553,32768,20260824,104,3.0000000000,true,2.0020272553,356.6275416553,0.0000166635,0.0000206626,400000,20260824,192,0.0218935839,0.0041118766,parity_forward
daily,JPM,2026-08-27,1530,essvi_sg05,ok,,6M,0.5000000000,false,false,359.6945449439,359.6781997855,-0.0000454418,0.0000900357,-0.5047082791,32768,20260824,104,3.0000000000,true,2.0020272553,359.7029551788,0.0000233816,0.0000262274,400000,20260824,192,0.0281066156,0.0054678047,parity_forward
daily,JPM,2026-08-31,1530,svi,ok,,1M,0.0833333333,false,false,357.6699978433,357.5801841612,-0.0002511077,0.0001018546,-2.4653547485,32768,20260824,104,3.0000000000,true,2.4653547485,357.6693473881,-0.0000018186,0.0000473970,400000,20260824,192,0.0554863021,-0.0014283208,parity_forward
daily,JPM,2026-08-31,1530,svi,ok,,3M,0.2500000000,false,false,358.4391611946,358.3914211815,-0.0001331886,0.0001777186,-0.7494354682,32768,20260824,104,3.0000000000,true,2.4653547485,358.4134751379,-0.0000716609,0.0000693835,400000,20260824,192,0.0270881312,0.0029360658,parity_forward
daily,JPM,2026-08-31,1530,svi,ok,,6M,0.5000000000,false,false,361.3987716797,361.4159051400,0.0000474087,0.0002044402,0.2318953806,32768,20260824,104,3.0000000000,true,2.4653547485,361.3745119031,-0.0000671274,0.0000901034,400000,20260824,192,0.0299901406,0.0049297949,parity_forward
daily,JPM,2026-08-31,1530,ssvi,ok,,1M,0.0833333333,false,false,357.6699978433,357.6677360981,-0.0000063236,0.0000288029,-0.2195454269,32768,20260824,104,3.0000000000,true,1.4259019778,357.6704547645,0.0000012775,0.0000084128,400000,20260824,192,0.0554863021,-0.0014283208,parity_forward
daily,JPM,2026-08-31,1530,ssvi,ok,,3M,0.2500000000,false,false,358.4391611946,358.4154476493,-0.0000661578,0.0000463972,-1.4259019778,32768,20260824,104,3.0000000000,true,1.4259019778,358.4406473106,0.0000041461,0.0000131192,400000,20260824,192,0.0270881312,0.0029360658,parity_forward
daily,JPM,2026-08-31,1530,ssvi,ok,,6M,0.5000000000,false,false,361.3987716797,361.3976152464,-0.0000031999,0.0000702819,-0.0455292509,32768,20260824,104,3.0000000000,true,1.4259019778,361.3973410411,-0.0000039586,0.0000194815,400000,20260824,192,0.0299901406,0.0049297949,parity_forward
daily,JPM,2026-08-31,1530,essvi,ok,,1M,0.0833333333,false,false,357.6699978433,357.6564646329,-0.0000378371,0.0000428388,-0.8832442649,32768,20260824,104,3.0000000000,true,1.7305090833,357.6682030193,-0.0000050181,0.0000133583,400000,20260824,192,0.0554863021,-0.0014283208,parity_forward
daily,JPM,2026-08-31,1530,essvi,ok,,3M,0.2500000000,false,false,358.4391611946,358.3893556993,-0.0001389510,0.0000802949,-1.7305090833,32768,20260824,104,3.0000000000,true,1.7305090833,358.4336116048,-0.0000154827,0.0000234783,400000,20260824,192,0.0270881312,0.0029360658,parity_forward
daily,JPM,2026-08-31,1530,essvi,ok,,6M,0.5000000000,false,false,361.3987716797,361.3819088417,-0.0000466599,0.0000992661,-0.4700488717,32768,20260824,104,3.0000000000,true,1.7305090833,361.3872026933,-0.0000320117,0.0000284847,400000,20260824,192,0.0299901406,0.0049297949,parity_forward
daily,JPM,2026-08-31,1530,essvi_g05,ok,,1M,0.0833333333,false,false,357.6699978433,357.6513357182,-0.0000521769,0.0000382820,-1.3629637386,32768,20260824,104,3.0000000000,true,2.1827556364,357.6706570740,0.0000018431,0.0000114395,400000,20260824,192,0.0554863021,-0.0014283208,parity_forward
daily,JPM,2026-08-31,1530,essvi_g05,ok,,3M,0.2500000000,false,false,358.4391611946,358.3882035865,-0.0001421653,0.0000651311,-2.1827556364,32768,20260824,104,3.0000000000,true,2.1827556364,358.4407647965,0.0000044738,0.0000186536,400000,20260824,192,0.0270881312,0.0029360658,parity_forward
daily,JPM,2026-08-31,1530,essvi_g05,ok,,6M,0.5000000000,false,false,361.3987716797,361.3745692928,-0.0000669686,0.0000854888,-0.7833619821,32768,20260824,104,3.0000000000,true,2.1827556364,361.3976891876,-0.0000029953,0.0000240261,400000,20260824,192,0.0299901406,0.0049297949,parity_forward
daily,JPM,2026-08-31,1530,essvi_gfree,ok,,1M,0.0833333333,false,false,357.6699978433,357.6631209042,-0.0000192271,0.0000395018,-0.4867379927,32768,20260824,104,3.0000000000,true,1.6946278286,357.6688734871,-0.0000031436,0.0000117543,400000,20260824,192,0.0554863021,-0.0014283208,parity_forward
daily,JPM,2026-08-31,1530,essvi_gfree,ok,,3M,0.2500000000,false,false,358.4391611946,358.3986448477,-0.0001130355,0.0000667023,-1.6946278286,32768,20260824,104,3.0000000000,true,1.6946278286,358.4390465142,-0.0000003199,0.0000190141,400000,20260824,192,0.0270881312,0.0029360658,parity_forward
daily,JPM,2026-08-31,1530,essvi_gfree,ok,,6M,0.5000000000,false,false,361.3987716797,361.3856028711,-0.0000364384,0.0000882323,-0.4129828383,32768,20260824,104,3.0000000000,true,1.6946278286,361.3954137801,-0.0000092914,0.0000247213,400000,20260824,192,0.0299901406,0.0049297949,parity_forward
daily,JPM,2026-08-31,1530,essvi_sg05,ok,,1M,0.0833333333,false,false,357.6699978433,357.6422708494,-0.0000775212,0.0000428586,-1.8087662055,32768,20260824,104,3.0000000000,true,2.4399296289,357.6723705430,0.0000066338,0.0000126555,400000,20260824,192,0.0554863021,-0.0014283208,parity_forward
daily,JPM,2026-08-31,1530,essvi_sg05,ok,,3M,0.2500000000,false,false,358.4391611946,358.3798589349,-0.0001654458,0.0000678076,-2.4399296289,32768,20260824,104,3.0000000000,true,2.4399296289,358.4426938460,0.0000098557,0.0000193794,400000,20260824,192,0.0270881312,0.0029360658,parity_forward
daily,JPM,2026-08-31,1530,essvi_sg05,ok,,6M,0.5000000000,false,false,361.3987716797,361.3587672652,-0.0001106933,0.0000882703,-1.2540260188,32768,20260824,104,3.0000000000,true,2.4399296289,361.3993123677,0.0000014961,0.0000248509,400000,20260824,192,0.0299901406,0.0049297949,parity_forward
daily,JPM,2026-09-01,1530,svi,ok,,1M,0.0833333333,false,false,356.2092777506,356.1855023941,-0.0000667455,0.0000623402,-1.0706651372,32768,20260824,104,3.0000000000,true,1.5772900090,356.2144209452,0.0000144387,0.0000160071,400000,20260824,192,0.0188692860,0.0016323953,parity_forward
daily,JPM,2026-09-01,1530,svi,ok,,3M,0.2500000000,false,false,357.6995936939,357.6511177828,-0.0001355213,0.0000859203,-1.5772900090,32768,20260824,104,3.0000000000,true,1.5772900090,357.7060248088,0.0000179791,0.0000242693,400000,20260824,192,0.0229901356,0.0039892228,parity_forward
daily,JPM,2026-09-01,1530,svi,ok,,6M,0.5000000000,false,false,360.1121004220,360.0934919089,-0.0000516742,0.0001041103,-0.4963410245,32768,20260824,104,3.0000000000,true,1.5772900090,360.1135294073,0.0000039682,0.0000300898,400000,20260824,192,0.0249387931,0.0073262343,parity_forward
daily,JPM,2026-09-01,1530,ssvi,ok,,1M,0.0833333333,false,false,356.2092777506,356.2036530454,-0.0000157905,0.0000461562,-0.3421092245,32768,20260824,104,3.0000000000,true,1.4977852247,356.2090065527,-0.0000007613,0.0000141806,400000,20260824,192,0.0188692860,0.0016323953,parity_forward
daily,JPM,2026-09-01,1530,ssvi,ok,,3M,0.2500000000,false,false,357.6995936939,357.6622751578,-0.0001043293,0.0000696557,-1.4977852247,32768,20260824,104,3.0000000000,true,1.4977852247,357.7012068177,0.0000045097,0.0000206489,400000,20260824,192,0.0229901356,0.0039892228,parity_forward
daily,JPM,2026-09-01,1530,ssvi,ok,,6M,0.5000000000,false,false,360.1121004220,360.1051162117,-0.0000193945,0.0000882712,-0.2197154601,32768,20260824,104,3.0000000000,true,1.4977852247,360.1099184055,-0.0000060593,0.0000254900,400000,20260824,192,0.0249387931,0.0073262343,parity_forward
daily,JPM,2026-09-01,1530,essvi,ok,,1M,0.0833333333,false,false,356.2092777506,356.2079467972,-0.0000037364,0.0000313195,-0.1193006819,32768,20260824,104,3.0000000000,true,1.0636946646,356.2079736563,-0.0000036610,0.0000086285,400000,20260824,192,0.0188692860,0.0016323953,parity_forward
daily,JPM,2026-09-01,1530,essvi,ok,,3M,0.2500000000,false,false,357.6995936939,357.6752759327,-0.0000679838,0.0000639128,-1.0636946646,32768,20260824,104,3.0000000000,true,1.0636946646,357.7011125914,0.0000042463,0.0000186015,400000,20260824,192,0.0229901356,0.0039892228,parity_forward
daily,JPM,2026-09-01,1530,essvi,ok,,6M,0.5000000000,false,false,360.1121004220,360.1143731919,0.0000063113,0.0000892665,0.0707016143,32768,20260824,104,3.0000000000,true,1.0636946646,360.1083714070,-0.0000103552,0.0000253719,400000,20260824,192,0.0249387931,0.0073262343,parity_forward
daily,JPM,2026-09-01,1530,essvi_g05,ok,,1M,0.0833333333,false,false,356.2092777506,356.2094691930,0.0000005374,0.0000283649,0.0189474818,32768,20260824,104,3.0000000000,true,0.8833732690,356.2090028678,-0.0000007717,0.0000080709,400000,20260824,192,0.0188692860,0.0016323953,parity_forward
daily,JPM,2026-09-01,1530,essvi_g05,ok,,3M,0.2500000000,false,false,357.6995936939,357.6793546331,-0.0000565812,0.0000640513,-0.8833732690,32768,20260824,104,3.0000000000,true,0.8833732690,357.7024228718,0.0000079094,0.0000187844,400000,20260824,192,0.0229901356,0.0039892228,parity_forward
daily,JPM,2026-09-01,1530,essvi_g05,ok,,6M,0.5000000000,false,false,360.1121004220,360.1256443623,0.0000376103,0.0000885566,0.4247038914,32768,20260824,104,3.0000000000,true,0.8833732690,360.1123119141,0.0000005873,0.0000256144,400000,20260824,192,0.0249387931,0.0073262343,parity_forward
daily,JPM,2026-09-01,1530,essvi_gfree,ok,,1M,0.0833333333,false,false,356.2092777506,356.2075323970,-0.0000048998,0.0000297352,-0.1647811119,32768,20260824,104,3.0000000000,true,1.0597656133,356.2088558076,-0.0000011845,0.0000083644,400000,20260824,192,0.0188692860,0.0016323953,parity_forward
daily,JPM,2026-09-01,1530,essvi_gfree,ok,,3M,0.2500000000,false,false,357.6995936939,357.6757322651,-0.0000667080,0.0000629460,-1.0597656133,32768,20260824,104,3.0000000000,true,1.0597656133,357.7021826362,0.0000072378,0.0000184139,400000,20260824,192,0.0229901356,0.0039892228,parity_forward
daily,JPM,2026-09-01,1530,essvi_gfree,ok,,6M,0.5000000000,false,false,360.1121004220,360.1208609448,0.0000243272,0.0000891804,0.2727863866,32768,20260824,104,3.0000000000,true,1.0597656133,360.1114571812,-0.0000017862,0.0000256921,400000,20260824,192,0.0249387931,0.0073262343,parity_forward
daily,JPM,2026-09-01,1530,essvi_sg05,ok,,1M,0.0833333333,false,false,356.2092777506,356.2114943044,0.0000062226,0.0000276865,0.2247530504,32768,20260824,104,3.0000000000,true,0.6537784509,356.2093614998,0.0000002351,0.0000081646,400000,20260824,192,0.0188692860,0.0016323953,parity_forward
daily,JPM,2026-09-01,1530,essvi_sg05,ok,,3M,0.2500000000,false,false,357.6995936939,357.6838088764,-0.0000441287,0.0000674979,-0.6537784509,32768,20260824,104,3.0000000000,true,0.6537784509,357.7035211242,0.0000109797,0.0000197704,400000,20260824,192,0.0229901356,0.0039892228,parity_forward
daily,JPM,2026-09-01,1530,essvi_sg05,ok,,6M,0.5000000000,false,false,360.1121004220,360.1298107545,0.0000491801,0.0000918209,0.5356087117,32768,20260824,104,3.0000000000,true,0.6537784509,360.1130735466,0.0000027023,0.0000265562,400000,20260824,192,0.0249387931,0.0073262343,parity_forward
daily,JPM,2026-09-02,1530,svi,ok,,1M,0.0833333333,false,false,356.0777968018,356.0714596402,-0.0000177971,0.0001739666,-0.1023019853,32768,20260824,104,3.0000000000,true,0.2330712695,356.0763330596,-0.0000041107,0.0000555288,400000,20260824,192,0.0363773741,0.0001727537,parity_forward
daily,JPM,2026-09-02,1530,svi,ok,,3M,0.2500000000,false,false,357.1004293648,357.0691065688,-0.0000877142,0.0003763409,-0.2330712695,32768,20260824,104,3.0000000000,true,0.2330712695,357.0579181152,-0.0001190456,0.0000874221,400000,20260824,192,0.0235970700,0.0038617482,parity_forward
daily,JPM,2026-09-02,1530,svi,ok,,6M,0.5000000000,false,false,359.6946781272,359.6980923639,0.0000094920,0.0004073555,0.0233016163,32768,20260824,104,3.0000000000,true,0.2330712695,359.6593765816,-0.0000981431,0.0000952087,400000,20260824,192,0.0262755316,0.0067033618,parity_forward
daily,JPM,2026-09-02,1530,ssvi,ok,,1M,0.0833333333,false,false,356.0777968018,356.0726929031,-0.0000143337,0.0000384962,-0.3723392091,32768,20260824,104,3.0000000000,true,1.6446580548,356.0776813246,-0.0000003243,0.0000117313,400000,20260824,192,0.0363773741,0.0001727537,parity_forward
daily,JPM,2026-09-02,1530,ssvi,ok,,3M,0.2500000000,false,false,357.1004293648,357.0645406694,-0.0001005003,0.0000611071,-1.6446580548,32768,20260824,104,3.0000000000,true,1.6446580548,357.1027879855,0.0000066049,0.0000174665,400000,20260824,192,0.0235970700,0.0038617482,parity_forward
daily,JPM,2026-09-02,1530,ssvi,ok,,6M,0.5000000000,false,false,359.6946781272,359.6838384789,-0.0000301357,0.0000916514,-0.3288076641,32768,20260824,104,3.0000000000,true,1.6446580548,359.6947672442,0.0000002478,0.0000251558,400000,20260824,192,0.0262755316,0.0067033618,parity_forward
daily,JPM,2026-09-02,1530,essvi,ok,,1M,0.0833333333,false,false,356.0777968018,356.0823946348,0.0000129124,0.0000357287,0.3614021403,32768,20260824,104,3.0000000000,true,1.2993978738,356.0749758628,-0.0000079223,0.0000099618,400000,20260824,192,0.0363773741,0.0001727537,parity_forward
daily,JPM,2026-09-02,1530,essvi,ok,,3M,0.2500000000,false,false,357.1004293648,357.0187357232,-0.0002287694,0.0001760580,-1.2993978738,32768,20260824,104,3.0000000000,true,1.2993978738,357.1028567118,0.0000067974,0.0000388617,400000,20260824,192,0.0235970700,0.0038617482,parity_forward
daily,JPM,2026-09-02,1530,essvi,ok,,6M,0.5000000000,false,false,359.6946781272,359.6165440006,-0.0002172235,0.0001864088,-1.1653071019,32768,20260824,104,3.0000000000,true,1.2993978738,359.6958670288,0.0000033053,0.0000423574,400000,20260824,192,0.0262755316,0.0067033618,parity_forward
daily,JPM,2026-09-02,1530,essvi_g05,ok,,1M,0.0833333333,false,false,356.0777968018,356.0737768148,-0.0000112896,0.0000290329,-0.3888570686,32768,20260824,104,3.0000000000,true,1.6949478901,356.0746470591,-0.0000088457,0.0000086854,400000,20260824,192,0.0363773741,0.0001727537,parity_forward
daily,JPM,2026-09-02,1530,essvi_g05,ok,,3M,0.2500000000,false,false,357.1004293648,357.0532559516,-0.0001321013,0.0000779382,-1.6949478901,32768,20260824,104,3.0000000000,true,1.6949478901,357.1013694936,0.0000026327,0.0000212561,400000,20260824,192,0.0235970700,0.0038617482,parity_forward
daily,JPM,2026-09-02,1530,essvi_g05,ok,,6M,0.5000000000,false,false,359.6946781272,359.6775336407,-0.0000476640,0.0001047480,-0.4550349136,32768,20260824,104,3.0000000000,true,1.6949478901,359.6947513273,0.0000002035,0.0000288157,400000,20260824,192,0.0262755316,0.0067033618,parity_forward
daily,JPM,2026-09-02,1530,essvi_gfree,ok,,1M,0.0833333333,false,false,356.0777968018,356.0752520815,-0.0000071465,0.0000295186,-0.2421024581,32768,20260824,104,3.0000000000,true,1.7353569920,356.0753373400,-0.0000069071,0.0000088068,400000,20260824,192,0.0363773741,0.0001727537,parity_forward
daily,JPM,2026-09-02,1530,essvi_gfree,ok,,3M,0.2500000000,false,false,357.1004293648,357.0510586505,-0.0001382544,0.0000796692,-1.7353569920,32768,20260824,104,3.0000000000,true,1.7353569920,357.1024863705,0.0000057603,0.0000216025,400000,20260824,192,0.0235970700,0.0038617482,parity_forward
daily,JPM,2026-09-02,1530,essvi_gfree,ok,,6M,0.5000000000,false,false,359.6946781272,359.6759780422,-0.0000519888,0.0001079276,-0.4817003249,32768,20260824,104,3.0000000000,true,1.7353569920,359.6956945609,0.0000028258,0.0000295157,400000,20260824,192,0.0262755316,0.0067033618,parity_forward
daily,JPM,2026-09-02,1530,essvi_sg05,ok,,1M,0.0833333333,false,false,356.0777968018,356.0726097816,-0.0000145671,0.0000293876,-0.4956878953,32768,20260824,104,3.0000000000,true,0.4956878953,356.0740884918,-0.0000104143,0.0000088101,400000,20260824,192,0.0363773741,0.0001727537,parity_forward
daily,JPM,2026-09-02,1530,essvi_sg05,ok,,3M,0.2500000000,false,false,357.1004293648,357.0829203891,-0.0000490310,0.0001599250,-0.3065871985,32768,20260824,104,3.0000000000,true,0.4956878953,357.1134139020,0.0000363610,0.0000455831,400000,20260824,192,0.0235970700,0.0038617482,parity_forward
daily,JPM,2026-09-02,1530,essvi_sg05,ok,,6M,0.5000000000,false,false,359.6946781272,359.7234933262,0.0000801102,0.0001743364,0.4595147118,32768,20260824,104,3.0000000000,true,0.4956878953,359.7049415004,0.0000285336,0.0000498887,400000,20260824,192,0.0262755316,0.0067033618,parity_forward
daily,JPM,2026-09-03,1530,svi,ok,,1M,0.0833333333,false,false,363.2139906339,363.1889338331,-0.0000689863,0.0000477845,-1.4436974768,32768,20260824,104,3.0000000000,true,1.6117189728,363.2071155431,-0.0000189285,0.0000152227,400000,20260824,192,0.0297380071,0.0007099990,parity_forward
daily,JPM,2026-09-03,1530,svi,ok,,3M,0.2500000000,false,false,364.4978859230,364.4240246889,-0.0002026383,0.0001257281,-1.6117189728,32768,20260824,104,3.0000000000,true,1.6117189728,364.5168786646,0.0000521066,0.0000356495,400000,20260824,192,0.0240270092,0.0037551891,parity_forward
daily,JPM,2026-09-03,1530,svi,ok,,6M,0.5000000000,false,false,366.6688364037,366.6177077547,-0.0001394409,0.0001353801,-1.0299957239,32768,20260824,104,3.0000000000,true,1.6117189728,366.6861475600,0.0000472120,0.0000374268,400000,20260824,192,0.0238901767,0.0079031231,parity_forward
daily,JPM,2026-09-03,1530,ssvi,ok,,1M,0.0833333333,false,false,363.2139906339,363.2099489118,-0.0000111277,0.0000417060,-0.2668117403,32768,20260824,104,3.0000000000,true,1.7117169664,363.2136832189,-0.0000008464,0.0000126787,400000,20260824,192,0.0297380071,0.0007099990,parity_forward
daily,JPM,2026-09-03,1530,ssvi,ok,,3M,0.2500000000,false,false,364.4978859230,364.4569729209,-0.0001122448,0.0000655744,-1.7117169664,32768,20260824,104,3.0000000000,true,1.7117169664,364.4994557109,0.0000043067,0.0000193918,400000,20260824,192,0.0240270092,0.0037551891,parity_forward
daily,JPM,2026-09-03,1530,ssvi,ok,,6M,0.5000000000,false,false,366.6688364037,366.6608805110,-0.0000216978,0.0000854311,-0.2539796578,32768,20260824,104,3.0000000000,true,1.7117169664,366.6673852316,-0.0000039577,0.0000245185,400000,20260824,192,0.0238901767,0.0079031231,parity_forward
daily,JPM,2026-09-03,1530,essvi,ok,,1M,0.0833333333,false,false,363.2139906339,363.1914577373,-0.0000620375,0.0000399029,-1.5547103504,32768,20260824,104,3.0000000000,true,1.5547103504,363.2114564240,-0.0000069772,0.0000121574,400000,20260824,192,0.0297380071,0.0007099990,parity_forward
daily,JPM,2026-09-03,1530,essvi,ok,,3M,0.2500000000,false,false,364.4978859230,364.4672900725,-0.0000839397,0.0001114908,-0.7528844598,32768,20260824,104,3.0000000000,true,1.5547103504,364.4969811777,-0.0000024822,0.0000323449,400000,20260824,192,0.0240270092,0.0037551891,parity_forward
daily,JPM,2026-09-03,1530,essvi,ok,,6M,0.5000000000,false,false,366.6688364037,366.6727601594,0.0000107011,0.0001252332,0.0854492663,32768,20260824,104,3.0000000000,true,1.5547103504,366.6644678645,-0.0000119141,0.0000359488,400000,20260824,192,0.0238901767,0.0079031231,parity_forward
daily,JPM,2026-09-03,1530,essvi_g05,ok,,1M,0.0833333333,false,false,363.2139906339,363.1905385199,-0.0000645683,0.0000360111,-1.7930127471,32768,20260824,104,3.0000000000,true,1.7930127471,363.2131208338,-0.0000023947,0.0000107263,400000,20260824,192,0.0297380071,0.0007099990,parity_forward
daily,JPM,2026-09-03,1530,essvi_g05,ok,,3M,0.2500000000,false,false,364.4978859230,364.4790771212,-0.0000516020,0.0001108134,-0.4656650507,32768,20260824,104,3.0000000000,true,1.7930127471,364.4992363478,0.0000037049,0.0000320031,400000,20260824,192,0.0240270092,0.0037551891,parity_forward
daily,JPM,2026-09-03,1530,essvi_g05,ok,,6M,0.5000000000,false,false,366.6688364037,366.6927823647,0.0000653068,0.0001255108,0.5203281182,32768,20260824,104,3.0000000000,true,1.7930127471,366.6657318381,-0.0000084669,0.0000360210,400000,20260824,192,0.0238901767,0.0079031231,parity_forward
daily,JPM,2026-09-03,1530,essvi_gfree,ok,,1M,0.0833333333,false,false,363.2139906339,363.1949050353,-0.0000525464,0.0000378953,-1.3866210019,32768,20260824,104,3.0000000000,true,1.3866210019,363.2113816227,-0.0000071831,0.0000112884,400000,20260824,192,0.0297380071,0.0007099990,parity_forward
daily,JPM,2026-09-03,1530,essvi_gfree,ok,,3M,0.2500000000,false,false,364.4978859230,364.4858598948,-0.0000329934,0.0001251815,-0.2635645393,32768,20260824,104,3.0000000000,true,1.3866210019,364.4985480055,0.0000018164,0.0000366552,400000,20260824,192,0.0240270092,0.0037551891,parity_forward
daily,JPM,2026-09-03,1530,essvi_gfree,ok,,6M,0.5000000000,false,false,366.6688364037,366.6980560462,0.0000796895,0.0001389416,0.5735464116,32768,20260824,104,3.0000000000,true,1.3866210019,366.6652663424,-0.0000097365,0.0000404782,400000,20260824,192,0.0238901767,0.0079031231,parity_forward
daily,JPM,2026-09-03,1530,essvi_sg05,ok,,1M,0.0833333333,false,false,363.2139906339,363.1862263608,-0.0000764405,0.0000351068,-2.1773708153,32768,20260824,104,3.0000000000,true,2.1773708153,363.2148683292,0.0000024165,0.0000105009,400000,20260824,192,0.0297380071,0.0007099990,parity_forward
daily,JPM,2026-09-03,1530,essvi_sg05,ok,,3M,0.2500000000,false,false,364.4978859230,364.4829342187,-0.0000410200,0.0001315484,-0.3118243623,32768,20260824,104,3.0000000000,true,2.1773708153,364.5041029631,0.0000170565,0.0000391030,400000,20260824,192,0.0240270092,0.0037551891,parity_forward
daily,JPM,2026-09-03,1530,essvi_sg05,ok,,6M,0.5000000000,false,false,366.6688364037,366.6972276780,0.0000774303,0.0001460930,0.5300067846,32768,20260824,104,3.0000000000,true,2.1773708153,366.6701711486,0.0000036402,0.0000432502,400000,20260824,192,0.0238901767,0.0079031231,parity_forward
daily,JPM,2026-09-04,1530,svi,ok,,1M,0.0833333333,false,false,359.9213553280,359.9474189160,0.0000724147,0.0000415625,1.7423081244,32768,20260824,104,3.0000000000,true,1.7423081244,359.9232825141,0.0000053545,0.0000115800,400000,20260824,192,0.0324293657,0.0004838799,parity_forward
daily,JPM,2026-09-04,1530,svi,ok,,3M,0.2500000000,false,false,361.1876350836,361.2057895570,0.0000502633,0.0001412470,0.3558538714,32768,20260824,104,3.0000000000,true,1.7423081244,361.1743757935,-0.0000367103,0.0000430822,400000,20260824,192,0.0248579402,0.0034721633,parity_forward
daily,JPM,2026-09-04,1530,svi,ok,,6M,0.5000000000,false,false,364.2686622951,364.3615018012,0.0002548655,0.0002844526,0.8959856496,32768,20260824,104,3.0000000000,true,1.7423081244,364.2374655562,-0.0000856421,0.0000782648,400000,20260824,192,0.0294171512,0.0048725317,parity_forward
daily,JPM,2026-09-04,1530,ssvi,ok,,1M,0.0833333333,false,false,359.9213553280,359.9175255174,-0.0000106407,0.0000380338,-0.2797695850,32768,20260824,104,3.0000000000,true,1.6397525236,359.9210397313,-0.0000008768,0.0000115217,400000,20260824,192,0.0324293657,0.0004838799,parity_forward
daily,JPM,2026-09-04,1530,ssvi,ok,,3M,0.2500000000,false,false,361.1876350836,361.1531684817,-0.0000954258,0.0000581952,-1.6397525236,32768,20260824,104,3.0000000000,true,1.6397525236,361.1886719407,0.0000028707,0.0000170592,400000,20260824,192,0.0248579402,0.0034721633,parity_forward
daily,JPM,2026-09-04,1530,ssvi,ok,,6M,0.5000000000,false,false,364.2686622951,364.2589683361,-0.0000266121,0.0000776506,-0.3427160801,32768,20260824,104,3.0000000000,true,1.6397525236,364.2678349547,-0.0000022712,0.0000219641,400000,20260824,192,0.0294171512,0.0048725317,parity_forward
daily,JPM,2026-09-04,1530,essvi,ok,,1M,0.0833333333,false,false,359.9213553280,359.9621571962,0.0001133633,0.0000694594,1.6320807696,32768,20260824,104,3.0000000000,true,1.6320807696,359.9264165046,0.0000140619,0.0000222585,400000,20260824,192,0.0324293657,0.0004838799,parity_forward
daily,JPM,2026-09-04,1530,essvi,ok,,3M,0.2500000000,false,false,361.1876350836,361.1869729082,-0.0000018333,0.0000974726,-0.0188086486,32768,20260824,104,3.0000000000,true,1.6320807696,361.1964614219,0.0000244370,0.0000292242,400000,20260824,192,0.0248579402,0.0034721633,parity_forward
daily,JPM,2026-09-04,1530,essvi,ok,,6M,0.5000000000,false,false,364.2686622951,364.3008306462,0.0000883094,0.0001091744,0.8088837306,32768,20260824,104,3.0000000000,true,1.6320807696,364.2741964180,0.0000151924,0.0000321591,400000,20260824,192,0.0294171512,0.0048725317,parity_forward
daily,JPM,2026-09-04,1530,essvi_g05,ok,,1M,0.0833333333,false,false,359.9213553280,359.9649787384,0.0001212026,0.0000375320,3.2293168145,32768,20260824,104,3.0000000000,false,3.2293168145,359.9220924790,0.0000020481,0.0000115637,400000,20260824,192,0.0324293657,0.0004838799,parity_forward
daily,JPM,2026-09-04,1530,essvi_g05,ok,,3M,0.2500000000,false,false,361.1876350836,361.1980465542,0.0000288257,0.0000749207,0.3847489190,32768,20260824,104,3.0000000000,false,3.2293168145,361.1899747458,0.0000064777,0.0000212790,400000,20260824,192,0.0248579402,0.0034721633,parity_forward
daily,JPM,2026-09-04,1530,essvi_g05,ok,,6M,0.5000000000,false,false,364.2686622951,364.3158040169,0.0001294147,0.0000903907,1.4317266508,32768,20260824,104,3.0000000000,false,3.2293168145,364.2664967208,-0.0000059450,0.0000257622,400000,20260824,192,0.0294171512,0.0048725317,parity_forward
daily,JPM,2026-09-04,1530,essvi_gfree,ok,,1M,0.0833333333,false,false,359.9213553280,359.9711884513,0.0001384556,0.0000408122,3.3925060002,32768,20260824,104,3.0000000000,false,3.3925060002,359.9216482575,0.0000008139,0.0000123619,400000,20260824,192,0.0324293657,0.0004838799,parity_forward
daily,JPM,2026-09-04,1530,essvi_gfree,ok,,3M,0.2500000000,false,false,361.1876350836,361.2022729407,0.0000405270,0.0000742410,0.5458843775,32768,20260824,104,3.0000000000,false,3.3925060002,361.1893487746,0.0000047446,0.0000209862,400000,20260824,192,0.0248579402,0.0034721633,parity_forward
daily,JPM,2026-09-04,1530,essvi_gfree,ok,,6M,0.5000000000,false,false,364.2686622951,364.3202083253,0.0001415055,0.0000903893,1.5655122213,32768,20260824,104,3.0000000000,false,3.3925060002,364.2659455984,-0.0000074579,0.0000256422,400000,20260824,192,0.0294171512,0.0048725317,parity_forward
daily,JPM,2026-09-04,1530,essvi_sg05,ok,,1M,0.0833333333,false,false,359.9213553280,360.0456049195,0.0003452132,0.0001025697,3.3656435801,32768,20260824,104,3.0000000000,false,3.3656435801,359.9272275684,0.0000163153,0.0000283060,400000,20260824,192,0.0324293657,0.0004838799,parity_forward
daily,JPM,2026-09-04,1530,essvi_sg05,ok,,3M,0.2500000000,false,false,361.1876350836,361.2916258937,0.0002879135,0.0001634376,1.7616116264,32768,20260824,104,3.0000000000,false,3.3656435801,361.1973604458,0.0000269261,0.0000449152,400000,20260824,192,0.0248579402,0.0034721633,parity_forward
daily,JPM,2026-09-04,1530,essvi_sg05,ok,,6M,0.5000000000,false,false,364.2686622951,364.4141414487,0.0003993732,0.0001739937,2.2953313837,32768,20260824,104,3.0000000000,false,3.3656435801,364.2728271283,0.0000114334,0.0000483379,400000,20260824,192,0.0294171512,0.0048725317,parity_forward
daily,JPM,2026-09-08,1530,svi,ok,,1M,0.0833333333,false,false,355.7465191887,355.8019095749,0.0001557018,0.0002289727,0.6800017958,32768,20260824,104,3.0000000000,true,0.7699409617,355.7276637451,-0.0000530025,0.0000351268,400000,20260824,192,0.0062595439,0.0026365281,parity_forward
daily,JPM,2026-09-08,1530,svi,ok,,3M,0.2500000000,false,false,357.5252202515,357.5667579509,0.0001161812,0.0002752719,0.4220597657,32768,20260824,104,3.0000000000,true,0.7699409617,357.5052104926,-0.0000559674,0.0000425505,400000,20260824,192,0.0220363279,0.0042297231,parity_forward
daily,JPM,2026-09-08,1530,svi,ok,,6M,0.5000000000,false,false,360.4547826153,360.5339168847,0.0002195401,0.0002851388,0.7699409617,32768,20260824,104,3.0000000000,true,0.7699409617,360.4301785639,-0.0000682584,0.0000482505,400000,20260824,192,0.0273393908,0.0060669131,parity_forward
daily,JPM,2026-09-08,1530,ssvi,ok,,1M,0.0833333333,false,false,355.7465191887,355.7409358967,-0.0000156946,0.0000465505,-0.3371515857,32768,20260824,104,3.0000000000,true,1.3652317171,355.7476187094,0.0000030907,0.0000143042,400000,20260824,192,0.0062595439,0.0026365281,parity_forward
daily,JPM,2026-09-08,1530,ssvi,ok,,3M,0.2500000000,false,false,357.5252202515,357.4924150680,-0.0000917563,0.0000672093,-1.3652317171,32768,20260824,104,3.0000000000,true,1.3652317171,357.5272945934,0.0000058019,0.0000195432,400000,20260824,192,0.0220363279,0.0042297231,parity_forward
daily,JPM,2026-09-08,1530,ssvi,ok,,6M,0.5000000000,false,false,360.4547826153,360.4495143327,-0.0000146157,0.0000905810,-0.1613544422,32768,20260824,104,3.0000000000,true,1.3652317171,360.4559570432,0.0000032582,0.0000256841,400000,20260824,192,0.0273393908,0.0060669131,parity_forward
daily,JPM,2026-09-08,1530,essvi,ok,,1M,0.0833333333,false,false,355.7465191887,355.7318170388,-0.0000413276,0.0000365746,-1.1299537461,32768,20260824,104,3.0000000000,true,1.1299537461,355.7435892672,-0.0000082360,0.0000134611,400000,20260824,192,0.0062595439,0.0026365281,parity_forward
daily,JPM,2026-09-08,1530,essvi,ok,,3M,0.2500000000,false,false,357.5252202515,357.5204676550,-0.0000132930,0.0000914590,-0.1453442833,32768,20260824,104,3.0000000000,true,1.1299537461,357.5223821325,-0.0000079382,0.0000311453,400000,20260824,192,0.0220363279,0.0042297231,parity_forward
daily,JPM,2026-09-08,1530,essvi,ok,,6M,0.5000000000,false,false,360.4547826153,360.4820201256,0.0000755643,0.0001086329,0.6955932897,32768,20260824,104,3.0000000000,true,1.1299537461,360.4473214813,-0.0000206992,0.0000349271,400000,20260824,192,0.0273393908,0.0060669131,parity_forward
daily,JPM,2026-09-08,1530,essvi_g05,ok,,1M,0.0833333333,false,false,355.7465191887,355.7426460088,-0.0000108875,0.0000286942,-0.3794310830,32768,20260824,104,3.0000000000,true,0.7296461854,355.7477418639,0.0000034369,0.0000083322,400000,20260824,192,0.0062595439,0.0026365281,parity_forward
daily,JPM,2026-09-08,1530,essvi_g05,ok,,3M,0.2500000000,false,false,357.5252202515,357.5322604248,0.0000196914,0.0000958910,0.2053518478,32768,20260824,104,3.0000000000,true,0.7296461854,357.5178002593,-0.0000207538,0.0000271619,400000,20260824,192,0.0220363279,0.0042297231,parity_forward
daily,JPM,2026-09-08,1530,essvi_g05,ok,,6M,0.5000000000,false,false,360.4547826153,360.4858181610,0.0000861011,0.0001180039,0.7296461854,32768,20260824,104,3.0000000000,true,0.7296461854,360.4411112845,-0.0000379280,0.0000332188,400000,20260824,192,0.0273393908,0.0060669131,parity_forward
daily,JPM,2026-09-08,1530,essvi_gfree,ok,,1M,0.0833333333,false,false,355.7465191887,355.7428320694,-0.0000103645,0.0000301418,-0.3438570255,32768,20260824,104,3.0000000000,true,0.6223686931,355.7470768291,0.0000015675,0.0000086906,400000,20260824,192,0.0062595439,0.0026365281,parity_forward
daily,JPM,2026-09-08,1530,essvi_gfree,ok,,3M,0.2500000000,false,false,357.5252202515,357.5238785244,-0.0000037528,0.0000824268,-0.0455291156,32768,20260824,104,3.0000000000,true,0.6223686931,357.5193874464,-0.0000163144,0.0000233182,400000,20260824,192,0.0220363279,0.0042297231,parity_forward
daily,JPM,2026-09-08,1530,essvi_gfree,ok,,6M,0.5000000000,false,false,360.4547826153,360.4790787268,0.0000674040,0.0001083024,0.6223686931,32768,20260824,104,3.0000000000,true,0.6223686931,360.4433416759,-0.0000317403,0.0000304339,400000,20260824,192,0.0273393908,0.0060669131,parity_forward
daily,JPM,2026-09-08,1530,essvi_sg05,ok,,1M,0.0833333333,false,false,355.7465191887,355.7976124368,0.0001436226,0.0000663830,2.1635442475,32768,20260824,104,3.0000000000,true,2.1635442475,355.7463758852,-0.0000004028,0.0000286781,400000,20260824,192,0.0062595439,0.0026365281,parity_forward
daily,JPM,2026-09-08,1530,essvi_sg05,ok,,3M,0.2500000000,false,false,357.5252202515,357.6334331427,0.0003026720,0.0001953468,1.5494090889,32768,20260824,104,3.0000000000,true,2.1635442475,357.5016754939,-0.0000658548,0.0000533865,400000,20260824,192,0.0220363279,0.0042297231,parity_forward
daily,JPM,2026-09-08,1530,essvi_sg05,ok,,6M,0.5000000000,false,false,360.4547826153,360.5863859299,0.0003651035,0.0002053586,1.7778831621,32768,20260824,104,3.0000000000,true,2.1635442475,360.4270567590,-0.0000769191,0.0000562575,400000,20260824,192,0.0273393908,0.0060669131,parity_forward
daily,JPM,2026-09-09,1530,svi,ok,,1M,0.0833333333,false,false,355.2218048540,355.1257717630,-0.0002703468,0.0003180880,-0.8499122037,32768,20260824,104,3.0000000000,true,0.8499122037,355.2435276921,0.0000611529,0.0000634246,400000,20260824,192,0.0047913669,0.0027768913,parity_forward
daily,JPM,2026-09-09,1530,svi,ok,,3M,0.2500000000,false,false,357.2689293344,357.1820550870,-0.0002431621,0.0003417706,-0.7114774003,32768,20260824,104,3.0000000000,true,0.8499122037,357.2890289288,0.0000562590,0.0000704589,400000,20260824,192,0.0245827418,0.0036649032,parity_forward
daily,JPM,2026-09-09,1530,svi,ok,,6M,0.5000000000,false,false,359.6366182418,359.5814852645,-0.0001533019,0.0003676127,-0.4170201268,32768,20260824,104,3.0000000000,true,0.8499122037,359.6550614143,0.0000512828,0.0000707531,400000,20260824,192,0.0255020234,0.0070903447,parity_forward
daily,JPM,2026-09-09,1530,ssvi,ok,,1M,0.0833333333,false,false,355.2218048540,355.2140220955,-0.0000219096,0.0000370901,-0.5907115362,32768,20260824,104,3.0000000000,true,1.4056784446,355.2226089601,0.0000022637,0.0000108798,400000,20260824,192,0.0047913669,0.0027768913,parity_forward
daily,JPM,2026-09-09,1530,ssvi,ok,,3M,0.2500000000,false,false,357.2689293344,357.2407832844,-0.0000787811,0.0000560449,-1.4056784446,32768,20260824,104,3.0000000000,true,1.4056784446,357.2713118015,0.0000066686,0.0000157337,400000,20260824,192,0.0245827418,0.0036649032,parity_forward
daily,JPM,2026-09-09,1530,ssvi,ok,,6M,0.5000000000,false,false,359.6366182418,359.6375625209,0.0000026256,0.0000827945,0.0317128136,32768,20260824,104,3.0000000000,true,1.4056784446,359.6373693260,0.0000020885,0.0000230278,400000,20260824,192,0.0255020234,0.0070903447,parity_forward
daily,JPM,2026-09-09,1530,essvi,ok,,1M,0.0833333333,false,false,355.2218048540,355.1868907624,-0.0000982881,0.0000559825,-1.7556935669,32768,20260824,104,3.0000000000,true,2.2892348785,355.2210542562,-0.0000021130,0.0000144765,400000,20260824,192,0.0047913669,0.0027768913,parity_forward
daily,JPM,2026-09-09,1530,essvi,ok,,3M,0.2500000000,false,false,357.2689293344,357.1736355267,-0.0002667285,0.0001165143,-2.2892348785,32768,20260824,104,3.0000000000,true,2.2892348785,357.2808909184,0.0000334806,0.0000276537,400000,20260824,192,0.0245827418,0.0036649032,parity_forward
daily,JPM,2026-09-09,1530,essvi,ok,,6M,0.5000000000,false,false,359.6366182418,359.5734738843,-0.0001755782,0.0001269335,-1.3832298326,32768,20260824,104,3.0000000000,true,2.2892348785,359.6493380804,0.0000353686,0.0000312117,400000,20260824,192,0.0255020234,0.0070903447,parity_forward
daily,JPM,2026-09-09,1530,essvi_g05,ok,,1M,0.0833333333,false,false,355.2218048540,355.2045406683,-0.0000486011,0.0000432027,-1.1249573946,32768,20260824,104,3.0000000000,true,1.3714951495,355.2240608445,0.0000063509,0.0000130771,400000,20260824,192,0.0047913669,0.0027768913,parity_forward
daily,JPM,2026-09-09,1530,essvi_g05,ok,,3M,0.2500000000,false,false,357.2689293344,357.2374340353,-0.0000881557,0.0000642771,-1.3714951495,32768,20260824,104,3.0000000000,true,1.3714951495,357.2730915442,0.0000116501,0.0000186649,400000,20260824,192,0.0245827418,0.0036649032,parity_forward
daily,JPM,2026-09-09,1530,essvi_g05,ok,,6M,0.5000000000,false,false,359.6366182418,359.6417115211,0.0000141623,0.0000852340,0.1661577435,32768,20260824,104,3.0000000000,true,1.3714951495,359.6374741761,0.0000023800,0.0000241176,400000,20260824,192,0.0255020234,0.0070903447,parity_forward
daily,JPM,2026-09-09,1530,essvi_gfree,ok,,1M,0.0833333333,false,false,355.2218048540,355.2032667548,-0.0000521874,0.0000423833,-1.2313210059,32768,20260824,104,3.0000000000,true,1.6625685811,355.2224376776,0.0000017815,0.0000127342,400000,20260824,192,0.0047913669,0.0027768913,parity_forward
daily,JPM,2026-09-09,1530,essvi_gfree,ok,,3M,0.2500000000,false,false,357.2689293344,357.2294967412,-0.0001103723,0.0000663866,-1.6625685811,32768,20260824,104,3.0000000000,true,1.6625685811,357.2718779483,0.0000082532,0.0000189888,400000,20260824,192,0.0245827418,0.0036649032,parity_forward
daily,JPM,2026-09-09,1530,essvi_gfree,ok,,6M,0.5000000000,false,false,359.6366182418,359.6334117954,-0.0000089158,0.0000901600,-0.0988885758,32768,20260824,104,3.0000000000,true,1.6625685811,359.6369699651,0.0000009780,0.0000253752,400000,20260824,192,0.0255020234,0.0070903447,parity_forward
daily,JPM,2026-09-09,1530,essvi_sg05,ok,,1M,0.0833333333,false,false,355.2218048540,355.2019214157,-0.0000559747,0.0000540183,-1.0362175356,32768,20260824,104,3.0000000000,true,1.0362175356,355.2268975693,0.0000143367,0.0000170409,400000,20260824,192,0.0047913669,0.0027768913,parity_forward
daily,JPM,2026-09-09,1530,essvi_sg05,ok,,3M,0.2500000000,false,false,357.2689293344,357.2514020766,-0.0000490590,0.0000696112,-0.7047569644,32768,20260824,104,3.0000000000,true,1.0362175356,357.2762150001,0.0000203927,0.0000209082,400000,20260824,192,0.0245827418,0.0036649032,parity_forward
daily,JPM,2026-09-09,1530,essvi_sg05,ok,,6M,0.5000000000,false,false,359.6366182418,359.6528897533,0.0000452443,0.0000962891,0.4698800052,32768,20260824,104,3.0000000000,true,1.0362175356,359.6408175820,0.0000116766,0.0000277437,400000,20260824,192,0.0255020234,0.0070903447,parity_forward
daily,JPM,2026-09-10,1530,svi,ok,,1M,0.0833333333,false,false,352.5620398119,352.5729916061,0.0000310635,0.0000544136,0.5708764696,32768,20260824,104,3.0000000000,true,2.3306903653,352.5619502455,-0.0000002540,0.0000136374,400000,20260824,192,0.0109661374,0.0022610309,parity_forward
daily,JPM,2026-09-10,1530,svi,ok,,3M,0.2500000000,false,false,354.5028806121,354.6324886312,0.0003656050,0.0001568655,2.3306903653,32768,20260824,104,3.0000000000,true,2.3306903653,354.5022424937,-0.0000018000,0.0000404958,400000,20260824,192,0.0256148413,0.0034316069,parity_forward
daily,JPM,2026-09-10,1530,svi,ok,,6M,0.5000000000,false,false,357.5051512607,357.6222515579,0.0003275486,0.0001829621,1.7902531699,32768,20260824,104,3.0000000000,true,2.3306903653,357.5151155877,0.0000278718,0.0000485749,400000,20260824,192,0.0296740194,0.0050418292,parity_forward
daily,JPM,2026-09-10,1530,ssvi,ok,,1M,0.0833333333,false,false,352.5620398119,352.5564141924,-0.0000159564,0.0000431470,-0.3698143339,32768,20260824,104,3.0000000000,true,1.2554302068,352.5632115911,0.0000033236,0.0000125207,400000,20260824,192,0.0109661374,0.0022610309,parity_forward
daily,JPM,2026-09-10,1530,ssvi,ok,,3M,0.2500000000,false,false,354.5028806121,354.4760477758,-0.0000756914,0.0000602912,-1.2554302068,32768,20260824,104,3.0000000000,true,1.2554302068,354.5053659655,0.0000070108,0.0000167301,400000,20260824,192,0.0256148413,0.0034316069,parity_forward
daily,JPM,2026-09-10,1530,ssvi,ok,,6M,0.5000000000,false,false,357.5051512607,357.4986231910,-0.0000182601,0.0000837657,-0.2179899001,32768,20260824,104,3.0000000000,true,1.2554302068,357.5071300066,0.0000055349,0.0000230753,400000,20260824,192,0.0296740194,0.0050418292,parity_forward
daily,JPM,2026-09-10,1530,essvi,ok,,1M,0.0833333333,false,false,352.5620398119,352.5353077824,-0.0000758222,0.0000686079,-1.1051528135,32768,20260824,104,3.0000000000,true,1.2953159770,352.5746767934,0.0000358433,0.0000251963,400000,20260824,192,0.0109661374,0.0022610309,parity_forward
daily,JPM,2026-09-10,1530,essvi,ok,,3M,0.2500000000,false,false,354.5028806121,354.4548489088,-0.0001354903,0.0001046002,-1.2953159770,32768,20260824,104,3.0000000000,true,1.2953159770,354.5255418863,0.0000639241,0.0000315967,400000,20260824,192,0.0256148413,0.0034316069,parity_forward
daily,JPM,2026-09-10,1530,essvi,ok,,6M,0.5000000000,false,false,357.5051512607,357.4847084799,-0.0000571818,0.0001141192,-0.5010706720,32768,20260824,104,3.0000000000,true,1.2953159770,357.5296306508,0.0000684728,0.0000339539,400000,20260824,192,0.0296740194,0.0050418292,parity_forward
daily,JPM,2026-09-10,1530,essvi_g05,ok,,1M,0.0833333333,false,false,352.5620398119,352.5414476987,-0.0000584071,0.0000443428,-1.3171717272,32768,20260824,104,3.0000000000,true,1.3171717272,352.5627506874,0.0000020163,0.0000124447,400000,20260824,192,0.0109661374,0.0022610309,parity_forward
daily,JPM,2026-09-10,1530,essvi_g05,ok,,3M,0.2500000000,false,false,354.5028806121,354.4963199850,-0.0000185066,0.0000860350,-0.2151049848,32768,20260824,104,3.0000000000,true,1.3171717272,354.5007735037,-0.0000059438,0.0000244682,400000,20260824,192,0.0256148413,0.0034316069,parity_forward
daily,JPM,2026-09-10,1530,essvi_g05,ok,,6M,0.5000000000,false,false,357.5051512607,357.5251435585,0.0000559217,0.0000981243,0.5699070077,32768,20260824,104,3.0000000000,true,1.3171717272,357.5058496875,0.0000019536,0.0000276881,400000,20260824,192,0.0296740194,0.0050418292,parity_forward
daily,JPM,2026-09-10,1530,essvi_gfree,ok,,1M,0.0833333333,false,false,352.5620398119,352.5441839612,-0.0000506460,0.0000427997,-1.1833260077,32768,20260824,104,3.0000000000,true,1.1833260077,352.5618452453,-0.0000005519,0.0000122314,400000,20260824,192,0.0109661374,0.0022610309,parity_forward
daily,JPM,2026-09-10,1530,essvi_gfree,ok,,3M,0.2500000000,false,false,354.5028806121,354.4889005601,-0.0000394357,0.0000763722,-0.5163612798,32768,20260824,104,3.0000000000,true,1.1833260077,354.5007594057,-0.0000059836,0.0000217012,400000,20260824,192,0.0256148413,0.0034316069,parity_forward
daily,JPM,2026-09-10,1530,essvi_gfree,ok,,6M,0.5000000000,false,false,357.5051512607,357.5192476948,0.0000394300,0.0000927106,0.4253021026,32768,20260824,104,3.0000000000,true,1.1833260077,357.5066042173,0.0000040642,0.0000260976,400000,20260824,192,0.0296740194,0.0050418292,parity_forward
daily,JPM,2026-09-10,1530,essvi_sg05,ok,,1M,0.0833333333,false,false,352.5620398119,352.5356172446,-0.0000749444,0.0001605258,-0.4668686898,32768,20260824,104,3.0000000000,true,1.0940028572,352.5854500782,0.0000664004,0.0000452388,400000,20260824,192,0.0109661374,0.0022610309,parity_forward
daily,JPM,2026-09-10,1530,essvi_sg05,ok,,3M,0.2500000000,false,false,354.5028806121,354.5803629755,0.0002185662,0.0002373629,0.9208104114,32768,20260824,104,3.0000000000,true,1.0940028572,354.5209811871,0.0000510590,0.0000682463,400000,20260824,192,0.0256148413,0.0034316069,parity_forward
daily,JPM,2026-09-10,1530,essvi_sg05,ok,,6M,0.5000000000,false,false,357.5051512607,357.5999695065,0.0002652220,0.0002424327,1.0940028572,32768,20260824,104,3.0000000000,true,1.0940028572,357.5214239882,0.0000455175,0.0000694875,400000,20260824,192,0.0296740194,0.0050418292,parity_forward
daily,JPM,2026-09-11,1530,svi,ok,,1M,0.0833333333,false,false,356.6382110928,356.6291555258,-0.0000253915,0.0000467391,-0.5432592196,32768,20260824,104,3.0000000000,true,0.7463916888,356.6357356096,-0.0000069412,0.0000137921,400000,20260824,192,-0.0019106552,0.0034187354,parity_forward
daily,JPM,2026-09-11,1530,svi,ok,,3M,0.2500000000,false,false,358.9694925234,358.9406314829,-0.0000803997,0.0001077178,-0.7463916888,32768,20260824,104,3.0000000000,true,0.7463916888,358.9637534027,-0.0000159878,0.0000309160,400000,20260824,192,0.0254253238,0.0036033567,parity_forward
daily,JPM,2026-09-11,1530,svi,ok,,6M,0.5000000000,false,false,361.7757364758,361.7989254613,0.0000640977,0.0001169856,0.5479109494,32768,20260824,104,3.0000000000,true,0.7463916888,361.7683821224,-0.0000203285,0.0000339964,400000,20260824,192,0.0282868649,0.0060371492,parity_forward
daily,JPM,2026-09-11,1530,ssvi,ok,,1M,0.0833333333,false,false,356.6382110928,356.6309722539,-0.0000202974,0.0000433633,-0.4680785141,32768,20260824,104,3.0000000000,true,1.4389311626,356.6388590966,0.0000018170,0.0000131224,400000,20260824,192,-0.0019106552,0.0034187354,parity_forward
daily,JPM,2026-09-11,1530,ssvi,ok,,3M,0.2500000000,false,false,358.9694925234,358.9359484986,-0.0000934453,0.0000649408,-1.4389311626,32768,20260824,104,3.0000000000,true,1.4389311626,358.9711689511,0.0000046701,0.0000183738,400000,20260824,192,0.0254253238,0.0036033567,parity_forward
daily,JPM,2026-09-11,1530,ssvi,ok,,6M,0.5000000000,false,false,361.7757364758,361.7751002574,-0.0000017586,0.0000910749,-0.0193093729,32768,20260824,104,3.0000000000,true,1.4389311626,361.7760395828,0.0000008378,0.0000254610,400000,20260824,192,0.0282868649,0.0060371492,parity_forward
daily,JPM,2026-09-11,1530,essvi,ok,,1M,0.0833333333,false,false,356.6382110928,356.6269939777,-0.0000314524,0.0000516514,-0.6089352773,32768,20260824,104,3.0000000000,true,0.6911448959,356.6478800992,0.0000271115,0.0000234385,400000,20260824,192,-0.0019106552,0.0034187354,parity_forward
daily,JPM,2026-09-11,1530,essvi,ok,,3M,0.2500000000,false,false,358.9694925234,358.9462399709,-0.0000647758,0.0000937225,-0.6911448959,32768,20260824,104,3.0000000000,true,0.6911448959,358.9798941111,0.0000289762,0.0000308750,400000,20260824,192,0.0254253238,0.0036033567,parity_forward
daily,JPM,2026-09-11,1530,essvi,ok,,6M,0.5000000000,false,false,361.7757364758,361.7940764973,0.0000506944,0.0001142596,0.4436778047,32768,20260824,104,3.0000000000,true,0.6911448959,361.7812088817,0.0000151265,0.0000357015,400000,20260824,192,0.0282868649,0.0060371492,parity_forward
daily,JPM,2026-09-11,1530,essvi_g05,ok,,1M,0.0833333333,false,false,356.6382110928,356.6427749951,0.0000127970,0.0000348101,0.3676237854,32768,20260824,104,3.0000000000,true,1.5445291163,356.6381257033,-0.0000002394,0.0000101929,400000,20260824,192,-0.0019106552,0.0034187354,parity_forward
daily,JPM,2026-09-11,1530,essvi_g05,ok,,3M,0.2500000000,false,false,358.9694925234,358.9875526274,0.0000503110,0.0000987918,0.5092624302,32768,20260824,104,3.0000000000,true,1.5445291163,358.9678949850,-0.0000044503,0.0000284293,400000,20260824,192,0.0254253238,0.0036033567,parity_forward
daily,JPM,2026-09-11,1530,essvi_g05,ok,,6M,0.5000000000,false,false,361.7757364758,361.8402405473,0.0001782985,0.0001154387,1.5445291163,32768,20260824,104,3.0000000000,true,1.5445291163,361.7684736292,-0.0000200755,0.0000328756,400000,20260824,192,0.0282868649,0.0060371492,parity_forward
daily,JPM,2026-09-11,1530,essvi_gfree,ok,,1M,0.0833333333,false,false,356.6382110928,356.6399894784,0.0000049865,0.0000373949,0.1333477191,32768,20260824,104,3.0000000000,true,1.4225692459,356.6378216575,-0.0000010920,0.0000110420,400000,20260824,192,-0.0019106552,0.0034187354,parity_forward
daily,JPM,2026-09-11,1530,essvi_gfree,ok,,3M,0.2500000000,false,false,358.9694925234,358.9823058015,0.0000356946,0.0000954140,0.3741023399,32768,20260824,104,3.0000000000,true,1.4225692459,358.9678486675,-0.0000045794,0.0000274918,400000,20260824,192,0.0254253238,0.0036033567,parity_forward
daily,JPM,2026-09-11,1530,essvi_gfree,ok,,6M,0.5000000000,false,false,361.7757364758,361.8350503654,0.0001639521,0.0001152507,1.4225692459,32768,20260824,104,3.0000000000,true,1.4225692459,361.7686383260,-0.0000196203,0.0000327522,400000,20260824,192,0.0282868649,0.0060371492,parity_forward
daily,JPM,2026-09-11,1530,essvi_sg05,ok,,1M,0.0833333333,false,false,356.6382110928,356.8113928690,0.0004855951,0.0001397023,3.4759280885,32768,20260824,104,3.0000000000,false,3.4759280885,356.6483853815,0.0000285283,0.0000375033,400000,20260824,192,-0.0019106552,0.0034187354,parity_forward
daily,JPM,2026-09-11,1530,essvi_sg05,ok,,3M,0.2500000000,false,false,358.9694925234,359.1821008652,0.0005922741,0.0002389806,2.4783357197,32768,20260824,104,3.0000000000,false,3.4759280885,358.9736855978,0.0000116809,0.0000665887,400000,20260824,192,0.0254253238,0.0036033567,parity_forward
daily,JPM,2026-09-11,1530,essvi_sg05,ok,,6M,0.5000000000,false,false,361.7757364758,362.0440495294,0.0007416557,0.0002457162,3.0183426469,32768,20260824,104,3.0000000000,false,3.4759280885,361.7839998075,0.0000228410,0.0000687886,400000,20260824,192,0.0282868649,0.0060371492,parity_forward
daily,XOM,2026-08-14,1530,svi,ok,,1M,0.0833333333,false,false,160.0304978960,160.0655268396,0.0002188892,0.0001230960,1.7781986545,32768,20260824,104,3.0000000000,true,1.7781986545,160.0336663555,0.0000197991,0.0000389457,400000,20260824,192,-0.0273013675,0.0054431353,parity_forward
daily,XOM,2026-08-14,1530,svi,ok,,3M,0.2500000000,false,false,160.4623991863,160.4790398444,0.0001037044,0.0002987266,0.3471549523,32768,20260824,104,3.0000000000,true,1.7781986545,160.4544863532,-0.0000493127,0.0000891306,400000,20260824,192,0.0016804771,0.0092483459,parity_forward
daily,XOM,2026-08-14,1530,svi,ok,,6M,0.5000000000,false,false,161.2152624769,161.1846201560,-0.0001900708,0.0003413180,-0.5568731957,32768,20260824,104,3.0000000000,true,1.7781986545,161.2016866278,-0.0000842095,0.0001018263,400000,20260824,192,0.0102019662,0.0145094907,parity_forward
daily,XOM,2026-08-14,1530,ssvi,ok,,1M,0.0833333333,false,false,160.0304978960,160.0303712530,-0.0000007914,0.0000133435,-0.0593072315,32768,20260824,104,3.0000000000,true,0.7550484483,160.0312463570,0.0000046770,0.0000032998,400000,20260824,192,-0.0273013675,0.0054431353,parity_forward
daily,XOM,2026-08-14,1530,ssvi,ok,,3M,0.2500000000,false,false,160.4623991863,160.4702761509,0.0000490892,0.0000650146,0.7550484483,32768,20260824,104,3.0000000000,true,0.7550484483,160.4644967309,0.0000130719,0.0000183158,400000,20260824,192,0.0016804771,0.0092483459,parity_forward
daily,XOM,2026-08-14,1530,ssvi,ok,,6M,0.5000000000,false,false,161.2152624769,161.1978581490,-0.0001079571,0.0001584852,-0.6811808049,32768,20260824,104,3.0000000000,true,0.7550484483,161.2184543764,0.0000197990,0.0000452257,400000,20260824,192,0.0102019662,0.0145094907,parity_forward
daily,XOM,2026-08-14,1530,essvi,ok,,1M,0.0833333333,false,false,160.0304978960,160.0204867064,-0.0000625580,0.0000359001,-1.7425569471,32768,20260824,104,3.0000000000,true,1.7425569471,160.0320443409,0.0000096634,0.0000094998,400000,20260824,192,-0.0273013675,0.0054431353,parity_forward
daily,XOM,2026-08-14,1530,essvi,ok,,3M,0.2500000000,false,false,160.4623991863,160.4706039488,0.0000511320,0.0001017021,0.5027624266,32768,20260824,104,3.0000000000,true,1.7425569471,160.4662990731,0.0000243041,0.0000283275,400000,20260824,192,0.0016804771,0.0092483459,parity_forward
daily,XOM,2026-08-14,1530,essvi,ok,,6M,0.5000000000,false,false,161.2152624769,161.1921002926,-0.0001436724,0.0001889865,-0.7602257445,32768,20260824,104,3.0000000000,true,1.7425569471,161.2264374988,0.0000693174,0.0000550885,400000,20260824,192,0.0102019662,0.0145094907,parity_forward
daily,XOM,2026-08-14,1530,essvi_g05,ok,,1M,0.0833333333,false,false,160.0304978960,160.0165512928,-0.0000871497,0.0000349848,-2.4910739074,32768,20260824,104,3.0000000000,true,2.4910739074,160.0310865839,0.0000036786,0.0000100294,400000,20260824,192,-0.0273013675,0.0054431353,parity_forward
daily,XOM,2026-08-14,1530,essvi_g05,ok,,3M,0.2500000000,false,false,160.4623991863,160.4730850523,0.0000665942,0.0001194136,0.5576768505,32768,20260824,104,3.0000000000,true,2.4910739074,160.4650202967,0.0000163347,0.0000331065,400000,20260824,192,0.0016804771,0.0092483459,parity_forward
daily,XOM,2026-08-14,1530,essvi_g05,ok,,6M,0.5000000000,false,false,161.2152624769,161.1931377019,-0.0001372375,0.0001918325,-0.7154026721,32768,20260824,104,3.0000000000,true,2.4910739074,161.2224935538,0.0000448536,0.0000549797,400000,20260824,192,0.0102019662,0.0145094907,parity_forward
daily,XOM,2026-08-14,1530,essvi_gfree,ok,,1M,0.0833333333,false,false,160.0304978960,160.0173758584,-0.0000819971,0.0000333199,-2.4609036485,32768,20260824,104,3.0000000000,true,2.4609036485,160.0311078993,0.0000038118,0.0000096362,400000,20260824,192,-0.0273013675,0.0054431353,parity_forward
daily,XOM,2026-08-14,1530,essvi_gfree,ok,,3M,0.2500000000,false,false,160.4623991863,160.4735559599,0.0000695289,0.0001173609,0.5924366645,32768,20260824,104,3.0000000000,true,2.4609036485,160.4650241357,0.0000163587,0.0000326278,400000,20260824,192,0.0016804771,0.0092483459,parity_forward
daily,XOM,2026-08-14,1530,essvi_gfree,ok,,6M,0.5000000000,false,false,161.2152624769,161.1939174569,-0.0001324007,0.0001929940,-0.6860355746,32768,20260824,104,3.0000000000,true,2.4609036485,161.2225285411,0.0000450706,0.0000553692,400000,20260824,192,0.0102019662,0.0145094907,parity_forward
daily,XOM,2026-08-14,1530,essvi_sg05,ok,,1M,0.0833333333,false,false,160.0304978960,160.0154821346,-0.0000938306,0.0000378069,-2.4818389753,32768,20260824,104,3.0000000000,true,2.4818389753,160.0313314788,0.0000052089,0.0000111077,400000,20260824,192,-0.0273013675,0.0054431353,parity_forward
daily,XOM,2026-08-14,1530,essvi_sg05,ok,,3M,0.2500000000,false,false,160.4623991863,160.4702343175,0.0000488285,0.0001286851,0.3794413892,32768,20260824,104,3.0000000000,true,2.4818389753,160.4656874002,0.0000204921,0.0000357883,400000,20260824,192,0.0016804771,0.0092483459,parity_forward
daily,XOM,2026-08-14,1530,essvi_sg05,ok,,6M,0.5000000000,false,false,161.2152624769,161.1930716888,-0.0001376469,0.0001967364,-0.6996514872,32768,20260824,104,3.0000000000,true,2.4818389753,161.2222679840,0.0000434544,0.0000562542,400000,20260824,192,0.0102019662,0.0145094907,parity_forward
daily,XOM,2026-08-17,1530,svi,ok,,1M,0.0833333333,false,false,162.4556658485,162.4373766533,-0.0001125796,0.0000924237,-1.2180822106,32768,20260824,104,3.0000000000,true,1.2180822106,162.4624825020,0.0000419601,0.0000265042,400000,20260824,192,0.0433391406,-0.0004582290,parity_forward
daily,XOM,2026-08-17,1530,svi,ok,,3M,0.2500000000,false,false,162.9437337582,163.0074120667,0.0003907994,0.0004548342,0.8592127715,32768,20260824,104,3.0000000000,true,1.2180822106,162.9607638996,0.0001045155,0.0001001779,400000,20260824,192,0.0264456224,0.0029946722,parity_forward
daily,XOM,2026-08-17,1530,svi,ok,,6M,0.5000000000,false,false,163.7332463360,163.7627991265,0.0001804935,0.0004895458,0.3686959153,32768,20260824,104,3.0000000000,true,1.2180822106,163.7586598408,0.0001552129,0.0001103088,400000,20260824,192,0.0228900258,0.0081424237,parity_forward
daily,XOM,2026-08-17,1530,ssvi,ok,,1M,0.0833333333,false,false,162.4556658485,162.4563118701,0.0000039766,0.0000167816,0.2369615721,32768,20260824,104,3.0000000000,true,0.8693361321,162.4565597848,0.0000055026,0.0000038291,400000,20260824,192,0.0433391406,-0.0004582290,parity_forward
daily,XOM,2026-08-17,1530,ssvi,ok,,3M,0.2500000000,false,false,162.9437337582,162.9541958390,0.0000642067,0.0000738572,0.8693361321,32768,20260824,104,3.0000000000,true,0.8693361321,162.9459277387,0.0000134647,0.0000205187,400000,20260824,192,0.0264456224,0.0029946722,parity_forward
daily,XOM,2026-08-17,1530,ssvi,ok,,6M,0.5000000000,false,false,163.7332463360,163.7103736062,-0.0001396951,0.0001705662,-0.8190079787,32768,20260824,104,3.0000000000,true,0.8693361321,163.7369983080,0.0000229152,0.0000483492,400000,20260824,192,0.0228900258,0.0081424237,parity_forward
daily,XOM,2026-08-17,1530,essvi,ok,,1M,0.0833333333,false,false,162.4556658485,162.4571101126,0.0000088902,0.0000302240,0.2941435726,32768,20260824,104,3.0000000000,true,0.7399006405,162.4567262958,0.0000065276,0.0000084013,400000,20260824,192,0.0433391406,-0.0004582290,parity_forward
daily,XOM,2026-08-17,1530,essvi,ok,,3M,0.2500000000,false,false,162.9437337582,162.9515397523,0.0000479061,0.0000936196,0.5117097691,32768,20260824,104,3.0000000000,true,0.7399006405,162.9474492790,0.0000228025,0.0000277364,400000,20260824,192,0.0264456224,0.0029946722,parity_forward
daily,XOM,2026-08-17,1530,essvi,ok,,6M,0.5000000000,false,false,163.7332463360,163.7097469287,-0.0001435225,0.0001939754,-0.7399006405,32768,20260824,104,3.0000000000,true,0.7399006405,163.7420266556,0.0000536258,0.0000571737,400000,20260824,192,0.0228900258,0.0081424237,parity_forward
daily,XOM,2026-08-17,1530,essvi_g05,ok,,1M,0.0833333333,false,false,162.4556658485,162.4557385622,0.0000004476,0.0000308825,0.0144933665,32768,20260824,104,3.0000000000,true,0.8746915180,162.4560305754,0.0000022451,0.0000082353,400000,20260824,192,0.0433391406,-0.0004582290,parity_forward
daily,XOM,2026-08-17,1530,essvi_g05,ok,,3M,0.2500000000,false,false,162.9437337582,162.9492817652,0.0000340486,0.0001008351,0.3376663539,32768,20260824,104,3.0000000000,true,0.8746915180,162.9472032511,0.0000212926,0.0000292740,400000,20260824,192,0.0264456224,0.0029946722,parity_forward
daily,XOM,2026-08-17,1530,essvi_g05,ok,,6M,0.5000000000,false,false,163.7332463360,163.7057153982,-0.0001681451,0.0001922336,-0.8746915180,32768,20260824,104,3.0000000000,true,0.8746915180,163.7393780861,0.0000374496,0.0000553969,400000,20260824,192,0.0228900258,0.0081424237,parity_forward
daily,XOM,2026-08-17,1530,essvi_gfree,ok,,1M,0.0833333333,false,false,162.4556658485,162.4555496095,-0.0000007155,0.0000309996,-0.0230813307,32768,20260824,104,3.0000000000,true,0.8896455496,162.4560487809,0.0000023571,0.0000082744,400000,20260824,192,0.0433391406,-0.0004582290,parity_forward
daily,XOM,2026-08-17,1530,essvi_gfree,ok,,3M,0.2500000000,false,false,162.9437337582,162.9490688001,0.0000327416,0.0001005200,0.3257223055,32768,20260824,104,3.0000000000,true,0.8896455496,162.9472427985,0.0000215353,0.0000291870,400000,20260824,192,0.0264456224,0.0029946722,parity_forward
daily,XOM,2026-08-17,1530,essvi_gfree,ok,,6M,0.5000000000,false,false,163.7332463360,163.7055350555,-0.0001692465,0.0001902404,-0.8896455496,32768,20260824,104,3.0000000000,true,0.8896455496,163.7393654663,0.0000373726,0.0000548407,400000,20260824,192,0.0228900258,0.0081424237,parity_forward
daily,XOM,2026-08-17,1530,essvi_sg05,ok,,1M,0.0833333333,false,false,162.4556658485,162.4566759938,0.0000062180,0.0000357412,0.1739720617,32768,20260824,104,3.0000000000,true,0.8612883240,162.4556732612,0.0000000456,0.0000095920,400000,20260824,192,0.0433391406,-0.0004582290,parity_forward
daily,XOM,2026-08-17,1530,essvi_sg05,ok,,3M,0.2500000000,false,false,162.9437337582,162.9509368049,0.0000442057,0.0001023788,0.4317860227,32768,20260824,104,3.0000000000,true,0.8612883240,162.9467234206,0.0000183478,0.0000296363,400000,20260824,192,0.0264456224,0.0029946722,parity_forward
daily,XOM,2026-08-17,1530,essvi_sg05,ok,,6M,0.5000000000,false,false,163.7332463360,163.7066441175,-0.0001624729,0.0001886394,-0.8612883240,32768,20260824,104,3.0000000000,true,0.8612883240,163.7383129206,0.0000309441,0.0000542264,400000,20260824,192,0.0228900258,0.0081424237,parity_forward
daily,XOM,2026-08-18,1530,svi,ok,,1M,0.0833333333,false,false,165.7343387504,165.7038162717,-0.0001841651,0.0004318718,-0.4264346421,32768,20260824,104,3.0000000000,true,0.4264346421,165.7304152391,-0.0000236735,0.0000620299,400000,20260824,192,0.0343937538,0.0002871561,parity_forward
daily,XOM,2026-08-18,1530,svi,ok,,3M,0.2500000000,false,false,166.0652156682,166.0872539673,0.0001327087,0.0004779704,0.2776504843,32768,20260824,104,3.0000000000,true,0.4264346421,166.0639063868,-0.0000078841,0.0000748376,400000,20260824,192,0.0194423416,0.0047771518,parity_forward
daily,XOM,2026-08-18,1530,svi,ok,,6M,0.5000000000,false,false,166.7825381385,166.7949648764,0.0000745086,0.0005261114,0.1416213911,32768,20260824,104,3.0000000000,true,0.4264346421,166.7851827523,0.0000158567,0.0000868296,400000,20260824,192,0.0183416115,0.0104385640,parity_forward
daily,XOM,2026-08-18,1530,ssvi,ok,,1M,0.0833333333,false,false,165.7343387504,165.7350573910,0.0000043361,0.0000174564,0.2483957745,32768,20260824,104,3.0000000000,true,0.9624779317,165.7352405133,0.0000054410,0.0000042389,400000,20260824,192,0.0343937538,0.0002871561,parity_forward
daily,XOM,2026-08-18,1530,ssvi,ok,,3M,0.2500000000,false,false,166.0652156682,166.0772866531,0.0000726882,0.0000755220,0.9624779317,32768,20260824,104,3.0000000000,true,0.9624779317,166.0676115832,0.0000144276,0.0000212039,400000,20260824,192,0.0194423416,0.0047771518,parity_forward
daily,XOM,2026-08-18,1530,ssvi,ok,,6M,0.5000000000,false,false,166.7825381385,166.7619827266,-0.0001232468,0.0001709372,-0.7210063373,32768,20260824,104,3.0000000000,true,0.9624779317,166.7868003356,0.0000255554,0.0000488787,400000,20260824,192,0.0183416115,0.0104385640,parity_forward
daily,XOM,2026-08-18,1530,essvi,ok,,1M,0.0833333333,false,false,165.7343387504,165.7379139742,0.0000215720,0.0000214332,1.0064752825,32768,20260824,104,3.0000000000,true,1.0064752825,165.7338204624,-0.0000031272,0.0000077463,400000,20260824,192,0.0343937538,0.0002871561,parity_forward
daily,XOM,2026-08-18,1530,essvi,ok,,3M,0.2500000000,false,false,166.0652156682,166.0563142073,-0.0000536022,0.0002226219,-0.2407768627,32768,20260824,104,3.0000000000,true,1.0064752825,166.0528618014,-0.0000743917,0.0000681100,400000,20260824,192,0.0194423416,0.0047771518,parity_forward
daily,XOM,2026-08-18,1530,essvi,ok,,6M,0.5000000000,false,false,166.7825381385,166.7382584513,-0.0002654935,0.0002783489,-0.9538157809,32768,20260824,104,3.0000000000,true,1.0064752825,166.7709618631,-0.0000694094,0.0000834142,400000,20260824,192,0.0183416115,0.0104385640,parity_forward
daily,XOM,2026-08-18,1530,essvi_g05,ok,,1M,0.0833333333,false,false,165.7343387504,165.7382660533,0.0000236964,0.0000248915,0.9519874419,32768,20260824,104,3.0000000000,true,1.4488852687,165.7348591312,0.0000031398,0.0000084779,400000,20260824,192,0.0343937538,0.0002871561,parity_forward
daily,XOM,2026-08-18,1530,essvi_g05,ok,,3M,0.2500000000,false,false,166.0652156682,166.0972544195,0.0001929287,0.0001331567,1.4488852687,32768,20260824,104,3.0000000000,true,1.4488852687,166.0702402552,0.0000302567,0.0000361349,400000,20260824,192,0.0194423416,0.0047771518,parity_forward
daily,XOM,2026-08-18,1530,essvi_g05,ok,,6M,0.5000000000,false,false,166.7825381385,166.7790444151,-0.0000209478,0.0002088909,-0.1002809210,32768,20260824,104,3.0000000000,true,1.4488852687,166.7904725331,0.0000475733,0.0000586450,400000,20260824,192,0.0183416115,0.0104385640,parity_forward
daily,XOM,2026-08-18,1530,essvi_gfree,ok,,1M,0.0833333333,false,false,165.7343387504,165.7380833680,0.0000225941,0.0000235107,0.9610120500,32768,20260824,104,3.0000000000,true,1.4379531141,165.7348019214,0.0000027947,0.0000080308,400000,20260824,192,0.0343937538,0.0002871561,parity_forward
daily,XOM,2026-08-18,1530,essvi_gfree,ok,,3M,0.2500000000,false,false,166.0652156682,166.0963095688,0.0001872391,0.0001302122,1.4379531141,32768,20260824,104,3.0000000000,true,1.4379531141,166.0700699903,0.0000292314,0.0000353579,400000,20260824,192,0.0194423416,0.0047771518,parity_forward
daily,XOM,2026-08-18,1530,essvi_gfree,ok,,6M,0.5000000000,false,false,166.7825381385,166.7783969461,-0.0000248299,0.0002103369,-0.1180481982,32768,20260824,104,3.0000000000,true,1.4379531141,166.7905349622,0.0000479476,0.0000591130,400000,20260824,192,0.0183416115,0.0104385640,parity_forward
daily,XOM,2026-08-18,1530,essvi_sg05,ok,,1M,0.0833333333,false,false,165.7343387504,165.7375582881,0.0000194259,0.0000305264,0.6363627801,32768,20260824,104,3.0000000000,true,1.3544790197,165.7352210331,0.0000053235,0.0000091934,400000,20260824,192,0.0343937538,0.0002871561,parity_forward
daily,XOM,2026-08-18,1530,essvi_sg05,ok,,3M,0.2500000000,false,false,166.0652156682,166.1033423060,0.0002295883,0.0001695031,1.3544790197,32768,20260824,104,3.0000000000,true,1.3544790197,166.0720941809,0.0000414206,0.0000451136,400000,20260824,192,0.0194423416,0.0047771518,parity_forward
daily,XOM,2026-08-18,1530,essvi_sg05,ok,,6M,0.5000000000,false,false,166.7825381385,166.7857131932,0.0000190371,0.0002395284,0.0794773902,32768,20260824,104,3.0000000000,true,1.3544790197,166.7945092683,0.0000717769,0.0000665859,400000,20260824,192,0.0183416115,0.0104385640,parity_forward
daily,XOM,2026-08-19,1530,svi,ok,,1M,0.0833333333,false,false,166.4386446300,166.0776026963,-0.0021692194,0.0011758539,-1.8448035174,32768,20260824,104,3.0000000000,true,2.3316539687,166.5276942301,0.0005350296,0.0002949886,400000,20260824,192,0.0446141698,-0.0005727290,parity_forward
daily,XOM,2026-08-19,1530,svi,ok,,3M,0.2500000000,false,false,166.7727334326,166.1946136086,-0.0034665129,0.0014867184,-2.3316539687,32768,20260824,104,3.0000000000,true,2.3316539687,166.8764077132,0.0006216501,0.0003997471,400000,20260824,192,0.0228924585,0.0038864224,parity_forward
daily,XOM,2026-08-19,1530,svi,ok,,6M,0.5000000000,false,false,167.7020397034,167.1197636530,-0.0034720869,0.0015715700,-2.2093109352,32768,20260824,104,3.0000000000,true,2.3316539687,167.8153767560,0.0006758239,0.0004189992,400000,20260824,192,0.0225598765,0.0082602089,parity_forward
daily,XOM,2026-08-19,1530,ssvi,ok,,1M,0.0833333333,false,false,166.4386446300,166.4392169143,0.0000034384,0.0000160218,0.2146079808,32768,20260824,104,3.0000000000,true,0.8254717893,166.4396620188,0.0000061127,0.0000037557,400000,20260824,192,0.0446141698,-0.0005727290,parity_forward
daily,XOM,2026-08-19,1530,ssvi,ok,,3M,0.2500000000,false,false,166.7727334326,166.7832375437,0.0000629846,0.0000763013,0.8254717893,32768,20260824,104,3.0000000000,true,0.8254717893,166.7752885585,0.0000153210,0.0000215040,400000,20260824,192,0.0228924585,0.0038864224,parity_forward
daily,XOM,2026-08-19,1530,ssvi,ok,,6M,0.5000000000,false,false,167.7020397034,167.6813436629,-0.0001234096,0.0001769348,-0.6974861369,32768,20260824,104,3.0000000000,true,0.8254717893,167.7070002317,0.0000295794,0.0000505738,400000,20260824,192,0.0225598765,0.0082602089,parity_forward
daily,XOM,2026-08-19,1530,essvi,ok,,1M,0.0833333333,false,false,166.4386446300,166.4234332942,-0.0000913931,0.0000561408,-1.6279247948,32768,20260824,104,3.0000000000,true,1.6279247948,166.4390970718,0.0000027184,0.0000166627,400000,20260824,192,0.0446141698,-0.0005727290,parity_forward
daily,XOM,2026-08-19,1530,essvi,ok,,3M,0.2500000000,false,false,166.7727334326,166.7480030899,-0.0001482877,0.0002650451,-0.5594810308,32768,20260824,104,3.0000000000,true,1.6279247948,166.7781907632,0.0000327232,0.0000619693,400000,20260824,192,0.0228924585,0.0038864224,parity_forward
daily,XOM,2026-08-19,1530,essvi,ok,,6M,0.5000000000,false,false,167.7020397034,167.6239640052,-0.0004655620,0.0003149260,-1.4783220710,32768,20260824,104,3.0000000000,true,1.6279247948,167.7109006814,0.0000528376,0.0000817212,400000,20260824,192,0.0225598765,0.0082602089,parity_forward
daily,XOM,2026-08-19,1530,essvi_g05,ok,,1M,0.0833333333,false,false,166.4386446300,166.4377747517,-0.0000052264,0.0000263309,-0.1984901605,32768,20260824,104,3.0000000000,true,1.4027491210,166.4416359731,0.0000179726,0.0000077551,400000,20260824,192,0.0446141698,-0.0005727290,parity_forward
daily,XOM,2026-08-19,1530,essvi_g05,ok,,3M,0.2500000000,false,false,166.7727334326,166.7991555064,0.0001584316,0.0001129437,1.4027491210,32768,20260824,104,3.0000000000,true,1.4027491210,166.7784171509,0.0000340806,0.0000330672,400000,20260824,192,0.0228924585,0.0038864224,parity_forward
daily,XOM,2026-08-19,1530,essvi_g05,ok,,6M,0.5000000000,false,false,167.7020397034,167.6900226738,-0.0000716570,0.0002013932,-0.3558065560,32768,20260824,104,3.0000000000,true,1.4027491210,167.7111168556,0.0000541267,0.0000585554,400000,20260824,192,0.0225598765,0.0082602089,parity_forward
daily,XOM,2026-08-19,1530,essvi_gfree,ok,,1M,0.0833333333,false,false,166.4386446300,166.4371743185,-0.0000088340,0.0000255689,-0.3454962318,32768,20260824,104,3.0000000000,true,1.3530041353,166.4417237401,0.0000185000,0.0000074927,400000,20260824,192,0.0446141698,-0.0005727290,parity_forward
daily,XOM,2026-08-19,1530,essvi_gfree,ok,,3M,0.2500000000,false,false,166.7727334326,166.7983189634,0.0001534156,0.0001133888,1.3530041353,32768,20260824,104,3.0000000000,true,1.3530041353,166.7785784476,0.0000350478,0.0000331863,400000,20260824,192,0.0228924585,0.0038864224,parity_forward
daily,XOM,2026-08-19,1530,essvi_gfree,ok,,6M,0.5000000000,false,false,167.7020397034,167.6890022512,-0.0000777418,0.0002054620,-0.3783754117,32768,20260824,104,3.0000000000,true,1.3530041353,167.7113090560,0.0000552727,0.0000596657,400000,20260824,192,0.0225598765,0.0082602089,parity_forward
daily,XOM,2026-08-19,1530,essvi_sg05,ok,,1M,0.0833333333,false,false,166.4386446300,166.4395070287,0.0000051815,0.0000302818,0.1711087208,32768,20260824,104,3.0000000000,true,1.1050302467,166.4414214490,0.0000166837,0.0000090715,400000,20260824,192,0.0446141698,-0.0005727290,parity_forward
daily,XOM,2026-08-19,1530,essvi_sg05,ok,,3M,0.2500000000,false,false,166.7727334326,166.8016165542,0.0001731885,0.0001567274,1.1050302467,32768,20260824,104,3.0000000000,true,1.1050302467,166.7823682367,0.0000577721,0.0000482396,400000,20260824,192,0.0228924585,0.0038864224,parity_forward
daily,XOM,2026-08-19,1530,essvi_sg05,ok,,6M,0.5000000000,false,false,167.7020397034,167.6939907832,-0.0000479954,0.0002305393,-0.2081873326,32768,20260824,104,3.0000000000,true,1.1050302467,167.7157179784,0.0000815630,0.0000693043,400000,20260824,192,0.0225598765,0.0082602089,parity_forward
daily,XOM,2026-08-20,1530,svi,ok,,1M,0.0833333333,false,false,167.8573621028,167.9571626255,0.0005945555,0.0009979821,0.5957577287,32768,20260824,104,3.0000000000,true,1.3306525988,167.8738987107,0.0000985158,0.0001963184,400000,20260824,192,0.0467277499,-0.0007570448,parity_forward
daily,XOM,2026-08-20,1530,svi,ok,,3M,0.2500000000,false,false,168.1988138503,168.1243272035,-0.0004428488,0.0016976573,-0.2608587858,32768,20260824,104,3.0000000000,true,1.3306525988,168.2745328194,0.0004501754,0.0004005451,400000,20260824,192,0.0237043639,0.0036822746,parity_forward
daily,XOM,2026-08-20,1530,svi,ok,,6M,0.5000000000,false,false,169.2963417163,168.9220064720,-0.0022111242,0.0016616841,-1.3306525988,32768,20260824,104,3.0000000000,true,1.3306525988,169.3517078463,0.0003270368,0.0004339290,400000,20260824,192,0.0248601522,0.0071012373,parity_forward
daily,XOM,2026-08-20,1530,ssvi,ok,,1M,0.0833333333,false,false,167.8573621028,167.8584764543,0.0000066387,0.0000170086,0.3903126333,32768,20260824,104,3.0000000000,true,0.7220851437,167.8584595357,0.0000065379,0.0000040713,400000,20260824,192,0.0467277499,-0.0007570448,parity_forward
daily,XOM,2026-08-20,1530,ssvi,ok,,3M,0.2500000000,false,false,168.1988138503,168.2086623043,0.0000585525,0.0000810880,0.7220851437,32768,20260824,104,3.0000000000,true,0.7220851437,168.2013034866,0.0000148017,0.0000229988,400000,20260824,192,0.0237043639,0.0036822746,parity_forward
daily,XOM,2026-08-20,1530,ssvi,ok,,6M,0.5000000000,false,false,169.2963417163,169.2757092315,-0.0001218720,0.0001820530,-0.6694313967,32768,20260824,104,3.0000000000,true,0.7220851437,169.3018384072,0.0000324679,0.0000517385,400000,20260824,192,0.0248601522,0.0071012373,parity_forward
daily,XOM,2026-08-20,1530,essvi,ok,,1M,0.0833333333,false,false,167.8573621028,167.8522612271,-0.0000303882,0.0000289615,-1.0492608078,32768,20260824,104,3.0000000000,true,1.7362716012,167.8653420558,0.0000475401,0.0000187418,400000,20260824,192,0.0467277499,-0.0007570448,parity_forward
daily,XOM,2026-08-20,1530,essvi,ok,,3M,0.2500000000,false,false,168.1988138503,168.1605663506,-0.0002273946,0.0002131069,-1.0670447592,32768,20260824,104,3.0000000000,true,1.7362716012,168.2067003924,0.0000468882,0.0000725707,400000,20260824,192,0.0237043639,0.0036822746,parity_forward
daily,XOM,2026-08-20,1530,essvi,ok,,6M,0.5000000000,false,false,169.2963417163,169.2170699199,-0.0004682428,0.0002696829,-1.7362716012,32768,20260824,104,3.0000000000,true,1.7362716012,169.3059404111,0.0000566976,0.0000885310,400000,20260824,192,0.0248601522,0.0071012373,parity_forward
daily,XOM,2026-08-20,1530,essvi_g05,ok,,1M,0.0833333333,false,false,167.8573621028,167.8522269633,-0.0000305923,0.0000318227,-0.9613363450,32768,20260824,104,3.0000000000,true,0.9613363450,167.8576855378,0.0000019268,0.0000111821,400000,20260824,192,0.0467277499,-0.0007570448,parity_forward
daily,XOM,2026-08-20,1530,essvi_g05,ok,,3M,0.2500000000,false,false,168.1988138503,168.2120363223,0.0000786122,0.0001270711,0.6186470057,32768,20260824,104,3.0000000000,true,0.9613363450,168.2028866470,0.0000242142,0.0000362060,400000,20260824,192,0.0237043639,0.0036822746,parity_forward
daily,XOM,2026-08-20,1530,essvi_g05,ok,,6M,0.5000000000,false,false,169.2963417163,169.2786161631,-0.0001047013,0.0001968386,-0.5319147028,32768,20260824,104,3.0000000000,true,0.9613363450,169.3021995847,0.0000346013,0.0000562657,400000,20260824,192,0.0248601522,0.0071012373,parity_forward
daily,XOM,2026-08-20,1530,essvi_gfree,ok,,1M,0.0833333333,false,false,167.8573621028,167.8504223194,-0.0000413433,0.0000283517,-1.4582301928,32768,20260824,104,3.0000000000,true,1.4582301928,167.8574768379,0.0000006835,0.0000099278,400000,20260824,192,0.0467277499,-0.0007570448,parity_forward
daily,XOM,2026-08-20,1530,essvi_gfree,ok,,3M,0.2500000000,false,false,168.1988138503,168.2112178191,0.0000737459,0.0001217655,0.6056383577,32768,20260824,104,3.0000000000,true,1.4582301928,168.2024932061,0.0000218750,0.0000345248,400000,20260824,192,0.0237043639,0.0036822746,parity_forward
daily,XOM,2026-08-20,1530,essvi_gfree,ok,,6M,0.5000000000,false,false,169.2963417163,169.2783807310,-0.0001060920,0.0001972099,-0.5379648270,32768,20260824,104,3.0000000000,true,1.4582301928,169.3020205253,0.0000335436,0.0000561156,400000,20260824,192,0.0248601522,0.0071012373,parity_forward
daily,XOM,2026-08-20,1530,essvi_sg05,ok,,1M,0.0833333333,false,false,167.8573621028,167.8520179275,-0.0000318376,0.0000345256,-0.9221433952,32768,20260824,104,3.0000000000,true,0.9221433952,167.8568268305,-0.0000031889,0.0000143894,400000,20260824,192,0.0467277499,-0.0007570448,parity_forward
daily,XOM,2026-08-20,1530,essvi_sg05,ok,,3M,0.2500000000,false,false,168.1988138503,168.2176104611,0.0001117523,0.0001745386,0.6402729191,32768,20260824,104,3.0000000000,true,0.9221433952,168.2040787401,0.0000313016,0.0000505147,400000,20260824,192,0.0237043639,0.0036822746,parity_forward
daily,XOM,2026-08-20,1530,essvi_sg05,ok,,6M,0.5000000000,false,false,169.2963417163,169.2869804623,-0.0000552951,0.0002267935,-0.2438124513,32768,20260824,104,3.0000000000,true,0.9221433952,169.3020421077,0.0000336711,0.0000651880,400000,20260824,192,0.0248601522,0.0071012373,parity_forward
daily,XOM,2026-08-21,1530,svi,ok,,1M,0.0833333333,false,false,165.7574730042,165.8280685888,0.0004258968,0.0003639537,1.1701951527,32768,20260824,104,3.0000000000,true,1.1701951527,165.7681083567,0.0000641621,0.0000532315,400000,20260824,192,0.0262699399,0.0009728789,parity_forward
daily,XOM,2026-08-21,1530,svi,ok,,3M,0.2500000000,false,false,166.1190608695,166.1502356252,0.0001876651,0.0005821361,0.3223732807,32768,20260824,104,3.0000000000,true,1.1701951527,166.1313195205,0.0000737944,0.0000932205,400000,20260824,192,0.0174728521,0.0052707864,parity_forward
daily,XOM,2026-08-21,1530,svi,ok,,6M,0.5000000000,false,false,166.9518778273,166.9471530475,-0.0000283002,0.0006063073,-0.0466764135,32768,20260824,104,3.0000000000,true,1.1701951527,166.9671330200,0.0000913748,0.0001085007,400000,20260824,192,0.0187381236,0.0101887116,parity_forward
daily,XOM,2026-08-21,1530,ssvi,ok,,1M,0.0833333333,false,false,165.7574730042,165.7587022783,0.0000074161,0.0000178930,0.4144692972,32768,20260824,104,3.0000000000,true,0.8609442111,165.7584476339,0.0000058799,0.0000045946,400000,20260824,192,0.0262699399,0.0009728789,parity_forward
daily,XOM,2026-08-21,1530,ssvi,ok,,3M,0.2500000000,false,false,166.1190608695,166.1315200139,0.0000750013,0.0000871152,0.8609442111,32768,20260824,104,3.0000000000,true,0.8609442111,166.1216241787,0.0000154306,0.0000247907,400000,20260824,192,0.0174728521,0.0052707864,parity_forward
daily,XOM,2026-08-21,1530,ssvi,ok,,6M,0.5000000000,false,false,166.9518778273,166.9322397654,-0.0001176271,0.0001987440,-0.5918522775,32768,20260824,104,3.0000000000,true,0.8609442111,166.9568290226,0.0000296564,0.0000569685,400000,20260824,192,0.0187381236,0.0101887116,parity_forward
daily,XOM,2026-08-21,1530,essvi,ok,,1M,0.0833333333,false,false,165.7574730042,165.7530666073,-0.0000265834,0.0000282813,-0.9399640079,32768,20260824,104,3.0000000000,true,0.9399640079,165.7578415614,0.0000022235,0.0000076273,400000,20260824,192,0.0262699399,0.0009728789,parity_forward
daily,XOM,2026-08-21,1530,essvi,ok,,3M,0.2500000000,false,false,166.1190608695,166.1316849816,0.0000759944,0.0000978454,0.7766776201,32768,20260824,104,3.0000000000,true,0.9399640079,166.1195529802,0.0000029624,0.0000281287,400000,20260824,192,0.0174728521,0.0052707864,parity_forward
daily,XOM,2026-08-21,1530,essvi,ok,,6M,0.5000000000,false,false,166.9518778273,166.9281028769,-0.0001424060,0.0001978735,-0.7196819861,32768,20260824,104,3.0000000000,true,0.9399640079,166.9547507144,0.0000172079,0.0000571271,400000,20260824,192,0.0187381236,0.0101887116,parity_forward
daily,XOM,2026-08-21,1530,essvi_g05,ok,,1M,0.0833333333,false,false,165.7574730042,165.7475095637,-0.0000601085,0.0000281644,-2.1342002475,32768,20260824,104,3.0000000000,true,2.1342002475,165.7595174181,0.0000123338,0.0000080589,400000,20260824,192,0.0262699399,0.0009728789,parity_forward
daily,XOM,2026-08-21,1530,essvi_g05,ok,,3M,0.2500000000,false,false,166.1190608695,166.1313996802,0.0000742769,0.0001367474,0.5431688994,32768,20260824,104,3.0000000000,true,2.1342002475,166.1210750247,0.0000121248,0.0000397669,400000,20260824,192,0.0174728521,0.0052707864,parity_forward
daily,XOM,2026-08-21,1530,essvi_g05,ok,,6M,0.5000000000,false,false,166.9518778273,166.9294658259,-0.0001342423,0.0002121498,-0.6327712510,32768,20260824,104,3.0000000000,true,2.1342002475,166.9565468237,0.0000279661,0.0000616590,400000,20260824,192,0.0187381236,0.0101887116,parity_forward
daily,XOM,2026-08-21,1530,essvi_gfree,ok,,1M,0.0833333333,false,false,165.7574730042,165.7493068267,-0.0000492658,0.0000284543,-1.7313999984,32768,20260824,104,3.0000000000,true,1.7313999984,165.7595459867,0.0000125061,0.0000079654,400000,20260824,192,0.0262699399,0.0009728789,parity_forward
daily,XOM,2026-08-21,1530,essvi_gfree,ok,,3M,0.2500000000,false,false,166.1190608695,166.1309584504,0.0000716208,0.0001303100,0.5496187344,32768,20260824,104,3.0000000000,true,1.7313999984,166.1212381526,0.0000131068,0.0000378615,400000,20260824,192,0.0174728521,0.0052707864,parity_forward
daily,XOM,2026-08-21,1530,essvi_gfree,ok,,6M,0.5000000000,false,false,166.9518778273,166.9291260140,-0.0001362777,0.0002116920,-0.6437545947,32768,20260824,104,3.0000000000,true,1.7313999984,166.9568889449,0.0000300153,0.0000614176,400000,20260824,192,0.0187381236,0.0101887116,parity_forward
daily,XOM,2026-08-21,1530,essvi_sg05,ok,,1M,0.0833333333,false,false,165.7574730042,165.7377493102,-0.0001189913,0.0000337480,-3.5258792512,32768,20260824,104,3.0000000000,false,3.5258792512,165.7599084188,0.0000146926,0.0000102837,400000,20260824,192,0.0262699399,0.0009728789,parity_forward
daily,XOM,2026-08-21,1530,essvi_sg05,ok,,3M,0.2500000000,false,false,166.1190608695,166.1289057154,0.0000592638,0.0001733583,0.3418572875,32768,20260824,104,3.0000000000,false,3.5258792512,166.1214545310,0.0000144093,0.0000503267,400000,20260824,192,0.0174728521,0.0052707864,parity_forward
daily,XOM,2026-08-21,1530,essvi_sg05,ok,,6M,0.5000000000,false,false,166.9518778273,166.9255752581,-0.0001575458,0.0002490062,-0.6326984554,32768,20260824,104,3.0000000000,false,3.5258792512,166.9575006309,0.0000336792,0.0000725580,400000,20260824,192,0.0187381236,0.0101887116,parity_forward
daily,XOM,2026-08-24,1538,svi,ok,,1M,0.0833333333,false,false,163.8533122231,163.9970536992,0.0008772571,0.0009345005,0.9387443104,32768,20260824,104,3.0000000000,true,0.9387443104,163.8320653728,-0.0001296699,0.0001567088,400000,20260824,192,0.0328776984,0.0004218483,parity_forward
daily,XOM,2026-08-24,1538,svi,ok,,3M,0.2500000000,false,false,164.2685446072,164.1451950070,-0.0007509021,0.0011492032,-0.6534111167,32768,20260824,104,3.0000000000,true,0.9387443104,164.2694930609,0.0000057738,0.0002023927,400000,20260824,192,0.0210830962,0.0043887454,parity_forward
daily,XOM,2026-08-24,1538,svi,ok,,6M,0.5000000000,false,false,164.9974912579,164.8129268372,-0.0011185893,0.0012322360,-0.9077719443,32768,20260824,104,3.0000000000,true,0.9387443104,165.0025628743,0.0000307375,0.0002154923,400000,20260824,192,0.0193969751,0.0099063208,parity_forward
daily,XOM,2026-08-24,1538,ssvi,ok,,1M,0.0833333333,false,false,163.8533122231,163.8529224547,-0.0000023788,0.0000184027,-0.1292615283,32768,20260824,104,3.0000000000,true,0.8244134423,163.8544144686,0.0000067270,0.0000044336,400000,20260824,192,0.0328776984,0.0004218483,parity_forward
daily,XOM,2026-08-24,1538,ssvi,ok,,3M,0.2500000000,false,false,164.2685446072,164.2750595978,0.0000396606,0.0000811353,0.4888203995,32768,20260824,104,3.0000000000,true,0.8244134423,164.2712732265,0.0000166107,0.0000227661,400000,20260824,192,0.0210830962,0.0043887454,parity_forward
daily,XOM,2026-08-24,1538,ssvi,ok,,6M,0.5000000000,false,false,164.9974912579,164.9728831191,-0.0001491425,0.0001809074,-0.8244134423,32768,20260824,104,3.0000000000,true,0.8244134423,165.0024661607,0.0000301514,0.0000516937,400000,20260824,192,0.0193969751,0.0099063208,parity_forward
daily,XOM,2026-08-24,1538,essvi,ok,,1M,0.0833333333,false,false,163.8533122231,163.8597282130,0.0000391569,0.0000373387,1.0486959876,32768,20260824,104,3.0000000000,true,1.2685565976,163.8545829984,0.0000077556,0.0000125665,400000,20260824,192,0.0328776984,0.0004218483,parity_forward
daily,XOM,2026-08-24,1538,essvi,ok,,3M,0.2500000000,false,false,164.2685446072,164.2864623574,0.0001090760,0.0000859843,1.2685565976,32768,20260824,104,3.0000000000,true,1.2685565976,164.2684379915,-0.0000006490,0.0000249046,400000,20260824,192,0.0210830962,0.0043887454,parity_forward
daily,XOM,2026-08-24,1538,essvi,ok,,6M,0.5000000000,false,false,164.9974912579,164.9817378381,-0.0000954767,0.0002060044,-0.4634694349,32768,20260824,104,3.0000000000,true,1.2685565976,165.0006572294,0.0000191880,0.0000592630,400000,20260824,192,0.0193969751,0.0099063208,parity_forward
daily,XOM,2026-08-24,1538,essvi_g05,ok,,1M,0.0833333333,false,false,163.8533122231,163.8570267237,0.0000226697,0.0000395690,0.5729152322,32768,20260824,104,3.0000000000,true,0.8519835380,163.8551002153,0.0000109122,0.0000127750,400000,20260824,192,0.0328776984,0.0004218483,parity_forward
daily,XOM,2026-08-24,1538,essvi_g05,ok,,3M,0.2500000000,false,false,164.2685446072,164.2823842738,0.0000842503,0.0000988872,0.8519835380,32768,20260824,104,3.0000000000,true,0.8519835380,164.2699512585,0.0000085631,0.0000286180,400000,20260824,192,0.0210830962,0.0043887454,parity_forward
daily,XOM,2026-08-24,1538,essvi_g05,ok,,6M,0.5000000000,false,false,164.9974912579,164.9774116022,-0.0001216967,0.0001913678,-0.6359309663,32768,20260824,104,3.0000000000,true,0.8519835380,165.0016377549,0.0000251307,0.0000554812,400000,20260824,192,0.0193969751,0.0099063208,parity_forward
daily,XOM,2026-08-24,1538,essvi_gfree,ok,,1M,0.0833333333,false,false,163.8533122231,163.8558936643,0.0000157546,0.0000343714,0.4583634406,32768,20260824,104,3.0000000000,true,0.9129619627,163.8550107920,0.0000103664,0.0000107373,400000,20260824,192,0.0328776984,0.0004218483,parity_forward
daily,XOM,2026-08-24,1538,essvi_gfree,ok,,3M,0.2500000000,false,false,164.2685446072,164.2826496518,0.0000858658,0.0000940519,0.9129619627,32768,20260824,104,3.0000000000,true,0.9129619627,164.2704601522,0.0000116611,0.0000270658,400000,20260824,192,0.0210830962,0.0043887454,parity_forward
daily,XOM,2026-08-24,1538,essvi_gfree,ok,,6M,0.5000000000,false,false,164.9974912579,164.9780377943,-0.0001179016,0.0001933220,-0.6098715080,32768,20260824,104,3.0000000000,true,0.9129619627,165.0021786049,0.0000284086,0.0000557330,400000,20260824,192,0.0193969751,0.0099063208,parity_forward
daily,XOM,2026-08-24,1538,essvi_sg05,ok,,1M,0.0833333333,false,false,163.8533122231,163.8584097384,0.0000311102,0.0000441954,0.7039254925,32768,20260824,104,3.0000000000,true,0.7417607677,163.8551916147,0.0000114700,0.0000143469,400000,20260824,192,0.0328776984,0.0004218483,parity_forward
daily,XOM,2026-08-24,1538,essvi_sg05,ok,,3M,0.2500000000,false,false,164.2685446072,164.2824778021,0.0000848196,0.0001143490,0.7417607677,32768,20260824,104,3.0000000000,true,0.7417607677,164.2698793304,0.0000081253,0.0000329287,400000,20260824,192,0.0210830962,0.0043887454,parity_forward
daily,XOM,2026-08-24,1538,essvi_sg05,ok,,6M,0.5000000000,false,false,164.9974912579,164.9790243392,-0.0001119224,0.0001949518,-0.5741030058,32768,20260824,104,3.0000000000,true,0.7417607677,165.0011787757,0.0000223489,0.0000566504,400000,20260824,192,0.0193969751,0.0099063208,parity_forward
daily,XOM,2026-08-25,1530,svi,ok,,1M,0.0833333333,false,false,162.6785533075,162.6918518596,0.0000817474,0.0000606731,1.3473428278,32768,20260824,104,3.0000000000,true,1.3473428278,162.6753385363,-0.0000197615,0.0000216754,400000,20260824,192,0.0508915905,-0.0010871135,parity_forward
daily,XOM,2026-08-25,1530,svi,ok,,3M,0.2500000000,false,false,162.9498759491,162.9919852809,0.0002584189,0.0004577564,0.5645337199,32768,20260824,104,3.0000000000,true,1.3473428278,162.9454300381,-0.0000272839,0.0000962555,400000,20260824,192,0.0236296870,0.0037250584,parity_forward
daily,XOM,2026-08-25,1530,svi,ok,,6M,0.5000000000,false,false,163.5300847170,163.5530393590,0.0001403695,0.0004876199,0.2878667241,32768,20260824,104,3.0000000000,true,1.3473428278,163.5256931890,-0.0000268546,0.0001062829,400000,20260824,192,0.0189235111,0.0101941621,parity_forward
daily,XOM,2026-08-25,1530,ssvi,ok,,1M,0.0833333333,false,false,162.6785533075,162.6786913475,0.0000008485,0.0000165816,0.0511737846,32768,20260824,104,3.0000000000,true,0.7117649624,162.6795775549,0.0000062961,0.0000039629,400000,20260824,192,0.0508915905,-0.0010871135,parity_forward
daily,XOM,2026-08-25,1530,ssvi,ok,,3M,0.2500000000,false,false,162.9498759491,162.9577176555,0.0000481234,0.0000758393,0.6345449582,32768,20260824,104,3.0000000000,true,0.7117649624,162.9523698009,0.0000153044,0.0000216044,400000,20260824,192,0.0236296870,0.0037250584,parity_forward
daily,XOM,2026-08-25,1530,ssvi,ok,,6M,0.5000000000,false,false,163.5300847170,163.5095222816,-0.0001257410,0.0001766608,-0.7117649624,32768,20260824,104,3.0000000000,true,0.7117649624,163.5344556972,0.0000267289,0.0000507625,400000,20260824,192,0.0189235111,0.0101941621,parity_forward
daily,XOM,2026-08-25,1530,essvi,ok,,1M,0.0833333333,false,false,162.6785533075,162.6957485436,0.0001057007,0.0000522776,2.0219119375,32768,20260824,104,3.0000000000,true,2.0219119375,162.6788310132,0.0000017071,0.0000166467,400000,20260824,192,0.0508915905,-0.0010871135,parity_forward
daily,XOM,2026-08-25,1530,essvi,ok,,3M,0.2500000000,false,false,162.9498759491,162.9678281112,0.0001101698,0.0001220049,0.9029952099,32768,20260824,104,3.0000000000,true,2.0219119375,162.9548907489,0.0000307751,0.0000351530,400000,20260824,192,0.0236296870,0.0037250584,parity_forward
daily,XOM,2026-08-25,1530,essvi,ok,,6M,0.5000000000,false,false,163.5300847170,163.5222888651,-0.0000476723,0.0002121711,-0.2246878720,32768,20260824,104,3.0000000000,true,2.0219119375,163.5396011205,0.0000581936,0.0000611401,400000,20260824,192,0.0189235111,0.0101941621,parity_forward
daily,XOM,2026-08-25,1530,essvi_g05,ok,,1M,0.0833333333,false,false,162.6785533075,162.6904136569,0.0000729067,0.0000465903,1.5648458085,32768,20260824,104,3.0000000000,true,1.5648458085,162.6803750186,0.0000111982,0.0000175599,400000,20260824,192,0.0508915905,-0.0010871135,parity_forward
daily,XOM,2026-08-25,1530,essvi_g05,ok,,3M,0.2500000000,false,false,162.9498759491,162.9711935349,0.0001308230,0.0001149468,1.1381176003,32768,20260824,104,3.0000000000,true,1.5648458085,162.9514415042,0.0000096076,0.0000332013,400000,20260824,192,0.0236296870,0.0037250584,parity_forward
daily,XOM,2026-08-25,1530,essvi_g05,ok,,6M,0.5000000000,false,false,163.5300847170,163.5203328694,-0.0000596334,0.0001950369,-0.3057542031,32768,20260824,104,3.0000000000,true,1.5648458085,163.5344675273,0.0000268012,0.0000567854,400000,20260824,192,0.0189235111,0.0101941621,parity_forward
daily,XOM,2026-08-25,1530,essvi_gfree,ok,,1M,0.0833333333,false,false,162.6785533075,162.6876793764,0.0000560988,0.0000435893,1.2869850318,32768,20260824,104,3.0000000000,true,1.2869850318,162.6805187486,0.0000120817,0.0000165662,400000,20260824,192,0.0508915905,-0.0010871135,parity_forward
daily,XOM,2026-08-25,1530,essvi_gfree,ok,,3M,0.2500000000,false,false,162.9498759491,162.9703525213,0.0001256618,0.0001156957,1.0861405722,32768,20260824,104,3.0000000000,true,1.2869850318,162.9519964271,0.0000130131,0.0000332477,400000,20260824,192,0.0236296870,0.0037250584,parity_forward
daily,XOM,2026-08-25,1530,essvi_gfree,ok,,6M,0.5000000000,false,false,163.5300847170,163.5199080683,-0.0000622310,0.0002004869,-0.3103995159,32768,20260824,104,3.0000000000,true,1.2869850318,163.5351431677,0.0000309328,0.0000582393,400000,20260824,192,0.0189235111,0.0101941621,parity_forward
daily,XOM,2026-08-25,1530,essvi_sg05,ok,,1M,0.0833333333,false,false,162.6785533075,162.6980426274,0.0001198026,0.0000584412,2.0499691604,32768,20260824,104,3.0000000000,true,2.0499691604,162.6796945963,0.0000070156,0.0000218969,400000,20260824,192,0.0508915905,-0.0010871135,parity_forward
daily,XOM,2026-08-25,1530,essvi_sg05,ok,,3M,0.2500000000,false,false,162.9498759491,162.9809216384,0.0001905229,0.0001188193,1.6034685584,32768,20260824,104,3.0000000000,true,2.0499691604,162.9492075766,-0.0000041017,0.0000341888,400000,20260824,192,0.0236296870,0.0037250584,parity_forward
daily,XOM,2026-08-25,1530,essvi_sg05,ok,,6M,0.5000000000,false,false,163.5300847170,163.5270571402,-0.0000185139,0.0002052035,-0.0902220722,32768,20260824,104,3.0000000000,true,2.0499691604,163.5316119919,0.0000093394,0.0000596969,400000,20260824,192,0.0189235111,0.0101941621,parity_forward
daily,XOM,2026-08-26,1530,svi,ok,,1M,0.0833333333,false,false,158.9637245203,158.9740254667,0.0000648006,0.0000617711,1.0490446916,32768,20260824,104,3.0000000000,true,1.0490446916,158.9696465836,0.0000372542,0.0000188449,400000,20260824,192,0.0449035322,-0.0005885267,parity_forward
daily,XOM,2026-08-26,1530,svi,ok,,3M,0.2500000000,false,false,159.3133248651,159.3565416931,0.0002712694,0.0002589334,1.0476417428,32768,20260824,104,3.0000000000,true,1.0490446916,159.3234375615,0.0000634768,0.0000767131,400000,20260824,192,0.0237551691,0.0036691234,parity_forward
daily,XOM,2026-08-26,1530,svi,ok,,6M,0.5000000000,false,false,160.3452080973,160.3481548816,0.0000183778,0.0007008894,0.0262206157,32768,20260824,104,3.0000000000,true,1.0490446916,160.4149604811,0.0004350138,0.0004214601,400000,20260824,192,0.0247899483,0.0071859862,parity_forward
daily,XOM,2026-08-26,1530,ssvi,ok,,1M,0.0833333333,false,false,158.9637245203,158.9637986171,0.0000004661,0.0000175757,0.0265209591,32768,20260824,104,3.0000000000,true,0.7552082540,158.9644999413,0.0000048780,0.0000042398,400000,20260824,192,0.0449035322,-0.0005885267,parity_forward
daily,XOM,2026-08-26,1530,ssvi,ok,,3M,0.2500000000,false,false,159.3133248651,159.3230152819,0.0000608262,0.0000805422,0.7552082540,32768,20260824,104,3.0000000000,true,0.7552082540,159.3155965378,0.0000142592,0.0000226828,400000,20260824,192,0.0237551691,0.0036691234,parity_forward
daily,XOM,2026-08-26,1530,ssvi,ok,,6M,0.5000000000,false,false,160.3452080973,160.3240991977,-0.0001316466,0.0001838086,-0.7162157756,32768,20260824,104,3.0000000000,true,0.7552082540,160.3504089126,0.0000324351,0.0000532053,400000,20260824,192,0.0247899483,0.0071859862,parity_forward
daily,XOM,2026-08-26,1530,essvi,ok,,1M,0.0833333333,false,false,158.9637245203,158.9737313838,0.0000629506,0.0000606465,1.0379919460,32768,20260824,104,3.0000000000,true,1.1021555145,158.9686147037,0.0000307629,0.0000187156,400000,20260824,192,0.0449035322,-0.0005885267,parity_forward
daily,XOM,2026-08-26,1530,essvi,ok,,3M,0.2500000000,false,false,159.3133248651,159.3322951233,0.0001190752,0.0001080384,1.1021555145,32768,20260824,104,3.0000000000,true,1.1021555145,159.3212049560,0.0000494628,0.0000315200,400000,20260824,192,0.0237551691,0.0036691234,parity_forward
daily,XOM,2026-08-26,1530,essvi,ok,,6M,0.5000000000,false,false,160.3452080973,160.3403687777,-0.0000301806,0.0002034380,-0.1483529480,32768,20260824,104,3.0000000000,true,1.1021555145,160.3563991377,0.0000697934,0.0000580108,400000,20260824,192,0.0247899483,0.0071859862,parity_forward
daily,XOM,2026-08-26,1530,essvi_g05,ok,,1M,0.0833333333,false,false,158.9637245203,158.9583696172,-0.0000336863,0.0000318710,-1.0569575150,32768,20260824,104,3.0000000000,true,1.0569575150,158.9679573851,0.0000266279,0.0000092722,400000,20260824,192,0.0449035322,-0.0005885267,parity_forward
daily,XOM,2026-08-26,1530,essvi_g05,ok,,3M,0.2500000000,false,false,159.3133248651,159.3218694596,0.0000536339,0.0001021728,0.5249332356,32768,20260824,104,3.0000000000,true,1.0569575150,159.3197957444,0.0000406173,0.0000290725,400000,20260824,192,0.0237551691,0.0036691234,parity_forward
daily,XOM,2026-08-26,1530,essvi_g05,ok,,6M,0.5000000000,false,false,160.3452080973,160.3243882725,-0.0001298438,0.0001880192,-0.6905878118,32768,20260824,104,3.0000000000,true,1.0569575150,160.3548047736,0.0000598501,0.0000542455,400000,20260824,192,0.0247899483,0.0071859862,parity_forward
daily,XOM,2026-08-26,1530,essvi_gfree,ok,,1M,0.0833333333,false,false,158.9637245203,158.9618611415,-0.0000117220,0.0000393830,-0.2976419924,32768,20260824,104,3.0000000000,true,0.6601164182,158.9690322033,0.0000333893,0.0000120652,400000,20260824,192,0.0449035322,-0.0005885267,parity_forward
daily,XOM,2026-08-26,1530,essvi_gfree,ok,,3M,0.2500000000,false,false,159.3133248651,159.3238721948,0.0000662049,0.0001002928,0.6601164182,32768,20260824,104,3.0000000000,true,0.6601164182,159.3209886904,0.0000481054,0.0000288418,400000,20260824,192,0.0237551691,0.0036691234,parity_forward
daily,XOM,2026-08-26,1530,essvi_gfree,ok,,6M,0.5000000000,false,false,160.3452080973,160.3279958710,-0.0001073448,0.0001956496,-0.5486585807,32768,20260824,104,3.0000000000,true,0.6601164182,160.3560268669,0.0000674717,0.0000562515,400000,20260824,192,0.0247899483,0.0071859862,parity_forward
daily,XOM,2026-08-26,1530,essvi_sg05,ok,,1M,0.0833333333,false,false,158.9637245203,158.9269621998,-0.0002312623,0.0001578741,-1.4648528612,32768,20260824,104,3.0000000000,true,1.4648528612,158.9839088405,0.0001269744,0.0000531702,400000,20260824,192,0.0449035322,-0.0005885267,parity_forward
daily,XOM,2026-08-26,1530,essvi_sg05,ok,,3M,0.2500000000,false,false,159.3133248651,159.2941899338,-0.0001201088,0.0001929011,-0.6226445726,32768,20260824,104,3.0000000000,true,1.4648528612,159.3365346755,0.0001456866,0.0000621472,400000,20260824,192,0.0237551691,0.0036691234,parity_forward
daily,XOM,2026-08-26,1530,essvi_sg05,ok,,6M,0.5000000000,false,false,160.3452080973,160.2890153452,-0.0003504486,0.0002610009,-1.3427100597,32768,20260824,104,3.0000000000,true,1.4648528612,160.3727347159,0.0001716710,0.0000813223,400000,20260824,192,0.0247899483,0.0071859862,parity_forward
daily,XOM,2026-08-27,1530,svi,ok,,1M,0.0833333333,false,false,158.2960581491,158.3191530120,0.0001458966,0.0004146492,0.3518556185,32768,20260824,104,3.0000000000,true,0.5460026354,158.3032293891,0.0000453027,0.0000602261,400000,20260824,192,0.0429882592,-0.0004206988,parity_forward
daily,XOM,2026-08-27,1530,svi,ok,,3M,0.2500000000,false,false,158.4221699448,158.4610990867,0.0002457304,0.0004500535,0.5460026354,32768,20260824,104,3.0000000000,true,0.5460026354,158.4279690131,0.0000366052,0.0000652093,400000,20260824,192,0.0175148834,0.0052116547,parity_forward
daily,XOM,2026-08-27,1530,svi,ok,,6M,0.5000000000,false,false,159.0346091142,159.0498734491,0.0000959812,0.0005299417,0.1811165539,32768,20260824,104,3.0000000000,true,0.5460026354,159.0448434759,0.0000643530,0.0000844986,400000,20260824,192,0.0164742708,0.0113328183,parity_forward
daily,XOM,2026-08-27,1530,ssvi,ok,,1M,0.0833333333,false,false,158.2960581491,158.2956311720,-0.0000026973,0.0000179279,-0.1504545846,32768,20260824,104,3.0000000000,true,0.7464421540,158.2970042560,0.0000059768,0.0000047261,400000,20260824,192,0.0429882592,-0.0004206988,parity_forward
daily,XOM,2026-08-27,1530,ssvi,ok,,3M,0.2500000000,false,false,158.4221699448,158.4276185248,0.0000343928,0.0000767533,0.4480954009,32768,20260824,104,3.0000000000,true,0.7464421540,158.4245940570,0.0000153016,0.0000216144,400000,20260824,192,0.0175148834,0.0052116547,parity_forward
daily,XOM,2026-08-27,1530,ssvi,ok,,6M,0.5000000000,false,false,159.0346091142,159.0137171828,-0.0001313672,0.0001759911,-0.7464421540,32768,20260824,104,3.0000000000,true,0.7464421540,159.0396234567,0.0000315299,0.0000503275,400000,20260824,192,0.0164742708,0.0113328183,parity_forward
daily,XOM,2026-08-27,1530,essvi,ok,,1M,0.0833333333,false,false,158.2960581491,158.2984279284,0.0000149706,0.0000331287,0.4518904107,32768,20260824,104,3.0000000000,true,1.1091297662,158.2974309411,0.0000086723,0.0000108355,400000,20260824,192,0.0429882592,-0.0004206988,parity_forward
daily,XOM,2026-08-27,1530,essvi,ok,,3M,0.2500000000,false,false,158.4221699448,158.4367381292,0.0000919580,0.0000829100,1.1091297662,32768,20260824,104,3.0000000000,true,1.1091297662,158.4264037355,0.0000267247,0.0000243530,400000,20260824,192,0.0175148834,0.0052116547,parity_forward
daily,XOM,2026-08-27,1530,essvi,ok,,6M,0.5000000000,false,false,159.0346091142,159.0201759841,-0.0000907546,0.0001804634,-0.5028978404,32768,20260824,104,3.0000000000,true,1.1091297662,159.0398893772,0.0000332020,0.0000523527,400000,20260824,192,0.0164742708,0.0113328183,parity_forward
daily,XOM,2026-08-27,1530,essvi_g05,ok,,1M,0.0833333333,false,false,158.2960581491,158.3048434688,0.0000554993,0.0000307394,1.8054760460,32768,20260824,104,3.0000000000,true,1.8054760460,158.2975714466,0.0000095599,0.0000090778,400000,20260824,192,0.0429882592,-0.0004206988,parity_forward
daily,XOM,2026-08-27,1530,essvi_g05,ok,,3M,0.2500000000,false,false,158.4221699448,158.4390484428,0.0001065413,0.0000835100,1.2757906656,32768,20260824,104,3.0000000000,true,1.8054760460,158.4252653813,0.0000195392,0.0000239288,400000,20260824,192,0.0175148834,0.0052116547,parity_forward
daily,XOM,2026-08-27,1530,essvi_g05,ok,,6M,0.5000000000,false,false,159.0346091142,159.0231720708,-0.0000719154,0.0001756984,-0.4093119281,32768,20260824,104,3.0000000000,true,1.8054760460,159.0399216035,0.0000334046,0.0000503148,400000,20260824,192,0.0164742708,0.0113328183,parity_forward
daily,XOM,2026-08-27,1530,essvi_gfree,ok,,1M,0.0833333333,false,false,158.2960581491,158.3016719886,0.0000354642,0.0000239138,1.4829982827,32768,20260824,104,3.0000000000,true,1.4829982827,158.2962800773,0.0000014020,0.0000068589,400000,20260824,192,0.0429882592,-0.0004206988,parity_forward
daily,XOM,2026-08-27,1530,essvi_gfree,ok,,3M,0.2500000000,false,false,158.4221699448,158.4370479393,0.0000939136,0.0000805447,1.1659814079,32768,20260824,104,3.0000000000,true,1.4829982827,158.4239190418,0.0000110407,0.0000228998,400000,20260824,192,0.0175148834,0.0052116547,parity_forward
daily,XOM,2026-08-27,1530,essvi_gfree,ok,,6M,0.5000000000,false,false,159.0346091142,159.0210229242,-0.0000854291,0.0001759133,-0.4856319674,32768,20260824,104,3.0000000000,true,1.4829982827,159.0384105251,0.0000239030,0.0000503010,400000,20260824,192,0.0164742708,0.0113328183,parity_forward
daily,XOM,2026-08-27,1530,essvi_sg05,ok,,1M,0.0833333333,false,false,158.2960581491,158.3089549270,0.0000814725,0.0000402950,2.0219037689,32768,20260824,104,3.0000000000,true,2.0219037689,158.2987478712,0.0000169917,0.0000120113,400000,20260824,192,0.0429882592,-0.0004206988,parity_forward
daily,XOM,2026-08-27,1530,essvi_sg05,ok,,3M,0.2500000000,false,false,158.4221699448,158.4402902270,0.0001143797,0.0000889575,1.2857786014,32768,20260824,104,3.0000000000,true,2.0219037689,158.4263136561,0.0000261561,0.0000257901,400000,20260824,192,0.0175148834,0.0052116547,parity_forward
daily,XOM,2026-08-27,1530,essvi_sg05,ok,,6M,0.5000000000,false,false,159.0346091142,159.0253630876,-0.0000581385,0.0001788895,-0.3249965119,32768,20260824,104,3.0000000000,true,2.0219037689,159.0412777561,0.0000419320,0.0000512841,400000,20260824,192,0.0164742708,0.0113328183,parity_forward
daily,XOM,2026-08-31,1530,svi,ok,,1M,0.0833333333,false,false,159.9171244359,159.8922598304,-0.0001554843,0.0000993486,-1.5650371661,32768,20260824,104,3.0000000000,true,1.6566063619,159.9168234882,-0.0000018819,0.0000221663,400000,20260824,192,0.0163038425,0.0018375493,parity_forward
daily,XOM,2026-08-31,1530,svi,ok,,3M,0.2500000000,false,false,160.2498444336,160.2182175563,-0.0001973598,0.0001696778,-1.1631442532,32768,20260824,104,3.0000000000,true,1.6566063619,160.2514252879,0.0000098649,0.0000443106,400000,20260824,192,0.0137482792,0.0062864040,parity_forward
daily,XOM,2026-08-31,1530,svi,ok,,6M,0.5000000000,false,false,160.9019987141,160.8384004505,-0.0003952609,0.0002385967,-1.6566063619,32768,20260824,104,3.0000000000,true,1.6566063619,160.9047479630,0.0000170865,0.0000660499,400000,20260824,192,0.0149968416,0.0124917105,parity_forward
daily,XOM,2026-08-31,1530,ssvi,ok,,1M,0.0833333333,false,false,159.9171244359,159.9171883479,0.0000003997,0.0000166624,0.0239856339,32768,20260824,104,3.0000000000,true,0.6654109377,159.9179978301,0.0000054615,0.0000037943,400000,20260824,192,0.0163038425,0.0018375493,parity_forward
daily,XOM,2026-08-31,1530,ssvi,ok,,3M,0.2500000000,false,false,160.2498444336,160.2553729345,0.0000344993,0.0000691926,0.4985976215,32768,20260824,104,3.0000000000,true,0.6654109377,160.2524341672,0.0000161606,0.0000195291,400000,20260824,192,0.0137482792,0.0062864040,parity_forward
daily,XOM,2026-08-31,1530,ssvi,ok,,6M,0.5000000000,false,false,160.9019987141,160.8843849036,-0.0001094692,0.0001645137,-0.6654109377,32768,20260824,104,3.0000000000,true,0.6654109377,160.9071841522,0.0000322273,0.0000469131,400000,20260824,192,0.0149968416,0.0124917105,parity_forward
daily,XOM,2026-08-31,1530,essvi,ok,,1M,0.0833333333,false,false,159.9171244359,159.9227416810,0.0000351260,0.0000275564,1.2746927862,32768,20260824,104,3.0000000000,true,1.2746927862,159.9164551426,-0.0000041853,0.0000075354,400000,20260824,192,0.0163038425,0.0018375493,parity_forward
daily,XOM,2026-08-31,1530,essvi,ok,,3M,0.2500000000,false,false,160.2498444336,160.2470816079,-0.0000172407,0.0002095655,-0.0822689769,32768,20260824,104,3.0000000000,true,1.2746927862,160.2478356382,-0.0000125354,0.0000626651,400000,20260824,192,0.0137482792,0.0062864040,parity_forward
daily,XOM,2026-08-31,1530,essvi,ok,,6M,0.5000000000,false,false,160.9019987141,160.8735529730,-0.0001767892,0.0002621070,-0.6744927133,32768,20260824,104,3.0000000000,true,1.2746927862,160.8996788591,-0.0000144178,0.0000778714,400000,20260824,192,0.0149968416,0.0124917105,parity_forward
daily,XOM,2026-08-31,1530,essvi_g05,ok,,1M,0.0833333333,false,false,159.9171244359,159.9246440569,0.0000470220,0.0000326926,1.4383083994,32768,20260824,104,3.0000000000,true,1.4383083994,159.9174416199,0.0000019834,0.0000109797,400000,20260824,192,0.0163038425,0.0018375493,parity_forward
daily,XOM,2026-08-31,1530,essvi_g05,ok,,3M,0.2500000000,false,false,160.2498444336,160.2645546875,0.0000917957,0.0001025835,0.8948392060,32768,20260824,104,3.0000000000,true,1.4383083994,160.2466649094,-0.0000198410,0.0000296440,400000,20260824,192,0.0137482792,0.0062864040,parity_forward
daily,XOM,2026-08-31,1530,essvi_g05,ok,,6M,0.5000000000,false,false,160.9019987141,160.8830652901,-0.0001176705,0.0001855633,-0.6341259363,32768,20260824,104,3.0000000000,true,1.4383083994,160.9005756457,-0.0000088443,0.0000532779,400000,20260824,192,0.0149968416,0.0124917105,parity_forward
daily,XOM,2026-08-31,1530,essvi_gfree,ok,,1M,0.0833333333,false,false,159.9171244359,159.9248729557,0.0000484533,0.0000326830,1.4825234735,32768,20260824,104,3.0000000000,true,1.4825234735,159.9172768142,0.0000009529,0.0000108277,400000,20260824,192,0.0163038425,0.0018375493,parity_forward
daily,XOM,2026-08-31,1530,essvi_gfree,ok,,3M,0.2500000000,false,false,160.2498444336,160.2648018890,0.0000933383,0.0001030105,0.9061047646,32768,20260824,104,3.0000000000,true,1.4825234735,160.2465697254,-0.0000204350,0.0000297293,400000,20260824,192,0.0137482792,0.0062864040,parity_forward
daily,XOM,2026-08-31,1530,essvi_gfree,ok,,6M,0.5000000000,false,false,160.9019987141,160.8836970918,-0.0001137439,0.0001867567,-0.6090485691,32768,20260824,104,3.0000000000,true,1.4825234735,160.9003741290,-0.0000100967,0.0000535510,400000,20260824,192,0.0149968416,0.0124917105,parity_forward
daily,XOM,2026-08-31,1530,essvi_sg05,ok,,1M,0.0833333333,false,false,159.9171244359,159.9293724425,0.0000765897,0.0000504736,1.5174200668,32768,20260824,104,3.0000000000,true,1.5174200668,159.9183767363,0.0000078309,0.0000179816,400000,20260824,192,0.0163038425,0.0018375493,parity_forward
daily,XOM,2026-08-31,1530,essvi_sg05,ok,,3M,0.2500000000,false,false,160.2498444336,160.2713110736,0.0001339573,0.0001177607,1.1375382756,32768,20260824,104,3.0000000000,true,1.5174200668,160.2469862204,-0.0000178360,0.0000343920,400000,20260824,192,0.0137482792,0.0062864040,parity_forward
daily,XOM,2026-08-31,1530,essvi_sg05,ok,,6M,0.5000000000,false,false,160.9019987141,160.8942227772,-0.0000483272,0.0001970782,-0.2452181580,32768,20260824,104,3.0000000000,true,1.5174200668,160.9014030304,-0.0000037022,0.0000563966,400000,20260824,192,0.0149968416,0.0124917105,parity_forward
daily,XOM,2026-09-01,1530,svi,ok,,1M,0.0833333333,false,false,164.9521095180,164.9354756003,-0.0001008409,0.0000610141,-1.6527474280,32768,20260824,104,3.0000000000,true,1.6527474280,164.9515407067,-0.0000034483,0.0000165455,400000,20260824,192,0.0317828664,0.0005550867,parity_forward
daily,XOM,2026-09-01,1530,svi,ok,,3M,0.2500000000,false,false,165.2653961304,165.2088656378,-0.0003420589,0.0002719613,-1.2577482865,32768,20260824,104,3.0000000000,true,1.6527474280,165.2666846493,0.0000077967,0.0000879762,400000,20260824,192,0.0181841155,0.0051962459,parity_forward
daily,XOM,2026-09-01,1530,svi,ok,,6M,0.5000000000,false,false,165.9565044771,165.8935150597,-0.0003795538,0.0003698917,-1.0261213051,32768,20260824,104,3.0000000000,true,1.6527474280,165.9583482123,0.0000111097,0.0001032017,400000,20260824,192,0.0174382372,0.0111110803,parity_forward
daily,XOM,2026-09-01,1530,ssvi,ok,,1M,0.0833333333,false,false,164.9521095180,164.9527156775,0.0000036748,0.0000181678,0.2022680992,32768,20260824,104,3.0000000000,true,0.8324167934,164.9532933783,0.0000071770,0.0000044313,400000,20260824,192,0.0317828664,0.0005550867,parity_forward
daily,XOM,2026-09-01,1530,ssvi,ok,,3M,0.2500000000,false,false,165.2653961304,165.2722125355,0.0000412452,0.0000809032,0.5098091723,32768,20260824,104,3.0000000000,true,0.8324167934,165.2681874433,0.0000168899,0.0000229609,400000,20260824,192,0.0181841155,0.0051962459,parity_forward
daily,XOM,2026-09-01,1530,ssvi,ok,,6M,0.5000000000,false,false,165.9565044771,165.9310342515,-0.0001534753,0.0001843732,-0.8324167934,32768,20260824,104,3.0000000000,true,0.8324167934,165.9617355677,0.0000315209,0.0000528728,400000,20260824,192,0.0174382372,0.0111110803,parity_forward
daily,XOM,2026-09-01,1530,essvi,ok,,1M,0.0833333333,false,false,164.9521095180,164.9516158008,-0.0000029931,0.0000242047,-0.1236575941,32768,20260824,104,3.0000000000,true,0.9258884167,164.9517488235,-0.0000021867,0.0000063172,400000,20260824,192,0.0317828664,0.0005550867,parity_forward
daily,XOM,2026-09-01,1530,essvi,ok,,3M,0.2500000000,false,false,165.2653961304,165.2839974219,0.0001125541,0.0001215633,0.9258884167,32768,20260824,104,3.0000000000,true,0.9258884167,165.2682218738,0.0000170982,0.0000311815,400000,20260824,192,0.0181841155,0.0051962459,parity_forward
daily,XOM,2026-09-01,1530,essvi,ok,,6M,0.5000000000,false,false,165.9565044771,165.9463179573,-0.0000613807,0.0002152033,-0.2852216819,32768,20260824,104,3.0000000000,true,0.9258884167,165.9617132305,0.0000313863,0.0000594741,400000,20260824,192,0.0174382372,0.0111110803,parity_forward
daily,XOM,2026-09-01,1530,essvi_g05,ok,,1M,0.0833333333,false,false,164.9521095180,164.9587663181,0.0000403560,0.0000325731,1.2389333608,32768,20260824,104,3.0000000000,true,1.2389333608,164.9523090909,0.0000012099,0.0000096861,400000,20260824,192,0.0317828664,0.0005550867,parity_forward
daily,XOM,2026-09-01,1530,essvi_g05,ok,,3M,0.2500000000,false,false,165.2653961304,165.2836094606,0.0001102066,0.0000962533,1.1449636833,32768,20260824,104,3.0000000000,true,1.2389333608,165.2680525408,0.0000160736,0.0000271586,400000,20260824,192,0.0181841155,0.0051962459,parity_forward
daily,XOM,2026-09-01,1530,essvi_g05,ok,,6M,0.5000000000,false,false,165.9565044771,165.9442300212,-0.0000739619,0.0001962551,-0.3768660141,32768,20260824,104,3.0000000000,true,1.2389333608,165.9617619057,0.0000316796,0.0000557364,400000,20260824,192,0.0174382372,0.0111110803,parity_forward
daily,XOM,2026-09-01,1530,essvi_gfree,ok,,1M,0.0833333333,false,false,164.9521095180,164.9583803345,0.0000380160,0.0000310699,1.2235636563,32768,20260824,104,3.0000000000,true,1.2235636563,164.9523269256,0.0000013180,0.0000092411,400000,20260824,192,0.0317828664,0.0005550867,parity_forward
daily,XOM,2026-09-01,1530,essvi_gfree,ok,,3M,0.2500000000,false,false,165.2653961304,165.2835332839,0.0001097456,0.0000959036,1.1443324173,32768,20260824,104,3.0000000000,true,1.2235636563,165.2680502043,0.0000160595,0.0000270510,400000,20260824,192,0.0181841155,0.0051962459,parity_forward
daily,XOM,2026-09-01,1530,essvi_gfree,ok,,6M,0.5000000000,false,false,165.9565044771,165.9440273979,-0.0000751828,0.0001979983,-0.3797144996,32768,20260824,104,3.0000000000,true,1.2235636563,165.9617778185,0.0000317754,0.0000562209,400000,20260824,192,0.0174382372,0.0111110803,parity_forward
daily,XOM,2026-09-01,1530,essvi_sg05,ok,,1M,0.0833333333,false,false,164.9521095180,164.9639855421,0.0000719968,0.0000433923,1.6592081299,32768,20260824,104,3.0000000000,true,1.6592081299,164.9522780102,0.0000010215,0.0000137602,400000,20260824,192,0.0317828664,0.0005550867,parity_forward
daily,XOM,2026-09-01,1530,essvi_sg05,ok,,3M,0.2500000000,false,false,165.2653961304,165.2796279158,0.0000861147,0.0001043138,0.8255352872,32768,20260824,104,3.0000000000,true,1.6592081299,165.2655125251,0.0000007043,0.0000300245,400000,20260824,192,0.0181841155,0.0051962459,parity_forward
daily,XOM,2026-09-01,1530,essvi_sg05,ok,,6M,0.5000000000,false,false,165.9565044771,165.9338391631,-0.0001365738,0.0001991473,-0.6857928554,32768,20260824,104,3.0000000000,true,1.6592081299,165.9592626991,0.0000166202,0.0000576183,400000,20260824,192,0.0174382372,0.0111110803,parity_forward
daily,XOM,2026-09-02,1530,svi,ok,,1M,0.0833333333,false,false,164.3835680483,164.3761906386,-0.0000448792,0.0000817329,-0.5490963947,32768,20260824,104,3.0000000000,true,1.1695976293,164.3764523479,-0.0000432872,0.0000196821,400000,20260824,192,0.0390138173,-0.0000469637,parity_forward
daily,XOM,2026-09-02,1530,svi,ok,,3M,0.2500000000,false,false,164.4635526916,164.4841926590,0.0001254987,0.0001073008,1.1695976293,32768,20260824,104,3.0000000000,true,1.1695976293,164.4534244346,-0.0000615836,0.0000273344,400000,20260824,192,0.0149504253,0.0060341043,parity_forward
daily,XOM,2026-09-02,1530,svi,ok,,6M,0.5000000000,false,false,165.0695792277,165.0498875670,-0.0001192931,0.0002019523,-0.5906992717,32768,20260824,104,3.0000000000,true,1.1695976293,165.0655032293,-0.0000246926,0.0000561564,400000,20260824,192,0.0148314043,0.0124802948,parity_forward
daily,XOM,2026-09-02,1530,ssvi,ok,,1M,0.0833333333,false,false,164.3835680483,164.3844318723,0.0000052549,0.0000179075,0.2934485688,32768,20260824,104,3.0000000000,true,0.6863511274,164.3845791581,0.0000061509,0.0000043266,400000,20260824,192,0.0390138173,-0.0000469637,parity_forward
daily,XOM,2026-09-02,1530,ssvi,ok,,3M,0.2500000000,false,false,164.4635526916,164.4728766114,0.0000566929,0.0000830955,0.6822621083,32768,20260824,104,3.0000000000,true,0.6863511274,164.4660427300,0.0000151404,0.0000234313,400000,20260824,192,0.0149504253,0.0060341043,parity_forward
daily,XOM,2026-09-02,1530,ssvi,ok,,6M,0.5000000000,false,false,165.0695792277,165.0482568144,-0.0001291723,0.0001882014,-0.6863511274,32768,20260824,104,3.0000000000,true,0.6863511274,165.0747634220,0.0000314061,0.0000535806,400000,20260824,192,0.0148314043,0.0124802948,parity_forward
daily,XOM,2026-09-02,1530,essvi,ok,,1M,0.0833333333,false,false,164.3835680483,164.3698333461,-0.0000835528,0.0000542385,-1.5404703100,32768,20260824,104,3.0000000000,true,1.5404703100,164.3807800922,-0.0000169601,0.0000173863,400000,20260824,192,0.0390138173,-0.0000469637,parity_forward
daily,XOM,2026-09-02,1530,essvi,ok,,3M,0.2500000000,false,false,164.4635526916,164.4432041306,-0.0001237269,0.0001714909,-0.7214776200,32768,20260824,104,3.0000000000,true,1.5404703100,164.4717159822,0.0000496359,0.0000500714,400000,20260824,192,0.0149504253,0.0060341043,parity_forward
daily,XOM,2026-09-02,1530,essvi,ok,,6M,0.5000000000,false,false,165.0695792277,165.0136854916,-0.0003386071,0.0002352608,-1.4392840904,32768,20260824,104,3.0000000000,true,1.5404703100,165.0822412249,0.0000767070,0.0000694527,400000,20260824,192,0.0148314043,0.0124802948,parity_forward
daily,XOM,2026-09-02,1530,essvi_g05,ok,,1M,0.0833333333,false,false,164.3835680483,164.3801149294,-0.0000210065,0.0000206523,-1.0171498852,32768,20260824,104,3.0000000000,true,1.0171498852,164.3840528635,0.0000029493,0.0000056473,400000,20260824,192,0.0390138173,-0.0000469637,parity_forward
daily,XOM,2026-09-02,1530,essvi_g05,ok,,3M,0.2500000000,false,false,164.4635526916,164.4690199831,0.0000332432,0.0000857085,0.3878633021,32768,20260824,104,3.0000000000,true,1.0171498852,164.4654639450,0.0000116211,0.0000245326,400000,20260824,192,0.0149504253,0.0060341043,parity_forward
daily,XOM,2026-09-02,1530,essvi_g05,ok,,6M,0.5000000000,false,false,165.0695792277,165.0473732937,-0.0001345247,0.0001793876,-0.7499109078,32768,20260824,104,3.0000000000,true,1.0171498852,165.0735471871,0.0000240381,0.0000514835,400000,20260824,192,0.0148314043,0.0124802948,parity_forward
daily,XOM,2026-09-02,1530,essvi_gfree,ok,,1M,0.0833333333,false,false,164.3835680483,164.3816168911,-0.0000118695,0.0000197898,-0.5997812312,32768,20260824,104,3.0000000000,true,0.6721280723,164.3838352328,0.0000016254,0.0000052320,400000,20260824,192,0.0390138173,-0.0000469637,parity_forward
daily,XOM,2026-09-02,1530,essvi_gfree,ok,,3M,0.2500000000,false,false,164.4635526916,164.4708697664,0.0000444906,0.0000867904,0.5126206777,32768,20260824,104,3.0000000000,true,0.6721280723,164.4650468541,0.0000090851,0.0000246967,400000,20260824,192,0.0149504253,0.0060341043,parity_forward
daily,XOM,2026-09-02,1530,essvi_gfree,ok,,6M,0.5000000000,false,false,165.0695792277,165.0492052502,-0.0001234266,0.0001836355,-0.6721280723,32768,20260824,104,3.0000000000,true,0.6721280723,165.0731317908,0.0000215216,0.0000525593,400000,20260824,192,0.0148314043,0.0124802948,parity_forward
daily,XOM,2026-09-02,1530,essvi_sg05,ok,,1M,0.0833333333,false,false,164.3835680483,164.3741449101,-0.0000573241,0.0000268109,-2.1380927289,32768,20260824,104,3.0000000000,true,2.1380927289,164.3844258234,0.0000052181,0.0000079533,400000,20260824,192,0.0390138173,-0.0000469637,parity_forward
daily,XOM,2026-09-02,1530,essvi_sg05,ok,,3M,0.2500000000,false,false,164.4635526916,164.4625262511,-0.0000062411,0.0000998200,-0.0625239946,32768,20260824,104,3.0000000000,true,2.1380927289,164.4656566849,0.0000127931,0.0000287487,400000,20260824,192,0.0149504253,0.0060341043,parity_forward
daily,XOM,2026-09-02,1530,essvi_sg05,ok,,6M,0.5000000000,false,false,165.0695792277,165.0415902636,-0.0001695586,0.0001881017,-0.9014198849,32768,20260824,104,3.0000000000,true,2.1380927289,165.0730011063,0.0000207299,0.0000540563,400000,20260824,192,0.0148314043,0.0124802948,parity_forward
daily,XOM,2026-09-03,1530,svi,ok,,1M,0.0833333333,false,false,163.8378154810,163.8432476313,0.0000331557,0.0003527045,0.0940040594,32768,20260824,104,3.0000000000,true,0.8883562479,163.8314933347,-0.0000385878,0.0000584559,400000,20260824,192,0.0563694245,-0.0015083990,parity_forward
daily,XOM,2026-09-03,1530,svi,ok,,3M,0.2500000000,false,false,164.0196856135,163.9399694261,-0.0004860160,0.0007719879,-0.6295642216,32768,20260824,104,3.0000000000,true,0.8883562479,164.0108695409,-0.0000537501,0.0001064141,400000,20260824,192,0.0232275935,0.0039558136,parity_forward
daily,XOM,2026-09-03,1530,svi,ok,,6M,0.5000000000,false,false,164.9994708358,164.8767763671,-0.0007436052,0.0008370575,-0.8883562479,32768,20260824,104,3.0000000000,true,0.8883562479,164.9865173576,-0.0000785062,0.0001185785,400000,20260824,192,0.0235254207,0.0080869592,parity_forward
daily,XOM,2026-09-03,1530,ssvi,ok,,1M,0.0833333333,false,false,163.8378154810,163.8390089009,0.0000072842,0.0000172549,0.4221508824,32768,20260824,104,3.0000000000,true,0.7221299536,163.8388148346,0.0000060997,0.0000042940,400000,20260824,192,0.0563694245,-0.0015083990,parity_forward
daily,XOM,2026-09-03,1530,ssvi,ok,,3M,0.2500000000,false,false,164.0196856135,164.0293033209,0.0000586375,0.0000812008,0.7221299536,32768,20260824,104,3.0000000000,true,0.7221299536,164.0220296273,0.0000142911,0.0000230346,400000,20260824,192,0.0232275935,0.0039558136,parity_forward
daily,XOM,2026-09-03,1530,ssvi,ok,,6M,0.5000000000,false,false,164.9994708358,164.9783329227,-0.0001281090,0.0001952171,-0.6562383227,32768,20260824,104,3.0000000000,true,0.7221299536,165.0046938989,0.0000316550,0.0000559848,400000,20260824,192,0.0235254207,0.0080869592,parity_forward
daily,XOM,2026-09-03,1530,essvi,ok,,1M,0.0833333333,false,false,163.8378154810,163.8347103217,-0.0000189526,0.0000476246,-0.3979590192,32768,20260824,104,3.0000000000,true,1.1605821780,163.8466915458,0.0000541759,0.0000239291,400000,20260824,192,0.0563694245,-0.0015083990,parity_forward
daily,XOM,2026-09-03,1530,essvi,ok,,3M,0.2500000000,false,false,164.0196856135,164.0121765258,-0.0000457816,0.0001342896,-0.3409170904,32768,20260824,104,3.0000000000,true,1.1605821780,164.0387285199,0.0001161013,0.0000407614,400000,20260824,192,0.0232275935,0.0039558136,parity_forward
daily,XOM,2026-09-03,1530,essvi,ok,,6M,0.5000000000,false,false,164.9994708358,164.9597614033,-0.0002406640,0.0002073649,-1.1605821780,32768,20260824,104,3.0000000000,true,1.1605821780,165.0196606646,0.0001223630,0.0000611063,400000,20260824,192,0.0235254207,0.0080869592,parity_forward
daily,XOM,2026-09-03,1530,essvi_g05,ok,,1M,0.0833333333,false,false,163.8378154810,163.8394702353,0.0000101000,0.0000271346,0.3722163662,32768,20260824,104,3.0000000000,true,1.0377863734,163.8391529787,0.0000081635,0.0000077746,400000,20260824,192,0.0563694245,-0.0015083990,parity_forward
daily,XOM,2026-09-03,1530,essvi_g05,ok,,3M,0.2500000000,false,false,164.0196856135,164.0350096819,0.0000934282,0.0000900265,1.0377863734,32768,20260824,104,3.0000000000,true,1.0377863734,164.0212833225,0.0000097410,0.0000263968,400000,20260824,192,0.0232275935,0.0039558136,parity_forward
daily,XOM,2026-09-03,1530,essvi_g05,ok,,6M,0.5000000000,false,false,164.9994708358,164.9849649685,-0.0000879146,0.0001758785,-0.4998600882,32768,20260824,104,3.0000000000,true,1.0377863734,165.0036729780,0.0000254676,0.0000505259,400000,20260824,192,0.0235254207,0.0080869592,parity_forward
daily,XOM,2026-09-03,1530,essvi_gfree,ok,,1M,0.0833333333,false,false,163.8378154810,163.8406004902,0.0000169986,0.0000280916,0.6051121548,32768,20260824,104,3.0000000000,true,1.0796196775,163.8381567274,0.0000020828,0.0000079404,400000,20260824,192,0.0563694245,-0.0015083990,parity_forward
daily,XOM,2026-09-03,1530,essvi_gfree,ok,,3M,0.2500000000,false,false,164.0196856135,164.0353166709,0.0000952999,0.0000882717,1.0796196775,32768,20260824,104,3.0000000000,true,1.0796196775,164.0203878653,0.0000042815,0.0000257163,400000,20260824,192,0.0232275935,0.0039558136,parity_forward
daily,XOM,2026-09-03,1530,essvi_gfree,ok,,6M,0.5000000000,false,false,164.9994708358,164.9854559421,-0.0000849390,0.0001832602,-0.4634886697,32768,20260824,104,3.0000000000,true,1.0796196775,165.0027200652,0.0000196924,0.0000524271,400000,20260824,192,0.0235254207,0.0080869592,parity_forward
daily,XOM,2026-09-03,1530,essvi_sg05,ok,,1M,0.0833333333,false,false,163.8378154810,163.8397898884,0.0000120510,0.0000313716,0.3841364102,32768,20260824,104,3.0000000000,true,0.9576301640,163.8405156346,0.0000164806,0.0000091898,400000,20260824,192,0.0563694245,-0.0015083990,parity_forward
daily,XOM,2026-09-03,1530,essvi_sg05,ok,,3M,0.2500000000,false,false,164.0196856135,164.0356573853,0.0000973772,0.0001016856,0.9576301640,32768,20260824,104,3.0000000000,true,0.9576301640,164.0221675577,0.0000151320,0.0000302864,400000,20260824,192,0.0232275935,0.0039558136,parity_forward
daily,XOM,2026-09-03,1530,essvi_sg05,ok,,6M,0.5000000000,false,false,164.9994708358,164.9840607300,-0.0000933949,0.0001967092,-0.4747866412,32768,20260824,104,3.0000000000,true,0.9576301640,165.0054628674,0.0000363155,0.0000573036,400000,20260824,192,0.0235254207,0.0080869592,parity_forward
daily,XOM,2026-09-04,1530,svi,ok,,1M,0.0833333333,false,false,160.7143105016,160.5682819001,-0.0009086223,0.0007457281,-1.2184363929,32768,20260824,104,3.0000000000,true,1.2184363929,160.7257563964,0.0000712189,0.0000857648,400000,20260824,192,0.0658354402,-0.0022974335,parity_forward
daily,XOM,2026-09-04,1530,svi,ok,,3M,0.2500000000,false,false,160.7361198754,160.6499677215,-0.0005359850,0.0012664155,-0.4232300039,32768,20260824,104,3.0000000000,true,1.2184363929,160.7117616976,-0.0001515414,0.0001451674,400000,20260824,192,0.0224879209,0.0040669016,parity_forward
daily,XOM,2026-09-04,1530,svi,ok,,6M,0.5000000000,false,false,161.4481291329,161.2388741139,-0.0012961130,0.0014716832,-0.8807010660,32768,20260824,104,3.0000000000,true,1.2184363929,161.4300982803,-0.0001116820,0.0002410211,400000,20260824,192,0.0200837522,0.0095729290,parity_forward
daily,XOM,2026-09-04,1530,ssvi,ok,,1M,0.0833333333,false,false,160.7143105016,160.7156164041,0.0000081256,0.0000170291,0.4771592179,32768,20260824,104,3.0000000000,true,0.8517673075,160.7150970317,0.0000048940,0.0000039922,400000,20260824,192,0.0658354402,-0.0022974335,parity_forward
daily,XOM,2026-09-04,1530,ssvi,ok,,3M,0.2500000000,false,false,160.7361198754,160.7464981175,0.0000645670,0.0000758035,0.8517673075,32768,20260824,104,3.0000000000,true,0.8517673075,160.7380549167,0.0000120386,0.0000212784,400000,20260824,192,0.0224879209,0.0040669016,parity_forward
daily,XOM,2026-09-04,1530,ssvi,ok,,6M,0.5000000000,false,false,161.4481291329,161.4297581535,-0.0001137887,0.0001761585,-0.6459451882,32768,20260824,104,3.0000000000,true,0.8517673075,161.4524101402,0.0000265163,0.0000502132,400000,20260824,192,0.0200837522,0.0095729290,parity_forward
daily,XOM,2026-09-04,1530,essvi,ok,,1M,0.0833333333,false,false,160.7143105016,160.7184174306,0.0000255542,0.0000858816,0.2975516631,32768,20260824,104,3.0000000000,true,0.5562619315,160.7248770637,0.0000657475,0.0000412592,400000,20260824,192,0.0658354402,-0.0022974335,parity_forward
daily,XOM,2026-09-04,1530,essvi,ok,,3M,0.2500000000,false,false,160.7361198754,160.7562115198,0.0001249977,0.0002247101,0.5562619315,32768,20260824,104,3.0000000000,true,0.5562619315,160.7544117666,0.0001138008,0.0000612119,400000,20260824,192,0.0224879209,0.0040669016,parity_forward
daily,XOM,2026-09-04,1530,essvi,ok,,6M,0.5000000000,false,false,161.4481291329,161.4353990916,-0.0000788491,0.0002819522,-0.2796541355,32768,20260824,104,3.0000000000,true,0.5562619315,161.4700137109,0.0001355518,0.0000785280,400000,20260824,192,0.0200837522,0.0095729290,parity_forward
daily,XOM,2026-09-04,1530,essvi_g05,ok,,1M,0.0833333333,false,false,160.7143105016,160.7031695987,-0.0000693212,0.0000213839,-3.2417405951,32768,20260824,104,3.0000000000,false,3.2417405951,160.7147010373,0.0000024300,0.0000069390,400000,20260824,192,0.0658354402,-0.0022974335,parity_forward
daily,XOM,2026-09-04,1530,essvi_g05,ok,,3M,0.2500000000,false,false,160.7361198754,160.7401460576,0.0000250484,0.0000877194,0.2855513987,32768,20260824,104,3.0000000000,false,3.2417405951,160.7378397852,0.0000107002,0.0000247231,400000,20260824,192,0.0224879209,0.0040669016,parity_forward
daily,XOM,2026-09-04,1530,essvi_g05,ok,,6M,0.5000000000,false,false,161.4481291329,161.4199137817,-0.0001747642,0.0001875953,-0.9316022640,32768,20260824,104,3.0000000000,false,3.2417405951,161.4524556776,0.0000267984,0.0000538950,400000,20260824,192,0.0200837522,0.0095729290,parity_forward
daily,XOM,2026-09-04,1530,essvi_gfree,ok,,1M,0.0833333333,false,false,160.7143105016,160.7036818783,-0.0000661336,0.0000230308,-2.8715364559,32768,20260824,104,3.0000000000,true,2.8715364559,160.7153072547,0.0000062020,0.0000065122,400000,20260824,192,0.0658354402,-0.0022974335,parity_forward
daily,XOM,2026-09-04,1530,essvi_gfree,ok,,3M,0.2500000000,false,false,160.7361198754,160.7436811605,0.0000470416,0.0000863221,0.5449540636,32768,20260824,104,3.0000000000,true,2.8715364559,160.7382317578,0.0000131388,0.0000243492,400000,20260824,192,0.0224879209,0.0040669016,parity_forward
daily,XOM,2026-09-04,1530,essvi_gfree,ok,,6M,0.5000000000,false,false,161.4481291329,161.4247027277,-0.0001451017,0.0001891307,-0.7672036634,32768,20260824,104,3.0000000000,true,2.8715364559,161.4530158334,0.0000302679,0.0000541877,400000,20260824,192,0.0200837522,0.0095729290,parity_forward
daily,XOM,2026-09-04,1530,essvi_sg05,ok,,1M,0.0833333333,false,false,160.7143105016,160.7070291580,-0.0000453061,0.0000206217,-2.1970142557,32768,20260824,104,3.0000000000,true,2.1970142557,160.7143046361,-0.0000000365,0.0000073682,400000,20260824,192,0.0658354402,-0.0022974335,parity_forward
daily,XOM,2026-09-04,1530,essvi_sg05,ok,,3M,0.2500000000,false,false,160.7361198754,160.7411220691,0.0000311205,0.0000953480,0.3263889508,32768,20260824,104,3.0000000000,true,2.1970142557,160.7375224115,0.0000087257,0.0000269611,400000,20260824,192,0.0224879209,0.0040669016,parity_forward
daily,XOM,2026-09-04,1530,essvi_sg05,ok,,6M,0.5000000000,false,false,161.4481291329,161.4203077873,-0.0001723237,0.0001915632,-0.8995661554,32768,20260824,104,3.0000000000,true,2.1970142557,161.4521172040,0.0000247019,0.0000549416,400000,20260824,192,0.0200837522,0.0095729290,parity_forward
daily,XOM,2026-09-08,1530,svi,ok,,1M,0.0833333333,false,false,160.5702205103,160.6123555423,0.0002624088,0.0003282515,0.7994138438,32768,20260824,104,3.0000000000,true,0.9532264515,160.5869297883,0.0001040621,0.0000649583,400000,20260824,192,0.0794969001,-0.0034640408,parity_forward
daily,XOM,2026-09-08,1530,svi,ok,,3M,0.2500000000,false,false,160.3290359231,160.3978975809,0.0004295021,0.0004505772,0.9532264515,32768,20260824,104,3.0000000000,true,0.9532264515,160.3345153472,0.0000341761,0.0000847382,400000,20260824,192,0.0204862477,0.0046189577,parity_forward
daily,XOM,2026-09-08,1530,svi,ok,,6M,0.5000000000,false,false,161.4513438365,161.4622850099,0.0000677676,0.0005170025,0.1310779401,32768,20260824,104,3.0000000000,true,0.9532264515,161.4718370449,0.0001269312,0.0001279414,400000,20260824,192,0.0241944091,0.0076501886,parity_forward
daily,XOM,2026-09-08,1530,ssvi,ok,,1M,0.0833333333,false,false,160.5702205103,160.5701355435,-0.0000005292,0.0000179911,-0.0294121074,32768,20260824,104,3.0000000000,true,0.7551313215,160.5713023397,0.0000067374,0.0000044074,400000,20260824,192,0.0794969001,-0.0034640408,parity_forward
daily,XOM,2026-09-08,1530,ssvi,ok,,3M,0.2500000000,false,false,160.3290359231,160.3358483138,0.0000424901,0.0000804316,0.5282754959,32768,20260824,104,3.0000000000,true,0.7551313215,160.3318977832,0.0000178499,0.0000226847,400000,20260824,192,0.0204862477,0.0046189577,parity_forward
daily,XOM,2026-09-08,1530,ssvi,ok,,6M,0.5000000000,false,false,161.4513438365,161.4286835030,-0.0001403539,0.0001858669,-0.7551313215,32768,20260824,104,3.0000000000,true,0.7551313215,161.4568326785,0.0000339969,0.0000530853,400000,20260824,192,0.0241944091,0.0076501886,parity_forward
daily,XOM,2026-09-08,1530,essvi,ok,,1M,0.0833333333,false,false,160.5702205103,160.5641569925,-0.0000377624,0.0000339110,-1.1135728422,32768,20260824,104,3.0000000000,true,1.1135728422,160.5704337376,0.0000013279,0.0000113694,400000,20260824,192,0.0794969001,-0.0034640408,parity_forward
daily,XOM,2026-09-08,1530,essvi,ok,,3M,0.2500000000,false,false,160.3290359231,160.3274000789,-0.0000102030,0.0001533241,-0.0665455932,32768,20260824,104,3.0000000000,true,1.1135728422,160.3360971078,0.0000440418,0.0000431183,400000,20260824,192,0.0204862477,0.0046189577,parity_forward
daily,XOM,2026-09-08,1530,essvi,ok,,6M,0.5000000000,false,false,161.4513438365,161.4239607139,-0.0001696060,0.0002230542,-0.7603804150,32768,20260824,104,3.0000000000,true,1.1135728422,161.4592045819,0.0000486880,0.0000629182,400000,20260824,192,0.0241944091,0.0076501886,parity_forward
daily,XOM,2026-09-08,1530,essvi_g05,ok,,1M,0.0833333333,false,false,160.5702205103,160.5606013720,-0.0000599061,0.0000316650,-1.8918711236,32768,20260824,104,3.0000000000,true,1.8918711236,160.5716658255,0.0000090011,0.0000085583,400000,20260824,192,0.0794969001,-0.0034640408,parity_forward
daily,XOM,2026-09-08,1530,essvi_g05,ok,,3M,0.2500000000,false,false,160.3290359231,160.3189305707,-0.0000630288,0.0001573580,-0.4005442040,32768,20260824,104,3.0000000000,true,1.8918711236,160.3373000447,0.0000515448,0.0000446008,400000,20260824,192,0.0204862477,0.0046189577,parity_forward
daily,XOM,2026-09-08,1530,essvi_g05,ok,,6M,0.5000000000,false,false,161.4513438365,161.4146370513,-0.0002273551,0.0002160053,-1.0525442541,32768,20260824,104,3.0000000000,true,1.8918711236,161.4603566027,0.0000558234,0.0000609036,400000,20260824,192,0.0241944091,0.0076501886,parity_forward
daily,XOM,2026-09-08,1530,essvi_gfree,ok,,1M,0.0833333333,false,false,160.5702205103,160.5606051564,-0.0000598825,0.0000319977,-1.8714667291,32768,20260824,104,3.0000000000,true,1.8714667291,160.5715988185,0.0000085838,0.0000086578,400000,20260824,192,0.0794969001,-0.0034640408,parity_forward
daily,XOM,2026-09-08,1530,essvi_gfree,ok,,3M,0.2500000000,false,false,160.3290359231,160.3199784210,-0.0000564932,0.0001556066,-0.3630516273,32768,20260824,104,3.0000000000,true,1.8714667291,160.3371714391,0.0000507426,0.0000440351,400000,20260824,192,0.0204862477,0.0046189577,parity_forward
daily,XOM,2026-09-08,1530,essvi_gfree,ok,,6M,0.5000000000,false,false,161.4513438365,161.4162217836,-0.0002175396,0.0002172204,-1.0014691454,32768,20260824,104,3.0000000000,true,1.8714667291,161.4603447094,0.0000557498,0.0000611654,400000,20260824,192,0.0241944091,0.0076501886,parity_forward
daily,XOM,2026-09-08,1530,essvi_sg05,ok,,1M,0.0833333333,false,false,160.5702205103,160.5629105378,-0.0000455251,0.0000279406,-1.6293513372,32768,20260824,104,3.0000000000,true,1.6293513372,160.5715278277,0.0000081417,0.0000078585,400000,20260824,192,0.0794969001,-0.0034640408,parity_forward
daily,XOM,2026-09-08,1530,essvi_sg05,ok,,3M,0.2500000000,false,false,160.3290359231,160.3180980865,-0.0000682212,0.0001559804,-0.4373703675,32768,20260824,104,3.0000000000,true,1.6293513372,160.3370163252,0.0000497752,0.0000443315,400000,20260824,192,0.0204862477,0.0046189577,parity_forward
daily,XOM,2026-09-08,1530,essvi_sg05,ok,,6M,0.5000000000,false,false,161.4513438365,161.4187468386,-0.0002018998,0.0002130291,-0.9477572061,32768,20260824,104,3.0000000000,true,1.6293513372,161.4612332035,0.0000612529,0.0000603126,400000,20260824,192,0.0241944091,0.0076501886,parity_forward
daily,XOM,2026-09-09,1530,svi,ok,,1M,0.0833333333,false,false,165.1417252338,165.1509972825,0.0000561460,0.0003656372,0.1535566039,32768,20260824,104,3.0000000000,true,0.8943128369,165.1486962132,0.0000422121,0.0000609955,400000,20260824,192,0.0441687900,-0.0005082799,parity_forward
daily,XOM,2026-09-09,1530,svi,ok,,3M,0.2500000000,false,false,165.2377129758,165.2096972069,-0.0001695483,0.0004434031,-0.3823795381,32768,20260824,104,3.0000000000,true,0.8943128369,165.2516046523,0.0000840709,0.0000737314,400000,20260824,192,0.0170472331,0.0055574667,parity_forward
daily,XOM,2026-09-09,1530,svi,ok,,6M,0.5000000000,false,false,166.0104491074,165.9385773845,-0.0004329349,0.0004840979,-0.8943128369,32768,20260824,104,3.0000000000,true,0.8943128369,166.0235974430,0.0000792019,0.0000940099,400000,20260824,192,0.0178548385,0.0109484189,parity_forward
daily,XOM,2026-09-09,1530,ssvi,ok,,1M,0.0833333333,false,false,165.1417252338,165.1417976696,0.0000004386,0.0000186946,0.0234628359,32768,20260824,104,3.0000000000,true,0.8367513254,165.1428509493,0.0000068167,0.0000043422,400000,20260824,192,0.0441687900,-0.0005082799,parity_forward
daily,XOM,2026-09-09,1530,ssvi,ok,,3M,0.2500000000,false,false,165.2377129758,165.2458839732,0.0000494500,0.0000805173,0.6141529337,32768,20260824,104,3.0000000000,true,0.8367513254,165.2407355457,0.0000182923,0.0000225607,400000,20260824,192,0.0170472331,0.0055574667,parity_forward
daily,XOM,2026-09-09,1530,ssvi,ok,,6M,0.5000000000,false,false,166.0104491074,165.9847054688,-0.0001550724,0.0001853267,-0.8367513254,32768,20260824,104,3.0000000000,true,0.8367513254,166.0158312518,0.0000324205,0.0000530006,400000,20260824,192,0.0178548385,0.0109484189,parity_forward
daily,XOM,2026-09-09,1530,essvi,ok,,1M,0.0833333333,false,false,165.1417252338,165.1401595633,-0.0000094808,0.0000194252,-0.4880663761,32768,20260824,104,3.0000000000,true,1.1815404160,165.1415124892,-0.0000012883,0.0000044605,400000,20260824,192,0.0441687900,-0.0005082799,parity_forward
daily,XOM,2026-09-09,1530,essvi,ok,,3M,0.2500000000,false,false,165.2377129758,165.2384256893,0.0000043133,0.0000867915,0.0496968132,32768,20260824,104,3.0000000000,true,1.1815404160,165.2424606219,0.0000287322,0.0000261594,400000,20260824,192,0.0170472331,0.0055574667,parity_forward
daily,XOM,2026-09-09,1530,essvi,ok,,6M,0.5000000000,false,false,166.0104491074,165.9733292580,-0.0002235995,0.0001892440,-1.1815404160,32768,20260824,104,3.0000000000,true,1.1815404160,166.0180612906,0.0000458536,0.0000555018,400000,20260824,192,0.0178548385,0.0109484189,parity_forward
daily,XOM,2026-09-09,1530,essvi_g05,ok,,1M,0.0833333333,false,false,165.1417252338,165.1417133723,-0.0000000718,0.0000269856,-0.0026616452,32768,20260824,104,3.0000000000,true,1.0764568070,165.1424609827,0.0000044553,0.0000078795,400000,20260824,192,0.0441687900,-0.0005082799,parity_forward
daily,XOM,2026-09-09,1530,essvi_g05,ok,,3M,0.2500000000,false,false,165.2377129758,165.2387636922,0.0000063588,0.0000922705,0.0689149299,32768,20260824,104,3.0000000000,true,1.0764568070,165.2416798033,0.0000240068,0.0000265820,400000,20260824,192,0.0170472331,0.0055574667,parity_forward
daily,XOM,2026-09-09,1530,essvi_g05,ok,,6M,0.5000000000,false,false,166.0104491074,165.9760595296,-0.0002071531,0.0001924398,-1.0764568070,32768,20260824,104,3.0000000000,true,1.0764568070,166.0181313506,0.0000462757,0.0000555680,400000,20260824,192,0.0178548385,0.0109484189,parity_forward
daily,XOM,2026-09-09,1530,essvi_gfree,ok,,1M,0.0833333333,false,false,165.1417252338,165.1416605656,-0.0000003916,0.0000276818,-0.0141462033,32768,20260824,104,3.0000000000,true,1.0966670571,165.1427057770,0.0000059376,0.0000080815,400000,20260824,192,0.0441687900,-0.0005082799,parity_forward
daily,XOM,2026-09-09,1530,essvi_gfree,ok,,3M,0.2500000000,false,false,165.2377129758,165.2386066010,0.0000054081,0.0000915823,0.0590519962,32768,20260824,104,3.0000000000,true,1.0966670571,165.2418631137,0.0000251162,0.0000264118,400000,20260824,192,0.0170472331,0.0055574667,parity_forward
daily,XOM,2026-09-09,1530,essvi_gfree,ok,,6M,0.5000000000,false,false,166.0104491074,165.9757971567,-0.0002087336,0.0001903345,-1.0966670571,32768,20260824,104,3.0000000000,true,1.0966670571,166.0184108224,0.0000479591,0.0000549949,400000,20260824,192,0.0178548385,0.0109484189,parity_forward
daily,XOM,2026-09-09,1530,essvi_sg05,ok,,1M,0.0833333333,false,false,165.1417252338,165.1945588420,0.0003199289,0.0001175521,2.7215917981,32768,20260824,104,3.0000000000,true,2.7215917981,165.1417981155,0.0000004413,0.0000405970,400000,20260824,192,0.0441687900,-0.0005082799,parity_forward
daily,XOM,2026-09-09,1530,essvi_sg05,ok,,3M,0.2500000000,false,false,165.2377129758,165.2684964883,0.0001862983,0.0001540640,1.2092266311,32768,20260824,104,3.0000000000,true,2.7215917981,165.2386099363,0.0000054283,0.0000516156,400000,20260824,192,0.0170472331,0.0055574667,parity_forward
daily,XOM,2026-09-09,1530,essvi_sg05,ok,,6M,0.5000000000,false,false,166.0104491074,166.0085096208,-0.0000116829,0.0002242018,-0.0521089549,32768,20260824,104,3.0000000000,true,2.7215917981,166.0150421221,0.0000276670,0.0000705926,400000,20260824,192,0.0178548385,0.0109484189,parity_forward
daily,XOM,2026-09-10,1530,svi,ok,,1M,0.0833333333,false,false,166.3245013483,166.3078172514,-0.0001003105,0.0000860162,-1.1661813742,32768,20260824,104,3.0000000000,true,1.1661813742,166.3203333756,-0.0000250593,0.0000263041,400000,20260824,192,0.0426069640,-0.0003781854,parity_forward
daily,XOM,2026-09-10,1530,svi,ok,,3M,0.2500000000,false,false,166.1309290274,166.1511869351,0.0001219394,0.0001408258,0.8658882885,32768,20260824,104,3.0000000000,true,1.1661813742,166.1249247339,-0.0000361419,0.0000401503,400000,20260824,192,0.0095443173,0.0074711341,parity_forward
daily,XOM,2026-09-10,1530,svi,ok,,6M,0.5000000000,false,false,166.9794963696,166.9512219436,-0.0001693287,0.0002527826,-0.6698590136,32768,20260824,104,3.0000000000,true,1.1661813742,166.9812509073,0.0000105075,0.0000732749,400000,20260824,192,0.0149618028,0.0124622851,parity_forward
daily,XOM,2026-09-10,1530,ssvi,ok,,1M,0.0833333333,false,false,166.3245013483,166.3242896755,-0.0000012726,0.0000230879,-0.0551218363,32768,20260824,104,3.0000000000,true,0.8932448018,166.3255112788,0.0000060720,0.0000058871,400000,20260824,192,0.0426069640,-0.0003781854,parity_forward
daily,XOM,2026-09-10,1530,ssvi,ok,,3M,0.2500000000,false,false,166.1309290274,166.1455916108,0.0000882592,0.0000988074,0.8932448018,32768,20260824,104,3.0000000000,true,0.8932448018,166.1334328820,0.0000150716,0.0000276654,400000,20260824,192,0.0095443173,0.0074711341,parity_forward
daily,XOM,2026-09-10,1530,ssvi,ok,,6M,0.5000000000,false,false,166.9794963696,166.9505686548,-0.0001732411,0.0002143622,-0.8081701540,32768,20260824,104,3.0000000000,true,0.8932448018,166.9843340582,0.0000289718,0.0000611001,400000,20260824,192,0.0149618028,0.0124622851,parity_forward
daily,XOM,2026-09-10,1530,essvi,ok,,1M,0.0833333333,false,false,166.3245013483,166.3100363125,-0.0000869688,0.0000732704,-1.1869564157,32768,20260824,104,3.0000000000,true,1.1869564157,166.3283241483,0.0000229840,0.0000249445,400000,20260824,192,0.0426069640,-0.0003781854,parity_forward
daily,XOM,2026-09-10,1530,essvi,ok,,3M,0.2500000000,false,false,166.1309290274,166.1261042169,-0.0000290422,0.0002532134,-0.1146946447,32768,20260824,104,3.0000000000,true,1.1869564157,166.1332678542,0.0000140782,0.0000762146,400000,20260824,192,0.0095443173,0.0074711341,parity_forward
daily,XOM,2026-09-10,1530,essvi,ok,,6M,0.5000000000,false,false,166.9794963696,166.9185529585,-0.0003649754,0.0003208564,-1.1375037617,32768,20260824,104,3.0000000000,true,1.1869564157,166.9788927771,-0.0000036148,0.0000953827,400000,20260824,192,0.0149618028,0.0124622851,parity_forward
daily,XOM,2026-09-10,1530,essvi_g05,ok,,1M,0.0833333333,false,false,166.3245013483,166.3148888890,-0.0000577934,0.0000267458,-2.1608402741,32768,20260824,104,3.0000000000,true,2.1608402741,166.3251481442,0.0000038888,0.0000073271,400000,20260824,192,0.0426069640,-0.0003781854,parity_forward
daily,XOM,2026-09-10,1530,essvi_g05,ok,,3M,0.2500000000,false,false,166.1309290274,166.1618819977,0.0001863167,0.0001234107,1.5097288460,32768,20260824,104,3.0000000000,true,2.1608402741,166.1299868845,-0.0000056711,0.0000367592,400000,20260824,192,0.0095443173,0.0074711341,parity_forward
daily,XOM,2026-09-10,1530,essvi_g05,ok,,6M,0.5000000000,false,false,166.9794963696,166.9671606801,-0.0000738755,0.0002070957,-0.3567214752,32768,20260824,104,3.0000000000,true,2.1608402741,166.9803733039,0.0000052517,0.0000606140,400000,20260824,192,0.0149618028,0.0124622851,parity_forward
daily,XOM,2026-09-10,1530,essvi_gfree,ok,,1M,0.0833333333,false,false,166.3245013483,166.3142120624,-0.0000618627,0.0000265520,-2.3298668566,32768,20260824,104,3.0000000000,true,2.3298668566,166.3251090609,0.0000036538,0.0000073006,400000,20260824,192,0.0426069640,-0.0003781854,parity_forward
daily,XOM,2026-09-10,1530,essvi_gfree,ok,,3M,0.2500000000,false,false,166.1309290274,166.1613678482,0.0001832219,0.0001240170,1.4773933940,32768,20260824,104,3.0000000000,true,2.3298668566,166.1299735773,-0.0000057512,0.0000369778,400000,20260824,192,0.0095443173,0.0074711341,parity_forward
daily,XOM,2026-09-10,1530,essvi_gfree,ok,,6M,0.5000000000,false,false,166.9794963696,166.9663804588,-0.0000785480,0.0002098335,-0.3743350847,32768,20260824,104,3.0000000000,true,2.3298668566,166.9803350304,0.0000050225,0.0000614033,400000,20260824,192,0.0149618028,0.0124622851,parity_forward
daily,XOM,2026-09-10,1530,essvi_sg05,ok,,1M,0.0833333333,false,false,166.3245013483,166.3249731974,0.0000028369,0.0000326986,0.0867595503,32768,20260824,104,3.0000000000,true,1.9911464212,166.3260260934,0.0000091673,0.0000089277,400000,20260824,192,0.0426069640,-0.0003781854,parity_forward
daily,XOM,2026-09-10,1530,essvi_sg05,ok,,3M,0.2500000000,false,false,166.1309290274,166.1879955645,0.0003435034,0.0001725154,1.9911464212,32768,20260824,104,3.0000000000,true,1.9911464212,166.1273062720,-0.0000218066,0.0000543145,400000,20260824,192,0.0095443173,0.0074711341,parity_forward
daily,XOM,2026-09-10,1530,essvi_sg05,ok,,6M,0.5000000000,false,false,166.9794963696,166.9970346188,0.0001050324,0.0002315404,0.4536242927,32768,20260824,104,3.0000000000,true,1.9911464212,166.9786578406,-0.0000050217,0.0000711439,400000,20260824,192,0.0149618028,0.0124622851,parity_forward
daily,XOM,2026-09-11,1530,svi,ok,,1M,0.0833333333,false,false,166.1391257047,166.1236723795,-0.0000930144,0.0001626661,-0.5718117395,32768,20260824,104,3.0000000000,true,1.0373437897,166.1415705307,0.0000147155,0.0000267101,400000,20260824,192,0.0382790087,0.0000637681,parity_forward
daily,XOM,2026-09-11,1530,svi,ok,,3M,0.2500000000,false,false,166.2238750147,166.1513490358,-0.0004363151,0.0004414744,-0.9883133336,32768,20260824,104,3.0000000000,true,1.0373437897,166.2390588181,0.0000913455,0.0001040847,400000,20260824,192,0.0147995913,0.0062729061,parity_forward
daily,XOM,2026-09-11,1530,svi,ok,,6M,0.5000000000,false,false,167.1039723224,167.0012528057,-0.0006147042,0.0005925752,-1.0373437897,32768,20260824,104,3.0000000000,true,1.0373437897,167.1248324580,0.0001248333,0.0001394525,400000,20260824,192,0.0179611617,0.0112446008,parity_forward
daily,XOM,2026-09-11,1530,ssvi,ok,,1M,0.0833333333,false,false,166.1391257047,166.1393711889,0.0000014776,0.0000197323,0.0748814085,32768,20260824,104,3.0000000000,true,0.8220692694,166.1403054993,0.0000071012,0.0000050500,400000,20260824,192,0.0382790087,0.0000637681,parity_forward
daily,XOM,2026-09-11,1530,ssvi,ok,,3M,0.2500000000,false,false,166.2238750147,166.2309750188,0.0000427135,0.0000899187,0.4750238306,32768,20260824,104,3.0000000000,true,0.8220692694,166.2270295594,0.0000189777,0.0000253777,400000,20260824,192,0.0147995913,0.0062729061,parity_forward
daily,XOM,2026-09-11,1530,ssvi,ok,,6M,0.5000000000,false,false,167.1039723224,167.0760649464,-0.0001670061,0.0002031533,-0.8220692694,32768,20260824,104,3.0000000000,true,0.8220692694,167.1104235370,0.0000386060,0.0000583843,400000,20260824,192,0.0179611617,0.0112446008,parity_forward
daily,XOM,2026-09-11,1530,essvi,ok,,1M,0.0833333333,false,false,166.1391257047,166.1575643714,0.0001109833,0.0000466194,2.3806250721,32768,20260824,104,3.0000000000,true,2.3806250721,166.1431567733,0.0000242632,0.0000212712,400000,20260824,192,0.0382790087,0.0000637681,parity_forward
daily,XOM,2026-09-11,1530,essvi,ok,,3M,0.2500000000,false,false,166.2238750147,166.2669458313,0.0002591133,0.0001212552,2.1369259931,32768,20260824,104,3.0000000000,true,2.3806250721,166.2312725298,0.0000445033,0.0000362356,400000,20260824,192,0.0147995913,0.0062729061,parity_forward
daily,XOM,2026-09-11,1530,essvi,ok,,6M,0.5000000000,false,false,167.1039723224,167.1127284581,0.0000523993,0.0002306586,0.2271726649,32768,20260824,104,3.0000000000,true,2.3806250721,167.1141346101,0.0000608142,0.0000666494,400000,20260824,192,0.0179611617,0.0112446008,parity_forward
daily,XOM,2026-09-11,1530,essvi_g05,ok,,1M,0.0833333333,false,false,166.1391257047,166.1476516122,0.0000513179,0.0000364173,1.4091620951,32768,20260824,104,3.0000000000,true,2.3405917777,166.1405985833,0.0000088653,0.0000099690,400000,20260824,192,0.0382790087,0.0000637681,parity_forward
daily,XOM,2026-09-11,1530,essvi_g05,ok,,3M,0.2500000000,false,false,166.2238750147,166.2816476949,0.0003475595,0.0001484921,2.3405917777,32768,20260824,104,3.0000000000,true,2.3405917777,166.2239796138,0.0000006293,0.0000428253,400000,20260824,192,0.0147995913,0.0062729061,parity_forward
daily,XOM,2026-09-11,1530,essvi_g05,ok,,6M,0.5000000000,false,false,167.1039723224,167.1245897340,0.0001233807,0.0002305012,0.5352715414,32768,20260824,104,3.0000000000,true,2.3405917777,167.1066893088,0.0000162593,0.0000666697,400000,20260824,192,0.0179611617,0.0112446008,parity_forward
daily,XOM,2026-09-11,1530,essvi_gfree,ok,,1M,0.0833333333,false,false,166.1391257047,166.1491598539,0.0000603961,0.0000352486,1.7134322416,32768,20260824,104,3.0000000000,true,2.3143959974,166.1405766220,0.0000087331,0.0000094945,400000,20260824,192,0.0382790087,0.0000637681,parity_forward
daily,XOM,2026-09-11,1530,essvi_gfree,ok,,3M,0.2500000000,false,false,166.2238750147,166.2778160646,0.0003245084,0.0001402130,2.3143959974,32768,20260824,104,3.0000000000,true,2.3143959974,166.2243103414,0.0000026189,0.0000403777,400000,20260824,192,0.0147995913,0.0062729061,parity_forward
daily,XOM,2026-09-11,1530,essvi_gfree,ok,,6M,0.5000000000,false,false,167.1039723224,167.1210041634,0.0001019236,0.0002302305,0.4427025625,32768,20260824,104,3.0000000000,true,2.3143959974,167.1072455317,0.0000195879,0.0000665441,400000,20260824,192,0.0179611617,0.0112446008,parity_forward
daily,XOM,2026-09-11,1530,essvi_sg05,ok,,1M,0.0833333333,false,false,166.1391257047,166.2156865413,0.0004608236,0.0001606917,2.8677498001,32768,20260824,104,3.0000000000,true,2.8677498001,166.1451162557,0.0000360574,0.0000432061,400000,20260824,192,0.0382790087,0.0000637681,parity_forward
daily,XOM,2026-09-11,1530,essvi_sg05,ok,,3M,0.2500000000,false,false,166.2238750147,166.3326802169,0.0006545702,0.0002313900,2.8288613911,32768,20260824,104,3.0000000000,true,2.8677498001,166.2281680617,0.0000258269,0.0000637660,400000,20260824,192,0.0147995913,0.0062729061,parity_forward
daily,XOM,2026-09-11,1530,essvi_sg05,ok,,6M,0.5000000000,false,false,167.1039723224,167.1798817352,0.0004542646,0.0002816721,1.6127423688,32768,20260824,104,3.0000000000,true,2.8677498001,167.1119829715,0.0000479381,0.0000795170,400000,20260824,192,0.0179611617,0.0112446008,parity_forward
