slice,ticker,date,time,expiry_date,tenor_years,forward,strike,vol
daily,JPM,2026-08-14,1530,2026-08-21,0.0191780822,363.5346532047,340.0000000000,0.2538039625
daily,JPM,2026-08-14,1530,2026-08-21,0.0191780822,363.5346532047,342.5000000000,0.2373587391
daily,JPM,2026-08-14,1530,2026-08-21,0.0191780822,363.5346532047,345.0000000000,0.2245886776
daily,JPM,2026-08-14,1530,2026-08-21,0.0191780822,363.5346532047,347.5000000000,0.2109429226
daily,JPM,2026-08-14,1530,2026-08-21,0.0191780822,363.5346532047,350.0000000000,0.2029858031
daily,JPM,2026-08-14,1530,2026-08-21,0.0191780822,363.5346532047,352.5000000000,0.1942357409
daily,JPM,2026-08-14,1530,2026-08-21,0.0191780822,363.5346532047,355.0000000000,0.1906402025
daily,JPM,2026-08-14,1530,2026-08-21,0.0191780822,363.5346532047,357.5000000000,0.1858663443
daily,JPM,2026-08-14,1530,2026-08-21,0.0191780822,363.5346532047,360.0000000000,0.1843259610
daily,JPM,2026-08-14,1530,2026-08-21,0.0191780822,363.5346532047,362.5000000000,0.1826084965
daily,JPM,2026-08-14,1530,2026-08-21,0.0191780822,363.5346532047,365.0000000000,0.1794454742
daily,JPM,2026-08-14,1530,2026-08-21,0.0191780822,363.5346532047,367.5000000000,0.1753496464
daily,JPM,2026-08-14,1530,2026-08-21,0.0191780822,363.5346532047,370.0000000000,0.1729908984
daily,JPM,2026-08-14,1530,2026-08-21,0.0191780822,363.5346532047,375.0000000000,0.1717672514
daily,JPM,2026-08-14,1530,2026-08-21,0.0191780822,363.5346532047,377.5000000000,0.1731036303
daily,JPM,2026-08-14,1530,2026-08-28,0.0383561644,363.7652174273,345.0000000000,0.2055691877
daily,JPM,2026-08-14,1530,2026-08-28,0.0383561644,363.7652174273,350.0000000000,0.1978108041
daily,JPM,2026-08-14,1530,2026-08-28,0.0383561644,363.7652174273,352.5000000000,0.1951231896
daily,JPM,2026-08-14,1530,2026-08-28,0.0383561644,363.7652174273,355.0000000000,0.1904040899
daily,JPM,2026-08-14,1530,2026-08-28,0.0383561644,363.7652174273,357.5000000000,0.1889714531
daily,JPM,2026-08-14,1530,2026-08-28,0.0383561644,363.7652174273,360.0000000000,0.1877093827
daily,JPM,2026-08-14,1530,2026-08-28,0.0383561644,363.7652174273,365.0000000000,0.1860168089
daily,JPM,2026-08-14,1530,2026-08-28,0.0383561644,363.7652174273,367.5000000000,0.1832183852
daily,JPM,2026-08-14,1530,2026-08-28,0.0383561644,363.7652174273,370.0000000000,0.1826895667
daily,JPM,2026-08-14,1530,2026-08-28,0.0383561644,363.7652174273,372.5000000000,0.1799447940
daily,JPM,2026-08-14,1530,2026-08-28,0.0383561644,363.7652174273,375.0000000000,0.1783862682
daily,JPM,2026-08-14,1530,2026-09-04,0.0575342466,364.0646064770,340.0000000000,0.2122697764
daily,JPM,2026-08-14,1530,2026-09-04,0.0575342466,364.0646064770,345.0000000000,0.2029266745
daily,JPM,2026-08-14,1530,2026-09-04,0.0575342466,364.0646064770,350.0000000000,0.2001051679
daily,JPM,2026-08-14,1530,2026-09-04,0.0575342466,364.0646064770,355.0000000000,0.1962632578
daily,JPM,2026-08-14,1530,2026-09-04,0.0575342466,364.0646064770,360.0000000000,0.1931752014
daily,JPM,2026-08-14,1530,2026-09-04,0.0575342466,364.0646064770,365.0000000000,0.1904648402
daily,JPM,2026-08-14,1530,2026-09-04,0.0575342466,364.0646064770,370.0000000000,0.1871859776
daily,JPM,2026-08-14,1530,2026-09-04,0.0575342466,364.0646064770,375.0000000000,0.1828461038
daily,JPM,2026-08-14,1530,2026-09-04,0.0575342466,364.0646064770,380.0000000000,0.1804732206
daily,JPM,2026-08-14,1530,2026-09-11,0.0767123288,364.3814155270,340.0000000000,0.2047806683
daily,JPM,2026-08-14,1530,2026-09-11,0.0767123288,364.3814155270,345.0000000000,0.1992845921
daily,JPM,2026-08-14,1530,2026-09-11,0.0767123288,364.3814155270,350.0000000000,0.1954904285
daily,JPM,2026-08-14,1530,2026-09-11,0.0767123288,364.3814155270,355.0000000000,0.1901214758
daily,JPM,2026-08-14,1530,2026-09-11,0.0767123288,364.3814155270,360.0000000000,0.1880052849
daily,JPM,2026-08-14,1530,2026-09-11,0.0767123288,364.3814155270,365.0000000000,0.1849226036
daily,JPM,2026-08-14,1530,2026-09-11,0.0767123288,364.3814155270,370.0000000000,0.1814188624
daily,JPM,2026-08-14,1530,2026-09-11,0.0767123288,364.3814155270,375.0000000000,0.1786723528
daily,JPM,2026-08-14,1530,2026-09-11,0.0767123288,364.3814155270,380.0000000000,0.1753029684
daily,JPM,2026-08-14,1530,2026-09-18,0.0958904110,364.5153321824,320.0000000000,0.2322961327
daily,JPM,2026-08-14,1530,2026-09-18,0.0958904110,364.5153321824,325.0000000000,0.2248530653
daily,JPM,2026-08-14,1530,2026-09-18,0.0958904110,364.5153321824,330.0000000000,0.2193251427
daily,JPM,2026-08-14,1530,2026-09-18,0.0958904110,364.5153321824,335.0000000000,0.2135270773
daily,JPM,2026-08-14,1530,2026-09-18,0.0958904110,364.5153321824,340.0000000000,0.2068627714
daily,JPM,2026-08-14,1530,2026-09-18,0.0958904110,364.5153321824,345.0000000000,0.2042738041
daily,JPM,2026-08-14,1530,2026-09-18,0.0958904110,364.5153321824,350.0000000000,0.2009027198
daily,JPM,2026-08-14,1530,2026-09-18,0.0958904110,364.5153321824,355.0000000000,0.1955989306
daily,JPM,2026-08-14,1530,2026-09-18,0.0958904110,364.5153321824,360.0000000000,0.1927150197
daily,JPM,2026-08-14,1530,2026-09-18,0.0958904110,364.5153321824,365.0000000000,0.1896634022
daily,JPM,2026-08-14,1530,2026-09-18,0.0958904110,364.5153321824,370.0000000000,0.1897122056
daily,JPM,2026-08-14,1530,2026-09-18,0.0958904110,364.5153321824,375.0000000000,0.1871687256
daily,JPM,2026-08-14,1530,2026-09-18,0.0958904110,364.5153321824,380.0000000000,0.1846537535
daily,JPM,2026-08-14,1530,2026-09-18,0.0958904110,364.5153321824,385.0000000000,0.1808084631
daily,JPM,2026-08-14,1530,2026-09-18,0.0958904110,364.5153321824,390.0000000000,0.1781148240
daily,JPM,2026-08-14,1530,2026-09-18,0.0958904110,364.5153321824,395.0000000000,0.1775178223
daily,JPM,2026-08-14,1530,2026-09-18,0.0958904110,364.5153321824,400.0000000000,0.1795391170
daily,JPM,2026-08-14,1530,2026-09-25,0.1150684932,364.7414223932,320.1984796278,0.2120563865
daily,JPM,2026-08-14,1530,2026-09-25,0.1150684932,364.7414223932,325.2015808720,0.2052618266
daily,JPM,2026-08-14,1530,2026-09-25,0.1150684932,364.7414223932,350.0000000000,0.2029021339
daily,JPM,2026-08-14,1530,2026-09-25,0.1150684932,364.7414223932,355.0000000000,0.2004023428
daily,JPM,2026-08-14,1530,2026-09-25,0.1150684932,364.7414223932,360.0000000000,0.1979537078
daily,JPM,2026-08-14,1530,2026-09-25,0.1150684932,364.7414223932,365.0000000000,0.1953695943
daily,JPM,2026-08-14,1530,2026-09-25,0.1150684932,364.7414223932,370.0000000000,0.1915053556
daily,JPM,2026-08-14,1530,2026-10-16,0.1726027397,364.3652218010,290.0000000000,0.3044235454
daily,JPM,2026-08-14,1530,2026-10-16,0.1726027397,364.3652218010,310.0000000000,0.2690021504
daily,JPM,2026-08-14,1530,2026-10-16,0.1726027397,364.3652218010,315.0000000000,0.2625910731
daily,JPM,2026-08-14,1530,2026-10-16,0.1726027397,364.3652218010,320.0000000000,0.2581200930
daily,JPM,2026-08-14,1530,2026-10-16,0.1726027397,364.3652218010,325.0000000000,0.2549426292
daily,JPM,2026-08-14,1530,2026-10-16,0.1726027397,364.3652218010,330.0000000000,0.2484603395
daily,JPM,2026-08-14,1530,2026-10-16,0.1726027397,364.3652218010,335.0000000000,0.2432472497
daily,JPM,2026-08-14,1530,2026-10-16,0.1726027397,364.3652218010,340.0000000000,0.2418813681
daily,JPM,2026-08-14,1530,2026-10-16,0.1726027397,364.3652218010,345.0000000000,0.2360627074
daily,JPM,2026-08-14,1530,2026-10-16,0.1726027397,364.3652218010,350.0000000000,0.2335682455
daily,JPM,2026-08-14,1530,2026-10-16,0.1726027397,364.3652218010,355.0000000000,0.2296387092
daily,JPM,2026-08-14,1530,2026-10-16,0.1726027397,364.3652218010,360.0000000000,0.2262945614
daily,JPM,2026-08-14,1530,2026-10-16,0.1726027397,364.3652218010,365.0000000000,0.2251031533
daily,JPM,2026-08-14,1530,2026-10-16,0.1726027397,364.3652218010,370.0000000000,0.2219414177
daily,JPM,2026-08-14,1530,2026-10-16,0.1726027397,364.3652218010,375.0000000000,0.2180697640
daily,JPM,2026-08-14,1530,2026-10-16,0.1726027397,364.3652218010,380.0000000000,0.2166452712
daily,JPM,2026-08-14,1530,2026-10-16,0.1726027397,364.3652218010,385.0000000000,0.2144644724
daily,JPM,2026-08-14,1530,2026-10-16,0.1726027397,364.3652218010,390.0000000000,0.2133558961
daily,JPM,2026-08-14,1530,2026-10-16,0.1726027397,364.3652218010,395.0000000000,0.2118220188
daily,JPM,2026-08-14,1530,2026-10-16,0.1726027397,364.3652218010,400.0000000000,0.2111142229
daily,JPM,2026-08-14,1530,2026-10-16,0.1726027397,364.3652218010,405.0000000000,0.2083670996
daily,JPM,2026-08-14,1530,2026-11-20,0.2684931507,365.3890392992,290.0000000000,0.2864156168
daily,JPM,2026-08-14,1530,2026-11-20,0.2684931507,365.3890392992,295.0000000000,0.2803193459
daily,JPM,2026-08-14,1530,2026-11-20,0.2684931507,365.3890392992,305.0000000000,0.2701107906
daily,JPM,2026-08-14,1530,2026-11-20,0.2684931507,365.3890392992,310.0000000000,0.2621502484
daily,JPM,2026-08-14,1530,2026-11-20,0.2684931507,365.3890392992,320.0000000000,0.2502697470
daily,JPM,2026-08-14,1530,2026-11-20,0.2684931507,365.3890392992,325.0000000000,0.2476831713
daily,JPM,2026-08-14,1530,2026-11-20,0.2684931507,365.3890392992,330.0000000000,0.2445790724
daily,JPM,2026-08-14,1530,2026-11-20,0.2684931507,365.3890392992,335.0000000000,0.2403783230
daily,JPM,2026-08-14,1530,2026-11-20,0.2684931507,365.3890392992,340.0000000000,0.2374640117
daily,JPM,2026-08-14,1530,2026-11-20,0.2684931507,365.3890392992,345.0000000000,0.2357414307
daily,JPM,2026-08-14,1530,2026-11-20,0.2684931507,365.3890392992,350.0000000000,0.2315681018
daily,JPM,2026-08-14,1530,2026-11-20,0.2684931507,365.3890392992,355.0000000000,0.2285761897
daily,JPM,2026-08-14,1530,2026-11-20,0.2684931507,365.3890392992,360.0000000000,0.2262200317
daily,JPM,2026-08-14,1530,2026-11-20,0.2684931507,365.3890392992,365.0000000000,0.2234347673
daily,JPM,2026-08-14,1530,2026-11-20,0.2684931507,365.3890392992,370.0000000000,0.2233156807
daily,JPM,2026-08-14,1530,2026-11-20,0.2684931507,365.3890392992,375.0000000000,0.2207322724
daily,JPM,2026-08-14,1530,2026-11-20,0.2684931507,365.3890392992,380.0000000000,0.2208583193
daily,JPM,2026-08-14,1530,2026-11-20,0.2684931507,365.3890392992,385.0000000000,0.2179550799
daily,JPM,2026-08-14,1530,2026-11-20,0.2684931507,365.3890392992,390.0000000000,0.2163671330
daily,JPM,2026-08-14,1530,2026-11-20,0.2684931507,365.3890392992,395.0000000000,0.2156268853
daily,JPM,2026-08-14,1530,2026-11-20,0.2684931507,365.3890392992,400.0000000000,0.2130266066
daily,JPM,2026-08-14,1530,2026-11-20,0.2684931507,365.3890392992,405.0000000000,0.2134217792
daily,JPM,2026-08-14,1530,2026-11-20,0.2684931507,365.3890392992,410.0000000000,0.2109358509
daily,JPM,2026-08-14,1530,2026-11-20,0.2684931507,365.3890392992,415.0000000000,0.2131185910
daily,JPM,2026-08-14,1530,2026-12-18,0.3452054795,366.6547851545,260.0000000000,0.3219439329
daily,JPM,2026-08-14,1530,2026-12-18,0.3452054795,366.6547851545,280.0000000000,0.2970661936
daily,JPM,2026-08-14,1530,2026-12-18,0.3452054795,366.6547851545,290.0000000000,0.2834963513
daily,JPM,2026-08-14,1530,2026-12-18,0.3452054795,366.6547851545,310.0000000000,0.2618926230
daily,JPM,2026-08-14,1530,2026-12-18,0.3452054795,366.6547851545,315.0000000000,0.2586156418
daily,JPM,2026-08-14,1530,2026-12-18,0.3452054795,366.6547851545,320.0000000000,0.2533990709
daily,JPM,2026-08-14,1530,2026-12-18,0.3452054795,366.6547851545,325.0000000000,0.2501771871
daily,JPM,2026-08-14,1530,2026-12-18,0.3452054795,366.6547851545,330.0000000000,0.2461714970
daily,JPM,2026-08-14,1530,2026-12-18,0.3452054795,366.6547851545,335.0000000000,0.2431033083
daily,JPM,2026-08-14,1530,2026-12-18,0.3452054795,366.6547851545,340.0000000000,0.2411233281
daily,JPM,2026-08-14,1530,2026-12-18,0.3452054795,366.6547851545,345.0000000000,0.2384741618
daily,JPM,2026-08-14,1530,2026-12-18,0.3452054795,366.6547851545,350.0000000000,0.2350816603
daily,JPM,2026-08-14,1530,2026-12-18,0.3452054795,366.6547851545,355.0000000000,0.2328920284
daily,JPM,2026-08-14,1530,2026-12-18,0.3452054795,366.6547851545,360.0000000000,0.2308003965
daily,JPM,2026-08-14,1530,2026-12-18,0.3452054795,366.6547851545,365.0000000000,0.2279832050
daily,JPM,2026-08-14,1530,2026-12-18,0.3452054795,366.6547851545,370.0000000000,0.2262141509
daily,JPM,2026-08-14,1530,2026-12-18,0.3452054795,366.6547851545,375.0000000000,0.2241042708
daily,JPM,2026-08-14,1530,2026-12-18,0.3452054795,366.6547851545,380.0000000000,0.2200669748
daily,JPM,2026-08-14,1530,2026-12-18,0.3452054795,366.6547851545,385.0000000000,0.2196849786
daily,JPM,2026-08-14,1530,2026-12-18,0.3452054795,366.6547851545,390.0000000000,0.2169690877
daily,JPM,2026-08-14,1530,2026-12-18,0.3452054795,366.6547851545,395.0000000000,0.2156051706
daily,JPM,2026-08-14,1530,2026-12-18,0.3452054795,366.6547851545,400.0000000000,0.2157865350
daily,JPM,2026-08-14,1530,2026-12-18,0.3452054795,366.6547851545,405.0000000000,0.2137454590
daily,JPM,2026-08-14,1530,2026-12-18,0.3452054795,366.6547851545,410.0000000000,0.2126144045
daily,JPM,2026-08-14,1530,2026-12-18,0.3452054795,366.6547851545,415.0000000000,0.2123168416
daily,JPM,2026-08-14,1530,2026-12-18,0.3452054795,366.6547851545,420.0000000000,0.2126050608
daily,JPM,2026-08-14,1530,2026-12-18,0.3452054795,366.6547851545,430.0000000000,0.2129170291
daily,JPM,2026-08-14,1530,2027-01-15,0.4219178082,367.1907874112,250.0000000000,0.3354917555
daily,JPM,2026-08-14,1530,2027-01-15,0.4219178082,367.1907874112,260.0000000000,0.3216282232
daily,JPM,2026-08-14,1530,2027-01-15,0.4219178082,367.1907874112,280.0000000000,0.2979665958
daily,JPM,2026-08-14,1530,2027-01-15,0.4219178082,367.1907874112,290.0000000000,0.2899498419
daily,JPM,2026-08-14,1530,2027-01-15,0.4219178082,367.1907874112,300.0000000000,0.2768282877
daily,JPM,2026-08-14,1530,2027-01-15,0.4219178082,367.1907874112,310.0000000000,0.2712266047
daily,JPM,2026-08-14,1530,2027-01-15,0.4219178082,367.1907874112,320.0000000000,0.2637696342
daily,JPM,2026-08-14,1530,2027-01-15,0.4219178082,367.1907874112,330.0000000000,0.2581470420
daily,JPM,2026-08-14,1530,2027-01-15,0.4219178082,367.1907874112,340.0000000000,0.2496461944
daily,JPM,2026-08-14,1530,2027-01-15,0.4219178082,367.1907874112,350.0000000000,0.2437082976
daily,JPM,2026-08-14,1530,2027-01-15,0.4219178082,367.1907874112,360.0000000000,0.2407514398
daily,JPM,2026-08-14,1530,2027-01-15,0.4219178082,367.1907874112,370.0000000000,0.2349790418
daily,JPM,2026-08-14,1530,2027-01-15,0.4219178082,367.1907874112,380.0000000000,0.2313052884
daily,JPM,2026-08-14,1530,2027-01-15,0.4219178082,367.1907874112,390.0000000000,0.2276383544
daily,JPM,2026-08-14,1530,2027-01-15,0.4219178082,367.1907874112,400.0000000000,0.2265197866
daily,JPM,2026-08-14,1530,2027-01-15,0.4219178082,367.1907874112,410.0000000000,0.2211021328
daily,JPM,2026-08-14,1530,2027-01-15,0.4219178082,367.1907874112,420.0000000000,0.2208411762
daily,JPM,2026-08-14,1530,2027-01-15,0.4219178082,367.1907874112,430.0000000000,0.2188276957
daily,JPM,2026-08-14,1530,2027-01-15,0.4219178082,367.1907874112,440.0000000000,0.2166847678
daily,JPM,2026-08-14,1530,2027-01-15,0.4219178082,367.1907874112,450.0000000000,0.2176487845
daily,JPM,2026-08-14,1530,2027-03-19,0.5945205479,369.5283410916,275.0000000000,0.2963039569
daily,JPM,2026-08-14,1530,2027-03-19,0.5945205479,369.5283410916,280.0000000000,0.2926876285
daily,JPM,2026-08-14,1530,2027-03-19,0.5945205479,369.5283410916,285.0000000000,0.2880299356
daily,JPM,2026-08-14,1530,2027-03-19,0.5945205479,369.5283410916,290.0000000000,0.2824844903
daily,JPM,2026-08-14,1530,2027-03-19,0.5945205479,369.5283410916,295.0000000000,0.2778328657
daily,JPM,2026-08-14,1530,2027-03-19,0.5945205479,369.5283410916,300.0000000000,0.2752132661
daily,JPM,2026-08-14,1530,2027-03-19,0.5945205479,369.5283410916,305.0000000000,0.2718794263
daily,JPM,2026-08-14,1530,2027-03-19,0.5945205479,369.5283410916,310.0000000000,0.2703102599
daily,JPM,2026-08-14,1530,2027-03-19,0.5945205479,369.5283410916,315.0000000000,0.2674339131
daily,JPM,2026-08-14,1530,2027-03-19,0.5945205479,369.5283410916,320.0000000000,0.2634114251
daily,JPM,2026-08-14,1530,2027-03-19,0.5945205479,369.5283410916,325.0000000000,0.2602542524
daily,JPM,2026-08-14,1530,2027-03-19,0.5945205479,369.5283410916,330.0000000000,0.2559670801
daily,JPM,2026-08-14,1530,2027-03-19,0.5945205479,369.5283410916,335.0000000000,0.2550367374
daily,JPM,2026-08-14,1530,2027-03-19,0.5945205479,369.5283410916,340.0000000000,0.2527770072
daily,JPM,2026-08-14,1530,2027-03-19,0.5945205479,369.5283410916,345.0000000000,0.2501822942
daily,JPM,2026-08-14,1530,2027-03-19,0.5945205479,369.5283410916,350.0000000000,0.2466791273
daily,JPM,2026-08-14,1530,2027-03-19,0.5945205479,369.5283410916,355.0000000000,0.2458806770
daily,JPM,2026-08-14,1530,2027-03-19,0.5945205479,369.5283410916,360.0000000000,0.2439247282
daily,JPM,2026-08-14,1530,2027-03-19,0.5945205479,369.5283410916,365.0000000000,0.2410513419
daily,JPM,2026-08-14,1530,2027-03-19,0.5945205479,369.5283410916,370.0000000000,0.2369477861
daily,JPM,2026-08-14,1530,2027-03-19,0.5945205479,369.5283410916,375.0000000000,0.2368422012
daily,JPM,2026-08-14,1530,2027-03-19,0.5945205479,369.5283410916,380.0000000000,0.2354722946
daily,JPM,2026-08-14,1530,2027-03-19,0.5945205479,369.5283410916,385.0000000000,0.2328441024
daily,JPM,2026-08-14,1530,2027-03-19,0.5945205479,369.5283410916,390.0000000000,0.2324568320
daily,JPM,2026-08-14,1530,2027-03-19,0.5945205479,369.5283410916,395.0000000000,0.2308473838
daily,JPM,2026-08-14,1530,2027-03-19,0.5945205479,369.5283410916,400.0000000000,0.2295052516
daily,JPM,2026-08-14,1530,2027-03-19,0.5945205479,369.5283410916,405.0000000000,0.2269117995
daily,JPM,2026-08-14,1530,2027-03-19,0.5945205479,369.5283410916,410.0000000000,0.2255854835
daily,JPM,2026-08-14,1530,2027-03-19,0.5945205479,369.5283410916,415.0000000000,0.2252946727
daily,JPM,2026-08-14,1530,2027-03-19,0.5945205479,369.5283410916,420.0000000000,0.2249695292
daily,JPM,2026-08-14,1530,2027-03-19,0.5945205479,369.5283410916,425.0000000000,0.2235003601
daily,JPM,2026-08-14,1530,2027-03-19,0.5945205479,369.5283410916,430.0000000000,0.2207656118
daily,JPM,2026-08-14,1530,2027-03-19,0.5945205479,369.5283410916,435.0000000000,0.2224385406
daily,JPM,2026-08-14,1530,2027-03-19,0.5945205479,369.5283410916,440.0000000000,0.2240066992
daily,JPM,2026-08-14,1530,2027-03-19,0.5945205479,369.5283410916,445.0000000000,0.2247381038
daily,JPM,2026-08-14,1530,2027-03-19,0.5945205479,369.5283410916,460.0000000000,0.2209656097
daily,JPM,2026-08-14,1530,2027-03-19,0.5945205479,369.5283410916,470.0000000000,0.2212239365
daily,JPM,2026-08-14,1530,2027-06-17,0.8410958904,372.1188528000,240.0000000000,0.3289018231
daily,JPM,2026-08-14,1530,2027-06-17,0.8410958904,372.1188528000,250.0000000000,0.3191438488
daily,JPM,2026-08-14,1530,2027-06-17,0.8410958904,372.1188528000,255.0000000000,0.3134132205
daily,JPM,2026-08-14,1530,2027-06-17,0.8410958904,372.1188528000,260.0000000000,0.3095565890
daily,JPM,2026-08-14,1530,2027-06-17,0.8410958904,372.1188528000,265.0000000000,0.3049909667
daily,JPM,2026-08-14,1530,2027-06-17,0.8410958904,372.1188528000,270.0000000000,0.2998140969
daily,JPM,2026-08-14,1530,2027-06-17,0.8410958904,372.1188528000,275.0000000000,0.2980260963
daily,JPM,2026-08-14,1530,2027-06-17,0.8410958904,372.1188528000,280.0000000000,0.2952737080
daily,JPM,2026-08-14,1530,2027-06-17,0.8410958904,372.1188528000,285.0000000000,0.2916953330
daily,JPM,2026-08-14,1530,2027-06-17,0.8410958904,372.1188528000,290.0000000000,0.2880026584
daily,JPM,2026-08-14,1530,2027-06-17,0.8410958904,372.1188528000,295.0000000000,0.2836013998
daily,JPM,2026-08-14,1530,2027-06-17,0.8410958904,372.1188528000,300.0000000000,0.2785634873
daily,JPM,2026-08-14,1530,2027-06-17,0.8410958904,372.1188528000,305.0000000000,0.2770358982
daily,JPM,2026-08-14,1530,2027-06-17,0.8410958904,372.1188528000,310.0000000000,0.2745795611
daily,JPM,2026-08-14,1530,2027-06-17,0.8410958904,372.1188528000,315.0000000000,0.2712938778
daily,JPM,2026-08-14,1530,2027-06-17,0.8410958904,372.1188528000,320.0000000000,0.2690537011
daily,JPM,2026-08-14,1530,2027-06-17,0.8410958904,372.1188528000,330.0000000000,0.2632655965
daily,JPM,2026-08-14,1530,2027-06-17,0.8410958904,372.1188528000,340.0000000000,0.2590524682
daily,JPM,2026-08-14,1530,2027-06-17,0.8410958904,372.1188528000,350.0000000000,0.2553119347
daily,JPM,2026-08-14,1530,2027-06-17,0.8410958904,372.1188528000,360.0000000000,0.2516339955
daily,JPM,2026-08-14,1530,2027-06-17,0.8410958904,372.1188528000,370.0000000000,0.2484583365
daily,JPM,2026-08-14,1530,2027-06-17,0.8410958904,372.1188528000,380.0000000000,0.2474369791
daily,JPM,2026-08-14,1530,2027-06-17,0.8410958904,372.1188528000,390.0000000000,0.2431780167
daily,JPM,2026-08-14,1530,2027-06-17,0.8410958904,372.1188528000,400.0000000000,0.2406200021
daily,JPM,2026-08-14,1530,2027-06-17,0.8410958904,372.1188528000,410.0000000000,0.2383001361
daily,JPM,2026-08-14,1530,2027-06-17,0.8410958904,372.1188528000,420.0000000000,0.2359846146
daily,JPM,2026-08-14,1530,2027-06-17,0.8410958904,372.1188528000,430.0000000000,0.2356995156
daily,JPM,2026-08-14,1530,2027-06-17,0.8410958904,372.1188528000,440.0000000000,0.2324518316
daily,JPM,2026-08-14,1530,2027-06-17,0.8410958904,372.1188528000,450.0000000000,0.2312183511
daily,JPM,2026-08-14,1530,2027-06-17,0.8410958904,372.1188528000,460.0000000000,0.2328382598
daily,JPM,2026-08-14,1530,2027-06-17,0.8410958904,372.1188528000,470.0000000000,0.2321173298
daily,JPM,2026-08-14,1530,2027-06-17,0.8410958904,372.1188528000,480.0000000000,0.2321672040
daily,JPM,2026-08-14,1530,2027-06-17,0.8410958904,372.1188528000,490.0000000000,0.2297227620
daily,JPM,2026-08-14,1530,2027-12-17,1.3424657534,377.5338575366,230.0000000000,0.3266462002
daily,JPM,2026-08-14,1530,2027-12-17,1.3424657534,377.5338575366,250.0000000000,0.3139237690
daily,JPM,2026-08-14,1530,2027-12-17,1.3424657534,377.5338575366,270.0000000000,0.2965243943
daily,JPM,2026-08-14,1530,2027-12-17,1.3424657534,377.5338575366,290.0000000000,0.2848780131
daily,JPM,2026-08-14,1530,2027-12-17,1.3424657534,377.5338575366,300.0000000000,0.2831909261
daily,JPM,2026-08-14,1530,2027-12-17,1.3424657534,377.5338575366,310.0000000000,0.2790717340
daily,JPM,2026-08-14,1530,2027-12-17,1.3424657534,377.5338575366,320.0000000000,0.2743382384
daily,JPM,2026-08-14,1530,2027-12-17,1.3424657534,377.5338575366,330.0000000000,0.2676798970
daily,JPM,2026-08-14,1530,2027-12-17,1.3424657534,377.5338575366,340.0000000000,0.2662156545
daily,JPM,2026-08-14,1530,2027-12-17,1.3424657534,377.5338575366,350.0000000000,0.2625625104
daily,JPM,2026-08-14,1530,2027-12-17,1.3424657534,377.5338575366,360.0000000000,0.2592551239
daily,JPM,2026-08-14,1530,2027-12-17,1.3424657534,377.5338575366,370.0000000000,0.2563108041
daily,JPM,2026-08-14,1530,2027-12-17,1.3424657534,377.5338575366,380.0000000000,0.2538354371
daily,JPM,2026-08-14,1530,2027-12-17,1.3424657534,377.5338575366,390.0000000000,0.2527476922
daily,JPM,2026-08-14,1530,2027-12-17,1.3424657534,377.5338575366,400.0000000000,0.2513280200
daily,JPM,2026-08-14,1530,2027-12-17,1.3424657534,377.5338575366,410.0000000000,0.2480274234
daily,JPM,2026-08-14,1530,2027-12-17,1.3424657534,377.5338575366,420.0000000000,0.2466900979
daily,JPM,2026-08-14,1530,2027-12-17,1.3424657534,377.5338575366,430.0000000000,0.2445559882
daily,JPM,2026-08-14,1530,2027-12-17,1.3424657534,377.5338575366,440.0000000000,0.2427163844
daily,JPM,2026-08-14,1530,2027-12-17,1.3424657534,377.5338575366,450.0000000000,0.2416410932
daily,JPM,2026-08-14,1530,2027-12-17,1.3424657534,377.5338575366,460.0000000000,0.2403086968
daily,JPM,2026-08-14,1530,2027-12-17,1.3424657534,377.5338575366,470.0000000000,0.2390316733
daily,JPM,2026-08-14,1530,2027-12-17,1.3424657534,377.5338575366,480.0000000000,0.2373895870
daily,JPM,2026-08-14,1530,2027-12-17,1.3424657534,377.5338575366,500.0000000000,0.2346816003
daily,JPM,2026-08-14,1530,2028-01-21,1.4383561644,378.4875922851,230.0000000000,0.3260134785
daily,JPM,2026-08-14,1530,2028-01-21,1.4383561644,378.4875922851,240.0000000000,0.3193377764
daily,JPM,2026-08-14,1530,2028-01-21,1.4383561644,378.4875922851,250.0000000000,0.3109064917
daily,JPM,2026-08-14,1530,2028-01-21,1.4383561644,378.4875922851,260.0000000000,0.3060381159
daily,JPM,2026-08-14,1530,2028-01-21,1.4383561644,378.4875922851,270.0000000000,0.2991773404
daily,JPM,2026-08-14,1530,2028-01-21,1.4383561644,378.4875922851,280.0000000000,0.2950414745
daily,JPM,2026-08-14,1530,2028-01-21,1.4383561644,378.4875922851,290.0000000000,0.2903735891
daily,JPM,2026-08-14,1530,2028-01-21,1.4383561644,378.4875922851,300.0000000000,0.2838374998
daily,JPM,2026-08-14,1530,2028-01-21,1.4383561644,378.4875922851,310.0000000000,0.2807458420
daily,JPM,2026-08-14,1530,2028-01-21,1.4383561644,378.4875922851,320.0000000000,0.2761926026
daily,JPM,2026-08-14,1530,2028-01-21,1.4383561644,378.4875922851,330.0000000000,0.2719135955
daily,JPM,2026-08-14,1530,2028-01-21,1.4383561644,378.4875922851,340.0000000000,0.2685516051
daily,JPM,2026-08-14,1530,2028-01-21,1.4383561644,378.4875922851,350.0000000000,0.2650682294
daily,JPM,2026-08-14,1530,2028-01-21,1.4383561644,378.4875922851,360.0000000000,0.2613844716
daily,JPM,2026-08-14,1530,2028-01-21,1.4383561644,378.4875922851,370.0000000000,0.2584876986
daily,JPM,2026-08-14,1530,2028-01-21,1.4383561644,378.4875922851,380.0000000000,0.2578021006
daily,JPM,2026-08-14,1530,2028-01-21,1.4383561644,378.4875922851,390.0000000000,0.2552818585
daily,JPM,2026-08-14,1530,2028-01-21,1.4383561644,378.4875922851,400.0000000000,0.2509972582
daily,JPM,2026-08-14,1530,2028-01-21,1.4383561644,378.4875922851,410.0000000000,0.2493520360
daily,JPM,2026-08-14,1530,2028-01-21,1.4383561644,378.4875922851,420.0000000000,0.2475185347
daily,JPM,2026-08-14,1530,2028-01-21,1.4383561644,378.4875922851,430.0000000000,0.2456565669
daily,JPM,2026-08-14,1530,2028-01-21,1.4383561644,378.4875922851,440.0000000000,0.2443588620
daily,JPM,2026-08-14,1530,2028-01-21,1.4383561644,378.4875922851,450.0000000000,0.2433301864
daily,JPM,2026-08-14,1530,2028-01-21,1.4383561644,378.4875922851,460.0000000000,0.2425257700
daily,JPM,2026-08-14,1530,2028-01-21,1.4383561644,378.4875922851,470.0000000000,0.2420810737
daily,JPM,2026-08-14,1530,2028-01-21,1.4383561644,378.4875922851,480.0000000000,0.2406703773
daily,JPM,2026-08-14,1530,2028-01-21,1.4383561644,378.4875922851,490.0000000000,0.2381624045
daily,JPM,2026-08-14,1530,2028-01-21,1.4383561644,378.4875922851,500.0000000000,0.2390339527
daily,JPM,2026-08-14,1530,2028-01-21,1.4383561644,378.4875922851,520.0000000000,0.2411065323
daily,JPM,2026-08-17,1530,2026-08-21,0.0109589041,363.0195407913,345.0000000000,0.2742534891
daily,JPM,2026-08-17,1530,2026-08-21,0.0109589041,363.0195407913,350.0000000000,0.2461377275
daily,JPM,2026-08-17,1530,2026-08-21,0.0109589041,363.0195407913,352.5000000000,0.2376054975
daily,JPM,2026-08-17,1530,2026-08-21,0.0109589041,363.0195407913,355.0000000000,0.2258864753
daily,JPM,2026-08-17,1530,2026-08-21,0.0109589041,363.0195407913,357.5000000000,0.2205117625
daily,JPM,2026-08-17,1530,2026-08-21,0.0109589041,363.0195407913,360.0000000000,0.2132495146
daily,JPM,2026-08-17,1530,2026-08-21,0.0109589041,363.0195407913,362.5000000000,0.2115823179
daily,JPM,2026-08-17,1530,2026-08-21,0.0109589041,363.0195407913,365.0000000000,0.2084955449
daily,JPM,2026-08-17,1530,2026-08-21,0.0109589041,363.0195407913,367.5000000000,0.2061979025
daily,JPM,2026-08-17,1530,2026-08-21,0.0109589041,363.0195407913,370.0000000000,0.2032712763
daily,JPM,2026-08-17,1530,2026-08-21,0.0109589041,363.0195407913,372.5000000000,0.2041141796
daily,JPM,2026-08-17,1530,2026-08-21,0.0109589041,363.0195407913,380.0000000000,0.2148752966
daily,JPM,2026-08-17,1530,2026-08-28,0.0301369863,363.2206258167,355.0000000000,0.2020385402
daily,JPM,2026-08-17,1530,2026-08-28,0.0301369863,363.2206258167,357.5000000000,0.1995540856
daily,JPM,2026-08-17,1530,2026-08-28,0.0301369863,363.2206258167,360.0000000000,0.2021649929
daily,JPM,2026-08-17,1530,2026-08-28,0.0301369863,363.2206258167,362.5000000000,0.1968798612
daily,JPM,2026-08-17,1530,2026-08-28,0.0301369863,363.2206258167,365.0000000000,0.1949807696
daily,JPM,2026-08-17,1530,2026-08-28,0.0301369863,363.2206258167,367.5000000000,0.1947815353
daily,JPM,2026-08-17,1530,2026-08-28,0.0301369863,363.2206258167,370.0000000000,0.1937325867
daily,JPM,2026-08-17,1530,2026-08-28,0.0301369863,363.2206258167,372.5000000000,0.1944892957
daily,JPM,2026-08-17,1530,2026-09-04,0.0493150685,363.8153684722,350.0000000000,0.2104630720
daily,JPM,2026-08-17,1530,2026-09-04,0.0493150685,363.8153684722,355.0000000000,0.2038684162
daily,JPM,2026-08-17,1530,2026-09-04,0.0493150685,363.8153684722,360.0000000000,0.2013627589
daily,JPM,2026-08-17,1530,2026-09-04,0.0493150685,363.8153684722,362.5000000000,0.1980376203
daily,JPM,2026-08-17,1530,2026-09-04,0.0493150685,363.8153684722,365.0000000000,0.1921305959
daily,JPM,2026-08-17,1530,2026-09-04,0.0493150685,363.8153684722,367.5000000000,0.1937271653
daily,JPM,2026-08-17,1530,2026-09-04,0.0493150685,363.8153684722,370.0000000000,0.1903678267
daily,JPM,2026-08-17,1530,2026-09-04,0.0493150685,363.8153684722,372.5000000000,0.1921157208
daily,JPM,2026-08-17,1530,2026-09-04,0.0493150685,363.8153684722,375.0000000000,0.1889415967
daily,JPM,2026-08-17,1530,2026-09-11,0.0684931507,363.8295941891,350.0000000000,0.2014870585
daily,JPM,2026-08-17,1530,2026-09-11,0.0684931507,363.8295941891,355.0000000000,0.1982688809
daily,JPM,2026-08-17,1530,2026-09-11,0.0684931507,363.8295941891,360.0000000000,0.1953449154
daily,JPM,2026-08-17,1530,2026-09-11,0.0684931507,363.8295941891,365.0000000000,0.1913526409
daily,JPM,2026-08-17,1530,2026-09-11,0.0684931507,363.8295941891,370.0000000000,0.1893368210
daily,JPM,2026-08-17,1530,2026-09-11,0.0684931507,363.8295941891,375.0000000000,0.1864574082
daily,JPM,2026-08-17,1530,2026-09-11,0.0684931507,363.8295941891,380.0000000000,0.1849619831
daily,JPM,2026-08-17,1530,2026-09-18,0.0876712329,364.1161859650,315.0000000000,0.2504351366
daily,JPM,2026-08-17,1530,2026-09-18,0.0876712329,364.1161859650,320.0000000000,0.2406325410
daily,JPM,2026-08-17,1530,2026-09-18,0.0876712329,364.1161859650,325.0000000000,0.2354462080
daily,JPM,2026-08-17,1530,2026-09-18,0.0876712329,364.1161859650,330.0000000000,0.2252376879
daily,JPM,2026-08-17,1530,2026-09-18,0.0876712329,364.1161859650,335.0000000000,0.2238691866
daily,JPM,2026-08-17,1530,2026-09-18,0.0876712329,364.1161859650,340.0000000000,0.2167208664
daily,JPM,2026-08-17,1530,2026-09-18,0.0876712329,364.1161859650,345.0000000000,0.2108547567
daily,JPM,2026-08-17,1530,2026-09-18,0.0876712329,364.1161859650,350.0000000000,0.2040009700
daily,JPM,2026-08-17,1530,2026-09-18,0.0876712329,364.1161859650,355.0000000000,0.2024451826
daily,JPM,2026-08-17,1530,2026-09-18,0.0876712329,364.1161859650,360.0000000000,0.1984108323
daily,JPM,2026-08-17,1530,2026-09-18,0.0876712329,364.1161859650,365.0000000000,0.1922905856
daily,JPM,2026-08-17,1530,2026-09-18,0.0876712329,364.1161859650,370.0000000000,0.1903975957
daily,JPM,2026-08-17,1530,2026-09-18,0.0876712329,364.1161859650,375.0000000000,0.1898905654
daily,JPM,2026-08-17,1530,2026-09-18,0.0876712329,364.1161859650,380.0000000000,0.1860663910
daily,JPM,2026-08-17,1530,2026-09-18,0.0876712329,364.1161859650,385.0000000000,0.1869066941
daily,JPM,2026-08-17,1530,2026-09-18,0.0876712329,364.1161859650,390.0000000000,0.1848764275
daily,JPM,2026-08-17,1530,2026-09-18,0.0876712329,364.1161859650,395.0000000000,0.1849119488
daily,JPM,2026-08-17,1530,2026-09-18,0.0876712329,364.1161859650,400.0000000000,0.1877138528
daily,JPM,2026-08-17,1530,2026-09-18,0.0876712329,364.1161859650,405.0000000000,0.1868304511
daily,JPM,2026-08-17,1530,2026-09-25,0.1068493151,364.6957178853,315.5013579784,0.2268495630
daily,JPM,2026-08-17,1530,2026-09-25,0.1068493151,364.6957178853,320.5093160416,0.2179701598
daily,JPM,2026-08-17,1530,2026-09-25,0.1068493151,364.6957178853,325.5172741047,0.2132722673
daily,JPM,2026-08-17,1530,2026-09-25,0.1068493151,364.6957178853,350.0000000000,0.2092698529
daily,JPM,2026-08-17,1530,2026-09-25,0.1068493151,364.6957178853,355.0000000000,0.2016150559
daily,JPM,2026-08-17,1530,2026-09-25,0.1068493151,364.6957178853,360.0000000000,0.1993314584
daily,JPM,2026-08-17,1530,2026-09-25,0.1068493151,364.6957178853,365.0000000000,0.1946733324
daily,JPM,2026-08-17,1530,2026-09-25,0.1068493151,364.6957178853,370.0000000000,0.1970194568
daily,JPM,2026-08-17,1530,2026-10-02,0.1260273973,365.2608927868,315.9902955780,0.2088773431
daily,JPM,2026-08-17,1530,2026-10-02,0.1260273973,365.2608927868,355.0000000000,0.2069926052
daily,JPM,2026-08-17,1530,2026-10-02,0.1260273973,365.2608927868,360.0000000000,0.2039141934
daily,JPM,2026-08-17,1530,2026-10-02,0.1260273973,365.2608927868,365.0000000000,0.2027106074
daily,JPM,2026-08-17,1530,2026-10-02,0.1260273973,365.2608927868,370.0000000000,0.2013636950
daily,JPM,2026-08-17,1530,2026-10-02,0.1260273973,365.2608927868,375.0000000000,0.1924083499
daily,JPM,2026-08-17,1530,2026-10-02,0.1260273973,365.2608927868,385.0000000000,0.1863465963
daily,JPM,2026-08-17,1530,2026-10-16,0.1643835616,364.0141747352,295.0000000000,0.2989824211
daily,JPM,2026-08-17,1530,2026-10-16,0.1643835616,364.0141747352,300.0000000000,0.2910510007
daily,JPM,2026-08-17,1530,2026-10-16,0.1643835616,364.0141747352,305.0000000000,0.2835573973
daily,JPM,2026-08-17,1530,2026-10-16,0.1643835616,364.0141747352,325.0000000000,0.2603461704
daily,JPM,2026-08-17,1530,2026-10-16,0.1643835616,364.0141747352,330.0000000000,0.2558756338
daily,JPM,2026-08-17,1530,2026-10-16,0.1643835616,364.0141747352,335.0000000000,0.2508497893
daily,JPM,2026-08-17,1530,2026-10-16,0.1643835616,364.0141747352,340.0000000000,0.2458143253
daily,JPM,2026-08-17,1530,2026-10-16,0.1643835616,364.0141747352,345.0000000000,0.2419708628
daily,JPM,2026-08-17,1530,2026-10-16,0.1643835616,364.0141747352,350.0000000000,0.2375943160
daily,JPM,2026-08-17,1530,2026-10-16,0.1643835616,364.0141747352,355.0000000000,0.2328324170
daily,JPM,2026-08-17,1530,2026-10-16,0.1643835616,364.0141747352,360.0000000000,0.2320765824
daily,JPM,2026-08-17,1530,2026-10-16,0.1643835616,364.0141747352,365.0000000000,0.2263769065
daily,JPM,2026-08-17,1530,2026-10-16,0.1643835616,364.0141747352,370.0000000000,0.2236038082
daily,JPM,2026-08-17,1530,2026-10-16,0.1643835616,364.0141747352,375.0000000000,0.2218269477
daily,JPM,2026-08-17,1530,2026-10-16,0.1643835616,364.0141747352,380.0000000000,0.2165201165
daily,JPM,2026-08-17,1530,2026-10-16,0.1643835616,364.0141747352,385.0000000000,0.2177738875
daily,JPM,2026-08-17,1530,2026-10-16,0.1643835616,364.0141747352,390.0000000000,0.2140564850
daily,JPM,2026-08-17,1530,2026-10-16,0.1643835616,364.0141747352,395.0000000000,0.2138501740
daily,JPM,2026-08-17,1530,2026-10-16,0.1643835616,364.0141747352,400.0000000000,0.2149736553
daily,JPM,2026-08-17,1530,2026-10-16,0.1643835616,364.0141747352,405.0000000000,0.2166184043
daily,JPM,2026-08-17,1530,2026-10-16,0.1643835616,364.0141747352,415.0000000000,0.2163477890
daily,JPM,2026-08-17,1530,2026-11-20,0.2602739726,365.4080167126,290.0000000000,0.2923374490
daily,JPM,2026-08-17,1530,2026-11-20,0.2602739726,365.4080167126,300.0000000000,0.2804936765
daily,JPM,2026-08-17,1530,2026-11-20,0.2602739726,365.4080167126,305.0000000000,0.2777918530
daily,JPM,2026-08-17,1530,2026-11-20,0.2602739726,365.4080167126,320.0000000000,0.2597017800
daily,JPM,2026-08-17,1530,2026-11-20,0.2602739726,365.4080167126,325.0000000000,0.2540612699
daily,JPM,2026-08-17,1530,2026-11-20,0.2602739726,365.4080167126,330.0000000000,0.2499883323
daily,JPM,2026-08-17,1530,2026-11-20,0.2602739726,365.4080167126,335.0000000000,0.2476444475
daily,JPM,2026-08-17,1530,2026-11-20,0.2602739726,365.4080167126,340.0000000000,0.2435634588
daily,JPM,2026-08-17,1530,2026-11-20,0.2602739726,365.4080167126,345.0000000000,0.2399193623
daily,JPM,2026-08-17,1530,2026-11-20,0.2602739726,365.4080167126,350.0000000000,0.2362110963
daily,JPM,2026-08-17,1530,2026-11-20,0.2602739726,365.4080167126,355.0000000000,0.2343481303
daily,JPM,2026-08-17,1530,2026-11-20,0.2602739726,365.4080167126,360.0000000000,0.2315846190
daily,JPM,2026-08-17,1530,2026-11-20,0.2602739726,365.4080167126,365.0000000000,0.2287249668
daily,JPM,2026-08-17,1530,2026-11-20,0.2602739726,365.4080167126,370.0000000000,0.2243359466
daily,JPM,2026-08-17,1530,2026-11-20,0.2602739726,365.4080167126,375.0000000000,0.2219664634
daily,JPM,2026-08-17,1530,2026-11-20,0.2602739726,365.4080167126,380.0000000000,0.2192769502
daily,JPM,2026-08-17,1530,2026-11-20,0.2602739726,365.4080167126,385.0000000000,0.2192633718
daily,JPM,2026-08-17,1530,2026-11-20,0.2602739726,365.4080167126,390.0000000000,0.2168964735
daily,JPM,2026-08-17,1530,2026-11-20,0.2602739726,365.4080167126,395.0000000000,0.2168272571
daily,JPM,2026-08-17,1530,2026-11-20,0.2602739726,365.4080167126,400.0000000000,0.2136554524
daily,JPM,2026-08-17,1530,2026-11-20,0.2602739726,365.4080167126,405.0000000000,0.2132177894
daily,JPM,2026-08-17,1530,2026-11-20,0.2602739726,365.4080167126,410.0000000000,0.2164680844
daily,JPM,2026-08-17,1530,2026-12-18,0.3369863014,366.7007611626,285.0000000000,0.2914206571
daily,JPM,2026-08-17,1530,2026-12-18,0.3369863014,366.7007611626,290.0000000000,0.2841374250
daily,JPM,2026-08-17,1530,2026-12-18,0.3369863014,366.7007611626,295.0000000000,0.2791358993
daily,JPM,2026-08-17,1530,2026-12-18,0.3369863014,366.7007611626,300.0000000000,0.2746002539
daily,JPM,2026-08-17,1530,2026-12-18,0.3369863014,366.7007611626,305.0000000000,0.2684002154
daily,JPM,2026-08-17,1530,2026-12-18,0.3369863014,366.7007611626,310.0000000000,0.2637848548
daily,JPM,2026-08-17,1530,2026-12-18,0.3369863014,366.7007611626,315.0000000000,0.2606030224
daily,JPM,2026-08-17,1530,2026-12-18,0.3369863014,366.7007611626,320.0000000000,0.2554296600
daily,JPM,2026-08-17,1530,2026-12-18,0.3369863014,366.7007611626,325.0000000000,0.2540837853
daily,JPM,2026-08-17,1530,2026-12-18,0.3369863014,366.7007611626,330.0000000000,0.2504183536
daily,JPM,2026-08-17,1530,2026-12-18,0.3369863014,366.7007611626,335.0000000000,0.2478134268
daily,JPM,2026-08-17,1530,2026-12-18,0.3369863014,366.7007611626,340.0000000000,0.2444571671
daily,JPM,2026-08-17,1530,2026-12-18,0.3369863014,366.7007611626,345.0000000000,0.2416123122
daily,JPM,2026-08-17,1530,2026-12-18,0.3369863014,366.7007611626,350.0000000000,0.2396363802
daily,JPM,2026-08-17,1530,2026-12-18,0.3369863014,366.7007611626,355.0000000000,0.2368528223
daily,JPM,2026-08-17,1530,2026-12-18,0.3369863014,366.7007611626,360.0000000000,0.2341961270
daily,JPM,2026-08-17,1530,2026-12-18,0.3369863014,366.7007611626,365.0000000000,0.2317932699
daily,JPM,2026-08-17,1530,2026-12-18,0.3369863014,366.7007611626,370.0000000000,0.2286232714
daily,JPM,2026-08-17,1530,2026-12-18,0.3369863014,366.7007611626,375.0000000000,0.2248966620
daily,JPM,2026-08-17,1530,2026-12-18,0.3369863014,366.7007611626,380.0000000000,0.2242809133
daily,JPM,2026-08-17,1530,2026-12-18,0.3369863014,366.7007611626,385.0000000000,0.2234915573
daily,JPM,2026-08-17,1530,2026-12-18,0.3369863014,366.7007611626,390.0000000000,0.2203265648
daily,JPM,2026-08-17,1530,2026-12-18,0.3369863014,366.7007611626,395.0000000000,0.2192400241
daily,JPM,2026-08-17,1530,2026-12-18,0.3369863014,366.7007611626,400.0000000000,0.2157273655
daily,JPM,2026-08-17,1530,2026-12-18,0.3369863014,366.7007611626,405.0000000000,0.2176018666
daily,JPM,2026-08-17,1530,2026-12-18,0.3369863014,366.7007611626,410.0000000000,0.2175158944
daily,JPM,2026-08-17,1530,2026-12-18,0.3369863014,366.7007611626,415.0000000000,0.2174604961
daily,JPM,2026-08-17,1530,2026-12-18,0.3369863014,366.7007611626,420.0000000000,0.2165616042
daily,JPM,2026-08-17,1530,2026-12-18,0.3369863014,366.7007611626,430.0000000000,0.2151028127
daily,JPM,2026-08-17,1530,2026-12-18,0.3369863014,366.7007611626,435.0000000000,0.2158234023
daily,JPM,2026-08-17,1530,2027-01-15,0.4136986301,366.9723014691,250.0000000000,0.3331668194
daily,JPM,2026-08-17,1530,2027-01-15,0.4136986301,366.9723014691,260.0000000000,0.3208874572
daily,JPM,2026-08-17,1530,2027-01-15,0.4136986301,366.9723014691,270.0000000000,0.3114384789
daily,JPM,2026-08-17,1530,2027-01-15,0.4136986301,366.9723014691,280.0000000000,0.2990349906
daily,JPM,2026-08-17,1530,2027-01-15,0.4136986301,366.9723014691,290.0000000000,0.2911819893
daily,JPM,2026-08-17,1530,2027-01-15,0.4136986301,366.9723014691,300.0000000000,0.2821306789
daily,JPM,2026-08-17,1530,2027-01-15,0.4136986301,366.9723014691,310.0000000000,0.2735419333
daily,JPM,2026-08-17,1530,2027-01-15,0.4136986301,366.9723014691,320.0000000000,0.2663000197
daily,JPM,2026-08-17,1530,2027-01-15,0.4136986301,366.9723014691,330.0000000000,0.2608314787
daily,JPM,2026-08-17,1530,2027-01-15,0.4136986301,366.9723014691,340.0000000000,0.2545941354
daily,JPM,2026-08-17,1530,2027-01-15,0.4136986301,366.9723014691,350.0000000000,0.2482392407
daily,JPM,2026-08-17,1530,2027-01-15,0.4136986301,366.9723014691,360.0000000000,0.2421415962
daily,JPM,2026-08-17,1530,2027-01-15,0.4136986301,366.9723014691,370.0000000000,0.2327058870
daily,JPM,2026-08-17,1530,2027-01-15,0.4136986301,366.9723014691,380.0000000000,0.2297453520
daily,JPM,2026-08-17,1530,2027-01-15,0.4136986301,366.9723014691,390.0000000000,0.2270341213
daily,JPM,2026-08-17,1530,2027-01-15,0.4136986301,366.9723014691,400.0000000000,0.2241509476
daily,JPM,2026-08-17,1530,2027-01-15,0.4136986301,366.9723014691,410.0000000000,0.2222620931
daily,JPM,2026-08-17,1530,2027-01-15,0.4136986301,366.9723014691,420.0000000000,0.2237046791
daily,JPM,2026-08-17,1530,2027-01-15,0.4136986301,366.9723014691,430.0000000000,0.2192295590
daily,JPM,2026-08-17,1530,2027-01-15,0.4136986301,366.9723014691,440.0000000000,0.2204781736
daily,JPM,2026-08-17,1530,2027-03-19,0.5863013699,369.1506834557,255.0000000000,0.3186566731
daily,JPM,2026-08-17,1530,2027-03-19,0.5863013699,369.1506834557,260.0000000000,0.3104623679
daily,JPM,2026-08-17,1530,2027-03-19,0.5863013699,369.1506834557,265.0000000000,0.3045036873
daily,JPM,2026-08-17,1530,2027-03-19,0.5863013699,369.1506834557,270.0000000000,0.2999269322
daily,JPM,2026-08-17,1530,2027-03-19,0.5863013699,369.1506834557,275.0000000000,0.2944430460
daily,JPM,2026-08-17,1530,2027-03-19,0.5863013699,369.1506834557,280.0000000000,0.2916779248
daily,JPM,2026-08-17,1530,2027-03-19,0.5863013699,369.1506834557,285.0000000000,0.2889934902
daily,JPM,2026-08-17,1530,2027-03-19,0.5863013699,369.1506834557,290.0000000000,0.2851390261
daily,JPM,2026-08-17,1530,2027-03-19,0.5863013699,369.1506834557,295.0000000000,0.2802626731
daily,JPM,2026-08-17,1530,2027-03-19,0.5863013699,369.1506834557,300.0000000000,0.2765083819
daily,JPM,2026-08-17,1530,2027-03-19,0.5863013699,369.1506834557,305.0000000000,0.2717083376
daily,JPM,2026-08-17,1530,2027-03-19,0.5863013699,369.1506834557,310.0000000000,0.2707081842
daily,JPM,2026-08-17,1530,2027-03-19,0.5863013699,369.1506834557,315.0000000000,0.2683100485
daily,JPM,2026-08-17,1530,2027-03-19,0.5863013699,369.1506834557,320.0000000000,0.2646956067
daily,JPM,2026-08-17,1530,2027-03-19,0.5863013699,369.1506834557,325.0000000000,0.2626323499
daily,JPM,2026-08-17,1530,2027-03-19,0.5863013699,369.1506834557,330.0000000000,0.2603174265
daily,JPM,2026-08-17,1530,2027-03-19,0.5863013699,369.1506834557,335.0000000000,0.2582380371
daily,JPM,2026-08-17,1530,2027-03-19,0.5863013699,369.1506834557,340.0000000000,0.2549190567
daily,JPM,2026-08-17,1530,2027-03-19,0.5863013699,369.1506834557,345.0000000000,0.2520738953
daily,JPM,2026-08-17,1530,2027-03-19,0.5863013699,369.1506834557,350.0000000000,0.2502062995
daily,JPM,2026-08-17,1530,2027-03-19,0.5863013699,369.1506834557,355.0000000000,0.2477354858
daily,JPM,2026-08-17,1530,2027-03-19,0.5863013699,369.1506834557,360.0000000000,0.2452713324
daily,JPM,2026-08-17,1530,2027-03-19,0.5863013699,369.1506834557,365.0000000000,0.2427898540
daily,JPM,2026-08-17,1530,2027-03-19,0.5863013699,369.1506834557,370.0000000000,0.2400333309
daily,JPM,2026-08-17,1530,2027-03-19,0.5863013699,369.1506834557,375.0000000000,0.2395105553
daily,JPM,2026-08-17,1530,2027-03-19,0.5863013699,369.1506834557,380.0000000000,0.2377198588
daily,JPM,2026-08-17,1530,2027-03-19,0.5863013699,369.1506834557,385.0000000000,0.2360049964
daily,JPM,2026-08-17,1530,2027-03-19,0.5863013699,369.1506834557,390.0000000000,0.2337881496
daily,JPM,2026-08-17,1530,2027-03-19,0.5863013699,369.1506834557,395.0000000000,0.2325013722
daily,JPM,2026-08-17,1530,2027-03-19,0.5863013699,369.1506834557,400.0000000000,0.2299545733
daily,JPM,2026-08-17,1530,2027-03-19,0.5863013699,369.1506834557,405.0000000000,0.2299633526
daily,JPM,2026-08-17,1530,2027-03-19,0.5863013699,369.1506834557,410.0000000000,0.2288034392
daily,JPM,2026-08-17,1530,2027-03-19,0.5863013699,369.1506834557,415.0000000000,0.2282238240
daily,JPM,2026-08-17,1530,2027-03-19,0.5863013699,369.1506834557,420.0000000000,0.2265942532
daily,JPM,2026-08-17,1530,2027-03-19,0.5863013699,369.1506834557,425.0000000000,0.2258356279
daily,JPM,2026-08-17,1530,2027-03-19,0.5863013699,369.1506834557,430.0000000000,0.2238899868
daily,JPM,2026-08-17,1530,2027-03-19,0.5863013699,369.1506834557,435.0000000000,0.2225915652
daily,JPM,2026-08-17,1530,2027-03-19,0.5863013699,369.1506834557,440.0000000000,0.2239364162
daily,JPM,2026-08-17,1530,2027-03-19,0.5863013699,369.1506834557,450.0000000000,0.2239125861
daily,JPM,2026-08-17,1530,2027-03-19,0.5863013699,369.1506834557,455.0000000000,0.2223271232
daily,JPM,2026-08-17,1530,2027-03-19,0.5863013699,369.1506834557,465.0000000000,0.2226147540
daily,JPM,2026-08-17,1530,2027-03-19,0.5863013699,369.1506834557,470.0000000000,0.2214068861
daily,JPM,2026-08-17,1530,2027-03-19,0.5863013699,369.1506834557,475.0000000000,0.2228306666
daily,JPM,2026-08-17,1530,2027-03-19,0.5863013699,369.1506834557,480.0000000000,0.2235812671
daily,JPM,2026-08-17,1530,2027-03-19,0.5863013699,369.1506834557,485.0000000000,0.2249490932
daily,JPM,2026-08-17,1530,2027-03-19,0.5863013699,369.1506834557,495.0000000000,0.2257065139
daily,JPM,2026-08-17,1530,2027-06-17,0.8328767123,371.8423558208,230.0000000000,0.3321664129
daily,JPM,2026-08-17,1530,2027-06-17,0.8328767123,371.8423558208,240.0000000000,0.3259333393
daily,JPM,2026-08-17,1530,2027-06-17,0.8328767123,371.8423558208,250.0000000000,0.3186882640
daily,JPM,2026-08-17,1530,2027-06-17,0.8328767123,371.8423558208,255.0000000000,0.3161570908
daily,JPM,2026-08-17,1530,2027-06-17,0.8328767123,371.8423558208,260.0000000000,0.3127082077
daily,JPM,2026-08-17,1530,2027-06-17,0.8328767123,371.8423558208,265.0000000000,0.3084881785
daily,JPM,2026-08-17,1530,2027-06-17,0.8328767123,371.8423558208,270.0000000000,0.3036065769
daily,JPM,2026-08-17,1530,2027-06-17,0.8328767123,371.8423558208,275.0000000000,0.2990448358
daily,JPM,2026-08-17,1530,2027-06-17,0.8328767123,371.8423558208,280.0000000000,0.2959923301
daily,JPM,2026-08-17,1530,2027-06-17,0.8328767123,371.8423558208,285.0000000000,0.2921432675
daily,JPM,2026-08-17,1530,2027-06-17,0.8328767123,371.8423558208,290.0000000000,0.2880145954
daily,JPM,2026-08-17,1530,2027-06-17,0.8328767123,371.8423558208,295.0000000000,0.2855188871
daily,JPM,2026-08-17,1530,2027-06-17,0.8328767123,371.8423558208,300.0000000000,0.2821783774
daily,JPM,2026-08-17,1530,2027-06-17,0.8328767123,371.8423558208,305.0000000000,0.2794262472
daily,JPM,2026-08-17,1530,2027-06-17,0.8328767123,371.8423558208,310.0000000000,0.2772532946
daily,JPM,2026-08-17,1530,2027-06-17,0.8328767123,371.8423558208,315.0000000000,0.2742213262
daily,JPM,2026-08-17,1530,2027-06-17,0.8328767123,371.8423558208,320.0000000000,0.2717097873
daily,JPM,2026-08-17,1530,2027-06-17,0.8328767123,371.8423558208,330.0000000000,0.2670038750
daily,JPM,2026-08-17,1530,2027-06-17,0.8328767123,371.8423558208,340.0000000000,0.2619995961
daily,JPM,2026-08-17,1530,2027-06-17,0.8328767123,371.8423558208,350.0000000000,0.2579758976
daily,JPM,2026-08-17,1530,2027-06-17,0.8328767123,371.8423558208,360.0000000000,0.2530597774
daily,JPM,2026-08-17,1530,2027-06-17,0.8328767123,371.8423558208,370.0000000000,0.2499030312
daily,JPM,2026-08-17,1530,2027-06-17,0.8328767123,371.8423558208,380.0000000000,0.2433730972
daily,JPM,2026-08-17,1530,2027-06-17,0.8328767123,371.8423558208,390.0000000000,0.2432792369
daily,JPM,2026-08-17,1530,2027-06-17,0.8328767123,371.8423558208,400.0000000000,0.2399651823
daily,JPM,2026-08-17,1530,2027-06-17,0.8328767123,371.8423558208,410.0000000000,0.2404454258
daily,JPM,2026-08-17,1530,2027-06-17,0.8328767123,371.8423558208,420.0000000000,0.2380416498
daily,JPM,2026-08-17,1530,2027-06-17,0.8328767123,371.8423558208,430.0000000000,0.2349964241
daily,JPM,2026-08-17,1530,2027-06-17,0.8328767123,371.8423558208,440.0000000000,0.2330207354
daily,JPM,2026-08-17,1530,2027-06-17,0.8328767123,371.8423558208,450.0000000000,0.2329758588
daily,JPM,2026-08-17,1530,2027-06-17,0.8328767123,371.8423558208,460.0000000000,0.2329996360
daily,JPM,2026-08-17,1530,2027-06-17,0.8328767123,371.8423558208,470.0000000000,0.2303277853
daily,JPM,2026-08-17,1530,2027-06-17,0.8328767123,371.8423558208,480.0000000000,0.2324239945
daily,JPM,2026-08-17,1530,2027-06-17,0.8328767123,371.8423558208,490.0000000000,0.2325002061
daily,JPM,2026-08-17,1530,2027-06-17,0.8328767123,371.8423558208,500.0000000000,0.2318012200
daily,JPM,2026-08-17,1530,2027-06-17,0.8328767123,371.8423558208,520.0000000000,0.2352231175
daily,JPM,2026-08-17,1530,2027-12-17,1.3342465753,377.2087591445,240.0000000000,0.3200270669
daily,JPM,2026-08-17,1530,2027-12-17,1.3342465753,377.2087591445,250.0000000000,0.3113142815
daily,JPM,2026-08-17,1530,2027-12-17,1.3342465753,377.2087591445,260.0000000000,0.3073916429
daily,JPM,2026-08-17,1530,2027-12-17,1.3342465753,377.2087591445,270.0000000000,0.3012479922
daily,JPM,2026-08-17,1530,2027-12-17,1.3342465753,377.2087591445,280.0000000000,0.2932502371
daily,JPM,2026-08-17,1530,2027-12-17,1.3342465753,377.2087591445,290.0000000000,0.2898208144
daily,JPM,2026-08-17,1530,2027-12-17,1.3342465753,377.2087591445,300.0000000000,0.2841624645
daily,JPM,2026-08-17,1530,2027-12-17,1.3342465753,377.2087591445,310.0000000000,0.2803774231
daily,JPM,2026-08-17,1530,2027-12-17,1.3342465753,377.2087591445,320.0000000000,0.2754243120
daily,JPM,2026-08-17,1530,2027-12-17,1.3342465753,377.2087591445,330.0000000000,0.2712391809
daily,JPM,2026-08-17,1530,2027-12-17,1.3342465753,377.2087591445,340.0000000000,0.2676434029
daily,JPM,2026-08-17,1530,2027-12-17,1.3342465753,377.2087591445,350.0000000000,0.2637959540
daily,JPM,2026-08-17,1530,2027-12-17,1.3342465753,377.2087591445,360.0000000000,0.2602969986
daily,JPM,2026-08-17,1530,2027-12-17,1.3342465753,377.2087591445,370.0000000000,0.2573040051
daily,JPM,2026-08-17,1530,2027-12-17,1.3342465753,377.2087591445,380.0000000000,0.2538379147
daily,JPM,2026-08-17,1530,2027-12-17,1.3342465753,377.2087591445,390.0000000000,0.2509164520
daily,JPM,2026-08-17,1530,2027-12-17,1.3342465753,377.2087591445,400.0000000000,0.2502230934
daily,JPM,2026-08-17,1530,2027-12-17,1.3342465753,377.2087591445,410.0000000000,0.2476341651
daily,JPM,2026-08-17,1530,2027-12-17,1.3342465753,377.2087591445,420.0000000000,0.2447994830
daily,JPM,2026-08-17,1530,2027-12-17,1.3342465753,377.2087591445,430.0000000000,0.2434222509
daily,JPM,2026-08-17,1530,2027-12-17,1.3342465753,377.2087591445,440.0000000000,0.2432987285
daily,JPM,2026-08-17,1530,2027-12-17,1.3342465753,377.2087591445,450.0000000000,0.2418439201
daily,JPM,2026-08-17,1530,2027-12-17,1.3342465753,377.2087591445,460.0000000000,0.2406074767
daily,JPM,2026-08-17,1530,2027-12-17,1.3342465753,377.2087591445,470.0000000000,0.2396079368
daily,JPM,2026-08-17,1530,2027-12-17,1.3342465753,377.2087591445,480.0000000000,0.2392891169
daily,JPM,2026-08-17,1530,2027-12-17,1.3342465753,377.2087591445,490.0000000000,0.2378863188
daily,JPM,2026-08-17,1530,2027-12-17,1.3342465753,377.2087591445,500.0000000000,0.2375034541
daily,JPM,2026-08-17,1530,2027-12-17,1.3342465753,377.2087591445,520.0000000000,0.2372824510
daily,JPM,2026-08-17,1530,2027-12-17,1.3342465753,377.2087591445,540.0000000000,0.2399504705
daily,JPM,2026-08-17,1530,2028-01-21,1.4301369863,378.3485265670,230.0000000000,0.3246612574
daily,JPM,2026-08-17,1530,2028-01-21,1.4301369863,378.3485265670,240.0000000000,0.3191142527
daily,JPM,2026-08-17,1530,2028-01-21,1.4301369863,378.3485265670,250.0000000000,0.3115569013
daily,JPM,2026-08-17,1530,2028-01-21,1.4301369863,378.3485265670,260.0000000000,0.3030453230
daily,JPM,2026-08-17,1530,2028-01-21,1.4301369863,378.3485265670,270.0000000000,0.2932009095
daily,JPM,2026-08-17,1530,2028-01-21,1.4301369863,378.3485265670,280.0000000000,0.2931725203
daily,JPM,2026-08-17,1530,2028-01-21,1.4301369863,378.3485265670,290.0000000000,0.2903877930
daily,JPM,2026-08-17,1530,2028-01-21,1.4301369863,378.3485265670,300.0000000000,0.2859866721
daily,JPM,2026-08-17,1530,2028-01-21,1.4301369863,378.3485265670,310.0000000000,0.2819004100
daily,JPM,2026-08-17,1530,2028-01-21,1.4301369863,378.3485265670,320.0000000000,0.2775510464
daily,JPM,2026-08-17,1530,2028-01-21,1.4301369863,378.3485265670,330.0000000000,0.2731080522
daily,JPM,2026-08-17,1530,2028-01-21,1.4301369863,378.3485265670,340.0000000000,0.2697480266
daily,JPM,2026-08-17,1530,2028-01-21,1.4301369863,378.3485265670,350.0000000000,0.2658070490
daily,JPM,2026-08-17,1530,2028-01-21,1.4301369863,378.3485265670,360.0000000000,0.2633564401
daily,JPM,2026-08-17,1530,2028-01-21,1.4301369863,378.3485265670,370.0000000000,0.2590752934
daily,JPM,2026-08-17,1530,2028-01-21,1.4301369863,378.3485265670,380.0000000000,0.2556616987
daily,JPM,2026-08-17,1530,2028-01-21,1.4301369863,378.3485265670,390.0000000000,0.2540510111
daily,JPM,2026-08-17,1530,2028-01-21,1.4301369863,378.3485265670,400.0000000000,0.2509817565
daily,JPM,2026-08-17,1530,2028-01-21,1.4301369863,378.3485265670,410.0000000000,0.2486159827
daily,JPM,2026-08-17,1530,2028-01-21,1.4301369863,378.3485265670,420.0000000000,0.2479452673
daily,JPM,2026-08-17,1530,2028-01-21,1.4301369863,378.3485265670,430.0000000000,0.2456206610
daily,JPM,2026-08-17,1530,2028-01-21,1.4301369863,378.3485265670,440.0000000000,0.2436248617
daily,JPM,2026-08-17,1530,2028-01-21,1.4301369863,378.3485265670,450.0000000000,0.2425982744
daily,JPM,2026-08-17,1530,2028-01-21,1.4301369863,378.3485265670,460.0000000000,0.2433215449
daily,JPM,2026-08-17,1530,2028-01-21,1.4301369863,378.3485265670,470.0000000000,0.2426868941
daily,JPM,2026-08-17,1530,2028-01-21,1.4301369863,378.3485265670,480.0000000000,0.2419734221
daily,JPM,2026-08-17,1530,2028-01-21,1.4301369863,378.3485265670,490.0000000000,0.2398588864
daily,JPM,2026-08-17,1530,2028-01-21,1.4301369863,378.3485265670,500.0000000000,0.2395078015
daily,JPM,2026-08-17,1530,2028-01-21,1.4301369863,378.3485265670,520.0000000000,0.2393748533
daily,JPM,2026-08-17,1530,2028-01-21,1.4301369863,378.3485265670,540.0000000000,0.2414812427
daily,JPM,2026-08-18,1530,2026-08-21,0.0082191781,361.9260832672,350.0000000000,0.2634235126
daily,JPM,2026-08-18,1530,2026-08-21,0.0082191781,361.9260832672,352.5000000000,0.2487373357
daily,JPM,2026-08-18,1530,2026-08-21,0.0082191781,361.9260832672,355.0000000000,0.2393536891
daily,JPM,2026-08-18,1530,2026-08-21,0.0082191781,361.9260832672,357.5000000000,0.2306702804
daily,JPM,2026-08-18,1530,2026-08-21,0.0082191781,361.9260832672,360.0000000000,0.2248556194
daily,JPM,2026-08-18,1530,2026-08-21,0.0082191781,361.9260832672,362.5000000000,0.2254853126
daily,JPM,2026-08-18,1530,2026-08-21,0.0082191781,361.9260832672,365.0000000000,0.2176090203
daily,JPM,2026-08-18,1530,2026-08-21,0.0082191781,361.9260832672,367.5000000000,0.2156752050
daily,JPM,2026-08-18,1530,2026-08-21,0.0082191781,361.9260832672,370.0000000000,0.2128275153
daily,JPM,2026-08-18,1530,2026-08-21,0.0082191781,361.9260832672,372.5000000000,0.2137082016
daily,JPM,2026-08-18,1530,2026-08-28,0.0273972603,362.2425443660,350.0000000000,0.2180674277
daily,JPM,2026-08-18,1530,2026-08-28,0.0273972603,362.2425443660,352.5000000000,0.2118459030
daily,JPM,2026-08-18,1530,2026-08-28,0.0273972603,362.2425443660,355.0000000000,0.2098872587
daily,JPM,2026-08-18,1530,2026-08-28,0.0273972603,362.2425443660,357.5000000000,0.2134427223
daily,JPM,2026-08-18,1530,2026-08-28,0.0273972603,362.2425443660,360.0000000000,0.2086066596
daily,JPM,2026-08-18,1530,2026-08-28,0.0273972603,362.2425443660,362.5000000000,0.2071724730
daily,JPM,2026-08-18,1530,2026-08-28,0.0273972603,362.2425443660,365.0000000000,0.2043415594
daily,JPM,2026-08-18,1530,2026-08-28,0.0273972603,362.2425443660,367.5000000000,0.2014338798
daily,JPM,2026-08-18,1530,2026-08-28,0.0273972603,362.2425443660,370.0000000000,0.1982631102
daily,JPM,2026-08-18,1530,2026-08-28,0.0273972603,362.2425443660,372.5000000000,0.1974862490
daily,JPM,2026-08-18,1530,2026-09-04,0.0465753425,362.6435915466,340.0000000000,0.2300951906
daily,JPM,2026-08-18,1530,2026-09-04,0.0465753425,362.6435915466,342.5000000000,0.2270296840
daily,JPM,2026-08-18,1530,2026-09-04,0.0465753425,362.6435915466,345.0000000000,0.2204855309
daily,JPM,2026-08-18,1530,2026-09-04,0.0465753425,362.6435915466,347.5000000000,0.2186649305
daily,JPM,2026-08-18,1530,2026-09-04,0.0465753425,362.6435915466,350.0000000000,0.2168985154
daily,JPM,2026-08-18,1530,2026-09-04,0.0465753425,362.6435915466,352.5000000000,0.2146480136
daily,JPM,2026-08-18,1530,2026-09-04,0.0465753425,362.6435915466,355.0000000000,0.2121016807
daily,JPM,2026-08-18,1530,2026-09-04,0.0465753425,362.6435915466,357.5000000000,0.2104228229
daily,JPM,2026-08-18,1530,2026-09-04,0.0465753425,362.6435915466,360.0000000000,0.2077392199
daily,JPM,2026-08-18,1530,2026-09-04,0.0465753425,362.6435915466,362.5000000000,0.2003126216
daily,JPM,2026-08-18,1530,2026-09-04,0.0465753425,362.6435915466,365.0000000000,0.2025098181
daily,JPM,2026-08-18,1530,2026-09-04,0.0465753425,362.6435915466,367.5000000000,0.2017890806
daily,JPM,2026-08-18,1530,2026-09-04,0.0465753425,362.6435915466,370.0000000000,0.1984458150
daily,JPM,2026-08-18,1530,2026-09-04,0.0465753425,362.6435915466,372.5000000000,0.1964162599
daily,JPM,2026-08-18,1530,2026-09-04,0.0465753425,362.6435915466,375.0000000000,0.1937563526
daily,JPM,2026-08-18,1530,2026-09-11,0.0657534247,362.6859862226,345.0000000000,0.2140927465
daily,JPM,2026-08-18,1530,2026-09-11,0.0657534247,362.6859862226,350.0000000000,0.2099608565
daily,JPM,2026-08-18,1530,2026-09-11,0.0657534247,362.6859862226,355.0000000000,0.2046937764
daily,JPM,2026-08-18,1530,2026-09-11,0.0657534247,362.6859862226,360.0000000000,0.2004755299
daily,JPM,2026-08-18,1530,2026-09-11,0.0657534247,362.6859862226,365.0000000000,0.2017695224
daily,JPM,2026-08-18,1530,2026-09-11,0.0657534247,362.6859862226,370.0000000000,0.1958339837
daily,JPM,2026-08-18,1530,2026-09-11,0.0657534247,362.6859862226,375.0000000000,0.1920177660
daily,JPM,2026-08-18,1530,2026-09-11,0.0657534247,362.6859862226,380.0000000000,0.1896774292
daily,JPM,2026-08-18,1530,2026-09-18,0.0849315068,362.9402166358,320.0000000000,0.2455780648
daily,JPM,2026-08-18,1530,2026-09-18,0.0849315068,362.9402166358,335.0000000000,0.2261512323
daily,JPM,2026-08-18,1530,2026-09-18,0.0849315068,362.9402166358,340.0000000000,0.2177430587
daily,JPM,2026-08-18,1530,2026-09-18,0.0849315068,362.9402166358,345.0000000000,0.2136726976
daily,JPM,2026-08-18,1530,2026-09-18,0.0849315068,362.9402166358,350.0000000000,0.2081433540
daily,JPM,2026-08-18,1530,2026-09-18,0.0849315068,362.9402166358,355.0000000000,0.2046111346
daily,JPM,2026-08-18,1530,2026-09-18,0.0849315068,362.9402166358,360.0000000000,0.1993164322
daily,JPM,2026-08-18,1530,2026-09-18,0.0849315068,362.9402166358,365.0000000000,0.1980190695
daily,JPM,2026-08-18,1530,2026-09-18,0.0849315068,362.9402166358,370.0000000000,0.1940498182
daily,JPM,2026-08-18,1530,2026-09-18,0.0849315068,362.9402166358,375.0000000000,0.1903306400
daily,JPM,2026-08-18,1530,2026-09-18,0.0849315068,362.9402166358,380.0000000000,0.1881013222
daily,JPM,2026-08-18,1530,2026-09-18,0.0849315068,362.9402166358,385.0000000000,0.1857956022
daily,JPM,2026-08-18,1530,2026-09-18,0.0849315068,362.9402166358,390.0000000000,0.1846341838
daily,JPM,2026-08-18,1530,2026-09-25,0.1041095890,362.9118990342,319.9750327132,0.2218087229
daily,JPM,2026-08-18,1530,2026-09-25,0.1041095890,362.9118990342,350.0000000000,0.2149660627
daily,JPM,2026-08-18,1530,2026-09-25,0.1041095890,362.9118990342,355.0000000000,0.2087211072
daily,JPM,2026-08-18,1530,2026-09-25,0.1041095890,362.9118990342,360.0000000000,0.2077811668
daily,JPM,2026-08-18,1530,2026-09-25,0.1041095890,362.9118990342,365.0000000000,0.1991540507
daily,JPM,2026-08-18,1530,2026-09-25,0.1041095890,362.9118990342,370.0000000000,0.1936615860
daily,JPM,2026-08-18,1530,2026-09-25,0.1041095890,362.9118990342,375.0000000000,0.1929615779
daily,JPM,2026-08-18,1530,2026-10-02,0.1232876712,363.2472321651,345.0000000000,0.2191687217
daily,JPM,2026-08-18,1530,2026-10-02,0.1232876712,363.2472321651,350.0000000000,0.2130085620
daily,JPM,2026-08-18,1530,2026-10-02,0.1232876712,363.2472321651,355.0000000000,0.2115543795
daily,JPM,2026-08-18,1530,2026-10-02,0.1232876712,363.2472321651,360.0000000000,0.2030444289
daily,JPM,2026-08-18,1530,2026-10-02,0.1232876712,363.2472321651,365.0000000000,0.1987454169
daily,JPM,2026-08-18,1530,2026-10-02,0.1232876712,363.2472321651,370.0000000000,0.1956622496
daily,JPM,2026-08-18,1530,2026-10-16,0.1616438356,362.4662573957,290.0000000000,0.3073096167
daily,JPM,2026-08-18,1530,2026-10-16,0.1616438356,362.4662573957,300.0000000000,0.2884658257
daily,JPM,2026-08-18,1530,2026-10-16,0.1616438356,362.4662573957,305.0000000000,0.2774936405
daily,JPM,2026-08-18,1530,2026-10-16,0.1616438356,362.4662573957,320.0000000000,0.2652620942
daily,JPM,2026-08-18,1530,2026-10-16,0.1616438356,362.4662573957,325.0000000000,0.2585011786
daily,JPM,2026-08-18,1530,2026-10-16,0.1616438356,362.4662573957,330.0000000000,0.2532472991
daily,JPM,2026-08-18,1530,2026-10-16,0.1616438356,362.4662573957,335.0000000000,0.2499838275
daily,JPM,2026-08-18,1530,2026-10-16,0.1616438356,362.4662573957,340.0000000000,0.2457713521
daily,JPM,2026-08-18,1530,2026-10-16,0.1616438356,362.4662573957,345.0000000000,0.2438234857
daily,JPM,2026-08-18,1530,2026-10-16,0.1616438356,362.4662573957,350.0000000000,0.2371966045
daily,JPM,2026-08-18,1530,2026-10-16,0.1616438356,362.4662573957,355.0000000000,0.2333257850
daily,JPM,2026-08-18,1530,2026-10-16,0.1616438356,362.4662573957,360.0000000000,0.2276382678
daily,JPM,2026-08-18,1530,2026-10-16,0.1616438356,362.4662573957,365.0000000000,0.2289497652
daily,JPM,2026-08-18,1530,2026-10-16,0.1616438356,362.4662573957,370.0000000000,0.2253244387
daily,JPM,2026-08-18,1530,2026-10-16,0.1616438356,362.4662573957,375.0000000000,0.2222630823
daily,JPM,2026-08-18,1530,2026-10-16,0.1616438356,362.4662573957,380.0000000000,0.2195069970
daily,JPM,2026-08-18,1530,2026-10-16,0.1616438356,362.4662573957,385.0000000000,0.2169028447
daily,JPM,2026-08-18,1530,2026-10-16,0.1616438356,362.4662573957,390.0000000000,0.2161443068
daily,JPM,2026-08-18,1530,2026-10-16,0.1616438356,362.4662573957,400.0000000000,0.2122308684
daily,JPM,2026-08-18,1530,2026-11-20,0.2575342466,363.7450405653,300.0000000000,0.2795843610
daily,JPM,2026-08-18,1530,2026-11-20,0.2575342466,363.7450405653,305.0000000000,0.2713839843
daily,JPM,2026-08-18,1530,2026-11-20,0.2575342466,363.7450405653,310.0000000000,0.2677669754
daily,JPM,2026-08-18,1530,2026-11-20,0.2575342466,363.7450405653,315.0000000000,0.2616872174
daily,JPM,2026-08-18,1530,2026-11-20,0.2575342466,363.7450405653,320.0000000000,0.2580025394
daily,JPM,2026-08-18,1530,2026-11-20,0.2575342466,363.7450405653,325.0000000000,0.2528370478
daily,JPM,2026-08-18,1530,2026-11-20,0.2575342466,363.7450405653,330.0000000000,0.2494812215
daily,JPM,2026-08-18,1530,2026-11-20,0.2575342466,363.7450405653,335.0000000000,0.2445904402
daily,JPM,2026-08-18,1530,2026-11-20,0.2575342466,363.7450405653,340.0000000000,0.2413796928
daily,JPM,2026-08-18,1530,2026-11-20,0.2575342466,363.7450405653,345.0000000000,0.2369808181
daily,JPM,2026-08-18,1530,2026-11-20,0.2575342466,363.7450405653,350.0000000000,0.2339713094
daily,JPM,2026-08-18,1530,2026-11-20,0.2575342466,363.7450405653,355.0000000000,0.2308854412
daily,JPM,2026-08-18,1530,2026-11-20,0.2575342466,363.7450405653,360.0000000000,0.2254867347
daily,JPM,2026-08-18,1530,2026-11-20,0.2575342466,363.7450405653,365.0000000000,0.2245007073
daily,JPM,2026-08-18,1530,2026-11-20,0.2575342466,363.7450405653,370.0000000000,0.2218988808
daily,JPM,2026-08-18,1530,2026-11-20,0.2575342466,363.7450405653,375.0000000000,0.2197270607
daily,JPM,2026-08-18,1530,2026-11-20,0.2575342466,363.7450405653,380.0000000000,0.2185689113
daily,JPM,2026-08-18,1530,2026-11-20,0.2575342466,363.7450405653,385.0000000000,0.2195301334
daily,JPM,2026-08-18,1530,2026-11-20,0.2575342466,363.7450405653,390.0000000000,0.2187767181
daily,JPM,2026-08-18,1530,2026-11-20,0.2575342466,363.7450405653,395.0000000000,0.2169135336
daily,JPM,2026-08-18,1530,2026-11-20,0.2575342466,363.7450405653,400.0000000000,0.2152727198
daily,JPM,2026-08-18,1530,2026-11-20,0.2575342466,363.7450405653,405.0000000000,0.2133369743
daily,JPM,2026-08-18,1530,2026-12-18,0.3342465753,364.8041493715,260.0000000000,0.3248052959
daily,JPM,2026-08-18,1530,2026-12-18,0.3342465753,364.8041493715,275.0000000000,0.3060770792
daily,JPM,2026-08-18,1530,2026-12-18,0.3342465753,364.8041493715,280.0000000000,0.2975968848
daily,JPM,2026-08-18,1530,2026-12-18,0.3342465753,364.8041493715,285.0000000000,0.2916534436
daily,JPM,2026-08-18,1530,2026-12-18,0.3342465753,364.8041493715,295.0000000000,0.2810828849
daily,JPM,2026-08-18,1530,2026-12-18,0.3342465753,364.8041493715,300.0000000000,0.2756648915
daily,JPM,2026-08-18,1530,2026-12-18,0.3342465753,364.8041493715,305.0000000000,0.2698857810
daily,JPM,2026-08-18,1530,2026-12-18,0.3342465753,364.8041493715,310.0000000000,0.2671031741
daily,JPM,2026-08-18,1530,2026-12-18,0.3342465753,364.8041493715,315.0000000000,0.2622469012
daily,JPM,2026-08-18,1530,2026-12-18,0.3342465753,364.8041493715,320.0000000000,0.2580233843
daily,JPM,2026-08-18,1530,2026-12-18,0.3342465753,364.8041493715,325.0000000000,0.2544919209
daily,JPM,2026-08-18,1530,2026-12-18,0.3342465753,364.8041493715,330.0000000000,0.2506170990
daily,JPM,2026-08-18,1530,2026-12-18,0.3342465753,364.8041493715,335.0000000000,0.2467949649
daily,JPM,2026-08-18,1530,2026-12-18,0.3342465753,364.8041493715,340.0000000000,0.2440811419
daily,JPM,2026-08-18,1530,2026-12-18,0.3342465753,364.8041493715,345.0000000000,0.2411872297
daily,JPM,2026-08-18,1530,2026-12-18,0.3342465753,364.8041493715,350.0000000000,0.2373881622
daily,JPM,2026-08-18,1530,2026-12-18,0.3342465753,364.8041493715,355.0000000000,0.2352057563
daily,JPM,2026-08-18,1530,2026-12-18,0.3342465753,364.8041493715,360.0000000000,0.2306751878
daily,JPM,2026-08-18,1530,2026-12-18,0.3342465753,364.8041493715,365.0000000000,0.2309241474
daily,JPM,2026-08-18,1530,2026-12-18,0.3342465753,364.8041493715,370.0000000000,0.2299380975
daily,JPM,2026-08-18,1530,2026-12-18,0.3342465753,364.8041493715,375.0000000000,0.2265471109
daily,JPM,2026-08-18,1530,2026-12-18,0.3342465753,364.8041493715,380.0000000000,0.2219346093
daily,JPM,2026-08-18,1530,2026-12-18,0.3342465753,364.8041493715,385.0000000000,0.2202621128
daily,JPM,2026-08-18,1530,2026-12-18,0.3342465753,364.8041493715,390.0000000000,0.2182158239
daily,JPM,2026-08-18,1530,2026-12-18,0.3342465753,364.8041493715,395.0000000000,0.2158141574
daily,JPM,2026-08-18,1530,2026-12-18,0.3342465753,364.8041493715,400.0000000000,0.2163222345
daily,JPM,2026-08-18,1530,2026-12-18,0.3342465753,364.8041493715,405.0000000000,0.2155553838
daily,JPM,2026-08-18,1530,2026-12-18,0.3342465753,364.8041493715,410.0000000000,0.2166124164
daily,JPM,2026-08-18,1530,2026-12-18,0.3342465753,364.8041493715,415.0000000000,0.2159505778
daily,JPM,2026-08-18,1530,2026-12-18,0.3342465753,364.8041493715,420.0000000000,0.2135099730
daily,JPM,2026-08-18,1530,2026-12-18,0.3342465753,364.8041493715,425.0000000000,0.2184945375
daily,JPM,2026-08-18,1530,2027-01-15,0.4109589041,364.8147554327,260.0000000000,0.3220175354
daily,JPM,2026-08-18,1530,2027-01-15,0.4109589041,364.8147554327,270.0000000000,0.3121440279
daily,JPM,2026-08-18,1530,2027-01-15,0.4109589041,364.8147554327,280.0000000000,0.3016007023
daily,JPM,2026-08-18,1530,2027-01-15,0.4109589041,364.8147554327,290.0000000000,0.2897384991
daily,JPM,2026-08-18,1530,2027-01-15,0.4109589041,364.8147554327,300.0000000000,0.2825783413
daily,JPM,2026-08-18,1530,2027-01-15,0.4109589041,364.8147554327,310.0000000000,0.2741894384
daily,JPM,2026-08-18,1530,2027-01-15,0.4109589041,364.8147554327,320.0000000000,0.2657519760
daily,JPM,2026-08-18,1530,2027-01-15,0.4109589041,364.8147554327,330.0000000000,0.2567734725
daily,JPM,2026-08-18,1530,2027-01-15,0.4109589041,364.8147554327,340.0000000000,0.2497225522
daily,JPM,2026-08-18,1530,2027-01-15,0.4109589041,364.8147554327,350.0000000000,0.2448536179
daily,JPM,2026-08-18,1530,2027-01-15,0.4109589041,364.8147554327,360.0000000000,0.2403930943
daily,JPM,2026-08-18,1530,2027-01-15,0.4109589041,364.8147554327,370.0000000000,0.2417400649
daily,JPM,2026-08-18,1530,2027-01-15,0.4109589041,364.8147554327,380.0000000000,0.2364715961
daily,JPM,2026-08-18,1530,2027-01-15,0.4109589041,364.8147554327,390.0000000000,0.2319904917
daily,JPM,2026-08-18,1530,2027-01-15,0.4109589041,364.8147554327,400.0000000000,0.2286303967
daily,JPM,2026-08-18,1530,2027-01-15,0.4109589041,364.8147554327,410.0000000000,0.2237246117
daily,JPM,2026-08-18,1530,2027-01-15,0.4109589041,364.8147554327,420.0000000000,0.2244851203
daily,JPM,2026-08-18,1530,2027-01-15,0.4109589041,364.8147554327,430.0000000000,0.2214358830
daily,JPM,2026-08-18,1530,2027-01-15,0.4109589041,364.8147554327,440.0000000000,0.2220920444
daily,JPM,2026-08-18,1530,2027-01-15,0.4109589041,364.8147554327,450.0000000000,0.2227666918
daily,JPM,2026-08-18,1530,2027-01-15,0.4109589041,364.8147554327,460.0000000000,0.2251468527
daily,JPM,2026-08-18,1530,2027-03-19,0.5835616438,367.9143963882,270.0000000000,0.3045937096
daily,JPM,2026-08-18,1530,2027-03-19,0.5835616438,367.9143963882,275.0000000000,0.2987262410
daily,JPM,2026-08-18,1530,2027-03-19,0.5835616438,367.9143963882,280.0000000000,0.2921325483
daily,JPM,2026-08-18,1530,2027-03-19,0.5835616438,367.9143963882,285.0000000000,0.2893420743
daily,JPM,2026-08-18,1530,2027-03-19,0.5835616438,367.9143963882,290.0000000000,0.2864176294
daily,JPM,2026-08-18,1530,2027-03-19,0.5835616438,367.9143963882,295.0000000000,0.2823257737
daily,JPM,2026-08-18,1530,2027-03-19,0.5835616438,367.9143963882,300.0000000000,0.2806129551
daily,JPM,2026-08-18,1530,2027-03-19,0.5835616438,367.9143963882,305.0000000000,0.2775759219
daily,JPM,2026-08-18,1530,2027-03-19,0.5835616438,367.9143963882,310.0000000000,0.2734735248
daily,JPM,2026-08-18,1530,2027-03-19,0.5835616438,367.9143963882,315.0000000000,0.2683472510
daily,JPM,2026-08-18,1530,2027-03-19,0.5835616438,367.9143963882,320.0000000000,0.2658306905
daily,JPM,2026-08-18,1530,2027-03-19,0.5835616438,367.9143963882,325.0000000000,0.2621008622
daily,JPM,2026-08-18,1530,2027-03-19,0.5835616438,367.9143963882,330.0000000000,0.2594005477
daily,JPM,2026-08-18,1530,2027-03-19,0.5835616438,367.9143963882,335.0000000000,0.2569207696
daily,JPM,2026-08-18,1530,2027-03-19,0.5835616438,367.9143963882,340.0000000000,0.2537873378
daily,JPM,2026-08-18,1530,2027-03-19,0.5835616438,367.9143963882,345.0000000000,0.2513547596
daily,JPM,2026-08-18,1530,2027-03-19,0.5835616438,367.9143963882,350.0000000000,0.2478635031
daily,JPM,2026-08-18,1530,2027-03-19,0.5835616438,367.9143963882,355.0000000000,0.2460302343
daily,JPM,2026-08-18,1530,2027-03-19,0.5835616438,367.9143963882,360.0000000000,0.2440705421
daily,JPM,2026-08-18,1530,2027-03-19,0.5835616438,367.9143963882,365.0000000000,0.2414902742
daily,JPM,2026-08-18,1530,2027-03-19,0.5835616438,367.9143963882,370.0000000000,0.2376403107
daily,JPM,2026-08-18,1530,2027-03-19,0.5835616438,367.9143963882,375.0000000000,0.2356923953
daily,JPM,2026-08-18,1530,2027-03-19,0.5835616438,367.9143963882,380.0000000000,0.2344535613
daily,JPM,2026-08-18,1530,2027-03-19,0.5835616438,367.9143963882,385.0000000000,0.2326855973
daily,JPM,2026-08-18,1530,2027-03-19,0.5835616438,367.9143963882,390.0000000000,0.2318994311
daily,JPM,2026-08-18,1530,2027-03-19,0.5835616438,367.9143963882,395.0000000000,0.2298979098
daily,JPM,2026-08-18,1530,2027-03-19,0.5835616438,367.9143963882,400.0000000000,0.2265727930
daily,JPM,2026-08-18,1530,2027-03-19,0.5835616438,367.9143963882,405.0000000000,0.2270391785
daily,JPM,2026-08-18,1530,2027-03-19,0.5835616438,367.9143963882,410.0000000000,0.2263451686
daily,JPM,2026-08-18,1530,2027-03-19,0.5835616438,367.9143963882,415.0000000000,0.2250125398
daily,JPM,2026-08-18,1530,2027-03-19,0.5835616438,367.9143963882,420.0000000000,0.2237707362
daily,JPM,2026-08-18,1530,2027-03-19,0.5835616438,367.9143963882,425.0000000000,0.2212508006
daily,JPM,2026-08-18,1530,2027-03-19,0.5835616438,367.9143963882,430.0000000000,0.2210011530
daily,JPM,2026-08-18,1530,2027-03-19,0.5835616438,367.9143963882,435.0000000000,0.2217255205
daily,JPM,2026-08-18,1530,2027-03-19,0.5835616438,367.9143963882,440.0000000000,0.2214550156
daily,JPM,2026-08-18,1530,2027-03-19,0.5835616438,367.9143963882,445.0000000000,0.2200720329
daily,JPM,2026-08-18,1530,2027-03-19,0.5835616438,367.9143963882,460.0000000000,0.2201826869
daily,JPM,2026-08-18,1530,2027-03-19,0.5835616438,367.9143963882,465.0000000000,0.2206960694
daily,JPM,2026-08-18,1530,2027-03-19,0.5835616438,367.9143963882,470.0000000000,0.2203226639
daily,JPM,2026-08-18,1530,2027-06-17,0.8301369863,370.6299203363,230.0000000000,0.3308847467
daily,JPM,2026-08-18,1530,2027-06-17,0.8301369863,370.6299203363,240.0000000000,0.3218503939
daily,JPM,2026-08-18,1530,2027-06-17,0.8301369863,370.6299203363,260.0000000000,0.3074307973
daily,JPM,2026-08-18,1530,2027-06-17,0.8301369863,370.6299203363,265.0000000000,0.3020355528
daily,JPM,2026-08-18,1530,2027-06-17,0.8301369863,370.6299203363,270.0000000000,0.3001273282
daily,JPM,2026-08-18,1530,2027-06-17,0.8301369863,370.6299203363,275.0000000000,0.2972379590
daily,JPM,2026-08-18,1530,2027-06-17,0.8301369863,370.6299203363,280.0000000000,0.2935141083
daily,JPM,2026-08-18,1530,2027-06-17,0.8301369863,370.6299203363,285.0000000000,0.2912413353
daily,JPM,2026-08-18,1530,2027-06-17,0.8301369863,370.6299203363,290.0000000000,0.2880744745
daily,JPM,2026-08-18,1530,2027-06-17,0.8301369863,370.6299203363,295.0000000000,0.2841248811
daily,JPM,2026-08-18,1530,2027-06-17,0.8301369863,370.6299203363,300.0000000000,0.2821296978
daily,JPM,2026-08-18,1530,2027-06-17,0.8301369863,370.6299203363,305.0000000000,0.2792353610
daily,JPM,2026-08-18,1530,2027-06-17,0.8301369863,370.6299203363,310.0000000000,0.2758952959
daily,JPM,2026-08-18,1530,2027-06-17,0.8301369863,370.6299203363,315.0000000000,0.2726342173
daily,JPM,2026-08-18,1530,2027-06-17,0.8301369863,370.6299203363,320.0000000000,0.2705753754
daily,JPM,2026-08-18,1530,2027-06-17,0.8301369863,370.6299203363,330.0000000000,0.2651197053
daily,JPM,2026-08-18,1530,2027-06-17,0.8301369863,370.6299203363,340.0000000000,0.2602679800
daily,JPM,2026-08-18,1530,2027-06-17,0.8301369863,370.6299203363,350.0000000000,0.2563230172
daily,JPM,2026-08-18,1530,2027-06-17,0.8301369863,370.6299203363,360.0000000000,0.2526033383
daily,JPM,2026-08-18,1530,2027-06-17,0.8301369863,370.6299203363,370.0000000000,0.2487717667
daily,JPM,2026-08-18,1530,2027-06-17,0.8301369863,370.6299203363,380.0000000000,0.2460633047
daily,JPM,2026-08-18,1530,2027-06-17,0.8301369863,370.6299203363,390.0000000000,0.2399433094
daily,JPM,2026-08-18,1530,2027-06-17,0.8301369863,370.6299203363,400.0000000000,0.2383321610
daily,JPM,2026-08-18,1530,2027-06-17,0.8301369863,370.6299203363,410.0000000000,0.2374246547
daily,JPM,2026-08-18,1530,2027-06-17,0.8301369863,370.6299203363,420.0000000000,0.2358074559
daily,JPM,2026-08-18,1530,2027-06-17,0.8301369863,370.6299203363,430.0000000000,0.2338119401
daily,JPM,2026-08-18,1530,2027-06-17,0.8301369863,370.6299203363,440.0000000000,0.2337500700
daily,JPM,2026-08-18,1530,2027-06-17,0.8301369863,370.6299203363,450.0000000000,0.2307795798
daily,JPM,2026-08-18,1530,2027-06-17,0.8301369863,370.6299203363,460.0000000000,0.2307227745
daily,JPM,2026-08-18,1530,2027-06-17,0.8301369863,370.6299203363,470.0000000000,0.2324977589
daily,JPM,2026-08-18,1530,2027-06-17,0.8301369863,370.6299203363,480.0000000000,0.2320543285
daily,JPM,2026-08-18,1530,2027-06-17,0.8301369863,370.6299203363,490.0000000000,0.2310914898
daily,JPM,2026-08-18,1530,2027-12-17,1.3315068493,375.7459702267,230.0000000000,0.3278239717
daily,JPM,2026-08-18,1530,2027-12-17,1.3315068493,375.7459702267,240.0000000000,0.3214608445
daily,JPM,2026-08-18,1530,2027-12-17,1.3315068493,375.7459702267,250.0000000000,0.3146073459
daily,JPM,2026-08-18,1530,2027-12-17,1.3315068493,375.7459702267,260.0000000000,0.3078007505
daily,JPM,2026-08-18,1530,2027-12-17,1.3315068493,375.7459702267,270.0000000000,0.3017774299
daily,JPM,2026-08-18,1530,2027-12-17,1.3315068493,375.7459702267,280.0000000000,0.2959390694
daily,JPM,2026-08-18,1530,2027-12-17,1.3315068493,375.7459702267,290.0000000000,0.2900822160
daily,JPM,2026-08-18,1530,2027-12-17,1.3315068493,375.7459702267,300.0000000000,0.2845539580
daily,JPM,2026-08-18,1530,2027-12-17,1.3315068493,375.7459702267,310.0000000000,0.2794239584
daily,JPM,2026-08-18,1530,2027-12-17,1.3315068493,375.7459702267,320.0000000000,0.2740026079
daily,JPM,2026-08-18,1530,2027-12-17,1.3315068493,375.7459702267,330.0000000000,0.2694058560
daily,JPM,2026-08-18,1530,2027-12-17,1.3315068493,375.7459702267,340.0000000000,0.2663988897
daily,JPM,2026-08-18,1530,2027-12-17,1.3315068493,375.7459702267,350.0000000000,0.2623030080
daily,JPM,2026-08-18,1530,2027-12-17,1.3315068493,375.7459702267,360.0000000000,0.2588302074
daily,JPM,2026-08-18,1530,2027-12-17,1.3315068493,375.7459702267,370.0000000000,0.2549669152
daily,JPM,2026-08-18,1530,2027-12-17,1.3315068493,375.7459702267,380.0000000000,0.2543169949
daily,JPM,2026-08-18,1530,2027-12-17,1.3315068493,375.7459702267,390.0000000000,0.2516471445
daily,JPM,2026-08-18,1530,2027-12-17,1.3315068493,375.7459702267,400.0000000000,0.2502313869
daily,JPM,2026-08-18,1530,2027-12-17,1.3315068493,375.7459702267,410.0000000000,0.2469025820
daily,JPM,2026-08-18,1530,2027-12-17,1.3315068493,375.7459702267,420.0000000000,0.2461844183
daily,JPM,2026-08-18,1530,2027-12-17,1.3315068493,375.7459702267,430.0000000000,0.2444677839
daily,JPM,2026-08-18,1530,2027-12-17,1.3315068493,375.7459702267,440.0000000000,0.2434707241
daily,JPM,2026-08-18,1530,2027-12-17,1.3315068493,375.7459702267,450.0000000000,0.2407434909
daily,JPM,2026-08-18,1530,2027-12-17,1.3315068493,375.7459702267,460.0000000000,0.2402741182
daily,JPM,2026-08-18,1530,2027-12-17,1.3315068493,375.7459702267,470.0000000000,0.2398801286
daily,JPM,2026-08-18,1530,2027-12-17,1.3315068493,375.7459702267,480.0000000000,0.2389638310
daily,JPM,2026-08-18,1530,2027-12-17,1.3315068493,375.7459702267,490.0000000000,0.2381866358
daily,JPM,2026-08-18,1530,2027-12-17,1.3315068493,375.7459702267,500.0000000000,0.2380454213
daily,JPM,2026-08-18,1530,2027-12-17,1.3315068493,375.7459702267,520.0000000000,0.2394430151
daily,JPM,2026-08-18,1530,2027-12-17,1.3315068493,375.7459702267,540.0000000000,0.2404448665
daily,JPM,2026-08-18,1530,2028-01-21,1.4273972603,376.2228479822,230.2919043515,0.3166211928
daily,JPM,2026-08-18,1530,2028-01-21,1.4273972603,376.2228479822,250.0000000000,0.3118662857
daily,JPM,2026-08-18,1530,2028-01-21,1.4273972603,376.2228479822,260.0000000000,0.3056363045
daily,JPM,2026-08-18,1530,2028-01-21,1.4273972603,376.2228479822,270.0000000000,0.2992438602
daily,JPM,2026-08-18,1530,2028-01-21,1.4273972603,376.2228479822,280.0000000000,0.2965342556
daily,JPM,2026-08-18,1530,2028-01-21,1.4273972603,376.2228479822,290.0000000000,0.2915578534
daily,JPM,2026-08-18,1530,2028-01-21,1.4273972603,376.2228479822,300.0000000000,0.2849914428
daily,JPM,2026-08-18,1530,2028-01-21,1.4273972603,376.2228479822,310.0000000000,0.2801919887
daily,JPM,2026-08-18,1530,2028-01-21,1.4273972603,376.2228479822,320.0000000000,0.2751302597
daily,JPM,2026-08-18,1530,2028-01-21,1.4273972603,376.2228479822,330.0000000000,0.2709430038
daily,JPM,2026-08-18,1530,2028-01-21,1.4273972603,376.2228479822,340.0000000000,0.2651705614
daily,JPM,2026-08-18,1530,2028-01-21,1.4273972603,376.2228479822,350.0000000000,0.2633174769
daily,JPM,2026-08-18,1530,2028-01-21,1.4273972603,376.2228479822,360.0000000000,0.2594851581
daily,JPM,2026-08-18,1530,2028-01-21,1.4273972603,376.2228479822,370.0000000000,0.2566505989
daily,JPM,2026-08-18,1530,2028-01-21,1.4273972603,376.2228479822,380.0000000000,0.2567233970
daily,JPM,2026-08-18,1530,2028-01-21,1.4273972603,376.2228479822,390.0000000000,0.2549181317
daily,JPM,2026-08-18,1530,2028-01-21,1.4273972603,376.2228479822,400.0000000000,0.2530394830
daily,JPM,2026-08-18,1530,2028-01-21,1.4273972603,376.2228479822,410.0000000000,0.2494552936
daily,JPM,2026-08-18,1530,2028-01-21,1.4273972603,376.2228479822,420.0000000000,0.2489471952
daily,JPM,2026-08-18,1530,2028-01-21,1.4273972603,376.2228479822,430.0000000000,0.2467905949
daily,JPM,2026-08-18,1530,2028-01-21,1.4273972603,376.2228479822,440.0000000000,0.2462839920
daily,JPM,2026-08-18,1530,2028-01-21,1.4273972603,376.2228479822,450.0000000000,0.2454644602
daily,JPM,2026-08-18,1530,2028-01-21,1.4273972603,376.2228479822,460.0000000000,0.2439504017
daily,JPM,2026-08-18,1530,2028-01-21,1.4273972603,376.2228479822,470.0000000000,0.2430599017
daily,JPM,2026-08-18,1530,2028-01-21,1.4273972603,376.2228479822,480.0000000000,0.2413523027
daily,JPM,2026-08-18,1530,2028-01-21,1.4273972603,376.2228479822,490.0000000000,0.2424486167
daily,JPM,2026-08-18,1530,2028-01-21,1.4273972603,376.2228479822,500.0000000000,0.2423947226
daily,JPM,2026-08-18,1530,2028-01-21,1.4273972603,376.2228479822,520.0000000000,0.2384262199
daily,JPM,2026-08-18,1530,2028-01-21,1.4273972603,376.2228479822,540.0000000000,0.2406034848
daily,JPM,2026-08-19,1530,2026-08-28,0.0246575342,357.9952314927,345.0000000000,0.2348580470
daily,JPM,2026-08-19,1530,2026-08-28,0.0246575342,357.9952314927,347.5000000000,0.2286575780
daily,JPM,2026-08-19,1530,2026-08-28,0.0246575342,357.9952314927,350.0000000000,0.2217465122
daily,JPM,2026-08-19,1530,2026-08-28,0.0246575342,357.9952314927,352.5000000000,0.2172880014
daily,JPM,2026-08-19,1530,2026-08-28,0.0246575342,357.9952314927,355.0000000000,0.2140832560
daily,JPM,2026-08-19,1530,2026-08-28,0.0246575342,357.9952314927,357.5000000000,0.2111432436
daily,JPM,2026-08-19,1530,2026-08-28,0.0246575342,357.9952314927,360.0000000000,0.2084560517
daily,JPM,2026-08-19,1530,2026-08-28,0.0246575342,357.9952314927,362.5000000000,0.2054487115
daily,JPM,2026-08-19,1530,2026-08-28,0.0246575342,357.9952314927,365.0000000000,0.2060856031
daily,JPM,2026-08-19,1530,2026-08-28,0.0246575342,357.9952314927,367.5000000000,0.2046647361
daily,JPM,2026-08-19,1530,2026-08-28,0.0246575342,357.9952314927,370.0000000000,0.2093872727
daily,JPM,2026-08-19,1530,2026-08-28,0.0246575342,357.9952314927,385.0000000000,0.2405584448
daily,JPM,2026-08-19,1530,2026-09-04,0.0438356164,358.3531151955,345.0000000000,0.2238472890
daily,JPM,2026-08-19,1530,2026-09-04,0.0438356164,358.3531151955,347.5000000000,0.2215651182
daily,JPM,2026-08-19,1530,2026-09-04,0.0438356164,358.3531151955,350.0000000000,0.2192238848
daily,JPM,2026-08-19,1530,2026-09-04,0.0438356164,358.3531151955,352.5000000000,0.2163702856
daily,JPM,2026-08-19,1530,2026-09-04,0.0438356164,358.3531151955,355.0000000000,0.2136977620
daily,JPM,2026-08-19,1530,2026-09-04,0.0438356164,358.3531151955,357.5000000000,0.2068206549
daily,JPM,2026-08-19,1530,2026-09-04,0.0438356164,358.3531151955,360.0000000000,0.2055657286
daily,JPM,2026-08-19,1530,2026-09-04,0.0438356164,358.3531151955,362.5000000000,0.2088406830
daily,JPM,2026-08-19,1530,2026-09-04,0.0438356164,358.3531151955,365.0000000000,0.2078155569
daily,JPM,2026-08-19,1530,2026-09-04,0.0438356164,358.3531151955,367.5000000000,0.2037253642
daily,JPM,2026-08-19,1530,2026-09-04,0.0438356164,358.3531151955,370.0000000000,0.2010303862
daily,JPM,2026-08-19,1530,2026-09-04,0.0438356164,358.3531151955,372.5000000000,0.2003118067
daily,JPM,2026-08-19,1530,2026-09-11,0.0630136986,358.6534895926,340.0000000000,0.2199898778
daily,JPM,2026-08-19,1530,2026-09-11,0.0630136986,358.6534895926,345.0000000000,0.2151371191
daily,JPM,2026-08-19,1530,2026-09-11,0.0630136986,358.6534895926,350.0000000000,0.2109407309
daily,JPM,2026-08-19,1530,2026-09-11,0.0630136986,358.6534895926,355.0000000000,0.2063503354
daily,JPM,2026-08-19,1530,2026-09-11,0.0630136986,358.6534895926,360.0000000000,0.1975954240
daily,JPM,2026-08-19,1530,2026-09-11,0.0630136986,358.6534895926,365.0000000000,0.1946239143
daily,JPM,2026-08-19,1530,2026-09-11,0.0630136986,358.6534895926,370.0000000000,0.1925562873
daily,JPM,2026-08-19,1530,2026-09-11,0.0630136986,358.6534895926,375.0000000000,0.1924032744
daily,JPM,2026-08-19,1530,2026-09-18,0.0821917808,358.7345094179,300.0000000000,0.2700038803
daily,JPM,2026-08-19,1530,2026-09-18,0.0821917808,358.7345094179,325.0000000000,0.2375031727
daily,JPM,2026-08-19,1530,2026-09-18,0.0821917808,358.7345094179,330.0000000000,0.2288849760
daily,JPM,2026-08-19,1530,2026-09-18,0.0821917808,358.7345094179,335.0000000000,0.2262807167
daily,JPM,2026-08-19,1530,2026-09-18,0.0821917808,358.7345094179,340.0000000000,0.2206181625
daily,JPM,2026-08-19,1530,2026-09-18,0.0821917808,358.7345094179,345.0000000000,0.2145713060
daily,JPM,2026-08-19,1530,2026-09-18,0.0821917808,358.7345094179,350.0000000000,0.2094400375
daily,JPM,2026-08-19,1530,2026-09-18,0.0821917808,358.7345094179,355.0000000000,0.2039685254
daily,JPM,2026-08-19,1530,2026-09-18,0.0821917808,358.7345094179,360.0000000000,0.1984748259
daily,JPM,2026-08-19,1530,2026-09-18,0.0821917808,358.7345094179,365.0000000000,0.1955281999
daily,JPM,2026-08-19,1530,2026-09-18,0.0821917808,358.7345094179,370.0000000000,0.1937988986
daily,JPM,2026-08-19,1530,2026-09-18,0.0821917808,358.7345094179,375.0000000000,0.1931774749
daily,JPM,2026-08-19,1530,2026-09-18,0.0821917808,358.7345094179,380.0000000000,0.1944518131
daily,JPM,2026-08-19,1530,2026-09-18,0.0821917808,358.7345094179,385.0000000000,0.1932919941
daily,JPM,2026-08-19,1530,2026-09-18,0.0821917808,358.7345094179,395.0000000000,0.1967349286
daily,JPM,2026-08-19,1530,2026-10-16,0.1589041096,358.6057869558,290.0000000000,0.2999110523
daily,JPM,2026-08-19,1530,2026-10-16,0.1589041096,358.6057869558,300.0000000000,0.2846828473
daily,JPM,2026-08-19,1530,2026-10-16,0.1589041096,358.6057869558,310.0000000000,0.2736519467
daily,JPM,2026-08-19,1530,2026-10-16,0.1589041096,358.6057869558,315.0000000000,0.2705315304
daily,JPM,2026-08-19,1530,2026-10-16,0.1589041096,358.6057869558,320.0000000000,0.2633143520
daily,JPM,2026-08-19,1530,2026-10-16,0.1589041096,358.6057869558,325.0000000000,0.2602277488
daily,JPM,2026-08-19,1530,2026-10-16,0.1589041096,358.6057869558,330.0000000000,0.2528602677
daily,JPM,2026-08-19,1530,2026-10-16,0.1589041096,358.6057869558,335.0000000000,0.2485411462
daily,JPM,2026-08-19,1530,2026-10-16,0.1589041096,358.6057869558,340.0000000000,0.2441242268
daily,JPM,2026-08-19,1530,2026-10-16,0.1589041096,358.6057869558,345.0000000000,0.2366553430
daily,JPM,2026-08-19,1530,2026-10-16,0.1589041096,358.6057869558,350.0000000000,0.2323063078
daily,JPM,2026-08-19,1530,2026-10-16,0.1589041096,358.6057869558,355.0000000000,0.2317926476
daily,JPM,2026-08-19,1530,2026-10-16,0.1589041096,358.6057869558,360.0000000000,0.2259921286
daily,JPM,2026-08-19,1530,2026-10-16,0.1589041096,358.6057869558,365.0000000000,0.2230242258
daily,JPM,2026-08-19,1530,2026-10-16,0.1589041096,358.6057869558,370.0000000000,0.2217422182
daily,JPM,2026-08-19,1530,2026-10-16,0.1589041096,358.6057869558,375.0000000000,0.2230311098
daily,JPM,2026-08-19,1530,2026-10-16,0.1589041096,358.6057869558,380.0000000000,0.2190687146
daily,JPM,2026-08-19,1530,2026-10-16,0.1589041096,358.6057869558,385.0000000000,0.2168608609
daily,JPM,2026-08-19,1530,2026-10-16,0.1589041096,358.6057869558,390.0000000000,0.2167903587
daily,JPM,2026-08-19,1530,2026-10-16,0.1589041096,358.6057869558,405.0000000000,0.2190068871
daily,JPM,2026-08-19,1530,2026-11-20,0.2547945205,359.8002668847,290.0000000000,0.2832684604
daily,JPM,2026-08-19,1530,2026-11-20,0.2547945205,359.8002668847,300.0000000000,0.2716270520
daily,JPM,2026-08-19,1530,2026-11-20,0.2547945205,359.8002668847,310.0000000000,0.2644789555
daily,JPM,2026-08-19,1530,2026-11-20,0.2547945205,359.8002668847,320.0000000000,0.2562062958
daily,JPM,2026-08-19,1530,2026-11-20,0.2547945205,359.8002668847,325.0000000000,0.2526245670
daily,JPM,2026-08-19,1530,2026-11-20,0.2547945205,359.8002668847,330.0000000000,0.2497464029
daily,JPM,2026-08-19,1530,2026-11-20,0.2547945205,359.8002668847,335.0000000000,0.2454255043
daily,JPM,2026-08-19,1530,2026-11-20,0.2547945205,359.8002668847,340.0000000000,0.2416245220
daily,JPM,2026-08-19,1530,2026-11-20,0.2547945205,359.8002668847,345.0000000000,0.2384380909
daily,JPM,2026-08-19,1530,2026-11-20,0.2547945205,359.8002668847,350.0000000000,0.2352039703
daily,JPM,2026-08-19,1530,2026-11-20,0.2547945205,359.8002668847,355.0000000000,0.2317522243
daily,JPM,2026-08-19,1530,2026-11-20,0.2547945205,359.8002668847,360.0000000000,0.2251310822
daily,JPM,2026-08-19,1530,2026-11-20,0.2547945205,359.8002668847,365.0000000000,0.2248221757
daily,JPM,2026-08-19,1530,2026-11-20,0.2547945205,359.8002668847,370.0000000000,0.2211827436
daily,JPM,2026-08-19,1530,2026-11-20,0.2547945205,359.8002668847,375.0000000000,0.2191992077
daily,JPM,2026-08-19,1530,2026-11-20,0.2547945205,359.8002668847,380.0000000000,0.2214961467
daily,JPM,2026-08-19,1530,2026-11-20,0.2547945205,359.8002668847,385.0000000000,0.2217454892
daily,JPM,2026-08-19,1530,2026-11-20,0.2547945205,359.8002668847,390.0000000000,0.2199468959
daily,JPM,2026-08-19,1530,2026-11-20,0.2547945205,359.8002668847,395.0000000000,0.2198442881
daily,JPM,2026-08-19,1530,2026-11-20,0.2547945205,359.8002668847,400.0000000000,0.2185949351
daily,JPM,2026-08-19,1530,2026-11-20,0.2547945205,359.8002668847,425.0000000000,0.2167938254
daily,JPM,2026-08-19,1530,2026-12-18,0.3315068493,361.1576326054,290.0000000000,0.2806225149
daily,JPM,2026-08-19,1530,2026-12-18,0.3315068493,361.1576326054,295.0000000000,0.2777008748
daily,JPM,2026-08-19,1530,2026-12-18,0.3315068493,361.1576326054,310.0000000000,0.2605982376
daily,JPM,2026-08-19,1530,2026-12-18,0.3315068493,361.1576326054,315.0000000000,0.2601182160
daily,JPM,2026-08-19,1530,2026-12-18,0.3315068493,361.1576326054,320.0000000000,0.2570703437
daily,JPM,2026-08-19,1530,2026-12-18,0.3315068493,361.1576326054,325.0000000000,0.2534733423
daily,JPM,2026-08-19,1530,2026-12-18,0.3315068493,361.1576326054,330.0000000000,0.2507546685
daily,JPM,2026-08-19,1530,2026-12-18,0.3315068493,361.1576326054,335.0000000000,0.2475868285
daily,JPM,2026-08-19,1530,2026-12-18,0.3315068493,361.1576326054,340.0000000000,0.2445776891
daily,JPM,2026-08-19,1530,2026-12-18,0.3315068493,361.1576326054,345.0000000000,0.2410785093
daily,JPM,2026-08-19,1530,2026-12-18,0.3315068493,361.1576326054,350.0000000000,0.2374565638
daily,JPM,2026-08-19,1530,2026-12-18,0.3315068493,361.1576326054,355.0000000000,0.2360946343
daily,JPM,2026-08-19,1530,2026-12-18,0.3315068493,361.1576326054,360.0000000000,0.2328430229
daily,JPM,2026-08-19,1530,2026-12-18,0.3315068493,361.1576326054,365.0000000000,0.2271653895
daily,JPM,2026-08-19,1530,2026-12-18,0.3315068493,361.1576326054,370.0000000000,0.2278094153
daily,JPM,2026-08-19,1530,2026-12-18,0.3315068493,361.1576326054,375.0000000000,0.2260099758
daily,JPM,2026-08-19,1530,2026-12-18,0.3315068493,361.1576326054,380.0000000000,0.2230080088
daily,JPM,2026-08-19,1530,2026-12-18,0.3315068493,361.1576326054,385.0000000000,0.2221303206
daily,JPM,2026-08-19,1530,2026-12-18,0.3315068493,361.1576326054,390.0000000000,0.2187572281
daily,JPM,2026-08-19,1530,2026-12-18,0.3315068493,361.1576326054,395.0000000000,0.2195558634
daily,JPM,2026-08-19,1530,2026-12-18,0.3315068493,361.1576326054,400.0000000000,0.2181018833
daily,JPM,2026-08-19,1530,2026-12-18,0.3315068493,361.1576326054,405.0000000000,0.2198581041
daily,JPM,2026-08-19,1530,2026-12-18,0.3315068493,361.1576326054,410.0000000000,0.2196417237
daily,JPM,2026-08-19,1530,2026-12-18,0.3315068493,361.1576326054,415.0000000000,0.2181736820
daily,JPM,2026-08-19,1530,2027-01-15,0.4082191781,361.4981834862,250.0000000000,0.3270182941
daily,JPM,2026-08-19,1530,2027-01-15,0.4082191781,361.4981834862,260.0000000000,0.3183529490
daily,JPM,2026-08-19,1530,2027-01-15,0.4082191781,361.4981834862,270.0000000000,0.3074994863
daily,JPM,2026-08-19,1530,2027-01-15,0.4082191781,361.4981834862,280.0000000000,0.2963486098
daily,JPM,2026-08-19,1530,2027-01-15,0.4082191781,361.4981834862,290.0000000000,0.2877861293
daily,JPM,2026-08-19,1530,2027-01-15,0.4082191781,361.4981834862,300.0000000000,0.2774667642
daily,JPM,2026-08-19,1530,2027-01-15,0.4082191781,361.4981834862,310.0000000000,0.2679615554
daily,JPM,2026-08-19,1530,2027-01-15,0.4082191781,361.4981834862,320.0000000000,0.2635095808
daily,JPM,2026-08-19,1530,2027-01-15,0.4082191781,361.4981834862,330.0000000000,0.2593281654
daily,JPM,2026-08-19,1530,2027-01-15,0.4082191781,361.4981834862,340.0000000000,0.2530765791
daily,JPM,2026-08-19,1530,2027-01-15,0.4082191781,361.4981834862,350.0000000000,0.2485313031
daily,JPM,2026-08-19,1530,2027-01-15,0.4082191781,361.4981834862,360.0000000000,0.2424820242
daily,JPM,2026-08-19,1530,2027-01-15,0.4082191781,361.4981834862,370.0000000000,0.2364731415
daily,JPM,2026-08-19,1530,2027-01-15,0.4082191781,361.4981834862,380.0000000000,0.2358982167
daily,JPM,2026-08-19,1530,2027-01-15,0.4082191781,361.4981834862,390.0000000000,0.2294900885
daily,JPM,2026-08-19,1530,2027-01-15,0.4082191781,361.4981834862,400.0000000000,0.2293625676
daily,JPM,2026-08-19,1530,2027-01-15,0.4082191781,361.4981834862,410.0000000000,0.2286474749
daily,JPM,2026-08-19,1530,2027-01-15,0.4082191781,361.4981834862,420.0000000000,0.2276406649
daily,JPM,2026-08-19,1530,2027-01-15,0.4082191781,361.4981834862,430.0000000000,0.2274067792
daily,JPM,2026-08-19,1530,2027-01-15,0.4082191781,361.4981834862,460.0000000000,0.2300055784
daily,JPM,2026-08-19,1530,2027-01-15,0.4082191781,361.4981834862,470.0000000000,0.2330668315
daily,JPM,2026-08-19,1530,2027-03-19,0.5808219178,363.9937610906,270.0000000000,0.2992133021
daily,JPM,2026-08-19,1530,2027-03-19,0.5808219178,363.9937610906,295.0000000000,0.2780957573
daily,JPM,2026-08-19,1530,2027-03-19,0.5808219178,363.9937610906,300.0000000000,0.2728139687
daily,JPM,2026-08-19,1530,2027-03-19,0.5808219178,363.9937610906,305.0000000000,0.2696757992
daily,JPM,2026-08-19,1530,2027-03-19,0.5808219178,363.9937610906,310.0000000000,0.2667443095
daily,JPM,2026-08-19,1530,2027-03-19,0.5808219178,363.9937610906,315.0000000000,0.2664069953
daily,JPM,2026-08-19,1530,2027-03-19,0.5808219178,363.9937610906,320.0000000000,0.2645748011
daily,JPM,2026-08-19,1530,2027-03-19,0.5808219178,363.9937610906,325.0000000000,0.2614279870
daily,JPM,2026-08-19,1530,2027-03-19,0.5808219178,363.9937610906,330.0000000000,0.2579364750
daily,JPM,2026-08-19,1530,2027-03-19,0.5808219178,363.9937610906,335.0000000000,0.2552735303
daily,JPM,2026-08-19,1530,2027-03-19,0.5808219178,363.9937610906,340.0000000000,0.2536940278
daily,JPM,2026-08-19,1530,2027-03-19,0.5808219178,363.9937610906,345.0000000000,0.2507950227
daily,JPM,2026-08-19,1530,2027-03-19,0.5808219178,363.9937610906,350.0000000000,0.2471060810
daily,JPM,2026-08-19,1530,2027-03-19,0.5808219178,363.9937610906,355.0000000000,0.2445541095
daily,JPM,2026-08-19,1530,2027-03-19,0.5808219178,363.9937610906,360.0000000000,0.2429955715
daily,JPM,2026-08-19,1530,2027-03-19,0.5808219178,363.9937610906,365.0000000000,0.2420362079
daily,JPM,2026-08-19,1530,2027-03-19,0.5808219178,363.9937610906,370.0000000000,0.2397575297
daily,JPM,2026-08-19,1530,2027-03-19,0.5808219178,363.9937610906,375.0000000000,0.2361649616
daily,JPM,2026-08-19,1530,2027-03-19,0.5808219178,363.9937610906,380.0000000000,0.2355432089
daily,JPM,2026-08-19,1530,2027-03-19,0.5808219178,363.9937610906,385.0000000000,0.2339644952
daily,JPM,2026-08-19,1530,2027-03-19,0.5808219178,363.9937610906,390.0000000000,0.2310657454
daily,JPM,2026-08-19,1530,2027-03-19,0.5808219178,363.9937610906,395.0000000000,0.2309960039
daily,JPM,2026-08-19,1530,2027-03-19,0.5808219178,363.9937610906,400.0000000000,0.2296915902
daily,JPM,2026-08-19,1530,2027-03-19,0.5808219178,363.9937610906,405.0000000000,0.2283395507
daily,JPM,2026-08-19,1530,2027-03-19,0.5808219178,363.9937610906,410.0000000000,0.2285947943
daily,JPM,2026-08-19,1530,2027-03-19,0.5808219178,363.9937610906,415.0000000000,0.2290217111
daily,JPM,2026-08-19,1530,2027-03-19,0.5808219178,363.9937610906,420.0000000000,0.2290431853
daily,JPM,2026-08-19,1530,2027-03-19,0.5808219178,363.9937610906,425.0000000000,0.2294999015
daily,JPM,2026-08-19,1530,2027-03-19,0.5808219178,363.9937610906,430.0000000000,0.2289094158
daily,JPM,2026-08-19,1530,2027-03-19,0.5808219178,363.9937610906,435.0000000000,0.2271590922
daily,JPM,2026-08-19,1530,2027-03-19,0.5808219178,363.9937610906,440.0000000000,0.2312942760
daily,JPM,2026-08-19,1530,2027-06-17,0.8273972603,366.7707338983,230.0000000000,0.3249308563
daily,JPM,2026-08-19,1530,2027-06-17,0.8273972603,366.7707338983,250.0000000000,0.3113099424
daily,JPM,2026-08-19,1530,2027-06-17,0.8273972603,366.7707338983,255.0000000000,0.3064845561
daily,JPM,2026-08-19,1530,2027-06-17,0.8273972603,366.7707338983,260.0000000000,0.3010410147
daily,JPM,2026-08-19,1530,2027-06-17,0.8273972603,366.7707338983,265.0000000000,0.2975389906
daily,JPM,2026-08-19,1530,2027-06-17,0.8273972603,366.7707338983,270.0000000000,0.2949390145
daily,JPM,2026-08-19,1530,2027-06-17,0.8273972603,366.7707338983,275.0000000000,0.2914309351
daily,JPM,2026-08-19,1530,2027-06-17,0.8273972603,366.7707338983,295.0000000000,0.2824638378
daily,JPM,2026-08-19,1530,2027-06-17,0.8273972603,366.7707338983,300.0000000000,0.2783035654
daily,JPM,2026-08-19,1530,2027-06-17,0.8273972603,366.7707338983,305.0000000000,0.2734385030
daily,JPM,2026-08-19,1530,2027-06-17,0.8273972603,366.7707338983,310.0000000000,0.2739311676
daily,JPM,2026-08-19,1530,2027-06-17,0.8273972603,366.7707338983,315.0000000000,0.2732826454
daily,JPM,2026-08-19,1530,2027-06-17,0.8273972603,366.7707338983,320.0000000000,0.2716253665
daily,JPM,2026-08-19,1530,2027-06-17,0.8273972603,366.7707338983,330.0000000000,0.2656477069
daily,JPM,2026-08-19,1530,2027-06-17,0.8273972603,366.7707338983,340.0000000000,0.2589147403
daily,JPM,2026-08-19,1530,2027-06-17,0.8273972603,366.7707338983,350.0000000000,0.2560009527
daily,JPM,2026-08-19,1530,2027-06-17,0.8273972603,366.7707338983,360.0000000000,0.2514884767
daily,JPM,2026-08-19,1530,2027-06-17,0.8273972603,366.7707338983,370.0000000000,0.2441670749
daily,JPM,2026-08-19,1530,2027-06-17,0.8273972603,366.7707338983,380.0000000000,0.2418807343
daily,JPM,2026-08-19,1530,2027-06-17,0.8273972603,366.7707338983,390.0000000000,0.2397063163
daily,JPM,2026-08-19,1530,2027-06-17,0.8273972603,366.7707338983,400.0000000000,0.2367495421
daily,JPM,2026-08-19,1530,2027-06-17,0.8273972603,366.7707338983,410.0000000000,0.2345329351
daily,JPM,2026-08-19,1530,2027-06-17,0.8273972603,366.7707338983,420.0000000000,0.2353547802
daily,JPM,2026-08-19,1530,2027-06-17,0.8273972603,366.7707338983,430.0000000000,0.2331689703
daily,JPM,2026-08-19,1530,2027-06-17,0.8273972603,366.7707338983,440.0000000000,0.2301099962
daily,JPM,2026-08-19,1530,2027-06-17,0.8273972603,366.7707338983,460.0000000000,0.2365468364
daily,JPM,2026-08-19,1530,2027-06-17,0.8273972603,366.7707338983,480.0000000000,0.2339266924
daily,JPM,2026-08-19,1530,2027-06-17,0.8273972603,366.7707338983,520.0000000000,0.2372517143
daily,JPM,2026-08-19,1530,2027-09-17,1.0794520548,369.9613755961,270.0000000000,0.2973518688
daily,JPM,2026-08-19,1530,2027-09-17,1.0794520548,369.9613755961,275.0000000000,0.2963566140
daily,JPM,2026-08-19,1530,2027-09-17,1.0794520548,369.9613755961,305.0000000000,0.2755917723
daily,JPM,2026-08-19,1530,2027-09-17,1.0794520548,369.9613755961,310.0000000000,0.2702525245
daily,JPM,2026-08-19,1530,2027-09-17,1.0794520548,369.9613755961,315.0000000000,0.2679714478
daily,JPM,2026-08-19,1530,2027-09-17,1.0794520548,369.9613755961,320.0000000000,0.2650244778
daily,JPM,2026-08-19,1530,2027-09-17,1.0794520548,369.9613755961,330.0000000000,0.2633649517
daily,JPM,2026-08-19,1530,2027-09-17,1.0794520548,369.9613755961,340.0000000000,0.2588381444
daily,JPM,2026-08-19,1530,2027-09-17,1.0794520548,369.9613755961,350.0000000000,0.2558116258
daily,JPM,2026-08-19,1530,2027-09-17,1.0794520548,369.9613755961,360.0000000000,0.2541981007
daily,JPM,2026-08-19,1530,2027-09-17,1.0794520548,369.9613755961,370.0000000000,0.2519044200
daily,JPM,2026-08-19,1530,2027-09-17,1.0794520548,369.9613755961,380.0000000000,0.2504090666
daily,JPM,2026-08-19,1530,2027-09-17,1.0794520548,369.9613755961,390.0000000000,0.2463551221
daily,JPM,2026-08-19,1530,2027-09-17,1.0794520548,369.9613755961,400.0000000000,0.2434388419
daily,JPM,2026-08-19,1530,2027-09-17,1.0794520548,369.9613755961,410.0000000000,0.2422897176
daily,JPM,2026-08-19,1530,2027-09-17,1.0794520548,369.9613755961,420.0000000000,0.2433007295
daily,JPM,2026-08-19,1530,2027-09-17,1.0794520548,369.9613755961,430.0000000000,0.2427386417
daily,JPM,2026-08-19,1530,2027-09-17,1.0794520548,369.9613755961,440.0000000000,0.2402764029
daily,JPM,2026-08-19,1530,2027-09-17,1.0794520548,369.9613755961,450.0000000000,0.2392353784
daily,JPM,2026-08-19,1530,2027-12-17,1.3287671233,372.2613300528,230.0000000000,0.3230506012
daily,JPM,2026-08-19,1530,2027-12-17,1.3287671233,372.2613300528,250.0000000000,0.3065971948
daily,JPM,2026-08-19,1530,2027-12-17,1.3287671233,372.2613300528,260.0000000000,0.3007741582
daily,JPM,2026-08-19,1530,2027-12-17,1.3287671233,372.2613300528,280.0000000000,0.2895100032
daily,JPM,2026-08-19,1530,2027-12-17,1.3287671233,372.2613300528,290.0000000000,0.2870542712
daily,JPM,2026-08-19,1530,2027-12-17,1.3287671233,372.2613300528,300.0000000000,0.2821556962
daily,JPM,2026-08-19,1530,2027-12-17,1.3287671233,372.2613300528,310.0000000000,0.2773632553
daily,JPM,2026-08-19,1530,2027-12-17,1.3287671233,372.2613300528,320.0000000000,0.2744549423
daily,JPM,2026-08-19,1530,2027-12-17,1.3287671233,372.2613300528,330.0000000000,0.2703367758
daily,JPM,2026-08-19,1530,2027-12-17,1.3287671233,372.2613300528,340.0000000000,0.2642921121
daily,JPM,2026-08-19,1530,2027-12-17,1.3287671233,372.2613300528,350.0000000000,0.2605207186
daily,JPM,2026-08-19,1530,2027-12-17,1.3287671233,372.2613300528,360.0000000000,0.2571283838
daily,JPM,2026-08-19,1530,2027-12-17,1.3287671233,372.2613300528,370.0000000000,0.2516870933
daily,JPM,2026-08-19,1530,2027-12-17,1.3287671233,372.2613300528,380.0000000000,0.2492160158
daily,JPM,2026-08-19,1530,2027-12-17,1.3287671233,372.2613300528,390.0000000000,0.2467792512
daily,JPM,2026-08-19,1530,2027-12-17,1.3287671233,372.2613300528,400.0000000000,0.2457409195
daily,JPM,2026-08-19,1530,2027-12-17,1.3287671233,372.2613300528,410.0000000000,0.2427404800
daily,JPM,2026-08-19,1530,2027-12-17,1.3287671233,372.2613300528,420.0000000000,0.2430280073
daily,JPM,2026-08-19,1530,2027-12-17,1.3287671233,372.2613300528,430.0000000000,0.2420051943
daily,JPM,2026-08-19,1530,2027-12-17,1.3287671233,372.2613300528,440.0000000000,0.2418000859
daily,JPM,2026-08-19,1530,2027-12-17,1.3287671233,372.2613300528,450.0000000000,0.2399935800
daily,JPM,2026-08-19,1530,2027-12-17,1.3287671233,372.2613300528,460.0000000000,0.2393577748
daily,JPM,2026-08-19,1530,2027-12-17,1.3287671233,372.2613300528,470.0000000000,0.2370819019
daily,JPM,2026-08-19,1530,2028-01-21,1.4246575342,372.7896252942,230.0000000000,0.3185794412
daily,JPM,2026-08-19,1530,2028-01-21,1.4246575342,372.7896252942,240.0000000000,0.3135675267
daily,JPM,2026-08-19,1530,2028-01-21,1.4246575342,372.7896252942,250.0000000000,0.3063638892
daily,JPM,2026-08-19,1530,2028-01-21,1.4246575342,372.7896252942,260.0000000000,0.3036896500
daily,JPM,2026-08-19,1530,2028-01-21,1.4246575342,372.7896252942,270.0000000000,0.2996141675
daily,JPM,2026-08-19,1530,2028-01-21,1.4246575342,372.7896252942,280.0000000000,0.2934048947
daily,JPM,2026-08-19,1530,2028-01-21,1.4246575342,372.7896252942,290.0000000000,0.2871209279
daily,JPM,2026-08-19,1530,2028-01-21,1.4246575342,372.7896252942,300.0000000000,0.2836118763
daily,JPM,2026-08-19,1530,2028-01-21,1.4246575342,372.7896252942,310.0000000000,0.2792703865
daily,JPM,2026-08-19,1530,2028-01-21,1.4246575342,372.7896252942,320.0000000000,0.2756474560
daily,JPM,2026-08-19,1530,2028-01-21,1.4246575342,372.7896252942,330.0000000000,0.2700676601
daily,JPM,2026-08-19,1530,2028-01-21,1.4246575342,372.7896252942,340.0000000000,0.2672945082
daily,JPM,2026-08-19,1530,2028-01-21,1.4246575342,372.7896252942,350.0000000000,0.2633943548
daily,JPM,2026-08-19,1530,2028-01-21,1.4246575342,372.7896252942,360.0000000000,0.2576258254
daily,JPM,2026-08-19,1530,2028-01-21,1.4246575342,372.7896252942,370.0000000000,0.2541958070
daily,JPM,2026-08-19,1530,2028-01-21,1.4246575342,372.7896252942,380.0000000000,0.2529685927
daily,JPM,2026-08-19,1530,2028-01-21,1.4246575342,372.7896252942,390.0000000000,0.2498467480
daily,JPM,2026-08-19,1530,2028-01-21,1.4246575342,372.7896252942,400.0000000000,0.2484927612
daily,JPM,2026-08-19,1530,2028-01-21,1.4246575342,372.7896252942,410.0000000000,0.2453323983
daily,JPM,2026-08-19,1530,2028-01-21,1.4246575342,372.7896252942,420.0000000000,0.2452558440
daily,JPM,2026-08-19,1530,2028-01-21,1.4246575342,372.7896252942,430.0000000000,0.2435124577
daily,JPM,2026-08-19,1530,2028-01-21,1.4246575342,372.7896252942,440.0000000000,0.2400542610
daily,JPM,2026-08-19,1530,2028-01-21,1.4246575342,372.7896252942,450.0000000000,0.2411419372
daily,JPM,2026-08-19,1530,2028-01-21,1.4246575342,372.7896252942,460.0000000000,0.2414144086
daily,JPM,2026-08-19,1530,2028-01-21,1.4246575342,372.7896252942,470.0000000000,0.2410565493
daily,JPM,2026-08-19,1530,2028-01-21,1.4246575342,372.7896252942,480.0000000000,0.2392689705
daily,JPM,2026-08-19,1530,2028-01-21,1.4246575342,372.7896252942,490.0000000000,0.2359034386
daily,JPM,2026-08-19,1530,2028-01-21,1.4246575342,372.7896252942,520.0000000000,0.2439612729
daily,JPM,2026-08-20,1530,2026-08-28,0.0219178082,354.1935172862,342.5000000000,0.2264448101
daily,JPM,2026-08-20,1530,2026-08-28,0.0219178082,354.1935172862,345.0000000000,0.2164739640
daily,JPM,2026-08-20,1530,2026-08-28,0.0219178082,354.1935172862,347.5000000000,0.2145549435
daily,JPM,2026-08-20,1530,2026-08-28,0.0219178082,354.1935172862,350.0000000000,0.2106210615
daily,JPM,2026-08-20,1530,2026-08-28,0.0219178082,354.1935172862,352.5000000000,0.2045907021
daily,JPM,2026-08-20,1530,2026-08-28,0.0219178082,354.1935172862,355.0000000000,0.2060676203
daily,JPM,2026-08-20,1530,2026-08-28,0.0219178082,354.1935172862,357.5000000000,0.2010996016
daily,JPM,2026-08-20,1530,2026-08-28,0.0219178082,354.1935172862,360.0000000000,0.1993884670
daily,JPM,2026-08-20,1530,2026-08-28,0.0219178082,354.1935172862,362.5000000000,0.1963948186
daily,JPM,2026-08-20,1530,2026-08-28,0.0219178082,354.1935172862,377.5000000000,0.2249994348
daily,JPM,2026-08-20,1530,2026-08-28,0.0219178082,354.1935172862,385.0000000000,0.2662366980
daily,JPM,2026-08-20,1530,2026-09-04,0.0410958904,354.3418473467,340.0000000000,0.2249744921
daily,JPM,2026-08-20,1530,2026-09-04,0.0410958904,354.3418473467,342.5000000000,0.2208981521
daily,JPM,2026-08-20,1530,2026-09-04,0.0410958904,354.3418473467,345.0000000000,0.2179348174
daily,JPM,2026-08-20,1530,2026-09-04,0.0410958904,354.3418473467,347.5000000000,0.2159993844
daily,JPM,2026-08-20,1530,2026-09-04,0.0410958904,354.3418473467,350.0000000000,0.2144009262
daily,JPM,2026-08-20,1530,2026-09-04,0.0410958904,354.3418473467,352.5000000000,0.2118333445
daily,JPM,2026-08-20,1530,2026-09-04,0.0410958904,354.3418473467,355.0000000000,0.2059464808
daily,JPM,2026-08-20,1530,2026-09-04,0.0410958904,354.3418473467,357.5000000000,0.2022027351
daily,JPM,2026-08-20,1530,2026-09-04,0.0410958904,354.3418473467,360.0000000000,0.2024656025
daily,JPM,2026-08-20,1530,2026-09-04,0.0410958904,354.3418473467,362.5000000000,0.1989819951
daily,JPM,2026-08-20,1530,2026-09-04,0.0410958904,354.3418473467,365.0000000000,0.1996374644
daily,JPM,2026-08-20,1530,2026-09-04,0.0410958904,354.3418473467,367.5000000000,0.1969003514
daily,JPM,2026-08-20,1530,2026-09-11,0.0602739726,354.7341569080,340.0000000000,0.2159895694
daily,JPM,2026-08-20,1530,2026-09-11,0.0602739726,354.7341569080,345.0000000000,0.2102794124
daily,JPM,2026-08-20,1530,2026-09-11,0.0602739726,354.7341569080,350.0000000000,0.2046935968
daily,JPM,2026-08-20,1530,2026-09-11,0.0602739726,354.7341569080,355.0000000000,0.1999102326
daily,JPM,2026-08-20,1530,2026-09-11,0.0602739726,354.7341569080,360.0000000000,0.1956840603
daily,JPM,2026-08-20,1530,2026-09-11,0.0602739726,354.7341569080,365.0000000000,0.1926786365
daily,JPM,2026-08-20,1530,2026-09-11,0.0602739726,354.7341569080,370.0000000000,0.1913032179
daily,JPM,2026-08-20,1530,2026-09-18,0.0794520548,354.8941209959,310.0000000000,0.2563525142
daily,JPM,2026-08-20,1530,2026-09-18,0.0794520548,354.8941209959,315.0000000000,0.2491154374
daily,JPM,2026-08-20,1530,2026-09-18,0.0794520548,354.8941209959,320.0000000000,0.2402790410
daily,JPM,2026-08-20,1530,2026-09-18,0.0794520548,354.8941209959,325.0000000000,0.2319976629
daily,JPM,2026-08-20,1530,2026-09-18,0.0794520548,354.8941209959,330.0000000000,0.2270096803
daily,JPM,2026-08-20,1530,2026-09-18,0.0794520548,354.8941209959,335.0000000000,0.2213257184
daily,JPM,2026-08-20,1530,2026-09-18,0.0794520548,354.8941209959,340.0000000000,0.2173413940
daily,JPM,2026-08-20,1530,2026-09-18,0.0794520548,354.8941209959,345.0000000000,0.2115034155
daily,JPM,2026-08-20,1530,2026-09-18,0.0794520548,354.8941209959,350.0000000000,0.2062281638
daily,JPM,2026-08-20,1530,2026-09-18,0.0794520548,354.8941209959,355.0000000000,0.2023817865
daily,JPM,2026-08-20,1530,2026-09-18,0.0794520548,354.8941209959,360.0000000000,0.1973049346
daily,JPM,2026-08-20,1530,2026-09-18,0.0794520548,354.8941209959,365.0000000000,0.1938081339
daily,JPM,2026-08-20,1530,2026-09-18,0.0794520548,354.8941209959,370.0000000000,0.1916599953
daily,JPM,2026-08-20,1530,2026-09-18,0.0794520548,354.8941209959,375.0000000000,0.1918575557
daily,JPM,2026-08-20,1530,2026-09-18,0.0794520548,354.8941209959,380.0000000000,0.1922547331
daily,JPM,2026-08-20,1530,2026-09-25,0.0986301370,355.0925169698,310.1732988750,0.2300834230
daily,JPM,2026-08-20,1530,2026-09-25,0.0986301370,355.0925169698,315.1760940182,0.2235879477
daily,JPM,2026-08-20,1530,2026-09-25,0.0986301370,355.0925169698,335.0000000000,0.2204038498
daily,JPM,2026-08-20,1530,2026-09-25,0.0986301370,355.0925169698,340.0000000000,0.2161062140
daily,JPM,2026-08-20,1530,2026-09-25,0.0986301370,355.0925169698,345.0000000000,0.2091255332
daily,JPM,2026-08-20,1530,2026-09-25,0.0986301370,355.0925169698,350.0000000000,0.2057907462
daily,JPM,2026-08-20,1530,2026-09-25,0.0986301370,355.0925169698,355.0000000000,0.2017455915
daily,JPM,2026-08-20,1530,2026-09-25,0.0986301370,355.0925169698,360.0000000000,0.1999411637
daily,JPM,2026-08-20,1530,2026-09-25,0.0986301370,355.0925169698,370.0000000000,0.1951830295
daily,JPM,2026-08-20,1530,2026-09-25,0.0986301370,355.0925169698,375.0000000000,0.1923069199
daily,JPM,2026-08-20,1530,2026-10-02,0.1178082192,355.4866855875,340.0000000000,0.2142271270
daily,JPM,2026-08-20,1530,2026-10-02,0.1178082192,355.4866855875,345.0000000000,0.2091713194
daily,JPM,2026-08-20,1530,2026-10-02,0.1178082192,355.4866855875,350.0000000000,0.2051750927
daily,JPM,2026-08-20,1530,2026-10-02,0.1178082192,355.4866855875,355.0000000000,0.2051842328
daily,JPM,2026-08-20,1530,2026-10-02,0.1178082192,355.4866855875,360.0000000000,0.1973322160
daily,JPM,2026-08-20,1530,2026-10-02,0.1178082192,355.4866855875,370.0000000000,0.1933469598
daily,JPM,2026-08-20,1530,2026-10-02,0.1178082192,355.4866855875,380.0000000000,0.1968255049
daily,JPM,2026-08-20,1530,2026-10-16,0.1561643836,354.3333751871,280.0000000000,0.3150147518
daily,JPM,2026-08-20,1530,2026-10-16,0.1561643836,354.3333751871,290.0000000000,0.2984915988
daily,JPM,2026-08-20,1530,2026-10-16,0.1561643836,354.3333751871,305.0000000000,0.2736993948
daily,JPM,2026-08-20,1530,2026-10-16,0.1561643836,354.3333751871,310.0000000000,0.2711245697
daily,JPM,2026-08-20,1530,2026-10-16,0.1561643836,354.3333751871,315.0000000000,0.2641425206
daily,JPM,2026-08-20,1530,2026-10-16,0.1561643836,354.3333751871,320.0000000000,0.2596887568
daily,JPM,2026-08-20,1530,2026-10-16,0.1561643836,354.3333751871,325.0000000000,0.2542524491
daily,JPM,2026-08-20,1530,2026-10-16,0.1561643836,354.3333751871,330.0000000000,0.2510719935
daily,JPM,2026-08-20,1530,2026-10-16,0.1561643836,354.3333751871,335.0000000000,0.2470603269
daily,JPM,2026-08-20,1530,2026-10-16,0.1561643836,354.3333751871,340.0000000000,0.2424306697
daily,JPM,2026-08-20,1530,2026-10-16,0.1561643836,354.3333751871,345.0000000000,0.2377956194
daily,JPM,2026-08-20,1530,2026-10-16,0.1561643836,354.3333751871,350.0000000000,0.2332052372
daily,JPM,2026-08-20,1530,2026-10-16,0.1561643836,354.3333751871,355.0000000000,0.2289659357
daily,JPM,2026-08-20,1530,2026-10-16,0.1561643836,354.3333751871,360.0000000000,0.2222989545
daily,JPM,2026-08-20,1530,2026-10-16,0.1561643836,354.3333751871,365.0000000000,0.2221797563
daily,JPM,2026-08-20,1530,2026-10-16,0.1561643836,354.3333751871,370.0000000000,0.2213076034
daily,JPM,2026-08-20,1530,2026-10-16,0.1561643836,354.3333751871,375.0000000000,0.2209960706
daily,JPM,2026-08-20,1530,2026-10-16,0.1561643836,354.3333751871,380.0000000000,0.2191030822
daily,JPM,2026-08-20,1530,2026-10-16,0.1561643836,354.3333751871,385.0000000000,0.2183207597
daily,JPM,2026-08-20,1530,2026-10-16,0.1561643836,354.3333751871,390.0000000000,0.2174857697
daily,JPM,2026-08-20,1530,2026-10-16,0.1561643836,354.3333751871,405.0000000000,0.2210321865
daily,JPM,2026-08-20,1530,2026-11-20,0.2520547945,355.6831796199,270.0000000000,0.3098644608
daily,JPM,2026-08-20,1530,2026-11-20,0.2520547945,355.6831796199,275.0000000000,0.3027217326
daily,JPM,2026-08-20,1530,2026-11-20,0.2520547945,355.6831796199,290.0000000000,0.2801620664
daily,JPM,2026-08-20,1530,2026-11-20,0.2520547945,355.6831796199,300.0000000000,0.2719061898
daily,JPM,2026-08-20,1530,2026-11-20,0.2520547945,355.6831796199,305.0000000000,0.2642010325
daily,JPM,2026-08-20,1530,2026-11-20,0.2520547945,355.6831796199,310.0000000000,0.2632418124
daily,JPM,2026-08-20,1530,2026-11-20,0.2520547945,355.6831796199,315.0000000000,0.2604785063
daily,JPM,2026-08-20,1530,2026-11-20,0.2520547945,355.6831796199,320.0000000000,0.2576760763
daily,JPM,2026-08-20,1530,2026-11-20,0.2520547945,355.6831796199,325.0000000000,0.2526495588
daily,JPM,2026-08-20,1530,2026-11-20,0.2520547945,355.6831796199,330.0000000000,0.2491094062
daily,JPM,2026-08-20,1530,2026-11-20,0.2520547945,355.6831796199,335.0000000000,0.2456741592
daily,JPM,2026-08-20,1530,2026-11-20,0.2520547945,355.6831796199,340.0000000000,0.2428631919
daily,JPM,2026-08-20,1530,2026-11-20,0.2520547945,355.6831796199,345.0000000000,0.2392754065
daily,JPM,2026-08-20,1530,2026-11-20,0.2520547945,355.6831796199,350.0000000000,0.2367341790
daily,JPM,2026-08-20,1530,2026-11-20,0.2520547945,355.6831796199,355.0000000000,0.2315603743
daily,JPM,2026-08-20,1530,2026-11-20,0.2520547945,355.6831796199,360.0000000000,0.2252348329
daily,JPM,2026-08-20,1530,2026-11-20,0.2520547945,355.6831796199,365.0000000000,0.2214384953
daily,JPM,2026-08-20,1530,2026-11-20,0.2520547945,355.6831796199,370.0000000000,0.2203748682
daily,JPM,2026-08-20,1530,2026-11-20,0.2520547945,355.6831796199,375.0000000000,0.2185630839
daily,JPM,2026-08-20,1530,2026-11-20,0.2520547945,355.6831796199,380.0000000000,0.2176694602
daily,JPM,2026-08-20,1530,2026-11-20,0.2520547945,355.6831796199,385.0000000000,0.2171107016
daily,JPM,2026-08-20,1530,2026-11-20,0.2520547945,355.6831796199,390.0000000000,0.2169687703
daily,JPM,2026-08-20,1530,2026-11-20,0.2520547945,355.6831796199,395.0000000000,0.2171129846
daily,JPM,2026-08-20,1530,2026-11-20,0.2520547945,355.6831796199,400.0000000000,0.2186658068
daily,JPM,2026-08-20,1530,2026-12-18,0.3287671233,356.8986631052,270.0000000000,0.3032268100
daily,JPM,2026-08-20,1530,2026-12-18,0.3287671233,356.8986631052,275.0000000000,0.2944585249
daily,JPM,2026-08-20,1530,2026-12-18,0.3287671233,356.8986631052,285.0000000000,0.2850081384
daily,JPM,2026-08-20,1530,2026-12-18,0.3287671233,356.8986631052,295.0000000000,0.2733839530
daily,JPM,2026-08-20,1530,2026-12-18,0.3287671233,356.8986631052,300.0000000000,0.2693346269
daily,JPM,2026-08-20,1530,2026-12-18,0.3287671233,356.8986631052,305.0000000000,0.2633327077
daily,JPM,2026-08-20,1530,2026-12-18,0.3287671233,356.8986631052,310.0000000000,0.2632768887
daily,JPM,2026-08-20,1530,2026-12-18,0.3287671233,356.8986631052,315.0000000000,0.2611226794
daily,JPM,2026-08-20,1530,2026-12-18,0.3287671233,356.8986631052,320.0000000000,0.2566392372
daily,JPM,2026-08-20,1530,2026-12-18,0.3287671233,356.8986631052,325.0000000000,0.2526504396
daily,JPM,2026-08-20,1530,2026-12-18,0.3287671233,356.8986631052,330.0000000000,0.2506427008
daily,JPM,2026-08-20,1530,2026-12-18,0.3287671233,356.8986631052,335.0000000000,0.2478029454
daily,JPM,2026-08-20,1530,2026-12-18,0.3287671233,356.8986631052,340.0000000000,0.2435763425
daily,JPM,2026-08-20,1530,2026-12-18,0.3287671233,356.8986631052,345.0000000000,0.2412764486
daily,JPM,2026-08-20,1530,2026-12-18,0.3287671233,356.8986631052,350.0000000000,0.2375586733
daily,JPM,2026-08-20,1530,2026-12-18,0.3287671233,356.8986631052,355.0000000000,0.2343183857
daily,JPM,2026-08-20,1530,2026-12-18,0.3287671233,356.8986631052,360.0000000000,0.2285918739
daily,JPM,2026-08-20,1530,2026-12-18,0.3287671233,356.8986631052,365.0000000000,0.2257587803
daily,JPM,2026-08-20,1530,2026-12-18,0.3287671233,356.8986631052,370.0000000000,0.2246270311
daily,JPM,2026-08-20,1530,2026-12-18,0.3287671233,356.8986631052,375.0000000000,0.2226424883
daily,JPM,2026-08-20,1530,2026-12-18,0.3287671233,356.8986631052,380.0000000000,0.2200602270
daily,JPM,2026-08-20,1530,2026-12-18,0.3287671233,356.8986631052,385.0000000000,0.2174373847
daily,JPM,2026-08-20,1530,2026-12-18,0.3287671233,356.8986631052,390.0000000000,0.2182513890
daily,JPM,2026-08-20,1530,2026-12-18,0.3287671233,356.8986631052,395.0000000000,0.2167173813
daily,JPM,2026-08-20,1530,2026-12-18,0.3287671233,356.8986631052,400.0000000000,0.2156051538
daily,JPM,2026-08-20,1530,2026-12-18,0.3287671233,356.8986631052,405.0000000000,0.2166358857
daily,JPM,2026-08-20,1530,2026-12-18,0.3287671233,356.8986631052,410.0000000000,0.2180166156
daily,JPM,2026-08-20,1530,2026-12-18,0.3287671233,356.8986631052,415.0000000000,0.2187181905
daily,JPM,2026-08-20,1530,2026-12-18,0.3287671233,356.8986631052,420.0000000000,0.2190305010
daily,JPM,2026-08-20,1530,2027-01-15,0.4054794521,357.2080111697,250.0000000000,0.3316575326
daily,JPM,2026-08-20,1530,2027-01-15,0.4054794521,357.2080111697,260.0000000000,0.3202982172
daily,JPM,2026-08-20,1530,2027-01-15,0.4054794521,357.2080111697,270.0000000000,0.3094748581
daily,JPM,2026-08-20,1530,2027-01-15,0.4054794521,357.2080111697,280.0000000000,0.2981318751
daily,JPM,2026-08-20,1530,2027-01-15,0.4054794521,357.2080111697,290.0000000000,0.2905591792
daily,JPM,2026-08-20,1530,2027-01-15,0.4054794521,357.2080111697,300.0000000000,0.2805826667
daily,JPM,2026-08-20,1530,2027-01-15,0.4054794521,357.2080111697,310.0000000000,0.2729379690
daily,JPM,2026-08-20,1530,2027-01-15,0.4054794521,357.2080111697,320.0000000000,0.2641371867
daily,JPM,2026-08-20,1530,2027-01-15,0.4054794521,357.2080111697,330.0000000000,0.2583499762
daily,JPM,2026-08-20,1530,2027-01-15,0.4054794521,357.2080111697,340.0000000000,0.2513920809
daily,JPM,2026-08-20,1530,2027-01-15,0.4054794521,357.2080111697,350.0000000000,0.2450150100
daily,JPM,2026-08-20,1530,2027-01-15,0.4054794521,357.2080111697,360.0000000000,0.2411361662
daily,JPM,2026-08-20,1530,2027-01-15,0.4054794521,357.2080111697,370.0000000000,0.2346140737
daily,JPM,2026-08-20,1530,2027-01-15,0.4054794521,357.2080111697,380.0000000000,0.2339088584
daily,JPM,2026-08-20,1530,2027-01-15,0.4054794521,357.2080111697,390.0000000000,0.2287229335
daily,JPM,2026-08-20,1530,2027-01-15,0.4054794521,357.2080111697,400.0000000000,0.2285358021
daily,JPM,2026-08-20,1530,2027-01-15,0.4054794521,357.2080111697,410.0000000000,0.2262436106
daily,JPM,2026-08-20,1530,2027-01-15,0.4054794521,357.2080111697,420.0000000000,0.2279410143
daily,JPM,2026-08-20,1530,2027-01-15,0.4054794521,357.2080111697,430.0000000000,0.2270726080
daily,JPM,2026-08-20,1530,2027-01-15,0.4054794521,357.2080111697,440.0000000000,0.2275593838
daily,JPM,2026-08-20,1530,2027-03-19,0.5780821918,359.3516005872,255.0000000000,0.3128968571
daily,JPM,2026-08-20,1530,2027-03-19,0.5780821918,359.3516005872,275.0000000000,0.2963149767
daily,JPM,2026-08-20,1530,2027-03-19,0.5780821918,359.3516005872,280.0000000000,0.2897355480
daily,JPM,2026-08-20,1530,2027-03-19,0.5780821918,359.3516005872,285.0000000000,0.2824389686
daily,JPM,2026-08-20,1530,2027-03-19,0.5780821918,359.3516005872,290.0000000000,0.2798682434
daily,JPM,2026-08-20,1530,2027-03-19,0.5780821918,359.3516005872,295.0000000000,0.2760031260
daily,JPM,2026-08-20,1530,2027-03-19,0.5780821918,359.3516005872,300.0000000000,0.2741463128
daily,JPM,2026-08-20,1530,2027-03-19,0.5780821918,359.3516005872,305.0000000000,0.2709127364
daily,JPM,2026-08-20,1530,2027-03-19,0.5780821918,359.3516005872,310.0000000000,0.2700211807
daily,JPM,2026-08-20,1530,2027-03-19,0.5780821918,359.3516005872,315.0000000000,0.2676656370
daily,JPM,2026-08-20,1530,2027-03-19,0.5780821918,359.3516005872,320.0000000000,0.2643657459
daily,JPM,2026-08-20,1530,2027-03-19,0.5780821918,359.3516005872,325.0000000000,0.2618869829
daily,JPM,2026-08-20,1530,2027-03-19,0.5780821918,359.3516005872,330.0000000000,0.2597571291
daily,JPM,2026-08-20,1530,2027-03-19,0.5780821918,359.3516005872,335.0000000000,0.2563173236
daily,JPM,2026-08-20,1530,2027-03-19,0.5780821918,359.3516005872,340.0000000000,0.2541392086
daily,JPM,2026-08-20,1530,2027-03-19,0.5780821918,359.3516005872,345.0000000000,0.2509879026
daily,JPM,2026-08-20,1530,2027-03-19,0.5780821918,359.3516005872,350.0000000000,0.2488760815
daily,JPM,2026-08-20,1530,2027-03-19,0.5780821918,359.3516005872,355.0000000000,0.2464646024
daily,JPM,2026-08-20,1530,2027-03-19,0.5780821918,359.3516005872,360.0000000000,0.2449527675
daily,JPM,2026-08-20,1530,2027-03-19,0.5780821918,359.3516005872,365.0000000000,0.2428798824
daily,JPM,2026-08-20,1530,2027-03-19,0.5780821918,359.3516005872,370.0000000000,0.2425482494
daily,JPM,2026-08-20,1530,2027-03-19,0.5780821918,359.3516005872,375.0000000000,0.2409014161
daily,JPM,2026-08-20,1530,2027-03-19,0.5780821918,359.3516005872,380.0000000000,0.2379261538
daily,JPM,2026-08-20,1530,2027-03-19,0.5780821918,359.3516005872,385.0000000000,0.2367713858
daily,JPM,2026-08-20,1530,2027-03-19,0.5780821918,359.3516005872,390.0000000000,0.2343026111
daily,JPM,2026-08-20,1530,2027-03-19,0.5780821918,359.3516005872,395.0000000000,0.2337016920
daily,JPM,2026-08-20,1530,2027-03-19,0.5780821918,359.3516005872,400.0000000000,0.2318319629
daily,JPM,2026-08-20,1530,2027-03-19,0.5780821918,359.3516005872,405.0000000000,0.2318955557
daily,JPM,2026-08-20,1530,2027-03-19,0.5780821918,359.3516005872,410.0000000000,0.2319489001
daily,JPM,2026-08-20,1530,2027-03-19,0.5780821918,359.3516005872,415.0000000000,0.2308421642
daily,JPM,2026-08-20,1530,2027-03-19,0.5780821918,359.3516005872,420.0000000000,0.2284607269
daily,JPM,2026-08-20,1530,2027-03-19,0.5780821918,359.3516005872,425.0000000000,0.2287101789
daily,JPM,2026-08-20,1530,2027-03-19,0.5780821918,359.3516005872,430.0000000000,0.2278759937
daily,JPM,2026-08-20,1530,2027-03-19,0.5780821918,359.3516005872,435.0000000000,0.2273259511
daily,JPM,2026-08-20,1530,2027-03-19,0.5780821918,359.3516005872,440.0000000000,0.2269351956
daily,JPM,2026-08-20,1530,2027-03-19,0.5780821918,359.3516005872,445.0000000000,0.2254162928
daily,JPM,2026-08-20,1530,2027-03-19,0.5780821918,359.3516005872,455.0000000000,0.2283241909
daily,JPM,2026-08-20,1530,2027-03-19,0.5780821918,359.3516005872,465.0000000000,0.2279603777
daily,JPM,2026-08-20,1530,2027-03-19,0.5780821918,359.3516005872,470.0000000000,0.2286550167
daily,JPM,2026-08-20,1530,2027-06-17,0.8246575342,362.1102104013,230.0000000000,0.3274852638
daily,JPM,2026-08-20,1530,2027-06-17,0.8246575342,362.1102104013,240.0000000000,0.3180514766
daily,JPM,2026-08-20,1530,2027-06-17,0.8246575342,362.1102104013,250.0000000000,0.3075537570
daily,JPM,2026-08-20,1530,2027-06-17,0.8246575342,362.1102104013,255.0000000000,0.3034038764
daily,JPM,2026-08-20,1530,2027-06-17,0.8246575342,362.1102104013,260.0000000000,0.3001957756
daily,JPM,2026-08-20,1530,2027-06-17,0.8246575342,362.1102104013,265.0000000000,0.2969939693
daily,JPM,2026-08-20,1530,2027-06-17,0.8246575342,362.1102104013,270.0000000000,0.2937704332
daily,JPM,2026-08-20,1530,2027-06-17,0.8246575342,362.1102104013,275.0000000000,0.2897017084
daily,JPM,2026-08-20,1530,2027-06-17,0.8246575342,362.1102104013,280.0000000000,0.2861081537
daily,JPM,2026-08-20,1530,2027-06-17,0.8246575342,362.1102104013,285.0000000000,0.2851343871
daily,JPM,2026-08-20,1530,2027-06-17,0.8246575342,362.1102104013,290.0000000000,0.2830616606
daily,JPM,2026-08-20,1530,2027-06-17,0.8246575342,362.1102104013,295.0000000000,0.2800373714
daily,JPM,2026-08-20,1530,2027-06-17,0.8246575342,362.1102104013,300.0000000000,0.2769731206
daily,JPM,2026-08-20,1530,2027-06-17,0.8246575342,362.1102104013,305.0000000000,0.2730716254
daily,JPM,2026-08-20,1530,2027-06-17,0.8246575342,362.1102104013,310.0000000000,0.2718265711
daily,JPM,2026-08-20,1530,2027-06-17,0.8246575342,362.1102104013,315.0000000000,0.2695870633
daily,JPM,2026-08-20,1530,2027-06-17,0.8246575342,362.1102104013,320.0000000000,0.2664462840
daily,JPM,2026-08-20,1530,2027-06-17,0.8246575342,362.1102104013,330.0000000000,0.2631854669
daily,JPM,2026-08-20,1530,2027-06-17,0.8246575342,362.1102104013,340.0000000000,0.2585250065
daily,JPM,2026-08-20,1530,2027-06-17,0.8246575342,362.1102104013,350.0000000000,0.2542902951
daily,JPM,2026-08-20,1530,2027-06-17,0.8246575342,362.1102104013,360.0000000000,0.2502706113
daily,JPM,2026-08-20,1530,2027-06-17,0.8246575342,362.1102104013,370.0000000000,0.2464705041
daily,JPM,2026-08-20,1530,2027-06-17,0.8246575342,362.1102104013,380.0000000000,0.2433705283
daily,JPM,2026-08-20,1530,2027-06-17,0.8246575342,362.1102104013,390.0000000000,0.2400543808
daily,JPM,2026-08-20,1530,2027-06-17,0.8246575342,362.1102104013,400.0000000000,0.2378058083
daily,JPM,2026-08-20,1530,2027-06-17,0.8246575342,362.1102104013,410.0000000000,0.2358666560
daily,JPM,2026-08-20,1530,2027-06-17,0.8246575342,362.1102104013,420.0000000000,0.2335911163
daily,JPM,2026-08-20,1530,2027-06-17,0.8246575342,362.1102104013,430.0000000000,0.2327214973
daily,JPM,2026-08-20,1530,2027-06-17,0.8246575342,362.1102104013,440.0000000000,0.2328264440
daily,JPM,2026-08-20,1530,2027-06-17,0.8246575342,362.1102104013,450.0000000000,0.2299803641
daily,JPM,2026-08-20,1530,2027-06-17,0.8246575342,362.1102104013,460.0000000000,0.2302465419
daily,JPM,2026-08-20,1530,2027-06-17,0.8246575342,362.1102104013,480.0000000000,0.2355946783
daily,JPM,2026-08-20,1530,2027-06-17,0.8246575342,362.1102104013,490.0000000000,0.2353034843
daily,JPM,2026-08-20,1530,2027-06-17,0.8246575342,362.1102104013,500.0000000000,0.2347622887
daily,JPM,2026-08-20,1530,2027-06-17,0.8246575342,362.1102104013,520.0000000000,0.2393575280
daily,JPM,2026-08-20,1530,2027-09-17,1.0767123288,366.1603028613,220.0000000000,0.3347764627
daily,JPM,2026-08-20,1530,2027-09-17,1.0767123288,366.1603028613,230.0000000000,0.3225288944
daily,JPM,2026-08-20,1530,2027-09-17,1.0767123288,366.1603028613,250.0000000000,0.3086105828
daily,JPM,2026-08-20,1530,2027-09-17,1.0767123288,366.1603028613,255.0000000000,0.3066121098
daily,JPM,2026-08-20,1530,2027-09-17,1.0767123288,366.1603028613,265.0000000000,0.3003148421
daily,JPM,2026-08-20,1530,2027-09-17,1.0767123288,366.1603028613,270.0000000000,0.2962179150
daily,JPM,2026-08-20,1530,2027-09-17,1.0767123288,366.1603028613,285.0000000000,0.2879399972
daily,JPM,2026-08-20,1530,2027-09-17,1.0767123288,366.1603028613,290.0000000000,0.2839001296
daily,JPM,2026-08-20,1530,2027-09-17,1.0767123288,366.1603028613,295.0000000000,0.2793215532
daily,JPM,2026-08-20,1530,2027-09-17,1.0767123288,366.1603028613,300.0000000000,0.2776201326
daily,JPM,2026-08-20,1530,2027-09-17,1.0767123288,366.1603028613,305.0000000000,0.2751820131
daily,JPM,2026-08-20,1530,2027-09-17,1.0767123288,366.1603028613,310.0000000000,0.2720747348
daily,JPM,2026-08-20,1530,2027-09-17,1.0767123288,366.1603028613,315.0000000000,0.2702365128
daily,JPM,2026-08-20,1530,2027-09-17,1.0767123288,366.1603028613,320.0000000000,0.2676948309
daily,JPM,2026-08-20,1530,2027-09-17,1.0767123288,366.1603028613,330.0000000000,0.2606906003
daily,JPM,2026-08-20,1530,2027-09-17,1.0767123288,366.1603028613,340.0000000000,0.2585541803
daily,JPM,2026-08-20,1530,2027-09-17,1.0767123288,366.1603028613,350.0000000000,0.2562021353
daily,JPM,2026-08-20,1530,2027-09-17,1.0767123288,366.1603028613,360.0000000000,0.2511195936
daily,JPM,2026-08-20,1530,2027-09-17,1.0767123288,366.1603028613,370.0000000000,0.2482484904
daily,JPM,2026-08-20,1530,2027-09-17,1.0767123288,366.1603028613,380.0000000000,0.2427983303
daily,JPM,2026-08-20,1530,2027-09-17,1.0767123288,366.1603028613,390.0000000000,0.2425878317
daily,JPM,2026-08-20,1530,2027-09-17,1.0767123288,366.1603028613,400.0000000000,0.2411596756
daily,JPM,2026-08-20,1530,2027-09-17,1.0767123288,366.1603028613,410.0000000000,0.2378723947
daily,JPM,2026-08-20,1530,2027-09-17,1.0767123288,366.1603028613,420.0000000000,0.2351666513
daily,JPM,2026-08-20,1530,2027-09-17,1.0767123288,366.1603028613,430.0000000000,0.2355725182
daily,JPM,2026-08-20,1530,2027-09-17,1.0767123288,366.1603028613,440.0000000000,0.2374962742
daily,JPM,2026-08-20,1530,2027-09-17,1.0767123288,366.1603028613,450.0000000000,0.2378349339
daily,JPM,2026-08-20,1530,2027-09-17,1.0767123288,366.1603028613,470.0000000000,0.2364884558
daily,JPM,2026-08-20,1530,2027-12-17,1.3260273973,368.0059488528,230.0000000000,0.3231601998
daily,JPM,2026-08-20,1530,2027-12-17,1.3260273973,368.0059488528,240.0000000000,0.3152695100
daily,JPM,2026-08-20,1530,2027-12-17,1.3260273973,368.0059488528,250.0000000000,0.3082813211
daily,JPM,2026-08-20,1530,2027-12-17,1.3260273973,368.0059488528,260.0000000000,0.2994072228
daily,JPM,2026-08-20,1530,2027-12-17,1.3260273973,368.0059488528,270.0000000000,0.2954063452
daily,JPM,2026-08-20,1530,2027-12-17,1.3260273973,368.0059488528,280.0000000000,0.2904579544
daily,JPM,2026-08-20,1530,2027-12-17,1.3260273973,368.0059488528,290.0000000000,0.2846814178
daily,JPM,2026-08-20,1530,2027-12-17,1.3260273973,368.0059488528,300.0000000000,0.2814656553
daily,JPM,2026-08-20,1530,2027-12-17,1.3260273973,368.0059488528,310.0000000000,0.2759535014
daily,JPM,2026-08-20,1530,2027-12-17,1.3260273973,368.0059488528,320.0000000000,0.2724809640
daily,JPM,2026-08-20,1530,2027-12-17,1.3260273973,368.0059488528,330.0000000000,0.2668331105
daily,JPM,2026-08-20,1530,2027-12-17,1.3260273973,368.0059488528,340.0000000000,0.2628820237
daily,JPM,2026-08-20,1530,2027-12-17,1.3260273973,368.0059488528,350.0000000000,0.2568445612
daily,JPM,2026-08-20,1530,2027-12-17,1.3260273973,368.0059488528,360.0000000000,0.2550350568
daily,JPM,2026-08-20,1530,2027-12-17,1.3260273973,368.0059488528,370.0000000000,0.2510575636
daily,JPM,2026-08-20,1530,2027-12-17,1.3260273973,368.0059488528,380.0000000000,0.2488471323
daily,JPM,2026-08-20,1530,2027-12-17,1.3260273973,368.0059488528,390.0000000000,0.2468172344
daily,JPM,2026-08-20,1530,2027-12-17,1.3260273973,368.0059488528,400.0000000000,0.2427352440
daily,JPM,2026-08-20,1530,2027-12-17,1.3260273973,368.0059488528,410.0000000000,0.2414778192
daily,JPM,2026-08-20,1530,2027-12-17,1.3260273973,368.0059488528,420.0000000000,0.2403728962
daily,JPM,2026-08-20,1530,2027-12-17,1.3260273973,368.0059488528,430.0000000000,0.2399349650
daily,JPM,2026-08-20,1530,2027-12-17,1.3260273973,368.0059488528,440.0000000000,0.2388670550
daily,JPM,2026-08-20,1530,2027-12-17,1.3260273973,368.0059488528,450.0000000000,0.2380937369
daily,JPM,2026-08-20,1530,2027-12-17,1.3260273973,368.0059488528,460.0000000000,0.2378660991
daily,JPM,2026-08-20,1530,2027-12-17,1.3260273973,368.0059488528,470.0000000000,0.2395439110
daily,JPM,2026-08-20,1530,2027-12-17,1.3260273973,368.0059488528,480.0000000000,0.2399083436
daily,JPM,2026-08-20,1530,2027-12-17,1.3260273973,368.0059488528,490.0000000000,0.2388625315
daily,JPM,2026-08-20,1530,2027-12-17,1.3260273973,368.0059488528,500.0000000000,0.2400708726
daily,JPM,2026-08-20,1530,2027-12-17,1.3260273973,368.0059488528,520.0000000000,0.2388382372
daily,JPM,2026-08-20,1530,2028-01-21,1.4219178082,368.1912532096,230.0000000000,0.3179222904
daily,JPM,2026-08-20,1530,2028-01-21,1.4219178082,368.1912532096,240.0000000000,0.3146432177
daily,JPM,2026-08-20,1530,2028-01-21,1.4219178082,368.1912532096,250.0000000000,0.3087513670
daily,JPM,2026-08-20,1530,2028-01-21,1.4219178082,368.1912532096,260.0000000000,0.3017978533
daily,JPM,2026-08-20,1530,2028-01-21,1.4219178082,368.1912532096,270.0000000000,0.2931283337
daily,JPM,2026-08-20,1530,2028-01-21,1.4219178082,368.1912532096,280.0000000000,0.2913998345
daily,JPM,2026-08-20,1530,2028-01-21,1.4219178082,368.1912532096,290.0000000000,0.2871598287
daily,JPM,2026-08-20,1530,2028-01-21,1.4219178082,368.1912532096,300.0000000000,0.2829089447
daily,JPM,2026-08-20,1530,2028-01-21,1.4219178082,368.1912532096,310.0000000000,0.2774418961
daily,JPM,2026-08-20,1530,2028-01-21,1.4219178082,368.1912532096,320.0000000000,0.2724428045
daily,JPM,2026-08-20,1530,2028-01-21,1.4219178082,368.1912532096,330.0000000000,0.2687300980
daily,JPM,2026-08-20,1530,2028-01-21,1.4219178082,368.1912532096,340.0000000000,0.2644626912
daily,JPM,2026-08-20,1530,2028-01-21,1.4219178082,368.1912532096,350.0000000000,0.2623062418
daily,JPM,2026-08-20,1530,2028-01-21,1.4219178082,368.1912532096,360.0000000000,0.2588510085
daily,JPM,2026-08-20,1530,2028-01-21,1.4219178082,368.1912532096,370.0000000000,0.2550170804
daily,JPM,2026-08-20,1530,2028-01-21,1.4219178082,368.1912532096,380.0000000000,0.2533207249
daily,JPM,2026-08-20,1530,2028-01-21,1.4219178082,368.1912532096,390.0000000000,0.2505029294
daily,JPM,2026-08-20,1530,2028-01-21,1.4219178082,368.1912532096,400.0000000000,0.2461998223
daily,JPM,2026-08-20,1530,2028-01-21,1.4219178082,368.1912532096,410.0000000000,0.2467580968
daily,JPM,2026-08-20,1530,2028-01-21,1.4219178082,368.1912532096,420.0000000000,0.2456046002
daily,JPM,2026-08-20,1530,2028-01-21,1.4219178082,368.1912532096,430.0000000000,0.2444445264
daily,JPM,2026-08-20,1530,2028-01-21,1.4219178082,368.1912532096,440.0000000000,0.2423664866
daily,JPM,2026-08-20,1530,2028-01-21,1.4219178082,368.1912532096,450.0000000000,0.2418370743
daily,JPM,2026-08-20,1530,2028-01-21,1.4219178082,368.1912532096,460.0000000000,0.2412342661
daily,JPM,2026-08-20,1530,2028-01-21,1.4219178082,368.1912532096,470.0000000000,0.2406977971
daily,JPM,2026-08-20,1530,2028-01-21,1.4219178082,368.1912532096,480.0000000000,0.2428046650
daily,JPM,2026-08-20,1530,2028-01-21,1.4219178082,368.1912532096,490.0000000000,0.2438173051
daily,JPM,2026-08-20,1530,2028-01-21,1.4219178082,368.1912532096,500.0000000000,0.2436770756
daily,JPM,2026-08-20,1530,2028-01-21,1.4219178082,368.1912532096,520.0000000000,0.2394625216
daily,JPM,2026-08-21,1530,2026-08-28,0.0191780822,352.4119512772,337.5000000000,0.2207049103
daily,JPM,2026-08-21,1530,2026-08-28,0.0191780822,352.4119512772,340.0000000000,0.2136157508
daily,JPM,2026-08-21,1530,2026-08-28,0.0191780822,352.4119512772,342.5000000000,0.2100186112
daily,JPM,2026-08-21,1530,2026-08-28,0.0191780822,352.4119512772,345.0000000000,0.2067247074
daily,JPM,2026-08-21,1530,2026-08-28,0.0191780822,352.4119512772,347.5000000000,0.2039760265
daily,JPM,2026-08-21,1530,2026-08-28,0.0191780822,352.4119512772,350.0000000000,0.2012554367
daily,JPM,2026-08-21,1530,2026-08-28,0.0191780822,352.4119512772,352.5000000000,0.2037805528
daily,JPM,2026-08-21,1530,2026-08-28,0.0191780822,352.4119512772,355.0000000000,0.1982908594
daily,JPM,2026-08-21,1530,2026-08-28,0.0191780822,352.4119512772,357.5000000000,0.1968903466
daily,JPM,2026-08-21,1530,2026-08-28,0.0191780822,352.4119512772,360.0000000000,0.1929667526
daily,JPM,2026-08-21,1530,2026-08-28,0.0191780822,352.4119512772,362.5000000000,0.1917503574
daily,JPM,2026-08-21,1530,2026-08-28,0.0191780822,352.4119512772,365.0000000000,0.1943014967
daily,JPM,2026-08-21,1530,2026-08-28,0.0191780822,352.4119512772,385.0000000000,0.2798308932
daily,JPM,2026-08-21,1530,2026-09-04,0.0383561644,352.6732052787,337.5000000000,0.2265014269
daily,JPM,2026-08-21,1530,2026-09-04,0.0383561644,352.6732052787,340.0000000000,0.2230889632
daily,JPM,2026-08-21,1530,2026-09-04,0.0383561644,352.6732052787,342.5000000000,0.2203574719
daily,JPM,2026-08-21,1530,2026-09-04,0.0383561644,352.6732052787,345.0000000000,0.2180896283
daily,JPM,2026-08-21,1530,2026-09-04,0.0383561644,352.6732052787,347.5000000000,0.2154433889
daily,JPM,2026-08-21,1530,2026-09-04,0.0383561644,352.6732052787,350.0000000000,0.2138820064
daily,JPM,2026-08-21,1530,2026-09-04,0.0383561644,352.6732052787,352.5000000000,0.2091841804
daily,JPM,2026-08-21,1530,2026-09-04,0.0383561644,352.6732052787,355.0000000000,0.2059986585
daily,JPM,2026-08-21,1530,2026-09-04,0.0383561644,352.6732052787,357.5000000000,0.2038985899
daily,JPM,2026-08-21,1530,2026-09-04,0.0383561644,352.6732052787,360.0000000000,0.1947933342
daily,JPM,2026-08-21,1530,2026-09-04,0.0383561644,352.6732052787,362.5000000000,0.1957137560
daily,JPM,2026-08-21,1530,2026-09-04,0.0383561644,352.6732052787,385.2854125412,0.1978703222
daily,JPM,2026-08-21,1530,2026-09-11,0.0575342466,352.6270541544,335.0000000000,0.2147175703
daily,JPM,2026-08-21,1530,2026-09-11,0.0575342466,352.6270541544,340.0000000000,0.2075065642
daily,JPM,2026-08-21,1530,2026-09-11,0.0575342466,352.6270541544,345.0000000000,0.2024026363
daily,JPM,2026-08-21,1530,2026-09-11,0.0575342466,352.6270541544,350.0000000000,0.1968361375
daily,JPM,2026-08-21,1530,2026-09-11,0.0575342466,352.6270541544,355.0000000000,0.2008975679
daily,JPM,2026-08-21,1530,2026-09-11,0.0575342466,352.6270541544,360.0000000000,0.1959311309
daily,JPM,2026-08-21,1530,2026-09-11,0.0575342466,352.6270541544,365.0000000000,0.1913620637
daily,JPM,2026-08-21,1530,2026-09-18,0.0767123288,353.1438073203,325.0000000000,0.2317059189
daily,JPM,2026-08-21,1530,2026-09-18,0.0767123288,353.1438073203,330.0000000000,0.2277635980
daily,JPM,2026-08-21,1530,2026-09-18,0.0767123288,353.1438073203,335.0000000000,0.2198364735
daily,JPM,2026-08-21,1530,2026-09-18,0.0767123288,353.1438073203,340.0000000000,0.2137660825
daily,JPM,2026-08-21,1530,2026-09-18,0.0767123288,353.1438073203,345.0000000000,0.2091419291
daily,JPM,2026-08-21,1530,2026-09-18,0.0767123288,353.1438073203,350.0000000000,0.2043514366
daily,JPM,2026-08-21,1530,2026-09-18,0.0767123288,353.1438073203,355.0000000000,0.2027037538
daily,JPM,2026-08-21,1530,2026-09-18,0.0767123288,353.1438073203,360.0000000000,0.1962740267
daily,JPM,2026-08-21,1530,2026-09-18,0.0767123288,353.1438073203,365.0000000000,0.1918705766
daily,JPM,2026-08-21,1530,2026-09-18,0.0767123288,353.1438073203,370.0000000000,0.1885575310
daily,JPM,2026-08-21,1530,2026-09-18,0.0767123288,353.1438073203,375.0000000000,0.1887055409
daily,JPM,2026-08-21,1530,2026-09-18,0.0767123288,353.1438073203,380.0000000000,0.1899428900
daily,JPM,2026-08-21,1530,2026-09-25,0.0958904110,353.4002021760,340.0000000000,0.2175520152
daily,JPM,2026-08-21,1530,2026-09-25,0.0958904110,353.4002021760,345.0000000000,0.2155516965
daily,JPM,2026-08-21,1530,2026-09-25,0.0958904110,353.4002021760,350.0000000000,0.2102380474
daily,JPM,2026-08-21,1530,2026-09-25,0.0958904110,353.4002021760,355.0000000000,0.1970290813
daily,JPM,2026-08-21,1530,2026-09-25,0.0958904110,353.4002021760,360.0000000000,0.1974802697
daily,JPM,2026-08-21,1530,2026-10-02,0.1150684932,353.4874314614,335.0000000000,0.2226085746
daily,JPM,2026-08-21,1530,2026-10-02,0.1150684932,353.4874314614,340.0000000000,0.2155474339
daily,JPM,2026-08-21,1530,2026-10-02,0.1150684932,353.4874314614,345.0000000000,0.2114453946
daily,JPM,2026-08-21,1530,2026-10-02,0.1150684932,353.4874314614,350.0000000000,0.2039197515
daily,JPM,2026-08-21,1530,2026-10-02,0.1150684932,353.4874314614,355.0000000000,0.1996072813
daily,JPM,2026-08-21,1530,2026-10-02,0.1150684932,353.4874314614,360.0000000000,0.1979805886
daily,JPM,2026-08-21,1530,2026-10-16,0.1534246575,352.8525643237,295.0000000000,0.2912786796
daily,JPM,2026-08-21,1530,2026-10-16,0.1534246575,352.8525643237,305.0000000000,0.2795340460
daily,JPM,2026-08-21,1530,2026-10-16,0.1534246575,352.8525643237,310.0000000000,0.2767192144
daily,JPM,2026-08-21,1530,2026-10-16,0.1534246575,352.8525643237,315.0000000000,0.2695052912
daily,JPM,2026-08-21,1530,2026-10-16,0.1534246575,352.8525643237,320.0000000000,0.2635638567
daily,JPM,2026-08-21,1530,2026-10-16,0.1534246575,352.8525643237,325.0000000000,0.2587949255
daily,JPM,2026-08-21,1530,2026-10-16,0.1534246575,352.8525643237,330.0000000000,0.2538967328
daily,JPM,2026-08-21,1530,2026-10-16,0.1534246575,352.8525643237,335.0000000000,0.2500020140
daily,JPM,2026-08-21,1530,2026-10-16,0.1534246575,352.8525643237,340.0000000000,0.2448291521
daily,JPM,2026-08-21,1530,2026-10-16,0.1534246575,352.8525643237,345.0000000000,0.2405780511
daily,JPM,2026-08-21,1530,2026-10-16,0.1534246575,352.8525643237,350.0000000000,0.2362202863
daily,JPM,2026-08-21,1530,2026-10-16,0.1534246575,352.8525643237,355.0000000000,0.2308439585
daily,JPM,2026-08-21,1530,2026-10-16,0.1534246575,352.8525643237,360.0000000000,0.2281798231
daily,JPM,2026-08-21,1530,2026-10-16,0.1534246575,352.8525643237,365.0000000000,0.2234771426
daily,JPM,2026-08-21,1530,2026-10-16,0.1534246575,352.8525643237,370.0000000000,0.2223383253
daily,JPM,2026-08-21,1530,2026-10-16,0.1534246575,352.8525643237,375.0000000000,0.2203317641
daily,JPM,2026-08-21,1530,2026-10-16,0.1534246575,352.8525643237,380.0000000000,0.2184149091
daily,JPM,2026-08-21,1530,2026-10-16,0.1534246575,352.8525643237,385.0000000000,0.2192513826
daily,JPM,2026-08-21,1530,2026-10-16,0.1534246575,352.8525643237,390.0000000000,0.2157847129
daily,JPM,2026-08-21,1530,2026-10-16,0.1534246575,352.8525643237,395.0000000000,0.2193304657
daily,JPM,2026-08-21,1530,2026-10-16,0.1534246575,352.8525643237,400.0000000000,0.2198615187
daily,JPM,2026-08-21,1530,2026-11-20,0.2493150685,353.6663338564,280.0000000000,0.2991423679
daily,JPM,2026-08-21,1530,2026-11-20,0.2493150685,353.6663338564,290.0000000000,0.2898899326
daily,JPM,2026-08-21,1530,2026-11-20,0.2493150685,353.6663338564,300.0000000000,0.2767389930
daily,JPM,2026-08-21,1530,2026-11-20,0.2493150685,353.6663338564,310.0000000000,0.2692261917
daily,JPM,2026-08-21,1530,2026-11-20,0.2493150685,353.6663338564,315.0000000000,0.2633618273
daily,JPM,2026-08-21,1530,2026-11-20,0.2493150685,353.6663338564,320.0000000000,0.2589946787
daily,JPM,2026-08-21,1530,2026-11-20,0.2493150685,353.6663338564,325.0000000000,0.2549774091
daily,JPM,2026-08-21,1530,2026-11-20,0.2493150685,353.6663338564,330.0000000000,0.2504623878
daily,JPM,2026-08-21,1530,2026-11-20,0.2493150685,353.6663338564,335.0000000000,0.2460055367
daily,JPM,2026-08-21,1530,2026-11-20,0.2493150685,353.6663338564,340.0000000000,0.2425826329
daily,JPM,2026-08-21,1530,2026-11-20,0.2493150685,353.6663338564,345.0000000000,0.2383456746
daily,JPM,2026-08-21,1530,2026-11-20,0.2493150685,353.6663338564,350.0000000000,0.2349579412
daily,JPM,2026-08-21,1530,2026-11-20,0.2493150685,353.6663338564,355.0000000000,0.2340696485
daily,JPM,2026-08-21,1530,2026-11-20,0.2493150685,353.6663338564,360.0000000000,0.2297771871
daily,JPM,2026-08-21,1530,2026-11-20,0.2493150685,353.6663338564,365.0000000000,0.2277718718
daily,JPM,2026-08-21,1530,2026-11-20,0.2493150685,353.6663338564,370.0000000000,0.2222326342
daily,JPM,2026-08-21,1530,2026-11-20,0.2493150685,353.6663338564,375.0000000000,0.2234813768
daily,JPM,2026-08-21,1530,2026-11-20,0.2493150685,353.6663338564,380.0000000000,0.2214781805
daily,JPM,2026-08-21,1530,2026-11-20,0.2493150685,353.6663338564,385.0000000000,0.2198114348
daily,JPM,2026-08-21,1530,2026-11-20,0.2493150685,353.6663338564,390.0000000000,0.2199515741
daily,JPM,2026-08-21,1530,2026-11-20,0.2493150685,353.6663338564,395.0000000000,0.2178502635
daily,JPM,2026-08-21,1530,2026-11-20,0.2493150685,353.6663338564,400.0000000000,0.2175239875
daily,JPM,2026-08-21,1530,2026-11-20,0.2493150685,353.6663338564,405.0000000000,0.2207954760
daily,JPM,2026-08-21,1530,2026-11-20,0.2493150685,353.6663338564,410.0000000000,0.2218279857
daily,JPM,2026-08-21,1530,2026-11-20,0.2493150685,353.6663338564,425.0000000000,0.2224302875
daily,JPM,2026-08-21,1530,2026-12-18,0.3260273973,354.7803993642,265.0000000000,0.3146310151
daily,JPM,2026-08-21,1530,2026-12-18,0.3260273973,354.7803993642,270.0000000000,0.3041985970
daily,JPM,2026-08-21,1530,2026-12-18,0.3260273973,354.7803993642,280.0000000000,0.2919740112
daily,JPM,2026-08-21,1530,2026-12-18,0.3260273973,354.7803993642,295.0000000000,0.2796278949
daily,JPM,2026-08-21,1530,2026-12-18,0.3260273973,354.7803993642,300.0000000000,0.2746300703
daily,JPM,2026-08-21,1530,2026-12-18,0.3260273973,354.7803993642,305.0000000000,0.2709147205
daily,JPM,2026-08-21,1530,2026-12-18,0.3260273973,354.7803993642,310.0000000000,0.2651363414
daily,JPM,2026-08-21,1530,2026-12-18,0.3260273973,354.7803993642,315.0000000000,0.2619304100
daily,JPM,2026-08-21,1530,2026-12-18,0.3260273973,354.7803993642,320.0000000000,0.2573227583
daily,JPM,2026-08-21,1530,2026-12-18,0.3260273973,354.7803993642,325.0000000000,0.2533224904
daily,JPM,2026-08-21,1530,2026-12-18,0.3260273973,354.7803993642,330.0000000000,0.2504659112
daily,JPM,2026-08-21,1530,2026-12-18,0.3260273973,354.7803993642,335.0000000000,0.2479074889
daily,JPM,2026-08-21,1530,2026-12-18,0.3260273973,354.7803993642,340.0000000000,0.2429522899
daily,JPM,2026-08-21,1530,2026-12-18,0.3260273973,354.7803993642,345.0000000000,0.2423475730
daily,JPM,2026-08-21,1530,2026-12-18,0.3260273973,354.7803993642,350.0000000000,0.2391801273
daily,JPM,2026-08-21,1530,2026-12-18,0.3260273973,354.7803993642,355.0000000000,0.2376609754
daily,JPM,2026-08-21,1530,2026-12-18,0.3260273973,354.7803993642,360.0000000000,0.2342939526
daily,JPM,2026-08-21,1530,2026-12-18,0.3260273973,354.7803993642,365.0000000000,0.2307795349
daily,JPM,2026-08-21,1530,2026-12-18,0.3260273973,354.7803993642,370.0000000000,0.2284361982
daily,JPM,2026-08-21,1530,2026-12-18,0.3260273973,354.7803993642,375.0000000000,0.2241887149
daily,JPM,2026-08-21,1530,2026-12-18,0.3260273973,354.7803993642,380.0000000000,0.2230697309
daily,JPM,2026-08-21,1530,2026-12-18,0.3260273973,354.7803993642,385.0000000000,0.2193097562
daily,JPM,2026-08-21,1530,2026-12-18,0.3260273973,354.7803993642,390.0000000000,0.2185649128
daily,JPM,2026-08-21,1530,2026-12-18,0.3260273973,354.7803993642,395.0000000000,0.2190340117
daily,JPM,2026-08-21,1530,2026-12-18,0.3260273973,354.7803993642,400.0000000000,0.2197391073
daily,JPM,2026-08-21,1530,2026-12-18,0.3260273973,354.7803993642,405.0000000000,0.2188005144
daily,JPM,2026-08-21,1530,2026-12-18,0.3260273973,354.7803993642,410.0000000000,0.2176020466
daily,JPM,2026-08-21,1530,2026-12-18,0.3260273973,354.7803993642,415.0000000000,0.2196729010
daily,JPM,2026-08-21,1530,2026-12-18,0.3260273973,354.7803993642,420.0000000000,0.2199746387
daily,JPM,2026-08-21,1530,2027-01-15,0.4027397260,355.5800997547,240.0000000000,0.3508562007
daily,JPM,2026-08-21,1530,2027-01-15,0.4027397260,355.5800997547,250.0000000000,0.3362848147
daily,JPM,2026-08-21,1530,2027-01-15,0.4027397260,355.5800997547,260.0000000000,0.3224526873
daily,JPM,2026-08-21,1530,2027-01-15,0.4027397260,355.5800997547,270.0000000000,0.3143651799
daily,JPM,2026-08-21,1530,2027-01-15,0.4027397260,355.5800997547,280.0000000000,0.3041570072
daily,JPM,2026-08-21,1530,2027-01-15,0.4027397260,355.5800997547,290.0000000000,0.2941467671
daily,JPM,2026-08-21,1530,2027-01-15,0.4027397260,355.5800997547,300.0000000000,0.2861817425
daily,JPM,2026-08-21,1530,2027-01-15,0.4027397260,355.5800997547,310.0000000000,0.2764026992
daily,JPM,2026-08-21,1530,2027-01-15,0.4027397260,355.5800997547,320.0000000000,0.2688299071
daily,JPM,2026-08-21,1530,2027-01-15,0.4027397260,355.5800997547,330.0000000000,0.2633094639
daily,JPM,2026-08-21,1530,2027-01-15,0.4027397260,355.5800997547,340.0000000000,0.2580322050
daily,JPM,2026-08-21,1530,2027-01-15,0.4027397260,355.5800997547,350.0000000000,0.2494263426
daily,JPM,2026-08-21,1530,2027-01-15,0.4027397260,355.5800997547,360.0000000000,0.2447564281
daily,JPM,2026-08-21,1530,2027-01-15,0.4027397260,355.5800997547,370.0000000000,0.2380333557
daily,JPM,2026-08-21,1530,2027-01-15,0.4027397260,355.5800997547,380.0000000000,0.2332158398
daily,JPM,2026-08-21,1530,2027-01-15,0.4027397260,355.5800997547,390.0000000000,0.2302590180
daily,JPM,2026-08-21,1530,2027-01-15,0.4027397260,355.5800997547,400.0000000000,0.2279781871
daily,JPM,2026-08-21,1530,2027-01-15,0.4027397260,355.5800997547,410.0000000000,0.2286511690
daily,JPM,2026-08-21,1530,2027-01-15,0.4027397260,355.5800997547,420.0000000000,0.2268305044
daily,JPM,2026-08-21,1530,2027-01-15,0.4027397260,355.5800997547,430.0000000000,0.2275048604
daily,JPM,2026-08-21,1530,2027-01-15,0.4027397260,355.5800997547,450.0000000000,0.2288180980
daily,JPM,2026-08-21,1530,2027-01-15,0.4027397260,355.5800997547,470.0000000000,0.2358852161
daily,JPM,2026-08-21,1530,2027-03-19,0.5753424658,357.4075448860,240.0000000000,0.3367163144
daily,JPM,2026-08-21,1530,2027-03-19,0.5753424658,357.4075448860,250.0000000000,0.3238832317
daily,JPM,2026-08-21,1530,2027-03-19,0.5753424658,357.4075448860,265.0000000000,0.3087355307
daily,JPM,2026-08-21,1530,2027-03-19,0.5753424658,357.4075448860,270.0000000000,0.3039796397
daily,JPM,2026-08-21,1530,2027-03-19,0.5753424658,357.4075448860,275.0000000000,0.2993359160
daily,JPM,2026-08-21,1530,2027-03-19,0.5753424658,357.4075448860,280.0000000000,0.2936998824
daily,JPM,2026-08-21,1530,2027-03-19,0.5753424658,357.4075448860,285.0000000000,0.2912929995
daily,JPM,2026-08-21,1530,2027-03-19,0.5753424658,357.4075448860,290.0000000000,0.2885375980
daily,JPM,2026-08-21,1530,2027-03-19,0.5753424658,357.4075448860,295.0000000000,0.2847137495
daily,JPM,2026-08-21,1530,2027-03-19,0.5753424658,357.4075448860,300.0000000000,0.2831172567
daily,JPM,2026-08-21,1530,2027-03-19,0.5753424658,357.4075448860,305.0000000000,0.2801299923
daily,JPM,2026-08-21,1530,2027-03-19,0.5753424658,357.4075448860,310.0000000000,0.2759219461
daily,JPM,2026-08-21,1530,2027-03-19,0.5753424658,357.4075448860,315.0000000000,0.2738305407
daily,JPM,2026-08-21,1530,2027-03-19,0.5753424658,357.4075448860,320.0000000000,0.2704270309
daily,JPM,2026-08-21,1530,2027-03-19,0.5753424658,357.4075448860,325.0000000000,0.2684692944
daily,JPM,2026-08-21,1530,2027-03-19,0.5753424658,357.4075448860,330.0000000000,0.2651963484
daily,JPM,2026-08-21,1530,2027-03-19,0.5753424658,357.4075448860,335.0000000000,0.2606992421
daily,JPM,2026-08-21,1530,2027-03-19,0.5753424658,357.4075448860,340.0000000000,0.2586704735
daily,JPM,2026-08-21,1530,2027-03-19,0.5753424658,357.4075448860,345.0000000000,0.2553262857
daily,JPM,2026-08-21,1530,2027-03-19,0.5753424658,357.4075448860,350.0000000000,0.2507142858
daily,JPM,2026-08-21,1530,2027-03-19,0.5753424658,357.4075448860,355.0000000000,0.2504793781
daily,JPM,2026-08-21,1530,2027-03-19,0.5753424658,357.4075448860,360.0000000000,0.2488825288
daily,JPM,2026-08-21,1530,2027-03-19,0.5753424658,357.4075448860,365.0000000000,0.2461757681
daily,JPM,2026-08-21,1530,2027-03-19,0.5753424658,357.4075448860,370.0000000000,0.2449893192
daily,JPM,2026-08-21,1530,2027-03-19,0.5753424658,357.4075448860,375.0000000000,0.2434452518
daily,JPM,2026-08-21,1530,2027-03-19,0.5753424658,357.4075448860,380.0000000000,0.2405739237
daily,JPM,2026-08-21,1530,2027-03-19,0.5753424658,357.4075448860,385.0000000000,0.2378361973
daily,JPM,2026-08-21,1530,2027-03-19,0.5753424658,357.4075448860,390.0000000000,0.2368737450
daily,JPM,2026-08-21,1530,2027-03-19,0.5753424658,357.4075448860,395.0000000000,0.2346084268
daily,JPM,2026-08-21,1530,2027-03-19,0.5753424658,357.4075448860,400.0000000000,0.2327994282
daily,JPM,2026-08-21,1530,2027-03-19,0.5753424658,357.4075448860,405.0000000000,0.2325921515
daily,JPM,2026-08-21,1530,2027-03-19,0.5753424658,357.4075448860,410.0000000000,0.2311713260
daily,JPM,2026-08-21,1530,2027-03-19,0.5753424658,357.4075448860,415.0000000000,0.2309423546
daily,JPM,2026-08-21,1530,2027-03-19,0.5753424658,357.4075448860,420.0000000000,0.2305223553
daily,JPM,2026-08-21,1530,2027-03-19,0.5753424658,357.4075448860,425.0000000000,0.2289123684
daily,JPM,2026-08-21,1530,2027-03-19,0.5753424658,357.4075448860,430.0000000000,0.2287274068
daily,JPM,2026-08-21,1530,2027-03-19,0.5753424658,357.4075448860,435.0000000000,0.2288530628
daily,JPM,2026-08-21,1530,2027-03-19,0.5753424658,357.4075448860,440.0000000000,0.2293393062
daily,JPM,2026-08-21,1530,2027-03-19,0.5753424658,357.4075448860,445.0000000000,0.2288452438
daily,JPM,2026-08-21,1530,2027-03-19,0.5753424658,357.4075448860,450.0000000000,0.2289472182
daily,JPM,2026-08-21,1530,2027-06-17,0.8219178082,360.2844287428,220.0000000000,0.3354497205
daily,JPM,2026-08-21,1530,2027-06-17,0.8219178082,360.2844287428,230.0000000000,0.3290989314
daily,JPM,2026-08-21,1530,2027-06-17,0.8219178082,360.2844287428,240.0000000000,0.3192301289
daily,JPM,2026-08-21,1530,2027-06-17,0.8219178082,360.2844287428,250.0000000000,0.3145493458
daily,JPM,2026-08-21,1530,2027-06-17,0.8219178082,360.2844287428,255.0000000000,0.3107100521
daily,JPM,2026-08-21,1530,2027-06-17,0.8219178082,360.2844287428,260.0000000000,0.3061270516
daily,JPM,2026-08-21,1530,2027-06-17,0.8219178082,360.2844287428,265.0000000000,0.3008630725
daily,JPM,2026-08-21,1530,2027-06-17,0.8219178082,360.2844287428,270.0000000000,0.2988817109
daily,JPM,2026-08-21,1530,2027-06-17,0.8219178082,360.2844287428,275.0000000000,0.2958889150
daily,JPM,2026-08-21,1530,2027-06-17,0.8219178082,360.2844287428,280.0000000000,0.2920271375
daily,JPM,2026-08-21,1530,2027-06-17,0.8219178082,360.2844287428,285.0000000000,0.2874025494
daily,JPM,2026-08-21,1530,2027-06-17,0.8219178082,360.2844287428,290.0000000000,0.2863552916
daily,JPM,2026-08-21,1530,2027-06-17,0.8219178082,360.2844287428,295.0000000000,0.2842409478
daily,JPM,2026-08-21,1530,2027-06-17,0.8219178082,360.2844287428,300.0000000000,0.2811898365
daily,JPM,2026-08-21,1530,2027-06-17,0.8219178082,360.2844287428,305.0000000000,0.2795406342
daily,JPM,2026-08-21,1530,2027-06-17,0.8219178082,360.2844287428,310.0000000000,0.2769300803
daily,JPM,2026-08-21,1530,2027-06-17,0.8219178082,360.2844287428,315.0000000000,0.2734477517
daily,JPM,2026-08-21,1530,2027-06-17,0.8219178082,360.2844287428,320.0000000000,0.2712620884
daily,JPM,2026-08-21,1530,2027-06-17,0.8219178082,360.2844287428,330.0000000000,0.2665232378
daily,JPM,2026-08-21,1530,2027-06-17,0.8219178082,360.2844287428,340.0000000000,0.2622332655
daily,JPM,2026-08-21,1530,2027-06-17,0.8219178082,360.2844287428,350.0000000000,0.2575539600
daily,JPM,2026-08-21,1530,2027-06-17,0.8219178082,360.2844287428,360.0000000000,0.2531484002
daily,JPM,2026-08-21,1530,2027-06-17,0.8219178082,360.2844287428,370.0000000000,0.2488887180
daily,JPM,2026-08-21,1530,2027-06-17,0.8219178082,360.2844287428,380.0000000000,0.2479350393
daily,JPM,2026-08-21,1530,2027-06-17,0.8219178082,360.2844287428,390.0000000000,0.2434803165
daily,JPM,2026-08-21,1530,2027-06-17,0.8219178082,360.2844287428,400.0000000000,0.2387042171
daily,JPM,2026-08-21,1530,2027-06-17,0.8219178082,360.2844287428,410.0000000000,0.2346714961
daily,JPM,2026-08-21,1530,2027-06-17,0.8219178082,360.2844287428,420.0000000000,0.2343722554
daily,JPM,2026-08-21,1530,2027-06-17,0.8219178082,360.2844287428,430.0000000000,0.2349802681
daily,JPM,2026-08-21,1530,2027-06-17,0.8219178082,360.2844287428,440.0000000000,0.2326342892
daily,JPM,2026-08-21,1530,2027-06-17,0.8219178082,360.2844287428,450.0000000000,0.2338170710
daily,JPM,2026-08-21,1530,2027-06-17,0.8219178082,360.2844287428,460.0000000000,0.2345299599
daily,JPM,2026-08-21,1530,2027-06-17,0.8219178082,360.2844287428,470.0000000000,0.2338927838
daily,JPM,2026-08-21,1530,2027-06-17,0.8219178082,360.2844287428,480.0000000000,0.2342209818
daily,JPM,2026-08-21,1530,2027-06-17,0.8219178082,360.2844287428,490.0000000000,0.2352754198
daily,JPM,2026-08-21,1530,2027-06-17,0.8219178082,360.2844287428,500.0000000000,0.2349790399
daily,JPM,2026-08-21,1530,2027-09-17,1.0739726027,362.9346490579,230.0000000000,0.3308985901
daily,JPM,2026-08-21,1530,2027-09-17,1.0739726027,362.9346490579,255.0000000000,0.3067340742
daily,JPM,2026-08-21,1530,2027-09-17,1.0739726027,362.9346490579,270.0000000000,0.3016827427
daily,JPM,2026-08-21,1530,2027-09-17,1.0739726027,362.9346490579,280.0000000000,0.2956054137
daily,JPM,2026-08-21,1530,2027-09-17,1.0739726027,362.9346490579,300.0000000000,0.2797769051
daily,JPM,2026-08-21,1530,2027-09-17,1.0739726027,362.9346490579,305.0000000000,0.2760943463
daily,JPM,2026-08-21,1530,2027-09-17,1.0739726027,362.9346490579,310.0000000000,0.2746687003
daily,JPM,2026-08-21,1530,2027-09-17,1.0739726027,362.9346490579,315.0000000000,0.2724989644
daily,JPM,2026-08-21,1530,2027-09-17,1.0739726027,362.9346490579,320.0000000000,0.2696438947
daily,JPM,2026-08-21,1530,2027-09-17,1.0739726027,362.9346490579,330.0000000000,0.2674449716
daily,JPM,2026-08-21,1530,2027-09-17,1.0739726027,362.9346490579,340.0000000000,0.2624134043
daily,JPM,2026-08-21,1530,2027-09-17,1.0739726027,362.9346490579,350.0000000000,0.2562867909
daily,JPM,2026-08-21,1530,2027-09-17,1.0739726027,362.9346490579,360.0000000000,0.2549605172
daily,JPM,2026-08-21,1530,2027-09-17,1.0739726027,362.9346490579,370.0000000000,0.2523167464
daily,JPM,2026-08-21,1530,2027-09-17,1.0739726027,362.9346490579,380.0000000000,0.2482456047
daily,JPM,2026-08-21,1530,2027-09-17,1.0739726027,362.9346490579,390.0000000000,0.2472942351
daily,JPM,2026-08-21,1530,2027-09-17,1.0739726027,362.9346490579,400.0000000000,0.2449672262
daily,JPM,2026-08-21,1530,2027-09-17,1.0739726027,362.9346490579,410.0000000000,0.2420425054
daily,JPM,2026-08-21,1530,2027-09-17,1.0739726027,362.9346490579,420.0000000000,0.2419091640
daily,JPM,2026-08-21,1530,2027-09-17,1.0739726027,362.9346490579,430.0000000000,0.2394702686
daily,JPM,2026-08-21,1530,2027-12-17,1.3232876712,365.4182366403,220.0000000000,0.3306381467
daily,JPM,2026-08-21,1530,2027-12-17,1.3232876712,365.4182366403,230.0000000000,0.3241461336
daily,JPM,2026-08-21,1530,2027-12-17,1.3232876712,365.4182366403,240.0000000000,0.3162019002
daily,JPM,2026-08-21,1530,2027-12-17,1.3232876712,365.4182366403,250.0000000000,0.3106570082
daily,JPM,2026-08-21,1530,2027-12-17,1.3232876712,365.4182366403,260.0000000000,0.3029095650
daily,JPM,2026-08-21,1530,2027-12-17,1.3232876712,365.4182366403,270.0000000000,0.2965152799
daily,JPM,2026-08-21,1530,2027-12-17,1.3232876712,365.4182366403,280.0000000000,0.2945342783
daily,JPM,2026-08-21,1530,2027-12-17,1.3232876712,365.4182366403,290.0000000000,0.2899177206
daily,JPM,2026-08-21,1530,2027-12-17,1.3232876712,365.4182366403,300.0000000000,0.2866371394
daily,JPM,2026-08-21,1530,2027-12-17,1.3232876712,365.4182366403,310.0000000000,0.2810807866
daily,JPM,2026-08-21,1530,2027-12-17,1.3232876712,365.4182366403,320.0000000000,0.2779135585
daily,JPM,2026-08-21,1530,2027-12-17,1.3232876712,365.4182366403,330.0000000000,0.2725540047
daily,JPM,2026-08-21,1530,2027-12-17,1.3232876712,365.4182366403,340.0000000000,0.2679652755
daily,JPM,2026-08-21,1530,2027-12-17,1.3232876712,365.4182366403,350.0000000000,0.2613415221
daily,JPM,2026-08-21,1530,2027-12-17,1.3232876712,365.4182366403,360.0000000000,0.2600474046
daily,JPM,2026-08-21,1530,2027-12-17,1.3232876712,365.4182366403,370.0000000000,0.2565913692
daily,JPM,2026-08-21,1530,2027-12-17,1.3232876712,365.4182366403,380.0000000000,0.2539294836
daily,JPM,2026-08-21,1530,2027-12-17,1.3232876712,365.4182366403,390.0000000000,0.2492067723
daily,JPM,2026-08-21,1530,2027-12-17,1.3232876712,365.4182366403,400.0000000000,0.2452911014
daily,JPM,2026-08-21,1530,2027-12-17,1.3232876712,365.4182366403,410.0000000000,0.2455132457
daily,JPM,2026-08-21,1530,2027-12-17,1.3232876712,365.4182366403,420.0000000000,0.2438646580
daily,JPM,2026-08-21,1530,2027-12-17,1.3232876712,365.4182366403,430.0000000000,0.2431790668
daily,JPM,2026-08-21,1530,2027-12-17,1.3232876712,365.4182366403,440.0000000000,0.2407896559
daily,JPM,2026-08-21,1530,2027-12-17,1.3232876712,365.4182366403,450.0000000000,0.2413057510
daily,JPM,2026-08-21,1530,2027-12-17,1.3232876712,365.4182366403,460.0000000000,0.2402566381
daily,JPM,2026-08-21,1530,2027-12-17,1.3232876712,365.4182366403,470.0000000000,0.2406238170
daily,JPM,2026-08-21,1530,2027-12-17,1.3232876712,365.4182366403,480.0000000000,0.2395217631
daily,JPM,2026-08-21,1530,2027-12-17,1.3232876712,365.4182366403,520.0000000000,0.2398416685
daily,JPM,2026-08-21,1530,2028-01-21,1.4191780822,365.8203072302,220.0000000000,0.3311019589
daily,JPM,2026-08-21,1530,2028-01-21,1.4191780822,365.8203072302,230.0000000000,0.3198924298
daily,JPM,2026-08-21,1530,2028-01-21,1.4191780822,365.8203072302,240.0000000000,0.3156712256
daily,JPM,2026-08-21,1530,2028-01-21,1.4191780822,365.8203072302,250.0000000000,0.3095983812
daily,JPM,2026-08-21,1530,2028-01-21,1.4191780822,365.8203072302,260.0000000000,0.3038372065
daily,JPM,2026-08-21,1530,2028-01-21,1.4191780822,365.8203072302,270.0000000000,0.2979293098
daily,JPM,2026-08-21,1530,2028-01-21,1.4191780822,365.8203072302,280.0000000000,0.2930321974
daily,JPM,2026-08-21,1530,2028-01-21,1.4191780822,365.8203072302,290.0000000000,0.2910894201
daily,JPM,2026-08-21,1530,2028-01-21,1.4191780822,365.8203072302,300.0000000000,0.2867734891
daily,JPM,2026-08-21,1530,2028-01-21,1.4191780822,365.8203072302,310.0000000000,0.2819434414
daily,JPM,2026-08-21,1530,2028-01-21,1.4191780822,365.8203072302,320.0000000000,0.2771117313
daily,JPM,2026-08-21,1530,2028-01-21,1.4191780822,365.8203072302,330.0000000000,0.2726822464
daily,JPM,2026-08-21,1530,2028-01-21,1.4191780822,365.8203072302,340.0000000000,0.2698011674
daily,JPM,2026-08-21,1530,2028-01-21,1.4191780822,365.8203072302,350.0000000000,0.2653185960
daily,JPM,2026-08-21,1530,2028-01-21,1.4191780822,365.8203072302,360.0000000000,0.2607854892
daily,JPM,2026-08-21,1530,2028-01-21,1.4191780822,365.8203072302,370.0000000000,0.2595597759
daily,JPM,2026-08-21,1530,2028-01-21,1.4191780822,365.8203072302,380.0000000000,0.2566141223
daily,JPM,2026-08-21,1530,2028-01-21,1.4191780822,365.8203072302,390.0000000000,0.2517795477
daily,JPM,2026-08-21,1530,2028-01-21,1.4191780822,365.8203072302,400.0000000000,0.2492499251
daily,JPM,2026-08-21,1530,2028-01-21,1.4191780822,365.8203072302,410.0000000000,0.2485906137
daily,JPM,2026-08-21,1530,2028-01-21,1.4191780822,365.8203072302,420.0000000000,0.2461781310
daily,JPM,2026-08-21,1530,2028-01-21,1.4191780822,365.8203072302,430.0000000000,0.2448648896
daily,JPM,2026-08-21,1530,2028-01-21,1.4191780822,365.8203072302,440.0000000000,0.2436285399
daily,JPM,2026-08-21,1530,2028-01-21,1.4191780822,365.8203072302,450.0000000000,0.2437787575
daily,JPM,2026-08-21,1530,2028-01-21,1.4191780822,365.8203072302,460.0000000000,0.2424455476
daily,JPM,2026-08-21,1530,2028-01-21,1.4191780822,365.8203072302,470.0000000000,0.2431199309
daily,JPM,2026-08-21,1530,2028-01-21,1.4191780822,365.8203072302,480.0000000000,0.2450730073
daily,JPM,2026-08-21,1530,2028-01-21,1.4191780822,365.8203072302,500.0000000000,0.2456165368
daily,JPM,2026-08-21,1530,2028-01-21,1.4191780822,365.8203072302,520.0000000000,0.2447204259
daily,JPM,2026-08-21,1530,2028-01-21,1.4191780822,365.8203072302,540.0000000000,0.2425936626
daily,JPM,2026-08-24,1538,2026-08-28,0.0109589041,355.8303398899,330.0000000000,0.3167259108
daily,JPM,2026-08-24,1538,2026-08-28,0.0109589041,355.8303398899,335.0000000000,0.2836907784
daily,JPM,2026-08-24,1538,2026-08-28,0.0109589041,355.8303398899,342.5000000000,0.2482576004
daily,JPM,2026-08-24,1538,2026-08-28,0.0109589041,355.8303398899,345.0000000000,0.2409064271
daily,JPM,2026-08-24,1538,2026-08-28,0.0109589041,355.8303398899,347.5000000000,0.2345703406
daily,JPM,2026-08-24,1538,2026-08-28,0.0109589041,355.8303398899,350.0000000000,0.2335172506
daily,JPM,2026-08-24,1538,2026-08-28,0.0109589041,355.8303398899,352.5000000000,0.2300634098
daily,JPM,2026-08-24,1538,2026-08-28,0.0109589041,355.8303398899,355.0000000000,0.2235704580
daily,JPM,2026-08-24,1538,2026-08-28,0.0109589041,355.8303398899,357.5000000000,0.2317296696
daily,JPM,2026-08-24,1538,2026-08-28,0.0109589041,355.8303398899,360.0000000000,0.2268300195
daily,JPM,2026-08-24,1538,2026-08-28,0.0109589041,355.8303398899,362.5000000000,0.2270569845
daily,JPM,2026-08-24,1538,2026-08-28,0.0109589041,355.8303398899,365.0000000000,0.2290840959
daily,JPM,2026-08-24,1538,2026-08-28,0.0109589041,355.8303398899,370.0000000000,0.2375701276
daily,JPM,2026-08-24,1538,2026-09-04,0.0301369863,356.3527253645,342.5000000000,0.2364382513
daily,JPM,2026-08-24,1538,2026-09-04,0.0301369863,356.3527253645,345.0000000000,0.2307676373
daily,JPM,2026-08-24,1538,2026-09-04,0.0301369863,356.3527253645,347.5000000000,0.2279183929
daily,JPM,2026-08-24,1538,2026-09-04,0.0301369863,356.3527253645,350.0000000000,0.2267065482
daily,JPM,2026-08-24,1538,2026-09-04,0.0301369863,356.3527253645,352.5000000000,0.2259766971
daily,JPM,2026-08-24,1538,2026-09-04,0.0301369863,356.3527253645,355.0000000000,0.2214252173
daily,JPM,2026-08-24,1538,2026-09-04,0.0301369863,356.3527253645,357.5000000000,0.2237192898
daily,JPM,2026-08-24,1538,2026-09-04,0.0301369863,356.3527253645,360.0000000000,0.2188868817
daily,JPM,2026-08-24,1538,2026-09-04,0.0301369863,356.3527253645,362.5000000000,0.2124548823
daily,JPM,2026-08-24,1538,2026-09-04,0.0301369863,356.3527253645,365.0000000000,0.2035786098
daily,JPM,2026-08-24,1538,2026-09-04,0.0301369863,356.3527253645,367.5000000000,0.2064198871
daily,JPM,2026-08-24,1538,2026-09-04,0.0301369863,356.3527253645,370.0000000000,0.2031418161
daily,JPM,2026-08-24,1538,2026-09-11,0.0493150685,356.4512032766,335.0000000000,0.2316630271
daily,JPM,2026-08-24,1538,2026-09-11,0.0493150685,356.4512032766,340.0000000000,0.2228201356
daily,JPM,2026-08-24,1538,2026-09-11,0.0493150685,356.4512032766,342.5000000000,0.2188259459
daily,JPM,2026-08-24,1538,2026-09-11,0.0493150685,356.4512032766,345.0000000000,0.2143024042
daily,JPM,2026-08-24,1538,2026-09-11,0.0493150685,356.4512032766,347.5000000000,0.2098301540
daily,JPM,2026-08-24,1538,2026-09-11,0.0493150685,356.4512032766,350.0000000000,0.2081752102
daily,JPM,2026-08-24,1538,2026-09-11,0.0493150685,356.4512032766,352.5000000000,0.2020070698
daily,JPM,2026-08-24,1538,2026-09-11,0.0493150685,356.4512032766,355.0000000000,0.2006809795
daily,JPM,2026-08-24,1538,2026-09-11,0.0493150685,356.4512032766,357.5000000000,0.1965987427
daily,JPM,2026-08-24,1538,2026-09-11,0.0493150685,356.4512032766,360.0000000000,0.2007639506
daily,JPM,2026-08-24,1538,2026-09-11,0.0493150685,356.4512032766,365.0000000000,0.1942291068
daily,JPM,2026-08-24,1538,2026-09-11,0.0493150685,356.4512032766,370.0000000000,0.1924775376
daily,JPM,2026-08-24,1538,2026-09-11,0.0493150685,356.4512032766,375.0000000000,0.1903219266
daily,JPM,2026-08-24,1538,2026-09-18,0.0684931507,356.8439967240,320.0000000000,0.2479094736
daily,JPM,2026-08-24,1538,2026-09-18,0.0684931507,356.8439967240,325.0000000000,0.2424376070
daily,JPM,2026-08-24,1538,2026-09-18,0.0684931507,356.8439967240,330.0000000000,0.2369019361
daily,JPM,2026-08-24,1538,2026-09-18,0.0684931507,356.8439967240,335.0000000000,0.2304771624
daily,JPM,2026-08-24,1538,2026-09-18,0.0684931507,356.8439967240,337.5000000000,0.2289478348
daily,JPM,2026-08-24,1538,2026-09-18,0.0684931507,356.8439967240,340.0000000000,0.2245787582
daily,JPM,2026-08-24,1538,2026-09-18,0.0684931507,356.8439967240,342.5000000000,0.2228724157
daily,JPM,2026-08-24,1538,2026-09-18,0.0684931507,356.8439967240,345.0000000000,0.2182241893
daily,JPM,2026-08-24,1538,2026-09-18,0.0684931507,356.8439967240,347.5000000000,0.2142765813
daily,JPM,2026-08-24,1538,2026-09-18,0.0684931507,356.8439967240,350.0000000000,0.2125309738
daily,JPM,2026-08-24,1538,2026-09-18,0.0684931507,356.8439967240,352.5000000000,0.2103845448
daily,JPM,2026-08-24,1538,2026-09-18,0.0684931507,356.8439967240,355.0000000000,0.2049666976
daily,JPM,2026-08-24,1538,2026-09-18,0.0684931507,356.8439967240,357.5000000000,0.1962177963
daily,JPM,2026-08-24,1538,2026-09-18,0.0684931507,356.8439967240,360.0000000000,0.1970613319
daily,JPM,2026-08-24,1538,2026-09-18,0.0684931507,356.8439967240,362.5000000000,0.1942655445
daily,JPM,2026-08-24,1538,2026-09-18,0.0684931507,356.8439967240,365.0000000000,0.1952137599
daily,JPM,2026-08-24,1538,2026-09-18,0.0684931507,356.8439967240,370.0000000000,0.1937987446
daily,JPM,2026-08-24,1538,2026-09-18,0.0684931507,356.8439967240,372.5000000000,0.1918928831
daily,JPM,2026-08-24,1538,2026-09-18,0.0684931507,356.8439967240,375.0000000000,0.1912080112
daily,JPM,2026-08-24,1538,2026-09-18,0.0684931507,356.8439967240,380.0000000000,0.1899271040
daily,JPM,2026-08-24,1538,2026-10-16,0.1452054795,356.3377425335,290.0000000000,0.3086365110
daily,JPM,2026-08-24,1538,2026-10-16,0.1452054795,356.3377425335,300.0000000000,0.2883415457
daily,JPM,2026-08-24,1538,2026-10-16,0.1452054795,356.3377425335,310.0000000000,0.2789494063
daily,JPM,2026-08-24,1538,2026-10-16,0.1452054795,356.3377425335,315.0000000000,0.2686749439
daily,JPM,2026-08-24,1538,2026-10-16,0.1452054795,356.3377425335,320.0000000000,0.2651741793
daily,JPM,2026-08-24,1538,2026-10-16,0.1452054795,356.3377425335,325.0000000000,0.2588240395
daily,JPM,2026-08-24,1538,2026-10-16,0.1452054795,356.3377425335,330.0000000000,0.2543451071
daily,JPM,2026-08-24,1538,2026-10-16,0.1452054795,356.3377425335,335.0000000000,0.2506329689
daily,JPM,2026-08-24,1538,2026-10-16,0.1452054795,356.3377425335,340.0000000000,0.2472535746
daily,JPM,2026-08-24,1538,2026-10-16,0.1452054795,356.3377425335,345.0000000000,0.2422696529
daily,JPM,2026-08-24,1538,2026-10-16,0.1452054795,356.3377425335,350.0000000000,0.2378524509
daily,JPM,2026-08-24,1538,2026-10-16,0.1452054795,356.3377425335,355.0000000000,0.2340384408
daily,JPM,2026-08-24,1538,2026-10-16,0.1452054795,356.3377425335,360.0000000000,0.2327159205
daily,JPM,2026-08-24,1538,2026-10-16,0.1452054795,356.3377425335,365.0000000000,0.2273976780
daily,JPM,2026-08-24,1538,2026-10-16,0.1452054795,356.3377425335,370.0000000000,0.2263152719
daily,JPM,2026-08-24,1538,2026-10-16,0.1452054795,356.3377425335,375.0000000000,0.2245776089
daily,JPM,2026-08-24,1538,2026-10-16,0.1452054795,356.3377425335,380.0000000000,0.2216632747
daily,JPM,2026-08-24,1538,2026-10-16,0.1452054795,356.3377425335,385.0000000000,0.2211704461
daily,JPM,2026-08-24,1538,2026-10-16,0.1452054795,356.3377425335,390.0000000000,0.2176344837
daily,JPM,2026-08-24,1538,2026-10-16,0.1452054795,356.3377425335,400.0000000000,0.2181548396
daily,JPM,2026-08-24,1538,2026-11-20,0.2410958904,357.4428718491,280.0000000000,0.3100347836
daily,JPM,2026-08-24,1538,2026-11-20,0.2410958904,357.4428718491,300.0000000000,0.2830797805
daily,JPM,2026-08-24,1538,2026-11-20,0.2410958904,357.4428718491,305.0000000000,0.2780342080
daily,JPM,2026-08-24,1538,2026-11-20,0.2410958904,357.4428718491,310.0000000000,0.2725116986
daily,JPM,2026-08-24,1538,2026-11-20,0.2410958904,357.4428718491,315.0000000000,0.2646650710
daily,JPM,2026-08-24,1538,2026-11-20,0.2410958904,357.4428718491,320.0000000000,0.2607468775
daily,JPM,2026-08-24,1538,2026-11-20,0.2410958904,357.4428718491,325.0000000000,0.2567606317
daily,JPM,2026-08-24,1538,2026-11-20,0.2410958904,357.4428718491,330.0000000000,0.2529221379
daily,JPM,2026-08-24,1538,2026-11-20,0.2410958904,357.4428718491,335.0000000000,0.2493483067
daily,JPM,2026-08-24,1538,2026-11-20,0.2410958904,357.4428718491,340.0000000000,0.2449129172
daily,JPM,2026-08-24,1538,2026-11-20,0.2410958904,357.4428718491,345.0000000000,0.2425164093
daily,JPM,2026-08-24,1538,2026-11-20,0.2410958904,357.4428718491,350.0000000000,0.2372839328
daily,JPM,2026-08-24,1538,2026-11-20,0.2410958904,357.4428718491,355.0000000000,0.2343387639
daily,JPM,2026-08-24,1538,2026-11-20,0.2410958904,357.4428718491,360.0000000000,0.2303339056
daily,JPM,2026-08-24,1538,2026-11-20,0.2410958904,357.4428718491,365.0000000000,0.2282238447
daily,JPM,2026-08-24,1538,2026-11-20,0.2410958904,357.4428718491,370.0000000000,0.2276489896
daily,JPM,2026-08-24,1538,2026-11-20,0.2410958904,357.4428718491,375.0000000000,0.2270546876
daily,JPM,2026-08-24,1538,2026-11-20,0.2410958904,357.4428718491,380.0000000000,0.2252973029
daily,JPM,2026-08-24,1538,2026-11-20,0.2410958904,357.4428718491,385.0000000000,0.2204672702
daily,JPM,2026-08-24,1538,2026-11-20,0.2410958904,357.4428718491,390.0000000000,0.2195016117
daily,JPM,2026-08-24,1538,2026-11-20,0.2410958904,357.4428718491,395.0000000000,0.2176318134
daily,JPM,2026-08-24,1538,2026-11-20,0.2410958904,357.4428718491,400.0000000000,0.2188152771
daily,JPM,2026-08-24,1538,2026-11-20,0.2410958904,357.4428718491,405.0000000000,0.2169451851
daily,JPM,2026-08-24,1538,2026-11-20,0.2410958904,357.4428718491,410.0000000000,0.2159909033
daily,JPM,2026-08-24,1538,2026-12-18,0.3178082192,358.6916421862,240.0000000000,0.3572187557
daily,JPM,2026-08-24,1538,2026-12-18,0.3178082192,358.6916421862,270.0000000000,0.3155291169
daily,JPM,2026-08-24,1538,2026-12-18,0.3178082192,358.6916421862,280.0000000000,0.2991667000
daily,JPM,2026-08-24,1538,2026-12-18,0.3178082192,358.6916421862,290.0000000000,0.2882460570
daily,JPM,2026-08-24,1538,2026-12-18,0.3178082192,358.6916421862,300.0000000000,0.2785167747
daily,JPM,2026-08-24,1538,2026-12-18,0.3178082192,358.6916421862,305.0000000000,0.2710451918
daily,JPM,2026-08-24,1538,2026-12-18,0.3178082192,358.6916421862,310.0000000000,0.2683253196
daily,JPM,2026-08-24,1538,2026-12-18,0.3178082192,358.6916421862,315.0000000000,0.2633535454
daily,JPM,2026-08-24,1538,2026-12-18,0.3178082192,358.6916421862,320.0000000000,0.2595107986
daily,JPM,2026-08-24,1538,2026-12-18,0.3178082192,358.6916421862,325.0000000000,0.2552798274
daily,JPM,2026-08-24,1538,2026-12-18,0.3178082192,358.6916421862,330.0000000000,0.2500644359
daily,JPM,2026-08-24,1538,2026-12-18,0.3178082192,358.6916421862,335.0000000000,0.2469950126
daily,JPM,2026-08-24,1538,2026-12-18,0.3178082192,358.6916421862,340.0000000000,0.2460088729
daily,JPM,2026-08-24,1538,2026-12-18,0.3178082192,358.6916421862,345.0000000000,0.2426954287
daily,JPM,2026-08-24,1538,2026-12-18,0.3178082192,358.6916421862,350.0000000000,0.2390392615
daily,JPM,2026-08-24,1538,2026-12-18,0.3178082192,358.6916421862,355.0000000000,0.2363170778
daily,JPM,2026-08-24,1538,2026-12-18,0.3178082192,358.6916421862,360.0000000000,0.2339668304
daily,JPM,2026-08-24,1538,2026-12-18,0.3178082192,358.6916421862,365.0000000000,0.2290392712
daily,JPM,2026-08-24,1538,2026-12-18,0.3178082192,358.6916421862,370.0000000000,0.2285300406
daily,JPM,2026-08-24,1538,2026-12-18,0.3178082192,358.6916421862,375.0000000000,0.2288721724
daily,JPM,2026-08-24,1538,2026-12-18,0.3178082192,358.6916421862,380.0000000000,0.2267053571
daily,JPM,2026-08-24,1538,2026-12-18,0.3178082192,358.6916421862,385.0000000000,0.2236606391
daily,JPM,2026-08-24,1538,2026-12-18,0.3178082192,358.6916421862,390.0000000000,0.2225055612
daily,JPM,2026-08-24,1538,2026-12-18,0.3178082192,358.6916421862,395.0000000000,0.2216712910
daily,JPM,2026-08-24,1538,2026-12-18,0.3178082192,358.6916421862,400.0000000000,0.2210859732
daily,JPM,2026-08-24,1538,2026-12-18,0.3178082192,358.6916421862,405.0000000000,0.2201316746
daily,JPM,2026-08-24,1538,2026-12-18,0.3178082192,358.6916421862,435.0000000000,0.2167966021
daily,JPM,2026-08-24,1538,2027-01-15,0.3945205479,358.9556118253,250.0000000000,0.3402625645
daily,JPM,2026-08-24,1538,2027-01-15,0.3945205479,358.9556118253,270.0000000000,0.3138600259
daily,JPM,2026-08-24,1538,2027-01-15,0.3945205479,358.9556118253,280.0000000000,0.3036495700
daily,JPM,2026-08-24,1538,2027-01-15,0.3945205479,358.9556118253,290.0000000000,0.2927237550
daily,JPM,2026-08-24,1538,2027-01-15,0.3945205479,358.9556118253,300.0000000000,0.2839320700
daily,JPM,2026-08-24,1538,2027-01-15,0.3945205479,358.9556118253,310.0000000000,0.2765910071
daily,JPM,2026-08-24,1538,2027-01-15,0.3945205479,358.9556118253,320.0000000000,0.2689348750
daily,JPM,2026-08-24,1538,2027-01-15,0.3945205479,358.9556118253,330.0000000000,0.2600848749
daily,JPM,2026-08-24,1538,2027-01-15,0.3945205479,358.9556118253,340.0000000000,0.2530509366
daily,JPM,2026-08-24,1538,2027-01-15,0.3945205479,358.9556118253,350.0000000000,0.2470946089
daily,JPM,2026-08-24,1538,2027-01-15,0.3945205479,358.9556118253,360.0000000000,0.2432926541
daily,JPM,2026-08-24,1538,2027-01-15,0.3945205479,358.9556118253,370.0000000000,0.2388034621
daily,JPM,2026-08-24,1538,2027-01-15,0.3945205479,358.9556118253,380.0000000000,0.2340139146
daily,JPM,2026-08-24,1538,2027-01-15,0.3945205479,358.9556118253,390.0000000000,0.2325786565
daily,JPM,2026-08-24,1538,2027-01-15,0.3945205479,358.9556118253,400.0000000000,0.2275081399
daily,JPM,2026-08-24,1538,2027-01-15,0.3945205479,358.9556118253,410.0000000000,0.2278526990
daily,JPM,2026-08-24,1538,2027-01-15,0.3945205479,358.9556118253,420.0000000000,0.2246139073
daily,JPM,2026-08-24,1538,2027-01-15,0.3945205479,358.9556118253,440.0000000000,0.2267003493
daily,JPM,2026-08-24,1538,2027-01-15,0.3945205479,358.9556118253,450.0000000000,0.2273606266
daily,JPM,2026-08-24,1538,2027-01-15,0.3945205479,358.9556118253,470.0000000000,0.2303195033
daily,JPM,2026-08-24,1538,2027-03-19,0.5671232877,361.3305091316,245.0000000000,0.3328179943
daily,JPM,2026-08-24,1538,2027-03-19,0.5671232877,361.3305091316,250.0000000000,0.3289006630
daily,JPM,2026-08-24,1538,2027-03-19,0.5671232877,361.3305091316,260.0000000000,0.3179265273
daily,JPM,2026-08-24,1538,2027-03-19,0.5671232877,361.3305091316,265.0000000000,0.3112150727
daily,JPM,2026-08-24,1538,2027-03-19,0.5671232877,361.3305091316,270.0000000000,0.3081447462
daily,JPM,2026-08-24,1538,2027-03-19,0.5671232877,361.3305091316,275.0000000000,0.3060806896
daily,JPM,2026-08-24,1538,2027-03-19,0.5671232877,361.3305091316,280.0000000000,0.3026417512
daily,JPM,2026-08-24,1538,2027-03-19,0.5671232877,361.3305091316,285.0000000000,0.2988432297
daily,JPM,2026-08-24,1538,2027-03-19,0.5671232877,361.3305091316,290.0000000000,0.2948407763
daily,JPM,2026-08-24,1538,2027-03-19,0.5671232877,361.3305091316,295.0000000000,0.2897685414
daily,JPM,2026-08-24,1538,2027-03-19,0.5671232877,361.3305091316,300.0000000000,0.2867191117
daily,JPM,2026-08-24,1538,2027-03-19,0.5671232877,361.3305091316,305.0000000000,0.2824724278
daily,JPM,2026-08-24,1538,2027-03-19,0.5671232877,361.3305091316,310.0000000000,0.2784017259
daily,JPM,2026-08-24,1538,2027-03-19,0.5671232877,361.3305091316,315.0000000000,0.2736631912
daily,JPM,2026-08-24,1538,2027-03-19,0.5671232877,361.3305091316,320.0000000000,0.2678793667
daily,JPM,2026-08-24,1538,2027-03-19,0.5671232877,361.3305091316,325.0000000000,0.2662565691
daily,JPM,2026-08-24,1538,2027-03-19,0.5671232877,361.3305091316,330.0000000000,0.2632805148
daily,JPM,2026-08-24,1538,2027-03-19,0.5671232877,361.3305091316,335.0000000000,0.2613478129
daily,JPM,2026-08-24,1538,2027-03-19,0.5671232877,361.3305091316,340.0000000000,0.2580959086
daily,JPM,2026-08-24,1538,2027-03-19,0.5671232877,361.3305091316,345.0000000000,0.2553528866
daily,JPM,2026-08-24,1538,2027-03-19,0.5671232877,361.3305091316,350.0000000000,0.2537710411
daily,JPM,2026-08-24,1538,2027-03-19,0.5671232877,361.3305091316,355.0000000000,0.2508560179
daily,JPM,2026-08-24,1538,2027-03-19,0.5671232877,361.3305091316,360.0000000000,0.2470725039
daily,JPM,2026-08-24,1538,2027-03-19,0.5671232877,361.3305091316,365.0000000000,0.2450007409
daily,JPM,2026-08-24,1538,2027-03-19,0.5671232877,361.3305091316,370.0000000000,0.2415905389
daily,JPM,2026-08-24,1538,2027-03-19,0.5671232877,361.3305091316,375.0000000000,0.2399006288
daily,JPM,2026-08-24,1538,2027-03-19,0.5671232877,361.3305091316,380.0000000000,0.2368595490
daily,JPM,2026-08-24,1538,2027-03-19,0.5671232877,361.3305091316,385.0000000000,0.2363438038
daily,JPM,2026-08-24,1538,2027-03-19,0.5671232877,361.3305091316,390.0000000000,0.2357925233
daily,JPM,2026-08-24,1538,2027-03-19,0.5671232877,361.3305091316,395.0000000000,0.2339489510
daily,JPM,2026-08-24,1538,2027-03-19,0.5671232877,361.3305091316,400.0000000000,0.2307355936
daily,JPM,2026-08-24,1538,2027-03-19,0.5671232877,361.3305091316,405.0000000000,0.2312856370
daily,JPM,2026-08-24,1538,2027-03-19,0.5671232877,361.3305091316,410.0000000000,0.2306686665
daily,JPM,2026-08-24,1538,2027-03-19,0.5671232877,361.3305091316,415.0000000000,0.2287966892
daily,JPM,2026-08-24,1538,2027-03-19,0.5671232877,361.3305091316,420.0000000000,0.2280698454
daily,JPM,2026-08-24,1538,2027-03-19,0.5671232877,361.3305091316,425.0000000000,0.2260904295
daily,JPM,2026-08-24,1538,2027-03-19,0.5671232877,361.3305091316,430.0000000000,0.2258809327
daily,JPM,2026-08-24,1538,2027-06-17,0.8136986301,363.9353197847,230.0000000000,0.3317162985
daily,JPM,2026-08-24,1538,2027-06-17,0.8136986301,363.9353197847,240.0000000000,0.3235810689
daily,JPM,2026-08-24,1538,2027-06-17,0.8136986301,363.9353197847,250.0000000000,0.3166237768
daily,JPM,2026-08-24,1538,2027-06-17,0.8136986301,363.9353197847,260.0000000000,0.3114486916
daily,JPM,2026-08-24,1538,2027-06-17,0.8136986301,363.9353197847,270.0000000000,0.3027577576
daily,JPM,2026-08-24,1538,2027-06-17,0.8136986301,363.9353197847,275.0000000000,0.3006985204
daily,JPM,2026-08-24,1538,2027-06-17,0.8136986301,363.9353197847,290.0000000000,0.2891628012
daily,JPM,2026-08-24,1538,2027-06-17,0.8136986301,363.9353197847,295.0000000000,0.2866059568
daily,JPM,2026-08-24,1538,2027-06-17,0.8136986301,363.9353197847,300.0000000000,0.2831666492
daily,JPM,2026-08-24,1538,2027-06-17,0.8136986301,363.9353197847,305.0000000000,0.2789348488
daily,JPM,2026-08-24,1538,2027-06-17,0.8136986301,363.9353197847,310.0000000000,0.2760325801
daily,JPM,2026-08-24,1538,2027-06-17,0.8136986301,363.9353197847,315.0000000000,0.2732825845
daily,JPM,2026-08-24,1538,2027-06-17,0.8136986301,363.9353197847,320.0000000000,0.2702456001
daily,JPM,2026-08-24,1538,2027-06-17,0.8136986301,363.9353197847,330.0000000000,0.2651981397
daily,JPM,2026-08-24,1538,2027-06-17,0.8136986301,363.9353197847,340.0000000000,0.2617662682
daily,JPM,2026-08-24,1538,2027-06-17,0.8136986301,363.9353197847,350.0000000000,0.2568916131
daily,JPM,2026-08-24,1538,2027-06-17,0.8136986301,363.9353197847,360.0000000000,0.2524092667
daily,JPM,2026-08-24,1538,2027-06-17,0.8136986301,363.9353197847,370.0000000000,0.2478925388
daily,JPM,2026-08-24,1538,2027-06-17,0.8136986301,363.9353197847,380.0000000000,0.2458296074
daily,JPM,2026-08-24,1538,2027-06-17,0.8136986301,363.9353197847,390.0000000000,0.2411140214
daily,JPM,2026-08-24,1538,2027-06-17,0.8136986301,363.9353197847,400.0000000000,0.2390271134
daily,JPM,2026-08-24,1538,2027-06-17,0.8136986301,363.9353197847,410.0000000000,0.2365477040
daily,JPM,2026-08-24,1538,2027-06-17,0.8136986301,363.9353197847,420.0000000000,0.2361331903
daily,JPM,2026-08-24,1538,2027-06-17,0.8136986301,363.9353197847,430.0000000000,0.2344600709
daily,JPM,2026-08-24,1538,2027-06-17,0.8136986301,363.9353197847,440.0000000000,0.2333599005
daily,JPM,2026-08-24,1538,2027-06-17,0.8136986301,363.9353197847,450.0000000000,0.2297745085
daily,JPM,2026-08-24,1538,2027-06-17,0.8136986301,363.9353197847,480.0000000000,0.2330355447
daily,JPM,2026-08-24,1538,2027-06-17,0.8136986301,363.9353197847,490.0000000000,0.2363821589
daily,JPM,2026-08-24,1538,2027-09-17,1.0657534247,367.8056209267,240.0000000000,0.3274317753
daily,JPM,2026-08-24,1538,2027-09-17,1.0657534247,367.8056209267,250.0000000000,0.3174041831
daily,JPM,2026-08-24,1538,2027-09-17,1.0657534247,367.8056209267,255.0000000000,0.3133853165
daily,JPM,2026-08-24,1538,2027-09-17,1.0657534247,367.8056209267,260.0000000000,0.3105192599
daily,JPM,2026-08-24,1538,2027-09-17,1.0657534247,367.8056209267,265.0000000000,0.3069754635
daily,JPM,2026-08-24,1538,2027-09-17,1.0657534247,367.8056209267,270.0000000000,0.3028387269
daily,JPM,2026-08-24,1538,2027-09-17,1.0657534247,367.8056209267,275.0000000000,0.2994724391
daily,JPM,2026-08-24,1538,2027-09-17,1.0657534247,367.8056209267,280.0000000000,0.2955039599
daily,JPM,2026-08-24,1538,2027-09-17,1.0657534247,367.8056209267,285.0000000000,0.2926683269
daily,JPM,2026-08-24,1538,2027-09-17,1.0657534247,367.8056209267,290.0000000000,0.2891871825
daily,JPM,2026-08-24,1538,2027-09-17,1.0657534247,367.8056209267,295.0000000000,0.2851231117
daily,JPM,2026-08-24,1538,2027-09-17,1.0657534247,367.8056209267,300.0000000000,0.2821713536
daily,JPM,2026-08-24,1538,2027-09-17,1.0657534247,367.8056209267,305.0000000000,0.2819909696
daily,JPM,2026-08-24,1538,2027-09-17,1.0657534247,367.8056209267,310.0000000000,0.2809685091
daily,JPM,2026-08-24,1538,2027-09-17,1.0657534247,367.8056209267,315.0000000000,0.2791888071
daily,JPM,2026-08-24,1538,2027-09-17,1.0657534247,367.8056209267,320.0000000000,0.2767170651
daily,JPM,2026-08-24,1538,2027-09-17,1.0657534247,367.8056209267,330.0000000000,0.2703612387
daily,JPM,2026-08-24,1538,2027-09-17,1.0657534247,367.8056209267,340.0000000000,0.2616463887
daily,JPM,2026-08-24,1538,2027-09-17,1.0657534247,367.8056209267,350.0000000000,0.2593125717
daily,JPM,2026-08-24,1538,2027-09-17,1.0657534247,367.8056209267,360.0000000000,0.2542634600
daily,JPM,2026-08-24,1538,2027-09-17,1.0657534247,367.8056209267,370.0000000000,0.2507287862
daily,JPM,2026-08-24,1538,2027-09-17,1.0657534247,367.8056209267,380.0000000000,0.2445567327
daily,JPM,2026-08-24,1538,2027-09-17,1.0657534247,367.8056209267,390.0000000000,0.2456572966
daily,JPM,2026-08-24,1538,2027-09-17,1.0657534247,367.8056209267,400.0000000000,0.2442314865
daily,JPM,2026-08-24,1538,2027-09-17,1.0657534247,367.8056209267,410.0000000000,0.2417448182
daily,JPM,2026-08-24,1538,2027-09-17,1.0657534247,367.8056209267,420.0000000000,0.2397304161
daily,JPM,2026-08-24,1538,2027-09-17,1.0657534247,367.8056209267,430.0000000000,0.2352137908
daily,JPM,2026-08-24,1538,2027-09-17,1.0657534247,367.8056209267,440.0000000000,0.2371330055
daily,JPM,2026-08-24,1538,2027-09-17,1.0657534247,367.8056209267,450.0000000000,0.2371070861
daily,JPM,2026-08-24,1538,2027-12-17,1.3150684932,369.8799782834,230.0000000000,0.3316512936
daily,JPM,2026-08-24,1538,2027-12-17,1.3150684932,369.8799782834,240.0000000000,0.3205999503
daily,JPM,2026-08-24,1538,2027-12-17,1.3150684932,369.8799782834,270.0000000000,0.3069945528
daily,JPM,2026-08-24,1538,2027-12-17,1.3150684932,369.8799782834,280.0000000000,0.2982121042
daily,JPM,2026-08-24,1538,2027-12-17,1.3150684932,369.8799782834,290.0000000000,0.2890171900
daily,JPM,2026-08-24,1538,2027-12-17,1.3150684932,369.8799782834,300.0000000000,0.2840673277
daily,JPM,2026-08-24,1538,2027-12-17,1.3150684932,369.8799782834,310.0000000000,0.2791765155
daily,JPM,2026-08-24,1538,2027-12-17,1.3150684932,369.8799782834,320.0000000000,0.2744897933
daily,JPM,2026-08-24,1538,2027-12-17,1.3150684932,369.8799782834,330.0000000000,0.2719063603
daily,JPM,2026-08-24,1538,2027-12-17,1.3150684932,369.8799782834,340.0000000000,0.2671163217
daily,JPM,2026-08-24,1538,2027-12-17,1.3150684932,369.8799782834,350.0000000000,0.2634538972
daily,JPM,2026-08-24,1538,2027-12-17,1.3150684932,369.8799782834,360.0000000000,0.2588472880
daily,JPM,2026-08-24,1538,2027-12-17,1.3150684932,369.8799782834,370.0000000000,0.2531506447
daily,JPM,2026-08-24,1538,2027-12-17,1.3150684932,369.8799782834,380.0000000000,0.2517851241
daily,JPM,2026-08-24,1538,2027-12-17,1.3150684932,369.8799782834,390.0000000000,0.2483427249
daily,JPM,2026-08-24,1538,2027-12-17,1.3150684932,369.8799782834,400.0000000000,0.2458895429
daily,JPM,2026-08-24,1538,2027-12-17,1.3150684932,369.8799782834,410.0000000000,0.2443947477
daily,JPM,2026-08-24,1538,2027-12-17,1.3150684932,369.8799782834,420.0000000000,0.2429885504
daily,JPM,2026-08-24,1538,2027-12-17,1.3150684932,369.8799782834,430.0000000000,0.2425166568
daily,JPM,2026-08-24,1538,2027-12-17,1.3150684932,369.8799782834,440.0000000000,0.2402485736
daily,JPM,2026-08-24,1538,2027-12-17,1.3150684932,369.8799782834,450.0000000000,0.2392066110
daily,JPM,2026-08-24,1538,2027-12-17,1.3150684932,369.8799782834,460.0000000000,0.2389402275
daily,JPM,2026-08-24,1538,2027-12-17,1.3150684932,369.8799782834,470.0000000000,0.2396036994
daily,JPM,2026-08-24,1538,2027-12-17,1.3150684932,369.8799782834,480.0000000000,0.2389852163
daily,JPM,2026-08-24,1538,2027-12-17,1.3150684932,369.8799782834,490.0000000000,0.2368010245
daily,JPM,2026-08-24,1538,2027-12-17,1.3150684932,369.8799782834,500.0000000000,0.2379600408
daily,JPM,2026-08-24,1538,2027-12-17,1.3150684932,369.8799782834,520.0000000000,0.2365315529
daily,JPM,2026-08-24,1538,2028-01-21,1.4109589041,370.0033695118,230.0000000000,0.3292187416
daily,JPM,2026-08-24,1538,2028-01-21,1.4109589041,370.0033695118,240.0000000000,0.3213938699
daily,JPM,2026-08-24,1538,2028-01-21,1.4109589041,370.0033695118,250.0000000000,0.3119480948
daily,JPM,2026-08-24,1538,2028-01-21,1.4109589041,370.0033695118,260.0000000000,0.3012205498
daily,JPM,2026-08-24,1538,2028-01-21,1.4109589041,370.0033695118,270.0000000000,0.2988478239
daily,JPM,2026-08-24,1538,2028-01-21,1.4109589041,370.0033695118,280.0000000000,0.2939887415
daily,JPM,2026-08-24,1538,2028-01-21,1.4109589041,370.0033695118,290.0000000000,0.2904740369
daily,JPM,2026-08-24,1538,2028-01-21,1.4109589041,370.0033695118,300.0000000000,0.2848247499
daily,JPM,2026-08-24,1538,2028-01-21,1.4109589041,370.0033695118,310.0000000000,0.2796378189
daily,JPM,2026-08-24,1538,2028-01-21,1.4109589041,370.0033695118,320.0000000000,0.2753446912
daily,JPM,2026-08-24,1538,2028-01-21,1.4109589041,370.0033695118,330.0000000000,0.2721775557
daily,JPM,2026-08-24,1538,2028-01-21,1.4109589041,370.0033695118,340.0000000000,0.2675644101
daily,JPM,2026-08-24,1538,2028-01-21,1.4109589041,370.0033695118,350.0000000000,0.2639398535
daily,JPM,2026-08-24,1538,2028-01-21,1.4109589041,370.0033695118,360.0000000000,0.2602829292
daily,JPM,2026-08-24,1538,2028-01-21,1.4109589041,370.0033695118,370.0000000000,0.2568067325
daily,JPM,2026-08-24,1538,2028-01-21,1.4109589041,370.0033695118,380.0000000000,0.2544170867
daily,JPM,2026-08-24,1538,2028-01-21,1.4109589041,370.0033695118,390.0000000000,0.2517451247
daily,JPM,2026-08-24,1538,2028-01-21,1.4109589041,370.0033695118,400.0000000000,0.2503721234
daily,JPM,2026-08-24,1538,2028-01-21,1.4109589041,370.0033695118,410.0000000000,0.2481986189
daily,JPM,2026-08-24,1538,2028-01-21,1.4109589041,370.0033695118,420.0000000000,0.2466350403
daily,JPM,2026-08-24,1538,2028-01-21,1.4109589041,370.0033695118,430.0000000000,0.2456190925
daily,JPM,2026-08-24,1538,2028-01-21,1.4109589041,370.0033695118,440.0000000000,0.2450564854
daily,JPM,2026-08-24,1538,2028-01-21,1.4109589041,370.0033695118,450.0000000000,0.2428971745
daily,JPM,2026-08-24,1538,2028-01-21,1.4109589041,370.0033695118,460.0000000000,0.2419537193
daily,JPM,2026-08-24,1538,2028-01-21,1.4109589041,370.0033695118,470.0000000000,0.2421640311
daily,JPM,2026-08-24,1538,2028-01-21,1.4109589041,370.0033695118,480.0000000000,0.2414133864
daily,JPM,2026-08-24,1538,2028-01-21,1.4109589041,370.0033695118,490.0000000000,0.2392139361
daily,JPM,2026-08-24,1538,2028-01-21,1.4109589041,370.0033695118,500.0000000000,0.2391173740
daily,JPM,2026-08-24,1538,2028-01-21,1.4109589041,370.0033695118,520.0000000000,0.2388421658
daily,JPM,2026-08-24,1538,2028-01-21,1.4109589041,370.0033695118,540.0000000000,0.2401092181
daily,JPM,2026-08-25,1530,2026-08-28,0.0082191781,356.9476160837,340.0000000000,0.2728604205
daily,JPM,2026-08-25,1530,2026-08-28,0.0082191781,356.9476160837,345.0000000000,0.2495344585
daily,JPM,2026-08-25,1530,2026-08-28,0.0082191781,356.9476160837,350.0000000000,0.2346955966
daily,JPM,2026-08-25,1530,2026-08-28,0.0082191781,356.9476160837,352.5000000000,0.2312059212
daily,JPM,2026-08-25,1530,2026-08-28,0.0082191781,356.9476160837,355.0000000000,0.2290384378
daily,JPM,2026-08-25,1530,2026-08-28,0.0082191781,356.9476160837,357.5000000000,0.2218606511
daily,JPM,2026-08-25,1530,2026-08-28,0.0082191781,356.9476160837,360.0000000000,0.2222468127
daily,JPM,2026-08-25,1530,2026-08-28,0.0082191781,356.9476160837,362.5000000000,0.2228403643
daily,JPM,2026-08-25,1530,2026-08-28,0.0082191781,356.9476160837,365.0000000000,0.2239450059
daily,JPM,2026-08-25,1530,2026-08-28,0.0082191781,356.9476160837,367.5000000000,0.2261815794
daily,JPM,2026-08-25,1530,2026-09-04,0.0273972603,357.2813838922,345.0000000000,0.2294420793
daily,JPM,2026-08-25,1530,2026-09-04,0.0273972603,357.2813838922,347.5000000000,0.2263139938
daily,JPM,2026-08-25,1530,2026-09-04,0.0273972603,357.2813838922,350.0000000000,0.2236473222
daily,JPM,2026-08-25,1530,2026-09-04,0.0273972603,357.2813838922,352.5000000000,0.2230469490
daily,JPM,2026-08-25,1530,2026-09-04,0.0273972603,357.2813838922,355.0000000000,0.2192010687
daily,JPM,2026-08-25,1530,2026-09-04,0.0273972603,357.2813838922,357.5000000000,0.2156377669
daily,JPM,2026-08-25,1530,2026-09-04,0.0273972603,357.2813838922,360.0000000000,0.2074955370
daily,JPM,2026-08-25,1530,2026-09-04,0.0273972603,357.2813838922,362.5000000000,0.2080718107
daily,JPM,2026-08-25,1530,2026-09-04,0.0273972603,357.2813838922,365.0000000000,0.2014368959
daily,JPM,2026-08-25,1530,2026-09-04,0.0273972603,357.2813838922,367.5000000000,0.1988956727
daily,JPM,2026-08-25,1530,2026-09-04,0.0273972603,357.2813838922,370.0000000000,0.1981883833
daily,JPM,2026-08-25,1530,2026-09-11,0.0465753425,357.5079637873,340.0000000000,0.2230464596
daily,JPM,2026-08-25,1530,2026-09-11,0.0465753425,357.5079637873,342.5000000000,0.2173150440
daily,JPM,2026-08-25,1530,2026-09-11,0.0465753425,357.5079637873,345.0000000000,0.2118191745
daily,JPM,2026-08-25,1530,2026-09-11,0.0465753425,357.5079637873,347.5000000000,0.2102495861
daily,JPM,2026-08-25,1530,2026-09-11,0.0465753425,357.5079637873,350.0000000000,0.2107206837
daily,JPM,2026-08-25,1530,2026-09-11,0.0465753425,357.5079637873,352.5000000000,0.2072728835
daily,JPM,2026-08-25,1530,2026-09-11,0.0465753425,357.5079637873,355.0000000000,0.2065960647
daily,JPM,2026-08-25,1530,2026-09-11,0.0465753425,357.5079637873,357.5000000000,0.2024850030
daily,JPM,2026-08-25,1530,2026-09-11,0.0465753425,357.5079637873,360.0000000000,0.2002985789
daily,JPM,2026-08-25,1530,2026-09-11,0.0465753425,357.5079637873,362.5000000000,0.1926539396
daily,JPM,2026-08-25,1530,2026-09-11,0.0465753425,357.5079637873,365.0000000000,0.1949595434
daily,JPM,2026-08-25,1530,2026-09-11,0.0465753425,357.5079637873,367.5000000000,0.1919929124
daily,JPM,2026-08-25,1530,2026-09-11,0.0465753425,357.5079637873,370.0000000000,0.1916060333
daily,JPM,2026-08-25,1530,2026-09-18,0.0657534247,357.8071860923,320.0000000000,0.2462156041
daily,JPM,2026-08-25,1530,2026-09-18,0.0657534247,357.8071860923,325.0000000000,0.2402760623
daily,JPM,2026-08-25,1530,2026-09-18,0.0657534247,357.8071860923,330.0000000000,0.2340165280
daily,JPM,2026-08-25,1530,2026-09-18,0.0657534247,357.8071860923,332.5000000000,0.2316265667
daily,JPM,2026-08-25,1530,2026-09-18,0.0657534247,357.8071860923,335.0000000000,0.2287938782
daily,JPM,2026-08-25,1530,2026-09-18,0.0657534247,357.8071860923,337.5000000000,0.2233711000
daily,JPM,2026-08-25,1530,2026-09-18,0.0657534247,357.8071860923,340.0000000000,0.2201254622
daily,JPM,2026-08-25,1530,2026-09-18,0.0657534247,357.8071860923,342.5000000000,0.2158041383
daily,JPM,2026-08-25,1530,2026-09-18,0.0657534247,357.8071860923,345.0000000000,0.2150906251
daily,JPM,2026-08-25,1530,2026-09-18,0.0657534247,357.8071860923,347.5000000000,0.2130268594
daily,JPM,2026-08-25,1530,2026-09-18,0.0657534247,357.8071860923,350.0000000000,0.2092893286
daily,JPM,2026-08-25,1530,2026-09-18,0.0657534247,357.8071860923,352.5000000000,0.2078228112
daily,JPM,2026-08-25,1530,2026-09-18,0.0657534247,357.8071860923,355.0000000000,0.2035272057
daily,JPM,2026-08-25,1530,2026-09-18,0.0657534247,357.8071860923,357.5000000000,0.2041259284
daily,JPM,2026-08-25,1530,2026-09-18,0.0657534247,357.8071860923,360.0000000000,0.2010677801
daily,JPM,2026-08-25,1530,2026-09-18,0.0657534247,357.8071860923,362.5000000000,0.1993115837
daily,JPM,2026-08-25,1530,2026-09-18,0.0657534247,357.8071860923,365.0000000000,0.1966285871
daily,JPM,2026-08-25,1530,2026-09-18,0.0657534247,357.8071860923,367.5000000000,0.1952561930
daily,JPM,2026-08-25,1530,2026-09-18,0.0657534247,357.8071860923,370.0000000000,0.1940056041
daily,JPM,2026-08-25,1530,2026-09-18,0.0657534247,357.8071860923,372.5000000000,0.1932219588
daily,JPM,2026-08-25,1530,2026-09-18,0.0657534247,357.8071860923,375.0000000000,0.1922895493
daily,JPM,2026-08-25,1530,2026-09-18,0.0657534247,357.8071860923,377.5000000000,0.1869818730
daily,JPM,2026-08-25,1530,2026-09-18,0.0657534247,357.8071860923,380.0000000000,0.1894378473
daily,JPM,2026-08-25,1530,2026-09-18,0.0657534247,357.8071860923,385.0000000000,0.1904374227
daily,JPM,2026-08-25,1530,2026-10-16,0.1424657534,357.1634528489,290.0000000000,0.3109057928
daily,JPM,2026-08-25,1530,2026-10-16,0.1424657534,357.1634528489,310.0000000000,0.2777541048
daily,JPM,2026-08-25,1530,2026-10-16,0.1424657534,357.1634528489,315.0000000000,0.2753911130
daily,JPM,2026-08-25,1530,2026-10-16,0.1424657534,357.1634528489,320.0000000000,0.2700753254
daily,JPM,2026-08-25,1530,2026-10-16,0.1424657534,357.1634528489,325.0000000000,0.2607159357
daily,JPM,2026-08-25,1530,2026-10-16,0.1424657534,357.1634528489,330.0000000000,0.2568966661
daily,JPM,2026-08-25,1530,2026-10-16,0.1424657534,357.1634528489,335.0000000000,0.2514833172
daily,JPM,2026-08-25,1530,2026-10-16,0.1424657534,357.1634528489,340.0000000000,0.2470480418
daily,JPM,2026-08-25,1530,2026-10-16,0.1424657534,357.1634528489,345.0000000000,0.2433143507
daily,JPM,2026-08-25,1530,2026-10-16,0.1424657534,357.1634528489,350.0000000000,0.2400960514
daily,JPM,2026-08-25,1530,2026-10-16,0.1424657534,357.1634528489,355.0000000000,0.2352436231
daily,JPM,2026-08-25,1530,2026-10-16,0.1424657534,357.1634528489,360.0000000000,0.2363800210
daily,JPM,2026-08-25,1530,2026-10-16,0.1424657534,357.1634528489,365.0000000000,0.2317033459
daily,JPM,2026-08-25,1530,2026-10-16,0.1424657534,357.1634528489,370.0000000000,0.2300825899
daily,JPM,2026-08-25,1530,2026-10-16,0.1424657534,357.1634528489,375.0000000000,0.2256229514
daily,JPM,2026-08-25,1530,2026-10-16,0.1424657534,357.1634528489,380.0000000000,0.2238155221
daily,JPM,2026-08-25,1530,2026-10-16,0.1424657534,357.1634528489,385.0000000000,0.2226192067
daily,JPM,2026-08-25,1530,2026-10-16,0.1424657534,357.1634528489,390.0000000000,0.2215541089
daily,JPM,2026-08-25,1530,2026-10-16,0.1424657534,357.1634528489,400.0000000000,0.2212234621
daily,JPM,2026-08-25,1530,2026-11-20,0.2383561644,358.7167018250,290.0000000000,0.3004034991
daily,JPM,2026-08-25,1530,2026-11-20,0.2383561644,358.7167018250,295.0000000000,0.2914120797
daily,JPM,2026-08-25,1530,2026-11-20,0.2383561644,358.7167018250,300.0000000000,0.2845846141
daily,JPM,2026-08-25,1530,2026-11-20,0.2383561644,358.7167018250,305.0000000000,0.2783521579
daily,JPM,2026-08-25,1530,2026-11-20,0.2383561644,358.7167018250,310.0000000000,0.2742626287
daily,JPM,2026-08-25,1530,2026-11-20,0.2383561644,358.7167018250,315.0000000000,0.2694062356
daily,JPM,2026-08-25,1530,2026-11-20,0.2383561644,358.7167018250,320.0000000000,0.2625114965
daily,JPM,2026-08-25,1530,2026-11-20,0.2383561644,358.7167018250,325.0000000000,0.2583381676
daily,JPM,2026-08-25,1530,2026-11-20,0.2383561644,358.7167018250,330.0000000000,0.2539812528
daily,JPM,2026-08-25,1530,2026-11-20,0.2383561644,358.7167018250,335.0000000000,0.2502525126
daily,JPM,2026-08-25,1530,2026-11-20,0.2383561644,358.7167018250,340.0000000000,0.2450134414
daily,JPM,2026-08-25,1530,2026-11-20,0.2383561644,358.7167018250,345.0000000000,0.2412434248
daily,JPM,2026-08-25,1530,2026-11-20,0.2383561644,358.7167018250,350.0000000000,0.2377228202
daily,JPM,2026-08-25,1530,2026-11-20,0.2383561644,358.7167018250,355.0000000000,0.2342170782
daily,JPM,2026-08-25,1530,2026-11-20,0.2383561644,358.7167018250,360.0000000000,0.2323073974
daily,JPM,2026-08-25,1530,2026-11-20,0.2383561644,358.7167018250,365.0000000000,0.2291678107
daily,JPM,2026-08-25,1530,2026-11-20,0.2383561644,358.7167018250,370.0000000000,0.2261513634
daily,JPM,2026-08-25,1530,2026-11-20,0.2383561644,358.7167018250,375.0000000000,0.2235550765
daily,JPM,2026-08-25,1530,2026-11-20,0.2383561644,358.7167018250,380.0000000000,0.2213190515
daily,JPM,2026-08-25,1530,2026-11-20,0.2383561644,358.7167018250,385.0000000000,0.2201140235
daily,JPM,2026-08-25,1530,2026-11-20,0.2383561644,358.7167018250,390.0000000000,0.2181129110
daily,JPM,2026-08-25,1530,2026-11-20,0.2383561644,358.7167018250,395.0000000000,0.2169657887
daily,JPM,2026-08-25,1530,2026-11-20,0.2383561644,358.7167018250,400.0000000000,0.2145124302
daily,JPM,2026-08-25,1530,2026-11-20,0.2383561644,358.7167018250,410.0000000000,0.2178325797
daily,JPM,2026-08-25,1530,2026-12-18,0.3150684932,359.8914598781,265.0000000000,0.3209062416
daily,JPM,2026-08-25,1530,2026-12-18,0.3150684932,359.8914598781,280.0000000000,0.3002915659
daily,JPM,2026-08-25,1530,2026-12-18,0.3150684932,359.8914598781,285.0000000000,0.2944704041
daily,JPM,2026-08-25,1530,2026-12-18,0.3150684932,359.8914598781,290.0000000000,0.2889600772
daily,JPM,2026-08-25,1530,2026-12-18,0.3150684932,359.8914598781,295.0000000000,0.2837691694
daily,JPM,2026-08-25,1530,2026-12-18,0.3150684932,359.8914598781,300.0000000000,0.2768733314
daily,JPM,2026-08-25,1530,2026-12-18,0.3150684932,359.8914598781,305.0000000000,0.2734325154
daily,JPM,2026-08-25,1530,2026-12-18,0.3150684932,359.8914598781,310.0000000000,0.2691167276
daily,JPM,2026-08-25,1530,2026-12-18,0.3150684932,359.8914598781,315.0000000000,0.2628328432
daily,JPM,2026-08-25,1530,2026-12-18,0.3150684932,359.8914598781,320.0000000000,0.2585206514
daily,JPM,2026-08-25,1530,2026-12-18,0.3150684932,359.8914598781,325.0000000000,0.2538007294
daily,JPM,2026-08-25,1530,2026-12-18,0.3150684932,359.8914598781,330.0000000000,0.2493131954
daily,JPM,2026-08-25,1530,2026-12-18,0.3150684932,359.8914598781,335.0000000000,0.2470844021
daily,JPM,2026-08-25,1530,2026-12-18,0.3150684932,359.8914598781,340.0000000000,0.2427459778
daily,JPM,2026-08-25,1530,2026-12-18,0.3150684932,359.8914598781,345.0000000000,0.2382949154
daily,JPM,2026-08-25,1530,2026-12-18,0.3150684932,359.8914598781,350.0000000000,0.2358751886
daily,JPM,2026-08-25,1530,2026-12-18,0.3150684932,359.8914598781,355.0000000000,0.2363200078
daily,JPM,2026-08-25,1530,2026-12-18,0.3150684932,359.8914598781,360.0000000000,0.2341198111
daily,JPM,2026-08-25,1530,2026-12-18,0.3150684932,359.8914598781,365.0000000000,0.2314146730
daily,JPM,2026-08-25,1530,2026-12-18,0.3150684932,359.8914598781,370.0000000000,0.2260848446
daily,JPM,2026-08-25,1530,2026-12-18,0.3150684932,359.8914598781,375.0000000000,0.2251782916
daily,JPM,2026-08-25,1530,2026-12-18,0.3150684932,359.8914598781,380.0000000000,0.2229570415
daily,JPM,2026-08-25,1530,2026-12-18,0.3150684932,359.8914598781,385.0000000000,0.2179629152
daily,JPM,2026-08-25,1530,2026-12-18,0.3150684932,359.8914598781,390.0000000000,0.2197586837
daily,JPM,2026-08-25,1530,2026-12-18,0.3150684932,359.8914598781,395.0000000000,0.2192495766
daily,JPM,2026-08-25,1530,2026-12-18,0.3150684932,359.8914598781,400.0000000000,0.2172701535
daily,JPM,2026-08-25,1530,2026-12-18,0.3150684932,359.8914598781,405.0000000000,0.2165156068
daily,JPM,2026-08-25,1530,2026-12-18,0.3150684932,359.8914598781,410.0000000000,0.2156709732
daily,JPM,2026-08-25,1530,2027-01-15,0.3917808219,359.9456494662,260.0000000000,0.3208450582
daily,JPM,2026-08-25,1530,2027-01-15,0.3917808219,359.9456494662,270.0000000000,0.3160222140
daily,JPM,2026-08-25,1530,2027-01-15,0.3917808219,359.9456494662,280.0000000000,0.3044568028
daily,JPM,2026-08-25,1530,2027-01-15,0.3917808219,359.9456494662,290.0000000000,0.2937288125
daily,JPM,2026-08-25,1530,2027-01-15,0.3917808219,359.9456494662,300.0000000000,0.2823148221
daily,JPM,2026-08-25,1530,2027-01-15,0.3917808219,359.9456494662,310.0000000000,0.2740981427
daily,JPM,2026-08-25,1530,2027-01-15,0.3917808219,359.9456494662,320.0000000000,0.2641515219
daily,JPM,2026-08-25,1530,2027-01-15,0.3917808219,359.9456494662,330.0000000000,0.2600170321
daily,JPM,2026-08-25,1530,2027-01-15,0.3917808219,359.9456494662,340.0000000000,0.2505628694
daily,JPM,2026-08-25,1530,2027-01-15,0.3917808219,359.9456494662,350.0000000000,0.2445086965
daily,JPM,2026-08-25,1530,2027-01-15,0.3917808219,359.9456494662,360.0000000000,0.2397205561
daily,JPM,2026-08-25,1530,2027-01-15,0.3917808219,359.9456494662,370.0000000000,0.2355323517
daily,JPM,2026-08-25,1530,2027-01-15,0.3917808219,359.9456494662,380.0000000000,0.2306963455
daily,JPM,2026-08-25,1530,2027-01-15,0.3917808219,359.9456494662,390.0000000000,0.2282268806
daily,JPM,2026-08-25,1530,2027-01-15,0.3917808219,359.9456494662,400.0000000000,0.2256115951
daily,JPM,2026-08-25,1530,2027-01-15,0.3917808219,359.9456494662,410.0000000000,0.2247095018
daily,JPM,2026-08-25,1530,2027-01-15,0.3917808219,359.9456494662,420.0000000000,0.2244721905
daily,JPM,2026-08-25,1530,2027-01-15,0.3917808219,359.9456494662,430.0000000000,0.2243478620
daily,JPM,2026-08-25,1530,2027-01-15,0.3917808219,359.9456494662,440.0000000000,0.2249242901
daily,JPM,2026-08-25,1530,2027-01-15,0.3917808219,359.9456494662,450.0000000000,0.2267669145
daily,JPM,2026-08-25,1530,2027-03-19,0.5643835616,362.2835869925,255.0000000000,0.3196480730
daily,JPM,2026-08-25,1530,2027-03-19,0.5643835616,362.2835869925,265.0000000000,0.3124953889
daily,JPM,2026-08-25,1530,2027-03-19,0.5643835616,362.2835869925,270.0000000000,0.3072415911
daily,JPM,2026-08-25,1530,2027-03-19,0.5643835616,362.2835869925,275.0000000000,0.3033024208
daily,JPM,2026-08-25,1530,2027-03-19,0.5643835616,362.2835869925,280.0000000000,0.2995626868
daily,JPM,2026-08-25,1530,2027-03-19,0.5643835616,362.2835869925,285.0000000000,0.2947136849
daily,JPM,2026-08-25,1530,2027-03-19,0.5643835616,362.2835869925,290.0000000000,0.2917484520
daily,JPM,2026-08-25,1530,2027-03-19,0.5643835616,362.2835869925,295.0000000000,0.2875652147
daily,JPM,2026-08-25,1530,2027-03-19,0.5643835616,362.2835869925,300.0000000000,0.2842857035
daily,JPM,2026-08-25,1530,2027-03-19,0.5643835616,362.2835869925,305.0000000000,0.2798310998
daily,JPM,2026-08-25,1530,2027-03-19,0.5643835616,362.2835869925,310.0000000000,0.2743326342
daily,JPM,2026-08-25,1530,2027-03-19,0.5643835616,362.2835869925,315.0000000000,0.2723515614
daily,JPM,2026-08-25,1530,2027-03-19,0.5643835616,362.2835869925,320.0000000000,0.2690404082
daily,JPM,2026-08-25,1530,2027-03-19,0.5643835616,362.2835869925,325.0000000000,0.2656068782
daily,JPM,2026-08-25,1530,2027-03-19,0.5643835616,362.2835869925,330.0000000000,0.2609755290
daily,JPM,2026-08-25,1530,2027-03-19,0.5643835616,362.2835869925,335.0000000000,0.2599372170
daily,JPM,2026-08-25,1530,2027-03-19,0.5643835616,362.2835869925,340.0000000000,0.2575080640
daily,JPM,2026-08-25,1530,2027-03-19,0.5643835616,362.2835869925,345.0000000000,0.2557028025
daily,JPM,2026-08-25,1530,2027-03-19,0.5643835616,362.2835869925,350.0000000000,0.2525686055
daily,JPM,2026-08-25,1530,2027-03-19,0.5643835616,362.2835869925,355.0000000000,0.2481557230
daily,JPM,2026-08-25,1530,2027-03-19,0.5643835616,362.2835869925,360.0000000000,0.2473197600
daily,JPM,2026-08-25,1530,2027-03-19,0.5643835616,362.2835869925,365.0000000000,0.2461893290
daily,JPM,2026-08-25,1530,2027-03-19,0.5643835616,362.2835869925,370.0000000000,0.2439738676
daily,JPM,2026-08-25,1530,2027-03-19,0.5643835616,362.2835869925,375.0000000000,0.2404186850
daily,JPM,2026-08-25,1530,2027-03-19,0.5643835616,362.2835869925,380.0000000000,0.2391236993
daily,JPM,2026-08-25,1530,2027-03-19,0.5643835616,362.2835869925,385.0000000000,0.2369113315
daily,JPM,2026-08-25,1530,2027-03-19,0.5643835616,362.2835869925,390.0000000000,0.2336149707
daily,JPM,2026-08-25,1530,2027-03-19,0.5643835616,362.2835869925,395.0000000000,0.2317199852
daily,JPM,2026-08-25,1530,2027-03-19,0.5643835616,362.2835869925,400.0000000000,0.2310716385
daily,JPM,2026-08-25,1530,2027-03-19,0.5643835616,362.2835869925,405.0000000000,0.2291295909
daily,JPM,2026-08-25,1530,2027-03-19,0.5643835616,362.2835869925,410.0000000000,0.2277929079
daily,JPM,2026-08-25,1530,2027-03-19,0.5643835616,362.2835869925,415.0000000000,0.2260455595
daily,JPM,2026-08-25,1530,2027-03-19,0.5643835616,362.2835869925,420.0000000000,0.2259438895
daily,JPM,2026-08-25,1530,2027-03-19,0.5643835616,362.2835869925,425.0000000000,0.2255266536
daily,JPM,2026-08-25,1530,2027-03-19,0.5643835616,362.2835869925,430.0000000000,0.2244303262
daily,JPM,2026-08-25,1530,2027-03-19,0.5643835616,362.2835869925,435.0000000000,0.2257162308
daily,JPM,2026-08-25,1530,2027-03-19,0.5643835616,362.2835869925,450.0000000000,0.2283817616
daily,JPM,2026-08-25,1530,2027-03-19,0.5643835616,362.2835869925,455.0000000000,0.2273437638
daily,JPM,2026-08-25,1530,2027-06-17,0.8109589041,364.7867602474,240.0000000000,0.3278323030
daily,JPM,2026-08-25,1530,2027-06-17,0.8109589041,364.7867602474,250.0000000000,0.3215212781
daily,JPM,2026-08-25,1530,2027-06-17,0.8109589041,364.7867602474,255.0000000000,0.3170703110
daily,JPM,2026-08-25,1530,2027-06-17,0.8109589041,364.7867602474,260.0000000000,0.3119315291
daily,JPM,2026-08-25,1530,2027-06-17,0.8109589041,364.7867602474,265.0000000000,0.3061969433
daily,JPM,2026-08-25,1530,2027-06-17,0.8109589041,364.7867602474,270.0000000000,0.2999375129
daily,JPM,2026-08-25,1530,2027-06-17,0.8109589041,364.7867602474,275.0000000000,0.2985709856
daily,JPM,2026-08-25,1530,2027-06-17,0.8109589041,364.7867602474,280.0000000000,0.2961306508
daily,JPM,2026-08-25,1530,2027-06-17,0.8109589041,364.7867602474,285.0000000000,0.2927716726
daily,JPM,2026-08-25,1530,2027-06-17,0.8109589041,364.7867602474,290.0000000000,0.2886090514
daily,JPM,2026-08-25,1530,2027-06-17,0.8109589041,364.7867602474,295.0000000000,0.2850387363
daily,JPM,2026-08-25,1530,2027-06-17,0.8109589041,364.7867602474,300.0000000000,0.2806882185
daily,JPM,2026-08-25,1530,2027-06-17,0.8109589041,364.7867602474,305.0000000000,0.2784308960
daily,JPM,2026-08-25,1530,2027-06-17,0.8109589041,364.7867602474,310.0000000000,0.2752821888
daily,JPM,2026-08-25,1530,2027-06-17,0.8109589041,364.7867602474,315.0000000000,0.2726100163
daily,JPM,2026-08-25,1530,2027-06-17,0.8109589041,364.7867602474,320.0000000000,0.2697172400
daily,JPM,2026-08-25,1530,2027-06-17,0.8109589041,364.7867602474,330.0000000000,0.2637645921
daily,JPM,2026-08-25,1530,2027-06-17,0.8109589041,364.7867602474,340.0000000000,0.2603794275
daily,JPM,2026-08-25,1530,2027-06-17,0.8109589041,364.7867602474,350.0000000000,0.2556322950
daily,JPM,2026-08-25,1530,2027-06-17,0.8109589041,364.7867602474,360.0000000000,0.2513467938
daily,JPM,2026-08-25,1530,2027-06-17,0.8109589041,364.7867602474,370.0000000000,0.2476280343
daily,JPM,2026-08-25,1530,2027-06-17,0.8109589041,364.7867602474,380.0000000000,0.2449425389
daily,JPM,2026-08-25,1530,2027-06-17,0.8109589041,364.7867602474,390.0000000000,0.2419750143
daily,JPM,2026-08-25,1530,2027-06-17,0.8109589041,364.7867602474,400.0000000000,0.2392301652
daily,JPM,2026-08-25,1530,2027-06-17,0.8109589041,364.7867602474,410.0000000000,0.2376551416
daily,JPM,2026-08-25,1530,2027-06-17,0.8109589041,364.7867602474,420.0000000000,0.2359576524
daily,JPM,2026-08-25,1530,2027-06-17,0.8109589041,364.7867602474,430.0000000000,0.2340428935
daily,JPM,2026-08-25,1530,2027-06-17,0.8109589041,364.7867602474,440.0000000000,0.2331599686
daily,JPM,2026-08-25,1530,2027-06-17,0.8109589041,364.7867602474,450.0000000000,0.2325929087
daily,JPM,2026-08-25,1530,2027-06-17,0.8109589041,364.7867602474,480.0000000000,0.2359427853
daily,JPM,2026-08-25,1530,2027-06-17,0.8109589041,364.7867602474,490.0000000000,0.2344905983
daily,JPM,2026-08-25,1530,2027-06-17,0.8109589041,364.7867602474,500.0000000000,0.2347166104
daily,JPM,2026-08-25,1530,2027-09-17,1.0630136986,366.7041016090,230.0000000000,0.3301307454
daily,JPM,2026-08-25,1530,2027-09-17,1.0630136986,366.7041016090,240.0000000000,0.3216281255
daily,JPM,2026-08-25,1530,2027-09-17,1.0630136986,366.7041016090,250.0000000000,0.3110564921
daily,JPM,2026-08-25,1530,2027-09-17,1.0630136986,366.7041016090,255.0000000000,0.3073207368
daily,JPM,2026-08-25,1530,2027-09-17,1.0630136986,366.7041016090,260.0000000000,0.3036536280
daily,JPM,2026-08-25,1530,2027-09-17,1.0630136986,366.7041016090,265.0000000000,0.2993908501
daily,JPM,2026-08-25,1530,2027-09-17,1.0630136986,366.7041016090,270.0000000000,0.2975075588
daily,JPM,2026-08-25,1530,2027-09-17,1.0630136986,366.7041016090,275.0000000000,0.2948391171
daily,JPM,2026-08-25,1530,2027-09-17,1.0630136986,366.7041016090,280.0000000000,0.2914846349
daily,JPM,2026-08-25,1530,2027-09-17,1.0630136986,366.7041016090,285.0000000000,0.2875205315
daily,JPM,2026-08-25,1530,2027-09-17,1.0630136986,366.7041016090,290.0000000000,0.2848043639
daily,JPM,2026-08-25,1530,2027-09-17,1.0630136986,366.7041016090,295.0000000000,0.2814244541
daily,JPM,2026-08-25,1530,2027-09-17,1.0630136986,366.7041016090,300.0000000000,0.2774427364
daily,JPM,2026-08-25,1530,2027-09-17,1.0630136986,366.7041016090,305.0000000000,0.2729072569
daily,JPM,2026-08-25,1530,2027-09-17,1.0630136986,366.7041016090,310.0000000000,0.2722266040
daily,JPM,2026-08-25,1530,2027-09-17,1.0630136986,366.7041016090,315.0000000000,0.2707369031
daily,JPM,2026-08-25,1530,2027-09-17,1.0630136986,366.7041016090,320.0000000000,0.2702281190
daily,JPM,2026-08-25,1530,2027-09-17,1.0630136986,366.7041016090,330.0000000000,0.2669103216
daily,JPM,2026-08-25,1530,2027-09-17,1.0630136986,366.7041016090,340.0000000000,0.2608715444
daily,JPM,2026-08-25,1530,2027-09-17,1.0630136986,366.7041016090,350.0000000000,0.2593481394
daily,JPM,2026-08-25,1530,2027-09-17,1.0630136986,366.7041016090,360.0000000000,0.2550425028
daily,JPM,2026-08-25,1530,2027-09-17,1.0630136986,366.7041016090,370.0000000000,0.2491136087
daily,JPM,2026-08-25,1530,2027-09-17,1.0630136986,366.7041016090,380.0000000000,0.2487563515
daily,JPM,2026-08-25,1530,2027-09-17,1.0630136986,366.7041016090,390.0000000000,0.2462473552
daily,JPM,2026-08-25,1530,2027-09-17,1.0630136986,366.7041016090,400.0000000000,0.2419355448
daily,JPM,2026-08-25,1530,2027-09-17,1.0630136986,366.7041016090,410.0000000000,0.2398398986
daily,JPM,2026-08-25,1530,2027-09-17,1.0630136986,366.7041016090,420.0000000000,0.2385898541
daily,JPM,2026-08-25,1530,2027-09-17,1.0630136986,366.7041016090,430.0000000000,0.2398092851
daily,JPM,2026-08-25,1530,2027-09-17,1.0630136986,366.7041016090,440.0000000000,0.2392026512
daily,JPM,2026-08-25,1530,2027-09-17,1.0630136986,366.7041016090,450.0000000000,0.2363530955
daily,JPM,2026-08-25,1530,2027-09-17,1.0630136986,366.7041016090,460.0000000000,0.2362344066
daily,JPM,2026-08-25,1530,2027-09-17,1.0630136986,366.7041016090,470.0000000000,0.2340564554
daily,JPM,2026-08-25,1530,2027-09-17,1.0630136986,366.7041016090,500.0000000000,0.2335771758
daily,JPM,2026-08-25,1530,2027-12-17,1.3123287671,370.3472459573,230.0000000000,0.3250141969
daily,JPM,2026-08-25,1530,2027-12-17,1.3123287671,370.3472459573,240.0000000000,0.3202334302
daily,JPM,2026-08-25,1530,2027-12-17,1.3123287671,370.3472459573,250.0000000000,0.3130285021
daily,JPM,2026-08-25,1530,2027-12-17,1.3123287671,370.3472459573,260.0000000000,0.3058290334
daily,JPM,2026-08-25,1530,2027-12-17,1.3123287671,370.3472459573,270.0000000000,0.2984422219
daily,JPM,2026-08-25,1530,2027-12-17,1.3123287671,370.3472459573,280.0000000000,0.2940955729
daily,JPM,2026-08-25,1530,2027-12-17,1.3123287671,370.3472459573,290.0000000000,0.2889614226
daily,JPM,2026-08-25,1530,2027-12-17,1.3123287671,370.3472459573,300.0000000000,0.2817801245
daily,JPM,2026-08-25,1530,2027-12-17,1.3123287671,370.3472459573,310.0000000000,0.2767280880
daily,JPM,2026-08-25,1530,2027-12-17,1.3123287671,370.3472459573,320.0000000000,0.2722747834
daily,JPM,2026-08-25,1530,2027-12-17,1.3123287671,370.3472459573,330.0000000000,0.2673117375
daily,JPM,2026-08-25,1530,2027-12-17,1.3123287671,370.3472459573,340.0000000000,0.2635939912
daily,JPM,2026-08-25,1530,2027-12-17,1.3123287671,370.3472459573,350.0000000000,0.2606168908
daily,JPM,2026-08-25,1530,2027-12-17,1.3123287671,370.3472459573,360.0000000000,0.2568718503
daily,JPM,2026-08-25,1530,2027-12-17,1.3123287671,370.3472459573,370.0000000000,0.2523094603
daily,JPM,2026-08-25,1530,2027-12-17,1.3123287671,370.3472459573,380.0000000000,0.2506341149
daily,JPM,2026-08-25,1530,2027-12-17,1.3123287671,370.3472459573,390.0000000000,0.2481226554
daily,JPM,2026-08-25,1530,2027-12-17,1.3123287671,370.3472459573,400.0000000000,0.2457037808
daily,JPM,2026-08-25,1530,2027-12-17,1.3123287671,370.3472459573,410.0000000000,0.2449478899
daily,JPM,2026-08-25,1530,2027-12-17,1.3123287671,370.3472459573,420.0000000000,0.2422665766
daily,JPM,2026-08-25,1530,2027-12-17,1.3123287671,370.3472459573,430.0000000000,0.2407576784
daily,JPM,2026-08-25,1530,2027-12-17,1.3123287671,370.3472459573,440.0000000000,0.2396975421
daily,JPM,2026-08-25,1530,2027-12-17,1.3123287671,370.3472459573,450.0000000000,0.2385241927
daily,JPM,2026-08-25,1530,2027-12-17,1.3123287671,370.3472459573,460.0000000000,0.2381150396
daily,JPM,2026-08-25,1530,2027-12-17,1.3123287671,370.3472459573,470.0000000000,0.2371881258
daily,JPM,2026-08-25,1530,2027-12-17,1.3123287671,370.3472459573,480.0000000000,0.2347266480
daily,JPM,2026-08-25,1530,2027-12-17,1.3123287671,370.3472459573,490.0000000000,0.2367231483
daily,JPM,2026-08-25,1530,2027-12-17,1.3123287671,370.3472459573,500.0000000000,0.2375591974
daily,JPM,2026-08-25,1530,2027-12-17,1.3123287671,370.3472459573,520.0000000000,0.2361125292
daily,JPM,2026-08-25,1530,2028-01-21,1.4082191781,371.1961569602,230.0000000000,0.3285066383
daily,JPM,2026-08-25,1530,2028-01-21,1.4082191781,371.1961569602,240.0000000000,0.3201181551
daily,JPM,2026-08-25,1530,2028-01-21,1.4082191781,371.1961569602,250.0000000000,0.3118529410
daily,JPM,2026-08-25,1530,2028-01-21,1.4082191781,371.1961569602,260.0000000000,0.3080577248
daily,JPM,2026-08-25,1530,2028-01-21,1.4082191781,371.1961569602,270.0000000000,0.3019797021
daily,JPM,2026-08-25,1530,2028-01-21,1.4082191781,371.1961569602,280.0000000000,0.2940926461
daily,JPM,2026-08-25,1530,2028-01-21,1.4082191781,371.1961569602,290.0000000000,0.2894513548
daily,JPM,2026-08-25,1530,2028-01-21,1.4082191781,371.1961569602,300.0000000000,0.2828418744
daily,JPM,2026-08-25,1530,2028-01-21,1.4082191781,371.1961569602,310.0000000000,0.2777686953
daily,JPM,2026-08-25,1530,2028-01-21,1.4082191781,371.1961569602,320.0000000000,0.2737637842
daily,JPM,2026-08-25,1530,2028-01-21,1.4082191781,371.1961569602,330.0000000000,0.2679861412
daily,JPM,2026-08-25,1530,2028-01-21,1.4082191781,371.1961569602,340.0000000000,0.2653695905
daily,JPM,2026-08-25,1530,2028-01-21,1.4082191781,371.1961569602,350.0000000000,0.2621400391
daily,JPM,2026-08-25,1530,2028-01-21,1.4082191781,371.1961569602,360.0000000000,0.2579937756
daily,JPM,2026-08-25,1530,2028-01-21,1.4082191781,371.1961569602,370.0000000000,0.2542375313
daily,JPM,2026-08-25,1530,2028-01-21,1.4082191781,371.1961569602,380.0000000000,0.2518177305
daily,JPM,2026-08-25,1530,2028-01-21,1.4082191781,371.1961569602,390.0000000000,0.2492191679
daily,JPM,2026-08-25,1530,2028-01-21,1.4082191781,371.1961569602,400.0000000000,0.2472063005
daily,JPM,2026-08-25,1530,2028-01-21,1.4082191781,371.1961569602,410.0000000000,0.2456609559
daily,JPM,2026-08-25,1530,2028-01-21,1.4082191781,371.1961569602,420.0000000000,0.2434929179
daily,JPM,2026-08-25,1530,2028-01-21,1.4082191781,371.1961569602,430.0000000000,0.2424486815
daily,JPM,2026-08-25,1530,2028-01-21,1.4082191781,371.1961569602,440.0000000000,0.2411357645
daily,JPM,2026-08-25,1530,2028-01-21,1.4082191781,371.1961569602,450.0000000000,0.2408038641
daily,JPM,2026-08-25,1530,2028-01-21,1.4082191781,371.1961569602,460.0000000000,0.2397851616
daily,JPM,2026-08-25,1530,2028-01-21,1.4082191781,371.1961569602,470.0000000000,0.2379436898
daily,JPM,2026-08-25,1530,2028-01-21,1.4082191781,371.1961569602,480.0000000000,0.2377787022
daily,JPM,2026-08-25,1530,2028-01-21,1.4082191781,371.1961569602,490.0000000000,0.2362133018
daily,JPM,2026-08-25,1530,2028-01-21,1.4082191781,371.1961569602,500.0000000000,0.2381573864
daily,JPM,2026-08-25,1530,2028-01-21,1.4082191781,371.1961569602,520.0000000000,0.2389157022
daily,JPM,2026-08-25,1530,2028-01-21,1.4082191781,371.1961569602,540.0000000000,0.2375002039
daily,JPM,2026-08-26,1530,2026-08-28,0.0054794521,357.3116330507,350.0000000000,0.2609951711
daily,JPM,2026-08-26,1530,2026-08-28,0.0054794521,357.3116330507,352.5000000000,0.2581624022
daily,JPM,2026-08-26,1530,2026-08-28,0.0054794521,357.3116330507,355.0000000000,0.2542353908
daily,JPM,2026-08-26,1530,2026-08-28,0.0054794521,357.3116330507,357.5000000000,0.2504776592
daily,JPM,2026-08-26,1530,2026-08-28,0.0054794521,357.3116330507,360.0000000000,0.2490160699
daily,JPM,2026-08-26,1530,2026-08-28,0.0054794521,357.3116330507,365.0000000000,0.2509761230
daily,JPM,2026-08-26,1530,2026-08-28,0.0054794521,357.3116330507,367.5000000000,0.2534579772
daily,JPM,2026-08-26,1530,2026-08-28,0.0054794521,357.3116330507,370.0000000000,0.2616064708
daily,JPM,2026-08-26,1530,2026-09-04,0.0246575342,357.5846056065,340.0000000000,0.2396251648
daily,JPM,2026-08-26,1530,2026-09-04,0.0246575342,357.5846056065,345.0000000000,0.2290393533
daily,JPM,2026-08-26,1530,2026-09-04,0.0246575342,357.5846056065,347.5000000000,0.2277250000
daily,JPM,2026-08-26,1530,2026-09-04,0.0246575342,357.5846056065,350.0000000000,0.2264101400
daily,JPM,2026-08-26,1530,2026-09-04,0.0246575342,357.5846056065,352.5000000000,0.2257938852
daily,JPM,2026-08-26,1530,2026-09-04,0.0246575342,357.5846056065,355.0000000000,0.2211011587
daily,JPM,2026-08-26,1530,2026-09-04,0.0246575342,357.5846056065,357.5000000000,0.2180704480
daily,JPM,2026-08-26,1530,2026-09-04,0.0246575342,357.5846056065,360.0000000000,0.2141447181
daily,JPM,2026-08-26,1530,2026-09-04,0.0246575342,357.5846056065,362.5000000000,0.2138678361
daily,JPM,2026-08-26,1530,2026-09-04,0.0246575342,357.5846056065,365.0000000000,0.2107675100
daily,JPM,2026-08-26,1530,2026-09-11,0.0438356164,357.9175822999,342.5000000000,0.2202793584
daily,JPM,2026-08-26,1530,2026-09-11,0.0438356164,357.9175822999,345.0000000000,0.2182462811
daily,JPM,2026-08-26,1530,2026-09-11,0.0438356164,357.9175822999,347.5000000000,0.2124381594
daily,JPM,2026-08-26,1530,2026-09-11,0.0438356164,357.9175822999,350.0000000000,0.2134344533
daily,JPM,2026-08-26,1530,2026-09-11,0.0438356164,357.9175822999,352.5000000000,0.2099530968
daily,JPM,2026-08-26,1530,2026-09-11,0.0438356164,357.9175822999,355.0000000000,0.2084469051
daily,JPM,2026-08-26,1530,2026-09-11,0.0438356164,357.9175822999,357.5000000000,0.2075756843
daily,JPM,2026-08-26,1530,2026-09-11,0.0438356164,357.9175822999,360.0000000000,0.2049241234
daily,JPM,2026-08-26,1530,2026-09-11,0.0438356164,357.9175822999,362.5000000000,0.2001872544
daily,JPM,2026-08-26,1530,2026-09-11,0.0438356164,357.9175822999,365.0000000000,0.2021165136
daily,JPM,2026-08-26,1530,2026-09-11,0.0438356164,357.9175822999,367.5000000000,0.1985769953
daily,JPM,2026-08-26,1530,2026-09-11,0.0438356164,357.9175822999,370.0000000000,0.1957055642
daily,JPM,2026-08-26,1530,2026-09-18,0.0630136986,358.2205330277,330.0000000000,0.2391113462
daily,JPM,2026-08-26,1530,2026-09-18,0.0630136986,358.2205330277,335.0000000000,0.2304651193
daily,JPM,2026-08-26,1530,2026-09-18,0.0630136986,358.2205330277,340.0000000000,0.2249481788
daily,JPM,2026-08-26,1530,2026-09-18,0.0630136986,358.2205330277,342.5000000000,0.2199660425
daily,JPM,2026-08-26,1530,2026-09-18,0.0630136986,358.2205330277,345.0000000000,0.2179836765
daily,JPM,2026-08-26,1530,2026-09-18,0.0630136986,358.2205330277,347.5000000000,0.2157817175
daily,JPM,2026-08-26,1530,2026-09-18,0.0630136986,358.2205330277,350.0000000000,0.2138641524
daily,JPM,2026-08-26,1530,2026-09-18,0.0630136986,358.2205330277,352.5000000000,0.2136281336
daily,JPM,2026-08-26,1530,2026-09-18,0.0630136986,358.2205330277,355.0000000000,0.2098056363
daily,JPM,2026-08-26,1530,2026-09-18,0.0630136986,358.2205330277,357.5000000000,0.2024966929
daily,JPM,2026-08-26,1530,2026-09-18,0.0630136986,358.2205330277,360.0000000000,0.2042357516
daily,JPM,2026-08-26,1530,2026-09-18,0.0630136986,358.2205330277,362.5000000000,0.2021954830
daily,JPM,2026-08-26,1530,2026-09-18,0.0630136986,358.2205330277,365.0000000000,0.2026569545
daily,JPM,2026-08-26,1530,2026-09-18,0.0630136986,358.2205330277,367.5000000000,0.1992788422
daily,JPM,2026-08-26,1530,2026-09-18,0.0630136986,358.2205330277,370.0000000000,0.1995038170
daily,JPM,2026-08-26,1530,2026-09-18,0.0630136986,358.2205330277,372.5000000000,0.1982176556
daily,JPM,2026-08-26,1530,2026-09-18,0.0630136986,358.2205330277,375.0000000000,0.1963575314
daily,JPM,2026-08-26,1530,2026-09-18,0.0630136986,358.2205330277,380.0000000000,0.1932957949
daily,JPM,2026-08-26,1530,2026-09-18,0.0630136986,358.2205330277,385.0000000000,0.1933469612
daily,JPM,2026-08-26,1530,2026-09-25,0.0821917808,358.4992780751,340.0000000000,0.2245409446
daily,JPM,2026-08-26,1530,2026-09-25,0.0821917808,358.4992780751,345.0000000000,0.2186570364
daily,JPM,2026-08-26,1530,2026-09-25,0.0821917808,358.4992780751,350.0000000000,0.2142188415
daily,JPM,2026-08-26,1530,2026-09-25,0.0821917808,358.4992780751,355.0000000000,0.2100771244
daily,JPM,2026-08-26,1530,2026-09-25,0.0821917808,358.4992780751,360.0000000000,0.2061212038
daily,JPM,2026-08-26,1530,2026-09-25,0.0821917808,358.4992780751,365.0000000000,0.2029215443
daily,JPM,2026-08-26,1530,2026-09-25,0.0821917808,358.4992780751,370.0000000000,0.1999840373
daily,JPM,2026-08-26,1530,2026-09-25,0.0821917808,358.4992780751,375.0000000000,0.1987988248
daily,JPM,2026-08-26,1530,2026-10-02,0.1013698630,358.7750401837,350.0000000000,0.2185726514
daily,JPM,2026-08-26,1530,2026-10-02,0.1013698630,358.7750401837,355.0000000000,0.2117325922
daily,JPM,2026-08-26,1530,2026-10-02,0.1013698630,358.7750401837,360.0000000000,0.2020608233
daily,JPM,2026-08-26,1530,2026-10-02,0.1013698630,358.7750401837,365.0000000000,0.2054360289
daily,JPM,2026-08-26,1530,2026-10-02,0.1013698630,358.7750401837,370.0000000000,0.1995012872
daily,JPM,2026-08-26,1530,2026-10-16,0.1397260274,357.8478402369,295.0000000000,0.3055582602
daily,JPM,2026-08-26,1530,2026-10-16,0.1397260274,357.8478402369,320.0000000000,0.2717749019
daily,JPM,2026-08-26,1530,2026-10-16,0.1397260274,357.8478402369,325.0000000000,0.2645383996
daily,JPM,2026-08-26,1530,2026-10-16,0.1397260274,357.8478402369,330.0000000000,0.2607474997
daily,JPM,2026-08-26,1530,2026-10-16,0.1397260274,357.8478402369,335.0000000000,0.2564181731
daily,JPM,2026-08-26,1530,2026-10-16,0.1397260274,357.8478402369,340.0000000000,0.2512245732
daily,JPM,2026-08-26,1530,2026-10-16,0.1397260274,357.8478402369,345.0000000000,0.2479892636
daily,JPM,2026-08-26,1530,2026-10-16,0.1397260274,357.8478402369,350.0000000000,0.2443592416
daily,JPM,2026-08-26,1530,2026-10-16,0.1397260274,357.8478402369,355.0000000000,0.2426756055
daily,JPM,2026-08-26,1530,2026-10-16,0.1397260274,357.8478402369,360.0000000000,0.2365586800
daily,JPM,2026-08-26,1530,2026-10-16,0.1397260274,357.8478402369,365.0000000000,0.2332773352
daily,JPM,2026-08-26,1530,2026-10-16,0.1397260274,357.8478402369,370.0000000000,0.2283883460
daily,JPM,2026-08-26,1530,2026-10-16,0.1397260274,357.8478402369,375.0000000000,0.2276456475
daily,JPM,2026-08-26,1530,2026-10-16,0.1397260274,357.8478402369,380.0000000000,0.2243033308
daily,JPM,2026-08-26,1530,2026-10-16,0.1397260274,357.8478402369,385.0000000000,0.2231445736
daily,JPM,2026-08-26,1530,2026-10-16,0.1397260274,357.8478402369,390.0000000000,0.2228397386
daily,JPM,2026-08-26,1530,2026-11-20,0.2356164384,358.9754970774,285.0000000000,0.3077094615
daily,JPM,2026-08-26,1530,2026-11-20,0.2356164384,358.9754970774,290.0000000000,0.2976152409
daily,JPM,2026-08-26,1530,2026-11-20,0.2356164384,358.9754970774,300.0000000000,0.2879731352
daily,JPM,2026-08-26,1530,2026-11-20,0.2356164384,358.9754970774,305.0000000000,0.2808639499
daily,JPM,2026-08-26,1530,2026-11-20,0.2356164384,358.9754970774,310.0000000000,0.2759685424
daily,JPM,2026-08-26,1530,2026-11-20,0.2356164384,358.9754970774,315.0000000000,0.2686206560
daily,JPM,2026-08-26,1530,2026-11-20,0.2356164384,358.9754970774,320.0000000000,0.2639229945
daily,JPM,2026-08-26,1530,2026-11-20,0.2356164384,358.9754970774,325.0000000000,0.2579457250
daily,JPM,2026-08-26,1530,2026-11-20,0.2356164384,358.9754970774,330.0000000000,0.2571022342
daily,JPM,2026-08-26,1530,2026-11-20,0.2356164384,358.9754970774,335.0000000000,0.2528963193
daily,JPM,2026-08-26,1530,2026-11-20,0.2356164384,358.9754970774,340.0000000000,0.2485908910
daily,JPM,2026-08-26,1530,2026-11-20,0.2356164384,358.9754970774,345.0000000000,0.2452929785
daily,JPM,2026-08-26,1530,2026-11-20,0.2356164384,358.9754970774,350.0000000000,0.2407618517
daily,JPM,2026-08-26,1530,2026-11-20,0.2356164384,358.9754970774,355.0000000000,0.2378132544
daily,JPM,2026-08-26,1530,2026-11-20,0.2356164384,358.9754970774,360.0000000000,0.2368301059
daily,JPM,2026-08-26,1530,2026-11-20,0.2356164384,358.9754970774,365.0000000000,0.2323897911
daily,JPM,2026-08-26,1530,2026-11-20,0.2356164384,358.9754970774,370.0000000000,0.2309750495
daily,JPM,2026-08-26,1530,2026-11-20,0.2356164384,358.9754970774,375.0000000000,0.2260134957
daily,JPM,2026-08-26,1530,2026-11-20,0.2356164384,358.9754970774,380.0000000000,0.2252695480
daily,JPM,2026-08-26,1530,2026-11-20,0.2356164384,358.9754970774,385.0000000000,0.2227630300
daily,JPM,2026-08-26,1530,2026-11-20,0.2356164384,358.9754970774,390.0000000000,0.2225604397
daily,JPM,2026-08-26,1530,2026-11-20,0.2356164384,358.9754970774,395.0000000000,0.2224381845
daily,JPM,2026-08-26,1530,2026-11-20,0.2356164384,358.9754970774,400.0000000000,0.2199009859
daily,JPM,2026-08-26,1530,2026-11-20,0.2356164384,358.9754970774,405.0000000000,0.2183598732
daily,JPM,2026-08-26,1530,2026-12-18,0.3123287671,360.0693183175,275.0000000000,0.3098462044
daily,JPM,2026-08-26,1530,2026-12-18,0.3123287671,360.0693183175,280.0000000000,0.3006404890
daily,JPM,2026-08-26,1530,2026-12-18,0.3123287671,360.0693183175,290.0000000000,0.2914045038
daily,JPM,2026-08-26,1530,2026-12-18,0.3123287671,360.0693183175,295.0000000000,0.2864432720
daily,JPM,2026-08-26,1530,2026-12-18,0.3123287671,360.0693183175,300.0000000000,0.2801349746
daily,JPM,2026-08-26,1530,2026-12-18,0.3123287671,360.0693183175,305.0000000000,0.2740644740
daily,JPM,2026-08-26,1530,2026-12-18,0.3123287671,360.0693183175,310.0000000000,0.2698197461
daily,JPM,2026-08-26,1530,2026-12-18,0.3123287671,360.0693183175,315.0000000000,0.2636058828
daily,JPM,2026-08-26,1530,2026-12-18,0.3123287671,360.0693183175,320.0000000000,0.2599379942
daily,JPM,2026-08-26,1530,2026-12-18,0.3123287671,360.0693183175,325.0000000000,0.2551281139
daily,JPM,2026-08-26,1530,2026-12-18,0.3123287671,360.0693183175,330.0000000000,0.2515626400
daily,JPM,2026-08-26,1530,2026-12-18,0.3123287671,360.0693183175,335.0000000000,0.2483030861
daily,JPM,2026-08-26,1530,2026-12-18,0.3123287671,360.0693183175,340.0000000000,0.2450240553
daily,JPM,2026-08-26,1530,2026-12-18,0.3123287671,360.0693183175,345.0000000000,0.2416271937
daily,JPM,2026-08-26,1530,2026-12-18,0.3123287671,360.0693183175,350.0000000000,0.2386318593
daily,JPM,2026-08-26,1530,2026-12-18,0.3123287671,360.0693183175,355.0000000000,0.2365287925
daily,JPM,2026-08-26,1530,2026-12-18,0.3123287671,360.0693183175,360.0000000000,0.2343398291
daily,JPM,2026-08-26,1530,2026-12-18,0.3123287671,360.0693183175,365.0000000000,0.2336247474
daily,JPM,2026-08-26,1530,2026-12-18,0.3123287671,360.0693183175,370.0000000000,0.2311606610
daily,JPM,2026-08-26,1530,2026-12-18,0.3123287671,360.0693183175,375.0000000000,0.2292415097
daily,JPM,2026-08-26,1530,2026-12-18,0.3123287671,360.0693183175,380.0000000000,0.2272016050
daily,JPM,2026-08-26,1530,2026-12-18,0.3123287671,360.0693183175,385.0000000000,0.2226675642
daily,JPM,2026-08-26,1530,2026-12-18,0.3123287671,360.0693183175,390.0000000000,0.2220721168
daily,JPM,2026-08-26,1530,2026-12-18,0.3123287671,360.0693183175,395.0000000000,0.2203524109
daily,JPM,2026-08-26,1530,2026-12-18,0.3123287671,360.0693183175,400.0000000000,0.2179995961
daily,JPM,2026-08-26,1530,2026-12-18,0.3123287671,360.0693183175,405.0000000000,0.2177959029
daily,JPM,2026-08-26,1530,2026-12-18,0.3123287671,360.0693183175,410.0000000000,0.2196375853
daily,JPM,2026-08-26,1530,2026-12-18,0.3123287671,360.0693183175,430.0000000000,0.2192111990
daily,JPM,2026-08-26,1530,2027-01-15,0.3890410959,360.5298406103,260.0000000000,0.3301209018
daily,JPM,2026-08-26,1530,2027-01-15,0.3890410959,360.5298406103,270.0000000000,0.3168886710
daily,JPM,2026-08-26,1530,2027-01-15,0.3890410959,360.5298406103,280.0000000000,0.3041159191
daily,JPM,2026-08-26,1530,2027-01-15,0.3890410959,360.5298406103,290.0000000000,0.2955731601
daily,JPM,2026-08-26,1530,2027-01-15,0.3890410959,360.5298406103,300.0000000000,0.2848545642
daily,JPM,2026-08-26,1530,2027-01-15,0.3890410959,360.5298406103,310.0000000000,0.2758212606
daily,JPM,2026-08-26,1530,2027-01-15,0.3890410959,360.5298406103,320.0000000000,0.2680845362
daily,JPM,2026-08-26,1530,2027-01-15,0.3890410959,360.5298406103,330.0000000000,0.2596579519
daily,JPM,2026-08-26,1530,2027-01-15,0.3890410959,360.5298406103,340.0000000000,0.2524702442
daily,JPM,2026-08-26,1530,2027-01-15,0.3890410959,360.5298406103,350.0000000000,0.2469935540
daily,JPM,2026-08-26,1530,2027-01-15,0.3890410959,360.5298406103,360.0000000000,0.2421638097
daily,JPM,2026-08-26,1530,2027-01-15,0.3890410959,360.5298406103,370.0000000000,0.2405514907
daily,JPM,2026-08-26,1530,2027-01-15,0.3890410959,360.5298406103,380.0000000000,0.2324027324
daily,JPM,2026-08-26,1530,2027-01-15,0.3890410959,360.5298406103,390.0000000000,0.2308397971
daily,JPM,2026-08-26,1530,2027-01-15,0.3890410959,360.5298406103,400.0000000000,0.2303888404
daily,JPM,2026-08-26,1530,2027-01-15,0.3890410959,360.5298406103,410.0000000000,0.2272946027
daily,JPM,2026-08-26,1530,2027-01-15,0.3890410959,360.5298406103,420.0000000000,0.2263392130
daily,JPM,2026-08-26,1530,2027-03-19,0.5616438356,362.5763726071,245.0000000000,0.3329853711
daily,JPM,2026-08-26,1530,2027-03-19,0.5616438356,362.5763726071,270.0000000000,0.3065576587
daily,JPM,2026-08-26,1530,2027-03-19,0.5616438356,362.5763726071,275.0000000000,0.3043563134
daily,JPM,2026-08-26,1530,2027-03-19,0.5616438356,362.5763726071,280.0000000000,0.3007907537
daily,JPM,2026-08-26,1530,2027-03-19,0.5616438356,362.5763726071,285.0000000000,0.2960882578
daily,JPM,2026-08-26,1530,2027-03-19,0.5616438356,362.5763726071,290.0000000000,0.2925004685
daily,JPM,2026-08-26,1530,2027-03-19,0.5616438356,362.5763726071,295.0000000000,0.2877796137
daily,JPM,2026-08-26,1530,2027-03-19,0.5616438356,362.5763726071,300.0000000000,0.2825059284
daily,JPM,2026-08-26,1530,2027-03-19,0.5616438356,362.5763726071,305.0000000000,0.2799347666
daily,JPM,2026-08-26,1530,2027-03-19,0.5616438356,362.5763726071,310.0000000000,0.2760940064
daily,JPM,2026-08-26,1530,2027-03-19,0.5616438356,362.5763726071,315.0000000000,0.2733146949
daily,JPM,2026-08-26,1530,2027-03-19,0.5616438356,362.5763726071,320.0000000000,0.2692890714
daily,JPM,2026-08-26,1530,2027-03-19,0.5616438356,362.5763726071,325.0000000000,0.2669634126
daily,JPM,2026-08-26,1530,2027-03-19,0.5616438356,362.5763726071,330.0000000000,0.2633433104
daily,JPM,2026-08-26,1530,2027-03-19,0.5616438356,362.5763726071,335.0000000000,0.2604429061
daily,JPM,2026-08-26,1530,2027-03-19,0.5616438356,362.5763726071,340.0000000000,0.2562814141
daily,JPM,2026-08-26,1530,2027-03-19,0.5616438356,362.5763726071,345.0000000000,0.2532650280
daily,JPM,2026-08-26,1530,2027-03-19,0.5616438356,362.5763726071,350.0000000000,0.2522667226
daily,JPM,2026-08-26,1530,2027-03-19,0.5616438356,362.5763726071,355.0000000000,0.2506720391
daily,JPM,2026-08-26,1530,2027-03-19,0.5616438356,362.5763726071,360.0000000000,0.2477352857
daily,JPM,2026-08-26,1530,2027-03-19,0.5616438356,362.5763726071,365.0000000000,0.2441745134
daily,JPM,2026-08-26,1530,2027-03-19,0.5616438356,362.5763726071,370.0000000000,0.2436885299
daily,JPM,2026-08-26,1530,2027-03-19,0.5616438356,362.5763726071,375.0000000000,0.2418616651
daily,JPM,2026-08-26,1530,2027-03-19,0.5616438356,362.5763726071,380.0000000000,0.2408556303
daily,JPM,2026-08-26,1530,2027-03-19,0.5616438356,362.5763726071,385.0000000000,0.2385245153
daily,JPM,2026-08-26,1530,2027-03-19,0.5616438356,362.5763726071,390.0000000000,0.2365811038
daily,JPM,2026-08-26,1530,2027-03-19,0.5616438356,362.5763726071,395.0000000000,0.2349032753
daily,JPM,2026-08-26,1530,2027-03-19,0.5616438356,362.5763726071,400.0000000000,0.2318669284
daily,JPM,2026-08-26,1530,2027-03-19,0.5616438356,362.5763726071,405.0000000000,0.2317526792
daily,JPM,2026-08-26,1530,2027-03-19,0.5616438356,362.5763726071,410.0000000000,0.2304067903
daily,JPM,2026-08-26,1530,2027-03-19,0.5616438356,362.5763726071,415.0000000000,0.2300834222
daily,JPM,2026-08-26,1530,2027-03-19,0.5616438356,362.5763726071,420.0000000000,0.2285411376
daily,JPM,2026-08-26,1530,2027-03-19,0.5616438356,362.5763726071,425.0000000000,0.2256369563
daily,JPM,2026-08-26,1530,2027-03-19,0.5616438356,362.5763726071,430.0000000000,0.2257334627
daily,JPM,2026-08-26,1530,2027-03-19,0.5616438356,362.5763726071,440.0000000000,0.2278778778
daily,JPM,2026-08-26,1530,2027-03-19,0.5616438356,362.5763726071,445.0000000000,0.2280731464
daily,JPM,2026-08-26,1530,2027-03-19,0.5616438356,362.5763726071,450.0000000000,0.2279475962
daily,JPM,2026-08-26,1530,2027-03-19,0.5616438356,362.5763726071,455.0000000000,0.2267521616
daily,JPM,2026-08-26,1530,2027-06-17,0.8082191781,365.3991927647,240.0000000000,0.3317755390
daily,JPM,2026-08-26,1530,2027-06-17,0.8082191781,365.3991927647,250.0000000000,0.3211478862
daily,JPM,2026-08-26,1530,2027-06-17,0.8082191781,365.3991927647,255.0000000000,0.3165660633
daily,JPM,2026-08-26,1530,2027-06-17,0.8082191781,365.3991927647,260.0000000000,0.3126810578
daily,JPM,2026-08-26,1530,2027-06-17,0.8082191781,365.3991927647,265.0000000000,0.3084544194
daily,JPM,2026-08-26,1530,2027-06-17,0.8082191781,365.3991927647,270.0000000000,0.3035184704
daily,JPM,2026-08-26,1530,2027-06-17,0.8082191781,365.3991927647,275.0000000000,0.3001580936
daily,JPM,2026-08-26,1530,2027-06-17,0.8082191781,365.3991927647,280.0000000000,0.2978574003
daily,JPM,2026-08-26,1530,2027-06-17,0.8082191781,365.3991927647,285.0000000000,0.2946231300
daily,JPM,2026-08-26,1530,2027-06-17,0.8082191781,365.3991927647,290.0000000000,0.2905736414
daily,JPM,2026-08-26,1530,2027-06-17,0.8082191781,365.3991927647,295.0000000000,0.2867956765
daily,JPM,2026-08-26,1530,2027-06-17,0.8082191781,365.3991927647,300.0000000000,0.2823736391
daily,JPM,2026-08-26,1530,2027-06-17,0.8082191781,365.3991927647,305.0000000000,0.2796085980
daily,JPM,2026-08-26,1530,2027-06-17,0.8082191781,365.3991927647,310.0000000000,0.2759871062
daily,JPM,2026-08-26,1530,2027-06-17,0.8082191781,365.3991927647,315.0000000000,0.2736113573
daily,JPM,2026-08-26,1530,2027-06-17,0.8082191781,365.3991927647,320.0000000000,0.2710891347
daily,JPM,2026-08-26,1530,2027-06-17,0.8082191781,365.3991927647,330.0000000000,0.2655012158
daily,JPM,2026-08-26,1530,2027-06-17,0.8082191781,365.3991927647,340.0000000000,0.2612034214
daily,JPM,2026-08-26,1530,2027-06-17,0.8082191781,365.3991927647,350.0000000000,0.2565268759
daily,JPM,2026-08-26,1530,2027-06-17,0.8082191781,365.3991927647,360.0000000000,0.2522308268
daily,JPM,2026-08-26,1530,2027-06-17,0.8082191781,365.3991927647,370.0000000000,0.2486690624
daily,JPM,2026-08-26,1530,2027-06-17,0.8082191781,365.3991927647,380.0000000000,0.2490650870
daily,JPM,2026-08-26,1530,2027-06-17,0.8082191781,365.3991927647,390.0000000000,0.2459790904
daily,JPM,2026-08-26,1530,2027-06-17,0.8082191781,365.3991927647,400.0000000000,0.2417574835
daily,JPM,2026-08-26,1530,2027-06-17,0.8082191781,365.3991927647,410.0000000000,0.2410664136
daily,JPM,2026-08-26,1530,2027-06-17,0.8082191781,365.3991927647,420.0000000000,0.2384066001
daily,JPM,2026-08-26,1530,2027-06-17,0.8082191781,365.3991927647,430.0000000000,0.2362854933
daily,JPM,2026-08-26,1530,2027-06-17,0.8082191781,365.3991927647,440.0000000000,0.2353374190
daily,JPM,2026-08-26,1530,2027-06-17,0.8082191781,365.3991927647,450.0000000000,0.2355501609
daily,JPM,2026-08-26,1530,2027-09-17,1.0602739726,367.6398683644,230.0000000000,0.3245299996
daily,JPM,2026-08-26,1530,2027-09-17,1.0602739726,367.6398683644,240.0000000000,0.3201817007
daily,JPM,2026-08-26,1530,2027-09-17,1.0602739726,367.6398683644,250.0000000000,0.3127195298
daily,JPM,2026-08-26,1530,2027-09-17,1.0602739726,367.6398683644,255.0000000000,0.3092527455
daily,JPM,2026-08-26,1530,2027-09-17,1.0602739726,367.6398683644,260.0000000000,0.3051623622
daily,JPM,2026-08-26,1530,2027-09-17,1.0602739726,367.6398683644,265.0000000000,0.3005273187
daily,JPM,2026-08-26,1530,2027-09-17,1.0602739726,367.6398683644,270.0000000000,0.2954094353
daily,JPM,2026-08-26,1530,2027-09-17,1.0602739726,367.6398683644,275.0000000000,0.2937964936
daily,JPM,2026-08-26,1530,2027-09-17,1.0602739726,367.6398683644,280.0000000000,0.2913787070
daily,JPM,2026-08-26,1530,2027-09-17,1.0602739726,367.6398683644,285.0000000000,0.2882561286
daily,JPM,2026-08-26,1530,2027-09-17,1.0602739726,367.6398683644,290.0000000000,0.2865611951
daily,JPM,2026-08-26,1530,2027-09-17,1.0602739726,367.6398683644,295.0000000000,0.2841086433
daily,JPM,2026-08-26,1530,2027-09-17,1.0602739726,367.6398683644,300.0000000000,0.2819694679
daily,JPM,2026-08-26,1530,2027-09-17,1.0602739726,367.6398683644,305.0000000000,0.2791319200
daily,JPM,2026-08-26,1530,2027-09-17,1.0602739726,367.6398683644,310.0000000000,0.2756572679
daily,JPM,2026-08-26,1530,2027-09-17,1.0602739726,367.6398683644,315.0000000000,0.2730062919
daily,JPM,2026-08-26,1530,2027-09-17,1.0602739726,367.6398683644,320.0000000000,0.2719575648
daily,JPM,2026-08-26,1530,2027-09-17,1.0602739726,367.6398683644,330.0000000000,0.2676718531
daily,JPM,2026-08-26,1530,2027-09-17,1.0602739726,367.6398683644,340.0000000000,0.2607761098
daily,JPM,2026-08-26,1530,2027-09-17,1.0602739726,367.6398683644,350.0000000000,0.2581587839
daily,JPM,2026-08-26,1530,2027-09-17,1.0602739726,367.6398683644,360.0000000000,0.2528176768
daily,JPM,2026-08-26,1530,2027-09-17,1.0602739726,367.6398683644,370.0000000000,0.2512246119
daily,JPM,2026-08-26,1530,2027-09-17,1.0602739726,367.6398683644,380.0000000000,0.2469409544
daily,JPM,2026-08-26,1530,2027-09-17,1.0602739726,367.6398683644,390.0000000000,0.2434585235
daily,JPM,2026-08-26,1530,2027-09-17,1.0602739726,367.6398683644,400.0000000000,0.2418213187
daily,JPM,2026-08-26,1530,2027-09-17,1.0602739726,367.6398683644,410.0000000000,0.2396910863
daily,JPM,2026-08-26,1530,2027-09-17,1.0602739726,367.6398683644,420.0000000000,0.2349829927
daily,JPM,2026-08-26,1530,2027-09-17,1.0602739726,367.6398683644,430.0000000000,0.2380548199
daily,JPM,2026-08-26,1530,2027-09-17,1.0602739726,367.6398683644,440.0000000000,0.2391753455
daily,JPM,2026-08-26,1530,2027-09-17,1.0602739726,367.6398683644,450.0000000000,0.2382636023
daily,JPM,2026-08-26,1530,2027-09-17,1.0602739726,367.6398683644,460.0000000000,0.2351194035
daily,JPM,2026-08-26,1530,2027-09-17,1.0602739726,367.6398683644,480.0000000000,0.2330109293
daily,JPM,2026-08-26,1530,2027-09-17,1.0602739726,367.6398683644,490.0000000000,0.2357172006
daily,JPM,2026-08-26,1530,2027-09-17,1.0602739726,367.6398683644,520.0000000000,0.2375877355
daily,JPM,2026-08-26,1530,2027-12-17,1.3095890411,371.2621139524,230.0000000000,0.3276140167
daily,JPM,2026-08-26,1530,2027-12-17,1.3095890411,371.2621139524,240.0000000000,0.3188213256
daily,JPM,2026-08-26,1530,2027-12-17,1.3095890411,371.2621139524,250.0000000000,0.3120156896
daily,JPM,2026-08-26,1530,2027-12-17,1.3095890411,371.2621139524,260.0000000000,0.3036992916
daily,JPM,2026-08-26,1530,2027-12-17,1.3095890411,371.2621139524,270.0000000000,0.2982114601
daily,JPM,2026-08-26,1530,2027-12-17,1.3095890411,371.2621139524,280.0000000000,0.2949538282
daily,JPM,2026-08-26,1530,2027-12-17,1.3095890411,371.2621139524,290.0000000000,0.2892929132
daily,JPM,2026-08-26,1530,2027-12-17,1.3095890411,371.2621139524,300.0000000000,0.2816707695
daily,JPM,2026-08-26,1530,2027-12-17,1.3095890411,371.2621139524,310.0000000000,0.2760429934
daily,JPM,2026-08-26,1530,2027-12-17,1.3095890411,371.2621139524,320.0000000000,0.2727509639
daily,JPM,2026-08-26,1530,2027-12-17,1.3095890411,371.2621139524,330.0000000000,0.2687544453
daily,JPM,2026-08-26,1530,2027-12-17,1.3095890411,371.2621139524,340.0000000000,0.2648106244
daily,JPM,2026-08-26,1530,2027-12-17,1.3095890411,371.2621139524,350.0000000000,0.2605011036
daily,JPM,2026-08-26,1530,2027-12-17,1.3095890411,371.2621139524,360.0000000000,0.2544323895
daily,JPM,2026-08-26,1530,2027-12-17,1.3095890411,371.2621139524,370.0000000000,0.2526116310
daily,JPM,2026-08-26,1530,2027-12-17,1.3095890411,371.2621139524,380.0000000000,0.2486596550
daily,JPM,2026-08-26,1530,2027-12-17,1.3095890411,371.2621139524,390.0000000000,0.2466779687
daily,JPM,2026-08-26,1530,2027-12-17,1.3095890411,371.2621139524,400.0000000000,0.2430542657
daily,JPM,2026-08-26,1530,2027-12-17,1.3095890411,371.2621139524,410.0000000000,0.2422761305
daily,JPM,2026-08-26,1530,2027-12-17,1.3095890411,371.2621139524,420.0000000000,0.2414038784
daily,JPM,2026-08-26,1530,2027-12-17,1.3095890411,371.2621139524,430.0000000000,0.2393822994
daily,JPM,2026-08-26,1530,2027-12-17,1.3095890411,371.2621139524,440.0000000000,0.2389282543
daily,JPM,2026-08-26,1530,2027-12-17,1.3095890411,371.2621139524,450.0000000000,0.2367070937
daily,JPM,2026-08-26,1530,2027-12-17,1.3095890411,371.2621139524,460.0000000000,0.2362766375
daily,JPM,2026-08-26,1530,2027-12-17,1.3095890411,371.2621139524,470.0000000000,0.2341759861
daily,JPM,2026-08-26,1530,2027-12-17,1.3095890411,371.2621139524,480.0000000000,0.2349275482
daily,JPM,2026-08-26,1530,2027-12-17,1.3095890411,371.2621139524,490.0000000000,0.2342712406
daily,JPM,2026-08-26,1530,2027-12-17,1.3095890411,371.2621139524,500.0000000000,0.2332293234
daily,JPM,2026-08-26,1530,2027-12-17,1.3095890411,371.2621139524,520.0000000000,0.2337716137
daily,JPM,2026-08-26,1530,2027-12-17,1.3095890411,371.2621139524,540.0000000000,0.2370533489
daily,JPM,2026-08-26,1530,2028-01-21,1.4054794521,371.3627034026,230.0000000000,0.3215947405
daily,JPM,2026-08-26,1530,2028-01-21,1.4054794521,371.3627034026,240.0000000000,0.3149281140
daily,JPM,2026-08-26,1530,2028-01-21,1.4054794521,371.3627034026,250.0000000000,0.3103175503
daily,JPM,2026-08-26,1530,2028-01-21,1.4054794521,371.3627034026,260.0000000000,0.3056269329
daily,JPM,2026-08-26,1530,2028-01-21,1.4054794521,371.3627034026,270.0000000000,0.3002139525
daily,JPM,2026-08-26,1530,2028-01-21,1.4054794521,371.3627034026,280.0000000000,0.2948223002
daily,JPM,2026-08-26,1530,2028-01-21,1.4054794521,371.3627034026,290.0000000000,0.2891547075
daily,JPM,2026-08-26,1530,2028-01-21,1.4054794521,371.3627034026,300.0000000000,0.2816662750
daily,JPM,2026-08-26,1530,2028-01-21,1.4054794521,371.3627034026,310.0000000000,0.2764043256
daily,JPM,2026-08-26,1530,2028-01-21,1.4054794521,371.3627034026,320.0000000000,0.2727667329
daily,JPM,2026-08-26,1530,2028-01-21,1.4054794521,371.3627034026,330.0000000000,0.2683703171
daily,JPM,2026-08-26,1530,2028-01-21,1.4054794521,371.3627034026,340.0000000000,0.2650049385
daily,JPM,2026-08-26,1530,2028-01-21,1.4054794521,371.3627034026,350.0000000000,0.2620375189
daily,JPM,2026-08-26,1530,2028-01-21,1.4054794521,371.3627034026,360.0000000000,0.2581933912
daily,JPM,2026-08-26,1530,2028-01-21,1.4054794521,371.3627034026,370.0000000000,0.2548322768
daily,JPM,2026-08-26,1530,2028-01-21,1.4054794521,371.3627034026,380.0000000000,0.2539706394
daily,JPM,2026-08-26,1530,2028-01-21,1.4054794521,371.3627034026,390.0000000000,0.2511860252
daily,JPM,2026-08-26,1530,2028-01-21,1.4054794521,371.3627034026,400.0000000000,0.2493181630
daily,JPM,2026-08-26,1530,2028-01-21,1.4054794521,371.3627034026,410.0000000000,0.2459489024
daily,JPM,2026-08-26,1530,2028-01-21,1.4054794521,371.3627034026,420.0000000000,0.2447749449
daily,JPM,2026-08-26,1530,2028-01-21,1.4054794521,371.3627034026,430.0000000000,0.2436437702
daily,JPM,2026-08-26,1530,2028-01-21,1.4054794521,371.3627034026,440.0000000000,0.2428618814
daily,JPM,2026-08-26,1530,2028-01-21,1.4054794521,371.3627034026,450.0000000000,0.2414268351
daily,JPM,2026-08-26,1530,2028-01-21,1.4054794521,371.3627034026,460.0000000000,0.2383366462
daily,JPM,2026-08-26,1530,2028-01-21,1.4054794521,371.3627034026,470.0000000000,0.2387916044
daily,JPM,2026-08-26,1530,2028-01-21,1.4054794521,371.3627034026,480.0000000000,0.2378700994
daily,JPM,2026-08-26,1530,2028-01-21,1.4054794521,371.3627034026,490.0000000000,0.2354469875
daily,JPM,2026-08-26,1530,2028-01-21,1.4054794521,371.3627034026,500.0000000000,0.2380704459
daily,JPM,2026-08-27,1530,2026-09-04,0.0219178082,355.1730031640,342.5000000000,0.2226809202
daily,JPM,2026-08-27,1530,2026-09-04,0.0219178082,355.1730031640,345.0000000000,0.2182504879
daily,JPM,2026-08-27,1530,2026-09-04,0.0219178082,355.1730031640,347.5000000000,0.2159212672
daily,JPM,2026-08-27,1530,2026-09-04,0.0219178082,355.1730031640,350.0000000000,0.2128367956
daily,JPM,2026-08-27,1530,2026-09-04,0.0219178082,355.1730031640,352.5000000000,0.2063469263
daily,JPM,2026-08-27,1530,2026-09-04,0.0219178082,355.1730031640,355.0000000000,0.2051513693
daily,JPM,2026-08-27,1530,2026-09-04,0.0219178082,355.1730031640,357.5000000000,0.2061405977
daily,JPM,2026-08-27,1530,2026-09-04,0.0219178082,355.1730031640,360.0000000000,0.1994786067
daily,JPM,2026-08-27,1530,2026-09-04,0.0219178082,355.1730031640,362.5000000000,0.1967743039
daily,JPM,2026-08-27,1530,2026-09-11,0.0410958904,355.1238997929,330.0000000000,0.2274349690
daily,JPM,2026-08-27,1530,2026-09-11,0.0410958904,355.1238997929,335.0000000000,0.2178564986
daily,JPM,2026-08-27,1530,2026-09-11,0.0410958904,355.1238997929,342.5000000000,0.2101301515
daily,JPM,2026-08-27,1530,2026-09-11,0.0410958904,355.1238997929,345.0000000000,0.2053179322
daily,JPM,2026-08-27,1530,2026-09-11,0.0410958904,355.1238997929,347.5000000000,0.2015209180
daily,JPM,2026-08-27,1530,2026-09-11,0.0410958904,355.1238997929,350.0000000000,0.2013189894
daily,JPM,2026-08-27,1530,2026-09-11,0.0410958904,355.1238997929,352.5000000000,0.2004483697
daily,JPM,2026-08-27,1530,2026-09-11,0.0410958904,355.1238997929,355.0000000000,0.1936679971
daily,JPM,2026-08-27,1530,2026-09-11,0.0410958904,355.1238997929,357.5000000000,0.1957579250
daily,JPM,2026-08-27,1530,2026-09-11,0.0410958904,355.1238997929,360.0000000000,0.1985927872
daily,JPM,2026-08-27,1530,2026-09-11,0.0410958904,355.1238997929,362.5000000000,0.1964231152
daily,JPM,2026-08-27,1530,2026-09-11,0.0410958904,355.1238997929,365.0000000000,0.1969498500
daily,JPM,2026-08-27,1530,2026-09-11,0.0410958904,355.1238997929,367.5000000000,0.1913978684
daily,JPM,2026-08-27,1530,2026-09-18,0.0602739726,355.6076536227,325.0000000000,0.2375746338
daily,JPM,2026-08-27,1530,2026-09-18,0.0602739726,355.6076536227,330.0000000000,0.2291817520
daily,JPM,2026-08-27,1530,2026-09-18,0.0602739726,355.6076536227,332.5000000000,0.2247942329
daily,JPM,2026-08-27,1530,2026-09-18,0.0602739726,355.6076536227,335.0000000000,0.2223231005
daily,JPM,2026-08-27,1530,2026-09-18,0.0602739726,355.6076536227,337.5000000000,0.2199017469
daily,JPM,2026-08-27,1530,2026-09-18,0.0602739726,355.6076536227,340.0000000000,0.2165339551
daily,JPM,2026-08-27,1530,2026-09-18,0.0602739726,355.6076536227,342.5000000000,0.2137325228
daily,JPM,2026-08-27,1530,2026-09-18,0.0602739726,355.6076536227,345.0000000000,0.2098805778
daily,JPM,2026-08-27,1530,2026-09-18,0.0602739726,355.6076536227,347.5000000000,0.2079235675
daily,JPM,2026-08-27,1530,2026-09-18,0.0602739726,355.6076536227,350.0000000000,0.2053115215
daily,JPM,2026-08-27,1530,2026-09-18,0.0602739726,355.6076536227,352.5000000000,0.2018530348
daily,JPM,2026-08-27,1530,2026-09-18,0.0602739726,355.6076536227,355.0000000000,0.2009524847
daily,JPM,2026-08-27,1530,2026-09-18,0.0602739726,355.6076536227,357.5000000000,0.1965084616
daily,JPM,2026-08-27,1530,2026-09-18,0.0602739726,355.6076536227,360.0000000000,0.1963398989
daily,JPM,2026-08-27,1530,2026-09-18,0.0602739726,355.6076536227,362.5000000000,0.1957769908
daily,JPM,2026-08-27,1530,2026-09-18,0.0602739726,355.6076536227,365.0000000000,0.1917587977
daily,JPM,2026-08-27,1530,2026-09-18,0.0602739726,355.6076536227,370.0000000000,0.1932473661
daily,JPM,2026-08-27,1530,2026-09-18,0.0602739726,355.6076536227,372.5000000000,0.1913918280
daily,JPM,2026-08-27,1530,2026-09-18,0.0602739726,355.6076536227,375.0000000000,0.1921087350
daily,JPM,2026-08-27,1530,2026-09-18,0.0602739726,355.6076536227,377.5000000000,0.1919817713
daily,JPM,2026-08-27,1530,2026-09-18,0.0602739726,355.6076536227,380.0000000000,0.1935998223
daily,JPM,2026-08-27,1530,2026-09-25,0.0794520548,355.9977854566,335.0000000000,0.2255798316
daily,JPM,2026-08-27,1530,2026-09-25,0.0794520548,355.9977854566,340.0000000000,0.2178885555
daily,JPM,2026-08-27,1530,2026-09-25,0.0794520548,355.9977854566,345.0000000000,0.2123712690
daily,JPM,2026-08-27,1530,2026-09-25,0.0794520548,355.9977854566,350.0000000000,0.2081779785
daily,JPM,2026-08-27,1530,2026-09-25,0.0794520548,355.9977854566,355.0000000000,0.2028224888
daily,JPM,2026-08-27,1530,2026-09-25,0.0794520548,355.9977854566,360.0000000000,0.1962649822
daily,JPM,2026-08-27,1530,2026-09-25,0.0794520548,355.9977854566,365.0000000000,0.1951887863
daily,JPM,2026-08-27,1530,2026-09-25,0.0794520548,355.9977854566,370.0000000000,0.1928852178
daily,JPM,2026-08-27,1530,2026-09-25,0.0794520548,355.9977854566,375.0000000000,0.1924560065
daily,JPM,2026-08-27,1530,2026-10-02,0.0986301370,356.4532341143,330.0000000000,0.2291427243
daily,JPM,2026-08-27,1530,2026-10-02,0.0986301370,356.4532341143,335.0000000000,0.2243863227
daily,JPM,2026-08-27,1530,2026-10-02,0.0986301370,356.4532341143,340.0000000000,0.2176529705
daily,JPM,2026-08-27,1530,2026-10-02,0.0986301370,356.4532341143,345.0000000000,0.2129512595
daily,JPM,2026-08-27,1530,2026-10-02,0.0986301370,356.4532341143,355.0000000000,0.2034751652
daily,JPM,2026-08-27,1530,2026-10-02,0.0986301370,356.4532341143,360.0000000000,0.1985744565
daily,JPM,2026-08-27,1530,2026-10-02,0.0986301370,356.4532341143,365.0000000000,0.2003772374
daily,JPM,2026-08-27,1530,2026-10-02,0.0986301370,356.4532341143,370.0000000000,0.1946499731
daily,JPM,2026-08-27,1530,2026-10-02,0.0986301370,356.4532341143,375.0000000000,0.1936145879
daily,JPM,2026-08-27,1530,2026-10-09,0.1178082192,355.5436596505,345.0000000000,0.2176059746
daily,JPM,2026-08-27,1530,2026-10-09,0.1178082192,355.5436596505,350.0000000000,0.2147874400
daily,JPM,2026-08-27,1530,2026-10-09,0.1178082192,355.5436596505,355.0000000000,0.2090073446
daily,JPM,2026-08-27,1530,2026-10-09,0.1178082192,355.5436596505,365.0000000000,0.2031179226
daily,JPM,2026-08-27,1530,2026-10-09,0.1178082192,355.5436596505,375.0000000000,0.1975090759
daily,JPM,2026-08-27,1530,2026-10-16,0.1369863014,355.3307417152,285.0000000000,0.3257302099
daily,JPM,2026-08-27,1530,2026-10-16,0.1369863014,355.3307417152,295.0000000000,0.3064285283
daily,JPM,2026-08-27,1530,2026-10-16,0.1369863014,355.3307417152,300.0000000000,0.2984336602
daily,JPM,2026-08-27,1530,2026-10-16,0.1369863014,355.3307417152,310.0000000000,0.2818655588
daily,JPM,2026-08-27,1530,2026-10-16,0.1369863014,355.3307417152,315.0000000000,0.2746804806
daily,JPM,2026-08-27,1530,2026-10-16,0.1369863014,355.3307417152,320.0000000000,0.2683005690
daily,JPM,2026-08-27,1530,2026-10-16,0.1369863014,355.3307417152,325.0000000000,0.2649406459
daily,JPM,2026-08-27,1530,2026-10-16,0.1369863014,355.3307417152,330.0000000000,0.2587535940
daily,JPM,2026-08-27,1530,2026-10-16,0.1369863014,355.3307417152,335.0000000000,0.2528493470
daily,JPM,2026-08-27,1530,2026-10-16,0.1369863014,355.3307417152,340.0000000000,0.2497569842
daily,JPM,2026-08-27,1530,2026-10-16,0.1369863014,355.3307417152,345.0000000000,0.2473731856
daily,JPM,2026-08-27,1530,2026-10-16,0.1369863014,355.3307417152,350.0000000000,0.2422907052
daily,JPM,2026-08-27,1530,2026-10-16,0.1369863014,355.3307417152,355.0000000000,0.2400375369
daily,JPM,2026-08-27,1530,2026-10-16,0.1369863014,355.3307417152,360.0000000000,0.2317776171
daily,JPM,2026-08-27,1530,2026-10-16,0.1369863014,355.3307417152,365.0000000000,0.2289131383
daily,JPM,2026-08-27,1530,2026-10-16,0.1369863014,355.3307417152,370.0000000000,0.2287587709
daily,JPM,2026-08-27,1530,2026-10-16,0.1369863014,355.3307417152,375.0000000000,0.2262093016
daily,JPM,2026-08-27,1530,2026-10-16,0.1369863014,355.3307417152,380.0000000000,0.2262877607
daily,JPM,2026-08-27,1530,2026-10-16,0.1369863014,355.3307417152,385.0000000000,0.2230111551
daily,JPM,2026-08-27,1530,2026-10-16,0.1369863014,355.3307417152,390.0000000000,0.2219551845
daily,JPM,2026-08-27,1530,2026-10-16,0.1369863014,355.3307417152,395.0000000000,0.2238730917
daily,JPM,2026-08-27,1530,2026-10-16,0.1369863014,355.3307417152,400.0000000000,0.2254794322
daily,JPM,2026-08-27,1530,2026-11-20,0.2328767123,356.3578267740,285.0000000000,0.3044995349
daily,JPM,2026-08-27,1530,2026-11-20,0.2328767123,356.3578267740,295.0000000000,0.2896410818
daily,JPM,2026-08-27,1530,2026-11-20,0.2328767123,356.3578267740,300.0000000000,0.2825246559
daily,JPM,2026-08-27,1530,2026-11-20,0.2328767123,356.3578267740,305.0000000000,0.2782396538
daily,JPM,2026-08-27,1530,2026-11-20,0.2328767123,356.3578267740,310.0000000000,0.2723645539
daily,JPM,2026-08-27,1530,2026-11-20,0.2328767123,356.3578267740,315.0000000000,0.2659822449
daily,JPM,2026-08-27,1530,2026-11-20,0.2328767123,356.3578267740,320.0000000000,0.2632969091
daily,JPM,2026-08-27,1530,2026-11-20,0.2328767123,356.3578267740,325.0000000000,0.2591118167
daily,JPM,2026-08-27,1530,2026-11-20,0.2328767123,356.3578267740,330.0000000000,0.2549922666
daily,JPM,2026-08-27,1530,2026-11-20,0.2328767123,356.3578267740,335.0000000000,0.2506482550
daily,JPM,2026-08-27,1530,2026-11-20,0.2328767123,356.3578267740,340.0000000000,0.2457448413
daily,JPM,2026-08-27,1530,2026-11-20,0.2328767123,356.3578267740,345.0000000000,0.2441967488
daily,JPM,2026-08-27,1530,2026-11-20,0.2328767123,356.3578267740,350.0000000000,0.2399523701
daily,JPM,2026-08-27,1530,2026-11-20,0.2328767123,356.3578267740,355.0000000000,0.2382756864
daily,JPM,2026-08-27,1530,2026-11-20,0.2328767123,356.3578267740,360.0000000000,0.2334437230
daily,JPM,2026-08-27,1530,2026-11-20,0.2328767123,356.3578267740,365.0000000000,0.2334790635
daily,JPM,2026-08-27,1530,2026-11-20,0.2328767123,356.3578267740,370.0000000000,0.2299736267
daily,JPM,2026-08-27,1530,2026-11-20,0.2328767123,356.3578267740,375.0000000000,0.2273934552
daily,JPM,2026-08-27,1530,2026-11-20,0.2328767123,356.3578267740,380.0000000000,0.2255774644
daily,JPM,2026-08-27,1530,2026-11-20,0.2328767123,356.3578267740,385.0000000000,0.2240705135
daily,JPM,2026-08-27,1530,2026-11-20,0.2328767123,356.3578267740,390.0000000000,0.2231959280
daily,JPM,2026-08-27,1530,2026-11-20,0.2328767123,356.3578267740,395.0000000000,0.2208770661
daily,JPM,2026-08-27,1530,2026-11-20,0.2328767123,356.3578267740,400.0000000000,0.2166627687
daily,JPM,2026-08-27,1530,2026-11-20,0.2328767123,356.3578267740,405.0000000000,0.2210514116
daily,JPM,2026-08-27,1530,2026-11-20,0.2328767123,356.3578267740,425.0000000000,0.2228498068
daily,JPM,2026-08-27,1530,2026-11-20,0.2328767123,356.3578267740,430.0000000000,0.2222612875
daily,JPM,2026-08-27,1530,2026-12-18,0.3095890411,357.5395268281,255.0000000000,0.3309722874
daily,JPM,2026-08-27,1530,2026-12-18,0.3095890411,357.5395268281,260.0000000000,0.3245341567
daily,JPM,2026-08-27,1530,2026-12-18,0.3095890411,357.5395268281,265.0000000000,0.3191538325
daily,JPM,2026-08-27,1530,2026-12-18,0.3095890411,357.5395268281,270.0000000000,0.3121665300
daily,JPM,2026-08-27,1530,2026-12-18,0.3095890411,357.5395268281,275.0000000000,0.3066430011
daily,JPM,2026-08-27,1530,2026-12-18,0.3095890411,357.5395268281,285.0000000000,0.2951938597
daily,JPM,2026-08-27,1530,2026-12-18,0.3095890411,357.5395268281,290.0000000000,0.2891458262
daily,JPM,2026-08-27,1530,2026-12-18,0.3095890411,357.5395268281,295.0000000000,0.2815286046
daily,JPM,2026-08-27,1530,2026-12-18,0.3095890411,357.5395268281,300.0000000000,0.2766038232
daily,JPM,2026-08-27,1530,2026-12-18,0.3095890411,357.5395268281,305.0000000000,0.2698174474
daily,JPM,2026-08-27,1530,2026-12-18,0.3095890411,357.5395268281,310.0000000000,0.2663340280
daily,JPM,2026-08-27,1530,2026-12-18,0.3095890411,357.5395268281,315.0000000000,0.2617570969
daily,JPM,2026-08-27,1530,2026-12-18,0.3095890411,357.5395268281,320.0000000000,0.2551285639
daily,JPM,2026-08-27,1530,2026-12-18,0.3095890411,357.5395268281,325.0000000000,0.2536460717
daily,JPM,2026-08-27,1530,2026-12-18,0.3095890411,357.5395268281,330.0000000000,0.2504012393
daily,JPM,2026-08-27,1530,2026-12-18,0.3095890411,357.5395268281,335.0000000000,0.2463677060
daily,JPM,2026-08-27,1530,2026-12-18,0.3095890411,357.5395268281,340.0000000000,0.2434129079
daily,JPM,2026-08-27,1530,2026-12-18,0.3095890411,357.5395268281,345.0000000000,0.2408982325
daily,JPM,2026-08-27,1530,2026-12-18,0.3095890411,357.5395268281,350.0000000000,0.2397374298
daily,JPM,2026-08-27,1530,2026-12-18,0.3095890411,357.5395268281,355.0000000000,0.2375255110
daily,JPM,2026-08-27,1530,2026-12-18,0.3095890411,357.5395268281,360.0000000000,0.2326935274
daily,JPM,2026-08-27,1530,2026-12-18,0.3095890411,357.5395268281,365.0000000000,0.2313231586
daily,JPM,2026-08-27,1530,2026-12-18,0.3095890411,357.5395268281,370.0000000000,0.2272624778
daily,JPM,2026-08-27,1530,2026-12-18,0.3095890411,357.5395268281,375.0000000000,0.2273823617
daily,JPM,2026-08-27,1530,2026-12-18,0.3095890411,357.5395268281,380.0000000000,0.2255619483
daily,JPM,2026-08-27,1530,2026-12-18,0.3095890411,357.5395268281,385.0000000000,0.2209516526
daily,JPM,2026-08-27,1530,2026-12-18,0.3095890411,357.5395268281,390.0000000000,0.2212956305
daily,JPM,2026-08-27,1530,2026-12-18,0.3095890411,357.5395268281,395.0000000000,0.2191037056
daily,JPM,2026-08-27,1530,2026-12-18,0.3095890411,357.5395268281,400.0000000000,0.2189148679
daily,JPM,2026-08-27,1530,2026-12-18,0.3095890411,357.5395268281,405.0000000000,0.2184991464
daily,JPM,2026-08-27,1530,2026-12-18,0.3095890411,357.5395268281,410.0000000000,0.2198927626
daily,JPM,2026-08-27,1530,2026-12-18,0.3095890411,357.5395268281,415.0000000000,0.2208456916
daily,JPM,2026-08-27,1530,2026-12-18,0.3095890411,357.5395268281,420.0000000000,0.2196423738
daily,JPM,2026-08-27,1530,2026-12-18,0.3095890411,357.5395268281,425.0000000000,0.2185132012
daily,JPM,2026-08-27,1530,2027-01-15,0.3863013699,358.3051993879,250.0000000000,0.3413502318
daily,JPM,2026-08-27,1530,2027-01-15,0.3863013699,358.3051993879,260.0000000000,0.3251149183
daily,JPM,2026-08-27,1530,2027-01-15,0.3863013699,358.3051993879,270.0000000000,0.3150813049
daily,JPM,2026-08-27,1530,2027-01-15,0.3863013699,358.3051993879,280.0000000000,0.3050782826
daily,JPM,2026-08-27,1530,2027-01-15,0.3863013699,358.3051993879,290.0000000000,0.2947100486
daily,JPM,2026-08-27,1530,2027-01-15,0.3863013699,358.3051993879,300.0000000000,0.2845396869
daily,JPM,2026-08-27,1530,2027-01-15,0.3863013699,358.3051993879,310.0000000000,0.2756945536
daily,JPM,2026-08-27,1530,2027-01-15,0.3863013699,358.3051993879,320.0000000000,0.2669312447
daily,JPM,2026-08-27,1530,2027-01-15,0.3863013699,358.3051993879,330.0000000000,0.2586562319
daily,JPM,2026-08-27,1530,2027-01-15,0.3863013699,358.3051993879,340.0000000000,0.2526379714
daily,JPM,2026-08-27,1530,2027-01-15,0.3863013699,358.3051993879,350.0000000000,0.2477514671
daily,JPM,2026-08-27,1530,2027-01-15,0.3863013699,358.3051993879,360.0000000000,0.2423589430
daily,JPM,2026-08-27,1530,2027-01-15,0.3863013699,358.3051993879,370.0000000000,0.2361478964
daily,JPM,2026-08-27,1530,2027-01-15,0.3863013699,358.3051993879,380.0000000000,0.2316892440
daily,JPM,2026-08-27,1530,2027-01-15,0.3863013699,358.3051993879,390.0000000000,0.2297041714
daily,JPM,2026-08-27,1530,2027-01-15,0.3863013699,358.3051993879,400.0000000000,0.2284216042
daily,JPM,2026-08-27,1530,2027-01-15,0.3863013699,358.3051993879,410.0000000000,0.2298854282
daily,JPM,2026-08-27,1530,2027-01-15,0.3863013699,358.3051993879,420.0000000000,0.2248405939
daily,JPM,2026-08-27,1530,2027-01-15,0.3863013699,358.3051993879,440.0000000000,0.2292297355
daily,JPM,2026-08-27,1530,2027-01-15,0.3863013699,358.3051993879,450.0000000000,0.2307041771
daily,JPM,2026-08-27,1530,2027-03-19,0.5589041096,360.4143263766,260.0000000000,0.3127961171
daily,JPM,2026-08-27,1530,2027-03-19,0.5589041096,360.4143263766,265.0000000000,0.3097632551
daily,JPM,2026-08-27,1530,2027-03-19,0.5589041096,360.4143263766,270.0000000000,0.3065773851
daily,JPM,2026-08-27,1530,2027-03-19,0.5589041096,360.4143263766,275.0000000000,0.3021605172
daily,JPM,2026-08-27,1530,2027-03-19,0.5589041096,360.4143263766,280.0000000000,0.2967122068
daily,JPM,2026-08-27,1530,2027-03-19,0.5589041096,360.4143263766,285.0000000000,0.2923179485
daily,JPM,2026-08-27,1530,2027-03-19,0.5589041096,360.4143263766,290.0000000000,0.2868793063
daily,JPM,2026-08-27,1530,2027-03-19,0.5589041096,360.4143263766,295.0000000000,0.2835708488
daily,JPM,2026-08-27,1530,2027-03-19,0.5589041096,360.4143263766,300.0000000000,0.2808141539
daily,JPM,2026-08-27,1530,2027-03-19,0.5589041096,360.4143263766,305.0000000000,0.2767830688
daily,JPM,2026-08-27,1530,2027-03-19,0.5589041096,360.4143263766,310.0000000000,0.2731745807
daily,JPM,2026-08-27,1530,2027-03-19,0.5589041096,360.4143263766,315.0000000000,0.2701089780
daily,JPM,2026-08-27,1530,2027-03-19,0.5589041096,360.4143263766,320.0000000000,0.2668528752
daily,JPM,2026-08-27,1530,2027-03-19,0.5589041096,360.4143263766,325.0000000000,0.2623874337
daily,JPM,2026-08-27,1530,2027-03-19,0.5589041096,360.4143263766,330.0000000000,0.2605870405
daily,JPM,2026-08-27,1530,2027-03-19,0.5589041096,360.4143263766,335.0000000000,0.2575344903
daily,JPM,2026-08-27,1530,2027-03-19,0.5589041096,360.4143263766,340.0000000000,0.2541274606
daily,JPM,2026-08-27,1530,2027-03-19,0.5589041096,360.4143263766,345.0000000000,0.2513177656
daily,JPM,2026-08-27,1530,2027-03-19,0.5589041096,360.4143263766,350.0000000000,0.2499233373
daily,JPM,2026-08-27,1530,2027-03-19,0.5589041096,360.4143263766,355.0000000000,0.2471442695
daily,JPM,2026-08-27,1530,2027-03-19,0.5589041096,360.4143263766,360.0000000000,0.2456230810
daily,JPM,2026-08-27,1530,2027-03-19,0.5589041096,360.4143263766,365.0000000000,0.2443873832
daily,JPM,2026-08-27,1530,2027-03-19,0.5589041096,360.4143263766,370.0000000000,0.2426279005
daily,JPM,2026-08-27,1530,2027-03-19,0.5589041096,360.4143263766,375.0000000000,0.2416653371
daily,JPM,2026-08-27,1530,2027-03-19,0.5589041096,360.4143263766,380.0000000000,0.2401034045
daily,JPM,2026-08-27,1530,2027-03-19,0.5589041096,360.4143263766,385.0000000000,0.2371787248
daily,JPM,2026-08-27,1530,2027-03-19,0.5589041096,360.4143263766,390.0000000000,0.2352046652
daily,JPM,2026-08-27,1530,2027-03-19,0.5589041096,360.4143263766,395.0000000000,0.2349283558
daily,JPM,2026-08-27,1530,2027-03-19,0.5589041096,360.4143263766,400.0000000000,0.2333704729
daily,JPM,2026-08-27,1530,2027-03-19,0.5589041096,360.4143263766,405.0000000000,0.2307869171
daily,JPM,2026-08-27,1530,2027-03-19,0.5589041096,360.4143263766,410.0000000000,0.2312547179
daily,JPM,2026-08-27,1530,2027-03-19,0.5589041096,360.4143263766,415.0000000000,0.2305590202
daily,JPM,2026-08-27,1530,2027-03-19,0.5589041096,360.4143263766,420.0000000000,0.2290803342
daily,JPM,2026-08-27,1530,2027-03-19,0.5589041096,360.4143263766,425.0000000000,0.2280074592
daily,JPM,2026-08-27,1530,2027-03-19,0.5589041096,360.4143263766,430.0000000000,0.2275427790
daily,JPM,2026-08-27,1530,2027-03-19,0.5589041096,360.4143263766,435.0000000000,0.2277745580
daily,JPM,2026-08-27,1530,2027-03-19,0.5589041096,360.4143263766,440.0000000000,0.2270891561
daily,JPM,2026-08-27,1530,2027-03-19,0.5589041096,360.4143263766,445.0000000000,0.2278509111
daily,JPM,2026-08-27,1530,2027-03-19,0.5589041096,360.4143263766,450.0000000000,0.2276634670
daily,JPM,2026-08-27,1530,2027-03-19,0.5589041096,360.4143263766,455.0000000000,0.2273748294
daily,JPM,2026-08-27,1530,2027-03-19,0.5589041096,360.4143263766,460.0000000000,0.2266516438
daily,JPM,2026-08-27,1530,2027-03-19,0.5589041096,360.4143263766,465.0000000000,0.2274974584
daily,JPM,2026-08-27,1530,2027-03-19,0.5589041096,360.4143263766,470.0000000000,0.2284919904
daily,JPM,2026-08-27,1530,2027-03-19,0.5589041096,360.4143263766,475.0000000000,0.2290123416
daily,JPM,2026-08-27,1530,2027-03-19,0.5589041096,360.4143263766,480.0000000000,0.2291884593
daily,JPM,2026-08-27,1530,2027-06-17,0.8054794521,362.9257172517,230.0000000000,0.3345683150
daily,JPM,2026-08-27,1530,2027-06-17,0.8054794521,362.9257172517,240.0000000000,0.3266663816
daily,JPM,2026-08-27,1530,2027-06-17,0.8054794521,362.9257172517,250.0000000000,0.3183820715
daily,JPM,2026-08-27,1530,2027-06-17,0.8054794521,362.9257172517,255.0000000000,0.3148521865
daily,JPM,2026-08-27,1530,2027-06-17,0.8054794521,362.9257172517,260.0000000000,0.3104915168
daily,JPM,2026-08-27,1530,2027-06-17,0.8054794521,362.9257172517,265.0000000000,0.3061864875
daily,JPM,2026-08-27,1530,2027-06-17,0.8054794521,362.9257172517,270.0000000000,0.3011669827
daily,JPM,2026-08-27,1530,2027-06-17,0.8054794521,362.9257172517,275.0000000000,0.2986586200
daily,JPM,2026-08-27,1530,2027-06-17,0.8054794521,362.9257172517,280.0000000000,0.2952164205
daily,JPM,2026-08-27,1530,2027-06-17,0.8054794521,362.9257172517,285.0000000000,0.2909623150
daily,JPM,2026-08-27,1530,2027-06-17,0.8054794521,362.9257172517,290.0000000000,0.2878374827
daily,JPM,2026-08-27,1530,2027-06-17,0.8054794521,362.9257172517,295.0000000000,0.2838699815
daily,JPM,2026-08-27,1530,2027-06-17,0.8054794521,362.9257172517,300.0000000000,0.2806432855
daily,JPM,2026-08-27,1530,2027-06-17,0.8054794521,362.9257172517,305.0000000000,0.2765859790
daily,JPM,2026-08-27,1530,2027-06-17,0.8054794521,362.9257172517,310.0000000000,0.2737251609
daily,JPM,2026-08-27,1530,2027-06-17,0.8054794521,362.9257172517,315.0000000000,0.2724454608
daily,JPM,2026-08-27,1530,2027-06-17,0.8054794521,362.9257172517,320.0000000000,0.2701744758
daily,JPM,2026-08-27,1530,2027-06-17,0.8054794521,362.9257172517,330.0000000000,0.2629792555
daily,JPM,2026-08-27,1530,2027-06-17,0.8054794521,362.9257172517,340.0000000000,0.2614068588
daily,JPM,2026-08-27,1530,2027-06-17,0.8054794521,362.9257172517,350.0000000000,0.2560449395
daily,JPM,2026-08-27,1530,2027-06-17,0.8054794521,362.9257172517,360.0000000000,0.2532954848
daily,JPM,2026-08-27,1530,2027-06-17,0.8054794521,362.9257172517,370.0000000000,0.2484286402
daily,JPM,2026-08-27,1530,2027-06-17,0.8054794521,362.9257172517,380.0000000000,0.2467108301
daily,JPM,2026-08-27,1530,2027-06-17,0.8054794521,362.9257172517,390.0000000000,0.2449170868
daily,JPM,2026-08-27,1530,2027-06-17,0.8054794521,362.9257172517,400.0000000000,0.2395812026
daily,JPM,2026-08-27,1530,2027-06-17,0.8054794521,362.9257172517,410.0000000000,0.2404931477
daily,JPM,2026-08-27,1530,2027-06-17,0.8054794521,362.9257172517,420.0000000000,0.2382470622
daily,JPM,2026-08-27,1530,2027-06-17,0.8054794521,362.9257172517,430.0000000000,0.2362672886
daily,JPM,2026-08-27,1530,2027-06-17,0.8054794521,362.9257172517,440.0000000000,0.2327716385
daily,JPM,2026-08-27,1530,2027-06-17,0.8054794521,362.9257172517,450.0000000000,0.2321293895
daily,JPM,2026-08-27,1530,2027-06-17,0.8054794521,362.9257172517,460.0000000000,0.2313335616
daily,JPM,2026-08-27,1530,2027-06-17,0.8054794521,362.9257172517,470.0000000000,0.2335590878
daily,JPM,2026-08-27,1530,2027-06-17,0.8054794521,362.9257172517,490.0000000000,0.2324410562
daily,JPM,2026-08-27,1530,2027-06-17,0.8054794521,362.9257172517,520.0000000000,0.2355395737
daily,JPM,2026-08-27,1530,2027-09-17,1.0575342466,365.3653830391,220.0000000000,0.3341300739
daily,JPM,2026-08-27,1530,2027-09-17,1.0575342466,365.3653830391,230.0000000000,0.3229079409
daily,JPM,2026-08-27,1530,2027-09-17,1.0575342466,365.3653830391,240.0000000000,0.3171538324
daily,JPM,2026-08-27,1530,2027-09-17,1.0575342466,365.3653830391,250.0000000000,0.3109972525
daily,JPM,2026-08-27,1530,2027-09-17,1.0575342466,365.3653830391,255.0000000000,0.3068981503
daily,JPM,2026-08-27,1530,2027-09-17,1.0575342466,365.3653830391,260.0000000000,0.3040631763
daily,JPM,2026-08-27,1530,2027-09-17,1.0575342466,365.3653830391,265.0000000000,0.3005269274
daily,JPM,2026-08-27,1530,2027-09-17,1.0575342466,365.3653830391,270.0000000000,0.2963786170
daily,JPM,2026-08-27,1530,2027-09-17,1.0575342466,365.3653830391,275.0000000000,0.2928218668
daily,JPM,2026-08-27,1530,2027-09-17,1.0575342466,365.3653830391,280.0000000000,0.2886630310
daily,JPM,2026-08-27,1530,2027-09-17,1.0575342466,365.3653830391,285.0000000000,0.2866654258
daily,JPM,2026-08-27,1530,2027-09-17,1.0575342466,365.3653830391,290.0000000000,0.2839182016
daily,JPM,2026-08-27,1530,2027-09-17,1.0575342466,365.3653830391,295.0000000000,0.2809664679
daily,JPM,2026-08-27,1530,2027-09-17,1.0575342466,365.3653830391,300.0000000000,0.2773674241
daily,JPM,2026-08-27,1530,2027-09-17,1.0575342466,365.3653830391,305.0000000000,0.2759917792
daily,JPM,2026-08-27,1530,2027-09-17,1.0575342466,365.3653830391,310.0000000000,0.2738485824
daily,JPM,2026-08-27,1530,2027-09-17,1.0575342466,365.3653830391,315.0000000000,0.2710060893
daily,JPM,2026-08-27,1530,2027-09-17,1.0575342466,365.3653830391,320.0000000000,0.2688329619
daily,JPM,2026-08-27,1530,2027-09-17,1.0575342466,365.3653830391,330.0000000000,0.2660740410
daily,JPM,2026-08-27,1530,2027-09-17,1.0575342466,365.3653830391,340.0000000000,0.2605019578
daily,JPM,2026-08-27,1530,2027-09-17,1.0575342466,365.3653830391,350.0000000000,0.2557470247
daily,JPM,2026-08-27,1530,2027-09-17,1.0575342466,365.3653830391,360.0000000000,0.2522083022
daily,JPM,2026-08-27,1530,2027-09-17,1.0575342466,365.3653830391,370.0000000000,0.2475293195
daily,JPM,2026-08-27,1530,2027-09-17,1.0575342466,365.3653830391,380.0000000000,0.2480645110
daily,JPM,2026-08-27,1530,2027-09-17,1.0575342466,365.3653830391,390.0000000000,0.2459427101
daily,JPM,2026-08-27,1530,2027-09-17,1.0575342466,365.3653830391,400.0000000000,0.2431324351
daily,JPM,2026-08-27,1530,2027-09-17,1.0575342466,365.3653830391,410.0000000000,0.2422572845
daily,JPM,2026-08-27,1530,2027-09-17,1.0575342466,365.3653830391,420.0000000000,0.2401387198
daily,JPM,2026-08-27,1530,2027-09-17,1.0575342466,365.3653830391,430.0000000000,0.2392337982
daily,JPM,2026-08-27,1530,2027-09-17,1.0575342466,365.3653830391,440.0000000000,0.2382625522
daily,JPM,2026-08-27,1530,2027-09-17,1.0575342466,365.3653830391,450.0000000000,0.2381682275
daily,JPM,2026-08-27,1530,2027-09-17,1.0575342466,365.3653830391,460.0000000000,0.2364139644
daily,JPM,2026-08-27,1530,2027-09-17,1.0575342466,365.3653830391,470.0000000000,0.2363637572
daily,JPM,2026-08-27,1530,2027-09-17,1.0575342466,365.3653830391,480.0000000000,0.2369946393
daily,JPM,2026-08-27,1530,2027-09-17,1.0575342466,365.3653830391,490.0000000000,0.2376564687
daily,JPM,2026-08-27,1530,2027-09-17,1.0575342466,365.3653830391,500.0000000000,0.2366239621
daily,JPM,2026-08-27,1530,2027-09-17,1.0575342466,365.3653830391,540.0000000000,0.2377837807
daily,JPM,2026-08-27,1530,2027-12-17,1.3068493151,368.0061346528,230.0000000000,0.3222301409
daily,JPM,2026-08-27,1530,2027-12-17,1.3068493151,368.0061346528,240.0000000000,0.3142499467
daily,JPM,2026-08-27,1530,2027-12-17,1.3068493151,368.0061346528,250.0000000000,0.3083688809
daily,JPM,2026-08-27,1530,2027-12-17,1.3068493151,368.0061346528,260.0000000000,0.3029791916
daily,JPM,2026-08-27,1530,2027-12-17,1.3068493151,368.0061346528,270.0000000000,0.2958730889
daily,JPM,2026-08-27,1530,2027-12-17,1.3068493151,368.0061346528,280.0000000000,0.2899550104
daily,JPM,2026-08-27,1530,2027-12-17,1.3068493151,368.0061346528,290.0000000000,0.2843382339
daily,JPM,2026-08-27,1530,2027-12-17,1.3068493151,368.0061346528,300.0000000000,0.2795945328
daily,JPM,2026-08-27,1530,2027-12-17,1.3068493151,368.0061346528,310.0000000000,0.2742564859
daily,JPM,2026-08-27,1530,2027-12-17,1.3068493151,368.0061346528,320.0000000000,0.2701843548
daily,JPM,2026-08-27,1530,2027-12-17,1.3068493151,368.0061346528,330.0000000000,0.2656620097
daily,JPM,2026-08-27,1530,2027-12-17,1.3068493151,368.0061346528,340.0000000000,0.2618245006
daily,JPM,2026-08-27,1530,2027-12-17,1.3068493151,368.0061346528,350.0000000000,0.2583198096
daily,JPM,2026-08-27,1530,2027-12-17,1.3068493151,368.0061346528,360.0000000000,0.2547418333
daily,JPM,2026-08-27,1530,2027-12-17,1.3068493151,368.0061346528,370.0000000000,0.2536451481
daily,JPM,2026-08-27,1530,2027-12-17,1.3068493151,368.0061346528,380.0000000000,0.2512311317
daily,JPM,2026-08-27,1530,2027-12-17,1.3068493151,368.0061346528,390.0000000000,0.2492309768
daily,JPM,2026-08-27,1530,2027-12-17,1.3068493151,368.0061346528,400.0000000000,0.2473200219
daily,JPM,2026-08-27,1530,2027-12-17,1.3068493151,368.0061346528,410.0000000000,0.2433857188
daily,JPM,2026-08-27,1530,2027-12-17,1.3068493151,368.0061346528,420.0000000000,0.2431665748
daily,JPM,2026-08-27,1530,2027-12-17,1.3068493151,368.0061346528,430.0000000000,0.2410897493
daily,JPM,2026-08-27,1530,2027-12-17,1.3068493151,368.0061346528,440.0000000000,0.2408958672
daily,JPM,2026-08-27,1530,2027-12-17,1.3068493151,368.0061346528,450.0000000000,0.2389641730
daily,JPM,2026-08-27,1530,2027-12-17,1.3068493151,368.0061346528,460.0000000000,0.2387901429
daily,JPM,2026-08-27,1530,2027-12-17,1.3068493151,368.0061346528,470.0000000000,0.2393471132
daily,JPM,2026-08-27,1530,2027-12-17,1.3068493151,368.0061346528,480.0000000000,0.2384320585
daily,JPM,2026-08-27,1530,2027-12-17,1.3068493151,368.0061346528,490.0000000000,0.2372206618
daily,JPM,2026-08-27,1530,2027-12-17,1.3068493151,368.0061346528,500.0000000000,0.2362457838
daily,JPM,2026-08-27,1530,2027-12-17,1.3068493151,368.0061346528,520.0000000000,0.2366495936
daily,JPM,2026-08-27,1530,2027-12-17,1.3068493151,368.0061346528,540.0000000000,0.2361538546
daily,JPM,2026-08-27,1530,2028-01-21,1.4027397260,368.9751249956,230.0000000000,0.3226709582
daily,JPM,2026-08-27,1530,2028-01-21,1.4027397260,368.9751249956,240.0000000000,0.3156826995
daily,JPM,2026-08-27,1530,2028-01-21,1.4027397260,368.9751249956,250.0000000000,0.3084977182
daily,JPM,2026-08-27,1530,2028-01-21,1.4027397260,368.9751249956,260.0000000000,0.3053828248
daily,JPM,2026-08-27,1530,2028-01-21,1.4027397260,368.9751249956,270.0000000000,0.3000096229
daily,JPM,2026-08-27,1530,2028-01-21,1.4027397260,368.9751249956,280.0000000000,0.2926745707
daily,JPM,2026-08-27,1530,2028-01-21,1.4027397260,368.9751249956,290.0000000000,0.2871574594
daily,JPM,2026-08-27,1530,2028-01-21,1.4027397260,368.9751249956,300.0000000000,0.2806916904
daily,JPM,2026-08-27,1530,2028-01-21,1.4027397260,368.9751249956,310.0000000000,0.2763331196
daily,JPM,2026-08-27,1530,2028-01-21,1.4027397260,368.9751249956,320.0000000000,0.2717742840
daily,JPM,2026-08-27,1530,2028-01-21,1.4027397260,368.9751249956,330.0000000000,0.2681465226
daily,JPM,2026-08-27,1530,2028-01-21,1.4027397260,368.9751249956,340.0000000000,0.2635595283
daily,JPM,2026-08-27,1530,2028-01-21,1.4027397260,368.9751249956,350.0000000000,0.2603227234
daily,JPM,2026-08-27,1530,2028-01-21,1.4027397260,368.9751249956,360.0000000000,0.2552579965
daily,JPM,2026-08-27,1530,2028-01-21,1.4027397260,368.9751249956,370.0000000000,0.2543549061
daily,JPM,2026-08-27,1530,2028-01-21,1.4027397260,368.9751249956,380.0000000000,0.2531853657
daily,JPM,2026-08-27,1530,2028-01-21,1.4027397260,368.9751249956,390.0000000000,0.2502790237
daily,JPM,2026-08-27,1530,2028-01-21,1.4027397260,368.9751249956,400.0000000000,0.2471162976
daily,JPM,2026-08-27,1530,2028-01-21,1.4027397260,368.9751249956,410.0000000000,0.2460390143
daily,JPM,2026-08-27,1530,2028-01-21,1.4027397260,368.9751249956,420.0000000000,0.2431584700
daily,JPM,2026-08-27,1530,2028-01-21,1.4027397260,368.9751249956,430.0000000000,0.2438162247
daily,JPM,2026-08-27,1530,2028-01-21,1.4027397260,368.9751249956,440.0000000000,0.2428792361
daily,JPM,2026-08-27,1530,2028-01-21,1.4027397260,368.9751249956,450.0000000000,0.2402858574
daily,JPM,2026-08-27,1530,2028-01-21,1.4027397260,368.9751249956,460.0000000000,0.2394985755
daily,JPM,2026-08-27,1530,2028-01-21,1.4027397260,368.9751249956,470.0000000000,0.2392292230
daily,JPM,2026-08-27,1530,2028-01-21,1.4027397260,368.9751249956,480.0000000000,0.2374971334
daily,JPM,2026-08-27,1530,2028-01-21,1.4027397260,368.9751249956,490.0000000000,0.2341343883
daily,JPM,2026-08-27,1530,2028-01-21,1.4027397260,368.9751249956,500.0000000000,0.2361943291
daily,JPM,2026-08-27,1530,2028-01-21,1.4027397260,368.9751249956,520.0000000000,0.2372066851
daily,JPM,2026-08-27,1530,2028-01-21,1.4027397260,368.9751249956,540.0000000000,0.2371709243
daily,JPM,2026-08-31,1530,2026-09-04,0.0109589041,356.4041644791,345.0000000000,0.2443139337
daily,JPM,2026-08-31,1530,2026-09-04,0.0109589041,356.4041644791,350.0000000000,0.2333044243
daily,JPM,2026-08-31,1530,2026-09-04,0.0109589041,356.4041644791,352.5000000000,0.2306074530
daily,JPM,2026-08-31,1530,2026-09-04,0.0109589041,356.4041644791,355.0000000000,0.2267586973
daily,JPM,2026-08-31,1530,2026-09-04,0.0109589041,356.4041644791,357.5000000000,0.2249678998
daily,JPM,2026-08-31,1530,2026-09-04,0.0109589041,356.4041644791,360.0000000000,0.2218266781
daily,JPM,2026-08-31,1530,2026-09-04,0.0109589041,356.4041644791,362.5000000000,0.2216479497
daily,JPM,2026-08-31,1530,2026-09-04,0.0109589041,356.4041644791,365.0000000000,0.2186204698
daily,JPM,2026-08-31,1530,2026-09-04,0.0109589041,356.4041644791,367.5000000000,0.2200258835
daily,JPM,2026-08-31,1530,2026-09-11,0.0301369863,356.7437940486,345.0000000000,0.2086554835
daily,JPM,2026-08-31,1530,2026-09-11,0.0301369863,356.7437940486,347.5000000000,0.2057121504
daily,JPM,2026-08-31,1530,2026-09-11,0.0301369863,356.7437940486,350.0000000000,0.2029833023
daily,JPM,2026-08-31,1530,2026-09-11,0.0301369863,356.7437940486,355.0000000000,0.1973527834
daily,JPM,2026-08-31,1530,2026-09-11,0.0301369863,356.7437940486,357.5000000000,0.1928097920
daily,JPM,2026-08-31,1530,2026-09-11,0.0301369863,356.7437940486,360.0000000000,0.1916167757
daily,JPM,2026-08-31,1530,2026-09-11,0.0301369863,356.7437940486,362.5000000000,0.1894854092
daily,JPM,2026-08-31,1530,2026-09-11,0.0301369863,356.7437940486,365.0000000000,0.1868367667
daily,JPM,2026-08-31,1530,2026-09-11,0.0301369863,356.7437940486,367.5000000000,0.1867516806
daily,JPM,2026-08-31,1530,2026-09-18,0.0493150685,357.0486375302,320.0000000000,0.2575157701
daily,JPM,2026-08-31,1530,2026-09-18,0.0493150685,357.0486375302,330.0000000000,0.2360014074
daily,JPM,2026-08-31,1530,2026-09-18,0.0493150685,357.0486375302,335.0000000000,0.2298212145
daily,JPM,2026-08-31,1530,2026-09-18,0.0493150685,357.0486375302,340.0000000000,0.2177020316
daily,JPM,2026-08-31,1530,2026-09-18,0.0493150685,357.0486375302,342.5000000000,0.2133547181
daily,JPM,2026-08-31,1530,2026-09-18,0.0493150685,357.0486375302,345.0000000000,0.2103646448
daily,JPM,2026-08-31,1530,2026-09-18,0.0493150685,357.0486375302,347.5000000000,0.2048610308
daily,JPM,2026-08-31,1530,2026-09-18,0.0493150685,357.0486375302,350.0000000000,0.2003215936
daily,JPM,2026-08-31,1530,2026-09-18,0.0493150685,357.0486375302,352.5000000000,0.1971853860
daily,JPM,2026-08-31,1530,2026-09-18,0.0493150685,357.0486375302,355.0000000000,0.1991267429
daily,JPM,2026-08-31,1530,2026-09-18,0.0493150685,357.0486375302,357.5000000000,0.1959934383
daily,JPM,2026-08-31,1530,2026-09-18,0.0493150685,357.0486375302,360.0000000000,0.1877266763
daily,JPM,2026-08-31,1530,2026-09-18,0.0493150685,357.0486375302,362.5000000000,0.1903174022
daily,JPM,2026-08-31,1530,2026-09-18,0.0493150685,357.0486375302,365.0000000000,0.1895143612
daily,JPM,2026-08-31,1530,2026-09-18,0.0493150685,357.0486375302,370.0000000000,0.1882206509
daily,JPM,2026-08-31,1530,2026-09-25,0.0684931507,357.2062189248,340.0000000000,0.2192921756
daily,JPM,2026-08-31,1530,2026-09-25,0.0684931507,357.2062189248,345.0000000000,0.2137713527
daily,JPM,2026-08-31,1530,2026-09-25,0.0684931507,357.2062189248,350.0000000000,0.2088008995
daily,JPM,2026-08-31,1530,2026-09-25,0.0684931507,357.2062189248,355.0000000000,0.2042714231
daily,JPM,2026-08-31,1530,2026-09-25,0.0684931507,357.2062189248,360.0000000000,0.1998094449
daily,JPM,2026-08-31,1530,2026-09-25,0.0684931507,357.2062189248,365.0000000000,0.1959852456
daily,JPM,2026-08-31,1530,2026-09-25,0.0684931507,357.2062189248,370.0000000000,0.1917837482
daily,JPM,2026-08-31,1530,2026-09-25,0.0684931507,357.2062189248,375.0000000000,0.1879779372
daily,JPM,2026-08-31,1530,2026-10-02,0.0876712329,357.8055639887,340.0000000000,0.2224591595
daily,JPM,2026-08-31,1530,2026-10-02,0.0876712329,357.8055639887,345.0000000000,0.2205483637
daily,JPM,2026-08-31,1530,2026-10-02,0.0876712329,357.8055639887,350.0000000000,0.2140424024
daily,JPM,2026-08-31,1530,2026-10-02,0.0876712329,357.8055639887,355.0000000000,0.2092431711
daily,JPM,2026-08-31,1530,2026-10-02,0.0876712329,357.8055639887,360.0000000000,0.2040864620
daily,JPM,2026-08-31,1530,2026-10-02,0.0876712329,357.8055639887,365.0000000000,0.2016612980
daily,JPM,2026-08-31,1530,2026-10-02,0.0876712329,357.8055639887,370.0000000000,0.1943999003
daily,JPM,2026-08-31,1530,2026-10-02,0.0876712329,357.8055639887,375.0000000000,0.1900828016
daily,JPM,2026-08-31,1530,2026-10-16,0.1260273973,356.8856585497,305.0000000000,0.2975357064
daily,JPM,2026-08-31,1530,2026-10-16,0.1260273973,356.8856585497,320.0000000000,0.2759682489
daily,JPM,2026-08-31,1530,2026-10-16,0.1260273973,356.8856585497,325.0000000000,0.2698796565
daily,JPM,2026-08-31,1530,2026-10-16,0.1260273973,356.8856585497,330.0000000000,0.2632930424
daily,JPM,2026-08-31,1530,2026-10-16,0.1260273973,356.8856585497,335.0000000000,0.2576454784
daily,JPM,2026-08-31,1530,2026-10-16,0.1260273973,356.8856585497,340.0000000000,0.2523112944
daily,JPM,2026-08-31,1530,2026-10-16,0.1260273973,356.8856585497,345.0000000000,0.2487845015
daily,JPM,2026-08-31,1530,2026-10-16,0.1260273973,356.8856585497,350.0000000000,0.2410400773
daily,JPM,2026-08-31,1530,2026-10-16,0.1260273973,356.8856585497,355.0000000000,0.2382627375
daily,JPM,2026-08-31,1530,2026-10-16,0.1260273973,356.8856585497,360.0000000000,0.2345481833
daily,JPM,2026-08-31,1530,2026-10-16,0.1260273973,356.8856585497,365.0000000000,0.2302859755
daily,JPM,2026-08-31,1530,2026-10-16,0.1260273973,356.8856585497,370.0000000000,0.2254835995
daily,JPM,2026-08-31,1530,2026-10-16,0.1260273973,356.8856585497,375.0000000000,0.2203214494
daily,JPM,2026-08-31,1530,2026-10-16,0.1260273973,356.8856585497,380.0000000000,0.2206756323
daily,JPM,2026-08-31,1530,2026-10-16,0.1260273973,356.8856585497,385.0000000000,0.2199895605
daily,JPM,2026-08-31,1530,2026-10-16,0.1260273973,356.8856585497,390.0000000000,0.2175932819
daily,JPM,2026-08-31,1530,2026-10-16,0.1260273973,356.8856585497,395.0000000000,0.2197744702
daily,JPM,2026-08-31,1530,2026-10-16,0.1260273973,356.8856585497,400.0000000000,0.2234300501
daily,JPM,2026-08-31,1530,2026-11-20,0.2219178082,357.9074275233,300.0000000000,0.2845945536
daily,JPM,2026-08-31,1530,2026-11-20,0.2219178082,357.9074275233,305.0000000000,0.2822376776
daily,JPM,2026-08-31,1530,2026-11-20,0.2219178082,357.9074275233,310.0000000000,0.2767384700
daily,JPM,2026-08-31,1530,2026-11-20,0.2219178082,357.9074275233,315.0000000000,0.2687500959
daily,JPM,2026-08-31,1530,2026-11-20,0.2219178082,357.9074275233,320.0000000000,0.2623633503
daily,JPM,2026-08-31,1530,2026-11-20,0.2219178082,357.9074275233,325.0000000000,0.2585285714
daily,JPM,2026-08-31,1530,2026-11-20,0.2219178082,357.9074275233,330.0000000000,0.2538080900
daily,JPM,2026-08-31,1530,2026-11-20,0.2219178082,357.9074275233,335.0000000000,0.2504445373
daily,JPM,2026-08-31,1530,2026-11-20,0.2219178082,357.9074275233,340.0000000000,0.2442244619
daily,JPM,2026-08-31,1530,2026-11-20,0.2219178082,357.9074275233,345.0000000000,0.2414667776
daily,JPM,2026-08-31,1530,2026-11-20,0.2219178082,357.9074275233,350.0000000000,0.2359821575
daily,JPM,2026-08-31,1530,2026-11-20,0.2219178082,357.9074275233,355.0000000000,0.2330553931
daily,JPM,2026-08-31,1530,2026-11-20,0.2219178082,357.9074275233,360.0000000000,0.2286034859
daily,JPM,2026-08-31,1530,2026-11-20,0.2219178082,357.9074275233,365.0000000000,0.2259153954
daily,JPM,2026-08-31,1530,2026-11-20,0.2219178082,357.9074275233,370.0000000000,0.2234627456
daily,JPM,2026-08-31,1530,2026-11-20,0.2219178082,357.9074275233,375.0000000000,0.2230629623
daily,JPM,2026-08-31,1530,2026-11-20,0.2219178082,357.9074275233,380.0000000000,0.2201006959
daily,JPM,2026-08-31,1530,2026-11-20,0.2219178082,357.9074275233,385.0000000000,0.2189217240
daily,JPM,2026-08-31,1530,2026-11-20,0.2219178082,357.9074275233,390.0000000000,0.2167769101
daily,JPM,2026-08-31,1530,2026-11-20,0.2219178082,357.9074275233,395.0000000000,0.2169412183
daily,JPM,2026-08-31,1530,2026-11-20,0.2219178082,357.9074275233,400.0000000000,0.2133573736
daily,JPM,2026-08-31,1530,2026-11-20,0.2219178082,357.9074275233,405.0000000000,0.2134233083
daily,JPM,2026-08-31,1530,2026-12-18,0.2986301370,359.3599682839,275.0000000000,0.3100965048
daily,JPM,2026-08-31,1530,2026-12-18,0.2986301370,359.3599682839,280.0000000000,0.3009788203
daily,JPM,2026-08-31,1530,2026-12-18,0.2986301370,359.3599682839,290.0000000000,0.2895569471
daily,JPM,2026-08-31,1530,2026-12-18,0.2986301370,359.3599682839,300.0000000000,0.2779242591
daily,JPM,2026-08-31,1530,2026-12-18,0.2986301370,359.3599682839,305.0000000000,0.2717856727
daily,JPM,2026-08-31,1530,2026-12-18,0.2986301370,359.3599682839,310.0000000000,0.2681841665
daily,JPM,2026-08-31,1530,2026-12-18,0.2986301370,359.3599682839,315.0000000000,0.2623688294
daily,JPM,2026-08-31,1530,2026-12-18,0.2986301370,359.3599682839,320.0000000000,0.2565514971
daily,JPM,2026-08-31,1530,2026-12-18,0.2986301370,359.3599682839,325.0000000000,0.2523470419
daily,JPM,2026-08-31,1530,2026-12-18,0.2986301370,359.3599682839,330.0000000000,0.2499007968
daily,JPM,2026-08-31,1530,2026-12-18,0.2986301370,359.3599682839,335.0000000000,0.2449196738
daily,JPM,2026-08-31,1530,2026-12-18,0.2986301370,359.3599682839,340.0000000000,0.2419919146
daily,JPM,2026-08-31,1530,2026-12-18,0.2986301370,359.3599682839,345.0000000000,0.2365027533
daily,JPM,2026-08-31,1530,2026-12-18,0.2986301370,359.3599682839,350.0000000000,0.2339270814
daily,JPM,2026-08-31,1530,2026-12-18,0.2986301370,359.3599682839,355.0000000000,0.2313595345
daily,JPM,2026-08-31,1530,2026-12-18,0.2986301370,359.3599682839,360.0000000000,0.2294029785
daily,JPM,2026-08-31,1530,2026-12-18,0.2986301370,359.3599682839,365.0000000000,0.2246518961
daily,JPM,2026-08-31,1530,2026-12-18,0.2986301370,359.3599682839,370.0000000000,0.2237896719
daily,JPM,2026-08-31,1530,2026-12-18,0.2986301370,359.3599682839,375.0000000000,0.2224946616
daily,JPM,2026-08-31,1530,2026-12-18,0.2986301370,359.3599682839,380.0000000000,0.2195661013
daily,JPM,2026-08-31,1530,2026-12-18,0.2986301370,359.3599682839,385.0000000000,0.2188590984
daily,JPM,2026-08-31,1530,2026-12-18,0.2986301370,359.3599682839,390.0000000000,0.2207264875
daily,JPM,2026-08-31,1530,2026-12-18,0.2986301370,359.3599682839,395.0000000000,0.2201761621
daily,JPM,2026-08-31,1530,2026-12-18,0.2986301370,359.3599682839,400.0000000000,0.2190667553
daily,JPM,2026-08-31,1530,2026-12-18,0.2986301370,359.3599682839,405.0000000000,0.2202528562
daily,JPM,2026-08-31,1530,2027-01-15,0.3753424658,359.5455981817,280.0000000000,0.3045161400
daily,JPM,2026-08-31,1530,2027-01-15,0.3753424658,359.5455981817,290.0000000000,0.2931538408
daily,JPM,2026-08-31,1530,2027-01-15,0.3753424658,359.5455981817,300.0000000000,0.2823367502
daily,JPM,2026-08-31,1530,2027-01-15,0.3753424658,359.5455981817,310.0000000000,0.2741009500
daily,JPM,2026-08-31,1530,2027-01-15,0.3753424658,359.5455981817,320.0000000000,0.2676780313
daily,JPM,2026-08-31,1530,2027-01-15,0.3753424658,359.5455981817,330.0000000000,0.2597863785
daily,JPM,2026-08-31,1530,2027-01-15,0.3753424658,359.5455981817,340.0000000000,0.2524707630
daily,JPM,2026-08-31,1530,2027-01-15,0.3753424658,359.5455981817,350.0000000000,0.2458752956
daily,JPM,2026-08-31,1530,2027-01-15,0.3753424658,359.5455981817,360.0000000000,0.2428634217
daily,JPM,2026-08-31,1530,2027-01-15,0.3753424658,359.5455981817,370.0000000000,0.2343667925
daily,JPM,2026-08-31,1530,2027-01-15,0.3753424658,359.5455981817,380.0000000000,0.2314997438
daily,JPM,2026-08-31,1530,2027-01-15,0.3753424658,359.5455981817,390.0000000000,0.2284876630
daily,JPM,2026-08-31,1530,2027-01-15,0.3753424658,359.5455981817,400.0000000000,0.2277294498
daily,JPM,2026-08-31,1530,2027-01-15,0.3753424658,359.5455981817,410.0000000000,0.2271257077
daily,JPM,2026-08-31,1530,2027-03-19,0.5479452055,362.1115307173,270.0000000000,0.3108108011
daily,JPM,2026-08-31,1530,2027-03-19,0.5479452055,362.1115307173,280.0000000000,0.3000277414
daily,JPM,2026-08-31,1530,2027-03-19,0.5479452055,362.1115307173,285.0000000000,0.2933240499
daily,JPM,2026-08-31,1530,2027-03-19,0.5479452055,362.1115307173,290.0000000000,0.2891618228
daily,JPM,2026-08-31,1530,2027-03-19,0.5479452055,362.1115307173,295.0000000000,0.2839093546
daily,JPM,2026-08-31,1530,2027-03-19,0.5479452055,362.1115307173,300.0000000000,0.2815966482
daily,JPM,2026-08-31,1530,2027-03-19,0.5479452055,362.1115307173,305.0000000000,0.2785536285
daily,JPM,2026-08-31,1530,2027-03-19,0.5479452055,362.1115307173,310.0000000000,0.2750352380
daily,JPM,2026-08-31,1530,2027-03-19,0.5479452055,362.1115307173,315.0000000000,0.2728254218
daily,JPM,2026-08-31,1530,2027-03-19,0.5479452055,362.1115307173,320.0000000000,0.2692725193
daily,JPM,2026-08-31,1530,2027-03-19,0.5479452055,362.1115307173,325.0000000000,0.2646551883
daily,JPM,2026-08-31,1530,2027-03-19,0.5479452055,362.1115307173,330.0000000000,0.2643626795
daily,JPM,2026-08-31,1530,2027-03-19,0.5479452055,362.1115307173,335.0000000000,0.2625737280
daily,JPM,2026-08-31,1530,2027-03-19,0.5479452055,362.1115307173,340.0000000000,0.2594191842
daily,JPM,2026-08-31,1530,2027-03-19,0.5479452055,362.1115307173,345.0000000000,0.2561961732
daily,JPM,2026-08-31,1530,2027-03-19,0.5479452055,362.1115307173,350.0000000000,0.2544382484
daily,JPM,2026-08-31,1530,2027-03-19,0.5479452055,362.1115307173,355.0000000000,0.2513146355
daily,JPM,2026-08-31,1530,2027-03-19,0.5479452055,362.1115307173,360.0000000000,0.2485727145
daily,JPM,2026-08-31,1530,2027-03-19,0.5479452055,362.1115307173,365.0000000000,0.2473749959
daily,JPM,2026-08-31,1530,2027-03-19,0.5479452055,362.1115307173,370.0000000000,0.2448031915
daily,JPM,2026-08-31,1530,2027-03-19,0.5479452055,362.1115307173,375.0000000000,0.2408523301
daily,JPM,2026-08-31,1530,2027-03-19,0.5479452055,362.1115307173,380.0000000000,0.2379910907
daily,JPM,2026-08-31,1530,2027-03-19,0.5479452055,362.1115307173,385.0000000000,0.2347205959
daily,JPM,2026-08-31,1530,2027-03-19,0.5479452055,362.1115307173,390.0000000000,0.2351568660
daily,JPM,2026-08-31,1530,2027-03-19,0.5479452055,362.1115307173,395.0000000000,0.2343041023
daily,JPM,2026-08-31,1530,2027-03-19,0.5479452055,362.1115307173,400.0000000000,0.2321052194
daily,JPM,2026-08-31,1530,2027-03-19,0.5479452055,362.1115307173,405.0000000000,0.2314773312
daily,JPM,2026-08-31,1530,2027-03-19,0.5479452055,362.1115307173,410.0000000000,0.2304140622
daily,JPM,2026-08-31,1530,2027-03-19,0.5479452055,362.1115307173,415.0000000000,0.2292585837
daily,JPM,2026-08-31,1530,2027-03-19,0.5479452055,362.1115307173,420.0000000000,0.2301743253
daily,JPM,2026-08-31,1530,2027-03-19,0.5479452055,362.1115307173,425.0000000000,0.2300051012
daily,JPM,2026-08-31,1530,2027-03-19,0.5479452055,362.1115307173,430.0000000000,0.2302948705
daily,JPM,2026-08-31,1530,2027-03-19,0.5479452055,362.1115307173,435.0000000000,0.2294779921
daily,JPM,2026-08-31,1530,2027-03-19,0.5479452055,362.1115307173,440.0000000000,0.2301261106
daily,JPM,2026-08-31,1530,2027-03-19,0.5479452055,362.1115307173,450.0000000000,0.2283276658
daily,JPM,2026-08-31,1530,2027-06-17,0.7945205479,364.5404543923,250.0000000000,0.3153912740
daily,JPM,2026-08-31,1530,2027-06-17,0.7945205479,364.5404543923,265.0000000000,0.3040205465
daily,JPM,2026-08-31,1530,2027-06-17,0.7945205479,364.5404543923,270.0000000000,0.2987179679
daily,JPM,2026-08-31,1530,2027-06-17,0.7945205479,364.5404543923,275.0000000000,0.2971252817
daily,JPM,2026-08-31,1530,2027-06-17,0.7945205479,364.5404543923,280.0000000000,0.2944643363
daily,JPM,2026-08-31,1530,2027-06-17,0.7945205479,364.5404543923,285.0000000000,0.2908894424
daily,JPM,2026-08-31,1530,2027-06-17,0.7945205479,364.5404543923,290.0000000000,0.2879883074
daily,JPM,2026-08-31,1530,2027-06-17,0.7945205479,364.5404543923,295.0000000000,0.2848527106
daily,JPM,2026-08-31,1530,2027-06-17,0.7945205479,364.5404543923,300.0000000000,0.2808733416
daily,JPM,2026-08-31,1530,2027-06-17,0.7945205479,364.5404543923,305.0000000000,0.2780806629
daily,JPM,2026-08-31,1530,2027-06-17,0.7945205479,364.5404543923,310.0000000000,0.2750086796
daily,JPM,2026-08-31,1530,2027-06-17,0.7945205479,364.5404543923,315.0000000000,0.2724014737
daily,JPM,2026-08-31,1530,2027-06-17,0.7945205479,364.5404543923,320.0000000000,0.2697354059
daily,JPM,2026-08-31,1530,2027-06-17,0.7945205479,364.5404543923,330.0000000000,0.2639588071
daily,JPM,2026-08-31,1530,2027-06-17,0.7945205479,364.5404543923,340.0000000000,0.2606925948
daily,JPM,2026-08-31,1530,2027-06-17,0.7945205479,364.5404543923,350.0000000000,0.2584912186
daily,JPM,2026-08-31,1530,2027-06-17,0.7945205479,364.5404543923,360.0000000000,0.2549613706
daily,JPM,2026-08-31,1530,2027-06-17,0.7945205479,364.5404543923,370.0000000000,0.2502487288
daily,JPM,2026-08-31,1530,2027-06-17,0.7945205479,364.5404543923,380.0000000000,0.2466043707
daily,JPM,2026-08-31,1530,2027-06-17,0.7945205479,364.5404543923,390.0000000000,0.2438547925
daily,JPM,2026-08-31,1530,2027-06-17,0.7945205479,364.5404543923,400.0000000000,0.2436773835
daily,JPM,2026-08-31,1530,2027-06-17,0.7945205479,364.5404543923,410.0000000000,0.2405848082
daily,JPM,2026-08-31,1530,2027-06-17,0.7945205479,364.5404543923,420.0000000000,0.2376390494
daily,JPM,2026-08-31,1530,2027-06-17,0.7945205479,364.5404543923,430.0000000000,0.2360704842
daily,JPM,2026-08-31,1530,2027-06-17,0.7945205479,364.5404543923,440.0000000000,0.2342871330
daily,JPM,2026-08-31,1530,2027-06-17,0.7945205479,364.5404543923,450.0000000000,0.2339808275
daily,JPM,2026-08-31,1530,2027-09-17,1.0465753425,367.3798523346,250.0000000000,0.3112948551
daily,JPM,2026-08-31,1530,2027-09-17,1.0465753425,367.3798523346,255.0000000000,0.3085365810
daily,JPM,2026-08-31,1530,2027-09-17,1.0465753425,367.3798523346,260.0000000000,0.3050557488
daily,JPM,2026-08-31,1530,2027-09-17,1.0465753425,367.3798523346,265.0000000000,0.3015990934
daily,JPM,2026-08-31,1530,2027-09-17,1.0465753425,367.3798523346,270.0000000000,0.2985250159
daily,JPM,2026-08-31,1530,2027-09-17,1.0465753425,367.3798523346,275.0000000000,0.2947937676
daily,JPM,2026-08-31,1530,2027-09-17,1.0465753425,367.3798523346,280.0000000000,0.2904804235
daily,JPM,2026-08-31,1530,2027-09-17,1.0465753425,367.3798523346,285.0000000000,0.2872994523
daily,JPM,2026-08-31,1530,2027-09-17,1.0465753425,367.3798523346,290.0000000000,0.2850064779
daily,JPM,2026-08-31,1530,2027-09-17,1.0465753425,367.3798523346,295.0000000000,0.2820006902
daily,JPM,2026-08-31,1530,2027-09-17,1.0465753425,367.3798523346,300.0000000000,0.2783529905
daily,JPM,2026-08-31,1530,2027-09-17,1.0465753425,367.3798523346,305.0000000000,0.2773993361
daily,JPM,2026-08-31,1530,2027-09-17,1.0465753425,367.3798523346,310.0000000000,0.2756415286
daily,JPM,2026-08-31,1530,2027-09-17,1.0465753425,367.3798523346,315.0000000000,0.2731935710
daily,JPM,2026-08-31,1530,2027-09-17,1.0465753425,367.3798523346,320.0000000000,0.2719331422
daily,JPM,2026-08-31,1530,2027-09-17,1.0465753425,367.3798523346,330.0000000000,0.2672340429
daily,JPM,2026-08-31,1530,2027-09-17,1.0465753425,367.3798523346,340.0000000000,0.2627863582
daily,JPM,2026-08-31,1530,2027-09-17,1.0465753425,367.3798523346,350.0000000000,0.2610591426
daily,JPM,2026-08-31,1530,2027-09-17,1.0465753425,367.3798523346,360.0000000000,0.2565413468
daily,JPM,2026-08-31,1530,2027-09-17,1.0465753425,367.3798523346,370.0000000000,0.2522276776
daily,JPM,2026-08-31,1530,2027-09-17,1.0465753425,367.3798523346,380.0000000000,0.2491764177
daily,JPM,2026-08-31,1530,2027-09-17,1.0465753425,367.3798523346,390.0000000000,0.2467099918
daily,JPM,2026-08-31,1530,2027-09-17,1.0465753425,367.3798523346,400.0000000000,0.2434967209
daily,JPM,2026-08-31,1530,2027-09-17,1.0465753425,367.3798523346,410.0000000000,0.2414766466
daily,JPM,2026-08-31,1530,2027-09-17,1.0465753425,367.3798523346,420.0000000000,0.2414062767
daily,JPM,2026-08-31,1530,2027-09-17,1.0465753425,367.3798523346,430.0000000000,0.2389793916
daily,JPM,2026-08-31,1530,2027-09-17,1.0465753425,367.3798523346,440.0000000000,0.2391931699
daily,JPM,2026-08-31,1530,2027-09-17,1.0465753425,367.3798523346,450.0000000000,0.2372340877
daily,JPM,2026-08-31,1530,2027-09-17,1.0465753425,367.3798523346,460.0000000000,0.2375069116
daily,JPM,2026-08-31,1530,2027-09-17,1.0465753425,367.3798523346,470.0000000000,0.2357644733
daily,JPM,2026-08-31,1530,2027-09-17,1.0465753425,367.3798523346,480.0000000000,0.2338761062
daily,JPM,2026-08-31,1530,2027-12-17,1.2958904110,370.4497507789,230.0000000000,0.3240353146
daily,JPM,2026-08-31,1530,2027-12-17,1.2958904110,370.4497507789,240.0000000000,0.3179256430
daily,JPM,2026-08-31,1530,2027-12-17,1.2958904110,370.4497507789,250.0000000000,0.3119340517
daily,JPM,2026-08-31,1530,2027-12-17,1.2958904110,370.4497507789,260.0000000000,0.3044342041
daily,JPM,2026-08-31,1530,2027-12-17,1.2958904110,370.4497507789,270.0000000000,0.2981264954
daily,JPM,2026-08-31,1530,2027-12-17,1.2958904110,370.4497507789,280.0000000000,0.2924370904
daily,JPM,2026-08-31,1530,2027-12-17,1.2958904110,370.4497507789,290.0000000000,0.2863900942
daily,JPM,2026-08-31,1530,2027-12-17,1.2958904110,370.4497507789,300.0000000000,0.2803382866
daily,JPM,2026-08-31,1530,2027-12-17,1.2958904110,370.4497507789,310.0000000000,0.2748490087
daily,JPM,2026-08-31,1530,2027-12-17,1.2958904110,370.4497507789,320.0000000000,0.2718051367
daily,JPM,2026-08-31,1530,2027-12-17,1.2958904110,370.4497507789,330.0000000000,0.2682290025
daily,JPM,2026-08-31,1530,2027-12-17,1.2958904110,370.4497507789,340.0000000000,0.2639019602
daily,JPM,2026-08-31,1530,2027-12-17,1.2958904110,370.4497507789,350.0000000000,0.2611398517
daily,JPM,2026-08-31,1530,2027-12-17,1.2958904110,370.4497507789,360.0000000000,0.2579269409
daily,JPM,2026-08-31,1530,2027-12-17,1.2958904110,370.4497507789,370.0000000000,0.2547791505
daily,JPM,2026-08-31,1530,2027-12-17,1.2958904110,370.4497507789,380.0000000000,0.2495289389
daily,JPM,2026-08-31,1530,2027-12-17,1.2958904110,370.4497507789,390.0000000000,0.2472640166
daily,JPM,2026-08-31,1530,2027-12-17,1.2958904110,370.4497507789,400.0000000000,0.2437407261
daily,JPM,2026-08-31,1530,2027-12-17,1.2958904110,370.4497507789,410.0000000000,0.2424457277
daily,JPM,2026-08-31,1530,2027-12-17,1.2958904110,370.4497507789,420.0000000000,0.2409566058
daily,JPM,2026-08-31,1530,2027-12-17,1.2958904110,370.4497507789,430.0000000000,0.2412824871
daily,JPM,2026-08-31,1530,2027-12-17,1.2958904110,370.4497507789,440.0000000000,0.2398339401
daily,JPM,2026-08-31,1530,2027-12-17,1.2958904110,370.4497507789,450.0000000000,0.2393537117
daily,JPM,2026-08-31,1530,2027-12-17,1.2958904110,370.4497507789,460.0000000000,0.2371456156
daily,JPM,2026-08-31,1530,2027-12-17,1.2958904110,370.4497507789,470.0000000000,0.2385799212
daily,JPM,2026-08-31,1530,2027-12-17,1.2958904110,370.4497507789,480.0000000000,0.2386313233
daily,JPM,2026-08-31,1530,2027-12-17,1.2958904110,370.4497507789,490.0000000000,0.2371863847
daily,JPM,2026-08-31,1530,2027-12-17,1.2958904110,370.4497507789,500.0000000000,0.2371149766
daily,JPM,2026-08-31,1530,2028-01-21,1.3917808219,371.0079983457,230.0000000000,0.3231623783
daily,JPM,2026-08-31,1530,2028-01-21,1.3917808219,371.0079983457,240.0000000000,0.3171366523
daily,JPM,2026-08-31,1530,2028-01-21,1.3917808219,371.0079983457,250.0000000000,0.3090897564
daily,JPM,2026-08-31,1530,2028-01-21,1.3917808219,371.0079983457,260.0000000000,0.3040159034
daily,JPM,2026-08-31,1530,2028-01-21,1.3917808219,371.0079983457,270.0000000000,0.2988016347
daily,JPM,2026-08-31,1530,2028-01-21,1.3917808219,371.0079983457,280.0000000000,0.2935641722
daily,JPM,2026-08-31,1530,2028-01-21,1.3917808219,371.0079983457,290.0000000000,0.2875136024
daily,JPM,2026-08-31,1530,2028-01-21,1.3917808219,371.0079983457,300.0000000000,0.2829133776
daily,JPM,2026-08-31,1530,2028-01-21,1.3917808219,371.0079983457,310.0000000000,0.2768666485
daily,JPM,2026-08-31,1530,2028-01-21,1.3917808219,371.0079983457,320.0000000000,0.2710964900
daily,JPM,2026-08-31,1530,2028-01-21,1.3917808219,371.0079983457,330.0000000000,0.2690501294
daily,JPM,2026-08-31,1530,2028-01-21,1.3917808219,371.0079983457,340.0000000000,0.2648552886
daily,JPM,2026-08-31,1530,2028-01-21,1.3917808219,371.0079983457,350.0000000000,0.2611911937
daily,JPM,2026-08-31,1530,2028-01-21,1.3917808219,371.0079983457,360.0000000000,0.2585512337
daily,JPM,2026-08-31,1530,2028-01-21,1.3917808219,371.0079983457,370.0000000000,0.2539269879
daily,JPM,2026-08-31,1530,2028-01-21,1.3917808219,371.0079983457,380.0000000000,0.2493183982
daily,JPM,2026-08-31,1530,2028-01-21,1.3917808219,371.0079983457,390.0000000000,0.2471832234
daily,JPM,2026-08-31,1530,2028-01-21,1.3917808219,371.0079983457,400.0000000000,0.2440052636
daily,JPM,2026-08-31,1530,2028-01-21,1.3917808219,371.0079983457,410.0000000000,0.2441374415
daily,JPM,2026-08-31,1530,2028-01-21,1.3917808219,371.0079983457,420.0000000000,0.2424864830
daily,JPM,2026-08-31,1530,2028-01-21,1.3917808219,371.0079983457,430.0000000000,0.2419447085
daily,JPM,2026-08-31,1530,2028-01-21,1.3917808219,371.0079983457,440.0000000000,0.2401246748
daily,JPM,2026-08-31,1530,2028-01-21,1.3917808219,371.0079983457,450.0000000000,0.2387014922
daily,JPM,2026-08-31,1530,2028-01-21,1.3917808219,371.0079983457,460.0000000000,0.2388685572
daily,JPM,2026-08-31,1530,2028-01-21,1.3917808219,371.0079983457,470.0000000000,0.2381819200
daily,JPM,2026-08-31,1530,2028-01-21,1.3917808219,371.0079983457,480.0000000000,0.2393495101
daily,JPM,2026-08-31,1530,2028-01-21,1.3917808219,371.0079983457,490.0000000000,0.2392726872
daily,JPM,2026-08-31,1530,2028-01-21,1.3917808219,371.0079983457,500.0000000000,0.2390038519
daily,JPM,2026-08-31,1530,2028-01-21,1.3917808219,371.0079983457,520.0000000000,0.2406474849
daily,JPM,2026-09-01,1530,2026-09-04,0.0082191781,355.6352006528,335.0000000000,0.3074791573
daily,JPM,2026-09-01,1530,2026-09-04,0.0082191781,355.6352006528,345.0000000000,0.2571810614
daily,JPM,2026-09-01,1530,2026-09-04,0.0082191781,355.6352006528,347.5000000000,0.2496268708
daily,JPM,2026-09-01,1530,2026-09-04,0.0082191781,355.6352006528,350.0000000000,0.2434211952
daily,JPM,2026-09-01,1530,2026-09-04,0.0082191781,355.6352006528,352.5000000000,0.2443279720
daily,JPM,2026-09-01,1530,2026-09-04,0.0082191781,355.6352006528,355.0000000000,0.2352246933
daily,JPM,2026-09-01,1530,2026-09-04,0.0082191781,355.6352006528,360.0000000000,0.2321215962
daily,JPM,2026-09-01,1530,2026-09-04,0.0082191781,355.6352006528,362.5000000000,0.2278039175
daily,JPM,2026-09-01,1530,2026-09-04,0.0082191781,355.6352006528,365.0000000000,0.2320422215
daily,JPM,2026-09-01,1530,2026-09-04,0.0082191781,355.6352006528,370.0000000000,0.2411416309
daily,JPM,2026-09-01,1530,2026-09-11,0.0273972603,356.0005204615,347.5000000000,0.2105098785
daily,JPM,2026-09-01,1530,2026-09-11,0.0273972603,356.0005204615,350.0000000000,0.2089441544
daily,JPM,2026-09-01,1530,2026-09-11,0.0273972603,356.0005204615,352.5000000000,0.2056162356
daily,JPM,2026-09-01,1530,2026-09-11,0.0273972603,356.0005204615,355.0000000000,0.1999814458
daily,JPM,2026-09-01,1530,2026-09-11,0.0273972603,356.0005204615,357.5000000000,0.2031839782
daily,JPM,2026-09-01,1530,2026-09-11,0.0273972603,356.0005204615,360.0000000000,0.1992576650
daily,JPM,2026-09-01,1530,2026-09-11,0.0273972603,356.0005204615,362.5000000000,0.1964632314
daily,JPM,2026-09-01,1530,2026-09-11,0.0273972603,356.0005204615,365.0000000000,0.1942039504
daily,JPM,2026-09-01,1530,2026-09-11,0.0273972603,356.0005204615,367.5000000000,0.1912385352
daily,JPM,2026-09-01,1530,2026-09-18,0.0465753425,356.2913605017,335.0000000000,0.2367719516
daily,JPM,2026-09-01,1530,2026-09-18,0.0465753425,356.2913605017,340.0000000000,0.2278727925
daily,JPM,2026-09-01,1530,2026-09-18,0.0465753425,356.2913605017,342.5000000000,0.2208014068
daily,JPM,2026-09-01,1530,2026-09-18,0.0465753425,356.2913605017,345.0000000000,0.2215453166
daily,JPM,2026-09-01,1530,2026-09-18,0.0465753425,356.2913605017,347.5000000000,0.2188201538
daily,JPM,2026-09-01,1530,2026-09-18,0.0465753425,356.2913605017,350.0000000000,0.2166345603
daily,JPM,2026-09-01,1530,2026-09-18,0.0465753425,356.2913605017,352.5000000000,0.2122100515
daily,JPM,2026-09-01,1530,2026-09-18,0.0465753425,356.2913605017,355.0000000000,0.2104575822
daily,JPM,2026-09-01,1530,2026-09-18,0.0465753425,356.2913605017,357.5000000000,0.2071792916
daily,JPM,2026-09-01,1530,2026-09-18,0.0465753425,356.2913605017,360.0000000000,0.2037428221
daily,JPM,2026-09-01,1530,2026-09-18,0.0465753425,356.2913605017,362.5000000000,0.2027105144
daily,JPM,2026-09-01,1530,2026-09-18,0.0465753425,356.2913605017,365.0000000000,0.2003853512
daily,JPM,2026-09-01,1530,2026-09-18,0.0465753425,356.2913605017,367.5000000000,0.2001432375
daily,JPM,2026-09-01,1530,2026-09-18,0.0465753425,356.2913605017,370.0000000000,0.1971618869
daily,JPM,2026-09-01,1530,2026-09-18,0.0465753425,356.2913605017,380.0000000000,0.2011980289
daily,JPM,2026-09-01,1530,2026-09-25,0.0657534247,356.6188978453,340.0000000000,0.2270611400
daily,JPM,2026-09-01,1530,2026-09-25,0.0657534247,356.6188978453,345.0000000000,0.2216098990
daily,JPM,2026-09-01,1530,2026-09-25,0.0657534247,356.6188978453,350.0000000000,0.2153250036
daily,JPM,2026-09-01,1530,2026-09-25,0.0657534247,356.6188978453,355.0000000000,0.2097265970
daily,JPM,2026-09-01,1530,2026-09-25,0.0657534247,356.6188978453,360.0000000000,0.2049038306
daily,JPM,2026-09-01,1530,2026-09-25,0.0657534247,356.6188978453,365.0000000000,0.2030043000
daily,JPM,2026-09-01,1530,2026-09-25,0.0657534247,356.6188978453,370.0000000000,0.1995307660
daily,JPM,2026-09-01,1530,2026-10-09,0.1041095890,355.7251812750,330.0000000000,0.2373101300
daily,JPM,2026-09-01,1530,2026-10-09,0.1041095890,355.7251812750,335.0000000000,0.2342613300
daily,JPM,2026-09-01,1530,2026-10-09,0.1041095890,355.7251812750,340.0000000000,0.2280394685
daily,JPM,2026-09-01,1530,2026-10-09,0.1041095890,355.7251812750,345.0000000000,0.2191951776
daily,JPM,2026-09-01,1530,2026-10-09,0.1041095890,355.7251812750,350.0000000000,0.2163035054
daily,JPM,2026-09-01,1530,2026-10-09,0.1041095890,355.7251812750,355.0000000000,0.2154480339
daily,JPM,2026-09-01,1530,2026-10-09,0.1041095890,355.7251812750,360.0000000000,0.2108839326
daily,JPM,2026-09-01,1530,2026-10-09,0.1041095890,355.7251812750,365.0000000000,0.2087728594
daily,JPM,2026-09-01,1530,2026-10-16,0.1232876712,355.6527594610,305.0000000000,0.2993493123
daily,JPM,2026-09-01,1530,2026-10-16,0.1232876712,355.6527594610,310.0000000000,0.2898722467
daily,JPM,2026-09-01,1530,2026-10-16,0.1232876712,355.6527594610,315.0000000000,0.2827721758
daily,JPM,2026-09-01,1530,2026-10-16,0.1232876712,355.6527594610,320.0000000000,0.2769454367
daily,JPM,2026-09-01,1530,2026-10-16,0.1232876712,355.6527594610,325.0000000000,0.2712556212
daily,JPM,2026-09-01,1530,2026-10-16,0.1232876712,355.6527594610,330.0000000000,0.2655115031
daily,JPM,2026-09-01,1530,2026-10-16,0.1232876712,355.6527594610,335.0000000000,0.2605858609
daily,JPM,2026-09-01,1530,2026-10-16,0.1232876712,355.6527594610,340.0000000000,0.2561599750
daily,JPM,2026-09-01,1530,2026-10-16,0.1232876712,355.6527594610,345.0000000000,0.2504399513
daily,JPM,2026-09-01,1530,2026-10-16,0.1232876712,355.6527594610,350.0000000000,0.2449652910
daily,JPM,2026-09-01,1530,2026-10-16,0.1232876712,355.6527594610,355.0000000000,0.2398202105
daily,JPM,2026-09-01,1530,2026-10-16,0.1232876712,355.6527594610,360.0000000000,0.2394766742
daily,JPM,2026-09-01,1530,2026-10-16,0.1232876712,355.6527594610,365.0000000000,0.2336393978
daily,JPM,2026-09-01,1530,2026-10-16,0.1232876712,355.6527594610,370.0000000000,0.2303834369
daily,JPM,2026-09-01,1530,2026-10-16,0.1232876712,355.6527594610,375.0000000000,0.2302675023
daily,JPM,2026-09-01,1530,2026-10-16,0.1232876712,355.6527594610,380.0000000000,0.2269731767
daily,JPM,2026-09-01,1530,2026-10-16,0.1232876712,355.6527594610,385.0000000000,0.2269810254
daily,JPM,2026-09-01,1530,2026-10-16,0.1232876712,355.6527594610,400.0000000000,0.2264913752
daily,JPM,2026-09-01,1530,2026-11-20,0.2191780822,357.2253774479,285.0000000000,0.3083395028
daily,JPM,2026-09-01,1530,2026-11-20,0.2191780822,357.2253774479,290.0000000000,0.3008924616
daily,JPM,2026-09-01,1530,2026-11-20,0.2191780822,357.2253774479,295.0000000000,0.2916067552
daily,JPM,2026-09-01,1530,2026-11-20,0.2191780822,357.2253774479,300.0000000000,0.2863252267
daily,JPM,2026-09-01,1530,2026-11-20,0.2191780822,357.2253774479,305.0000000000,0.2821206084
daily,JPM,2026-09-01,1530,2026-11-20,0.2191780822,357.2253774479,310.0000000000,0.2773795536
daily,JPM,2026-09-01,1530,2026-11-20,0.2191780822,357.2253774479,315.0000000000,0.2699469836
daily,JPM,2026-09-01,1530,2026-11-20,0.2191780822,357.2253774479,320.0000000000,0.2643057647
daily,JPM,2026-09-01,1530,2026-11-20,0.2191780822,357.2253774479,325.0000000000,0.2604664509
daily,JPM,2026-09-01,1530,2026-11-20,0.2191780822,357.2253774479,330.0000000000,0.2561640439
daily,JPM,2026-09-01,1530,2026-11-20,0.2191780822,357.2253774479,335.0000000000,0.2521012917
daily,JPM,2026-09-01,1530,2026-11-20,0.2191780822,357.2253774479,340.0000000000,0.2457916501
daily,JPM,2026-09-01,1530,2026-11-20,0.2191780822,357.2253774479,345.0000000000,0.2429354530
daily,JPM,2026-09-01,1530,2026-11-20,0.2191780822,357.2253774479,350.0000000000,0.2400428920
daily,JPM,2026-09-01,1530,2026-11-20,0.2191780822,357.2253774479,355.0000000000,0.2350476342
daily,JPM,2026-09-01,1530,2026-11-20,0.2191780822,357.2253774479,360.0000000000,0.2327507200
daily,JPM,2026-09-01,1530,2026-11-20,0.2191780822,357.2253774479,365.0000000000,0.2268325624
daily,JPM,2026-09-01,1530,2026-11-20,0.2191780822,357.2253774479,370.0000000000,0.2262672207
daily,JPM,2026-09-01,1530,2026-11-20,0.2191780822,357.2253774479,375.0000000000,0.2237496926
daily,JPM,2026-09-01,1530,2026-11-20,0.2191780822,357.2253774479,380.0000000000,0.2219076219
daily,JPM,2026-09-01,1530,2026-11-20,0.2191780822,357.2253774479,385.0000000000,0.2211508953
daily,JPM,2026-09-01,1530,2026-11-20,0.2191780822,357.2253774479,390.0000000000,0.2216228483
daily,JPM,2026-09-01,1530,2026-11-20,0.2191780822,357.2253774479,395.0000000000,0.2189792410
daily,JPM,2026-09-01,1530,2026-11-20,0.2191780822,357.2253774479,410.0000000000,0.2169800616
daily,JPM,2026-09-01,1530,2026-12-18,0.2958904110,358.4056489935,250.0000000000,0.3463157953
daily,JPM,2026-09-01,1530,2026-12-18,0.2958904110,358.4056489935,280.0000000000,0.3037394454
daily,JPM,2026-09-01,1530,2026-12-18,0.2958904110,358.4056489935,290.0000000000,0.2885986282
daily,JPM,2026-09-01,1530,2026-12-18,0.2958904110,358.4056489935,295.0000000000,0.2857003786
daily,JPM,2026-09-01,1530,2026-12-18,0.2958904110,358.4056489935,300.0000000000,0.2804900449
daily,JPM,2026-09-01,1530,2026-12-18,0.2958904110,358.4056489935,310.0000000000,0.2659758428
daily,JPM,2026-09-01,1530,2026-12-18,0.2958904110,358.4056489935,315.0000000000,0.2645887617
daily,JPM,2026-09-01,1530,2026-12-18,0.2958904110,358.4056489935,320.0000000000,0.2605365309
daily,JPM,2026-09-01,1530,2026-12-18,0.2958904110,358.4056489935,325.0000000000,0.2568990180
daily,JPM,2026-09-01,1530,2026-12-18,0.2958904110,358.4056489935,330.0000000000,0.2526673525
daily,JPM,2026-09-01,1530,2026-12-18,0.2958904110,358.4056489935,335.0000000000,0.2494374231
daily,JPM,2026-09-01,1530,2026-12-18,0.2958904110,358.4056489935,340.0000000000,0.2450880642
daily,JPM,2026-09-01,1530,2026-12-18,0.2958904110,358.4056489935,345.0000000000,0.2424375373
daily,JPM,2026-09-01,1530,2026-12-18,0.2958904110,358.4056489935,350.0000000000,0.2387408418
daily,JPM,2026-09-01,1530,2026-12-18,0.2958904110,358.4056489935,355.0000000000,0.2324126490
daily,JPM,2026-09-01,1530,2026-12-18,0.2958904110,358.4056489935,360.0000000000,0.2313870617
daily,JPM,2026-09-01,1530,2026-12-18,0.2958904110,358.4056489935,365.0000000000,0.2275440761
daily,JPM,2026-09-01,1530,2026-12-18,0.2958904110,358.4056489935,370.0000000000,0.2245703422
daily,JPM,2026-09-01,1530,2026-12-18,0.2958904110,358.4056489935,375.0000000000,0.2219720990
daily,JPM,2026-09-01,1530,2026-12-18,0.2958904110,358.4056489935,380.0000000000,0.2201002561
daily,JPM,2026-09-01,1530,2026-12-18,0.2958904110,358.4056489935,385.0000000000,0.2187932730
daily,JPM,2026-09-01,1530,2026-12-18,0.2958904110,358.4056489935,390.0000000000,0.2171996166
daily,JPM,2026-09-01,1530,2026-12-18,0.2958904110,358.4056489935,395.0000000000,0.2168996749
daily,JPM,2026-09-01,1530,2026-12-18,0.2958904110,358.4056489935,400.0000000000,0.2155723458
daily,JPM,2026-09-01,1530,2026-12-18,0.2958904110,358.4056489935,405.0000000000,0.2155189543
daily,JPM,2026-09-01,1530,2026-12-18,0.2958904110,358.4056489935,410.0000000000,0.2127645632
daily,JPM,2026-09-01,1530,2026-12-18,0.2958904110,358.4056489935,415.0000000000,0.2142355158
daily,JPM,2026-09-01,1530,2026-12-18,0.2958904110,358.4056489935,420.0000000000,0.2135025140
daily,JPM,2026-09-01,1530,2027-01-15,0.3726027397,358.3241487678,250.0000000000,0.3403581437
daily,JPM,2026-09-01,1530,2027-01-15,0.3726027397,358.3241487678,260.0000000000,0.3262785888
daily,JPM,2026-09-01,1530,2027-01-15,0.3726027397,358.3241487678,270.0000000000,0.3149664922
daily,JPM,2026-09-01,1530,2027-01-15,0.3726027397,358.3241487678,290.0000000000,0.2876198603
daily,JPM,2026-09-01,1530,2027-01-15,0.3726027397,358.3241487678,300.0000000000,0.2795813383
daily,JPM,2026-09-01,1530,2027-01-15,0.3726027397,358.3241487678,310.0000000000,0.2720233503
daily,JPM,2026-09-01,1530,2027-01-15,0.3726027397,358.3241487678,320.0000000000,0.2611282170
daily,JPM,2026-09-01,1530,2027-01-15,0.3726027397,358.3241487678,330.0000000000,0.2534907966
daily,JPM,2026-09-01,1530,2027-01-15,0.3726027397,358.3241487678,340.0000000000,0.2503008571
daily,JPM,2026-09-01,1530,2027-01-15,0.3726027397,358.3241487678,350.0000000000,0.2454731318
daily,JPM,2026-09-01,1530,2027-01-15,0.3726027397,358.3241487678,360.0000000000,0.2391097916
daily,JPM,2026-09-01,1530,2027-01-15,0.3726027397,358.3241487678,370.0000000000,0.2335430581
daily,JPM,2026-09-01,1530,2027-01-15,0.3726027397,358.3241487678,380.0000000000,0.2280712595
daily,JPM,2026-09-01,1530,2027-01-15,0.3726027397,358.3241487678,390.0000000000,0.2250040768
daily,JPM,2026-09-01,1530,2027-01-15,0.3726027397,358.3241487678,400.0000000000,0.2249768784
daily,JPM,2026-09-01,1530,2027-01-15,0.3726027397,358.3241487678,410.0000000000,0.2267582370
daily,JPM,2026-09-01,1530,2027-03-19,0.5452054795,360.7465348800,240.0000000000,0.3365945338
daily,JPM,2026-09-01,1530,2027-03-19,0.5452054795,360.7465348800,260.0000000000,0.3108478178
daily,JPM,2026-09-01,1530,2027-03-19,0.5452054795,360.7465348800,265.0000000000,0.3070787902
daily,JPM,2026-09-01,1530,2027-03-19,0.5452054795,360.7465348800,270.0000000000,0.3021384533
daily,JPM,2026-09-01,1530,2027-03-19,0.5452054795,360.7465348800,280.0000000000,0.2957514514
daily,JPM,2026-09-01,1530,2027-03-19,0.5452054795,360.7465348800,285.0000000000,0.2907287328
daily,JPM,2026-09-01,1530,2027-03-19,0.5452054795,360.7465348800,290.0000000000,0.2847252709
daily,JPM,2026-09-01,1530,2027-03-19,0.5452054795,360.7465348800,300.0000000000,0.2767592232
daily,JPM,2026-09-01,1530,2027-03-19,0.5452054795,360.7465348800,305.0000000000,0.2710849557
daily,JPM,2026-09-01,1530,2027-03-19,0.5452054795,360.7465348800,310.0000000000,0.2696103440
daily,JPM,2026-09-01,1530,2027-03-19,0.5452054795,360.7465348800,315.0000000000,0.2666620963
daily,JPM,2026-09-01,1530,2027-03-19,0.5452054795,360.7465348800,320.0000000000,0.2624132016
daily,JPM,2026-09-01,1530,2027-03-19,0.5452054795,360.7465348800,325.0000000000,0.2569813256
daily,JPM,2026-09-01,1530,2027-03-19,0.5452054795,360.7465348800,330.0000000000,0.2555693532
daily,JPM,2026-09-01,1530,2027-03-19,0.5452054795,360.7465348800,335.0000000000,0.2526978445
daily,JPM,2026-09-01,1530,2027-03-19,0.5452054795,360.7465348800,340.0000000000,0.2484773152
daily,JPM,2026-09-01,1530,2027-03-19,0.5452054795,360.7465348800,345.0000000000,0.2495295350
daily,JPM,2026-09-01,1530,2027-03-19,0.5452054795,360.7465348800,350.0000000000,0.2490196028
daily,JPM,2026-09-01,1530,2027-03-19,0.5452054795,360.7465348800,355.0000000000,0.2470522042
daily,JPM,2026-09-01,1530,2027-03-19,0.5452054795,360.7465348800,360.0000000000,0.2436824500
daily,JPM,2026-09-01,1530,2027-03-19,0.5452054795,360.7465348800,365.0000000000,0.2407294122
daily,JPM,2026-09-01,1530,2027-03-19,0.5452054795,360.7465348800,370.0000000000,0.2400246050
daily,JPM,2026-09-01,1530,2027-03-19,0.5452054795,360.7465348800,375.0000000000,0.2385877354
daily,JPM,2026-09-01,1530,2027-03-19,0.5452054795,360.7465348800,380.0000000000,0.2361843938
daily,JPM,2026-09-01,1530,2027-03-19,0.5452054795,360.7465348800,385.0000000000,0.2323293754
daily,JPM,2026-09-01,1530,2027-03-19,0.5452054795,360.7465348800,390.0000000000,0.2302224802
daily,JPM,2026-09-01,1530,2027-03-19,0.5452054795,360.7465348800,395.0000000000,0.2296597617
daily,JPM,2026-09-01,1530,2027-03-19,0.5452054795,360.7465348800,400.0000000000,0.2277282174
daily,JPM,2026-09-01,1530,2027-03-19,0.5452054795,360.7465348800,405.0000000000,0.2268658670
daily,JPM,2026-09-01,1530,2027-03-19,0.5452054795,360.7465348800,410.0000000000,0.2275254889
daily,JPM,2026-09-01,1530,2027-03-19,0.5452054795,360.7465348800,415.0000000000,0.2277290881
daily,JPM,2026-09-01,1530,2027-03-19,0.5452054795,360.7465348800,420.0000000000,0.2270010377
daily,JPM,2026-09-01,1530,2027-03-19,0.5452054795,360.7465348800,425.0000000000,0.2249559905
daily,JPM,2026-09-01,1530,2027-03-19,0.5452054795,360.7465348800,430.0000000000,0.2245873661
daily,JPM,2026-09-01,1530,2027-03-19,0.5452054795,360.7465348800,440.0000000000,0.2242989081
daily,JPM,2026-09-01,1530,2027-03-19,0.5452054795,360.7465348800,450.0000000000,0.2238710752
daily,JPM,2026-09-01,1530,2027-03-19,0.5452054795,360.7465348800,465.0000000000,0.2286597227
daily,JPM,2026-09-01,1530,2027-03-19,0.5452054795,360.7465348800,470.0000000000,0.2286842541
daily,JPM,2026-09-01,1530,2027-06-17,0.7917808219,364.0070734027,240.0000000000,0.3266738753
daily,JPM,2026-09-01,1530,2027-06-17,0.7917808219,364.0070734027,250.0000000000,0.3168921238
daily,JPM,2026-09-01,1530,2027-06-17,0.7917808219,364.0070734027,255.0000000000,0.3126305044
daily,JPM,2026-09-01,1530,2027-06-17,0.7917808219,364.0070734027,260.0000000000,0.3076308967
daily,JPM,2026-09-01,1530,2027-06-17,0.7917808219,364.0070734027,265.0000000000,0.3038848365
daily,JPM,2026-09-01,1530,2027-06-17,0.7917808219,364.0070734027,270.0000000000,0.3007826280
daily,JPM,2026-09-01,1530,2027-06-17,0.7917808219,364.0070734027,275.0000000000,0.2978879363
daily,JPM,2026-09-01,1530,2027-06-17,0.7917808219,364.0070734027,280.0000000000,0.2941755795
daily,JPM,2026-09-01,1530,2027-06-17,0.7917808219,364.0070734027,285.0000000000,0.2896724435
daily,JPM,2026-09-01,1530,2027-06-17,0.7917808219,364.0070734027,290.0000000000,0.2866837688
daily,JPM,2026-09-01,1530,2027-06-17,0.7917808219,364.0070734027,295.0000000000,0.2828246435
daily,JPM,2026-09-01,1530,2027-06-17,0.7917808219,364.0070734027,300.0000000000,0.2802527021
daily,JPM,2026-09-01,1530,2027-06-17,0.7917808219,364.0070734027,305.0000000000,0.2773872111
daily,JPM,2026-09-01,1530,2027-06-17,0.7917808219,364.0070734027,310.0000000000,0.2742963543
daily,JPM,2026-09-01,1530,2027-06-17,0.7917808219,364.0070734027,315.0000000000,0.2714050411
daily,JPM,2026-09-01,1530,2027-06-17,0.7917808219,364.0070734027,320.0000000000,0.2686751658
daily,JPM,2026-09-01,1530,2027-06-17,0.7917808219,364.0070734027,330.0000000000,0.2632465021
daily,JPM,2026-09-01,1530,2027-06-17,0.7917808219,364.0070734027,340.0000000000,0.2591897314
daily,JPM,2026-09-01,1530,2027-06-17,0.7917808219,364.0070734027,350.0000000000,0.2552655489
daily,JPM,2026-09-01,1530,2027-06-17,0.7917808219,364.0070734027,360.0000000000,0.2508544731
daily,JPM,2026-09-01,1530,2027-06-17,0.7917808219,364.0070734027,370.0000000000,0.2448726055
daily,JPM,2026-09-01,1530,2027-06-17,0.7917808219,364.0070734027,380.0000000000,0.2425778476
daily,JPM,2026-09-01,1530,2027-06-17,0.7917808219,364.0070734027,390.0000000000,0.2399050636
daily,JPM,2026-09-01,1530,2027-06-17,0.7917808219,364.0070734027,400.0000000000,0.2346321591
daily,JPM,2026-09-01,1530,2027-06-17,0.7917808219,364.0070734027,410.0000000000,0.2341251035
daily,JPM,2026-09-01,1530,2027-06-17,0.7917808219,364.0070734027,420.0000000000,0.2321046403
daily,JPM,2026-09-01,1530,2027-06-17,0.7917808219,364.0070734027,430.0000000000,0.2308884627
daily,JPM,2026-09-01,1530,2027-06-17,0.7917808219,364.0070734027,440.0000000000,0.2287441010
daily,JPM,2026-09-01,1530,2027-06-17,0.7917808219,364.0070734027,450.0000000000,0.2294601754
daily,JPM,2026-09-01,1530,2027-06-17,0.7917808219,364.0070734027,460.0000000000,0.2329570319
daily,JPM,2026-09-01,1530,2027-06-17,0.7917808219,364.0070734027,520.0000000000,0.2334731235
daily,JPM,2026-09-01,1530,2027-09-17,1.0438356164,367.0399883033,240.0000000000,0.3200925908
daily,JPM,2026-09-01,1530,2027-09-17,1.0438356164,367.0399883033,250.0000000000,0.3125411537
daily,JPM,2026-09-01,1530,2027-09-17,1.0438356164,367.0399883033,255.0000000000,0.3080104364
daily,JPM,2026-09-01,1530,2027-09-17,1.0438356164,367.0399883033,260.0000000000,0.3039053046
daily,JPM,2026-09-01,1530,2027-09-17,1.0438356164,367.0399883033,265.0000000000,0.2992450858
daily,JPM,2026-09-01,1530,2027-09-17,1.0438356164,367.0399883033,270.0000000000,0.2956520994
daily,JPM,2026-09-01,1530,2027-09-17,1.0438356164,367.0399883033,275.0000000000,0.2914536143
daily,JPM,2026-09-01,1530,2027-09-17,1.0438356164,367.0399883033,280.0000000000,0.2867157860
daily,JPM,2026-09-01,1530,2027-09-17,1.0438356164,367.0399883033,285.0000000000,0.2814904761
daily,JPM,2026-09-01,1530,2027-09-17,1.0438356164,367.0399883033,290.0000000000,0.2806792308
daily,JPM,2026-09-01,1530,2027-09-17,1.0438356164,367.0399883033,295.0000000000,0.2789939470
daily,JPM,2026-09-01,1530,2027-09-17,1.0438356164,367.0399883033,300.0000000000,0.2765368980
daily,JPM,2026-09-01,1530,2027-09-17,1.0438356164,367.0399883033,305.0000000000,0.2733860508
daily,JPM,2026-09-01,1530,2027-09-17,1.0438356164,367.0399883033,310.0000000000,0.2696012538
daily,JPM,2026-09-01,1530,2027-09-17,1.0438356164,367.0399883033,315.0000000000,0.2694096118
daily,JPM,2026-09-01,1530,2027-09-17,1.0438356164,367.0399883033,320.0000000000,0.2683699569
daily,JPM,2026-09-01,1530,2027-09-17,1.0438356164,367.0399883033,330.0000000000,0.2671412705
daily,JPM,2026-09-01,1530,2027-09-17,1.0438356164,367.0399883033,340.0000000000,0.2645638440
daily,JPM,2026-09-01,1530,2027-09-17,1.0438356164,367.0399883033,350.0000000000,0.2591998052
daily,JPM,2026-09-01,1530,2027-09-17,1.0438356164,367.0399883033,360.0000000000,0.2549292174
daily,JPM,2026-09-01,1530,2027-09-17,1.0438356164,367.0399883033,370.0000000000,0.2511705323
daily,JPM,2026-09-01,1530,2027-09-17,1.0438356164,367.0399883033,380.0000000000,0.2476272094
daily,JPM,2026-09-01,1530,2027-09-17,1.0438356164,367.0399883033,390.0000000000,0.2457871523
daily,JPM,2026-09-01,1530,2027-09-17,1.0438356164,367.0399883033,400.0000000000,0.2439164829
daily,JPM,2026-09-01,1530,2027-09-17,1.0438356164,367.0399883033,410.0000000000,0.2408623808
daily,JPM,2026-09-01,1530,2027-09-17,1.0438356164,367.0399883033,420.0000000000,0.2388416690
daily,JPM,2026-09-01,1530,2027-09-17,1.0438356164,367.0399883033,430.0000000000,0.2342429942
daily,JPM,2026-09-01,1530,2027-09-17,1.0438356164,367.0399883033,440.0000000000,0.2354476647
daily,JPM,2026-09-01,1530,2027-09-17,1.0438356164,367.0399883033,450.0000000000,0.2345622158
daily,JPM,2026-09-01,1530,2027-09-17,1.0438356164,367.0399883033,460.0000000000,0.2313612409
daily,JPM,2026-09-01,1530,2027-09-17,1.0438356164,367.0399883033,470.0000000000,0.2322835745
daily,JPM,2026-09-01,1530,2027-09-17,1.0438356164,367.0399883033,490.0000000000,0.2323858406
daily,JPM,2026-09-01,1530,2027-12-17,1.2931506849,369.6140377899,230.0000000000,0.3233920410
daily,JPM,2026-09-01,1530,2027-12-17,1.2931506849,369.6140377899,240.0000000000,0.3173274449
daily,JPM,2026-09-01,1530,2027-12-17,1.2931506849,369.6140377899,250.0000000000,0.3090825270
daily,JPM,2026-09-01,1530,2027-12-17,1.2931506849,369.6140377899,260.0000000000,0.3032056041
daily,JPM,2026-09-01,1530,2027-12-17,1.2931506849,369.6140377899,270.0000000000,0.2952369168
daily,JPM,2026-09-01,1530,2027-12-17,1.2931506849,369.6140377899,280.0000000000,0.2905199086
daily,JPM,2026-09-01,1530,2027-12-17,1.2931506849,369.6140377899,290.0000000000,0.2835912846
daily,JPM,2026-09-01,1530,2027-12-17,1.2931506849,369.6140377899,300.0000000000,0.2753530810
daily,JPM,2026-09-01,1530,2027-12-17,1.2931506849,369.6140377899,310.0000000000,0.2738632977
daily,JPM,2026-09-01,1530,2027-12-17,1.2931506849,369.6140377899,320.0000000000,0.2698314616
daily,JPM,2026-09-01,1530,2027-12-17,1.2931506849,369.6140377899,330.0000000000,0.2684634387
daily,JPM,2026-09-01,1530,2027-12-17,1.2931506849,369.6140377899,340.0000000000,0.2647059693
daily,JPM,2026-09-01,1530,2027-12-17,1.2931506849,369.6140377899,350.0000000000,0.2622268261
daily,JPM,2026-09-01,1530,2027-12-17,1.2931506849,369.6140377899,360.0000000000,0.2582609426
daily,JPM,2026-09-01,1530,2027-12-17,1.2931506849,369.6140377899,370.0000000000,0.2540863419
daily,JPM,2026-09-01,1530,2027-12-17,1.2931506849,369.6140377899,380.0000000000,0.2505697458
daily,JPM,2026-09-01,1530,2027-12-17,1.2931506849,369.6140377899,390.0000000000,0.2449462194
daily,JPM,2026-09-01,1530,2027-12-17,1.2931506849,369.6140377899,400.0000000000,0.2424073314
daily,JPM,2026-09-01,1530,2027-12-17,1.2931506849,369.6140377899,410.0000000000,0.2409256425
daily,JPM,2026-09-01,1530,2027-12-17,1.2931506849,369.6140377899,420.0000000000,0.2374159123
daily,JPM,2026-09-01,1530,2027-12-17,1.2931506849,369.6140377899,430.0000000000,0.2364147105
daily,JPM,2026-09-01,1530,2027-12-17,1.2931506849,369.6140377899,440.0000000000,0.2366431588
daily,JPM,2026-09-01,1530,2027-12-17,1.2931506849,369.6140377899,450.0000000000,0.2382685622
daily,JPM,2026-09-01,1530,2027-12-17,1.2931506849,369.6140377899,460.0000000000,0.2383691831
daily,JPM,2026-09-01,1530,2027-12-17,1.2931506849,369.6140377899,470.0000000000,0.2391527681
daily,JPM,2026-09-01,1530,2027-12-17,1.2931506849,369.6140377899,480.0000000000,0.2388667597
daily,JPM,2026-09-01,1530,2027-12-17,1.2931506849,369.6140377899,490.0000000000,0.2385696278
daily,JPM,2026-09-01,1530,2027-12-17,1.2931506849,369.6140377899,500.0000000000,0.2373961357
daily,JPM,2026-09-01,1530,2027-12-17,1.2931506849,369.6140377899,520.0000000000,0.2347549555
daily,JPM,2026-09-01,1530,2028-01-21,1.3890410959,370.2576162466,230.0000000000,0.3234332019
daily,JPM,2026-09-01,1530,2028-01-21,1.3890410959,370.2576162466,240.0000000000,0.3169044451
daily,JPM,2026-09-01,1530,2028-01-21,1.3890410959,370.2576162466,250.0000000000,0.3091168622
daily,JPM,2026-09-01,1530,2028-01-21,1.3890410959,370.2576162466,260.0000000000,0.3018759303
daily,JPM,2026-09-01,1530,2028-01-21,1.3890410959,370.2576162466,270.0000000000,0.2955708714
daily,JPM,2026-09-01,1530,2028-01-21,1.3890410959,370.2576162466,280.0000000000,0.2898463591
daily,JPM,2026-09-01,1530,2028-01-21,1.3890410959,370.2576162466,290.0000000000,0.2855644033
daily,JPM,2026-09-01,1530,2028-01-21,1.3890410959,370.2576162466,300.0000000000,0.2803380430
daily,JPM,2026-09-01,1530,2028-01-21,1.3890410959,370.2576162466,310.0000000000,0.2732030256
daily,JPM,2026-09-01,1530,2028-01-21,1.3890410959,370.2576162466,320.0000000000,0.2698167025
daily,JPM,2026-09-01,1530,2028-01-21,1.3890410959,370.2576162466,330.0000000000,0.2643432037
daily,JPM,2026-09-01,1530,2028-01-21,1.3890410959,370.2576162466,340.0000000000,0.2644352248
daily,JPM,2026-09-01,1530,2028-01-21,1.3890410959,370.2576162466,350.0000000000,0.2622488001
daily,JPM,2026-09-01,1530,2028-01-21,1.3890410959,370.2576162466,360.0000000000,0.2582115024
daily,JPM,2026-09-01,1530,2028-01-21,1.3890410959,370.2576162466,370.0000000000,0.2546911713
daily,JPM,2026-09-01,1530,2028-01-21,1.3890410959,370.2576162466,380.0000000000,0.2492239910
daily,JPM,2026-09-01,1530,2028-01-21,1.3890410959,370.2576162466,390.0000000000,0.2479019852
daily,JPM,2026-09-01,1530,2028-01-21,1.3890410959,370.2576162466,400.0000000000,0.2446506332
daily,JPM,2026-09-01,1530,2028-01-21,1.3890410959,370.2576162466,410.0000000000,0.2424648923
daily,JPM,2026-09-01,1530,2028-01-21,1.3890410959,370.2576162466,420.0000000000,0.2421764452
daily,JPM,2026-09-01,1530,2028-01-21,1.3890410959,370.2576162466,430.0000000000,0.2401379334
daily,JPM,2026-09-01,1530,2028-01-21,1.3890410959,370.2576162466,440.0000000000,0.2380020611
daily,JPM,2026-09-01,1530,2028-01-21,1.3890410959,370.2576162466,450.0000000000,0.2369976674
daily,JPM,2026-09-01,1530,2028-01-21,1.3890410959,370.2576162466,460.0000000000,0.2388452588
daily,JPM,2026-09-01,1530,2028-01-21,1.3890410959,370.2576162466,470.0000000000,0.2393777771
daily,JPM,2026-09-01,1530,2028-01-21,1.3890410959,370.2576162466,480.0000000000,0.2385286979
daily,JPM,2026-09-01,1530,2028-01-21,1.3890410959,370.2576162466,490.0000000000,0.2361707618
daily,JPM,2026-09-01,1530,2028-01-21,1.3890410959,370.2576162466,500.0000000000,0.2382580571
daily,JPM,2026-09-01,1530,2028-01-21,1.3890410959,370.2576162466,520.0000000000,0.2393210593
daily,JPM,2026-09-01,1530,2028-01-21,1.3890410959,370.2576162466,540.0000000000,0.2363752212
daily,JPM,2026-09-02,1530,2026-09-04,0.0054794521,355.0310595595,345.0000000000,0.2691704812
daily,JPM,2026-09-02,1530,2026-09-04,0.0054794521,355.0310595595,347.5000000000,0.2550613950
daily,JPM,2026-09-02,1530,2026-09-04,0.0054794521,355.0310595595,350.0000000000,0.2461623912
daily,JPM,2026-09-02,1530,2026-09-04,0.0054794521,355.0310595595,352.5000000000,0.2416030846
daily,JPM,2026-09-02,1530,2026-09-04,0.0054794521,355.0310595595,355.0000000000,0.2362215322
daily,JPM,2026-09-02,1530,2026-09-04,0.0054794521,355.0310595595,357.5000000000,0.2424161287
daily,JPM,2026-09-02,1530,2026-09-04,0.0054794521,355.0310595595,360.0000000000,0.2422656134
daily,JPM,2026-09-02,1530,2026-09-04,0.0054794521,355.0310595595,362.5000000000,0.2383817718
daily,JPM,2026-09-02,1530,2026-09-04,0.0054794521,355.0310595595,365.0000000000,0.2450452697
daily,JPM,2026-09-02,1530,2026-09-11,0.0246575342,355.3714507510,337.5000000000,0.2310625958
daily,JPM,2026-09-02,1530,2026-09-11,0.0246575342,355.3714507510,340.0000000000,0.2271344547
daily,JPM,2026-09-02,1530,2026-09-11,0.0246575342,355.3714507510,342.5000000000,0.2202446319
daily,JPM,2026-09-02,1530,2026-09-11,0.0246575342,355.3714507510,345.0000000000,0.2177730224
daily,JPM,2026-09-02,1530,2026-09-11,0.0246575342,355.3714507510,347.5000000000,0.2167279927
daily,JPM,2026-09-02,1530,2026-09-11,0.0246575342,355.3714507510,350.0000000000,0.2118697375
daily,JPM,2026-09-02,1530,2026-09-11,0.0246575342,355.3714507510,352.5000000000,0.2067937760
daily,JPM,2026-09-02,1530,2026-09-11,0.0246575342,355.3714507510,355.0000000000,0.1993014835
daily,JPM,2026-09-02,1530,2026-09-11,0.0246575342,355.3714507510,357.5000000000,0.1998405091
daily,JPM,2026-09-02,1530,2026-09-11,0.0246575342,355.3714507510,360.0000000000,0.1969483256
daily,JPM,2026-09-02,1530,2026-09-11,0.0246575342,355.3714507510,362.5000000000,0.1965389934
daily,JPM,2026-09-02,1530,2026-09-11,0.0246575342,355.3714507510,365.0000000000,0.1968059727
daily,JPM,2026-09-02,1530,2026-09-11,0.0246575342,355.3714507510,370.0000000000,0.1963992931
daily,JPM,2026-09-02,1530,2026-09-18,0.0438356164,355.5544720527,330.0000000000,0.2491611985
daily,JPM,2026-09-02,1530,2026-09-18,0.0438356164,355.5544720527,335.0000000000,0.2372049516
daily,JPM,2026-09-02,1530,2026-09-18,0.0438356164,355.5544720527,340.0000000000,0.2291757436
daily,JPM,2026-09-02,1530,2026-09-18,0.0438356164,355.5544720527,342.5000000000,0.2266130794
daily,JPM,2026-09-02,1530,2026-09-18,0.0438356164,355.5544720527,345.0000000000,0.2212909386
daily,JPM,2026-09-02,1530,2026-09-18,0.0438356164,355.5544720527,347.5000000000,0.2189901172
daily,JPM,2026-09-02,1530,2026-09-18,0.0438356164,355.5544720527,350.0000000000,0.2129066007
daily,JPM,2026-09-02,1530,2026-09-18,0.0438356164,355.5544720527,352.5000000000,0.2090997600
daily,JPM,2026-09-02,1530,2026-09-18,0.0438356164,355.5544720527,355.0000000000,0.2052480399
daily,JPM,2026-09-02,1530,2026-09-18,0.0438356164,355.5544720527,357.5000000000,0.2057424303
daily,JPM,2026-09-02,1530,2026-09-18,0.0438356164,355.5544720527,360.0000000000,0.2031990168
daily,JPM,2026-09-02,1530,2026-09-18,0.0438356164,355.5544720527,362.5000000000,0.2010059088
daily,JPM,2026-09-02,1530,2026-09-18,0.0438356164,355.5544720527,365.0000000000,0.1996158098
daily,JPM,2026-09-02,1530,2026-09-18,0.0438356164,355.5544720527,367.5000000000,0.2009513358
daily,JPM,2026-09-02,1530,2026-09-18,0.0438356164,355.5544720527,370.0000000000,0.1985278192
daily,JPM,2026-09-02,1530,2026-09-18,0.0438356164,355.5544720527,372.5000000000,0.1975479346
daily,JPM,2026-09-02,1530,2026-09-18,0.0438356164,355.5544720527,375.0000000000,0.1999638552
daily,JPM,2026-09-02,1530,2026-09-18,0.0438356164,355.5544720527,377.5000000000,0.1972226509
daily,JPM,2026-09-02,1530,2026-09-25,0.0630136986,356.0493717658,340.0000000000,0.2249811399
daily,JPM,2026-09-02,1530,2026-09-25,0.0630136986,356.0493717658,345.0000000000,0.2151835894
daily,JPM,2026-09-02,1530,2026-09-25,0.0630136986,356.0493717658,350.0000000000,0.2121631659
daily,JPM,2026-09-02,1530,2026-09-25,0.0630136986,356.0493717658,355.0000000000,0.2085292814
daily,JPM,2026-09-02,1530,2026-09-25,0.0630136986,356.0493717658,360.0000000000,0.2032222943
daily,JPM,2026-09-02,1530,2026-09-25,0.0630136986,356.0493717658,365.0000000000,0.1989694581
daily,JPM,2026-09-02,1530,2026-09-25,0.0630136986,356.0493717658,370.0000000000,0.1964610066
daily,JPM,2026-09-02,1530,2026-10-02,0.0821917808,356.1390208775,335.0000000000,0.2278829281
daily,JPM,2026-09-02,1530,2026-10-02,0.0821917808,356.1390208775,340.0000000000,0.2252193581
daily,JPM,2026-09-02,1530,2026-10-02,0.0821917808,356.1390208775,345.0000000000,0.2208054339
daily,JPM,2026-09-02,1530,2026-10-02,0.0821917808,356.1390208775,350.0000000000,0.2153891011
daily,JPM,2026-09-02,1530,2026-10-02,0.0821917808,356.1390208775,355.0000000000,0.2101520839
daily,JPM,2026-09-02,1530,2026-10-02,0.0821917808,356.1390208775,360.0000000000,0.2091409081
daily,JPM,2026-09-02,1530,2026-10-02,0.0821917808,356.1390208775,365.0000000000,0.2040539290
daily,JPM,2026-09-02,1530,2026-10-02,0.0821917808,356.1390208775,370.0000000000,0.2001605313
daily,JPM,2026-09-02,1530,2026-10-02,0.0821917808,356.1390208775,375.0000000000,0.1978239901
daily,JPM,2026-09-02,1530,2026-10-09,0.1013698630,355.1104564055,340.0000000000,0.2279359320
daily,JPM,2026-09-02,1530,2026-10-09,0.1013698630,355.1104564055,350.0000000000,0.2176923300
daily,JPM,2026-09-02,1530,2026-10-09,0.1013698630,355.1104564055,355.0000000000,0.2172331786
daily,JPM,2026-09-02,1530,2026-10-09,0.1013698630,355.1104564055,360.0000000000,0.2131383705
daily,JPM,2026-09-02,1530,2026-10-09,0.1013698630,355.1104564055,365.0000000000,0.2077200572
daily,JPM,2026-09-02,1530,2026-10-16,0.1205479452,355.2856736760,295.0000000000,0.3238328182
daily,JPM,2026-09-02,1530,2026-10-16,0.1205479452,355.2856736760,305.0000000000,0.3039641058
daily,JPM,2026-09-02,1530,2026-10-16,0.1205479452,355.2856736760,310.0000000000,0.2963449530
daily,JPM,2026-09-02,1530,2026-10-16,0.1205479452,355.2856736760,315.0000000000,0.2898824378
daily,JPM,2026-09-02,1530,2026-10-16,0.1205479452,355.2856736760,320.0000000000,0.2809397761
daily,JPM,2026-09-02,1530,2026-10-16,0.1205479452,355.2856736760,325.0000000000,0.2735508120
daily,JPM,2026-09-02,1530,2026-10-16,0.1205479452,355.2856736760,330.0000000000,0.2657013482
daily,JPM,2026-09-02,1530,2026-10-16,0.1205479452,355.2856736760,335.0000000000,0.2618593898
daily,JPM,2026-09-02,1530,2026-10-16,0.1205479452,355.2856736760,340.0000000000,0.2553175786
daily,JPM,2026-09-02,1530,2026-10-16,0.1205479452,355.2856736760,345.0000000000,0.2512096910
daily,JPM,2026-09-02,1530,2026-10-16,0.1205479452,355.2856736760,350.0000000000,0.2462519482
daily,JPM,2026-09-02,1530,2026-10-16,0.1205479452,355.2856736760,355.0000000000,0.2421620316
daily,JPM,2026-09-02,1530,2026-10-16,0.1205479452,355.2856736760,360.0000000000,0.2376055791
daily,JPM,2026-09-02,1530,2026-10-16,0.1205479452,355.2856736760,365.0000000000,0.2342151799
daily,JPM,2026-09-02,1530,2026-10-16,0.1205479452,355.2856736760,370.0000000000,0.2316942828
daily,JPM,2026-09-02,1530,2026-10-16,0.1205479452,355.2856736760,375.0000000000,0.2282210430
daily,JPM,2026-09-02,1530,2026-10-16,0.1205479452,355.2856736760,380.0000000000,0.2254241859
daily,JPM,2026-09-02,1530,2026-10-16,0.1205479452,355.2856736760,385.0000000000,0.2258625836
daily,JPM,2026-09-02,1530,2026-10-16,0.1205479452,355.2856736760,390.0000000000,0.2265719104
daily,JPM,2026-09-02,1530,2026-11-20,0.2164383562,356.5577654761,275.0000000000,0.3247628059
daily,JPM,2026-09-02,1530,2026-11-20,0.2164383562,356.5577654761,285.0000000000,0.3119167528
daily,JPM,2026-09-02,1530,2026-11-20,0.2164383562,356.5577654761,290.0000000000,0.3045612711
daily,JPM,2026-09-02,1530,2026-11-20,0.2164383562,356.5577654761,295.0000000000,0.2965236442
daily,JPM,2026-09-02,1530,2026-11-20,0.2164383562,356.5577654761,300.0000000000,0.2884488950
daily,JPM,2026-09-02,1530,2026-11-20,0.2164383562,356.5577654761,305.0000000000,0.2857497362
daily,JPM,2026-09-02,1530,2026-11-20,0.2164383562,356.5577654761,310.0000000000,0.2801294797
daily,JPM,2026-09-02,1530,2026-11-20,0.2164383562,356.5577654761,315.0000000000,0.2738882578
daily,JPM,2026-09-02,1530,2026-11-20,0.2164383562,356.5577654761,320.0000000000,0.2662112832
daily,JPM,2026-09-02,1530,2026-11-20,0.2164383562,356.5577654761,325.0000000000,0.2617864690
daily,JPM,2026-09-02,1530,2026-11-20,0.2164383562,356.5577654761,330.0000000000,0.2569465150
daily,JPM,2026-09-02,1530,2026-11-20,0.2164383562,356.5577654761,335.0000000000,0.2532209210
daily,JPM,2026-09-02,1530,2026-11-20,0.2164383562,356.5577654761,340.0000000000,0.2486000776
daily,JPM,2026-09-02,1530,2026-11-20,0.2164383562,356.5577654761,345.0000000000,0.2446976281
daily,JPM,2026-09-02,1530,2026-11-20,0.2164383562,356.5577654761,350.0000000000,0.2408305548
daily,JPM,2026-09-02,1530,2026-11-20,0.2164383562,356.5577654761,355.0000000000,0.2375459971
daily,JPM,2026-09-02,1530,2026-11-20,0.2164383562,356.5577654761,360.0000000000,0.2341084787
daily,JPM,2026-09-02,1530,2026-11-20,0.2164383562,356.5577654761,365.0000000000,0.2314606759
daily,JPM,2026-09-02,1530,2026-11-20,0.2164383562,356.5577654761,370.0000000000,0.2288463577
daily,JPM,2026-09-02,1530,2026-11-20,0.2164383562,356.5577654761,375.0000000000,0.2271984748
daily,JPM,2026-09-02,1530,2026-11-20,0.2164383562,356.5577654761,380.0000000000,0.2227143462
daily,JPM,2026-09-02,1530,2026-11-20,0.2164383562,356.5577654761,385.0000000000,0.2208766353
daily,JPM,2026-09-02,1530,2026-11-20,0.2164383562,356.5577654761,390.0000000000,0.2196030356
daily,JPM,2026-09-02,1530,2026-11-20,0.2164383562,356.5577654761,395.0000000000,0.2190794587
daily,JPM,2026-09-02,1530,2026-11-20,0.2164383562,356.5577654761,400.0000000000,0.2170201411
daily,JPM,2026-09-02,1530,2026-11-20,0.2164383562,356.5577654761,405.0000000000,0.2145792025
daily,JPM,2026-09-02,1530,2026-11-20,0.2164383562,356.5577654761,410.0000000000,0.2160661301
daily,JPM,2026-09-02,1530,2026-12-18,0.2931506849,357.7981400788,250.0000000000,0.3520725564
daily,JPM,2026-09-02,1530,2026-12-18,0.2931506849,357.7981400788,255.0000000000,0.3431696088
daily,JPM,2026-09-02,1530,2026-12-18,0.2931506849,357.7981400788,260.0000000000,0.3351506624
daily,JPM,2026-09-02,1530,2026-12-18,0.2931506849,357.7981400788,265.0000000000,0.3290517459
daily,JPM,2026-09-02,1530,2026-12-18,0.2931506849,357.7981400788,270.0000000000,0.3216978649
daily,JPM,2026-09-02,1530,2026-12-18,0.2931506849,357.7981400788,275.0000000000,0.3150107150
daily,JPM,2026-09-02,1530,2026-12-18,0.2931506849,357.7981400788,280.0000000000,0.3074011262
daily,JPM,2026-09-02,1530,2026-12-18,0.2931506849,357.7981400788,285.0000000000,0.3022703233
daily,JPM,2026-09-02,1530,2026-12-18,0.2931506849,357.7981400788,290.0000000000,0.2953385507
daily,JPM,2026-09-02,1530,2026-12-18,0.2931506849,357.7981400788,295.0000000000,0.2893658992
daily,JPM,2026-09-02,1530,2026-12-18,0.2931506849,357.7981400788,300.0000000000,0.2834021434
daily,JPM,2026-09-02,1530,2026-12-18,0.2931506849,357.7981400788,305.0000000000,0.2786262303
daily,JPM,2026-09-02,1530,2026-12-18,0.2931506849,357.7981400788,310.0000000000,0.2718483451
daily,JPM,2026-09-02,1530,2026-12-18,0.2931506849,357.7981400788,315.0000000000,0.2653550787
daily,JPM,2026-09-02,1530,2026-12-18,0.2931506849,357.7981400788,320.0000000000,0.2603689601
daily,JPM,2026-09-02,1530,2026-12-18,0.2931506849,357.7981400788,325.0000000000,0.2558140267
daily,JPM,2026-09-02,1530,2026-12-18,0.2931506849,357.7981400788,330.0000000000,0.2521828459
daily,JPM,2026-09-02,1530,2026-12-18,0.2931506849,357.7981400788,335.0000000000,0.2486282847
daily,JPM,2026-09-02,1530,2026-12-18,0.2931506849,357.7981400788,340.0000000000,0.2428577892
daily,JPM,2026-09-02,1530,2026-12-18,0.2931506849,357.7981400788,345.0000000000,0.2423321850
daily,JPM,2026-09-02,1530,2026-12-18,0.2931506849,357.7981400788,350.0000000000,0.2389827214
daily,JPM,2026-09-02,1530,2026-12-18,0.2931506849,357.7981400788,355.0000000000,0.2382713230
daily,JPM,2026-09-02,1530,2026-12-18,0.2931506849,357.7981400788,360.0000000000,0.2347637816
daily,JPM,2026-09-02,1530,2026-12-18,0.2931506849,357.7981400788,365.0000000000,0.2299465294
daily,JPM,2026-09-02,1530,2026-12-18,0.2931506849,357.7981400788,370.0000000000,0.2287051943
daily,JPM,2026-09-02,1530,2026-12-18,0.2931506849,357.7981400788,375.0000000000,0.2254514502
daily,JPM,2026-09-02,1530,2026-12-18,0.2931506849,357.7981400788,380.0000000000,0.2232495989
daily,JPM,2026-09-02,1530,2026-12-18,0.2931506849,357.7981400788,385.0000000000,0.2228001459
daily,JPM,2026-09-02,1530,2026-12-18,0.2931506849,357.7981400788,390.0000000000,0.2215061784
daily,JPM,2026-09-02,1530,2026-12-18,0.2931506849,357.7981400788,395.0000000000,0.2189148951
daily,JPM,2026-09-02,1530,2026-12-18,0.2931506849,357.7981400788,400.0000000000,0.2178370228
daily,JPM,2026-09-02,1530,2026-12-18,0.2931506849,357.7981400788,405.0000000000,0.2176893504
daily,JPM,2026-09-02,1530,2027-01-15,0.3698630137,358.1993434651,250.0000000000,0.3428934844
daily,JPM,2026-09-02,1530,2027-01-15,0.3698630137,358.1993434651,260.0000000000,0.3312956272
daily,JPM,2026-09-02,1530,2027-01-15,0.3698630137,358.1993434651,270.0000000000,0.3182656209
daily,JPM,2026-09-02,1530,2027-01-15,0.3698630137,358.1993434651,280.0000000000,0.3077575830
daily,JPM,2026-09-02,1530,2027-01-15,0.3698630137,358.1993434651,290.0000000000,0.2976776227
daily,JPM,2026-09-02,1530,2027-01-15,0.3698630137,358.1993434651,300.0000000000,0.2877764327
daily,JPM,2026-09-02,1530,2027-01-15,0.3698630137,358.1993434651,310.0000000000,0.2772331624
daily,JPM,2026-09-02,1530,2027-01-15,0.3698630137,358.1993434651,320.0000000000,0.2689144641
daily,JPM,2026-09-02,1530,2027-01-15,0.3698630137,358.1993434651,330.0000000000,0.2586962234
daily,JPM,2026-09-02,1530,2027-01-15,0.3698630137,358.1993434651,340.0000000000,0.2506750771
daily,JPM,2026-09-02,1530,2027-01-15,0.3698630137,358.1993434651,350.0000000000,0.2472407718
daily,JPM,2026-09-02,1530,2027-01-15,0.3698630137,358.1993434651,360.0000000000,0.2406732320
daily,JPM,2026-09-02,1530,2027-01-15,0.3698630137,358.1993434651,370.0000000000,0.2353285689
daily,JPM,2026-09-02,1530,2027-01-15,0.3698630137,358.1993434651,380.0000000000,0.2294574880
daily,JPM,2026-09-02,1530,2027-01-15,0.3698630137,358.1993434651,390.0000000000,0.2307208620
daily,JPM,2026-09-02,1530,2027-01-15,0.3698630137,358.1993434651,400.0000000000,0.2274007557
daily,JPM,2026-09-02,1530,2027-01-15,0.3698630137,358.1993434651,410.0000000000,0.2266640957
daily,JPM,2026-09-02,1530,2027-01-15,0.3698630137,358.1993434651,420.0000000000,0.2248263274
daily,JPM,2026-09-02,1530,2027-01-15,0.3698630137,358.1993434651,430.0000000000,0.2279246700
daily,JPM,2026-09-02,1530,2027-01-15,0.3698630137,358.1993434651,440.0000000000,0.2264236197
daily,JPM,2026-09-02,1530,2027-03-19,0.5424657534,360.1826294380,260.0000000000,0.3124196317
daily,JPM,2026-09-02,1530,2027-03-19,0.5424657534,360.1826294380,265.0000000000,0.3086602485
daily,JPM,2026-09-02,1530,2027-03-19,0.5424657534,360.1826294380,275.0000000000,0.2997252450
daily,JPM,2026-09-02,1530,2027-03-19,0.5424657534,360.1826294380,280.0000000000,0.2937112287
daily,JPM,2026-09-02,1530,2027-03-19,0.5424657534,360.1826294380,285.0000000000,0.2868578205
daily,JPM,2026-09-02,1530,2027-03-19,0.5424657534,360.1826294380,290.0000000000,0.2846119618
daily,JPM,2026-09-02,1530,2027-03-19,0.5424657534,360.1826294380,295.0000000000,0.2811324070
daily,JPM,2026-09-02,1530,2027-03-19,0.5424657534,360.1826294380,300.0000000000,0.2764287957
daily,JPM,2026-09-02,1530,2027-03-19,0.5424657534,360.1826294380,305.0000000000,0.2758980547
daily,JPM,2026-09-02,1530,2027-03-19,0.5424657534,360.1826294380,310.0000000000,0.2737629982
daily,JPM,2026-09-02,1530,2027-03-19,0.5424657534,360.1826294380,315.0000000000,0.2702408499
daily,JPM,2026-09-02,1530,2027-03-19,0.5424657534,360.1826294380,320.0000000000,0.2675060244
daily,JPM,2026-09-02,1530,2027-03-19,0.5424657534,360.1826294380,325.0000000000,0.2641376088
daily,JPM,2026-09-02,1530,2027-03-19,0.5424657534,360.1826294380,330.0000000000,0.2599367748
daily,JPM,2026-09-02,1530,2027-03-19,0.5424657534,360.1826294380,335.0000000000,0.2545091177
daily,JPM,2026-09-02,1530,2027-03-19,0.5424657534,360.1826294380,340.0000000000,0.2553295338
daily,JPM,2026-09-02,1530,2027-03-19,0.5424657534,360.1826294380,345.0000000000,0.2545824683
daily,JPM,2026-09-02,1530,2027-03-19,0.5424657534,360.1826294380,350.0000000000,0.2529300571
daily,JPM,2026-09-02,1530,2027-03-19,0.5424657534,360.1826294380,355.0000000000,0.2500934030
daily,JPM,2026-09-02,1530,2027-03-19,0.5424657534,360.1826294380,360.0000000000,0.2476569534
daily,JPM,2026-09-02,1530,2027-03-19,0.5424657534,360.1826294380,365.0000000000,0.2452477128
daily,JPM,2026-09-02,1530,2027-03-19,0.5424657534,360.1826294380,370.0000000000,0.2426794018
daily,JPM,2026-09-02,1530,2027-03-19,0.5424657534,360.1826294380,375.0000000000,0.2416144870
daily,JPM,2026-09-02,1530,2027-03-19,0.5424657534,360.1826294380,380.0000000000,0.2395664924
daily,JPM,2026-09-02,1530,2027-03-19,0.5424657534,360.1826294380,385.0000000000,0.2360909683
daily,JPM,2026-09-02,1530,2027-03-19,0.5424657534,360.1826294380,390.0000000000,0.2354022911
daily,JPM,2026-09-02,1530,2027-03-19,0.5424657534,360.1826294380,395.0000000000,0.2350917349
daily,JPM,2026-09-02,1530,2027-03-19,0.5424657534,360.1826294380,400.0000000000,0.2334570341
daily,JPM,2026-09-02,1530,2027-03-19,0.5424657534,360.1826294380,405.0000000000,0.2309128646
daily,JPM,2026-09-02,1530,2027-03-19,0.5424657534,360.1826294380,410.0000000000,0.2312765441
daily,JPM,2026-09-02,1530,2027-03-19,0.5424657534,360.1826294380,415.0000000000,0.2318124679
daily,JPM,2026-09-02,1530,2027-03-19,0.5424657534,360.1826294380,420.0000000000,0.2320445576
daily,JPM,2026-09-02,1530,2027-03-19,0.5424657534,360.1826294380,425.0000000000,0.2311083796
daily,JPM,2026-09-02,1530,2027-03-19,0.5424657534,360.1826294380,430.0000000000,0.2288600517
daily,JPM,2026-09-02,1530,2027-03-19,0.5424657534,360.1826294380,435.0000000000,0.2292952580
daily,JPM,2026-09-02,1530,2027-03-19,0.5424657534,360.1826294380,440.0000000000,0.2295992778
daily,JPM,2026-09-02,1530,2027-03-19,0.5424657534,360.1826294380,450.0000000000,0.2268122292
daily,JPM,2026-09-02,1530,2027-03-19,0.5424657534,360.1826294380,455.0000000000,0.2281771906
daily,JPM,2026-09-02,1530,2027-03-19,0.5424657534,360.1826294380,460.0000000000,0.2287214409
daily,JPM,2026-09-02,1530,2027-03-19,0.5424657534,360.1826294380,465.0000000000,0.2283259292
daily,JPM,2026-09-02,1530,2027-03-19,0.5424657534,360.1826294380,470.0000000000,0.2268117691
daily,JPM,2026-09-02,1530,2027-06-17,0.7890410959,363.1212926492,260.0000000000,0.3032228719
daily,JPM,2026-09-02,1530,2027-06-17,0.7890410959,363.1212926492,265.0000000000,0.3009653857
daily,JPM,2026-09-02,1530,2027-06-17,0.7890410959,363.1212926492,275.0000000000,0.2935414439
daily,JPM,2026-09-02,1530,2027-06-17,0.7890410959,363.1212926492,280.0000000000,0.2886453705
daily,JPM,2026-09-02,1530,2027-06-17,0.7890410959,363.1212926492,285.0000000000,0.2839304343
daily,JPM,2026-09-02,1530,2027-06-17,0.7890410959,363.1212926492,290.0000000000,0.2812378207
daily,JPM,2026-09-02,1530,2027-06-17,0.7890410959,363.1212926492,295.0000000000,0.2776231676
daily,JPM,2026-09-02,1530,2027-06-17,0.7890410959,363.1212926492,300.0000000000,0.2731902704
daily,JPM,2026-09-02,1530,2027-06-17,0.7890410959,363.1212926492,305.0000000000,0.2707840276
daily,JPM,2026-09-02,1530,2027-06-17,0.7890410959,363.1212926492,310.0000000000,0.2674350860
daily,JPM,2026-09-02,1530,2027-06-17,0.7890410959,363.1212926492,315.0000000000,0.2669178942
daily,JPM,2026-09-02,1530,2027-06-17,0.7890410959,363.1212926492,320.0000000000,0.2653039604
daily,JPM,2026-09-02,1530,2027-06-17,0.7890410959,363.1212926492,330.0000000000,0.2613844829
daily,JPM,2026-09-02,1530,2027-06-17,0.7890410959,363.1212926492,340.0000000000,0.2585978033
daily,JPM,2026-09-02,1530,2027-06-17,0.7890410959,363.1212926492,350.0000000000,0.2551824302
daily,JPM,2026-09-02,1530,2027-06-17,0.7890410959,363.1212926492,360.0000000000,0.2486327773
daily,JPM,2026-09-02,1530,2027-06-17,0.7890410959,363.1212926492,370.0000000000,0.2452996702
daily,JPM,2026-09-02,1530,2027-06-17,0.7890410959,363.1212926492,380.0000000000,0.2455755273
daily,JPM,2026-09-02,1530,2027-06-17,0.7890410959,363.1212926492,390.0000000000,0.2422162249
daily,JPM,2026-09-02,1530,2027-06-17,0.7890410959,363.1212926492,400.0000000000,0.2368405173
daily,JPM,2026-09-02,1530,2027-06-17,0.7890410959,363.1212926492,410.0000000000,0.2359629511
daily,JPM,2026-09-02,1530,2027-06-17,0.7890410959,363.1212926492,420.0000000000,0.2315666627
daily,JPM,2026-09-02,1530,2027-06-17,0.7890410959,363.1212926492,430.0000000000,0.2323681017
daily,JPM,2026-09-02,1530,2027-06-17,0.7890410959,363.1212926492,440.0000000000,0.2338899670
daily,JPM,2026-09-02,1530,2027-06-17,0.7890410959,363.1212926492,450.0000000000,0.2326241538
daily,JPM,2026-09-02,1530,2027-06-17,0.7890410959,363.1212926492,460.0000000000,0.2361543584
daily,JPM,2026-09-02,1530,2027-06-17,0.7890410959,363.1212926492,480.0000000000,0.2369064689
daily,JPM,2026-09-02,1530,2027-06-17,0.7890410959,363.1212926492,520.0000000000,0.2355209873
daily,JPM,2026-09-02,1530,2027-09-17,1.0410958904,366.6025671017,230.0000000000,0.3264912690
daily,JPM,2026-09-02,1530,2027-09-17,1.0410958904,366.6025671017,240.0000000000,0.3156054824
daily,JPM,2026-09-02,1530,2027-09-17,1.0410958904,366.6025671017,255.0000000000,0.3047926459
daily,JPM,2026-09-02,1530,2027-09-17,1.0410958904,366.6025671017,260.0000000000,0.3015605069
daily,JPM,2026-09-02,1530,2027-09-17,1.0410958904,366.6025671017,270.0000000000,0.2951484013
daily,JPM,2026-09-02,1530,2027-09-17,1.0410958904,366.6025671017,275.0000000000,0.2921810809
daily,JPM,2026-09-02,1530,2027-09-17,1.0410958904,366.6025671017,280.0000000000,0.2885415494
daily,JPM,2026-09-02,1530,2027-09-17,1.0410958904,366.6025671017,285.0000000000,0.2843040910
daily,JPM,2026-09-02,1530,2027-09-17,1.0410958904,366.6025671017,290.0000000000,0.2806880893
daily,JPM,2026-09-02,1530,2027-09-17,1.0410958904,366.6025671017,295.0000000000,0.2794019544
daily,JPM,2026-09-02,1530,2027-09-17,1.0410958904,366.6025671017,300.0000000000,0.2773039410
daily,JPM,2026-09-02,1530,2027-09-17,1.0410958904,366.6025671017,305.0000000000,0.2744792196
daily,JPM,2026-09-02,1530,2027-09-17,1.0410958904,366.6025671017,310.0000000000,0.2709930182
daily,JPM,2026-09-02,1530,2027-09-17,1.0410958904,366.6025671017,315.0000000000,0.2679624706
daily,JPM,2026-09-02,1530,2027-09-17,1.0410958904,366.6025671017,320.0000000000,0.2642854183
daily,JPM,2026-09-02,1530,2027-09-17,1.0410958904,366.6025671017,330.0000000000,0.2601923966
daily,JPM,2026-09-02,1530,2027-09-17,1.0410958904,366.6025671017,340.0000000000,0.2559713593
daily,JPM,2026-09-02,1530,2027-09-17,1.0410958904,366.6025671017,350.0000000000,0.2542695497
daily,JPM,2026-09-02,1530,2027-09-17,1.0410958904,366.6025671017,360.0000000000,0.2496830844
daily,JPM,2026-09-02,1530,2027-09-17,1.0410958904,366.6025671017,370.0000000000,0.2440390282
daily,JPM,2026-09-02,1530,2027-09-17,1.0410958904,366.6025671017,380.0000000000,0.2451414871
daily,JPM,2026-09-02,1530,2027-09-17,1.0410958904,366.6025671017,390.0000000000,0.2435158431
daily,JPM,2026-09-02,1530,2027-09-17,1.0410958904,366.6025671017,400.0000000000,0.2392049448
daily,JPM,2026-09-02,1530,2027-09-17,1.0410958904,366.6025671017,410.0000000000,0.2375636453
daily,JPM,2026-09-02,1530,2027-09-17,1.0410958904,366.6025671017,420.0000000000,0.2332938864
daily,JPM,2026-09-02,1530,2027-09-17,1.0410958904,366.6025671017,430.0000000000,0.2354953199
daily,JPM,2026-09-02,1530,2027-09-17,1.0410958904,366.6025671017,440.0000000000,0.2356021345
daily,JPM,2026-09-02,1530,2027-09-17,1.0410958904,366.6025671017,450.0000000000,0.2334695900
daily,JPM,2026-09-02,1530,2027-09-17,1.0410958904,366.6025671017,460.0000000000,0.2355846521
daily,JPM,2026-09-02,1530,2027-09-17,1.0410958904,366.6025671017,470.0000000000,0.2359470338
daily,JPM,2026-09-02,1530,2027-09-17,1.0410958904,366.6025671017,480.0000000000,0.2343606636
daily,JPM,2026-09-02,1530,2027-09-17,1.0410958904,366.6025671017,540.0000000000,0.2398212527
daily,JPM,2026-09-02,1530,2027-12-17,1.2904109589,369.1937247361,230.0000000000,0.3227223510
daily,JPM,2026-09-02,1530,2027-12-17,1.2904109589,369.1937247361,250.0000000000,0.3060023140
daily,JPM,2026-09-02,1530,2027-12-17,1.2904109589,369.1937247361,260.0000000000,0.2999769896
daily,JPM,2026-09-02,1530,2027-12-17,1.2904109589,369.1937247361,270.0000000000,0.2937641292
daily,JPM,2026-09-02,1530,2027-12-17,1.2904109589,369.1937247361,280.0000000000,0.2878205064
daily,JPM,2026-09-02,1530,2027-12-17,1.2904109589,369.1937247361,290.0000000000,0.2821889754
daily,JPM,2026-09-02,1530,2027-12-17,1.2904109589,369.1937247361,300.0000000000,0.2806681964
daily,JPM,2026-09-02,1530,2027-12-17,1.2904109589,369.1937247361,310.0000000000,0.2765397602
daily,JPM,2026-09-02,1530,2027-12-17,1.2904109589,369.1937247361,320.0000000000,0.2713623075
daily,JPM,2026-09-02,1530,2027-12-17,1.2904109589,369.1937247361,330.0000000000,0.2641399275
daily,JPM,2026-09-02,1530,2027-12-17,1.2904109589,369.1937247361,340.0000000000,0.2602546546
daily,JPM,2026-09-02,1530,2027-12-17,1.2904109589,369.1937247361,350.0000000000,0.2542022128
daily,JPM,2026-09-02,1530,2027-12-17,1.2904109589,369.1937247361,360.0000000000,0.2532034184
daily,JPM,2026-09-02,1530,2027-12-17,1.2904109589,369.1937247361,370.0000000000,0.2499298269
daily,JPM,2026-09-02,1530,2027-12-17,1.2904109589,369.1937247361,380.0000000000,0.2479087849
daily,JPM,2026-09-02,1530,2027-12-17,1.2904109589,369.1937247361,390.0000000000,0.2453420326
daily,JPM,2026-09-02,1530,2027-12-17,1.2904109589,369.1937247361,400.0000000000,0.2417581415
daily,JPM,2026-09-02,1530,2027-12-17,1.2904109589,369.1937247361,410.0000000000,0.2397027668
daily,JPM,2026-09-02,1530,2027-12-17,1.2904109589,369.1937247361,420.0000000000,0.2386123617
daily,JPM,2026-09-02,1530,2027-12-17,1.2904109589,369.1937247361,430.0000000000,0.2355452486
daily,JPM,2026-09-02,1530,2027-12-17,1.2904109589,369.1937247361,440.0000000000,0.2365008347
daily,JPM,2026-09-02,1530,2027-12-17,1.2904109589,369.1937247361,450.0000000000,0.2357684917
daily,JPM,2026-09-02,1530,2027-12-17,1.2904109589,369.1937247361,460.0000000000,0.2351335090
daily,JPM,2026-09-02,1530,2027-12-17,1.2904109589,369.1937247361,470.0000000000,0.2378608574
daily,JPM,2026-09-02,1530,2027-12-17,1.2904109589,369.1937247361,480.0000000000,0.2393478554
daily,JPM,2026-09-02,1530,2027-12-17,1.2904109589,369.1937247361,490.0000000000,0.2395303524
daily,JPM,2026-09-02,1530,2027-12-17,1.2904109589,369.1937247361,500.0000000000,0.2390950416
daily,JPM,2026-09-02,1530,2027-12-17,1.2904109589,369.1937247361,540.0000000000,0.2400250936
daily,JPM,2026-09-02,1530,2028-01-21,1.3863013699,369.8222916382,230.0000000000,0.3181765677
daily,JPM,2026-09-02,1530,2028-01-21,1.3863013699,369.8222916382,240.0000000000,0.3121704227
daily,JPM,2026-09-02,1530,2028-01-21,1.3863013699,369.8222916382,250.0000000000,0.3057964841
daily,JPM,2026-09-02,1530,2028-01-21,1.3863013699,369.8222916382,260.0000000000,0.3000618857
daily,JPM,2026-09-02,1530,2028-01-21,1.3863013699,369.8222916382,270.0000000000,0.2944033792
daily,JPM,2026-09-02,1530,2028-01-21,1.3863013699,369.8222916382,280.0000000000,0.2886958916
daily,JPM,2026-09-02,1530,2028-01-21,1.3863013699,369.8222916382,290.0000000000,0.2852715087
daily,JPM,2026-09-02,1530,2028-01-21,1.3863013699,369.8222916382,300.0000000000,0.2830035012
daily,JPM,2026-09-02,1530,2028-01-21,1.3863013699,369.8222916382,310.0000000000,0.2785802487
daily,JPM,2026-09-02,1530,2028-01-21,1.3863013699,369.8222916382,320.0000000000,0.2721774884
daily,JPM,2026-09-02,1530,2028-01-21,1.3863013699,369.8222916382,330.0000000000,0.2686779972
daily,JPM,2026-09-02,1530,2028-01-21,1.3863013699,369.8222916382,340.0000000000,0.2636456269
daily,JPM,2026-09-02,1530,2028-01-21,1.3863013699,369.8222916382,350.0000000000,0.2585678339
daily,JPM,2026-09-02,1530,2028-01-21,1.3863013699,369.8222916382,360.0000000000,0.2515818110
daily,JPM,2026-09-02,1530,2028-01-21,1.3863013699,369.8222916382,370.0000000000,0.2515436034
daily,JPM,2026-09-02,1530,2028-01-21,1.3863013699,369.8222916382,380.0000000000,0.2496141187
daily,JPM,2026-09-02,1530,2028-01-21,1.3863013699,369.8222916382,390.0000000000,0.2477251110
daily,JPM,2026-09-02,1530,2028-01-21,1.3863013699,369.8222916382,400.0000000000,0.2438957336
daily,JPM,2026-09-02,1530,2028-01-21,1.3863013699,369.8222916382,410.0000000000,0.2424008656
daily,JPM,2026-09-02,1530,2028-01-21,1.3863013699,369.8222916382,420.0000000000,0.2413331474
daily,JPM,2026-09-02,1530,2028-01-21,1.3863013699,369.8222916382,430.0000000000,0.2411740502
daily,JPM,2026-09-02,1530,2028-01-21,1.3863013699,369.8222916382,440.0000000000,0.2393269621
daily,JPM,2026-09-02,1530,2028-01-21,1.3863013699,369.8222916382,450.0000000000,0.2377421437
daily,JPM,2026-09-02,1530,2028-01-21,1.3863013699,369.8222916382,460.0000000000,0.2385858962
daily,JPM,2026-09-02,1530,2028-01-21,1.3863013699,369.8222916382,470.0000000000,0.2399934281
daily,JPM,2026-09-02,1530,2028-01-21,1.3863013699,369.8222916382,480.0000000000,0.2401221133
daily,JPM,2026-09-02,1530,2028-01-21,1.3863013699,369.8222916382,490.0000000000,0.2388786270
daily,JPM,2026-09-02,1530,2028-01-21,1.3863013699,369.8222916382,500.0000000000,0.2404191339
daily,JPM,2026-09-02,1530,2028-01-21,1.3863013699,369.8222916382,520.0000000000,0.2407450084
daily,JPM,2026-09-02,1530,2028-01-21,1.3863013699,369.8222916382,540.0000000000,0.2381664339
daily,JPM,2026-09-03,1530,2026-09-11,0.0219178082,362.6280330494,352.5000000000,0.2039512149
daily,JPM,2026-09-03,1530,2026-09-11,0.0219178082,362.6280330494,355.0000000000,0.2003769914
daily,JPM,2026-09-03,1530,2026-09-11,0.0219178082,362.6280330494,357.5000000000,0.1978504185
daily,JPM,2026-09-03,1530,2026-09-11,0.0219178082,362.6280330494,360.0000000000,0.1937004858
daily,JPM,2026-09-03,1530,2026-09-11,0.0219178082,362.6280330494,362.5000000000,0.1911576662
daily,JPM,2026-09-03,1530,2026-09-11,0.0219178082,362.6280330494,365.0000000000,0.1879737341
daily,JPM,2026-09-03,1530,2026-09-11,0.0219178082,362.6280330494,367.5000000000,0.1875881047
daily,JPM,2026-09-03,1530,2026-09-11,0.0219178082,362.6280330494,370.0000000000,0.1856300372
daily,JPM,2026-09-03,1530,2026-09-11,0.0219178082,362.6280330494,372.5000000000,0.1831470035
daily,JPM,2026-09-03,1530,2026-09-11,0.0219178082,362.6280330494,382.5000000000,0.1866776065
daily,JPM,2026-09-03,1530,2026-09-18,0.0410958904,362.8291301076,330.0000000000,0.2533048074
daily,JPM,2026-09-03,1530,2026-09-18,0.0410958904,362.8291301076,335.0000000000,0.2435900658
daily,JPM,2026-09-03,1530,2026-09-18,0.0410958904,362.8291301076,337.5000000000,0.2391884288
daily,JPM,2026-09-03,1530,2026-09-18,0.0410958904,362.8291301076,340.0000000000,0.2320608544
daily,JPM,2026-09-03,1530,2026-09-18,0.0410958904,362.8291301076,342.5000000000,0.2294541332
daily,JPM,2026-09-03,1530,2026-09-18,0.0410958904,362.8291301076,345.0000000000,0.2228707841
daily,JPM,2026-09-03,1530,2026-09-18,0.0410958904,362.8291301076,347.5000000000,0.2195442127
daily,JPM,2026-09-03,1530,2026-09-18,0.0410958904,362.8291301076,350.0000000000,0.2157560638
daily,JPM,2026-09-03,1530,2026-09-18,0.0410958904,362.8291301076,352.5000000000,0.2112161356
daily,JPM,2026-09-03,1530,2026-09-18,0.0410958904,362.8291301076,355.0000000000,0.2070999566
daily,JPM,2026-09-03,1530,2026-09-18,0.0410958904,362.8291301076,357.5000000000,0.2042482448
daily,JPM,2026-09-03,1530,2026-09-18,0.0410958904,362.8291301076,360.0000000000,0.2030160449
daily,JPM,2026-09-03,1530,2026-09-18,0.0410958904,362.8291301076,362.5000000000,0.1997146815
daily,JPM,2026-09-03,1530,2026-09-18,0.0410958904,362.8291301076,365.0000000000,0.1979990391
daily,JPM,2026-09-03,1530,2026-09-18,0.0410958904,362.8291301076,367.5000000000,0.1944290524
daily,JPM,2026-09-03,1530,2026-09-18,0.0410958904,362.8291301076,370.0000000000,0.1915108473
daily,JPM,2026-09-03,1530,2026-09-18,0.0410958904,362.8291301076,372.5000000000,0.1860954362
daily,JPM,2026-09-03,1530,2026-09-18,0.0410958904,362.8291301076,375.0000000000,0.1902356245
daily,JPM,2026-09-03,1530,2026-09-18,0.0410958904,362.8291301076,377.5000000000,0.1890684956
daily,JPM,2026-09-03,1530,2026-09-18,0.0410958904,362.8291301076,380.0000000000,0.1885585924
daily,JPM,2026-09-03,1530,2026-09-18,0.0410958904,362.8291301076,385.0000000000,0.1873146891
daily,JPM,2026-09-03,1530,2026-09-25,0.0602739726,362.8595566674,330.0000000000,0.2455375077
daily,JPM,2026-09-03,1530,2026-09-25,0.0602739726,362.8595566674,340.0000000000,0.2283459838
daily,JPM,2026-09-03,1530,2026-09-25,0.0602739726,362.8595566674,345.0000000000,0.2200693174
daily,JPM,2026-09-03,1530,2026-09-25,0.0602739726,362.8595566674,350.0000000000,0.2118225454
daily,JPM,2026-09-03,1530,2026-09-25,0.0602739726,362.8595566674,355.0000000000,0.2054250562
daily,JPM,2026-09-03,1530,2026-09-25,0.0602739726,362.8595566674,360.0000000000,0.1988901346
daily,JPM,2026-09-03,1530,2026-09-25,0.0602739726,362.8595566674,365.0000000000,0.2041441509
daily,JPM,2026-09-03,1530,2026-09-25,0.0602739726,362.8595566674,370.0000000000,0.1966030298
daily,JPM,2026-09-03,1530,2026-09-25,0.0602739726,362.8595566674,375.0000000000,0.1935681312
daily,JPM,2026-09-03,1530,2026-09-25,0.0602739726,362.8595566674,380.0000000000,0.1904487014
daily,JPM,2026-09-03,1530,2026-10-02,0.0794520548,363.4933394038,330.0000000000,0.2424442938
daily,JPM,2026-09-03,1530,2026-10-02,0.0794520548,363.4933394038,335.0000000000,0.2351059289
daily,JPM,2026-09-03,1530,2026-10-02,0.0794520548,363.4933394038,340.0000000000,0.2276096386
daily,JPM,2026-09-03,1530,2026-10-02,0.0794520548,363.4933394038,345.0000000000,0.2209353616
daily,JPM,2026-09-03,1530,2026-10-02,0.0794520548,363.4933394038,350.0000000000,0.2148942284
daily,JPM,2026-09-03,1530,2026-10-02,0.0794520548,363.4933394038,355.0000000000,0.2106006412
daily,JPM,2026-09-03,1530,2026-10-02,0.0794520548,363.4933394038,360.0000000000,0.2059915636
daily,JPM,2026-09-03,1530,2026-10-02,0.0794520548,363.4933394038,365.0000000000,0.2000855407
daily,JPM,2026-09-03,1530,2026-10-02,0.0794520548,363.4933394038,370.0000000000,0.1959314456
daily,JPM,2026-09-03,1530,2026-10-02,0.0794520548,363.4933394038,375.0000000000,0.1929065754
daily,JPM,2026-09-03,1530,2026-10-02,0.0794520548,363.4933394038,380.0000000000,0.1911662127
daily,JPM,2026-09-03,1530,2026-10-02,0.0794520548,363.4933394038,385.0000000000,0.1867570228
daily,JPM,2026-09-03,1530,2026-10-09,0.0986301370,362.1130278348,340.0000000000,0.2249115099
daily,JPM,2026-09-03,1530,2026-10-09,0.0986301370,362.1130278348,345.0000000000,0.2206175021
daily,JPM,2026-09-03,1530,2026-10-09,0.0986301370,362.1130278348,350.0000000000,0.2173835059
daily,JPM,2026-09-03,1530,2026-10-09,0.0986301370,362.1130278348,355.0000000000,0.2156121147
daily,JPM,2026-09-03,1530,2026-10-09,0.0986301370,362.1130278348,360.0000000000,0.2083355792
daily,JPM,2026-09-03,1530,2026-10-09,0.0986301370,362.1130278348,365.0000000000,0.2015489388
daily,JPM,2026-09-03,1530,2026-10-09,0.0986301370,362.1130278348,370.0000000000,0.1971913570
daily,JPM,2026-09-03,1530,2026-10-09,0.0986301370,362.1130278348,375.0000000000,0.1940495897
daily,JPM,2026-09-03,1530,2026-10-09,0.0986301370,362.1130278348,380.0000000000,0.1930473024
daily,JPM,2026-09-03,1530,2026-10-16,0.1178082192,362.5096735531,300.0000000000,0.3136912950
daily,JPM,2026-09-03,1530,2026-10-16,0.1178082192,362.5096735531,310.0000000000,0.2966515249
daily,JPM,2026-09-03,1530,2026-10-16,0.1178082192,362.5096735531,315.0000000000,0.2867829961
daily,JPM,2026-09-03,1530,2026-10-16,0.1178082192,362.5096735531,320.0000000000,0.2825666586
daily,JPM,2026-09-03,1530,2026-10-16,0.1178082192,362.5096735531,325.0000000000,0.2746985724
daily,JPM,2026-09-03,1530,2026-10-16,0.1178082192,362.5096735531,330.0000000000,0.2662008925
daily,JPM,2026-09-03,1530,2026-10-16,0.1178082192,362.5096735531,335.0000000000,0.2628971812
daily,JPM,2026-09-03,1530,2026-10-16,0.1178082192,362.5096735531,340.0000000000,0.2558011268
daily,JPM,2026-09-03,1530,2026-10-16,0.1178082192,362.5096735531,345.0000000000,0.2499135177
daily,JPM,2026-09-03,1530,2026-10-16,0.1178082192,362.5096735531,350.0000000000,0.2476131531
daily,JPM,2026-09-03,1530,2026-10-16,0.1178082192,362.5096735531,355.0000000000,0.2434055139
daily,JPM,2026-09-03,1530,2026-10-16,0.1178082192,362.5096735531,360.0000000000,0.2381666334
daily,JPM,2026-09-03,1530,2026-10-16,0.1178082192,362.5096735531,365.0000000000,0.2339449246
daily,JPM,2026-09-03,1530,2026-10-16,0.1178082192,362.5096735531,370.0000000000,0.2295554111
daily,JPM,2026-09-03,1530,2026-10-16,0.1178082192,362.5096735531,375.0000000000,0.2267466547
daily,JPM,2026-09-03,1530,2026-10-16,0.1178082192,362.5096735531,380.0000000000,0.2236424202
daily,JPM,2026-09-03,1530,2026-10-16,0.1178082192,362.5096735531,385.0000000000,0.2209078992
daily,JPM,2026-09-03,1530,2026-10-16,0.1178082192,362.5096735531,390.0000000000,0.2209163279
daily,JPM,2026-09-03,1530,2026-10-16,0.1178082192,362.5096735531,395.0000000000,0.2197445977
daily,JPM,2026-09-03,1530,2026-10-16,0.1178082192,362.5096735531,405.0000000000,0.2184387996
daily,JPM,2026-09-03,1530,2026-10-23,0.1369863014,362.0437648634,299.6144306839,0.2909053395
daily,JPM,2026-09-03,1530,2026-10-23,0.1369863014,362.0437648634,309.6015783734,0.2751033068
daily,JPM,2026-09-03,1530,2026-10-23,0.1369863014,362.0437648634,314.5951522181,0.2659516097
daily,JPM,2026-09-03,1530,2026-10-23,0.1369863014,362.0437648634,319.5887260629,0.2620415391
daily,JPM,2026-09-03,1530,2026-10-23,0.1369863014,362.0437648634,335.0000000000,0.2589941044
daily,JPM,2026-09-03,1530,2026-10-23,0.1369863014,362.0437648634,355.0000000000,0.2416938123
daily,JPM,2026-09-03,1530,2026-10-23,0.1369863014,362.0437648634,360.0000000000,0.2384646077
daily,JPM,2026-09-03,1530,2026-10-23,0.1369863014,362.0437648634,365.0000000000,0.2317629682
daily,JPM,2026-09-03,1530,2026-10-23,0.1369863014,362.0437648634,370.0000000000,0.2318786850
daily,JPM,2026-09-03,1530,2026-11-20,0.2136986301,363.9740877856,280.0000000000,0.3184423821
daily,JPM,2026-09-03,1530,2026-11-20,0.2136986301,363.9740877856,285.0000000000,0.3129967907
daily,JPM,2026-09-03,1530,2026-11-20,0.2136986301,363.9740877856,290.0000000000,0.3053605514
daily,JPM,2026-09-03,1530,2026-11-20,0.2136986301,363.9740877856,295.0000000000,0.2960422514
daily,JPM,2026-09-03,1530,2026-11-20,0.2136986301,363.9740877856,300.0000000000,0.2909877085
daily,JPM,2026-09-03,1530,2026-11-20,0.2136986301,363.9740877856,305.0000000000,0.2837731117
daily,JPM,2026-09-03,1530,2026-11-20,0.2136986301,363.9740877856,310.0000000000,0.2816276173
daily,JPM,2026-09-03,1530,2026-11-20,0.2136986301,363.9740877856,320.0000000000,0.2684339268
daily,JPM,2026-09-03,1530,2026-11-20,0.2136986301,363.9740877856,325.0000000000,0.2613730633
daily,JPM,2026-09-03,1530,2026-11-20,0.2136986301,363.9740877856,330.0000000000,0.2573639410
daily,JPM,2026-09-03,1530,2026-11-20,0.2136986301,363.9740877856,335.0000000000,0.2508466435
daily,JPM,2026-09-03,1530,2026-11-20,0.2136986301,363.9740877856,340.0000000000,0.2478178690
daily,JPM,2026-09-03,1530,2026-11-20,0.2136986301,363.9740877856,345.0000000000,0.2428027163
daily,JPM,2026-09-03,1530,2026-11-20,0.2136986301,363.9740877856,350.0000000000,0.2403316033
daily,JPM,2026-09-03,1530,2026-11-20,0.2136986301,363.9740877856,355.0000000000,0.2366637865
daily,JPM,2026-09-03,1530,2026-11-20,0.2136986301,363.9740877856,360.0000000000,0.2332089497
daily,JPM,2026-09-03,1530,2026-11-20,0.2136986301,363.9740877856,365.0000000000,0.2308000843
daily,JPM,2026-09-03,1530,2026-11-20,0.2136986301,363.9740877856,370.0000000000,0.2277244343
daily,JPM,2026-09-03,1530,2026-11-20,0.2136986301,363.9740877856,375.0000000000,0.2230484116
daily,JPM,2026-09-03,1530,2026-11-20,0.2136986301,363.9740877856,380.0000000000,0.2201919012
daily,JPM,2026-09-03,1530,2026-11-20,0.2136986301,363.9740877856,385.0000000000,0.2178290198
daily,JPM,2026-09-03,1530,2026-11-20,0.2136986301,363.9740877856,390.0000000000,0.2176508053
daily,JPM,2026-09-03,1530,2026-11-20,0.2136986301,363.9740877856,395.0000000000,0.2161561948
daily,JPM,2026-09-03,1530,2026-11-20,0.2136986301,363.9740877856,400.0000000000,0.2149887288
daily,JPM,2026-09-03,1530,2026-11-20,0.2136986301,363.9740877856,405.0000000000,0.2124911388
daily,JPM,2026-09-03,1530,2026-11-20,0.2136986301,363.9740877856,410.0000000000,0.2132257620
daily,JPM,2026-09-03,1530,2026-11-20,0.2136986301,363.9740877856,415.0000000000,0.2114010819
daily,JPM,2026-09-03,1530,2026-11-20,0.2136986301,363.9740877856,420.0000000000,0.2107424919
daily,JPM,2026-09-03,1530,2026-11-20,0.2136986301,363.9740877856,430.0000000000,0.2116576611
daily,JPM,2026-09-03,1530,2026-12-18,0.2904109589,365.0809819628,280.0000000000,0.3064973750
daily,JPM,2026-09-03,1530,2026-12-18,0.2904109589,365.0809819628,295.0000000000,0.2873468180
daily,JPM,2026-09-03,1530,2026-12-18,0.2904109589,365.0809819628,300.0000000000,0.2823803661
daily,JPM,2026-09-03,1530,2026-12-18,0.2904109589,365.0809819628,305.0000000000,0.2755839250
daily,JPM,2026-09-03,1530,2026-12-18,0.2904109589,365.0809819628,310.0000000000,0.2727870359
daily,JPM,2026-09-03,1530,2026-12-18,0.2904109589,365.0809819628,315.0000000000,0.2679714356
daily,JPM,2026-09-03,1530,2026-12-18,0.2904109589,365.0809819628,320.0000000000,0.2611811769
daily,JPM,2026-09-03,1530,2026-12-18,0.2904109589,365.0809819628,325.0000000000,0.2563109014
daily,JPM,2026-09-03,1530,2026-12-18,0.2904109589,365.0809819628,330.0000000000,0.2504407303
daily,JPM,2026-09-03,1530,2026-12-18,0.2904109589,365.0809819628,335.0000000000,0.2466533525
daily,JPM,2026-09-03,1530,2026-12-18,0.2904109589,365.0809819628,340.0000000000,0.2441766249
daily,JPM,2026-09-03,1530,2026-12-18,0.2904109589,365.0809819628,345.0000000000,0.2391341321
daily,JPM,2026-09-03,1530,2026-12-18,0.2904109589,365.0809819628,350.0000000000,0.2371062036
daily,JPM,2026-09-03,1530,2026-12-18,0.2904109589,365.0809819628,355.0000000000,0.2325456676
daily,JPM,2026-09-03,1530,2026-12-18,0.2904109589,365.0809819628,360.0000000000,0.2297708480
daily,JPM,2026-09-03,1530,2026-12-18,0.2904109589,365.0809819628,365.0000000000,0.2285832188
daily,JPM,2026-09-03,1530,2026-12-18,0.2904109589,365.0809819628,370.0000000000,0.2272070171
daily,JPM,2026-09-03,1530,2026-12-18,0.2904109589,365.0809819628,375.0000000000,0.2264695602
daily,JPM,2026-09-03,1530,2026-12-18,0.2904109589,365.0809819628,380.0000000000,0.2229392326
daily,JPM,2026-09-03,1530,2026-12-18,0.2904109589,365.0809819628,385.0000000000,0.2216248773
daily,JPM,2026-09-03,1530,2026-12-18,0.2904109589,365.0809819628,390.0000000000,0.2190735439
daily,JPM,2026-09-03,1530,2026-12-18,0.2904109589,365.0809819628,395.0000000000,0.2172542571
daily,JPM,2026-09-03,1530,2026-12-18,0.2904109589,365.0809819628,400.0000000000,0.2149845553
daily,JPM,2026-09-03,1530,2026-12-18,0.2904109589,365.0809819628,405.0000000000,0.2145870016
daily,JPM,2026-09-03,1530,2026-12-18,0.2904109589,365.0809819628,410.0000000000,0.2113977714
daily,JPM,2026-09-03,1530,2026-12-18,0.2904109589,365.0809819628,415.0000000000,0.2125467917
daily,JPM,2026-09-03,1530,2026-12-18,0.2904109589,365.0809819628,420.0000000000,0.2117976430
daily,JPM,2026-09-03,1530,2027-01-15,0.3671232877,364.8651872651,240.0000000000,0.3545538263
daily,JPM,2026-09-03,1530,2027-01-15,0.3671232877,364.8651872651,250.0000000000,0.3460345012
daily,JPM,2026-09-03,1530,2027-01-15,0.3671232877,364.8651872651,270.0000000000,0.3178784834
daily,JPM,2026-09-03,1530,2027-01-15,0.3671232877,364.8651872651,280.0000000000,0.3071734556
daily,JPM,2026-09-03,1530,2027-01-15,0.3671232877,364.8651872651,290.0000000000,0.2982164781
daily,JPM,2026-09-03,1530,2027-01-15,0.3671232877,364.8651872651,300.0000000000,0.2861987823
daily,JPM,2026-09-03,1530,2027-01-15,0.3671232877,364.8651872651,310.0000000000,0.2784406203
daily,JPM,2026-09-03,1530,2027-01-15,0.3671232877,364.8651872651,320.0000000000,0.2679230902
daily,JPM,2026-09-03,1530,2027-01-15,0.3671232877,364.8651872651,330.0000000000,0.2598369337
daily,JPM,2026-09-03,1530,2027-01-15,0.3671232877,364.8651872651,340.0000000000,0.2517701511
daily,JPM,2026-09-03,1530,2027-01-15,0.3671232877,364.8651872651,350.0000000000,0.2444335646
daily,JPM,2026-09-03,1530,2027-01-15,0.3671232877,364.8651872651,360.0000000000,0.2410883855
daily,JPM,2026-09-03,1530,2027-01-15,0.3671232877,364.8651872651,370.0000000000,0.2356353451
daily,JPM,2026-09-03,1530,2027-01-15,0.3671232877,364.8651872651,380.0000000000,0.2327633736
daily,JPM,2026-09-03,1530,2027-01-15,0.3671232877,364.8651872651,390.0000000000,0.2281225962
daily,JPM,2026-09-03,1530,2027-01-15,0.3671232877,364.8651872651,400.0000000000,0.2241823482
daily,JPM,2026-09-03,1530,2027-01-15,0.3671232877,364.8651872651,410.0000000000,0.2218420084
daily,JPM,2026-09-03,1530,2027-01-15,0.3671232877,364.8651872651,420.0000000000,0.2205106754
daily,JPM,2026-09-03,1530,2027-01-15,0.3671232877,364.8651872651,430.0000000000,0.2206408033
daily,JPM,2026-09-03,1530,2027-01-15,0.3671232877,364.8651872651,440.0000000000,0.2214806901
daily,JPM,2026-09-03,1530,2027-01-15,0.3671232877,364.8651872651,450.0000000000,0.2217710706
daily,JPM,2026-09-03,1530,2027-03-19,0.5397260274,367.2080717132,260.0000000000,0.3175692229
daily,JPM,2026-09-03,1530,2027-03-19,0.5397260274,367.2080717132,265.0000000000,0.3131353752
daily,JPM,2026-09-03,1530,2027-03-19,0.5397260274,367.2080717132,280.0000000000,0.3002355120
daily,JPM,2026-09-03,1530,2027-03-19,0.5397260274,367.2080717132,285.0000000000,0.2944057065
daily,JPM,2026-09-03,1530,2027-03-19,0.5397260274,367.2080717132,290.0000000000,0.2911099367
daily,JPM,2026-09-03,1530,2027-03-19,0.5397260274,367.2080717132,295.0000000000,0.2883096147
daily,JPM,2026-09-03,1530,2027-03-19,0.5397260274,367.2080717132,300.0000000000,0.2842453076
daily,JPM,2026-09-03,1530,2027-03-19,0.5397260274,367.2080717132,305.0000000000,0.2790896688
daily,JPM,2026-09-03,1530,2027-03-19,0.5397260274,367.2080717132,310.0000000000,0.2747921592
daily,JPM,2026-09-03,1530,2027-03-19,0.5397260274,367.2080717132,315.0000000000,0.2723062935
daily,JPM,2026-09-03,1530,2027-03-19,0.5397260274,367.2080717132,320.0000000000,0.2685152651
daily,JPM,2026-09-03,1530,2027-03-19,0.5397260274,367.2080717132,325.0000000000,0.2658001315
daily,JPM,2026-09-03,1530,2027-03-19,0.5397260274,367.2080717132,330.0000000000,0.2627884259
daily,JPM,2026-09-03,1530,2027-03-19,0.5397260274,367.2080717132,335.0000000000,0.2585128097
daily,JPM,2026-09-03,1530,2027-03-19,0.5397260274,367.2080717132,340.0000000000,0.2549457462
daily,JPM,2026-09-03,1530,2027-03-19,0.5397260274,367.2080717132,345.0000000000,0.2534286983
daily,JPM,2026-09-03,1530,2027-03-19,0.5397260274,367.2080717132,350.0000000000,0.2505186560
daily,JPM,2026-09-03,1530,2027-03-19,0.5397260274,367.2080717132,355.0000000000,0.2493796278
daily,JPM,2026-09-03,1530,2027-03-19,0.5397260274,367.2080717132,360.0000000000,0.2468412432
daily,JPM,2026-09-03,1530,2027-03-19,0.5397260274,367.2080717132,365.0000000000,0.2433369178
daily,JPM,2026-09-03,1530,2027-03-19,0.5397260274,367.2080717132,370.0000000000,0.2436343996
daily,JPM,2026-09-03,1530,2027-03-19,0.5397260274,367.2080717132,375.0000000000,0.2425425488
daily,JPM,2026-09-03,1530,2027-03-19,0.5397260274,367.2080717132,380.0000000000,0.2406055196
daily,JPM,2026-09-03,1530,2027-03-19,0.5397260274,367.2080717132,385.0000000000,0.2393704193
daily,JPM,2026-09-03,1530,2027-03-19,0.5397260274,367.2080717132,390.0000000000,0.2367741108
daily,JPM,2026-09-03,1530,2027-03-19,0.5397260274,367.2080717132,395.0000000000,0.2346749751
daily,JPM,2026-09-03,1530,2027-03-19,0.5397260274,367.2080717132,400.0000000000,0.2311622758
daily,JPM,2026-09-03,1530,2027-03-19,0.5397260274,367.2080717132,405.0000000000,0.2304282290
daily,JPM,2026-09-03,1530,2027-03-19,0.5397260274,367.2080717132,410.0000000000,0.2283617386
daily,JPM,2026-09-03,1530,2027-03-19,0.5397260274,367.2080717132,415.0000000000,0.2276275048
daily,JPM,2026-09-03,1530,2027-03-19,0.5397260274,367.2080717132,420.0000000000,0.2255740435
daily,JPM,2026-09-03,1530,2027-03-19,0.5397260274,367.2080717132,425.0000000000,0.2236201309
daily,JPM,2026-09-03,1530,2027-03-19,0.5397260274,367.2080717132,430.0000000000,0.2201779563
daily,JPM,2026-09-03,1530,2027-03-19,0.5397260274,367.2080717132,435.0000000000,0.2221124490
daily,JPM,2026-09-03,1530,2027-03-19,0.5397260274,367.2080717132,445.0000000000,0.2231506813
daily,JPM,2026-09-03,1530,2027-03-19,0.5397260274,367.2080717132,450.0000000000,0.2220355178
daily,JPM,2026-09-03,1530,2027-03-19,0.5397260274,367.2080717132,470.0000000000,0.2231595924
daily,JPM,2026-09-03,1530,2027-06-17,0.7863013699,370.5136545195,260.0000000000,0.3074100548
daily,JPM,2026-09-03,1530,2027-06-17,0.7863013699,370.5136545195,270.0000000000,0.3011496622
daily,JPM,2026-09-03,1530,2027-06-17,0.7863013699,370.5136545195,275.0000000000,0.2978606809
daily,JPM,2026-09-03,1530,2027-06-17,0.7863013699,370.5136545195,280.0000000000,0.2937449745
daily,JPM,2026-09-03,1530,2027-06-17,0.7863013699,370.5136545195,285.0000000000,0.2916989676
daily,JPM,2026-09-03,1530,2027-06-17,0.7863013699,370.5136545195,290.0000000000,0.2888246540
daily,JPM,2026-09-03,1530,2027-06-17,0.7863013699,370.5136545195,295.0000000000,0.2856536587
daily,JPM,2026-09-03,1530,2027-06-17,0.7863013699,370.5136545195,300.0000000000,0.2816597122
daily,JPM,2026-09-03,1530,2027-06-17,0.7863013699,370.5136545195,305.0000000000,0.2769287287
daily,JPM,2026-09-03,1530,2027-06-17,0.7863013699,370.5136545195,310.0000000000,0.2745285091
daily,JPM,2026-09-03,1530,2027-06-17,0.7863013699,370.5136545195,315.0000000000,0.2712295133
daily,JPM,2026-09-03,1530,2027-06-17,0.7863013699,370.5136545195,320.0000000000,0.2673967540
daily,JPM,2026-09-03,1530,2027-06-17,0.7863013699,370.5136545195,330.0000000000,0.2624899925
daily,JPM,2026-09-03,1530,2027-06-17,0.7863013699,370.5136545195,340.0000000000,0.2599881842
daily,JPM,2026-09-03,1530,2027-06-17,0.7863013699,370.5136545195,350.0000000000,0.2550982184
daily,JPM,2026-09-03,1530,2027-06-17,0.7863013699,370.5136545195,360.0000000000,0.2505788688
daily,JPM,2026-09-03,1530,2027-06-17,0.7863013699,370.5136545195,370.0000000000,0.2478026575
daily,JPM,2026-09-03,1530,2027-06-17,0.7863013699,370.5136545195,380.0000000000,0.2429992188
daily,JPM,2026-09-03,1530,2027-06-17,0.7863013699,370.5136545195,390.0000000000,0.2406492608
daily,JPM,2026-09-03,1530,2027-06-17,0.7863013699,370.5136545195,400.0000000000,0.2375058569
daily,JPM,2026-09-03,1530,2027-06-17,0.7863013699,370.5136545195,410.0000000000,0.2347885103
daily,JPM,2026-09-03,1530,2027-06-17,0.7863013699,370.5136545195,420.0000000000,0.2309708908
daily,JPM,2026-09-03,1530,2027-06-17,0.7863013699,370.5136545195,430.0000000000,0.2305797030
daily,JPM,2026-09-03,1530,2027-06-17,0.7863013699,370.5136545195,440.0000000000,0.2293697117
daily,JPM,2026-09-03,1530,2027-06-17,0.7863013699,370.5136545195,450.0000000000,0.2249206193
daily,JPM,2026-09-03,1530,2027-06-17,0.7863013699,370.5136545195,470.0000000000,0.2273297971
daily,JPM,2026-09-03,1530,2027-06-17,0.7863013699,370.5136545195,500.0000000000,0.2287986530
daily,JPM,2026-09-03,1530,2027-09-17,1.0383561644,372.7025445994,230.0000000000,0.3295278578
daily,JPM,2026-09-03,1530,2027-09-17,1.0383561644,372.7025445994,250.0000000000,0.3119151634
daily,JPM,2026-09-03,1530,2027-09-17,1.0383561644,372.7025445994,255.0000000000,0.3065928434
daily,JPM,2026-09-03,1530,2027-09-17,1.0383561644,372.7025445994,260.0000000000,0.3045009484
daily,JPM,2026-09-03,1530,2027-09-17,1.0383561644,372.7025445994,265.0000000000,0.3016181245
daily,JPM,2026-09-03,1530,2027-09-17,1.0383561644,372.7025445994,270.0000000000,0.2993059075
daily,JPM,2026-09-03,1530,2027-09-17,1.0383561644,372.7025445994,275.0000000000,0.2962574984
daily,JPM,2026-09-03,1530,2027-09-17,1.0383561644,372.7025445994,280.0000000000,0.2939662717
daily,JPM,2026-09-03,1530,2027-09-17,1.0383561644,372.7025445994,285.0000000000,0.2909578362
daily,JPM,2026-09-03,1530,2027-09-17,1.0383561644,372.7025445994,290.0000000000,0.2873146325
daily,JPM,2026-09-03,1530,2027-09-17,1.0383561644,372.7025445994,295.0000000000,0.2834541413
daily,JPM,2026-09-03,1530,2027-09-17,1.0383561644,372.7025445994,300.0000000000,0.2790421257
daily,JPM,2026-09-03,1530,2027-09-17,1.0383561644,372.7025445994,305.0000000000,0.2762101471
daily,JPM,2026-09-03,1530,2027-09-17,1.0383561644,372.7025445994,310.0000000000,0.2731766225
daily,JPM,2026-09-03,1530,2027-09-17,1.0383561644,372.7025445994,315.0000000000,0.2700996749
daily,JPM,2026-09-03,1530,2027-09-17,1.0383561644,372.7025445994,320.0000000000,0.2685071328
daily,JPM,2026-09-03,1530,2027-09-17,1.0383561644,372.7025445994,330.0000000000,0.2638282396
daily,JPM,2026-09-03,1530,2027-09-17,1.0383561644,372.7025445994,340.0000000000,0.2590751073
daily,JPM,2026-09-03,1530,2027-09-17,1.0383561644,372.7025445994,350.0000000000,0.2559350076
daily,JPM,2026-09-03,1530,2027-09-17,1.0383561644,372.7025445994,360.0000000000,0.2514870191
daily,JPM,2026-09-03,1530,2027-09-17,1.0383561644,372.7025445994,370.0000000000,0.2490510728
daily,JPM,2026-09-03,1530,2027-09-17,1.0383561644,372.7025445994,380.0000000000,0.2453282813
daily,JPM,2026-09-03,1530,2027-09-17,1.0383561644,372.7025445994,390.0000000000,0.2447331580
daily,JPM,2026-09-03,1530,2027-09-17,1.0383561644,372.7025445994,400.0000000000,0.2423713707
daily,JPM,2026-09-03,1530,2027-09-17,1.0383561644,372.7025445994,410.0000000000,0.2403892376
daily,JPM,2026-09-03,1530,2027-09-17,1.0383561644,372.7025445994,420.0000000000,0.2390832455
daily,JPM,2026-09-03,1530,2027-09-17,1.0383561644,372.7025445994,430.0000000000,0.2366947121
daily,JPM,2026-09-03,1530,2027-09-17,1.0383561644,372.7025445994,440.0000000000,0.2356004168
daily,JPM,2026-09-03,1530,2027-09-17,1.0383561644,372.7025445994,450.0000000000,0.2345268007
daily,JPM,2026-09-03,1530,2027-09-17,1.0383561644,372.7025445994,460.0000000000,0.2333711688
daily,JPM,2026-09-03,1530,2027-09-17,1.0383561644,372.7025445994,470.0000000000,0.2299158305
daily,JPM,2026-09-03,1530,2027-09-17,1.0383561644,372.7025445994,480.0000000000,0.2269176622
daily,JPM,2026-09-03,1530,2027-09-17,1.0383561644,372.7025445994,520.0000000000,0.2297095435
daily,JPM,2026-09-03,1530,2027-12-17,1.2876712329,375.7003628320,230.0000000000,0.3223793118
daily,JPM,2026-09-03,1530,2027-12-17,1.2876712329,375.7003628320,240.0000000000,0.3177025949
daily,JPM,2026-09-03,1530,2027-12-17,1.2876712329,375.7003628320,250.0000000000,0.3105613059
daily,JPM,2026-09-03,1530,2027-12-17,1.2876712329,375.7003628320,260.0000000000,0.3015836049
daily,JPM,2026-09-03,1530,2027-12-17,1.2876712329,375.7003628320,270.0000000000,0.2956699146
daily,JPM,2026-09-03,1530,2027-12-17,1.2876712329,375.7003628320,280.0000000000,0.2921974445
daily,JPM,2026-09-03,1530,2027-12-17,1.2876712329,375.7003628320,290.0000000000,0.2863333798
daily,JPM,2026-09-03,1530,2027-12-17,1.2876712329,375.7003628320,300.0000000000,0.2785333289
daily,JPM,2026-09-03,1530,2027-12-17,1.2876712329,375.7003628320,310.0000000000,0.2745793706
daily,JPM,2026-09-03,1530,2027-12-17,1.2876712329,375.7003628320,320.0000000000,0.2694578001
daily,JPM,2026-09-03,1530,2027-12-17,1.2876712329,375.7003628320,330.0000000000,0.2651284493
daily,JPM,2026-09-03,1530,2027-12-17,1.2876712329,375.7003628320,340.0000000000,0.2620559230
daily,JPM,2026-09-03,1530,2027-12-17,1.2876712329,375.7003628320,350.0000000000,0.2577731122
daily,JPM,2026-09-03,1530,2027-12-17,1.2876712329,375.7003628320,360.0000000000,0.2547533903
daily,JPM,2026-09-03,1530,2027-12-17,1.2876712329,375.7003628320,370.0000000000,0.2514849305
daily,JPM,2026-09-03,1530,2027-12-17,1.2876712329,375.7003628320,380.0000000000,0.2506280356
daily,JPM,2026-09-03,1530,2027-12-17,1.2876712329,375.7003628320,390.0000000000,0.2484770259
daily,JPM,2026-09-03,1530,2027-12-17,1.2876712329,375.7003628320,400.0000000000,0.2456107264
daily,JPM,2026-09-03,1530,2027-12-17,1.2876712329,375.7003628320,410.0000000000,0.2440450100
daily,JPM,2026-09-03,1530,2027-12-17,1.2876712329,375.7003628320,420.0000000000,0.2422048733
daily,JPM,2026-09-03,1530,2027-12-17,1.2876712329,375.7003628320,430.0000000000,0.2404995409
daily,JPM,2026-09-03,1530,2027-12-17,1.2876712329,375.7003628320,440.0000000000,0.2388981456
daily,JPM,2026-09-03,1530,2027-12-17,1.2876712329,375.7003628320,450.0000000000,0.2378226793
daily,JPM,2026-09-03,1530,2027-12-17,1.2876712329,375.7003628320,460.0000000000,0.2366015186
daily,JPM,2026-09-03,1530,2027-12-17,1.2876712329,375.7003628320,470.0000000000,0.2336011377
daily,JPM,2026-09-03,1530,2027-12-17,1.2876712329,375.7003628320,480.0000000000,0.2285814493
daily,JPM,2026-09-03,1530,2027-12-17,1.2876712329,375.7003628320,490.0000000000,0.2316323915
daily,JPM,2026-09-03,1530,2027-12-17,1.2876712329,375.7003628320,520.0000000000,0.2340066944
daily,JPM,2026-09-03,1530,2028-01-21,1.3835616438,376.0896505981,230.0000000000,0.3231670620
daily,JPM,2026-09-03,1530,2028-01-21,1.3835616438,376.0896505981,240.0000000000,0.3181290100
daily,JPM,2026-09-03,1530,2028-01-21,1.3835616438,376.0896505981,250.0000000000,0.3127883523
daily,JPM,2026-09-03,1530,2028-01-21,1.3835616438,376.0896505981,260.0000000000,0.3053872905
daily,JPM,2026-09-03,1530,2028-01-21,1.3835616438,376.0896505981,270.0000000000,0.2963799605
daily,JPM,2026-09-03,1530,2028-01-21,1.3835616438,376.0896505981,280.0000000000,0.2924350231
daily,JPM,2026-09-03,1530,2028-01-21,1.3835616438,376.0896505981,290.0000000000,0.2863465834
daily,JPM,2026-09-03,1530,2028-01-21,1.3835616438,376.0896505981,300.0000000000,0.2784994049
daily,JPM,2026-09-03,1530,2028-01-21,1.3835616438,376.0896505981,310.0000000000,0.2746528802
daily,JPM,2026-09-03,1530,2028-01-21,1.3835616438,376.0896505981,320.0000000000,0.2690066077
daily,JPM,2026-09-03,1530,2028-01-21,1.3835616438,376.0896505981,330.0000000000,0.2655193055
daily,JPM,2026-09-03,1530,2028-01-21,1.3835616438,376.0896505981,340.0000000000,0.2613666303
daily,JPM,2026-09-03,1530,2028-01-21,1.3835616438,376.0896505981,350.0000000000,0.2585353352
daily,JPM,2026-09-03,1530,2028-01-21,1.3835616438,376.0896505981,360.0000000000,0.2549540975
daily,JPM,2026-09-03,1530,2028-01-21,1.3835616438,376.0896505981,370.0000000000,0.2517861843
daily,JPM,2026-09-03,1530,2028-01-21,1.3835616438,376.0896505981,380.0000000000,0.2526790064
daily,JPM,2026-09-03,1530,2028-01-21,1.3835616438,376.0896505981,390.0000000000,0.2515858711
daily,JPM,2026-09-03,1530,2028-01-21,1.3835616438,376.0896505981,400.0000000000,0.2493568533
daily,JPM,2026-09-03,1530,2028-01-21,1.3835616438,376.0896505981,410.0000000000,0.2453124847
daily,JPM,2026-09-03,1530,2028-01-21,1.3835616438,376.0896505981,420.0000000000,0.2446877292
daily,JPM,2026-09-03,1530,2028-01-21,1.3835616438,376.0896505981,430.0000000000,0.2423221839
daily,JPM,2026-09-03,1530,2028-01-21,1.3835616438,376.0896505981,440.0000000000,0.2412494776
daily,JPM,2026-09-03,1530,2028-01-21,1.3835616438,376.0896505981,450.0000000000,0.2401130314
daily,JPM,2026-09-03,1530,2028-01-21,1.3835616438,376.0896505981,460.0000000000,0.2383686944
daily,JPM,2026-09-03,1530,2028-01-21,1.3835616438,376.0896505981,470.0000000000,0.2377827138
daily,JPM,2026-09-03,1530,2028-01-21,1.3835616438,376.0896505981,480.0000000000,0.2363491253
daily,JPM,2026-09-03,1530,2028-01-21,1.3835616438,376.0896505981,490.0000000000,0.2339460926
daily,JPM,2026-09-03,1530,2028-01-21,1.3835616438,376.0896505981,500.0000000000,0.2308578602
daily,JPM,2026-09-03,1530,2028-01-21,1.3835616438,376.0896505981,540.0000000000,0.2333090911
daily,JPM,2026-09-04,1530,2026-09-11,0.0191780822,359.3008288086,340.0000000000,0.2207307438
daily,JPM,2026-09-04,1530,2026-09-11,0.0191780822,359.3008288086,347.5000000000,0.2005994433
daily,JPM,2026-09-04,1530,2026-09-11,0.0191780822,359.3008288086,350.0000000000,0.1976386901
daily,JPM,2026-09-04,1530,2026-09-11,0.0191780822,359.3008288086,352.5000000000,0.1928757207
daily,JPM,2026-09-04,1530,2026-09-11,0.0191780822,359.3008288086,355.0000000000,0.1901694770
daily,JPM,2026-09-04,1530,2026-09-11,0.0191780822,359.3008288086,357.5000000000,0.1887811279
daily,JPM,2026-09-04,1530,2026-09-11,0.0191780822,359.3008288086,360.0000000000,0.1881634060
daily,JPM,2026-09-04,1530,2026-09-11,0.0191780822,359.3008288086,362.5000000000,0.1856895529
daily,JPM,2026-09-04,1530,2026-09-11,0.0191780822,359.3008288086,365.0000000000,0.1836236745
daily,JPM,2026-09-04,1530,2026-09-11,0.0191780822,359.3008288086,367.5000000000,0.1814652008
daily,JPM,2026-09-04,1530,2026-09-11,0.0191780822,359.3008288086,370.0000000000,0.1801139822
daily,JPM,2026-09-04,1530,2026-09-11,0.0191780822,359.3008288086,375.0000000000,0.1819187430
daily,JPM,2026-09-04,1530,2026-09-18,0.0383561644,359.6604037407,335.0000000000,0.2442660520
daily,JPM,2026-09-04,1530,2026-09-18,0.0383561644,359.6604037407,345.0000000000,0.2214666414
daily,JPM,2026-09-04,1530,2026-09-18,0.0383561644,359.6604037407,347.5000000000,0.2178538426
daily,JPM,2026-09-04,1530,2026-09-18,0.0383561644,359.6604037407,350.0000000000,0.2135489923
daily,JPM,2026-09-04,1530,2026-09-18,0.0383561644,359.6604037407,352.5000000000,0.2090611952
daily,JPM,2026-09-04,1530,2026-09-18,0.0383561644,359.6604037407,355.0000000000,0.2070160490
daily,JPM,2026-09-04,1530,2026-09-18,0.0383561644,359.6604037407,357.5000000000,0.2070479378
daily,JPM,2026-09-04,1530,2026-09-18,0.0383561644,359.6604037407,360.0000000000,0.2010223291
daily,JPM,2026-09-04,1530,2026-09-18,0.0383561644,359.6604037407,362.5000000000,0.1987913313
daily,JPM,2026-09-04,1530,2026-09-18,0.0383561644,359.6604037407,365.0000000000,0.1985308525
daily,JPM,2026-09-04,1530,2026-09-18,0.0383561644,359.6604037407,367.5000000000,0.1957986838
daily,JPM,2026-09-04,1530,2026-09-18,0.0383561644,359.6604037407,370.0000000000,0.1941021135
daily,JPM,2026-09-04,1530,2026-09-18,0.0383561644,359.6604037407,372.5000000000,0.1935271395
daily,JPM,2026-09-04,1530,2026-09-18,0.0383561644,359.6604037407,377.5000000000,0.1946121430
daily,JPM,2026-09-04,1530,2026-09-25,0.0575342466,359.9267111135,320.0000000000,0.2639267600
daily,JPM,2026-09-04,1530,2026-09-25,0.0575342466,359.9267111135,325.0000000000,0.2541905840
daily,JPM,2026-09-04,1530,2026-09-25,0.0575342466,359.9267111135,335.0000000000,0.2354039077
daily,JPM,2026-09-04,1530,2026-09-25,0.0575342466,359.9267111135,345.0000000000,0.2195972916
daily,JPM,2026-09-04,1530,2026-09-25,0.0575342466,359.9267111135,350.0000000000,0.2133485216
daily,JPM,2026-09-04,1530,2026-09-25,0.0575342466,359.9267111135,355.0000000000,0.2095325780
daily,JPM,2026-09-04,1530,2026-09-25,0.0575342466,359.9267111135,360.0000000000,0.2054778740
daily,JPM,2026-09-04,1530,2026-09-25,0.0575342466,359.9267111135,365.0000000000,0.2020377125
daily,JPM,2026-09-04,1530,2026-09-25,0.0575342466,359.9267111135,370.0000000000,0.1993006848
daily,JPM,2026-09-04,1530,2026-09-25,0.0575342466,359.9267111135,375.0000000000,0.1954133571
daily,JPM,2026-09-04,1530,2026-10-02,0.0767123288,360.2831134376,320.3168665736,0.2285672789
daily,JPM,2026-09-04,1530,2026-10-02,0.0767123288,360.2831134376,340.0000000000,0.2231596765
daily,JPM,2026-09-04,1530,2026-10-02,0.0767123288,360.2831134376,345.0000000000,0.2183001021
daily,JPM,2026-09-04,1530,2026-10-02,0.0767123288,360.2831134376,350.0000000000,0.2132698506
daily,JPM,2026-09-04,1530,2026-10-02,0.0767123288,360.2831134376,355.0000000000,0.2094103300
daily,JPM,2026-09-04,1530,2026-10-02,0.0767123288,360.2831134376,360.0000000000,0.2063909577
daily,JPM,2026-09-04,1530,2026-10-02,0.0767123288,360.2831134376,365.0000000000,0.2028133768
daily,JPM,2026-09-04,1530,2026-10-02,0.0767123288,360.2831134376,370.0000000000,0.1980965116
daily,JPM,2026-09-04,1530,2026-10-02,0.0767123288,360.2831134376,375.0000000000,0.1959597699
daily,JPM,2026-09-04,1530,2026-10-09,0.0958904110,359.2352623615,330.0000000000,0.2375839019
daily,JPM,2026-09-04,1530,2026-10-09,0.0958904110,359.2352623615,335.0000000000,0.2306311813
daily,JPM,2026-09-04,1530,2026-10-09,0.0958904110,359.2352623615,340.0000000000,0.2261793109
daily,JPM,2026-09-04,1530,2026-10-09,0.0958904110,359.2352623615,345.0000000000,0.2210476385
daily,JPM,2026-09-04,1530,2026-10-09,0.0958904110,359.2352623615,355.0000000000,0.2147217688
daily,JPM,2026-09-04,1530,2026-10-09,0.0958904110,359.2352623615,360.0000000000,0.2101143583
daily,JPM,2026-09-04,1530,2026-10-09,0.0958904110,359.2352623615,365.0000000000,0.2071266960
daily,JPM,2026-09-04,1530,2026-10-09,0.0958904110,359.2352623615,370.0000000000,0.2028116257
daily,JPM,2026-09-04,1530,2026-10-09,0.0958904110,359.2352623615,375.0000000000,0.1987827467
daily,JPM,2026-09-04,1530,2026-10-09,0.0958904110,359.2352623615,380.0000000000,0.1958674900
daily,JPM,2026-09-04,1530,2026-10-16,0.1150684932,359.0846214555,305.0000000000,0.3015350210
daily,JPM,2026-09-04,1530,2026-10-16,0.1150684932,359.0846214555,310.0000000000,0.2900248602
daily,JPM,2026-09-04,1530,2026-10-16,0.1150684932,359.0846214555,315.0000000000,0.2861598235
daily,JPM,2026-09-04,1530,2026-10-16,0.1150684932,359.0846214555,320.0000000000,0.2798316747
daily,JPM,2026-09-04,1530,2026-10-16,0.1150684932,359.0846214555,325.0000000000,0.2714382032
daily,JPM,2026-09-04,1530,2026-10-16,0.1150684932,359.0846214555,330.0000000000,0.2657036881
daily,JPM,2026-09-04,1530,2026-10-16,0.1150684932,359.0846214555,335.0000000000,0.2602272195
daily,JPM,2026-09-04,1530,2026-10-16,0.1150684932,359.0846214555,340.0000000000,0.2564421360
daily,JPM,2026-09-04,1530,2026-10-16,0.1150684932,359.0846214555,345.0000000000,0.2512488803
daily,JPM,2026-09-04,1530,2026-10-16,0.1150684932,359.0846214555,350.0000000000,0.2472161075
daily,JPM,2026-09-04,1530,2026-10-16,0.1150684932,359.0846214555,355.0000000000,0.2437195524
daily,JPM,2026-09-04,1530,2026-10-16,0.1150684932,359.0846214555,360.0000000000,0.2414068264
daily,JPM,2026-09-04,1530,2026-10-16,0.1150684932,359.0846214555,365.0000000000,0.2380311588
daily,JPM,2026-09-04,1530,2026-10-16,0.1150684932,359.0846214555,370.0000000000,0.2352639599
daily,JPM,2026-09-04,1530,2026-10-16,0.1150684932,359.0846214555,375.0000000000,0.2312672181
daily,JPM,2026-09-04,1530,2026-10-16,0.1150684932,359.0846214555,380.0000000000,0.2285951354
daily,JPM,2026-09-04,1530,2026-10-16,0.1150684932,359.0846214555,385.0000000000,0.2275851774
daily,JPM,2026-09-04,1530,2026-10-16,0.1150684932,359.0846214555,390.0000000000,0.2265790104
daily,JPM,2026-09-04,1530,2026-10-16,0.1150684932,359.0846214555,395.0000000000,0.2259928156
daily,JPM,2026-09-04,1530,2026-10-23,0.1342465753,359.0871048270,305.0021093310,0.2791671832
daily,JPM,2026-09-04,1530,2026-10-23,0.1342465753,359.0871048270,315.0000000000,0.2763427215
daily,JPM,2026-09-04,1530,2026-10-23,0.1342465753,359.0871048270,325.0000000000,0.2652822331
daily,JPM,2026-09-04,1530,2026-10-23,0.1342465753,359.0871048270,330.0000000000,0.2597083803
daily,JPM,2026-09-04,1530,2026-10-23,0.1342465753,359.0871048270,335.0000000000,0.2547517520
daily,JPM,2026-09-04,1530,2026-10-23,0.1342465753,359.0871048270,340.0000000000,0.2502688412
daily,JPM,2026-09-04,1530,2026-10-23,0.1342465753,359.0871048270,345.0000000000,0.2450120497
daily,JPM,2026-09-04,1530,2026-10-23,0.1342465753,359.0871048270,350.0000000000,0.2416149667
daily,JPM,2026-09-04,1530,2026-10-23,0.1342465753,359.0871048270,355.0000000000,0.2350150547
daily,JPM,2026-09-04,1530,2026-10-23,0.1342465753,359.0871048270,360.0000000000,0.2341288309
daily,JPM,2026-09-04,1530,2026-10-23,0.1342465753,359.0871048270,365.0000000000,0.2277565792
daily,JPM,2026-09-04,1530,2026-10-23,0.1342465753,359.0871048270,370.0000000000,0.2265494354
daily,JPM,2026-09-04,1530,2026-10-23,0.1342465753,359.0871048270,375.0000000000,0.2251280971
daily,JPM,2026-09-04,1530,2026-11-20,0.2109589041,360.6004822999,295.0000000000,0.2985925168
daily,JPM,2026-09-04,1530,2026-11-20,0.2109589041,360.6004822999,300.0000000000,0.2922708578
daily,JPM,2026-09-04,1530,2026-11-20,0.2109589041,360.6004822999,310.0000000000,0.2760090125
daily,JPM,2026-09-04,1530,2026-11-20,0.2109589041,360.6004822999,315.0000000000,0.2722348049
daily,JPM,2026-09-04,1530,2026-11-20,0.2109589041,360.6004822999,320.0000000000,0.2663033191
daily,JPM,2026-09-04,1530,2026-11-20,0.2109589041,360.6004822999,325.0000000000,0.2593904294
daily,JPM,2026-09-04,1530,2026-11-20,0.2109589041,360.6004822999,330.0000000000,0.2570235804
daily,JPM,2026-09-04,1530,2026-11-20,0.2109589041,360.6004822999,335.0000000000,0.2522979486
daily,JPM,2026-09-04,1530,2026-11-20,0.2109589041,360.6004822999,340.0000000000,0.2481140503
daily,JPM,2026-09-04,1530,2026-11-20,0.2109589041,360.6004822999,345.0000000000,0.2444371338
daily,JPM,2026-09-04,1530,2026-11-20,0.2109589041,360.6004822999,350.0000000000,0.2391758526
daily,JPM,2026-09-04,1530,2026-11-20,0.2109589041,360.6004822999,355.0000000000,0.2386089348
daily,JPM,2026-09-04,1530,2026-11-20,0.2109589041,360.6004822999,360.0000000000,0.2353024532
daily,JPM,2026-09-04,1530,2026-11-20,0.2109589041,360.6004822999,365.0000000000,0.2308789320
daily,JPM,2026-09-04,1530,2026-11-20,0.2109589041,360.6004822999,370.0000000000,0.2297073516
daily,JPM,2026-09-04,1530,2026-11-20,0.2109589041,360.6004822999,375.0000000000,0.2290439344
daily,JPM,2026-09-04,1530,2026-11-20,0.2109589041,360.6004822999,380.0000000000,0.2244728548
daily,JPM,2026-09-04,1530,2026-11-20,0.2109589041,360.6004822999,385.0000000000,0.2240629885
daily,JPM,2026-09-04,1530,2026-11-20,0.2109589041,360.6004822999,390.0000000000,0.2206475841
daily,JPM,2026-09-04,1530,2026-11-20,0.2109589041,360.6004822999,395.0000000000,0.2208991212
daily,JPM,2026-09-04,1530,2026-12-18,0.2876712329,361.7541860152,280.0000000000,0.3021851286
daily,JPM,2026-09-04,1530,2026-12-18,0.2876712329,361.7541860152,290.0000000000,0.2926735497
daily,JPM,2026-09-04,1530,2026-12-18,0.2876712329,361.7541860152,300.0000000000,0.2785647920
daily,JPM,2026-09-04,1530,2026-12-18,0.2876712329,361.7541860152,305.0000000000,0.2758631080
daily,JPM,2026-09-04,1530,2026-12-18,0.2876712329,361.7541860152,310.0000000000,0.2707612340
daily,JPM,2026-09-04,1530,2026-12-18,0.2876712329,361.7541860152,315.0000000000,0.2640495277
daily,JPM,2026-09-04,1530,2026-12-18,0.2876712329,361.7541860152,320.0000000000,0.2592967153
daily,JPM,2026-09-04,1530,2026-12-18,0.2876712329,361.7541860152,325.0000000000,0.2550989630
daily,JPM,2026-09-04,1530,2026-12-18,0.2876712329,361.7541860152,330.0000000000,0.2523860682
daily,JPM,2026-09-04,1530,2026-12-18,0.2876712329,361.7541860152,335.0000000000,0.2487371189
daily,JPM,2026-09-04,1530,2026-12-18,0.2876712329,361.7541860152,340.0000000000,0.2450493431
daily,JPM,2026-09-04,1530,2026-12-18,0.2876712329,361.7541860152,345.0000000000,0.2429859692
daily,JPM,2026-09-04,1530,2026-12-18,0.2876712329,361.7541860152,350.0000000000,0.2404720068
daily,JPM,2026-09-04,1530,2026-12-18,0.2876712329,361.7541860152,355.0000000000,0.2372994671
daily,JPM,2026-09-04,1530,2026-12-18,0.2876712329,361.7541860152,360.0000000000,0.2333349542
daily,JPM,2026-09-04,1530,2026-12-18,0.2876712329,361.7541860152,365.0000000000,0.2335951220
daily,JPM,2026-09-04,1530,2026-12-18,0.2876712329,361.7541860152,370.0000000000,0.2310461992
daily,JPM,2026-09-04,1530,2026-12-18,0.2876712329,361.7541860152,375.0000000000,0.2283803041
daily,JPM,2026-09-04,1530,2026-12-18,0.2876712329,361.7541860152,380.0000000000,0.2267934027
daily,JPM,2026-09-04,1530,2026-12-18,0.2876712329,361.7541860152,385.0000000000,0.2243359572
daily,JPM,2026-09-04,1530,2026-12-18,0.2876712329,361.7541860152,390.0000000000,0.2228936068
daily,JPM,2026-09-04,1530,2026-12-18,0.2876712329,361.7541860152,395.0000000000,0.2211678022
daily,JPM,2026-09-04,1530,2026-12-18,0.2876712329,361.7541860152,400.0000000000,0.2193607413
daily,JPM,2026-09-04,1530,2026-12-18,0.2876712329,361.7541860152,405.0000000000,0.2184058849
daily,JPM,2026-09-04,1530,2026-12-18,0.2876712329,361.7541860152,430.0000000000,0.2162388170
daily,JPM,2026-09-04,1530,2027-01-15,0.3643835616,362.0237637130,240.0000000000,0.3546946489
daily,JPM,2026-09-04,1530,2027-01-15,0.3643835616,362.0237637130,260.0000000000,0.3278351230
daily,JPM,2026-09-04,1530,2027-01-15,0.3643835616,362.0237637130,270.0000000000,0.3183894313
daily,JPM,2026-09-04,1530,2027-01-15,0.3643835616,362.0237637130,280.0000000000,0.3057538683
daily,JPM,2026-09-04,1530,2027-01-15,0.3643835616,362.0237637130,290.0000000000,0.2920880722
daily,JPM,2026-09-04,1530,2027-01-15,0.3643835616,362.0237637130,300.0000000000,0.2837994216
daily,JPM,2026-09-04,1530,2027-01-15,0.3643835616,362.0237637130,310.0000000000,0.2726366738
daily,JPM,2026-09-04,1530,2027-01-15,0.3643835616,362.0237637130,320.0000000000,0.2667002247
daily,JPM,2026-09-04,1530,2027-01-15,0.3643835616,362.0237637130,330.0000000000,0.2607075243
daily,JPM,2026-09-04,1530,2027-01-15,0.3643835616,362.0237637130,340.0000000000,0.2537691484
daily,JPM,2026-09-04,1530,2027-01-15,0.3643835616,362.0237637130,350.0000000000,0.2479909733
daily,JPM,2026-09-04,1530,2027-01-15,0.3643835616,362.0237637130,360.0000000000,0.2428299189
daily,JPM,2026-09-04,1530,2027-01-15,0.3643835616,362.0237637130,370.0000000000,0.2383968255
daily,JPM,2026-09-04,1530,2027-01-15,0.3643835616,362.0237637130,380.0000000000,0.2340298493
daily,JPM,2026-09-04,1530,2027-01-15,0.3643835616,362.0237637130,390.0000000000,0.2311823905
daily,JPM,2026-09-04,1530,2027-01-15,0.3643835616,362.0237637130,400.0000000000,0.2289120577
daily,JPM,2026-09-04,1530,2027-01-15,0.3643835616,362.0237637130,410.0000000000,0.2265928381
daily,JPM,2026-09-04,1530,2027-01-15,0.3643835616,362.0237637130,420.0000000000,0.2259562903
daily,JPM,2026-09-04,1530,2027-01-15,0.3643835616,362.0237637130,430.0000000000,0.2254805207
daily,JPM,2026-09-04,1530,2027-01-15,0.3643835616,362.0237637130,440.0000000000,0.2245475102
daily,JPM,2026-09-04,1530,2027-03-19,0.5369863014,364.8809073630,260.0000000000,0.3186728323
daily,JPM,2026-09-04,1530,2027-03-19,0.5369863014,364.8809073630,275.0000000000,0.3025509654
daily,JPM,2026-09-04,1530,2027-03-19,0.5369863014,364.8809073630,280.0000000000,0.2993995618
daily,JPM,2026-09-04,1530,2027-03-19,0.5369863014,364.8809073630,285.0000000000,0.2950046519
daily,JPM,2026-09-04,1530,2027-03-19,0.5369863014,364.8809073630,290.0000000000,0.2895594908
daily,JPM,2026-09-04,1530,2027-03-19,0.5369863014,364.8809073630,295.0000000000,0.2832025743
daily,JPM,2026-09-04,1530,2027-03-19,0.5369863014,364.8809073630,300.0000000000,0.2819752590
daily,JPM,2026-09-04,1530,2027-03-19,0.5369863014,364.8809073630,305.0000000000,0.2792357933
daily,JPM,2026-09-04,1530,2027-03-19,0.5369863014,364.8809073630,310.0000000000,0.2752026151
daily,JPM,2026-09-04,1530,2027-03-19,0.5369863014,364.8809073630,315.0000000000,0.2728756185
daily,JPM,2026-09-04,1530,2027-03-19,0.5369863014,364.8809073630,320.0000000000,0.2692073979
daily,JPM,2026-09-04,1530,2027-03-19,0.5369863014,364.8809073630,325.0000000000,0.2672481706
daily,JPM,2026-09-04,1530,2027-03-19,0.5369863014,364.8809073630,330.0000000000,0.2639744514
daily,JPM,2026-09-04,1530,2027-03-19,0.5369863014,364.8809073630,335.0000000000,0.2616231520
daily,JPM,2026-09-04,1530,2027-03-19,0.5369863014,364.8809073630,340.0000000000,0.2598774400
daily,JPM,2026-09-04,1530,2027-03-19,0.5369863014,364.8809073630,345.0000000000,0.2573801495
daily,JPM,2026-09-04,1530,2027-03-19,0.5369863014,364.8809073630,350.0000000000,0.2535476138
daily,JPM,2026-09-04,1530,2027-03-19,0.5369863014,364.8809073630,355.0000000000,0.2496619768
daily,JPM,2026-09-04,1530,2027-03-19,0.5369863014,364.8809073630,360.0000000000,0.2485495132
daily,JPM,2026-09-04,1530,2027-03-19,0.5369863014,364.8809073630,365.0000000000,0.2460340429
daily,JPM,2026-09-04,1530,2027-03-19,0.5369863014,364.8809073630,370.0000000000,0.2421380663
daily,JPM,2026-09-04,1530,2027-03-19,0.5369863014,364.8809073630,375.0000000000,0.2397777726
daily,JPM,2026-09-04,1530,2027-03-19,0.5369863014,364.8809073630,380.0000000000,0.2368104686
daily,JPM,2026-09-04,1530,2027-03-19,0.5369863014,364.8809073630,385.0000000000,0.2337775501
daily,JPM,2026-09-04,1530,2027-03-19,0.5369863014,364.8809073630,390.0000000000,0.2331539300
daily,JPM,2026-09-04,1530,2027-03-19,0.5369863014,364.8809073630,395.0000000000,0.2311529600
daily,JPM,2026-09-04,1530,2027-03-19,0.5369863014,364.8809073630,400.0000000000,0.2276935838
daily,JPM,2026-09-04,1530,2027-03-19,0.5369863014,364.8809073630,405.0000000000,0.2264583511
daily,JPM,2026-09-04,1530,2027-03-19,0.5369863014,364.8809073630,410.0000000000,0.2261897455
daily,JPM,2026-09-04,1530,2027-03-19,0.5369863014,364.8809073630,415.0000000000,0.2260858288
daily,JPM,2026-09-04,1530,2027-03-19,0.5369863014,364.8809073630,420.0000000000,0.2247072657
daily,JPM,2026-09-04,1530,2027-03-19,0.5369863014,364.8809073630,425.0000000000,0.2243089674
daily,JPM,2026-09-04,1530,2027-03-19,0.5369863014,364.8809073630,430.0000000000,0.2226291315
daily,JPM,2026-09-04,1530,2027-03-19,0.5369863014,364.8809073630,440.0000000000,0.2219596830
daily,JPM,2026-09-04,1530,2027-03-19,0.5369863014,364.8809073630,445.0000000000,0.2243729073
daily,JPM,2026-09-04,1530,2027-03-19,0.5369863014,364.8809073630,455.0000000000,0.2268412208
daily,JPM,2026-09-04,1530,2027-06-17,0.7835616438,367.3813889363,240.0000000000,0.3232106395
daily,JPM,2026-09-04,1530,2027-06-17,0.7835616438,367.3813889363,250.0000000000,0.3124134405
daily,JPM,2026-09-04,1530,2027-06-17,0.7835616438,367.3813889363,255.0000000000,0.3092623822
daily,JPM,2026-09-04,1530,2027-06-17,0.7835616438,367.3813889363,260.0000000000,0.3052099932
daily,JPM,2026-09-04,1530,2027-06-17,0.7835616438,367.3813889363,265.0000000000,0.3003996866
daily,JPM,2026-09-04,1530,2027-06-17,0.7835616438,367.3813889363,270.0000000000,0.2986475017
daily,JPM,2026-09-04,1530,2027-06-17,0.7835616438,367.3813889363,275.0000000000,0.2958221088
daily,JPM,2026-09-04,1530,2027-06-17,0.7835616438,367.3813889363,280.0000000000,0.2920897829
daily,JPM,2026-09-04,1530,2027-06-17,0.7835616438,367.3813889363,285.0000000000,0.2875728786
daily,JPM,2026-09-04,1530,2027-06-17,0.7835616438,367.3813889363,290.0000000000,0.2823633156
daily,JPM,2026-09-04,1530,2027-06-17,0.7835616438,367.3813889363,295.0000000000,0.2812981035
daily,JPM,2026-09-04,1530,2027-06-17,0.7835616438,367.3813889363,300.0000000000,0.2791421815
daily,JPM,2026-09-04,1530,2027-06-17,0.7835616438,367.3813889363,305.0000000000,0.2766206769
daily,JPM,2026-09-04,1530,2027-06-17,0.7835616438,367.3813889363,310.0000000000,0.2740197041
daily,JPM,2026-09-04,1530,2027-06-17,0.7835616438,367.3813889363,315.0000000000,0.2715073902
daily,JPM,2026-09-04,1530,2027-06-17,0.7835616438,367.3813889363,320.0000000000,0.2692109663
daily,JPM,2026-09-04,1530,2027-06-17,0.7835616438,367.3813889363,330.0000000000,0.2644142052
daily,JPM,2026-09-04,1530,2027-06-17,0.7835616438,367.3813889363,340.0000000000,0.2599847545
daily,JPM,2026-09-04,1530,2027-06-17,0.7835616438,367.3813889363,350.0000000000,0.2547285455
daily,JPM,2026-09-04,1530,2027-06-17,0.7835616438,367.3813889363,360.0000000000,0.2540202592
daily,JPM,2026-09-04,1530,2027-06-17,0.7835616438,367.3813889363,370.0000000000,0.2506754822
daily,JPM,2026-09-04,1530,2027-06-17,0.7835616438,367.3813889363,380.0000000000,0.2460855210
daily,JPM,2026-09-04,1530,2027-06-17,0.7835616438,367.3813889363,390.0000000000,0.2439477972
daily,JPM,2026-09-04,1530,2027-06-17,0.7835616438,367.3813889363,400.0000000000,0.2430491010
daily,JPM,2026-09-04,1530,2027-06-17,0.7835616438,367.3813889363,410.0000000000,0.2386652598
daily,JPM,2026-09-04,1530,2027-06-17,0.7835616438,367.3813889363,420.0000000000,0.2366008246
daily,JPM,2026-09-04,1530,2027-06-17,0.7835616438,367.3813889363,430.0000000000,0.2338111211
daily,JPM,2026-09-04,1530,2027-06-17,0.7835616438,367.3813889363,440.0000000000,0.2346693662
daily,JPM,2026-09-04,1530,2027-06-17,0.7835616438,367.3813889363,460.0000000000,0.2270177698
daily,JPM,2026-09-04,1530,2027-06-17,0.7835616438,367.3813889363,480.0000000000,0.2295074451
daily,JPM,2026-09-04,1530,2027-06-17,0.7835616438,367.3813889363,500.0000000000,0.2330330093
daily,JPM,2026-09-04,1530,2027-09-17,1.0356164384,370.0563446949,240.0000000000,0.3166747276
daily,JPM,2026-09-04,1530,2027-09-17,1.0356164384,370.0563446949,250.0000000000,0.3104932840
daily,JPM,2026-09-04,1530,2027-09-17,1.0356164384,370.0563446949,255.0000000000,0.3065180569
daily,JPM,2026-09-04,1530,2027-09-17,1.0356164384,370.0563446949,260.0000000000,0.3019717829
daily,JPM,2026-09-04,1530,2027-09-17,1.0356164384,370.0563446949,265.0000000000,0.2969259667
daily,JPM,2026-09-04,1530,2027-09-17,1.0356164384,370.0563446949,270.0000000000,0.2941098293
daily,JPM,2026-09-04,1530,2027-09-17,1.0356164384,370.0563446949,275.0000000000,0.2906014106
daily,JPM,2026-09-04,1530,2027-09-17,1.0356164384,370.0563446949,280.0000000000,0.2886904388
daily,JPM,2026-09-04,1530,2027-09-17,1.0356164384,370.0563446949,285.0000000000,0.2860028453
daily,JPM,2026-09-04,1530,2027-09-17,1.0356164384,370.0563446949,290.0000000000,0.2826315248
daily,JPM,2026-09-04,1530,2027-09-17,1.0356164384,370.0563446949,295.0000000000,0.2786480327
daily,JPM,2026-09-04,1530,2027-09-17,1.0356164384,370.0563446949,300.0000000000,0.2767550370
daily,JPM,2026-09-04,1530,2027-09-17,1.0356164384,370.0563446949,305.0000000000,0.2741198652
daily,JPM,2026-09-04,1530,2027-09-17,1.0356164384,370.0563446949,310.0000000000,0.2731965601
daily,JPM,2026-09-04,1530,2027-09-17,1.0356164384,370.0563446949,315.0000000000,0.2714698761
daily,JPM,2026-09-04,1530,2027-09-17,1.0356164384,370.0563446949,320.0000000000,0.2690145159
daily,JPM,2026-09-04,1530,2027-09-17,1.0356164384,370.0563446949,330.0000000000,0.2641828372
daily,JPM,2026-09-04,1530,2027-09-17,1.0356164384,370.0563446949,340.0000000000,0.2609902747
daily,JPM,2026-09-04,1530,2027-09-17,1.0356164384,370.0563446949,350.0000000000,0.2567333735
daily,JPM,2026-09-04,1530,2027-09-17,1.0356164384,370.0563446949,360.0000000000,0.2526855546
daily,JPM,2026-09-04,1530,2027-09-17,1.0356164384,370.0563446949,370.0000000000,0.2495225881
daily,JPM,2026-09-04,1530,2027-09-17,1.0356164384,370.0563446949,380.0000000000,0.2496205016
daily,JPM,2026-09-04,1530,2027-09-17,1.0356164384,370.0563446949,390.0000000000,0.2471932055
daily,JPM,2026-09-04,1530,2027-09-17,1.0356164384,370.0563446949,400.0000000000,0.2440037811
daily,JPM,2026-09-04,1530,2027-09-17,1.0356164384,370.0563446949,410.0000000000,0.2419259213
daily,JPM,2026-09-04,1530,2027-09-17,1.0356164384,370.0563446949,420.0000000000,0.2405481791
daily,JPM,2026-09-04,1530,2027-09-17,1.0356164384,370.0563446949,430.0000000000,0.2389770286
daily,JPM,2026-09-04,1530,2027-09-17,1.0356164384,370.0563446949,440.0000000000,0.2373609935
daily,JPM,2026-09-04,1530,2027-09-17,1.0356164384,370.0563446949,450.0000000000,0.2346511017
daily,JPM,2026-09-04,1530,2027-09-17,1.0356164384,370.0563446949,460.0000000000,0.2293281336
daily,JPM,2026-09-04,1530,2027-09-17,1.0356164384,370.0563446949,480.0000000000,0.2313137863
daily,JPM,2026-09-04,1530,2027-09-17,1.0356164384,370.0563446949,490.0000000000,0.2294656245
daily,JPM,2026-09-04,1530,2027-09-17,1.0356164384,370.0563446949,500.0000000000,0.2318833453
daily,JPM,2026-09-04,1530,2027-12-17,1.2849315068,372.2885315316,230.0000000000,0.3196173259
daily,JPM,2026-09-04,1530,2027-12-17,1.2849315068,372.2885315316,240.0000000000,0.3136260481
daily,JPM,2026-09-04,1530,2027-12-17,1.2849315068,372.2885315316,250.0000000000,0.3054365514
daily,JPM,2026-09-04,1530,2027-12-17,1.2849315068,372.2885315316,260.0000000000,0.2978652337
daily,JPM,2026-09-04,1530,2027-12-17,1.2849315068,372.2885315316,270.0000000000,0.2949955659
daily,JPM,2026-09-04,1530,2027-12-17,1.2849315068,372.2885315316,280.0000000000,0.2894961098
daily,JPM,2026-09-04,1530,2027-12-17,1.2849315068,372.2885315316,290.0000000000,0.2847242582
daily,JPM,2026-09-04,1530,2027-12-17,1.2849315068,372.2885315316,300.0000000000,0.2791928011
daily,JPM,2026-09-04,1530,2027-12-17,1.2849315068,372.2885315316,310.0000000000,0.2746513232
daily,JPM,2026-09-04,1530,2027-12-17,1.2849315068,372.2885315316,320.0000000000,0.2705690788
daily,JPM,2026-09-04,1530,2027-12-17,1.2849315068,372.2885315316,330.0000000000,0.2661517508
daily,JPM,2026-09-04,1530,2027-12-17,1.2849315068,372.2885315316,340.0000000000,0.2622680072
daily,JPM,2026-09-04,1530,2027-12-17,1.2849315068,372.2885315316,350.0000000000,0.2596698094
daily,JPM,2026-09-04,1530,2027-12-17,1.2849315068,372.2885315316,360.0000000000,0.2548720780
daily,JPM,2026-09-04,1530,2027-12-17,1.2849315068,372.2885315316,370.0000000000,0.2507282027
daily,JPM,2026-09-04,1530,2027-12-17,1.2849315068,372.2885315316,380.0000000000,0.2490138135
daily,JPM,2026-09-04,1530,2027-12-17,1.2849315068,372.2885315316,390.0000000000,0.2501126342
daily,JPM,2026-09-04,1530,2027-12-17,1.2849315068,372.2885315316,400.0000000000,0.2491582713
daily,JPM,2026-09-04,1530,2027-12-17,1.2849315068,372.2885315316,410.0000000000,0.2462318672
daily,JPM,2026-09-04,1530,2027-12-17,1.2849315068,372.2885315316,420.0000000000,0.2448759227
daily,JPM,2026-09-04,1530,2027-12-17,1.2849315068,372.2885315316,430.0000000000,0.2429511764
daily,JPM,2026-09-04,1530,2027-12-17,1.2849315068,372.2885315316,440.0000000000,0.2405525479
daily,JPM,2026-09-04,1530,2027-12-17,1.2849315068,372.2885315316,450.0000000000,0.2388255153
daily,JPM,2026-09-04,1530,2027-12-17,1.2849315068,372.2885315316,460.0000000000,0.2380745711
daily,JPM,2026-09-04,1530,2027-12-17,1.2849315068,372.2885315316,470.0000000000,0.2355982002
daily,JPM,2026-09-04,1530,2027-12-17,1.2849315068,372.2885315316,480.0000000000,0.2311755747
daily,JPM,2026-09-04,1530,2027-12-17,1.2849315068,372.2885315316,490.0000000000,0.2332562399
daily,JPM,2026-09-04,1530,2027-12-17,1.2849315068,372.2885315316,500.0000000000,0.2341427739
daily,JPM,2026-09-04,1530,2027-12-17,1.2849315068,372.2885315316,520.0000000000,0.2318516691
daily,JPM,2026-09-04,1530,2028-01-21,1.3808219178,373.6848942136,230.0000000000,0.3172726777
daily,JPM,2026-09-04,1530,2028-01-21,1.3808219178,373.6848942136,240.0000000000,0.3128321577
daily,JPM,2026-09-04,1530,2028-01-21,1.3808219178,373.6848942136,250.0000000000,0.3060028584
daily,JPM,2026-09-04,1530,2028-01-21,1.3808219178,373.6848942136,260.0000000000,0.3006997123
daily,JPM,2026-09-04,1530,2028-01-21,1.3808219178,373.6848942136,270.0000000000,0.2933534777
daily,JPM,2026-09-04,1530,2028-01-21,1.3808219178,373.6848942136,280.0000000000,0.2885000840
daily,JPM,2026-09-04,1530,2028-01-21,1.3808219178,373.6848942136,290.0000000000,0.2819690751
daily,JPM,2026-09-04,1530,2028-01-21,1.3808219178,373.6848942136,300.0000000000,0.2803111895
daily,JPM,2026-09-04,1530,2028-01-21,1.3808219178,373.6848942136,310.0000000000,0.2762461067
daily,JPM,2026-09-04,1530,2028-01-21,1.3808219178,373.6848942136,320.0000000000,0.2723935615
daily,JPM,2026-09-04,1530,2028-01-21,1.3808219178,373.6848942136,330.0000000000,0.2679790487
daily,JPM,2026-09-04,1530,2028-01-21,1.3808219178,373.6848942136,340.0000000000,0.2643927756
daily,JPM,2026-09-04,1530,2028-01-21,1.3808219178,373.6848942136,350.0000000000,0.2607645125
daily,JPM,2026-09-04,1530,2028-01-21,1.3808219178,373.6848942136,360.0000000000,0.2577217689
daily,JPM,2026-09-04,1530,2028-01-21,1.3808219178,373.6848942136,370.0000000000,0.2550313635
daily,JPM,2026-09-04,1530,2028-01-21,1.3808219178,373.6848942136,380.0000000000,0.2525635333
daily,JPM,2026-09-04,1530,2028-01-21,1.3808219178,373.6848942136,390.0000000000,0.2510219265
daily,JPM,2026-09-04,1530,2028-01-21,1.3808219178,373.6848942136,400.0000000000,0.2497758214
daily,JPM,2026-09-04,1530,2028-01-21,1.3808219178,373.6848942136,410.0000000000,0.2466789750
daily,JPM,2026-09-04,1530,2028-01-21,1.3808219178,373.6848942136,420.0000000000,0.2456064335
daily,JPM,2026-09-04,1530,2028-01-21,1.3808219178,373.6848942136,430.0000000000,0.2433737206
daily,JPM,2026-09-04,1530,2028-01-21,1.3808219178,373.6848942136,440.0000000000,0.2428693265
daily,JPM,2026-09-04,1530,2028-01-21,1.3808219178,373.6848942136,450.0000000000,0.2407268810
daily,JPM,2026-09-04,1530,2028-01-21,1.3808219178,373.6848942136,460.0000000000,0.2387106261
daily,JPM,2026-09-04,1530,2028-01-21,1.3808219178,373.6848942136,470.0000000000,0.2379975896
daily,JPM,2026-09-04,1530,2028-01-21,1.3808219178,373.6848942136,480.0000000000,0.2382241713
daily,JPM,2026-09-04,1530,2028-01-21,1.3808219178,373.6848942136,490.0000000000,0.2370756811
daily,JPM,2026-09-04,1530,2028-01-21,1.3808219178,373.6848942136,500.0000000000,0.2354474921
daily,JPM,2026-09-04,1530,2028-01-21,1.3808219178,373.6848942136,520.0000000000,0.2328563474
daily,JPM,2026-09-04,1530,2028-01-21,1.3808219178,373.6848942136,540.0000000000,0.2339718936
daily,JPM,2026-09-08,1530,2026-09-11,0.0082191781,355.6457005861,345.0000000000,0.2706297633
daily,JPM,2026-09-08,1530,2026-09-11,0.0082191781,355.6457005861,347.5000000000,0.2651737408
daily,JPM,2026-09-08,1530,2026-09-11,0.0082191781,355.6457005861,350.0000000000,0.2596869368
daily,JPM,2026-09-08,1530,2026-09-11,0.0082191781,355.6457005861,352.5000000000,0.2556591668
daily,JPM,2026-09-08,1530,2026-09-11,0.0082191781,355.6457005861,355.0000000000,0.2527642354
daily,JPM,2026-09-08,1530,2026-09-11,0.0082191781,355.6457005861,357.5000000000,0.2506709684
daily,JPM,2026-09-08,1530,2026-09-11,0.0082191781,355.6457005861,360.0000000000,0.2490237134
daily,JPM,2026-09-08,1530,2026-09-11,0.0082191781,355.6457005861,362.5000000000,0.2440783975
daily,JPM,2026-09-08,1530,2026-09-11,0.0082191781,355.6457005861,365.0000000000,0.2422059324
daily,JPM,2026-09-08,1530,2026-09-11,0.0082191781,355.6457005861,370.0000000000,0.2466691173
daily,JPM,2026-09-08,1530,2026-09-18,0.0273972603,355.9132106331,337.5000000000,0.2629205711
daily,JPM,2026-09-08,1530,2026-09-18,0.0273972603,355.9132106331,340.0000000000,0.2625655551
daily,JPM,2026-09-08,1530,2026-09-18,0.0273972603,355.9132106331,345.0000000000,0.2511284646
daily,JPM,2026-09-08,1530,2026-09-18,0.0273972603,355.9132106331,347.5000000000,0.2457616203
daily,JPM,2026-09-08,1530,2026-09-18,0.0273972603,355.9132106331,350.0000000000,0.2429439047
daily,JPM,2026-09-08,1530,2026-09-18,0.0273972603,355.9132106331,352.5000000000,0.2399440691
daily,JPM,2026-09-08,1530,2026-09-18,0.0273972603,355.9132106331,355.0000000000,0.2355230722
daily,JPM,2026-09-08,1530,2026-09-18,0.0273972603,355.9132106331,357.5000000000,0.2337374345
daily,JPM,2026-09-08,1530,2026-09-18,0.0273972603,355.9132106331,360.0000000000,0.2340204149
daily,JPM,2026-09-08,1530,2026-09-18,0.0273972603,355.9132106331,362.5000000000,0.2304880415
daily,JPM,2026-09-08,1530,2026-09-18,0.0273972603,355.9132106331,365.0000000000,0.2238881735
daily,JPM,2026-09-08,1530,2026-09-18,0.0273972603,355.9132106331,367.5000000000,0.2265811039
daily,JPM,2026-09-08,1530,2026-09-18,0.0273972603,355.9132106331,370.0000000000,0.2262859346
daily,JPM,2026-09-08,1530,2026-09-18,0.0273972603,355.9132106331,372.5000000000,0.2249581685
daily,JPM,2026-09-08,1530,2026-09-18,0.0273972603,355.9132106331,375.0000000000,0.2270715024
daily,JPM,2026-09-08,1530,2026-09-25,0.0465753425,356.2904632141,340.0000000000,0.2477601423
daily,JPM,2026-09-08,1530,2026-09-25,0.0465753425,356.2904632141,345.0000000000,0.2389274313
daily,JPM,2026-09-08,1530,2026-09-25,0.0465753425,356.2904632141,350.0000000000,0.2329288910
daily,JPM,2026-09-08,1530,2026-09-25,0.0465753425,356.2904632141,355.0000000000,0.2274129702
daily,JPM,2026-09-08,1530,2026-09-25,0.0465753425,356.2904632141,360.0000000000,0.2237916923
daily,JPM,2026-09-08,1530,2026-09-25,0.0465753425,356.2904632141,365.0000000000,0.2212665928
daily,JPM,2026-09-08,1530,2026-09-25,0.0465753425,356.2904632141,370.0000000000,0.2175658414
daily,JPM,2026-09-08,1530,2026-10-02,0.0657534247,356.6622621805,335.0000000000,0.2459836209
daily,JPM,2026-09-08,1530,2026-10-02,0.0657534247,356.6622621805,340.0000000000,0.2403212990
daily,JPM,2026-09-08,1530,2026-10-02,0.0657534247,356.6622621805,345.0000000000,0.2344590604
daily,JPM,2026-09-08,1530,2026-10-02,0.0657534247,356.6622621805,350.0000000000,0.2294682318
daily,JPM,2026-09-08,1530,2026-10-02,0.0657534247,356.6622621805,355.0000000000,0.2265097463
daily,JPM,2026-09-08,1530,2026-10-02,0.0657534247,356.6622621805,360.0000000000,0.2196389209
daily,JPM,2026-09-08,1530,2026-10-02,0.0657534247,356.6622621805,365.0000000000,0.2167180881
daily,JPM,2026-09-08,1530,2026-10-02,0.0657534247,356.6622621805,370.0000000000,0.2134161070
daily,JPM,2026-09-08,1530,2026-10-02,0.0657534247,356.6622621805,375.0000000000,0.2107551975
daily,JPM,2026-09-08,1530,2026-10-09,0.0849315068,355.6632698258,325.0000000000,0.2550300716
daily,JPM,2026-09-08,1530,2026-10-09,0.0849315068,355.6632698258,330.0000000000,0.2470238404
daily,JPM,2026-09-08,1530,2026-10-09,0.0849315068,355.6632698258,335.0000000000,0.2408520968
daily,JPM,2026-09-08,1530,2026-10-09,0.0849315068,355.6632698258,340.0000000000,0.2360558685
daily,JPM,2026-09-08,1530,2026-10-09,0.0849315068,355.6632698258,345.0000000000,0.2298985128
daily,JPM,2026-09-08,1530,2026-10-09,0.0849315068,355.6632698258,350.0000000000,0.2279510029
daily,JPM,2026-09-08,1530,2026-10-09,0.0849315068,355.6632698258,355.0000000000,0.2282351685
daily,JPM,2026-09-08,1530,2026-10-09,0.0849315068,355.6632698258,360.0000000000,0.2182141115
daily,JPM,2026-09-08,1530,2026-10-09,0.0849315068,355.6632698258,365.0000000000,0.2172310856
daily,JPM,2026-09-08,1530,2026-10-09,0.0849315068,355.6632698258,375.0000000000,0.2095632582
daily,JPM,2026-09-08,1530,2026-10-16,0.1041095890,355.4558244702,285.0000000000,0.3498044693
daily,JPM,2026-09-08,1530,2026-10-16,0.1041095890,355.4558244702,300.0000000000,0.3223316068
daily,JPM,2026-09-08,1530,2026-10-16,0.1041095890,355.4558244702,315.0000000000,0.2971843695
daily,JPM,2026-09-08,1530,2026-10-16,0.1041095890,355.4558244702,320.0000000000,0.2878606637
daily,JPM,2026-09-08,1530,2026-10-16,0.1041095890,355.4558244702,325.0000000000,0.2844890501
daily,JPM,2026-09-08,1530,2026-10-16,0.1041095890,355.4558244702,330.0000000000,0.2778991372
daily,JPM,2026-09-08,1530,2026-10-16,0.1041095890,355.4558244702,335.0000000000,0.2749659748
daily,JPM,2026-09-08,1530,2026-10-16,0.1041095890,355.4558244702,340.0000000000,0.2707999515
daily,JPM,2026-09-08,1530,2026-10-16,0.1041095890,355.4558244702,345.0000000000,0.2654471595
daily,JPM,2026-09-08,1530,2026-10-16,0.1041095890,355.4558244702,350.0000000000,0.2607741391
daily,JPM,2026-09-08,1530,2026-10-16,0.1041095890,355.4558244702,355.0000000000,0.2566473726
daily,JPM,2026-09-08,1530,2026-10-16,0.1041095890,355.4558244702,360.0000000000,0.2529830467
daily,JPM,2026-09-08,1530,2026-10-16,0.1041095890,355.4558244702,365.0000000000,0.2484834581
daily,JPM,2026-09-08,1530,2026-10-16,0.1041095890,355.4558244702,370.0000000000,0.2460539581
daily,JPM,2026-09-08,1530,2026-10-16,0.1041095890,355.4558244702,375.0000000000,0.2422484804
daily,JPM,2026-09-08,1530,2026-10-16,0.1041095890,355.4558244702,380.0000000000,0.2406934123
daily,JPM,2026-09-08,1530,2026-10-16,0.1041095890,355.4558244702,385.0000000000,0.2420333515
daily,JPM,2026-09-08,1530,2026-10-16,0.1041095890,355.4558244702,390.0000000000,0.2394378057
daily,JPM,2026-09-08,1530,2026-10-16,0.1041095890,355.4558244702,400.0000000000,0.2416262819
daily,JPM,2026-09-08,1530,2026-10-16,0.1041095890,355.4558244702,405.0000000000,0.2425377429
daily,JPM,2026-09-08,1530,2026-10-16,0.1041095890,355.4558244702,410.0000000000,0.2442051713
daily,JPM,2026-09-08,1530,2026-10-23,0.1232876712,355.7988624536,285.2750435315,0.3214481239
daily,JPM,2026-09-08,1530,2026-10-23,0.1232876712,355.7988624536,300.2895195069,0.2962023055
daily,JPM,2026-09-08,1530,2026-10-23,0.1232876712,355.7988624536,315.0000000000,0.2936034493
daily,JPM,2026-09-08,1530,2026-10-23,0.1232876712,355.7988624536,320.0000000000,0.2883780984
daily,JPM,2026-09-08,1530,2026-10-23,0.1232876712,355.7988624536,330.0000000000,0.2792287276
daily,JPM,2026-09-08,1530,2026-10-23,0.1232876712,355.7988624536,335.0000000000,0.2717207540
daily,JPM,2026-09-08,1530,2026-10-23,0.1232876712,355.7988624536,340.0000000000,0.2680864117
daily,JPM,2026-09-08,1530,2026-10-23,0.1232876712,355.7988624536,345.0000000000,0.2588931099
daily,JPM,2026-09-08,1530,2026-10-23,0.1232876712,355.7988624536,350.0000000000,0.2575440254
daily,JPM,2026-09-08,1530,2026-10-23,0.1232876712,355.7988624536,355.0000000000,0.2500221924
daily,JPM,2026-09-08,1530,2026-10-23,0.1232876712,355.7988624536,360.0000000000,0.2504317991
daily,JPM,2026-09-08,1530,2026-10-23,0.1232876712,355.7988624536,365.0000000000,0.2444444553
daily,JPM,2026-09-08,1530,2026-11-20,0.2000000000,356.9081849040,290.0000000000,0.3137693098
daily,JPM,2026-09-08,1530,2026-11-20,0.2000000000,356.9081849040,295.0000000000,0.3061382928
daily,JPM,2026-09-08,1530,2026-11-20,0.2000000000,356.9081849040,300.0000000000,0.3000442533
daily,JPM,2026-09-08,1530,2026-11-20,0.2000000000,356.9081849040,305.0000000000,0.2963539988
daily,JPM,2026-09-08,1530,2026-11-20,0.2000000000,356.9081849040,310.0000000000,0.2896141505
daily,JPM,2026-09-08,1530,2026-11-20,0.2000000000,356.9081849040,315.0000000000,0.2820146810
daily,JPM,2026-09-08,1530,2026-11-20,0.2000000000,356.9081849040,320.0000000000,0.2771971176
daily,JPM,2026-09-08,1530,2026-11-20,0.2000000000,356.9081849040,325.0000000000,0.2723574681
daily,JPM,2026-09-08,1530,2026-11-20,0.2000000000,356.9081849040,330.0000000000,0.2681594413
daily,JPM,2026-09-08,1530,2026-11-20,0.2000000000,356.9081849040,335.0000000000,0.2632608619
daily,JPM,2026-09-08,1530,2026-11-20,0.2000000000,356.9081849040,340.0000000000,0.2600669928
daily,JPM,2026-09-08,1530,2026-11-20,0.2000000000,356.9081849040,345.0000000000,0.2562640711
daily,JPM,2026-09-08,1530,2026-11-20,0.2000000000,356.9081849040,350.0000000000,0.2525279949
daily,JPM,2026-09-08,1530,2026-11-20,0.2000000000,356.9081849040,355.0000000000,0.2490397557
daily,JPM,2026-09-08,1530,2026-11-20,0.2000000000,356.9081849040,360.0000000000,0.2447396440
daily,JPM,2026-09-08,1530,2026-11-20,0.2000000000,356.9081849040,365.0000000000,0.2419558671
daily,JPM,2026-09-08,1530,2026-11-20,0.2000000000,356.9081849040,370.0000000000,0.2366949948
daily,JPM,2026-09-08,1530,2026-11-20,0.2000000000,356.9081849040,375.0000000000,0.2364043223
daily,JPM,2026-09-08,1530,2026-11-20,0.2000000000,356.9081849040,380.0000000000,0.2343675278
daily,JPM,2026-09-08,1530,2026-11-20,0.2000000000,356.9081849040,385.0000000000,0.2315056819
daily,JPM,2026-09-08,1530,2026-11-20,0.2000000000,356.9081849040,390.0000000000,0.2301226312
daily,JPM,2026-09-08,1530,2026-11-20,0.2000000000,356.9081849040,395.0000000000,0.2281120683
daily,JPM,2026-09-08,1530,2026-11-20,0.2000000000,356.9081849040,400.0000000000,0.2302527003
daily,JPM,2026-09-08,1530,2026-11-20,0.2000000000,356.9081849040,405.0000000000,0.2291160160
daily,JPM,2026-09-08,1530,2026-11-20,0.2000000000,356.9081849040,410.0000000000,0.2308648885
daily,JPM,2026-09-08,1530,2026-12-18,0.2767123288,357.8548692728,265.0000000000,0.3335753121
daily,JPM,2026-09-08,1530,2026-12-18,0.2767123288,357.8548692728,275.0000000000,0.3199363468
daily,JPM,2026-09-08,1530,2026-12-18,0.2767123288,357.8548692728,280.0000000000,0.3137956404
daily,JPM,2026-09-08,1530,2026-12-18,0.2767123288,357.8548692728,285.0000000000,0.3075189949
daily,JPM,2026-09-08,1530,2026-12-18,0.2767123288,357.8548692728,290.0000000000,0.3003017294
daily,JPM,2026-09-08,1530,2026-12-18,0.2767123288,357.8548692728,295.0000000000,0.2958916567
daily,JPM,2026-09-08,1530,2026-12-18,0.2767123288,357.8548692728,300.0000000000,0.2893859021
daily,JPM,2026-09-08,1530,2026-12-18,0.2767123288,357.8548692728,305.0000000000,0.2851436123
daily,JPM,2026-09-08,1530,2026-12-18,0.2767123288,357.8548692728,310.0000000000,0.2787110092
daily,JPM,2026-09-08,1530,2026-12-18,0.2767123288,357.8548692728,315.0000000000,0.2728630282
daily,JPM,2026-09-08,1530,2026-12-18,0.2767123288,357.8548692728,320.0000000000,0.2679464868
daily,JPM,2026-09-08,1530,2026-12-18,0.2767123288,357.8548692728,325.0000000000,0.2652209373
daily,JPM,2026-09-08,1530,2026-12-18,0.2767123288,357.8548692728,330.0000000000,0.2599079844
daily,JPM,2026-09-08,1530,2026-12-18,0.2767123288,357.8548692728,335.0000000000,0.2560108162
daily,JPM,2026-09-08,1530,2026-12-18,0.2767123288,357.8548692728,340.0000000000,0.2535552872
daily,JPM,2026-09-08,1530,2026-12-18,0.2767123288,357.8548692728,345.0000000000,0.2516734425
daily,JPM,2026-09-08,1530,2026-12-18,0.2767123288,357.8548692728,350.0000000000,0.2472120071
daily,JPM,2026-09-08,1530,2026-12-18,0.2767123288,357.8548692728,355.0000000000,0.2400516233
daily,JPM,2026-09-08,1530,2026-12-18,0.2767123288,357.8548692728,360.0000000000,0.2418897731
daily,JPM,2026-09-08,1530,2026-12-18,0.2767123288,357.8548692728,365.0000000000,0.2416091927
daily,JPM,2026-09-08,1530,2026-12-18,0.2767123288,357.8548692728,370.0000000000,0.2389478242
daily,JPM,2026-09-08,1530,2026-12-18,0.2767123288,357.8548692728,375.0000000000,0.2365331052
daily,JPM,2026-09-08,1530,2026-12-18,0.2767123288,357.8548692728,380.0000000000,0.2339199916
daily,JPM,2026-09-08,1530,2026-12-18,0.2767123288,357.8548692728,385.0000000000,0.2318213267
daily,JPM,2026-09-08,1530,2026-12-18,0.2767123288,357.8548692728,390.0000000000,0.2327994241
daily,JPM,2026-09-08,1530,2026-12-18,0.2767123288,357.8548692728,395.0000000000,0.2311713257
daily,JPM,2026-09-08,1530,2026-12-18,0.2767123288,357.8548692728,400.0000000000,0.2283328009
daily,JPM,2026-09-08,1530,2026-12-18,0.2767123288,357.8548692728,405.0000000000,0.2283676181
daily,JPM,2026-09-08,1530,2026-12-18,0.2767123288,357.8548692728,410.0000000000,0.2257116767
daily,JPM,2026-09-08,1530,2026-12-18,0.2767123288,357.8548692728,415.0000000000,0.2276594598
daily,JPM,2026-09-08,1530,2026-12-18,0.2767123288,357.8548692728,420.0000000000,0.2275061104
daily,JPM,2026-09-08,1530,2027-01-15,0.3534246575,358.2545546201,240.0000000000,0.3650608476
daily,JPM,2026-09-08,1530,2027-01-15,0.3534246575,358.2545546201,250.0000000000,0.3489621434
daily,JPM,2026-09-08,1530,2027-01-15,0.3534246575,358.2545546201,260.0000000000,0.3373031984
daily,JPM,2026-09-08,1530,2027-01-15,0.3534246575,358.2545546201,270.0000000000,0.3237790570
daily,JPM,2026-09-08,1530,2027-01-15,0.3534246575,358.2545546201,280.0000000000,0.3124560662
daily,JPM,2026-09-08,1530,2027-01-15,0.3534246575,358.2545546201,290.0000000000,0.3027225236
daily,JPM,2026-09-08,1530,2027-01-15,0.3534246575,358.2545546201,300.0000000000,0.2917964093
daily,JPM,2026-09-08,1530,2027-01-15,0.3534246575,358.2545546201,310.0000000000,0.2828281769
daily,JPM,2026-09-08,1530,2027-01-15,0.3534246575,358.2545546201,320.0000000000,0.2732217717
daily,JPM,2026-09-08,1530,2027-01-15,0.3534246575,358.2545546201,330.0000000000,0.2686061830
daily,JPM,2026-09-08,1530,2027-01-15,0.3534246575,358.2545546201,340.0000000000,0.2617675943
daily,JPM,2026-09-08,1530,2027-01-15,0.3534246575,358.2545546201,350.0000000000,0.2564994664
daily,JPM,2026-09-08,1530,2027-01-15,0.3534246575,358.2545546201,360.0000000000,0.2484677703
daily,JPM,2026-09-08,1530,2027-01-15,0.3534246575,358.2545546201,370.0000000000,0.2460779934
daily,JPM,2026-09-08,1530,2027-01-15,0.3534246575,358.2545546201,380.0000000000,0.2434572910
daily,JPM,2026-09-08,1530,2027-01-15,0.3534246575,358.2545546201,390.0000000000,0.2378805416
daily,JPM,2026-09-08,1530,2027-01-15,0.3534246575,358.2545546201,400.0000000000,0.2346702281
daily,JPM,2026-09-08,1530,2027-01-15,0.3534246575,358.2545546201,410.0000000000,0.2343028177
daily,JPM,2026-09-08,1530,2027-01-15,0.3534246575,358.2545546201,430.0000000000,0.2307459308
daily,JPM,2026-09-08,1530,2027-03-19,0.5260273973,360.8454773061,265.0000000000,0.3173567728
daily,JPM,2026-09-08,1530,2027-03-19,0.5260273973,360.8454773061,275.0000000000,0.3064331824
daily,JPM,2026-09-08,1530,2027-03-19,0.5260273973,360.8454773061,280.0000000000,0.3038616282
daily,JPM,2026-09-08,1530,2027-03-19,0.5260273973,360.8454773061,290.0000000000,0.2966298134
daily,JPM,2026-09-08,1530,2027-03-19,0.5260273973,360.8454773061,295.0000000000,0.2917791960
daily,JPM,2026-09-08,1530,2027-03-19,0.5260273973,360.8454773061,300.0000000000,0.2869923200
daily,JPM,2026-09-08,1530,2027-03-19,0.5260273973,360.8454773061,305.0000000000,0.2811330125
daily,JPM,2026-09-08,1530,2027-03-19,0.5260273973,360.8454773061,310.0000000000,0.2804359835
daily,JPM,2026-09-08,1530,2027-03-19,0.5260273973,360.8454773061,315.0000000000,0.2781682673
daily,JPM,2026-09-08,1530,2027-03-19,0.5260273973,360.8454773061,320.0000000000,0.2757399985
daily,JPM,2026-09-08,1530,2027-03-19,0.5260273973,360.8454773061,325.0000000000,0.2719543415
daily,JPM,2026-09-08,1530,2027-03-19,0.5260273973,360.8454773061,330.0000000000,0.2694197608
daily,JPM,2026-09-08,1530,2027-03-19,0.5260273973,360.8454773061,335.0000000000,0.2671101102
daily,JPM,2026-09-08,1530,2027-03-19,0.5260273973,360.8454773061,340.0000000000,0.2640502093
daily,JPM,2026-09-08,1530,2027-03-19,0.5260273973,360.8454773061,345.0000000000,0.2603882352
daily,JPM,2026-09-08,1530,2027-03-19,0.5260273973,360.8454773061,350.0000000000,0.2589879333
daily,JPM,2026-09-08,1530,2027-03-19,0.5260273973,360.8454773061,355.0000000000,0.2578088750
daily,JPM,2026-09-08,1530,2027-03-19,0.5260273973,360.8454773061,360.0000000000,0.2552151335
daily,JPM,2026-09-08,1530,2027-03-19,0.5260273973,360.8454773061,365.0000000000,0.2512333553
daily,JPM,2026-09-08,1530,2027-03-19,0.5260273973,360.8454773061,370.0000000000,0.2500490848
daily,JPM,2026-09-08,1530,2027-03-19,0.5260273973,360.8454773061,375.0000000000,0.2474594272
daily,JPM,2026-09-08,1530,2027-03-19,0.5260273973,360.8454773061,380.0000000000,0.2461830266
daily,JPM,2026-09-08,1530,2027-03-19,0.5260273973,360.8454773061,385.0000000000,0.2443049945
daily,JPM,2026-09-08,1530,2027-03-19,0.5260273973,360.8454773061,390.0000000000,0.2421049145
daily,JPM,2026-09-08,1530,2027-03-19,0.5260273973,360.8454773061,395.0000000000,0.2389140893
daily,JPM,2026-09-08,1530,2027-03-19,0.5260273973,360.8454773061,400.0000000000,0.2399482782
daily,JPM,2026-09-08,1530,2027-03-19,0.5260273973,360.8454773061,405.0000000000,0.2397729817
daily,JPM,2026-09-08,1530,2027-03-19,0.5260273973,360.8454773061,410.0000000000,0.2383185788
daily,JPM,2026-09-08,1530,2027-03-19,0.5260273973,360.8454773061,415.0000000000,0.2375788575
daily,JPM,2026-09-08,1530,2027-03-19,0.5260273973,360.8454773061,420.0000000000,0.2355279743
daily,JPM,2026-09-08,1530,2027-03-19,0.5260273973,360.8454773061,425.0000000000,0.2361566785
daily,JPM,2026-09-08,1530,2027-03-19,0.5260273973,360.8454773061,430.0000000000,0.2356784696
daily,JPM,2026-09-08,1530,2027-03-19,0.5260273973,360.8454773061,435.0000000000,0.2352707180
daily,JPM,2026-09-08,1530,2027-03-19,0.5260273973,360.8454773061,455.0000000000,0.2332603345
daily,JPM,2026-09-08,1530,2027-03-19,0.5260273973,360.8454773061,465.0000000000,0.2343503434
daily,JPM,2026-09-08,1530,2027-06-17,0.7726027397,363.5432750767,270.0000000000,0.3032383410
daily,JPM,2026-09-08,1530,2027-06-17,0.7726027397,363.5432750767,275.0000000000,0.2994253241
daily,JPM,2026-09-08,1530,2027-06-17,0.7726027397,363.5432750767,280.0000000000,0.2948115134
daily,JPM,2026-09-08,1530,2027-06-17,0.7726027397,363.5432750767,285.0000000000,0.2922581206
daily,JPM,2026-09-08,1530,2027-06-17,0.7726027397,363.5432750767,295.0000000000,0.2844257177
daily,JPM,2026-09-08,1530,2027-06-17,0.7726027397,363.5432750767,300.0000000000,0.2805683586
daily,JPM,2026-09-08,1530,2027-06-17,0.7726027397,363.5432750767,305.0000000000,0.2809993225
daily,JPM,2026-09-08,1530,2027-06-17,0.7726027397,363.5432750767,310.0000000000,0.2802106090
daily,JPM,2026-09-08,1530,2027-06-17,0.7726027397,363.5432750767,315.0000000000,0.2783500895
daily,JPM,2026-09-08,1530,2027-06-17,0.7726027397,363.5432750767,320.0000000000,0.2755257029
daily,JPM,2026-09-08,1530,2027-06-17,0.7726027397,363.5432750767,330.0000000000,0.2716735412
daily,JPM,2026-09-08,1530,2027-06-17,0.7726027397,363.5432750767,340.0000000000,0.2647641673
daily,JPM,2026-09-08,1530,2027-06-17,0.7726027397,363.5432750767,350.0000000000,0.2620274565
daily,JPM,2026-09-08,1530,2027-06-17,0.7726027397,363.5432750767,360.0000000000,0.2581974567
daily,JPM,2026-09-08,1530,2027-06-17,0.7726027397,363.5432750767,370.0000000000,0.2527423788
daily,JPM,2026-09-08,1530,2027-06-17,0.7726027397,363.5432750767,380.0000000000,0.2502859430
daily,JPM,2026-09-08,1530,2027-06-17,0.7726027397,363.5432750767,390.0000000000,0.2481575734
daily,JPM,2026-09-08,1530,2027-06-17,0.7726027397,363.5432750767,400.0000000000,0.2467718832
daily,JPM,2026-09-08,1530,2027-06-17,0.7726027397,363.5432750767,410.0000000000,0.2444100797
daily,JPM,2026-09-08,1530,2027-06-17,0.7726027397,363.5432750767,420.0000000000,0.2418125857
daily,JPM,2026-09-08,1530,2027-06-17,0.7726027397,363.5432750767,430.0000000000,0.2409553822
daily,JPM,2026-09-08,1530,2027-06-17,0.7726027397,363.5432750767,440.0000000000,0.2396631578
daily,JPM,2026-09-08,1530,2027-06-17,0.7726027397,363.5432750767,450.0000000000,0.2350208779
daily,JPM,2026-09-08,1530,2027-06-17,0.7726027397,363.5432750767,500.0000000000,0.2398376688
daily,JPM,2026-09-08,1530,2027-09-17,1.0246575342,366.4675312330,240.0000000000,0.3221979800
daily,JPM,2026-09-08,1530,2027-09-17,1.0246575342,366.4675312330,250.0000000000,0.3122005274
daily,JPM,2026-09-08,1530,2027-09-17,1.0246575342,366.4675312330,255.0000000000,0.3065087894
daily,JPM,2026-09-08,1530,2027-09-17,1.0246575342,366.4675312330,260.0000000000,0.3044417826
daily,JPM,2026-09-08,1530,2027-09-17,1.0246575342,366.4675312330,265.0000000000,0.3015564413
daily,JPM,2026-09-08,1530,2027-09-17,1.0246575342,366.4675312330,270.0000000000,0.2979666090
daily,JPM,2026-09-08,1530,2027-09-17,1.0246575342,366.4675312330,275.0000000000,0.2937593317
daily,JPM,2026-09-08,1530,2027-09-17,1.0246575342,366.4675312330,280.0000000000,0.2911834878
daily,JPM,2026-09-08,1530,2027-09-17,1.0246575342,366.4675312330,285.0000000000,0.2878915714
daily,JPM,2026-09-08,1530,2027-09-17,1.0246575342,366.4675312330,290.0000000000,0.2875074591
daily,JPM,2026-09-08,1530,2027-09-17,1.0246575342,366.4675312330,295.0000000000,0.2862068146
daily,JPM,2026-09-08,1530,2027-09-17,1.0246575342,366.4675312330,300.0000000000,0.2840987523
daily,JPM,2026-09-08,1530,2027-09-17,1.0246575342,366.4675312330,305.0000000000,0.2812664314
daily,JPM,2026-09-08,1530,2027-09-17,1.0246575342,366.4675312330,310.0000000000,0.2784530177
daily,JPM,2026-09-08,1530,2027-09-17,1.0246575342,366.4675312330,315.0000000000,0.2765655582
daily,JPM,2026-09-08,1530,2027-09-17,1.0246575342,366.4675312330,320.0000000000,0.2739569004
daily,JPM,2026-09-08,1530,2027-09-17,1.0246575342,366.4675312330,330.0000000000,0.2667712633
daily,JPM,2026-09-08,1530,2027-09-17,1.0246575342,366.4675312330,340.0000000000,0.2652011397
daily,JPM,2026-09-08,1530,2027-09-17,1.0246575342,366.4675312330,350.0000000000,0.2618510687
daily,JPM,2026-09-08,1530,2027-09-17,1.0246575342,366.4675312330,360.0000000000,0.2576219274
daily,JPM,2026-09-08,1530,2027-09-17,1.0246575342,366.4675312330,370.0000000000,0.2514374066
daily,JPM,2026-09-08,1530,2027-09-17,1.0246575342,366.4675312330,380.0000000000,0.2496628493
daily,JPM,2026-09-08,1530,2027-09-17,1.0246575342,366.4675312330,390.0000000000,0.2494187319
daily,JPM,2026-09-08,1530,2027-09-17,1.0246575342,366.4675312330,400.0000000000,0.2465510321
daily,JPM,2026-09-08,1530,2027-09-17,1.0246575342,366.4675312330,410.0000000000,0.2424167362
daily,JPM,2026-09-08,1530,2027-09-17,1.0246575342,366.4675312330,420.0000000000,0.2430088582
daily,JPM,2026-09-08,1530,2027-09-17,1.0246575342,366.4675312330,430.0000000000,0.2422941157
daily,JPM,2026-09-08,1530,2027-09-17,1.0246575342,366.4675312330,440.0000000000,0.2391930923
daily,JPM,2026-09-08,1530,2027-09-17,1.0246575342,366.4675312330,450.0000000000,0.2389762879
daily,JPM,2026-09-08,1530,2027-09-17,1.0246575342,366.4675312330,460.0000000000,0.2385025827
daily,JPM,2026-09-08,1530,2027-09-17,1.0246575342,366.4675312330,480.0000000000,0.2390840811
daily,JPM,2026-09-08,1530,2027-09-17,1.0246575342,366.4675312330,490.0000000000,0.2364002265
daily,JPM,2026-09-08,1530,2027-09-17,1.0246575342,366.4675312330,500.0000000000,0.2389307113
daily,JPM,2026-09-08,1530,2027-12-17,1.2739726027,369.0827415279,230.0000000000,0.3225652327
daily,JPM,2026-09-08,1530,2027-12-17,1.2739726027,369.0827415279,240.0000000000,0.3163518837
daily,JPM,2026-09-08,1530,2027-12-17,1.2739726027,369.0827415279,250.0000000000,0.3092121695
daily,JPM,2026-09-08,1530,2027-12-17,1.2739726027,369.0827415279,260.0000000000,0.3001496418
daily,JPM,2026-09-08,1530,2027-12-17,1.2739726027,369.0827415279,270.0000000000,0.2959313949
daily,JPM,2026-09-08,1530,2027-12-17,1.2739726027,369.0827415279,280.0000000000,0.2893129875
daily,JPM,2026-09-08,1530,2027-12-17,1.2739726027,369.0827415279,290.0000000000,0.2868299576
daily,JPM,2026-09-08,1530,2027-12-17,1.2739726027,369.0827415279,300.0000000000,0.2817878734
daily,JPM,2026-09-08,1530,2027-12-17,1.2739726027,369.0827415279,310.0000000000,0.2790039510
daily,JPM,2026-09-08,1530,2027-12-17,1.2739726027,369.0827415279,320.0000000000,0.2738485100
daily,JPM,2026-09-08,1530,2027-12-17,1.2739726027,369.0827415279,330.0000000000,0.2689872212
daily,JPM,2026-09-08,1530,2027-12-17,1.2739726027,369.0827415279,340.0000000000,0.2661183601
daily,JPM,2026-09-08,1530,2027-12-17,1.2739726027,369.0827415279,350.0000000000,0.2633779038
daily,JPM,2026-09-08,1530,2027-12-17,1.2739726027,369.0827415279,360.0000000000,0.2586824183
daily,JPM,2026-09-08,1530,2027-12-17,1.2739726027,369.0827415279,370.0000000000,0.2561073971
daily,JPM,2026-09-08,1530,2027-12-17,1.2739726027,369.0827415279,380.0000000000,0.2522228159
daily,JPM,2026-09-08,1530,2027-12-17,1.2739726027,369.0827415279,390.0000000000,0.2506229159
daily,JPM,2026-09-08,1530,2027-12-17,1.2739726027,369.0827415279,400.0000000000,0.2469294316
daily,JPM,2026-09-08,1530,2027-12-17,1.2739726027,369.0827415279,410.0000000000,0.2458528573
daily,JPM,2026-09-08,1530,2027-12-17,1.2739726027,369.0827415279,420.0000000000,0.2437903007
daily,JPM,2026-09-08,1530,2027-12-17,1.2739726027,369.0827415279,430.0000000000,0.2425557838
daily,JPM,2026-09-08,1530,2027-12-17,1.2739726027,369.0827415279,440.0000000000,0.2415904317
daily,JPM,2026-09-08,1530,2027-12-17,1.2739726027,369.0827415279,450.0000000000,0.2406713699
daily,JPM,2026-09-08,1530,2027-12-17,1.2739726027,369.0827415279,460.0000000000,0.2408715198
daily,JPM,2026-09-08,1530,2027-12-17,1.2739726027,369.0827415279,470.0000000000,0.2403483305
daily,JPM,2026-09-08,1530,2027-12-17,1.2739726027,369.0827415279,490.0000000000,0.2382793544
daily,JPM,2026-09-08,1530,2027-12-17,1.2739726027,369.0827415279,500.0000000000,0.2395901279
daily,JPM,2026-09-08,1530,2027-12-17,1.2739726027,369.0827415279,520.0000000000,0.2384351082
daily,JPM,2026-09-08,1530,2028-01-21,1.3698630137,369.8132687503,240.0000000000,0.3163507572
daily,JPM,2026-09-08,1530,2028-01-21,1.3698630137,369.8132687503,250.0000000000,0.3059080265
daily,JPM,2026-09-08,1530,2028-01-21,1.3698630137,369.8132687503,260.0000000000,0.3001643609
daily,JPM,2026-09-08,1530,2028-01-21,1.3698630137,369.8132687503,270.0000000000,0.2955203672
daily,JPM,2026-09-08,1530,2028-01-21,1.3698630137,369.8132687503,280.0000000000,0.2887232808
daily,JPM,2026-09-08,1530,2028-01-21,1.3698630137,369.8132687503,290.0000000000,0.2844410633
daily,JPM,2026-09-08,1530,2028-01-21,1.3698630137,369.8132687503,300.0000000000,0.2814732749
daily,JPM,2026-09-08,1530,2028-01-21,1.3698630137,369.8132687503,310.0000000000,0.2762583257
daily,JPM,2026-09-08,1530,2028-01-21,1.3698630137,369.8132687503,320.0000000000,0.2736231396
daily,JPM,2026-09-08,1530,2028-01-21,1.3698630137,369.8132687503,330.0000000000,0.2688118569
daily,JPM,2026-09-08,1530,2028-01-21,1.3698630137,369.8132687503,340.0000000000,0.2665674893
daily,JPM,2026-09-08,1530,2028-01-21,1.3698630137,369.8132687503,350.0000000000,0.2628394598
daily,JPM,2026-09-08,1530,2028-01-21,1.3698630137,369.8132687503,360.0000000000,0.2571284822
daily,JPM,2026-09-08,1530,2028-01-21,1.3698630137,369.8132687503,370.0000000000,0.2566412543
daily,JPM,2026-09-08,1530,2028-01-21,1.3698630137,369.8132687503,380.0000000000,0.2541094518
daily,JPM,2026-09-08,1530,2028-01-21,1.3698630137,369.8132687503,390.0000000000,0.2496172234
daily,JPM,2026-09-08,1530,2028-01-21,1.3698630137,369.8132687503,400.0000000000,0.2478458957
daily,JPM,2026-09-08,1530,2028-01-21,1.3698630137,369.8132687503,410.0000000000,0.2485680924
daily,JPM,2026-09-08,1530,2028-01-21,1.3698630137,369.8132687503,420.0000000000,0.2475319625
daily,JPM,2026-09-08,1530,2028-01-21,1.3698630137,369.8132687503,430.0000000000,0.2450542753
daily,JPM,2026-09-08,1530,2028-01-21,1.3698630137,369.8132687503,440.0000000000,0.2442520729
daily,JPM,2026-09-08,1530,2028-01-21,1.3698630137,369.8132687503,450.0000000000,0.2417758647
daily,JPM,2026-09-08,1530,2028-01-21,1.3698630137,369.8132687503,460.0000000000,0.2416084316
daily,JPM,2026-09-08,1530,2028-01-21,1.3698630137,369.8132687503,470.0000000000,0.2401573743
daily,JPM,2026-09-08,1530,2028-01-21,1.3698630137,369.8132687503,480.0000000000,0.2391038199
daily,JPM,2026-09-08,1530,2028-01-21,1.3698630137,369.8132687503,490.0000000000,0.2396661333
daily,JPM,2026-09-08,1530,2028-01-21,1.3698630137,369.8132687503,500.0000000000,0.2389474598
daily,JPM,2026-09-08,1530,2028-01-21,1.3698630137,369.8132687503,540.0000000000,0.2420662885
daily,JPM,2026-09-09,1530,2026-09-11,0.0054794521,354.8072589671,350.0000000000,0.2653477201
daily,JPM,2026-09-09,1530,2026-09-11,0.0054794521,354.8072589671,355.0000000000,0.2797699418
daily,JPM,2026-09-09,1530,2026-09-11,0.0054794521,354.8072589671,357.5000000000,0.2725584102
daily,JPM,2026-09-09,1530,2026-09-11,0.0054794521,354.8072589671,362.5000000000,0.2625978978
daily,JPM,2026-09-09,1530,2026-09-11,0.0054794521,354.8072589671,365.0000000000,0.2648792695
daily,JPM,2026-09-09,1530,2026-09-11,0.0054794521,354.8072589671,370.0000000000,0.2681947524
daily,JPM,2026-09-09,1530,2026-09-18,0.0246575342,355.4172551035,340.0000000000,0.2706631962
daily,JPM,2026-09-09,1530,2026-09-18,0.0246575342,355.4172551035,345.0000000000,0.2565464389
daily,JPM,2026-09-09,1530,2026-09-18,0.0246575342,355.4172551035,347.5000000000,0.2525966800
daily,JPM,2026-09-09,1530,2026-09-18,0.0246575342,355.4172551035,350.0000000000,0.2493820941
daily,JPM,2026-09-09,1530,2026-09-18,0.0246575342,355.4172551035,352.5000000000,0.2457424977
daily,JPM,2026-09-09,1530,2026-09-18,0.0246575342,355.4172551035,355.0000000000,0.2431303692
daily,JPM,2026-09-09,1530,2026-09-18,0.0246575342,355.4172551035,357.5000000000,0.2424977341
daily,JPM,2026-09-09,1530,2026-09-18,0.0246575342,355.4172551035,360.0000000000,0.2333118502
daily,JPM,2026-09-09,1530,2026-09-18,0.0246575342,355.4172551035,362.5000000000,0.2302076729
daily,JPM,2026-09-09,1530,2026-09-18,0.0246575342,355.4172551035,365.0000000000,0.2280067365
daily,JPM,2026-09-09,1530,2026-09-18,0.0246575342,355.4172551035,367.5000000000,0.2279156176
daily,JPM,2026-09-09,1530,2026-09-18,0.0246575342,355.4172551035,370.0000000000,0.2278909925
daily,JPM,2026-09-09,1530,2026-09-25,0.0438356164,355.7430464226,335.0000000000,0.2597572130
daily,JPM,2026-09-09,1530,2026-09-25,0.0438356164,355.7430464226,340.0000000000,0.2493417733
daily,JPM,2026-09-09,1530,2026-09-25,0.0438356164,355.7430464226,345.0000000000,0.2436629256
daily,JPM,2026-09-09,1530,2026-09-25,0.0438356164,355.7430464226,350.0000000000,0.2375080661
daily,JPM,2026-09-09,1530,2026-09-25,0.0438356164,355.7430464226,355.0000000000,0.2316620330
daily,JPM,2026-09-09,1530,2026-09-25,0.0438356164,355.7430464226,360.0000000000,0.2272665838
daily,JPM,2026-09-09,1530,2026-09-25,0.0438356164,355.7430464226,365.0000000000,0.2222985860
daily,JPM,2026-09-09,1530,2026-09-25,0.0438356164,355.7430464226,370.0000000000,0.2178879872
daily,JPM,2026-09-09,1530,2026-09-25,0.0438356164,355.7430464226,375.0000000000,0.2171637740
daily,JPM,2026-09-09,1530,2026-10-02,0.0630136986,356.0411563369,335.0000000000,0.2459011503
daily,JPM,2026-09-09,1530,2026-10-02,0.0630136986,356.0411563369,340.0000000000,0.2391384602
daily,JPM,2026-09-09,1530,2026-10-02,0.0630136986,356.0411563369,345.0000000000,0.2346346246
daily,JPM,2026-09-09,1530,2026-10-02,0.0630136986,356.0411563369,350.0000000000,0.2286059304
daily,JPM,2026-09-09,1530,2026-10-02,0.0630136986,356.0411563369,355.0000000000,0.2255506040
daily,JPM,2026-09-09,1530,2026-10-02,0.0630136986,356.0411563369,360.0000000000,0.2219999646
daily,JPM,2026-09-09,1530,2026-10-02,0.0630136986,356.0411563369,365.0000000000,0.2171424783
daily,JPM,2026-09-09,1530,2026-10-02,0.0630136986,356.0411563369,370.0000000000,0.2138356503
daily,JPM,2026-09-09,1530,2026-10-02,0.0630136986,356.0411563369,375.0000000000,0.2104648626
daily,JPM,2026-09-09,1530,2026-10-02,0.0630136986,356.0411563369,380.0000000000,0.2068399430
daily,JPM,2026-09-09,1530,2026-10-02,0.0630136986,356.0411563369,385.0000000000,0.2097949698
daily,JPM,2026-09-09,1530,2026-10-09,0.0821917808,355.2377711345,330.0000000000,0.2540561736
daily,JPM,2026-09-09,1530,2026-10-09,0.0821917808,355.2377711345,335.0000000000,0.2486564010
daily,JPM,2026-09-09,1530,2026-10-09,0.0821917808,355.2377711345,340.0000000000,0.2451323614
daily,JPM,2026-09-09,1530,2026-10-09,0.0821917808,355.2377711345,345.0000000000,0.2408669533
daily,JPM,2026-09-09,1530,2026-10-09,0.0821917808,355.2377711345,350.0000000000,0.2378276974
daily,JPM,2026-09-09,1530,2026-10-09,0.0821917808,355.2377711345,355.0000000000,0.2351484042
daily,JPM,2026-09-09,1530,2026-10-09,0.0821917808,355.2377711345,360.0000000000,0.2270387557
daily,JPM,2026-09-09,1530,2026-10-09,0.0821917808,355.2377711345,365.0000000000,0.2234258366
daily,JPM,2026-09-09,1530,2026-10-09,0.0821917808,355.2377711345,370.0000000000,0.2156983021
daily,JPM,2026-09-09,1530,2026-10-09,0.0821917808,355.2377711345,375.0000000000,0.2122435167
daily,JPM,2026-09-09,1530,2026-10-09,0.0821917808,355.2377711345,380.0000000000,0.2100297764
daily,JPM,2026-09-09,1530,2026-10-09,0.0821917808,355.2377711345,385.0000000000,0.2106030203
daily,JPM,2026-09-09,1530,2026-10-16,0.1013698630,354.9695376218,300.0000000000,0.3246005269
daily,JPM,2026-09-09,1530,2026-10-16,0.1013698630,354.9695376218,305.0000000000,0.3111626000
daily,JPM,2026-09-09,1530,2026-10-16,0.1013698630,354.9695376218,310.0000000000,0.3092030705
daily,JPM,2026-09-09,1530,2026-10-16,0.1013698630,354.9695376218,315.0000000000,0.3011322069
daily,JPM,2026-09-09,1530,2026-10-16,0.1013698630,354.9695376218,320.0000000000,0.2944399178
daily,JPM,2026-09-09,1530,2026-10-16,0.1013698630,354.9695376218,325.0000000000,0.2872292219
daily,JPM,2026-09-09,1530,2026-10-16,0.1013698630,354.9695376218,330.0000000000,0.2811032064
daily,JPM,2026-09-09,1530,2026-10-16,0.1013698630,354.9695376218,335.0000000000,0.2761455577
daily,JPM,2026-09-09,1530,2026-10-16,0.1013698630,354.9695376218,340.0000000000,0.2727019740
daily,JPM,2026-09-09,1530,2026-10-16,0.1013698630,354.9695376218,345.0000000000,0.2679255891
daily,JPM,2026-09-09,1530,2026-10-16,0.1013698630,354.9695376218,350.0000000000,0.2635256492
daily,JPM,2026-09-09,1530,2026-10-16,0.1013698630,354.9695376218,355.0000000000,0.2586341624
daily,JPM,2026-09-09,1530,2026-10-16,0.1013698630,354.9695376218,360.0000000000,0.2574183368
daily,JPM,2026-09-09,1530,2026-10-16,0.1013698630,354.9695376218,365.0000000000,0.2522635973
daily,JPM,2026-09-09,1530,2026-10-16,0.1013698630,354.9695376218,370.0000000000,0.2480334959
daily,JPM,2026-09-09,1530,2026-10-16,0.1013698630,354.9695376218,375.0000000000,0.2440136097
daily,JPM,2026-09-09,1530,2026-10-16,0.1013698630,354.9695376218,380.0000000000,0.2427144758
daily,JPM,2026-09-09,1530,2026-10-16,0.1013698630,354.9695376218,385.0000000000,0.2416429488
daily,JPM,2026-09-09,1530,2026-10-16,0.1013698630,354.9695376218,390.0000000000,0.2394247374
daily,JPM,2026-09-09,1530,2026-10-16,0.1013698630,354.9695376218,395.0000000000,0.2411450507
daily,JPM,2026-09-09,1530,2026-10-16,0.1013698630,354.9695376218,400.0000000000,0.2436783432
daily,JPM,2026-09-09,1530,2026-10-16,0.1013698630,354.9695376218,405.0000000000,0.2439741826
daily,JPM,2026-09-09,1530,2026-10-23,0.1205479452,354.9232683342,310.0000000000,0.3028306227
daily,JPM,2026-09-09,1530,2026-10-23,0.1205479452,354.9232683342,315.0000000000,0.2969918251
daily,JPM,2026-09-09,1530,2026-10-23,0.1205479452,354.9232683342,320.0000000000,0.2901383876
daily,JPM,2026-09-09,1530,2026-10-23,0.1205479452,354.9232683342,325.0000000000,0.2836181694
daily,JPM,2026-09-09,1530,2026-10-23,0.1205479452,354.9232683342,330.0000000000,0.2779252434
daily,JPM,2026-09-09,1530,2026-10-23,0.1205479452,354.9232683342,335.0000000000,0.2736403424
daily,JPM,2026-09-09,1530,2026-10-23,0.1205479452,354.9232683342,340.0000000000,0.2662255441
daily,JPM,2026-09-09,1530,2026-10-23,0.1205479452,354.9232683342,345.0000000000,0.2659696025
daily,JPM,2026-09-09,1530,2026-10-23,0.1205479452,354.9232683342,350.0000000000,0.2595699755
daily,JPM,2026-09-09,1530,2026-10-23,0.1205479452,354.9232683342,355.0000000000,0.2540760834
daily,JPM,2026-09-09,1530,2026-10-23,0.1205479452,354.9232683342,360.0000000000,0.2514108401
daily,JPM,2026-09-09,1530,2026-10-23,0.1205479452,354.9232683342,365.0000000000,0.2475007411
daily,JPM,2026-09-09,1530,2026-10-23,0.1205479452,354.9232683342,370.0000000000,0.2467501122
daily,JPM,2026-09-09,1530,2026-10-23,0.1205479452,354.9232683342,375.0000000000,0.2438468254
daily,JPM,2026-09-09,1530,2026-10-23,0.1205479452,354.9232683342,380.0000000000,0.2408840310
daily,JPM,2026-09-09,1530,2026-10-23,0.1205479452,354.9232683342,390.0000000000,0.2386654716
daily,JPM,2026-09-09,1530,2026-11-20,0.1972602740,356.3149864289,280.0000000000,0.3258291158
daily,JPM,2026-09-09,1530,2026-11-20,0.1972602740,356.3149864289,285.0000000000,0.3203468343
daily,JPM,2026-09-09,1530,2026-11-20,0.1972602740,356.3149864289,290.0000000000,0.3130551998
daily,JPM,2026-09-09,1530,2026-11-20,0.1972602740,356.3149864289,300.0000000000,0.2976642947
daily,JPM,2026-09-09,1530,2026-11-20,0.1972602740,356.3149864289,305.0000000000,0.2952540918
daily,JPM,2026-09-09,1530,2026-11-20,0.1972602740,356.3149864289,310.0000000000,0.2894336029
daily,JPM,2026-09-09,1530,2026-11-20,0.1972602740,356.3149864289,315.0000000000,0.2809109534
daily,JPM,2026-09-09,1530,2026-11-20,0.1972602740,356.3149864289,320.0000000000,0.2747572342
daily,JPM,2026-09-09,1530,2026-11-20,0.1972602740,356.3149864289,325.0000000000,0.2704516022
daily,JPM,2026-09-09,1530,2026-11-20,0.1972602740,356.3149864289,330.0000000000,0.2666041515
daily,JPM,2026-09-09,1530,2026-11-20,0.1972602740,356.3149864289,335.0000000000,0.2621140425
daily,JPM,2026-09-09,1530,2026-11-20,0.1972602740,356.3149864289,340.0000000000,0.2581944190
daily,JPM,2026-09-09,1530,2026-11-20,0.1972602740,356.3149864289,345.0000000000,0.2549436693
daily,JPM,2026-09-09,1530,2026-11-20,0.1972602740,356.3149864289,350.0000000000,0.2512223241
daily,JPM,2026-09-09,1530,2026-11-20,0.1972602740,356.3149864289,355.0000000000,0.2468787779
daily,JPM,2026-09-09,1530,2026-11-20,0.1972602740,356.3149864289,360.0000000000,0.2453435747
daily,JPM,2026-09-09,1530,2026-11-20,0.1972602740,356.3149864289,365.0000000000,0.2428095201
daily,JPM,2026-09-09,1530,2026-11-20,0.1972602740,356.3149864289,370.0000000000,0.2399066834
daily,JPM,2026-09-09,1530,2026-11-20,0.1972602740,356.3149864289,375.0000000000,0.2375566037
daily,JPM,2026-09-09,1530,2026-11-20,0.1972602740,356.3149864289,380.0000000000,0.2354323553
daily,JPM,2026-09-09,1530,2026-11-20,0.1972602740,356.3149864289,385.0000000000,0.2329914464
daily,JPM,2026-09-09,1530,2026-11-20,0.1972602740,356.3149864289,390.0000000000,0.2310710095
daily,JPM,2026-09-09,1530,2026-11-20,0.1972602740,356.3149864289,395.0000000000,0.2312103973
daily,JPM,2026-09-09,1530,2026-11-20,0.1972602740,356.3149864289,400.0000000000,0.2285244954
daily,JPM,2026-09-09,1530,2026-11-20,0.1972602740,356.3149864289,405.0000000000,0.2274674832
daily,JPM,2026-09-09,1530,2026-12-18,0.2739726027,357.7025397460,265.0000000000,0.3330974058
daily,JPM,2026-09-09,1530,2026-12-18,0.2739726027,357.7025397460,270.0000000000,0.3257706969
daily,JPM,2026-09-09,1530,2026-12-18,0.2739726027,357.7025397460,275.0000000000,0.3178409831
daily,JPM,2026-09-09,1530,2026-12-18,0.2739726027,357.7025397460,285.0000000000,0.3062667169
daily,JPM,2026-09-09,1530,2026-12-18,0.2739726027,357.7025397460,290.0000000000,0.3018075204
daily,JPM,2026-09-09,1530,2026-12-18,0.2739726027,357.7025397460,295.0000000000,0.2959266421
daily,JPM,2026-09-09,1530,2026-12-18,0.2739726027,357.7025397460,300.0000000000,0.2897186303
daily,JPM,2026-09-09,1530,2026-12-18,0.2739726027,357.7025397460,305.0000000000,0.2817079774
daily,JPM,2026-09-09,1530,2026-12-18,0.2739726027,357.7025397460,310.0000000000,0.2792036878
daily,JPM,2026-09-09,1530,2026-12-18,0.2739726027,357.7025397460,315.0000000000,0.2741260198
daily,JPM,2026-09-09,1530,2026-12-18,0.2739726027,357.7025397460,320.0000000000,0.2699384720
daily,JPM,2026-09-09,1530,2026-12-18,0.2739726027,357.7025397460,325.0000000000,0.2660605028
daily,JPM,2026-09-09,1530,2026-12-18,0.2739726027,357.7025397460,330.0000000000,0.2608687117
daily,JPM,2026-09-09,1530,2026-12-18,0.2739726027,357.7025397460,335.0000000000,0.2567715235
daily,JPM,2026-09-09,1530,2026-12-18,0.2739726027,357.7025397460,340.0000000000,0.2544845475
daily,JPM,2026-09-09,1530,2026-12-18,0.2739726027,357.7025397460,345.0000000000,0.2494522432
daily,JPM,2026-09-09,1530,2026-12-18,0.2739726027,357.7025397460,350.0000000000,0.2470606415
daily,JPM,2026-09-09,1530,2026-12-18,0.2739726027,357.7025397460,355.0000000000,0.2460520908
daily,JPM,2026-09-09,1530,2026-12-18,0.2739726027,357.7025397460,360.0000000000,0.2423259371
daily,JPM,2026-09-09,1530,2026-12-18,0.2739726027,357.7025397460,365.0000000000,0.2396743232
daily,JPM,2026-09-09,1530,2026-12-18,0.2739726027,357.7025397460,370.0000000000,0.2383716925
daily,JPM,2026-09-09,1530,2026-12-18,0.2739726027,357.7025397460,375.0000000000,0.2346507320
daily,JPM,2026-09-09,1530,2026-12-18,0.2739726027,357.7025397460,380.0000000000,0.2339189540
daily,JPM,2026-09-09,1530,2026-12-18,0.2739726027,357.7025397460,385.0000000000,0.2304393666
daily,JPM,2026-09-09,1530,2026-12-18,0.2739726027,357.7025397460,390.0000000000,0.2286192924
daily,JPM,2026-09-09,1530,2026-12-18,0.2739726027,357.7025397460,395.0000000000,0.2267624064
daily,JPM,2026-09-09,1530,2026-12-18,0.2739726027,357.7025397460,400.0000000000,0.2255307464
daily,JPM,2026-09-09,1530,2026-12-18,0.2739726027,357.7025397460,405.0000000000,0.2212024884
daily,JPM,2026-09-09,1530,2026-12-18,0.2739726027,357.7025397460,410.0000000000,0.2231238466
daily,JPM,2026-09-09,1530,2026-12-18,0.2739726027,357.7025397460,415.0000000000,0.2227868595
daily,JPM,2026-09-09,1530,2026-12-18,0.2739726027,357.7025397460,425.0000000000,0.2243304177
daily,JPM,2026-09-09,1530,2027-01-15,0.3506849315,357.7964369057,250.0000000000,0.3487038330
daily,JPM,2026-09-09,1530,2027-01-15,0.3506849315,357.7964369057,260.0000000000,0.3360842740
daily,JPM,2026-09-09,1530,2027-01-15,0.3506849315,357.7964369057,270.0000000000,0.3276049769
daily,JPM,2026-09-09,1530,2027-01-15,0.3506849315,357.7964369057,280.0000000000,0.3131430129
daily,JPM,2026-09-09,1530,2027-01-15,0.3506849315,357.7964369057,290.0000000000,0.3026520506
daily,JPM,2026-09-09,1530,2027-01-15,0.3506849315,357.7964369057,300.0000000000,0.2932634849
daily,JPM,2026-09-09,1530,2027-01-15,0.3506849315,357.7964369057,310.0000000000,0.2829696459
daily,JPM,2026-09-09,1530,2027-01-15,0.3506849315,357.7964369057,320.0000000000,0.2743965788
daily,JPM,2026-09-09,1530,2027-01-15,0.3506849315,357.7964369057,330.0000000000,0.2674390382
daily,JPM,2026-09-09,1530,2027-01-15,0.3506849315,357.7964369057,340.0000000000,0.2594509097
daily,JPM,2026-09-09,1530,2027-01-15,0.3506849315,357.7964369057,350.0000000000,0.2540159247
daily,JPM,2026-09-09,1530,2027-01-15,0.3506849315,357.7964369057,360.0000000000,0.2491966295
daily,JPM,2026-09-09,1530,2027-01-15,0.3506849315,357.7964369057,370.0000000000,0.2448788771
daily,JPM,2026-09-09,1530,2027-01-15,0.3506849315,357.7964369057,380.0000000000,0.2424979563
daily,JPM,2026-09-09,1530,2027-01-15,0.3506849315,357.7964369057,390.0000000000,0.2381939360
daily,JPM,2026-09-09,1530,2027-01-15,0.3506849315,357.7964369057,400.0000000000,0.2341239122
daily,JPM,2026-09-09,1530,2027-01-15,0.3506849315,357.7964369057,410.0000000000,0.2289746259
daily,JPM,2026-09-09,1530,2027-01-15,0.3506849315,357.7964369057,420.0000000000,0.2317058611
daily,JPM,2026-09-09,1530,2027-01-15,0.3506849315,357.7964369057,440.0000000000,0.2353399633
daily,JPM,2026-09-09,1530,2027-03-19,0.5232876712,359.9236190007,260.0000000000,0.3236344863
daily,JPM,2026-09-09,1530,2027-03-19,0.5232876712,359.9236190007,270.0000000000,0.3114554099
daily,JPM,2026-09-09,1530,2027-03-19,0.5232876712,359.9236190007,275.0000000000,0.3087687683
daily,JPM,2026-09-09,1530,2027-03-19,0.5232876712,359.9236190007,280.0000000000,0.3053384857
daily,JPM,2026-09-09,1530,2027-03-19,0.5232876712,359.9236190007,285.0000000000,0.3006608909
daily,JPM,2026-09-09,1530,2027-03-19,0.5232876712,359.9236190007,290.0000000000,0.2967190576
daily,JPM,2026-09-09,1530,2027-03-19,0.5232876712,359.9236190007,295.0000000000,0.2925755744
daily,JPM,2026-09-09,1530,2027-03-19,0.5232876712,359.9236190007,300.0000000000,0.2872790940
daily,JPM,2026-09-09,1530,2027-03-19,0.5232876712,359.9236190007,305.0000000000,0.2851086980
daily,JPM,2026-09-09,1530,2027-03-19,0.5232876712,359.9236190007,310.0000000000,0.2815309170
daily,JPM,2026-09-09,1530,2027-03-19,0.5232876712,359.9236190007,315.0000000000,0.2767083387
daily,JPM,2026-09-09,1530,2027-03-19,0.5232876712,359.9236190007,320.0000000000,0.2730829688
daily,JPM,2026-09-09,1530,2027-03-19,0.5232876712,359.9236190007,325.0000000000,0.2681918204
daily,JPM,2026-09-09,1530,2027-03-19,0.5232876712,359.9236190007,330.0000000000,0.2658930463
daily,JPM,2026-09-09,1530,2027-03-19,0.5232876712,359.9236190007,335.0000000000,0.2653567376
daily,JPM,2026-09-09,1530,2027-03-19,0.5232876712,359.9236190007,340.0000000000,0.2633065605
daily,JPM,2026-09-09,1530,2027-03-19,0.5232876712,359.9236190007,345.0000000000,0.2603880255
daily,JPM,2026-09-09,1530,2027-03-19,0.5232876712,359.9236190007,350.0000000000,0.2588789771
daily,JPM,2026-09-09,1530,2027-03-19,0.5232876712,359.9236190007,355.0000000000,0.2570538332
daily,JPM,2026-09-09,1530,2027-03-19,0.5232876712,359.9236190007,360.0000000000,0.2538147114
daily,JPM,2026-09-09,1530,2027-03-19,0.5232876712,359.9236190007,365.0000000000,0.2530198081
daily,JPM,2026-09-09,1530,2027-03-19,0.5232876712,359.9236190007,370.0000000000,0.2508075260
daily,JPM,2026-09-09,1530,2027-03-19,0.5232876712,359.9236190007,375.0000000000,0.2479314544
daily,JPM,2026-09-09,1530,2027-03-19,0.5232876712,359.9236190007,380.0000000000,0.2470564780
daily,JPM,2026-09-09,1530,2027-03-19,0.5232876712,359.9236190007,385.0000000000,0.2451739743
daily,JPM,2026-09-09,1530,2027-03-19,0.5232876712,359.9236190007,390.0000000000,0.2418584595
daily,JPM,2026-09-09,1530,2027-03-19,0.5232876712,359.9236190007,395.0000000000,0.2406285244
daily,JPM,2026-09-09,1530,2027-03-19,0.5232876712,359.9236190007,400.0000000000,0.2396038780
daily,JPM,2026-09-09,1530,2027-03-19,0.5232876712,359.9236190007,405.0000000000,0.2381872499
daily,JPM,2026-09-09,1530,2027-03-19,0.5232876712,359.9236190007,410.0000000000,0.2367942358
daily,JPM,2026-09-09,1530,2027-03-19,0.5232876712,359.9236190007,415.0000000000,0.2350476710
daily,JPM,2026-09-09,1530,2027-03-19,0.5232876712,359.9236190007,420.0000000000,0.2318347065
daily,JPM,2026-09-09,1530,2027-03-19,0.5232876712,359.9236190007,425.0000000000,0.2312328678
daily,JPM,2026-09-09,1530,2027-03-19,0.5232876712,359.9236190007,430.0000000000,0.2293167947
daily,JPM,2026-09-09,1530,2027-03-19,0.5232876712,359.9236190007,435.0000000000,0.2324417071
daily,JPM,2026-09-09,1530,2027-03-19,0.5232876712,359.9236190007,465.0000000000,0.2330802449
daily,JPM,2026-09-09,1530,2027-06-17,0.7698630137,363.0347040227,230.0000000000,0.3372819944
daily,JPM,2026-09-09,1530,2027-06-17,0.7698630137,363.0347040227,240.0000000000,0.3280790844
daily,JPM,2026-09-09,1530,2027-06-17,0.7698630137,363.0347040227,260.0000000000,0.3127830790
daily,JPM,2026-09-09,1530,2027-06-17,0.7698630137,363.0347040227,265.0000000000,0.3108562768
daily,JPM,2026-09-09,1530,2027-06-17,0.7698630137,363.0347040227,270.0000000000,0.3078559273
daily,JPM,2026-09-09,1530,2027-06-17,0.7698630137,363.0347040227,275.0000000000,0.3054453294
daily,JPM,2026-09-09,1530,2027-06-17,0.7698630137,363.0347040227,280.0000000000,0.3020597402
daily,JPM,2026-09-09,1530,2027-06-17,0.7698630137,363.0347040227,285.0000000000,0.2978282516
daily,JPM,2026-09-09,1530,2027-06-17,0.7698630137,363.0347040227,290.0000000000,0.2946577648
daily,JPM,2026-09-09,1530,2027-06-17,0.7698630137,363.0347040227,295.0000000000,0.2906234114
daily,JPM,2026-09-09,1530,2027-06-17,0.7698630137,363.0347040227,300.0000000000,0.2877837225
daily,JPM,2026-09-09,1530,2027-06-17,0.7698630137,363.0347040227,305.0000000000,0.2840511855
daily,JPM,2026-09-09,1530,2027-06-17,0.7698630137,363.0347040227,310.0000000000,0.2799803675
daily,JPM,2026-09-09,1530,2027-06-17,0.7698630137,363.0347040227,315.0000000000,0.2789812712
daily,JPM,2026-09-09,1530,2027-06-17,0.7698630137,363.0347040227,320.0000000000,0.2769434776
daily,JPM,2026-09-09,1530,2027-06-17,0.7698630137,363.0347040227,330.0000000000,0.2702884221
daily,JPM,2026-09-09,1530,2027-06-17,0.7698630137,363.0347040227,340.0000000000,0.2660567211
daily,JPM,2026-09-09,1530,2027-06-17,0.7698630137,363.0347040227,350.0000000000,0.2607603307
daily,JPM,2026-09-09,1530,2027-06-17,0.7698630137,363.0347040227,360.0000000000,0.2558806817
daily,JPM,2026-09-09,1530,2027-06-17,0.7698630137,363.0347040227,370.0000000000,0.2534804294
daily,JPM,2026-09-09,1530,2027-06-17,0.7698630137,363.0347040227,380.0000000000,0.2522718377
daily,JPM,2026-09-09,1530,2027-06-17,0.7698630137,363.0347040227,390.0000000000,0.2474030724
daily,JPM,2026-09-09,1530,2027-06-17,0.7698630137,363.0347040227,400.0000000000,0.2465960467
daily,JPM,2026-09-09,1530,2027-06-17,0.7698630137,363.0347040227,410.0000000000,0.2430332742
daily,JPM,2026-09-09,1530,2027-06-17,0.7698630137,363.0347040227,420.0000000000,0.2421419340
daily,JPM,2026-09-09,1530,2027-06-17,0.7698630137,363.0347040227,430.0000000000,0.2408271570
daily,JPM,2026-09-09,1530,2027-06-17,0.7698630137,363.0347040227,440.0000000000,0.2386209720
daily,JPM,2026-09-09,1530,2027-06-17,0.7698630137,363.0347040227,450.0000000000,0.2371469493
daily,JPM,2026-09-09,1530,2027-06-17,0.7698630137,363.0347040227,480.0000000000,0.2331908698
daily,JPM,2026-09-09,1530,2027-09-17,1.0219178082,365.6275766602,240.0000000000,0.3240120559
daily,JPM,2026-09-09,1530,2027-09-17,1.0219178082,365.6275766602,250.0000000000,0.3169175558
daily,JPM,2026-09-09,1530,2027-09-17,1.0219178082,365.6275766602,255.0000000000,0.3124842213
daily,JPM,2026-09-09,1530,2027-09-17,1.0219178082,365.6275766602,260.0000000000,0.3075146399
daily,JPM,2026-09-09,1530,2027-09-17,1.0219178082,365.6275766602,265.0000000000,0.3049730449
daily,JPM,2026-09-09,1530,2027-09-17,1.0219178082,365.6275766602,270.0000000000,0.3016867044
daily,JPM,2026-09-09,1530,2027-09-17,1.0219178082,365.6275766602,275.0000000000,0.2983765333
daily,JPM,2026-09-09,1530,2027-09-17,1.0219178082,365.6275766602,280.0000000000,0.2944231035
daily,JPM,2026-09-09,1530,2027-09-17,1.0219178082,365.6275766602,285.0000000000,0.2910113545
daily,JPM,2026-09-09,1530,2027-09-17,1.0219178082,365.6275766602,290.0000000000,0.2884521490
daily,JPM,2026-09-09,1530,2027-09-17,1.0219178082,365.6275766602,295.0000000000,0.2851899152
daily,JPM,2026-09-09,1530,2027-09-17,1.0219178082,365.6275766602,300.0000000000,0.2812917330
daily,JPM,2026-09-09,1530,2027-09-17,1.0219178082,365.6275766602,305.0000000000,0.2781453318
daily,JPM,2026-09-09,1530,2027-09-17,1.0219178082,365.6275766602,310.0000000000,0.2760759818
daily,JPM,2026-09-09,1530,2027-09-17,1.0219178082,365.6275766602,315.0000000000,0.2732822980
daily,JPM,2026-09-09,1530,2027-09-17,1.0219178082,365.6275766602,320.0000000000,0.2711792056
daily,JPM,2026-09-09,1530,2027-09-17,1.0219178082,365.6275766602,330.0000000000,0.2648829753
daily,JPM,2026-09-09,1530,2027-09-17,1.0219178082,365.6275766602,340.0000000000,0.2620385148
daily,JPM,2026-09-09,1530,2027-09-17,1.0219178082,365.6275766602,350.0000000000,0.2579967344
daily,JPM,2026-09-09,1530,2027-09-17,1.0219178082,365.6275766602,360.0000000000,0.2546488648
daily,JPM,2026-09-09,1530,2027-09-17,1.0219178082,365.6275766602,370.0000000000,0.2529099459
daily,JPM,2026-09-09,1530,2027-09-17,1.0219178082,365.6275766602,380.0000000000,0.2492496363
daily,JPM,2026-09-09,1530,2027-09-17,1.0219178082,365.6275766602,390.0000000000,0.2468573305
daily,JPM,2026-09-09,1530,2027-09-17,1.0219178082,365.6275766602,400.0000000000,0.2438309176
daily,JPM,2026-09-09,1530,2027-09-17,1.0219178082,365.6275766602,410.0000000000,0.2427437890
daily,JPM,2026-09-09,1530,2027-09-17,1.0219178082,365.6275766602,420.0000000000,0.2412650335
daily,JPM,2026-09-09,1530,2027-09-17,1.0219178082,365.6275766602,430.0000000000,0.2402811714
daily,JPM,2026-09-09,1530,2027-09-17,1.0219178082,365.6275766602,440.0000000000,0.2388150670
daily,JPM,2026-09-09,1530,2027-09-17,1.0219178082,365.6275766602,450.0000000000,0.2382255933
daily,JPM,2026-09-09,1530,2027-09-17,1.0219178082,365.6275766602,460.0000000000,0.2392243995
daily,JPM,2026-09-09,1530,2027-09-17,1.0219178082,365.6275766602,470.0000000000,0.2404423391
daily,JPM,2026-09-09,1530,2027-09-17,1.0219178082,365.6275766602,520.0000000000,0.2370857222
daily,JPM,2026-09-09,1530,2027-09-17,1.0219178082,365.6275766602,540.0000000000,0.2390665964
daily,JPM,2026-09-09,1530,2027-12-17,1.2712328767,368.4291162833,240.0000000000,0.3246082410
daily,JPM,2026-09-09,1530,2027-12-17,1.2712328767,368.4291162833,250.0000000000,0.3146766528
daily,JPM,2026-09-09,1530,2027-12-17,1.2712328767,368.4291162833,260.0000000000,0.3033702272
daily,JPM,2026-09-09,1530,2027-12-17,1.2712328767,368.4291162833,270.0000000000,0.2977683000
daily,JPM,2026-09-09,1530,2027-12-17,1.2712328767,368.4291162833,280.0000000000,0.2937111443
daily,JPM,2026-09-09,1530,2027-12-17,1.2712328767,368.4291162833,290.0000000000,0.2875115768
daily,JPM,2026-09-09,1530,2027-12-17,1.2712328767,368.4291162833,300.0000000000,0.2812198484
daily,JPM,2026-09-09,1530,2027-12-17,1.2712328767,368.4291162833,310.0000000000,0.2759495723
daily,JPM,2026-09-09,1530,2027-12-17,1.2712328767,368.4291162833,320.0000000000,0.2711940542
daily,JPM,2026-09-09,1530,2027-12-17,1.2712328767,368.4291162833,330.0000000000,0.2679863532
daily,JPM,2026-09-09,1530,2027-12-17,1.2712328767,368.4291162833,340.0000000000,0.2639699329
daily,JPM,2026-09-09,1530,2027-12-17,1.2712328767,368.4291162833,350.0000000000,0.2601223682
daily,JPM,2026-09-09,1530,2027-12-17,1.2712328767,368.4291162833,360.0000000000,0.2569034431
daily,JPM,2026-09-09,1530,2027-12-17,1.2712328767,368.4291162833,370.0000000000,0.2526647005
daily,JPM,2026-09-09,1530,2027-12-17,1.2712328767,368.4291162833,380.0000000000,0.2498515534
daily,JPM,2026-09-09,1530,2027-12-17,1.2712328767,368.4291162833,390.0000000000,0.2491711250
daily,JPM,2026-09-09,1530,2027-12-17,1.2712328767,368.4291162833,400.0000000000,0.2463869355
daily,JPM,2026-09-09,1530,2027-12-17,1.2712328767,368.4291162833,410.0000000000,0.2439647569
daily,JPM,2026-09-09,1530,2027-12-17,1.2712328767,368.4291162833,420.0000000000,0.2439265507
daily,JPM,2026-09-09,1530,2027-12-17,1.2712328767,368.4291162833,430.0000000000,0.2419948675
daily,JPM,2026-09-09,1530,2027-12-17,1.2712328767,368.4291162833,440.0000000000,0.2421388555
daily,JPM,2026-09-09,1530,2027-12-17,1.2712328767,368.4291162833,450.0000000000,0.2411150517
daily,JPM,2026-09-09,1530,2027-12-17,1.2712328767,368.4291162833,460.0000000000,0.2393010947
daily,JPM,2026-09-09,1530,2027-12-17,1.2712328767,368.4291162833,500.0000000000,0.2375877856
daily,JPM,2026-09-09,1530,2028-01-21,1.3671232877,369.5297543437,230.0000000000,0.3217309196
daily,JPM,2026-09-09,1530,2028-01-21,1.3671232877,369.5297543437,240.0000000000,0.3168054982
daily,JPM,2026-09-09,1530,2028-01-21,1.3671232877,369.5297543437,250.0000000000,0.3095652941
daily,JPM,2026-09-09,1530,2028-01-21,1.3671232877,369.5297543437,260.0000000000,0.3071543948
daily,JPM,2026-09-09,1530,2028-01-21,1.3671232877,369.5297543437,270.0000000000,0.3021016517
daily,JPM,2026-09-09,1530,2028-01-21,1.3671232877,369.5297543437,280.0000000000,0.2966570755
daily,JPM,2026-09-09,1530,2028-01-21,1.3671232877,369.5297543437,290.0000000000,0.2903081294
daily,JPM,2026-09-09,1530,2028-01-21,1.3671232877,369.5297543437,300.0000000000,0.2821735063
daily,JPM,2026-09-09,1530,2028-01-21,1.3671232877,369.5297543437,310.0000000000,0.2761766664
daily,JPM,2026-09-09,1530,2028-01-21,1.3671232877,369.5297543437,320.0000000000,0.2732528538
daily,JPM,2026-09-09,1530,2028-01-21,1.3671232877,369.5297543437,330.0000000000,0.2695253759
daily,JPM,2026-09-09,1530,2028-01-21,1.3671232877,369.5297543437,340.0000000000,0.2654824670
daily,JPM,2026-09-09,1530,2028-01-21,1.3671232877,369.5297543437,350.0000000000,0.2613023283
daily,JPM,2026-09-09,1530,2028-01-21,1.3671232877,369.5297543437,360.0000000000,0.2584288883
daily,JPM,2026-09-09,1530,2028-01-21,1.3671232877,369.5297543437,370.0000000000,0.2535347424
daily,JPM,2026-09-09,1530,2028-01-21,1.3671232877,369.5297543437,380.0000000000,0.2522059639
daily,JPM,2026-09-09,1530,2028-01-21,1.3671232877,369.5297543437,390.0000000000,0.2488834888
daily,JPM,2026-09-09,1530,2028-01-21,1.3671232877,369.5297543437,400.0000000000,0.2485047579
daily,JPM,2026-09-09,1530,2028-01-21,1.3671232877,369.5297543437,410.0000000000,0.2462505158
daily,JPM,2026-09-09,1530,2028-01-21,1.3671232877,369.5297543437,420.0000000000,0.2420997821
daily,JPM,2026-09-09,1530,2028-01-21,1.3671232877,369.5297543437,430.0000000000,0.2420072284
daily,JPM,2026-09-09,1530,2028-01-21,1.3671232877,369.5297543437,440.0000000000,0.2427986360
daily,JPM,2026-09-09,1530,2028-01-21,1.3671232877,369.5297543437,450.0000000000,0.2420303839
daily,JPM,2026-09-09,1530,2028-01-21,1.3671232877,369.5297543437,460.0000000000,0.2405455011
daily,JPM,2026-09-09,1530,2028-01-21,1.3671232877,369.5297543437,470.0000000000,0.2373755804
daily,JPM,2026-09-09,1530,2028-01-21,1.3671232877,369.5297543437,480.0000000000,0.2372335381
daily,JPM,2026-09-09,1530,2028-01-21,1.3671232877,369.5297543437,490.0000000000,0.2356423594
daily,JPM,2026-09-09,1530,2028-01-21,1.3671232877,369.5297543437,500.0000000000,0.2377159970
daily,JPM,2026-09-09,1530,2028-01-21,1.3671232877,369.5297543437,540.0000000000,0.2408062934
daily,JPM,2026-09-10,1530,2026-09-18,0.0219178082,352.8570872184,330.0000000000,0.2830064702
daily,JPM,2026-09-10,1530,2026-09-18,0.0219178082,352.8570872184,340.0000000000,0.2592493999
daily,JPM,2026-09-10,1530,2026-09-18,0.0219178082,352.8570872184,342.5000000000,0.2525630698
daily,JPM,2026-09-10,1530,2026-09-18,0.0219178082,352.8570872184,345.0000000000,0.2479428971
daily,JPM,2026-09-10,1530,2026-09-18,0.0219178082,352.8570872184,347.5000000000,0.2460702026
daily,JPM,2026-09-10,1530,2026-09-18,0.0219178082,352.8570872184,350.0000000000,0.2431169922
daily,JPM,2026-09-10,1530,2026-09-18,0.0219178082,352.8570872184,352.5000000000,0.2392793274
daily,JPM,2026-09-10,1530,2026-09-18,0.0219178082,352.8570872184,355.0000000000,0.2344357854
daily,JPM,2026-09-10,1530,2026-09-18,0.0219178082,352.8570872184,357.5000000000,0.2296531734
daily,JPM,2026-09-10,1530,2026-09-18,0.0219178082,352.8570872184,360.0000000000,0.2278217168
daily,JPM,2026-09-10,1530,2026-09-18,0.0219178082,352.8570872184,362.5000000000,0.2211172773
daily,JPM,2026-09-10,1530,2026-09-18,0.0219178082,352.8570872184,365.0000000000,0.2205536418
daily,JPM,2026-09-10,1530,2026-09-18,0.0219178082,352.8570872184,370.0000000000,0.2219882797
daily,JPM,2026-09-10,1530,2026-09-18,0.0219178082,352.8570872184,375.0000000000,0.2294624598
daily,JPM,2026-09-10,1530,2026-09-25,0.0410958904,353.0851653570,332.5000000000,0.2543388237
daily,JPM,2026-09-10,1530,2026-09-25,0.0410958904,353.0851653570,340.0000000000,0.2437549547
daily,JPM,2026-09-10,1530,2026-09-25,0.0410958904,353.0851653570,345.0000000000,0.2376425147
daily,JPM,2026-09-10,1530,2026-09-25,0.0410958904,353.0851653570,350.0000000000,0.2353374440
daily,JPM,2026-09-10,1530,2026-09-25,0.0410958904,353.0851653570,352.5000000000,0.2318358670
daily,JPM,2026-09-10,1530,2026-09-25,0.0410958904,353.0851653570,355.0000000000,0.2275873120
daily,JPM,2026-09-10,1530,2026-09-25,0.0410958904,353.0851653570,357.5000000000,0.2271183876
daily,JPM,2026-09-10,1530,2026-09-25,0.0410958904,353.0851653570,360.0000000000,0.2220706473
daily,JPM,2026-09-10,1530,2026-09-25,0.0410958904,353.0851653570,362.5000000000,0.2191553511
daily,JPM,2026-09-10,1530,2026-09-25,0.0410958904,353.0851653570,365.0000000000,0.2149867728
daily,JPM,2026-09-10,1530,2026-10-02,0.0602739726,353.3975283251,335.0000000000,0.2445164220
daily,JPM,2026-09-10,1530,2026-10-02,0.0602739726,353.3975283251,340.0000000000,0.2395294737
daily,JPM,2026-09-10,1530,2026-10-02,0.0602739726,353.3975283251,345.0000000000,0.2349842435
daily,JPM,2026-09-10,1530,2026-10-02,0.0602739726,353.3975283251,350.0000000000,0.2286598840
daily,JPM,2026-09-10,1530,2026-10-02,0.0602739726,353.3975283251,355.0000000000,0.2228887291
daily,JPM,2026-09-10,1530,2026-10-02,0.0602739726,353.3975283251,360.0000000000,0.2199571880
daily,JPM,2026-09-10,1530,2026-10-02,0.0602739726,353.3975283251,365.0000000000,0.2160161694
daily,JPM,2026-09-10,1530,2026-10-02,0.0602739726,353.3975283251,370.0000000000,0.2129077362
daily,JPM,2026-09-10,1530,2026-10-09,0.0794520548,352.6027279319,330.0000000000,0.2492243073
daily,JPM,2026-09-10,1530,2026-10-09,0.0794520548,352.6027279319,335.0000000000,0.2446606373
daily,JPM,2026-09-10,1530,2026-10-09,0.0794520548,352.6027279319,340.0000000000,0.2419577104
daily,JPM,2026-09-10,1530,2026-10-09,0.0794520548,352.6027279319,345.0000000000,0.2380509272
daily,JPM,2026-09-10,1530,2026-10-09,0.0794520548,352.6027279319,350.0000000000,0.2347138746
daily,JPM,2026-09-10,1530,2026-10-09,0.0794520548,352.6027279319,355.0000000000,0.2259267705
daily,JPM,2026-09-10,1530,2026-10-09,0.0794520548,352.6027279319,360.0000000000,0.2210100471
daily,JPM,2026-09-10,1530,2026-10-09,0.0794520548,352.6027279319,365.0000000000,0.2166801830
daily,JPM,2026-09-10,1530,2026-10-09,0.0794520548,352.6027279319,370.0000000000,0.2118924852
daily,JPM,2026-09-10,1530,2026-10-09,0.0794520548,352.6027279319,375.0000000000,0.2106692561
daily,JPM,2026-09-10,1530,2026-10-16,0.0986301370,352.4016807505,285.0000000000,0.3494849427
daily,JPM,2026-09-10,1530,2026-10-16,0.0986301370,352.4016807505,300.0000000000,0.3179838119
daily,JPM,2026-09-10,1530,2026-10-16,0.0986301370,352.4016807505,305.0000000000,0.3050597659
daily,JPM,2026-09-10,1530,2026-10-16,0.0986301370,352.4016807505,310.0000000000,0.3035609136
daily,JPM,2026-09-10,1530,2026-10-16,0.0986301370,352.4016807505,315.0000000000,0.2954886804
daily,JPM,2026-09-10,1530,2026-10-16,0.0986301370,352.4016807505,320.0000000000,0.2883505874
daily,JPM,2026-09-10,1530,2026-10-16,0.0986301370,352.4016807505,325.0000000000,0.2821497900
daily,JPM,2026-09-10,1530,2026-10-16,0.0986301370,352.4016807505,330.0000000000,0.2756382564
daily,JPM,2026-09-10,1530,2026-10-16,0.0986301370,352.4016807505,335.0000000000,0.2699362994
daily,JPM,2026-09-10,1530,2026-10-16,0.0986301370,352.4016807505,340.0000000000,0.2686034427
daily,JPM,2026-09-10,1530,2026-10-16,0.0986301370,352.4016807505,345.0000000000,0.2624178469
daily,JPM,2026-09-10,1530,2026-10-16,0.0986301370,352.4016807505,350.0000000000,0.2590353792
daily,JPM,2026-09-10,1530,2026-10-16,0.0986301370,352.4016807505,355.0000000000,0.2513166334
daily,JPM,2026-09-10,1530,2026-10-16,0.0986301370,352.4016807505,360.0000000000,0.2500542448
daily,JPM,2026-09-10,1530,2026-10-16,0.0986301370,352.4016807505,365.0000000000,0.2439617930
daily,JPM,2026-09-10,1530,2026-10-16,0.0986301370,352.4016807505,370.0000000000,0.2410834495
daily,JPM,2026-09-10,1530,2026-10-16,0.0986301370,352.4016807505,375.0000000000,0.2416877564
daily,JPM,2026-09-10,1530,2026-10-16,0.0986301370,352.4016807505,380.0000000000,0.2403112071
daily,JPM,2026-09-10,1530,2026-10-16,0.0986301370,352.4016807505,385.0000000000,0.2371058707
daily,JPM,2026-09-10,1530,2026-10-16,0.0986301370,352.4016807505,390.0000000000,0.2375555199
daily,JPM,2026-09-10,1530,2026-10-16,0.0986301370,352.4016807505,395.0000000000,0.2386537502
daily,JPM,2026-09-10,1530,2026-10-16,0.0986301370,352.4016807505,400.0000000000,0.2395700680
daily,JPM,2026-09-10,1530,2026-10-23,0.1178082192,352.4616580175,285.0485057876,0.3197757247
daily,JPM,2026-09-10,1530,2026-10-23,0.1178082192,352.4616580175,300.0510587238,0.2909524603
daily,JPM,2026-09-10,1530,2026-10-23,0.1178082192,352.4616580175,325.0000000000,0.2805155068
daily,JPM,2026-09-10,1530,2026-10-23,0.1178082192,352.4616580175,330.0000000000,0.2740759810
daily,JPM,2026-09-10,1530,2026-10-23,0.1178082192,352.4616580175,335.0000000000,0.2662706797
daily,JPM,2026-09-10,1530,2026-10-23,0.1178082192,352.4616580175,340.0000000000,0.2648536490
daily,JPM,2026-09-10,1530,2026-10-23,0.1178082192,352.4616580175,345.0000000000,0.2582047076
daily,JPM,2026-09-10,1530,2026-10-23,0.1178082192,352.4616580175,350.0000000000,0.2561047247
daily,JPM,2026-09-10,1530,2026-10-23,0.1178082192,352.4616580175,355.0000000000,0.2499135412
daily,JPM,2026-09-10,1530,2026-10-23,0.1178082192,352.4616580175,360.0000000000,0.2519765386
daily,JPM,2026-09-10,1530,2026-10-23,0.1178082192,352.4616580175,365.0000000000,0.2473854471
daily,JPM,2026-09-10,1530,2026-10-23,0.1178082192,352.4616580175,370.0000000000,0.2445260577
daily,JPM,2026-09-10,1530,2026-10-23,0.1178082192,352.4616580175,375.0000000000,0.2408867652
daily,JPM,2026-09-10,1530,2026-10-23,0.1178082192,352.4616580175,380.0000000000,0.2369407821
daily,JPM,2026-09-10,1530,2026-11-20,0.1945205479,353.5891757527,310.0000000000,0.2850311914
daily,JPM,2026-09-10,1530,2026-11-20,0.1945205479,353.5891757527,315.0000000000,0.2762174328
daily,JPM,2026-09-10,1530,2026-11-20,0.1945205479,353.5891757527,320.0000000000,0.2716979079
daily,JPM,2026-09-10,1530,2026-11-20,0.1945205479,353.5891757527,325.0000000000,0.2650190200
daily,JPM,2026-09-10,1530,2026-11-20,0.1945205479,353.5891757527,330.0000000000,0.2624586164
daily,JPM,2026-09-10,1530,2026-11-20,0.1945205479,353.5891757527,335.0000000000,0.2561831917
daily,JPM,2026-09-10,1530,2026-11-20,0.1945205479,353.5891757527,340.0000000000,0.2548308015
daily,JPM,2026-09-10,1530,2026-11-20,0.1945205479,353.5891757527,345.0000000000,0.2503161130
daily,JPM,2026-09-10,1530,2026-11-20,0.1945205479,353.5891757527,350.0000000000,0.2471961885
daily,JPM,2026-09-10,1530,2026-11-20,0.1945205479,353.5891757527,355.0000000000,0.2436276424
daily,JPM,2026-09-10,1530,2026-11-20,0.1945205479,353.5891757527,360.0000000000,0.2407518823
daily,JPM,2026-09-10,1530,2026-11-20,0.1945205479,353.5891757527,365.0000000000,0.2369123220
daily,JPM,2026-09-10,1530,2026-11-20,0.1945205479,353.5891757527,370.0000000000,0.2368433759
daily,JPM,2026-09-10,1530,2026-11-20,0.1945205479,353.5891757527,375.0000000000,0.2343670600
daily,JPM,2026-09-10,1530,2026-11-20,0.1945205479,353.5891757527,380.0000000000,0.2323381641
daily,JPM,2026-09-10,1530,2026-11-20,0.1945205479,353.5891757527,385.0000000000,0.2328982051
daily,JPM,2026-09-10,1530,2026-11-20,0.1945205479,353.5891757527,390.0000000000,0.2294178494
daily,JPM,2026-09-10,1530,2026-11-20,0.1945205479,353.5891757527,395.0000000000,0.2286858123
daily,JPM,2026-09-10,1530,2026-11-20,0.1945205479,353.5891757527,400.0000000000,0.2273232208
daily,JPM,2026-09-10,1530,2026-11-20,0.1945205479,353.5891757527,405.0000000000,0.2259092796
daily,JPM,2026-09-10,1530,2026-11-20,0.1945205479,353.5891757527,410.0000000000,0.2266329949
daily,JPM,2026-09-10,1530,2026-12-18,0.2712328767,354.8525701261,255.0000000000,0.3413235118
daily,JPM,2026-09-10,1530,2026-12-18,0.2712328767,354.8525701261,270.0000000000,0.3234631843
daily,JPM,2026-09-10,1530,2026-12-18,0.2712328767,354.8525701261,280.0000000000,0.3048042373
daily,JPM,2026-09-10,1530,2026-12-18,0.2712328767,354.8525701261,290.0000000000,0.2933870800
daily,JPM,2026-09-10,1530,2026-12-18,0.2712328767,354.8525701261,295.0000000000,0.2886260816
daily,JPM,2026-09-10,1530,2026-12-18,0.2712328767,354.8525701261,300.0000000000,0.2829147180
daily,JPM,2026-09-10,1530,2026-12-18,0.2712328767,354.8525701261,305.0000000000,0.2779954158
daily,JPM,2026-09-10,1530,2026-12-18,0.2712328767,354.8525701261,310.0000000000,0.2748710433
daily,JPM,2026-09-10,1530,2026-12-18,0.2712328767,354.8525701261,315.0000000000,0.2706708088
daily,JPM,2026-09-10,1530,2026-12-18,0.2712328767,354.8525701261,320.0000000000,0.2664201691
daily,JPM,2026-09-10,1530,2026-12-18,0.2712328767,354.8525701261,325.0000000000,0.2626696487
daily,JPM,2026-09-10,1530,2026-12-18,0.2712328767,354.8525701261,330.0000000000,0.2595213330
daily,JPM,2026-09-10,1530,2026-12-18,0.2712328767,354.8525701261,335.0000000000,0.2563084779
daily,JPM,2026-09-10,1530,2026-12-18,0.2712328767,354.8525701261,340.0000000000,0.2523846198
daily,JPM,2026-09-10,1530,2026-12-18,0.2712328767,354.8525701261,345.0000000000,0.2501884037
daily,JPM,2026-09-10,1530,2026-12-18,0.2712328767,354.8525701261,350.0000000000,0.2477494949
daily,JPM,2026-09-10,1530,2026-12-18,0.2712328767,354.8525701261,355.0000000000,0.2424060315
daily,JPM,2026-09-10,1530,2026-12-18,0.2712328767,354.8525701261,360.0000000000,0.2406395756
daily,JPM,2026-09-10,1530,2026-12-18,0.2712328767,354.8525701261,365.0000000000,0.2380015015
daily,JPM,2026-09-10,1530,2026-12-18,0.2712328767,354.8525701261,370.0000000000,0.2356886233
daily,JPM,2026-09-10,1530,2026-12-18,0.2712328767,354.8525701261,375.0000000000,0.2326152501
daily,JPM,2026-09-10,1530,2026-12-18,0.2712328767,354.8525701261,380.0000000000,0.2303531449
daily,JPM,2026-09-10,1530,2026-12-18,0.2712328767,354.8525701261,385.0000000000,0.2297902359
daily,JPM,2026-09-10,1530,2026-12-18,0.2712328767,354.8525701261,390.0000000000,0.2279748741
daily,JPM,2026-09-10,1530,2026-12-18,0.2712328767,354.8525701261,395.0000000000,0.2270656011
daily,JPM,2026-09-10,1530,2026-12-18,0.2712328767,354.8525701261,400.0000000000,0.2253293128
daily,JPM,2026-09-10,1530,2026-12-18,0.2712328767,354.8525701261,415.0000000000,0.2247144040
daily,JPM,2026-09-10,1530,2027-01-15,0.3479452055,354.9608298515,270.0000000000,0.3167776561
daily,JPM,2026-09-10,1530,2027-01-15,0.3479452055,354.9608298515,280.0000000000,0.3074205261
daily,JPM,2026-09-10,1530,2027-01-15,0.3479452055,354.9608298515,290.0000000000,0.2980728417
daily,JPM,2026-09-10,1530,2027-01-15,0.3479452055,354.9608298515,300.0000000000,0.2860993828
daily,JPM,2026-09-10,1530,2027-01-15,0.3479452055,354.9608298515,310.0000000000,0.2806850628
daily,JPM,2026-09-10,1530,2027-01-15,0.3479452055,354.9608298515,320.0000000000,0.2715790373
daily,JPM,2026-09-10,1530,2027-01-15,0.3479452055,354.9608298515,330.0000000000,0.2636160634
daily,JPM,2026-09-10,1530,2027-01-15,0.3479452055,354.9608298515,340.0000000000,0.2582558590
daily,JPM,2026-09-10,1530,2027-01-15,0.3479452055,354.9608298515,350.0000000000,0.2524600457
daily,JPM,2026-09-10,1530,2027-01-15,0.3479452055,354.9608298515,360.0000000000,0.2472223615
daily,JPM,2026-09-10,1530,2027-01-15,0.3479452055,354.9608298515,370.0000000000,0.2444864402
daily,JPM,2026-09-10,1530,2027-01-15,0.3479452055,354.9608298515,380.0000000000,0.2405233536
daily,JPM,2026-09-10,1530,2027-01-15,0.3479452055,354.9608298515,390.0000000000,0.2371274555
daily,JPM,2026-09-10,1530,2027-01-15,0.3479452055,354.9608298515,400.0000000000,0.2352091120
daily,JPM,2026-09-10,1530,2027-01-15,0.3479452055,354.9608298515,430.0000000000,0.2352263085
daily,JPM,2026-09-10,1530,2027-03-19,0.5205479452,357.8489784782,280.0000000000,0.3016297160
daily,JPM,2026-09-10,1530,2027-03-19,0.5205479452,357.8489784782,285.0000000000,0.2973726187
daily,JPM,2026-09-10,1530,2027-03-19,0.5205479452,357.8489784782,290.0000000000,0.2931355856
daily,JPM,2026-09-10,1530,2027-03-19,0.5205479452,357.8489784782,295.0000000000,0.2877364044
daily,JPM,2026-09-10,1530,2027-03-19,0.5205479452,357.8489784782,300.0000000000,0.2823439321
daily,JPM,2026-09-10,1530,2027-03-19,0.5205479452,357.8489784782,305.0000000000,0.2812085134
daily,JPM,2026-09-10,1530,2027-03-19,0.5205479452,357.8489784782,310.0000000000,0.2785029172
daily,JPM,2026-09-10,1530,2027-03-19,0.5205479452,357.8489784782,315.0000000000,0.2748457121
daily,JPM,2026-09-10,1530,2027-03-19,0.5205479452,357.8489784782,320.0000000000,0.2728692741
daily,JPM,2026-09-10,1530,2027-03-19,0.5205479452,357.8489784782,325.0000000000,0.2694486104
daily,JPM,2026-09-10,1530,2027-03-19,0.5205479452,357.8489784782,330.0000000000,0.2658911133
daily,JPM,2026-09-10,1530,2027-03-19,0.5205479452,357.8489784782,335.0000000000,0.2610066700
daily,JPM,2026-09-10,1530,2027-03-19,0.5205479452,357.8489784782,340.0000000000,0.2604727431
daily,JPM,2026-09-10,1530,2027-03-19,0.5205479452,357.8489784782,345.0000000000,0.2584141576
daily,JPM,2026-09-10,1530,2027-03-19,0.5205479452,357.8489784782,350.0000000000,0.2549148919
daily,JPM,2026-09-10,1530,2027-03-19,0.5205479452,357.8489784782,355.0000000000,0.2531028035
daily,JPM,2026-09-10,1530,2027-03-19,0.5205479452,357.8489784782,360.0000000000,0.2519612840
daily,JPM,2026-09-10,1530,2027-03-19,0.5205479452,357.8489784782,365.0000000000,0.2493619639
daily,JPM,2026-09-10,1530,2027-03-19,0.5205479452,357.8489784782,370.0000000000,0.2472181596
daily,JPM,2026-09-10,1530,2027-03-19,0.5205479452,357.8489784782,375.0000000000,0.2456963425
daily,JPM,2026-09-10,1530,2027-03-19,0.5205479452,357.8489784782,380.0000000000,0.2431848807
daily,JPM,2026-09-10,1530,2027-03-19,0.5205479452,357.8489784782,385.0000000000,0.2420316559
daily,JPM,2026-09-10,1530,2027-03-19,0.5205479452,357.8489784782,390.0000000000,0.2394412281
daily,JPM,2026-09-10,1530,2027-03-19,0.5205479452,357.8489784782,395.0000000000,0.2353108097
daily,JPM,2026-09-10,1530,2027-03-19,0.5205479452,357.8489784782,400.0000000000,0.2349043687
daily,JPM,2026-09-10,1530,2027-03-19,0.5205479452,357.8489784782,405.0000000000,0.2331223176
daily,JPM,2026-09-10,1530,2027-03-19,0.5205479452,357.8489784782,410.0000000000,0.2342228153
daily,JPM,2026-09-10,1530,2027-03-19,0.5205479452,357.8489784782,420.0000000000,0.2328111047
daily,JPM,2026-09-10,1530,2027-03-19,0.5205479452,357.8489784782,425.0000000000,0.2300241405
daily,JPM,2026-09-10,1530,2027-03-19,0.5205479452,357.8489784782,430.0000000000,0.2360761040
daily,JPM,2026-09-10,1530,2027-06-17,0.7671232877,360.3676259340,230.0000000000,0.3335239980
daily,JPM,2026-09-10,1530,2027-06-17,0.7671232877,360.3676259340,240.0000000000,0.3289420725
daily,JPM,2026-09-10,1530,2027-06-17,0.7671232877,360.3676259340,250.0000000000,0.3202157071
daily,JPM,2026-09-10,1530,2027-06-17,0.7671232877,360.3676259340,255.0000000000,0.3160782993
daily,JPM,2026-09-10,1530,2027-06-17,0.7671232877,360.3676259340,260.0000000000,0.3138126385
daily,JPM,2026-09-10,1530,2027-06-17,0.7671232877,360.3676259340,265.0000000000,0.3104938584
daily,JPM,2026-09-10,1530,2027-06-17,0.7671232877,360.3676259340,270.0000000000,0.3062843416
daily,JPM,2026-09-10,1530,2027-06-17,0.7671232877,360.3676259340,275.0000000000,0.3028150311
daily,JPM,2026-09-10,1530,2027-06-17,0.7671232877,360.3676259340,280.0000000000,0.2991886928
daily,JPM,2026-09-10,1530,2027-06-17,0.7671232877,360.3676259340,285.0000000000,0.2947259512
daily,JPM,2026-09-10,1530,2027-06-17,0.7671232877,360.3676259340,290.0000000000,0.2921723930
daily,JPM,2026-09-10,1530,2027-06-17,0.7671232877,360.3676259340,295.0000000000,0.2886684912
daily,JPM,2026-09-10,1530,2027-06-17,0.7671232877,360.3676259340,300.0000000000,0.2866570774
daily,JPM,2026-09-10,1530,2027-06-17,0.7671232877,360.3676259340,305.0000000000,0.2836550460
daily,JPM,2026-09-10,1530,2027-06-17,0.7671232877,360.3676259340,310.0000000000,0.2809115341
daily,JPM,2026-09-10,1530,2027-06-17,0.7671232877,360.3676259340,315.0000000000,0.2778433660
daily,JPM,2026-09-10,1530,2027-06-17,0.7671232877,360.3676259340,320.0000000000,0.2744334599
daily,JPM,2026-09-10,1530,2027-06-17,0.7671232877,360.3676259340,330.0000000000,0.2717432576
daily,JPM,2026-09-10,1530,2027-06-17,0.7671232877,360.3676259340,340.0000000000,0.2651926470
daily,JPM,2026-09-10,1530,2027-06-17,0.7671232877,360.3676259340,350.0000000000,0.2620171402
daily,JPM,2026-09-10,1530,2027-06-17,0.7671232877,360.3676259340,360.0000000000,0.2575019064
daily,JPM,2026-09-10,1530,2027-06-17,0.7671232877,360.3676259340,370.0000000000,0.2540136339
daily,JPM,2026-09-10,1530,2027-06-17,0.7671232877,360.3676259340,380.0000000000,0.2510450617
daily,JPM,2026-09-10,1530,2027-06-17,0.7671232877,360.3676259340,390.0000000000,0.2482919526
daily,JPM,2026-09-10,1530,2027-06-17,0.7671232877,360.3676259340,400.0000000000,0.2458410950
daily,JPM,2026-09-10,1530,2027-06-17,0.7671232877,360.3676259340,410.0000000000,0.2451045756
daily,JPM,2026-09-10,1530,2027-06-17,0.7671232877,360.3676259340,420.0000000000,0.2420240802
daily,JPM,2026-09-10,1530,2027-06-17,0.7671232877,360.3676259340,430.0000000000,0.2406164983
daily,JPM,2026-09-10,1530,2027-06-17,0.7671232877,360.3676259340,440.0000000000,0.2408218054
daily,JPM,2026-09-10,1530,2027-06-17,0.7671232877,360.3676259340,450.0000000000,0.2399135771
daily,JPM,2026-09-10,1530,2027-06-17,0.7671232877,360.3676259340,490.0000000000,0.2396964528
daily,JPM,2026-09-10,1530,2027-06-17,0.7671232877,360.3676259340,500.0000000000,0.2393135985
daily,JPM,2026-09-10,1530,2027-06-17,0.7671232877,360.3676259340,520.0000000000,0.2412507438
daily,JPM,2026-09-10,1530,2027-09-17,1.0191780822,362.9649121191,220.0000000000,0.3284622712
daily,JPM,2026-09-10,1530,2027-09-17,1.0191780822,362.9649121191,230.0000000000,0.3253297276
daily,JPM,2026-09-10,1530,2027-09-17,1.0191780822,362.9649121191,250.0000000000,0.3088991162
daily,JPM,2026-09-10,1530,2027-09-17,1.0191780822,362.9649121191,255.0000000000,0.3054974343
daily,JPM,2026-09-10,1530,2027-09-17,1.0191780822,362.9649121191,260.0000000000,0.3014196926
daily,JPM,2026-09-10,1530,2027-09-17,1.0191780822,362.9649121191,265.0000000000,0.2967532606
daily,JPM,2026-09-10,1530,2027-09-17,1.0191780822,362.9649121191,270.0000000000,0.2951788507
daily,JPM,2026-09-10,1530,2027-09-17,1.0191780822,362.9649121191,275.0000000000,0.2927360669
daily,JPM,2026-09-10,1530,2027-09-17,1.0191780822,362.9649121191,280.0000000000,0.2897441336
daily,JPM,2026-09-10,1530,2027-09-17,1.0191780822,362.9649121191,285.0000000000,0.2860636319
daily,JPM,2026-09-10,1530,2027-09-17,1.0191780822,362.9649121191,290.0000000000,0.2817651712
daily,JPM,2026-09-10,1530,2027-09-17,1.0191780822,362.9649121191,295.0000000000,0.2812836368
daily,JPM,2026-09-10,1530,2027-09-17,1.0191780822,362.9649121191,300.0000000000,0.2798949847
daily,JPM,2026-09-10,1530,2027-09-17,1.0191780822,362.9649121191,305.0000000000,0.2776993436
daily,JPM,2026-09-10,1530,2027-09-17,1.0191780822,362.9649121191,310.0000000000,0.2748887912
daily,JPM,2026-09-10,1530,2027-09-17,1.0191780822,362.9649121191,315.0000000000,0.2726113076
daily,JPM,2026-09-10,1530,2027-09-17,1.0191780822,362.9649121191,320.0000000000,0.2696184489
daily,JPM,2026-09-10,1530,2027-09-17,1.0191780822,362.9649121191,330.0000000000,0.2655447636
daily,JPM,2026-09-10,1530,2027-09-17,1.0191780822,362.9649121191,340.0000000000,0.2606713815
daily,JPM,2026-09-10,1530,2027-09-17,1.0191780822,362.9649121191,350.0000000000,0.2587073514
daily,JPM,2026-09-10,1530,2027-09-17,1.0191780822,362.9649121191,360.0000000000,0.2572115239
daily,JPM,2026-09-10,1530,2027-09-17,1.0191780822,362.9649121191,370.0000000000,0.2538461220
daily,JPM,2026-09-10,1530,2027-09-17,1.0191780822,362.9649121191,380.0000000000,0.2505767235
daily,JPM,2026-09-10,1530,2027-09-17,1.0191780822,362.9649121191,390.0000000000,0.2484209449
daily,JPM,2026-09-10,1530,2027-09-17,1.0191780822,362.9649121191,400.0000000000,0.2446785125
daily,JPM,2026-09-10,1530,2027-09-17,1.0191780822,362.9649121191,410.0000000000,0.2434278070
daily,JPM,2026-09-10,1530,2027-09-17,1.0191780822,362.9649121191,420.0000000000,0.2433492749
daily,JPM,2026-09-10,1530,2027-09-17,1.0191780822,362.9649121191,430.0000000000,0.2420757224
daily,JPM,2026-09-10,1530,2027-09-17,1.0191780822,362.9649121191,440.0000000000,0.2400346956
daily,JPM,2026-09-10,1530,2027-09-17,1.0191780822,362.9649121191,450.0000000000,0.2420542161
daily,JPM,2026-09-10,1530,2027-09-17,1.0191780822,362.9649121191,460.0000000000,0.2422128609
daily,JPM,2026-09-10,1530,2027-09-17,1.0191780822,362.9649121191,470.0000000000,0.2403170695
daily,JPM,2026-09-10,1530,2027-09-17,1.0191780822,362.9649121191,500.0000000000,0.2421459057
daily,JPM,2026-09-10,1530,2027-12-17,1.2684931507,365.7170772112,220.0000000000,0.3253688931
daily,JPM,2026-09-10,1530,2027-12-17,1.2684931507,365.7170772112,230.0000000000,0.3181792183
daily,JPM,2026-09-10,1530,2027-12-17,1.2684931507,365.7170772112,240.0000000000,0.3089017313
daily,JPM,2026-09-10,1530,2027-12-17,1.2684931507,365.7170772112,250.0000000000,0.3052400364
daily,JPM,2026-09-10,1530,2027-12-17,1.2684931507,365.7170772112,260.0000000000,0.2992290703
daily,JPM,2026-09-10,1530,2027-12-17,1.2684931507,365.7170772112,270.0000000000,0.2937417790
daily,JPM,2026-09-10,1530,2027-12-17,1.2684931507,365.7170772112,280.0000000000,0.2878144450
daily,JPM,2026-09-10,1530,2027-12-17,1.2684931507,365.7170772112,290.0000000000,0.2834114147
daily,JPM,2026-09-10,1530,2027-12-17,1.2684931507,365.7170772112,300.0000000000,0.2784965797
daily,JPM,2026-09-10,1530,2027-12-17,1.2684931507,365.7170772112,310.0000000000,0.2713898744
daily,JPM,2026-09-10,1530,2027-12-17,1.2684931507,365.7170772112,320.0000000000,0.2693904763
daily,JPM,2026-09-10,1530,2027-12-17,1.2684931507,365.7170772112,330.0000000000,0.2652368275
daily,JPM,2026-09-10,1530,2027-12-17,1.2684931507,365.7170772112,340.0000000000,0.2588631403
daily,JPM,2026-09-10,1530,2027-12-17,1.2684931507,365.7170772112,350.0000000000,0.2593395678
daily,JPM,2026-09-10,1530,2027-12-17,1.2684931507,365.7170772112,360.0000000000,0.2573679914
daily,JPM,2026-09-10,1530,2027-12-17,1.2684931507,365.7170772112,370.0000000000,0.2531430254
daily,JPM,2026-09-10,1530,2027-12-17,1.2684931507,365.7170772112,380.0000000000,0.2524212911
daily,JPM,2026-09-10,1530,2027-12-17,1.2684931507,365.7170772112,390.0000000000,0.2500359677
daily,JPM,2026-09-10,1530,2027-12-17,1.2684931507,365.7170772112,400.0000000000,0.2477154528
daily,JPM,2026-09-10,1530,2027-12-17,1.2684931507,365.7170772112,410.0000000000,0.2448577796
daily,JPM,2026-09-10,1530,2027-12-17,1.2684931507,365.7170772112,420.0000000000,0.2437950982
daily,JPM,2026-09-10,1530,2027-12-17,1.2684931507,365.7170772112,430.0000000000,0.2425030260
daily,JPM,2026-09-10,1530,2027-12-17,1.2684931507,365.7170772112,440.0000000000,0.2415517932
daily,JPM,2026-09-10,1530,2027-12-17,1.2684931507,365.7170772112,450.0000000000,0.2405103809
daily,JPM,2026-09-10,1530,2027-12-17,1.2684931507,365.7170772112,460.0000000000,0.2392392700
daily,JPM,2026-09-10,1530,2027-12-17,1.2684931507,365.7170772112,470.0000000000,0.2378284403
daily,JPM,2026-09-10,1530,2027-12-17,1.2684931507,365.7170772112,480.0000000000,0.2374614889
daily,JPM,2026-09-10,1530,2027-12-17,1.2684931507,365.7170772112,490.0000000000,0.2394227804
daily,JPM,2026-09-10,1530,2027-12-17,1.2684931507,365.7170772112,500.0000000000,0.2401983859
daily,JPM,2026-09-10,1530,2027-12-17,1.2684931507,365.7170772112,520.0000000000,0.2376797963
daily,JPM,2026-09-10,1530,2028-01-21,1.3643835616,367.0248482793,230.0000000000,0.3192743401
daily,JPM,2026-09-10,1530,2028-01-21,1.3643835616,367.0248482793,240.0000000000,0.3117340722
daily,JPM,2026-09-10,1530,2028-01-21,1.3643835616,367.0248482793,250.0000000000,0.3051458760
daily,JPM,2026-09-10,1530,2028-01-21,1.3643835616,367.0248482793,260.0000000000,0.2998246053
daily,JPM,2026-09-10,1530,2028-01-21,1.3643835616,367.0248482793,270.0000000000,0.2945032202
daily,JPM,2026-09-10,1530,2028-01-21,1.3643835616,367.0248482793,280.0000000000,0.2893257122
daily,JPM,2026-09-10,1530,2028-01-21,1.3643835616,367.0248482793,290.0000000000,0.2845147583
daily,JPM,2026-09-10,1530,2028-01-21,1.3643835616,367.0248482793,300.0000000000,0.2801240103
daily,JPM,2026-09-10,1530,2028-01-21,1.3643835616,367.0248482793,310.0000000000,0.2759788730
daily,JPM,2026-09-10,1530,2028-01-21,1.3643835616,367.0248482793,320.0000000000,0.2731131512
daily,JPM,2026-09-10,1530,2028-01-21,1.3643835616,367.0248482793,330.0000000000,0.2685677052
daily,JPM,2026-09-10,1530,2028-01-21,1.3643835616,367.0248482793,340.0000000000,0.2652149827
daily,JPM,2026-09-10,1530,2028-01-21,1.3643835616,367.0248482793,350.0000000000,0.2622192139
daily,JPM,2026-09-10,1530,2028-01-21,1.3643835616,367.0248482793,360.0000000000,0.2579787661
daily,JPM,2026-09-10,1530,2028-01-21,1.3643835616,367.0248482793,370.0000000000,0.2555455982
daily,JPM,2026-09-10,1530,2028-01-21,1.3643835616,367.0248482793,380.0000000000,0.2539066392
daily,JPM,2026-09-10,1530,2028-01-21,1.3643835616,367.0248482793,390.0000000000,0.2502760531
daily,JPM,2026-09-10,1530,2028-01-21,1.3643835616,367.0248482793,400.0000000000,0.2488438597
daily,JPM,2026-09-10,1530,2028-01-21,1.3643835616,367.0248482793,410.0000000000,0.2475400304
daily,JPM,2026-09-10,1530,2028-01-21,1.3643835616,367.0248482793,420.0000000000,0.2455437047
daily,JPM,2026-09-10,1530,2028-01-21,1.3643835616,367.0248482793,430.0000000000,0.2441050124
daily,JPM,2026-09-10,1530,2028-01-21,1.3643835616,367.0248482793,440.0000000000,0.2434336379
daily,JPM,2026-09-10,1530,2028-01-21,1.3643835616,367.0248482793,450.0000000000,0.2410783212
daily,JPM,2026-09-10,1530,2028-01-21,1.3643835616,367.0248482793,460.0000000000,0.2408540062
daily,JPM,2026-09-10,1530,2028-01-21,1.3643835616,367.0248482793,470.0000000000,0.2397521163
daily,JPM,2026-09-10,1530,2028-01-21,1.3643835616,367.0248482793,480.0000000000,0.2395850696
daily,JPM,2026-09-10,1530,2028-01-21,1.3643835616,367.0248482793,490.0000000000,0.2415330074
daily,JPM,2026-09-10,1530,2028-01-21,1.3643835616,367.0248482793,500.0000000000,0.2423858304
daily,JPM,2026-09-10,1530,2028-01-21,1.3643835616,367.0248482793,520.0000000000,0.2411968474
daily,JPM,2026-09-11,1530,2026-09-18,0.0191780822,356.8740369551,330.0000000000,0.2769960008
daily,JPM,2026-09-11,1530,2026-09-18,0.0191780822,356.8740369551,335.0000000000,0.2580502644
daily,JPM,2026-09-11,1530,2026-09-18,0.0191780822,356.8740369551,340.0000000000,0.2466388385
daily,JPM,2026-09-11,1530,2026-09-18,0.0191780822,356.8740369551,345.0000000000,0.2347763478
daily,JPM,2026-09-11,1530,2026-09-18,0.0191780822,356.8740369551,347.5000000000,0.2252784381
daily,JPM,2026-09-11,1530,2026-09-18,0.0191780822,356.8740369551,350.0000000000,0.2220969559
daily,JPM,2026-09-11,1530,2026-09-18,0.0191780822,356.8740369551,352.5000000000,0.2184583812
daily,JPM,2026-09-11,1530,2026-09-18,0.0191780822,356.8740369551,355.0000000000,0.2167463083
daily,JPM,2026-09-11,1530,2026-09-18,0.0191780822,356.8740369551,357.5000000000,0.2132722977
daily,JPM,2026-09-11,1530,2026-09-18,0.0191780822,356.8740369551,360.0000000000,0.2075794132
daily,JPM,2026-09-11,1530,2026-09-18,0.0191780822,356.8740369551,362.5000000000,0.2055196246
daily,JPM,2026-09-11,1530,2026-09-18,0.0191780822,356.8740369551,365.0000000000,0.2024086416
daily,JPM,2026-09-11,1530,2026-09-18,0.0191780822,356.8740369551,370.0000000000,0.2012941190
daily,JPM,2026-09-11,1530,2026-09-18,0.0191780822,356.8740369551,380.0000000000,0.2130724239
daily,JPM,2026-09-11,1530,2026-09-25,0.0383561644,357.3883725562,342.5000000000,0.2243231677
daily,JPM,2026-09-11,1530,2026-09-25,0.0383561644,357.3883725562,345.0000000000,0.2244115918
daily,JPM,2026-09-11,1530,2026-09-25,0.0383561644,357.3883725562,347.5000000000,0.2190584949
daily,JPM,2026-09-11,1530,2026-09-25,0.0383561644,357.3883725562,350.0000000000,0.2203309964
daily,JPM,2026-09-11,1530,2026-09-25,0.0383561644,357.3883725562,352.5000000000,0.2164402838
daily,JPM,2026-09-11,1530,2026-09-25,0.0383561644,357.3883725562,355.0000000000,0.2156912473
daily,JPM,2026-09-11,1530,2026-09-25,0.0383561644,357.3883725562,357.5000000000,0.2091004930
daily,JPM,2026-09-11,1530,2026-09-25,0.0383561644,357.3883725562,360.0000000000,0.2031312395
daily,JPM,2026-09-11,1530,2026-09-25,0.0383561644,357.3883725562,362.5000000000,0.2015417595
daily,JPM,2026-09-11,1530,2026-09-25,0.0383561644,357.3883725562,365.0000000000,0.1997721091
daily,JPM,2026-09-11,1530,2026-09-25,0.0383561644,357.3883725562,367.5000000000,0.1980283873
daily,JPM,2026-09-11,1530,2026-09-25,0.0383561644,357.3883725562,370.0000000000,0.1929043337
daily,JPM,2026-09-11,1530,2026-10-02,0.0575342466,357.7247454220,335.0000000000,0.2371944665
daily,JPM,2026-09-11,1530,2026-10-02,0.0575342466,357.7247454220,340.0000000000,0.2302126940
daily,JPM,2026-09-11,1530,2026-10-02,0.0575342466,357.7247454220,345.0000000000,0.2223856510
daily,JPM,2026-09-11,1530,2026-10-02,0.0575342466,357.7247454220,350.0000000000,0.2171724086
daily,JPM,2026-09-11,1530,2026-10-02,0.0575342466,357.7247454220,355.0000000000,0.2136384718
daily,JPM,2026-09-11,1530,2026-10-02,0.0575342466,357.7247454220,360.0000000000,0.2058049623
daily,JPM,2026-09-11,1530,2026-10-02,0.0575342466,357.7247454220,365.0000000000,0.2017730078
daily,JPM,2026-09-11,1530,2026-10-02,0.0575342466,357.7247454220,370.0000000000,0.1980115216
daily,JPM,2026-09-11,1530,2026-10-02,0.0575342466,357.7247454220,375.0000000000,0.1954065619
daily,JPM,2026-09-11,1530,2026-10-09,0.0767123288,356.6919619191,325.0000000000,0.2497444292
daily,JPM,2026-09-11,1530,2026-10-09,0.0767123288,356.6919619191,330.0000000000,0.2419999959
daily,JPM,2026-09-11,1530,2026-10-09,0.0767123288,356.6919619191,335.0000000000,0.2359119517
daily,JPM,2026-09-11,1530,2026-10-09,0.0767123288,356.6919619191,340.0000000000,0.2310406715
daily,JPM,2026-09-11,1530,2026-10-09,0.0767123288,356.6919619191,345.0000000000,0.2284277995
daily,JPM,2026-09-11,1530,2026-10-09,0.0767123288,356.6919619191,350.0000000000,0.2241367810
daily,JPM,2026-09-11,1530,2026-10-09,0.0767123288,356.6919619191,355.0000000000,0.2204913596
daily,JPM,2026-09-11,1530,2026-10-09,0.0767123288,356.6919619191,360.0000000000,0.2130481717
daily,JPM,2026-09-11,1530,2026-10-09,0.0767123288,356.6919619191,365.0000000000,0.2077088792
daily,JPM,2026-09-11,1530,2026-10-09,0.0767123288,356.6919619191,370.0000000000,0.2031377370
daily,JPM,2026-09-11,1530,2026-10-09,0.0767123288,356.6919619191,375.0000000000,0.1986970472
daily,JPM,2026-09-11,1530,2026-10-16,0.0958904110,356.5362698706,290.0000000000,0.3456035654
daily,JPM,2026-09-11,1530,2026-10-16,0.0958904110,356.5362698706,300.0000000000,0.3186676475
daily,JPM,2026-09-11,1530,2026-10-16,0.0958904110,356.5362698706,310.0000000000,0.2981101733
daily,JPM,2026-09-11,1530,2026-10-16,0.0958904110,356.5362698706,315.0000000000,0.2900075095
daily,JPM,2026-09-11,1530,2026-10-16,0.0958904110,356.5362698706,320.0000000000,0.2833903532
daily,JPM,2026-09-11,1530,2026-10-16,0.0958904110,356.5362698706,325.0000000000,0.2773693152
daily,JPM,2026-09-11,1530,2026-10-16,0.0958904110,356.5362698706,330.0000000000,0.2689602340
daily,JPM,2026-09-11,1530,2026-10-16,0.0958904110,356.5362698706,335.0000000000,0.2667154390
daily,JPM,2026-09-11,1530,2026-10-16,0.0958904110,356.5362698706,340.0000000000,0.2615616572
daily,JPM,2026-09-11,1530,2026-10-16,0.0958904110,356.5362698706,345.0000000000,0.2565981022
daily,JPM,2026-09-11,1530,2026-10-16,0.0958904110,356.5362698706,350.0000000000,0.2464063414
daily,JPM,2026-09-11,1530,2026-10-16,0.0958904110,356.5362698706,355.0000000000,0.2474773250
daily,JPM,2026-09-11,1530,2026-10-16,0.0958904110,356.5362698706,360.0000000000,0.2401785566
daily,JPM,2026-09-11,1530,2026-10-16,0.0958904110,356.5362698706,365.0000000000,0.2369258148
daily,JPM,2026-09-11,1530,2026-10-16,0.0958904110,356.5362698706,370.0000000000,0.2329033406
daily,JPM,2026-09-11,1530,2026-10-16,0.0958904110,356.5362698706,375.0000000000,0.2303664581
daily,JPM,2026-09-11,1530,2026-10-16,0.0958904110,356.5362698706,380.0000000000,0.2276270912
daily,JPM,2026-09-11,1530,2026-10-16,0.0958904110,356.5362698706,385.0000000000,0.2269521222
daily,JPM,2026-09-11,1530,2026-10-16,0.0958904110,356.5362698706,390.0000000000,0.2270769522
daily,JPM,2026-09-11,1530,2026-10-16,0.0958904110,356.5362698706,395.0000000000,0.2271469631
daily,JPM,2026-09-11,1530,2026-10-16,0.0958904110,356.5362698706,400.0000000000,0.2262950895
daily,JPM,2026-09-11,1530,2026-10-16,0.0958904110,356.5362698706,405.0000000000,0.2283879108
daily,JPM,2026-09-11,1530,2026-10-23,0.1150684932,356.7742247609,290.1935481016,0.3154914479
daily,JPM,2026-09-11,1530,2026-10-23,0.1150684932,356.7742247609,300.2002221741,0.2909024315
daily,JPM,2026-09-11,1530,2026-10-23,0.1150684932,356.7742247609,310.2068962465,0.2721361109
daily,JPM,2026-09-11,1530,2026-10-23,0.1150684932,356.7742247609,330.0000000000,0.2688263304
daily,JPM,2026-09-11,1530,2026-10-23,0.1150684932,356.7742247609,335.0000000000,0.2615123900
daily,JPM,2026-09-11,1530,2026-10-23,0.1150684932,356.7742247609,340.0000000000,0.2581782442
daily,JPM,2026-09-11,1530,2026-10-23,0.1150684932,356.7742247609,345.0000000000,0.2487406041
daily,JPM,2026-09-11,1530,2026-10-23,0.1150684932,356.7742247609,350.0000000000,0.2433129196
daily,JPM,2026-09-11,1530,2026-10-23,0.1150684932,356.7742247609,355.0000000000,0.2455807259
daily,JPM,2026-09-11,1530,2026-10-23,0.1150684932,356.7742247609,360.0000000000,0.2407873299
daily,JPM,2026-09-11,1530,2026-10-23,0.1150684932,356.7742247609,365.0000000000,0.2305870708
daily,JPM,2026-09-11,1530,2026-10-23,0.1150684932,356.7742247609,370.0000000000,0.2332235311
daily,JPM,2026-09-11,1530,2026-10-23,0.1150684932,356.7742247609,375.0000000000,0.2288454856
daily,JPM,2026-09-11,1530,2026-10-23,0.1150684932,356.7742247609,380.0000000000,0.2295994443
daily,JPM,2026-09-11,1530,2026-11-20,0.1917808219,358.1633951133,300.0000000000,0.2955776056
daily,JPM,2026-09-11,1530,2026-11-20,0.1917808219,358.1633951133,305.0000000000,0.2918733108
daily,JPM,2026-09-11,1530,2026-11-20,0.1917808219,358.1633951133,310.0000000000,0.2850068877
daily,JPM,2026-09-11,1530,2026-11-20,0.1917808219,358.1633951133,315.0000000000,0.2800090803
daily,JPM,2026-09-11,1530,2026-11-20,0.1917808219,358.1633951133,320.0000000000,0.2752804987
daily,JPM,2026-09-11,1530,2026-11-20,0.1917808219,358.1633951133,325.0000000000,0.2683958663
daily,JPM,2026-09-11,1530,2026-11-20,0.1917808219,358.1633951133,330.0000000000,0.2620995622
daily,JPM,2026-09-11,1530,2026-11-20,0.1917808219,358.1633951133,335.0000000000,0.2572971457
daily,JPM,2026-09-11,1530,2026-11-20,0.1917808219,358.1633951133,340.0000000000,0.2527770405
daily,JPM,2026-09-11,1530,2026-11-20,0.1917808219,358.1633951133,345.0000000000,0.2476982537
daily,JPM,2026-09-11,1530,2026-11-20,0.1917808219,358.1633951133,350.0000000000,0.2463518529
daily,JPM,2026-09-11,1530,2026-11-20,0.1917808219,358.1633951133,355.0000000000,0.2441175185
daily,JPM,2026-09-11,1530,2026-11-20,0.1917808219,358.1633951133,360.0000000000,0.2393401842
daily,JPM,2026-09-11,1530,2026-11-20,0.1917808219,358.1633951133,365.0000000000,0.2340912793
daily,JPM,2026-09-11,1530,2026-11-20,0.1917808219,358.1633951133,370.0000000000,0.2289491455
daily,JPM,2026-09-11,1530,2026-11-20,0.1917808219,358.1633951133,375.0000000000,0.2264988787
daily,JPM,2026-09-11,1530,2026-11-20,0.1917808219,358.1633951133,380.0000000000,0.2254772718
daily,JPM,2026-09-11,1530,2026-11-20,0.1917808219,358.1633951133,385.0000000000,0.2219702521
daily,JPM,2026-09-11,1530,2026-11-20,0.1917808219,358.1633951133,390.0000000000,0.2201519155
daily,JPM,2026-09-11,1530,2026-11-20,0.1917808219,358.1633951133,395.0000000000,0.2201744890
daily,JPM,2026-09-11,1530,2026-11-20,0.1917808219,358.1633951133,400.0000000000,0.2207109917
daily,JPM,2026-09-11,1530,2026-11-20,0.1917808219,358.1633951133,410.0000000000,0.2176118881
daily,JPM,2026-09-11,1530,2026-12-18,0.2684931507,359.2255469949,275.0000000000,0.3224870219
daily,JPM,2026-09-11,1530,2026-12-18,0.2684931507,359.2255469949,280.0000000000,0.3101525044
daily,JPM,2026-09-11,1530,2026-12-18,0.2684931507,359.2255469949,285.0000000000,0.3066245982
daily,JPM,2026-09-11,1530,2026-12-18,0.2684931507,359.2255469949,295.0000000000,0.2931656342
daily,JPM,2026-09-11,1530,2026-12-18,0.2684931507,359.2255469949,300.0000000000,0.2846339081
daily,JPM,2026-09-11,1530,2026-12-18,0.2684931507,359.2255469949,305.0000000000,0.2817093110
daily,JPM,2026-09-11,1530,2026-12-18,0.2684931507,359.2255469949,310.0000000000,0.2762728973
daily,JPM,2026-09-11,1530,2026-12-18,0.2684931507,359.2255469949,315.0000000000,0.2693900322
daily,JPM,2026-09-11,1530,2026-12-18,0.2684931507,359.2255469949,320.0000000000,0.2647220477
daily,JPM,2026-09-11,1530,2026-12-18,0.2684931507,359.2255469949,325.0000000000,0.2627427714
daily,JPM,2026-09-11,1530,2026-12-18,0.2684931507,359.2255469949,330.0000000000,0.2579885419
daily,JPM,2026-09-11,1530,2026-12-18,0.2684931507,359.2255469949,335.0000000000,0.2546335441
daily,JPM,2026-09-11,1530,2026-12-18,0.2684931507,359.2255469949,340.0000000000,0.2502871528
daily,JPM,2026-09-11,1530,2026-12-18,0.2684931507,359.2255469949,345.0000000000,0.2473053267
daily,JPM,2026-09-11,1530,2026-12-18,0.2684931507,359.2255469949,350.0000000000,0.2437715157
daily,JPM,2026-09-11,1530,2026-12-18,0.2684931507,359.2255469949,355.0000000000,0.2392460180
daily,JPM,2026-09-11,1530,2026-12-18,0.2684931507,359.2255469949,360.0000000000,0.2337548303
daily,JPM,2026-09-11,1530,2026-12-18,0.2684931507,359.2255469949,365.0000000000,0.2351960935
daily,JPM,2026-09-11,1530,2026-12-18,0.2684931507,359.2255469949,370.0000000000,0.2338007748
daily,JPM,2026-09-11,1530,2026-12-18,0.2684931507,359.2255469949,375.0000000000,0.2302656086
daily,JPM,2026-09-11,1530,2026-12-18,0.2684931507,359.2255469949,380.0000000000,0.2277064032
daily,JPM,2026-09-11,1530,2026-12-18,0.2684931507,359.2255469949,385.0000000000,0.2266480906
daily,JPM,2026-09-11,1530,2026-12-18,0.2684931507,359.2255469949,390.0000000000,0.2235708083
daily,JPM,2026-09-11,1530,2026-12-18,0.2684931507,359.2255469949,395.0000000000,0.2233498899
daily,JPM,2026-09-11,1530,2026-12-18,0.2684931507,359.2255469949,400.0000000000,0.2211417788
daily,JPM,2026-09-11,1530,2026-12-18,0.2684931507,359.2255469949,405.0000000000,0.2184355862
daily,JPM,2026-09-11,1530,2026-12-18,0.2684931507,359.2255469949,410.0000000000,0.2158403000
daily,JPM,2026-09-11,1530,2026-12-18,0.2684931507,359.2255469949,415.0000000000,0.2174835295
daily,JPM,2026-09-11,1530,2026-12-18,0.2684931507,359.2255469949,420.0000000000,0.2167539763
daily,JPM,2026-09-11,1530,2026-12-18,0.2684931507,359.2255469949,425.0000000000,0.2178853087
daily,JPM,2026-09-11,1530,2026-12-18,0.2684931507,359.2255469949,430.0000000000,0.2187086674
daily,JPM,2026-09-11,1530,2026-12-18,0.2684931507,359.2255469949,450.0000000000,0.2221450236
daily,JPM,2026-09-11,1530,2027-01-15,0.3452054795,359.5743815976,250.0000000000,0.3516627066
daily,JPM,2026-09-11,1530,2027-01-15,0.3452054795,359.5743815976,260.0000000000,0.3381950520
daily,JPM,2026-09-11,1530,2027-01-15,0.3452054795,359.5743815976,270.0000000000,0.3259447854
daily,JPM,2026-09-11,1530,2027-01-15,0.3452054795,359.5743815976,280.0000000000,0.3139937762
daily,JPM,2026-09-11,1530,2027-01-15,0.3452054795,359.5743815976,290.0000000000,0.3024047719
daily,JPM,2026-09-11,1530,2027-01-15,0.3452054795,359.5743815976,300.0000000000,0.2884060511
daily,JPM,2026-09-11,1530,2027-01-15,0.3452054795,359.5743815976,310.0000000000,0.2806682773
daily,JPM,2026-09-11,1530,2027-01-15,0.3452054795,359.5743815976,320.0000000000,0.2708080019
daily,JPM,2026-09-11,1530,2027-01-15,0.3452054795,359.5743815976,330.0000000000,0.2641340963
daily,JPM,2026-09-11,1530,2027-01-15,0.3452054795,359.5743815976,340.0000000000,0.2562327090
daily,JPM,2026-09-11,1530,2027-01-15,0.3452054795,359.5743815976,350.0000000000,0.2503873935
daily,JPM,2026-09-11,1530,2027-01-15,0.3452054795,359.5743815976,360.0000000000,0.2453499850
daily,JPM,2026-09-11,1530,2027-01-15,0.3452054795,359.5743815976,370.0000000000,0.2386673931
daily,JPM,2026-09-11,1530,2027-01-15,0.3452054795,359.5743815976,380.0000000000,0.2341781042
daily,JPM,2026-09-11,1530,2027-01-15,0.3452054795,359.5743815976,390.0000000000,0.2311587035
daily,JPM,2026-09-11,1530,2027-01-15,0.3452054795,359.5743815976,400.0000000000,0.2279864360
daily,JPM,2026-09-11,1530,2027-01-15,0.3452054795,359.5743815976,410.0000000000,0.2278103193
daily,JPM,2026-09-11,1530,2027-01-15,0.3452054795,359.5743815976,420.0000000000,0.2246376618
daily,JPM,2026-09-11,1530,2027-01-15,0.3452054795,359.5743815976,430.0000000000,0.2283764156
daily,JPM,2026-09-11,1530,2027-01-15,0.3452054795,359.5743815976,440.0000000000,0.2254748267
daily,JPM,2026-09-11,1530,2027-03-19,0.5178082192,362.0289896919,245.0000000000,0.3398224982
daily,JPM,2026-09-11,1530,2027-03-19,0.5178082192,362.0289896919,250.0000000000,0.3345087522
daily,JPM,2026-09-11,1530,2027-03-19,0.5178082192,362.0289896919,255.0000000000,0.3296874680
daily,JPM,2026-09-11,1530,2027-03-19,0.5178082192,362.0289896919,265.0000000000,0.3201759516
daily,JPM,2026-09-11,1530,2027-03-19,0.5178082192,362.0289896919,270.0000000000,0.3153232685
daily,JPM,2026-09-11,1530,2027-03-19,0.5178082192,362.0289896919,275.0000000000,0.3102815281
daily,JPM,2026-09-11,1530,2027-03-19,0.5178082192,362.0289896919,280.0000000000,0.3082623337
daily,JPM,2026-09-11,1530,2027-03-19,0.5178082192,362.0289896919,285.0000000000,0.3055988522
daily,JPM,2026-09-11,1530,2027-03-19,0.5178082192,362.0289896919,290.0000000000,0.3017253014
daily,JPM,2026-09-11,1530,2027-03-19,0.5178082192,362.0289896919,300.0000000000,0.2909004994
daily,JPM,2026-09-11,1530,2027-03-19,0.5178082192,362.0289896919,305.0000000000,0.2840313013
daily,JPM,2026-09-11,1530,2027-03-19,0.5178082192,362.0289896919,310.0000000000,0.2815886070
daily,JPM,2026-09-11,1530,2027-03-19,0.5178082192,362.0289896919,315.0000000000,0.2777720188
daily,JPM,2026-09-11,1530,2027-03-19,0.5178082192,362.0289896919,320.0000000000,0.2727287790
daily,JPM,2026-09-11,1530,2027-03-19,0.5178082192,362.0289896919,325.0000000000,0.2700812100
daily,JPM,2026-09-11,1530,2027-03-19,0.5178082192,362.0289896919,330.0000000000,0.2660705213
daily,JPM,2026-09-11,1530,2027-03-19,0.5178082192,362.0289896919,335.0000000000,0.2632949583
daily,JPM,2026-09-11,1530,2027-03-19,0.5178082192,362.0289896919,340.0000000000,0.2600815976
daily,JPM,2026-09-11,1530,2027-03-19,0.5178082192,362.0289896919,345.0000000000,0.2582238682
daily,JPM,2026-09-11,1530,2027-03-19,0.5178082192,362.0289896919,350.0000000000,0.2549320158
daily,JPM,2026-09-11,1530,2027-03-19,0.5178082192,362.0289896919,355.0000000000,0.2519957947
daily,JPM,2026-09-11,1530,2027-03-19,0.5178082192,362.0289896919,360.0000000000,0.2502993127
daily,JPM,2026-09-11,1530,2027-03-19,0.5178082192,362.0289896919,365.0000000000,0.2471562311
daily,JPM,2026-09-11,1530,2027-03-19,0.5178082192,362.0289896919,370.0000000000,0.2459182204
daily,JPM,2026-09-11,1530,2027-03-19,0.5178082192,362.0289896919,375.0000000000,0.2432318396
daily,JPM,2026-09-11,1530,2027-03-19,0.5178082192,362.0289896919,380.0000000000,0.2412353873
daily,JPM,2026-09-11,1530,2027-03-19,0.5178082192,362.0289896919,385.0000000000,0.2415064461
daily,JPM,2026-09-11,1530,2027-03-19,0.5178082192,362.0289896919,390.0000000000,0.2404088748
daily,JPM,2026-09-11,1530,2027-03-19,0.5178082192,362.0289896919,395.0000000000,0.2378928056
daily,JPM,2026-09-11,1530,2027-03-19,0.5178082192,362.0289896919,400.0000000000,0.2364478509
daily,JPM,2026-09-11,1530,2027-03-19,0.5178082192,362.0289896919,405.0000000000,0.2362661481
daily,JPM,2026-09-11,1530,2027-03-19,0.5178082192,362.0289896919,410.0000000000,0.2347641032
daily,JPM,2026-09-11,1530,2027-03-19,0.5178082192,362.0289896919,415.0000000000,0.2334269314
daily,JPM,2026-09-11,1530,2027-03-19,0.5178082192,362.0289896919,420.0000000000,0.2320364710
daily,JPM,2026-09-11,1530,2027-03-19,0.5178082192,362.0289896919,425.0000000000,0.2310101188
daily,JPM,2026-09-11,1530,2027-03-19,0.5178082192,362.0289896919,430.0000000000,0.2309365679
daily,JPM,2026-09-11,1530,2027-03-19,0.5178082192,362.0289896919,435.0000000000,0.2296365834
daily,JPM,2026-09-11,1530,2027-03-19,0.5178082192,362.0289896919,440.0000000000,0.2297445999
daily,JPM,2026-09-11,1530,2027-03-19,0.5178082192,362.0289896919,450.0000000000,0.2308479924
daily,JPM,2026-09-11,1530,2027-03-19,0.5178082192,362.0289896919,455.0000000000,0.2299233689
daily,JPM,2026-09-11,1530,2027-03-19,0.5178082192,362.0289896919,460.0000000000,0.2306437018
daily,JPM,2026-09-11,1530,2027-06-17,0.7643835616,365.2766938305,240.0000000000,0.3340737149
daily,JPM,2026-09-11,1530,2027-06-17,0.7643835616,365.2766938305,255.0000000000,0.3177566671
daily,JPM,2026-09-11,1530,2027-06-17,0.7643835616,365.2766938305,260.0000000000,0.3117184484
daily,JPM,2026-09-11,1530,2027-06-17,0.7643835616,365.2766938305,265.0000000000,0.3091934883
daily,JPM,2026-09-11,1530,2027-06-17,0.7643835616,365.2766938305,270.0000000000,0.3056786232
daily,JPM,2026-09-11,1530,2027-06-17,0.7643835616,365.2766938305,275.0000000000,0.3013218189
daily,JPM,2026-09-11,1530,2027-06-17,0.7643835616,365.2766938305,280.0000000000,0.2980185500
daily,JPM,2026-09-11,1530,2027-06-17,0.7643835616,365.2766938305,285.0000000000,0.2950466120
daily,JPM,2026-09-11,1530,2027-06-17,0.7643835616,365.2766938305,290.0000000000,0.2911809169
daily,JPM,2026-09-11,1530,2027-06-17,0.7643835616,365.2766938305,295.0000000000,0.2894336583
daily,JPM,2026-09-11,1530,2027-06-17,0.7643835616,365.2766938305,300.0000000000,0.2866683666
daily,JPM,2026-09-11,1530,2027-06-17,0.7643835616,365.2766938305,305.0000000000,0.2841352036
daily,JPM,2026-09-11,1530,2027-06-17,0.7643835616,365.2766938305,310.0000000000,0.2806835400
daily,JPM,2026-09-11,1530,2027-06-17,0.7643835616,365.2766938305,315.0000000000,0.2791277858
daily,JPM,2026-09-11,1530,2027-06-17,0.7643835616,365.2766938305,320.0000000000,0.2765792957
daily,JPM,2026-09-11,1530,2027-06-17,0.7643835616,365.2766938305,330.0000000000,0.2715790655
daily,JPM,2026-09-11,1530,2027-06-17,0.7643835616,365.2766938305,340.0000000000,0.2673474921
daily,JPM,2026-09-11,1530,2027-06-17,0.7643835616,365.2766938305,350.0000000000,0.2598427578
daily,JPM,2026-09-11,1530,2027-06-17,0.7643835616,365.2766938305,360.0000000000,0.2554308781
daily,JPM,2026-09-11,1530,2027-06-17,0.7643835616,365.2766938305,370.0000000000,0.2523431688
daily,JPM,2026-09-11,1530,2027-06-17,0.7643835616,365.2766938305,380.0000000000,0.2520010168
daily,JPM,2026-09-11,1530,2027-06-17,0.7643835616,365.2766938305,390.0000000000,0.2481088072
daily,JPM,2026-09-11,1530,2027-06-17,0.7643835616,365.2766938305,400.0000000000,0.2445764232
daily,JPM,2026-09-11,1530,2027-06-17,0.7643835616,365.2766938305,410.0000000000,0.2419835791
daily,JPM,2026-09-11,1530,2027-06-17,0.7643835616,365.2766938305,420.0000000000,0.2409741102
daily,JPM,2026-09-11,1530,2027-06-17,0.7643835616,365.2766938305,430.0000000000,0.2382970715
daily,JPM,2026-09-11,1530,2027-06-17,0.7643835616,365.2766938305,440.0000000000,0.2354770880
daily,JPM,2026-09-11,1530,2027-06-17,0.7643835616,365.2766938305,450.0000000000,0.2365529499
daily,JPM,2026-09-11,1530,2027-06-17,0.7643835616,365.2766938305,460.0000000000,0.2348225005
daily,JPM,2026-09-11,1530,2027-06-17,0.7643835616,365.2766938305,480.0000000000,0.2358514124
daily,JPM,2026-09-11,1530,2027-06-17,0.7643835616,365.2766938305,490.0000000000,0.2363591742
daily,JPM,2026-09-11,1530,2027-06-17,0.7643835616,365.2766938305,500.0000000000,0.2394097264
daily,JPM,2026-09-11,1530,2027-09-17,1.0164383562,368.1038033584,230.0000000000,0.3291166945
daily,JPM,2026-09-11,1530,2027-09-17,1.0164383562,368.1038033584,240.0000000000,0.3219928809
daily,JPM,2026-09-11,1530,2027-09-17,1.0164383562,368.1038033584,250.0000000000,0.3123754592
daily,JPM,2026-09-11,1530,2027-09-17,1.0164383562,368.1038033584,255.0000000000,0.3098740138
daily,JPM,2026-09-11,1530,2027-09-17,1.0164383562,368.1038033584,260.0000000000,0.3065981044
daily,JPM,2026-09-11,1530,2027-09-17,1.0164383562,368.1038033584,265.0000000000,0.3026571634
daily,JPM,2026-09-11,1530,2027-09-17,1.0164383562,368.1038033584,270.0000000000,0.2998826041
daily,JPM,2026-09-11,1530,2027-09-17,1.0164383562,368.1038033584,275.0000000000,0.2964000931
daily,JPM,2026-09-11,1530,2027-09-17,1.0164383562,368.1038033584,280.0000000000,0.2931065489
daily,JPM,2026-09-11,1530,2027-09-17,1.0164383562,368.1038033584,285.0000000000,0.2906158293
daily,JPM,2026-09-11,1530,2027-09-17,1.0164383562,368.1038033584,290.0000000000,0.2874099919
daily,JPM,2026-09-11,1530,2027-09-17,1.0164383562,368.1038033584,295.0000000000,0.2850921192
daily,JPM,2026-09-11,1530,2027-09-17,1.0164383562,368.1038033584,300.0000000000,0.2820565951
daily,JPM,2026-09-11,1530,2027-09-17,1.0164383562,368.1038033584,305.0000000000,0.2783712606
daily,JPM,2026-09-11,1530,2027-09-17,1.0164383562,368.1038033584,310.0000000000,0.2740993765
daily,JPM,2026-09-11,1530,2027-09-17,1.0164383562,368.1038033584,315.0000000000,0.2692692546
daily,JPM,2026-09-11,1530,2027-09-17,1.0164383562,368.1038033584,320.0000000000,0.2692793634
daily,JPM,2026-09-11,1530,2027-09-17,1.0164383562,368.1038033584,330.0000000000,0.2667912854
daily,JPM,2026-09-11,1530,2027-09-17,1.0164383562,368.1038033584,340.0000000000,0.2635233060
daily,JPM,2026-09-11,1530,2027-09-17,1.0164383562,368.1038033584,350.0000000000,0.2589138013
daily,JPM,2026-09-11,1530,2027-09-17,1.0164383562,368.1038033584,360.0000000000,0.2546033398
daily,JPM,2026-09-11,1530,2027-09-17,1.0164383562,368.1038033584,370.0000000000,0.2514401309
daily,JPM,2026-09-11,1530,2027-09-17,1.0164383562,368.1038033584,380.0000000000,0.2486104893
daily,JPM,2026-09-11,1530,2027-09-17,1.0164383562,368.1038033584,390.0000000000,0.2485775201
daily,JPM,2026-09-11,1530,2027-09-17,1.0164383562,368.1038033584,400.0000000000,0.2461684397
daily,JPM,2026-09-11,1530,2027-09-17,1.0164383562,368.1038033584,410.0000000000,0.2432480271
daily,JPM,2026-09-11,1530,2027-09-17,1.0164383562,368.1038033584,420.0000000000,0.2420309686
daily,JPM,2026-09-11,1530,2027-09-17,1.0164383562,368.1038033584,430.0000000000,0.2407786789
daily,JPM,2026-09-11,1530,2027-09-17,1.0164383562,368.1038033584,440.0000000000,0.2379418172
daily,JPM,2026-09-11,1530,2027-09-17,1.0164383562,368.1038033584,450.0000000000,0.2385110132
daily,JPM,2026-09-11,1530,2027-09-17,1.0164383562,368.1038033584,460.0000000000,0.2399327665
daily,JPM,2026-09-11,1530,2027-09-17,1.0164383562,368.1038033584,470.0000000000,0.2394801881
daily,JPM,2026-09-11,1530,2027-09-17,1.0164383562,368.1038033584,480.0000000000,0.2369144355
daily,JPM,2026-09-11,1530,2027-09-17,1.0164383562,368.1038033584,500.0000000000,0.2341842530
daily,JPM,2026-09-11,1530,2027-12-17,1.2657534247,370.8263899209,230.0000000000,0.3271655744
daily,JPM,2026-09-11,1530,2027-12-17,1.2657534247,370.8263899209,240.0000000000,0.3163326424
daily,JPM,2026-09-11,1530,2027-12-17,1.2657534247,370.8263899209,250.0000000000,0.3095182051
daily,JPM,2026-09-11,1530,2027-12-17,1.2657534247,370.8263899209,260.0000000000,0.3047424314
daily,JPM,2026-09-11,1530,2027-12-17,1.2657534247,370.8263899209,270.0000000000,0.2976201446
daily,JPM,2026-09-11,1530,2027-12-17,1.2657534247,370.8263899209,280.0000000000,0.2939520172
daily,JPM,2026-09-11,1530,2027-12-17,1.2657534247,370.8263899209,290.0000000000,0.2878648615
daily,JPM,2026-09-11,1530,2027-12-17,1.2657534247,370.8263899209,300.0000000000,0.2798029268
daily,JPM,2026-09-11,1530,2027-12-17,1.2657534247,370.8263899209,310.0000000000,0.2753759707
daily,JPM,2026-09-11,1530,2027-12-17,1.2657534247,370.8263899209,320.0000000000,0.2711255812
daily,JPM,2026-09-11,1530,2027-12-17,1.2657534247,370.8263899209,330.0000000000,0.2660422353
daily,JPM,2026-09-11,1530,2027-12-17,1.2657534247,370.8263899209,340.0000000000,0.2621273431
daily,JPM,2026-09-11,1530,2027-12-17,1.2657534247,370.8263899209,350.0000000000,0.2585309573
daily,JPM,2026-09-11,1530,2027-12-17,1.2657534247,370.8263899209,360.0000000000,0.2544409405
daily,JPM,2026-09-11,1530,2027-12-17,1.2657534247,370.8263899209,370.0000000000,0.2512048398
daily,JPM,2026-09-11,1530,2027-12-17,1.2657534247,370.8263899209,380.0000000000,0.2500015424
daily,JPM,2026-09-11,1530,2027-12-17,1.2657534247,370.8263899209,390.0000000000,0.2479031294
daily,JPM,2026-09-11,1530,2027-12-17,1.2657534247,370.8263899209,400.0000000000,0.2449165434
daily,JPM,2026-09-11,1530,2027-12-17,1.2657534247,370.8263899209,410.0000000000,0.2429897273
daily,JPM,2026-09-11,1530,2027-12-17,1.2657534247,370.8263899209,420.0000000000,0.2417176141
daily,JPM,2026-09-11,1530,2027-12-17,1.2657534247,370.8263899209,430.0000000000,0.2384530136
daily,JPM,2026-09-11,1530,2027-12-17,1.2657534247,370.8263899209,440.0000000000,0.2387245553
daily,JPM,2026-09-11,1530,2027-12-17,1.2657534247,370.8263899209,450.0000000000,0.2372282809
daily,JPM,2026-09-11,1530,2027-12-17,1.2657534247,370.8263899209,460.0000000000,0.2358596198
daily,JPM,2026-09-11,1530,2027-12-17,1.2657534247,370.8263899209,470.0000000000,0.2373105864
daily,JPM,2026-09-11,1530,2027-12-17,1.2657534247,370.8263899209,480.0000000000,0.2373382366
daily,JPM,2026-09-11,1530,2027-12-17,1.2657534247,370.8263899209,490.0000000000,0.2358181614
daily,JPM,2026-09-11,1530,2027-12-17,1.2657534247,370.8263899209,500.0000000000,0.2367771545
daily,JPM,2026-09-11,1530,2028-01-21,1.3616438356,371.9879063063,230.0000000000,0.3216207014
daily,JPM,2026-09-11,1530,2028-01-21,1.3616438356,371.9879063063,240.0000000000,0.3160891833
daily,JPM,2026-09-11,1530,2028-01-21,1.3616438356,371.9879063063,250.0000000000,0.3107589787
daily,JPM,2026-09-11,1530,2028-01-21,1.3616438356,371.9879063063,260.0000000000,0.3043888207
daily,JPM,2026-09-11,1530,2028-01-21,1.3616438356,371.9879063063,270.0000000000,0.2990464445
daily,JPM,2026-09-11,1530,2028-01-21,1.3616438356,371.9879063063,280.0000000000,0.2943854856
daily,JPM,2026-09-11,1530,2028-01-21,1.3616438356,371.9879063063,290.0000000000,0.2876902021
daily,JPM,2026-09-11,1530,2028-01-21,1.3616438356,371.9879063063,300.0000000000,0.2815284325
daily,JPM,2026-09-11,1530,2028-01-21,1.3616438356,371.9879063063,310.0000000000,0.2768500318
daily,JPM,2026-09-11,1530,2028-01-21,1.3616438356,371.9879063063,320.0000000000,0.2720262181
daily,JPM,2026-09-11,1530,2028-01-21,1.3616438356,371.9879063063,330.0000000000,0.2652583840
daily,JPM,2026-09-11,1530,2028-01-21,1.3616438356,371.9879063063,340.0000000000,0.2630911172
daily,JPM,2026-09-11,1530,2028-01-21,1.3616438356,371.9879063063,350.0000000000,0.2598107869
daily,JPM,2026-09-11,1530,2028-01-21,1.3616438356,371.9879063063,360.0000000000,0.2561599752
daily,JPM,2026-09-11,1530,2028-01-21,1.3616438356,371.9879063063,370.0000000000,0.2532704770
daily,JPM,2026-09-11,1530,2028-01-21,1.3616438356,371.9879063063,380.0000000000,0.2508084324
daily,JPM,2026-09-11,1530,2028-01-21,1.3616438356,371.9879063063,390.0000000000,0.2484973892
daily,JPM,2026-09-11,1530,2028-01-21,1.3616438356,371.9879063063,400.0000000000,0.2462994238
daily,JPM,2026-09-11,1530,2028-01-21,1.3616438356,371.9879063063,410.0000000000,0.2445308358
daily,JPM,2026-09-11,1530,2028-01-21,1.3616438356,371.9879063063,420.0000000000,0.2438721977
daily,JPM,2026-09-11,1530,2028-01-21,1.3616438356,371.9879063063,430.0000000000,0.2414247950
daily,JPM,2026-09-11,1530,2028-01-21,1.3616438356,371.9879063063,440.0000000000,0.2408357468
daily,JPM,2026-09-11,1530,2028-01-21,1.3616438356,371.9879063063,450.0000000000,0.2396854955
daily,JPM,2026-09-11,1530,2028-01-21,1.3616438356,371.9879063063,460.0000000000,0.2395681286
daily,JPM,2026-09-11,1530,2028-01-21,1.3616438356,371.9879063063,470.0000000000,0.2385531662
daily,JPM,2026-09-11,1530,2028-01-21,1.3616438356,371.9879063063,480.0000000000,0.2391549399
daily,JPM,2026-09-11,1530,2028-01-21,1.3616438356,371.9879063063,490.0000000000,0.2384128002
daily,JPM,2026-09-11,1530,2028-01-21,1.3616438356,371.9879063063,500.0000000000,0.2375779264
daily,JPM,2026-09-11,1530,2028-01-21,1.3616438356,371.9879063063,520.0000000000,0.2373536378
daily,JPM,2026-09-11,1530,2028-01-21,1.3616438356,371.9879063063,540.0000000000,0.2386670356
daily,XOM,2026-08-14,1530,2026-08-21,0.0191780822,159.5787478870,150.0000000000,0.2818706006
daily,XOM,2026-08-14,1530,2026-08-21,0.0191780822,159.5787478870,152.5000000000,0.2680414070
daily,XOM,2026-08-14,1530,2026-08-21,0.0191780822,159.5787478870,155.0000000000,0.2655572277
daily,XOM,2026-08-14,1530,2026-08-21,0.0191780822,159.5787478870,157.5000000000,0.2586392090
daily,XOM,2026-08-14,1530,2026-08-21,0.0191780822,159.5787478870,160.0000000000,0.2449338193
daily,XOM,2026-08-14,1530,2026-08-21,0.0191780822,159.5787478870,162.5000000000,0.2525315830
daily,XOM,2026-08-14,1530,2026-08-21,0.0191780822,159.5787478870,165.0000000000,0.2617414141
daily,XOM,2026-08-14,1530,2026-08-21,0.0191780822,159.5787478870,170.0000000000,0.2880069098
daily,XOM,2026-08-14,1530,2026-08-28,0.0383561644,159.5902534620,146.0000000000,0.2818940672
daily,XOM,2026-08-14,1530,2026-08-28,0.0383561644,159.5902534620,148.0000000000,0.2709308413
daily,XOM,2026-08-14,1530,2026-08-28,0.0383561644,159.5902534620,149.0000000000,0.2715080441
daily,XOM,2026-08-14,1530,2026-08-28,0.0383561644,159.5902534620,150.0000000000,0.2681978368
daily,XOM,2026-08-14,1530,2026-08-28,0.0383561644,159.5902534620,152.5000000000,0.2631576446
daily,XOM,2026-08-14,1530,2026-08-28,0.0383561644,159.5902534620,155.0000000000,0.2595487590
daily,XOM,2026-08-14,1530,2026-08-28,0.0383561644,159.5902534620,157.5000000000,0.2608979101
daily,XOM,2026-08-14,1530,2026-08-28,0.0383561644,159.5902534620,160.0000000000,0.2610974843
daily,XOM,2026-08-14,1530,2026-08-28,0.0383561644,159.5902534620,162.5000000000,0.2599746735
daily,XOM,2026-08-14,1530,2026-08-28,0.0383561644,159.5902534620,165.0000000000,0.2627116028
daily,XOM,2026-08-14,1530,2026-08-28,0.0383561644,159.5902534620,167.5000000000,0.2666683616
daily,XOM,2026-08-14,1530,2026-08-28,0.0383561644,159.5902534620,170.0000000000,0.2732317494
daily,XOM,2026-08-14,1530,2026-08-28,0.0383561644,159.5902534620,175.0000000000,0.2926492470
daily,XOM,2026-08-14,1530,2026-09-04,0.0575342466,159.8240814499,150.0000000000,0.2761993583
daily,XOM,2026-08-14,1530,2026-09-04,0.0575342466,159.8240814499,152.5000000000,0.2719490303
daily,XOM,2026-08-14,1530,2026-09-04,0.0575342466,159.8240814499,155.0000000000,0.2682528863
daily,XOM,2026-08-14,1530,2026-09-04,0.0575342466,159.8240814499,157.5000000000,0.2700642560
daily,XOM,2026-08-14,1530,2026-09-04,0.0575342466,159.8240814499,160.0000000000,0.2646690502
daily,XOM,2026-08-14,1530,2026-09-04,0.0575342466,159.8240814499,162.5000000000,0.2665118731
daily,XOM,2026-08-14,1530,2026-09-04,0.0575342466,159.8240814499,165.0000000000,0.2672079559
daily,XOM,2026-08-14,1530,2026-09-04,0.0575342466,159.8240814499,167.5000000000,0.2668563557
daily,XOM,2026-08-14,1530,2026-09-04,0.0575342466,159.8240814499,170.0000000000,0.2689652290
daily,XOM,2026-08-14,1530,2026-09-11,0.0767123288,160.0231090318,150.0000000000,0.2694777112
daily,XOM,2026-08-14,1530,2026-09-11,0.0767123288,160.0231090318,152.5000000000,0.2689414108
daily,XOM,2026-08-14,1530,2026-09-11,0.0767123288,160.0231090318,155.0000000000,0.2704940382
daily,XOM,2026-08-14,1530,2026-09-11,0.0767123288,160.0231090318,157.5000000000,0.2716536865
daily,XOM,2026-08-14,1530,2026-09-11,0.0767123288,160.0231090318,160.0000000000,0.2643005011
daily,XOM,2026-08-14,1530,2026-09-11,0.0767123288,160.0231090318,162.5000000000,0.2594350645
daily,XOM,2026-08-14,1530,2026-09-11,0.0767123288,160.0231090318,165.0000000000,0.2613229004
daily,XOM,2026-08-14,1530,2026-09-11,0.0767123288,160.0231090318,167.5000000000,0.2606626614
daily,XOM,2026-08-14,1530,2026-09-11,0.0767123288,160.0231090318,170.0000000000,0.2574140252
daily,XOM,2026-08-14,1530,2026-09-11,0.0767123288,160.0231090318,172.5000000000,0.2622072210
daily,XOM,2026-08-14,1530,2026-09-18,0.0958904110,160.0445112592,140.0000000000,0.2847032296
daily,XOM,2026-08-14,1530,2026-09-18,0.0958904110,160.0445112592,145.0000000000,0.2783788081
daily,XOM,2026-08-14,1530,2026-09-18,0.0958904110,160.0445112592,150.0000000000,0.2721486640
daily,XOM,2026-08-14,1530,2026-09-18,0.0958904110,160.0445112592,155.0000000000,0.2683421350
daily,XOM,2026-08-14,1530,2026-09-18,0.0958904110,160.0445112592,160.0000000000,0.2700598744
daily,XOM,2026-08-14,1530,2026-09-18,0.0958904110,160.0445112592,165.0000000000,0.2661547975
daily,XOM,2026-08-14,1530,2026-09-18,0.0958904110,160.0445112592,170.0000000000,0.2644082472
daily,XOM,2026-08-14,1530,2026-09-18,0.0958904110,160.0445112592,175.0000000000,0.2684933735
daily,XOM,2026-08-14,1530,2026-09-18,0.0958904110,160.0445112592,180.0000000000,0.2741811210
daily,XOM,2026-08-14,1530,2026-09-25,0.1150684932,160.3638522193,152.5000000000,0.2708106801
daily,XOM,2026-08-14,1530,2026-09-25,0.1150684932,160.3638522193,155.0000000000,0.2684215806
daily,XOM,2026-08-14,1530,2026-09-25,0.1150684932,160.3638522193,157.5000000000,0.2692546970
daily,XOM,2026-08-14,1530,2026-09-25,0.1150684932,160.3638522193,160.0000000000,0.2675231490
daily,XOM,2026-08-14,1530,2026-09-25,0.1150684932,160.3638522193,162.5000000000,0.2674520537
daily,XOM,2026-08-14,1530,2026-09-25,0.1150684932,160.3638522193,165.0000000000,0.2664344039
daily,XOM,2026-08-14,1530,2026-09-25,0.1150684932,160.3638522193,170.0000000000,0.2659401815
daily,XOM,2026-08-14,1530,2026-09-25,0.1150684932,160.3638522193,172.5000000000,0.2705018142
daily,XOM,2026-08-14,1530,2026-09-25,0.1150684932,160.3638522193,175.0000000000,0.2685709387
daily,XOM,2026-08-14,1530,2026-10-02,0.1342465753,160.4856103898,152.5000000000,0.2730732336
daily,XOM,2026-08-14,1530,2026-10-02,0.1342465753,160.4856103898,155.0000000000,0.2657751191
daily,XOM,2026-08-14,1530,2026-10-02,0.1342465753,160.4856103898,157.5000000000,0.2710485651
daily,XOM,2026-08-14,1530,2026-10-02,0.1342465753,160.4856103898,160.0000000000,0.2703886157
daily,XOM,2026-08-14,1530,2026-10-02,0.1342465753,160.4856103898,162.5000000000,0.2680685278
daily,XOM,2026-08-14,1530,2026-10-02,0.1342465753,160.4856103898,165.0000000000,0.2722360327
daily,XOM,2026-08-14,1530,2026-10-02,0.1342465753,160.4856103898,170.0000000000,0.2719262582
daily,XOM,2026-08-14,1530,2026-10-16,0.1726027397,160.4593481913,130.0000000000,0.3007646030
daily,XOM,2026-08-14,1530,2026-10-16,0.1726027397,160.4593481913,135.0000000000,0.2934359390
daily,XOM,2026-08-14,1530,2026-10-16,0.1726027397,160.4593481913,140.0000000000,0.2844512628
daily,XOM,2026-08-14,1530,2026-10-16,0.1726027397,160.4593481913,145.0000000000,0.2782707565
daily,XOM,2026-08-14,1530,2026-10-16,0.1726027397,160.4593481913,150.0000000000,0.2752460594
daily,XOM,2026-08-14,1530,2026-10-16,0.1726027397,160.4593481913,155.0000000000,0.2724135377
daily,XOM,2026-08-14,1530,2026-10-16,0.1726027397,160.4593481913,160.0000000000,0.2714639689
daily,XOM,2026-08-14,1530,2026-10-16,0.1726027397,160.4593481913,165.0000000000,0.2727029240
daily,XOM,2026-08-14,1530,2026-10-16,0.1726027397,160.4593481913,170.0000000000,0.2740398918
daily,XOM,2026-08-14,1530,2026-10-16,0.1726027397,160.4593481913,175.0000000000,0.2755908867
daily,XOM,2026-08-14,1530,2026-10-16,0.1726027397,160.4593481913,180.0000000000,0.2784271830
daily,XOM,2026-08-14,1530,2026-10-16,0.1726027397,160.4593481913,185.0000000000,0.2879928277
daily,XOM,2026-08-14,1530,2026-10-16,0.1726027397,160.4593481913,190.0000000000,0.2841453665
daily,XOM,2026-08-14,1530,2026-10-16,0.1726027397,160.4593481913,195.0000000000,0.2911693943
daily,XOM,2026-08-14,1530,2026-11-20,0.2684931507,160.4631281851,125.0000000000,0.3115703940
daily,XOM,2026-08-14,1530,2026-11-20,0.2684931507,160.4631281851,130.0000000000,0.3080128178
daily,XOM,2026-08-14,1530,2026-11-20,0.2684931507,160.4631281851,135.0000000000,0.2971784111
daily,XOM,2026-08-14,1530,2026-11-20,0.2684931507,160.4631281851,140.0000000000,0.2951042036
daily,XOM,2026-08-14,1530,2026-11-20,0.2684931507,160.4631281851,145.0000000000,0.2905286830
daily,XOM,2026-08-14,1530,2026-11-20,0.2684931507,160.4631281851,150.0000000000,0.2866088673
daily,XOM,2026-08-14,1530,2026-11-20,0.2684931507,160.4631281851,155.0000000000,0.2850570972
daily,XOM,2026-08-14,1530,2026-11-20,0.2684931507,160.4631281851,160.0000000000,0.2854123678
daily,XOM,2026-08-14,1530,2026-11-20,0.2684931507,160.4631281851,165.0000000000,0.2793537077
daily,XOM,2026-08-14,1530,2026-11-20,0.2684931507,160.4631281851,170.0000000000,0.2787570343
daily,XOM,2026-08-14,1530,2026-11-20,0.2684931507,160.4631281851,175.0000000000,0.2782905423
daily,XOM,2026-08-14,1530,2026-11-20,0.2684931507,160.4631281851,180.0000000000,0.2791594452
daily,XOM,2026-08-14,1530,2026-11-20,0.2684931507,160.4631281851,185.0000000000,0.2808850405
daily,XOM,2026-08-14,1530,2026-11-20,0.2684931507,160.4631281851,190.0000000000,0.2839585179
daily,XOM,2026-08-14,1530,2026-11-20,0.2684931507,160.4631281851,195.0000000000,0.2865996659
daily,XOM,2026-08-14,1530,2026-12-18,0.3452054795,160.4052772679,115.0000000000,0.3271683777
daily,XOM,2026-08-14,1530,2026-12-18,0.3452054795,160.4052772679,120.0000000000,0.3151399665
daily,XOM,2026-08-14,1530,2026-12-18,0.3452054795,160.4052772679,125.0000000000,0.3103647186
daily,XOM,2026-08-14,1530,2026-12-18,0.3452054795,160.4052772679,130.0000000000,0.3007596320
daily,XOM,2026-08-14,1530,2026-12-18,0.3452054795,160.4052772679,135.0000000000,0.2940292659
daily,XOM,2026-08-14,1530,2026-12-18,0.3452054795,160.4052772679,140.0000000000,0.2907152855
daily,XOM,2026-08-14,1530,2026-12-18,0.3452054795,160.4052772679,145.0000000000,0.2855998744
daily,XOM,2026-08-14,1530,2026-12-18,0.3452054795,160.4052772679,150.0000000000,0.2831438466
daily,XOM,2026-08-14,1530,2026-12-18,0.3452054795,160.4052772679,155.0000000000,0.2810681564
daily,XOM,2026-08-14,1530,2026-12-18,0.3452054795,160.4052772679,160.0000000000,0.2799815817
daily,XOM,2026-08-14,1530,2026-12-18,0.3452054795,160.4052772679,165.0000000000,0.2789925276
daily,XOM,2026-08-14,1530,2026-12-18,0.3452054795,160.4052772679,170.0000000000,0.2789868768
daily,XOM,2026-08-14,1530,2026-12-18,0.3452054795,160.4052772679,175.0000000000,0.2779878088
daily,XOM,2026-08-14,1530,2026-12-18,0.3452054795,160.4052772679,180.0000000000,0.2785581154
daily,XOM,2026-08-14,1530,2026-12-18,0.3452054795,160.4052772679,185.0000000000,0.2796366715
daily,XOM,2026-08-14,1530,2026-12-18,0.3452054795,160.4052772679,190.0000000000,0.2812054544
daily,XOM,2026-08-14,1530,2026-12-18,0.3452054795,160.4052772679,200.0000000000,0.2934859080
daily,XOM,2026-08-14,1530,2026-12-18,0.3452054795,160.4052772679,210.0000000000,0.2921471083
daily,XOM,2026-08-14,1530,2027-01-15,0.4219178082,161.0641395550,110.0000000000,0.3334672198
daily,XOM,2026-08-14,1530,2027-01-15,0.4219178082,161.0641395550,120.0000000000,0.3182788861
daily,XOM,2026-08-14,1530,2027-01-15,0.4219178082,161.0641395550,125.0000000000,0.3070785758
daily,XOM,2026-08-14,1530,2027-01-15,0.4219178082,161.0641395550,130.0000000000,0.2993210915
daily,XOM,2026-08-14,1530,2027-01-15,0.4219178082,161.0641395550,135.0000000000,0.2946104793
daily,XOM,2026-08-14,1530,2027-01-15,0.4219178082,161.0641395550,140.0000000000,0.2890637858
daily,XOM,2026-08-14,1530,2027-01-15,0.4219178082,161.0641395550,145.0000000000,0.2844274837
daily,XOM,2026-08-14,1530,2027-01-15,0.4219178082,161.0641395550,150.0000000000,0.2803584702
daily,XOM,2026-08-14,1530,2027-01-15,0.4219178082,161.0641395550,155.0000000000,0.2810071741
daily,XOM,2026-08-14,1530,2027-01-15,0.4219178082,161.0641395550,160.0000000000,0.2784541859
daily,XOM,2026-08-14,1530,2027-01-15,0.4219178082,161.0641395550,165.0000000000,0.2751180016
daily,XOM,2026-08-14,1530,2027-01-15,0.4219178082,161.0641395550,170.0000000000,0.2763219006
daily,XOM,2026-08-14,1530,2027-01-15,0.4219178082,161.0641395550,175.0000000000,0.2762481516
daily,XOM,2026-08-14,1530,2027-01-15,0.4219178082,161.0641395550,180.0000000000,0.2762371597
daily,XOM,2026-08-14,1530,2027-01-15,0.4219178082,161.0641395550,185.0000000000,0.2766479213
daily,XOM,2026-08-14,1530,2027-01-15,0.4219178082,161.0641395550,190.0000000000,0.2787308975
daily,XOM,2026-08-14,1530,2027-01-15,0.4219178082,161.0641395550,195.0000000000,0.2806766690
daily,XOM,2026-08-14,1530,2027-01-15,0.4219178082,161.0641395550,200.0000000000,0.2823486175
daily,XOM,2026-08-14,1530,2027-01-15,0.4219178082,161.0641395550,210.0000000000,0.2860291815
daily,XOM,2026-08-14,1530,2027-03-19,0.5945205479,161.3982007508,115.0000000000,0.3235061014
daily,XOM,2026-08-14,1530,2027-03-19,0.5945205479,161.3982007508,120.0000000000,0.3181459105
daily,XOM,2026-08-14,1530,2027-03-19,0.5945205479,161.3982007508,125.0000000000,0.3084293959
daily,XOM,2026-08-14,1530,2027-03-19,0.5945205479,161.3982007508,130.0000000000,0.3024407981
daily,XOM,2026-08-14,1530,2027-03-19,0.5945205479,161.3982007508,135.0000000000,0.2985688928
daily,XOM,2026-08-14,1530,2027-03-19,0.5945205479,161.3982007508,140.0000000000,0.2928888537
daily,XOM,2026-08-14,1530,2027-03-19,0.5945205479,161.3982007508,145.0000000000,0.2902177807
daily,XOM,2026-08-14,1530,2027-03-19,0.5945205479,161.3982007508,150.0000000000,0.2861203309
daily,XOM,2026-08-14,1530,2027-03-19,0.5945205479,161.3982007508,155.0000000000,0.2832498501
daily,XOM,2026-08-14,1530,2027-03-19,0.5945205479,161.3982007508,160.0000000000,0.2838985383
daily,XOM,2026-08-14,1530,2027-03-19,0.5945205479,161.3982007508,165.0000000000,0.2807503025
daily,XOM,2026-08-14,1530,2027-03-19,0.5945205479,161.3982007508,170.0000000000,0.2783060357
daily,XOM,2026-08-14,1530,2027-03-19,0.5945205479,161.3982007508,175.0000000000,0.2805871359
daily,XOM,2026-08-14,1530,2027-03-19,0.5945205479,161.3982007508,180.0000000000,0.2796261509
daily,XOM,2026-08-14,1530,2027-03-19,0.5945205479,161.3982007508,185.0000000000,0.2778020391
daily,XOM,2026-08-14,1530,2027-03-19,0.5945205479,161.3982007508,190.0000000000,0.2804230215
daily,XOM,2026-08-14,1530,2027-03-19,0.5945205479,161.3982007508,195.0000000000,0.2789570481
daily,XOM,2026-08-14,1530,2027-03-19,0.5945205479,161.3982007508,200.0000000000,0.2825395036
daily,XOM,2026-08-14,1530,2027-03-19,0.5945205479,161.3982007508,220.0000000000,0.2888532084
daily,XOM,2026-08-14,1530,2027-06-17,0.8410958904,162.2164270363,105.0000000000,0.3395807521
daily,XOM,2026-08-14,1530,2027-06-17,0.8410958904,162.2164270363,110.0000000000,0.3292624392
daily,XOM,2026-08-14,1530,2027-06-17,0.8410958904,162.2164270363,115.0000000000,0.3198032431
daily,XOM,2026-08-14,1530,2027-06-17,0.8410958904,162.2164270363,120.0000000000,0.3179107425
daily,XOM,2026-08-14,1530,2027-06-17,0.8410958904,162.2164270363,125.0000000000,0.3137500768
daily,XOM,2026-08-14,1530,2027-06-17,0.8410958904,162.2164270363,130.0000000000,0.3052600836
daily,XOM,2026-08-14,1530,2027-06-17,0.8410958904,162.2164270363,135.0000000000,0.2984755921
daily,XOM,2026-08-14,1530,2027-06-17,0.8410958904,162.2164270363,140.0000000000,0.2958410650
daily,XOM,2026-08-14,1530,2027-06-17,0.8410958904,162.2164270363,145.0000000000,0.2926232205
daily,XOM,2026-08-14,1530,2027-06-17,0.8410958904,162.2164270363,150.0000000000,0.2870997742
daily,XOM,2026-08-14,1530,2027-06-17,0.8410958904,162.2164270363,155.0000000000,0.2854307979
daily,XOM,2026-08-14,1530,2027-06-17,0.8410958904,162.2164270363,160.0000000000,0.2853374095
daily,XOM,2026-08-14,1530,2027-06-17,0.8410958904,162.2164270363,165.0000000000,0.2812423478
daily,XOM,2026-08-14,1530,2027-06-17,0.8410958904,162.2164270363,170.0000000000,0.2817117086
daily,XOM,2026-08-14,1530,2027-06-17,0.8410958904,162.2164270363,175.0000000000,0.2826257445
daily,XOM,2026-08-14,1530,2027-06-17,0.8410958904,162.2164270363,180.0000000000,0.2829287218
daily,XOM,2026-08-14,1530,2027-06-17,0.8410958904,162.2164270363,185.0000000000,0.2815940722
daily,XOM,2026-08-14,1530,2027-06-17,0.8410958904,162.2164270363,190.0000000000,0.2811590534
daily,XOM,2026-08-14,1530,2027-06-17,0.8410958904,162.2164270363,195.0000000000,0.2829304355
daily,XOM,2026-08-14,1530,2027-06-17,0.8410958904,162.2164270363,200.0000000000,0.2833511924
daily,XOM,2026-08-14,1530,2027-06-17,0.8410958904,162.2164270363,210.0000000000,0.2835012836
daily,XOM,2026-08-14,1530,2027-06-17,0.8410958904,162.2164270363,230.0000000000,0.2881020434
daily,XOM,2026-08-14,1530,2027-12-17,1.3424657534,163.3790197554,100.0000000000,0.3305153682
daily,XOM,2026-08-14,1530,2027-12-17,1.3424657534,163.3790197554,105.0000000000,0.3241043173
daily,XOM,2026-08-14,1530,2027-12-17,1.3424657534,163.3790197554,110.0000000000,0.3153428277
daily,XOM,2026-08-14,1530,2027-12-17,1.3424657534,163.3790197554,115.0000000000,0.3119105946
daily,XOM,2026-08-14,1530,2027-12-17,1.3424657534,163.3790197554,120.0000000000,0.3074213763
daily,XOM,2026-08-14,1530,2027-12-17,1.3424657534,163.3790197554,125.0000000000,0.3045434020
daily,XOM,2026-08-14,1530,2027-12-17,1.3424657534,163.3790197554,130.0000000000,0.2999057965
daily,XOM,2026-08-14,1530,2027-12-17,1.3424657534,163.3790197554,135.0000000000,0.2967991268
daily,XOM,2026-08-14,1530,2027-12-17,1.3424657534,163.3790197554,140.0000000000,0.2979514991
daily,XOM,2026-08-14,1530,2027-12-17,1.3424657534,163.3790197554,145.0000000000,0.2959565421
daily,XOM,2026-08-14,1530,2027-12-17,1.3424657534,163.3790197554,150.0000000000,0.2927218901
daily,XOM,2026-08-14,1530,2027-12-17,1.3424657534,163.3790197554,155.0000000000,0.2885562633
daily,XOM,2026-08-14,1530,2027-12-17,1.3424657534,163.3790197554,160.0000000000,0.2846942375
daily,XOM,2026-08-14,1530,2027-12-17,1.3424657534,163.3790197554,165.0000000000,0.2844660779
daily,XOM,2026-08-14,1530,2027-12-17,1.3424657534,163.3790197554,170.0000000000,0.2849599236
daily,XOM,2026-08-14,1530,2027-12-17,1.3424657534,163.3790197554,175.0000000000,0.2831891654
daily,XOM,2026-08-14,1530,2027-12-17,1.3424657534,163.3790197554,180.0000000000,0.2823465126
daily,XOM,2026-08-14,1530,2027-12-17,1.3424657534,163.3790197554,185.0000000000,0.2813372845
daily,XOM,2026-08-14,1530,2027-12-17,1.3424657534,163.3790197554,190.0000000000,0.2805017712
daily,XOM,2026-08-14,1530,2027-12-17,1.3424657534,163.3790197554,195.0000000000,0.2809512083
daily,XOM,2026-08-14,1530,2027-12-17,1.3424657534,163.3790197554,200.0000000000,0.2796257970
daily,XOM,2026-08-14,1530,2027-12-17,1.3424657534,163.3790197554,210.0000000000,0.2808093718
daily,XOM,2026-08-14,1530,2027-12-17,1.3424657534,163.3790197554,220.0000000000,0.2783539604
daily,XOM,2026-08-14,1530,2027-12-17,1.3424657534,163.3790197554,230.0000000000,0.2817382157
daily,XOM,2026-08-14,1530,2028-01-21,1.4383561644,163.7071262752,100.0000000000,0.3277294761
daily,XOM,2026-08-14,1530,2028-01-21,1.4383561644,163.7071262752,105.0000000000,0.3220964752
daily,XOM,2026-08-14,1530,2028-01-21,1.4383561644,163.7071262752,110.0000000000,0.3136960088
daily,XOM,2026-08-14,1530,2028-01-21,1.4383561644,163.7071262752,115.0000000000,0.3115199794
daily,XOM,2026-08-14,1530,2028-01-21,1.4383561644,163.7071262752,120.0000000000,0.3060828971
daily,XOM,2026-08-14,1530,2028-01-21,1.4383561644,163.7071262752,125.0000000000,0.3038166495
daily,XOM,2026-08-14,1530,2028-01-21,1.4383561644,163.7071262752,130.0000000000,0.2986145821
daily,XOM,2026-08-14,1530,2028-01-21,1.4383561644,163.7071262752,135.0000000000,0.2977716506
daily,XOM,2026-08-14,1530,2028-01-21,1.4383561644,163.7071262752,140.0000000000,0.2970591674
daily,XOM,2026-08-14,1530,2028-01-21,1.4383561644,163.7071262752,145.0000000000,0.2938261767
daily,XOM,2026-08-14,1530,2028-01-21,1.4383561644,163.7071262752,150.0000000000,0.2922446850
daily,XOM,2026-08-14,1530,2028-01-21,1.4383561644,163.7071262752,155.0000000000,0.2882363654
daily,XOM,2026-08-14,1530,2028-01-21,1.4383561644,163.7071262752,160.0000000000,0.2874956895
daily,XOM,2026-08-14,1530,2028-01-21,1.4383561644,163.7071262752,165.0000000000,0.2883768149
daily,XOM,2026-08-14,1530,2028-01-21,1.4383561644,163.7071262752,170.0000000000,0.2870421873
daily,XOM,2026-08-14,1530,2028-01-21,1.4383561644,163.7071262752,175.0000000000,0.2836308402
daily,XOM,2026-08-14,1530,2028-01-21,1.4383561644,163.7071262752,180.0000000000,0.2839773527
daily,XOM,2026-08-14,1530,2028-01-21,1.4383561644,163.7071262752,185.0000000000,0.2824178979
daily,XOM,2026-08-14,1530,2028-01-21,1.4383561644,163.7071262752,190.0000000000,0.2821951881
daily,XOM,2026-08-14,1530,2028-01-21,1.4383561644,163.7071262752,195.0000000000,0.2802139310
daily,XOM,2026-08-14,1530,2028-01-21,1.4383561644,163.7071262752,200.0000000000,0.2813750357
daily,XOM,2026-08-14,1530,2028-01-21,1.4383561644,163.7071262752,210.0000000000,0.2814851851
daily,XOM,2026-08-14,1530,2028-01-21,1.4383561644,163.7071262752,220.0000000000,0.2832997904
daily,XOM,2026-08-14,1530,2028-01-21,1.4383561644,163.7071262752,230.0000000000,0.2798465753
daily,XOM,2026-08-14,1530,2028-01-21,1.4383561644,163.7071262752,240.0000000000,0.2832407598
daily,XOM,2026-08-14,1530,2028-01-21,1.4383561644,163.7071262752,260.0000000000,0.2904907237
daily,XOM,2026-08-17,1530,2026-08-21,0.0109589041,161.9874418540,150.0000000000,0.3718121415
daily,XOM,2026-08-17,1530,2026-08-21,0.0109589041,161.9874418540,152.5000000000,0.3560343759
daily,XOM,2026-08-17,1530,2026-08-21,0.0109589041,161.9874418540,155.0000000000,0.3393910987
daily,XOM,2026-08-17,1530,2026-08-21,0.0109589041,161.9874418540,157.5000000000,0.3249261472
daily,XOM,2026-08-17,1530,2026-08-21,0.0109589041,161.9874418540,160.0000000000,0.3178880856
daily,XOM,2026-08-17,1530,2026-08-21,0.0109589041,161.9874418540,162.5000000000,0.3106829654
daily,XOM,2026-08-17,1530,2026-08-21,0.0109589041,161.9874418540,165.0000000000,0.3161686668
daily,XOM,2026-08-17,1530,2026-08-21,0.0109589041,161.9874418540,167.5000000000,0.3256067716
daily,XOM,2026-08-17,1530,2026-08-21,0.0109589041,161.9874418540,170.0000000000,0.3369999843
daily,XOM,2026-08-17,1530,2026-08-21,0.0109589041,161.9874418540,175.0000000000,0.3688381802
daily,XOM,2026-08-17,1530,2026-08-28,0.0301369863,162.1085457226,155.0000000000,0.2915103730
daily,XOM,2026-08-17,1530,2026-08-28,0.0301369863,162.1085457226,157.5000000000,0.2820932615
daily,XOM,2026-08-17,1530,2026-08-28,0.0301369863,162.1085457226,160.0000000000,0.2815182312
daily,XOM,2026-08-17,1530,2026-08-28,0.0301369863,162.1085457226,162.5000000000,0.2811740034
daily,XOM,2026-08-17,1530,2026-08-28,0.0301369863,162.1085457226,165.0000000000,0.2825830354
daily,XOM,2026-08-17,1530,2026-08-28,0.0301369863,162.1085457226,167.5000000000,0.2840163607
daily,XOM,2026-08-17,1530,2026-08-28,0.0301369863,162.1085457226,170.0000000000,0.2894427511
daily,XOM,2026-08-17,1530,2026-08-28,0.0301369863,162.1085457226,172.5000000000,0.2964495279
daily,XOM,2026-08-17,1530,2026-09-04,0.0493150685,162.3532236754,149.0000000000,0.3025280055
daily,XOM,2026-08-17,1530,2026-09-04,0.0493150685,162.3532236754,150.0000000000,0.2984274079
daily,XOM,2026-08-17,1530,2026-09-04,0.0493150685,162.3532236754,152.5000000000,0.2945393645
daily,XOM,2026-08-17,1530,2026-09-04,0.0493150685,162.3532236754,155.0000000000,0.2887025818
daily,XOM,2026-08-17,1530,2026-09-04,0.0493150685,162.3532236754,157.5000000000,0.2822016081
daily,XOM,2026-08-17,1530,2026-09-04,0.0493150685,162.3532236754,160.0000000000,0.2815004630
daily,XOM,2026-08-17,1530,2026-09-04,0.0493150685,162.3532236754,162.5000000000,0.2731604912
daily,XOM,2026-08-17,1530,2026-09-04,0.0493150685,162.3532236754,165.0000000000,0.2739327978
daily,XOM,2026-08-17,1530,2026-09-04,0.0493150685,162.3532236754,167.5000000000,0.2771514846
daily,XOM,2026-08-17,1530,2026-09-04,0.0493150685,162.3532236754,170.0000000000,0.2795385156
daily,XOM,2026-08-17,1530,2026-09-04,0.0493150685,162.3532236754,172.5000000000,0.2828759281
daily,XOM,2026-08-17,1530,2026-09-04,0.0493150685,162.3532236754,175.0000000000,0.2915962959
daily,XOM,2026-08-17,1530,2026-09-11,0.0684931507,162.3550354706,149.0000000000,0.2878482594
daily,XOM,2026-08-17,1530,2026-09-11,0.0684931507,162.3550354706,150.0000000000,0.2855919595
daily,XOM,2026-08-17,1530,2026-09-11,0.0684931507,162.3550354706,152.5000000000,0.2789544935
daily,XOM,2026-08-17,1530,2026-09-11,0.0684931507,162.3550354706,155.0000000000,0.2726215251
daily,XOM,2026-08-17,1530,2026-09-11,0.0684931507,162.3550354706,157.5000000000,0.2742808747
daily,XOM,2026-08-17,1530,2026-09-11,0.0684931507,162.3550354706,160.0000000000,0.2741714416
daily,XOM,2026-08-17,1530,2026-09-11,0.0684931507,162.3550354706,162.5000000000,0.2733057272
daily,XOM,2026-08-17,1530,2026-09-11,0.0684931507,162.3550354706,165.0000000000,0.2710884919
daily,XOM,2026-08-17,1530,2026-09-11,0.0684931507,162.3550354706,167.5000000000,0.2706450523
daily,XOM,2026-08-17,1530,2026-09-11,0.0684931507,162.3550354706,170.0000000000,0.2700981690
daily,XOM,2026-08-17,1530,2026-09-11,0.0684931507,162.3550354706,172.5000000000,0.2713578724
daily,XOM,2026-08-17,1530,2026-09-18,0.0876712329,162.4850808821,140.0000000000,0.3120465296
daily,XOM,2026-08-17,1530,2026-09-18,0.0876712329,162.4850808821,145.0000000000,0.3005262536
daily,XOM,2026-08-17,1530,2026-09-18,0.0876712329,162.4850808821,150.0000000000,0.2904742898
daily,XOM,2026-08-17,1530,2026-09-18,0.0876712329,162.4850808821,155.0000000000,0.2840663373
daily,XOM,2026-08-17,1530,2026-09-18,0.0876712329,162.4850808821,160.0000000000,0.2783614356
daily,XOM,2026-08-17,1530,2026-09-18,0.0876712329,162.4850808821,165.0000000000,0.2741384973
daily,XOM,2026-08-17,1530,2026-09-18,0.0876712329,162.4850808821,170.0000000000,0.2767005156
daily,XOM,2026-08-17,1530,2026-09-18,0.0876712329,162.4850808821,175.0000000000,0.2783740820
daily,XOM,2026-08-17,1530,2026-09-18,0.0876712329,162.4850808821,180.0000000000,0.2869738215
daily,XOM,2026-08-17,1530,2026-09-18,0.0876712329,162.4850808821,185.0000000000,0.2886467725
daily,XOM,2026-08-17,1530,2026-09-25,0.1068493151,162.8240155103,146.0000000000,0.2905956468
daily,XOM,2026-08-17,1530,2026-09-25,0.1068493151,162.8240155103,150.0000000000,0.2925315009
daily,XOM,2026-08-17,1530,2026-09-25,0.1068493151,162.8240155103,155.0000000000,0.2808662639
daily,XOM,2026-08-17,1530,2026-09-25,0.1068493151,162.8240155103,157.5000000000,0.2776814958
daily,XOM,2026-08-17,1530,2026-09-25,0.1068493151,162.8240155103,160.0000000000,0.2774132359
daily,XOM,2026-08-17,1530,2026-09-25,0.1068493151,162.8240155103,162.5000000000,0.2763094110
daily,XOM,2026-08-17,1530,2026-09-25,0.1068493151,162.8240155103,165.0000000000,0.2722671785
daily,XOM,2026-08-17,1530,2026-09-25,0.1068493151,162.8240155103,167.5000000000,0.2720295162
daily,XOM,2026-08-17,1530,2026-09-25,0.1068493151,162.8240155103,170.0000000000,0.2716785648
daily,XOM,2026-08-17,1530,2026-09-25,0.1068493151,162.8240155103,175.0000000000,0.2761534986
daily,XOM,2026-08-17,1530,2026-10-02,0.1260273973,162.9469474714,149.0000000000,0.2896376750
daily,XOM,2026-08-17,1530,2026-10-02,0.1260273973,162.9469474714,150.0000000000,0.2892828409
daily,XOM,2026-08-17,1530,2026-10-02,0.1260273973,162.9469474714,152.5000000000,0.2837206075
daily,XOM,2026-08-17,1530,2026-10-02,0.1260273973,162.9469474714,155.0000000000,0.2783464542
daily,XOM,2026-08-17,1530,2026-10-02,0.1260273973,162.9469474714,157.5000000000,0.2809759040
daily,XOM,2026-08-17,1530,2026-10-02,0.1260273973,162.9469474714,160.0000000000,0.2798459334
daily,XOM,2026-08-17,1530,2026-10-02,0.1260273973,162.9469474714,162.5000000000,0.2784819411
daily,XOM,2026-08-17,1530,2026-10-02,0.1260273973,162.9469474714,165.0000000000,0.2746140483
daily,XOM,2026-08-17,1530,2026-10-02,0.1260273973,162.9469474714,167.5000000000,0.2743621482
daily,XOM,2026-08-17,1530,2026-10-02,0.1260273973,162.9469474714,170.0000000000,0.2732115910
daily,XOM,2026-08-17,1530,2026-10-02,0.1260273973,162.9469474714,175.0000000000,0.2754270221
daily,XOM,2026-08-17,1530,2026-10-16,0.1643835616,163.0187083782,130.0000000000,0.3142548828
daily,XOM,2026-08-17,1530,2026-10-16,0.1643835616,163.0187083782,135.0000000000,0.3038142949
daily,XOM,2026-08-17,1530,2026-10-16,0.1643835616,163.0187083782,140.0000000000,0.2956621387
daily,XOM,2026-08-17,1530,2026-10-16,0.1643835616,163.0187083782,145.0000000000,0.2902737977
daily,XOM,2026-08-17,1530,2026-10-16,0.1643835616,163.0187083782,150.0000000000,0.2842763061
daily,XOM,2026-08-17,1530,2026-10-16,0.1643835616,163.0187083782,155.0000000000,0.2798132822
daily,XOM,2026-08-17,1530,2026-10-16,0.1643835616,163.0187083782,160.0000000000,0.2805673867
daily,XOM,2026-08-17,1530,2026-10-16,0.1643835616,163.0187083782,165.0000000000,0.2755885521
daily,XOM,2026-08-17,1530,2026-10-16,0.1643835616,163.0187083782,170.0000000000,0.2776618190
daily,XOM,2026-08-17,1530,2026-10-16,0.1643835616,163.0187083782,175.0000000000,0.2793561848
daily,XOM,2026-08-17,1530,2026-10-16,0.1643835616,163.0187083782,180.0000000000,0.2822669983
daily,XOM,2026-08-17,1530,2026-10-16,0.1643835616,163.0187083782,185.0000000000,0.2854618049
daily,XOM,2026-08-17,1530,2026-10-16,0.1643835616,163.0187083782,190.0000000000,0.2875050669
daily,XOM,2026-08-17,1530,2026-11-20,0.2602739726,162.9347368038,130.0000000000,0.3126208369
daily,XOM,2026-08-17,1530,2026-11-20,0.2602739726,162.9347368038,135.0000000000,0.3047545077
daily,XOM,2026-08-17,1530,2026-11-20,0.2602739726,162.9347368038,140.0000000000,0.3023841024
daily,XOM,2026-08-17,1530,2026-11-20,0.2602739726,162.9347368038,145.0000000000,0.2983508543
daily,XOM,2026-08-17,1530,2026-11-20,0.2602739726,162.9347368038,150.0000000000,0.2938158725
daily,XOM,2026-08-17,1530,2026-11-20,0.2602739726,162.9347368038,155.0000000000,0.2897271351
daily,XOM,2026-08-17,1530,2026-11-20,0.2602739726,162.9347368038,160.0000000000,0.2896566338
daily,XOM,2026-08-17,1530,2026-11-20,0.2602739726,162.9347368038,165.0000000000,0.2855479368
daily,XOM,2026-08-17,1530,2026-11-20,0.2602739726,162.9347368038,170.0000000000,0.2863270751
daily,XOM,2026-08-17,1530,2026-11-20,0.2602739726,162.9347368038,175.0000000000,0.2859176846
daily,XOM,2026-08-17,1530,2026-11-20,0.2602739726,162.9347368038,180.0000000000,0.2872553132
daily,XOM,2026-08-17,1530,2026-11-20,0.2602739726,162.9347368038,185.0000000000,0.2860461418
daily,XOM,2026-08-17,1530,2026-11-20,0.2602739726,162.9347368038,195.0000000000,0.2875121823
daily,XOM,2026-08-17,1530,2026-11-20,0.2602739726,162.9347368038,200.0000000000,0.2875134301
daily,XOM,2026-08-17,1530,2026-12-18,0.3369863014,163.2577300104,120.0000000000,0.3236047835
daily,XOM,2026-08-17,1530,2026-12-18,0.3369863014,163.2577300104,125.0000000000,0.3189214829
daily,XOM,2026-08-17,1530,2026-12-18,0.3369863014,163.2577300104,130.0000000000,0.3076893687
daily,XOM,2026-08-17,1530,2026-12-18,0.3369863014,163.2577300104,135.0000000000,0.3064972560
daily,XOM,2026-08-17,1530,2026-12-18,0.3369863014,163.2577300104,140.0000000000,0.2980632779
daily,XOM,2026-08-17,1530,2026-12-18,0.3369863014,163.2577300104,145.0000000000,0.2929481251
daily,XOM,2026-08-17,1530,2026-12-18,0.3369863014,163.2577300104,150.0000000000,0.2903445465
daily,XOM,2026-08-17,1530,2026-12-18,0.3369863014,163.2577300104,155.0000000000,0.2882430474
daily,XOM,2026-08-17,1530,2026-12-18,0.3369863014,163.2577300104,160.0000000000,0.2862639240
daily,XOM,2026-08-17,1530,2026-12-18,0.3369863014,163.2577300104,165.0000000000,0.2809042484
daily,XOM,2026-08-17,1530,2026-12-18,0.3369863014,163.2577300104,170.0000000000,0.2802897068
daily,XOM,2026-08-17,1530,2026-12-18,0.3369863014,163.2577300104,175.0000000000,0.2810481396
daily,XOM,2026-08-17,1530,2026-12-18,0.3369863014,163.2577300104,180.0000000000,0.2822601679
daily,XOM,2026-08-17,1530,2026-12-18,0.3369863014,163.2577300104,185.0000000000,0.2822290424
daily,XOM,2026-08-17,1530,2026-12-18,0.3369863014,163.2577300104,190.0000000000,0.2829198170
daily,XOM,2026-08-17,1530,2026-12-18,0.3369863014,163.2577300104,195.0000000000,0.2865639861
daily,XOM,2026-08-17,1530,2026-12-18,0.3369863014,163.2577300104,210.0000000000,0.2907985914
daily,XOM,2026-08-17,1530,2027-01-15,0.4136986301,163.6386312718,110.0000000000,0.3362489747
daily,XOM,2026-08-17,1530,2027-01-15,0.4136986301,163.6386312718,115.0000000000,0.3303067911
daily,XOM,2026-08-17,1530,2027-01-15,0.4136986301,163.6386312718,120.0000000000,0.3192159175
daily,XOM,2026-08-17,1530,2027-01-15,0.4136986301,163.6386312718,125.0000000000,0.3119155732
daily,XOM,2026-08-17,1530,2027-01-15,0.4136986301,163.6386312718,130.0000000000,0.3063426806
daily,XOM,2026-08-17,1530,2027-01-15,0.4136986301,163.6386312718,135.0000000000,0.2992524118
daily,XOM,2026-08-17,1530,2027-01-15,0.4136986301,163.6386312718,140.0000000000,0.2938318088
daily,XOM,2026-08-17,1530,2027-01-15,0.4136986301,163.6386312718,145.0000000000,0.2892741537
daily,XOM,2026-08-17,1530,2027-01-15,0.4136986301,163.6386312718,150.0000000000,0.2855959021
daily,XOM,2026-08-17,1530,2027-01-15,0.4136986301,163.6386312718,155.0000000000,0.2858523483
daily,XOM,2026-08-17,1530,2027-01-15,0.4136986301,163.6386312718,160.0000000000,0.2830503713
daily,XOM,2026-08-17,1530,2027-01-15,0.4136986301,163.6386312718,165.0000000000,0.2817877128
daily,XOM,2026-08-17,1530,2027-01-15,0.4136986301,163.6386312718,170.0000000000,0.2812487489
daily,XOM,2026-08-17,1530,2027-01-15,0.4136986301,163.6386312718,175.0000000000,0.2819957089
daily,XOM,2026-08-17,1530,2027-01-15,0.4136986301,163.6386312718,180.0000000000,0.2821489839
daily,XOM,2026-08-17,1530,2027-01-15,0.4136986301,163.6386312718,185.0000000000,0.2809781033
daily,XOM,2026-08-17,1530,2027-01-15,0.4136986301,163.6386312718,190.0000000000,0.2836147862
daily,XOM,2026-08-17,1530,2027-01-15,0.4136986301,163.6386312718,195.0000000000,0.2836313915
daily,XOM,2026-08-17,1530,2027-01-15,0.4136986301,163.6386312718,200.0000000000,0.2836608374
daily,XOM,2026-08-17,1530,2027-01-15,0.4136986301,163.6386312718,210.0000000000,0.2872129213
daily,XOM,2026-08-17,1530,2027-01-15,0.4136986301,163.6386312718,220.0000000000,0.2894497891
daily,XOM,2026-08-17,1530,2027-03-19,0.5863013699,163.8278614003,115.0000000000,0.3266850600
daily,XOM,2026-08-17,1530,2027-03-19,0.5863013699,163.8278614003,120.0000000000,0.3178886599
daily,XOM,2026-08-17,1530,2027-03-19,0.5863013699,163.8278614003,125.0000000000,0.3154206406
daily,XOM,2026-08-17,1530,2027-03-19,0.5863013699,163.8278614003,130.0000000000,0.3065029814
daily,XOM,2026-08-17,1530,2027-03-19,0.5863013699,163.8278614003,135.0000000000,0.3004545889
daily,XOM,2026-08-17,1530,2027-03-19,0.5863013699,163.8278614003,140.0000000000,0.2947184589
daily,XOM,2026-08-17,1530,2027-03-19,0.5863013699,163.8278614003,145.0000000000,0.2905450393
daily,XOM,2026-08-17,1530,2027-03-19,0.5863013699,163.8278614003,150.0000000000,0.2913424735
daily,XOM,2026-08-17,1530,2027-03-19,0.5863013699,163.8278614003,155.0000000000,0.2859436881
daily,XOM,2026-08-17,1530,2027-03-19,0.5863013699,163.8278614003,160.0000000000,0.2843437050
daily,XOM,2026-08-17,1530,2027-03-19,0.5863013699,163.8278614003,165.0000000000,0.2830416314
daily,XOM,2026-08-17,1530,2027-03-19,0.5863013699,163.8278614003,170.0000000000,0.2858322334
daily,XOM,2026-08-17,1530,2027-03-19,0.5863013699,163.8278614003,175.0000000000,0.2844640814
daily,XOM,2026-08-17,1530,2027-03-19,0.5863013699,163.8278614003,180.0000000000,0.2828139408
daily,XOM,2026-08-17,1530,2027-03-19,0.5863013699,163.8278614003,185.0000000000,0.2806617710
daily,XOM,2026-08-17,1530,2027-03-19,0.5863013699,163.8278614003,190.0000000000,0.2824843296
daily,XOM,2026-08-17,1530,2027-03-19,0.5863013699,163.8278614003,195.0000000000,0.2846027897
daily,XOM,2026-08-17,1530,2027-03-19,0.5863013699,163.8278614003,200.0000000000,0.2830024262
daily,XOM,2026-08-17,1530,2027-03-19,0.5863013699,163.8278614003,220.0000000000,0.2906205752
daily,XOM,2026-08-17,1530,2027-06-17,0.8328767123,164.1930269927,110.0000000000,0.3299387392
daily,XOM,2026-08-17,1530,2027-06-17,0.8328767123,164.1930269927,115.0000000000,0.3234789583
daily,XOM,2026-08-17,1530,2027-06-17,0.8328767123,164.1930269927,120.0000000000,0.3173520601
daily,XOM,2026-08-17,1530,2027-06-17,0.8328767123,164.1930269927,125.0000000000,0.3114859203
daily,XOM,2026-08-17,1530,2027-06-17,0.8328767123,164.1930269927,130.0000000000,0.3055881824
daily,XOM,2026-08-17,1530,2027-06-17,0.8328767123,164.1930269927,135.0000000000,0.3032279617
daily,XOM,2026-08-17,1530,2027-06-17,0.8328767123,164.1930269927,140.0000000000,0.2964228884
daily,XOM,2026-08-17,1530,2027-06-17,0.8328767123,164.1930269927,145.0000000000,0.2923679760
daily,XOM,2026-08-17,1530,2027-06-17,0.8328767123,164.1930269927,150.0000000000,0.2900539857
daily,XOM,2026-08-17,1530,2027-06-17,0.8328767123,164.1930269927,155.0000000000,0.2908891116
daily,XOM,2026-08-17,1530,2027-06-17,0.8328767123,164.1930269927,160.0000000000,0.2888425571
daily,XOM,2026-08-17,1530,2027-06-17,0.8328767123,164.1930269927,165.0000000000,0.2890106365
daily,XOM,2026-08-17,1530,2027-06-17,0.8328767123,164.1930269927,170.0000000000,0.2918204606
daily,XOM,2026-08-17,1530,2027-06-17,0.8328767123,164.1930269927,175.0000000000,0.2910506711
daily,XOM,2026-08-17,1530,2027-06-17,0.8328767123,164.1930269927,180.0000000000,0.2884013730
daily,XOM,2026-08-17,1530,2027-06-17,0.8328767123,164.1930269927,185.0000000000,0.2875450377
daily,XOM,2026-08-17,1530,2027-06-17,0.8328767123,164.1930269927,190.0000000000,0.2869514101
daily,XOM,2026-08-17,1530,2027-06-17,0.8328767123,164.1930269927,195.0000000000,0.2874452603
daily,XOM,2026-08-17,1530,2027-06-17,0.8328767123,164.1930269927,200.0000000000,0.2883135961
daily,XOM,2026-08-17,1530,2027-06-17,0.8328767123,164.1930269927,210.0000000000,0.2874570325
daily,XOM,2026-08-17,1530,2027-06-17,0.8328767123,164.1930269927,220.0000000000,0.2869219845
daily,XOM,2026-08-17,1530,2027-06-17,0.8328767123,164.1930269927,230.0000000000,0.2905768170
daily,XOM,2026-08-17,1530,2027-06-17,0.8328767123,164.1930269927,260.0000000000,0.3013180538
daily,XOM,2026-08-17,1530,2027-12-17,1.3342465753,165.3692165818,100.0000000000,0.3321225363
daily,XOM,2026-08-17,1530,2027-12-17,1.3342465753,165.3692165818,105.0000000000,0.3259599321
daily,XOM,2026-08-17,1530,2027-12-17,1.3342465753,165.3692165818,110.0000000000,0.3193197862
daily,XOM,2026-08-17,1530,2027-12-17,1.3342465753,165.3692165818,115.0000000000,0.3161151933
daily,XOM,2026-08-17,1530,2027-12-17,1.3342465753,165.3692165818,120.0000000000,0.3105577651
daily,XOM,2026-08-17,1530,2027-12-17,1.3342465753,165.3692165818,125.0000000000,0.3059873433
daily,XOM,2026-08-17,1530,2027-12-17,1.3342465753,165.3692165818,130.0000000000,0.3011195057
daily,XOM,2026-08-17,1530,2027-12-17,1.3342465753,165.3692165818,135.0000000000,0.3001714923
daily,XOM,2026-08-17,1530,2027-12-17,1.3342465753,165.3692165818,140.0000000000,0.2995193747
daily,XOM,2026-08-17,1530,2027-12-17,1.3342465753,165.3692165818,145.0000000000,0.2966539869
daily,XOM,2026-08-17,1530,2027-12-17,1.3342465753,165.3692165818,150.0000000000,0.2948163973
daily,XOM,2026-08-17,1530,2027-12-17,1.3342465753,165.3692165818,155.0000000000,0.2904218623
daily,XOM,2026-08-17,1530,2027-12-17,1.3342465753,165.3692165818,160.0000000000,0.2884846933
daily,XOM,2026-08-17,1530,2027-12-17,1.3342465753,165.3692165818,165.0000000000,0.2897638846
daily,XOM,2026-08-17,1530,2027-12-17,1.3342465753,165.3692165818,170.0000000000,0.2898056126
daily,XOM,2026-08-17,1530,2027-12-17,1.3342465753,165.3692165818,175.0000000000,0.2876182392
daily,XOM,2026-08-17,1530,2027-12-17,1.3342465753,165.3692165818,180.0000000000,0.2832934256
daily,XOM,2026-08-17,1530,2027-12-17,1.3342465753,165.3692165818,185.0000000000,0.2836782646
daily,XOM,2026-08-17,1530,2027-12-17,1.3342465753,165.3692165818,190.0000000000,0.2821092575
daily,XOM,2026-08-17,1530,2027-12-17,1.3342465753,165.3692165818,195.0000000000,0.2825670941
daily,XOM,2026-08-17,1530,2027-12-17,1.3342465753,165.3692165818,200.0000000000,0.2819507694
daily,XOM,2026-08-17,1530,2027-12-17,1.3342465753,165.3692165818,210.0000000000,0.2781849201
daily,XOM,2026-08-17,1530,2027-12-17,1.3342465753,165.3692165818,230.0000000000,0.2834178264
daily,XOM,2026-08-17,1530,2028-01-21,1.4301369863,166.0442899149,100.0000000000,0.3303519129
daily,XOM,2026-08-17,1530,2028-01-21,1.4301369863,166.0442899149,105.0000000000,0.3197681792
daily,XOM,2026-08-17,1530,2028-01-21,1.4301369863,166.0442899149,110.0000000000,0.3188739725
daily,XOM,2026-08-17,1530,2028-01-21,1.4301369863,166.0442899149,115.0000000000,0.3142532728
daily,XOM,2026-08-17,1530,2028-01-21,1.4301369863,166.0442899149,120.0000000000,0.3076974294
daily,XOM,2026-08-17,1530,2028-01-21,1.4301369863,166.0442899149,125.0000000000,0.3026509753
daily,XOM,2026-08-17,1530,2028-01-21,1.4301369863,166.0442899149,130.0000000000,0.3023742376
daily,XOM,2026-08-17,1530,2028-01-21,1.4301369863,166.0442899149,135.0000000000,0.2989960933
daily,XOM,2026-08-17,1530,2028-01-21,1.4301369863,166.0442899149,140.0000000000,0.2942217023
daily,XOM,2026-08-17,1530,2028-01-21,1.4301369863,166.0442899149,145.0000000000,0.2930508131
daily,XOM,2026-08-17,1530,2028-01-21,1.4301369863,166.0442899149,150.0000000000,0.2893035354
daily,XOM,2026-08-17,1530,2028-01-21,1.4301369863,166.0442899149,155.0000000000,0.2904113933
daily,XOM,2026-08-17,1530,2028-01-21,1.4301369863,166.0442899149,160.0000000000,0.2890144658
daily,XOM,2026-08-17,1530,2028-01-21,1.4301369863,166.0442899149,165.0000000000,0.2874288545
daily,XOM,2026-08-17,1530,2028-01-21,1.4301369863,166.0442899149,170.0000000000,0.2836918235
daily,XOM,2026-08-17,1530,2028-01-21,1.4301369863,166.0442899149,175.0000000000,0.2832389394
daily,XOM,2026-08-17,1530,2028-01-21,1.4301369863,166.0442899149,180.0000000000,0.2829198227
daily,XOM,2026-08-17,1530,2028-01-21,1.4301369863,166.0442899149,185.0000000000,0.2806726016
daily,XOM,2026-08-17,1530,2028-01-21,1.4301369863,166.0442899149,190.0000000000,0.2834339153
daily,XOM,2026-08-17,1530,2028-01-21,1.4301369863,166.0442899149,195.0000000000,0.2858587323
daily,XOM,2026-08-17,1530,2028-01-21,1.4301369863,166.0442899149,200.0000000000,0.2867438201
daily,XOM,2026-08-17,1530,2028-01-21,1.4301369863,166.0442899149,210.0000000000,0.2839218562
daily,XOM,2026-08-17,1530,2028-01-21,1.4301369863,166.0442899149,220.0000000000,0.2816430069
daily,XOM,2026-08-17,1530,2028-01-21,1.4301369863,166.0442899149,230.0000000000,0.2824522810
daily,XOM,2026-08-18,1530,2026-08-21,0.0082191781,165.2566345937,157.5000000000,0.3527342952
daily,XOM,2026-08-18,1530,2026-08-21,0.0082191781,165.2566345937,160.0000000000,0.3369991999
daily,XOM,2026-08-18,1530,2026-08-21,0.0082191781,165.2566345937,162.5000000000,0.3220185439
daily,XOM,2026-08-18,1530,2026-08-21,0.0082191781,165.2566345937,165.0000000000,0.3200073188
daily,XOM,2026-08-18,1530,2026-08-21,0.0082191781,165.2566345937,167.5000000000,0.3238996174
daily,XOM,2026-08-18,1530,2026-08-21,0.0082191781,165.2566345937,170.0000000000,0.3332198679
daily,XOM,2026-08-18,1530,2026-08-28,0.0273972603,165.3765772284,152.5000000000,0.3201142808
daily,XOM,2026-08-18,1530,2026-08-28,0.0273972603,165.3765772284,155.0000000000,0.3067548506
daily,XOM,2026-08-18,1530,2026-08-28,0.0273972603,165.3765772284,157.5000000000,0.2997941786
daily,XOM,2026-08-18,1530,2026-08-28,0.0273972603,165.3765772284,160.0000000000,0.2937126598
daily,XOM,2026-08-18,1530,2026-08-28,0.0273972603,165.3765772284,162.5000000000,0.2853766461
daily,XOM,2026-08-18,1530,2026-08-28,0.0273972603,165.3765772284,165.0000000000,0.2850817969
daily,XOM,2026-08-18,1530,2026-08-28,0.0273972603,165.3765772284,167.5000000000,0.2830688582
daily,XOM,2026-08-18,1530,2026-08-28,0.0273972603,165.3765772284,170.0000000000,0.2815602654
daily,XOM,2026-08-18,1530,2026-08-28,0.0273972603,165.3765772284,172.5000000000,0.2918551605
daily,XOM,2026-08-18,1530,2026-08-28,0.0273972603,165.3765772284,175.0000000000,0.2955856445
daily,XOM,2026-08-18,1530,2026-08-28,0.0273972603,165.3765772284,177.5000000000,0.2999917836
daily,XOM,2026-08-18,1530,2026-08-28,0.0273972603,165.3765772284,180.0000000000,0.3076075876
daily,XOM,2026-08-18,1530,2026-09-04,0.0465753425,165.5158105400,155.0000000000,0.2952884568
daily,XOM,2026-08-18,1530,2026-09-04,0.0465753425,165.5158105400,157.5000000000,0.2878358895
daily,XOM,2026-08-18,1530,2026-09-04,0.0465753425,165.5158105400,160.0000000000,0.2815981883
daily,XOM,2026-08-18,1530,2026-09-04,0.0465753425,165.5158105400,162.5000000000,0.2858550510
daily,XOM,2026-08-18,1530,2026-09-04,0.0465753425,165.5158105400,165.0000000000,0.2805191125
daily,XOM,2026-08-18,1530,2026-09-04,0.0465753425,165.5158105400,167.5000000000,0.2822355078
daily,XOM,2026-08-18,1530,2026-09-04,0.0465753425,165.5158105400,170.0000000000,0.2779492616
daily,XOM,2026-08-18,1530,2026-09-04,0.0465753425,165.5158105400,172.5000000000,0.2761735880
daily,XOM,2026-08-18,1530,2026-09-04,0.0465753425,165.5158105400,175.0000000000,0.2778557059
daily,XOM,2026-08-18,1530,2026-09-11,0.0657534247,165.6775846400,150.0000000000,0.2967168355
daily,XOM,2026-08-18,1530,2026-09-11,0.0657534247,165.6775846400,152.5000000000,0.2920906787
daily,XOM,2026-08-18,1530,2026-09-11,0.0657534247,165.6775846400,155.0000000000,0.2818900731
daily,XOM,2026-08-18,1530,2026-09-11,0.0657534247,165.6775846400,157.5000000000,0.2786254069
daily,XOM,2026-08-18,1530,2026-09-11,0.0657534247,165.6775846400,160.0000000000,0.2784742228
daily,XOM,2026-08-18,1530,2026-09-11,0.0657534247,165.6775846400,162.5000000000,0.2775068665
daily,XOM,2026-08-18,1530,2026-09-11,0.0657534247,165.6775846400,165.0000000000,0.2741580847
daily,XOM,2026-08-18,1530,2026-09-11,0.0657534247,165.6775846400,167.5000000000,0.2722568115
daily,XOM,2026-08-18,1530,2026-09-11,0.0657534247,165.6775846400,170.0000000000,0.2698034179
daily,XOM,2026-08-18,1530,2026-09-11,0.0657534247,165.6775846400,172.5000000000,0.2638483683
daily,XOM,2026-08-18,1530,2026-09-11,0.0657534247,165.6775846400,175.0000000000,0.2724837442
daily,XOM,2026-08-18,1530,2026-09-18,0.0849315068,165.7394982149,135.0000000000,0.3274048253
daily,XOM,2026-08-18,1530,2026-09-18,0.0849315068,165.7394982149,140.0000000000,0.3179182326
daily,XOM,2026-08-18,1530,2026-09-18,0.0849315068,165.7394982149,145.0000000000,0.3085564458
daily,XOM,2026-08-18,1530,2026-09-18,0.0849315068,165.7394982149,150.0000000000,0.2965108753
daily,XOM,2026-08-18,1530,2026-09-18,0.0849315068,165.7394982149,155.0000000000,0.2882735692
daily,XOM,2026-08-18,1530,2026-09-18,0.0849315068,165.7394982149,160.0000000000,0.2798875939
daily,XOM,2026-08-18,1530,2026-09-18,0.0849315068,165.7394982149,165.0000000000,0.2778887277
daily,XOM,2026-08-18,1530,2026-09-18,0.0849315068,165.7394982149,170.0000000000,0.2768386693
daily,XOM,2026-08-18,1530,2026-09-18,0.0849315068,165.7394982149,175.0000000000,0.2772601371
daily,XOM,2026-08-18,1530,2026-09-18,0.0849315068,165.7394982149,180.0000000000,0.2812925407
daily,XOM,2026-08-18,1530,2026-09-18,0.0849315068,165.7394982149,185.0000000000,0.2847442145
daily,XOM,2026-08-18,1530,2026-09-18,0.0849315068,165.7394982149,190.0000000000,0.2892702873
daily,XOM,2026-08-18,1530,2026-09-25,0.1041095890,165.6831221047,134.9540798967,0.2957155242
daily,XOM,2026-08-18,1530,2026-09-25,0.1041095890,165.6831221047,139.9523791521,0.2871471327
daily,XOM,2026-08-18,1530,2026-09-25,0.1041095890,165.6831221047,160.0000000000,0.2837430455
daily,XOM,2026-08-18,1530,2026-09-25,0.1041095890,165.6831221047,162.5000000000,0.2806932577
daily,XOM,2026-08-18,1530,2026-09-25,0.1041095890,165.6831221047,165.0000000000,0.2795863291
daily,XOM,2026-08-18,1530,2026-09-25,0.1041095890,165.6831221047,167.5000000000,0.2741406896
daily,XOM,2026-08-18,1530,2026-09-25,0.1041095890,165.6831221047,170.0000000000,0.2778529663
daily,XOM,2026-08-18,1530,2026-09-25,0.1041095890,165.6831221047,172.5000000000,0.2739980830
daily,XOM,2026-08-18,1530,2026-09-25,0.1041095890,165.6831221047,175.0000000000,0.2766926124
daily,XOM,2026-08-18,1530,2026-10-02,0.1232876712,165.7716888319,152.5000000000,0.2867545983
daily,XOM,2026-08-18,1530,2026-10-02,0.1232876712,165.7716888319,155.0000000000,0.2857460246
daily,XOM,2026-08-18,1530,2026-10-02,0.1232876712,165.7716888319,157.5000000000,0.2844274485
daily,XOM,2026-08-18,1530,2026-10-02,0.1232876712,165.7716888319,160.0000000000,0.2869956881
daily,XOM,2026-08-18,1530,2026-10-02,0.1232876712,165.7716888319,162.5000000000,0.2827077775
daily,XOM,2026-08-18,1530,2026-10-02,0.1232876712,165.7716888319,165.0000000000,0.2824518240
daily,XOM,2026-08-18,1530,2026-10-02,0.1232876712,165.7716888319,167.5000000000,0.2784166439
daily,XOM,2026-08-18,1530,2026-10-02,0.1232876712,165.7716888319,170.0000000000,0.2802946482
daily,XOM,2026-08-18,1530,2026-10-02,0.1232876712,165.7716888319,172.5000000000,0.2769803817
daily,XOM,2026-08-18,1530,2026-10-02,0.1232876712,165.7716888319,175.0000000000,0.2765921858
daily,XOM,2026-08-18,1530,2026-10-16,0.1616438356,166.2635982944,125.0000000000,0.3376033568
daily,XOM,2026-08-18,1530,2026-10-16,0.1616438356,166.2635982944,130.0000000000,0.3247340048
daily,XOM,2026-08-18,1530,2026-10-16,0.1616438356,166.2635982944,135.0000000000,0.3151262348
daily,XOM,2026-08-18,1530,2026-10-16,0.1616438356,166.2635982944,140.0000000000,0.3085095096
daily,XOM,2026-08-18,1530,2026-10-16,0.1616438356,166.2635982944,145.0000000000,0.3002115810
daily,XOM,2026-08-18,1530,2026-10-16,0.1616438356,166.2635982944,150.0000000000,0.2931487591
daily,XOM,2026-08-18,1530,2026-10-16,0.1616438356,166.2635982944,155.0000000000,0.2873021387
daily,XOM,2026-08-18,1530,2026-10-16,0.1616438356,166.2635982944,160.0000000000,0.2836876937
daily,XOM,2026-08-18,1530,2026-10-16,0.1616438356,166.2635982944,165.0000000000,0.2806885948
daily,XOM,2026-08-18,1530,2026-10-16,0.1616438356,166.2635982944,170.0000000000,0.2802065663
daily,XOM,2026-08-18,1530,2026-10-16,0.1616438356,166.2635982944,175.0000000000,0.2802432309
daily,XOM,2026-08-18,1530,2026-10-16,0.1616438356,166.2635982944,180.0000000000,0.2805147531
daily,XOM,2026-08-18,1530,2026-10-16,0.1616438356,166.2635982944,185.0000000000,0.2820415411
daily,XOM,2026-08-18,1530,2026-10-16,0.1616438356,166.2635982944,190.0000000000,0.2847166579
daily,XOM,2026-08-18,1530,2026-10-16,0.1616438356,166.2635982944,195.0000000000,0.2902737840
daily,XOM,2026-08-18,1530,2026-10-16,0.1616438356,166.2635982944,200.0000000000,0.2948871669
daily,XOM,2026-08-18,1530,2026-11-20,0.2575342466,166.0482993203,125.0000000000,0.3298315641
daily,XOM,2026-08-18,1530,2026-11-20,0.2575342466,166.0482993203,130.0000000000,0.3226723229
daily,XOM,2026-08-18,1530,2026-11-20,0.2575342466,166.0482993203,135.0000000000,0.3154215551
daily,XOM,2026-08-18,1530,2026-11-20,0.2575342466,166.0482993203,140.0000000000,0.3099211610
daily,XOM,2026-08-18,1530,2026-11-20,0.2575342466,166.0482993203,145.0000000000,0.3033815151
daily,XOM,2026-08-18,1530,2026-11-20,0.2575342466,166.0482993203,150.0000000000,0.2992961180
daily,XOM,2026-08-18,1530,2026-11-20,0.2575342466,166.0482993203,155.0000000000,0.2946444972
daily,XOM,2026-08-18,1530,2026-11-20,0.2575342466,166.0482993203,160.0000000000,0.2929149183
daily,XOM,2026-08-18,1530,2026-11-20,0.2575342466,166.0482993203,165.0000000000,0.2921803195
daily,XOM,2026-08-18,1530,2026-11-20,0.2575342466,166.0482993203,170.0000000000,0.2907059204
daily,XOM,2026-08-18,1530,2026-11-20,0.2575342466,166.0482993203,175.0000000000,0.2892061334
daily,XOM,2026-08-18,1530,2026-11-20,0.2575342466,166.0482993203,180.0000000000,0.2909904263
daily,XOM,2026-08-18,1530,2026-11-20,0.2575342466,166.0482993203,185.0000000000,0.2877172396
daily,XOM,2026-08-18,1530,2026-11-20,0.2575342466,166.0482993203,190.0000000000,0.2879177931
daily,XOM,2026-08-18,1530,2026-11-20,0.2575342466,166.0482993203,195.0000000000,0.2837621386
daily,XOM,2026-08-18,1530,2026-11-20,0.2575342466,166.0482993203,200.0000000000,0.2907246622
daily,XOM,2026-08-18,1530,2026-11-20,0.2575342466,166.0482993203,210.0000000000,0.2971738922
daily,XOM,2026-08-18,1530,2026-12-18,0.3342465753,166.1871253393,110.0000000000,0.3430639607
daily,XOM,2026-08-18,1530,2026-12-18,0.3342465753,166.1871253393,120.0000000000,0.3274827970
daily,XOM,2026-08-18,1530,2026-12-18,0.3342465753,166.1871253393,125.0000000000,0.3196810954
daily,XOM,2026-08-18,1530,2026-12-18,0.3342465753,166.1871253393,130.0000000000,0.3151160085
daily,XOM,2026-08-18,1530,2026-12-18,0.3342465753,166.1871253393,135.0000000000,0.3067948788
daily,XOM,2026-08-18,1530,2026-12-18,0.3342465753,166.1871253393,140.0000000000,0.3023639351
daily,XOM,2026-08-18,1530,2026-12-18,0.3342465753,166.1871253393,145.0000000000,0.2987946553
daily,XOM,2026-08-18,1530,2026-12-18,0.3342465753,166.1871253393,150.0000000000,0.2940119807
daily,XOM,2026-08-18,1530,2026-12-18,0.3342465753,166.1871253393,155.0000000000,0.2919390136
daily,XOM,2026-08-18,1530,2026-12-18,0.3342465753,166.1871253393,160.0000000000,0.2918402675
daily,XOM,2026-08-18,1530,2026-12-18,0.3342465753,166.1871253393,165.0000000000,0.2863064965
daily,XOM,2026-08-18,1530,2026-12-18,0.3342465753,166.1871253393,170.0000000000,0.2876480604
daily,XOM,2026-08-18,1530,2026-12-18,0.3342465753,166.1871253393,175.0000000000,0.2824104034
daily,XOM,2026-08-18,1530,2026-12-18,0.3342465753,166.1871253393,180.0000000000,0.2838199379
daily,XOM,2026-08-18,1530,2026-12-18,0.3342465753,166.1871253393,185.0000000000,0.2818857389
daily,XOM,2026-08-18,1530,2026-12-18,0.3342465753,166.1871253393,190.0000000000,0.2859308396
daily,XOM,2026-08-18,1530,2026-12-18,0.3342465753,166.1871253393,195.0000000000,0.2857759515
daily,XOM,2026-08-18,1530,2026-12-18,0.3342465753,166.1871253393,200.0000000000,0.2846742978
daily,XOM,2026-08-18,1530,2026-12-18,0.3342465753,166.1871253393,210.0000000000,0.2907367993
daily,XOM,2026-08-18,1530,2027-01-15,0.4109589041,166.6983678010,115.0000000000,0.3318666076
daily,XOM,2026-08-18,1530,2027-01-15,0.4109589041,166.6983678010,120.0000000000,0.3233371079
daily,XOM,2026-08-18,1530,2027-01-15,0.4109589041,166.6983678010,125.0000000000,0.3133310744
daily,XOM,2026-08-18,1530,2027-01-15,0.4109589041,166.6983678010,130.0000000000,0.3106273000
daily,XOM,2026-08-18,1530,2027-01-15,0.4109589041,166.6983678010,135.0000000000,0.3064939309
daily,XOM,2026-08-18,1530,2027-01-15,0.4109589041,166.6983678010,140.0000000000,0.3008499024
daily,XOM,2026-08-18,1530,2027-01-15,0.4109589041,166.6983678010,145.0000000000,0.2947398498
daily,XOM,2026-08-18,1530,2027-01-15,0.4109589041,166.6983678010,150.0000000000,0.2914884866
daily,XOM,2026-08-18,1530,2027-01-15,0.4109589041,166.6983678010,155.0000000000,0.2923972544
daily,XOM,2026-08-18,1530,2027-01-15,0.4109589041,166.6983678010,160.0000000000,0.2850860840
daily,XOM,2026-08-18,1530,2027-01-15,0.4109589041,166.6983678010,165.0000000000,0.2831189703
daily,XOM,2026-08-18,1530,2027-01-15,0.4109589041,166.6983678010,170.0000000000,0.2845896193
daily,XOM,2026-08-18,1530,2027-01-15,0.4109589041,166.6983678010,175.0000000000,0.2828272350
daily,XOM,2026-08-18,1530,2027-01-15,0.4109589041,166.6983678010,180.0000000000,0.2837544761
daily,XOM,2026-08-18,1530,2027-01-15,0.4109589041,166.6983678010,185.0000000000,0.2809360233
daily,XOM,2026-08-18,1530,2027-01-15,0.4109589041,166.6983678010,190.0000000000,0.2838999385
daily,XOM,2026-08-18,1530,2027-01-15,0.4109589041,166.6983678010,195.0000000000,0.2840931592
daily,XOM,2026-08-18,1530,2027-01-15,0.4109589041,166.6983678010,200.0000000000,0.2841240482
daily,XOM,2026-08-18,1530,2027-01-15,0.4109589041,166.6983678010,210.0000000000,0.2867355075
daily,XOM,2026-08-18,1530,2027-01-15,0.4109589041,166.6983678010,220.0000000000,0.2905215935
daily,XOM,2026-08-18,1530,2027-03-19,0.5835616438,166.8615287629,105.0000000000,0.3461988740
daily,XOM,2026-08-18,1530,2027-03-19,0.5835616438,166.8615287629,125.0000000000,0.3175831512
daily,XOM,2026-08-18,1530,2027-03-19,0.5835616438,166.8615287629,130.0000000000,0.3115480715
daily,XOM,2026-08-18,1530,2027-03-19,0.5835616438,166.8615287629,135.0000000000,0.3069236846
daily,XOM,2026-08-18,1530,2027-03-19,0.5835616438,166.8615287629,140.0000000000,0.3008127349
daily,XOM,2026-08-18,1530,2027-03-19,0.5835616438,166.8615287629,145.0000000000,0.2967852823
daily,XOM,2026-08-18,1530,2027-03-19,0.5835616438,166.8615287629,150.0000000000,0.2943832783
daily,XOM,2026-08-18,1530,2027-03-19,0.5835616438,166.8615287629,155.0000000000,0.2890558959
daily,XOM,2026-08-18,1530,2027-03-19,0.5835616438,166.8615287629,160.0000000000,0.2915064464
daily,XOM,2026-08-18,1530,2027-03-19,0.5835616438,166.8615287629,165.0000000000,0.2891142197
daily,XOM,2026-08-18,1530,2027-03-19,0.5835616438,166.8615287629,170.0000000000,0.2869206524
daily,XOM,2026-08-18,1530,2027-03-19,0.5835616438,166.8615287629,175.0000000000,0.2862745791
daily,XOM,2026-08-18,1530,2027-03-19,0.5835616438,166.8615287629,180.0000000000,0.2866278983
daily,XOM,2026-08-18,1530,2027-03-19,0.5835616438,166.8615287629,185.0000000000,0.2822091264
daily,XOM,2026-08-18,1530,2027-03-19,0.5835616438,166.8615287629,190.0000000000,0.2871062402
daily,XOM,2026-08-18,1530,2027-03-19,0.5835616438,166.8615287629,195.0000000000,0.2892218600
daily,XOM,2026-08-18,1530,2027-03-19,0.5835616438,166.8615287629,200.0000000000,0.2874442534
daily,XOM,2026-08-18,1530,2027-03-19,0.5835616438,166.8615287629,210.0000000000,0.2846944918
daily,XOM,2026-08-18,1530,2027-03-19,0.5835616438,166.8615287629,220.0000000000,0.2859706354
daily,XOM,2026-08-18,1530,2027-03-19,0.5835616438,166.8615287629,230.0000000000,0.2912217226
daily,XOM,2026-08-18,1530,2027-06-17,0.8301369863,167.5226866644,105.0000000000,0.3429559781
daily,XOM,2026-08-18,1530,2027-06-17,0.8301369863,167.5226866644,110.0000000000,0.3353429929
daily,XOM,2026-08-18,1530,2027-06-17,0.8301369863,167.5226866644,115.0000000000,0.3283521857
daily,XOM,2026-08-18,1530,2027-06-17,0.8301369863,167.5226866644,120.0000000000,0.3214333707
daily,XOM,2026-08-18,1530,2027-06-17,0.8301369863,167.5226866644,125.0000000000,0.3171778804
daily,XOM,2026-08-18,1530,2027-06-17,0.8301369863,167.5226866644,130.0000000000,0.3087452051
daily,XOM,2026-08-18,1530,2027-06-17,0.8301369863,167.5226866644,135.0000000000,0.3072544315
daily,XOM,2026-08-18,1530,2027-06-17,0.8301369863,167.5226866644,140.0000000000,0.3012467479
daily,XOM,2026-08-18,1530,2027-06-17,0.8301369863,167.5226866644,145.0000000000,0.2998491302
daily,XOM,2026-08-18,1530,2027-06-17,0.8301369863,167.5226866644,150.0000000000,0.2966039700
daily,XOM,2026-08-18,1530,2027-06-17,0.8301369863,167.5226866644,155.0000000000,0.2946783142
daily,XOM,2026-08-18,1530,2027-06-17,0.8301369863,167.5226866644,160.0000000000,0.2888686853
daily,XOM,2026-08-18,1530,2027-06-17,0.8301369863,167.5226866644,165.0000000000,0.2900248343
daily,XOM,2026-08-18,1530,2027-06-17,0.8301369863,167.5226866644,170.0000000000,0.2907645679
daily,XOM,2026-08-18,1530,2027-06-17,0.8301369863,167.5226866644,175.0000000000,0.2897882129
daily,XOM,2026-08-18,1530,2027-06-17,0.8301369863,167.5226866644,180.0000000000,0.2922889107
daily,XOM,2026-08-18,1530,2027-06-17,0.8301369863,167.5226866644,185.0000000000,0.2916198764
daily,XOM,2026-08-18,1530,2027-06-17,0.8301369863,167.5226866644,190.0000000000,0.2886098702
daily,XOM,2026-08-18,1530,2027-06-17,0.8301369863,167.5226866644,195.0000000000,0.2823539919
daily,XOM,2026-08-18,1530,2027-06-17,0.8301369863,167.5226866644,200.0000000000,0.2831285755
daily,XOM,2026-08-18,1530,2027-06-17,0.8301369863,167.5226866644,210.0000000000,0.2822801371
daily,XOM,2026-08-18,1530,2027-06-17,0.8301369863,167.5226866644,220.0000000000,0.2839860312
daily,XOM,2026-08-18,1530,2027-06-17,0.8301369863,167.5226866644,230.0000000000,0.2877037704
daily,XOM,2026-08-18,1530,2027-06-17,0.8301369863,167.5226866644,260.0000000000,0.2994986665
daily,XOM,2026-08-18,1530,2027-12-17,1.3315068493,169.0128445416,105.0000000000,0.3278074977
daily,XOM,2026-08-18,1530,2027-12-17,1.3315068493,169.0128445416,110.0000000000,0.3191669816
daily,XOM,2026-08-18,1530,2027-12-17,1.3315068493,169.0128445416,115.0000000000,0.3138394916
daily,XOM,2026-08-18,1530,2027-12-17,1.3315068493,169.0128445416,120.0000000000,0.3123187164
daily,XOM,2026-08-18,1530,2027-12-17,1.3315068493,169.0128445416,125.0000000000,0.3096549316
daily,XOM,2026-08-18,1530,2027-12-17,1.3315068493,169.0128445416,130.0000000000,0.3040174858
daily,XOM,2026-08-18,1530,2027-12-17,1.3315068493,169.0128445416,135.0000000000,0.3013275394
daily,XOM,2026-08-18,1530,2027-12-17,1.3315068493,169.0128445416,140.0000000000,0.2984456508
daily,XOM,2026-08-18,1530,2027-12-17,1.3315068493,169.0128445416,145.0000000000,0.2963865847
daily,XOM,2026-08-18,1530,2027-12-17,1.3315068493,169.0128445416,150.0000000000,0.2957763462
daily,XOM,2026-08-18,1530,2027-12-17,1.3315068493,169.0128445416,155.0000000000,0.2925303476
daily,XOM,2026-08-18,1530,2027-12-17,1.3315068493,169.0128445416,160.0000000000,0.2897699797
daily,XOM,2026-08-18,1530,2027-12-17,1.3315068493,169.0128445416,165.0000000000,0.2866789288
daily,XOM,2026-08-18,1530,2027-12-17,1.3315068493,169.0128445416,170.0000000000,0.2813589015
daily,XOM,2026-08-18,1530,2027-12-17,1.3315068493,169.0128445416,175.0000000000,0.2830361480
daily,XOM,2026-08-18,1530,2027-12-17,1.3315068493,169.0128445416,180.0000000000,0.2825336482
daily,XOM,2026-08-18,1530,2027-12-17,1.3315068493,169.0128445416,185.0000000000,0.2828453828
daily,XOM,2026-08-18,1530,2027-12-17,1.3315068493,169.0128445416,190.0000000000,0.2811984578
daily,XOM,2026-08-18,1530,2027-12-17,1.3315068493,169.0128445416,195.0000000000,0.2817316105
daily,XOM,2026-08-18,1530,2027-12-17,1.3315068493,169.0128445416,200.0000000000,0.2804913093
daily,XOM,2026-08-18,1530,2027-12-17,1.3315068493,169.0128445416,210.0000000000,0.2849953747
daily,XOM,2026-08-18,1530,2027-12-17,1.3315068493,169.0128445416,220.0000000000,0.2836964671
daily,XOM,2026-08-18,1530,2028-01-21,1.4273972603,169.3532865844,105.0000000000,0.3260657892
daily,XOM,2026-08-18,1530,2028-01-21,1.4273972603,169.3532865844,110.0000000000,0.3194085000
daily,XOM,2026-08-18,1530,2028-01-21,1.4273972603,169.3532865844,115.0000000000,0.3140813213
daily,XOM,2026-08-18,1530,2028-01-21,1.4273972603,169.3532865844,120.0000000000,0.3100511440
daily,XOM,2026-08-18,1530,2028-01-21,1.4273972603,169.3532865844,125.0000000000,0.3054286356
daily,XOM,2026-08-18,1530,2028-01-21,1.4273972603,169.3532865844,130.0000000000,0.3031502092
daily,XOM,2026-08-18,1530,2028-01-21,1.4273972603,169.3532865844,135.0000000000,0.3013036510
daily,XOM,2026-08-18,1530,2028-01-21,1.4273972603,169.3532865844,140.0000000000,0.2967789699
daily,XOM,2026-08-18,1530,2028-01-21,1.4273972603,169.3532865844,145.0000000000,0.2947516670
daily,XOM,2026-08-18,1530,2028-01-21,1.4273972603,169.3532865844,150.0000000000,0.2930208333
daily,XOM,2026-08-18,1530,2028-01-21,1.4273972603,169.3532865844,155.0000000000,0.2893555132
daily,XOM,2026-08-18,1530,2028-01-21,1.4273972603,169.3532865844,160.0000000000,0.2887751975
daily,XOM,2026-08-18,1530,2028-01-21,1.4273972603,169.3532865844,165.0000000000,0.2867439553
daily,XOM,2026-08-18,1530,2028-01-21,1.4273972603,169.3532865844,170.0000000000,0.2854275918
daily,XOM,2026-08-18,1530,2028-01-21,1.4273972603,169.3532865844,175.0000000000,0.2820461120
daily,XOM,2026-08-18,1530,2028-01-21,1.4273972603,169.3532865844,180.0000000000,0.2835320066
daily,XOM,2026-08-18,1530,2028-01-21,1.4273972603,169.3532865844,185.0000000000,0.2831061516
daily,XOM,2026-08-18,1530,2028-01-21,1.4273972603,169.3532865844,190.0000000000,0.2808469546
daily,XOM,2026-08-18,1530,2028-01-21,1.4273972603,169.3532865844,195.0000000000,0.2818883784
daily,XOM,2026-08-18,1530,2028-01-21,1.4273972603,169.3532865844,200.0000000000,0.2831389162
daily,XOM,2026-08-18,1530,2028-01-21,1.4273972603,169.3532865844,210.0000000000,0.2810470589
daily,XOM,2026-08-18,1530,2028-01-21,1.4273972603,169.3532865844,220.0000000000,0.2825696600
daily,XOM,2026-08-18,1530,2028-01-21,1.4273972603,169.3532865844,230.0000000000,0.2826565542
daily,XOM,2026-08-18,1530,2028-01-21,1.4273972603,169.3532865844,240.0000000000,0.2853187881
daily,XOM,2026-08-18,1530,2028-01-21,1.4273972603,169.3532865844,250.0000000000,0.2841120170
daily,XOM,2026-08-18,1530,2028-01-21,1.4273972603,169.3532865844,260.0000000000,0.2858610263
daily,XOM,2026-08-19,1530,2026-08-21,0.0054794521,165.9075158450,157.5000000000,0.3772283388
daily,XOM,2026-08-19,1530,2026-08-21,0.0054794521,165.9075158450,160.0000000000,0.3441281862
daily,XOM,2026-08-19,1530,2026-08-21,0.0054794521,165.9075158450,162.5000000000,0.3140337622
daily,XOM,2026-08-19,1530,2026-08-21,0.0054794521,165.9075158450,165.0000000000,0.3045123739
daily,XOM,2026-08-19,1530,2026-08-21,0.0054794521,165.9075158450,167.5000000000,0.2942998860
daily,XOM,2026-08-19,1530,2026-08-21,0.0054794521,165.9075158450,170.0000000000,0.3045497906
daily,XOM,2026-08-19,1530,2026-08-21,0.0054794521,165.9075158450,172.5000000000,0.3248102009
daily,XOM,2026-08-19,1530,2026-08-28,0.0246575342,165.9934952333,152.5000000000,0.3064068764
daily,XOM,2026-08-19,1530,2026-08-28,0.0246575342,165.9934952333,155.0000000000,0.2955888033
daily,XOM,2026-08-19,1530,2026-08-28,0.0246575342,165.9934952333,157.5000000000,0.2841014629
daily,XOM,2026-08-19,1530,2026-08-28,0.0246575342,165.9934952333,160.0000000000,0.2793729027
daily,XOM,2026-08-19,1530,2026-08-28,0.0246575342,165.9934952333,162.5000000000,0.2752792178
daily,XOM,2026-08-19,1530,2026-08-28,0.0246575342,165.9934952333,165.0000000000,0.2681615210
daily,XOM,2026-08-19,1530,2026-08-28,0.0246575342,165.9934952333,167.5000000000,0.2675940624
daily,XOM,2026-08-19,1530,2026-08-28,0.0246575342,165.9934952333,170.0000000000,0.2621049749
daily,XOM,2026-08-19,1530,2026-08-28,0.0246575342,165.9934952333,172.5000000000,0.2648454370
daily,XOM,2026-08-19,1530,2026-08-28,0.0246575342,165.9934952333,175.0000000000,0.2702540523
daily,XOM,2026-08-19,1530,2026-08-28,0.0246575342,165.9934952333,177.5000000000,0.2787573835
daily,XOM,2026-08-19,1530,2026-09-04,0.0438356164,166.1192884927,157.5000000000,0.2762174556
daily,XOM,2026-08-19,1530,2026-09-04,0.0438356164,166.1192884927,160.0000000000,0.2740556521
daily,XOM,2026-08-19,1530,2026-09-04,0.0438356164,166.1192884927,162.5000000000,0.2719215027
daily,XOM,2026-08-19,1530,2026-09-04,0.0438356164,166.1192884927,165.0000000000,0.2710868202
daily,XOM,2026-08-19,1530,2026-09-04,0.0438356164,166.1192884927,167.5000000000,0.2712154980
daily,XOM,2026-08-19,1530,2026-09-04,0.0438356164,166.1192884927,170.0000000000,0.2706951684
daily,XOM,2026-08-19,1530,2026-09-04,0.0438356164,166.1192884927,172.5000000000,0.2685580118
daily,XOM,2026-08-19,1530,2026-09-04,0.0438356164,166.1192884927,175.0000000000,0.2717106100
daily,XOM,2026-08-19,1530,2026-09-11,0.0630136986,166.2582986168,155.0000000000,0.2713635762
daily,XOM,2026-08-19,1530,2026-09-11,0.0630136986,166.2582986168,157.5000000000,0.2672427020
daily,XOM,2026-08-19,1530,2026-09-11,0.0630136986,166.2582986168,160.0000000000,0.2677141882
daily,XOM,2026-08-19,1530,2026-09-11,0.0630136986,166.2582986168,162.5000000000,0.2671573815
daily,XOM,2026-08-19,1530,2026-09-11,0.0630136986,166.2582986168,165.0000000000,0.2661566768
daily,XOM,2026-08-19,1530,2026-09-11,0.0630136986,166.2582986168,167.5000000000,0.2661599329
daily,XOM,2026-08-19,1530,2026-09-11,0.0630136986,166.2582986168,170.0000000000,0.2636847541
daily,XOM,2026-08-19,1530,2026-09-11,0.0630136986,166.2582986168,172.5000000000,0.2634188375
daily,XOM,2026-08-19,1530,2026-09-11,0.0630136986,166.2582986168,175.0000000000,0.2610421388
daily,XOM,2026-08-19,1530,2026-09-11,0.0630136986,166.2582986168,177.5000000000,0.2602680840
daily,XOM,2026-08-19,1530,2026-09-18,0.0821917808,166.4346066716,140.0000000000,0.3146786151
daily,XOM,2026-08-19,1530,2026-09-18,0.0821917808,166.4346066716,145.0000000000,0.3012315734
daily,XOM,2026-08-19,1530,2026-09-18,0.0821917808,166.4346066716,150.0000000000,0.2904374675
daily,XOM,2026-08-19,1530,2026-09-18,0.0821917808,166.4346066716,155.0000000000,0.2793552943
daily,XOM,2026-08-19,1530,2026-09-18,0.0821917808,166.4346066716,160.0000000000,0.2713143166
daily,XOM,2026-08-19,1530,2026-09-18,0.0821917808,166.4346066716,165.0000000000,0.2686489181
daily,XOM,2026-08-19,1530,2026-09-18,0.0821917808,166.4346066716,170.0000000000,0.2649191618
daily,XOM,2026-08-19,1530,2026-09-18,0.0821917808,166.4346066716,175.0000000000,0.2636135921
daily,XOM,2026-08-19,1530,2026-09-18,0.0821917808,166.4346066716,180.0000000000,0.2668861294
daily,XOM,2026-08-19,1530,2026-09-18,0.0821917808,166.4346066716,185.0000000000,0.2744264246
daily,XOM,2026-08-19,1530,2026-09-25,0.1013698630,166.5024443721,140.0570631208,0.2833524653
daily,XOM,2026-08-19,1530,2026-09-25,0.1013698630,166.5024443721,155.0000000000,0.2757928447
daily,XOM,2026-08-19,1530,2026-09-25,0.1013698630,166.5024443721,157.5000000000,0.2707106468
daily,XOM,2026-08-19,1530,2026-09-25,0.1013698630,166.5024443721,162.5000000000,0.2808819559
daily,XOM,2026-08-19,1530,2026-09-25,0.1013698630,166.5024443721,165.0000000000,0.2731637519
daily,XOM,2026-08-19,1530,2026-09-25,0.1013698630,166.5024443721,167.5000000000,0.2711469870
daily,XOM,2026-08-19,1530,2026-09-25,0.1013698630,166.5024443721,170.0000000000,0.2686543168
daily,XOM,2026-08-19,1530,2026-09-25,0.1013698630,166.5024443721,175.0000000000,0.2659049231
daily,XOM,2026-08-19,1530,2026-10-02,0.1205479452,166.6126657707,150.0000000000,0.2877045477
daily,XOM,2026-08-19,1530,2026-10-02,0.1205479452,166.6126657707,155.0000000000,0.2766310328
daily,XOM,2026-08-19,1530,2026-10-02,0.1205479452,166.6126657707,157.5000000000,0.2755179074
daily,XOM,2026-08-19,1530,2026-10-02,0.1205479452,166.6126657707,160.0000000000,0.2725883825
daily,XOM,2026-08-19,1530,2026-10-02,0.1205479452,166.6126657707,162.5000000000,0.2779924611
daily,XOM,2026-08-19,1530,2026-10-02,0.1205479452,166.6126657707,165.0000000000,0.2781545246
daily,XOM,2026-08-19,1530,2026-10-02,0.1205479452,166.6126657707,167.5000000000,0.2715517971
daily,XOM,2026-08-19,1530,2026-10-02,0.1205479452,166.6126657707,170.0000000000,0.2754178515
daily,XOM,2026-08-19,1530,2026-10-02,0.1205479452,166.6126657707,172.5000000000,0.2770557636
daily,XOM,2026-08-19,1530,2026-10-02,0.1205479452,166.6126657707,175.0000000000,0.2721879719
daily,XOM,2026-08-19,1530,2026-10-16,0.1589041096,166.9645618948,130.0000000000,0.3256099482
daily,XOM,2026-08-19,1530,2026-10-16,0.1589041096,166.9645618948,140.0000000000,0.2999428129
daily,XOM,2026-08-19,1530,2026-10-16,0.1589041096,166.9645618948,145.0000000000,0.2945738563
daily,XOM,2026-08-19,1530,2026-10-16,0.1589041096,166.9645618948,150.0000000000,0.2846235833
daily,XOM,2026-08-19,1530,2026-10-16,0.1589041096,166.9645618948,155.0000000000,0.2812046646
daily,XOM,2026-08-19,1530,2026-10-16,0.1589041096,166.9645618948,160.0000000000,0.2773209264
daily,XOM,2026-08-19,1530,2026-10-16,0.1589041096,166.9645618948,165.0000000000,0.2728363775
daily,XOM,2026-08-19,1530,2026-10-16,0.1589041096,166.9645618948,170.0000000000,0.2717529691
daily,XOM,2026-08-19,1530,2026-10-16,0.1589041096,166.9645618948,175.0000000000,0.2706409044
daily,XOM,2026-08-19,1530,2026-10-16,0.1589041096,166.9645618948,180.0000000000,0.2730417544
daily,XOM,2026-08-19,1530,2026-10-16,0.1589041096,166.9645618948,185.0000000000,0.2765145485
daily,XOM,2026-08-19,1530,2026-10-16,0.1589041096,166.9645618948,190.0000000000,0.2816300714
daily,XOM,2026-08-19,1530,2026-10-16,0.1589041096,166.9645618948,200.0000000000,0.2878456510
daily,XOM,2026-08-19,1530,2026-11-20,0.2547945205,166.7626371977,130.0000000000,0.3232567426
daily,XOM,2026-08-19,1530,2026-11-20,0.2547945205,166.7626371977,135.0000000000,0.3126613712
daily,XOM,2026-08-19,1530,2026-11-20,0.2547945205,166.7626371977,140.0000000000,0.3041707604
daily,XOM,2026-08-19,1530,2026-11-20,0.2547945205,166.7626371977,145.0000000000,0.2984522756
daily,XOM,2026-08-19,1530,2026-11-20,0.2547945205,166.7626371977,150.0000000000,0.2945414421
daily,XOM,2026-08-19,1530,2026-11-20,0.2547945205,166.7626371977,155.0000000000,0.2912008468
daily,XOM,2026-08-19,1530,2026-11-20,0.2547945205,166.7626371977,160.0000000000,0.2854244813
daily,XOM,2026-08-19,1530,2026-11-20,0.2547945205,166.7626371977,165.0000000000,0.2857940279
daily,XOM,2026-08-19,1530,2026-11-20,0.2547945205,166.7626371977,170.0000000000,0.2842416572
daily,XOM,2026-08-19,1530,2026-11-20,0.2547945205,166.7626371977,175.0000000000,0.2829945535
daily,XOM,2026-08-19,1530,2026-11-20,0.2547945205,166.7626371977,180.0000000000,0.2824005544
daily,XOM,2026-08-19,1530,2026-11-20,0.2547945205,166.7626371977,185.0000000000,0.2815686970
daily,XOM,2026-08-19,1530,2026-11-20,0.2547945205,166.7626371977,190.0000000000,0.2834177581
daily,XOM,2026-08-19,1530,2026-11-20,0.2547945205,166.7626371977,195.0000000000,0.2856030581
daily,XOM,2026-08-19,1530,2026-11-20,0.2547945205,166.7626371977,200.0000000000,0.2936525114
daily,XOM,2026-08-19,1530,2026-11-20,0.2547945205,166.7626371977,220.0000000000,0.3093596543
daily,XOM,2026-08-19,1530,2026-12-18,0.3315068493,166.8796806469,110.0000000000,0.3458721047
daily,XOM,2026-08-19,1530,2026-12-18,0.3315068493,166.8796806469,130.0000000000,0.3131092233
daily,XOM,2026-08-19,1530,2026-12-18,0.3315068493,166.8796806469,135.0000000000,0.3046311399
daily,XOM,2026-08-19,1530,2026-12-18,0.3315068493,166.8796806469,140.0000000000,0.2992896452
daily,XOM,2026-08-19,1530,2026-12-18,0.3315068493,166.8796806469,145.0000000000,0.2948446281
daily,XOM,2026-08-19,1530,2026-12-18,0.3315068493,166.8796806469,150.0000000000,0.2899011952
daily,XOM,2026-08-19,1530,2026-12-18,0.3315068493,166.8796806469,155.0000000000,0.2870287489
daily,XOM,2026-08-19,1530,2026-12-18,0.3315068493,166.8796806469,160.0000000000,0.2849458589
daily,XOM,2026-08-19,1530,2026-12-18,0.3315068493,166.8796806469,165.0000000000,0.2821944686
daily,XOM,2026-08-19,1530,2026-12-18,0.3315068493,166.8796806469,170.0000000000,0.2806283036
daily,XOM,2026-08-19,1530,2026-12-18,0.3315068493,166.8796806469,175.0000000000,0.2799865752
daily,XOM,2026-08-19,1530,2026-12-18,0.3315068493,166.8796806469,180.0000000000,0.2796677816
daily,XOM,2026-08-19,1530,2026-12-18,0.3315068493,166.8796806469,185.0000000000,0.2793680368
daily,XOM,2026-08-19,1530,2026-12-18,0.3315068493,166.8796806469,190.0000000000,0.2798639470
daily,XOM,2026-08-19,1530,2026-12-18,0.3315068493,166.8796806469,195.0000000000,0.2813106069
daily,XOM,2026-08-19,1530,2026-12-18,0.3315068493,166.8796806469,200.0000000000,0.2866593953
daily,XOM,2026-08-19,1530,2026-12-18,0.3315068493,166.8796806469,220.0000000000,0.2997912703
daily,XOM,2026-08-19,1530,2027-01-15,0.4082191781,167.4967437179,120.0000000000,0.3269056296
daily,XOM,2026-08-19,1530,2027-01-15,0.4082191781,167.4967437179,125.0000000000,0.3181067379
daily,XOM,2026-08-19,1530,2027-01-15,0.4082191781,167.4967437179,130.0000000000,0.3118418084
daily,XOM,2026-08-19,1530,2027-01-15,0.4082191781,167.4967437179,135.0000000000,0.3041830014
daily,XOM,2026-08-19,1530,2027-01-15,0.4082191781,167.4967437179,140.0000000000,0.2961064072
daily,XOM,2026-08-19,1530,2027-01-15,0.4082191781,167.4967437179,145.0000000000,0.2906999553
daily,XOM,2026-08-19,1530,2027-01-15,0.4082191781,167.4967437179,150.0000000000,0.2882648171
daily,XOM,2026-08-19,1530,2027-01-15,0.4082191781,167.4967437179,155.0000000000,0.2806981668
daily,XOM,2026-08-19,1530,2027-01-15,0.4082191781,167.4967437179,160.0000000000,0.2842951163
daily,XOM,2026-08-19,1530,2027-01-15,0.4082191781,167.4967437179,165.0000000000,0.2794503594
daily,XOM,2026-08-19,1530,2027-01-15,0.4082191781,167.4967437179,170.0000000000,0.2773501045
daily,XOM,2026-08-19,1530,2027-01-15,0.4082191781,167.4967437179,175.0000000000,0.2760384141
daily,XOM,2026-08-19,1530,2027-01-15,0.4082191781,167.4967437179,180.0000000000,0.2796914541
daily,XOM,2026-08-19,1530,2027-01-15,0.4082191781,167.4967437179,185.0000000000,0.2765615572
daily,XOM,2026-08-19,1530,2027-01-15,0.4082191781,167.4967437179,190.0000000000,0.2787645390
daily,XOM,2026-08-19,1530,2027-01-15,0.4082191781,167.4967437179,195.0000000000,0.2794525639
daily,XOM,2026-08-19,1530,2027-01-15,0.4082191781,167.4967437179,200.0000000000,0.2853939066
daily,XOM,2026-08-19,1530,2027-01-15,0.4082191781,167.4967437179,210.0000000000,0.2856483628
daily,XOM,2026-08-19,1530,2027-03-19,0.5808219178,167.8828227354,125.0000000000,0.3163551443
daily,XOM,2026-08-19,1530,2027-03-19,0.5808219178,167.8828227354,130.0000000000,0.3104492628
daily,XOM,2026-08-19,1530,2027-03-19,0.5808219178,167.8828227354,135.0000000000,0.3059176593
daily,XOM,2026-08-19,1530,2027-03-19,0.5808219178,167.8828227354,140.0000000000,0.2988135781
daily,XOM,2026-08-19,1530,2027-03-19,0.5808219178,167.8828227354,145.0000000000,0.2960846823
daily,XOM,2026-08-19,1530,2027-03-19,0.5808219178,167.8828227354,150.0000000000,0.2930318893
daily,XOM,2026-08-19,1530,2027-03-19,0.5808219178,167.8828227354,155.0000000000,0.2855156092
daily,XOM,2026-08-19,1530,2027-03-19,0.5808219178,167.8828227354,160.0000000000,0.2875517314
daily,XOM,2026-08-19,1530,2027-03-19,0.5808219178,167.8828227354,165.0000000000,0.2837743594
daily,XOM,2026-08-19,1530,2027-03-19,0.5808219178,167.8828227354,170.0000000000,0.2793083120
daily,XOM,2026-08-19,1530,2027-03-19,0.5808219178,167.8828227354,175.0000000000,0.2776857495
daily,XOM,2026-08-19,1530,2027-03-19,0.5808219178,167.8828227354,180.0000000000,0.2807139182
daily,XOM,2026-08-19,1530,2027-03-19,0.5808219178,167.8828227354,185.0000000000,0.2816358253
daily,XOM,2026-08-19,1530,2027-03-19,0.5808219178,167.8828227354,190.0000000000,0.2834327802
daily,XOM,2026-08-19,1530,2027-03-19,0.5808219178,167.8828227354,195.0000000000,0.2827459429
daily,XOM,2026-08-19,1530,2027-03-19,0.5808219178,167.8828227354,200.0000000000,0.2844813708
daily,XOM,2026-08-19,1530,2027-03-19,0.5808219178,167.8828227354,230.0000000000,0.2949748236
daily,XOM,2026-08-19,1530,2027-06-17,0.8273972603,168.7482605796,110.0000000000,0.3357888761
daily,XOM,2026-08-19,1530,2027-06-17,0.8273972603,168.7482605796,120.0000000000,0.3206970581
daily,XOM,2026-08-19,1530,2027-06-17,0.8273972603,168.7482605796,125.0000000000,0.3129211742
daily,XOM,2026-08-19,1530,2027-06-17,0.8273972603,168.7482605796,130.0000000000,0.3097638997
daily,XOM,2026-08-19,1530,2027-06-17,0.8273972603,168.7482605796,135.0000000000,0.3030537994
daily,XOM,2026-08-19,1530,2027-06-17,0.8273972603,168.7482605796,140.0000000000,0.3031256634
daily,XOM,2026-08-19,1530,2027-06-17,0.8273972603,168.7482605796,145.0000000000,0.2985586270
daily,XOM,2026-08-19,1530,2027-06-17,0.8273972603,168.7482605796,150.0000000000,0.2963269588
daily,XOM,2026-08-19,1530,2027-06-17,0.8273972603,168.7482605796,155.0000000000,0.2904620920
daily,XOM,2026-08-19,1530,2027-06-17,0.8273972603,168.7482605796,160.0000000000,0.2877109389
daily,XOM,2026-08-19,1530,2027-06-17,0.8273972603,168.7482605796,165.0000000000,0.2866346714
daily,XOM,2026-08-19,1530,2027-06-17,0.8273972603,168.7482605796,170.0000000000,0.2818138346
daily,XOM,2026-08-19,1530,2027-06-17,0.8273972603,168.7482605796,175.0000000000,0.2803709264
daily,XOM,2026-08-19,1530,2027-06-17,0.8273972603,168.7482605796,180.0000000000,0.2790365523
daily,XOM,2026-08-19,1530,2027-06-17,0.8273972603,168.7482605796,185.0000000000,0.2789194721
daily,XOM,2026-08-19,1530,2027-06-17,0.8273972603,168.7482605796,190.0000000000,0.2808287286
daily,XOM,2026-08-19,1530,2027-06-17,0.8273972603,168.7482605796,195.0000000000,0.2835217716
daily,XOM,2026-08-19,1530,2027-06-17,0.8273972603,168.7482605796,200.0000000000,0.2835143231
daily,XOM,2026-08-19,1530,2027-06-17,0.8273972603,168.7482605796,210.0000000000,0.2871054262
daily,XOM,2026-08-19,1530,2027-06-17,0.8273972603,168.7482605796,220.0000000000,0.2879118540
daily,XOM,2026-08-19,1530,2027-06-17,0.8273972603,168.7482605796,230.0000000000,0.2855080908
daily,XOM,2026-08-19,1530,2027-12-17,1.3287671233,171.0196278646,110.0000000000,0.3233136469
daily,XOM,2026-08-19,1530,2027-12-17,1.3287671233,171.0196278646,115.0000000000,0.3175003616
daily,XOM,2026-08-19,1530,2027-12-17,1.3287671233,171.0196278646,120.0000000000,0.3140318516
daily,XOM,2026-08-19,1530,2027-12-17,1.3287671233,171.0196278646,125.0000000000,0.3110510406
daily,XOM,2026-08-19,1530,2027-12-17,1.3287671233,171.0196278646,130.0000000000,0.3055199554
daily,XOM,2026-08-19,1530,2027-12-17,1.3287671233,171.0196278646,135.0000000000,0.3022657795
daily,XOM,2026-08-19,1530,2027-12-17,1.3287671233,171.0196278646,140.0000000000,0.3019737215
daily,XOM,2026-08-19,1530,2027-12-17,1.3287671233,171.0196278646,145.0000000000,0.2987599496
daily,XOM,2026-08-19,1530,2027-12-17,1.3287671233,171.0196278646,150.0000000000,0.2965908722
daily,XOM,2026-08-19,1530,2027-12-17,1.3287671233,171.0196278646,155.0000000000,0.2940049940
daily,XOM,2026-08-19,1530,2027-12-17,1.3287671233,171.0196278646,160.0000000000,0.2890739660
daily,XOM,2026-08-19,1530,2027-12-17,1.3287671233,171.0196278646,165.0000000000,0.2830726800
daily,XOM,2026-08-19,1530,2027-12-17,1.3287671233,171.0196278646,170.0000000000,0.2853362448
daily,XOM,2026-08-19,1530,2027-12-17,1.3287671233,171.0196278646,175.0000000000,0.2852737027
daily,XOM,2026-08-19,1530,2027-12-17,1.3287671233,171.0196278646,180.0000000000,0.2847145169
daily,XOM,2026-08-19,1530,2027-12-17,1.3287671233,171.0196278646,185.0000000000,0.2822068555
daily,XOM,2026-08-19,1530,2027-12-17,1.3287671233,171.0196278646,190.0000000000,0.2826089812
daily,XOM,2026-08-19,1530,2027-12-17,1.3287671233,171.0196278646,195.0000000000,0.2811473248
daily,XOM,2026-08-19,1530,2027-12-17,1.3287671233,171.0196278646,200.0000000000,0.2803891233
daily,XOM,2026-08-19,1530,2027-12-17,1.3287671233,171.0196278646,210.0000000000,0.2857251592
daily,XOM,2026-08-19,1530,2027-12-17,1.3287671233,171.0196278646,220.0000000000,0.2853899776
daily,XOM,2026-08-19,1530,2027-12-17,1.3287671233,171.0196278646,230.0000000000,0.2886618790
daily,XOM,2026-08-19,1530,2027-12-17,1.3287671233,171.0196278646,240.0000000000,0.2871790059
daily,XOM,2026-08-19,1530,2027-12-17,1.3287671233,171.0196278646,250.0000000000,0.2891643780
daily,XOM,2026-08-19,1530,2027-12-17,1.3287671233,171.0196278646,260.0000000000,0.2869344651
daily,XOM,2026-08-19,1530,2028-01-21,1.4246575342,171.6386967674,105.0000000000,0.3278653572
daily,XOM,2026-08-19,1530,2028-01-21,1.4246575342,171.6386967674,110.0000000000,0.3215751252
daily,XOM,2026-08-19,1530,2028-01-21,1.4246575342,171.6386967674,115.0000000000,0.3177520847
daily,XOM,2026-08-19,1530,2028-01-21,1.4246575342,171.6386967674,120.0000000000,0.3112771290
daily,XOM,2026-08-19,1530,2028-01-21,1.4246575342,171.6386967674,125.0000000000,0.3070181588
daily,XOM,2026-08-19,1530,2028-01-21,1.4246575342,171.6386967674,130.0000000000,0.3039214792
daily,XOM,2026-08-19,1530,2028-01-21,1.4246575342,171.6386967674,135.0000000000,0.2996630347
daily,XOM,2026-08-19,1530,2028-01-21,1.4246575342,171.6386967674,140.0000000000,0.2968881113
daily,XOM,2026-08-19,1530,2028-01-21,1.4246575342,171.6386967674,145.0000000000,0.2939290263
daily,XOM,2026-08-19,1530,2028-01-21,1.4246575342,171.6386967674,150.0000000000,0.2902420385
daily,XOM,2026-08-19,1530,2028-01-21,1.4246575342,171.6386967674,155.0000000000,0.2894435898
daily,XOM,2026-08-19,1530,2028-01-21,1.4246575342,171.6386967674,160.0000000000,0.2862858652
daily,XOM,2026-08-19,1530,2028-01-21,1.4246575342,171.6386967674,165.0000000000,0.2862385308
daily,XOM,2026-08-19,1530,2028-01-21,1.4246575342,171.6386967674,170.0000000000,0.2839902348
daily,XOM,2026-08-19,1530,2028-01-21,1.4246575342,171.6386967674,175.0000000000,0.2826154164
daily,XOM,2026-08-19,1530,2028-01-21,1.4246575342,171.6386967674,180.0000000000,0.2792516137
daily,XOM,2026-08-19,1530,2028-01-21,1.4246575342,171.6386967674,185.0000000000,0.2800003437
daily,XOM,2026-08-19,1530,2028-01-21,1.4246575342,171.6386967674,190.0000000000,0.2789105957
daily,XOM,2026-08-19,1530,2028-01-21,1.4246575342,171.6386967674,195.0000000000,0.2804110705
daily,XOM,2026-08-19,1530,2028-01-21,1.4246575342,171.6386967674,200.0000000000,0.2802835881
daily,XOM,2026-08-19,1530,2028-01-21,1.4246575342,171.6386967674,210.0000000000,0.2825200234
daily,XOM,2026-08-19,1530,2028-01-21,1.4246575342,171.6386967674,220.0000000000,0.2789887159
daily,XOM,2026-08-19,1530,2028-01-21,1.4246575342,171.6386967674,230.0000000000,0.2830147362
daily,XOM,2026-08-19,1530,2028-01-21,1.4246575342,171.6386967674,240.0000000000,0.2826422706
daily,XOM,2026-08-19,1530,2028-01-21,1.4246575342,171.6386967674,250.0000000000,0.2875688766
daily,XOM,2026-08-20,1530,2026-08-28,0.0219178082,167.3563505783,157.5000000000,0.3002308816
daily,XOM,2026-08-20,1530,2026-08-28,0.0219178082,167.3563505783,160.0000000000,0.2907455628
daily,XOM,2026-08-20,1530,2026-08-28,0.0219178082,167.3563505783,162.5000000000,0.2782595090
daily,XOM,2026-08-20,1530,2026-08-28,0.0219178082,167.3563505783,165.0000000000,0.2715834118
daily,XOM,2026-08-20,1530,2026-08-28,0.0219178082,167.3563505783,167.5000000000,0.2687749273
daily,XOM,2026-08-20,1530,2026-08-28,0.0219178082,167.3563505783,170.0000000000,0.2669028760
daily,XOM,2026-08-20,1530,2026-08-28,0.0219178082,167.3563505783,172.5000000000,0.2714842029
daily,XOM,2026-08-20,1530,2026-08-28,0.0219178082,167.3563505783,175.0000000000,0.2765536353
daily,XOM,2026-08-20,1530,2026-08-28,0.0219178082,167.3563505783,177.5000000000,0.2824278838
daily,XOM,2026-08-20,1530,2026-09-04,0.0410958904,167.5373462996,157.5000000000,0.2888577746
daily,XOM,2026-08-20,1530,2026-09-04,0.0410958904,167.5373462996,160.0000000000,0.2869921639
daily,XOM,2026-08-20,1530,2026-09-04,0.0410958904,167.5373462996,162.5000000000,0.2850403759
daily,XOM,2026-08-20,1530,2026-09-04,0.0410958904,167.5373462996,165.0000000000,0.2830507461
daily,XOM,2026-08-20,1530,2026-09-04,0.0410958904,167.5373462996,167.5000000000,0.2823640251
daily,XOM,2026-08-20,1530,2026-09-04,0.0410958904,167.5373462996,170.0000000000,0.2750523435
daily,XOM,2026-08-20,1530,2026-09-04,0.0410958904,167.5373462996,172.5000000000,0.2748472260
daily,XOM,2026-08-20,1530,2026-09-04,0.0410958904,167.5373462996,175.0000000000,0.2796109005
daily,XOM,2026-08-20,1530,2026-09-04,0.0410958904,167.5373462996,177.5000000000,0.2815573177
daily,XOM,2026-08-20,1530,2026-09-11,0.0602739726,167.6239180990,155.0000000000,0.2793366679
daily,XOM,2026-08-20,1530,2026-09-11,0.0602739726,167.6239180990,157.5000000000,0.2764637379
daily,XOM,2026-08-20,1530,2026-09-11,0.0602739726,167.6239180990,160.0000000000,0.2753660198
daily,XOM,2026-08-20,1530,2026-09-11,0.0602739726,167.6239180990,162.5000000000,0.2745630870
daily,XOM,2026-08-20,1530,2026-09-11,0.0602739726,167.6239180990,165.0000000000,0.2734935248
daily,XOM,2026-08-20,1530,2026-09-11,0.0602739726,167.6239180990,167.5000000000,0.2720935703
daily,XOM,2026-08-20,1530,2026-09-11,0.0602739726,167.6239180990,170.0000000000,0.2702582754
daily,XOM,2026-08-20,1530,2026-09-11,0.0602739726,167.6239180990,172.5000000000,0.2705161227
daily,XOM,2026-08-20,1530,2026-09-11,0.0602739726,167.6239180990,175.0000000000,0.2697342831
daily,XOM,2026-08-20,1530,2026-09-11,0.0602739726,167.6239180990,177.5000000000,0.2696805810
daily,XOM,2026-08-20,1530,2026-09-11,0.0602739726,167.6239180990,180.0000000000,0.2779154919
daily,XOM,2026-08-20,1530,2026-09-18,0.0794520548,167.7606688501,140.0000000000,0.3241531817
daily,XOM,2026-08-20,1530,2026-09-18,0.0794520548,167.7606688501,145.0000000000,0.3127437321
daily,XOM,2026-08-20,1530,2026-09-18,0.0794520548,167.7606688501,150.0000000000,0.3016460276
daily,XOM,2026-08-20,1530,2026-09-18,0.0794520548,167.7606688501,155.0000000000,0.2931637319
daily,XOM,2026-08-20,1530,2026-09-18,0.0794520548,167.7606688501,160.0000000000,0.2838720726
daily,XOM,2026-08-20,1530,2026-09-18,0.0794520548,167.7606688501,165.0000000000,0.2804205996
daily,XOM,2026-08-20,1530,2026-09-18,0.0794520548,167.7606688501,170.0000000000,0.2741862177
daily,XOM,2026-08-20,1530,2026-09-18,0.0794520548,167.7606688501,175.0000000000,0.2760298111
daily,XOM,2026-08-20,1530,2026-09-18,0.0794520548,167.7606688501,180.0000000000,0.2779062020
daily,XOM,2026-08-20,1530,2026-09-18,0.0794520548,167.7606688501,185.0000000000,0.2829298402
daily,XOM,2026-08-20,1530,2026-09-18,0.0794520548,167.7606688501,190.0000000000,0.2916213617
daily,XOM,2026-08-20,1530,2026-09-25,0.0986301370,168.2384472752,140.3987166955,0.2909363844
daily,XOM,2026-08-20,1530,2026-09-25,0.0986301370,168.2384472752,155.0000000000,0.2897885633
daily,XOM,2026-08-20,1530,2026-09-25,0.0986301370,168.2384472752,160.0000000000,0.2835970589
daily,XOM,2026-08-20,1530,2026-09-25,0.0986301370,168.2384472752,162.5000000000,0.2874667562
daily,XOM,2026-08-20,1530,2026-09-25,0.0986301370,168.2384472752,165.0000000000,0.2849324345
daily,XOM,2026-08-20,1530,2026-09-25,0.0986301370,168.2384472752,167.5000000000,0.2747033437
daily,XOM,2026-08-20,1530,2026-09-25,0.0986301370,168.2384472752,170.0000000000,0.2765202368
daily,XOM,2026-08-20,1530,2026-09-25,0.0986301370,168.2384472752,172.5000000000,0.2766227444
daily,XOM,2026-08-20,1530,2026-09-25,0.0986301370,168.2384472752,175.0000000000,0.2776365277
daily,XOM,2026-08-20,1530,2026-10-02,0.1178082192,168.3256172123,157.5000000000,0.2859053223
daily,XOM,2026-08-20,1530,2026-10-02,0.1178082192,168.3256172123,160.0000000000,0.2810922579
daily,XOM,2026-08-20,1530,2026-10-02,0.1178082192,168.3256172123,162.5000000000,0.2796200238
daily,XOM,2026-08-20,1530,2026-10-02,0.1178082192,168.3256172123,165.0000000000,0.2795550221
daily,XOM,2026-08-20,1530,2026-10-02,0.1178082192,168.3256172123,167.5000000000,0.2770017784
daily,XOM,2026-08-20,1530,2026-10-02,0.1178082192,168.3256172123,170.0000000000,0.2773990884
daily,XOM,2026-08-20,1530,2026-10-02,0.1178082192,168.3256172123,172.5000000000,0.2800486226
daily,XOM,2026-08-20,1530,2026-10-02,0.1178082192,168.3256172123,175.0000000000,0.2762329159
daily,XOM,2026-08-20,1530,2026-10-02,0.1178082192,168.3256172123,180.0000000000,0.2790766255
daily,XOM,2026-08-20,1530,2026-10-16,0.1561643836,168.3352984775,135.0000000000,0.3177411434
daily,XOM,2026-08-20,1530,2026-10-16,0.1561643836,168.3352984775,140.0000000000,0.3082582937
daily,XOM,2026-08-20,1530,2026-10-16,0.1561643836,168.3352984775,145.0000000000,0.3009456166
daily,XOM,2026-08-20,1530,2026-10-16,0.1561643836,168.3352984775,150.0000000000,0.2940917581
daily,XOM,2026-08-20,1530,2026-10-16,0.1561643836,168.3352984775,155.0000000000,0.2910085857
daily,XOM,2026-08-20,1530,2026-10-16,0.1561643836,168.3352984775,160.0000000000,0.2878005759
daily,XOM,2026-08-20,1530,2026-10-16,0.1561643836,168.3352984775,165.0000000000,0.2851056122
daily,XOM,2026-08-20,1530,2026-10-16,0.1561643836,168.3352984775,170.0000000000,0.2835839925
daily,XOM,2026-08-20,1530,2026-10-16,0.1561643836,168.3352984775,175.0000000000,0.2826801047
daily,XOM,2026-08-20,1530,2026-10-16,0.1561643836,168.3352984775,180.0000000000,0.2833828838
daily,XOM,2026-08-20,1530,2026-10-16,0.1561643836,168.3352984775,185.0000000000,0.2843655890
daily,XOM,2026-08-20,1530,2026-10-16,0.1561643836,168.3352984775,190.0000000000,0.2862778658
daily,XOM,2026-08-20,1530,2026-10-16,0.1561643836,168.3352984775,195.0000000000,0.2893596036
daily,XOM,2026-08-20,1530,2026-10-16,0.1561643836,168.3352984775,200.0000000000,0.2914189195
daily,XOM,2026-08-20,1530,2026-11-20,0.2520547945,168.1958251359,135.0000000000,0.3165537229
daily,XOM,2026-08-20,1530,2026-11-20,0.2520547945,168.1958251359,140.0000000000,0.3117873007
daily,XOM,2026-08-20,1530,2026-11-20,0.2520547945,168.1958251359,145.0000000000,0.3050031602
daily,XOM,2026-08-20,1530,2026-11-20,0.2520547945,168.1958251359,150.0000000000,0.3021606296
daily,XOM,2026-08-20,1530,2026-11-20,0.2520547945,168.1958251359,155.0000000000,0.3010233362
daily,XOM,2026-08-20,1530,2026-11-20,0.2520547945,168.1958251359,160.0000000000,0.2981073537
daily,XOM,2026-08-20,1530,2026-11-20,0.2520547945,168.1958251359,165.0000000000,0.2964170325
daily,XOM,2026-08-20,1530,2026-11-20,0.2520547945,168.1958251359,170.0000000000,0.2927165373
daily,XOM,2026-08-20,1530,2026-11-20,0.2520547945,168.1958251359,175.0000000000,0.2911256003
daily,XOM,2026-08-20,1530,2026-11-20,0.2520547945,168.1958251359,180.0000000000,0.2916183105
daily,XOM,2026-08-20,1530,2026-11-20,0.2520547945,168.1958251359,185.0000000000,0.2908078143
daily,XOM,2026-08-20,1530,2026-11-20,0.2520547945,168.1958251359,190.0000000000,0.2916035617
daily,XOM,2026-08-20,1530,2026-11-20,0.2520547945,168.1958251359,195.0000000000,0.2921842207
daily,XOM,2026-08-20,1530,2026-11-20,0.2520547945,168.1958251359,200.0000000000,0.2950732267
daily,XOM,2026-08-20,1530,2026-12-18,0.3287671233,168.4702780365,130.0000000000,0.3211645635
daily,XOM,2026-08-20,1530,2026-12-18,0.3287671233,168.4702780365,135.0000000000,0.3150237541
daily,XOM,2026-08-20,1530,2026-12-18,0.3287671233,168.4702780365,140.0000000000,0.3067438449
daily,XOM,2026-08-20,1530,2026-12-18,0.3287671233,168.4702780365,145.0000000000,0.3044876685
daily,XOM,2026-08-20,1530,2026-12-18,0.3287671233,168.4702780365,150.0000000000,0.3013129610
daily,XOM,2026-08-20,1530,2026-12-18,0.3287671233,168.4702780365,155.0000000000,0.2975277611
daily,XOM,2026-08-20,1530,2026-12-18,0.3287671233,168.4702780365,160.0000000000,0.2935750132
daily,XOM,2026-08-20,1530,2026-12-18,0.3287671233,168.4702780365,165.0000000000,0.2916056014
daily,XOM,2026-08-20,1530,2026-12-18,0.3287671233,168.4702780365,170.0000000000,0.2876902751
daily,XOM,2026-08-20,1530,2026-12-18,0.3287671233,168.4702780365,175.0000000000,0.2862344083
daily,XOM,2026-08-20,1530,2026-12-18,0.3287671233,168.4702780365,180.0000000000,0.2857277228
daily,XOM,2026-08-20,1530,2026-12-18,0.3287671233,168.4702780365,185.0000000000,0.2861165325
daily,XOM,2026-08-20,1530,2026-12-18,0.3287671233,168.4702780365,190.0000000000,0.2867245714
daily,XOM,2026-08-20,1530,2026-12-18,0.3287671233,168.4702780365,195.0000000000,0.2870547628
daily,XOM,2026-08-20,1530,2026-12-18,0.3287671233,168.4702780365,200.0000000000,0.2884451739
daily,XOM,2026-08-20,1530,2026-12-18,0.3287671233,168.4702780365,210.0000000000,0.2945271228
daily,XOM,2026-08-20,1530,2026-12-18,0.3287671233,168.4702780365,220.0000000000,0.2992966341
daily,XOM,2026-08-20,1530,2026-12-18,0.3287671233,168.4702780365,230.0000000000,0.3073382186
daily,XOM,2026-08-20,1530,2027-01-15,0.4054794521,169.0388479357,120.0000000000,0.3393441942
daily,XOM,2026-08-20,1530,2027-01-15,0.4054794521,169.0388479357,125.0000000000,0.3279650057
daily,XOM,2026-08-20,1530,2027-01-15,0.4054794521,169.0388479357,130.0000000000,0.3208651196
daily,XOM,2026-08-20,1530,2027-01-15,0.4054794521,169.0388479357,135.0000000000,0.3139384978
daily,XOM,2026-08-20,1530,2027-01-15,0.4054794521,169.0388479357,140.0000000000,0.3084458925
daily,XOM,2026-08-20,1530,2027-01-15,0.4054794521,169.0388479357,145.0000000000,0.3035163324
daily,XOM,2026-08-20,1530,2027-01-15,0.4054794521,169.0388479357,150.0000000000,0.2971727763
daily,XOM,2026-08-20,1530,2027-01-15,0.4054794521,169.0388479357,155.0000000000,0.2943065298
daily,XOM,2026-08-20,1530,2027-01-15,0.4054794521,169.0388479357,160.0000000000,0.2915674866
daily,XOM,2026-08-20,1530,2027-01-15,0.4054794521,169.0388479357,165.0000000000,0.2866937130
daily,XOM,2026-08-20,1530,2027-01-15,0.4054794521,169.0388479357,170.0000000000,0.2856420035
daily,XOM,2026-08-20,1530,2027-01-15,0.4054794521,169.0388479357,175.0000000000,0.2828602791
daily,XOM,2026-08-20,1530,2027-01-15,0.4054794521,169.0388479357,180.0000000000,0.2844539151
daily,XOM,2026-08-20,1530,2027-01-15,0.4054794521,169.0388479357,185.0000000000,0.2817838325
daily,XOM,2026-08-20,1530,2027-01-15,0.4054794521,169.0388479357,190.0000000000,0.2837042280
daily,XOM,2026-08-20,1530,2027-01-15,0.4054794521,169.0388479357,195.0000000000,0.2846661977
daily,XOM,2026-08-20,1530,2027-01-15,0.4054794521,169.0388479357,200.0000000000,0.2853722986
daily,XOM,2026-08-20,1530,2027-01-15,0.4054794521,169.0388479357,210.0000000000,0.2890894294
daily,XOM,2026-08-20,1530,2027-01-15,0.4054794521,169.0388479357,220.0000000000,0.2957945744
daily,XOM,2026-08-20,1530,2027-01-15,0.4054794521,169.0388479357,230.0000000000,0.3047720698
daily,XOM,2026-08-20,1530,2027-03-19,0.5780821918,169.5090539698,115.0000000000,0.3398083270
daily,XOM,2026-08-20,1530,2027-03-19,0.5780821918,169.5090539698,120.0000000000,0.3297359797
daily,XOM,2026-08-20,1530,2027-03-19,0.5780821918,169.5090539698,125.0000000000,0.3203908627
daily,XOM,2026-08-20,1530,2027-03-19,0.5780821918,169.5090539698,130.0000000000,0.3181436682
daily,XOM,2026-08-20,1530,2027-03-19,0.5780821918,169.5090539698,135.0000000000,0.3113884913
daily,XOM,2026-08-20,1530,2027-03-19,0.5780821918,169.5090539698,140.0000000000,0.3090110707
daily,XOM,2026-08-20,1530,2027-03-19,0.5780821918,169.5090539698,145.0000000000,0.3016834240
daily,XOM,2026-08-20,1530,2027-03-19,0.5780821918,169.5090539698,150.0000000000,0.2968951157
daily,XOM,2026-08-20,1530,2027-03-19,0.5780821918,169.5090539698,155.0000000000,0.2930601575
daily,XOM,2026-08-20,1530,2027-03-19,0.5780821918,169.5090539698,160.0000000000,0.2914683038
daily,XOM,2026-08-20,1530,2027-03-19,0.5780821918,169.5090539698,165.0000000000,0.2844858906
daily,XOM,2026-08-20,1530,2027-03-19,0.5780821918,169.5090539698,170.0000000000,0.2834116943
daily,XOM,2026-08-20,1530,2027-03-19,0.5780821918,169.5090539698,175.0000000000,0.2839771782
daily,XOM,2026-08-20,1530,2027-03-19,0.5780821918,169.5090539698,180.0000000000,0.2825395757
daily,XOM,2026-08-20,1530,2027-03-19,0.5780821918,169.5090539698,185.0000000000,0.2856943510
daily,XOM,2026-08-20,1530,2027-03-19,0.5780821918,169.5090539698,190.0000000000,0.2844670253
daily,XOM,2026-08-20,1530,2027-03-19,0.5780821918,169.5090539698,195.0000000000,0.2824477123
daily,XOM,2026-08-20,1530,2027-03-19,0.5780821918,169.5090539698,200.0000000000,0.2846235970
daily,XOM,2026-08-20,1530,2027-03-19,0.5780821918,169.5090539698,210.0000000000,0.2859998496
daily,XOM,2026-08-20,1530,2027-03-19,0.5780821918,169.5090539698,220.0000000000,0.2893749806
daily,XOM,2026-08-20,1530,2027-03-19,0.5780821918,169.5090539698,250.0000000000,0.3039129958
daily,XOM,2026-08-20,1530,2027-04-16,0.6547945205,170.2035208118,115.4711470270,0.3192833667
daily,XOM,2026-08-20,1530,2027-04-16,0.6547945205,170.2035208118,120.4916316804,0.3098194051
daily,XOM,2026-08-20,1530,2027-04-16,0.6547945205,170.2035208118,125.5121163337,0.3010387480
daily,XOM,2026-08-20,1530,2027-04-16,0.6547945205,170.2035208118,130.5326009871,0.2989272876
daily,XOM,2026-08-20,1530,2027-04-16,0.6547945205,170.2035208118,135.5530856404,0.2925801340
daily,XOM,2026-08-20,1530,2027-04-16,0.6547945205,170.2035208118,150.0000000000,0.2912750364
daily,XOM,2026-08-20,1530,2027-04-16,0.6547945205,170.2035208118,165.0000000000,0.2889994336
daily,XOM,2026-08-20,1530,2027-04-16,0.6547945205,170.2035208118,170.0000000000,0.2825794818
daily,XOM,2026-08-20,1530,2027-04-16,0.6547945205,170.2035208118,175.0000000000,0.2822370860
daily,XOM,2026-08-20,1530,2027-04-16,0.6547945205,170.2035208118,180.0000000000,0.2774411627
daily,XOM,2026-08-20,1530,2027-04-16,0.6547945205,170.2035208118,200.0000000000,0.2792642811
daily,XOM,2026-08-20,1530,2027-04-16,0.6547945205,170.2035208118,251.0242326674,0.2855561703
daily,XOM,2026-08-20,1530,2027-06-17,0.8246575342,170.3424868534,110.0000000000,0.3352681419
daily,XOM,2026-08-20,1530,2027-06-17,0.8246575342,170.3424868534,115.0000000000,0.3286493760
daily,XOM,2026-08-20,1530,2027-06-17,0.8246575342,170.3424868534,120.0000000000,0.3212358919
daily,XOM,2026-08-20,1530,2027-06-17,0.8246575342,170.3424868534,125.0000000000,0.3157845363
daily,XOM,2026-08-20,1530,2027-06-17,0.8246575342,170.3424868534,130.0000000000,0.3102580047
daily,XOM,2026-08-20,1530,2027-06-17,0.8246575342,170.3424868534,135.0000000000,0.3067935519
daily,XOM,2026-08-20,1530,2027-06-17,0.8246575342,170.3424868534,140.0000000000,0.3013259657
daily,XOM,2026-08-20,1530,2027-06-17,0.8246575342,170.3424868534,145.0000000000,0.2968305825
daily,XOM,2026-08-20,1530,2027-06-17,0.8246575342,170.3424868534,150.0000000000,0.2940900058
daily,XOM,2026-08-20,1530,2027-06-17,0.8246575342,170.3424868534,155.0000000000,0.2925576517
daily,XOM,2026-08-20,1530,2027-06-17,0.8246575342,170.3424868534,160.0000000000,0.2879904341
daily,XOM,2026-08-20,1530,2027-06-17,0.8246575342,170.3424868534,165.0000000000,0.2863888837
daily,XOM,2026-08-20,1530,2027-06-17,0.8246575342,170.3424868534,170.0000000000,0.2810818602
daily,XOM,2026-08-20,1530,2027-06-17,0.8246575342,170.3424868534,175.0000000000,0.2831499831
daily,XOM,2026-08-20,1530,2027-06-17,0.8246575342,170.3424868534,180.0000000000,0.2817008730
daily,XOM,2026-08-20,1530,2027-06-17,0.8246575342,170.3424868534,185.0000000000,0.2839634267
daily,XOM,2026-08-20,1530,2027-06-17,0.8246575342,170.3424868534,190.0000000000,0.2831195963
daily,XOM,2026-08-20,1530,2027-06-17,0.8246575342,170.3424868534,195.0000000000,0.2831462022
daily,XOM,2026-08-20,1530,2027-06-17,0.8246575342,170.3424868534,200.0000000000,0.2802269365
daily,XOM,2026-08-20,1530,2027-06-17,0.8246575342,170.3424868534,210.0000000000,0.2832524024
daily,XOM,2026-08-20,1530,2027-06-17,0.8246575342,170.3424868534,220.0000000000,0.2841865691
daily,XOM,2026-08-20,1530,2027-06-17,0.8246575342,170.3424868534,230.0000000000,0.2876856160
daily,XOM,2026-08-20,1530,2027-06-17,0.8246575342,170.3424868534,250.0000000000,0.2922186574
daily,XOM,2026-08-20,1530,2027-06-17,0.8246575342,170.3424868534,260.0000000000,0.2987311778
daily,XOM,2026-08-20,1530,2027-09-17,1.0767123288,171.2235200669,115.0000000000,0.3241599791
daily,XOM,2026-08-20,1530,2027-09-17,1.0767123288,171.2235200669,130.0000000000,0.3073332463
daily,XOM,2026-08-20,1530,2027-09-17,1.0767123288,171.2235200669,135.0000000000,0.3032163792
daily,XOM,2026-08-20,1530,2027-09-17,1.0767123288,171.2235200669,140.0000000000,0.3020384528
daily,XOM,2026-08-20,1530,2027-09-17,1.0767123288,171.2235200669,145.0000000000,0.2974419923
daily,XOM,2026-08-20,1530,2027-09-17,1.0767123288,171.2235200669,150.0000000000,0.2919193775
daily,XOM,2026-08-20,1530,2027-09-17,1.0767123288,171.2235200669,155.0000000000,0.2837139075
daily,XOM,2026-08-20,1530,2027-09-17,1.0767123288,171.2235200669,160.0000000000,0.2842240047
daily,XOM,2026-08-20,1530,2027-09-17,1.0767123288,171.2235200669,165.0000000000,0.2816126823
daily,XOM,2026-08-20,1530,2027-09-17,1.0767123288,171.2235200669,170.0000000000,0.2826292396
daily,XOM,2026-08-20,1530,2027-09-17,1.0767123288,171.2235200669,175.0000000000,0.2808042859
daily,XOM,2026-08-20,1530,2027-09-17,1.0767123288,171.2235200669,180.0000000000,0.2840551310
daily,XOM,2026-08-20,1530,2027-09-17,1.0767123288,171.2235200669,185.0000000000,0.2847808921
daily,XOM,2026-08-20,1530,2027-09-17,1.0767123288,171.2235200669,190.0000000000,0.2831050558
daily,XOM,2026-08-20,1530,2027-09-17,1.0767123288,171.2235200669,195.0000000000,0.2827176436
daily,XOM,2026-08-20,1530,2027-09-17,1.0767123288,171.2235200669,200.0000000000,0.2800823174
daily,XOM,2026-08-20,1530,2027-09-17,1.0767123288,171.2235200669,210.0000000000,0.2836344196
daily,XOM,2026-08-20,1530,2027-09-17,1.0767123288,171.2235200669,230.0000000000,0.2845691517
daily,XOM,2026-08-20,1530,2027-09-17,1.0767123288,171.2235200669,240.0000000000,0.2868111741
daily,XOM,2026-08-20,1530,2027-12-17,1.3260273973,172.1959844689,105.0000000000,0.3294272070
daily,XOM,2026-08-20,1530,2027-12-17,1.3260273973,172.1959844689,110.0000000000,0.3227187796
daily,XOM,2026-08-20,1530,2027-12-17,1.3260273973,172.1959844689,115.0000000000,0.3177326158
daily,XOM,2026-08-20,1530,2027-12-17,1.3260273973,172.1959844689,120.0000000000,0.3131784766
daily,XOM,2026-08-20,1530,2027-12-17,1.3260273973,172.1959844689,125.0000000000,0.3078895928
daily,XOM,2026-08-20,1530,2027-12-17,1.3260273973,172.1959844689,130.0000000000,0.3046639779
daily,XOM,2026-08-20,1530,2027-12-17,1.3260273973,172.1959844689,135.0000000000,0.3019320923
daily,XOM,2026-08-20,1530,2027-12-17,1.3260273973,172.1959844689,140.0000000000,0.2979312475
daily,XOM,2026-08-20,1530,2027-12-17,1.3260273973,172.1959844689,145.0000000000,0.2952231961
daily,XOM,2026-08-20,1530,2027-12-17,1.3260273973,172.1959844689,150.0000000000,0.2911322588
daily,XOM,2026-08-20,1530,2027-12-17,1.3260273973,172.1959844689,155.0000000000,0.2913079536
daily,XOM,2026-08-20,1530,2027-12-17,1.3260273973,172.1959844689,160.0000000000,0.2888842213
daily,XOM,2026-08-20,1530,2027-12-17,1.3260273973,172.1959844689,165.0000000000,0.2872651295
daily,XOM,2026-08-20,1530,2027-12-17,1.3260273973,172.1959844689,170.0000000000,0.2871307540
daily,XOM,2026-08-20,1530,2027-12-17,1.3260273973,172.1959844689,175.0000000000,0.2847620905
daily,XOM,2026-08-20,1530,2027-12-17,1.3260273973,172.1959844689,180.0000000000,0.2843108838
daily,XOM,2026-08-20,1530,2027-12-17,1.3260273973,172.1959844689,185.0000000000,0.2849157473
daily,XOM,2026-08-20,1530,2027-12-17,1.3260273973,172.1959844689,190.0000000000,0.2835776112
daily,XOM,2026-08-20,1530,2027-12-17,1.3260273973,172.1959844689,195.0000000000,0.2803395397
daily,XOM,2026-08-20,1530,2027-12-17,1.3260273973,172.1959844689,200.0000000000,0.2810658697
daily,XOM,2026-08-20,1530,2027-12-17,1.3260273973,172.1959844689,210.0000000000,0.2813733271
daily,XOM,2026-08-20,1530,2027-12-17,1.3260273973,172.1959844689,220.0000000000,0.2847335766
daily,XOM,2026-08-20,1530,2027-12-17,1.3260273973,172.1959844689,230.0000000000,0.2826808757
daily,XOM,2026-08-20,1530,2027-12-17,1.3260273973,172.1959844689,240.0000000000,0.2832964368
daily,XOM,2026-08-20,1530,2027-12-17,1.3260273973,172.1959844689,250.0000000000,0.2853125079
daily,XOM,2026-08-20,1530,2027-12-17,1.3260273973,172.1959844689,260.0000000000,0.2901119977
daily,XOM,2026-08-20,1530,2028-01-21,1.4219178082,172.8423679757,105.0000000000,0.3274325289
daily,XOM,2026-08-20,1530,2028-01-21,1.4219178082,172.8423679757,110.0000000000,0.3221665180
daily,XOM,2026-08-20,1530,2028-01-21,1.4219178082,172.8423679757,115.0000000000,0.3165340884
daily,XOM,2026-08-20,1530,2028-01-21,1.4219178082,172.8423679757,120.0000000000,0.3123101814
daily,XOM,2026-08-20,1530,2028-01-21,1.4219178082,172.8423679757,125.0000000000,0.3082730739
daily,XOM,2026-08-20,1530,2028-01-21,1.4219178082,172.8423679757,130.0000000000,0.3051318775
daily,XOM,2026-08-20,1530,2028-01-21,1.4219178082,172.8423679757,135.0000000000,0.3007013623
daily,XOM,2026-08-20,1530,2028-01-21,1.4219178082,172.8423679757,140.0000000000,0.2977127381
daily,XOM,2026-08-20,1530,2028-01-21,1.4219178082,172.8423679757,145.0000000000,0.2949387495
daily,XOM,2026-08-20,1530,2028-01-21,1.4219178082,172.8423679757,150.0000000000,0.2939202647
daily,XOM,2026-08-20,1530,2028-01-21,1.4219178082,172.8423679757,155.0000000000,0.2922059470
daily,XOM,2026-08-20,1530,2028-01-21,1.4219178082,172.8423679757,160.0000000000,0.2882345424
daily,XOM,2026-08-20,1530,2028-01-21,1.4219178082,172.8423679757,165.0000000000,0.2862985365
daily,XOM,2026-08-20,1530,2028-01-21,1.4219178082,172.8423679757,170.0000000000,0.2853745145
daily,XOM,2026-08-20,1530,2028-01-21,1.4219178082,172.8423679757,175.0000000000,0.2840709100
daily,XOM,2026-08-20,1530,2028-01-21,1.4219178082,172.8423679757,180.0000000000,0.2850324601
daily,XOM,2026-08-20,1530,2028-01-21,1.4219178082,172.8423679757,185.0000000000,0.2840841094
daily,XOM,2026-08-20,1530,2028-01-21,1.4219178082,172.8423679757,190.0000000000,0.2838440115
daily,XOM,2026-08-20,1530,2028-01-21,1.4219178082,172.8423679757,195.0000000000,0.2840308455
daily,XOM,2026-08-20,1530,2028-01-21,1.4219178082,172.8423679757,200.0000000000,0.2841564779
daily,XOM,2026-08-20,1530,2028-01-21,1.4219178082,172.8423679757,210.0000000000,0.2804691522
daily,XOM,2026-08-20,1530,2028-01-21,1.4219178082,172.8423679757,220.0000000000,0.2782004458
daily,XOM,2026-08-20,1530,2028-01-21,1.4219178082,172.8423679757,230.0000000000,0.2827329927
daily,XOM,2026-08-20,1530,2028-01-21,1.4219178082,172.8423679757,240.0000000000,0.2836132317
daily,XOM,2026-08-20,1530,2028-01-21,1.4219178082,172.8423679757,250.0000000000,0.2833468006
daily,XOM,2026-08-20,1530,2028-01-21,1.4219178082,172.8423679757,260.0000000000,0.2835304681
daily,XOM,2026-08-21,1530,2026-08-28,0.0191780822,165.4456671312,150.0000000000,0.3343401997
daily,XOM,2026-08-21,1530,2026-08-28,0.0191780822,165.4456671312,155.0000000000,0.3033984331
daily,XOM,2026-08-21,1530,2026-08-28,0.0191780822,165.4456671312,157.5000000000,0.2935863366
daily,XOM,2026-08-21,1530,2026-08-28,0.0191780822,165.4456671312,160.0000000000,0.2809440849
daily,XOM,2026-08-21,1530,2026-08-28,0.0191780822,165.4456671312,162.5000000000,0.2718004960
daily,XOM,2026-08-21,1530,2026-08-28,0.0191780822,165.4456671312,165.0000000000,0.2648613330
daily,XOM,2026-08-21,1530,2026-08-28,0.0191780822,165.4456671312,167.5000000000,0.2626587449
daily,XOM,2026-08-21,1530,2026-08-28,0.0191780822,165.4456671312,170.0000000000,0.2676250319
daily,XOM,2026-08-21,1530,2026-08-28,0.0191780822,165.4456671312,172.5000000000,0.2720243056
daily,XOM,2026-08-21,1530,2026-08-28,0.0191780822,165.4456671312,175.0000000000,0.2866138891
daily,XOM,2026-08-21,1530,2026-09-04,0.0383561644,165.5864706731,155.0000000000,0.2913123141
daily,XOM,2026-08-21,1530,2026-09-04,0.0383561644,165.5864706731,157.5000000000,0.2830269644
daily,XOM,2026-08-21,1530,2026-09-04,0.0383561644,165.5864706731,160.0000000000,0.2776158461
daily,XOM,2026-08-21,1530,2026-09-04,0.0383561644,165.5864706731,162.5000000000,0.2743726233
daily,XOM,2026-08-21,1530,2026-09-04,0.0383561644,165.5864706731,165.0000000000,0.2732658067
daily,XOM,2026-08-21,1530,2026-09-04,0.0383561644,165.5864706731,167.5000000000,0.2719220638
daily,XOM,2026-08-21,1530,2026-09-04,0.0383561644,165.5864706731,170.0000000000,0.2678572721
daily,XOM,2026-08-21,1530,2026-09-04,0.0383561644,165.5864706731,172.5000000000,0.2686232708
daily,XOM,2026-08-21,1530,2026-09-11,0.0575342466,165.6258589582,155.0000000000,0.2767604374
daily,XOM,2026-08-21,1530,2026-09-11,0.0575342466,165.6258589582,157.5000000000,0.2734371470
daily,XOM,2026-08-21,1530,2026-09-11,0.0575342466,165.6258589582,160.0000000000,0.2728283652
daily,XOM,2026-08-21,1530,2026-09-11,0.0575342466,165.6258589582,162.5000000000,0.2693752978
daily,XOM,2026-08-21,1530,2026-09-11,0.0575342466,165.6258589582,165.0000000000,0.2686075369
daily,XOM,2026-08-21,1530,2026-09-11,0.0575342466,165.6258589582,167.5000000000,0.2701348823
daily,XOM,2026-08-21,1530,2026-09-11,0.0575342466,165.6258589582,170.0000000000,0.2694298707
daily,XOM,2026-08-21,1530,2026-09-11,0.0575342466,165.6258589582,172.5000000000,0.2677562680
daily,XOM,2026-08-21,1530,2026-09-11,0.0575342466,165.6258589582,175.0000000000,0.2660105946
daily,XOM,2026-08-21,1530,2026-09-18,0.0767123288,165.7203319125,145.0000000000,0.3104476477
daily,XOM,2026-08-21,1530,2026-09-18,0.0767123288,165.7203319125,150.0000000000,0.2989755067
daily,XOM,2026-08-21,1530,2026-09-18,0.0767123288,165.7203319125,155.0000000000,0.2883065571
daily,XOM,2026-08-21,1530,2026-09-18,0.0767123288,165.7203319125,160.0000000000,0.2798785070
daily,XOM,2026-08-21,1530,2026-09-18,0.0767123288,165.7203319125,165.0000000000,0.2732657972
daily,XOM,2026-08-21,1530,2026-09-18,0.0767123288,165.7203319125,170.0000000000,0.2731077550
daily,XOM,2026-08-21,1530,2026-09-18,0.0767123288,165.7203319125,175.0000000000,0.2719021816
daily,XOM,2026-08-21,1530,2026-09-18,0.0767123288,165.7203319125,180.0000000000,0.2747279494
daily,XOM,2026-08-21,1530,2026-09-18,0.0767123288,165.7203319125,185.0000000000,0.2806115645
daily,XOM,2026-08-21,1530,2026-09-18,0.0767123288,165.7203319125,190.0000000000,0.2914394564
daily,XOM,2026-08-21,1530,2026-09-18,0.0767123288,165.7203319125,200.0000000000,0.3160992588
daily,XOM,2026-08-21,1530,2026-09-25,0.0958904110,165.8279130056,157.5000000000,0.2838402647
daily,XOM,2026-08-21,1530,2026-09-25,0.0958904110,165.8279130056,160.0000000000,0.2777280855
daily,XOM,2026-08-21,1530,2026-09-25,0.0958904110,165.8279130056,162.5000000000,0.2778154918
daily,XOM,2026-08-21,1530,2026-09-25,0.0958904110,165.8279130056,165.0000000000,0.2800237665
daily,XOM,2026-08-21,1530,2026-09-25,0.0958904110,165.8279130056,167.5000000000,0.2736462369
daily,XOM,2026-08-21,1530,2026-09-25,0.0958904110,165.8279130056,170.0000000000,0.2764565399
daily,XOM,2026-08-21,1530,2026-09-25,0.0958904110,165.8279130056,172.5000000000,0.2721383525
daily,XOM,2026-08-21,1530,2026-09-25,0.0958904110,165.8279130056,175.0000000000,0.2778660589
daily,XOM,2026-08-21,1530,2026-09-25,0.0958904110,165.8279130056,177.5000000000,0.2762558760
daily,XOM,2026-08-21,1530,2026-09-25,0.0958904110,165.8279130056,200.1298345133,0.2827277722
daily,XOM,2026-08-21,1530,2026-10-02,0.1150684932,165.9933789193,150.0000000000,0.2913021099
daily,XOM,2026-08-21,1530,2026-10-02,0.1150684932,165.9933789193,152.5000000000,0.2908767504
daily,XOM,2026-08-21,1530,2026-10-02,0.1150684932,165.9933789193,155.0000000000,0.2849909645
daily,XOM,2026-08-21,1530,2026-10-02,0.1150684932,165.9933789193,157.5000000000,0.2813587710
daily,XOM,2026-08-21,1530,2026-10-02,0.1150684932,165.9933789193,160.0000000000,0.2828023626
daily,XOM,2026-08-21,1530,2026-10-02,0.1150684932,165.9933789193,162.5000000000,0.2769782269
daily,XOM,2026-08-21,1530,2026-10-02,0.1150684932,165.9933789193,165.0000000000,0.2741935462
daily,XOM,2026-08-21,1530,2026-10-02,0.1150684932,165.9933789193,167.5000000000,0.2755472028
daily,XOM,2026-08-21,1530,2026-10-02,0.1150684932,165.9933789193,170.0000000000,0.2767280495
daily,XOM,2026-08-21,1530,2026-10-02,0.1150684932,165.9933789193,172.5000000000,0.2781177342
daily,XOM,2026-08-21,1530,2026-10-16,0.1534246575,166.2991874909,140.0000000000,0.3086572713
daily,XOM,2026-08-21,1530,2026-10-16,0.1534246575,166.2991874909,145.0000000000,0.3030986664
daily,XOM,2026-08-21,1530,2026-10-16,0.1534246575,166.2991874909,150.0000000000,0.2937291134
daily,XOM,2026-08-21,1530,2026-10-16,0.1534246575,166.2991874909,155.0000000000,0.2874588284
daily,XOM,2026-08-21,1530,2026-10-16,0.1534246575,166.2991874909,160.0000000000,0.2845855002
daily,XOM,2026-08-21,1530,2026-10-16,0.1534246575,166.2991874909,165.0000000000,0.2792906971
daily,XOM,2026-08-21,1530,2026-10-16,0.1534246575,166.2991874909,170.0000000000,0.2791023084
daily,XOM,2026-08-21,1530,2026-10-16,0.1534246575,166.2991874909,175.0000000000,0.2786758616
daily,XOM,2026-08-21,1530,2026-10-16,0.1534246575,166.2991874909,180.0000000000,0.2800021576
daily,XOM,2026-08-21,1530,2026-10-16,0.1534246575,166.2991874909,185.0000000000,0.2822240932
daily,XOM,2026-08-21,1530,2026-10-16,0.1534246575,166.2991874909,190.0000000000,0.2837846120
daily,XOM,2026-08-21,1530,2026-10-16,0.1534246575,166.2991874909,195.0000000000,0.2897856021
daily,XOM,2026-08-21,1530,2026-10-16,0.1534246575,166.2991874909,200.0000000000,0.2962773330
daily,XOM,2026-08-21,1530,2026-11-20,0.2493150685,166.1176178189,130.0000000000,0.3293957239
daily,XOM,2026-08-21,1530,2026-11-20,0.2493150685,166.1176178189,135.0000000000,0.3202424387
daily,XOM,2026-08-21,1530,2026-11-20,0.2493150685,166.1176178189,140.0000000000,0.3160604393
daily,XOM,2026-08-21,1530,2026-11-20,0.2493150685,166.1176178189,145.0000000000,0.3081952816
daily,XOM,2026-08-21,1530,2026-11-20,0.2493150685,166.1176178189,150.0000000000,0.3047645662
daily,XOM,2026-08-21,1530,2026-11-20,0.2493150685,166.1176178189,155.0000000000,0.3002129517
daily,XOM,2026-08-21,1530,2026-11-20,0.2493150685,166.1176178189,160.0000000000,0.2976797001
daily,XOM,2026-08-21,1530,2026-11-20,0.2493150685,166.1176178189,165.0000000000,0.2949408396
daily,XOM,2026-08-21,1530,2026-11-20,0.2493150685,166.1176178189,170.0000000000,0.2935876436
daily,XOM,2026-08-21,1530,2026-11-20,0.2493150685,166.1176178189,175.0000000000,0.2914602845
daily,XOM,2026-08-21,1530,2026-11-20,0.2493150685,166.1176178189,180.0000000000,0.2898603255
daily,XOM,2026-08-21,1530,2026-11-20,0.2493150685,166.1176178189,185.0000000000,0.2907658682
daily,XOM,2026-08-21,1530,2026-11-20,0.2493150685,166.1176178189,190.0000000000,0.2915779910
daily,XOM,2026-08-21,1530,2026-11-20,0.2493150685,166.1176178189,195.0000000000,0.2981420301
daily,XOM,2026-08-21,1530,2026-11-20,0.2493150685,166.1176178189,200.0000000000,0.2973375170
daily,XOM,2026-08-21,1530,2026-12-18,0.3260273973,166.2792394924,120.0000000000,0.3402742658
daily,XOM,2026-08-21,1530,2026-12-18,0.3260273973,166.2792394924,130.0000000000,0.3224238912
daily,XOM,2026-08-21,1530,2026-12-18,0.3260273973,166.2792394924,135.0000000000,0.3181629647
daily,XOM,2026-08-21,1530,2026-12-18,0.3260273973,166.2792394924,140.0000000000,0.3113563041
daily,XOM,2026-08-21,1530,2026-12-18,0.3260273973,166.2792394924,145.0000000000,0.3041964898
daily,XOM,2026-08-21,1530,2026-12-18,0.3260273973,166.2792394924,150.0000000000,0.2992912537
daily,XOM,2026-08-21,1530,2026-12-18,0.3260273973,166.2792394924,155.0000000000,0.2971668428
daily,XOM,2026-08-21,1530,2026-12-18,0.3260273973,166.2792394924,160.0000000000,0.2930658790
daily,XOM,2026-08-21,1530,2026-12-18,0.3260273973,166.2792394924,165.0000000000,0.2923743043
daily,XOM,2026-08-21,1530,2026-12-18,0.3260273973,166.2792394924,170.0000000000,0.2899654299
daily,XOM,2026-08-21,1530,2026-12-18,0.3260273973,166.2792394924,175.0000000000,0.2896639011
daily,XOM,2026-08-21,1530,2026-12-18,0.3260273973,166.2792394924,180.0000000000,0.2871762283
daily,XOM,2026-08-21,1530,2026-12-18,0.3260273973,166.2792394924,185.0000000000,0.2861644399
daily,XOM,2026-08-21,1530,2026-12-18,0.3260273973,166.2792394924,190.0000000000,0.2887340359
daily,XOM,2026-08-21,1530,2026-12-18,0.3260273973,166.2792394924,195.0000000000,0.2890243688
daily,XOM,2026-08-21,1530,2026-12-18,0.3260273973,166.2792394924,200.0000000000,0.2946993666
daily,XOM,2026-08-21,1530,2027-01-15,0.4027397260,166.7939992854,120.0000000000,0.3371059214
daily,XOM,2026-08-21,1530,2027-01-15,0.4027397260,166.7939992854,125.0000000000,0.3268795908
daily,XOM,2026-08-21,1530,2027-01-15,0.4027397260,166.7939992854,130.0000000000,0.3224076780
daily,XOM,2026-08-21,1530,2027-01-15,0.4027397260,166.7939992854,135.0000000000,0.3128993162
daily,XOM,2026-08-21,1530,2027-01-15,0.4027397260,166.7939992854,140.0000000000,0.3072250445
daily,XOM,2026-08-21,1530,2027-01-15,0.4027397260,166.7939992854,145.0000000000,0.2983597174
daily,XOM,2026-08-21,1530,2027-01-15,0.4027397260,166.7939992854,150.0000000000,0.2981583304
daily,XOM,2026-08-21,1530,2027-01-15,0.4027397260,166.7939992854,155.0000000000,0.2922338867
daily,XOM,2026-08-21,1530,2027-01-15,0.4027397260,166.7939992854,160.0000000000,0.2889220754
daily,XOM,2026-08-21,1530,2027-01-15,0.4027397260,166.7939992854,165.0000000000,0.2888551555
daily,XOM,2026-08-21,1530,2027-01-15,0.4027397260,166.7939992854,170.0000000000,0.2856547502
daily,XOM,2026-08-21,1530,2027-01-15,0.4027397260,166.7939992854,175.0000000000,0.2852072262
daily,XOM,2026-08-21,1530,2027-01-15,0.4027397260,166.7939992854,180.0000000000,0.2844024419
daily,XOM,2026-08-21,1530,2027-01-15,0.4027397260,166.7939992854,185.0000000000,0.2836126326
daily,XOM,2026-08-21,1530,2027-01-15,0.4027397260,166.7939992854,190.0000000000,0.2845375068
daily,XOM,2026-08-21,1530,2027-01-15,0.4027397260,166.7939992854,195.0000000000,0.2878768810
daily,XOM,2026-08-21,1530,2027-01-15,0.4027397260,166.7939992854,200.0000000000,0.2897813955
daily,XOM,2026-08-21,1530,2027-01-15,0.4027397260,166.7939992854,210.0000000000,0.2947509655
daily,XOM,2026-08-21,1530,2027-03-19,0.5753424658,167.0741781063,115.0000000000,0.3366254802
daily,XOM,2026-08-21,1530,2027-03-19,0.5753424658,167.0741781063,120.0000000000,0.3311824272
daily,XOM,2026-08-21,1530,2027-03-19,0.5753424658,167.0741781063,125.0000000000,0.3258467793
daily,XOM,2026-08-21,1530,2027-03-19,0.5753424658,167.0741781063,130.0000000000,0.3176446747
daily,XOM,2026-08-21,1530,2027-03-19,0.5753424658,167.0741781063,135.0000000000,0.3126382078
daily,XOM,2026-08-21,1530,2027-03-19,0.5753424658,167.0741781063,140.0000000000,0.3084429003
daily,XOM,2026-08-21,1530,2027-03-19,0.5753424658,167.0741781063,145.0000000000,0.3040048935
daily,XOM,2026-08-21,1530,2027-03-19,0.5753424658,167.0741781063,150.0000000000,0.3007430497
daily,XOM,2026-08-21,1530,2027-03-19,0.5753424658,167.0741781063,155.0000000000,0.2991652354
daily,XOM,2026-08-21,1530,2027-03-19,0.5753424658,167.0741781063,160.0000000000,0.2945872795
daily,XOM,2026-08-21,1530,2027-03-19,0.5753424658,167.0741781063,165.0000000000,0.2933690492
daily,XOM,2026-08-21,1530,2027-03-19,0.5753424658,167.0741781063,170.0000000000,0.2887438172
daily,XOM,2026-08-21,1530,2027-03-19,0.5753424658,167.0741781063,175.0000000000,0.2878303682
daily,XOM,2026-08-21,1530,2027-03-19,0.5753424658,167.0741781063,180.0000000000,0.2860573472
daily,XOM,2026-08-21,1530,2027-03-19,0.5753424658,167.0741781063,185.0000000000,0.2858562067
daily,XOM,2026-08-21,1530,2027-03-19,0.5753424658,167.0741781063,190.0000000000,0.2853254868
daily,XOM,2026-08-21,1530,2027-03-19,0.5753424658,167.0741781063,195.0000000000,0.2895216528
daily,XOM,2026-08-21,1530,2027-03-19,0.5753424658,167.0741781063,200.0000000000,0.2900722605
daily,XOM,2026-08-21,1530,2027-03-19,0.5753424658,167.0741781063,210.0000000000,0.2914260486
daily,XOM,2026-08-21,1530,2027-03-19,0.5753424658,167.0741781063,220.0000000000,0.2945326654
daily,XOM,2026-08-21,1530,2027-03-19,0.5753424658,167.0741781063,230.0000000000,0.3002039215
daily,XOM,2026-08-21,1530,2027-04-16,0.6520547945,167.8645726421,115.5440420096,0.3162045790
daily,XOM,2026-08-21,1530,2027-04-16,0.6520547945,167.8645726421,120.5676960100,0.3110917210
daily,XOM,2026-08-21,1530,2027-04-16,0.6520547945,167.8645726421,135.0000000000,0.3077511440
daily,XOM,2026-08-21,1530,2027-04-16,0.6520547945,167.8645726421,140.0000000000,0.3062352490
daily,XOM,2026-08-21,1530,2027-04-16,0.6520547945,167.8645726421,145.0000000000,0.3016172575
daily,XOM,2026-08-21,1530,2027-04-16,0.6520547945,167.8645726421,150.0000000000,0.2927504716
daily,XOM,2026-08-21,1530,2027-04-16,0.6520547945,167.8645726421,155.0000000000,0.2922063025
daily,XOM,2026-08-21,1530,2027-04-16,0.6520547945,167.8645726421,160.0000000000,0.2865494468
daily,XOM,2026-08-21,1530,2027-04-16,0.6520547945,167.8645726421,165.0000000000,0.2883871867
daily,XOM,2026-08-21,1530,2027-04-16,0.6520547945,167.8645726421,170.0000000000,0.2853361290
daily,XOM,2026-08-21,1530,2027-04-16,0.6520547945,167.8645726421,175.0000000000,0.2904707663
daily,XOM,2026-08-21,1530,2027-04-16,0.6520547945,167.8645726421,180.0000000000,0.2913100008
daily,XOM,2026-08-21,1530,2027-04-16,0.6520547945,167.8645726421,185.0000000000,0.2913334568
daily,XOM,2026-08-21,1530,2027-04-16,0.6520547945,167.8645726421,190.0000000000,0.2907547007
daily,XOM,2026-08-21,1530,2027-04-16,0.6520547945,167.8645726421,195.0000000000,0.2913255821
daily,XOM,2026-08-21,1530,2027-04-16,0.6520547945,167.8645726421,200.0000000000,0.2891218611
daily,XOM,2026-08-21,1530,2027-06-17,0.8219178082,168.4376305635,115.0000000000,0.3296911753
daily,XOM,2026-08-21,1530,2027-06-17,0.8219178082,168.4376305635,120.0000000000,0.3245969318
daily,XOM,2026-08-21,1530,2027-06-17,0.8219178082,168.4376305635,125.0000000000,0.3154157664
daily,XOM,2026-08-21,1530,2027-06-17,0.8219178082,168.4376305635,130.0000000000,0.3123244686
daily,XOM,2026-08-21,1530,2027-06-17,0.8219178082,168.4376305635,135.0000000000,0.3089196153
daily,XOM,2026-08-21,1530,2027-06-17,0.8219178082,168.4376305635,140.0000000000,0.3015120661
daily,XOM,2026-08-21,1530,2027-06-17,0.8219178082,168.4376305635,145.0000000000,0.3018508675
daily,XOM,2026-08-21,1530,2027-06-17,0.8219178082,168.4376305635,150.0000000000,0.3019405297
daily,XOM,2026-08-21,1530,2027-06-17,0.8219178082,168.4376305635,155.0000000000,0.2978051219
daily,XOM,2026-08-21,1530,2027-06-17,0.8219178082,168.4376305635,160.0000000000,0.2900219059
daily,XOM,2026-08-21,1530,2027-06-17,0.8219178082,168.4376305635,165.0000000000,0.2878098284
daily,XOM,2026-08-21,1530,2027-06-17,0.8219178082,168.4376305635,170.0000000000,0.2827454490
daily,XOM,2026-08-21,1530,2027-06-17,0.8219178082,168.4376305635,175.0000000000,0.2842736150
daily,XOM,2026-08-21,1530,2027-06-17,0.8219178082,168.4376305635,180.0000000000,0.2822874203
daily,XOM,2026-08-21,1530,2027-06-17,0.8219178082,168.4376305635,185.0000000000,0.2840726993
daily,XOM,2026-08-21,1530,2027-06-17,0.8219178082,168.4376305635,190.0000000000,0.2827246931
daily,XOM,2026-08-21,1530,2027-06-17,0.8219178082,168.4376305635,195.0000000000,0.2824915781
daily,XOM,2026-08-21,1530,2027-06-17,0.8219178082,168.4376305635,200.0000000000,0.2857127815
daily,XOM,2026-08-21,1530,2027-06-17,0.8219178082,168.4376305635,210.0000000000,0.2895868901
daily,XOM,2026-08-21,1530,2027-06-17,0.8219178082,168.4376305635,220.0000000000,0.2921259329
daily,XOM,2026-08-21,1530,2027-06-17,0.8219178082,168.4376305635,230.0000000000,0.2886100345
daily,XOM,2026-08-21,1530,2027-06-17,0.8219178082,168.4376305635,240.0000000000,0.2951929208
daily,XOM,2026-08-21,1530,2027-06-17,0.8219178082,168.4376305635,250.0000000000,0.2961540548
daily,XOM,2026-08-21,1530,2027-09-17,1.0739726027,168.9805861765,115.0000000000,0.3235201220
daily,XOM,2026-08-21,1530,2027-09-17,1.0739726027,168.9805861765,120.0000000000,0.3171363549
daily,XOM,2026-08-21,1530,2027-09-17,1.0739726027,168.9805861765,125.0000000000,0.3087812133
daily,XOM,2026-08-21,1530,2027-09-17,1.0739726027,168.9805861765,130.0000000000,0.3065945056
daily,XOM,2026-08-21,1530,2027-09-17,1.0739726027,168.9805861765,135.0000000000,0.3022897833
daily,XOM,2026-08-21,1530,2027-09-17,1.0739726027,168.9805861765,140.0000000000,0.2986313630
daily,XOM,2026-08-21,1530,2027-09-17,1.0739726027,168.9805861765,145.0000000000,0.2918716009
daily,XOM,2026-08-21,1530,2027-09-17,1.0739726027,168.9805861765,150.0000000000,0.2932647606
daily,XOM,2026-08-21,1530,2027-09-17,1.0739726027,168.9805861765,155.0000000000,0.2911566848
daily,XOM,2026-08-21,1530,2027-09-17,1.0739726027,168.9805861765,160.0000000000,0.2882863581
daily,XOM,2026-08-21,1530,2027-09-17,1.0739726027,168.9805861765,165.0000000000,0.2880004400
daily,XOM,2026-08-21,1530,2027-09-17,1.0739726027,168.9805861765,170.0000000000,0.2848137562
daily,XOM,2026-08-21,1530,2027-09-17,1.0739726027,168.9805861765,175.0000000000,0.2894387847
daily,XOM,2026-08-21,1530,2027-09-17,1.0739726027,168.9805861765,180.0000000000,0.2914055637
daily,XOM,2026-08-21,1530,2027-09-17,1.0739726027,168.9805861765,185.0000000000,0.2909049502
daily,XOM,2026-08-21,1530,2027-09-17,1.0739726027,168.9805861765,190.0000000000,0.2912048373
daily,XOM,2026-08-21,1530,2027-09-17,1.0739726027,168.9805861765,195.0000000000,0.2892475954
daily,XOM,2026-08-21,1530,2027-09-17,1.0739726027,168.9805861765,200.0000000000,0.2849836693
daily,XOM,2026-08-21,1530,2027-12-17,1.3232876712,170.2651499495,105.0000000000,0.3328179155
daily,XOM,2026-08-21,1530,2027-12-17,1.3232876712,170.2651499495,110.0000000000,0.3253832922
daily,XOM,2026-08-21,1530,2027-12-17,1.3232876712,170.2651499495,115.0000000000,0.3174413489
daily,XOM,2026-08-21,1530,2027-12-17,1.3232876712,170.2651499495,120.0000000000,0.3156146648
daily,XOM,2026-08-21,1530,2027-12-17,1.3232876712,170.2651499495,125.0000000000,0.3105036945
daily,XOM,2026-08-21,1530,2027-12-17,1.3232876712,170.2651499495,130.0000000000,0.3046826077
daily,XOM,2026-08-21,1530,2027-12-17,1.3232876712,170.2651499495,135.0000000000,0.3025522725
daily,XOM,2026-08-21,1530,2027-12-17,1.3232876712,170.2651499495,140.0000000000,0.2997134392
daily,XOM,2026-08-21,1530,2027-12-17,1.3232876712,170.2651499495,145.0000000000,0.2980819628
daily,XOM,2026-08-21,1530,2027-12-17,1.3232876712,170.2651499495,150.0000000000,0.2944207040
daily,XOM,2026-08-21,1530,2027-12-17,1.3232876712,170.2651499495,155.0000000000,0.2933227511
daily,XOM,2026-08-21,1530,2027-12-17,1.3232876712,170.2651499495,160.0000000000,0.2897346146
daily,XOM,2026-08-21,1530,2027-12-17,1.3232876712,170.2651499495,165.0000000000,0.2860752342
daily,XOM,2026-08-21,1530,2027-12-17,1.3232876712,170.2651499495,170.0000000000,0.2869798318
daily,XOM,2026-08-21,1530,2027-12-17,1.3232876712,170.2651499495,175.0000000000,0.2856053724
daily,XOM,2026-08-21,1530,2027-12-17,1.3232876712,170.2651499495,180.0000000000,0.2849301134
daily,XOM,2026-08-21,1530,2027-12-17,1.3232876712,170.2651499495,185.0000000000,0.2845298308
daily,XOM,2026-08-21,1530,2027-12-17,1.3232876712,170.2651499495,190.0000000000,0.2853277228
daily,XOM,2026-08-21,1530,2027-12-17,1.3232876712,170.2651499495,195.0000000000,0.2842824356
daily,XOM,2026-08-21,1530,2027-12-17,1.3232876712,170.2651499495,200.0000000000,0.2839965496
daily,XOM,2026-08-21,1530,2027-12-17,1.3232876712,170.2651499495,210.0000000000,0.2826613046
daily,XOM,2026-08-21,1530,2027-12-17,1.3232876712,170.2651499495,220.0000000000,0.2854900099
daily,XOM,2026-08-21,1530,2027-12-17,1.3232876712,170.2651499495,230.0000000000,0.2873032968
daily,XOM,2026-08-21,1530,2027-12-17,1.3232876712,170.2651499495,240.0000000000,0.2874905969
daily,XOM,2026-08-21,1530,2027-12-17,1.3232876712,170.2651499495,250.0000000000,0.2899201513
daily,XOM,2026-08-21,1530,2028-01-21,1.4191780822,170.3692853995,105.0000000000,0.3269670573
daily,XOM,2026-08-21,1530,2028-01-21,1.4191780822,170.3692853995,110.0000000000,0.3223104490
daily,XOM,2026-08-21,1530,2028-01-21,1.4191780822,170.3692853995,115.0000000000,0.3148966905
daily,XOM,2026-08-21,1530,2028-01-21,1.4191780822,170.3692853995,120.0000000000,0.3095069908
daily,XOM,2026-08-21,1530,2028-01-21,1.4191780822,170.3692853995,125.0000000000,0.3080895451
daily,XOM,2026-08-21,1530,2028-01-21,1.4191780822,170.3692853995,130.0000000000,0.3044836576
daily,XOM,2026-08-21,1530,2028-01-21,1.4191780822,170.3692853995,135.0000000000,0.2983645210
daily,XOM,2026-08-21,1530,2028-01-21,1.4191780822,170.3692853995,140.0000000000,0.2985332610
daily,XOM,2026-08-21,1530,2028-01-21,1.4191780822,170.3692853995,145.0000000000,0.2958641054
daily,XOM,2026-08-21,1530,2028-01-21,1.4191780822,170.3692853995,150.0000000000,0.2908250806
daily,XOM,2026-08-21,1530,2028-01-21,1.4191780822,170.3692853995,155.0000000000,0.2910235676
daily,XOM,2026-08-21,1530,2028-01-21,1.4191780822,170.3692853995,160.0000000000,0.2887788429
daily,XOM,2026-08-21,1530,2028-01-21,1.4191780822,170.3692853995,165.0000000000,0.2874885108
daily,XOM,2026-08-21,1530,2028-01-21,1.4191780822,170.3692853995,170.0000000000,0.2840514001
daily,XOM,2026-08-21,1530,2028-01-21,1.4191780822,170.3692853995,175.0000000000,0.2851982151
daily,XOM,2026-08-21,1530,2028-01-21,1.4191780822,170.3692853995,180.0000000000,0.2843193735
daily,XOM,2026-08-21,1530,2028-01-21,1.4191780822,170.3692853995,185.0000000000,0.2861836577
daily,XOM,2026-08-21,1530,2028-01-21,1.4191780822,170.3692853995,190.0000000000,0.2862548704
daily,XOM,2026-08-21,1530,2028-01-21,1.4191780822,170.3692853995,195.0000000000,0.2845979517
daily,XOM,2026-08-21,1530,2028-01-21,1.4191780822,170.3692853995,200.0000000000,0.2812180268
daily,XOM,2026-08-21,1530,2028-01-21,1.4191780822,170.3692853995,210.0000000000,0.2853008724
daily,XOM,2026-08-21,1530,2028-01-21,1.4191780822,170.3692853995,220.0000000000,0.2838993649
daily,XOM,2026-08-21,1530,2028-01-21,1.4191780822,170.3692853995,230.0000000000,0.2843167102
daily,XOM,2026-08-21,1530,2028-01-21,1.4191780822,170.3692853995,240.0000000000,0.2838865813
daily,XOM,2026-08-21,1530,2028-01-21,1.4191780822,170.3692853995,250.0000000000,0.2897795189
daily,XOM,2026-08-21,1530,2028-01-21,1.4191780822,170.3692853995,260.0000000000,0.2926408094
daily,XOM,2026-08-24,1538,2026-08-28,0.0109589041,163.6396012773,155.0000000000,0.3437076437
daily,XOM,2026-08-24,1538,2026-08-28,0.0109589041,163.6396012773,157.5000000000,0.3284032384
daily,XOM,2026-08-24,1538,2026-08-28,0.0109589041,163.6396012773,160.0000000000,0.3199414857
daily,XOM,2026-08-24,1538,2026-08-28,0.0109589041,163.6396012773,162.5000000000,0.3089380018
daily,XOM,2026-08-24,1538,2026-08-28,0.0109589041,163.6396012773,165.0000000000,0.2969136904
daily,XOM,2026-08-24,1538,2026-08-28,0.0109589041,163.6396012773,167.5000000000,0.3036854772
daily,XOM,2026-08-24,1538,2026-08-28,0.0109589041,163.6396012773,170.0000000000,0.3043364304
daily,XOM,2026-08-24,1538,2026-08-28,0.0109589041,163.6396012773,172.5000000000,0.3129443806
daily,XOM,2026-08-24,1538,2026-09-04,0.0301369863,163.6696753543,157.5000000000,0.2911080046
daily,XOM,2026-08-24,1538,2026-09-04,0.0301369863,163.6696753543,160.0000000000,0.2847398305
daily,XOM,2026-08-24,1538,2026-09-04,0.0301369863,163.6696753543,162.5000000000,0.2840793492
daily,XOM,2026-08-24,1538,2026-09-04,0.0301369863,163.6696753543,165.0000000000,0.2833524587
daily,XOM,2026-08-24,1538,2026-09-04,0.0301369863,163.6696753543,167.5000000000,0.2853272719
daily,XOM,2026-08-24,1538,2026-09-04,0.0301369863,163.6696753543,170.0000000000,0.2814697226
daily,XOM,2026-08-24,1538,2026-09-11,0.0493150685,163.7784361617,155.0000000000,0.2814999248
daily,XOM,2026-08-24,1538,2026-09-11,0.0493150685,163.7784361617,157.5000000000,0.2796420919
daily,XOM,2026-08-24,1538,2026-09-11,0.0493150685,163.7784361617,160.0000000000,0.2764897299
daily,XOM,2026-08-24,1538,2026-09-11,0.0493150685,163.7784361617,162.5000000000,0.2745643444
daily,XOM,2026-08-24,1538,2026-09-11,0.0493150685,163.7784361617,165.0000000000,0.2752715647
daily,XOM,2026-08-24,1538,2026-09-11,0.0493150685,163.7784361617,167.5000000000,0.2758685976
daily,XOM,2026-08-24,1538,2026-09-11,0.0493150685,163.7784361617,170.0000000000,0.2745107271
daily,XOM,2026-08-24,1538,2026-09-11,0.0493150685,163.7784361617,172.5000000000,0.2723578964
daily,XOM,2026-08-24,1538,2026-09-18,0.0684931507,163.9037041433,145.0000000000,0.3106327533
daily,XOM,2026-08-24,1538,2026-09-18,0.0684931507,163.9037041433,150.0000000000,0.2959812192
daily,XOM,2026-08-24,1538,2026-09-18,0.0684931507,163.9037041433,152.5000000000,0.2879965403
daily,XOM,2026-08-24,1538,2026-09-18,0.0684931507,163.9037041433,155.0000000000,0.2846105474
daily,XOM,2026-08-24,1538,2026-09-18,0.0684931507,163.9037041433,157.5000000000,0.2823665332
daily,XOM,2026-08-24,1538,2026-09-18,0.0684931507,163.9037041433,160.0000000000,0.2792388717
daily,XOM,2026-08-24,1538,2026-09-18,0.0684931507,163.9037041433,162.5000000000,0.2761232303
daily,XOM,2026-08-24,1538,2026-09-18,0.0684931507,163.9037041433,165.0000000000,0.2771925393
daily,XOM,2026-08-24,1538,2026-09-18,0.0684931507,163.9037041433,167.5000000000,0.2771342457
daily,XOM,2026-08-24,1538,2026-09-18,0.0684931507,163.9037041433,170.0000000000,0.2765748216
daily,XOM,2026-08-24,1538,2026-09-18,0.0684931507,163.9037041433,172.5000000000,0.2782798175
daily,XOM,2026-08-24,1538,2026-09-18,0.0684931507,163.9037041433,175.0000000000,0.2764668474
daily,XOM,2026-08-24,1538,2026-09-18,0.0684931507,163.9037041433,180.0000000000,0.2821293517
daily,XOM,2026-08-24,1538,2026-09-25,0.0876712329,163.8385822772,148.0000000000,0.2952422191
daily,XOM,2026-08-24,1538,2026-09-25,0.0876712329,163.8385822772,152.5000000000,0.2803312812
daily,XOM,2026-08-24,1538,2026-09-25,0.0876712329,163.8385822772,155.0000000000,0.2786233295
daily,XOM,2026-08-24,1538,2026-09-25,0.0876712329,163.8385822772,157.5000000000,0.2802076469
daily,XOM,2026-08-24,1538,2026-09-25,0.0876712329,163.8385822772,160.0000000000,0.2766028632
daily,XOM,2026-08-24,1538,2026-09-25,0.0876712329,163.8385822772,162.5000000000,0.2730999919
daily,XOM,2026-08-24,1538,2026-09-25,0.0876712329,163.8385822772,165.0000000000,0.2753477357
daily,XOM,2026-08-24,1538,2026-09-25,0.0876712329,163.8385822772,167.5000000000,0.2716264504
daily,XOM,2026-08-24,1538,2026-09-25,0.0876712329,163.8385822772,170.0000000000,0.2776598187
daily,XOM,2026-08-24,1538,2026-10-02,0.1068493151,163.9896468599,155.0000000000,0.2863470258
daily,XOM,2026-08-24,1538,2026-10-02,0.1068493151,163.9896468599,157.5000000000,0.2792201738
daily,XOM,2026-08-24,1538,2026-10-02,0.1068493151,163.9896468599,160.0000000000,0.2767898839
daily,XOM,2026-08-24,1538,2026-10-02,0.1068493151,163.9896468599,162.5000000000,0.2762102883
daily,XOM,2026-08-24,1538,2026-10-02,0.1068493151,163.9896468599,165.0000000000,0.2755706899
daily,XOM,2026-08-24,1538,2026-10-02,0.1068493151,163.9896468599,167.5000000000,0.2754786233
daily,XOM,2026-08-24,1538,2026-10-02,0.1068493151,163.9896468599,170.0000000000,0.2764164205
daily,XOM,2026-08-24,1538,2026-10-02,0.1068493151,163.9896468599,172.5000000000,0.2743554154
daily,XOM,2026-08-24,1538,2026-10-02,0.1068493151,163.9896468599,175.0000000000,0.2780623762
daily,XOM,2026-08-24,1538,2026-10-16,0.1452054795,164.4769574702,130.0000000000,0.3277118938
daily,XOM,2026-08-24,1538,2026-10-16,0.1452054795,164.4769574702,140.0000000000,0.3041442779
daily,XOM,2026-08-24,1538,2026-10-16,0.1452054795,164.4769574702,145.0000000000,0.2975104168
daily,XOM,2026-08-24,1538,2026-10-16,0.1452054795,164.4769574702,150.0000000000,0.2898218227
daily,XOM,2026-08-24,1538,2026-10-16,0.1452054795,164.4769574702,155.0000000000,0.2840922359
daily,XOM,2026-08-24,1538,2026-10-16,0.1452054795,164.4769574702,160.0000000000,0.2802476485
daily,XOM,2026-08-24,1538,2026-10-16,0.1452054795,164.4769574702,165.0000000000,0.2784492092
daily,XOM,2026-08-24,1538,2026-10-16,0.1452054795,164.4769574702,170.0000000000,0.2782992419
daily,XOM,2026-08-24,1538,2026-10-16,0.1452054795,164.4769574702,175.0000000000,0.2766221093
daily,XOM,2026-08-24,1538,2026-10-16,0.1452054795,164.4769574702,180.0000000000,0.2787153214
daily,XOM,2026-08-24,1538,2026-10-16,0.1452054795,164.4769574702,185.0000000000,0.2834112542
daily,XOM,2026-08-24,1538,2026-10-16,0.1452054795,164.4769574702,190.0000000000,0.2865795774
daily,XOM,2026-08-24,1538,2026-10-16,0.1452054795,164.4769574702,195.0000000000,0.2929790450
daily,XOM,2026-08-24,1538,2026-10-16,0.1452054795,164.4769574702,200.0000000000,0.2988807324
daily,XOM,2026-08-24,1538,2026-11-20,0.2410958904,164.2601448274,125.0000000000,0.3344660227
daily,XOM,2026-08-24,1538,2026-11-20,0.2410958904,164.2601448274,135.0000000000,0.3179901166
daily,XOM,2026-08-24,1538,2026-11-20,0.2410958904,164.2601448274,140.0000000000,0.3075062079
daily,XOM,2026-08-24,1538,2026-11-20,0.2410958904,164.2601448274,145.0000000000,0.3023306365
daily,XOM,2026-08-24,1538,2026-11-20,0.2410958904,164.2601448274,150.0000000000,0.2976596188
daily,XOM,2026-08-24,1538,2026-11-20,0.2410958904,164.2601448274,155.0000000000,0.2951992510
daily,XOM,2026-08-24,1538,2026-11-20,0.2410958904,164.2601448274,160.0000000000,0.2916725187
daily,XOM,2026-08-24,1538,2026-11-20,0.2410958904,164.2601448274,165.0000000000,0.2909126312
daily,XOM,2026-08-24,1538,2026-11-20,0.2410958904,164.2601448274,170.0000000000,0.2880117905
daily,XOM,2026-08-24,1538,2026-11-20,0.2410958904,164.2601448274,175.0000000000,0.2867977601
daily,XOM,2026-08-24,1538,2026-11-20,0.2410958904,164.2601448274,180.0000000000,0.2819176287
daily,XOM,2026-08-24,1538,2026-11-20,0.2410958904,164.2601448274,185.0000000000,0.2870021735
daily,XOM,2026-08-24,1538,2026-11-20,0.2410958904,164.2601448274,190.0000000000,0.2874497105
daily,XOM,2026-08-24,1538,2026-11-20,0.2410958904,164.2601448274,195.0000000000,0.2911650860
daily,XOM,2026-08-24,1538,2026-12-18,0.3178082192,164.3325121606,130.0000000000,0.3209199380
daily,XOM,2026-08-24,1538,2026-12-18,0.3178082192,164.3325121606,135.0000000000,0.3137043400
daily,XOM,2026-08-24,1538,2026-12-18,0.3178082192,164.3325121606,140.0000000000,0.3055163928
daily,XOM,2026-08-24,1538,2026-12-18,0.3178082192,164.3325121606,145.0000000000,0.2967046829
daily,XOM,2026-08-24,1538,2026-12-18,0.3178082192,164.3325121606,150.0000000000,0.2935153742
daily,XOM,2026-08-24,1538,2026-12-18,0.3178082192,164.3325121606,155.0000000000,0.2896650365
daily,XOM,2026-08-24,1538,2026-12-18,0.3178082192,164.3325121606,160.0000000000,0.2869262802
daily,XOM,2026-08-24,1538,2026-12-18,0.3178082192,164.3325121606,165.0000000000,0.2880741912
daily,XOM,2026-08-24,1538,2026-12-18,0.3178082192,164.3325121606,170.0000000000,0.2853328278
daily,XOM,2026-08-24,1538,2026-12-18,0.3178082192,164.3325121606,175.0000000000,0.2847660769
daily,XOM,2026-08-24,1538,2026-12-18,0.3178082192,164.3325121606,180.0000000000,0.2849147591
daily,XOM,2026-08-24,1538,2026-12-18,0.3178082192,164.3325121606,185.0000000000,0.2857523166
daily,XOM,2026-08-24,1538,2026-12-18,0.3178082192,164.3325121606,190.0000000000,0.2875355624
daily,XOM,2026-08-24,1538,2026-12-18,0.3178082192,164.3325121606,195.0000000000,0.2892398683
daily,XOM,2026-08-24,1538,2026-12-18,0.3178082192,164.3325121606,200.0000000000,0.2900621319
daily,XOM,2026-08-24,1538,2027-01-15,0.3945205479,164.9156715626,120.0000000000,0.3370654382
daily,XOM,2026-08-24,1538,2027-01-15,0.3945205479,164.9156715626,125.0000000000,0.3244698823
daily,XOM,2026-08-24,1538,2027-01-15,0.3945205479,164.9156715626,130.0000000000,0.3166521512
daily,XOM,2026-08-24,1538,2027-01-15,0.3945205479,164.9156715626,135.0000000000,0.3063307895
daily,XOM,2026-08-24,1538,2027-01-15,0.3945205479,164.9156715626,140.0000000000,0.2994066211
daily,XOM,2026-08-24,1538,2027-01-15,0.3945205479,164.9156715626,145.0000000000,0.2954324340
daily,XOM,2026-08-24,1538,2027-01-15,0.3945205479,164.9156715626,150.0000000000,0.2901119091
daily,XOM,2026-08-24,1538,2027-01-15,0.3945205479,164.9156715626,155.0000000000,0.2862568901
daily,XOM,2026-08-24,1538,2027-01-15,0.3945205479,164.9156715626,160.0000000000,0.2826759225
daily,XOM,2026-08-24,1538,2027-01-15,0.3945205479,164.9156715626,165.0000000000,0.2808307506
daily,XOM,2026-08-24,1538,2027-01-15,0.3945205479,164.9156715626,170.0000000000,0.2825101977
daily,XOM,2026-08-24,1538,2027-01-15,0.3945205479,164.9156715626,175.0000000000,0.2805521442
daily,XOM,2026-08-24,1538,2027-01-15,0.3945205479,164.9156715626,180.0000000000,0.2800718005
daily,XOM,2026-08-24,1538,2027-01-15,0.3945205479,164.9156715626,185.0000000000,0.2800536897
daily,XOM,2026-08-24,1538,2027-01-15,0.3945205479,164.9156715626,190.0000000000,0.2799523113
daily,XOM,2026-08-24,1538,2027-01-15,0.3945205479,164.9156715626,195.0000000000,0.2839631186
daily,XOM,2026-08-24,1538,2027-01-15,0.3945205479,164.9156715626,200.0000000000,0.2869951747
daily,XOM,2026-08-24,1538,2027-01-15,0.3945205479,164.9156715626,210.0000000000,0.2948757110
daily,XOM,2026-08-24,1538,2027-03-19,0.5671232877,165.0495583367,120.0000000000,0.3286727361
daily,XOM,2026-08-24,1538,2027-03-19,0.5671232877,165.0495583367,125.0000000000,0.3211159758
daily,XOM,2026-08-24,1538,2027-03-19,0.5671232877,165.0495583367,130.0000000000,0.3161845097
daily,XOM,2026-08-24,1538,2027-03-19,0.5671232877,165.0495583367,135.0000000000,0.3110410703
daily,XOM,2026-08-24,1538,2027-03-19,0.5671232877,165.0495583367,140.0000000000,0.3029004933
daily,XOM,2026-08-24,1538,2027-03-19,0.5671232877,165.0495583367,145.0000000000,0.2963952307
daily,XOM,2026-08-24,1538,2027-03-19,0.5671232877,165.0495583367,150.0000000000,0.2935506815
daily,XOM,2026-08-24,1538,2027-03-19,0.5671232877,165.0495583367,155.0000000000,0.2892347492
daily,XOM,2026-08-24,1538,2027-03-19,0.5671232877,165.0495583367,160.0000000000,0.2866483355
daily,XOM,2026-08-24,1538,2027-03-19,0.5671232877,165.0495583367,165.0000000000,0.2828736630
daily,XOM,2026-08-24,1538,2027-03-19,0.5671232877,165.0495583367,170.0000000000,0.2831303246
daily,XOM,2026-08-24,1538,2027-03-19,0.5671232877,165.0495583367,175.0000000000,0.2808839261
daily,XOM,2026-08-24,1538,2027-03-19,0.5671232877,165.0495583367,180.0000000000,0.2837236525
daily,XOM,2026-08-24,1538,2027-03-19,0.5671232877,165.0495583367,185.0000000000,0.2817670443
daily,XOM,2026-08-24,1538,2027-03-19,0.5671232877,165.0495583367,190.0000000000,0.2823070426
daily,XOM,2026-08-24,1538,2027-03-19,0.5671232877,165.0495583367,195.0000000000,0.2835688152
daily,XOM,2026-08-24,1538,2027-03-19,0.5671232877,165.0495583367,200.0000000000,0.2842332670
daily,XOM,2026-08-24,1538,2027-03-19,0.5671232877,165.0495583367,210.0000000000,0.2920972868
daily,XOM,2026-08-24,1538,2027-03-19,0.5671232877,165.0495583367,220.0000000000,0.2938529180
daily,XOM,2026-08-24,1538,2027-03-19,0.5671232877,165.0495583367,250.0000000000,0.3116280494
daily,XOM,2026-08-24,1538,2027-04-16,0.6438356164,165.7639554903,120.0000000000,0.3255838087
daily,XOM,2026-08-24,1538,2027-04-16,0.6438356164,165.7639554903,125.0000000000,0.3187837388
daily,XOM,2026-08-24,1538,2027-04-16,0.6438356164,165.7639554903,130.0000000000,0.3108100676
daily,XOM,2026-08-24,1538,2027-04-16,0.6438356164,165.7639554903,135.0000000000,0.3074600956
daily,XOM,2026-08-24,1538,2027-04-16,0.6438356164,165.7639554903,140.0000000000,0.3035004308
daily,XOM,2026-08-24,1538,2027-04-16,0.6438356164,165.7639554903,145.0000000000,0.2985333877
daily,XOM,2026-08-24,1538,2027-04-16,0.6438356164,165.7639554903,150.0000000000,0.2975633119
daily,XOM,2026-08-24,1538,2027-04-16,0.6438356164,165.7639554903,155.0000000000,0.2926222287
daily,XOM,2026-08-24,1538,2027-04-16,0.6438356164,165.7639554903,160.0000000000,0.2902541826
daily,XOM,2026-08-24,1538,2027-04-16,0.6438356164,165.7639554903,165.0000000000,0.2872934621
daily,XOM,2026-08-24,1538,2027-04-16,0.6438356164,165.7639554903,170.0000000000,0.2795241724
daily,XOM,2026-08-24,1538,2027-04-16,0.6438356164,165.7639554903,175.0000000000,0.2786112171
daily,XOM,2026-08-24,1538,2027-04-16,0.6438356164,165.7639554903,180.0000000000,0.2765461489
daily,XOM,2026-08-24,1538,2027-04-16,0.6438356164,165.7639554903,185.0000000000,0.2766518874
daily,XOM,2026-08-24,1538,2027-04-16,0.6438356164,165.7639554903,190.0000000000,0.2853081546
daily,XOM,2026-08-24,1538,2027-04-16,0.6438356164,165.7639554903,251.0820949186,0.2924743489
daily,XOM,2026-08-24,1538,2027-06-17,0.8136986301,166.0140250585,120.0000000000,0.3228938137
daily,XOM,2026-08-24,1538,2027-06-17,0.8136986301,166.0140250585,125.0000000000,0.3159167158
daily,XOM,2026-08-24,1538,2027-06-17,0.8136986301,166.0140250585,130.0000000000,0.3103339356
daily,XOM,2026-08-24,1538,2027-06-17,0.8136986301,166.0140250585,135.0000000000,0.3059400555
daily,XOM,2026-08-24,1538,2027-06-17,0.8136986301,166.0140250585,140.0000000000,0.3032005569
daily,XOM,2026-08-24,1538,2027-06-17,0.8136986301,166.0140250585,145.0000000000,0.2977918545
daily,XOM,2026-08-24,1538,2027-06-17,0.8136986301,166.0140250585,150.0000000000,0.2954583764
daily,XOM,2026-08-24,1538,2027-06-17,0.8136986301,166.0140250585,155.0000000000,0.2923017767
daily,XOM,2026-08-24,1538,2027-06-17,0.8136986301,166.0140250585,160.0000000000,0.2898161881
daily,XOM,2026-08-24,1538,2027-06-17,0.8136986301,166.0140250585,165.0000000000,0.2868529096
daily,XOM,2026-08-24,1538,2027-06-17,0.8136986301,166.0140250585,170.0000000000,0.2807423346
daily,XOM,2026-08-24,1538,2027-06-17,0.8136986301,166.0140250585,175.0000000000,0.2788467184
daily,XOM,2026-08-24,1538,2027-06-17,0.8136986301,166.0140250585,180.0000000000,0.2792183303
daily,XOM,2026-08-24,1538,2027-06-17,0.8136986301,166.0140250585,185.0000000000,0.2805189214
daily,XOM,2026-08-24,1538,2027-06-17,0.8136986301,166.0140250585,190.0000000000,0.2811620820
daily,XOM,2026-08-24,1538,2027-06-17,0.8136986301,166.0140250585,195.0000000000,0.2786850444
daily,XOM,2026-08-24,1538,2027-06-17,0.8136986301,166.0140250585,200.0000000000,0.2800857038
daily,XOM,2026-08-24,1538,2027-06-17,0.8136986301,166.0140250585,210.0000000000,0.2883959780
daily,XOM,2026-08-24,1538,2027-06-17,0.8136986301,166.0140250585,230.0000000000,0.2858074069
daily,XOM,2026-08-24,1538,2027-06-17,0.8136986301,166.0140250585,240.0000000000,0.2932249583
daily,XOM,2026-08-24,1538,2027-09-17,1.0657534247,166.6468757568,115.0000000000,0.3177895789
daily,XOM,2026-08-24,1538,2027-09-17,1.0657534247,166.6468757568,120.0000000000,0.3143913882
daily,XOM,2026-08-24,1538,2027-09-17,1.0657534247,166.6468757568,125.0000000000,0.3115126064
daily,XOM,2026-08-24,1538,2027-09-17,1.0657534247,166.6468757568,130.0000000000,0.3056697796
daily,XOM,2026-08-24,1538,2027-09-17,1.0657534247,166.6468757568,135.0000000000,0.3013356769
daily,XOM,2026-08-24,1538,2027-09-17,1.0657534247,166.6468757568,140.0000000000,0.2981573965
daily,XOM,2026-08-24,1538,2027-09-17,1.0657534247,166.6468757568,145.0000000000,0.2942201790
daily,XOM,2026-08-24,1538,2027-09-17,1.0657534247,166.6468757568,150.0000000000,0.2948610490
daily,XOM,2026-08-24,1538,2027-09-17,1.0657534247,166.6468757568,155.0000000000,0.2920674859
daily,XOM,2026-08-24,1538,2027-09-17,1.0657534247,166.6468757568,160.0000000000,0.2883278944
daily,XOM,2026-08-24,1538,2027-09-17,1.0657534247,166.6468757568,165.0000000000,0.2863979741
daily,XOM,2026-08-24,1538,2027-09-17,1.0657534247,166.6468757568,170.0000000000,0.2831424291
daily,XOM,2026-08-24,1538,2027-09-17,1.0657534247,166.6468757568,175.0000000000,0.2826564623
daily,XOM,2026-08-24,1538,2027-09-17,1.0657534247,166.6468757568,180.0000000000,0.2818225614
daily,XOM,2026-08-24,1538,2027-09-17,1.0657534247,166.6468757568,185.0000000000,0.2811157844
daily,XOM,2026-08-24,1538,2027-09-17,1.0657534247,166.6468757568,190.0000000000,0.2809160639
daily,XOM,2026-08-24,1538,2027-09-17,1.0657534247,166.6468757568,195.0000000000,0.2840208249
daily,XOM,2026-08-24,1538,2027-09-17,1.0657534247,166.6468757568,200.0000000000,0.2850847188
daily,XOM,2026-08-24,1538,2027-09-17,1.0657534247,166.6468757568,210.0000000000,0.2809169176
daily,XOM,2026-08-24,1538,2027-09-17,1.0657534247,166.6468757568,220.0000000000,0.2879134143
daily,XOM,2026-08-24,1538,2027-09-17,1.0657534247,166.6468757568,230.0000000000,0.2890580632
daily,XOM,2026-08-24,1538,2027-12-17,1.3150684932,167.7888950989,110.0000000000,0.3223277039
daily,XOM,2026-08-24,1538,2027-12-17,1.3150684932,167.7888950989,115.0000000000,0.3162487880
daily,XOM,2026-08-24,1538,2027-12-17,1.3150684932,167.7888950989,120.0000000000,0.3130393880
daily,XOM,2026-08-24,1538,2027-12-17,1.3150684932,167.7888950989,125.0000000000,0.3087792179
daily,XOM,2026-08-24,1538,2027-12-17,1.3150684932,167.7888950989,130.0000000000,0.3045699202
daily,XOM,2026-08-24,1538,2027-12-17,1.3150684932,167.7888950989,135.0000000000,0.3014507166
daily,XOM,2026-08-24,1538,2027-12-17,1.3150684932,167.7888950989,140.0000000000,0.2995456186
daily,XOM,2026-08-24,1538,2027-12-17,1.3150684932,167.7888950989,145.0000000000,0.2948634702
daily,XOM,2026-08-24,1538,2027-12-17,1.3150684932,167.7888950989,150.0000000000,0.2915008012
daily,XOM,2026-08-24,1538,2027-12-17,1.3150684932,167.7888950989,155.0000000000,0.2907194491
daily,XOM,2026-08-24,1538,2027-12-17,1.3150684932,167.7888950989,160.0000000000,0.2892214323
daily,XOM,2026-08-24,1538,2027-12-17,1.3150684932,167.7888950989,165.0000000000,0.2853048368
daily,XOM,2026-08-24,1538,2027-12-17,1.3150684932,167.7888950989,170.0000000000,0.2863739003
daily,XOM,2026-08-24,1538,2027-12-17,1.3150684932,167.7888950989,175.0000000000,0.2851392733
daily,XOM,2026-08-24,1538,2027-12-17,1.3150684932,167.7888950989,180.0000000000,0.2834796393
daily,XOM,2026-08-24,1538,2027-12-17,1.3150684932,167.7888950989,185.0000000000,0.2797173112
daily,XOM,2026-08-24,1538,2027-12-17,1.3150684932,167.7888950989,190.0000000000,0.2823273014
daily,XOM,2026-08-24,1538,2027-12-17,1.3150684932,167.7888950989,195.0000000000,0.2831268425
daily,XOM,2026-08-24,1538,2027-12-17,1.3150684932,167.7888950989,200.0000000000,0.2855943427
daily,XOM,2026-08-24,1538,2027-12-17,1.3150684932,167.7888950989,210.0000000000,0.2868349797
daily,XOM,2026-08-24,1538,2027-12-17,1.3150684932,167.7888950989,220.0000000000,0.2851455258
daily,XOM,2026-08-24,1538,2027-12-17,1.3150684932,167.7888950989,230.0000000000,0.2850651351
daily,XOM,2026-08-24,1538,2027-12-17,1.3150684932,167.7888950989,240.0000000000,0.2892916771
daily,XOM,2026-08-24,1538,2027-12-17,1.3150684932,167.7888950989,250.0000000000,0.2905725383
daily,XOM,2026-08-24,1538,2028-01-21,1.4109589041,168.4643893412,105.0000000000,0.3281853046
daily,XOM,2026-08-24,1538,2028-01-21,1.4109589041,168.4643893412,110.0000000000,0.3214715083
daily,XOM,2026-08-24,1538,2028-01-21,1.4109589041,168.4643893412,115.0000000000,0.3153184405
daily,XOM,2026-08-24,1538,2028-01-21,1.4109589041,168.4643893412,120.0000000000,0.3099382091
daily,XOM,2026-08-24,1538,2028-01-21,1.4109589041,168.4643893412,125.0000000000,0.3067869147
daily,XOM,2026-08-24,1538,2028-01-21,1.4109589041,168.4643893412,130.0000000000,0.3008862202
daily,XOM,2026-08-24,1538,2028-01-21,1.4109589041,168.4643893412,135.0000000000,0.2927788866
daily,XOM,2026-08-24,1538,2028-01-21,1.4109589041,168.4643893412,140.0000000000,0.2957098971
daily,XOM,2026-08-24,1538,2028-01-21,1.4109589041,168.4643893412,145.0000000000,0.2953832842
daily,XOM,2026-08-24,1538,2028-01-21,1.4109589041,168.4643893412,150.0000000000,0.2923899586
daily,XOM,2026-08-24,1538,2028-01-21,1.4109589041,168.4643893412,155.0000000000,0.2917846287
daily,XOM,2026-08-24,1538,2028-01-21,1.4109589041,168.4643893412,160.0000000000,0.2887820489
daily,XOM,2026-08-24,1538,2028-01-21,1.4109589041,168.4643893412,165.0000000000,0.2871519024
daily,XOM,2026-08-24,1538,2028-01-21,1.4109589041,168.4643893412,170.0000000000,0.2850530156
daily,XOM,2026-08-24,1538,2028-01-21,1.4109589041,168.4643893412,175.0000000000,0.2808747732
daily,XOM,2026-08-24,1538,2028-01-21,1.4109589041,168.4643893412,180.0000000000,0.2813535844
daily,XOM,2026-08-24,1538,2028-01-21,1.4109589041,168.4643893412,185.0000000000,0.2822214494
daily,XOM,2026-08-24,1538,2028-01-21,1.4109589041,168.4643893412,190.0000000000,0.2817021872
daily,XOM,2026-08-24,1538,2028-01-21,1.4109589041,168.4643893412,195.0000000000,0.2828516230
daily,XOM,2026-08-24,1538,2028-01-21,1.4109589041,168.4643893412,200.0000000000,0.2832460212
daily,XOM,2026-08-24,1538,2028-01-21,1.4109589041,168.4643893412,210.0000000000,0.2838510503
daily,XOM,2026-08-24,1538,2028-01-21,1.4109589041,168.4643893412,220.0000000000,0.2847829886
daily,XOM,2026-08-24,1538,2028-01-21,1.4109589041,168.4643893412,230.0000000000,0.2859370796
daily,XOM,2026-08-24,1538,2028-01-21,1.4109589041,168.4643893412,240.0000000000,0.2856104947
daily,XOM,2026-08-24,1538,2028-01-21,1.4109589041,168.4643893412,250.0000000000,0.2880551661
daily,XOM,2026-08-24,1538,2028-01-21,1.4109589041,168.4643893412,260.0000000000,0.2866640359
daily,XOM,2026-08-25,1530,2026-08-28,0.0082191781,162.1082412748,155.0000000000,0.3501886782
daily,XOM,2026-08-25,1530,2026-08-28,0.0082191781,162.1082412748,157.5000000000,0.3323189080
daily,XOM,2026-08-25,1530,2026-08-28,0.0082191781,162.1082412748,160.0000000000,0.3179144047
daily,XOM,2026-08-25,1530,2026-08-28,0.0082191781,162.1082412748,162.5000000000,0.3063173496
daily,XOM,2026-08-25,1530,2026-08-28,0.0082191781,162.1082412748,165.0000000000,0.3049834419
daily,XOM,2026-08-25,1530,2026-08-28,0.0082191781,162.1082412748,167.5000000000,0.3000694502
daily,XOM,2026-08-25,1530,2026-09-04,0.0273972603,162.2606135080,155.0000000000,0.3011353347
daily,XOM,2026-08-25,1530,2026-09-04,0.0273972603,162.2606135080,157.5000000000,0.2947091646
daily,XOM,2026-08-25,1530,2026-09-04,0.0273972603,162.2606135080,160.0000000000,0.2913046078
daily,XOM,2026-08-25,1530,2026-09-04,0.0273972603,162.2606135080,162.5000000000,0.2878598278
daily,XOM,2026-08-25,1530,2026-09-04,0.0273972603,162.2606135080,165.0000000000,0.2838896982
daily,XOM,2026-08-25,1530,2026-09-04,0.0273972603,162.2606135080,167.5000000000,0.2777986779
daily,XOM,2026-08-25,1530,2026-09-04,0.0273972603,162.2606135080,170.0000000000,0.2824085053
daily,XOM,2026-08-25,1530,2026-09-11,0.0465753425,162.3789802928,155.0000000000,0.2832640049
daily,XOM,2026-08-25,1530,2026-09-11,0.0465753425,162.3789802928,157.5000000000,0.2804057417
daily,XOM,2026-08-25,1530,2026-09-11,0.0465753425,162.3789802928,160.0000000000,0.2795639990
daily,XOM,2026-08-25,1530,2026-09-11,0.0465753425,162.3789802928,162.5000000000,0.2783259319
daily,XOM,2026-08-25,1530,2026-09-11,0.0465753425,162.3789802928,165.0000000000,0.2755154500
daily,XOM,2026-08-25,1530,2026-09-11,0.0465753425,162.3789802928,167.5000000000,0.2740390046
daily,XOM,2026-08-25,1530,2026-09-11,0.0465753425,162.3789802928,170.0000000000,0.2728973590
daily,XOM,2026-08-25,1530,2026-09-11,0.0465753425,162.3789802928,172.5000000000,0.2736264751
daily,XOM,2026-08-25,1530,2026-09-18,0.0657534247,162.4946081784,135.0000000000,0.3416184166
daily,XOM,2026-08-25,1530,2026-09-18,0.0657534247,162.4946081784,140.0000000000,0.3267906483
daily,XOM,2026-08-25,1530,2026-09-18,0.0657534247,162.4946081784,145.0000000000,0.3096811570
daily,XOM,2026-08-25,1530,2026-09-18,0.0657534247,162.4946081784,150.0000000000,0.2972979575
daily,XOM,2026-08-25,1530,2026-09-18,0.0657534247,162.4946081784,155.0000000000,0.2845960516
daily,XOM,2026-08-25,1530,2026-09-18,0.0657534247,162.4946081784,157.5000000000,0.2825008546
daily,XOM,2026-08-25,1530,2026-09-18,0.0657534247,162.4946081784,160.0000000000,0.2802297700
daily,XOM,2026-08-25,1530,2026-09-18,0.0657534247,162.4946081784,162.5000000000,0.2790630567
daily,XOM,2026-08-25,1530,2026-09-18,0.0657534247,162.4946081784,165.0000000000,0.2761326433
daily,XOM,2026-08-25,1530,2026-09-18,0.0657534247,162.4946081784,167.5000000000,0.2760116770
daily,XOM,2026-08-25,1530,2026-09-18,0.0657534247,162.4946081784,170.0000000000,0.2755038455
daily,XOM,2026-08-25,1530,2026-09-18,0.0657534247,162.4946081784,172.5000000000,0.2736726393
daily,XOM,2026-08-25,1530,2026-09-18,0.0657534247,162.4946081784,175.0000000000,0.2765205907
daily,XOM,2026-08-25,1530,2026-09-18,0.0657534247,162.4946081784,180.0000000000,0.2800318694
daily,XOM,2026-08-25,1530,2026-09-25,0.0849315068,162.6952755919,135.1667138444,0.3005841314
daily,XOM,2026-08-25,1530,2026-09-25,0.0849315068,162.6952755919,140.1728884312,0.2875374348
daily,XOM,2026-08-25,1530,2026-09-25,0.0849315068,162.6952755919,155.0000000000,0.2845461905
daily,XOM,2026-08-25,1530,2026-09-25,0.0849315068,162.6952755919,157.5000000000,0.2790156274
daily,XOM,2026-08-25,1530,2026-09-25,0.0849315068,162.6952755919,160.0000000000,0.2776659104
daily,XOM,2026-08-25,1530,2026-09-25,0.0849315068,162.6952755919,162.5000000000,0.2783062718
daily,XOM,2026-08-25,1530,2026-09-25,0.0849315068,162.6952755919,165.0000000000,0.2735592340
daily,XOM,2026-08-25,1530,2026-09-25,0.0849315068,162.6952755919,167.5000000000,0.2742148668
daily,XOM,2026-08-25,1530,2026-09-25,0.0849315068,162.6952755919,170.0000000000,0.2686191360
daily,XOM,2026-08-25,1530,2026-09-25,0.0849315068,162.6952755919,175.0000000000,0.2749235240
daily,XOM,2026-08-25,1530,2026-09-25,0.0849315068,162.6952755919,180.0000000000,0.2782840068
daily,XOM,2026-08-25,1530,2026-10-02,0.1041095890,162.7249704228,150.0000000000,0.2929407576
daily,XOM,2026-08-25,1530,2026-10-02,0.1041095890,162.7249704228,155.0000000000,0.2840569927
daily,XOM,2026-08-25,1530,2026-10-02,0.1041095890,162.7249704228,157.5000000000,0.2762600979
daily,XOM,2026-08-25,1530,2026-10-02,0.1041095890,162.7249704228,160.0000000000,0.2772429110
daily,XOM,2026-08-25,1530,2026-10-02,0.1041095890,162.7249704228,162.5000000000,0.2796776488
daily,XOM,2026-08-25,1530,2026-10-02,0.1041095890,162.7249704228,165.0000000000,0.2755625050
daily,XOM,2026-08-25,1530,2026-10-02,0.1041095890,162.7249704228,167.5000000000,0.2712750960
daily,XOM,2026-08-25,1530,2026-10-16,0.1424657534,163.0408475254,140.0000000000,0.3071351671
daily,XOM,2026-08-25,1530,2026-10-16,0.1424657534,163.0408475254,145.0000000000,0.2963170684
daily,XOM,2026-08-25,1530,2026-10-16,0.1424657534,163.0408475254,150.0000000000,0.2896723282
daily,XOM,2026-08-25,1530,2026-10-16,0.1424657534,163.0408475254,155.0000000000,0.2820900345
daily,XOM,2026-08-25,1530,2026-10-16,0.1424657534,163.0408475254,160.0000000000,0.2797150928
daily,XOM,2026-08-25,1530,2026-10-16,0.1424657534,163.0408475254,165.0000000000,0.2790111268
daily,XOM,2026-08-25,1530,2026-10-16,0.1424657534,163.0408475254,170.0000000000,0.2784557431
daily,XOM,2026-08-25,1530,2026-10-16,0.1424657534,163.0408475254,175.0000000000,0.2787299023
daily,XOM,2026-08-25,1530,2026-10-16,0.1424657534,163.0408475254,180.0000000000,0.2801059487
daily,XOM,2026-08-25,1530,2026-10-16,0.1424657534,163.0408475254,185.0000000000,0.2832830131
daily,XOM,2026-08-25,1530,2026-10-16,0.1424657534,163.0408475254,190.0000000000,0.2879670263
daily,XOM,2026-08-25,1530,2026-10-16,0.1424657534,163.0408475254,195.0000000000,0.2942731658
daily,XOM,2026-08-25,1530,2026-11-20,0.2383561644,162.9388627460,135.0000000000,0.3192205893
daily,XOM,2026-08-25,1530,2026-11-20,0.2383561644,162.9388627460,140.0000000000,0.3095711531
daily,XOM,2026-08-25,1530,2026-11-20,0.2383561644,162.9388627460,145.0000000000,0.3044866513
daily,XOM,2026-08-25,1530,2026-11-20,0.2383561644,162.9388627460,150.0000000000,0.3000758316
daily,XOM,2026-08-25,1530,2026-11-20,0.2383561644,162.9388627460,155.0000000000,0.2959854105
daily,XOM,2026-08-25,1530,2026-11-20,0.2383561644,162.9388627460,160.0000000000,0.2929656382
daily,XOM,2026-08-25,1530,2026-11-20,0.2383561644,162.9388627460,165.0000000000,0.2885700483
daily,XOM,2026-08-25,1530,2026-11-20,0.2383561644,162.9388627460,170.0000000000,0.2875542190
daily,XOM,2026-08-25,1530,2026-11-20,0.2383561644,162.9388627460,175.0000000000,0.2862825006
daily,XOM,2026-08-25,1530,2026-11-20,0.2383561644,162.9388627460,180.0000000000,0.2877206015
daily,XOM,2026-08-25,1530,2026-11-20,0.2383561644,162.9388627460,185.0000000000,0.2894827977
daily,XOM,2026-08-25,1530,2026-11-20,0.2383561644,162.9388627460,190.0000000000,0.2940154562
daily,XOM,2026-08-25,1530,2026-11-20,0.2383561644,162.9388627460,195.0000000000,0.2981682354
daily,XOM,2026-08-25,1530,2026-11-20,0.2383561644,162.9388627460,220.0000000000,0.3181851402
daily,XOM,2026-08-25,1530,2026-12-18,0.3150684932,163.0114203194,120.0000000000,0.3347433493
daily,XOM,2026-08-25,1530,2026-12-18,0.3150684932,163.0114203194,125.0000000000,0.3289294419
daily,XOM,2026-08-25,1530,2026-12-18,0.3150684932,163.0114203194,130.0000000000,0.3203244288
daily,XOM,2026-08-25,1530,2026-12-18,0.3150684932,163.0114203194,135.0000000000,0.3116900058
daily,XOM,2026-08-25,1530,2026-12-18,0.3150684932,163.0114203194,140.0000000000,0.3079179584
daily,XOM,2026-08-25,1530,2026-12-18,0.3150684932,163.0114203194,145.0000000000,0.3010430468
daily,XOM,2026-08-25,1530,2026-12-18,0.3150684932,163.0114203194,150.0000000000,0.2951591304
daily,XOM,2026-08-25,1530,2026-12-18,0.3150684932,163.0114203194,155.0000000000,0.2914193652
daily,XOM,2026-08-25,1530,2026-12-18,0.3150684932,163.0114203194,160.0000000000,0.2908154415
daily,XOM,2026-08-25,1530,2026-12-18,0.3150684932,163.0114203194,165.0000000000,0.2867932305
daily,XOM,2026-08-25,1530,2026-12-18,0.3150684932,163.0114203194,170.0000000000,0.2849199994
daily,XOM,2026-08-25,1530,2026-12-18,0.3150684932,163.0114203194,175.0000000000,0.2850009289
daily,XOM,2026-08-25,1530,2026-12-18,0.3150684932,163.0114203194,180.0000000000,0.2845569164
daily,XOM,2026-08-25,1530,2026-12-18,0.3150684932,163.0114203194,185.0000000000,0.2867502092
daily,XOM,2026-08-25,1530,2026-12-18,0.3150684932,163.0114203194,190.0000000000,0.2861956505
daily,XOM,2026-08-25,1530,2026-12-18,0.3150684932,163.0114203194,195.0000000000,0.2898120284
daily,XOM,2026-08-25,1530,2026-12-18,0.3150684932,163.0114203194,200.0000000000,0.2920032310
daily,XOM,2026-08-25,1530,2027-01-15,0.3917808219,163.4569155936,120.0000000000,0.3319152466
daily,XOM,2026-08-25,1530,2027-01-15,0.3917808219,163.4569155936,125.0000000000,0.3213549114
daily,XOM,2026-08-25,1530,2027-01-15,0.3917808219,163.4569155936,130.0000000000,0.3118475583
daily,XOM,2026-08-25,1530,2027-01-15,0.3917808219,163.4569155936,135.0000000000,0.3047527750
daily,XOM,2026-08-25,1530,2027-01-15,0.3917808219,163.4569155936,140.0000000000,0.3000335869
daily,XOM,2026-08-25,1530,2027-01-15,0.3917808219,163.4569155936,145.0000000000,0.2937079773
daily,XOM,2026-08-25,1530,2027-01-15,0.3917808219,163.4569155936,150.0000000000,0.2885311448
daily,XOM,2026-08-25,1530,2027-01-15,0.3917808219,163.4569155936,155.0000000000,0.2855324119
daily,XOM,2026-08-25,1530,2027-01-15,0.3917808219,163.4569155936,160.0000000000,0.2837217589
daily,XOM,2026-08-25,1530,2027-01-15,0.3917808219,163.4569155936,165.0000000000,0.2798251838
daily,XOM,2026-08-25,1530,2027-01-15,0.3917808219,163.4569155936,170.0000000000,0.2820676461
daily,XOM,2026-08-25,1530,2027-01-15,0.3917808219,163.4569155936,175.0000000000,0.2797907393
daily,XOM,2026-08-25,1530,2027-01-15,0.3917808219,163.4569155936,180.0000000000,0.2812274942
daily,XOM,2026-08-25,1530,2027-01-15,0.3917808219,163.4569155936,185.0000000000,0.2834965994
daily,XOM,2026-08-25,1530,2027-01-15,0.3917808219,163.4569155936,190.0000000000,0.2846209332
daily,XOM,2026-08-25,1530,2027-01-15,0.3917808219,163.4569155936,195.0000000000,0.2857047476
daily,XOM,2026-08-25,1530,2027-01-15,0.3917808219,163.4569155936,200.0000000000,0.2852652749
daily,XOM,2026-08-25,1530,2027-01-15,0.3917808219,163.4569155936,210.0000000000,0.2905406240
daily,XOM,2026-08-25,1530,2027-03-19,0.5643835616,163.5736157144,120.0000000000,0.3251443383
daily,XOM,2026-08-25,1530,2027-03-19,0.5643835616,163.5736157144,125.0000000000,0.3181973170
daily,XOM,2026-08-25,1530,2027-03-19,0.5643835616,163.5736157144,130.0000000000,0.3106971481
daily,XOM,2026-08-25,1530,2027-03-19,0.5643835616,163.5736157144,135.0000000000,0.3065484975
daily,XOM,2026-08-25,1530,2027-03-19,0.5643835616,163.5736157144,140.0000000000,0.3018882975
daily,XOM,2026-08-25,1530,2027-03-19,0.5643835616,163.5736157144,145.0000000000,0.2952569982
daily,XOM,2026-08-25,1530,2027-03-19,0.5643835616,163.5736157144,150.0000000000,0.2920286846
daily,XOM,2026-08-25,1530,2027-03-19,0.5643835616,163.5736157144,155.0000000000,0.2925982579
daily,XOM,2026-08-25,1530,2027-03-19,0.5643835616,163.5736157144,160.0000000000,0.2886316695
daily,XOM,2026-08-25,1530,2027-03-19,0.5643835616,163.5736157144,165.0000000000,0.2847520419
daily,XOM,2026-08-25,1530,2027-03-19,0.5643835616,163.5736157144,170.0000000000,0.2868235534
daily,XOM,2026-08-25,1530,2027-03-19,0.5643835616,163.5736157144,175.0000000000,0.2861584802
daily,XOM,2026-08-25,1530,2027-03-19,0.5643835616,163.5736157144,180.0000000000,0.2851893676
daily,XOM,2026-08-25,1530,2027-03-19,0.5643835616,163.5736157144,185.0000000000,0.2854829336
daily,XOM,2026-08-25,1530,2027-03-19,0.5643835616,163.5736157144,190.0000000000,0.2834321247
daily,XOM,2026-08-25,1530,2027-03-19,0.5643835616,163.5736157144,195.0000000000,0.2843076248
daily,XOM,2026-08-25,1530,2027-03-19,0.5643835616,163.5736157144,200.0000000000,0.2847246015
daily,XOM,2026-08-25,1530,2027-03-19,0.5643835616,163.5736157144,210.0000000000,0.2907593527
daily,XOM,2026-08-25,1530,2027-03-19,0.5643835616,163.5736157144,220.0000000000,0.2926774831
daily,XOM,2026-08-25,1530,2027-04-16,0.6410958904,163.9025064944,115.0000000000,0.3251074160
daily,XOM,2026-08-25,1530,2027-04-16,0.6410958904,163.9025064944,125.0000000000,0.3136940578
daily,XOM,2026-08-25,1530,2027-04-16,0.6410958904,163.9025064944,130.0000000000,0.3083570972
daily,XOM,2026-08-25,1530,2027-04-16,0.6410958904,163.9025064944,135.0000000000,0.3050094634
daily,XOM,2026-08-25,1530,2027-04-16,0.6410958904,163.9025064944,140.0000000000,0.2976169357
daily,XOM,2026-08-25,1530,2027-04-16,0.6410958904,163.9025064944,145.0000000000,0.2962086566
daily,XOM,2026-08-25,1530,2027-04-16,0.6410958904,163.9025064944,150.0000000000,0.2936264447
daily,XOM,2026-08-25,1530,2027-04-16,0.6410958904,163.9025064944,155.0000000000,0.2904152122
daily,XOM,2026-08-25,1530,2027-04-16,0.6410958904,163.9025064944,160.0000000000,0.2880143251
daily,XOM,2026-08-25,1530,2027-04-16,0.6410958904,163.9025064944,165.0000000000,0.2847873933
daily,XOM,2026-08-25,1530,2027-04-16,0.6410958904,163.9025064944,170.0000000000,0.2859453316
daily,XOM,2026-08-25,1530,2027-04-16,0.6410958904,163.9025064944,175.0000000000,0.2823347452
daily,XOM,2026-08-25,1530,2027-04-16,0.6410958904,163.9025064944,180.0000000000,0.2830661114
daily,XOM,2026-08-25,1530,2027-04-16,0.6410958904,163.9025064944,185.0000000000,0.2825491381
daily,XOM,2026-08-25,1530,2027-04-16,0.6410958904,163.9025064944,190.0000000000,0.2823717624
daily,XOM,2026-08-25,1530,2027-04-16,0.6410958904,163.9025064944,195.0000000000,0.2825102273
daily,XOM,2026-08-25,1530,2027-04-16,0.6410958904,163.9025064944,200.0000000000,0.2846466103
daily,XOM,2026-08-25,1530,2027-06-17,0.8109589041,164.3169777287,120.0000000000,0.3181934595
daily,XOM,2026-08-25,1530,2027-06-17,0.8109589041,164.3169777287,125.0000000000,0.3105185056
daily,XOM,2026-08-25,1530,2027-06-17,0.8109589041,164.3169777287,130.0000000000,0.3101752474
daily,XOM,2026-08-25,1530,2027-06-17,0.8109589041,164.3169777287,135.0000000000,0.3056804991
daily,XOM,2026-08-25,1530,2027-06-17,0.8109589041,164.3169777287,140.0000000000,0.3037775965
daily,XOM,2026-08-25,1530,2027-06-17,0.8109589041,164.3169777287,145.0000000000,0.2974358876
daily,XOM,2026-08-25,1530,2027-06-17,0.8109589041,164.3169777287,150.0000000000,0.2936605961
daily,XOM,2026-08-25,1530,2027-06-17,0.8109589041,164.3169777287,155.0000000000,0.2914038087
daily,XOM,2026-08-25,1530,2027-06-17,0.8109589041,164.3169777287,160.0000000000,0.2859714205
daily,XOM,2026-08-25,1530,2027-06-17,0.8109589041,164.3169777287,165.0000000000,0.2854340213
daily,XOM,2026-08-25,1530,2027-06-17,0.8109589041,164.3169777287,170.0000000000,0.2842001154
daily,XOM,2026-08-25,1530,2027-06-17,0.8109589041,164.3169777287,175.0000000000,0.2842512749
daily,XOM,2026-08-25,1530,2027-06-17,0.8109589041,164.3169777287,180.0000000000,0.2845359087
daily,XOM,2026-08-25,1530,2027-06-17,0.8109589041,164.3169777287,185.0000000000,0.2821204090
daily,XOM,2026-08-25,1530,2027-06-17,0.8109589041,164.3169777287,190.0000000000,0.2827482108
daily,XOM,2026-08-25,1530,2027-06-17,0.8109589041,164.3169777287,195.0000000000,0.2825246296
daily,XOM,2026-08-25,1530,2027-06-17,0.8109589041,164.3169777287,200.0000000000,0.2848864601
daily,XOM,2026-08-25,1530,2027-06-17,0.8109589041,164.3169777287,210.0000000000,0.2846356766
daily,XOM,2026-08-25,1530,2027-06-17,0.8109589041,164.3169777287,220.0000000000,0.2901762473
daily,XOM,2026-08-25,1530,2027-06-17,0.8109589041,164.3169777287,230.0000000000,0.2942605906
daily,XOM,2026-08-25,1530,2027-06-17,0.8109589041,164.3169777287,250.0000000000,0.2985550646
daily,XOM,2026-08-25,1530,2027-09-17,1.0630136986,164.9899297483,110.0000000000,0.3229025430
daily,XOM,2026-08-25,1530,2027-09-17,1.0630136986,164.9899297483,115.0000000000,0.3178040477
daily,XOM,2026-08-25,1530,2027-09-17,1.0630136986,164.9899297483,120.0000000000,0.3129747995
daily,XOM,2026-08-25,1530,2027-09-17,1.0630136986,164.9899297483,125.0000000000,0.3104547275
daily,XOM,2026-08-25,1530,2027-09-17,1.0630136986,164.9899297483,135.0000000000,0.2995621854
daily,XOM,2026-08-25,1530,2027-09-17,1.0630136986,164.9899297483,140.0000000000,0.2896522666
daily,XOM,2026-08-25,1530,2027-09-17,1.0630136986,164.9899297483,145.0000000000,0.2919313475
daily,XOM,2026-08-25,1530,2027-09-17,1.0630136986,164.9899297483,150.0000000000,0.2903150681
daily,XOM,2026-08-25,1530,2027-09-17,1.0630136986,164.9899297483,155.0000000000,0.2854200997
daily,XOM,2026-08-25,1530,2027-09-17,1.0630136986,164.9899297483,160.0000000000,0.2775802623
daily,XOM,2026-08-25,1530,2027-09-17,1.0630136986,164.9899297483,165.0000000000,0.2824078984
daily,XOM,2026-08-25,1530,2027-09-17,1.0630136986,164.9899297483,170.0000000000,0.2840629027
daily,XOM,2026-08-25,1530,2027-09-17,1.0630136986,164.9899297483,175.0000000000,0.2830268457
daily,XOM,2026-08-25,1530,2027-09-17,1.0630136986,164.9899297483,180.0000000000,0.2830748135
daily,XOM,2026-08-25,1530,2027-09-17,1.0630136986,164.9899297483,185.0000000000,0.2827743982
daily,XOM,2026-08-25,1530,2027-09-17,1.0630136986,164.9899297483,190.0000000000,0.2817023332
daily,XOM,2026-08-25,1530,2027-09-17,1.0630136986,164.9899297483,195.0000000000,0.2823355039
daily,XOM,2026-08-25,1530,2027-09-17,1.0630136986,164.9899297483,200.0000000000,0.2823938826
daily,XOM,2026-08-25,1530,2027-09-17,1.0630136986,164.9899297483,210.0000000000,0.2829360037
daily,XOM,2026-08-25,1530,2027-09-17,1.0630136986,164.9899297483,220.0000000000,0.2857186611
daily,XOM,2026-08-25,1530,2027-09-17,1.0630136986,164.9899297483,230.0000000000,0.2876870617
daily,XOM,2026-08-25,1530,2027-12-17,1.3123287671,165.9989193586,100.0000000000,0.3336639810
daily,XOM,2026-08-25,1530,2027-12-17,1.3123287671,165.9989193586,105.0000000000,0.3287183135
daily,XOM,2026-08-25,1530,2027-12-17,1.3123287671,165.9989193586,110.0000000000,0.3206440728
daily,XOM,2026-08-25,1530,2027-12-17,1.3123287671,165.9989193586,115.0000000000,0.3148291747
daily,XOM,2026-08-25,1530,2027-12-17,1.3123287671,165.9989193586,120.0000000000,0.3101001561
daily,XOM,2026-08-25,1530,2027-12-17,1.3123287671,165.9989193586,125.0000000000,0.3067236820
daily,XOM,2026-08-25,1530,2027-12-17,1.3123287671,165.9989193586,130.0000000000,0.3050191220
daily,XOM,2026-08-25,1530,2027-12-17,1.3123287671,165.9989193586,135.0000000000,0.3002203383
daily,XOM,2026-08-25,1530,2027-12-17,1.3123287671,165.9989193586,140.0000000000,0.2962239209
daily,XOM,2026-08-25,1530,2027-12-17,1.3123287671,165.9989193586,145.0000000000,0.2953069905
daily,XOM,2026-08-25,1530,2027-12-17,1.3123287671,165.9989193586,150.0000000000,0.2915786774
daily,XOM,2026-08-25,1530,2027-12-17,1.3123287671,165.9989193586,155.0000000000,0.2900319258
daily,XOM,2026-08-25,1530,2027-12-17,1.3123287671,165.9989193586,160.0000000000,0.2876937526
daily,XOM,2026-08-25,1530,2027-12-17,1.3123287671,165.9989193586,165.0000000000,0.2849910477
daily,XOM,2026-08-25,1530,2027-12-17,1.3123287671,165.9989193586,170.0000000000,0.2832303110
daily,XOM,2026-08-25,1530,2027-12-17,1.3123287671,165.9989193586,175.0000000000,0.2791808738
daily,XOM,2026-08-25,1530,2027-12-17,1.3123287671,165.9989193586,180.0000000000,0.2817013955
daily,XOM,2026-08-25,1530,2027-12-17,1.3123287671,165.9989193586,185.0000000000,0.2821500923
daily,XOM,2026-08-25,1530,2027-12-17,1.3123287671,165.9989193586,190.0000000000,0.2813797669
daily,XOM,2026-08-25,1530,2027-12-17,1.3123287671,165.9989193586,195.0000000000,0.2817072842
daily,XOM,2026-08-25,1530,2027-12-17,1.3123287671,165.9989193586,200.0000000000,0.2827312978
daily,XOM,2026-08-25,1530,2027-12-17,1.3123287671,165.9989193586,230.0000000000,0.2843859875
daily,XOM,2026-08-25,1530,2027-12-17,1.3123287671,165.9989193586,240.0000000000,0.2852404921
daily,XOM,2026-08-25,1530,2027-12-17,1.3123287671,165.9989193586,250.0000000000,0.2854503508
daily,XOM,2026-08-25,1530,2028-01-21,1.4082191781,166.5658167695,100.0000000000,0.3312840681
daily,XOM,2026-08-25,1530,2028-01-21,1.4082191781,166.5658167695,105.0000000000,0.3237756436
daily,XOM,2026-08-25,1530,2028-01-21,1.4082191781,166.5658167695,110.0000000000,0.3200542857
daily,XOM,2026-08-25,1530,2028-01-21,1.4082191781,166.5658167695,115.0000000000,0.3143489806
daily,XOM,2026-08-25,1530,2028-01-21,1.4082191781,166.5658167695,120.0000000000,0.3092466889
daily,XOM,2026-08-25,1530,2028-01-21,1.4082191781,166.5658167695,125.0000000000,0.3055703696
daily,XOM,2026-08-25,1530,2028-01-21,1.4082191781,166.5658167695,130.0000000000,0.3014921846
daily,XOM,2026-08-25,1530,2028-01-21,1.4082191781,166.5658167695,135.0000000000,0.2998865357
daily,XOM,2026-08-25,1530,2028-01-21,1.4082191781,166.5658167695,140.0000000000,0.2954945667
daily,XOM,2026-08-25,1530,2028-01-21,1.4082191781,166.5658167695,145.0000000000,0.2937379819
daily,XOM,2026-08-25,1530,2028-01-21,1.4082191781,166.5658167695,150.0000000000,0.2910141094
daily,XOM,2026-08-25,1530,2028-01-21,1.4082191781,166.5658167695,155.0000000000,0.2886195057
daily,XOM,2026-08-25,1530,2028-01-21,1.4082191781,166.5658167695,160.0000000000,0.2839111029
daily,XOM,2026-08-25,1530,2028-01-21,1.4082191781,166.5658167695,165.0000000000,0.2854525062
daily,XOM,2026-08-25,1530,2028-01-21,1.4082191781,166.5658167695,170.0000000000,0.2846873334
daily,XOM,2026-08-25,1530,2028-01-21,1.4082191781,166.5658167695,175.0000000000,0.2841081596
daily,XOM,2026-08-25,1530,2028-01-21,1.4082191781,166.5658167695,180.0000000000,0.2822325020
daily,XOM,2026-08-25,1530,2028-01-21,1.4082191781,166.5658167695,185.0000000000,0.2812803137
daily,XOM,2026-08-25,1530,2028-01-21,1.4082191781,166.5658167695,190.0000000000,0.2814645564
daily,XOM,2026-08-25,1530,2028-01-21,1.4082191781,166.5658167695,195.0000000000,0.2820851327
daily,XOM,2026-08-25,1530,2028-01-21,1.4082191781,166.5658167695,200.0000000000,0.2810359411
daily,XOM,2026-08-25,1530,2028-01-21,1.4082191781,166.5658167695,210.0000000000,0.2811362481
daily,XOM,2026-08-25,1530,2028-01-21,1.4082191781,166.5658167695,220.0000000000,0.2813140279
daily,XOM,2026-08-25,1530,2028-01-21,1.4082191781,166.5658167695,230.0000000000,0.2831607732
daily,XOM,2026-08-25,1530,2028-01-21,1.4082191781,166.5658167695,240.0000000000,0.2847171289
daily,XOM,2026-08-25,1530,2028-01-21,1.4082191781,166.5658167695,250.0000000000,0.2862566986
daily,XOM,2026-08-25,1530,2028-01-21,1.4082191781,166.5658167695,260.0000000000,0.2888533649
daily,XOM,2026-08-26,1530,2026-09-04,0.0246575342,158.7758126386,150.0000000000,0.3167697319
daily,XOM,2026-08-26,1530,2026-09-04,0.0246575342,158.7758126386,152.5000000000,0.3083102970
daily,XOM,2026-08-26,1530,2026-09-04,0.0246575342,158.7758126386,155.0000000000,0.3066418962
daily,XOM,2026-08-26,1530,2026-09-04,0.0246575342,158.7758126386,157.5000000000,0.3007190025
daily,XOM,2026-08-26,1530,2026-09-04,0.0246575342,158.7758126386,160.0000000000,0.2790945001
daily,XOM,2026-08-26,1530,2026-09-04,0.0246575342,158.7758126386,162.5000000000,0.2720922741
daily,XOM,2026-08-26,1530,2026-09-11,0.0438356164,158.6941056022,150.0000000000,0.2779802193
daily,XOM,2026-08-26,1530,2026-09-11,0.0438356164,158.6941056022,152.5000000000,0.2763909590
daily,XOM,2026-08-26,1530,2026-09-11,0.0438356164,158.6941056022,155.0000000000,0.2763482587
daily,XOM,2026-08-26,1530,2026-09-11,0.0438356164,158.6941056022,157.5000000000,0.2728583731
daily,XOM,2026-08-26,1530,2026-09-11,0.0438356164,158.6941056022,160.0000000000,0.2700412720
daily,XOM,2026-08-26,1530,2026-09-11,0.0438356164,158.6941056022,162.5000000000,0.2679359752
daily,XOM,2026-08-26,1530,2026-09-11,0.0438356164,158.6941056022,165.0000000000,0.2657763459
daily,XOM,2026-08-26,1530,2026-09-11,0.0438356164,158.6941056022,167.5000000000,0.2664508786
daily,XOM,2026-08-26,1530,2026-09-18,0.0630136986,158.8084268655,145.0000000000,0.2985373138
daily,XOM,2026-08-26,1530,2026-09-18,0.0630136986,158.8084268655,150.0000000000,0.2863096217
daily,XOM,2026-08-26,1530,2026-09-18,0.0630136986,158.8084268655,152.5000000000,0.2827918075
daily,XOM,2026-08-26,1530,2026-09-18,0.0630136986,158.8084268655,155.0000000000,0.2754497676
daily,XOM,2026-08-26,1530,2026-09-18,0.0630136986,158.8084268655,157.5000000000,0.2769384579
daily,XOM,2026-08-26,1530,2026-09-18,0.0630136986,158.8084268655,160.0000000000,0.2724692281
daily,XOM,2026-08-26,1530,2026-09-18,0.0630136986,158.8084268655,162.5000000000,0.2717602057
daily,XOM,2026-08-26,1530,2026-09-18,0.0630136986,158.8084268655,165.0000000000,0.2706332952
daily,XOM,2026-08-26,1530,2026-09-18,0.0630136986,158.8084268655,167.5000000000,0.2721187873
daily,XOM,2026-08-26,1530,2026-09-18,0.0630136986,158.8084268655,170.0000000000,0.2733203160
daily,XOM,2026-08-26,1530,2026-09-18,0.0630136986,158.8084268655,175.0000000000,0.2781538521
daily,XOM,2026-08-26,1530,2026-09-25,0.0821917808,158.9569005207,152.5000000000,0.2764108402
daily,XOM,2026-08-26,1530,2026-09-25,0.0821917808,158.9569005207,155.0000000000,0.2778328173
daily,XOM,2026-08-26,1530,2026-09-25,0.0821917808,158.9569005207,157.5000000000,0.2737658149
daily,XOM,2026-08-26,1530,2026-09-25,0.0821917808,158.9569005207,160.0000000000,0.2721164275
daily,XOM,2026-08-26,1530,2026-09-25,0.0821917808,158.9569005207,162.5000000000,0.2711442476
daily,XOM,2026-08-26,1530,2026-09-25,0.0821917808,158.9569005207,165.0000000000,0.2685724185
daily,XOM,2026-08-26,1530,2026-09-25,0.0821917808,158.9569005207,167.5000000000,0.2676711531
daily,XOM,2026-08-26,1530,2026-09-25,0.0821917808,158.9569005207,170.0000000000,0.2687872014
daily,XOM,2026-08-26,1530,2026-10-16,0.1397260274,159.3008301008,130.0000000000,0.3232771407
daily,XOM,2026-08-26,1530,2026-10-16,0.1397260274,159.3008301008,140.0000000000,0.3011289003
daily,XOM,2026-08-26,1530,2026-10-16,0.1397260274,159.3008301008,145.0000000000,0.2907476475
daily,XOM,2026-08-26,1530,2026-10-16,0.1397260274,159.3008301008,150.0000000000,0.2841776571
daily,XOM,2026-08-26,1530,2026-10-16,0.1397260274,159.3008301008,155.0000000000,0.2800882945
daily,XOM,2026-08-26,1530,2026-10-16,0.1397260274,159.3008301008,160.0000000000,0.2751978245
daily,XOM,2026-08-26,1530,2026-10-16,0.1397260274,159.3008301008,165.0000000000,0.2721117238
daily,XOM,2026-08-26,1530,2026-10-16,0.1397260274,159.3008301008,170.0000000000,0.2727417959
daily,XOM,2026-08-26,1530,2026-10-16,0.1397260274,159.3008301008,175.0000000000,0.2755291501
daily,XOM,2026-08-26,1530,2026-10-16,0.1397260274,159.3008301008,180.0000000000,0.2802720584
daily,XOM,2026-08-26,1530,2026-10-16,0.1397260274,159.3008301008,190.0000000000,0.2963874431
daily,XOM,2026-08-26,1530,2026-11-20,0.2356164384,159.2389891292,125.0000000000,0.3302226332
daily,XOM,2026-08-26,1530,2026-11-20,0.2356164384,159.2389891292,135.0000000000,0.3092745436
daily,XOM,2026-08-26,1530,2026-11-20,0.2356164384,159.2389891292,140.0000000000,0.3048334667
daily,XOM,2026-08-26,1530,2026-11-20,0.2356164384,159.2389891292,145.0000000000,0.2932897211
daily,XOM,2026-08-26,1530,2026-11-20,0.2356164384,159.2389891292,150.0000000000,0.2949428253
daily,XOM,2026-08-26,1530,2026-11-20,0.2356164384,159.2389891292,155.0000000000,0.2914477727
daily,XOM,2026-08-26,1530,2026-11-20,0.2356164384,159.2389891292,160.0000000000,0.2874146733
daily,XOM,2026-08-26,1530,2026-11-20,0.2356164384,159.2389891292,165.0000000000,0.2840112068
daily,XOM,2026-08-26,1530,2026-11-20,0.2356164384,159.2389891292,170.0000000000,0.2823684293
daily,XOM,2026-08-26,1530,2026-11-20,0.2356164384,159.2389891292,175.0000000000,0.2822203952
daily,XOM,2026-08-26,1530,2026-11-20,0.2356164384,159.2389891292,180.0000000000,0.2846081111
daily,XOM,2026-08-26,1530,2026-11-20,0.2356164384,159.2389891292,185.0000000000,0.2909242612
daily,XOM,2026-08-26,1530,2026-11-20,0.2356164384,159.2389891292,190.0000000000,0.2948262762
daily,XOM,2026-08-26,1530,2026-11-20,0.2356164384,159.2389891292,195.0000000000,0.2996433017
daily,XOM,2026-08-26,1530,2026-12-18,0.3123287671,159.6354463871,120.0000000000,0.3292618644
daily,XOM,2026-08-26,1530,2026-12-18,0.3123287671,159.6354463871,130.0000000000,0.3131945818
daily,XOM,2026-08-26,1530,2026-12-18,0.3123287671,159.6354463871,135.0000000000,0.3030193800
daily,XOM,2026-08-26,1530,2026-12-18,0.3123287671,159.6354463871,140.0000000000,0.2953858011
daily,XOM,2026-08-26,1530,2026-12-18,0.3123287671,159.6354463871,145.0000000000,0.2939841383
daily,XOM,2026-08-26,1530,2026-12-18,0.3123287671,159.6354463871,150.0000000000,0.2910559244
daily,XOM,2026-08-26,1530,2026-12-18,0.3123287671,159.6354463871,155.0000000000,0.2876260369
daily,XOM,2026-08-26,1530,2026-12-18,0.3123287671,159.6354463871,160.0000000000,0.2780530498
daily,XOM,2026-08-26,1530,2026-12-18,0.3123287671,159.6354463871,165.0000000000,0.2761758677
daily,XOM,2026-08-26,1530,2026-12-18,0.3123287671,159.6354463871,170.0000000000,0.2763180891
daily,XOM,2026-08-26,1530,2026-12-18,0.3123287671,159.6354463871,175.0000000000,0.2761870086
daily,XOM,2026-08-26,1530,2026-12-18,0.3123287671,159.6354463871,180.0000000000,0.2769010545
daily,XOM,2026-08-26,1530,2026-12-18,0.3123287671,159.6354463871,185.0000000000,0.2796691659
daily,XOM,2026-08-26,1530,2026-12-18,0.3123287671,159.6354463871,190.0000000000,0.2887282526
daily,XOM,2026-08-26,1530,2027-01-15,0.3890410959,160.1071942588,120.0000000000,0.3244060090
daily,XOM,2026-08-26,1530,2027-01-15,0.3890410959,160.1071942588,125.0000000000,0.3183597293
daily,XOM,2026-08-26,1530,2027-01-15,0.3890410959,160.1071942588,135.0000000000,0.3002807705
daily,XOM,2026-08-26,1530,2027-01-15,0.3890410959,160.1071942588,140.0000000000,0.2897592734
daily,XOM,2026-08-26,1530,2027-01-15,0.3890410959,160.1071942588,145.0000000000,0.2864623276
daily,XOM,2026-08-26,1530,2027-01-15,0.3890410959,160.1071942588,150.0000000000,0.2808821739
daily,XOM,2026-08-26,1530,2027-01-15,0.3890410959,160.1071942588,155.0000000000,0.2788023562
daily,XOM,2026-08-26,1530,2027-01-15,0.3890410959,160.1071942588,160.0000000000,0.2797269096
daily,XOM,2026-08-26,1530,2027-01-15,0.3890410959,160.1071942588,165.0000000000,0.2716703253
daily,XOM,2026-08-26,1530,2027-01-15,0.3890410959,160.1071942588,170.0000000000,0.2718093037
daily,XOM,2026-08-26,1530,2027-01-15,0.3890410959,160.1071942588,175.0000000000,0.2782496076
daily,XOM,2026-08-26,1530,2027-01-15,0.3890410959,160.1071942588,180.0000000000,0.2790863045
daily,XOM,2026-08-26,1530,2027-01-15,0.3890410959,160.1071942588,185.0000000000,0.2813941149
daily,XOM,2026-08-26,1530,2027-01-15,0.3890410959,160.1071942588,190.0000000000,0.2856074094
daily,XOM,2026-08-26,1530,2027-01-15,0.3890410959,160.1071942588,195.0000000000,0.2845830445
daily,XOM,2026-08-26,1530,2027-03-19,0.5616438356,160.4774380076,110.0000000000,0.3367396009
daily,XOM,2026-08-26,1530,2027-03-19,0.5616438356,160.4774380076,120.0000000000,0.3189715471
daily,XOM,2026-08-26,1530,2027-03-19,0.5616438356,160.4774380076,125.0000000000,0.3142726822
daily,XOM,2026-08-26,1530,2027-03-19,0.5616438356,160.4774380076,130.0000000000,0.3048711784
daily,XOM,2026-08-26,1530,2027-03-19,0.5616438356,160.4774380076,135.0000000000,0.3000550074
daily,XOM,2026-08-26,1530,2027-03-19,0.5616438356,160.4774380076,140.0000000000,0.2916630295
daily,XOM,2026-08-26,1530,2027-03-19,0.5616438356,160.4774380076,145.0000000000,0.2916059228
daily,XOM,2026-08-26,1530,2027-03-19,0.5616438356,160.4774380076,150.0000000000,0.2848429367
daily,XOM,2026-08-26,1530,2027-03-19,0.5616438356,160.4774380076,155.0000000000,0.2852307363
daily,XOM,2026-08-26,1530,2027-03-19,0.5616438356,160.4774380076,160.0000000000,0.2792898135
daily,XOM,2026-08-26,1530,2027-03-19,0.5616438356,160.4774380076,165.0000000000,0.2745381844
daily,XOM,2026-08-26,1530,2027-03-19,0.5616438356,160.4774380076,170.0000000000,0.2739771077
daily,XOM,2026-08-26,1530,2027-03-19,0.5616438356,160.4774380076,175.0000000000,0.2742959541
daily,XOM,2026-08-26,1530,2027-03-19,0.5616438356,160.4774380076,180.0000000000,0.2743779101
daily,XOM,2026-08-26,1530,2027-03-19,0.5616438356,160.4774380076,185.0000000000,0.2754370287
daily,XOM,2026-08-26,1530,2027-03-19,0.5616438356,160.4774380076,190.0000000000,0.2775800539
daily,XOM,2026-08-26,1530,2027-03-19,0.5616438356,160.4774380076,195.0000000000,0.2776078858
daily,XOM,2026-08-26,1530,2027-03-19,0.5616438356,160.4774380076,200.0000000000,0.2823171952
daily,XOM,2026-08-26,1530,2027-03-19,0.5616438356,160.4774380076,210.0000000000,0.2902317016
daily,XOM,2026-08-26,1530,2027-04-16,0.6383561644,161.1376192613,110.4525242851,0.3158589322
daily,XOM,2026-08-26,1530,2027-04-16,0.6383561644,161.1376192613,130.0000000000,0.3022302109
daily,XOM,2026-08-26,1530,2027-04-16,0.6383561644,161.1376192613,135.0000000000,0.3018703419
daily,XOM,2026-08-26,1530,2027-04-16,0.6383561644,161.1376192613,140.0000000000,0.2963086841
daily,XOM,2026-08-26,1530,2027-04-16,0.6383561644,161.1376192613,145.0000000000,0.2872116624
daily,XOM,2026-08-26,1530,2027-04-16,0.6383561644,161.1376192613,150.0000000000,0.2826312656
daily,XOM,2026-08-26,1530,2027-04-16,0.6383561644,161.1376192613,155.0000000000,0.2797893456
daily,XOM,2026-08-26,1530,2027-04-16,0.6383561644,161.1376192613,160.0000000000,0.2767817785
daily,XOM,2026-08-26,1530,2027-04-16,0.6383561644,161.1376192613,165.0000000000,0.2723165755
daily,XOM,2026-08-26,1530,2027-04-16,0.6383561644,161.1376192613,170.0000000000,0.2715509571
daily,XOM,2026-08-26,1530,2027-04-16,0.6383561644,161.1376192613,175.0000000000,0.2723120456
daily,XOM,2026-08-26,1530,2027-04-16,0.6383561644,161.1376192613,180.0000000000,0.2730960173
daily,XOM,2026-08-26,1530,2027-04-16,0.6383561644,161.1376192613,185.0000000000,0.2756212053
daily,XOM,2026-08-26,1530,2027-06-17,0.8082191781,161.2138051238,115.0000000000,0.3242313330
daily,XOM,2026-08-26,1530,2027-06-17,0.8082191781,161.2138051238,120.0000000000,0.3162188117
daily,XOM,2026-08-26,1530,2027-06-17,0.8082191781,161.2138051238,125.0000000000,0.3117776603
daily,XOM,2026-08-26,1530,2027-06-17,0.8082191781,161.2138051238,130.0000000000,0.3074950150
daily,XOM,2026-08-26,1530,2027-06-17,0.8082191781,161.2138051238,135.0000000000,0.2988180994
daily,XOM,2026-08-26,1530,2027-06-17,0.8082191781,161.2138051238,140.0000000000,0.2950995043
daily,XOM,2026-08-26,1530,2027-06-17,0.8082191781,161.2138051238,145.0000000000,0.2935986447
daily,XOM,2026-08-26,1530,2027-06-17,0.8082191781,161.2138051238,150.0000000000,0.2899686350
daily,XOM,2026-08-26,1530,2027-06-17,0.8082191781,161.2138051238,155.0000000000,0.2881348951
daily,XOM,2026-08-26,1530,2027-06-17,0.8082191781,161.2138051238,160.0000000000,0.2858009856
daily,XOM,2026-08-26,1530,2027-06-17,0.8082191781,161.2138051238,165.0000000000,0.2814038346
daily,XOM,2026-08-26,1530,2027-06-17,0.8082191781,161.2138051238,170.0000000000,0.2812131542
daily,XOM,2026-08-26,1530,2027-06-17,0.8082191781,161.2138051238,175.0000000000,0.2809779670
daily,XOM,2026-08-26,1530,2027-06-17,0.8082191781,161.2138051238,180.0000000000,0.2808611002
daily,XOM,2026-08-26,1530,2027-06-17,0.8082191781,161.2138051238,185.0000000000,0.2794142534
daily,XOM,2026-08-26,1530,2027-06-17,0.8082191781,161.2138051238,190.0000000000,0.2828792145
daily,XOM,2026-08-26,1530,2027-06-17,0.8082191781,161.2138051238,195.0000000000,0.2839709002
daily,XOM,2026-08-26,1530,2027-06-17,0.8082191781,161.2138051238,200.0000000000,0.2861062513
daily,XOM,2026-08-26,1530,2027-06-17,0.8082191781,161.2138051238,210.0000000000,0.2832608388
daily,XOM,2026-08-26,1530,2027-06-17,0.8082191781,161.2138051238,230.0000000000,0.2984525965
daily,XOM,2026-08-26,1530,2027-09-17,1.0602739726,162.0090914766,115.0000000000,0.3131505552
daily,XOM,2026-08-26,1530,2027-09-17,1.0602739726,162.0090914766,120.0000000000,0.3075183977
daily,XOM,2026-08-26,1530,2027-09-17,1.0602739726,162.0090914766,125.0000000000,0.3040461225
daily,XOM,2026-08-26,1530,2027-09-17,1.0602739726,162.0090914766,130.0000000000,0.2997336034
daily,XOM,2026-08-26,1530,2027-09-17,1.0602739726,162.0090914766,135.0000000000,0.2987644900
daily,XOM,2026-08-26,1530,2027-09-17,1.0602739726,162.0090914766,140.0000000000,0.2939593747
daily,XOM,2026-08-26,1530,2027-09-17,1.0602739726,162.0090914766,145.0000000000,0.2906540901
daily,XOM,2026-08-26,1530,2027-09-17,1.0602739726,162.0090914766,150.0000000000,0.2841634945
daily,XOM,2026-08-26,1530,2027-09-17,1.0602739726,162.0090914766,155.0000000000,0.2815546467
daily,XOM,2026-08-26,1530,2027-09-17,1.0602739726,162.0090914766,160.0000000000,0.2776070203
daily,XOM,2026-08-26,1530,2027-09-17,1.0602739726,162.0090914766,165.0000000000,0.2723118365
daily,XOM,2026-08-26,1530,2027-09-17,1.0602739726,162.0090914766,170.0000000000,0.2717592582
daily,XOM,2026-08-26,1530,2027-09-17,1.0602739726,162.0090914766,175.0000000000,0.2718228813
daily,XOM,2026-08-26,1530,2027-09-17,1.0602739726,162.0090914766,180.0000000000,0.2732904398
daily,XOM,2026-08-26,1530,2027-09-17,1.0602739726,162.0090914766,185.0000000000,0.2720893248
daily,XOM,2026-08-26,1530,2027-09-17,1.0602739726,162.0090914766,190.0000000000,0.2726913079
daily,XOM,2026-08-26,1530,2027-09-17,1.0602739726,162.0090914766,195.0000000000,0.2781118550
daily,XOM,2026-08-26,1530,2027-09-17,1.0602739726,162.0090914766,210.0000000000,0.2832022982
daily,XOM,2026-08-26,1530,2027-12-17,1.3095890411,163.1007809364,100.0000000000,0.3320865921
daily,XOM,2026-08-26,1530,2027-12-17,1.3095890411,163.1007809364,105.0000000000,0.3238647102
daily,XOM,2026-08-26,1530,2027-12-17,1.3095890411,163.1007809364,110.0000000000,0.3180358224
daily,XOM,2026-08-26,1530,2027-12-17,1.3095890411,163.1007809364,115.0000000000,0.3118441288
daily,XOM,2026-08-26,1530,2027-12-17,1.3095890411,163.1007809364,120.0000000000,0.3093305073
daily,XOM,2026-08-26,1530,2027-12-17,1.3095890411,163.1007809364,125.0000000000,0.3049518093
daily,XOM,2026-08-26,1530,2027-12-17,1.3095890411,163.1007809364,130.0000000000,0.2993861635
daily,XOM,2026-08-26,1530,2027-12-17,1.3095890411,163.1007809364,135.0000000000,0.2933989323
daily,XOM,2026-08-26,1530,2027-12-17,1.3095890411,163.1007809364,140.0000000000,0.2888308336
daily,XOM,2026-08-26,1530,2027-12-17,1.3095890411,163.1007809364,145.0000000000,0.2851768391
daily,XOM,2026-08-26,1530,2027-12-17,1.3095890411,163.1007809364,150.0000000000,0.2839960407
daily,XOM,2026-08-26,1530,2027-12-17,1.3095890411,163.1007809364,155.0000000000,0.2824358251
daily,XOM,2026-08-26,1530,2027-12-17,1.3095890411,163.1007809364,160.0000000000,0.2782350796
daily,XOM,2026-08-26,1530,2027-12-17,1.3095890411,163.1007809364,165.0000000000,0.2715799652
daily,XOM,2026-08-26,1530,2027-12-17,1.3095890411,163.1007809364,170.0000000000,0.2675779042
daily,XOM,2026-08-26,1530,2027-12-17,1.3095890411,163.1007809364,175.0000000000,0.2705960661
daily,XOM,2026-08-26,1530,2027-12-17,1.3095890411,163.1007809364,180.0000000000,0.2713262402
daily,XOM,2026-08-26,1530,2027-12-17,1.3095890411,163.1007809364,185.0000000000,0.2724963271
daily,XOM,2026-08-26,1530,2027-12-17,1.3095890411,163.1007809364,190.0000000000,0.2718398627
daily,XOM,2026-08-26,1530,2027-12-17,1.3095890411,163.1007809364,195.0000000000,0.2730386214
daily,XOM,2026-08-26,1530,2027-12-17,1.3095890411,163.1007809364,200.0000000000,0.2777720018
daily,XOM,2026-08-26,1530,2027-12-17,1.3095890411,163.1007809364,210.0000000000,0.2829447512
daily,XOM,2026-08-26,1530,2028-01-21,1.4054794521,163.1459090414,100.0000000000,0.3301473745
daily,XOM,2026-08-26,1530,2028-01-21,1.4054794521,163.1459090414,105.0000000000,0.3176822277
daily,XOM,2026-08-26,1530,2028-01-21,1.4054794521,163.1459090414,110.0000000000,0.3151701522
daily,XOM,2026-08-26,1530,2028-01-21,1.4054794521,163.1459090414,115.0000000000,0.3103564208
daily,XOM,2026-08-26,1530,2028-01-21,1.4054794521,163.1459090414,120.0000000000,0.3058864128
daily,XOM,2026-08-26,1530,2028-01-21,1.4054794521,163.1459090414,125.0000000000,0.2986771021
daily,XOM,2026-08-26,1530,2028-01-21,1.4054794521,163.1459090414,130.0000000000,0.2957720510
daily,XOM,2026-08-26,1530,2028-01-21,1.4054794521,163.1459090414,135.0000000000,0.2916136184
daily,XOM,2026-08-26,1530,2028-01-21,1.4054794521,163.1459090414,140.0000000000,0.2886872369
daily,XOM,2026-08-26,1530,2028-01-21,1.4054794521,163.1459090414,145.0000000000,0.2849652041
daily,XOM,2026-08-26,1530,2028-01-21,1.4054794521,163.1459090414,150.0000000000,0.2815831530
daily,XOM,2026-08-26,1530,2028-01-21,1.4054794521,163.1459090414,155.0000000000,0.2799658459
daily,XOM,2026-08-26,1530,2028-01-21,1.4054794521,163.1459090414,160.0000000000,0.2786563346
daily,XOM,2026-08-26,1530,2028-01-21,1.4054794521,163.1459090414,165.0000000000,0.2749508363
daily,XOM,2026-08-26,1530,2028-01-21,1.4054794521,163.1459090414,170.0000000000,0.2743338115
daily,XOM,2026-08-26,1530,2028-01-21,1.4054794521,163.1459090414,175.0000000000,0.2736640124
daily,XOM,2026-08-26,1530,2028-01-21,1.4054794521,163.1459090414,180.0000000000,0.2732212629
daily,XOM,2026-08-26,1530,2028-01-21,1.4054794521,163.1459090414,185.0000000000,0.2746839038
daily,XOM,2026-08-26,1530,2028-01-21,1.4054794521,163.1459090414,190.0000000000,0.2742676525
daily,XOM,2026-08-26,1530,2028-01-21,1.4054794521,163.1459090414,195.0000000000,0.2739846312
daily,XOM,2026-08-26,1530,2028-01-21,1.4054794521,163.1459090414,200.0000000000,0.2759301055
daily,XOM,2026-08-26,1530,2028-01-21,1.4054794521,163.1459090414,210.0000000000,0.2829909431
daily,XOM,2026-08-26,1530,2028-01-21,1.4054794521,163.1459090414,220.0000000000,0.2850251256
daily,XOM,2026-08-26,1530,2028-01-21,1.4054794521,163.1459090414,240.0000000000,0.2811784739
daily,XOM,2026-08-27,1530,2026-09-04,0.0219178082,157.8518145261,155.0000000000,0.2690577167
daily,XOM,2026-08-27,1530,2026-09-04,0.0219178082,157.8518145261,157.5000000000,0.2685720324
daily,XOM,2026-08-27,1530,2026-09-04,0.0219178082,157.8518145261,160.0000000000,0.2674843148
daily,XOM,2026-08-27,1530,2026-09-04,0.0219178082,157.8518145261,162.5000000000,0.2596676513
daily,XOM,2026-08-27,1530,2026-09-04,0.0219178082,157.8518145261,170.0000000000,0.2749018150
daily,XOM,2026-08-27,1530,2026-09-11,0.0410958904,158.0538840443,149.0000000000,0.2852813372
daily,XOM,2026-08-27,1530,2026-09-11,0.0410958904,158.0538840443,150.0000000000,0.2762606740
daily,XOM,2026-08-27,1530,2026-09-11,0.0410958904,158.0538840443,152.5000000000,0.2689258971
daily,XOM,2026-08-27,1530,2026-09-11,0.0410958904,158.0538840443,155.0000000000,0.2649701060
daily,XOM,2026-08-27,1530,2026-09-11,0.0410958904,158.0538840443,157.5000000000,0.2607602528
daily,XOM,2026-08-27,1530,2026-09-11,0.0410958904,158.0538840443,160.0000000000,0.2591969560
daily,XOM,2026-08-27,1530,2026-09-11,0.0410958904,158.0538840443,162.5000000000,0.2556952552
daily,XOM,2026-08-27,1530,2026-09-11,0.0410958904,158.0538840443,165.0000000000,0.2536326965
daily,XOM,2026-08-27,1530,2026-09-18,0.0602739726,158.1028403987,145.0000000000,0.2978992284
daily,XOM,2026-08-27,1530,2026-09-18,0.0602739726,158.1028403987,150.0000000000,0.2811548606
daily,XOM,2026-08-27,1530,2026-09-18,0.0602739726,158.1028403987,152.5000000000,0.2745823375
daily,XOM,2026-08-27,1530,2026-09-18,0.0602739726,158.1028403987,155.0000000000,0.2704255935
daily,XOM,2026-08-27,1530,2026-09-18,0.0602739726,158.1028403987,157.5000000000,0.2653930910
daily,XOM,2026-08-27,1530,2026-09-18,0.0602739726,158.1028403987,160.0000000000,0.2639785046
daily,XOM,2026-08-27,1530,2026-09-18,0.0602739726,158.1028403987,162.5000000000,0.2651803487
daily,XOM,2026-08-27,1530,2026-09-18,0.0602739726,158.1028403987,165.0000000000,0.2646378476
daily,XOM,2026-08-27,1530,2026-09-18,0.0602739726,158.1028403987,167.5000000000,0.2635859344
daily,XOM,2026-08-27,1530,2026-09-18,0.0602739726,158.1028403987,170.0000000000,0.2690417644
daily,XOM,2026-08-27,1530,2026-09-18,0.0602739726,158.1028403987,172.5000000000,0.2675276758
daily,XOM,2026-08-27,1530,2026-09-18,0.0602739726,158.1028403987,175.0000000000,0.2758943764
daily,XOM,2026-08-27,1530,2026-09-25,0.0794520548,158.3182313060,147.0000000000,0.2807801502
daily,XOM,2026-08-27,1530,2026-09-25,0.0794520548,158.3182313060,148.0000000000,0.2762751352
daily,XOM,2026-08-27,1530,2026-09-25,0.0794520548,158.3182313060,149.0000000000,0.2732869138
daily,XOM,2026-08-27,1530,2026-09-25,0.0794520548,158.3182313060,150.0000000000,0.2749388237
daily,XOM,2026-08-27,1530,2026-09-25,0.0794520548,158.3182313060,152.5000000000,0.2708452794
daily,XOM,2026-08-27,1530,2026-09-25,0.0794520548,158.3182313060,155.0000000000,0.2703375866
daily,XOM,2026-08-27,1530,2026-09-25,0.0794520548,158.3182313060,157.5000000000,0.2671648066
daily,XOM,2026-08-27,1530,2026-09-25,0.0794520548,158.3182313060,160.0000000000,0.2685809369
daily,XOM,2026-08-27,1530,2026-09-25,0.0794520548,158.3182313060,162.5000000000,0.2655404351
daily,XOM,2026-08-27,1530,2026-09-25,0.0794520548,158.3182313060,165.0000000000,0.2628652911
daily,XOM,2026-08-27,1530,2026-09-25,0.0794520548,158.3182313060,167.5000000000,0.2561835793
daily,XOM,2026-08-27,1530,2026-09-25,0.0794520548,158.3182313060,170.0000000000,0.2625708417
daily,XOM,2026-08-27,1530,2026-10-02,0.0986301370,158.2086698248,150.0000000000,0.2775678901
daily,XOM,2026-08-27,1530,2026-10-02,0.0986301370,158.2086698248,152.5000000000,0.2723768959
daily,XOM,2026-08-27,1530,2026-10-02,0.0986301370,158.2086698248,155.0000000000,0.2726292382
daily,XOM,2026-08-27,1530,2026-10-02,0.0986301370,158.2086698248,157.5000000000,0.2733161292
daily,XOM,2026-08-27,1530,2026-10-02,0.0986301370,158.2086698248,160.0000000000,0.2664647358
daily,XOM,2026-08-27,1530,2026-10-02,0.0986301370,158.2086698248,162.5000000000,0.2643852790
daily,XOM,2026-08-27,1530,2026-10-02,0.0986301370,158.2086698248,165.0000000000,0.2677524934
daily,XOM,2026-08-27,1530,2026-10-02,0.0986301370,158.2086698248,170.0000000000,0.2713611041
daily,XOM,2026-08-27,1530,2026-10-16,0.1369863014,158.5639300281,130.0000000000,0.3206417658
daily,XOM,2026-08-27,1530,2026-10-16,0.1369863014,158.5639300281,135.0000000000,0.3126319184
daily,XOM,2026-08-27,1530,2026-10-16,0.1369863014,158.5639300281,140.0000000000,0.3018131120
daily,XOM,2026-08-27,1530,2026-10-16,0.1369863014,158.5639300281,145.0000000000,0.2878982862
daily,XOM,2026-08-27,1530,2026-10-16,0.1369863014,158.5639300281,150.0000000000,0.2791962667
daily,XOM,2026-08-27,1530,2026-10-16,0.1369863014,158.5639300281,155.0000000000,0.2721923061
daily,XOM,2026-08-27,1530,2026-10-16,0.1369863014,158.5639300281,160.0000000000,0.2728444765
daily,XOM,2026-08-27,1530,2026-10-16,0.1369863014,158.5639300281,165.0000000000,0.2714333108
daily,XOM,2026-08-27,1530,2026-10-16,0.1369863014,158.5639300281,170.0000000000,0.2716424847
daily,XOM,2026-08-27,1530,2026-10-16,0.1369863014,158.5639300281,175.0000000000,0.2743649319
daily,XOM,2026-08-27,1530,2026-10-16,0.1369863014,158.5639300281,180.0000000000,0.2764649381
daily,XOM,2026-08-27,1530,2026-10-16,0.1369863014,158.5639300281,185.0000000000,0.2833994813
daily,XOM,2026-08-27,1530,2026-10-16,0.1369863014,158.5639300281,190.0000000000,0.2914382072
daily,XOM,2026-08-27,1530,2026-11-20,0.2328767123,158.3959692614,125.0000000000,0.3284036221
daily,XOM,2026-08-27,1530,2026-11-20,0.2328767123,158.3959692614,130.0000000000,0.3180875938
daily,XOM,2026-08-27,1530,2026-11-20,0.2328767123,158.3959692614,135.0000000000,0.3091564764
daily,XOM,2026-08-27,1530,2026-11-20,0.2328767123,158.3959692614,140.0000000000,0.2982805154
daily,XOM,2026-08-27,1530,2026-11-20,0.2328767123,158.3959692614,145.0000000000,0.2927653375
daily,XOM,2026-08-27,1530,2026-11-20,0.2328767123,158.3959692614,150.0000000000,0.2873228711
daily,XOM,2026-08-27,1530,2026-11-20,0.2328767123,158.3959692614,155.0000000000,0.2836961011
daily,XOM,2026-08-27,1530,2026-11-20,0.2328767123,158.3959692614,160.0000000000,0.2847180574
daily,XOM,2026-08-27,1530,2026-11-20,0.2328767123,158.3959692614,165.0000000000,0.2816798739
daily,XOM,2026-08-27,1530,2026-11-20,0.2328767123,158.3959692614,170.0000000000,0.2792882649
daily,XOM,2026-08-27,1530,2026-11-20,0.2328767123,158.3959692614,175.0000000000,0.2807037401
daily,XOM,2026-08-27,1530,2026-11-20,0.2328767123,158.3959692614,180.0000000000,0.2814122328
daily,XOM,2026-08-27,1530,2026-11-20,0.2328767123,158.3959692614,185.0000000000,0.2832795769
daily,XOM,2026-08-27,1530,2026-11-20,0.2328767123,158.3959692614,190.0000000000,0.2854463011
daily,XOM,2026-08-27,1530,2026-11-20,0.2328767123,158.3959692614,195.0000000000,0.2929477140
daily,XOM,2026-08-27,1530,2026-12-18,0.3095890411,158.5133483232,115.0000000000,0.3347877076
daily,XOM,2026-08-27,1530,2026-12-18,0.3095890411,158.5133483232,120.0000000000,0.3294770784
daily,XOM,2026-08-27,1530,2026-12-18,0.3095890411,158.5133483232,125.0000000000,0.3226962669
daily,XOM,2026-08-27,1530,2026-12-18,0.3095890411,158.5133483232,130.0000000000,0.3102289900
daily,XOM,2026-08-27,1530,2026-12-18,0.3095890411,158.5133483232,135.0000000000,0.3025297375
daily,XOM,2026-08-27,1530,2026-12-18,0.3095890411,158.5133483232,140.0000000000,0.2940493117
daily,XOM,2026-08-27,1530,2026-12-18,0.3095890411,158.5133483232,145.0000000000,0.2883279337
daily,XOM,2026-08-27,1530,2026-12-18,0.3095890411,158.5133483232,150.0000000000,0.2835566738
daily,XOM,2026-08-27,1530,2026-12-18,0.3095890411,158.5133483232,155.0000000000,0.2801799684
daily,XOM,2026-08-27,1530,2026-12-18,0.3095890411,158.5133483232,160.0000000000,0.2813205887
daily,XOM,2026-08-27,1530,2026-12-18,0.3095890411,158.5133483232,165.0000000000,0.2790617781
daily,XOM,2026-08-27,1530,2026-12-18,0.3095890411,158.5133483232,170.0000000000,0.2784763192
daily,XOM,2026-08-27,1530,2026-12-18,0.3095890411,158.5133483232,175.0000000000,0.2772920426
daily,XOM,2026-08-27,1530,2026-12-18,0.3095890411,158.5133483232,180.0000000000,0.2786653027
daily,XOM,2026-08-27,1530,2026-12-18,0.3095890411,158.5133483232,185.0000000000,0.2800945327
daily,XOM,2026-08-27,1530,2026-12-18,0.3095890411,158.5133483232,190.0000000000,0.2811351713
daily,XOM,2026-08-27,1530,2026-12-18,0.3095890411,158.5133483232,200.0000000000,0.2893597681
daily,XOM,2026-08-27,1530,2027-01-15,0.3863013699,158.8436518424,125.0000000000,0.3141733173
daily,XOM,2026-08-27,1530,2027-01-15,0.3863013699,158.8436518424,130.0000000000,0.3059174375
daily,XOM,2026-08-27,1530,2027-01-15,0.3863013699,158.8436518424,135.0000000000,0.2955478612
daily,XOM,2026-08-27,1530,2027-01-15,0.3863013699,158.8436518424,140.0000000000,0.2891940941
daily,XOM,2026-08-27,1530,2027-01-15,0.3863013699,158.8436518424,145.0000000000,0.2828513903
daily,XOM,2026-08-27,1530,2027-01-15,0.3863013699,158.8436518424,150.0000000000,0.2820658479
daily,XOM,2026-08-27,1530,2027-01-15,0.3863013699,158.8436518424,155.0000000000,0.2755401799
daily,XOM,2026-08-27,1530,2027-01-15,0.3863013699,158.8436518424,160.0000000000,0.2785822429
daily,XOM,2026-08-27,1530,2027-01-15,0.3863013699,158.8436518424,165.0000000000,0.2767171142
daily,XOM,2026-08-27,1530,2027-01-15,0.3863013699,158.8436518424,170.0000000000,0.2755900595
daily,XOM,2026-08-27,1530,2027-01-15,0.3863013699,158.8436518424,175.0000000000,0.2739177952
daily,XOM,2026-08-27,1530,2027-01-15,0.3863013699,158.8436518424,180.0000000000,0.2735029940
daily,XOM,2026-08-27,1530,2027-01-15,0.3863013699,158.8436518424,185.0000000000,0.2749667497
daily,XOM,2026-08-27,1530,2027-01-15,0.3863013699,158.8436518424,190.0000000000,0.2775371772
daily,XOM,2026-08-27,1530,2027-01-15,0.3863013699,158.8436518424,200.0000000000,0.2825528660
daily,XOM,2026-08-27,1530,2027-01-15,0.3863013699,158.8436518424,210.0000000000,0.2913516835
daily,XOM,2026-08-27,1530,2027-03-19,0.5589041096,159.1335387851,120.0000000000,0.3203653376
daily,XOM,2026-08-27,1530,2027-03-19,0.5589041096,159.1335387851,125.0000000000,0.3124528432
daily,XOM,2026-08-27,1530,2027-03-19,0.5589041096,159.1335387851,130.0000000000,0.3051756095
daily,XOM,2026-08-27,1530,2027-03-19,0.5589041096,159.1335387851,135.0000000000,0.2994072444
daily,XOM,2026-08-27,1530,2027-03-19,0.5589041096,159.1335387851,140.0000000000,0.2910934923
daily,XOM,2026-08-27,1530,2027-03-19,0.5589041096,159.1335387851,145.0000000000,0.2866095935
daily,XOM,2026-08-27,1530,2027-03-19,0.5589041096,159.1335387851,150.0000000000,0.2828244065
daily,XOM,2026-08-27,1530,2027-03-19,0.5589041096,159.1335387851,155.0000000000,0.2798478079
daily,XOM,2026-08-27,1530,2027-03-19,0.5589041096,159.1335387851,160.0000000000,0.2779794768
daily,XOM,2026-08-27,1530,2027-03-19,0.5589041096,159.1335387851,165.0000000000,0.2758200284
daily,XOM,2026-08-27,1530,2027-03-19,0.5589041096,159.1335387851,170.0000000000,0.2741545590
daily,XOM,2026-08-27,1530,2027-03-19,0.5589041096,159.1335387851,175.0000000000,0.2745497785
daily,XOM,2026-08-27,1530,2027-03-19,0.5589041096,159.1335387851,180.0000000000,0.2723900445
daily,XOM,2026-08-27,1530,2027-03-19,0.5589041096,159.1335387851,185.0000000000,0.2763010338
daily,XOM,2026-08-27,1530,2027-03-19,0.5589041096,159.1335387851,190.0000000000,0.2771522583
daily,XOM,2026-08-27,1530,2027-03-19,0.5589041096,159.1335387851,195.0000000000,0.2800368308
daily,XOM,2026-08-27,1530,2027-03-19,0.5589041096,159.1335387851,210.0000000000,0.2875506976
daily,XOM,2026-08-27,1530,2027-03-19,0.5589041096,159.1335387851,220.0000000000,0.2941862630
daily,XOM,2026-08-27,1530,2027-04-16,0.6356164384,159.2892383293,120.0000000000,0.3174477001
daily,XOM,2026-08-27,1530,2027-04-16,0.6356164384,159.2892383293,125.0000000000,0.3090510639
daily,XOM,2026-08-27,1530,2027-04-16,0.6356164384,159.2892383293,130.0000000000,0.3021285102
daily,XOM,2026-08-27,1530,2027-04-16,0.6356164384,159.2892383293,135.0000000000,0.2992729802
daily,XOM,2026-08-27,1530,2027-04-16,0.6356164384,159.2892383293,140.0000000000,0.2947613214
daily,XOM,2026-08-27,1530,2027-04-16,0.6356164384,159.2892383293,145.0000000000,0.2848220533
daily,XOM,2026-08-27,1530,2027-04-16,0.6356164384,159.2892383293,150.0000000000,0.2836542314
daily,XOM,2026-08-27,1530,2027-04-16,0.6356164384,159.2892383293,155.0000000000,0.2806834201
daily,XOM,2026-08-27,1530,2027-04-16,0.6356164384,159.2892383293,160.0000000000,0.2780970460
daily,XOM,2026-08-27,1530,2027-04-16,0.6356164384,159.2892383293,165.0000000000,0.2770988737
daily,XOM,2026-08-27,1530,2027-04-16,0.6356164384,159.2892383293,170.0000000000,0.2754277856
daily,XOM,2026-08-27,1530,2027-04-16,0.6356164384,159.2892383293,175.0000000000,0.2749540582
daily,XOM,2026-08-27,1530,2027-04-16,0.6356164384,159.2892383293,180.0000000000,0.2755711059
daily,XOM,2026-08-27,1530,2027-04-16,0.6356164384,159.2892383293,185.0000000000,0.2751711892
daily,XOM,2026-08-27,1530,2027-04-16,0.6356164384,159.2892383293,190.0000000000,0.2797267931
daily,XOM,2026-08-27,1530,2027-04-16,0.6356164384,159.2892383293,195.0000000000,0.2808046704
daily,XOM,2026-08-27,1530,2027-04-16,0.6356164384,159.2892383293,200.0000000000,0.2820852714
daily,XOM,2026-08-27,1530,2027-06-17,0.8054794521,159.7135258911,105.0000000000,0.3333849887
daily,XOM,2026-08-27,1530,2027-06-17,0.8054794521,159.7135258911,110.0000000000,0.3231941081
daily,XOM,2026-08-27,1530,2027-06-17,0.8054794521,159.7135258911,115.0000000000,0.3213959470
daily,XOM,2026-08-27,1530,2027-06-17,0.8054794521,159.7135258911,120.0000000000,0.3143055803
daily,XOM,2026-08-27,1530,2027-06-17,0.8054794521,159.7135258911,125.0000000000,0.3082124723
daily,XOM,2026-08-27,1530,2027-06-17,0.8054794521,159.7135258911,130.0000000000,0.3035299098
daily,XOM,2026-08-27,1530,2027-06-17,0.8054794521,159.7135258911,135.0000000000,0.2962337236
daily,XOM,2026-08-27,1530,2027-06-17,0.8054794521,159.7135258911,140.0000000000,0.2932018035
daily,XOM,2026-08-27,1530,2027-06-17,0.8054794521,159.7135258911,145.0000000000,0.2886675259
daily,XOM,2026-08-27,1530,2027-06-17,0.8054794521,159.7135258911,150.0000000000,0.2870005795
daily,XOM,2026-08-27,1530,2027-06-17,0.8054794521,159.7135258911,155.0000000000,0.2822273562
daily,XOM,2026-08-27,1530,2027-06-17,0.8054794521,159.7135258911,160.0000000000,0.2810234076
daily,XOM,2026-08-27,1530,2027-06-17,0.8054794521,159.7135258911,165.0000000000,0.2812771303
daily,XOM,2026-08-27,1530,2027-06-17,0.8054794521,159.7135258911,170.0000000000,0.2779411496
daily,XOM,2026-08-27,1530,2027-06-17,0.8054794521,159.7135258911,175.0000000000,0.2790466347
daily,XOM,2026-08-27,1530,2027-06-17,0.8054794521,159.7135258911,180.0000000000,0.2795790484
daily,XOM,2026-08-27,1530,2027-06-17,0.8054794521,159.7135258911,185.0000000000,0.2804609017
daily,XOM,2026-08-27,1530,2027-06-17,0.8054794521,159.7135258911,190.0000000000,0.2793971277
daily,XOM,2026-08-27,1530,2027-06-17,0.8054794521,159.7135258911,195.0000000000,0.2805150569
daily,XOM,2026-08-27,1530,2027-06-17,0.8054794521,159.7135258911,200.0000000000,0.2815229851
daily,XOM,2026-08-27,1530,2027-06-17,0.8054794521,159.7135258911,210.0000000000,0.2831414160
daily,XOM,2026-08-27,1530,2027-06-17,0.8054794521,159.7135258911,230.0000000000,0.2929262380
daily,XOM,2026-08-27,1530,2027-09-17,1.0575342466,160.0376294553,105.0000000000,0.3249328092
daily,XOM,2026-08-27,1530,2027-09-17,1.0575342466,160.0376294553,115.0000000000,0.3101648036
daily,XOM,2026-08-27,1530,2027-09-17,1.0575342466,160.0376294553,120.0000000000,0.3044374482
daily,XOM,2026-08-27,1530,2027-09-17,1.0575342466,160.0376294553,125.0000000000,0.3007345426
daily,XOM,2026-08-27,1530,2027-09-17,1.0575342466,160.0376294553,130.0000000000,0.2951282934
daily,XOM,2026-08-27,1530,2027-09-17,1.0575342466,160.0376294553,135.0000000000,0.2947556818
daily,XOM,2026-08-27,1530,2027-09-17,1.0575342466,160.0376294553,140.0000000000,0.2959490224
daily,XOM,2026-08-27,1530,2027-09-17,1.0575342466,160.0376294553,145.0000000000,0.2931576901
daily,XOM,2026-08-27,1530,2027-09-17,1.0575342466,160.0376294553,150.0000000000,0.2869991894
daily,XOM,2026-08-27,1530,2027-09-17,1.0575342466,160.0376294553,155.0000000000,0.2840924000
daily,XOM,2026-08-27,1530,2027-09-17,1.0575342466,160.0376294553,160.0000000000,0.2841528537
daily,XOM,2026-08-27,1530,2027-09-17,1.0575342466,160.0376294553,165.0000000000,0.2818413850
daily,XOM,2026-08-27,1530,2027-09-17,1.0575342466,160.0376294553,170.0000000000,0.2807853883
daily,XOM,2026-08-27,1530,2027-09-17,1.0575342466,160.0376294553,175.0000000000,0.2810717442
daily,XOM,2026-08-27,1530,2027-09-17,1.0575342466,160.0376294553,180.0000000000,0.2800349092
daily,XOM,2026-08-27,1530,2027-09-17,1.0575342466,160.0376294553,185.0000000000,0.2791237096
daily,XOM,2026-08-27,1530,2027-09-17,1.0575342466,160.0376294553,190.0000000000,0.2755701456
daily,XOM,2026-08-27,1530,2027-09-17,1.0575342466,160.0376294553,195.0000000000,0.2787106212
daily,XOM,2026-08-27,1530,2027-09-17,1.0575342466,160.0376294553,200.0000000000,0.2798139695
daily,XOM,2026-08-27,1530,2027-09-17,1.0575342466,160.0376294553,210.0000000000,0.2812137234
daily,XOM,2026-08-27,1530,2027-09-17,1.0575342466,160.0376294553,220.0000000000,0.2824914417
daily,XOM,2026-08-27,1530,2027-12-17,1.3068493151,161.2104159165,100.0000000000,0.3276632701
daily,XOM,2026-08-27,1530,2027-12-17,1.3068493151,161.2104159165,105.0000000000,0.3190454561
daily,XOM,2026-08-27,1530,2027-12-17,1.3068493151,161.2104159165,110.0000000000,0.3154205422
daily,XOM,2026-08-27,1530,2027-12-17,1.3068493151,161.2104159165,115.0000000000,0.3109907824
daily,XOM,2026-08-27,1530,2027-12-17,1.3068493151,161.2104159165,120.0000000000,0.3034557204
daily,XOM,2026-08-27,1530,2027-12-17,1.3068493151,161.2104159165,125.0000000000,0.2998878311
daily,XOM,2026-08-27,1530,2027-12-17,1.3068493151,161.2104159165,130.0000000000,0.2943782478
daily,XOM,2026-08-27,1530,2027-12-17,1.3068493151,161.2104159165,135.0000000000,0.2914291639
daily,XOM,2026-08-27,1530,2027-12-17,1.3068493151,161.2104159165,140.0000000000,0.2880559580
daily,XOM,2026-08-27,1530,2027-12-17,1.3068493151,161.2104159165,145.0000000000,0.2875133651
daily,XOM,2026-08-27,1530,2027-12-17,1.3068493151,161.2104159165,150.0000000000,0.2845241968
daily,XOM,2026-08-27,1530,2027-12-17,1.3068493151,161.2104159165,155.0000000000,0.2821711307
daily,XOM,2026-08-27,1530,2027-12-17,1.3068493151,161.2104159165,160.0000000000,0.2771933014
daily,XOM,2026-08-27,1530,2027-12-17,1.3068493151,161.2104159165,165.0000000000,0.2792881235
daily,XOM,2026-08-27,1530,2027-12-17,1.3068493151,161.2104159165,170.0000000000,0.2788427986
daily,XOM,2026-08-27,1530,2027-12-17,1.3068493151,161.2104159165,175.0000000000,0.2764627419
daily,XOM,2026-08-27,1530,2027-12-17,1.3068493151,161.2104159165,180.0000000000,0.2778033163
daily,XOM,2026-08-27,1530,2027-12-17,1.3068493151,161.2104159165,185.0000000000,0.2770200480
daily,XOM,2026-08-27,1530,2027-12-17,1.3068493151,161.2104159165,190.0000000000,0.2759022279
daily,XOM,2026-08-27,1530,2027-12-17,1.3068493151,161.2104159165,195.0000000000,0.2727220070
daily,XOM,2026-08-27,1530,2027-12-17,1.3068493151,161.2104159165,200.0000000000,0.2762883381
daily,XOM,2026-08-27,1530,2027-12-17,1.3068493151,161.2104159165,210.0000000000,0.2788684150
daily,XOM,2026-08-27,1530,2027-12-17,1.3068493151,161.2104159165,220.0000000000,0.2802299070
daily,XOM,2026-08-27,1530,2027-12-17,1.3068493151,161.2104159165,230.0000000000,0.2817314714
daily,XOM,2026-08-27,1530,2027-12-17,1.3068493151,161.2104159165,240.0000000000,0.2840726185
daily,XOM,2026-08-27,1530,2027-12-17,1.3068493151,161.2104159165,250.0000000000,0.2849993877
daily,XOM,2026-08-27,1530,2028-01-21,1.4027397260,161.3580074893,100.0915521320,0.3162656099
daily,XOM,2026-08-27,1530,2028-01-21,1.4027397260,161.3580074893,105.0000000000,0.3157760785
daily,XOM,2026-08-27,1530,2028-01-21,1.4027397260,161.3580074893,110.0000000000,0.3110575487
daily,XOM,2026-08-27,1530,2028-01-21,1.4027397260,161.3580074893,115.0000000000,0.3059285446
daily,XOM,2026-08-27,1530,2028-01-21,1.4027397260,161.3580074893,120.0000000000,0.3006509604
daily,XOM,2026-08-27,1530,2028-01-21,1.4027397260,161.3580074893,125.0000000000,0.2982884237
daily,XOM,2026-08-27,1530,2028-01-21,1.4027397260,161.3580074893,130.0000000000,0.2940392640
daily,XOM,2026-08-27,1530,2028-01-21,1.4027397260,161.3580074893,135.0000000000,0.2923350734
daily,XOM,2026-08-27,1530,2028-01-21,1.4027397260,161.3580074893,140.0000000000,0.2877322070
daily,XOM,2026-08-27,1530,2028-01-21,1.4027397260,161.3580074893,145.0000000000,0.2856521411
daily,XOM,2026-08-27,1530,2028-01-21,1.4027397260,161.3580074893,150.0000000000,0.2846727239
daily,XOM,2026-08-27,1530,2028-01-21,1.4027397260,161.3580074893,155.0000000000,0.2810745061
daily,XOM,2026-08-27,1530,2028-01-21,1.4027397260,161.3580074893,160.0000000000,0.2822424941
daily,XOM,2026-08-27,1530,2028-01-21,1.4027397260,161.3580074893,165.0000000000,0.2812783434
daily,XOM,2026-08-27,1530,2028-01-21,1.4027397260,161.3580074893,170.0000000000,0.2792323037
daily,XOM,2026-08-27,1530,2028-01-21,1.4027397260,161.3580074893,175.0000000000,0.2794512925
daily,XOM,2026-08-27,1530,2028-01-21,1.4027397260,161.3580074893,180.0000000000,0.2788738403
daily,XOM,2026-08-27,1530,2028-01-21,1.4027397260,161.3580074893,185.0000000000,0.2773277740
daily,XOM,2026-08-27,1530,2028-01-21,1.4027397260,161.3580074893,190.0000000000,0.2771657896
daily,XOM,2026-08-27,1530,2028-01-21,1.4027397260,161.3580074893,195.0000000000,0.2789480460
daily,XOM,2026-08-27,1530,2028-01-21,1.4027397260,161.3580074893,200.0000000000,0.2791060848
daily,XOM,2026-08-27,1530,2028-01-21,1.4027397260,161.3580074893,210.0000000000,0.2803252001
daily,XOM,2026-08-27,1530,2028-01-21,1.4027397260,161.3580074893,220.0000000000,0.2805189277
daily,XOM,2026-08-27,1530,2028-01-21,1.4027397260,161.3580074893,230.0000000000,0.2836904945
daily,XOM,2026-08-27,1530,2028-01-21,1.4027397260,161.3580074893,240.0000000000,0.2829270742
daily,XOM,2026-08-27,1530,2028-01-21,1.4027397260,161.3580074893,250.0000000000,0.2860599855
daily,XOM,2026-08-31,1530,2026-09-04,0.0109589041,159.7726946847,150.0000000000,0.3478718919
daily,XOM,2026-08-31,1530,2026-09-04,0.0109589041,159.7726946847,152.5000000000,0.3276582747
daily,XOM,2026-08-31,1530,2026-09-04,0.0109589041,159.7726946847,155.0000000000,0.3178691286
daily,XOM,2026-08-31,1530,2026-09-04,0.0109589041,159.7726946847,157.5000000000,0.3012465114
daily,XOM,2026-08-31,1530,2026-09-04,0.0109589041,159.7726946847,160.0000000000,0.2976403625
daily,XOM,2026-08-31,1530,2026-09-04,0.0109589041,159.7726946847,162.5000000000,0.2951939890
daily,XOM,2026-08-31,1530,2026-09-04,0.0109589041,159.7726946847,165.0000000000,0.3013132288
daily,XOM,2026-08-31,1530,2026-09-04,0.0109589041,159.7726946847,167.5000000000,0.3133348609
daily,XOM,2026-08-31,1530,2026-09-04,0.0109589041,159.7726946847,172.5000000000,0.3559344520
daily,XOM,2026-08-31,1530,2026-09-11,0.0301369863,159.6863934177,155.0000000000,0.2764870169
daily,XOM,2026-08-31,1530,2026-09-11,0.0301369863,159.6863934177,157.5000000000,0.2642882880
daily,XOM,2026-08-31,1530,2026-09-11,0.0301369863,159.6863934177,160.0000000000,0.2750998157
daily,XOM,2026-08-31,1530,2026-09-11,0.0301369863,159.6863934177,162.5000000000,0.2680558955
daily,XOM,2026-08-31,1530,2026-09-11,0.0301369863,159.6863934177,165.0000000000,0.2675649450
daily,XOM,2026-08-31,1530,2026-09-11,0.0301369863,159.6863934177,170.0000000000,0.2800838894
daily,XOM,2026-08-31,1530,2026-09-11,0.0301369863,159.6863934177,175.0000000000,0.2988834044
daily,XOM,2026-08-31,1530,2026-09-18,0.0493150685,160.0210824196,135.0000000000,0.3477024654
daily,XOM,2026-08-31,1530,2026-09-18,0.0493150685,160.0210824196,145.0000000000,0.3028599996
daily,XOM,2026-08-31,1530,2026-09-18,0.0493150685,160.0210824196,150.0000000000,0.2866400117
daily,XOM,2026-08-31,1530,2026-09-18,0.0493150685,160.0210824196,152.5000000000,0.2847446127
daily,XOM,2026-08-31,1530,2026-09-18,0.0493150685,160.0210824196,155.0000000000,0.2806608404
daily,XOM,2026-08-31,1530,2026-09-18,0.0493150685,160.0210824196,157.5000000000,0.2721047811
daily,XOM,2026-08-31,1530,2026-09-18,0.0493150685,160.0210824196,160.0000000000,0.2694302120
daily,XOM,2026-08-31,1530,2026-09-18,0.0493150685,160.0210824196,162.5000000000,0.2665642772
daily,XOM,2026-08-31,1530,2026-09-18,0.0493150685,160.0210824196,165.0000000000,0.2649370878
daily,XOM,2026-08-31,1530,2026-09-18,0.0493150685,160.0210824196,167.5000000000,0.2654161844
daily,XOM,2026-08-31,1530,2026-09-18,0.0493150685,160.0210824196,170.0000000000,0.2696238451
daily,XOM,2026-08-31,1530,2026-09-18,0.0493150685,160.0210824196,175.0000000000,0.2792161897
daily,XOM,2026-08-31,1530,2026-09-18,0.0493150685,160.0210824196,180.0000000000,0.2966597125
daily,XOM,2026-08-31,1530,2026-09-25,0.0684931507,159.9941690212,145.0000000000,0.2985755089
daily,XOM,2026-08-31,1530,2026-09-25,0.0684931507,159.9941690212,149.0000000000,0.2876938996
daily,XOM,2026-08-31,1530,2026-09-25,0.0684931507,159.9941690212,150.0000000000,0.2858991143
daily,XOM,2026-08-31,1530,2026-09-25,0.0684931507,159.9941690212,152.5000000000,0.2817127403
daily,XOM,2026-08-31,1530,2026-09-25,0.0684931507,159.9941690212,155.0000000000,0.2798760247
daily,XOM,2026-08-31,1530,2026-09-25,0.0684931507,159.9941690212,157.5000000000,0.2767117560
daily,XOM,2026-08-31,1530,2026-09-25,0.0684931507,159.9941690212,160.0000000000,0.2805734748
daily,XOM,2026-08-31,1530,2026-09-25,0.0684931507,159.9941690212,162.5000000000,0.2764872591
daily,XOM,2026-08-31,1530,2026-09-25,0.0684931507,159.9941690212,165.0000000000,0.2728488808
daily,XOM,2026-08-31,1530,2026-09-25,0.0684931507,159.9941690212,167.5000000000,0.2705498835
daily,XOM,2026-08-31,1530,2026-09-25,0.0684931507,159.9941690212,170.0000000000,0.2737384105
daily,XOM,2026-08-31,1530,2026-09-25,0.0684931507,159.9941690212,172.5000000000,0.2735297146
daily,XOM,2026-08-31,1530,2026-09-25,0.0684931507,159.9941690212,177.5000000000,0.2760820457
daily,XOM,2026-08-31,1530,2026-10-02,0.0876712329,159.8946037110,145.0000000000,0.2910192875
daily,XOM,2026-08-31,1530,2026-10-02,0.0876712329,159.8946037110,147.0000000000,0.2881582064
daily,XOM,2026-08-31,1530,2026-10-02,0.0876712329,159.8946037110,148.0000000000,0.2865026342
daily,XOM,2026-08-31,1530,2026-10-02,0.0876712329,159.8946037110,150.0000000000,0.2802665048
daily,XOM,2026-08-31,1530,2026-10-02,0.0876712329,159.8946037110,152.5000000000,0.2736723525
daily,XOM,2026-08-31,1530,2026-10-02,0.0876712329,159.8946037110,155.0000000000,0.2792444297
daily,XOM,2026-08-31,1530,2026-10-02,0.0876712329,159.8946037110,157.5000000000,0.2752798810
daily,XOM,2026-08-31,1530,2026-10-02,0.0876712329,159.8946037110,160.0000000000,0.2774094313
daily,XOM,2026-08-31,1530,2026-10-02,0.0876712329,159.8946037110,162.5000000000,0.2725027991
daily,XOM,2026-08-31,1530,2026-10-02,0.0876712329,159.8946037110,165.0000000000,0.2713186418
daily,XOM,2026-08-31,1530,2026-10-02,0.0876712329,159.8946037110,167.5000000000,0.2718790662
daily,XOM,2026-08-31,1530,2026-10-02,0.0876712329,159.8946037110,170.0000000000,0.2759464386
daily,XOM,2026-08-31,1530,2026-10-09,0.1068493151,160.2124138782,148.0000000000,0.2915425343
daily,XOM,2026-08-31,1530,2026-10-09,0.1068493151,160.2124138782,150.0000000000,0.2872112949
daily,XOM,2026-08-31,1530,2026-10-09,0.1068493151,160.2124138782,152.5000000000,0.2872595510
daily,XOM,2026-08-31,1530,2026-10-09,0.1068493151,160.2124138782,157.5000000000,0.2808810833
daily,XOM,2026-08-31,1530,2026-10-09,0.1068493151,160.2124138782,160.0000000000,0.2796913079
daily,XOM,2026-08-31,1530,2026-10-09,0.1068493151,160.2124138782,162.5000000000,0.2716978989
daily,XOM,2026-08-31,1530,2026-10-09,0.1068493151,160.2124138782,165.0000000000,0.2684891605
daily,XOM,2026-08-31,1530,2026-10-09,0.1068493151,160.2124138782,167.5000000000,0.2698441526
daily,XOM,2026-08-31,1530,2026-10-09,0.1068493151,160.2124138782,172.5000000000,0.2696569280
daily,XOM,2026-08-31,1530,2026-10-16,0.1260273973,160.3763944383,140.0000000000,0.3040370729
daily,XOM,2026-08-31,1530,2026-10-16,0.1260273973,160.3763944383,145.0000000000,0.2900784618
daily,XOM,2026-08-31,1530,2026-10-16,0.1260273973,160.3763944383,150.0000000000,0.2831808453
daily,XOM,2026-08-31,1530,2026-10-16,0.1260273973,160.3763944383,155.0000000000,0.2792550901
daily,XOM,2026-08-31,1530,2026-10-16,0.1260273973,160.3763944383,160.0000000000,0.2727379432
daily,XOM,2026-08-31,1530,2026-10-16,0.1260273973,160.3763944383,165.0000000000,0.2764754718
daily,XOM,2026-08-31,1530,2026-10-16,0.1260273973,160.3763944383,170.0000000000,0.2761437701
daily,XOM,2026-08-31,1530,2026-10-16,0.1260273973,160.3763944383,175.0000000000,0.2764518488
daily,XOM,2026-08-31,1530,2026-10-16,0.1260273973,160.3763944383,180.0000000000,0.2771530852
daily,XOM,2026-08-31,1530,2026-10-16,0.1260273973,160.3763944383,190.0000000000,0.2896993802
daily,XOM,2026-08-31,1530,2026-11-20,0.2219178082,160.2427943361,125.0000000000,0.3300183338
daily,XOM,2026-08-31,1530,2026-11-20,0.2219178082,160.2427943361,130.0000000000,0.3227666141
daily,XOM,2026-08-31,1530,2026-11-20,0.2219178082,160.2427943361,135.0000000000,0.3118332844
daily,XOM,2026-08-31,1530,2026-11-20,0.2219178082,160.2427943361,140.0000000000,0.3051497142
daily,XOM,2026-08-31,1530,2026-11-20,0.2219178082,160.2427943361,145.0000000000,0.2978756209
daily,XOM,2026-08-31,1530,2026-11-20,0.2219178082,160.2427943361,150.0000000000,0.2936780501
daily,XOM,2026-08-31,1530,2026-11-20,0.2219178082,160.2427943361,155.0000000000,0.2905278875
daily,XOM,2026-08-31,1530,2026-11-20,0.2219178082,160.2427943361,160.0000000000,0.2856185786
daily,XOM,2026-08-31,1530,2026-11-20,0.2219178082,160.2427943361,165.0000000000,0.2840292845
daily,XOM,2026-08-31,1530,2026-11-20,0.2219178082,160.2427943361,170.0000000000,0.2810763721
daily,XOM,2026-08-31,1530,2026-11-20,0.2219178082,160.2427943361,175.0000000000,0.2797862854
daily,XOM,2026-08-31,1530,2026-11-20,0.2219178082,160.2427943361,180.0000000000,0.2790956918
daily,XOM,2026-08-31,1530,2026-11-20,0.2219178082,160.2427943361,185.0000000000,0.2794801540
daily,XOM,2026-08-31,1530,2026-11-20,0.2219178082,160.2427943361,190.0000000000,0.2860598976
daily,XOM,2026-08-31,1530,2026-11-20,0.2219178082,160.2427943361,195.0000000000,0.2893569059
daily,XOM,2026-08-31,1530,2026-11-20,0.2219178082,160.2427943361,200.0000000000,0.2939971737
daily,XOM,2026-08-31,1530,2026-12-18,0.2986301370,160.2620531392,115.0000000000,0.3352854122
daily,XOM,2026-08-31,1530,2026-12-18,0.2986301370,160.2620531392,125.0000000000,0.3215932914
daily,XOM,2026-08-31,1530,2026-12-18,0.2986301370,160.2620531392,130.0000000000,0.3129252667
daily,XOM,2026-08-31,1530,2026-12-18,0.2986301370,160.2620531392,135.0000000000,0.3018491155
daily,XOM,2026-08-31,1530,2026-12-18,0.2986301370,160.2620531392,140.0000000000,0.2955684451
daily,XOM,2026-08-31,1530,2026-12-18,0.2986301370,160.2620531392,145.0000000000,0.2914306896
daily,XOM,2026-08-31,1530,2026-12-18,0.2986301370,160.2620531392,150.0000000000,0.2867398220
daily,XOM,2026-08-31,1530,2026-12-18,0.2986301370,160.2620531392,155.0000000000,0.2841610608
daily,XOM,2026-08-31,1530,2026-12-18,0.2986301370,160.2620531392,160.0000000000,0.2825166321
daily,XOM,2026-08-31,1530,2026-12-18,0.2986301370,160.2620531392,165.0000000000,0.2832590793
daily,XOM,2026-08-31,1530,2026-12-18,0.2986301370,160.2620531392,170.0000000000,0.2798591216
daily,XOM,2026-08-31,1530,2026-12-18,0.2986301370,160.2620531392,175.0000000000,0.2785086026
daily,XOM,2026-08-31,1530,2026-12-18,0.2986301370,160.2620531392,180.0000000000,0.2768391212
daily,XOM,2026-08-31,1530,2026-12-18,0.2986301370,160.2620531392,185.0000000000,0.2782291423
daily,XOM,2026-08-31,1530,2026-12-18,0.2986301370,160.2620531392,190.0000000000,0.2796401610
daily,XOM,2026-08-31,1530,2026-12-18,0.2986301370,160.2620531392,200.0000000000,0.2870904177
daily,XOM,2026-08-31,1530,2027-01-15,0.3753424658,160.6055289640,125.0000000000,0.3137171199
daily,XOM,2026-08-31,1530,2027-01-15,0.3753424658,160.6055289640,130.0000000000,0.3064254057
daily,XOM,2026-08-31,1530,2027-01-15,0.3753424658,160.6055289640,135.0000000000,0.2962906572
daily,XOM,2026-08-31,1530,2027-01-15,0.3753424658,160.6055289640,140.0000000000,0.2882243858
daily,XOM,2026-08-31,1530,2027-01-15,0.3753424658,160.6055289640,145.0000000000,0.2821717161
daily,XOM,2026-08-31,1530,2027-01-15,0.3753424658,160.6055289640,150.0000000000,0.2847983498
daily,XOM,2026-08-31,1530,2027-01-15,0.3753424658,160.6055289640,155.0000000000,0.2810352041
daily,XOM,2026-08-31,1530,2027-01-15,0.3753424658,160.6055289640,160.0000000000,0.2787122487
daily,XOM,2026-08-31,1530,2027-01-15,0.3753424658,160.6055289640,165.0000000000,0.2778024892
daily,XOM,2026-08-31,1530,2027-01-15,0.3753424658,160.6055289640,170.0000000000,0.2744315625
daily,XOM,2026-08-31,1530,2027-01-15,0.3753424658,160.6055289640,175.0000000000,0.2765020210
daily,XOM,2026-08-31,1530,2027-01-15,0.3753424658,160.6055289640,180.0000000000,0.2728448544
daily,XOM,2026-08-31,1530,2027-01-15,0.3753424658,160.6055289640,185.0000000000,0.2731298465
daily,XOM,2026-08-31,1530,2027-01-15,0.3753424658,160.6055289640,190.0000000000,0.2762826773
daily,XOM,2026-08-31,1530,2027-01-15,0.3753424658,160.6055289640,195.0000000000,0.2823638653
daily,XOM,2026-08-31,1530,2027-01-15,0.3753424658,160.6055289640,200.0000000000,0.2846341907
daily,XOM,2026-08-31,1530,2027-01-15,0.3753424658,160.6055289640,210.0000000000,0.2870914312
daily,XOM,2026-08-31,1530,2027-03-19,0.5479452055,161.0160255410,120.0000000000,0.3203966693
daily,XOM,2026-08-31,1530,2027-03-19,0.5479452055,161.0160255410,125.0000000000,0.3139726659
daily,XOM,2026-08-31,1530,2027-03-19,0.5479452055,161.0160255410,130.0000000000,0.3045552290
daily,XOM,2026-08-31,1530,2027-03-19,0.5479452055,161.0160255410,135.0000000000,0.2997922828
daily,XOM,2026-08-31,1530,2027-03-19,0.5479452055,161.0160255410,140.0000000000,0.2973244229
daily,XOM,2026-08-31,1530,2027-03-19,0.5479452055,161.0160255410,145.0000000000,0.2934444613
daily,XOM,2026-08-31,1530,2027-03-19,0.5479452055,161.0160255410,150.0000000000,0.2874805157
daily,XOM,2026-08-31,1530,2027-03-19,0.5479452055,161.0160255410,155.0000000000,0.2857799406
daily,XOM,2026-08-31,1530,2027-03-19,0.5479452055,161.0160255410,160.0000000000,0.2777967356
daily,XOM,2026-08-31,1530,2027-03-19,0.5479452055,161.0160255410,165.0000000000,0.2795868319
daily,XOM,2026-08-31,1530,2027-03-19,0.5479452055,161.0160255410,170.0000000000,0.2775747223
daily,XOM,2026-08-31,1530,2027-03-19,0.5479452055,161.0160255410,175.0000000000,0.2752255042
daily,XOM,2026-08-31,1530,2027-03-19,0.5479452055,161.0160255410,180.0000000000,0.2758178740
daily,XOM,2026-08-31,1530,2027-03-19,0.5479452055,161.0160255410,185.0000000000,0.2773543352
daily,XOM,2026-08-31,1530,2027-03-19,0.5479452055,161.0160255410,190.0000000000,0.2753420009
daily,XOM,2026-08-31,1530,2027-03-19,0.5479452055,161.0160255410,195.0000000000,0.2762717349
daily,XOM,2026-08-31,1530,2027-03-19,0.5479452055,161.0160255410,200.0000000000,0.2811613341
daily,XOM,2026-08-31,1530,2027-03-19,0.5479452055,161.0160255410,210.0000000000,0.2840748264
daily,XOM,2026-08-31,1530,2027-03-19,0.5479452055,161.0160255410,220.0000000000,0.2886551722
daily,XOM,2026-08-31,1530,2027-03-19,0.5479452055,161.0160255410,230.0000000000,0.2946632164
daily,XOM,2026-08-31,1530,2027-04-16,0.6246575342,161.4261589030,115.0000000000,0.3239930902
daily,XOM,2026-08-31,1530,2027-04-16,0.6246575342,161.4261589030,120.0000000000,0.3132328793
daily,XOM,2026-08-31,1530,2027-04-16,0.6246575342,161.4261589030,130.0000000000,0.3007004976
daily,XOM,2026-08-31,1530,2027-04-16,0.6246575342,161.4261589030,135.0000000000,0.2954819117
daily,XOM,2026-08-31,1530,2027-04-16,0.6246575342,161.4261589030,140.0000000000,0.2907545839
daily,XOM,2026-08-31,1530,2027-04-16,0.6246575342,161.4261589030,145.0000000000,0.2870787594
daily,XOM,2026-08-31,1530,2027-04-16,0.6246575342,161.4261589030,150.0000000000,0.2868024680
daily,XOM,2026-08-31,1530,2027-04-16,0.6246575342,161.4261589030,155.0000000000,0.2806857597
daily,XOM,2026-08-31,1530,2027-04-16,0.6246575342,161.4261589030,160.0000000000,0.2795098124
daily,XOM,2026-08-31,1530,2027-04-16,0.6246575342,161.4261589030,165.0000000000,0.2781918460
daily,XOM,2026-08-31,1530,2027-04-16,0.6246575342,161.4261589030,170.0000000000,0.2757611393
daily,XOM,2026-08-31,1530,2027-04-16,0.6246575342,161.4261589030,175.0000000000,0.2769687946
daily,XOM,2026-08-31,1530,2027-04-16,0.6246575342,161.4261589030,180.0000000000,0.2761012540
daily,XOM,2026-08-31,1530,2027-04-16,0.6246575342,161.4261589030,185.0000000000,0.2774119636
daily,XOM,2026-08-31,1530,2027-04-16,0.6246575342,161.4261589030,190.0000000000,0.2786173028
daily,XOM,2026-08-31,1530,2027-04-16,0.6246575342,161.4261589030,195.0000000000,0.2802364563
daily,XOM,2026-08-31,1530,2027-04-16,0.6246575342,161.4261589030,200.0000000000,0.2822264657
daily,XOM,2026-08-31,1530,2027-04-16,0.6246575342,161.4261589030,210.0000000000,0.2793809595
daily,XOM,2026-08-31,1530,2027-06-17,0.7945205479,162.0118034465,105.0000000000,0.3387399957
daily,XOM,2026-08-31,1530,2027-06-17,0.7945205479,162.0118034465,110.0000000000,0.3319943049
daily,XOM,2026-08-31,1530,2027-06-17,0.7945205479,162.0118034465,115.0000000000,0.3225267706
daily,XOM,2026-08-31,1530,2027-06-17,0.7945205479,162.0118034465,120.0000000000,0.3156607215
daily,XOM,2026-08-31,1530,2027-06-17,0.7945205479,162.0118034465,125.0000000000,0.3106583813
daily,XOM,2026-08-31,1530,2027-06-17,0.7945205479,162.0118034465,130.0000000000,0.3060030733
daily,XOM,2026-08-31,1530,2027-06-17,0.7945205479,162.0118034465,135.0000000000,0.3040616275
daily,XOM,2026-08-31,1530,2027-06-17,0.7945205479,162.0118034465,140.0000000000,0.2973501063
daily,XOM,2026-08-31,1530,2027-06-17,0.7945205479,162.0118034465,145.0000000000,0.2943427062
daily,XOM,2026-08-31,1530,2027-06-17,0.7945205479,162.0118034465,150.0000000000,0.2912268078
daily,XOM,2026-08-31,1530,2027-06-17,0.7945205479,162.0118034465,155.0000000000,0.2865339550
daily,XOM,2026-08-31,1530,2027-06-17,0.7945205479,162.0118034465,160.0000000000,0.2830019224
daily,XOM,2026-08-31,1530,2027-06-17,0.7945205479,162.0118034465,165.0000000000,0.2753443599
daily,XOM,2026-08-31,1530,2027-06-17,0.7945205479,162.0118034465,170.0000000000,0.2782093660
daily,XOM,2026-08-31,1530,2027-06-17,0.7945205479,162.0118034465,175.0000000000,0.2776871931
daily,XOM,2026-08-31,1530,2027-06-17,0.7945205479,162.0118034465,180.0000000000,0.2740581094
daily,XOM,2026-08-31,1530,2027-06-17,0.7945205479,162.0118034465,185.0000000000,0.2761361700
daily,XOM,2026-08-31,1530,2027-06-17,0.7945205479,162.0118034465,190.0000000000,0.2749061858
daily,XOM,2026-08-31,1530,2027-06-17,0.7945205479,162.0118034465,195.0000000000,0.2789230281
daily,XOM,2026-08-31,1530,2027-06-17,0.7945205479,162.0118034465,200.0000000000,0.2802938953
daily,XOM,2026-08-31,1530,2027-06-17,0.7945205479,162.0118034465,210.0000000000,0.2820332675
daily,XOM,2026-08-31,1530,2027-06-17,0.7945205479,162.0118034465,230.0000000000,0.2841666438
daily,XOM,2026-08-31,1530,2027-09-17,1.0465753425,162.7033029009,105.0000000000,0.3239626005
daily,XOM,2026-08-31,1530,2027-09-17,1.0465753425,162.7033029009,110.0000000000,0.3207784759
daily,XOM,2026-08-31,1530,2027-09-17,1.0465753425,162.7033029009,130.0000000000,0.2912939593
daily,XOM,2026-08-31,1530,2027-09-17,1.0465753425,162.7033029009,135.0000000000,0.2919611371
daily,XOM,2026-08-31,1530,2027-09-17,1.0465753425,162.7033029009,140.0000000000,0.2883955455
daily,XOM,2026-08-31,1530,2027-09-17,1.0465753425,162.7033029009,145.0000000000,0.2859817451
daily,XOM,2026-08-31,1530,2027-09-17,1.0465753425,162.7033029009,150.0000000000,0.2830525924
daily,XOM,2026-08-31,1530,2027-09-17,1.0465753425,162.7033029009,155.0000000000,0.2801228097
daily,XOM,2026-08-31,1530,2027-09-17,1.0465753425,162.7033029009,160.0000000000,0.2759290316
daily,XOM,2026-08-31,1530,2027-09-17,1.0465753425,162.7033029009,165.0000000000,0.2766713814
daily,XOM,2026-08-31,1530,2027-09-17,1.0465753425,162.7033029009,170.0000000000,0.2774634507
daily,XOM,2026-08-31,1530,2027-09-17,1.0465753425,162.7033029009,175.0000000000,0.2752873029
daily,XOM,2026-08-31,1530,2027-09-17,1.0465753425,162.7033029009,180.0000000000,0.2767363935
daily,XOM,2026-08-31,1530,2027-09-17,1.0465753425,162.7033029009,185.0000000000,0.2755143035
daily,XOM,2026-08-31,1530,2027-09-17,1.0465753425,162.7033029009,190.0000000000,0.2768037631
daily,XOM,2026-08-31,1530,2027-09-17,1.0465753425,162.7033029009,195.0000000000,0.2757004704
daily,XOM,2026-08-31,1530,2027-09-17,1.0465753425,162.7033029009,200.0000000000,0.2788158739
daily,XOM,2026-08-31,1530,2027-09-17,1.0465753425,162.7033029009,210.0000000000,0.2805364199
daily,XOM,2026-08-31,1530,2027-12-17,1.2958904110,164.0066716222,110.0000000000,0.3168857970
daily,XOM,2026-08-31,1530,2027-12-17,1.2958904110,164.0066716222,115.0000000000,0.3114311629
daily,XOM,2026-08-31,1530,2027-12-17,1.2958904110,164.0066716222,120.0000000000,0.3060107853
daily,XOM,2026-08-31,1530,2027-12-17,1.2958904110,164.0066716222,125.0000000000,0.2996862158
daily,XOM,2026-08-31,1530,2027-12-17,1.2958904110,164.0066716222,130.0000000000,0.2976238498
daily,XOM,2026-08-31,1530,2027-12-17,1.2958904110,164.0066716222,135.0000000000,0.2957272298
daily,XOM,2026-08-31,1530,2027-12-17,1.2958904110,164.0066716222,140.0000000000,0.2929400026
daily,XOM,2026-08-31,1530,2027-12-17,1.2958904110,164.0066716222,145.0000000000,0.2886629901
daily,XOM,2026-08-31,1530,2027-12-17,1.2958904110,164.0066716222,150.0000000000,0.2818154005
daily,XOM,2026-08-31,1530,2027-12-17,1.2958904110,164.0066716222,155.0000000000,0.2794855943
daily,XOM,2026-08-31,1530,2027-12-17,1.2958904110,164.0066716222,160.0000000000,0.2805834984
daily,XOM,2026-08-31,1530,2027-12-17,1.2958904110,164.0066716222,165.0000000000,0.2803635976
daily,XOM,2026-08-31,1530,2027-12-17,1.2958904110,164.0066716222,170.0000000000,0.2776454903
daily,XOM,2026-08-31,1530,2027-12-17,1.2958904110,164.0066716222,175.0000000000,0.2769995052
daily,XOM,2026-08-31,1530,2027-12-17,1.2958904110,164.0066716222,180.0000000000,0.2764503355
daily,XOM,2026-08-31,1530,2027-12-17,1.2958904110,164.0066716222,185.0000000000,0.2745636558
daily,XOM,2026-08-31,1530,2027-12-17,1.2958904110,164.0066716222,190.0000000000,0.2712818387
daily,XOM,2026-08-31,1530,2027-12-17,1.2958904110,164.0066716222,195.0000000000,0.2706014528
daily,XOM,2026-08-31,1530,2027-12-17,1.2958904110,164.0066716222,200.0000000000,0.2749944165
daily,XOM,2026-08-31,1530,2027-12-17,1.2958904110,164.0066716222,210.0000000000,0.2793023459
daily,XOM,2026-08-31,1530,2027-12-17,1.2958904110,164.0066716222,220.0000000000,0.2781070139
daily,XOM,2026-08-31,1530,2027-12-17,1.2958904110,164.0066716222,230.0000000000,0.2796845411
daily,XOM,2026-08-31,1530,2027-12-17,1.2958904110,164.0066716222,240.0000000000,0.2812058424
daily,XOM,2026-08-31,1530,2028-01-21,1.3917808219,164.7979046638,100.0000000000,0.3250622992
daily,XOM,2026-08-31,1530,2028-01-21,1.3917808219,164.7979046638,105.0000000000,0.3178751290
daily,XOM,2026-08-31,1530,2028-01-21,1.3917808219,164.7979046638,110.0000000000,0.3154772093
daily,XOM,2026-08-31,1530,2028-01-21,1.3917808219,164.7979046638,115.0000000000,0.3095952387
daily,XOM,2026-08-31,1530,2028-01-21,1.3917808219,164.7979046638,120.0000000000,0.3060034625
daily,XOM,2026-08-31,1530,2028-01-21,1.3917808219,164.7979046638,125.0000000000,0.2995026714
daily,XOM,2026-08-31,1530,2028-01-21,1.3917808219,164.7979046638,130.0000000000,0.2967790560
daily,XOM,2026-08-31,1530,2028-01-21,1.3917808219,164.7979046638,135.0000000000,0.2928679941
daily,XOM,2026-08-31,1530,2028-01-21,1.3917808219,164.7979046638,140.0000000000,0.2918842529
daily,XOM,2026-08-31,1530,2028-01-21,1.3917808219,164.7979046638,145.0000000000,0.2882964941
daily,XOM,2026-08-31,1530,2028-01-21,1.3917808219,164.7979046638,150.0000000000,0.2844082981
daily,XOM,2026-08-31,1530,2028-01-21,1.3917808219,164.7979046638,155.0000000000,0.2821837548
daily,XOM,2026-08-31,1530,2028-01-21,1.3917808219,164.7979046638,160.0000000000,0.2800410224
daily,XOM,2026-08-31,1530,2028-01-21,1.3917808219,164.7979046638,165.0000000000,0.2768868551
daily,XOM,2026-08-31,1530,2028-01-21,1.3917808219,164.7979046638,170.0000000000,0.2714695879
daily,XOM,2026-08-31,1530,2028-01-21,1.3917808219,164.7979046638,175.0000000000,0.2731568639
daily,XOM,2026-08-31,1530,2028-01-21,1.3917808219,164.7979046638,180.0000000000,0.2739656336
daily,XOM,2026-08-31,1530,2028-01-21,1.3917808219,164.7979046638,185.0000000000,0.2727396418
daily,XOM,2026-08-31,1530,2028-01-21,1.3917808219,164.7979046638,190.0000000000,0.2720292591
daily,XOM,2026-08-31,1530,2028-01-21,1.3917808219,164.7979046638,195.0000000000,0.2730997945
daily,XOM,2026-08-31,1530,2028-01-21,1.3917808219,164.7979046638,200.0000000000,0.2724475241
daily,XOM,2026-08-31,1530,2028-01-21,1.3917808219,164.7979046638,210.0000000000,0.2732040076
daily,XOM,2026-08-31,1530,2028-01-21,1.3917808219,164.7979046638,220.0000000000,0.2764801578
daily,XOM,2026-08-31,1530,2028-01-21,1.3917808219,164.7979046638,230.0000000000,0.2759653554
daily,XOM,2026-08-31,1530,2028-01-21,1.3917808219,164.7979046638,240.0000000000,0.2793225150
daily,XOM,2026-08-31,1530,2028-01-21,1.3917808219,164.7979046638,250.0000000000,0.2809228192
daily,XOM,2026-09-01,1530,2026-09-04,0.0082191781,164.5998241832,155.0000000000,0.3798198753
daily,XOM,2026-09-01,1530,2026-09-04,0.0082191781,164.5998241832,157.5000000000,0.3559425230
daily,XOM,2026-09-01,1530,2026-09-04,0.0082191781,164.5998241832,160.0000000000,0.3362154447
daily,XOM,2026-09-01,1530,2026-09-04,0.0082191781,164.5998241832,162.5000000000,0.3192432968
daily,XOM,2026-09-01,1530,2026-09-04,0.0082191781,164.5998241832,165.0000000000,0.3201396719
daily,XOM,2026-09-01,1530,2026-09-04,0.0082191781,164.5998241832,167.5000000000,0.3210959993
daily,XOM,2026-09-01,1530,2026-09-04,0.0082191781,164.5998241832,170.0000000000,0.3290987174
daily,XOM,2026-09-01,1530,2026-09-04,0.0082191781,164.5998241832,172.5000000000,0.3476000238
daily,XOM,2026-09-01,1530,2026-09-11,0.0273972603,164.7023301568,152.5000000000,0.3106077509
daily,XOM,2026-09-01,1530,2026-09-11,0.0273972603,164.7023301568,155.0000000000,0.3021428748
daily,XOM,2026-09-01,1530,2026-09-11,0.0273972603,164.7023301568,157.5000000000,0.2925080941
daily,XOM,2026-09-01,1530,2026-09-11,0.0273972603,164.7023301568,160.0000000000,0.2848195825
daily,XOM,2026-09-01,1530,2026-09-11,0.0273972603,164.7023301568,162.5000000000,0.2811829892
daily,XOM,2026-09-01,1530,2026-09-11,0.0273972603,164.7023301568,165.0000000000,0.2787902005
daily,XOM,2026-09-01,1530,2026-09-11,0.0273972603,164.7023301568,167.5000000000,0.2763345908
daily,XOM,2026-09-01,1530,2026-09-11,0.0273972603,164.7023301568,170.0000000000,0.2787171151
daily,XOM,2026-09-01,1530,2026-09-11,0.0273972603,164.7023301568,172.5000000000,0.2860234913
daily,XOM,2026-09-01,1530,2026-09-11,0.0273972603,164.7023301568,175.0000000000,0.2907908540
daily,XOM,2026-09-01,1530,2026-09-11,0.0273972603,164.7023301568,177.5000000000,0.2987062438
daily,XOM,2026-09-01,1530,2026-09-18,0.0465753425,164.7948730932,150.0000000000,0.3206326326
daily,XOM,2026-09-01,1530,2026-09-18,0.0465753425,164.7948730932,152.5000000000,0.3116075881
daily,XOM,2026-09-01,1530,2026-09-18,0.0465753425,164.7948730932,155.0000000000,0.3020826099
daily,XOM,2026-09-01,1530,2026-09-18,0.0465753425,164.7948730932,157.5000000000,0.2952648876
daily,XOM,2026-09-01,1530,2026-09-18,0.0465753425,164.7948730932,160.0000000000,0.2914419277
daily,XOM,2026-09-01,1530,2026-09-18,0.0465753425,164.7948730932,162.5000000000,0.2881548291
daily,XOM,2026-09-01,1530,2026-09-18,0.0465753425,164.7948730932,165.0000000000,0.2876648203
daily,XOM,2026-09-01,1530,2026-09-18,0.0465753425,164.7948730932,167.5000000000,0.2842764009
daily,XOM,2026-09-01,1530,2026-09-18,0.0465753425,164.7948730932,170.0000000000,0.2844634133
daily,XOM,2026-09-01,1530,2026-09-18,0.0465753425,164.7948730932,172.5000000000,0.2795965692
daily,XOM,2026-09-01,1530,2026-09-18,0.0465753425,164.7948730932,175.0000000000,0.2872672705
daily,XOM,2026-09-01,1530,2026-09-18,0.0465753425,164.7948730932,177.5000000000,0.2878120447
daily,XOM,2026-09-01,1530,2026-09-18,0.0465753425,164.7948730932,180.0000000000,0.2916261820
daily,XOM,2026-09-01,1530,2026-09-25,0.0657534247,164.9306504035,146.0000000000,0.3200810046
daily,XOM,2026-09-01,1530,2026-09-25,0.0657534247,164.9306504035,147.0000000000,0.3155372530
daily,XOM,2026-09-01,1530,2026-09-25,0.0657534247,164.9306504035,150.0000000000,0.3080016536
daily,XOM,2026-09-01,1530,2026-09-25,0.0657534247,164.9306504035,155.0000000000,0.2905122887
daily,XOM,2026-09-01,1530,2026-09-25,0.0657534247,164.9306504035,157.5000000000,0.2871956061
daily,XOM,2026-09-01,1530,2026-09-25,0.0657534247,164.9306504035,160.0000000000,0.2859774999
daily,XOM,2026-09-01,1530,2026-09-25,0.0657534247,164.9306504035,162.5000000000,0.2838130220
daily,XOM,2026-09-01,1530,2026-09-25,0.0657534247,164.9306504035,165.0000000000,0.2826904996
daily,XOM,2026-09-01,1530,2026-09-25,0.0657534247,164.9306504035,167.5000000000,0.2812575091
daily,XOM,2026-09-01,1530,2026-09-25,0.0657534247,164.9306504035,170.0000000000,0.2817747909
daily,XOM,2026-09-01,1530,2026-09-25,0.0657534247,164.9306504035,172.5000000000,0.2813845897
daily,XOM,2026-09-01,1530,2026-09-25,0.0657534247,164.9306504035,175.0000000000,0.2799494850
daily,XOM,2026-09-01,1530,2026-10-02,0.0849315068,164.9540603466,147.0000000000,0.3145363572
daily,XOM,2026-09-01,1530,2026-10-02,0.0849315068,164.9540603466,149.0000000000,0.3064558388
daily,XOM,2026-09-01,1530,2026-10-02,0.0849315068,164.9540603466,150.0000000000,0.3066077189
daily,XOM,2026-09-01,1530,2026-10-02,0.0849315068,164.9540603466,152.5000000000,0.3015505713
daily,XOM,2026-09-01,1530,2026-10-02,0.0849315068,164.9540603466,155.0000000000,0.2988854314
daily,XOM,2026-09-01,1530,2026-10-02,0.0849315068,164.9540603466,157.5000000000,0.2933244581
daily,XOM,2026-09-01,1530,2026-10-02,0.0849315068,164.9540603466,160.0000000000,0.2923753621
daily,XOM,2026-09-01,1530,2026-10-02,0.0849315068,164.9540603466,162.5000000000,0.2877344174
daily,XOM,2026-09-01,1530,2026-10-02,0.0849315068,164.9540603466,165.0000000000,0.2900800592
daily,XOM,2026-09-01,1530,2026-10-02,0.0849315068,164.9540603466,167.5000000000,0.2830121515
daily,XOM,2026-09-01,1530,2026-10-02,0.0849315068,164.9540603466,170.0000000000,0.2848043657
daily,XOM,2026-09-01,1530,2026-10-02,0.0849315068,164.9540603466,172.5000000000,0.2841878772
daily,XOM,2026-09-01,1530,2026-10-09,0.1041095890,165.0647547769,146.0000000000,0.3083933228
daily,XOM,2026-09-01,1530,2026-10-09,0.1041095890,165.0647547769,148.0000000000,0.3041363859
daily,XOM,2026-09-01,1530,2026-10-09,0.1041095890,165.0647547769,150.0000000000,0.3019303055
daily,XOM,2026-09-01,1530,2026-10-09,0.1041095890,165.0647547769,155.0000000000,0.2944314637
daily,XOM,2026-09-01,1530,2026-10-09,0.1041095890,165.0647547769,157.5000000000,0.2934137618
daily,XOM,2026-09-01,1530,2026-10-09,0.1041095890,165.0647547769,160.0000000000,0.2911155106
daily,XOM,2026-09-01,1530,2026-10-09,0.1041095890,165.0647547769,162.5000000000,0.2885022398
daily,XOM,2026-09-01,1530,2026-10-09,0.1041095890,165.0647547769,165.0000000000,0.2796148235
daily,XOM,2026-09-01,1530,2026-10-09,0.1041095890,165.0647547769,167.5000000000,0.2820149827
daily,XOM,2026-09-01,1530,2026-10-09,0.1041095890,165.0647547769,170.0000000000,0.2814289656
daily,XOM,2026-09-01,1530,2026-10-09,0.1041095890,165.0647547769,175.0000000000,0.2919639857
daily,XOM,2026-09-01,1530,2026-10-16,0.1232876712,165.3361915471,135.0000000000,0.3332708887
daily,XOM,2026-09-01,1530,2026-10-16,0.1232876712,165.3361915471,140.0000000000,0.3242715709
daily,XOM,2026-09-01,1530,2026-10-16,0.1232876712,165.3361915471,145.0000000000,0.3109276086
daily,XOM,2026-09-01,1530,2026-10-16,0.1232876712,165.3361915471,150.0000000000,0.3032686822
daily,XOM,2026-09-01,1530,2026-10-16,0.1232876712,165.3361915471,155.0000000000,0.2951301624
daily,XOM,2026-09-01,1530,2026-10-16,0.1232876712,165.3361915471,160.0000000000,0.2900996534
daily,XOM,2026-09-01,1530,2026-10-16,0.1232876712,165.3361915471,165.0000000000,0.2878719002
daily,XOM,2026-09-01,1530,2026-10-16,0.1232876712,165.3361915471,170.0000000000,0.2852285072
daily,XOM,2026-09-01,1530,2026-10-16,0.1232876712,165.3361915471,175.0000000000,0.2862985627
daily,XOM,2026-09-01,1530,2026-10-16,0.1232876712,165.3361915471,180.0000000000,0.2873272045
daily,XOM,2026-09-01,1530,2026-10-16,0.1232876712,165.3361915471,185.0000000000,0.2868364135
daily,XOM,2026-09-01,1530,2026-10-16,0.1232876712,165.3361915471,190.0000000000,0.2924961863
daily,XOM,2026-09-01,1530,2026-10-16,0.1232876712,165.3361915471,195.0000000000,0.2975603903
daily,XOM,2026-09-01,1530,2026-11-20,0.2191780822,165.2078600089,130.0000000000,0.3379682481
daily,XOM,2026-09-01,1530,2026-11-20,0.2191780822,165.2078600089,135.0000000000,0.3292056437
daily,XOM,2026-09-01,1530,2026-11-20,0.2191780822,165.2078600089,140.0000000000,0.3183171592
daily,XOM,2026-09-01,1530,2026-11-20,0.2191780822,165.2078600089,145.0000000000,0.3120105207
daily,XOM,2026-09-01,1530,2026-11-20,0.2191780822,165.2078600089,150.0000000000,0.3074604287
daily,XOM,2026-09-01,1530,2026-11-20,0.2191780822,165.2078600089,155.0000000000,0.3033921722
daily,XOM,2026-09-01,1530,2026-11-20,0.2191780822,165.2078600089,160.0000000000,0.3021057164
daily,XOM,2026-09-01,1530,2026-11-20,0.2191780822,165.2078600089,165.0000000000,0.2990907120
daily,XOM,2026-09-01,1530,2026-11-20,0.2191780822,165.2078600089,170.0000000000,0.2968315129
daily,XOM,2026-09-01,1530,2026-11-20,0.2191780822,165.2078600089,175.0000000000,0.2947493321
daily,XOM,2026-09-01,1530,2026-11-20,0.2191780822,165.2078600089,180.0000000000,0.2933076967
daily,XOM,2026-09-01,1530,2026-11-20,0.2191780822,165.2078600089,185.0000000000,0.2892419152
daily,XOM,2026-09-01,1530,2026-11-20,0.2191780822,165.2078600089,190.0000000000,0.2871855423
daily,XOM,2026-09-01,1530,2026-11-20,0.2191780822,165.2078600089,200.0000000000,0.2972668415
daily,XOM,2026-09-01,1530,2026-11-20,0.2191780822,165.2078600089,210.0000000000,0.3113499251
daily,XOM,2026-09-01,1530,2026-12-18,0.2958904110,165.3510610224,115.0000000000,0.3530056543
daily,XOM,2026-09-01,1530,2026-12-18,0.2958904110,165.3510610224,120.0000000000,0.3474480534
daily,XOM,2026-09-01,1530,2026-12-18,0.2958904110,165.3510610224,130.0000000000,0.3261080918
daily,XOM,2026-09-01,1530,2026-12-18,0.2958904110,165.3510610224,135.0000000000,0.3191012591
daily,XOM,2026-09-01,1530,2026-12-18,0.2958904110,165.3510610224,140.0000000000,0.3144705094
daily,XOM,2026-09-01,1530,2026-12-18,0.2958904110,165.3510610224,145.0000000000,0.3058524561
daily,XOM,2026-09-01,1530,2026-12-18,0.2958904110,165.3510610224,150.0000000000,0.3024585752
daily,XOM,2026-09-01,1530,2026-12-18,0.2958904110,165.3510610224,155.0000000000,0.2981834226
daily,XOM,2026-09-01,1530,2026-12-18,0.2958904110,165.3510610224,160.0000000000,0.2946302425
daily,XOM,2026-09-01,1530,2026-12-18,0.2958904110,165.3510610224,165.0000000000,0.2941866393
daily,XOM,2026-09-01,1530,2026-12-18,0.2958904110,165.3510610224,170.0000000000,0.2940412348
daily,XOM,2026-09-01,1530,2026-12-18,0.2958904110,165.3510610224,175.0000000000,0.2926024474
daily,XOM,2026-09-01,1530,2026-12-18,0.2958904110,165.3510610224,180.0000000000,0.2911443811
daily,XOM,2026-09-01,1530,2026-12-18,0.2958904110,165.3510610224,185.0000000000,0.2911726545
daily,XOM,2026-09-01,1530,2026-12-18,0.2958904110,165.3510610224,190.0000000000,0.2906203112
daily,XOM,2026-09-01,1530,2026-12-18,0.2958904110,165.3510610224,195.0000000000,0.2864582152
daily,XOM,2026-09-01,1530,2026-12-18,0.2958904110,165.3510610224,200.0000000000,0.2961319216
daily,XOM,2026-09-01,1530,2026-12-18,0.2958904110,165.3510610224,210.0000000000,0.2998691945
daily,XOM,2026-09-01,1530,2027-01-15,0.3726027397,165.8240150176,115.0000000000,0.3425872051
daily,XOM,2026-09-01,1530,2027-01-15,0.3726027397,165.8240150176,120.0000000000,0.3359420886
daily,XOM,2026-09-01,1530,2027-01-15,0.3726027397,165.8240150176,125.0000000000,0.3271281348
daily,XOM,2026-09-01,1530,2027-01-15,0.3726027397,165.8240150176,130.0000000000,0.3220465846
daily,XOM,2026-09-01,1530,2027-01-15,0.3726027397,165.8240150176,135.0000000000,0.3137073602
daily,XOM,2026-09-01,1530,2027-01-15,0.3726027397,165.8240150176,140.0000000000,0.3057339708
daily,XOM,2026-09-01,1530,2027-01-15,0.3726027397,165.8240150176,145.0000000000,0.3024173779
daily,XOM,2026-09-01,1530,2027-01-15,0.3726027397,165.8240150176,150.0000000000,0.2977592192
daily,XOM,2026-09-01,1530,2027-01-15,0.3726027397,165.8240150176,155.0000000000,0.2928428243
daily,XOM,2026-09-01,1530,2027-01-15,0.3726027397,165.8240150176,160.0000000000,0.2905417456
daily,XOM,2026-09-01,1530,2027-01-15,0.3726027397,165.8240150176,165.0000000000,0.2887554920
daily,XOM,2026-09-01,1530,2027-01-15,0.3726027397,165.8240150176,170.0000000000,0.2867555901
daily,XOM,2026-09-01,1530,2027-01-15,0.3726027397,165.8240150176,175.0000000000,0.2844640805
daily,XOM,2026-09-01,1530,2027-01-15,0.3726027397,165.8240150176,180.0000000000,0.2846976989
daily,XOM,2026-09-01,1530,2027-01-15,0.3726027397,165.8240150176,185.0000000000,0.2857450243
daily,XOM,2026-09-01,1530,2027-01-15,0.3726027397,165.8240150176,190.0000000000,0.2851192787
daily,XOM,2026-09-01,1530,2027-01-15,0.3726027397,165.8240150176,195.0000000000,0.2875527599
daily,XOM,2026-09-01,1530,2027-01-15,0.3726027397,165.8240150176,200.0000000000,0.2891411947
daily,XOM,2026-09-01,1530,2027-01-15,0.3726027397,165.8240150176,210.0000000000,0.2933129201
daily,XOM,2026-09-01,1530,2027-01-15,0.3726027397,165.8240150176,220.0000000000,0.3006669213
daily,XOM,2026-09-01,1530,2027-03-19,0.5452054795,166.0035168659,115.0000000000,0.3396484350
daily,XOM,2026-09-01,1530,2027-03-19,0.5452054795,166.0035168659,120.0000000000,0.3349908752
daily,XOM,2026-09-01,1530,2027-03-19,0.5452054795,166.0035168659,125.0000000000,0.3264381491
daily,XOM,2026-09-01,1530,2027-03-19,0.5452054795,166.0035168659,130.0000000000,0.3171954197
daily,XOM,2026-09-01,1530,2027-03-19,0.5452054795,166.0035168659,135.0000000000,0.3111661503
daily,XOM,2026-09-01,1530,2027-03-19,0.5452054795,166.0035168659,140.0000000000,0.3054371453
daily,XOM,2026-09-01,1530,2027-03-19,0.5452054795,166.0035168659,145.0000000000,0.3015949515
daily,XOM,2026-09-01,1530,2027-03-19,0.5452054795,166.0035168659,150.0000000000,0.2992302869
daily,XOM,2026-09-01,1530,2027-03-19,0.5452054795,166.0035168659,155.0000000000,0.2936766757
daily,XOM,2026-09-01,1530,2027-03-19,0.5452054795,166.0035168659,160.0000000000,0.2911609230
daily,XOM,2026-09-01,1530,2027-03-19,0.5452054795,166.0035168659,165.0000000000,0.2916740039
daily,XOM,2026-09-01,1530,2027-03-19,0.5452054795,166.0035168659,170.0000000000,0.2871134418
daily,XOM,2026-09-01,1530,2027-03-19,0.5452054795,166.0035168659,175.0000000000,0.2896211248
daily,XOM,2026-09-01,1530,2027-03-19,0.5452054795,166.0035168659,180.0000000000,0.2891134292
daily,XOM,2026-09-01,1530,2027-03-19,0.5452054795,166.0035168659,185.0000000000,0.2880276994
daily,XOM,2026-09-01,1530,2027-03-19,0.5452054795,166.0035168659,190.0000000000,0.2873622644
daily,XOM,2026-09-01,1530,2027-03-19,0.5452054795,166.0035168659,195.0000000000,0.2883799446
daily,XOM,2026-09-01,1530,2027-03-19,0.5452054795,166.0035168659,200.0000000000,0.2897137645
daily,XOM,2026-09-01,1530,2027-03-19,0.5452054795,166.0035168659,210.0000000000,0.2918296716
daily,XOM,2026-09-01,1530,2027-03-19,0.5452054795,166.0035168659,220.0000000000,0.2952089322
daily,XOM,2026-09-01,1530,2027-04-16,0.6219178082,166.2969979761,115.0000000000,0.3387637112
daily,XOM,2026-09-01,1530,2027-04-16,0.6219178082,166.2969979761,120.0000000000,0.3283809141
daily,XOM,2026-09-01,1530,2027-04-16,0.6219178082,166.2969979761,125.0000000000,0.3189870698
daily,XOM,2026-09-01,1530,2027-04-16,0.6219178082,166.2969979761,130.0000000000,0.3100242746
daily,XOM,2026-09-01,1530,2027-04-16,0.6219178082,166.2969979761,135.0000000000,0.3083392972
daily,XOM,2026-09-01,1530,2027-04-16,0.6219178082,166.2969979761,140.0000000000,0.3033030416
daily,XOM,2026-09-01,1530,2027-04-16,0.6219178082,166.2969979761,145.0000000000,0.2975621591
daily,XOM,2026-09-01,1530,2027-04-16,0.6219178082,166.2969979761,150.0000000000,0.2966437641
daily,XOM,2026-09-01,1530,2027-04-16,0.6219178082,166.2969979761,155.0000000000,0.2943690519
daily,XOM,2026-09-01,1530,2027-04-16,0.6219178082,166.2969979761,160.0000000000,0.2908631023
daily,XOM,2026-09-01,1530,2027-04-16,0.6219178082,166.2969979761,165.0000000000,0.2906278247
daily,XOM,2026-09-01,1530,2027-04-16,0.6219178082,166.2969979761,170.0000000000,0.2907517866
daily,XOM,2026-09-01,1530,2027-04-16,0.6219178082,166.2969979761,175.0000000000,0.2860831298
daily,XOM,2026-09-01,1530,2027-04-16,0.6219178082,166.2969979761,180.0000000000,0.2847177754
daily,XOM,2026-09-01,1530,2027-04-16,0.6219178082,166.2969979761,185.0000000000,0.2835470474
daily,XOM,2026-09-01,1530,2027-04-16,0.6219178082,166.2969979761,190.0000000000,0.2833154511
daily,XOM,2026-09-01,1530,2027-04-16,0.6219178082,166.2969979761,195.0000000000,0.2828866897
daily,XOM,2026-09-01,1530,2027-04-16,0.6219178082,166.2969979761,200.0000000000,0.2826584294
daily,XOM,2026-09-01,1530,2027-04-16,0.6219178082,166.2969979761,210.0000000000,0.2844196465
daily,XOM,2026-09-01,1530,2027-04-16,0.6219178082,166.2969979761,220.0000000000,0.2887780928
daily,XOM,2026-09-01,1530,2027-04-16,0.6219178082,166.2969979761,230.0000000000,0.2934001353
daily,XOM,2026-09-01,1530,2027-06-17,0.7917808219,166.6609351287,110.0000000000,0.3403215192
daily,XOM,2026-09-01,1530,2027-06-17,0.7917808219,166.6609351287,115.0000000000,0.3331519430
daily,XOM,2026-09-01,1530,2027-06-17,0.7917808219,166.6609351287,120.0000000000,0.3221648499
daily,XOM,2026-09-01,1530,2027-06-17,0.7917808219,166.6609351287,125.0000000000,0.3175756689
daily,XOM,2026-09-01,1530,2027-06-17,0.7917808219,166.6609351287,130.0000000000,0.3086838272
daily,XOM,2026-09-01,1530,2027-06-17,0.7917808219,166.6609351287,135.0000000000,0.3063005253
daily,XOM,2026-09-01,1530,2027-06-17,0.7917808219,166.6609351287,140.0000000000,0.3011811001
daily,XOM,2026-09-01,1530,2027-06-17,0.7917808219,166.6609351287,145.0000000000,0.2964676555
daily,XOM,2026-09-01,1530,2027-06-17,0.7917808219,166.6609351287,150.0000000000,0.2947547601
daily,XOM,2026-09-01,1530,2027-06-17,0.7917808219,166.6609351287,155.0000000000,0.2929243858
daily,XOM,2026-09-01,1530,2027-06-17,0.7917808219,166.6609351287,160.0000000000,0.2872755798
daily,XOM,2026-09-01,1530,2027-06-17,0.7917808219,166.6609351287,165.0000000000,0.2874754622
daily,XOM,2026-09-01,1530,2027-06-17,0.7917808219,166.6609351287,170.0000000000,0.2858966402
daily,XOM,2026-09-01,1530,2027-06-17,0.7917808219,166.6609351287,175.0000000000,0.2882284014
daily,XOM,2026-09-01,1530,2027-06-17,0.7917808219,166.6609351287,180.0000000000,0.2877300151
daily,XOM,2026-09-01,1530,2027-06-17,0.7917808219,166.6609351287,185.0000000000,0.2862167270
daily,XOM,2026-09-01,1530,2027-06-17,0.7917808219,166.6609351287,190.0000000000,0.2868798478
daily,XOM,2026-09-01,1530,2027-06-17,0.7917808219,166.6609351287,195.0000000000,0.2853119978
daily,XOM,2026-09-01,1530,2027-06-17,0.7917808219,166.6609351287,200.0000000000,0.2860905886
daily,XOM,2026-09-01,1530,2027-06-17,0.7917808219,166.6609351287,210.0000000000,0.2819472847
daily,XOM,2026-09-01,1530,2027-06-17,0.7917808219,166.6609351287,220.0000000000,0.2826163276
daily,XOM,2026-09-01,1530,2027-06-17,0.7917808219,166.6609351287,230.0000000000,0.2904573306
daily,XOM,2026-09-01,1530,2027-09-17,1.0438356164,167.3094146336,105.0000000000,0.3333002059
daily,XOM,2026-09-01,1530,2027-09-17,1.0438356164,167.3094146336,110.0000000000,0.3242029866
daily,XOM,2026-09-01,1530,2027-09-17,1.0438356164,167.3094146336,115.0000000000,0.3197527376
daily,XOM,2026-09-01,1530,2027-09-17,1.0438356164,167.3094146336,120.0000000000,0.3130663185
daily,XOM,2026-09-01,1530,2027-09-17,1.0438356164,167.3094146336,125.0000000000,0.3054269708
daily,XOM,2026-09-01,1530,2027-09-17,1.0438356164,167.3094146336,130.0000000000,0.2966585477
daily,XOM,2026-09-01,1530,2027-09-17,1.0438356164,167.3094146336,135.0000000000,0.2975434084
daily,XOM,2026-09-01,1530,2027-09-17,1.0438356164,167.3094146336,140.0000000000,0.2942448120
daily,XOM,2026-09-01,1530,2027-09-17,1.0438356164,167.3094146336,145.0000000000,0.2938370840
daily,XOM,2026-09-01,1530,2027-09-17,1.0438356164,167.3094146336,150.0000000000,0.2921134263
daily,XOM,2026-09-01,1530,2027-09-17,1.0438356164,167.3094146336,155.0000000000,0.2877376526
daily,XOM,2026-09-01,1530,2027-09-17,1.0438356164,167.3094146336,160.0000000000,0.2825037536
daily,XOM,2026-09-01,1530,2027-09-17,1.0438356164,167.3094146336,165.0000000000,0.2842070930
daily,XOM,2026-09-01,1530,2027-09-17,1.0438356164,167.3094146336,170.0000000000,0.2837294784
daily,XOM,2026-09-01,1530,2027-09-17,1.0438356164,167.3094146336,175.0000000000,0.2820713376
daily,XOM,2026-09-01,1530,2027-09-17,1.0438356164,167.3094146336,180.0000000000,0.2829303776
daily,XOM,2026-09-01,1530,2027-09-17,1.0438356164,167.3094146336,185.0000000000,0.2811558634
daily,XOM,2026-09-01,1530,2027-09-17,1.0438356164,167.3094146336,190.0000000000,0.2784506581
daily,XOM,2026-09-01,1530,2027-09-17,1.0438356164,167.3094146336,195.0000000000,0.2796390205
daily,XOM,2026-09-01,1530,2027-09-17,1.0438356164,167.3094146336,200.0000000000,0.2787320715
daily,XOM,2026-09-01,1530,2027-09-17,1.0438356164,167.3094146336,210.0000000000,0.2802742951
daily,XOM,2026-09-01,1530,2027-09-17,1.0438356164,167.3094146336,220.0000000000,0.2800021614
daily,XOM,2026-09-01,1530,2027-12-17,1.2931506849,168.1285359843,105.0000000000,0.3284406813
daily,XOM,2026-09-01,1530,2027-12-17,1.2931506849,168.1285359843,110.0000000000,0.3226089432
daily,XOM,2026-09-01,1530,2027-12-17,1.2931506849,168.1285359843,115.0000000000,0.3150926987
daily,XOM,2026-09-01,1530,2027-12-17,1.2931506849,168.1285359843,120.0000000000,0.3097278229
daily,XOM,2026-09-01,1530,2027-12-17,1.2931506849,168.1285359843,125.0000000000,0.3044038542
daily,XOM,2026-09-01,1530,2027-12-17,1.2931506849,168.1285359843,130.0000000000,0.3001700608
daily,XOM,2026-09-01,1530,2027-12-17,1.2931506849,168.1285359843,135.0000000000,0.2991187502
daily,XOM,2026-09-01,1530,2027-12-17,1.2931506849,168.1285359843,140.0000000000,0.2949648166
daily,XOM,2026-09-01,1530,2027-12-17,1.2931506849,168.1285359843,145.0000000000,0.2921611704
daily,XOM,2026-09-01,1530,2027-12-17,1.2931506849,168.1285359843,150.0000000000,0.2911491656
daily,XOM,2026-09-01,1530,2027-12-17,1.2931506849,168.1285359843,155.0000000000,0.2877359556
daily,XOM,2026-09-01,1530,2027-12-17,1.2931506849,168.1285359843,160.0000000000,0.2868315435
daily,XOM,2026-09-01,1530,2027-12-17,1.2931506849,168.1285359843,165.0000000000,0.2860108743
daily,XOM,2026-09-01,1530,2027-12-17,1.2931506849,168.1285359843,170.0000000000,0.2827817493
daily,XOM,2026-09-01,1530,2027-12-17,1.2931506849,168.1285359843,175.0000000000,0.2828665144
daily,XOM,2026-09-01,1530,2027-12-17,1.2931506849,168.1285359843,180.0000000000,0.2812480794
daily,XOM,2026-09-01,1530,2027-12-17,1.2931506849,168.1285359843,185.0000000000,0.2810463256
daily,XOM,2026-09-01,1530,2027-12-17,1.2931506849,168.1285359843,190.0000000000,0.2787983890
daily,XOM,2026-09-01,1530,2027-12-17,1.2931506849,168.1285359843,195.0000000000,0.2776732742
daily,XOM,2026-09-01,1530,2027-12-17,1.2931506849,168.1285359843,200.0000000000,0.2774590379
daily,XOM,2026-09-01,1530,2027-12-17,1.2931506849,168.1285359843,210.0000000000,0.2786275287
daily,XOM,2026-09-01,1530,2027-12-17,1.2931506849,168.1285359843,220.0000000000,0.2818711608
daily,XOM,2026-09-01,1530,2027-12-17,1.2931506849,168.1285359843,230.0000000000,0.2794801540
daily,XOM,2026-09-01,1530,2027-12-17,1.2931506849,168.1285359843,260.0000000000,0.2895559924
daily,XOM,2026-09-01,1530,2028-01-21,1.3890410959,168.6617052486,105.0000000000,0.3258585828
daily,XOM,2026-09-01,1530,2028-01-21,1.3890410959,168.6617052486,110.0000000000,0.3170963618
daily,XOM,2026-09-01,1530,2028-01-21,1.3890410959,168.6617052486,115.0000000000,0.3107561594
daily,XOM,2026-09-01,1530,2028-01-21,1.3890410959,168.6617052486,120.0000000000,0.3073103229
daily,XOM,2026-09-01,1530,2028-01-21,1.3890410959,168.6617052486,125.0000000000,0.3030306945
daily,XOM,2026-09-01,1530,2028-01-21,1.3890410959,168.6617052486,130.0000000000,0.2999090048
daily,XOM,2026-09-01,1530,2028-01-21,1.3890410959,168.6617052486,135.0000000000,0.2967719910
daily,XOM,2026-09-01,1530,2028-01-21,1.3890410959,168.6617052486,140.0000000000,0.2939166665
daily,XOM,2026-09-01,1530,2028-01-21,1.3890410959,168.6617052486,145.0000000000,0.2900151065
daily,XOM,2026-09-01,1530,2028-01-21,1.3890410959,168.6617052486,150.0000000000,0.2883762426
daily,XOM,2026-09-01,1530,2028-01-21,1.3890410959,168.6617052486,155.0000000000,0.2842438761
daily,XOM,2026-09-01,1530,2028-01-21,1.3890410959,168.6617052486,160.0000000000,0.2838143171
daily,XOM,2026-09-01,1530,2028-01-21,1.3890410959,168.6617052486,165.0000000000,0.2853044892
daily,XOM,2026-09-01,1530,2028-01-21,1.3890410959,168.6617052486,170.0000000000,0.2844554071
daily,XOM,2026-09-01,1530,2028-01-21,1.3890410959,168.6617052486,175.0000000000,0.2821030318
daily,XOM,2026-09-01,1530,2028-01-21,1.3890410959,168.6617052486,180.0000000000,0.2820932360
daily,XOM,2026-09-01,1530,2028-01-21,1.3890410959,168.6617052486,185.0000000000,0.2815443099
daily,XOM,2026-09-01,1530,2028-01-21,1.3890410959,168.6617052486,190.0000000000,0.2790934386
daily,XOM,2026-09-01,1530,2028-01-21,1.3890410959,168.6617052486,195.0000000000,0.2783214171
daily,XOM,2026-09-01,1530,2028-01-21,1.3890410959,168.6617052486,200.0000000000,0.2791855032
daily,XOM,2026-09-01,1530,2028-01-21,1.3890410959,168.6617052486,210.0000000000,0.2817869326
daily,XOM,2026-09-01,1530,2028-01-21,1.3890410959,168.6617052486,220.0000000000,0.2793748784
daily,XOM,2026-09-01,1530,2028-01-21,1.3890410959,168.6617052486,260.0000000000,0.2930780745
daily,XOM,2026-09-02,1530,2026-09-04,0.0054794521,163.9224093038,160.0000000000,0.3196120870
daily,XOM,2026-09-02,1530,2026-09-04,0.0054794521,163.9224093038,162.5000000000,0.2976773825
daily,XOM,2026-09-02,1530,2026-09-04,0.0054794521,163.9224093038,165.0000000000,0.2891207641
daily,XOM,2026-09-02,1530,2026-09-04,0.0054794521,163.9224093038,167.5000000000,0.2951557738
daily,XOM,2026-09-02,1530,2026-09-04,0.0054794521,163.9224093038,170.0000000000,0.3085002678
daily,XOM,2026-09-02,1530,2026-09-11,0.0246575342,164.0168284625,150.0000000000,0.3102220653
daily,XOM,2026-09-02,1530,2026-09-11,0.0246575342,164.0168284625,152.5000000000,0.2994105009
daily,XOM,2026-09-02,1530,2026-09-11,0.0246575342,164.0168284625,155.0000000000,0.2846575717
daily,XOM,2026-09-02,1530,2026-09-11,0.0246575342,164.0168284625,157.5000000000,0.2768432350
daily,XOM,2026-09-02,1530,2026-09-11,0.0246575342,164.0168284625,160.0000000000,0.2709302812
daily,XOM,2026-09-02,1530,2026-09-11,0.0246575342,164.0168284625,162.5000000000,0.2647127464
daily,XOM,2026-09-02,1530,2026-09-11,0.0246575342,164.0168284625,165.0000000000,0.2613381250
daily,XOM,2026-09-02,1530,2026-09-11,0.0246575342,164.0168284625,167.5000000000,0.2579366032
daily,XOM,2026-09-02,1530,2026-09-11,0.0246575342,164.0168284625,170.0000000000,0.2603529322
daily,XOM,2026-09-02,1530,2026-09-11,0.0246575342,164.0168284625,175.0000000000,0.2768256442
daily,XOM,2026-09-02,1530,2026-09-11,0.0246575342,164.0168284625,180.0000000000,0.3040728516
daily,XOM,2026-09-02,1530,2026-09-18,0.0438356164,164.1459786173,145.0000000000,0.3285286787
daily,XOM,2026-09-02,1530,2026-09-18,0.0438356164,164.1459786173,150.0000000000,0.3063592229
daily,XOM,2026-09-02,1530,2026-09-18,0.0438356164,164.1459786173,152.5000000000,0.2973908407
daily,XOM,2026-09-02,1530,2026-09-18,0.0438356164,164.1459786173,155.0000000000,0.2922858500
daily,XOM,2026-09-02,1530,2026-09-18,0.0438356164,164.1459786173,157.5000000000,0.2834641123
daily,XOM,2026-09-02,1530,2026-09-18,0.0438356164,164.1459786173,160.0000000000,0.2791270394
daily,XOM,2026-09-02,1530,2026-09-18,0.0438356164,164.1459786173,162.5000000000,0.2773124027
daily,XOM,2026-09-02,1530,2026-09-18,0.0438356164,164.1459786173,165.0000000000,0.2738099671
daily,XOM,2026-09-02,1530,2026-09-18,0.0438356164,164.1459786173,167.5000000000,0.2710058748
daily,XOM,2026-09-02,1530,2026-09-18,0.0438356164,164.1459786173,170.0000000000,0.2709586100
daily,XOM,2026-09-02,1530,2026-09-18,0.0438356164,164.1459786173,172.5000000000,0.2702828873
daily,XOM,2026-09-02,1530,2026-09-18,0.0438356164,164.1459786173,175.0000000000,0.2732272851
daily,XOM,2026-09-02,1530,2026-09-18,0.0438356164,164.1459786173,180.0000000000,0.2825749534
daily,XOM,2026-09-02,1530,2026-09-25,0.0630136986,164.3030553968,147.0000000000,0.3080402379
daily,XOM,2026-09-02,1530,2026-09-25,0.0630136986,164.3030553968,150.0000000000,0.3005168539
daily,XOM,2026-09-02,1530,2026-09-25,0.0630136986,164.3030553968,152.5000000000,0.2941965312
daily,XOM,2026-09-02,1530,2026-09-25,0.0630136986,164.3030553968,155.0000000000,0.2891056468
daily,XOM,2026-09-02,1530,2026-09-25,0.0630136986,164.3030553968,157.5000000000,0.2832598081
daily,XOM,2026-09-02,1530,2026-09-25,0.0630136986,164.3030553968,160.0000000000,0.2830791359
daily,XOM,2026-09-02,1530,2026-09-25,0.0630136986,164.3030553968,162.5000000000,0.2797081427
daily,XOM,2026-09-02,1530,2026-09-25,0.0630136986,164.3030553968,165.0000000000,0.2789482502
daily,XOM,2026-09-02,1530,2026-09-25,0.0630136986,164.3030553968,167.5000000000,0.2755625461
daily,XOM,2026-09-02,1530,2026-09-25,0.0630136986,164.3030553968,170.0000000000,0.2722154449
daily,XOM,2026-09-02,1530,2026-09-25,0.0630136986,164.3030553968,172.5000000000,0.2703069494
daily,XOM,2026-09-02,1530,2026-09-25,0.0630136986,164.3030553968,175.0000000000,0.2695518429
daily,XOM,2026-09-02,1530,2026-10-02,0.0821917808,164.3883562258,150.0000000000,0.2972738460
daily,XOM,2026-09-02,1530,2026-10-02,0.0821917808,164.3883562258,152.5000000000,0.2920849811
daily,XOM,2026-09-02,1530,2026-10-02,0.0821917808,164.3883562258,155.0000000000,0.2876890215
daily,XOM,2026-09-02,1530,2026-10-02,0.0821917808,164.3883562258,157.5000000000,0.2863575790
daily,XOM,2026-09-02,1530,2026-10-02,0.0821917808,164.3883562258,160.0000000000,0.2881681413
daily,XOM,2026-09-02,1530,2026-10-02,0.0821917808,164.3883562258,162.5000000000,0.2821241321
daily,XOM,2026-09-02,1530,2026-10-02,0.0821917808,164.3883562258,165.0000000000,0.2822962594
daily,XOM,2026-09-02,1530,2026-10-02,0.0821917808,164.3883562258,167.5000000000,0.2802742859
daily,XOM,2026-09-02,1530,2026-10-02,0.0821917808,164.3883562258,170.0000000000,0.2776850157
daily,XOM,2026-09-02,1530,2026-10-02,0.0821917808,164.3883562258,172.5000000000,0.2755047596
daily,XOM,2026-09-02,1530,2026-10-02,0.0821917808,164.3883562258,175.0000000000,0.2701028725
daily,XOM,2026-09-02,1530,2026-10-02,0.0821917808,164.3883562258,177.5000000000,0.2720059980
daily,XOM,2026-09-02,1530,2026-10-09,0.1013698630,164.3079148446,150.0000000000,0.2964363422
daily,XOM,2026-09-02,1530,2026-10-09,0.1013698630,164.3079148446,155.0000000000,0.2907956730
daily,XOM,2026-09-02,1530,2026-10-09,0.1013698630,164.3079148446,157.5000000000,0.2867596532
daily,XOM,2026-09-02,1530,2026-10-09,0.1013698630,164.3079148446,160.0000000000,0.2825694786
daily,XOM,2026-09-02,1530,2026-10-09,0.1013698630,164.3079148446,162.5000000000,0.2759732572
daily,XOM,2026-09-02,1530,2026-10-09,0.1013698630,164.3079148446,165.0000000000,0.2755309772
daily,XOM,2026-09-02,1530,2026-10-09,0.1013698630,164.3079148446,167.5000000000,0.2750715458
daily,XOM,2026-09-02,1530,2026-10-09,0.1013698630,164.3079148446,170.0000000000,0.2740139594
daily,XOM,2026-09-02,1530,2026-10-16,0.1205479452,164.6829768238,135.0000000000,0.3351265047
daily,XOM,2026-09-02,1530,2026-10-16,0.1205479452,164.6829768238,140.0000000000,0.3186243740
daily,XOM,2026-09-02,1530,2026-10-16,0.1205479452,164.6829768238,145.0000000000,0.3054007087
daily,XOM,2026-09-02,1530,2026-10-16,0.1205479452,164.6829768238,150.0000000000,0.2962122008
daily,XOM,2026-09-02,1530,2026-10-16,0.1205479452,164.6829768238,155.0000000000,0.2902032617
daily,XOM,2026-09-02,1530,2026-10-16,0.1205479452,164.6829768238,160.0000000000,0.2860103519
daily,XOM,2026-09-02,1530,2026-10-16,0.1205479452,164.6829768238,165.0000000000,0.2820111436
daily,XOM,2026-09-02,1530,2026-10-16,0.1205479452,164.6829768238,170.0000000000,0.2786589384
daily,XOM,2026-09-02,1530,2026-10-16,0.1205479452,164.6829768238,175.0000000000,0.2778209103
daily,XOM,2026-09-02,1530,2026-10-16,0.1205479452,164.6829768238,180.0000000000,0.2790518792
daily,XOM,2026-09-02,1530,2026-10-16,0.1205479452,164.6829768238,185.0000000000,0.2813796989
daily,XOM,2026-09-02,1530,2026-10-16,0.1205479452,164.6829768238,190.0000000000,0.2841348609
daily,XOM,2026-09-02,1530,2026-10-16,0.1205479452,164.6829768238,195.0000000000,0.2931107266
daily,XOM,2026-09-02,1530,2026-11-20,0.2164383562,164.4515592975,130.0000000000,0.3363565980
daily,XOM,2026-09-02,1530,2026-11-20,0.2164383562,164.4515592975,135.0000000000,0.3259263198
daily,XOM,2026-09-02,1530,2026-11-20,0.2164383562,164.4515592975,140.0000000000,0.3182595842
daily,XOM,2026-09-02,1530,2026-11-20,0.2164383562,164.4515592975,145.0000000000,0.3086600033
daily,XOM,2026-09-02,1530,2026-11-20,0.2164383562,164.4515592975,150.0000000000,0.3029665633
daily,XOM,2026-09-02,1530,2026-11-20,0.2164383562,164.4515592975,155.0000000000,0.2996657466
daily,XOM,2026-09-02,1530,2026-11-20,0.2164383562,164.4515592975,160.0000000000,0.2972058389
daily,XOM,2026-09-02,1530,2026-11-20,0.2164383562,164.4515592975,165.0000000000,0.2960896409
daily,XOM,2026-09-02,1530,2026-11-20,0.2164383562,164.4515592975,170.0000000000,0.2918327613
daily,XOM,2026-09-02,1530,2026-11-20,0.2164383562,164.4515592975,175.0000000000,0.2894866498
daily,XOM,2026-09-02,1530,2026-11-20,0.2164383562,164.4515592975,180.0000000000,0.2884419637
daily,XOM,2026-09-02,1530,2026-11-20,0.2164383562,164.4515592975,185.0000000000,0.2900080820
daily,XOM,2026-09-02,1530,2026-11-20,0.2164383562,164.4515592975,190.0000000000,0.2881001517
daily,XOM,2026-09-02,1530,2026-11-20,0.2164383562,164.4515592975,195.0000000000,0.2897126539
daily,XOM,2026-09-02,1530,2026-12-18,0.2931506849,164.4789727696,120.0000000000,0.3453643745
daily,XOM,2026-09-02,1530,2026-12-18,0.2931506849,164.4789727696,130.0000000000,0.3250918106
daily,XOM,2026-09-02,1530,2026-12-18,0.2931506849,164.4789727696,135.0000000000,0.3153026505
daily,XOM,2026-09-02,1530,2026-12-18,0.2931506849,164.4789727696,140.0000000000,0.3085813166
daily,XOM,2026-09-02,1530,2026-12-18,0.2931506849,164.4789727696,145.0000000000,0.3023669244
daily,XOM,2026-09-02,1530,2026-12-18,0.2931506849,164.4789727696,150.0000000000,0.2971980926
daily,XOM,2026-09-02,1530,2026-12-18,0.2931506849,164.4789727696,155.0000000000,0.2935420476
daily,XOM,2026-09-02,1530,2026-12-18,0.2931506849,164.4789727696,160.0000000000,0.2905324780
daily,XOM,2026-09-02,1530,2026-12-18,0.2931506849,164.4789727696,165.0000000000,0.2946144324
daily,XOM,2026-09-02,1530,2026-12-18,0.2931506849,164.4789727696,170.0000000000,0.2916071377
daily,XOM,2026-09-02,1530,2026-12-18,0.2931506849,164.4789727696,175.0000000000,0.2887392513
daily,XOM,2026-09-02,1530,2026-12-18,0.2931506849,164.4789727696,180.0000000000,0.2878569457
daily,XOM,2026-09-02,1530,2026-12-18,0.2931506849,164.4789727696,185.0000000000,0.2872285818
daily,XOM,2026-09-02,1530,2026-12-18,0.2931506849,164.4789727696,190.0000000000,0.2863423854
daily,XOM,2026-09-02,1530,2026-12-18,0.2931506849,164.4789727696,195.0000000000,0.2874771152
daily,XOM,2026-09-02,1530,2026-12-18,0.2931506849,164.4789727696,200.0000000000,0.2898355704
daily,XOM,2026-09-02,1530,2027-01-15,0.3698630137,164.9053816717,120.0000000000,0.3401597978
daily,XOM,2026-09-02,1530,2027-01-15,0.3698630137,164.9053816717,125.0000000000,0.3309140846
daily,XOM,2026-09-02,1530,2027-01-15,0.3698630137,164.9053816717,130.0000000000,0.3207331976
daily,XOM,2026-09-02,1530,2027-01-15,0.3698630137,164.9053816717,135.0000000000,0.3134253972
daily,XOM,2026-09-02,1530,2027-01-15,0.3698630137,164.9053816717,140.0000000000,0.3054077630
daily,XOM,2026-09-02,1530,2027-01-15,0.3698630137,164.9053816717,145.0000000000,0.2997521609
daily,XOM,2026-09-02,1530,2027-01-15,0.3698630137,164.9053816717,150.0000000000,0.2949184891
daily,XOM,2026-09-02,1530,2027-01-15,0.3698630137,164.9053816717,155.0000000000,0.2919394082
daily,XOM,2026-09-02,1530,2027-01-15,0.3698630137,164.9053816717,160.0000000000,0.2884558547
daily,XOM,2026-09-02,1530,2027-01-15,0.3698630137,164.9053816717,165.0000000000,0.2879261051
daily,XOM,2026-09-02,1530,2027-01-15,0.3698630137,164.9053816717,170.0000000000,0.2853546192
daily,XOM,2026-09-02,1530,2027-01-15,0.3698630137,164.9053816717,175.0000000000,0.2819090961
daily,XOM,2026-09-02,1530,2027-01-15,0.3698630137,164.9053816717,180.0000000000,0.2809313851
daily,XOM,2026-09-02,1530,2027-01-15,0.3698630137,164.9053816717,185.0000000000,0.2809966677
daily,XOM,2026-09-02,1530,2027-01-15,0.3698630137,164.9053816717,190.0000000000,0.2841746013
daily,XOM,2026-09-02,1530,2027-01-15,0.3698630137,164.9053816717,195.0000000000,0.2829934428
daily,XOM,2026-09-02,1530,2027-01-15,0.3698630137,164.9053816717,200.0000000000,0.2836738645
daily,XOM,2026-09-02,1530,2027-01-15,0.3698630137,164.9053816717,210.0000000000,0.2906861247
daily,XOM,2026-09-02,1530,2027-01-15,0.3698630137,164.9053816717,220.0000000000,0.2994702893
daily,XOM,2026-09-02,1530,2027-03-19,0.5424657534,165.1231594829,120.0000000000,0.3343534903
daily,XOM,2026-09-02,1530,2027-03-19,0.5424657534,165.1231594829,125.0000000000,0.3217879029
daily,XOM,2026-09-02,1530,2027-03-19,0.5424657534,165.1231594829,130.0000000000,0.3140718513
daily,XOM,2026-09-02,1530,2027-03-19,0.5424657534,165.1231594829,135.0000000000,0.3090193098
daily,XOM,2026-09-02,1530,2027-03-19,0.5424657534,165.1231594829,140.0000000000,0.3041979702
daily,XOM,2026-09-02,1530,2027-03-19,0.5424657534,165.1231594829,145.0000000000,0.2982609056
daily,XOM,2026-09-02,1530,2027-03-19,0.5424657534,165.1231594829,150.0000000000,0.2971307710
daily,XOM,2026-09-02,1530,2027-03-19,0.5424657534,165.1231594829,155.0000000000,0.2953672734
daily,XOM,2026-09-02,1530,2027-03-19,0.5424657534,165.1231594829,160.0000000000,0.2891240227
daily,XOM,2026-09-02,1530,2027-03-19,0.5424657534,165.1231594829,165.0000000000,0.2877100198
daily,XOM,2026-09-02,1530,2027-03-19,0.5424657534,165.1231594829,170.0000000000,0.2868836136
daily,XOM,2026-09-02,1530,2027-03-19,0.5424657534,165.1231594829,175.0000000000,0.2862704740
daily,XOM,2026-09-02,1530,2027-03-19,0.5424657534,165.1231594829,180.0000000000,0.2824377620
daily,XOM,2026-09-02,1530,2027-03-19,0.5424657534,165.1231594829,185.0000000000,0.2828028463
daily,XOM,2026-09-02,1530,2027-03-19,0.5424657534,165.1231594829,190.0000000000,0.2837404059
daily,XOM,2026-09-02,1530,2027-03-19,0.5424657534,165.1231594829,195.0000000000,0.2840561724
daily,XOM,2026-09-02,1530,2027-03-19,0.5424657534,165.1231594829,200.0000000000,0.2850142084
daily,XOM,2026-09-02,1530,2027-03-19,0.5424657534,165.1231594829,210.0000000000,0.2873690540
daily,XOM,2026-09-02,1530,2027-03-19,0.5424657534,165.1231594829,220.0000000000,0.2930850423
daily,XOM,2026-09-02,1530,2027-04-16,0.6191780822,165.6146545140,115.0000000000,0.3373797659
daily,XOM,2026-09-02,1530,2027-04-16,0.6191780822,165.6146545140,120.0000000000,0.3282566725
daily,XOM,2026-09-02,1530,2027-04-16,0.6191780822,165.6146545140,125.0000000000,0.3192165350
daily,XOM,2026-09-02,1530,2027-04-16,0.6191780822,165.6146545140,130.0000000000,0.3128330012
daily,XOM,2026-09-02,1530,2027-04-16,0.6191780822,165.6146545140,135.0000000000,0.3072366690
daily,XOM,2026-09-02,1530,2027-04-16,0.6191780822,165.6146545140,140.0000000000,0.3017115996
daily,XOM,2026-09-02,1530,2027-04-16,0.6191780822,165.6146545140,145.0000000000,0.2967538004
daily,XOM,2026-09-02,1530,2027-04-16,0.6191780822,165.6146545140,150.0000000000,0.2952467808
daily,XOM,2026-09-02,1530,2027-04-16,0.6191780822,165.6146545140,155.0000000000,0.2907738630
daily,XOM,2026-09-02,1530,2027-04-16,0.6191780822,165.6146545140,160.0000000000,0.2877517554
daily,XOM,2026-09-02,1530,2027-04-16,0.6191780822,165.6146545140,165.0000000000,0.2868794110
daily,XOM,2026-09-02,1530,2027-04-16,0.6191780822,165.6146545140,170.0000000000,0.2852651481
daily,XOM,2026-09-02,1530,2027-04-16,0.6191780822,165.6146545140,175.0000000000,0.2832530333
daily,XOM,2026-09-02,1530,2027-04-16,0.6191780822,165.6146545140,180.0000000000,0.2835808383
daily,XOM,2026-09-02,1530,2027-04-16,0.6191780822,165.6146545140,185.0000000000,0.2815572151
daily,XOM,2026-09-02,1530,2027-04-16,0.6191780822,165.6146545140,190.0000000000,0.2852065681
daily,XOM,2026-09-02,1530,2027-04-16,0.6191780822,165.6146545140,195.0000000000,0.2860124852
daily,XOM,2026-09-02,1530,2027-04-16,0.6191780822,165.6146545140,200.0000000000,0.2860975427
daily,XOM,2026-09-02,1530,2027-04-16,0.6191780822,165.6146545140,210.0000000000,0.2874941994
daily,XOM,2026-09-02,1530,2027-04-16,0.6191780822,165.6146545140,230.0000000000,0.2949668236
daily,XOM,2026-09-02,1530,2027-06-17,0.7890410959,165.9394998094,110.0000000000,0.3378442218
daily,XOM,2026-09-02,1530,2027-06-17,0.7890410959,165.9394998094,115.0000000000,0.3298132827
daily,XOM,2026-09-02,1530,2027-06-17,0.7890410959,165.9394998094,120.0000000000,0.3181532675
daily,XOM,2026-09-02,1530,2027-06-17,0.7890410959,165.9394998094,125.0000000000,0.3145255539
daily,XOM,2026-09-02,1530,2027-06-17,0.7890410959,165.9394998094,130.0000000000,0.3090430639
daily,XOM,2026-09-02,1530,2027-06-17,0.7890410959,165.9394998094,135.0000000000,0.3060356716
daily,XOM,2026-09-02,1530,2027-06-17,0.7890410959,165.9394998094,140.0000000000,0.3003429144
daily,XOM,2026-09-02,1530,2027-06-17,0.7890410959,165.9394998094,145.0000000000,0.2977154181
daily,XOM,2026-09-02,1530,2027-06-17,0.7890410959,165.9394998094,150.0000000000,0.2943073620
daily,XOM,2026-09-02,1530,2027-06-17,0.7890410959,165.9394998094,155.0000000000,0.2923891456
daily,XOM,2026-09-02,1530,2027-06-17,0.7890410959,165.9394998094,160.0000000000,0.2897717953
daily,XOM,2026-09-02,1530,2027-06-17,0.7890410959,165.9394998094,165.0000000000,0.2870478991
daily,XOM,2026-09-02,1530,2027-06-17,0.7890410959,165.9394998094,170.0000000000,0.2869984200
daily,XOM,2026-09-02,1530,2027-06-17,0.7890410959,165.9394998094,175.0000000000,0.2864453729
daily,XOM,2026-09-02,1530,2027-06-17,0.7890410959,165.9394998094,180.0000000000,0.2846371763
daily,XOM,2026-09-02,1530,2027-06-17,0.7890410959,165.9394998094,185.0000000000,0.2826086860
daily,XOM,2026-09-02,1530,2027-06-17,0.7890410959,165.9394998094,190.0000000000,0.2838457173
daily,XOM,2026-09-02,1530,2027-06-17,0.7890410959,165.9394998094,195.0000000000,0.2819470101
daily,XOM,2026-09-02,1530,2027-06-17,0.7890410959,165.9394998094,200.0000000000,0.2832472752
daily,XOM,2026-09-02,1530,2027-06-17,0.7890410959,165.9394998094,210.0000000000,0.2859979209
daily,XOM,2026-09-02,1530,2027-06-17,0.7890410959,165.9394998094,220.0000000000,0.2860889296
daily,XOM,2026-09-02,1530,2027-06-17,0.7890410959,165.9394998094,230.0000000000,0.2902103536
daily,XOM,2026-09-02,1530,2027-06-17,0.7890410959,165.9394998094,250.0000000000,0.2998760010
daily,XOM,2026-09-02,1530,2027-09-17,1.0410958904,166.7136110681,105.0000000000,0.3339859046
daily,XOM,2026-09-02,1530,2027-09-17,1.0410958904,166.7136110681,110.0000000000,0.3257389538
daily,XOM,2026-09-02,1530,2027-09-17,1.0410958904,166.7136110681,115.0000000000,0.3173171616
daily,XOM,2026-09-02,1530,2027-09-17,1.0410958904,166.7136110681,120.0000000000,0.3129497092
daily,XOM,2026-09-02,1530,2027-09-17,1.0410958904,166.7136110681,125.0000000000,0.3082352345
daily,XOM,2026-09-02,1530,2027-09-17,1.0410958904,166.7136110681,130.0000000000,0.3039418000
daily,XOM,2026-09-02,1530,2027-09-17,1.0410958904,166.7136110681,135.0000000000,0.3003058543
daily,XOM,2026-09-02,1530,2027-09-17,1.0410958904,166.7136110681,140.0000000000,0.2960520438
daily,XOM,2026-09-02,1530,2027-09-17,1.0410958904,166.7136110681,145.0000000000,0.2936428511
daily,XOM,2026-09-02,1530,2027-09-17,1.0410958904,166.7136110681,150.0000000000,0.2901605391
daily,XOM,2026-09-02,1530,2027-09-17,1.0410958904,166.7136110681,155.0000000000,0.2881398599
daily,XOM,2026-09-02,1530,2027-09-17,1.0410958904,166.7136110681,160.0000000000,0.2829465833
daily,XOM,2026-09-02,1530,2027-09-17,1.0410958904,166.7136110681,165.0000000000,0.2845283805
daily,XOM,2026-09-02,1530,2027-09-17,1.0410958904,166.7136110681,170.0000000000,0.2848996012
daily,XOM,2026-09-02,1530,2027-09-17,1.0410958904,166.7136110681,175.0000000000,0.2837137575
daily,XOM,2026-09-02,1530,2027-09-17,1.0410958904,166.7136110681,180.0000000000,0.2823690628
daily,XOM,2026-09-02,1530,2027-09-17,1.0410958904,166.7136110681,185.0000000000,0.2821071234
daily,XOM,2026-09-02,1530,2027-09-17,1.0410958904,166.7136110681,190.0000000000,0.2815098017
daily,XOM,2026-09-02,1530,2027-09-17,1.0410958904,166.7136110681,195.0000000000,0.2839997716
daily,XOM,2026-09-02,1530,2027-09-17,1.0410958904,166.7136110681,200.0000000000,0.2843566868
daily,XOM,2026-09-02,1530,2027-09-17,1.0410958904,166.7136110681,210.0000000000,0.2839265215
daily,XOM,2026-09-02,1530,2027-09-17,1.0410958904,166.7136110681,220.0000000000,0.2855534007
daily,XOM,2026-09-02,1530,2027-09-17,1.0410958904,166.7136110681,230.0000000000,0.2869315675
daily,XOM,2026-09-02,1530,2027-09-17,1.0410958904,166.7136110681,240.0000000000,0.2881916882
daily,XOM,2026-09-02,1530,2027-12-17,1.2904109589,167.9633640893,105.0000000000,0.3288764268
daily,XOM,2026-09-02,1530,2027-12-17,1.2904109589,167.9633640893,110.0000000000,0.3240351358
daily,XOM,2026-09-02,1530,2027-12-17,1.2904109589,167.9633640893,115.0000000000,0.3184486395
daily,XOM,2026-09-02,1530,2027-12-17,1.2904109589,167.9633640893,120.0000000000,0.3123920897
daily,XOM,2026-09-02,1530,2027-12-17,1.2904109589,167.9633640893,125.0000000000,0.3082212551
daily,XOM,2026-09-02,1530,2027-12-17,1.2904109589,167.9633640893,130.0000000000,0.3029364055
daily,XOM,2026-09-02,1530,2027-12-17,1.2904109589,167.9633640893,135.0000000000,0.3000081482
daily,XOM,2026-09-02,1530,2027-12-17,1.2904109589,167.9633640893,140.0000000000,0.2967585589
daily,XOM,2026-09-02,1530,2027-12-17,1.2904109589,167.9633640893,145.0000000000,0.2936457789
daily,XOM,2026-09-02,1530,2027-12-17,1.2904109589,167.9633640893,150.0000000000,0.2915000630
daily,XOM,2026-09-02,1530,2027-12-17,1.2904109589,167.9633640893,155.0000000000,0.2873915653
daily,XOM,2026-09-02,1530,2027-12-17,1.2904109589,167.9633640893,160.0000000000,0.2862152437
daily,XOM,2026-09-02,1530,2027-12-17,1.2904109589,167.9633640893,165.0000000000,0.2831755353
daily,XOM,2026-09-02,1530,2027-12-17,1.2904109589,167.9633640893,170.0000000000,0.2832651242
daily,XOM,2026-09-02,1530,2027-12-17,1.2904109589,167.9633640893,175.0000000000,0.2828904120
daily,XOM,2026-09-02,1530,2027-12-17,1.2904109589,167.9633640893,180.0000000000,0.2802799984
daily,XOM,2026-09-02,1530,2027-12-17,1.2904109589,167.9633640893,185.0000000000,0.2819319195
daily,XOM,2026-09-02,1530,2027-12-17,1.2904109589,167.9633640893,190.0000000000,0.2815848194
daily,XOM,2026-09-02,1530,2027-12-17,1.2904109589,167.9633640893,195.0000000000,0.2795551262
daily,XOM,2026-09-02,1530,2027-12-17,1.2904109589,167.9633640893,200.0000000000,0.2819042245
daily,XOM,2026-09-02,1530,2027-12-17,1.2904109589,167.9633640893,210.0000000000,0.2816942680
daily,XOM,2026-09-02,1530,2027-12-17,1.2904109589,167.9633640893,220.0000000000,0.2828722550
daily,XOM,2026-09-02,1530,2027-12-17,1.2904109589,167.9633640893,230.0000000000,0.2843020406
daily,XOM,2026-09-02,1530,2027-12-17,1.2904109589,167.9633640893,240.0000000000,0.2851489553
daily,XOM,2026-09-02,1530,2027-12-17,1.2904109589,167.9633640893,250.0000000000,0.2875095759
daily,XOM,2026-09-02,1530,2028-01-21,1.3863013699,168.2989202939,105.0000000000,0.3254222589
daily,XOM,2026-09-02,1530,2028-01-21,1.3863013699,168.2989202939,110.0000000000,0.3197840685
daily,XOM,2026-09-02,1530,2028-01-21,1.3863013699,168.2989202939,115.0000000000,0.3149245070
daily,XOM,2026-09-02,1530,2028-01-21,1.3863013699,168.2989202939,120.0000000000,0.3087829622
daily,XOM,2026-09-02,1530,2028-01-21,1.3863013699,168.2989202939,125.0000000000,0.3056093828
daily,XOM,2026-09-02,1530,2028-01-21,1.3863013699,168.2989202939,130.0000000000,0.3025058290
daily,XOM,2026-09-02,1530,2028-01-21,1.3863013699,168.2989202939,135.0000000000,0.2997347039
daily,XOM,2026-09-02,1530,2028-01-21,1.3863013699,168.2989202939,140.0000000000,0.2943232629
daily,XOM,2026-09-02,1530,2028-01-21,1.3863013699,168.2989202939,145.0000000000,0.2866904655
daily,XOM,2026-09-02,1530,2028-01-21,1.3863013699,168.2989202939,150.0000000000,0.2883695687
daily,XOM,2026-09-02,1530,2028-01-21,1.3863013699,168.2989202939,155.0000000000,0.2881710912
daily,XOM,2026-09-02,1530,2028-01-21,1.3863013699,168.2989202939,160.0000000000,0.2865812697
daily,XOM,2026-09-02,1530,2028-01-21,1.3863013699,168.2989202939,165.0000000000,0.2852544165
daily,XOM,2026-09-02,1530,2028-01-21,1.3863013699,168.2989202939,170.0000000000,0.2822299592
daily,XOM,2026-09-02,1530,2028-01-21,1.3863013699,168.2989202939,175.0000000000,0.2831557163
daily,XOM,2026-09-02,1530,2028-01-21,1.3863013699,168.2989202939,180.0000000000,0.2819956633
daily,XOM,2026-09-02,1530,2028-01-21,1.3863013699,168.2989202939,185.0000000000,0.2804474175
daily,XOM,2026-09-02,1530,2028-01-21,1.3863013699,168.2989202939,190.0000000000,0.2821434550
daily,XOM,2026-09-02,1530,2028-01-21,1.3863013699,168.2989202939,195.0000000000,0.2820894159
daily,XOM,2026-09-02,1530,2028-01-21,1.3863013699,168.2989202939,200.0000000000,0.2803093416
daily,XOM,2026-09-02,1530,2028-01-21,1.3863013699,168.2989202939,210.0000000000,0.2808445226
daily,XOM,2026-09-02,1530,2028-01-21,1.3863013699,168.2989202939,220.0000000000,0.2832225925
daily,XOM,2026-09-02,1530,2028-01-21,1.3863013699,168.2989202939,230.0000000000,0.2838792344
daily,XOM,2026-09-02,1530,2028-01-21,1.3863013699,168.2989202939,240.0000000000,0.2858401562
daily,XOM,2026-09-02,1530,2028-01-21,1.3863013699,168.2989202939,250.0000000000,0.2885654862
daily,XOM,2026-09-03,1530,2026-09-11,0.0219178082,163.3539921354,157.5000000000,0.2593707058
daily,XOM,2026-09-03,1530,2026-09-11,0.0219178082,163.3539921354,160.0000000000,0.2529618025
daily,XOM,2026-09-03,1530,2026-09-11,0.0219178082,163.3539921354,162.5000000000,0.2503265478
daily,XOM,2026-09-03,1530,2026-09-11,0.0219178082,163.3539921354,165.0000000000,0.2484877909
daily,XOM,2026-09-03,1530,2026-09-11,0.0219178082,163.3539921354,167.5000000000,0.2481188389
daily,XOM,2026-09-03,1530,2026-09-11,0.0219178082,163.3539921354,170.0000000000,0.2522067058
daily,XOM,2026-09-03,1530,2026-09-11,0.0219178082,163.3539921354,172.5000000000,0.2630322843
daily,XOM,2026-09-03,1530,2026-09-18,0.0410958904,163.4866324494,145.0000000000,0.3079044623
daily,XOM,2026-09-03,1530,2026-09-18,0.0410958904,163.4866324494,150.0000000000,0.2948415807
daily,XOM,2026-09-03,1530,2026-09-18,0.0410958904,163.4866324494,155.0000000000,0.2751225191
daily,XOM,2026-09-03,1530,2026-09-18,0.0410958904,163.4866324494,157.5000000000,0.2677983032
daily,XOM,2026-09-03,1530,2026-09-18,0.0410958904,163.4866324494,160.0000000000,0.2669907053
daily,XOM,2026-09-03,1530,2026-09-18,0.0410958904,163.4866324494,162.5000000000,0.2696654708
daily,XOM,2026-09-03,1530,2026-09-18,0.0410958904,163.4866324494,165.0000000000,0.2619293731
daily,XOM,2026-09-03,1530,2026-09-18,0.0410958904,163.4866324494,167.5000000000,0.2606852643
daily,XOM,2026-09-03,1530,2026-09-18,0.0410958904,163.4866324494,170.0000000000,0.2587172626
daily,XOM,2026-09-03,1530,2026-09-18,0.0410958904,163.4866324494,172.5000000000,0.2629570276
daily,XOM,2026-09-03,1530,2026-09-18,0.0410958904,163.4866324494,175.0000000000,0.2661479287
daily,XOM,2026-09-03,1530,2026-09-25,0.0602739726,163.5834265073,150.0000000000,0.2881273748
daily,XOM,2026-09-03,1530,2026-09-25,0.0602739726,163.5834265073,155.0000000000,0.2723734903
daily,XOM,2026-09-03,1530,2026-09-25,0.0602739726,163.5834265073,157.5000000000,0.2621612436
daily,XOM,2026-09-03,1530,2026-09-25,0.0602739726,163.5834265073,160.0000000000,0.2685750723
daily,XOM,2026-09-03,1530,2026-09-25,0.0602739726,163.5834265073,162.5000000000,0.2676090579
daily,XOM,2026-09-03,1530,2026-09-25,0.0602739726,163.5834265073,165.0000000000,0.2674279464
daily,XOM,2026-09-03,1530,2026-09-25,0.0602739726,163.5834265073,167.5000000000,0.2655449586
daily,XOM,2026-09-03,1530,2026-09-25,0.0602739726,163.5834265073,170.0000000000,0.2645639914
daily,XOM,2026-09-03,1530,2026-09-25,0.0602739726,163.5834265073,172.5000000000,0.2636092026
daily,XOM,2026-09-03,1530,2026-09-25,0.0602739726,163.5834265073,175.0000000000,0.2668432947
daily,XOM,2026-09-03,1530,2026-10-02,0.0794520548,163.7739821288,150.0000000000,0.2828988099
daily,XOM,2026-09-03,1530,2026-10-02,0.0794520548,163.7739821288,152.5000000000,0.2734991378
daily,XOM,2026-09-03,1530,2026-10-02,0.0794520548,163.7739821288,155.0000000000,0.2731037652
daily,XOM,2026-09-03,1530,2026-10-02,0.0794520548,163.7739821288,157.5000000000,0.2716513588
daily,XOM,2026-09-03,1530,2026-10-02,0.0794520548,163.7739821288,160.0000000000,0.2740961221
daily,XOM,2026-09-03,1530,2026-10-02,0.0794520548,163.7739821288,162.5000000000,0.2728077312
daily,XOM,2026-09-03,1530,2026-10-02,0.0794520548,163.7739821288,165.0000000000,0.2717376799
daily,XOM,2026-09-03,1530,2026-10-02,0.0794520548,163.7739821288,167.5000000000,0.2701415255
daily,XOM,2026-09-03,1530,2026-10-02,0.0794520548,163.7739821288,170.0000000000,0.2672238922
daily,XOM,2026-09-03,1530,2026-10-02,0.0794520548,163.7739821288,172.5000000000,0.2654699016
daily,XOM,2026-09-03,1530,2026-10-02,0.0794520548,163.7739821288,175.0000000000,0.2654144347
daily,XOM,2026-09-03,1530,2026-10-02,0.0794520548,163.7739821288,177.5000000000,0.2699089625
daily,XOM,2026-09-03,1530,2026-10-09,0.0986301370,164.0893939870,150.0000000000,0.2879102961
daily,XOM,2026-09-03,1530,2026-10-09,0.0986301370,164.0893939870,152.5000000000,0.2882306145
daily,XOM,2026-09-03,1530,2026-10-09,0.0986301370,164.0893939870,155.0000000000,0.2803005311
daily,XOM,2026-09-03,1530,2026-10-09,0.0986301370,164.0893939870,157.5000000000,0.2759425650
daily,XOM,2026-09-03,1530,2026-10-09,0.0986301370,164.0893939870,160.0000000000,0.2760863156
daily,XOM,2026-09-03,1530,2026-10-09,0.0986301370,164.0893939870,162.5000000000,0.2704212335
daily,XOM,2026-09-03,1530,2026-10-09,0.0986301370,164.0893939870,165.0000000000,0.2683662936
daily,XOM,2026-09-03,1530,2026-10-09,0.0986301370,164.0893939870,167.5000000000,0.2698220454
daily,XOM,2026-09-03,1530,2026-10-09,0.0986301370,164.0893939870,170.0000000000,0.2691428286
daily,XOM,2026-09-03,1530,2026-10-09,0.0986301370,164.0893939870,172.5000000000,0.2704324554
daily,XOM,2026-09-03,1530,2026-10-09,0.0986301370,164.0893939870,175.0000000000,0.2715711825
daily,XOM,2026-09-03,1530,2026-10-09,0.0986301370,164.0893939870,180.0000000000,0.2746608670
daily,XOM,2026-09-03,1530,2026-10-16,0.1178082192,164.0129059805,140.0000000000,0.3048171549
daily,XOM,2026-09-03,1530,2026-10-16,0.1178082192,164.0129059805,145.0000000000,0.2932383613
daily,XOM,2026-09-03,1530,2026-10-16,0.1178082192,164.0129059805,150.0000000000,0.2865836956
daily,XOM,2026-09-03,1530,2026-10-16,0.1178082192,164.0129059805,155.0000000000,0.2795643348
daily,XOM,2026-09-03,1530,2026-10-16,0.1178082192,164.0129059805,160.0000000000,0.2773175232
daily,XOM,2026-09-03,1530,2026-10-16,0.1178082192,164.0129059805,165.0000000000,0.2742361560
daily,XOM,2026-09-03,1530,2026-10-16,0.1178082192,164.0129059805,170.0000000000,0.2736220484
daily,XOM,2026-09-03,1530,2026-10-16,0.1178082192,164.0129059805,175.0000000000,0.2745160470
daily,XOM,2026-09-03,1530,2026-10-16,0.1178082192,164.0129059805,180.0000000000,0.2755625198
daily,XOM,2026-09-03,1530,2026-10-16,0.1178082192,164.0129059805,185.0000000000,0.2797922616
daily,XOM,2026-09-03,1530,2026-11-20,0.2136986301,163.9823467810,130.0000000000,0.3277222835
daily,XOM,2026-09-03,1530,2026-11-20,0.2136986301,163.9823467810,135.0000000000,0.3171727140
daily,XOM,2026-09-03,1530,2026-11-20,0.2136986301,163.9823467810,140.0000000000,0.3081020558
daily,XOM,2026-09-03,1530,2026-11-20,0.2136986301,163.9823467810,145.0000000000,0.3015573757
daily,XOM,2026-09-03,1530,2026-11-20,0.2136986301,163.9823467810,150.0000000000,0.2994816485
daily,XOM,2026-09-03,1530,2026-11-20,0.2136986301,163.9823467810,155.0000000000,0.2950211498
daily,XOM,2026-09-03,1530,2026-11-20,0.2136986301,163.9823467810,160.0000000000,0.2919557976
daily,XOM,2026-09-03,1530,2026-11-20,0.2136986301,163.9823467810,165.0000000000,0.2850780192
daily,XOM,2026-09-03,1530,2026-11-20,0.2136986301,163.9823467810,170.0000000000,0.2835737187
daily,XOM,2026-09-03,1530,2026-11-20,0.2136986301,163.9823467810,175.0000000000,0.2804638679
daily,XOM,2026-09-03,1530,2026-11-20,0.2136986301,163.9823467810,180.0000000000,0.2815726979
daily,XOM,2026-09-03,1530,2026-11-20,0.2136986301,163.9823467810,185.0000000000,0.2820016637
daily,XOM,2026-09-03,1530,2026-11-20,0.2136986301,163.9823467810,190.0000000000,0.2882730812
daily,XOM,2026-09-03,1530,2026-11-20,0.2136986301,163.9823467810,195.0000000000,0.2932469777
daily,XOM,2026-09-03,1530,2026-12-18,0.2904109589,164.0612514836,125.0000000000,0.3245772956
daily,XOM,2026-09-03,1530,2026-12-18,0.2904109589,164.0612514836,130.0000000000,0.3173469034
daily,XOM,2026-09-03,1530,2026-12-18,0.2904109589,164.0612514836,135.0000000000,0.3051897956
daily,XOM,2026-09-03,1530,2026-12-18,0.2904109589,164.0612514836,140.0000000000,0.2998222821
daily,XOM,2026-09-03,1530,2026-12-18,0.2904109589,164.0612514836,145.0000000000,0.2941573510
daily,XOM,2026-09-03,1530,2026-12-18,0.2904109589,164.0612514836,150.0000000000,0.2919767134
daily,XOM,2026-09-03,1530,2026-12-18,0.2904109589,164.0612514836,155.0000000000,0.2882301258
daily,XOM,2026-09-03,1530,2026-12-18,0.2904109589,164.0612514836,160.0000000000,0.2863909869
daily,XOM,2026-09-03,1530,2026-12-18,0.2904109589,164.0612514836,165.0000000000,0.2828730395
daily,XOM,2026-09-03,1530,2026-12-18,0.2904109589,164.0612514836,170.0000000000,0.2805713773
daily,XOM,2026-09-03,1530,2026-12-18,0.2904109589,164.0612514836,175.0000000000,0.2798537599
daily,XOM,2026-09-03,1530,2026-12-18,0.2904109589,164.0612514836,180.0000000000,0.2794529746
daily,XOM,2026-09-03,1530,2026-12-18,0.2904109589,164.0612514836,185.0000000000,0.2801145087
daily,XOM,2026-09-03,1530,2026-12-18,0.2904109589,164.0612514836,190.0000000000,0.2812765701
daily,XOM,2026-09-03,1530,2026-12-18,0.2904109589,164.0612514836,195.0000000000,0.2890214772
daily,XOM,2026-09-03,1530,2026-12-18,0.2904109589,164.0612514836,200.0000000000,0.2904625142
daily,XOM,2026-09-03,1530,2026-12-18,0.2904109589,164.0612514836,210.0000000000,0.2954005338
daily,XOM,2026-09-03,1530,2027-01-15,0.3671232877,164.7180688565,125.0000000000,0.3215282341
daily,XOM,2026-09-03,1530,2027-01-15,0.3671232877,164.7180688565,130.0000000000,0.3119711432
daily,XOM,2026-09-03,1530,2027-01-15,0.3671232877,164.7180688565,135.0000000000,0.3043501318
daily,XOM,2026-09-03,1530,2027-01-15,0.3671232877,164.7180688565,140.0000000000,0.2967555148
daily,XOM,2026-09-03,1530,2027-01-15,0.3671232877,164.7180688565,145.0000000000,0.2912457944
daily,XOM,2026-09-03,1530,2027-01-15,0.3671232877,164.7180688565,150.0000000000,0.2897748381
daily,XOM,2026-09-03,1530,2027-01-15,0.3671232877,164.7180688565,155.0000000000,0.2862684928
daily,XOM,2026-09-03,1530,2027-01-15,0.3671232877,164.7180688565,160.0000000000,0.2834325472
daily,XOM,2026-09-03,1530,2027-01-15,0.3671232877,164.7180688565,165.0000000000,0.2807807243
daily,XOM,2026-09-03,1530,2027-01-15,0.3671232877,164.7180688565,170.0000000000,0.2782117108
daily,XOM,2026-09-03,1530,2027-01-15,0.3671232877,164.7180688565,175.0000000000,0.2774148644
daily,XOM,2026-09-03,1530,2027-01-15,0.3671232877,164.7180688565,180.0000000000,0.2767548939
daily,XOM,2026-09-03,1530,2027-01-15,0.3671232877,164.7180688565,185.0000000000,0.2770256279
daily,XOM,2026-09-03,1530,2027-01-15,0.3671232877,164.7180688565,190.0000000000,0.2827168214
daily,XOM,2026-09-03,1530,2027-01-15,0.3671232877,164.7180688565,195.0000000000,0.2839916354
daily,XOM,2026-09-03,1530,2027-01-15,0.3671232877,164.7180688565,200.0000000000,0.2836332252
daily,XOM,2026-09-03,1530,2027-01-15,0.3671232877,164.7180688565,210.0000000000,0.2882451119
daily,XOM,2026-09-03,1530,2027-03-19,0.5397260274,165.0836013244,110.0000000000,0.3510579054
daily,XOM,2026-09-03,1530,2027-03-19,0.5397260274,165.0836013244,115.0000000000,0.3370590099
daily,XOM,2026-09-03,1530,2027-03-19,0.5397260274,165.0836013244,125.0000000000,0.3182487484
daily,XOM,2026-09-03,1530,2027-03-19,0.5397260274,165.0836013244,130.0000000000,0.3137439092
daily,XOM,2026-09-03,1530,2027-03-19,0.5397260274,165.0836013244,135.0000000000,0.3066389598
daily,XOM,2026-09-03,1530,2027-03-19,0.5397260274,165.0836013244,140.0000000000,0.2982650909
daily,XOM,2026-09-03,1530,2027-03-19,0.5397260274,165.0836013244,145.0000000000,0.2969633361
daily,XOM,2026-09-03,1530,2027-03-19,0.5397260274,165.0836013244,150.0000000000,0.2927609673
daily,XOM,2026-09-03,1530,2027-03-19,0.5397260274,165.0836013244,155.0000000000,0.2888319496
daily,XOM,2026-09-03,1530,2027-03-19,0.5397260274,165.0836013244,160.0000000000,0.2875526178
daily,XOM,2026-09-03,1530,2027-03-19,0.5397260274,165.0836013244,165.0000000000,0.2863714688
daily,XOM,2026-09-03,1530,2027-03-19,0.5397260274,165.0836013244,170.0000000000,0.2818393513
daily,XOM,2026-09-03,1530,2027-03-19,0.5397260274,165.0836013244,175.0000000000,0.2816508708
daily,XOM,2026-09-03,1530,2027-03-19,0.5397260274,165.0836013244,180.0000000000,0.2786752672
daily,XOM,2026-09-03,1530,2027-03-19,0.5397260274,165.0836013244,185.0000000000,0.2770513325
daily,XOM,2026-09-03,1530,2027-03-19,0.5397260274,165.0836013244,190.0000000000,0.2799450654
daily,XOM,2026-09-03,1530,2027-03-19,0.5397260274,165.0836013244,195.0000000000,0.2790142934
daily,XOM,2026-09-03,1530,2027-03-19,0.5397260274,165.0836013244,200.0000000000,0.2813408411
daily,XOM,2026-09-03,1530,2027-03-19,0.5397260274,165.0836013244,210.0000000000,0.2897277555
daily,XOM,2026-09-03,1530,2027-03-19,0.5397260274,165.0836013244,220.0000000000,0.2935408287
daily,XOM,2026-09-03,1530,2027-04-16,0.6164383562,165.5875902222,110.3358224458,0.3284888337
daily,XOM,2026-09-03,1530,2027-04-16,0.6164383562,165.5875902222,115.3510871024,0.3153899097
daily,XOM,2026-09-03,1530,2027-04-16,0.6164383562,165.5875902222,130.0000000000,0.3064623571
daily,XOM,2026-09-03,1530,2027-04-16,0.6164383562,165.5875902222,135.0000000000,0.3011092872
daily,XOM,2026-09-03,1530,2027-04-16,0.6164383562,165.5875902222,140.0000000000,0.2962970470
daily,XOM,2026-09-03,1530,2027-04-16,0.6164383562,165.5875902222,145.0000000000,0.2918215449
daily,XOM,2026-09-03,1530,2027-04-16,0.6164383562,165.5875902222,150.0000000000,0.2883044596
daily,XOM,2026-09-03,1530,2027-04-16,0.6164383562,165.5875902222,155.0000000000,0.2846438307
daily,XOM,2026-09-03,1530,2027-04-16,0.6164383562,165.5875902222,160.0000000000,0.2816539198
daily,XOM,2026-09-03,1530,2027-04-16,0.6164383562,165.5875902222,165.0000000000,0.2791217075
daily,XOM,2026-09-03,1530,2027-04-16,0.6164383562,165.5875902222,170.0000000000,0.2784875484
daily,XOM,2026-09-03,1530,2027-04-16,0.6164383562,165.5875902222,175.0000000000,0.2802842627
daily,XOM,2026-09-03,1530,2027-04-16,0.6164383562,165.5875902222,180.0000000000,0.2803968948
daily,XOM,2026-09-03,1530,2027-04-16,0.6164383562,165.5875902222,185.0000000000,0.2801959024
daily,XOM,2026-09-03,1530,2027-04-16,0.6164383562,165.5875902222,190.0000000000,0.2818228373
daily,XOM,2026-09-03,1530,2027-04-16,0.6164383562,165.5875902222,195.0000000000,0.2832057792
daily,XOM,2026-09-03,1530,2027-04-16,0.6164383562,165.5875902222,200.0000000000,0.2836896337
daily,XOM,2026-09-03,1530,2027-06-17,0.7863013699,166.1627079236,115.0000000000,0.3281111285
daily,XOM,2026-09-03,1530,2027-06-17,0.7863013699,166.1627079236,120.0000000000,0.3186265527
daily,XOM,2026-09-03,1530,2027-06-17,0.7863013699,166.1627079236,125.0000000000,0.3124482990
daily,XOM,2026-09-03,1530,2027-06-17,0.7863013699,166.1627079236,130.0000000000,0.3094538071
daily,XOM,2026-09-03,1530,2027-06-17,0.7863013699,166.1627079236,135.0000000000,0.3018687196
daily,XOM,2026-09-03,1530,2027-06-17,0.7863013699,166.1627079236,140.0000000000,0.2983704892
daily,XOM,2026-09-03,1530,2027-06-17,0.7863013699,166.1627079236,145.0000000000,0.2937666898
daily,XOM,2026-09-03,1530,2027-06-17,0.7863013699,166.1627079236,150.0000000000,0.2905491245
daily,XOM,2026-09-03,1530,2027-06-17,0.7863013699,166.1627079236,155.0000000000,0.2859439180
daily,XOM,2026-09-03,1530,2027-06-17,0.7863013699,166.1627079236,160.0000000000,0.2834471740
daily,XOM,2026-09-03,1530,2027-06-17,0.7863013699,166.1627079236,165.0000000000,0.2811400061
daily,XOM,2026-09-03,1530,2027-06-17,0.7863013699,166.1627079236,170.0000000000,0.2807779546
daily,XOM,2026-09-03,1530,2027-06-17,0.7863013699,166.1627079236,175.0000000000,0.2780085789
daily,XOM,2026-09-03,1530,2027-06-17,0.7863013699,166.1627079236,180.0000000000,0.2760274458
daily,XOM,2026-09-03,1530,2027-06-17,0.7863013699,166.1627079236,185.0000000000,0.2781936474
daily,XOM,2026-09-03,1530,2027-06-17,0.7863013699,166.1627079236,190.0000000000,0.2770373135
daily,XOM,2026-09-03,1530,2027-06-17,0.7863013699,166.1627079236,195.0000000000,0.2811014258
daily,XOM,2026-09-03,1530,2027-06-17,0.7863013699,166.1627079236,200.0000000000,0.2834626717
daily,XOM,2026-09-03,1530,2027-06-17,0.7863013699,166.1627079236,210.0000000000,0.2853669836
daily,XOM,2026-09-03,1530,2027-06-17,0.7863013699,166.1627079236,220.0000000000,0.2890113516
daily,XOM,2026-09-03,1530,2027-06-17,0.7863013699,166.1627079236,240.0000000000,0.2935497406
daily,XOM,2026-09-03,1530,2027-09-17,1.0383561644,167.2756108070,115.0000000000,0.3194780702
daily,XOM,2026-09-03,1530,2027-09-17,1.0383561644,167.2756108070,120.0000000000,0.3110356015
daily,XOM,2026-09-03,1530,2027-09-17,1.0383561644,167.2756108070,125.0000000000,0.3074661848
daily,XOM,2026-09-03,1530,2027-09-17,1.0383561644,167.2756108070,130.0000000000,0.3028086665
daily,XOM,2026-09-03,1530,2027-09-17,1.0383561644,167.2756108070,135.0000000000,0.3020297094
daily,XOM,2026-09-03,1530,2027-09-17,1.0383561644,167.2756108070,140.0000000000,0.2978715152
daily,XOM,2026-09-03,1530,2027-09-17,1.0383561644,167.2756108070,145.0000000000,0.2912077018
daily,XOM,2026-09-03,1530,2027-09-17,1.0383561644,167.2756108070,150.0000000000,0.2879097200
daily,XOM,2026-09-03,1530,2027-09-17,1.0383561644,167.2756108070,155.0000000000,0.2856395469
daily,XOM,2026-09-03,1530,2027-09-17,1.0383561644,167.2756108070,160.0000000000,0.2802878754
daily,XOM,2026-09-03,1530,2027-09-17,1.0383561644,167.2756108070,165.0000000000,0.2789071520
daily,XOM,2026-09-03,1530,2027-09-17,1.0383561644,167.2756108070,170.0000000000,0.2790911074
daily,XOM,2026-09-03,1530,2027-09-17,1.0383561644,167.2756108070,175.0000000000,0.2762987983
daily,XOM,2026-09-03,1530,2027-09-17,1.0383561644,167.2756108070,180.0000000000,0.2795424477
daily,XOM,2026-09-03,1530,2027-09-17,1.0383561644,167.2756108070,185.0000000000,0.2801590316
daily,XOM,2026-09-03,1530,2027-09-17,1.0383561644,167.2756108070,190.0000000000,0.2803830822
daily,XOM,2026-09-03,1530,2027-09-17,1.0383561644,167.2756108070,195.0000000000,0.2803039649
daily,XOM,2026-09-03,1530,2027-09-17,1.0383561644,167.2756108070,200.0000000000,0.2808726147
daily,XOM,2026-09-03,1530,2027-09-17,1.0383561644,167.2756108070,210.0000000000,0.2813327005
daily,XOM,2026-09-03,1530,2027-09-17,1.0383561644,167.2756108070,220.0000000000,0.2820460196
daily,XOM,2026-09-03,1530,2027-12-17,1.2876712329,168.0180759748,110.0000000000,0.3223776507
daily,XOM,2026-09-03,1530,2027-12-17,1.2876712329,168.0180759748,115.0000000000,0.3165204043
daily,XOM,2026-09-03,1530,2027-12-17,1.2876712329,168.0180759748,120.0000000000,0.3118592395
daily,XOM,2026-09-03,1530,2027-12-17,1.2876712329,168.0180759748,125.0000000000,0.3053655205
daily,XOM,2026-09-03,1530,2027-12-17,1.2876712329,168.0180759748,130.0000000000,0.3015837136
daily,XOM,2026-09-03,1530,2027-12-17,1.2876712329,168.0180759748,135.0000000000,0.2967278744
daily,XOM,2026-09-03,1530,2027-12-17,1.2876712329,168.0180759748,140.0000000000,0.2957278562
daily,XOM,2026-09-03,1530,2027-12-17,1.2876712329,168.0180759748,145.0000000000,0.2941589563
daily,XOM,2026-09-03,1530,2027-12-17,1.2876712329,168.0180759748,150.0000000000,0.2898082545
daily,XOM,2026-09-03,1530,2027-12-17,1.2876712329,168.0180759748,155.0000000000,0.2847550292
daily,XOM,2026-09-03,1530,2027-12-17,1.2876712329,168.0180759748,160.0000000000,0.2848167059
daily,XOM,2026-09-03,1530,2027-12-17,1.2876712329,168.0180759748,165.0000000000,0.2822802497
daily,XOM,2026-09-03,1530,2027-12-17,1.2876712329,168.0180759748,170.0000000000,0.2816770502
daily,XOM,2026-09-03,1530,2027-12-17,1.2876712329,168.0180759748,175.0000000000,0.2818672785
daily,XOM,2026-09-03,1530,2027-12-17,1.2876712329,168.0180759748,180.0000000000,0.2813360109
daily,XOM,2026-09-03,1530,2027-12-17,1.2876712329,168.0180759748,185.0000000000,0.2813614105
daily,XOM,2026-09-03,1530,2027-12-17,1.2876712329,168.0180759748,190.0000000000,0.2820127326
daily,XOM,2026-09-03,1530,2027-12-17,1.2876712329,168.0180759748,195.0000000000,0.2809614930
daily,XOM,2026-09-03,1530,2027-12-17,1.2876712329,168.0180759748,200.0000000000,0.2827528338
daily,XOM,2026-09-03,1530,2027-12-17,1.2876712329,168.0180759748,210.0000000000,0.2813173037
daily,XOM,2026-09-03,1530,2027-12-17,1.2876712329,168.0180759748,220.0000000000,0.2829217843
daily,XOM,2026-09-03,1530,2027-12-17,1.2876712329,168.0180759748,230.0000000000,0.2848547311
daily,XOM,2026-09-03,1530,2027-12-17,1.2876712329,168.0180759748,240.0000000000,0.2857762205
daily,XOM,2026-09-03,1530,2028-01-21,1.3835616438,168.6578058974,105.0000000000,0.3250727773
daily,XOM,2026-09-03,1530,2028-01-21,1.3835616438,168.6578058974,110.0000000000,0.3193202162
daily,XOM,2026-09-03,1530,2028-01-21,1.3835616438,168.6578058974,115.0000000000,0.3132520098
daily,XOM,2026-09-03,1530,2028-01-21,1.3835616438,168.6578058974,120.0000000000,0.3073375877
daily,XOM,2026-09-03,1530,2028-01-21,1.3835616438,168.6578058974,125.0000000000,0.3037761487
daily,XOM,2026-09-03,1530,2028-01-21,1.3835616438,168.6578058974,130.0000000000,0.3001353899
daily,XOM,2026-09-03,1530,2028-01-21,1.3835616438,168.6578058974,135.0000000000,0.2957316162
daily,XOM,2026-09-03,1530,2028-01-21,1.3835616438,168.6578058974,140.0000000000,0.2929708330
daily,XOM,2026-09-03,1530,2028-01-21,1.3835616438,168.6578058974,145.0000000000,0.2919157017
daily,XOM,2026-09-03,1530,2028-01-21,1.3835616438,168.6578058974,150.0000000000,0.2908042363
daily,XOM,2026-09-03,1530,2028-01-21,1.3835616438,168.6578058974,155.0000000000,0.2871588978
daily,XOM,2026-09-03,1530,2028-01-21,1.3835616438,168.6578058974,160.0000000000,0.2858688227
daily,XOM,2026-09-03,1530,2028-01-21,1.3835616438,168.6578058974,165.0000000000,0.2822496476
daily,XOM,2026-09-03,1530,2028-01-21,1.3835616438,168.6578058974,170.0000000000,0.2819168946
daily,XOM,2026-09-03,1530,2028-01-21,1.3835616438,168.6578058974,175.0000000000,0.2810587355
daily,XOM,2026-09-03,1530,2028-01-21,1.3835616438,168.6578058974,180.0000000000,0.2781117945
daily,XOM,2026-09-03,1530,2028-01-21,1.3835616438,168.6578058974,185.0000000000,0.2811156385
daily,XOM,2026-09-03,1530,2028-01-21,1.3835616438,168.6578058974,190.0000000000,0.2822736893
daily,XOM,2026-09-03,1530,2028-01-21,1.3835616438,168.6578058974,195.0000000000,0.2818559613
daily,XOM,2026-09-03,1530,2028-01-21,1.3835616438,168.6578058974,200.0000000000,0.2817567921
daily,XOM,2026-09-03,1530,2028-01-21,1.3835616438,168.6578058974,210.0000000000,0.2829260641
daily,XOM,2026-09-03,1530,2028-01-21,1.3835616438,168.6578058974,220.0000000000,0.2824954143
daily,XOM,2026-09-03,1530,2028-01-21,1.3835616438,168.6578058974,230.0000000000,0.2842567280
daily,XOM,2026-09-03,1530,2028-01-21,1.3835616438,168.6578058974,240.0000000000,0.2820323453
daily,XOM,2026-09-03,1530,2028-01-21,1.3835616438,168.6578058974,250.0000000000,0.2864457022
daily,XOM,2026-09-04,1530,2026-09-11,0.0191780822,160.0240015760,152.5000000000,0.2621983957
daily,XOM,2026-09-04,1530,2026-09-11,0.0191780822,160.0240015760,155.0000000000,0.2545210042
daily,XOM,2026-09-04,1530,2026-09-11,0.0191780822,160.0240015760,157.5000000000,0.2481727293
daily,XOM,2026-09-04,1530,2026-09-11,0.0191780822,160.0240015760,160.0000000000,0.2460756614
daily,XOM,2026-09-04,1530,2026-09-11,0.0191780822,160.0240015760,162.5000000000,0.2408155576
daily,XOM,2026-09-04,1530,2026-09-11,0.0191780822,160.0240015760,165.0000000000,0.2465567251
daily,XOM,2026-09-04,1530,2026-09-18,0.0383561644,160.1194241724,150.0000000000,0.2755289750
daily,XOM,2026-09-04,1530,2026-09-18,0.0383561644,160.1194241724,152.5000000000,0.2664990186
daily,XOM,2026-09-04,1530,2026-09-18,0.0383561644,160.1194241724,155.0000000000,0.2652667327
daily,XOM,2026-09-04,1530,2026-09-18,0.0383561644,160.1194241724,157.5000000000,0.2600032991
daily,XOM,2026-09-04,1530,2026-09-18,0.0383561644,160.1194241724,160.0000000000,0.2593004285
daily,XOM,2026-09-04,1530,2026-09-18,0.0383561644,160.1194241724,162.5000000000,0.2579129292
daily,XOM,2026-09-04,1530,2026-09-18,0.0383561644,160.1194241724,165.0000000000,0.2583703229
daily,XOM,2026-09-04,1530,2026-09-18,0.0383561644,160.1194241724,167.5000000000,0.2612274573
daily,XOM,2026-09-04,1530,2026-09-18,0.0383561644,160.1194241724,170.0000000000,0.2662225278
daily,XOM,2026-09-04,1530,2026-09-18,0.0383561644,160.1194241724,175.0000000000,0.2791785125
daily,XOM,2026-09-04,1530,2026-09-25,0.0575342466,160.2802973736,145.0000000000,0.2847613279
daily,XOM,2026-09-04,1530,2026-09-25,0.0575342466,160.2802973736,152.5000000000,0.2754699681
daily,XOM,2026-09-04,1530,2026-09-25,0.0575342466,160.2802973736,155.0000000000,0.2720507850
daily,XOM,2026-09-04,1530,2026-09-25,0.0575342466,160.2802973736,157.5000000000,0.2696491158
daily,XOM,2026-09-04,1530,2026-09-25,0.0575342466,160.2802973736,160.0000000000,0.2668217265
daily,XOM,2026-09-04,1530,2026-09-25,0.0575342466,160.2802973736,162.5000000000,0.2630330764
daily,XOM,2026-09-04,1530,2026-09-25,0.0575342466,160.2802973736,165.0000000000,0.2631235320
daily,XOM,2026-09-04,1530,2026-09-25,0.0575342466,160.2802973736,167.5000000000,0.2655252020
daily,XOM,2026-09-04,1530,2026-09-25,0.0575342466,160.2802973736,170.0000000000,0.2671539213
daily,XOM,2026-09-04,1530,2026-09-25,0.0575342466,160.2802973736,175.0000000000,0.2721386293
daily,XOM,2026-09-04,1530,2026-10-02,0.0767123288,160.6222410859,149.0000000000,0.2809648171
daily,XOM,2026-09-04,1530,2026-10-02,0.0767123288,160.6222410859,150.0000000000,0.2780753849
daily,XOM,2026-09-04,1530,2026-10-02,0.0767123288,160.6222410859,152.5000000000,0.2758508700
daily,XOM,2026-09-04,1530,2026-10-02,0.0767123288,160.6222410859,155.0000000000,0.2750026207
daily,XOM,2026-09-04,1530,2026-10-02,0.0767123288,160.6222410859,157.5000000000,0.2744970545
daily,XOM,2026-09-04,1530,2026-10-02,0.0767123288,160.6222410859,160.0000000000,0.2771341599
daily,XOM,2026-09-04,1530,2026-10-02,0.0767123288,160.6222410859,162.5000000000,0.2684931943
daily,XOM,2026-09-04,1530,2026-10-02,0.0767123288,160.6222410859,165.0000000000,0.2641139124
daily,XOM,2026-09-04,1530,2026-10-02,0.0767123288,160.6222410859,167.5000000000,0.2636791528
daily,XOM,2026-09-04,1530,2026-10-02,0.0767123288,160.6222410859,170.0000000000,0.2626656201
daily,XOM,2026-09-04,1530,2026-10-02,0.0767123288,160.6222410859,172.5000000000,0.2601676386
daily,XOM,2026-09-04,1530,2026-10-09,0.0958904110,160.8889249105,150.0000000000,0.2828445698
daily,XOM,2026-09-04,1530,2026-10-09,0.0958904110,160.8889249105,152.5000000000,0.2789188374
daily,XOM,2026-09-04,1530,2026-10-09,0.0958904110,160.8889249105,155.0000000000,0.2674838197
daily,XOM,2026-09-04,1530,2026-10-09,0.0958904110,160.8889249105,157.5000000000,0.2644756903
daily,XOM,2026-09-04,1530,2026-10-09,0.0958904110,160.8889249105,160.0000000000,0.2693131912
daily,XOM,2026-09-04,1530,2026-10-09,0.0958904110,160.8889249105,162.5000000000,0.2645528789
daily,XOM,2026-09-04,1530,2026-10-09,0.0958904110,160.8889249105,165.0000000000,0.2667544297
daily,XOM,2026-09-04,1530,2026-10-09,0.0958904110,160.8889249105,167.5000000000,0.2682133332
daily,XOM,2026-09-04,1530,2026-10-16,0.1150684932,160.6838986959,145.0000000000,0.2908984978
daily,XOM,2026-09-04,1530,2026-10-16,0.1150684932,160.6838986959,150.0000000000,0.2823252343
daily,XOM,2026-09-04,1530,2026-10-16,0.1150684932,160.6838986959,155.0000000000,0.2772785416
daily,XOM,2026-09-04,1530,2026-10-16,0.1150684932,160.6838986959,160.0000000000,0.2740573038
daily,XOM,2026-09-04,1530,2026-10-16,0.1150684932,160.6838986959,165.0000000000,0.2702669506
daily,XOM,2026-09-04,1530,2026-10-16,0.1150684932,160.6838986959,170.0000000000,0.2713876037
daily,XOM,2026-09-04,1530,2026-10-16,0.1150684932,160.6838986959,175.0000000000,0.2716871984
daily,XOM,2026-09-04,1530,2026-10-16,0.1150684932,160.6838986959,180.0000000000,0.2789484422
daily,XOM,2026-09-04,1530,2026-10-16,0.1150684932,160.6838986959,185.0000000000,0.2831305134
daily,XOM,2026-09-04,1530,2026-10-16,0.1150684932,160.6838986959,190.0000000000,0.2944436353
daily,XOM,2026-09-04,1530,2026-11-20,0.2109589041,160.5540962867,130.0000000000,0.3210770436
daily,XOM,2026-09-04,1530,2026-11-20,0.2109589041,160.5540962867,135.0000000000,0.3148306378
daily,XOM,2026-09-04,1530,2026-11-20,0.2109589041,160.5540962867,140.0000000000,0.3044012661
daily,XOM,2026-09-04,1530,2026-11-20,0.2109589041,160.5540962867,145.0000000000,0.3004083893
daily,XOM,2026-09-04,1530,2026-11-20,0.2109589041,160.5540962867,150.0000000000,0.2966739897
daily,XOM,2026-09-04,1530,2026-11-20,0.2109589041,160.5540962867,155.0000000000,0.2944501169
daily,XOM,2026-09-04,1530,2026-11-20,0.2109589041,160.5540962867,160.0000000000,0.2913674831
daily,XOM,2026-09-04,1530,2026-11-20,0.2109589041,160.5540962867,165.0000000000,0.2865222801
daily,XOM,2026-09-04,1530,2026-11-20,0.2109589041,160.5540962867,170.0000000000,0.2851102689
daily,XOM,2026-09-04,1530,2026-11-20,0.2109589041,160.5540962867,175.0000000000,0.2844539045
daily,XOM,2026-09-04,1530,2026-11-20,0.2109589041,160.5540962867,180.0000000000,0.2843382398
daily,XOM,2026-09-04,1530,2026-11-20,0.2109589041,160.5540962867,185.0000000000,0.2873578558
daily,XOM,2026-09-04,1530,2026-11-20,0.2109589041,160.5540962867,190.0000000000,0.2912252155
daily,XOM,2026-09-04,1530,2026-11-20,0.2109589041,160.5540962867,195.0000000000,0.2940008448
daily,XOM,2026-09-04,1530,2026-12-18,0.2876712329,160.9117566715,120.0000000000,0.3311378603
daily,XOM,2026-09-04,1530,2026-12-18,0.2876712329,160.9117566715,130.0000000000,0.3137481398
daily,XOM,2026-09-04,1530,2026-12-18,0.2876712329,160.9117566715,135.0000000000,0.3044695884
daily,XOM,2026-09-04,1530,2026-12-18,0.2876712329,160.9117566715,140.0000000000,0.3018411317
daily,XOM,2026-09-04,1530,2026-12-18,0.2876712329,160.9117566715,145.0000000000,0.2956755721
daily,XOM,2026-09-04,1530,2026-12-18,0.2876712329,160.9117566715,150.0000000000,0.2922122426
daily,XOM,2026-09-04,1530,2026-12-18,0.2876712329,160.9117566715,155.0000000000,0.2901371192
daily,XOM,2026-09-04,1530,2026-12-18,0.2876712329,160.9117566715,160.0000000000,0.2880615655
daily,XOM,2026-09-04,1530,2026-12-18,0.2876712329,160.9117566715,165.0000000000,0.2805205651
daily,XOM,2026-09-04,1530,2026-12-18,0.2876712329,160.9117566715,170.0000000000,0.2790533806
daily,XOM,2026-09-04,1530,2026-12-18,0.2876712329,160.9117566715,175.0000000000,0.2787972457
daily,XOM,2026-09-04,1530,2026-12-18,0.2876712329,160.9117566715,180.0000000000,0.2798235447
daily,XOM,2026-09-04,1530,2026-12-18,0.2876712329,160.9117566715,185.0000000000,0.2802156401
daily,XOM,2026-09-04,1530,2026-12-18,0.2876712329,160.9117566715,190.0000000000,0.2837450251
daily,XOM,2026-09-04,1530,2026-12-18,0.2876712329,160.9117566715,195.0000000000,0.2902532056
daily,XOM,2026-09-04,1530,2027-01-15,0.3643835616,161.3807007337,120.0000000000,0.3241220931
daily,XOM,2026-09-04,1530,2027-01-15,0.3643835616,161.3807007337,125.0000000000,0.3153768453
daily,XOM,2026-09-04,1530,2027-01-15,0.3643835616,161.3807007337,130.0000000000,0.3053377984
daily,XOM,2026-09-04,1530,2027-01-15,0.3643835616,161.3807007337,135.0000000000,0.3015092084
daily,XOM,2026-09-04,1530,2027-01-15,0.3643835616,161.3807007337,140.0000000000,0.2947927556
daily,XOM,2026-09-04,1530,2027-01-15,0.3643835616,161.3807007337,145.0000000000,0.2879127064
daily,XOM,2026-09-04,1530,2027-01-15,0.3643835616,161.3807007337,150.0000000000,0.2901322274
daily,XOM,2026-09-04,1530,2027-01-15,0.3643835616,161.3807007337,155.0000000000,0.2833838610
daily,XOM,2026-09-04,1530,2027-01-15,0.3643835616,161.3807007337,160.0000000000,0.2834394364
daily,XOM,2026-09-04,1530,2027-01-15,0.3643835616,161.3807007337,165.0000000000,0.2782130654
daily,XOM,2026-09-04,1530,2027-01-15,0.3643835616,161.3807007337,170.0000000000,0.2775289853
daily,XOM,2026-09-04,1530,2027-01-15,0.3643835616,161.3807007337,175.0000000000,0.2767135162
daily,XOM,2026-09-04,1530,2027-01-15,0.3643835616,161.3807007337,180.0000000000,0.2772046844
daily,XOM,2026-09-04,1530,2027-01-15,0.3643835616,161.3807007337,185.0000000000,0.2779978223
daily,XOM,2026-09-04,1530,2027-01-15,0.3643835616,161.3807007337,190.0000000000,0.2798859519
daily,XOM,2026-09-04,1530,2027-01-15,0.3643835616,161.3807007337,195.0000000000,0.2803955998
daily,XOM,2026-09-04,1530,2027-01-15,0.3643835616,161.3807007337,200.0000000000,0.2820789797
daily,XOM,2026-09-04,1530,2027-01-15,0.3643835616,161.3807007337,210.0000000000,0.2931856639
daily,XOM,2026-09-04,1530,2027-03-19,0.5369863014,161.4665186963,120.0000000000,0.3218243216
daily,XOM,2026-09-04,1530,2027-03-19,0.5369863014,161.4665186963,125.0000000000,0.3165924629
daily,XOM,2026-09-04,1530,2027-03-19,0.5369863014,161.4665186963,130.0000000000,0.3098009652
daily,XOM,2026-09-04,1530,2027-03-19,0.5369863014,161.4665186963,135.0000000000,0.3056420764
daily,XOM,2026-09-04,1530,2027-03-19,0.5369863014,161.4665186963,140.0000000000,0.2951880414
daily,XOM,2026-09-04,1530,2027-03-19,0.5369863014,161.4665186963,145.0000000000,0.2947442075
daily,XOM,2026-09-04,1530,2027-03-19,0.5369863014,161.4665186963,150.0000000000,0.2928407866
daily,XOM,2026-09-04,1530,2027-03-19,0.5369863014,161.4665186963,155.0000000000,0.2883925398
daily,XOM,2026-09-04,1530,2027-03-19,0.5369863014,161.4665186963,160.0000000000,0.2875179473
daily,XOM,2026-09-04,1530,2027-03-19,0.5369863014,161.4665186963,165.0000000000,0.2844926393
daily,XOM,2026-09-04,1530,2027-03-19,0.5369863014,161.4665186963,170.0000000000,0.2830630879
daily,XOM,2026-09-04,1530,2027-03-19,0.5369863014,161.4665186963,175.0000000000,0.2847228667
daily,XOM,2026-09-04,1530,2027-03-19,0.5369863014,161.4665186963,180.0000000000,0.2809141416
daily,XOM,2026-09-04,1530,2027-03-19,0.5369863014,161.4665186963,185.0000000000,0.2819172374
daily,XOM,2026-09-04,1530,2027-03-19,0.5369863014,161.4665186963,190.0000000000,0.2826844054
daily,XOM,2026-09-04,1530,2027-03-19,0.5369863014,161.4665186963,195.0000000000,0.2839291103
daily,XOM,2026-09-04,1530,2027-03-19,0.5369863014,161.4665186963,200.0000000000,0.2871505263
daily,XOM,2026-09-04,1530,2027-03-19,0.5369863014,161.4665186963,210.0000000000,0.2906814963
daily,XOM,2026-09-04,1530,2027-03-19,0.5369863014,161.4665186963,220.0000000000,0.2955036395
daily,XOM,2026-09-04,1530,2027-03-19,0.5369863014,161.4665186963,230.0000000000,0.2994005618
daily,XOM,2026-09-04,1530,2027-04-16,0.6136986301,162.3047234441,120.0000000000,0.3171314981
daily,XOM,2026-09-04,1530,2027-04-16,0.6136986301,162.3047234441,130.0000000000,0.3053348414
daily,XOM,2026-09-04,1530,2027-04-16,0.6136986301,162.3047234441,135.0000000000,0.3009293401
daily,XOM,2026-09-04,1530,2027-04-16,0.6136986301,162.3047234441,140.0000000000,0.2992998013
daily,XOM,2026-09-04,1530,2027-04-16,0.6136986301,162.3047234441,145.0000000000,0.2922249001
daily,XOM,2026-09-04,1530,2027-04-16,0.6136986301,162.3047234441,150.0000000000,0.2889642956
daily,XOM,2026-09-04,1530,2027-04-16,0.6136986301,162.3047234441,155.0000000000,0.2837309239
daily,XOM,2026-09-04,1530,2027-04-16,0.6136986301,162.3047234441,160.0000000000,0.2811522894
daily,XOM,2026-09-04,1530,2027-04-16,0.6136986301,162.3047234441,165.0000000000,0.2802082997
daily,XOM,2026-09-04,1530,2027-04-16,0.6136986301,162.3047234441,170.0000000000,0.2767246074
daily,XOM,2026-09-04,1530,2027-04-16,0.6136986301,162.3047234441,175.0000000000,0.2793799224
daily,XOM,2026-09-04,1530,2027-04-16,0.6136986301,162.3047234441,180.0000000000,0.2794687933
daily,XOM,2026-09-04,1530,2027-04-16,0.6136986301,162.3047234441,185.0000000000,0.2794516927
daily,XOM,2026-09-04,1530,2027-04-16,0.6136986301,162.3047234441,190.0000000000,0.2796457875
daily,XOM,2026-09-04,1530,2027-04-16,0.6136986301,162.3047234441,195.0000000000,0.2819888486
daily,XOM,2026-09-04,1530,2027-04-16,0.6136986301,162.3047234441,200.0000000000,0.2812169567
daily,XOM,2026-09-04,1530,2027-06-17,0.7835616438,162.0375297437,105.0000000000,0.3359134006
daily,XOM,2026-09-04,1530,2027-06-17,0.7835616438,162.0375297437,115.0000000000,0.3190192178
daily,XOM,2026-09-04,1530,2027-06-17,0.7835616438,162.0375297437,120.0000000000,0.3153480821
daily,XOM,2026-09-04,1530,2027-06-17,0.7835616438,162.0375297437,125.0000000000,0.3067368326
daily,XOM,2026-09-04,1530,2027-06-17,0.7835616438,162.0375297437,130.0000000000,0.3001010677
daily,XOM,2026-09-04,1530,2027-06-17,0.7835616438,162.0375297437,135.0000000000,0.3016831821
daily,XOM,2026-09-04,1530,2027-06-17,0.7835616438,162.0375297437,140.0000000000,0.2977018559
daily,XOM,2026-09-04,1530,2027-06-17,0.7835616438,162.0375297437,145.0000000000,0.2905894669
daily,XOM,2026-09-04,1530,2027-06-17,0.7835616438,162.0375297437,150.0000000000,0.2898569891
daily,XOM,2026-09-04,1530,2027-06-17,0.7835616438,162.0375297437,155.0000000000,0.2853344110
daily,XOM,2026-09-04,1530,2027-06-17,0.7835616438,162.0375297437,160.0000000000,0.2879190086
daily,XOM,2026-09-04,1530,2027-06-17,0.7835616438,162.0375297437,165.0000000000,0.2880696306
daily,XOM,2026-09-04,1530,2027-06-17,0.7835616438,162.0375297437,170.0000000000,0.2842879828
daily,XOM,2026-09-04,1530,2027-06-17,0.7835616438,162.0375297437,175.0000000000,0.2828986559
daily,XOM,2026-09-04,1530,2027-06-17,0.7835616438,162.0375297437,180.0000000000,0.2836375628
daily,XOM,2026-09-04,1530,2027-06-17,0.7835616438,162.0375297437,185.0000000000,0.2815592050
daily,XOM,2026-09-04,1530,2027-06-17,0.7835616438,162.0375297437,190.0000000000,0.2822267751
daily,XOM,2026-09-04,1530,2027-06-17,0.7835616438,162.0375297437,195.0000000000,0.2836037694
daily,XOM,2026-09-04,1530,2027-06-17,0.7835616438,162.0375297437,200.0000000000,0.2819947122
daily,XOM,2026-09-04,1530,2027-06-17,0.7835616438,162.0375297437,210.0000000000,0.2871566109
daily,XOM,2026-09-04,1530,2027-06-17,0.7835616438,162.0375297437,220.0000000000,0.2893584235
daily,XOM,2026-09-04,1530,2027-06-17,0.7835616438,162.0375297437,230.0000000000,0.2936397234
daily,XOM,2026-09-04,1530,2027-06-17,0.7835616438,162.0375297437,240.0000000000,0.2979717950
daily,XOM,2026-09-04,1530,2027-09-17,1.0356164384,163.4283852963,105.0000000000,0.3260534572
daily,XOM,2026-09-04,1530,2027-09-17,1.0356164384,163.4283852963,110.0000000000,0.3189113185
daily,XOM,2026-09-04,1530,2027-09-17,1.0356164384,163.4283852963,115.0000000000,0.3113816409
daily,XOM,2026-09-04,1530,2027-09-17,1.0356164384,163.4283852963,120.0000000000,0.3082032543
daily,XOM,2026-09-04,1530,2027-09-17,1.0356164384,163.4283852963,125.0000000000,0.3023577170
daily,XOM,2026-09-04,1530,2027-09-17,1.0356164384,163.4283852963,130.0000000000,0.2984431084
daily,XOM,2026-09-04,1530,2027-09-17,1.0356164384,163.4283852963,135.0000000000,0.2952204947
daily,XOM,2026-09-04,1530,2027-09-17,1.0356164384,163.4283852963,140.0000000000,0.2933246395
daily,XOM,2026-09-04,1530,2027-09-17,1.0356164384,163.4283852963,145.0000000000,0.2892517875
daily,XOM,2026-09-04,1530,2027-09-17,1.0356164384,163.4283852963,150.0000000000,0.2887054031
daily,XOM,2026-09-04,1530,2027-09-17,1.0356164384,163.4283852963,155.0000000000,0.2855004095
daily,XOM,2026-09-04,1530,2027-09-17,1.0356164384,163.4283852963,160.0000000000,0.2838991097
daily,XOM,2026-09-04,1530,2027-09-17,1.0356164384,163.4283852963,165.0000000000,0.2820591691
daily,XOM,2026-09-04,1530,2027-09-17,1.0356164384,163.4283852963,170.0000000000,0.2771395155
daily,XOM,2026-09-04,1530,2027-09-17,1.0356164384,163.4283852963,175.0000000000,0.2787333410
daily,XOM,2026-09-04,1530,2027-09-17,1.0356164384,163.4283852963,180.0000000000,0.2774894123
daily,XOM,2026-09-04,1530,2027-09-17,1.0356164384,163.4283852963,185.0000000000,0.2791047419
daily,XOM,2026-09-04,1530,2027-09-17,1.0356164384,163.4283852963,190.0000000000,0.2782024840
daily,XOM,2026-09-04,1530,2027-09-17,1.0356164384,163.4283852963,195.0000000000,0.2784813539
daily,XOM,2026-09-04,1530,2027-09-17,1.0356164384,163.4283852963,200.0000000000,0.2778859548
daily,XOM,2026-09-04,1530,2027-09-17,1.0356164384,163.4283852963,210.0000000000,0.2790499859
daily,XOM,2026-09-04,1530,2027-09-17,1.0356164384,163.4283852963,220.0000000000,0.2822835847
daily,XOM,2026-09-04,1530,2027-09-17,1.0356164384,163.4283852963,230.0000000000,0.2837847678
daily,XOM,2026-09-04,1530,2027-09-17,1.0356164384,163.4283852963,250.0000000000,0.2913398942
daily,XOM,2026-09-04,1530,2027-12-17,1.2849315068,164.2545148217,100.0000000000,0.3276527454
daily,XOM,2026-09-04,1530,2027-12-17,1.2849315068,164.2545148217,105.0000000000,0.3249618462
daily,XOM,2026-09-04,1530,2027-12-17,1.2849315068,164.2545148217,110.0000000000,0.3184165326
daily,XOM,2026-09-04,1530,2027-12-17,1.2849315068,164.2545148217,115.0000000000,0.3126888613
daily,XOM,2026-09-04,1530,2027-12-17,1.2849315068,164.2545148217,120.0000000000,0.3080184843
daily,XOM,2026-09-04,1530,2027-12-17,1.2849315068,164.2545148217,125.0000000000,0.3033706751
daily,XOM,2026-09-04,1530,2027-12-17,1.2849315068,164.2545148217,130.0000000000,0.2991915551
daily,XOM,2026-09-04,1530,2027-12-17,1.2849315068,164.2545148217,135.0000000000,0.2939953781
daily,XOM,2026-09-04,1530,2027-12-17,1.2849315068,164.2545148217,140.0000000000,0.2907071314
daily,XOM,2026-09-04,1530,2027-12-17,1.2849315068,164.2545148217,145.0000000000,0.2892588656
daily,XOM,2026-09-04,1530,2027-12-17,1.2849315068,164.2545148217,150.0000000000,0.2870914160
daily,XOM,2026-09-04,1530,2027-12-17,1.2849315068,164.2545148217,155.0000000000,0.2824493100
daily,XOM,2026-09-04,1530,2027-12-17,1.2849315068,164.2545148217,160.0000000000,0.2825277286
daily,XOM,2026-09-04,1530,2027-12-17,1.2849315068,164.2545148217,165.0000000000,0.2816155154
daily,XOM,2026-09-04,1530,2027-12-17,1.2849315068,164.2545148217,170.0000000000,0.2803967206
daily,XOM,2026-09-04,1530,2027-12-17,1.2849315068,164.2545148217,175.0000000000,0.2802473890
daily,XOM,2026-09-04,1530,2027-12-17,1.2849315068,164.2545148217,180.0000000000,0.2795655217
daily,XOM,2026-09-04,1530,2027-12-17,1.2849315068,164.2545148217,185.0000000000,0.2800347075
daily,XOM,2026-09-04,1530,2027-12-17,1.2849315068,164.2545148217,190.0000000000,0.2784460053
daily,XOM,2026-09-04,1530,2027-12-17,1.2849315068,164.2545148217,195.0000000000,0.2791924014
daily,XOM,2026-09-04,1530,2027-12-17,1.2849315068,164.2545148217,200.0000000000,0.2783395013
daily,XOM,2026-09-04,1530,2027-12-17,1.2849315068,164.2545148217,210.0000000000,0.2792895867
daily,XOM,2026-09-04,1530,2027-12-17,1.2849315068,164.2545148217,220.0000000000,0.2805286779
daily,XOM,2026-09-04,1530,2027-12-17,1.2849315068,164.2545148217,230.0000000000,0.2819589589
daily,XOM,2026-09-04,1530,2027-12-17,1.2849315068,164.2545148217,240.0000000000,0.2838613758
daily,XOM,2026-09-04,1530,2028-01-21,1.3808219178,164.9939685653,100.0000000000,0.3256937577
daily,XOM,2026-09-04,1530,2028-01-21,1.3808219178,164.9939685653,105.0000000000,0.3190615725
daily,XOM,2026-09-04,1530,2028-01-21,1.3808219178,164.9939685653,110.0000000000,0.3137579476
daily,XOM,2026-09-04,1530,2028-01-21,1.3808219178,164.9939685653,115.0000000000,0.3087946991
daily,XOM,2026-09-04,1530,2028-01-21,1.3808219178,164.9939685653,120.0000000000,0.3046911136
daily,XOM,2026-09-04,1530,2028-01-21,1.3808219178,164.9939685653,125.0000000000,0.3007228330
daily,XOM,2026-09-04,1530,2028-01-21,1.3808219178,164.9939685653,130.0000000000,0.3000060477
daily,XOM,2026-09-04,1530,2028-01-21,1.3808219178,164.9939685653,135.0000000000,0.2964354800
daily,XOM,2026-09-04,1530,2028-01-21,1.3808219178,164.9939685653,140.0000000000,0.2911809671
daily,XOM,2026-09-04,1530,2028-01-21,1.3808219178,164.9939685653,145.0000000000,0.2897743487
daily,XOM,2026-09-04,1530,2028-01-21,1.3808219178,164.9939685653,150.0000000000,0.2878184401
daily,XOM,2026-09-04,1530,2028-01-21,1.3808219178,164.9939685653,155.0000000000,0.2866402905
daily,XOM,2026-09-04,1530,2028-01-21,1.3808219178,164.9939685653,160.0000000000,0.2846299795
daily,XOM,2026-09-04,1530,2028-01-21,1.3808219178,164.9939685653,165.0000000000,0.2802808595
daily,XOM,2026-09-04,1530,2028-01-21,1.3808219178,164.9939685653,170.0000000000,0.2803843932
daily,XOM,2026-09-04,1530,2028-01-21,1.3808219178,164.9939685653,175.0000000000,0.2782587402
daily,XOM,2026-09-04,1530,2028-01-21,1.3808219178,164.9939685653,180.0000000000,0.2791606804
daily,XOM,2026-09-04,1530,2028-01-21,1.3808219178,164.9939685653,185.0000000000,0.2780522659
daily,XOM,2026-09-04,1530,2028-01-21,1.3808219178,164.9939685653,190.0000000000,0.2777036472
daily,XOM,2026-09-04,1530,2028-01-21,1.3808219178,164.9939685653,195.0000000000,0.2782293849
daily,XOM,2026-09-04,1530,2028-01-21,1.3808219178,164.9939685653,200.0000000000,0.2770199922
daily,XOM,2026-09-04,1530,2028-01-21,1.3808219178,164.9939685653,210.0000000000,0.2782160751
daily,XOM,2026-09-04,1530,2028-01-21,1.3808219178,164.9939685653,220.0000000000,0.2793813825
daily,XOM,2026-09-04,1530,2028-01-21,1.3808219178,164.9939685653,230.0000000000,0.2807666379
daily,XOM,2026-09-04,1530,2028-01-21,1.3808219178,164.9939685653,240.0000000000,0.2813212322
daily,XOM,2026-09-04,1530,2028-01-21,1.3808219178,164.9939685653,250.0000000000,0.2845298311
daily,XOM,2026-09-04,1530,2028-01-21,1.3808219178,164.9939685653,260.0000000000,0.2859298926
daily,XOM,2026-09-08,1530,2026-09-11,0.0082191781,159.6007687463,152.5000000000,0.3673872299
daily,XOM,2026-09-08,1530,2026-09-11,0.0082191781,159.6007687463,155.0000000000,0.3469483250
daily,XOM,2026-09-08,1530,2026-09-11,0.0082191781,159.6007687463,157.5000000000,0.3302857237
daily,XOM,2026-09-08,1530,2026-09-11,0.0082191781,159.6007687463,160.0000000000,0.3283190600
daily,XOM,2026-09-08,1530,2026-09-11,0.0082191781,159.6007687463,162.5000000000,0.3390926315
daily,XOM,2026-09-08,1530,2026-09-11,0.0082191781,159.6007687463,165.0000000000,0.3599845473
daily,XOM,2026-09-08,1530,2026-09-18,0.0273972603,159.7807107640,150.0000000000,0.3193305377
daily,XOM,2026-09-08,1530,2026-09-18,0.0273972603,159.7807107640,152.5000000000,0.3050560495
daily,XOM,2026-09-08,1530,2026-09-18,0.0273972603,159.7807107640,155.0000000000,0.3063317214
daily,XOM,2026-09-08,1530,2026-09-18,0.0273972603,159.7807107640,157.5000000000,0.2976386943
daily,XOM,2026-09-08,1530,2026-09-18,0.0273972603,159.7807107640,160.0000000000,0.2947343558
daily,XOM,2026-09-08,1530,2026-09-18,0.0273972603,159.7807107640,162.5000000000,0.2961916679
daily,XOM,2026-09-08,1530,2026-09-18,0.0273972603,159.7807107640,165.0000000000,0.2989850438
daily,XOM,2026-09-08,1530,2026-09-18,0.0273972603,159.7807107640,167.5000000000,0.3044835229
daily,XOM,2026-09-08,1530,2026-09-18,0.0273972603,159.7807107640,170.0000000000,0.3136152295
daily,XOM,2026-09-08,1530,2026-09-18,0.0273972603,159.7807107640,172.5000000000,0.3223976618
daily,XOM,2026-09-08,1530,2026-09-18,0.0273972603,159.7807107640,175.0000000000,0.3383241430
daily,XOM,2026-09-08,1530,2026-09-25,0.0465753425,159.9233775293,150.0000000000,0.2943143418
daily,XOM,2026-09-08,1530,2026-09-25,0.0465753425,159.9233775293,152.5000000000,0.2896914960
daily,XOM,2026-09-08,1530,2026-09-25,0.0465753425,159.9233775293,155.0000000000,0.2887958444
daily,XOM,2026-09-08,1530,2026-09-25,0.0465753425,159.9233775293,157.5000000000,0.2844792408
daily,XOM,2026-09-08,1530,2026-09-25,0.0465753425,159.9233775293,160.0000000000,0.2846776408
daily,XOM,2026-09-08,1530,2026-09-25,0.0465753425,159.9233775293,162.5000000000,0.2858538357
daily,XOM,2026-09-08,1530,2026-09-25,0.0465753425,159.9233775293,165.0000000000,0.2841003370
daily,XOM,2026-09-08,1530,2026-09-25,0.0465753425,159.9233775293,167.5000000000,0.2867083450
daily,XOM,2026-09-08,1530,2026-09-25,0.0465753425,159.9233775293,170.0000000000,0.2918381213
daily,XOM,2026-09-08,1530,2026-09-25,0.0465753425,159.9233775293,172.5000000000,0.2991680356
daily,XOM,2026-09-08,1530,2026-10-02,0.0657534247,160.4463155783,147.0000000000,0.3041843838
daily,XOM,2026-09-08,1530,2026-10-02,0.0657534247,160.4463155783,148.0000000000,0.2982005546
daily,XOM,2026-09-08,1530,2026-10-02,0.0657534247,160.4463155783,149.0000000000,0.2982119096
daily,XOM,2026-09-08,1530,2026-10-02,0.0657534247,160.4463155783,150.0000000000,0.2982415531
daily,XOM,2026-09-08,1530,2026-10-02,0.0657534247,160.4463155783,152.5000000000,0.2909462735
daily,XOM,2026-09-08,1530,2026-10-02,0.0657534247,160.4463155783,155.0000000000,0.2949974601
daily,XOM,2026-09-08,1530,2026-10-02,0.0657534247,160.4463155783,157.5000000000,0.2926952487
daily,XOM,2026-09-08,1530,2026-10-02,0.0657534247,160.4463155783,160.0000000000,0.2907197108
daily,XOM,2026-09-08,1530,2026-10-02,0.0657534247,160.4463155783,162.5000000000,0.2759915124
daily,XOM,2026-09-08,1530,2026-10-02,0.0657534247,160.4463155783,165.0000000000,0.2737634831
daily,XOM,2026-09-08,1530,2026-10-02,0.0657534247,160.4463155783,167.5000000000,0.2745635347
daily,XOM,2026-09-08,1530,2026-10-02,0.0657534247,160.4463155783,170.0000000000,0.2760877188
daily,XOM,2026-09-08,1530,2026-10-02,0.0657534247,160.4463155783,172.5000000000,0.2818960215
daily,XOM,2026-09-08,1530,2026-10-02,0.0657534247,160.4463155783,175.0000000000,0.2882019368
daily,XOM,2026-09-08,1530,2026-10-09,0.0849315068,160.5814845950,147.0000000000,0.3037132413
daily,XOM,2026-09-08,1530,2026-10-09,0.0849315068,160.5814845950,148.0000000000,0.2978577251
daily,XOM,2026-09-08,1530,2026-10-09,0.0849315068,160.5814845950,149.0000000000,0.2977350637
daily,XOM,2026-09-08,1530,2026-10-09,0.0849315068,160.5814845950,150.0000000000,0.2972167437
daily,XOM,2026-09-08,1530,2026-10-09,0.0849315068,160.5814845950,152.5000000000,0.2914778943
daily,XOM,2026-09-08,1530,2026-10-09,0.0849315068,160.5814845950,155.0000000000,0.2902004202
daily,XOM,2026-09-08,1530,2026-10-09,0.0849315068,160.5814845950,157.5000000000,0.2879571888
daily,XOM,2026-09-08,1530,2026-10-09,0.0849315068,160.5814845950,160.0000000000,0.2899157998
daily,XOM,2026-09-08,1530,2026-10-09,0.0849315068,160.5814845950,162.5000000000,0.2819109614
daily,XOM,2026-09-08,1530,2026-10-09,0.0849315068,160.5814845950,165.0000000000,0.2730571874
daily,XOM,2026-09-08,1530,2026-10-09,0.0849315068,160.5814845950,167.5000000000,0.2799585569
daily,XOM,2026-09-08,1530,2026-10-09,0.0849315068,160.5814845950,170.0000000000,0.2787194275
daily,XOM,2026-09-08,1530,2026-10-09,0.0849315068,160.5814845950,172.5000000000,0.2794232180
daily,XOM,2026-09-08,1530,2026-10-09,0.0849315068,160.5814845950,177.5000000000,0.2870677895
daily,XOM,2026-09-08,1530,2026-10-16,0.1041095890,160.3074136893,135.0000000000,0.3275657396
daily,XOM,2026-09-08,1530,2026-10-16,0.1041095890,160.3074136893,140.0000000000,0.3114973921
daily,XOM,2026-09-08,1530,2026-10-16,0.1041095890,160.3074136893,145.0000000000,0.3056193937
daily,XOM,2026-09-08,1530,2026-10-16,0.1041095890,160.3074136893,150.0000000000,0.2967789000
daily,XOM,2026-09-08,1530,2026-10-16,0.1041095890,160.3074136893,155.0000000000,0.2898357645
daily,XOM,2026-09-08,1530,2026-10-16,0.1041095890,160.3074136893,160.0000000000,0.2881390694
daily,XOM,2026-09-08,1530,2026-10-16,0.1041095890,160.3074136893,165.0000000000,0.2840297442
daily,XOM,2026-09-08,1530,2026-10-16,0.1041095890,160.3074136893,170.0000000000,0.2839462241
daily,XOM,2026-09-08,1530,2026-10-16,0.1041095890,160.3074136893,175.0000000000,0.2856098104
daily,XOM,2026-09-08,1530,2026-10-16,0.1041095890,160.3074136893,180.0000000000,0.2913459768
daily,XOM,2026-09-08,1530,2026-10-16,0.1041095890,160.3074136893,185.0000000000,0.3015130164
daily,XOM,2026-09-08,1530,2026-10-16,0.1041095890,160.3074136893,190.0000000000,0.3130737709
daily,XOM,2026-09-08,1530,2026-10-23,0.1232876712,160.8577568619,150.0000000000,0.3040244998
daily,XOM,2026-09-08,1530,2026-10-23,0.1232876712,160.8577568619,152.5000000000,0.2972620933
daily,XOM,2026-09-08,1530,2026-10-23,0.1232876712,160.8577568619,155.0000000000,0.2971925544
daily,XOM,2026-09-08,1530,2026-10-23,0.1232876712,160.8577568619,157.5000000000,0.2930127317
daily,XOM,2026-09-08,1530,2026-10-23,0.1232876712,160.8577568619,160.0000000000,0.2887240803
daily,XOM,2026-09-08,1530,2026-10-23,0.1232876712,160.8577568619,162.5000000000,0.2777514891
daily,XOM,2026-09-08,1530,2026-10-23,0.1232876712,160.8577568619,165.0000000000,0.2876221569
daily,XOM,2026-09-08,1530,2026-10-23,0.1232876712,160.8577568619,190.6522792702,0.2876949414
daily,XOM,2026-09-08,1530,2026-11-20,0.2000000000,160.1249658380,125.0000000000,0.3446576203
daily,XOM,2026-09-08,1530,2026-11-20,0.2000000000,160.1249658380,130.0000000000,0.3288825006
daily,XOM,2026-09-08,1530,2026-11-20,0.2000000000,160.1249658380,135.0000000000,0.3251500749
daily,XOM,2026-09-08,1530,2026-11-20,0.2000000000,160.1249658380,140.0000000000,0.3179114940
daily,XOM,2026-09-08,1530,2026-11-20,0.2000000000,160.1249658380,145.0000000000,0.3068635466
daily,XOM,2026-09-08,1530,2026-11-20,0.2000000000,160.1249658380,150.0000000000,0.3036567450
daily,XOM,2026-09-08,1530,2026-11-20,0.2000000000,160.1249658380,155.0000000000,0.3014372017
daily,XOM,2026-09-08,1530,2026-11-20,0.2000000000,160.1249658380,160.0000000000,0.2994759630
daily,XOM,2026-09-08,1530,2026-11-20,0.2000000000,160.1249658380,165.0000000000,0.2953607100
daily,XOM,2026-09-08,1530,2026-11-20,0.2000000000,160.1249658380,170.0000000000,0.2946413421
daily,XOM,2026-09-08,1530,2026-11-20,0.2000000000,160.1249658380,175.0000000000,0.2927553434
daily,XOM,2026-09-08,1530,2026-11-20,0.2000000000,160.1249658380,180.0000000000,0.2931075159
daily,XOM,2026-09-08,1530,2026-11-20,0.2000000000,160.1249658380,185.0000000000,0.2989814725
daily,XOM,2026-09-08,1530,2026-11-20,0.2000000000,160.1249658380,190.0000000000,0.3005162699
daily,XOM,2026-09-08,1530,2026-12-18,0.2767123288,160.4380596672,130.0000000000,0.3168297598
daily,XOM,2026-09-08,1530,2026-12-18,0.2767123288,160.4380596672,135.0000000000,0.3062259896
daily,XOM,2026-09-08,1530,2026-12-18,0.2767123288,160.4380596672,140.0000000000,0.3000004944
daily,XOM,2026-09-08,1530,2026-12-18,0.2767123288,160.4380596672,145.0000000000,0.3009993489
daily,XOM,2026-09-08,1530,2026-12-18,0.2767123288,160.4380596672,150.0000000000,0.2958034650
daily,XOM,2026-09-08,1530,2026-12-18,0.2767123288,160.4380596672,155.0000000000,0.2933480173
daily,XOM,2026-09-08,1530,2026-12-18,0.2767123288,160.4380596672,160.0000000000,0.2934822835
daily,XOM,2026-09-08,1530,2026-12-18,0.2767123288,160.4380596672,165.0000000000,0.2878979453
daily,XOM,2026-09-08,1530,2026-12-18,0.2767123288,160.4380596672,170.0000000000,0.2853323134
daily,XOM,2026-09-08,1530,2026-12-18,0.2767123288,160.4380596672,175.0000000000,0.2858034488
daily,XOM,2026-09-08,1530,2026-12-18,0.2767123288,160.4380596672,180.0000000000,0.2868216703
daily,XOM,2026-09-08,1530,2026-12-18,0.2767123288,160.4380596672,185.0000000000,0.2880939198
daily,XOM,2026-09-08,1530,2026-12-18,0.2767123288,160.4380596672,190.0000000000,0.2939094997
daily,XOM,2026-09-08,1530,2026-12-18,0.2767123288,160.4380596672,195.0000000000,0.3016312883
daily,XOM,2026-09-08,1530,2026-12-18,0.2767123288,160.4380596672,210.0000000000,0.3127097989
daily,XOM,2026-09-08,1530,2027-01-15,0.3534246575,160.9198345650,120.0000000000,0.3365522413
daily,XOM,2026-09-08,1530,2027-01-15,0.3534246575,160.9198345650,125.0000000000,0.3227057106
daily,XOM,2026-09-08,1530,2027-01-15,0.3534246575,160.9198345650,130.0000000000,0.3155333237
daily,XOM,2026-09-08,1530,2027-01-15,0.3534246575,160.9198345650,135.0000000000,0.3095508574
daily,XOM,2026-09-08,1530,2027-01-15,0.3534246575,160.9198345650,140.0000000000,0.3026007725
daily,XOM,2026-09-08,1530,2027-01-15,0.3534246575,160.9198345650,145.0000000000,0.2987775273
daily,XOM,2026-09-08,1530,2027-01-15,0.3534246575,160.9198345650,150.0000000000,0.2964739648
daily,XOM,2026-09-08,1530,2027-01-15,0.3534246575,160.9198345650,155.0000000000,0.2919567181
daily,XOM,2026-09-08,1530,2027-01-15,0.3534246575,160.9198345650,160.0000000000,0.2905112440
daily,XOM,2026-09-08,1530,2027-01-15,0.3534246575,160.9198345650,165.0000000000,0.2842038162
daily,XOM,2026-09-08,1530,2027-01-15,0.3534246575,160.9198345650,170.0000000000,0.2826354254
daily,XOM,2026-09-08,1530,2027-01-15,0.3534246575,160.9198345650,175.0000000000,0.2809991401
daily,XOM,2026-09-08,1530,2027-01-15,0.3534246575,160.9198345650,180.0000000000,0.2838891924
daily,XOM,2026-09-08,1530,2027-01-15,0.3534246575,160.9198345650,185.0000000000,0.2850443531
daily,XOM,2026-09-08,1530,2027-01-15,0.3534246575,160.9198345650,190.0000000000,0.2865650516
daily,XOM,2026-09-08,1530,2027-01-15,0.3534246575,160.9198345650,195.0000000000,0.2915470996
daily,XOM,2026-09-08,1530,2027-01-15,0.3534246575,160.9198345650,210.0000000000,0.3020601166
daily,XOM,2026-09-08,1530,2027-03-19,0.5260273973,161.5457239875,115.0000000000,0.3413192690
daily,XOM,2026-09-08,1530,2027-03-19,0.5260273973,161.5457239875,120.0000000000,0.3291085140
daily,XOM,2026-09-08,1530,2027-03-19,0.5260273973,161.5457239875,125.0000000000,0.3246585972
daily,XOM,2026-09-08,1530,2027-03-19,0.5260273973,161.5457239875,130.0000000000,0.3185537007
daily,XOM,2026-09-08,1530,2027-03-19,0.5260273973,161.5457239875,135.0000000000,0.3124165267
daily,XOM,2026-09-08,1530,2027-03-19,0.5260273973,161.5457239875,140.0000000000,0.3061496800
daily,XOM,2026-09-08,1530,2027-03-19,0.5260273973,161.5457239875,145.0000000000,0.3030729022
daily,XOM,2026-09-08,1530,2027-03-19,0.5260273973,161.5457239875,150.0000000000,0.2989701666
daily,XOM,2026-09-08,1530,2027-03-19,0.5260273973,161.5457239875,155.0000000000,0.2954160537
daily,XOM,2026-09-08,1530,2027-03-19,0.5260273973,161.5457239875,160.0000000000,0.2916053636
daily,XOM,2026-09-08,1530,2027-03-19,0.5260273973,161.5457239875,165.0000000000,0.2816789959
daily,XOM,2026-09-08,1530,2027-03-19,0.5260273973,161.5457239875,170.0000000000,0.2825072721
daily,XOM,2026-09-08,1530,2027-03-19,0.5260273973,161.5457239875,175.0000000000,0.2850291924
daily,XOM,2026-09-08,1530,2027-03-19,0.5260273973,161.5457239875,180.0000000000,0.2820420120
daily,XOM,2026-09-08,1530,2027-03-19,0.5260273973,161.5457239875,185.0000000000,0.2811067195
daily,XOM,2026-09-08,1530,2027-03-19,0.5260273973,161.5457239875,190.0000000000,0.2854334581
daily,XOM,2026-09-08,1530,2027-03-19,0.5260273973,161.5457239875,195.0000000000,0.2854926640
daily,XOM,2026-09-08,1530,2027-03-19,0.5260273973,161.5457239875,200.0000000000,0.2873071112
daily,XOM,2026-09-08,1530,2027-03-19,0.5260273973,161.5457239875,210.0000000000,0.2985231143
daily,XOM,2026-09-08,1530,2027-03-19,0.5260273973,161.5457239875,220.0000000000,0.2984277956
daily,XOM,2026-09-08,1530,2027-04-16,0.6027397260,162.5076318212,120.0000000000,0.3203946273
daily,XOM,2026-09-08,1530,2027-04-16,0.6027397260,162.5076318212,125.0000000000,0.3142920945
daily,XOM,2026-09-08,1530,2027-04-16,0.6027397260,162.5076318212,130.0000000000,0.3084674227
daily,XOM,2026-09-08,1530,2027-04-16,0.6027397260,162.5076318212,135.0000000000,0.3013845390
daily,XOM,2026-09-08,1530,2027-04-16,0.6027397260,162.5076318212,140.0000000000,0.2981164704
daily,XOM,2026-09-08,1530,2027-04-16,0.6027397260,162.5076318212,145.0000000000,0.2950798203
daily,XOM,2026-09-08,1530,2027-04-16,0.6027397260,162.5076318212,150.0000000000,0.2924117090
daily,XOM,2026-09-08,1530,2027-04-16,0.6027397260,162.5076318212,155.0000000000,0.2897882889
daily,XOM,2026-09-08,1530,2027-04-16,0.6027397260,162.5076318212,160.0000000000,0.2871592825
daily,XOM,2026-09-08,1530,2027-04-16,0.6027397260,162.5076318212,165.0000000000,0.2791150077
daily,XOM,2026-09-08,1530,2027-04-16,0.6027397260,162.5076318212,170.0000000000,0.2783649766
daily,XOM,2026-09-08,1530,2027-04-16,0.6027397260,162.5076318212,175.0000000000,0.2749571954
daily,XOM,2026-09-08,1530,2027-04-16,0.6027397260,162.5076318212,180.0000000000,0.2770949484
daily,XOM,2026-09-08,1530,2027-04-16,0.6027397260,162.5076318212,185.0000000000,0.2809970646
daily,XOM,2026-09-08,1530,2027-04-16,0.6027397260,162.5076318212,190.0000000000,0.2808300951
daily,XOM,2026-09-08,1530,2027-04-16,0.6027397260,162.5076318212,195.0000000000,0.2799746793
daily,XOM,2026-09-08,1530,2027-06-17,0.7726027397,162.5206176676,130.0000000000,0.3059743364
daily,XOM,2026-09-08,1530,2027-06-17,0.7726027397,162.5206176676,135.0000000000,0.3007782956
daily,XOM,2026-09-08,1530,2027-06-17,0.7726027397,162.5206176676,140.0000000000,0.2955978438
daily,XOM,2026-09-08,1530,2027-06-17,0.7726027397,162.5206176676,145.0000000000,0.2967046956
daily,XOM,2026-09-08,1530,2027-06-17,0.7726027397,162.5206176676,150.0000000000,0.2928022629
daily,XOM,2026-09-08,1530,2027-06-17,0.7726027397,162.5206176676,155.0000000000,0.2893274494
daily,XOM,2026-09-08,1530,2027-06-17,0.7726027397,162.5206176676,160.0000000000,0.2882357976
daily,XOM,2026-09-08,1530,2027-06-17,0.7726027397,162.5206176676,165.0000000000,0.2828814746
daily,XOM,2026-09-08,1530,2027-06-17,0.7726027397,162.5206176676,170.0000000000,0.2830463928
daily,XOM,2026-09-08,1530,2027-06-17,0.7726027397,162.5206176676,175.0000000000,0.2830155144
daily,XOM,2026-09-08,1530,2027-06-17,0.7726027397,162.5206176676,180.0000000000,0.2826804341
daily,XOM,2026-09-08,1530,2027-06-17,0.7726027397,162.5206176676,185.0000000000,0.2843415922
daily,XOM,2026-09-08,1530,2027-06-17,0.7726027397,162.5206176676,190.0000000000,0.2843232019
daily,XOM,2026-09-08,1530,2027-06-17,0.7726027397,162.5206176676,195.0000000000,0.2845917917
daily,XOM,2026-09-08,1530,2027-06-17,0.7726027397,162.5206176676,200.0000000000,0.2860283497
daily,XOM,2026-09-08,1530,2027-06-17,0.7726027397,162.5206176676,210.0000000000,0.2833527392
daily,XOM,2026-09-08,1530,2027-06-17,0.7726027397,162.5206176676,220.0000000000,0.2903060458
daily,XOM,2026-09-08,1530,2027-09-17,1.0246575342,163.6216436454,110.0000000000,0.3212869186
daily,XOM,2026-09-08,1530,2027-09-17,1.0246575342,163.6216436454,115.0000000000,0.3207815347
daily,XOM,2026-09-08,1530,2027-09-17,1.0246575342,163.6216436454,125.0000000000,0.3066984764
daily,XOM,2026-09-08,1530,2027-09-17,1.0246575342,163.6216436454,130.0000000000,0.3024596341
daily,XOM,2026-09-08,1530,2027-09-17,1.0246575342,163.6216436454,135.0000000000,0.2947331943
daily,XOM,2026-09-08,1530,2027-09-17,1.0246575342,163.6216436454,140.0000000000,0.2937983372
daily,XOM,2026-09-08,1530,2027-09-17,1.0246575342,163.6216436454,145.0000000000,0.2890613320
daily,XOM,2026-09-08,1530,2027-09-17,1.0246575342,163.6216436454,150.0000000000,0.2870017298
daily,XOM,2026-09-08,1530,2027-09-17,1.0246575342,163.6216436454,155.0000000000,0.2861840918
daily,XOM,2026-09-08,1530,2027-09-17,1.0246575342,163.6216436454,160.0000000000,0.2819859774
daily,XOM,2026-09-08,1530,2027-09-17,1.0246575342,163.6216436454,165.0000000000,0.2824803485
daily,XOM,2026-09-08,1530,2027-09-17,1.0246575342,163.6216436454,170.0000000000,0.2814999380
daily,XOM,2026-09-08,1530,2027-09-17,1.0246575342,163.6216436454,175.0000000000,0.2811366406
daily,XOM,2026-09-08,1530,2027-09-17,1.0246575342,163.6216436454,180.0000000000,0.2805338840
daily,XOM,2026-09-08,1530,2027-09-17,1.0246575342,163.6216436454,185.0000000000,0.2810013250
daily,XOM,2026-09-08,1530,2027-09-17,1.0246575342,163.6216436454,190.0000000000,0.2811421512
daily,XOM,2026-09-08,1530,2027-09-17,1.0246575342,163.6216436454,195.0000000000,0.2802614270
daily,XOM,2026-09-08,1530,2027-09-17,1.0246575342,163.6216436454,200.0000000000,0.2811755530
daily,XOM,2026-09-08,1530,2027-09-17,1.0246575342,163.6216436454,210.0000000000,0.2853572501
daily,XOM,2026-09-08,1530,2027-09-17,1.0246575342,163.6216436454,220.0000000000,0.2817683069
daily,XOM,2026-09-08,1530,2027-12-17,1.2739726027,164.9428990988,100.0000000000,0.3349386159
daily,XOM,2026-09-08,1530,2027-12-17,1.2739726027,164.9428990988,110.0000000000,0.3199067008
daily,XOM,2026-09-08,1530,2027-12-17,1.2739726027,164.9428990988,120.0000000000,0.3094938720
daily,XOM,2026-09-08,1530,2027-12-17,1.2739726027,164.9428990988,130.0000000000,0.3064962387
daily,XOM,2026-09-08,1530,2027-12-17,1.2739726027,164.9428990988,135.0000000000,0.3008500131
daily,XOM,2026-09-08,1530,2027-12-17,1.2739726027,164.9428990988,140.0000000000,0.2956398280
daily,XOM,2026-09-08,1530,2027-12-17,1.2739726027,164.9428990988,145.0000000000,0.2928703557
daily,XOM,2026-09-08,1530,2027-12-17,1.2739726027,164.9428990988,150.0000000000,0.2899174439
daily,XOM,2026-09-08,1530,2027-12-17,1.2739726027,164.9428990988,155.0000000000,0.2844044773
daily,XOM,2026-09-08,1530,2027-12-17,1.2739726027,164.9428990988,160.0000000000,0.2851833682
daily,XOM,2026-09-08,1530,2027-12-17,1.2739726027,164.9428990988,165.0000000000,0.2832909050
daily,XOM,2026-09-08,1530,2027-12-17,1.2739726027,164.9428990988,170.0000000000,0.2806774957
daily,XOM,2026-09-08,1530,2027-12-17,1.2739726027,164.9428990988,175.0000000000,0.2794723710
daily,XOM,2026-09-08,1530,2027-12-17,1.2739726027,164.9428990988,180.0000000000,0.2789909733
daily,XOM,2026-09-08,1530,2027-12-17,1.2739726027,164.9428990988,185.0000000000,0.2799681535
daily,XOM,2026-09-08,1530,2027-12-17,1.2739726027,164.9428990988,190.0000000000,0.2788884403
daily,XOM,2026-09-08,1530,2027-12-17,1.2739726027,164.9428990988,195.0000000000,0.2808126496
daily,XOM,2026-09-08,1530,2027-12-17,1.2739726027,164.9428990988,200.0000000000,0.2809546626
daily,XOM,2026-09-08,1530,2027-12-17,1.2739726027,164.9428990988,210.0000000000,0.2825974004
daily,XOM,2026-09-08,1530,2027-12-17,1.2739726027,164.9428990988,220.0000000000,0.2850401794
daily,XOM,2026-09-08,1530,2027-12-17,1.2739726027,164.9428990988,230.0000000000,0.2842821012
daily,XOM,2026-09-08,1530,2027-12-17,1.2739726027,164.9428990988,240.0000000000,0.2856298992
daily,XOM,2026-09-08,1530,2028-01-21,1.3698630137,164.8596563700,100.0000000000,0.3316841605
daily,XOM,2026-09-08,1530,2028-01-21,1.3698630137,164.8596563700,115.0000000000,0.3088358511
daily,XOM,2026-09-08,1530,2028-01-21,1.3698630137,164.8596563700,120.0000000000,0.3066756856
daily,XOM,2026-09-08,1530,2028-01-21,1.3698630137,164.8596563700,129.9343921150,0.2955742685
daily,XOM,2026-09-08,1530,2028-01-21,1.3698630137,164.8596563700,130.0000000000,0.2955027852
daily,XOM,2026-09-08,1530,2028-01-21,1.3698630137,164.8596563700,135.0000000000,0.2929648221
daily,XOM,2026-09-08,1530,2028-01-21,1.3698630137,164.8596563700,140.0000000000,0.2916064854
daily,XOM,2026-09-08,1530,2028-01-21,1.3698630137,164.8596563700,145.0000000000,0.2874171136
daily,XOM,2026-09-08,1530,2028-01-21,1.3698630137,164.8596563700,150.0000000000,0.2883871230
daily,XOM,2026-09-08,1530,2028-01-21,1.3698630137,164.8596563700,155.0000000000,0.2865709067
daily,XOM,2026-09-08,1530,2028-01-21,1.3698630137,164.8596563700,160.0000000000,0.2857804649
daily,XOM,2026-09-08,1530,2028-01-21,1.3698630137,164.8596563700,165.0000000000,0.2825823325
daily,XOM,2026-09-08,1530,2028-01-21,1.3698630137,164.8596563700,170.0000000000,0.2771341523
daily,XOM,2026-09-08,1530,2028-01-21,1.3698630137,164.8596563700,175.0000000000,0.2720103532
daily,XOM,2026-09-08,1530,2028-01-21,1.3698630137,164.8596563700,180.0000000000,0.2745907925
daily,XOM,2026-09-08,1530,2028-01-21,1.3698630137,164.8596563700,185.0000000000,0.2751428779
daily,XOM,2026-09-08,1530,2028-01-21,1.3698630137,164.8596563700,190.0000000000,0.2758753698
daily,XOM,2026-09-08,1530,2028-01-21,1.3698630137,164.8596563700,195.0000000000,0.2801771762
daily,XOM,2026-09-08,1530,2028-01-21,1.3698630137,164.8596563700,200.0000000000,0.2829437162
daily,XOM,2026-09-08,1530,2028-01-21,1.3698630137,164.8596563700,210.0000000000,0.2839959847
daily,XOM,2026-09-08,1530,2028-01-21,1.3698630137,164.8596563700,220.0000000000,0.2850654517
daily,XOM,2026-09-08,1530,2028-01-21,1.3698630137,164.8596563700,230.0000000000,0.2813594737
daily,XOM,2026-09-08,1530,2028-01-21,1.3698630137,164.8596563700,240.0000000000,0.2845606439
daily,XOM,2026-09-08,1530,2028-01-21,1.3698630137,164.8596563700,250.0000000000,0.2866637434
daily,XOM,2026-09-08,1530,2028-01-21,1.3698630137,164.8596563700,260.0000000000,0.2846891285
daily,XOM,2026-09-09,1530,2026-09-11,0.0054794521,164.6371462417,160.0000000000,0.3568567213
daily,XOM,2026-09-09,1530,2026-09-11,0.0054794521,164.6371462417,162.5000000000,0.3411859270
daily,XOM,2026-09-09,1530,2026-09-11,0.0054794521,164.6371462417,165.0000000000,0.3222794584
daily,XOM,2026-09-09,1530,2026-09-11,0.0054794521,164.6371462417,167.5000000000,0.3403362603
daily,XOM,2026-09-09,1530,2026-09-11,0.0054794521,164.6371462417,172.5000000000,0.4015442192
daily,XOM,2026-09-09,1530,2026-09-18,0.0246575342,164.7306825184,152.5000000000,0.3310254648
daily,XOM,2026-09-09,1530,2026-09-18,0.0246575342,164.7306825184,155.0000000000,0.3201571396
daily,XOM,2026-09-09,1530,2026-09-18,0.0246575342,164.7306825184,157.5000000000,0.3097689453
daily,XOM,2026-09-09,1530,2026-09-18,0.0246575342,164.7306825184,160.0000000000,0.3045791480
daily,XOM,2026-09-09,1530,2026-09-18,0.0246575342,164.7306825184,162.5000000000,0.3060944987
daily,XOM,2026-09-09,1530,2026-09-18,0.0246575342,164.7306825184,165.0000000000,0.3007252963
daily,XOM,2026-09-09,1530,2026-09-18,0.0246575342,164.7306825184,167.5000000000,0.2990537117
daily,XOM,2026-09-09,1530,2026-09-18,0.0246575342,164.7306825184,170.0000000000,0.2989198516
daily,XOM,2026-09-09,1530,2026-09-18,0.0246575342,164.7306825184,172.5000000000,0.3045102013
daily,XOM,2026-09-09,1530,2026-09-18,0.0246575342,164.7306825184,175.0000000000,0.3130270693
daily,XOM,2026-09-09,1530,2026-09-18,0.0246575342,164.7306825184,177.5000000000,0.3200606832
daily,XOM,2026-09-09,1530,2026-09-18,0.0246575342,164.7306825184,180.0000000000,0.3304803680
daily,XOM,2026-09-09,1530,2026-09-25,0.0438356164,164.8452827351,150.0000000000,0.3201631272
daily,XOM,2026-09-09,1530,2026-09-25,0.0438356164,164.8452827351,152.5000000000,0.3131747654
daily,XOM,2026-09-09,1530,2026-09-25,0.0438356164,164.8452827351,155.0000000000,0.3044289917
daily,XOM,2026-09-09,1530,2026-09-25,0.0438356164,164.8452827351,157.5000000000,0.2966371904
daily,XOM,2026-09-09,1530,2026-09-25,0.0438356164,164.8452827351,160.0000000000,0.2946472701
daily,XOM,2026-09-09,1530,2026-09-25,0.0438356164,164.8452827351,162.5000000000,0.2935770594
daily,XOM,2026-09-09,1530,2026-09-25,0.0438356164,164.8452827351,165.0000000000,0.2909812154
daily,XOM,2026-09-09,1530,2026-09-25,0.0438356164,164.8452827351,167.5000000000,0.2896052107
daily,XOM,2026-09-09,1530,2026-09-25,0.0438356164,164.8452827351,170.0000000000,0.2894155206
daily,XOM,2026-09-09,1530,2026-09-25,0.0438356164,164.8452827351,172.5000000000,0.2927179021
daily,XOM,2026-09-09,1530,2026-09-25,0.0438356164,164.8452827351,175.0000000000,0.2934374651
daily,XOM,2026-09-09,1530,2026-10-02,0.0630136986,164.9260378040,150.0000000000,0.3183290324
daily,XOM,2026-09-09,1530,2026-10-02,0.0630136986,164.9260378040,155.0000000000,0.2994261507
daily,XOM,2026-09-09,1530,2026-10-02,0.0630136986,164.9260378040,157.5000000000,0.2948093547
daily,XOM,2026-09-09,1530,2026-10-02,0.0630136986,164.9260378040,160.0000000000,0.2964733445
daily,XOM,2026-09-09,1530,2026-10-02,0.0630136986,164.9260378040,162.5000000000,0.2945303845
daily,XOM,2026-09-09,1530,2026-10-02,0.0630136986,164.9260378040,165.0000000000,0.2949172513
daily,XOM,2026-09-09,1530,2026-10-02,0.0630136986,164.9260378040,167.5000000000,0.2951876005
daily,XOM,2026-09-09,1530,2026-10-02,0.0630136986,164.9260378040,170.0000000000,0.2911232837
daily,XOM,2026-09-09,1530,2026-10-02,0.0630136986,164.9260378040,172.5000000000,0.2878707131
daily,XOM,2026-09-09,1530,2026-10-02,0.0630136986,164.9260378040,175.0000000000,0.2872595356
daily,XOM,2026-09-09,1530,2026-10-09,0.0821917808,165.1357740510,148.0000000000,0.3143370211
daily,XOM,2026-09-09,1530,2026-10-09,0.0821917808,165.1357740510,149.0000000000,0.3093067344
daily,XOM,2026-09-09,1530,2026-10-09,0.0821917808,165.1357740510,150.0000000000,0.3067256789
daily,XOM,2026-09-09,1530,2026-10-09,0.0821917808,165.1357740510,152.5000000000,0.3003315994
daily,XOM,2026-09-09,1530,2026-10-09,0.0821917808,165.1357740510,155.0000000000,0.2967502500
daily,XOM,2026-09-09,1530,2026-10-09,0.0821917808,165.1357740510,157.5000000000,0.2962514809
daily,XOM,2026-09-09,1530,2026-10-09,0.0821917808,165.1357740510,160.0000000000,0.2961121625
daily,XOM,2026-09-09,1530,2026-10-09,0.0821917808,165.1357740510,162.5000000000,0.2933250455
daily,XOM,2026-09-09,1530,2026-10-09,0.0821917808,165.1357740510,165.0000000000,0.2921641135
daily,XOM,2026-09-09,1530,2026-10-09,0.0821917808,165.1357740510,167.5000000000,0.2913732047
daily,XOM,2026-09-09,1530,2026-10-09,0.0821917808,165.1357740510,170.0000000000,0.2884748617
daily,XOM,2026-09-09,1530,2026-10-09,0.0821917808,165.1357740510,172.5000000000,0.2843191114
daily,XOM,2026-09-09,1530,2026-10-09,0.0821917808,165.1357740510,175.0000000000,0.2840737022
daily,XOM,2026-09-09,1530,2026-10-09,0.0821917808,165.1357740510,177.5000000000,0.2829350678
daily,XOM,2026-09-09,1530,2026-10-16,0.1013698630,165.2357539225,145.0000000000,0.3211083182
daily,XOM,2026-09-09,1530,2026-10-16,0.1013698630,165.2357539225,150.0000000000,0.3113897791
daily,XOM,2026-09-09,1530,2026-10-16,0.1013698630,165.2357539225,155.0000000000,0.3020904183
daily,XOM,2026-09-09,1530,2026-10-16,0.1013698630,165.2357539225,160.0000000000,0.2977523463
daily,XOM,2026-09-09,1530,2026-10-16,0.1013698630,165.2357539225,165.0000000000,0.2938764090
daily,XOM,2026-09-09,1530,2026-10-16,0.1013698630,165.2357539225,170.0000000000,0.2930169809
daily,XOM,2026-09-09,1530,2026-10-16,0.1013698630,165.2357539225,175.0000000000,0.2928521922
daily,XOM,2026-09-09,1530,2026-10-16,0.1013698630,165.2357539225,180.0000000000,0.2919478532
daily,XOM,2026-09-09,1530,2026-10-16,0.1013698630,165.2357539225,185.0000000000,0.3008366498
daily,XOM,2026-09-09,1530,2026-10-16,0.1013698630,165.2357539225,190.0000000000,0.3066148038
daily,XOM,2026-09-09,1530,2026-10-23,0.1205479452,165.5174995522,150.0000000000,0.3185973257
daily,XOM,2026-09-09,1530,2026-10-23,0.1205479452,165.5174995522,155.0000000000,0.3020617037
daily,XOM,2026-09-09,1530,2026-10-23,0.1205479452,165.5174995522,157.5000000000,0.3035350542
daily,XOM,2026-09-09,1530,2026-10-23,0.1205479452,165.5174995522,160.0000000000,0.2983597318
daily,XOM,2026-09-09,1530,2026-10-23,0.1205479452,165.5174995522,162.5000000000,0.2945401766
daily,XOM,2026-09-09,1530,2026-10-23,0.1205479452,165.5174995522,165.0000000000,0.2920431981
daily,XOM,2026-09-09,1530,2026-10-23,0.1205479452,165.5174995522,167.5000000000,0.2881232077
daily,XOM,2026-09-09,1530,2026-10-23,0.1205479452,165.5174995522,170.0000000000,0.2906605627
daily,XOM,2026-09-09,1530,2026-10-23,0.1205479452,165.5174995522,180.0000000000,0.2935024125
daily,XOM,2026-09-09,1530,2026-11-20,0.1972602740,165.1410505021,130.0000000000,0.3480535214
daily,XOM,2026-09-09,1530,2026-11-20,0.1972602740,165.1410505021,135.0000000000,0.3438559133
daily,XOM,2026-09-09,1530,2026-11-20,0.1972602740,165.1410505021,140.0000000000,0.3298358416
daily,XOM,2026-09-09,1530,2026-11-20,0.1972602740,165.1410505021,145.0000000000,0.3201949482
daily,XOM,2026-09-09,1530,2026-11-20,0.1972602740,165.1410505021,150.0000000000,0.3151028680
daily,XOM,2026-09-09,1530,2026-11-20,0.1972602740,165.1410505021,155.0000000000,0.3101484790
daily,XOM,2026-09-09,1530,2026-11-20,0.1972602740,165.1410505021,160.0000000000,0.3086670389
daily,XOM,2026-09-09,1530,2026-11-20,0.1972602740,165.1410505021,165.0000000000,0.3064513169
daily,XOM,2026-09-09,1530,2026-11-20,0.1972602740,165.1410505021,170.0000000000,0.3005590184
daily,XOM,2026-09-09,1530,2026-11-20,0.1972602740,165.1410505021,175.0000000000,0.2996431051
daily,XOM,2026-09-09,1530,2026-11-20,0.1972602740,165.1410505021,180.0000000000,0.2974529741
daily,XOM,2026-09-09,1530,2026-11-20,0.1972602740,165.1410505021,185.0000000000,0.2972584189
daily,XOM,2026-09-09,1530,2026-11-20,0.1972602740,165.1410505021,190.0000000000,0.3021359082
daily,XOM,2026-09-09,1530,2026-11-20,0.1972602740,165.1410505021,195.0000000000,0.3049889677
daily,XOM,2026-09-09,1530,2026-11-20,0.1972602740,165.1410505021,200.0000000000,0.3080791639
daily,XOM,2026-09-09,1530,2026-12-18,0.2739726027,165.2816504638,120.0000000000,0.3606607422
daily,XOM,2026-09-09,1530,2026-12-18,0.2739726027,165.2816504638,125.0000000000,0.3467549829
daily,XOM,2026-09-09,1530,2026-12-18,0.2739726027,165.2816504638,130.0000000000,0.3363210567
daily,XOM,2026-09-09,1530,2026-12-18,0.2739726027,165.2816504638,135.0000000000,0.3279727919
daily,XOM,2026-09-09,1530,2026-12-18,0.2739726027,165.2816504638,140.0000000000,0.3195887973
daily,XOM,2026-09-09,1530,2026-12-18,0.2739726027,165.2816504638,145.0000000000,0.3111466891
daily,XOM,2026-09-09,1530,2026-12-18,0.2739726027,165.2816504638,150.0000000000,0.3054252030
daily,XOM,2026-09-09,1530,2026-12-18,0.2739726027,165.2816504638,155.0000000000,0.3016128905
daily,XOM,2026-09-09,1530,2026-12-18,0.2739726027,165.2816504638,160.0000000000,0.3000943176
daily,XOM,2026-09-09,1530,2026-12-18,0.2739726027,165.2816504638,165.0000000000,0.2982020777
daily,XOM,2026-09-09,1530,2026-12-18,0.2739726027,165.2816504638,170.0000000000,0.2974871266
daily,XOM,2026-09-09,1530,2026-12-18,0.2739726027,165.2816504638,175.0000000000,0.2955032710
daily,XOM,2026-09-09,1530,2026-12-18,0.2739726027,165.2816504638,180.0000000000,0.2942365943
daily,XOM,2026-09-09,1530,2026-12-18,0.2739726027,165.2816504638,185.0000000000,0.2942534867
daily,XOM,2026-09-09,1530,2026-12-18,0.2739726027,165.2816504638,190.0000000000,0.2922888720
daily,XOM,2026-09-09,1530,2026-12-18,0.2739726027,165.2816504638,195.0000000000,0.2969546165
daily,XOM,2026-09-09,1530,2026-12-18,0.2739726027,165.2816504638,200.0000000000,0.3019111637
daily,XOM,2026-09-09,1530,2026-12-18,0.2739726027,165.2816504638,210.0000000000,0.3061657931
daily,XOM,2026-09-09,1530,2027-01-15,0.3506849315,165.8251878267,130.0000000000,0.3325319283
daily,XOM,2026-09-09,1530,2027-01-15,0.3506849315,165.8251878267,135.0000000000,0.3211248522
daily,XOM,2026-09-09,1530,2027-01-15,0.3506849315,165.8251878267,140.0000000000,0.3119546369
daily,XOM,2026-09-09,1530,2027-01-15,0.3506849315,165.8251878267,145.0000000000,0.3080038985
daily,XOM,2026-09-09,1530,2027-01-15,0.3506849315,165.8251878267,150.0000000000,0.3027715583
daily,XOM,2026-09-09,1530,2027-01-15,0.3506849315,165.8251878267,155.0000000000,0.3010791664
daily,XOM,2026-09-09,1530,2027-01-15,0.3506849315,165.8251878267,160.0000000000,0.2967109824
daily,XOM,2026-09-09,1530,2027-01-15,0.3506849315,165.8251878267,165.0000000000,0.2949326120
daily,XOM,2026-09-09,1530,2027-01-15,0.3506849315,165.8251878267,170.0000000000,0.2941028482
daily,XOM,2026-09-09,1530,2027-01-15,0.3506849315,165.8251878267,175.0000000000,0.2930658939
daily,XOM,2026-09-09,1530,2027-01-15,0.3506849315,165.8251878267,180.0000000000,0.2926253020
daily,XOM,2026-09-09,1530,2027-01-15,0.3506849315,165.8251878267,185.0000000000,0.2921360020
daily,XOM,2026-09-09,1530,2027-01-15,0.3506849315,165.8251878267,190.0000000000,0.2921273014
daily,XOM,2026-09-09,1530,2027-01-15,0.3506849315,165.8251878267,195.0000000000,0.2927696280
daily,XOM,2026-09-09,1530,2027-01-15,0.3506849315,165.8251878267,200.0000000000,0.2954096942
daily,XOM,2026-09-09,1530,2027-01-15,0.3506849315,165.8251878267,210.0000000000,0.2986561630
daily,XOM,2026-09-09,1530,2027-01-15,0.3506849315,165.8251878267,220.0000000000,0.3045845516
daily,XOM,2026-09-09,1530,2027-03-19,0.5232876712,166.0393430686,120.0000000000,0.3358064457
daily,XOM,2026-09-09,1530,2027-03-19,0.5232876712,166.0393430686,125.0000000000,0.3308564032
daily,XOM,2026-09-09,1530,2027-03-19,0.5232876712,166.0393430686,130.0000000000,0.3226328221
daily,XOM,2026-09-09,1530,2027-03-19,0.5232876712,166.0393430686,135.0000000000,0.3177089301
daily,XOM,2026-09-09,1530,2027-03-19,0.5232876712,166.0393430686,140.0000000000,0.3126316731
daily,XOM,2026-09-09,1530,2027-03-19,0.5232876712,166.0393430686,145.0000000000,0.3058919352
daily,XOM,2026-09-09,1530,2027-03-19,0.5232876712,166.0393430686,150.0000000000,0.3024142847
daily,XOM,2026-09-09,1530,2027-03-19,0.5232876712,166.0393430686,155.0000000000,0.2969660366
daily,XOM,2026-09-09,1530,2027-03-19,0.5232876712,166.0393430686,160.0000000000,0.2984100558
daily,XOM,2026-09-09,1530,2027-03-19,0.5232876712,166.0393430686,165.0000000000,0.2946153221
daily,XOM,2026-09-09,1530,2027-03-19,0.5232876712,166.0393430686,170.0000000000,0.2957960208
daily,XOM,2026-09-09,1530,2027-03-19,0.5232876712,166.0393430686,175.0000000000,0.2913392273
daily,XOM,2026-09-09,1530,2027-03-19,0.5232876712,166.0393430686,180.0000000000,0.2896608320
daily,XOM,2026-09-09,1530,2027-03-19,0.5232876712,166.0393430686,185.0000000000,0.2889248420
daily,XOM,2026-09-09,1530,2027-03-19,0.5232876712,166.0393430686,190.0000000000,0.2891894377
daily,XOM,2026-09-09,1530,2027-03-19,0.5232876712,166.0393430686,195.0000000000,0.2906584422
daily,XOM,2026-09-09,1530,2027-03-19,0.5232876712,166.0393430686,200.0000000000,0.2939637861
daily,XOM,2026-09-09,1530,2027-03-19,0.5232876712,166.0393430686,210.0000000000,0.2931349028
daily,XOM,2026-09-09,1530,2027-03-19,0.5232876712,166.0393430686,220.0000000000,0.2982663981
daily,XOM,2026-09-09,1530,2027-04-16,0.6000000000,166.2082756832,115.0000000000,0.3425315897
daily,XOM,2026-09-09,1530,2027-04-16,0.6000000000,166.2082756832,120.0000000000,0.3327693382
daily,XOM,2026-09-09,1530,2027-04-16,0.6000000000,166.2082756832,125.0000000000,0.3249786274
daily,XOM,2026-09-09,1530,2027-04-16,0.6000000000,166.2082756832,130.0000000000,0.3176394709
daily,XOM,2026-09-09,1530,2027-04-16,0.6000000000,166.2082756832,135.0000000000,0.3130704956
daily,XOM,2026-09-09,1530,2027-04-16,0.6000000000,166.2082756832,140.0000000000,0.3032173577
daily,XOM,2026-09-09,1530,2027-04-16,0.6000000000,166.2082756832,145.0000000000,0.3061073011
daily,XOM,2026-09-09,1530,2027-04-16,0.6000000000,166.2082756832,150.0000000000,0.3025454631
daily,XOM,2026-09-09,1530,2027-04-16,0.6000000000,166.2082756832,155.0000000000,0.2995578695
daily,XOM,2026-09-09,1530,2027-04-16,0.6000000000,166.2082756832,160.0000000000,0.2969451030
daily,XOM,2026-09-09,1530,2027-04-16,0.6000000000,166.2082756832,165.0000000000,0.2935905794
daily,XOM,2026-09-09,1530,2027-04-16,0.6000000000,166.2082756832,170.0000000000,0.2946530303
daily,XOM,2026-09-09,1530,2027-04-16,0.6000000000,166.2082756832,175.0000000000,0.2913452298
daily,XOM,2026-09-09,1530,2027-04-16,0.6000000000,166.2082756832,180.0000000000,0.2899041161
daily,XOM,2026-09-09,1530,2027-04-16,0.6000000000,166.2082756832,185.0000000000,0.2908363519
daily,XOM,2026-09-09,1530,2027-04-16,0.6000000000,166.2082756832,190.0000000000,0.2917185973
daily,XOM,2026-09-09,1530,2027-04-16,0.6000000000,166.2082756832,195.0000000000,0.2890510065
daily,XOM,2026-09-09,1530,2027-04-16,0.6000000000,166.2082756832,200.0000000000,0.2888094746
daily,XOM,2026-09-09,1530,2027-04-16,0.6000000000,166.2082756832,210.0000000000,0.2913266256
daily,XOM,2026-09-09,1530,2027-06-17,0.7698630137,166.9026743413,115.0000000000,0.3414637996
daily,XOM,2026-09-09,1530,2027-06-17,0.7698630137,166.9026743413,125.0000000000,0.3257119290
daily,XOM,2026-09-09,1530,2027-06-17,0.7698630137,166.9026743413,130.0000000000,0.3176708389
daily,XOM,2026-09-09,1530,2027-06-17,0.7698630137,166.9026743413,135.0000000000,0.3141721329
daily,XOM,2026-09-09,1530,2027-06-17,0.7698630137,166.9026743413,140.0000000000,0.3093301669
daily,XOM,2026-09-09,1530,2027-06-17,0.7698630137,166.9026743413,145.0000000000,0.3054091473
daily,XOM,2026-09-09,1530,2027-06-17,0.7698630137,166.9026743413,150.0000000000,0.3034751068
daily,XOM,2026-09-09,1530,2027-06-17,0.7698630137,166.9026743413,155.0000000000,0.3001774264
daily,XOM,2026-09-09,1530,2027-06-17,0.7698630137,166.9026743413,160.0000000000,0.2930472395
daily,XOM,2026-09-09,1530,2027-06-17,0.7698630137,166.9026743413,165.0000000000,0.2969972537
daily,XOM,2026-09-09,1530,2027-06-17,0.7698630137,166.9026743413,170.0000000000,0.2968293914
daily,XOM,2026-09-09,1530,2027-06-17,0.7698630137,166.9026743413,175.0000000000,0.2963502539
daily,XOM,2026-09-09,1530,2027-06-17,0.7698630137,166.9026743413,180.0000000000,0.2951550965
daily,XOM,2026-09-09,1530,2027-06-17,0.7698630137,166.9026743413,185.0000000000,0.2911488239
daily,XOM,2026-09-09,1530,2027-06-17,0.7698630137,166.9026743413,190.0000000000,0.2840124862
daily,XOM,2026-09-09,1530,2027-06-17,0.7698630137,166.9026743413,195.0000000000,0.2846701998
daily,XOM,2026-09-09,1530,2027-06-17,0.7698630137,166.9026743413,200.0000000000,0.2844245839
daily,XOM,2026-09-09,1530,2027-06-17,0.7698630137,166.9026743413,210.0000000000,0.2846058897
daily,XOM,2026-09-09,1530,2027-06-17,0.7698630137,166.9026743413,220.0000000000,0.2880756224
daily,XOM,2026-09-09,1530,2027-06-17,0.7698630137,166.9026743413,230.0000000000,0.2906951952
daily,XOM,2026-09-09,1530,2027-09-17,1.0219178082,167.3032542857,115.0000000000,0.3221192415
daily,XOM,2026-09-09,1530,2027-09-17,1.0219178082,167.3032542857,120.0000000000,0.3155140268
daily,XOM,2026-09-09,1530,2027-09-17,1.0219178082,167.3032542857,125.0000000000,0.3132922831
daily,XOM,2026-09-09,1530,2027-09-17,1.0219178082,167.3032542857,130.0000000000,0.3091638993
daily,XOM,2026-09-09,1530,2027-09-17,1.0219178082,167.3032542857,135.0000000000,0.3037158768
daily,XOM,2026-09-09,1530,2027-09-17,1.0219178082,167.3032542857,140.0000000000,0.2952007924
daily,XOM,2026-09-09,1530,2027-09-17,1.0219178082,167.3032542857,145.0000000000,0.2973320753
daily,XOM,2026-09-09,1530,2027-09-17,1.0219178082,167.3032542857,150.0000000000,0.2955086803
daily,XOM,2026-09-09,1530,2027-09-17,1.0219178082,167.3032542857,155.0000000000,0.2918829329
daily,XOM,2026-09-09,1530,2027-09-17,1.0219178082,167.3032542857,160.0000000000,0.2916383471
daily,XOM,2026-09-09,1530,2027-09-17,1.0219178082,167.3032542857,165.0000000000,0.2882182731
daily,XOM,2026-09-09,1530,2027-09-17,1.0219178082,167.3032542857,170.0000000000,0.2896370381
daily,XOM,2026-09-09,1530,2027-09-17,1.0219178082,167.3032542857,175.0000000000,0.2883524585
daily,XOM,2026-09-09,1530,2027-09-17,1.0219178082,167.3032542857,180.0000000000,0.2877118353
daily,XOM,2026-09-09,1530,2027-09-17,1.0219178082,167.3032542857,185.0000000000,0.2843945230
daily,XOM,2026-09-09,1530,2027-09-17,1.0219178082,167.3032542857,190.0000000000,0.2841107226
daily,XOM,2026-09-09,1530,2027-09-17,1.0219178082,167.3032542857,195.0000000000,0.2833123514
daily,XOM,2026-09-09,1530,2027-09-17,1.0219178082,167.3032542857,200.0000000000,0.2842347805
daily,XOM,2026-09-09,1530,2027-09-17,1.0219178082,167.3032542857,210.0000000000,0.2841174188
daily,XOM,2026-09-09,1530,2027-09-17,1.0219178082,167.3032542857,220.0000000000,0.2865704955
daily,XOM,2026-09-09,1530,2027-09-17,1.0219178082,167.3032542857,240.0000000000,0.2900677181
daily,XOM,2026-09-09,1530,2027-12-17,1.2712328767,168.4471666653,110.0000000000,0.3232077129
daily,XOM,2026-09-09,1530,2027-12-17,1.2712328767,168.4471666653,120.0000000000,0.3151001464
daily,XOM,2026-09-09,1530,2027-12-17,1.2712328767,168.4471666653,125.0000000000,0.3091568613
daily,XOM,2026-09-09,1530,2027-12-17,1.2712328767,168.4471666653,130.0000000000,0.3058218134
daily,XOM,2026-09-09,1530,2027-12-17,1.2712328767,168.4471666653,135.0000000000,0.3041347564
daily,XOM,2026-09-09,1530,2027-12-17,1.2712328767,168.4471666653,140.0000000000,0.3010920469
daily,XOM,2026-09-09,1530,2027-12-17,1.2712328767,168.4471666653,145.0000000000,0.2990921431
daily,XOM,2026-09-09,1530,2027-12-17,1.2712328767,168.4471666653,150.0000000000,0.2943708315
daily,XOM,2026-09-09,1530,2027-12-17,1.2712328767,168.4471666653,155.0000000000,0.2935726163
daily,XOM,2026-09-09,1530,2027-12-17,1.2712328767,168.4471666653,160.0000000000,0.2901473840
daily,XOM,2026-09-09,1530,2027-12-17,1.2712328767,168.4471666653,165.0000000000,0.2888465980
daily,XOM,2026-09-09,1530,2027-12-17,1.2712328767,168.4471666653,170.0000000000,0.2879865013
daily,XOM,2026-09-09,1530,2027-12-17,1.2712328767,168.4471666653,175.0000000000,0.2854066105
daily,XOM,2026-09-09,1530,2027-12-17,1.2712328767,168.4471666653,180.0000000000,0.2849821160
daily,XOM,2026-09-09,1530,2027-12-17,1.2712328767,168.4471666653,185.0000000000,0.2841852641
daily,XOM,2026-09-09,1530,2027-12-17,1.2712328767,168.4471666653,190.0000000000,0.2849440265
daily,XOM,2026-09-09,1530,2027-12-17,1.2712328767,168.4471666653,195.0000000000,0.2845346787
daily,XOM,2026-09-09,1530,2027-12-17,1.2712328767,168.4471666653,200.0000000000,0.2848221566
daily,XOM,2026-09-09,1530,2027-12-17,1.2712328767,168.4471666653,210.0000000000,0.2858955576
daily,XOM,2026-09-09,1530,2027-12-17,1.2712328767,168.4471666653,220.0000000000,0.2811208851
daily,XOM,2026-09-09,1530,2027-12-17,1.2712328767,168.4471666653,230.0000000000,0.2835102223
daily,XOM,2026-09-09,1530,2027-12-17,1.2712328767,168.4471666653,250.0000000000,0.2879258728
daily,XOM,2026-09-09,1530,2028-01-21,1.3671232877,168.8631229251,105.0000000000,0.3315333977
daily,XOM,2026-09-09,1530,2028-01-21,1.3671232877,168.8631229251,110.0000000000,0.3209602365
daily,XOM,2026-09-09,1530,2028-01-21,1.3671232877,168.8631229251,115.0000000000,0.3191295806
daily,XOM,2026-09-09,1530,2028-01-21,1.3671232877,168.8631229251,120.0000000000,0.3139199349
daily,XOM,2026-09-09,1530,2028-01-21,1.3671232877,168.8631229251,125.0000000000,0.3113939872
daily,XOM,2026-09-09,1530,2028-01-21,1.3671232877,168.8631229251,130.0000000000,0.3059531545
daily,XOM,2026-09-09,1530,2028-01-21,1.3671232877,168.8631229251,135.0000000000,0.3006340800
daily,XOM,2026-09-09,1530,2028-01-21,1.3671232877,168.8631229251,140.0000000000,0.2985298202
daily,XOM,2026-09-09,1530,2028-01-21,1.3671232877,168.8631229251,145.0000000000,0.2954018642
daily,XOM,2026-09-09,1530,2028-01-21,1.3671232877,168.8631229251,150.0000000000,0.2917183296
daily,XOM,2026-09-09,1530,2028-01-21,1.3671232877,168.8631229251,155.0000000000,0.2918788749
daily,XOM,2026-09-09,1530,2028-01-21,1.3671232877,168.8631229251,160.0000000000,0.2906636552
daily,XOM,2026-09-09,1530,2028-01-21,1.3671232877,168.8631229251,165.0000000000,0.2905563387
daily,XOM,2026-09-09,1530,2028-01-21,1.3671232877,168.8631229251,170.0000000000,0.2881821429
daily,XOM,2026-09-09,1530,2028-01-21,1.3671232877,168.8631229251,175.0000000000,0.2848715481
daily,XOM,2026-09-09,1530,2028-01-21,1.3671232877,168.8631229251,180.0000000000,0.2869475436
daily,XOM,2026-09-09,1530,2028-01-21,1.3671232877,168.8631229251,185.0000000000,0.2870542510
daily,XOM,2026-09-09,1530,2028-01-21,1.3671232877,168.8631229251,190.0000000000,0.2862280615
daily,XOM,2026-09-09,1530,2028-01-21,1.3671232877,168.8631229251,195.0000000000,0.2886689934
daily,XOM,2026-09-09,1530,2028-01-21,1.3671232877,168.8631229251,200.0000000000,0.2895023270
daily,XOM,2026-09-09,1530,2028-01-21,1.3671232877,168.8631229251,210.0000000000,0.2864021764
daily,XOM,2026-09-09,1530,2028-01-21,1.3671232877,168.8631229251,220.0000000000,0.2875297099
daily,XOM,2026-09-09,1530,2028-01-21,1.3671232877,168.8631229251,230.0000000000,0.2880042525
daily,XOM,2026-09-09,1530,2028-01-21,1.3671232877,168.8631229251,240.0000000000,0.2902245051
daily,XOM,2026-09-09,1530,2028-01-21,1.3671232877,168.8631229251,250.0000000000,0.2880740906
daily,XOM,2026-09-09,1530,2028-01-21,1.3671232877,168.8631229251,260.0000000000,0.2915536847
daily,XOM,2026-09-10,1530,2026-09-18,0.0219178082,165.7042267038,150.0000000000,0.3712482889
daily,XOM,2026-09-10,1530,2026-09-18,0.0219178082,165.7042267038,155.0000000000,0.3383190412
daily,XOM,2026-09-10,1530,2026-09-18,0.0219178082,165.7042267038,157.5000000000,0.3256271641
daily,XOM,2026-09-10,1530,2026-09-18,0.0219178082,165.7042267038,160.0000000000,0.3083335200
daily,XOM,2026-09-10,1530,2026-09-18,0.0219178082,165.7042267038,162.5000000000,0.3013492715
daily,XOM,2026-09-10,1530,2026-09-18,0.0219178082,165.7042267038,165.0000000000,0.2984596092
daily,XOM,2026-09-10,1530,2026-09-18,0.0219178082,165.7042267038,167.5000000000,0.3020714345
daily,XOM,2026-09-10,1530,2026-09-18,0.0219178082,165.7042267038,170.0000000000,0.3054886504
daily,XOM,2026-09-10,1530,2026-09-18,0.0219178082,165.7042267038,172.5000000000,0.3106623506
daily,XOM,2026-09-10,1530,2026-09-18,0.0219178082,165.7042267038,175.0000000000,0.3153792039
daily,XOM,2026-09-10,1530,2026-09-18,0.0219178082,165.7042267038,177.5000000000,0.3184579601
daily,XOM,2026-09-10,1530,2026-09-25,0.0410958904,165.9863909104,155.0000000000,0.3155971144
daily,XOM,2026-09-10,1530,2026-09-25,0.0410958904,165.9863909104,157.5000000000,0.3033555006
daily,XOM,2026-09-10,1530,2026-09-25,0.0410958904,165.9863909104,160.0000000000,0.2962612442
daily,XOM,2026-09-10,1530,2026-09-25,0.0410958904,165.9863909104,162.5000000000,0.2931026378
daily,XOM,2026-09-10,1530,2026-09-25,0.0410958904,165.9863909104,165.0000000000,0.2909717463
daily,XOM,2026-09-10,1530,2026-09-25,0.0410958904,165.9863909104,167.5000000000,0.2902498518
daily,XOM,2026-09-10,1530,2026-09-25,0.0410958904,165.9863909104,170.0000000000,0.2908749376
daily,XOM,2026-09-10,1530,2026-09-25,0.0410958904,165.9863909104,172.5000000000,0.2883415744
daily,XOM,2026-09-10,1530,2026-09-25,0.0410958904,165.9863909104,175.0000000000,0.2905020355
daily,XOM,2026-09-10,1530,2026-10-02,0.0602739726,165.9666267752,155.0000000000,0.3034612534
daily,XOM,2026-09-10,1530,2026-10-02,0.0602739726,165.9666267752,157.5000000000,0.2968839742
daily,XOM,2026-09-10,1530,2026-10-02,0.0602739726,165.9666267752,160.0000000000,0.2973618653
daily,XOM,2026-09-10,1530,2026-10-02,0.0602739726,165.9666267752,162.5000000000,0.2971183104
daily,XOM,2026-09-10,1530,2026-10-02,0.0602739726,165.9666267752,165.0000000000,0.3019469589
daily,XOM,2026-09-10,1530,2026-10-02,0.0602739726,165.9666267752,167.5000000000,0.2990199744
daily,XOM,2026-09-10,1530,2026-10-02,0.0602739726,165.9666267752,170.0000000000,0.2954580025
daily,XOM,2026-09-10,1530,2026-10-02,0.0602739726,165.9666267752,172.5000000000,0.2922418332
daily,XOM,2026-09-10,1530,2026-10-02,0.0602739726,165.9666267752,175.0000000000,0.2889903433
daily,XOM,2026-09-10,1530,2026-10-02,0.0602739726,165.9666267752,177.5000000000,0.2908807051
daily,XOM,2026-09-10,1530,2026-10-09,0.0794520548,166.3194965758,147.0000000000,0.3225298701
daily,XOM,2026-09-10,1530,2026-10-09,0.0794520548,166.3194965758,149.0000000000,0.3183273241
daily,XOM,2026-09-10,1530,2026-10-09,0.0794520548,166.3194965758,150.0000000000,0.3154645395
daily,XOM,2026-09-10,1530,2026-10-09,0.0794520548,166.3194965758,152.5000000000,0.3101950282
daily,XOM,2026-09-10,1530,2026-10-09,0.0794520548,166.3194965758,155.0000000000,0.2972596080
daily,XOM,2026-09-10,1530,2026-10-09,0.0794520548,166.3194965758,157.5000000000,0.2961459456
daily,XOM,2026-09-10,1530,2026-10-09,0.0794520548,166.3194965758,160.0000000000,0.2942606672
daily,XOM,2026-09-10,1530,2026-10-09,0.0794520548,166.3194965758,162.5000000000,0.2925146882
daily,XOM,2026-09-10,1530,2026-10-09,0.0794520548,166.3194965758,165.0000000000,0.2920667599
daily,XOM,2026-09-10,1530,2026-10-09,0.0794520548,166.3194965758,167.5000000000,0.2906334302
daily,XOM,2026-09-10,1530,2026-10-09,0.0794520548,166.3194965758,170.0000000000,0.2897342537
daily,XOM,2026-09-10,1530,2026-10-09,0.0794520548,166.3194965758,172.5000000000,0.2879797404
daily,XOM,2026-09-10,1530,2026-10-09,0.0794520548,166.3194965758,175.0000000000,0.2817994720
daily,XOM,2026-09-10,1530,2026-10-09,0.0794520548,166.3194965758,177.5000000000,0.2826119420
daily,XOM,2026-09-10,1530,2026-10-16,0.0986301370,166.3442260399,140.0000000000,0.3409076258
daily,XOM,2026-09-10,1530,2026-10-16,0.0986301370,166.3442260399,145.0000000000,0.3251411736
daily,XOM,2026-09-10,1530,2026-10-16,0.0986301370,166.3442260399,150.0000000000,0.3115450624
daily,XOM,2026-09-10,1530,2026-10-16,0.0986301370,166.3442260399,155.0000000000,0.3031798282
daily,XOM,2026-09-10,1530,2026-10-16,0.0986301370,166.3442260399,160.0000000000,0.2983616355
daily,XOM,2026-09-10,1530,2026-10-16,0.0986301370,166.3442260399,165.0000000000,0.2930358765
daily,XOM,2026-09-10,1530,2026-10-16,0.0986301370,166.3442260399,170.0000000000,0.2915378061
daily,XOM,2026-09-10,1530,2026-10-16,0.0986301370,166.3442260399,175.0000000000,0.2929584239
daily,XOM,2026-09-10,1530,2026-10-16,0.0986301370,166.3442260399,180.0000000000,0.2923174418
daily,XOM,2026-09-10,1530,2026-10-16,0.0986301370,166.3442260399,185.0000000000,0.2976166358
daily,XOM,2026-09-10,1530,2026-10-16,0.0986301370,166.3442260399,190.0000000000,0.3039995105
daily,XOM,2026-09-10,1530,2026-10-16,0.0986301370,166.3442260399,195.0000000000,0.3124215065
daily,XOM,2026-09-10,1530,2026-10-23,0.1178082192,166.1788799836,139.8608400879,0.3119275533
daily,XOM,2026-09-10,1530,2026-10-23,0.1178082192,166.1788799836,152.5000000000,0.3035968120
daily,XOM,2026-09-10,1530,2026-10-23,0.1178082192,166.1788799836,157.5000000000,0.3087489601
daily,XOM,2026-09-10,1530,2026-10-23,0.1178082192,166.1788799836,160.0000000000,0.3012036686
daily,XOM,2026-09-10,1530,2026-10-23,0.1178082192,166.1788799836,162.5000000000,0.3015525113
daily,XOM,2026-09-10,1530,2026-10-23,0.1178082192,166.1788799836,165.0000000000,0.3020904442
daily,XOM,2026-09-10,1530,2026-10-23,0.1178082192,166.1788799836,167.5000000000,0.2962147217
daily,XOM,2026-09-10,1530,2026-10-23,0.1178082192,166.1788799836,170.0000000000,0.2982342928
daily,XOM,2026-09-10,1530,2026-10-23,0.1178082192,166.1788799836,172.5000000000,0.2986329718
daily,XOM,2026-09-10,1530,2026-10-23,0.1178082192,166.1788799836,175.0000000000,0.2927606027
daily,XOM,2026-09-10,1530,2026-11-20,0.1945205479,166.0372728100,135.0000000000,0.3422769151
daily,XOM,2026-09-10,1530,2026-11-20,0.1945205479,166.0372728100,140.0000000000,0.3343632604
daily,XOM,2026-09-10,1530,2026-11-20,0.1945205479,166.0372728100,145.0000000000,0.3266798198
daily,XOM,2026-09-10,1530,2026-11-20,0.1945205479,166.0372728100,150.0000000000,0.3174889697
daily,XOM,2026-09-10,1530,2026-11-20,0.1945205479,166.0372728100,155.0000000000,0.3146218833
daily,XOM,2026-09-10,1530,2026-11-20,0.1945205479,166.0372728100,160.0000000000,0.3102836490
daily,XOM,2026-09-10,1530,2026-11-20,0.1945205479,166.0372728100,165.0000000000,0.3072284462
daily,XOM,2026-09-10,1530,2026-11-20,0.1945205479,166.0372728100,170.0000000000,0.3088523547
daily,XOM,2026-09-10,1530,2026-11-20,0.1945205479,166.0372728100,175.0000000000,0.3052329980
daily,XOM,2026-09-10,1530,2026-11-20,0.1945205479,166.0372728100,180.0000000000,0.3035513388
daily,XOM,2026-09-10,1530,2026-11-20,0.1945205479,166.0372728100,185.0000000000,0.3030220328
daily,XOM,2026-09-10,1530,2026-11-20,0.1945205479,166.0372728100,190.0000000000,0.3004549177
daily,XOM,2026-09-10,1530,2026-12-18,0.2712328767,166.1667727650,130.0000000000,0.3376126582
daily,XOM,2026-09-10,1530,2026-12-18,0.2712328767,166.1667727650,135.0000000000,0.3289732125
daily,XOM,2026-09-10,1530,2026-12-18,0.2712328767,166.1667727650,140.0000000000,0.3208398191
daily,XOM,2026-09-10,1530,2026-12-18,0.2712328767,166.1667727650,145.0000000000,0.3132390950
daily,XOM,2026-09-10,1530,2026-12-18,0.2712328767,166.1667727650,150.0000000000,0.3090474658
daily,XOM,2026-09-10,1530,2026-12-18,0.2712328767,166.1667727650,155.0000000000,0.3055193428
daily,XOM,2026-09-10,1530,2026-12-18,0.2712328767,166.1667727650,160.0000000000,0.3035093624
daily,XOM,2026-09-10,1530,2026-12-18,0.2712328767,166.1667727650,165.0000000000,0.3063728330
daily,XOM,2026-09-10,1530,2026-12-18,0.2712328767,166.1667727650,170.0000000000,0.3050035213
daily,XOM,2026-09-10,1530,2026-12-18,0.2712328767,166.1667727650,175.0000000000,0.3027295379
daily,XOM,2026-09-10,1530,2026-12-18,0.2712328767,166.1667727650,180.0000000000,0.3004258663
daily,XOM,2026-09-10,1530,2026-12-18,0.2712328767,166.1667727650,185.0000000000,0.2996835997
daily,XOM,2026-09-10,1530,2026-12-18,0.2712328767,166.1667727650,190.0000000000,0.3003234367
daily,XOM,2026-09-10,1530,2026-12-18,0.2712328767,166.1667727650,195.0000000000,0.2977323779
daily,XOM,2026-09-10,1530,2026-12-18,0.2712328767,166.1667727650,200.0000000000,0.3035974957
daily,XOM,2026-09-10,1530,2026-12-18,0.2712328767,166.1667727650,210.0000000000,0.3072428048
daily,XOM,2026-09-10,1530,2027-01-15,0.3479452055,166.7711279456,130.0000000000,0.3312561279
daily,XOM,2026-09-10,1530,2027-01-15,0.3479452055,166.7711279456,135.0000000000,0.3258677055
daily,XOM,2026-09-10,1530,2027-01-15,0.3479452055,166.7711279456,140.0000000000,0.3194347320
daily,XOM,2026-09-10,1530,2027-01-15,0.3479452055,166.7711279456,145.0000000000,0.3108496470
daily,XOM,2026-09-10,1530,2027-01-15,0.3479452055,166.7711279456,150.0000000000,0.3067251324
daily,XOM,2026-09-10,1530,2027-01-15,0.3479452055,166.7711279456,155.0000000000,0.3046610324
daily,XOM,2026-09-10,1530,2027-01-15,0.3479452055,166.7711279456,160.0000000000,0.3022863143
daily,XOM,2026-09-10,1530,2027-01-15,0.3479452055,166.7711279456,165.0000000000,0.2985623936
daily,XOM,2026-09-10,1530,2027-01-15,0.3479452055,166.7711279456,170.0000000000,0.3000606220
daily,XOM,2026-09-10,1530,2027-01-15,0.3479452055,166.7711279456,175.0000000000,0.2988341345
daily,XOM,2026-09-10,1530,2027-01-15,0.3479452055,166.7711279456,180.0000000000,0.2970351461
daily,XOM,2026-09-10,1530,2027-01-15,0.3479452055,166.7711279456,185.0000000000,0.2955752166
daily,XOM,2026-09-10,1530,2027-01-15,0.3479452055,166.7711279456,190.0000000000,0.2933268862
daily,XOM,2026-09-10,1530,2027-01-15,0.3479452055,166.7711279456,195.0000000000,0.2954261180
daily,XOM,2026-09-10,1530,2027-01-15,0.3479452055,166.7711279456,200.0000000000,0.2979323666
daily,XOM,2026-09-10,1530,2027-01-15,0.3479452055,166.7711279456,210.0000000000,0.3029457485
daily,XOM,2026-09-10,1530,2027-03-19,0.5205479452,167.0076542648,115.0000000000,0.3576335382
daily,XOM,2026-09-10,1530,2027-03-19,0.5205479452,167.0076542648,120.0000000000,0.3493493268
daily,XOM,2026-09-10,1530,2027-03-19,0.5205479452,167.0076542648,125.0000000000,0.3374194604
daily,XOM,2026-09-10,1530,2027-03-19,0.5205479452,167.0076542648,130.0000000000,0.3303906707
daily,XOM,2026-09-10,1530,2027-03-19,0.5205479452,167.0076542648,135.0000000000,0.3240002459
daily,XOM,2026-09-10,1530,2027-03-19,0.5205479452,167.0076542648,140.0000000000,0.3162922590
daily,XOM,2026-09-10,1530,2027-03-19,0.5205479452,167.0076542648,145.0000000000,0.3083278159
daily,XOM,2026-09-10,1530,2027-03-19,0.5205479452,167.0076542648,150.0000000000,0.3095851550
daily,XOM,2026-09-10,1530,2027-03-19,0.5205479452,167.0076542648,155.0000000000,0.3042880340
daily,XOM,2026-09-10,1530,2027-03-19,0.5205479452,167.0076542648,160.0000000000,0.2999840937
daily,XOM,2026-09-10,1530,2027-03-19,0.5205479452,167.0076542648,165.0000000000,0.2990111172
daily,XOM,2026-09-10,1530,2027-03-19,0.5205479452,167.0076542648,170.0000000000,0.2979836385
daily,XOM,2026-09-10,1530,2027-03-19,0.5205479452,167.0076542648,175.0000000000,0.2964517969
daily,XOM,2026-09-10,1530,2027-03-19,0.5205479452,167.0076542648,180.0000000000,0.2955254932
daily,XOM,2026-09-10,1530,2027-03-19,0.5205479452,167.0076542648,185.0000000000,0.2944976605
daily,XOM,2026-09-10,1530,2027-03-19,0.5205479452,167.0076542648,190.0000000000,0.2947901057
daily,XOM,2026-09-10,1530,2027-03-19,0.5205479452,167.0076542648,195.0000000000,0.2985713704
daily,XOM,2026-09-10,1530,2027-03-19,0.5205479452,167.0076542648,200.0000000000,0.2983554235
daily,XOM,2026-09-10,1530,2027-03-19,0.5205479452,167.0076542648,210.0000000000,0.3013178451
daily,XOM,2026-09-10,1530,2027-03-19,0.5205479452,167.0076542648,220.0000000000,0.3072313487
daily,XOM,2026-09-10,1530,2027-04-16,0.5972602740,166.8449129602,114.8879377708,0.3338772233
daily,XOM,2026-09-10,1530,2027-04-16,0.5972602740,166.8449129602,119.8830655000,0.3261433023
daily,XOM,2026-09-10,1530,2027-04-16,0.5972602740,166.8449129602,130.0000000000,0.3178886149
daily,XOM,2026-09-10,1530,2027-04-16,0.5972602740,166.8449129602,135.0000000000,0.3126250335
daily,XOM,2026-09-10,1530,2027-04-16,0.5972602740,166.8449129602,140.0000000000,0.3090907928
daily,XOM,2026-09-10,1530,2027-04-16,0.5972602740,166.8449129602,145.0000000000,0.3045945173
daily,XOM,2026-09-10,1530,2027-04-16,0.5972602740,166.8449129602,150.0000000000,0.3007601811
daily,XOM,2026-09-10,1530,2027-04-16,0.5972602740,166.8449129602,155.0000000000,0.3014744533
daily,XOM,2026-09-10,1530,2027-04-16,0.5972602740,166.8449129602,160.0000000000,0.3007014710
daily,XOM,2026-09-10,1530,2027-04-16,0.5972602740,166.8449129602,165.0000000000,0.2951663694
daily,XOM,2026-09-10,1530,2027-04-16,0.5972602740,166.8449129602,170.0000000000,0.2987993853
daily,XOM,2026-09-10,1530,2027-04-16,0.5972602740,166.8449129602,175.0000000000,0.2975393044
daily,XOM,2026-09-10,1530,2027-04-16,0.5972602740,166.8449129602,180.0000000000,0.2989056247
daily,XOM,2026-09-10,1530,2027-04-16,0.5972602740,166.8449129602,185.0000000000,0.2962811962
daily,XOM,2026-09-10,1530,2027-04-16,0.5972602740,166.8449129602,190.0000000000,0.2950148054
daily,XOM,2026-09-10,1530,2027-04-16,0.5972602740,166.8449129602,195.0000000000,0.2947637839
daily,XOM,2026-09-10,1530,2027-04-16,0.5972602740,166.8449129602,200.0000000000,0.2970488900
daily,XOM,2026-09-10,1530,2027-04-16,0.5972602740,166.8449129602,210.0000000000,0.2950695707
daily,XOM,2026-09-10,1530,2027-04-16,0.5972602740,166.8449129602,220.0000000000,0.3041368930
daily,XOM,2026-09-10,1530,2027-04-16,0.5972602740,166.8449129602,250.0000000000,0.3156633056
daily,XOM,2026-09-10,1530,2027-06-17,0.7671232877,167.3708973798,115.0000000000,0.3353637468
daily,XOM,2026-09-10,1530,2027-06-17,0.7671232877,167.3708973798,120.0000000000,0.3330384217
daily,XOM,2026-09-10,1530,2027-06-17,0.7671232877,167.3708973798,125.0000000000,0.3256137078
daily,XOM,2026-09-10,1530,2027-06-17,0.7671232877,167.3708973798,130.0000000000,0.3198933933
daily,XOM,2026-09-10,1530,2027-06-17,0.7671232877,167.3708973798,135.0000000000,0.3148267096
daily,XOM,2026-09-10,1530,2027-06-17,0.7671232877,167.3708973798,140.0000000000,0.3088651887
daily,XOM,2026-09-10,1530,2027-06-17,0.7671232877,167.3708973798,145.0000000000,0.3071793285
daily,XOM,2026-09-10,1530,2027-06-17,0.7671232877,167.3708973798,150.0000000000,0.3036085009
daily,XOM,2026-09-10,1530,2027-06-17,0.7671232877,167.3708973798,155.0000000000,0.3007632559
daily,XOM,2026-09-10,1530,2027-06-17,0.7671232877,167.3708973798,160.0000000000,0.2975572379
daily,XOM,2026-09-10,1530,2027-06-17,0.7671232877,167.3708973798,165.0000000000,0.2953563554
daily,XOM,2026-09-10,1530,2027-06-17,0.7671232877,167.3708973798,170.0000000000,0.2950292612
daily,XOM,2026-09-10,1530,2027-06-17,0.7671232877,167.3708973798,175.0000000000,0.2948460094
daily,XOM,2026-09-10,1530,2027-06-17,0.7671232877,167.3708973798,180.0000000000,0.2953009028
daily,XOM,2026-09-10,1530,2027-06-17,0.7671232877,167.3708973798,185.0000000000,0.2922890340
daily,XOM,2026-09-10,1530,2027-06-17,0.7671232877,167.3708973798,190.0000000000,0.2934432866
daily,XOM,2026-09-10,1530,2027-06-17,0.7671232877,167.3708973798,195.0000000000,0.2914758915
daily,XOM,2026-09-10,1530,2027-06-17,0.7671232877,167.3708973798,200.0000000000,0.2900061064
daily,XOM,2026-09-10,1530,2027-06-17,0.7671232877,167.3708973798,210.0000000000,0.2907291684
daily,XOM,2026-09-10,1530,2027-06-17,0.7671232877,167.3708973798,220.0000000000,0.2967655909
daily,XOM,2026-09-10,1530,2027-06-17,0.7671232877,167.3708973798,250.0000000000,0.3047433518
daily,XOM,2026-09-10,1530,2027-09-17,1.0191780822,168.2497608380,115.0000000000,0.3260524999
daily,XOM,2026-09-10,1530,2027-09-17,1.0191780822,168.2497608380,120.0000000000,0.3151363782
daily,XOM,2026-09-10,1530,2027-09-17,1.0191780822,168.2497608380,125.0000000000,0.3134213036
daily,XOM,2026-09-10,1530,2027-09-17,1.0191780822,168.2497608380,130.0000000000,0.3095308292
daily,XOM,2026-09-10,1530,2027-09-17,1.0191780822,168.2497608380,135.0000000000,0.3041549713
daily,XOM,2026-09-10,1530,2027-09-17,1.0191780822,168.2497608380,140.0000000000,0.2994019232
daily,XOM,2026-09-10,1530,2027-09-17,1.0191780822,168.2497608380,145.0000000000,0.2995372084
daily,XOM,2026-09-10,1530,2027-09-17,1.0191780822,168.2497608380,150.0000000000,0.2960084844
daily,XOM,2026-09-10,1530,2027-09-17,1.0191780822,168.2497608380,155.0000000000,0.2962233538
daily,XOM,2026-09-10,1530,2027-09-17,1.0191780822,168.2497608380,160.0000000000,0.2931084960
daily,XOM,2026-09-10,1530,2027-09-17,1.0191780822,168.2497608380,165.0000000000,0.2931550516
daily,XOM,2026-09-10,1530,2027-09-17,1.0191780822,168.2497608380,170.0000000000,0.2923661808
daily,XOM,2026-09-10,1530,2027-09-17,1.0191780822,168.2497608380,175.0000000000,0.2934927689
daily,XOM,2026-09-10,1530,2027-09-17,1.0191780822,168.2497608380,180.0000000000,0.2918792462
daily,XOM,2026-09-10,1530,2027-09-17,1.0191780822,168.2497608380,185.0000000000,0.2876142025
daily,XOM,2026-09-10,1530,2027-09-17,1.0191780822,168.2497608380,190.0000000000,0.2872517293
daily,XOM,2026-09-10,1530,2027-09-17,1.0191780822,168.2497608380,195.0000000000,0.2857278343
daily,XOM,2026-09-10,1530,2027-09-17,1.0191780822,168.2497608380,200.0000000000,0.2879679921
daily,XOM,2026-09-10,1530,2027-09-17,1.0191780822,168.2497608380,210.0000000000,0.2876730080
daily,XOM,2026-09-10,1530,2027-12-17,1.2684931507,168.9652294963,110.0000000000,0.3270821906
daily,XOM,2026-09-10,1530,2027-12-17,1.2684931507,168.9652294963,115.0000000000,0.3208240922
daily,XOM,2026-09-10,1530,2027-12-17,1.2684931507,168.9652294963,120.0000000000,0.3162831135
daily,XOM,2026-09-10,1530,2027-12-17,1.2684931507,168.9652294963,125.0000000000,0.3088997993
daily,XOM,2026-09-10,1530,2027-12-17,1.2684931507,168.9652294963,130.0000000000,0.3066838886
daily,XOM,2026-09-10,1530,2027-12-17,1.2684931507,168.9652294963,135.0000000000,0.3021883445
daily,XOM,2026-09-10,1530,2027-12-17,1.2684931507,168.9652294963,140.0000000000,0.3010538425
daily,XOM,2026-09-10,1530,2027-12-17,1.2684931507,168.9652294963,145.0000000000,0.2969620194
daily,XOM,2026-09-10,1530,2027-12-17,1.2684931507,168.9652294963,150.0000000000,0.2945625207
daily,XOM,2026-09-10,1530,2027-12-17,1.2684931507,168.9652294963,155.0000000000,0.2940360645
daily,XOM,2026-09-10,1530,2027-12-17,1.2684931507,168.9652294963,160.0000000000,0.2908629371
daily,XOM,2026-09-10,1530,2027-12-17,1.2684931507,168.9652294963,165.0000000000,0.2894931841
daily,XOM,2026-09-10,1530,2027-12-17,1.2684931507,168.9652294963,170.0000000000,0.2857269404
daily,XOM,2026-09-10,1530,2027-12-17,1.2684931507,168.9652294963,175.0000000000,0.2872582119
daily,XOM,2026-09-10,1530,2027-12-17,1.2684931507,168.9652294963,180.0000000000,0.2865371687
daily,XOM,2026-09-10,1530,2027-12-17,1.2684931507,168.9652294963,185.0000000000,0.2882116210
daily,XOM,2026-09-10,1530,2027-12-17,1.2684931507,168.9652294963,190.0000000000,0.2878946964
daily,XOM,2026-09-10,1530,2027-12-17,1.2684931507,168.9652294963,195.0000000000,0.2880554795
daily,XOM,2026-09-10,1530,2027-12-17,1.2684931507,168.9652294963,200.0000000000,0.2863775425
daily,XOM,2026-09-10,1530,2027-12-17,1.2684931507,168.9652294963,210.0000000000,0.2872148723
daily,XOM,2026-09-10,1530,2027-12-17,1.2684931507,168.9652294963,220.0000000000,0.2886459729
daily,XOM,2026-09-10,1530,2027-12-17,1.2684931507,168.9652294963,230.0000000000,0.2874453913
daily,XOM,2026-09-10,1530,2027-12-17,1.2684931507,168.9652294963,240.0000000000,0.2906585645
daily,XOM,2026-09-10,1530,2028-01-21,1.3643835616,169.7569853015,105.0000000000,0.3304602139
daily,XOM,2026-09-10,1530,2028-01-21,1.3643835616,169.7569853015,110.0000000000,0.3232508832
daily,XOM,2026-09-10,1530,2028-01-21,1.3643835616,169.7569853015,115.0000000000,0.3195956492
daily,XOM,2026-09-10,1530,2028-01-21,1.3643835616,169.7569853015,120.0000000000,0.3129864388
daily,XOM,2026-09-10,1530,2028-01-21,1.3643835616,169.7569853015,125.0000000000,0.3097691138
daily,XOM,2026-09-10,1530,2028-01-21,1.3643835616,169.7569853015,130.0000000000,0.3037613597
daily,XOM,2026-09-10,1530,2028-01-21,1.3643835616,169.7569853015,135.0000000000,0.3030636081
daily,XOM,2026-09-10,1530,2028-01-21,1.3643835616,169.7569853015,140.0000000000,0.2994090180
daily,XOM,2026-09-10,1530,2028-01-21,1.3643835616,169.7569853015,145.0000000000,0.2966446965
daily,XOM,2026-09-10,1530,2028-01-21,1.3643835616,169.7569853015,150.0000000000,0.2928485351
daily,XOM,2026-09-10,1530,2028-01-21,1.3643835616,169.7569853015,155.0000000000,0.2925045137
daily,XOM,2026-09-10,1530,2028-01-21,1.3643835616,169.7569853015,160.0000000000,0.2896749319
daily,XOM,2026-09-10,1530,2028-01-21,1.3643835616,169.7569853015,165.0000000000,0.2870472139
daily,XOM,2026-09-10,1530,2028-01-21,1.3643835616,169.7569853015,170.0000000000,0.2856846845
daily,XOM,2026-09-10,1530,2028-01-21,1.3643835616,169.7569853015,175.0000000000,0.2870024564
daily,XOM,2026-09-10,1530,2028-01-21,1.3643835616,169.7569853015,180.0000000000,0.2862248506
daily,XOM,2026-09-10,1530,2028-01-21,1.3643835616,169.7569853015,185.0000000000,0.2869105833
daily,XOM,2026-09-10,1530,2028-01-21,1.3643835616,169.7569853015,190.0000000000,0.2857208412
daily,XOM,2026-09-10,1530,2028-01-21,1.3643835616,169.7569853015,195.0000000000,0.2873429459
daily,XOM,2026-09-10,1530,2028-01-21,1.3643835616,169.7569853015,200.0000000000,0.2873130354
daily,XOM,2026-09-10,1530,2028-01-21,1.3643835616,169.7569853015,210.0000000000,0.2822892172
daily,XOM,2026-09-10,1530,2028-01-21,1.3643835616,169.7569853015,220.0000000000,0.2865654316
daily,XOM,2026-09-10,1530,2028-01-21,1.3643835616,169.7569853015,230.0000000000,0.2858012554
daily,XOM,2026-09-11,1530,2026-09-18,0.0191780822,165.6790075540,155.0000000000,0.3230187668
daily,XOM,2026-09-11,1530,2026-09-18,0.0191780822,165.6790075540,157.5000000000,0.3098377657
daily,XOM,2026-09-11,1530,2026-09-18,0.0191780822,165.6790075540,160.0000000000,0.2976618377
daily,XOM,2026-09-11,1530,2026-09-18,0.0191780822,165.6790075540,162.5000000000,0.2912167224
daily,XOM,2026-09-11,1530,2026-09-18,0.0191780822,165.6790075540,165.0000000000,0.2806382707
daily,XOM,2026-09-11,1530,2026-09-18,0.0191780822,165.6790075540,167.5000000000,0.2839882731
daily,XOM,2026-09-11,1530,2026-09-18,0.0191780822,165.6790075540,170.0000000000,0.2809395323
daily,XOM,2026-09-11,1530,2026-09-18,0.0191780822,165.6790075540,172.5000000000,0.2836741021
daily,XOM,2026-09-11,1530,2026-09-18,0.0191780822,165.6790075540,175.0000000000,0.2908778526
daily,XOM,2026-09-11,1530,2026-09-18,0.0191780822,165.6790075540,177.5000000000,0.3025621966
daily,XOM,2026-09-11,1530,2026-09-18,0.0191780822,165.6790075540,180.0000000000,0.3193043039
daily,XOM,2026-09-11,1530,2026-09-25,0.0383561644,165.7488671731,157.5000000000,0.2958387383
daily,XOM,2026-09-11,1530,2026-09-25,0.0383561644,165.7488671731,160.0000000000,0.2907479606
daily,XOM,2026-09-11,1530,2026-09-25,0.0383561644,165.7488671731,162.5000000000,0.2893442851
daily,XOM,2026-09-11,1530,2026-09-25,0.0383561644,165.7488671731,165.0000000000,0.2854905123
daily,XOM,2026-09-11,1530,2026-09-25,0.0383561644,165.7488671731,167.5000000000,0.2877035749
daily,XOM,2026-09-11,1530,2026-09-25,0.0383561644,165.7488671731,170.0000000000,0.2831153265
daily,XOM,2026-09-11,1530,2026-09-25,0.0383561644,165.7488671731,172.5000000000,0.2807867087
daily,XOM,2026-09-11,1530,2026-09-25,0.0383561644,165.7488671731,175.0000000000,0.2821029778
daily,XOM,2026-09-11,1530,2026-09-25,0.0383561644,165.7488671731,177.5000000000,0.2909460310
daily,XOM,2026-09-11,1530,2026-10-02,0.0575342466,165.9274805381,152.5000000000,0.3069905361
daily,XOM,2026-09-11,1530,2026-10-02,0.0575342466,165.9274805381,155.0000000000,0.3015088416
daily,XOM,2026-09-11,1530,2026-10-02,0.0575342466,165.9274805381,157.5000000000,0.2962714480
daily,XOM,2026-09-11,1530,2026-10-02,0.0575342466,165.9274805381,160.0000000000,0.2946604590
daily,XOM,2026-09-11,1530,2026-10-02,0.0575342466,165.9274805381,162.5000000000,0.2929370868
daily,XOM,2026-09-11,1530,2026-10-02,0.0575342466,165.9274805381,165.0000000000,0.2915772351
daily,XOM,2026-09-11,1530,2026-10-02,0.0575342466,165.9274805381,167.5000000000,0.2882654520
daily,XOM,2026-09-11,1530,2026-10-02,0.0575342466,165.9274805381,170.0000000000,0.2867789423
daily,XOM,2026-09-11,1530,2026-10-02,0.0575342466,165.9274805381,172.5000000000,0.2863905341
daily,XOM,2026-09-11,1530,2026-10-02,0.0575342466,165.9274805381,175.0000000000,0.2854130812
daily,XOM,2026-09-11,1530,2026-10-02,0.0575342466,165.9274805381,177.5000000000,0.2828663734
daily,XOM,2026-09-11,1530,2026-10-09,0.0767123288,166.1087973032,155.0000000000,0.2936072133
daily,XOM,2026-09-11,1530,2026-10-09,0.0767123288,166.1087973032,157.5000000000,0.2928747206
daily,XOM,2026-09-11,1530,2026-10-09,0.0767123288,166.1087973032,160.0000000000,0.2928489131
daily,XOM,2026-09-11,1530,2026-10-09,0.0767123288,166.1087973032,162.5000000000,0.2934404720
daily,XOM,2026-09-11,1530,2026-10-09,0.0767123288,166.1087973032,165.0000000000,0.2922099412
daily,XOM,2026-09-11,1530,2026-10-09,0.0767123288,166.1087973032,167.5000000000,0.2903137638
daily,XOM,2026-09-11,1530,2026-10-09,0.0767123288,166.1087973032,170.0000000000,0.2885887308
daily,XOM,2026-09-11,1530,2026-10-09,0.0767123288,166.1087973032,172.5000000000,0.2886456117
daily,XOM,2026-09-11,1530,2026-10-09,0.0767123288,166.1087973032,175.0000000000,0.2848773348
daily,XOM,2026-09-11,1530,2026-10-09,0.0767123288,166.1087973032,177.5000000000,0.2865968252
daily,XOM,2026-09-11,1530,2026-10-16,0.0958904110,166.1966450867,135.0000000000,0.3464041971
daily,XOM,2026-09-11,1530,2026-10-16,0.0958904110,166.1966450867,145.0000000000,0.3185523133
daily,XOM,2026-09-11,1530,2026-10-16,0.0958904110,166.1966450867,150.0000000000,0.3093946303
daily,XOM,2026-09-11,1530,2026-10-16,0.0958904110,166.1966450867,155.0000000000,0.2980682707
daily,XOM,2026-09-11,1530,2026-10-16,0.0958904110,166.1966450867,160.0000000000,0.2945942556
daily,XOM,2026-09-11,1530,2026-10-16,0.0958904110,166.1966450867,165.0000000000,0.2926572427
daily,XOM,2026-09-11,1530,2026-10-16,0.0958904110,166.1966450867,170.0000000000,0.2900443322
daily,XOM,2026-09-11,1530,2026-10-16,0.0958904110,166.1966450867,175.0000000000,0.2880645446
daily,XOM,2026-09-11,1530,2026-10-16,0.0958904110,166.1966450867,180.0000000000,0.2909580925
daily,XOM,2026-09-11,1530,2026-10-16,0.0958904110,166.1966450867,185.0000000000,0.2945650397
daily,XOM,2026-09-11,1530,2026-10-16,0.0958904110,166.1966450867,190.0000000000,0.2993006373
daily,XOM,2026-09-11,1530,2026-10-23,0.1150684932,165.9323000197,134.7852749433,0.3162223212
daily,XOM,2026-09-11,1530,2026-10-23,0.1150684932,165.9323000197,144.7693693836,0.2907971462
daily,XOM,2026-09-11,1530,2026-10-23,0.1150684932,165.9323000197,160.0000000000,0.2901162071
daily,XOM,2026-09-11,1530,2026-10-23,0.1150684932,165.9323000197,165.0000000000,0.2896292766
daily,XOM,2026-09-11,1530,2026-10-23,0.1150684932,165.9323000197,170.0000000000,0.2882019660
daily,XOM,2026-09-11,1530,2026-10-23,0.1150684932,165.9323000197,172.5000000000,0.2891382390
daily,XOM,2026-09-11,1530,2026-10-23,0.1150684932,165.9323000197,175.0000000000,0.2834521101
daily,XOM,2026-09-11,1530,2026-11-20,0.1917808219,166.0151915974,135.0000000000,0.3410611863
daily,XOM,2026-09-11,1530,2026-11-20,0.1917808219,166.0151915974,140.0000000000,0.3332207298
daily,XOM,2026-09-11,1530,2026-11-20,0.1917808219,166.0151915974,145.0000000000,0.3299673517
daily,XOM,2026-09-11,1530,2026-11-20,0.1917808219,166.0151915974,150.0000000000,0.3201576445
daily,XOM,2026-09-11,1530,2026-11-20,0.1917808219,166.0151915974,155.0000000000,0.3164123838
daily,XOM,2026-09-11,1530,2026-11-20,0.1917808219,166.0151915974,160.0000000000,0.3120960850
daily,XOM,2026-09-11,1530,2026-11-20,0.1917808219,166.0151915974,165.0000000000,0.3096791239
daily,XOM,2026-09-11,1530,2026-11-20,0.1917808219,166.0151915974,170.0000000000,0.3062313474
daily,XOM,2026-09-11,1530,2026-11-20,0.1917808219,166.0151915974,175.0000000000,0.3012490750
daily,XOM,2026-09-11,1530,2026-11-20,0.1917808219,166.0151915974,180.0000000000,0.2989240162
daily,XOM,2026-09-11,1530,2026-11-20,0.1917808219,166.0151915974,185.0000000000,0.3021285479
daily,XOM,2026-09-11,1530,2026-11-20,0.1917808219,166.0151915974,190.0000000000,0.3019794448
daily,XOM,2026-09-11,1530,2026-11-20,0.1917808219,166.0151915974,195.0000000000,0.3054690391
daily,XOM,2026-09-11,1530,2026-11-20,0.1917808219,166.0151915974,200.0000000000,0.3102927573
daily,XOM,2026-09-11,1530,2026-12-18,0.2684931507,166.2901626884,125.0000000000,0.3500110464
daily,XOM,2026-09-11,1530,2026-12-18,0.2684931507,166.2901626884,130.0000000000,0.3424090711
daily,XOM,2026-09-11,1530,2026-12-18,0.2684931507,166.2901626884,135.0000000000,0.3327922224
daily,XOM,2026-09-11,1530,2026-12-18,0.2684931507,166.2901626884,140.0000000000,0.3242784374
daily,XOM,2026-09-11,1530,2026-12-18,0.2684931507,166.2901626884,145.0000000000,0.3164293201
daily,XOM,2026-09-11,1530,2026-12-18,0.2684931507,166.2901626884,150.0000000000,0.3123474375
daily,XOM,2026-09-11,1530,2026-12-18,0.2684931507,166.2901626884,155.0000000000,0.3089209443
daily,XOM,2026-09-11,1530,2026-12-18,0.2684931507,166.2901626884,160.0000000000,0.3054470079
daily,XOM,2026-09-11,1530,2026-12-18,0.2684931507,166.2901626884,165.0000000000,0.3024123679
daily,XOM,2026-09-11,1530,2026-12-18,0.2684931507,166.2901626884,170.0000000000,0.2990425392
daily,XOM,2026-09-11,1530,2026-12-18,0.2684931507,166.2901626884,175.0000000000,0.2974744982
daily,XOM,2026-09-11,1530,2026-12-18,0.2684931507,166.2901626884,180.0000000000,0.2956683736
daily,XOM,2026-09-11,1530,2026-12-18,0.2684931507,166.2901626884,185.0000000000,0.2965327235
daily,XOM,2026-09-11,1530,2026-12-18,0.2684931507,166.2901626884,190.0000000000,0.2963708864
daily,XOM,2026-09-11,1530,2026-12-18,0.2684931507,166.2901626884,195.0000000000,0.2978228803
daily,XOM,2026-09-11,1530,2026-12-18,0.2684931507,166.2901626884,200.0000000000,0.2960898303
daily,XOM,2026-09-11,1530,2027-01-15,0.3452054795,166.8455745882,125.0000000000,0.3429371419
daily,XOM,2026-09-11,1530,2027-01-15,0.3452054795,166.8455745882,130.0000000000,0.3371088130
daily,XOM,2026-09-11,1530,2027-01-15,0.3452054795,166.8455745882,135.0000000000,0.3259374489
daily,XOM,2026-09-11,1530,2027-01-15,0.3452054795,166.8455745882,140.0000000000,0.3166077623
daily,XOM,2026-09-11,1530,2027-01-15,0.3452054795,166.8455745882,145.0000000000,0.3124672690
daily,XOM,2026-09-11,1530,2027-01-15,0.3452054795,166.8455745882,150.0000000000,0.3075882739
daily,XOM,2026-09-11,1530,2027-01-15,0.3452054795,166.8455745882,155.0000000000,0.3041671491
daily,XOM,2026-09-11,1530,2027-01-15,0.3452054795,166.8455745882,160.0000000000,0.3018663484
daily,XOM,2026-09-11,1530,2027-01-15,0.3452054795,166.8455745882,165.0000000000,0.2995543985
daily,XOM,2026-09-11,1530,2027-01-15,0.3452054795,166.8455745882,170.0000000000,0.2971028053
daily,XOM,2026-09-11,1530,2027-01-15,0.3452054795,166.8455745882,175.0000000000,0.2940332283
daily,XOM,2026-09-11,1530,2027-01-15,0.3452054795,166.8455745882,180.0000000000,0.2947333165
daily,XOM,2026-09-11,1530,2027-01-15,0.3452054795,166.8455745882,185.0000000000,0.2946179789
daily,XOM,2026-09-11,1530,2027-01-15,0.3452054795,166.8455745882,190.0000000000,0.2922755545
daily,XOM,2026-09-11,1530,2027-01-15,0.3452054795,166.8455745882,195.0000000000,0.2910878098
daily,XOM,2026-09-11,1530,2027-01-15,0.3452054795,166.8455745882,200.0000000000,0.2949334977
daily,XOM,2026-09-11,1530,2027-03-19,0.5178082192,167.1336994953,120.0000000000,0.3448470353
daily,XOM,2026-09-11,1530,2027-03-19,0.5178082192,167.1336994953,125.0000000000,0.3390065429
daily,XOM,2026-09-11,1530,2027-03-19,0.5178082192,167.1336994953,130.0000000000,0.3274771892
daily,XOM,2026-09-11,1530,2027-03-19,0.5178082192,167.1336994953,135.0000000000,0.3218931293
daily,XOM,2026-09-11,1530,2027-03-19,0.5178082192,167.1336994953,140.0000000000,0.3192479437
daily,XOM,2026-09-11,1530,2027-03-19,0.5178082192,167.1336994953,145.0000000000,0.3118195029
daily,XOM,2026-09-11,1530,2027-03-19,0.5178082192,167.1336994953,150.0000000000,0.3092026676
daily,XOM,2026-09-11,1530,2027-03-19,0.5178082192,167.1336994953,155.0000000000,0.3046467645
daily,XOM,2026-09-11,1530,2027-03-19,0.5178082192,167.1336994953,160.0000000000,0.3020954145
daily,XOM,2026-09-11,1530,2027-03-19,0.5178082192,167.1336994953,165.0000000000,0.2989974041
daily,XOM,2026-09-11,1530,2027-03-19,0.5178082192,167.1336994953,170.0000000000,0.2937370247
daily,XOM,2026-09-11,1530,2027-03-19,0.5178082192,167.1336994953,175.0000000000,0.2938952294
daily,XOM,2026-09-11,1530,2027-03-19,0.5178082192,167.1336994953,180.0000000000,0.2940999642
daily,XOM,2026-09-11,1530,2027-03-19,0.5178082192,167.1336994953,185.0000000000,0.2948322873
daily,XOM,2026-09-11,1530,2027-03-19,0.5178082192,167.1336994953,190.0000000000,0.2952816827
daily,XOM,2026-09-11,1530,2027-03-19,0.5178082192,167.1336994953,195.0000000000,0.2960407260
daily,XOM,2026-09-11,1530,2027-03-19,0.5178082192,167.1336994953,200.0000000000,0.2950494782
daily,XOM,2026-09-11,1530,2027-03-19,0.5178082192,167.1336994953,210.0000000000,0.3014043865
daily,XOM,2026-09-11,1530,2027-03-19,0.5178082192,167.1336994953,230.0000000000,0.3095507783
daily,XOM,2026-09-11,1530,2027-04-16,0.5945205479,167.4437228511,120.0000000000,0.3413291150
daily,XOM,2026-09-11,1530,2027-04-16,0.5945205479,167.4437228511,125.0000000000,0.3300664478
daily,XOM,2026-09-11,1530,2027-04-16,0.5945205479,167.4437228511,130.0000000000,0.3241347366
daily,XOM,2026-09-11,1530,2027-04-16,0.5945205479,167.4437228511,135.0000000000,0.3186042061
daily,XOM,2026-09-11,1530,2027-04-16,0.5945205479,167.4437228511,140.0000000000,0.3149387961
daily,XOM,2026-09-11,1530,2027-04-16,0.5945205479,167.4437228511,145.0000000000,0.3065287656
daily,XOM,2026-09-11,1530,2027-04-16,0.5945205479,167.4437228511,150.0000000000,0.3030659969
daily,XOM,2026-09-11,1530,2027-04-16,0.5945205479,167.4437228511,155.0000000000,0.3003291353
daily,XOM,2026-09-11,1530,2027-04-16,0.5945205479,167.4437228511,160.0000000000,0.2985192736
daily,XOM,2026-09-11,1530,2027-04-16,0.5945205479,167.4437228511,165.0000000000,0.2969588530
daily,XOM,2026-09-11,1530,2027-04-16,0.5945205479,167.4437228511,170.0000000000,0.2933219649
daily,XOM,2026-09-11,1530,2027-04-16,0.5945205479,167.4437228511,175.0000000000,0.2945831946
daily,XOM,2026-09-11,1530,2027-04-16,0.5945205479,167.4437228511,180.0000000000,0.2911272729
daily,XOM,2026-09-11,1530,2027-04-16,0.5945205479,167.4437228511,185.0000000000,0.2914130287
daily,XOM,2026-09-11,1530,2027-04-16,0.5945205479,167.4437228511,190.0000000000,0.2922415700
daily,XOM,2026-09-11,1530,2027-04-16,0.5945205479,167.4437228511,195.0000000000,0.2905089291
daily,XOM,2026-09-11,1530,2027-04-16,0.5945205479,167.4437228511,200.0000000000,0.2908967180
daily,XOM,2026-09-11,1530,2027-04-16,0.5945205479,167.4437228511,210.0000000000,0.2954952781
daily,XOM,2026-09-11,1530,2027-04-16,0.5945205479,167.4437228511,250.0000000000,0.3140473846
daily,XOM,2026-09-11,1530,2027-06-17,0.7643835616,167.7720448423,115.0000000000,0.3412056333
daily,XOM,2026-09-11,1530,2027-06-17,0.7643835616,167.7720448423,120.0000000000,0.3335439403
daily,XOM,2026-09-11,1530,2027-06-17,0.7643835616,167.7720448423,125.0000000000,0.3254574128
daily,XOM,2026-09-11,1530,2027-06-17,0.7643835616,167.7720448423,130.0000000000,0.3182897834
daily,XOM,2026-09-11,1530,2027-06-17,0.7643835616,167.7720448423,135.0000000000,0.3150419080
daily,XOM,2026-09-11,1530,2027-06-17,0.7643835616,167.7720448423,140.0000000000,0.3075794669
daily,XOM,2026-09-11,1530,2027-06-17,0.7643835616,167.7720448423,145.0000000000,0.3040499325
daily,XOM,2026-09-11,1530,2027-06-17,0.7643835616,167.7720448423,150.0000000000,0.3031073795
daily,XOM,2026-09-11,1530,2027-06-17,0.7643835616,167.7720448423,155.0000000000,0.3000656737
daily,XOM,2026-09-11,1530,2027-06-17,0.7643835616,167.7720448423,160.0000000000,0.2957275330
daily,XOM,2026-09-11,1530,2027-06-17,0.7643835616,167.7720448423,165.0000000000,0.2924194696
daily,XOM,2026-09-11,1530,2027-06-17,0.7643835616,167.7720448423,170.0000000000,0.2934348417
daily,XOM,2026-09-11,1530,2027-06-17,0.7643835616,167.7720448423,175.0000000000,0.2930465490
daily,XOM,2026-09-11,1530,2027-06-17,0.7643835616,167.7720448423,180.0000000000,0.2931907728
daily,XOM,2026-09-11,1530,2027-06-17,0.7643835616,167.7720448423,185.0000000000,0.2924094436
daily,XOM,2026-09-11,1530,2027-06-17,0.7643835616,167.7720448423,190.0000000000,0.2930930274
daily,XOM,2026-09-11,1530,2027-06-17,0.7643835616,167.7720448423,195.0000000000,0.2906032659
daily,XOM,2026-09-11,1530,2027-06-17,0.7643835616,167.7720448423,200.0000000000,0.2919336949
daily,XOM,2026-09-11,1530,2027-06-17,0.7643835616,167.7720448423,210.0000000000,0.2892564203
daily,XOM,2026-09-11,1530,2027-06-17,0.7643835616,167.7720448423,220.0000000000,0.2981509371
daily,XOM,2026-09-11,1530,2027-06-17,0.7643835616,167.7720448423,240.0000000000,0.3036192399
daily,XOM,2026-09-11,1530,2027-09-17,1.0164383562,169.0240372744,115.0000000000,0.3308477076
daily,XOM,2026-09-11,1530,2027-09-17,1.0164383562,169.0240372744,120.0000000000,0.3214638771
daily,XOM,2026-09-11,1530,2027-09-17,1.0164383562,169.0240372744,125.0000000000,0.3156525517
daily,XOM,2026-09-11,1530,2027-09-17,1.0164383562,169.0240372744,130.0000000000,0.3119362748
daily,XOM,2026-09-11,1530,2027-09-17,1.0164383562,169.0240372744,135.0000000000,0.3069687623
daily,XOM,2026-09-11,1530,2027-09-17,1.0164383562,169.0240372744,140.0000000000,0.3033615251
daily,XOM,2026-09-11,1530,2027-09-17,1.0164383562,169.0240372744,145.0000000000,0.3026155076
daily,XOM,2026-09-11,1530,2027-09-17,1.0164383562,169.0240372744,150.0000000000,0.2983555211
daily,XOM,2026-09-11,1530,2027-09-17,1.0164383562,169.0240372744,155.0000000000,0.2954663962
daily,XOM,2026-09-11,1530,2027-09-17,1.0164383562,169.0240372744,160.0000000000,0.2923929526
daily,XOM,2026-09-11,1530,2027-09-17,1.0164383562,169.0240372744,165.0000000000,0.2876451004
daily,XOM,2026-09-11,1530,2027-09-17,1.0164383562,169.0240372744,170.0000000000,0.2879115724
daily,XOM,2026-09-11,1530,2027-09-17,1.0164383562,169.0240372744,175.0000000000,0.2881217358
daily,XOM,2026-09-11,1530,2027-09-17,1.0164383562,169.0240372744,180.0000000000,0.2855380412
daily,XOM,2026-09-11,1530,2027-09-17,1.0164383562,169.0240372744,185.0000000000,0.2879688682
daily,XOM,2026-09-11,1530,2027-09-17,1.0164383562,169.0240372744,190.0000000000,0.2879309185
daily,XOM,2026-09-11,1530,2027-09-17,1.0164383562,169.0240372744,195.0000000000,0.2863996910
daily,XOM,2026-09-11,1530,2027-09-17,1.0164383562,169.0240372744,200.0000000000,0.2872950514
daily,XOM,2026-09-11,1530,2027-09-17,1.0164383562,169.0240372744,210.0000000000,0.2871929287
daily,XOM,2026-09-11,1530,2027-09-17,1.0164383562,169.0240372744,220.0000000000,0.2877695750
daily,XOM,2026-09-11,1530,2027-09-17,1.0164383562,169.0240372744,240.0000000000,0.2932698689
daily,XOM,2026-09-11,1530,2027-12-17,1.2657534247,169.6580314042,110.0000000000,0.3248376109
daily,XOM,2026-09-11,1530,2027-12-17,1.2657534247,169.6580314042,115.0000000000,0.3223876674
daily,XOM,2026-09-11,1530,2027-12-17,1.2657534247,169.6580314042,120.0000000000,0.3186296360
daily,XOM,2026-09-11,1530,2027-12-17,1.2657534247,169.6580314042,125.0000000000,0.3127254090
daily,XOM,2026-09-11,1530,2027-12-17,1.2657534247,169.6580314042,130.0000000000,0.3077106980
daily,XOM,2026-09-11,1530,2027-12-17,1.2657534247,169.6580314042,135.0000000000,0.3043530075
daily,XOM,2026-09-11,1530,2027-12-17,1.2657534247,169.6580314042,140.0000000000,0.3017433287
daily,XOM,2026-09-11,1530,2027-12-17,1.2657534247,169.6580314042,145.0000000000,0.2982495856
daily,XOM,2026-09-11,1530,2027-12-17,1.2657534247,169.6580314042,150.0000000000,0.2952328330
daily,XOM,2026-09-11,1530,2027-12-17,1.2657534247,169.6580314042,155.0000000000,0.2930770878
daily,XOM,2026-09-11,1530,2027-12-17,1.2657534247,169.6580314042,160.0000000000,0.2909144699
daily,XOM,2026-09-11,1530,2027-12-17,1.2657534247,169.6580314042,165.0000000000,0.2911641733
daily,XOM,2026-09-11,1530,2027-12-17,1.2657534247,169.6580314042,170.0000000000,0.2910406202
daily,XOM,2026-09-11,1530,2027-12-17,1.2657534247,169.6580314042,175.0000000000,0.2885968629
daily,XOM,2026-09-11,1530,2027-12-17,1.2657534247,169.6580314042,180.0000000000,0.2893783188
daily,XOM,2026-09-11,1530,2027-12-17,1.2657534247,169.6580314042,185.0000000000,0.2883344686
daily,XOM,2026-09-11,1530,2027-12-17,1.2657534247,169.6580314042,190.0000000000,0.2888272524
daily,XOM,2026-09-11,1530,2027-12-17,1.2657534247,169.6580314042,195.0000000000,0.2895715353
daily,XOM,2026-09-11,1530,2027-12-17,1.2657534247,169.6580314042,200.0000000000,0.2907693416
daily,XOM,2026-09-11,1530,2027-12-17,1.2657534247,169.6580314042,210.0000000000,0.2888703597
daily,XOM,2026-09-11,1530,2027-12-17,1.2657534247,169.6580314042,220.0000000000,0.2875569921
daily,XOM,2026-09-11,1530,2027-12-17,1.2657534247,169.6580314042,230.0000000000,0.2889747941
daily,XOM,2026-09-11,1530,2027-12-17,1.2657534247,169.6580314042,240.0000000000,0.2886243562
daily,XOM,2026-09-11,1530,2028-01-21,1.3616438356,170.5186979315,105.0000000000,0.3324433580
daily,XOM,2026-09-11,1530,2028-01-21,1.3616438356,170.5186979315,110.0000000000,0.3277911312
daily,XOM,2026-09-11,1530,2028-01-21,1.3616438356,170.5186979315,115.0000000000,0.3206768886
daily,XOM,2026-09-11,1530,2028-01-21,1.3616438356,170.5186979315,120.0000000000,0.3154408043
daily,XOM,2026-09-11,1530,2028-01-21,1.3616438356,170.5186979315,125.0000000000,0.3129572973
daily,XOM,2026-09-11,1530,2028-01-21,1.3616438356,170.5186979315,130.0000000000,0.3075700916
daily,XOM,2026-09-11,1530,2028-01-21,1.3616438356,170.5186979315,135.0000000000,0.3026475817
daily,XOM,2026-09-11,1530,2028-01-21,1.3616438356,170.5186979315,140.0000000000,0.3009828718
daily,XOM,2026-09-11,1530,2028-01-21,1.3616438356,170.5186979315,145.0000000000,0.2985326950
daily,XOM,2026-09-11,1530,2028-01-21,1.3616438356,170.5186979315,150.0000000000,0.2952474957
daily,XOM,2026-09-11,1530,2028-01-21,1.3616438356,170.5186979315,155.0000000000,0.2937064206
daily,XOM,2026-09-11,1530,2028-01-21,1.3616438356,170.5186979315,160.0000000000,0.2917190429
daily,XOM,2026-09-11,1530,2028-01-21,1.3616438356,170.5186979315,165.0000000000,0.2899079429
daily,XOM,2026-09-11,1530,2028-01-21,1.3616438356,170.5186979315,170.0000000000,0.2897184515
daily,XOM,2026-09-11,1530,2028-01-21,1.3616438356,170.5186979315,175.0000000000,0.2873682493
daily,XOM,2026-09-11,1530,2028-01-21,1.3616438356,170.5186979315,180.0000000000,0.2871143157
daily,XOM,2026-09-11,1530,2028-01-21,1.3616438356,170.5186979315,185.0000000000,0.2883080008
daily,XOM,2026-09-11,1530,2028-01-21,1.3616438356,170.5186979315,190.0000000000,0.2876383634
daily,XOM,2026-09-11,1530,2028-01-21,1.3616438356,170.5186979315,195.0000000000,0.2851562073
daily,XOM,2026-09-11,1530,2028-01-21,1.3616438356,170.5186979315,200.0000000000,0.2817704401
daily,XOM,2026-09-11,1530,2028-01-21,1.3616438356,170.5186979315,210.0000000000,0.2853357719
daily,XOM,2026-09-11,1530,2028-01-21,1.3616438356,170.5186979315,220.0000000000,0.2830968863
daily,XOM,2026-09-11,1530,2028-01-21,1.3616438356,170.5186979315,230.0000000000,0.2864082512
daily,XOM,2026-09-11,1530,2028-01-21,1.3616438356,170.5186979315,240.0000000000,0.2895039006
