slice,ticker,date,time,model,status,status_detail,grid_k_lo,grid_k_hi,grid_k_points,grid_t_lo,grid_t_hi,grid_t_points,n_grid_points,butterfly_violations,butterfly_violation_rate,min_g,calendar_pairs,calendar_crossings,calendar_crossing_rate,max_calendar_crossing,fit_max_calendar_crossing,self_validates,grid_inside_quoted_fraction,butterfly_violations_inside,min_g_inside,calendar_crossings_inside,max_calendar_crossing_inside
daily,AMD,2026-08-14,1530,svi,ok,,-0.4000000000,0.4000000000,81,0.0082191781,1.4383561644,41,3321,0,0.0000000000,0.1666780440,3240,0,0.0000000000,0.0000000000,0.0008848324,true,0.9728997290,0,0.2376229783,0,0.0000000000
daily,AMD,2026-08-14,1530,ssvi,ok,,-0.4000000000,0.4000000000,81,0.0082191781,1.4383561644,41,3321,0,0.0000000000,0.3354458750,3240,0,0.0000000000,0.0000000000,0.0000000000,true,0.9728997290,0,0.5626576533,0,0.0000000000
daily,AMD,2026-08-14,1530,essvi,ok,,-0.4000000000,0.4000000000,81,0.0082191781,1.4383561644,41,3321,0,0.0000000000,0.3047420182,3240,0,0.0000000000,0.0000000000,0.0000000000,true,0.9728997290,0,0.4555296129,0,0.0000000000
daily,AMD,2026-08-14,1530,essvi_g05,ok,,-0.4000000000,0.4000000000,81,0.0082191781,1.4383561644,41,3321,0,0.0000000000,0.3080388074,3240,0,0.0000000000,0.0000000000,0.0000000000,true,0.9728997290,0,0.4665139963,0,0.0000000000
daily,AMD,2026-08-14,1530,essvi_gfree,ok,,-0.4000000000,0.4000000000,81,0.0082191781,1.4383561644,41,3321,0,0.0000000000,0.2860581010,3240,0,0.0000000000,0.0000000000,0.0000000000,true,0.9728997290,0,0.3905072212,0,0.0000000000
daily,AMD,2026-08-14,1530,essvi_sg05,ok,,-0.4000000000,0.4000000000,81,0.0082191781,1.4383561644,41,3321,0,0.0000000000,0.3434268616,3240,0,0.0000000000,0.0000000000,0.0000000000,true,0.9728997290,0,0.5722172546,0,0.0000000000
daily,AMD,2026-08-17,1530,svi,ok,,-0.4000000000,0.4000000000,81,0.0054794521,1.4301369863,41,3321,0,0.0000000000,0.0623251952,3240,0,0.0000000000,0.0000000000,0.0019260971,true,0.9653718759,0,0.3405018024,0,0.0000000000
daily,AMD,2026-08-17,1530,ssvi,ok,,-0.4000000000,0.4000000000,81,0.0054794521,1.4301369863,41,3321,0,0.0000000000,0.3505480583,3240,0,0.0000000000,0.0000000000,0.0000000000,true,0.9653718759,0,0.6214999790,0,0.0000000000
daily,AMD,2026-08-17,1530,essvi,ok,,-0.4000000000,0.4000000000,81,0.0054794521,1.4301369863,41,3321,0,0.0000000000,0.3350832899,3240,5,0.0015432099,0.0011928131,0.0000387711,false,0.9653718759,0,0.4457270406,0,0.0000000000
daily,AMD,2026-08-17,1530,essvi_g05,ok,,-0.4000000000,0.4000000000,81,0.0054794521,1.4301369863,41,3321,0,0.0000000000,0.3220462011,3240,0,0.0000000000,0.0000000000,0.0000000000,true,0.9653718759,0,0.5295653026,0,0.0000000000
daily,AMD,2026-08-17,1530,essvi_gfree,ok,,-0.4000000000,0.4000000000,81,0.0054794521,1.4301369863,41,3321,0,0.0000000000,0.3000269483,3240,0,0.0000000000,0.0000000000,0.0000000000,true,0.9653718759,0,0.4730616069,0,0.0000000000
daily,AMD,2026-08-17,1530,essvi_sg05,ok,,-0.4000000000,0.4000000000,81,0.0054794521,1.4301369863,41,3321,0,0.0000000000,0.3532540107,3240,0,0.0000000000,0.0000000000,0.0000000000,true,0.9653718759,0,0.5813447493,0,0.0000000000
daily,AMD,2026-08-18,1530,svi,ok,,-0.4000000000,0.4000000000,81,0.0027397260,1.4273972603,41,3321,0,0.0000000000,0.1699377561,3240,0,0.0000000000,0.0000000000,0.0002617339,true,0.9650707618,0,0.2458194014,0,0.0000000000
daily,AMD,2026-08-18,1530,ssvi,ok,,-0.4000000000,0.4000000000,81,0.0027397260,1.4273972603,41,3321,0,0.0000000000,0.3291004349,3240,0,0.0000000000,0.0000000000,0.0000000000,true,0.9650707618,0,0.6228855441,0,0.0000000000
daily,AMD,2026-08-18,1530,essvi,ok,,-0.4000000000,0.4000000000,81,0.0027397260,1.4273972603,41,3321,0,0.0000000000,0.3179774875,3240,0,0.0000000000,0.0000000000,0.0000029547,false,0.9650707618,0,0.5155382527,0,0.0000000000
daily,AMD,2026-08-18,1530,essvi_g05,ok,,-0.4000000000,0.4000000000,81,0.0027397260,1.4273972603,41,3321,0,0.0000000000,0.3059567875,3240,0,0.0000000000,0.0000000000,0.0000000000,true,0.9650707618,0,0.5250060232,0,0.0000000000
daily,AMD,2026-08-18,1530,essvi_gfree,ok,,-0.4000000000,0.4000000000,81,0.0027397260,1.4273972603,41,3321,0,0.0000000000,0.2957435537,3240,0,0.0000000000,0.0000000000,0.0000000000,true,0.9650707618,0,0.5231008050,0,0.0000000000
daily,AMD,2026-08-18,1530,essvi_sg05,ok,,-0.4000000000,0.4000000000,81,0.0027397260,1.4273972603,41,3321,0,0.0000000000,0.3355079214,3240,0,0.0000000000,0.0000000000,0.0000000000,true,0.9650707618,0,0.5890820510,0,0.0000000000
daily,AMD,2026-08-19,1530,svi,ok,,-0.4000000000,0.4000000000,81,0.0054794521,1.4246575342,41,3321,0,0.0000000000,0.1950764988,3240,0,0.0000000000,0.0000000000,0.0001674314,true,0.9762119843,0,0.3056542434,0,0.0000000000
daily,AMD,2026-08-19,1530,ssvi,ok,,-0.4000000000,0.4000000000,81,0.0054794521,1.4246575342,41,3321,0,0.0000000000,0.3585605734,3240,0,0.0000000000,0.0000000000,0.0000000000,true,0.9762119843,0,0.5697276609,0,0.0000000000
daily,AMD,2026-08-19,1530,essvi,ok,,-0.4000000000,0.4000000000,81,0.0054794521,1.4246575342,41,3321,0,0.0000000000,0.3356353433,3240,0,0.0000000000,0.0000000000,0.0000000000,true,0.9762119843,0,0.4929445949,0,0.0000000000
daily,AMD,2026-08-19,1530,essvi_g05,ok,,-0.4000000000,0.4000000000,81,0.0054794521,1.4246575342,41,3321,0,0.0000000000,0.3361785063,3240,0,0.0000000000,0.0000000000,0.0000000000,true,0.9762119843,0,0.4941120821,0,0.0000000000
daily,AMD,2026-08-19,1530,essvi_gfree,ok,,-0.4000000000,0.4000000000,81,0.0054794521,1.4246575342,41,3321,0,0.0000000000,0.3284101650,3240,0,0.0000000000,0.0000000000,0.0000000000,true,0.9762119843,0,0.4749784871,0,0.0000000000
daily,AMD,2026-08-19,1530,essvi_sg05,ok,,-0.4000000000,0.4000000000,81,0.0054794521,1.4246575342,41,3321,0,0.0000000000,0.3641651199,3240,0,0.0000000000,0.0000000000,0.0000000000,true,0.9762119843,0,0.5566907727,0,0.0000000000
daily,AMD,2026-08-20,1530,svi,ok,,-0.4000000000,0.4000000000,81,0.0027397260,1.4219178082,41,3321,0,0.0000000000,0.1406422533,3240,0,0.0000000000,0.0000000000,0.0055033164,true,0.9467028004,0,0.2198760146,0,0.0000000000
daily,AMD,2026-08-20,1530,ssvi,ok,,-0.4000000000,0.4000000000,81,0.0027397260,1.4219178082,41,3321,0,0.0000000000,0.3288669865,3240,0,0.0000000000,0.0000000000,0.0000000000,true,0.9467028004,0,0.6336310681,0,0.0000000000
daily,AMD,2026-08-20,1530,essvi,ok,,-0.4000000000,0.4000000000,81,0.0027397260,1.4219178082,41,3321,0,0.0000000000,0.3049716695,3240,0,0.0000000000,0.0000000000,0.0000292160,false,0.9467028004,0,0.4563971240,0,0.0000000000
daily,AMD,2026-08-20,1530,essvi_g05,ok,,-0.4000000000,0.4000000000,81,0.0027397260,1.4219178082,41,3321,0,0.0000000000,0.3060381599,3240,0,0.0000000000,0.0000000000,0.0000000000,true,0.9467028004,0,0.5216705174,0,0.0000000000
daily,AMD,2026-08-20,1530,essvi_gfree,ok,,-0.4000000000,0.4000000000,81,0.0027397260,1.4219178082,41,3321,0,0.0000000000,0.2990640094,3240,0,0.0000000000,0.0000000000,0.0000000000,true,0.9467028004,0,0.4931127732,0,0.0000000000
daily,AMD,2026-08-20,1530,essvi_sg05,ok,,-0.4000000000,0.4000000000,81,0.0027397260,1.4219178082,41,3321,0,0.0000000000,0.3532965301,3240,0,0.0000000000,0.0000000000,0.0000000000,true,0.9467028004,0,0.6629587923,0,0.0000000000
daily,AMD,2026-08-21,1530,svi,ok,,-0.4000000000,0.4000000000,81,0.0082191781,1.4191780822,41,3321,0,0.0000000000,0.1627720078,3240,0,0.0000000000,0.0000000000,0.0001983414,true,0.9563384523,0,0.2821315934,0,0.0000000000
daily,AMD,2026-08-21,1530,ssvi,ok,,-0.4000000000,0.4000000000,81,0.0082191781,1.4191780822,41,3321,0,0.0000000000,0.3175746918,3240,0,0.0000000000,0.0000000000,0.0000000000,true,0.9563384523,0,0.5686939307,0,0.0000000000
daily,AMD,2026-08-21,1530,essvi,ok,,-0.4000000000,0.4000000000,81,0.0082191781,1.4191780822,41,3321,0,0.0000000000,0.3031123337,3240,0,0.0000000000,0.0000000000,0.0000000000,true,0.9563384523,0,0.5105699514,0,0.0000000000
daily,AMD,2026-08-21,1530,essvi_g05,ok,,-0.4000000000,0.4000000000,81,0.0082191781,1.4191780822,41,3321,0,0.0000000000,0.3014264763,3240,0,0.0000000000,0.0000000000,0.0000000000,true,0.9563384523,0,0.5033925221,0,0.0000000000
daily,AMD,2026-08-21,1530,essvi_gfree,ok,,-0.4000000000,0.4000000000,81,0.0082191781,1.4191780822,41,3321,0,0.0000000000,0.2949399657,3240,0,0.0000000000,0.0000000000,0.0000000000,true,0.9563384523,0,0.4751876071,0,0.0000000000
daily,AMD,2026-08-21,1530,essvi_sg05,ok,,-0.4000000000,0.4000000000,81,0.0082191781,1.4191780822,41,3321,0,0.0000000000,0.3245114287,3240,0,0.0000000000,0.0000000000,0.0000000000,true,0.9563384523,0,0.5938619940,0,0.0000000000
daily,AMD,2026-08-24,1538,svi,ok,,-0.4000000000,0.4000000000,81,0.0054794521,1.4109589041,41,3321,0,0.0000000000,0.1481105473,3240,0,0.0000000000,0.0000000000,0.0010348873,true,0.9738030714,0,0.2211680919,0,0.0000000000
daily,AMD,2026-08-24,1538,ssvi,ok,,-0.4000000000,0.4000000000,81,0.0054794521,1.4109589041,41,3321,0,0.0000000000,0.3461328516,3240,0,0.0000000000,0.0000000000,0.0000000000,true,0.9738030714,0,0.5557089874,0,0.0000000000
daily,AMD,2026-08-24,1538,essvi,ok,,-0.4000000000,0.4000000000,81,0.0054794521,1.4109589041,41,3321,0,0.0000000000,0.3193335808,3240,0,0.0000000000,0.0000000000,0.0000000000,true,0.9738030714,0,0.4561093992,0,0.0000000000
daily,AMD,2026-08-24,1538,essvi_g05,ok,,-0.4000000000,0.4000000000,81,0.0054794521,1.4109589041,41,3321,0,0.0000000000,0.3187202763,3240,0,0.0000000000,0.0000000000,0.0000000000,true,0.9738030714,0,0.4541864078,0,0.0000000000
daily,AMD,2026-08-24,1538,essvi_gfree,ok,,-0.4000000000,0.4000000000,81,0.0054794521,1.4109589041,41,3321,0,0.0000000000,0.3086750235,3240,0,0.0000000000,0.0000000000,0.0000000000,true,0.9738030714,0,0.4282370712,0,0.0000000000
daily,AMD,2026-08-24,1538,essvi_sg05,ok,,-0.4000000000,0.4000000000,81,0.0054794521,1.4109589041,41,3321,0,0.0000000000,0.3394587524,3240,0,0.0000000000,0.0000000000,0.0000000000,true,0.9738030714,0,0.5019992413,0,0.0000000000
daily,AMD,2026-08-25,1530,svi,ok,,-0.4000000000,0.4000000000,81,0.0027397260,1.4082191781,41,3321,0,0.0000000000,0.1727341355,3240,0,0.0000000000,0.0000000000,0.0001587129,true,0.9662752183,0,0.2241988350,0,0.0000000000
daily,AMD,2026-08-25,1530,ssvi,ok,,-0.4000000000,0.4000000000,81,0.0027397260,1.4082191781,41,3321,0,0.0000000000,0.3255420584,3240,0,0.0000000000,0.0000000000,0.0000000000,true,0.9662752183,0,0.6266176369,0,0.0000000000
daily,AMD,2026-08-25,1530,essvi,ok,,-0.4000000000,0.4000000000,81,0.0027397260,1.4082191781,41,3321,0,0.0000000000,0.3185437810,3240,0,0.0000000000,0.0000000000,0.0000003664,true,0.9662752183,0,0.5455051489,0,0.0000000000
daily,AMD,2026-08-25,1530,essvi_g05,ok,,-0.4000000000,0.4000000000,81,0.0027397260,1.4082191781,41,3321,0,0.0000000000,0.3048222978,3240,0,0.0000000000,0.0000000000,0.0000000000,true,0.9662752183,0,0.5179836340,0,0.0000000000
daily,AMD,2026-08-25,1530,essvi_gfree,ok,,-0.4000000000,0.4000000000,81,0.0027397260,1.4082191781,41,3321,0,0.0000000000,0.3026289898,3240,0,0.0000000000,0.0000000000,0.0000000000,true,0.9662752183,0,0.5091137499,0,0.0000000000
daily,AMD,2026-08-25,1530,essvi_sg05,ok,,-0.4000000000,0.4000000000,81,0.0027397260,1.4082191781,41,3321,0,0.0000000000,0.3365649022,3240,0,0.0000000000,0.0000000000,0.0000000000,true,0.9662752183,0,0.6243926236,0,0.0000000000
daily,AMD,2026-08-26,1530,svi,ok,,-0.4000000000,0.4000000000,81,0.0054794521,1.4054794521,41,3321,0,0.0000000000,0.1008703437,3240,0,0.0000000000,0.0000000000,0.0001187432,true,0.9741041855,0,0.2069582583,0,0.0000000000
daily,AMD,2026-08-26,1530,ssvi,ok,,-0.4000000000,0.4000000000,81,0.0054794521,1.4054794521,41,3321,0,0.0000000000,0.3793080192,3240,0,0.0000000000,0.0000000000,0.0000000000,true,0.9741041855,0,0.5677580269,0,0.0000000000
daily,AMD,2026-08-26,1530,essvi,ok,,-0.4000000000,0.4000000000,81,0.0054794521,1.4054794521,41,3321,0,0.0000000000,0.3541849073,3240,0,0.0000000000,0.0000000000,0.0000000000,true,0.9741041855,0,0.4878833280,0,0.0000000000
daily,AMD,2026-08-26,1530,essvi_g05,ok,,-0.4000000000,0.4000000000,81,0.0054794521,1.4054794521,41,3321,0,0.0000000000,0.3502850783,3240,0,0.0000000000,0.0000000000,0.0000000000,true,0.9741041855,0,0.4800809374,0,0.0000000000
daily,AMD,2026-08-26,1530,essvi_gfree,ok,,-0.4000000000,0.4000000000,81,0.0054794521,1.4054794521,41,3321,0,0.0000000000,0.3444393138,3240,0,0.0000000000,0.0000000000,0.0000000000,true,0.9741041855,0,0.4683911349,0,0.0000000000
daily,AMD,2026-08-26,1530,essvi_sg05,ok,,-0.4000000000,0.4000000000,81,0.0054794521,1.4054794521,41,3321,0,0.0000000000,0.3865045081,3240,0,0.0000000000,0.0000000000,0.0000000000,true,0.9741041855,0,0.5460801183,0,0.0000000000
daily,AMD,2026-08-27,1530,svi,ok,,-0.4000000000,0.4000000000,81,0.0027397260,1.4027397260,41,3321,0,0.0000000000,0.0539198543,3240,0,0.0000000000,0.0000000000,0.0004318375,true,0.9638663053,0,0.1515020454,0,0.0000000000
daily,AMD,2026-08-27,1530,ssvi,ok,,-0.4000000000,0.4000000000,81,0.0027397260,1.4027397260,41,3321,0,0.0000000000,0.3286090657,3240,0,0.0000000000,0.0000000000,0.0000000000,true,0.9638663053,0,0.5485156282,0,0.0000000000
daily,AMD,2026-08-27,1530,essvi,ok,,-0.4000000000,0.4000000000,81,0.0027397260,1.4027397260,41,3321,0,0.0000000000,0.3157290991,3240,0,0.0000000000,0.0000000000,0.0000000000,true,0.9638663053,0,0.4864716595,0,0.0000000000
daily,AMD,2026-08-27,1530,essvi_g05,ok,,-0.4000000000,0.4000000000,81,0.0027397260,1.4027397260,41,3321,0,0.0000000000,0.3053243136,3240,0,0.0000000000,0.0000000000,0.0000000000,true,0.9638663053,0,0.4529855403,0,0.0000000000
daily,AMD,2026-08-27,1530,essvi_gfree,ok,,-0.4000000000,0.4000000000,81,0.0027397260,1.4027397260,41,3321,0,0.0000000000,0.2970267693,3240,0,0.0000000000,0.0000000000,0.0000000000,true,0.9638663053,0,0.4252280260,0,0.0000000000
daily,AMD,2026-08-27,1530,essvi_sg05,ok,,-0.4000000000,0.4000000000,81,0.0027397260,1.4027397260,41,3321,0,0.0000000000,0.3362557575,3240,0,0.0000000000,0.0000000000,0.0000000000,true,0.9638663053,0,0.5442837542,0,0.0000000000
daily,AMD,2026-08-31,1530,svi,ok,,-0.4000000000,0.4000000000,81,0.0054794521,1.3917808219,41,3321,0,0.0000000000,0.1017911979,3240,0,0.0000000000,0.0000000000,0.0002684483,true,0.9632640771,0,0.1323976887,0,0.0000000000
daily,AMD,2026-08-31,1530,ssvi,ok,,-0.4000000000,0.4000000000,81,0.0054794521,1.3917808219,41,3321,0,0.0000000000,0.3408369553,3240,0,0.0000000000,0.0000000000,0.0000000000,true,0.9632640771,0,0.5222981782,0,0.0000000000
daily,AMD,2026-08-31,1530,essvi,ok,,-0.4000000000,0.4000000000,81,0.0054794521,1.3917808219,41,3321,0,0.0000000000,0.3111404521,3240,0,0.0000000000,0.0000000000,0.0000000000,true,0.9632640771,0,0.4248291797,0,0.0000000000
daily,AMD,2026-08-31,1530,essvi_g05,ok,,-0.4000000000,0.4000000000,81,0.0054794521,1.3917808219,41,3321,0,0.0000000000,0.3129540693,3240,0,0.0000000000,0.0000000000,0.0000000000,true,0.9632640771,0,0.4286364263,0,0.0000000000
daily,AMD,2026-08-31,1530,essvi_gfree,ok,,-0.4000000000,0.4000000000,81,0.0054794521,1.3917808219,41,3321,0,0.0000000000,0.3059045639,3240,0,0.0000000000,0.0000000000,0.0000000000,true,0.9632640771,0,0.4106842728,0,0.0000000000
daily,AMD,2026-08-31,1530,essvi_sg05,ok,,-0.4000000000,0.4000000000,81,0.0054794521,1.3917808219,41,3321,0,0.0000000000,0.3517303551,3240,0,0.0000000000,0.0000000000,0.0000000000,true,0.9632640771,0,0.5130069906,0,0.0000000000
daily,AMD,2026-09-01,1530,svi,ok,,-0.4000000000,0.4000000000,81,0.0027397260,1.3890410959,41,3321,33,0.0099367660,-762.0617703901,3240,33,0.0101851852,10.1152329051,21.3547534243,true,0.9533273111,3,-762.0617703901,4,0.9550719161
daily,AMD,2026-09-01,1530,ssvi,ok,,-0.4000000000,0.4000000000,81,0.0027397260,1.3890410959,41,3321,0,0.0000000000,0.3404501483,3240,0,0.0000000000,0.0000000000,0.0000000000,true,0.9533273111,0,0.7113166558,0,0.0000000000
daily,AMD,2026-09-01,1530,essvi,ok,,-0.4000000000,0.4000000000,81,0.0027397260,1.3890410959,41,3321,0,0.0000000000,0.3132979012,3240,0,0.0000000000,0.0000000000,0.0000000000,true,0.9533273111,0,0.5667806015,0,0.0000000000
daily,AMD,2026-09-01,1530,essvi_g05,ok,,-0.4000000000,0.4000000000,81,0.0027397260,1.3890410959,41,3321,0,0.0000000000,0.3039940118,3240,0,0.0000000000,0.0000000000,0.0000000000,true,0.9533273111,0,0.5315508803,0,0.0000000000
daily,AMD,2026-09-01,1530,essvi_gfree,ok,,-0.4000000000,0.4000000000,81,0.0027397260,1.3890410959,41,3321,0,0.0000000000,0.2948126932,3240,0,0.0000000000,0.0000000000,0.0000000000,true,0.9533273111,0,0.4930881567,0,0.0000000000
daily,AMD,2026-09-01,1530,essvi_sg05,ok,,-0.4000000000,0.4000000000,81,0.0027397260,1.3890410959,41,3321,0,0.0000000000,0.3657370863,3240,0,0.0000000000,0.0000000000,0.0000000000,true,0.9533273111,0,0.6870324898,0,0.0000000000
daily,AMD,2026-09-02,1530,svi,ok,,-0.4000000000,0.4000000000,81,0.0054794521,1.3863013699,41,3321,0,0.0000000000,0.2166971287,3240,0,0.0000000000,0.0000000000,0.0000000000,true,0.9548328817,0,0.3213040610,0,0.0000000000
daily,AMD,2026-09-02,1530,ssvi,ok,,-0.4000000000,0.4000000000,81,0.0054794521,1.3863013699,41,3321,0,0.0000000000,0.3481787662,3240,0,0.0000000000,0.0000000000,0.0000000000,true,0.9548328817,0,0.6447749722,0,0.0000000000
daily,AMD,2026-09-02,1530,essvi,ok,,-0.4000000000,0.4000000000,81,0.0054794521,1.3863013699,41,3321,0,0.0000000000,0.3193430310,3240,0,0.0000000000,0.0000000000,0.0000000000,true,0.9548328817,0,0.5486831660,0,0.0000000000
daily,AMD,2026-09-02,1530,essvi_g05,ok,,-0.4000000000,0.4000000000,81,0.0054794521,1.3863013699,41,3321,0,0.0000000000,0.3199802287,3240,0,0.0000000000,0.0000000000,0.0000000000,true,0.9548328817,0,0.5259127319,0,0.0000000000
daily,AMD,2026-09-02,1530,essvi_gfree,ok,,-0.4000000000,0.4000000000,81,0.0054794521,1.3863013699,41,3321,0,0.0000000000,0.3096996020,3240,0,0.0000000000,0.0000000000,0.0000000000,true,0.9548328817,0,0.5161775053,0,0.0000000000
daily,AMD,2026-09-02,1530,essvi_sg05,ok,,-0.4000000000,0.4000000000,81,0.0054794521,1.3863013699,41,3321,0,0.0000000000,0.3535557358,3240,0,0.0000000000,0.0000000000,0.0000000000,true,0.9548328817,0,0.6307253987,0,0.0000000000
daily,AMD,2026-09-03,1530,svi,ok,,-0.4000000000,0.4000000000,81,0.0027397260,1.3835616438,41,3321,0,0.0000000000,0.2094709009,3240,0,0.0000000000,0.0000000000,0.0004709036,true,0.9575429088,0,0.2558700664,0,0.0000000000
daily,AMD,2026-09-03,1530,ssvi,ok,,-0.4000000000,0.4000000000,81,0.0027397260,1.3835616438,41,3321,0,0.0000000000,0.3219458165,3240,0,0.0000000000,0.0000000000,0.0000000000,true,0.9575429088,0,0.6266160680,0,0.0000000000
daily,AMD,2026-09-03,1530,essvi,ok,,-0.4000000000,0.4000000000,81,0.0027397260,1.3835616438,41,3321,0,0.0000000000,0.3050834064,3240,0,0.0000000000,0.0000000000,0.0000001354,true,0.9575429088,0,0.5207139621,0,0.0000000000
daily,AMD,2026-09-03,1530,essvi_g05,ok,,-0.4000000000,0.4000000000,81,0.0027397260,1.3835616438,41,3321,0,0.0000000000,0.3017352377,3240,0,0.0000000000,0.0000000000,0.0000000000,true,0.9575429088,0,0.5163862219,0,0.0000000000
daily,AMD,2026-09-03,1530,essvi_gfree,ok,,-0.4000000000,0.4000000000,81,0.0027397260,1.3835616438,41,3321,0,0.0000000000,0.2916409907,3240,0,0.0000000000,0.0000000000,0.0000000000,true,0.9575429088,0,0.4919427314,0,0.0000000000
daily,AMD,2026-09-03,1530,essvi_sg05,ok,,-0.4000000000,0.4000000000,81,0.0027397260,1.3835616438,41,3321,0,0.0000000000,0.3280175269,3240,0,0.0000000000,0.0000000000,0.0000000000,true,0.9575429088,0,0.6215643029,0,0.0000000000
daily,AMD,2026-09-04,1530,svi,ok,,-0.4000000000,0.4000000000,81,0.0136986301,1.3808219178,41,3321,0,0.0000000000,0.2338726155,3240,0,0.0000000000,0.0000000000,0.0003622812,true,0.9710930443,0,0.2952842801,0,0.0000000000
daily,AMD,2026-09-04,1530,ssvi,ok,,-0.4000000000,0.4000000000,81,0.0136986301,1.3808219178,41,3321,0,0.0000000000,0.3668485549,3240,0,0.0000000000,0.0000000000,0.0000000000,true,0.9710930443,0,0.5604744128,0,0.0000000000
daily,AMD,2026-09-04,1530,essvi,ok,,-0.4000000000,0.4000000000,81,0.0136986301,1.3808219178,41,3321,0,0.0000000000,0.3229240277,3240,0,0.0000000000,0.0000000000,0.0000000000,true,0.9710930443,0,0.4364569530,0,0.0000000000
daily,AMD,2026-09-04,1530,essvi_g05,ok,,-0.4000000000,0.4000000000,81,0.0136986301,1.3808219178,41,3321,0,0.0000000000,0.3334330473,3240,0,0.0000000000,0.0000000000,0.0000000000,true,0.9710930443,0,0.4609884676,0,0.0000000000
daily,AMD,2026-09-04,1530,essvi_gfree,ok,,-0.4000000000,0.4000000000,81,0.0136986301,1.3808219178,41,3321,0,0.0000000000,0.3123421354,3240,0,0.0000000000,0.0000000000,0.0000000000,true,0.9710930443,0,0.4106871612,0,0.0000000000
daily,AMD,2026-09-04,1530,essvi_sg05,ok,,-0.4000000000,0.4000000000,81,0.0136986301,1.3808219178,41,3321,0,0.0000000000,0.3803173713,3240,0,0.0000000000,0.0000000000,0.0000000000,true,0.9710930443,0,0.5606007601,0,0.0000000000
daily,AMD,2026-09-08,1530,svi,ok,,-0.4000000000,0.4000000000,81,0.0027397260,1.3698630137,41,3321,0,0.0000000000,0.1119915038,3240,0,0.0000000000,0.0000000000,0.0003537294,true,0.9545317675,0,0.1510801330,0,0.0000000000
daily,AMD,2026-09-08,1530,ssvi,ok,,-0.4000000000,0.4000000000,81,0.0027397260,1.3698630137,41,3321,0,0.0000000000,0.3306934588,3240,0,0.0000000000,0.0000000000,0.0000000000,true,0.9545317675,0,0.5835838140,0,0.0000000000
daily,AMD,2026-09-08,1530,essvi,ok,,-0.4000000000,0.4000000000,81,0.0027397260,1.3698630137,41,3321,0,0.0000000000,0.3243292729,3240,0,0.0000000000,0.0000000000,0.0000012499,false,0.9545317675,0,0.5077407900,0,0.0000000000
daily,AMD,2026-09-08,1530,essvi_g05,ok,,-0.4000000000,0.4000000000,81,0.0027397260,1.3698630137,41,3321,0,0.0000000000,0.3090382568,3240,0,0.0000000000,0.0000000000,0.0000000000,true,0.9545317675,0,0.4821188785,0,0.0000000000
daily,AMD,2026-09-08,1530,essvi_gfree,ok,,-0.4000000000,0.4000000000,81,0.0027397260,1.3698630137,41,3321,0,0.0000000000,0.2965582003,3240,0,0.0000000000,0.0000000000,0.0000000000,true,0.9545317675,0,0.4805380021,0,0.0000000000
daily,AMD,2026-09-08,1530,essvi_sg05,ok,,-0.4000000000,0.4000000000,81,0.0027397260,1.3698630137,41,3321,0,0.0000000000,0.3367021265,3240,0,0.0000000000,0.0000000000,0.0000000000,true,0.9545317675,0,0.5633150468,0,0.0000000000
daily,AMD,2026-09-09,1530,svi,ok,,-0.4000000000,0.4000000000,81,0.0054794521,1.3671232877,41,3321,0,0.0000000000,0.0506490746,3240,0,0.0000000000,0.0000000000,0.0003683333,true,0.9662752183,0,0.0627967654,0,0.0000000000
daily,AMD,2026-09-09,1530,ssvi,ok,,-0.4000000000,0.4000000000,81,0.0054794521,1.3671232877,41,3321,0,0.0000000000,0.3627983841,3240,0,0.0000000000,0.0000000000,0.0000000000,true,0.9662752183,0,0.5052215413,0,0.0000000000
daily,AMD,2026-09-09,1530,essvi,ok,,-0.4000000000,0.4000000000,81,0.0054794521,1.3671232877,41,3321,0,0.0000000000,0.3224396484,3240,0,0.0000000000,0.0000000000,0.0000012405,false,0.9662752183,0,0.4015587736,0,0.0000000000
daily,AMD,2026-09-09,1530,essvi_g05,ok,,-0.4000000000,0.4000000000,81,0.0054794521,1.3671232877,41,3321,0,0.0000000000,0.3225365351,3240,0,0.0000000000,0.0000000000,0.0000000000,true,0.9662752183,0,0.4012834862,0,0.0000000000
daily,AMD,2026-09-09,1530,essvi_gfree,ok,,-0.4000000000,0.4000000000,81,0.0054794521,1.3671232877,41,3321,0,0.0000000000,0.3031181800,3240,0,0.0000000000,0.0000000000,0.0000000000,true,0.9662752183,0,0.3629375710,0,0.0000000000
daily,AMD,2026-09-09,1530,essvi_sg05,ok,,-0.4000000000,0.4000000000,81,0.0054794521,1.3671232877,41,3321,0,0.0000000000,0.3701352029,3240,0,0.0000000000,0.0000000000,0.0000000000,true,0.9662752183,0,0.4839095768,0,0.0000000000
daily,AMD,2026-09-10,1530,svi,ok,,-0.4000000000,0.4000000000,81,0.0027397260,1.3643835616,41,3321,0,0.0000000000,0.0650819084,3240,0,0.0000000000,0.0000000000,0.0006736066,true,0.9476061427,0,0.1175374563,0,0.0000000000
daily,AMD,2026-09-10,1530,ssvi,ok,,-0.4000000000,0.4000000000,81,0.0027397260,1.3643835616,41,3321,0,0.0000000000,0.3445705098,3240,0,0.0000000000,0.0000000000,0.0000000000,true,0.9476061427,0,0.5782107675,0,0.0000000000
daily,AMD,2026-09-10,1530,essvi,ok,,-0.4000000000,0.4000000000,81,0.0027397260,1.3643835616,41,3321,0,0.0000000000,0.3091648433,3240,0,0.0000000000,0.0000000000,0.0000000000,true,0.9476061427,0,0.4389061949,0,0.0000000000
daily,AMD,2026-09-10,1530,essvi_g05,ok,,-0.4000000000,0.4000000000,81,0.0027397260,1.3643835616,41,3321,0,0.0000000000,0.3123061548,3240,0,0.0000000000,0.0000000000,0.0000000000,true,0.9476061427,0,0.4469808952,0,0.0000000000
daily,AMD,2026-09-10,1530,essvi_gfree,ok,,-0.4000000000,0.4000000000,81,0.0027397260,1.3643835616,41,3321,0,0.0000000000,0.3001673742,3240,0,0.0000000000,0.0000000000,0.0000000000,true,0.9476061427,0,0.4131906297,0,0.0000000000
daily,AMD,2026-09-10,1530,essvi_sg05,ok,,-0.4000000000,0.4000000000,81,0.0027397260,1.3643835616,41,3321,0,0.0000000000,0.3497971572,3240,0,0.0000000000,0.0000000000,0.0000000000,true,0.9476061427,0,0.5332538359,0,0.0000000000
daily,AMD,2026-09-11,1530,svi,ok,,-0.4000000000,0.4000000000,81,0.0082191781,1.3616438356,41,3321,0,0.0000000000,0.0332122714,3240,0,0.0000000000,0.0000000000,0.0000000000,true,0.9557362240,0,0.2602274449,0,0.0000000000
daily,AMD,2026-09-11,1530,ssvi,ok,,-0.4000000000,0.4000000000,81,0.0082191781,1.3616438356,41,3321,0,0.0000000000,0.3468124235,3240,0,0.0000000000,0.0000000000,0.0000000000,true,0.9557362240,0,0.6141112169,0,0.0000000000
daily,AMD,2026-09-11,1530,essvi,ok,,-0.4000000000,0.4000000000,81,0.0082191781,1.3616438356,41,3321,0,0.0000000000,0.3247036728,3240,0,0.0000000000,0.0000000000,0.0000000000,true,0.9557362240,0,0.4774511066,0,0.0000000000
daily,AMD,2026-09-11,1530,essvi_g05,ok,,-0.4000000000,0.4000000000,81,0.0082191781,1.3616438356,41,3321,0,0.0000000000,0.3108868552,3240,0,0.0000000000,0.0000000000,0.0000000000,true,0.9557362240,0,0.4881457127,0,0.0000000000
daily,AMD,2026-09-11,1530,essvi_gfree,ok,,-0.4000000000,0.4000000000,81,0.0082191781,1.3616438356,41,3321,0,0.0000000000,0.2953647458,3240,0,0.0000000000,0.0000000000,0.0000000000,true,0.9557362240,0,0.4728085054,0,0.0000000000
daily,AMD,2026-09-11,1530,essvi_sg05,ok,,-0.4000000000,0.4000000000,81,0.0082191781,1.3616438356,41,3321,0,0.0000000000,0.3397171109,3240,0,0.0000000000,0.0000000000,0.0000000000,true,0.9557362240,0,0.5499213319,0,0.0000000000
daily,DIA,2026-08-14,1530,svi,ok,,-0.4000000000,0.4000000000,81,0.0191780822,1.4383561644,41,3321,0,0.0000000000,0.1531037078,3240,105,0.0324074074,0.0080319978,0.0018439801,true,0.4013851250,0,0.1711929624,24,0.0011866726
daily,DIA,2026-08-14,1530,ssvi,ok,,-0.4000000000,0.4000000000,81,0.0191780822,1.4383561644,41,3321,0,0.0000000000,0.2629048141,3240,0,0.0000000000,0.0000000000,0.0000000000,true,0.4013851250,0,0.3369017379,0,0.0000000000
daily,DIA,2026-08-14,1530,essvi,ok,,-0.4000000000,0.4000000000,81,0.0191780822,1.4383561644,41,3321,0,0.0000000000,0.2682713496,3240,308,0.0950617284,0.0057328438,0.0000001592,true,0.4013851250,0,0.2867800040,8,0.0000882013
daily,DIA,2026-08-14,1530,essvi_g05,ok,,-0.4000000000,0.4000000000,81,0.0191780822,1.4383561644,41,3321,0,0.0000000000,0.2589761610,3240,92,0.0283950617,0.0004806603,0.0000000000,true,0.4013851250,0,0.3124952091,0,0.0000000000
daily,DIA,2026-08-14,1530,essvi_gfree,ok,,-0.4000000000,0.4000000000,81,0.0191780822,1.4383561644,41,3321,0,0.0000000000,0.2601044799,3240,98,0.0302469136,0.0005160138,0.0000000000,true,0.4013851250,0,0.3127061252,0,0.0000000000
daily,DIA,2026-08-14,1530,essvi_sg05,ok,,-0.4000000000,0.4000000000,81,0.0191780822,1.4383561644,41,3321,0,0.0000000000,0.2637680796,3240,239,0.0737654321,0.0008668170,0.0000000000,true,0.4013851250,0,0.3283584838,97,0.0007804754
daily,DIA,2026-08-17,1530,svi,ok,,-0.4000000000,0.4000000000,81,0.0109589041,1.4301369863,41,3321,0,0.0000000000,0.0452240598,3240,97,0.0299382716,0.0045292254,0.0040544085,true,0.4257753689,0,0.1180953425,48,0.0032564607
daily,DIA,2026-08-17,1530,ssvi,ok,,-0.4000000000,0.4000000000,81,0.0109589041,1.4301369863,41,3321,0,0.0000000000,0.2624368243,3240,0,0.0000000000,0.0000000000,0.0000000000,true,0.4257753689,0,0.3474135489,0,0.0000000000
daily,DIA,2026-08-17,1530,essvi,ok,,-0.4000000000,0.4000000000,81,0.0109589041,1.4301369863,41,3321,0,0.0000000000,0.2700839715,3240,339,0.1046296296,0.0009649827,0.0000002507,true,0.4257753689,0,0.2904964791,40,0.0002480207
daily,DIA,2026-08-17,1530,essvi_g05,ok,,-0.4000000000,0.4000000000,81,0.0109589041,1.4301369863,41,3321,0,0.0000000000,0.2578963602,3240,86,0.0265432099,0.0003219488,0.0000000000,true,0.4257753689,0,0.3135452487,28,0.0002598096
daily,DIA,2026-08-17,1530,essvi_gfree,ok,,-0.4000000000,0.4000000000,81,0.0109589041,1.4301369863,41,3321,0,0.0000000000,0.2584022866,3240,91,0.0280864198,0.0003031339,0.0000000000,true,0.4257753689,0,0.3154305467,25,0.0002422592
daily,DIA,2026-08-17,1530,essvi_sg05,ok,,-0.4000000000,0.4000000000,81,0.0109589041,1.4301369863,41,3321,0,0.0000000000,0.2591378762,3240,199,0.0614197531,0.0007569288,0.0000000000,true,0.4257753689,0,0.3144588733,64,0.0006641017
daily,DIA,2026-08-18,1530,svi,ok,,-0.4000000000,0.4000000000,81,0.0082191781,1.4273972603,41,3321,92,0.0277024992,-0.1318870283,3240,140,0.0432098765,0.0768382439,0.0038448828,true,0.4495633845,0,0.1527204864,45,0.0023704991
daily,DIA,2026-08-18,1530,ssvi,ok,,-0.4000000000,0.4000000000,81,0.0082191781,1.4273972603,41,3321,0,0.0000000000,0.2603387271,3240,0,0.0000000000,0.0000000000,0.0000000000,true,0.4495633845,0,0.3284417858,0,0.0000000000
daily,DIA,2026-08-18,1530,essvi,ok,,-0.4000000000,0.4000000000,81,0.0082191781,1.4273972603,41,3321,0,0.0000000000,0.2721247621,3240,124,0.0382716049,0.0034423836,0.0000002859,true,0.4495633845,0,0.2803614667,5,0.0000714339
daily,DIA,2026-08-18,1530,essvi_g05,ok,,-0.4000000000,0.4000000000,81,0.0082191781,1.4273972603,41,3321,0,0.0000000000,0.2570170083,3240,60,0.0185185185,0.0003438984,0.0000000000,true,0.4495633845,0,0.3046438705,0,0.0000000000
daily,DIA,2026-08-18,1530,essvi_gfree,ok,,-0.4000000000,0.4000000000,81,0.0082191781,1.4273972603,41,3321,0,0.0000000000,0.2582675809,3240,77,0.0237654321,0.0004316489,0.0000000000,true,0.4495633845,0,0.3062508350,0,0.0000000000
daily,DIA,2026-08-18,1530,essvi_sg05,ok,,-0.4000000000,0.4000000000,81,0.0082191781,1.4273972603,41,3321,0,0.0000000000,0.2599636952,3240,171,0.0527777778,0.0006977994,0.0000000000,true,0.4495633845,0,0.3177153400,52,0.0005403076
daily,DIA,2026-08-19,1530,svi,ok,,-0.4000000000,0.4000000000,81,0.0054794521,1.4246575342,41,3321,0,0.0000000000,0.0748056994,3240,122,0.0376543210,0.0117963965,0.0021930025,true,0.3842216200,0,0.1541926732,36,0.0004831940
daily,DIA,2026-08-19,1530,ssvi,ok,,-0.4000000000,0.4000000000,81,0.0054794521,1.4246575342,41,3321,0,0.0000000000,0.2592887469,3240,0,0.0000000000,0.0000000000,0.0000000000,true,0.3842216200,0,0.3487484998,0,0.0000000000
daily,DIA,2026-08-19,1530,essvi,ok,,-0.4000000000,0.4000000000,81,0.0054794521,1.4246575342,41,3321,0,0.0000000000,0.2657973111,3240,237,0.0731481481,0.0094149380,0.0000005673,true,0.3842216200,0,0.2862263211,13,0.0001728120
daily,DIA,2026-08-19,1530,essvi_g05,ok,,-0.4000000000,0.4000000000,81,0.0054794521,1.4246575342,41,3321,0,0.0000000000,0.2562347463,3240,92,0.0283950617,0.0005025069,0.0000000000,true,0.3842216200,0,0.3162468821,0,0.0000000000
daily,DIA,2026-08-19,1530,essvi_gfree,ok,,-0.4000000000,0.4000000000,81,0.0054794521,1.4246575342,41,3321,0,0.0000000000,0.2588578846,3240,105,0.0324074074,0.0005772582,0.0000000000,true,0.3842216200,0,0.3125737396,0,0.0000000000
daily,DIA,2026-08-19,1530,essvi_sg05,ok,,-0.4000000000,0.4000000000,81,0.0054794521,1.4246575342,41,3321,0,0.0000000000,0.2575534331,3240,177,0.0546296296,0.0007335881,0.0000000000,true,0.3842216200,0,0.3209381535,39,0.0003712945
daily,DIA,2026-08-20,1530,svi,ok,,-0.4000000000,0.4000000000,81,0.0027397260,1.4219178082,41,3321,0,0.0000000000,0.1309077329,3240,91,0.0280864198,0.0098699540,0.0018274022,true,0.3896416742,0,0.1697860799,17,0.0014872788
daily,DIA,2026-08-20,1530,ssvi,ok,,-0.4000000000,0.4000000000,81,0.0027397260,1.4219178082,41,3321,0,0.0000000000,0.2574696837,3240,0,0.0000000000,0.0000000000,0.0000000000,true,0.3896416742,0,0.3656211576,0,0.0000000000
daily,DIA,2026-08-20,1530,essvi,ok,,-0.4000000000,0.4000000000,81,0.0027397260,1.4219178082,41,3321,0,0.0000000000,0.2595880972,3240,360,0.1111111111,0.0069236946,0.0000002049,true,0.3896416742,0,0.2893363093,8,0.0000996196
daily,DIA,2026-08-20,1530,essvi_g05,ok,,-0.4000000000,0.4000000000,81,0.0027397260,1.4219178082,41,3321,0,0.0000000000,0.2551236983,3240,101,0.0311728395,0.0004934843,0.0000000000,true,0.3896416742,0,0.3179107557,0,0.0000000000
daily,DIA,2026-08-20,1530,essvi_gfree,ok,,-0.4000000000,0.4000000000,81,0.0027397260,1.4219178082,41,3321,0,0.0000000000,0.2557944978,3240,105,0.0324074074,0.0005111059,0.0000000000,true,0.3896416742,0,0.3173806887,0,0.0000000000
daily,DIA,2026-08-20,1530,essvi_sg05,ok,,-0.4000000000,0.4000000000,81,0.0027397260,1.4219178082,41,3321,0,0.0000000000,0.2566131145,3240,183,0.0564814815,0.0006859628,0.0000000000,true,0.3896416742,0,0.3244886886,33,0.0003914955
daily,DIA,2026-08-21,1530,svi,ok,,-0.4000000000,0.4000000000,81,0.0191780822,1.4191780822,41,3321,0,0.0000000000,0.1793729584,3240,91,0.0280864198,0.0106238811,0.0015895976,true,0.3974706414,0,0.1851550623,11,0.0014234252
daily,DIA,2026-08-21,1530,ssvi,ok,,-0.4000000000,0.4000000000,81,0.0191780822,1.4191780822,41,3321,0,0.0000000000,0.2632171184,3240,0,0.0000000000,0.0000000000,0.0000000000,true,0.3974706414,0,0.3411552678,0,0.0000000000
daily,DIA,2026-08-21,1530,essvi,ok,,-0.4000000000,0.4000000000,81,0.0191780822,1.4191780822,41,3321,0,0.0000000000,0.2707645602,3240,309,0.0953703704,0.0091932327,0.0000000739,true,0.3974706414,0,0.3067629942,5,0.0000629797
daily,DIA,2026-08-21,1530,essvi_g05,ok,,-0.4000000000,0.4000000000,81,0.0191780822,1.4191780822,41,3321,0,0.0000000000,0.2604428731,3240,34,0.0104938272,0.0001866743,0.0000000000,true,0.3974706414,0,0.3210862847,0,0.0000000000
daily,DIA,2026-08-21,1530,essvi_gfree,ok,,-0.4000000000,0.4000000000,81,0.0191780822,1.4191780822,41,3321,0,0.0000000000,0.2636434210,3240,53,0.0163580247,0.0002648936,0.0000000000,true,0.3974706414,0,0.3094105620,0,0.0000000000
daily,DIA,2026-08-21,1530,essvi_sg05,ok,,-0.4000000000,0.4000000000,81,0.0191780822,1.4191780822,41,3321,0,0.0000000000,0.2719544199,3240,263,0.0811728395,0.0007067921,0.0000000000,true,0.3974706414,0,0.3452985778,102,0.0005379739
daily,DIA,2026-08-24,1538,svi,ok,,-0.4000000000,0.4000000000,81,0.0109589041,1.4109589041,41,3321,29,0.0087323095,-0.7342294525,3240,45,0.0138888889,0.0009924125,0.0011801598,true,0.5043661548,0,0.1821040450,28,0.0009924125
daily,DIA,2026-08-24,1538,ssvi,ok,,-0.4000000000,0.4000000000,81,0.0109589041,1.4109589041,41,3321,0,0.0000000000,0.2605671980,3240,0,0.0000000000,0.0000000000,0.0000000000,true,0.5043661548,0,0.3227397733,0,0.0000000000
daily,DIA,2026-08-24,1538,essvi,ok,,-0.4000000000,0.4000000000,81,0.0109589041,1.4109589041,41,3321,0,0.0000000000,0.2744585708,3240,434,0.1339506173,0.0040429684,0.0000000843,true,0.5043661548,0,0.2951543358,49,0.0003763136
daily,DIA,2026-08-24,1538,essvi_g05,ok,,-0.4000000000,0.4000000000,81,0.0109589041,1.4109589041,41,3321,0,0.0000000000,0.2590714856,3240,1,0.0003086420,0.0000064400,0.0000000000,true,0.5043661548,0,0.3107853926,0,0.0000000000
daily,DIA,2026-08-24,1538,essvi_gfree,ok,,-0.4000000000,0.4000000000,81,0.0109589041,1.4109589041,41,3321,0,0.0000000000,0.2650139537,3240,10,0.0030864198,0.0000927288,0.0000000000,true,0.5043661548,0,0.3005958046,0,0.0000000000
daily,DIA,2026-08-24,1538,essvi_sg05,ok,,-0.4000000000,0.4000000000,81,0.0109589041,1.4109589041,41,3321,0,0.0000000000,0.2721026678,3240,194,0.0598765432,0.0006726881,0.0000000000,true,0.5043661548,0,0.3311293175,166,0.0006726881
daily,DIA,2026-08-25,1530,svi,ok,,-0.4000000000,0.4000000000,81,0.0082191781,1.4082191781,41,3321,0,0.0000000000,0.1713754137,3240,95,0.0293209877,0.0126156724,0.0019976267,true,0.4272809395,0,0.1763551846,27,0.0014857140
daily,DIA,2026-08-25,1530,ssvi,ok,,-0.4000000000,0.4000000000,81,0.0082191781,1.4082191781,41,3321,0,0.0000000000,0.2596319448,3240,0,0.0000000000,0.0000000000,0.0000000000,true,0.4272809395,0,0.3266158192,0,0.0000000000
daily,DIA,2026-08-25,1530,essvi,ok,,-0.4000000000,0.4000000000,81,0.0082191781,1.4082191781,41,3321,0,0.0000000000,0.2741545560,3240,127,0.0391975309,0.0034489807,0.0000002014,true,0.4272809395,0,0.2979252949,8,0.0000717365
daily,DIA,2026-08-25,1530,essvi_g05,ok,,-0.4000000000,0.4000000000,81,0.0082191781,1.4082191781,41,3321,0,0.0000000000,0.2580978002,3240,26,0.0080246914,0.0001318379,0.0000000000,true,0.4272809395,0,0.3123396456,0,0.0000000000
daily,DIA,2026-08-25,1530,essvi_gfree,ok,,-0.4000000000,0.4000000000,81,0.0082191781,1.4082191781,41,3321,0,0.0000000000,0.2612563531,3240,39,0.0120370370,0.0001915030,0.0000000000,true,0.4272809395,0,0.3071887838,0,0.0000000000
daily,DIA,2026-08-25,1530,essvi_sg05,ok,,-0.4000000000,0.4000000000,81,0.0082191781,1.4082191781,41,3321,0,0.0000000000,0.2653980432,3240,54,0.0166666667,0.0001908842,0.0000000000,true,0.4272809395,0,0.3164086022,26,0.0001804020
daily,DIA,2026-08-26,1530,svi,ok,,-0.4000000000,0.4000000000,81,0.0054794521,1.4054794521,41,3321,0,0.0000000000,0.1713356065,3240,80,0.0246913580,0.0110548799,0.0011252348,true,0.4137308040,0,0.1720646157,25,0.0009739594
daily,DIA,2026-08-26,1530,ssvi,ok,,-0.4000000000,0.4000000000,81,0.0054794521,1.4054794521,41,3321,0,0.0000000000,0.2571868814,3240,0,0.0000000000,0.0000000000,0.0000000000,true,0.4137308040,0,0.3147420243,0,0.0000000000
daily,DIA,2026-08-26,1530,essvi,ok,,-0.4000000000,0.4000000000,81,0.0054794521,1.4054794521,41,3321,0,0.0000000000,0.2729473262,3240,156,0.0481481481,0.0058039606,0.0000036486,false,0.4137308040,0,0.2951014797,45,0.0003101693
daily,DIA,2026-08-26,1530,essvi_g05,ok,,-0.4000000000,0.4000000000,81,0.0054794521,1.4054794521,41,3321,0,0.0000000000,0.2567170134,3240,0,0.0000000000,0.0000000000,0.0000000000,true,0.4137308040,0,0.3076551479,0,0.0000000000
daily,DIA,2026-08-26,1530,essvi_gfree,ok,,-0.4000000000,0.4000000000,81,0.0054794521,1.4054794521,41,3321,0,0.0000000000,0.2600386706,3240,2,0.0006172840,0.0000133507,0.0000000000,true,0.4137308040,0,0.3022696135,0,0.0000000000
daily,DIA,2026-08-26,1530,essvi_sg05,ok,,-0.4000000000,0.4000000000,81,0.0054794521,1.4054794521,41,3321,0,0.0000000000,0.2597314005,3240,120,0.0370370370,0.0007138308,0.0000000000,true,0.4137308040,0,0.3036223723,68,0.0006961688
daily,DIA,2026-08-27,1530,svi,ok,,-0.4000000000,0.4000000000,81,0.0027397260,1.4027397260,41,3321,0,0.0000000000,0.1454801327,3240,107,0.0330246914,0.0183907719,0.0015509485,true,0.3538090936,0,0.1865254577,7,0.0013775974
daily,DIA,2026-08-27,1530,ssvi,ok,,-0.4000000000,0.4000000000,81,0.0027397260,1.4027397260,41,3321,0,0.0000000000,0.2548825787,3240,0,0.0000000000,0.0000000000,0.0000000000,true,0.3538090936,0,0.3214581506,0,0.0000000000
daily,DIA,2026-08-27,1530,essvi,ok,,-0.4000000000,0.4000000000,81,0.0027397260,1.4027397260,41,3321,0,0.0000000000,0.2605205149,3240,254,0.0783950617,0.0077371196,0.0000003933,true,0.3538090936,0,0.3065736683,2,0.0000314959
daily,DIA,2026-08-27,1530,essvi_g05,ok,,-0.4000000000,0.4000000000,81,0.0027397260,1.4027397260,41,3321,0,0.0000000000,0.2552961714,3240,0,0.0000000000,0.0000000000,0.0000000000,true,0.3538090936,0,0.3230137493,0,0.0000000000
daily,DIA,2026-08-27,1530,essvi_gfree,ok,,-0.4000000000,0.4000000000,81,0.0027397260,1.4027397260,41,3321,0,0.0000000000,0.2578437292,3240,6,0.0018518519,0.0000423283,0.0000000000,true,0.3538090936,0,0.3159126922,0,0.0000000000
daily,DIA,2026-08-27,1530,essvi_sg05,ok,,-0.4000000000,0.4000000000,81,0.0027397260,1.4027397260,41,3321,0,0.0000000000,0.2593444325,3240,61,0.0188271605,0.0005395505,0.0000000000,true,0.3538090936,0,0.3473802056,31,0.0003867883
daily,DIA,2026-08-31,1530,svi,ok,,-0.4000000000,0.4000000000,81,0.0109589041,1.3917808219,41,3321,0,0.0000000000,0.1449112143,3240,75,0.0231481481,0.0097692751,0.0003839298,true,0.3586269196,0,0.1794103798,1,0.0001971462
daily,DIA,2026-08-31,1530,ssvi,ok,,-0.4000000000,0.4000000000,81,0.0109589041,1.3917808219,41,3321,0,0.0000000000,0.2590880366,3240,0,0.0000000000,0.0000000000,0.0000000000,true,0.3586269196,0,0.3337058451,0,0.0000000000
daily,DIA,2026-08-31,1530,essvi,ok,,-0.4000000000,0.4000000000,81,0.0109589041,1.3917808219,41,3321,0,0.0000000000,0.2714850818,3240,244,0.0753086420,0.0039932417,0.0000002820,true,0.3586269196,0,0.3045429601,1,0.0000053164
daily,DIA,2026-08-31,1530,essvi_g05,ok,,-0.4000000000,0.4000000000,81,0.0109589041,1.3917808219,41,3321,0,0.0000000000,0.2578567391,3240,47,0.0145061728,0.0001963121,0.0000000000,true,0.3586269196,0,0.3170318930,0,0.0000000000
daily,DIA,2026-08-31,1530,essvi_gfree,ok,,-0.4000000000,0.4000000000,81,0.0109589041,1.3917808219,41,3321,0,0.0000000000,0.2609227598,3240,53,0.0163580247,0.0002597135,0.0000000000,true,0.3586269196,0,0.3141845155,0,0.0000000000
daily,DIA,2026-08-31,1530,essvi_sg05,ok,,-0.4000000000,0.4000000000,81,0.0109589041,1.3917808219,41,3321,0,0.0000000000,0.2655535460,3240,128,0.0395061728,0.0004364342,0.0000000000,true,0.3586269196,0,0.3532313814,21,0.0002967095
daily,DIA,2026-09-01,1530,svi,ok,,-0.4000000000,0.4000000000,81,0.0082191781,1.3890410959,41,3321,0,0.0000000000,0.1178666121,3240,135,0.0416666667,0.0200098323,0.0030593234,true,0.3694670280,0,0.1406678906,17,0.0013406756
daily,DIA,2026-09-01,1530,ssvi,ok,,-0.4000000000,0.4000000000,81,0.0082191781,1.3890410959,41,3321,0,0.0000000000,0.2595826242,3240,0,0.0000000000,0.0000000000,0.0000000000,true,0.3694670280,0,0.3374547384,0,0.0000000000
daily,DIA,2026-09-01,1530,essvi,ok,,-0.4000000000,0.4000000000,81,0.0082191781,1.3890410959,41,3321,0,0.0000000000,0.2718283387,3240,334,0.1030864198,0.0076846710,0.0000004060,true,0.3694670280,0,0.3003808128,38,0.0005271596
daily,DIA,2026-09-01,1530,essvi_g05,ok,,-0.4000000000,0.4000000000,81,0.0082191781,1.3890410959,41,3321,0,0.0000000000,0.2571942161,3240,60,0.0185185185,0.0002400815,0.0000000000,true,0.3694670280,0,0.3106449846,9,0.0000745903
daily,DIA,2026-09-01,1530,essvi_gfree,ok,,-0.4000000000,0.4000000000,81,0.0082191781,1.3890410959,41,3321,0,0.0000000000,0.2590239483,3240,76,0.0234567901,0.0002947035,0.0000000000,true,0.3694670280,0,0.3081438077,11,0.0001159820
daily,DIA,2026-09-01,1530,essvi_sg05,ok,,-0.4000000000,0.4000000000,81,0.0082191781,1.3890410959,41,3321,0,0.0000000000,0.2640514652,3240,178,0.0549382716,0.0005336082,0.0000000000,true,0.3694670280,0,0.3363971445,65,0.0004350774
daily,DIA,2026-09-02,1530,svi,ok,,-0.4000000000,0.4000000000,81,0.0054794521,1.3863013699,41,3321,0,0.0000000000,0.0932988538,3240,101,0.0311728395,0.0350304404,0.0008284349,true,0.3107497742,0,0.1849947312,3,0.0001528721
daily,DIA,2026-09-02,1530,ssvi,ok,,-0.4000000000,0.4000000000,81,0.0054794521,1.3863013699,41,3321,0,0.0000000000,0.2551076057,3240,0,0.0000000000,0.0000000000,0.0000000000,true,0.3107497742,0,0.3272923307,0,0.0000000000
daily,DIA,2026-09-02,1530,essvi,ok,,-0.4000000000,0.4000000000,81,0.0054794521,1.3863013699,41,3321,0,0.0000000000,0.2661140510,3240,108,0.0333333333,0.0024136380,0.0000000510,true,0.3107497742,0,0.3166978379,0,0.0000000000
daily,DIA,2026-09-02,1530,essvi_g05,ok,,-0.4000000000,0.4000000000,81,0.0054794521,1.3863013699,41,3321,0,0.0000000000,0.2555474946,3240,32,0.0098765432,0.0001545462,0.0000000000,true,0.3107497742,0,0.3275241582,0,0.0000000000
daily,DIA,2026-09-02,1530,essvi_gfree,ok,,-0.4000000000,0.4000000000,81,0.0054794521,1.3863013699,41,3321,0,0.0000000000,0.2605899885,3240,31,0.0095679012,0.0001314228,0.0000000000,true,0.3107497742,0,0.3150978815,0,0.0000000000
daily,DIA,2026-09-02,1530,essvi_sg05,ok,,-0.4000000000,0.4000000000,81,0.0054794521,1.3863013699,41,3321,0,0.0000000000,0.2564551499,3240,14,0.0043209877,0.0000899376,0.0000000000,true,0.3107497742,0,0.3314493716,0,0.0000000000
daily,DIA,2026-09-03,1530,svi,ok,,-0.4000000000,0.4000000000,81,0.0027397260,1.3835616438,41,3321,0,0.0000000000,0.1269303170,3240,100,0.0308641975,0.0030734465,0.0032815547,true,0.5164107197,0,0.1269303170,5,0.0004849923
daily,DIA,2026-09-03,1530,ssvi,ok,,-0.4000000000,0.4000000000,81,0.0027397260,1.3835616438,41,3321,0,0.0000000000,0.2551497017,3240,0,0.0000000000,0.0000000000,0.0000000000,true,0.5164107197,0,0.3110785949,0,0.0000000000
daily,DIA,2026-09-03,1530,essvi,ok,,-0.4000000000,0.4000000000,81,0.0027397260,1.3835616438,41,3321,0,0.0000000000,0.2590640624,3240,226,0.0697530864,0.0028341640,0.0000000607,true,0.5164107197,0,0.2836672685,0,0.0000000000
daily,DIA,2026-09-03,1530,essvi_g05,ok,,-0.4000000000,0.4000000000,81,0.0027397260,1.3835616438,41,3321,0,0.0000000000,0.2541522210,3240,0,0.0000000000,0.0000000000,0.0000000000,true,0.5164107197,0,0.2955696923,0,0.0000000000
daily,DIA,2026-09-03,1530,essvi_gfree,ok,,-0.4000000000,0.4000000000,81,0.0027397260,1.3835616438,41,3321,0,0.0000000000,0.2556471532,3240,0,0.0000000000,0.0000000000,0.0000000000,true,0.5164107197,0,0.2941784909,0,0.0000000000
daily,DIA,2026-09-03,1530,essvi_sg05,ok,,-0.4000000000,0.4000000000,81,0.0027397260,1.3835616438,41,3321,0,0.0000000000,0.2614463817,3240,116,0.0358024691,0.0007204396,0.0000000000,true,0.5164107197,0,0.3425971001,98,0.0007204396
daily,DIA,2026-09-04,1530,svi,ok,,-0.4000000000,0.4000000000,81,0.0191780822,1.3808219178,41,3321,35,0.0105389943,-3.7120741731,3240,28,0.0086419753,0.0049149219,0.0003930924,true,0.3920505872,0,0.1487802898,0,0.0000000000
daily,DIA,2026-09-04,1530,ssvi,ok,,-0.4000000000,0.4000000000,81,0.0191780822,1.3808219178,41,3321,0,0.0000000000,0.2575746996,3240,0,0.0000000000,0.0000000000,0.0000000000,true,0.3920505872,0,0.2996947454,0,0.0000000000
daily,DIA,2026-09-04,1530,essvi,ok,,-0.4000000000,0.4000000000,81,0.0191780822,1.3808219178,41,3321,0,0.0000000000,0.2694421472,3240,77,0.0237654321,0.0002452505,0.0000001142,true,0.3920505872,0,0.2872861455,1,0.0000009179
daily,DIA,2026-09-04,1530,essvi_g05,ok,,-0.4000000000,0.4000000000,81,0.0191780822,1.3808219178,41,3321,0,0.0000000000,0.2578816709,3240,0,0.0000000000,0.0000000000,0.0000000000,true,0.3920505872,0,0.2972746348,0,0.0000000000
daily,DIA,2026-09-04,1530,essvi_gfree,ok,,-0.4000000000,0.4000000000,81,0.0191780822,1.3808219178,41,3321,0,0.0000000000,0.2637596148,3240,11,0.0033950617,0.0000747504,0.0000000000,true,0.3920505872,0,0.2916919976,4,0.0000249064
daily,DIA,2026-09-04,1530,essvi_sg05,ok,,-0.4000000000,0.4000000000,81,0.0191780822,1.3808219178,41,3321,0,0.0000000000,0.2618267233,3240,64,0.0197530864,0.0004967906,0.0000000000,true,0.3920505872,0,0.3102873972,37,0.0004034901
daily,DIA,2026-09-08,1530,svi,ok,,-0.4000000000,0.4000000000,81,0.0082191781,1.3698630137,41,3321,51,0.0153568202,-5.3040681256,3240,136,0.0419753086,0.0159077795,0.0008578926,true,0.2767238783,0,0.1819200677,1,0.0001309883
daily,DIA,2026-09-08,1530,ssvi,ok,,-0.4000000000,0.4000000000,81,0.0082191781,1.3698630137,41,3321,0,0.0000000000,0.2577395020,3240,0,0.0000000000,0.0000000000,0.0000000000,true,0.2767238783,0,0.3233057481,0,0.0000000000
daily,DIA,2026-09-08,1530,essvi,ok,,-0.4000000000,0.4000000000,81,0.0082191781,1.3698630137,41,3321,0,0.0000000000,0.2721106224,3240,282,0.0870370370,0.0031280152,0.0000001039,true,0.2767238783,0,0.3194942188,31,0.0005141413
daily,DIA,2026-09-08,1530,essvi_g05,ok,,-0.4000000000,0.4000000000,81,0.0082191781,1.3698630137,41,3321,0,0.0000000000,0.2594406247,3240,52,0.0160493827,0.0004428065,0.0000000000,true,0.2767238783,0,0.3279146408,28,0.0002947461
daily,DIA,2026-09-08,1530,essvi_gfree,ok,,-0.4000000000,0.4000000000,81,0.0082191781,1.3698630137,41,3321,0,0.0000000000,0.2694958172,3240,49,0.0151234568,0.0004532946,0.0000000000,true,0.2767238783,0,0.3168996217,25,0.0002952264
daily,DIA,2026-09-08,1530,essvi_sg05,ok,,-0.4000000000,0.4000000000,81,0.0082191781,1.3698630137,41,3321,0,0.0000000000,0.2593296623,3240,85,0.0262345679,0.0009521032,0.0000000000,true,0.2767238783,0,0.3235846156,37,0.0006776325
daily,DIA,2026-09-09,1530,svi,ok,,-0.4000000000,0.4000000000,81,0.0054794521,1.3671232877,41,3321,17,0.0051189401,-2.7505881067,3240,83,0.0256172840,0.0067692409,0.0038435525,true,0.4962360735,5,-0.5233946029,22,0.0022290752
daily,DIA,2026-09-09,1530,ssvi,ok,,-0.4000000000,0.4000000000,81,0.0054794521,1.3671232877,41,3321,0,0.0000000000,0.2592335228,3240,0,0.0000000000,0.0000000000,0.0000000000,true,0.4962360735,0,0.3256272985,0,0.0000000000
daily,DIA,2026-09-09,1530,essvi,ok,,-0.4000000000,0.4000000000,81,0.0054794521,1.3671232877,41,3321,0,0.0000000000,0.2697630665,3240,663,0.2046296296,0.0044335519,0.0000011630,false,0.4962360735,0,0.2899204329,97,0.0011636846
daily,DIA,2026-09-09,1530,essvi_g05,ok,,-0.4000000000,0.4000000000,81,0.0054794521,1.3671232877,41,3321,0,0.0000000000,0.2567898454,3240,25,0.0077160494,0.0001887530,0.0000000000,true,0.4962360735,0,0.3035073716,19,0.0001887530
daily,DIA,2026-09-09,1530,essvi_gfree,ok,,-0.4000000000,0.4000000000,81,0.0054794521,1.3671232877,41,3321,0,0.0000000000,0.2593986628,3240,38,0.0117283951,0.0002865296,0.0000000000,true,0.4962360735,0,0.2987929661,28,0.0002865296
daily,DIA,2026-09-09,1530,essvi_sg05,ok,,-0.4000000000,0.4000000000,81,0.0054794521,1.3671232877,41,3321,0,0.0000000000,0.2681779814,3240,172,0.0530864198,0.0006602936,0.0000000000,true,0.4962360735,0,0.3448871734,172,0.0006602936
daily,DIA,2026-09-10,1530,svi,ok,,-0.4000000000,0.4000000000,81,0.0027397260,1.3643835616,41,3321,0,0.0000000000,0.1367869980,3240,131,0.0404320988,0.0096555712,0.0021487060,true,0.4001806685,0,0.1541283680,6,0.0016988354
daily,DIA,2026-09-10,1530,ssvi,ok,,-0.4000000000,0.4000000000,81,0.0027397260,1.3643835616,41,3321,0,0.0000000000,0.2583527071,3240,0,0.0000000000,0.0000000000,0.0000000000,true,0.4001806685,0,0.3307714031,0,0.0000000000
daily,DIA,2026-09-10,1530,essvi,ok,,-0.4000000000,0.4000000000,81,0.0027397260,1.3643835616,41,3321,0,0.0000000000,0.2673265439,3240,453,0.1398148148,0.0043144709,0.0000007005,false,0.4001806685,0,0.2904645449,87,0.0015638158
daily,DIA,2026-09-10,1530,essvi_g05,ok,,-0.4000000000,0.4000000000,81,0.0027397260,1.3643835616,41,3321,0,0.0000000000,0.2572911009,3240,63,0.0194444444,0.0003440748,0.0000000000,true,0.4001806685,0,0.3020353389,38,0.0003029386
daily,DIA,2026-09-10,1530,essvi_gfree,ok,,-0.4000000000,0.4000000000,81,0.0027397260,1.3643835616,41,3321,0,0.0000000000,0.2593694943,3240,80,0.0246913580,0.0003824236,0.0000000000,true,0.4001806685,0,0.3047436666,41,0.0003389920
daily,DIA,2026-09-10,1530,essvi_sg05,ok,,-0.4000000000,0.4000000000,81,0.0027397260,1.3643835616,41,3321,0,0.0000000000,0.2600652592,3240,171,0.0527777778,0.0008305417,0.0000000000,true,0.4001806685,0,0.3177198820,100,0.0007481976
daily,DIA,2026-09-11,1530,svi,ok,,-0.4000000000,0.4000000000,81,0.0191780822,1.3616438356,41,3321,31,0.0093345378,-0.0826029875,3240,109,0.0336419753,0.0528348489,0.0001839553,true,0.3520024089,0,0.1727639159,10,0.0001438081
daily,DIA,2026-09-11,1530,ssvi,ok,,-0.4000000000,0.4000000000,81,0.0191780822,1.3616438356,41,3321,0,0.0000000000,0.2636959238,3240,0,0.0000000000,0.0000000000,0.0000000000,true,0.3520024089,0,0.3329379821,0,0.0000000000
daily,DIA,2026-09-11,1530,essvi,ok,,-0.4000000000,0.4000000000,81,0.0191780822,1.3616438356,41,3321,0,0.0000000000,0.2635684924,3240,429,0.1324074074,0.0120559353,0.0000000091,false,0.3520024089,0,0.3006157953,137,0.0029513419
daily,DIA,2026-09-11,1530,essvi_g05,ok,,-0.4000000000,0.4000000000,81,0.0191780822,1.3616438356,41,3321,0,0.0000000000,0.2606522302,3240,110,0.0339506173,0.0007660079,0.0000000000,true,0.3520024089,0,0.3125676347,52,0.0006143246
daily,DIA,2026-09-11,1530,essvi_gfree,ok,,-0.4000000000,0.4000000000,81,0.0191780822,1.3616438356,41,3321,0,0.0000000000,0.2674603843,3240,144,0.0444444444,0.0011296421,0.0000000000,true,0.3520024089,0,0.3022217367,60,0.0009181827
daily,DIA,2026-09-11,1530,essvi_sg05,ok,,-0.4000000000,0.4000000000,81,0.0191780822,1.3616438356,41,3321,0,0.0000000000,0.2666849162,3240,255,0.0787037037,0.0009499440,0.0000000000,true,0.3520024089,0,0.3271626764,105,0.0007674731
daily,GOOGL,2026-08-14,1530,svi,ok,,-0.4000000000,0.4000000000,81,0.0082191781,1.4383561644,41,3321,0,0.0000000000,0.1445459664,3240,0,0.0000000000,0.0000000000,0.0002235962,true,0.9277326107,0,0.2497175572,0,0.0000000000
daily,GOOGL,2026-08-14,1530,ssvi,ok,,-0.4000000000,0.4000000000,81,0.0082191781,1.4383561644,41,3321,0,0.0000000000,0.2795570334,3240,0,0.0000000000,0.0000000000,0.0000000000,true,0.9277326107,0,0.5147333577,0,0.0000000000
daily,GOOGL,2026-08-14,1530,essvi,ok,,-0.4000000000,0.4000000000,81,0.0082191781,1.4383561644,41,3321,0,0.0000000000,0.2747077935,3240,0,0.0000000000,0.0000000000,0.0000000000,true,0.9277326107,0,0.4924791909,0,0.0000000000
daily,GOOGL,2026-08-14,1530,essvi_g05,ok,,-0.4000000000,0.4000000000,81,0.0082191781,1.4383561644,41,3321,0,0.0000000000,0.2752950605,3240,0,0.0000000000,0.0000000000,0.0000000000,true,0.9277326107,0,0.4784362608,0,0.0000000000
daily,GOOGL,2026-08-14,1530,essvi_gfree,ok,,-0.4000000000,0.4000000000,81,0.0082191781,1.4383561644,41,3321,0,0.0000000000,0.2643882620,3240,0,0.0000000000,0.0000000000,0.0000000000,true,0.9277326107,0,0.4431455906,0,0.0000000000
daily,GOOGL,2026-08-14,1530,essvi_sg05,ok,,-0.4000000000,0.4000000000,81,0.0082191781,1.4383561644,41,3321,0,0.0000000000,0.2794871107,3240,0,0.0000000000,0.0000000000,0.0000000000,true,0.9277326107,0,0.5117799817,0,0.0000000000
daily,GOOGL,2026-08-17,1530,svi,ok,,-0.4000000000,0.4000000000,81,0.0054794521,1.4301369863,41,3321,0,0.0000000000,0.1187742263,3240,0,0.0000000000,0.0000000000,0.0001478958,true,0.9388738332,0,0.3043230405,0,0.0000000000
daily,GOOGL,2026-08-17,1530,ssvi,ok,,-0.4000000000,0.4000000000,81,0.0054794521,1.4301369863,41,3321,0,0.0000000000,0.2934089070,3240,0,0.0000000000,0.0000000000,0.0000000000,true,0.9388738332,0,0.4883778881,0,0.0000000000
daily,GOOGL,2026-08-17,1530,essvi,ok,,-0.4000000000,0.4000000000,81,0.0054794521,1.4301369863,41,3321,0,0.0000000000,0.2858231394,3240,0,0.0000000000,0.0000000000,0.0000001080,true,0.9388738332,0,0.4395385453,0,0.0000000000
daily,GOOGL,2026-08-17,1530,essvi_g05,ok,,-0.4000000000,0.4000000000,81,0.0054794521,1.4301369863,41,3321,0,0.0000000000,0.2864016012,3240,0,0.0000000000,0.0000000000,0.0000000000,true,0.9388738332,0,0.4508052180,0,0.0000000000
daily,GOOGL,2026-08-17,1530,essvi_gfree,ok,,-0.4000000000,0.4000000000,81,0.0054794521,1.4301369863,41,3321,0,0.0000000000,0.2782907010,3240,0,0.0000000000,0.0000000000,0.0000000000,true,0.9388738332,0,0.4468667635,0,0.0000000000
daily,GOOGL,2026-08-17,1530,essvi_sg05,ok,,-0.4000000000,0.4000000000,81,0.0054794521,1.4301369863,41,3321,0,0.0000000000,0.2933876550,3240,0,0.0000000000,0.0000000000,0.0000000000,true,0.9388738332,0,0.4825552732,0,0.0000000000
daily,GOOGL,2026-08-18,1530,svi,ok,,-0.4000000000,0.4000000000,81,0.0027397260,1.4273972603,41,3321,0,0.0000000000,0.1277297259,3240,0,0.0000000000,0.0000000000,3.0000964524,true,0.9388738332,0,0.2625614339,0,0.0000000000
daily,GOOGL,2026-08-18,1530,ssvi,ok,,-0.4000000000,0.4000000000,81,0.0027397260,1.4273972603,41,3321,0,0.0000000000,0.2790717416,3240,0,0.0000000000,0.0000000000,0.0000000000,true,0.9388738332,0,0.4844054501,0,0.0000000000
daily,GOOGL,2026-08-18,1530,essvi,ok,,-0.4000000000,0.4000000000,81,0.0027397260,1.4273972603,41,3321,0,0.0000000000,0.2728106508,3240,0,0.0000000000,0.0000000000,0.0000000000,true,0.9388738332,0,0.4412022206,0,0.0000000000
daily,GOOGL,2026-08-18,1530,essvi_g05,ok,,-0.4000000000,0.4000000000,81,0.0027397260,1.4273972603,41,3321,0,0.0000000000,0.2741148511,3240,0,0.0000000000,0.0000000000,0.0000000000,true,0.9388738332,0,0.4481240688,0,0.0000000000
daily,GOOGL,2026-08-18,1530,essvi_gfree,ok,,-0.4000000000,0.4000000000,81,0.0027397260,1.4273972603,41,3321,0,0.0000000000,0.2674635348,3240,0,0.0000000000,0.0000000000,0.0000000000,true,0.9388738332,0,0.4441703149,0,0.0000000000
daily,GOOGL,2026-08-18,1530,essvi_sg05,ok,,-0.4000000000,0.4000000000,81,0.0027397260,1.4273972603,41,3321,0,0.0000000000,0.2794206381,3240,0,0.0000000000,0.0000000000,0.0000000000,true,0.9388738332,0,0.4854206041,0,0.0000000000
daily,GOOGL,2026-08-19,1530,svi,ok,,-0.4000000000,0.4000000000,81,0.0054794521,1.4246575342,41,3321,0,0.0000000000,0.1214553745,3240,0,0.0000000000,0.0000000000,0.0000132231,true,0.9403794038,0,0.2833164956,0,0.0000000000
daily,GOOGL,2026-08-19,1530,ssvi,ok,,-0.4000000000,0.4000000000,81,0.0054794521,1.4246575342,41,3321,0,0.0000000000,0.2955946860,3240,0,0.0000000000,0.0000000000,0.0000000000,true,0.9403794038,0,0.5089823994,0,0.0000000000
daily,GOOGL,2026-08-19,1530,essvi,ok,,-0.4000000000,0.4000000000,81,0.0054794521,1.4246575342,41,3321,0,0.0000000000,0.2846836779,3240,0,0.0000000000,0.0000000000,0.0000000000,true,0.9403794038,0,0.4525983502,0,0.0000000000
daily,GOOGL,2026-08-19,1530,essvi_g05,ok,,-0.4000000000,0.4000000000,81,0.0054794521,1.4246575342,41,3321,0,0.0000000000,0.2887802279,3240,0,0.0000000000,0.0000000000,0.0000000000,true,0.9403794038,0,0.4788797912,0,0.0000000000
daily,GOOGL,2026-08-19,1530,essvi_gfree,ok,,-0.4000000000,0.4000000000,81,0.0054794521,1.4246575342,41,3321,0,0.0000000000,0.2783485369,3240,0,0.0000000000,0.0000000000,0.0000000000,true,0.9403794038,0,0.4398741190,0,0.0000000000
daily,GOOGL,2026-08-19,1530,essvi_sg05,ok,,-0.4000000000,0.4000000000,81,0.0054794521,1.4246575342,41,3321,0,0.0000000000,0.2955733393,3240,0,0.0000000000,0.0000000000,0.0000000000,true,0.9403794038,0,0.5119695276,0,0.0000000000
daily,GOOGL,2026-08-20,1530,svi,ok,,-0.4000000000,0.4000000000,81,0.0027397260,1.4219178082,41,3321,0,0.0000000000,0.2207238348,3240,0,0.0000000000,0.0000000000,0.0001260378,true,0.9385727191,0,0.3467149882,0,0.0000000000
daily,GOOGL,2026-08-20,1530,ssvi,ok,,-0.4000000000,0.4000000000,81,0.0027397260,1.4219178082,41,3321,0,0.0000000000,0.2801720492,3240,0,0.0000000000,0.0000000000,0.0000000000,true,0.9385727191,0,0.4933561557,0,0.0000000000
daily,GOOGL,2026-08-20,1530,essvi,ok,,-0.4000000000,0.4000000000,81,0.0027397260,1.4219178082,41,3321,0,0.0000000000,0.2666595442,3240,0,0.0000000000,0.0000000000,0.0000000000,true,0.9385727191,0,0.4540886189,0,0.0000000000
daily,GOOGL,2026-08-20,1530,essvi_g05,ok,,-0.4000000000,0.4000000000,81,0.0027397260,1.4219178082,41,3321,0,0.0000000000,0.2772058822,3240,0,0.0000000000,0.0000000000,0.0000000000,true,0.9385727191,0,0.4625871807,0,0.0000000000
daily,GOOGL,2026-08-20,1530,essvi_gfree,ok,,-0.4000000000,0.4000000000,81,0.0027397260,1.4219178082,41,3321,0,0.0000000000,0.2659883807,3240,0,0.0000000000,0.0000000000,0.0000000000,true,0.9385727191,0,0.4483221456,0,0.0000000000
daily,GOOGL,2026-08-20,1530,essvi_sg05,ok,,-0.4000000000,0.4000000000,81,0.0027397260,1.4219178082,41,3321,0,0.0000000000,0.2797533253,3240,0,0.0000000000,0.0000000000,0.0000000000,true,0.9385727191,0,0.4903704124,0,0.0000000000
daily,GOOGL,2026-08-21,1530,svi,ok,,-0.4000000000,0.4000000000,81,0.0082191781,1.4191780822,41,3321,0,0.0000000000,0.1862362873,3240,0,0.0000000000,0.0000000000,0.0000000000,true,0.9464016862,0,0.2051924349,0,0.0000000000
daily,GOOGL,2026-08-21,1530,ssvi,ok,,-0.4000000000,0.4000000000,81,0.0082191781,1.4191780822,41,3321,0,0.0000000000,0.2824596275,3240,0,0.0000000000,0.0000000000,0.0000000000,true,0.9464016862,0,0.4889301200,0,0.0000000000
daily,GOOGL,2026-08-21,1530,essvi,ok,,-0.4000000000,0.4000000000,81,0.0082191781,1.4191780822,41,3321,0,0.0000000000,0.2666794678,3240,0,0.0000000000,0.0000000000,0.0000000000,true,0.9464016862,0,0.3815378974,0,0.0000000000
daily,GOOGL,2026-08-21,1530,essvi_g05,ok,,-0.4000000000,0.4000000000,81,0.0082191781,1.4191780822,41,3321,0,0.0000000000,0.2772847951,3240,0,0.0000000000,0.0000000000,0.0000000000,true,0.9464016862,0,0.4531762197,0,0.0000000000
daily,GOOGL,2026-08-21,1530,essvi_gfree,ok,,-0.4000000000,0.4000000000,81,0.0082191781,1.4191780822,41,3321,0,0.0000000000,0.2660496233,3240,0,0.0000000000,0.0000000000,0.0000000000,true,0.9464016862,0,0.3766293635,0,0.0000000000
daily,GOOGL,2026-08-21,1530,essvi_sg05,ok,,-0.4000000000,0.4000000000,81,0.0082191781,1.4191780822,41,3321,0,0.0000000000,0.2819005920,3240,0,0.0000000000,0.0000000000,0.0000000000,true,0.9464016862,0,0.4774900270,0,0.0000000000
daily,GOOGL,2026-08-24,1538,svi,ok,,-0.4000000000,0.4000000000,81,0.0054794521,1.4109589041,41,3321,0,0.0000000000,0.1938063607,3240,5,0.0015432099,0.0005958395,0.0000000000,true,0.9400782897,0,0.2294349587,0,0.0000000000
daily,GOOGL,2026-08-24,1538,ssvi,ok,,-0.4000000000,0.4000000000,81,0.0054794521,1.4109589041,41,3321,0,0.0000000000,0.2932941793,3240,0,0.0000000000,0.0000000000,0.0000000000,true,0.9400782897,0,0.4960978904,0,0.0000000000
daily,GOOGL,2026-08-24,1538,essvi,ok,,-0.4000000000,0.4000000000,81,0.0054794521,1.4109589041,41,3321,0,0.0000000000,0.2944092627,3240,0,0.0000000000,0.0000000000,0.0000000000,true,0.9400782897,0,0.4450756979,0,0.0000000000
daily,GOOGL,2026-08-24,1538,essvi_g05,ok,,-0.4000000000,0.4000000000,81,0.0054794521,1.4109589041,41,3321,0,0.0000000000,0.2863311906,3240,0,0.0000000000,0.0000000000,0.0000000000,true,0.9400782897,0,0.4591763670,0,0.0000000000
daily,GOOGL,2026-08-24,1538,essvi_gfree,ok,,-0.4000000000,0.4000000000,81,0.0054794521,1.4109589041,41,3321,0,0.0000000000,0.2766984221,3240,0,0.0000000000,0.0000000000,0.0000000000,true,0.9400782897,0,0.4577657948,0,0.0000000000
daily,GOOGL,2026-08-24,1538,essvi_sg05,ok,,-0.4000000000,0.4000000000,81,0.0054794521,1.4109589041,41,3321,0,0.0000000000,0.2937690154,3240,0,0.0000000000,0.0000000000,0.0000000000,true,0.9400782897,0,0.4875805723,0,0.0000000000
daily,GOOGL,2026-08-25,1530,svi,ok,,-0.4000000000,0.4000000000,81,0.0027397260,1.4082191781,41,3321,0,0.0000000000,0.1214527624,3240,8,0.0024691358,0.0012922030,0.0001942282,true,0.9295392954,0,0.1230722917,0,0.0000000000
daily,GOOGL,2026-08-25,1530,ssvi,ok,,-0.4000000000,0.4000000000,81,0.0027397260,1.4082191781,41,3321,0,0.0000000000,0.2795049017,3240,0,0.0000000000,0.0000000000,0.0000000000,true,0.9295392954,0,0.4938024020,0,0.0000000000
daily,GOOGL,2026-08-25,1530,essvi,ok,,-0.4000000000,0.4000000000,81,0.0027397260,1.4082191781,41,3321,0,0.0000000000,0.2730501290,3240,0,0.0000000000,0.0000000000,0.0000065429,false,0.9295392954,0,0.3905884241,0,0.0000000000
daily,GOOGL,2026-08-25,1530,essvi_g05,ok,,-0.4000000000,0.4000000000,81,0.0027397260,1.4082191781,41,3321,0,0.0000000000,0.2743247667,3240,0,0.0000000000,0.0000000000,0.0000000000,true,0.9295392954,0,0.4333499023,0,0.0000000000
daily,GOOGL,2026-08-25,1530,essvi_gfree,ok,,-0.4000000000,0.4000000000,81,0.0027397260,1.4082191781,41,3321,0,0.0000000000,0.2655141926,3240,0,0.0000000000,0.0000000000,0.0000000000,true,0.9295392954,0,0.4134672180,0,0.0000000000
daily,GOOGL,2026-08-25,1530,essvi_sg05,ok,,-0.4000000000,0.4000000000,81,0.0027397260,1.4082191781,41,3321,0,0.0000000000,0.2796937099,3240,0,0.0000000000,0.0000000000,0.0000000000,true,0.9295392954,0,0.4794814989,0,0.0000000000
daily,GOOGL,2026-08-26,1530,svi,ok,,-0.4000000000,0.4000000000,81,0.0054794521,1.4054794521,41,3321,16,0.0048178260,-0.5341801430,3240,21,0.0064814815,0.0592549897,0.0037308376,true,0.9259259259,0,0.2732071115,0,0.0000000000
daily,GOOGL,2026-08-26,1530,ssvi,ok,,-0.4000000000,0.4000000000,81,0.0054794521,1.4054794521,41,3321,0,0.0000000000,0.2958483796,3240,0,0.0000000000,0.0000000000,0.0000000000,true,0.9259259259,0,0.5006567342,0,0.0000000000
daily,GOOGL,2026-08-26,1530,essvi,ok,,-0.4000000000,0.4000000000,81,0.0054794521,1.4054794521,41,3321,0,0.0000000000,0.2775632302,3240,0,0.0000000000,0.0000000000,0.0000000000,true,0.9259259259,0,0.4099093947,0,0.0000000000
daily,GOOGL,2026-08-26,1530,essvi_g05,ok,,-0.4000000000,0.4000000000,81,0.0054794521,1.4054794521,41,3321,0,0.0000000000,0.2883860601,3240,0,0.0000000000,0.0000000000,0.0000000000,true,0.9259259259,0,0.4653807731,0,0.0000000000
daily,GOOGL,2026-08-26,1530,essvi_gfree,ok,,-0.4000000000,0.4000000000,81,0.0054794521,1.4054794521,41,3321,0,0.0000000000,0.2749253353,3240,0,0.0000000000,0.0000000000,0.0000000000,true,0.9259259259,0,0.3955211398,0,0.0000000000
daily,GOOGL,2026-08-26,1530,essvi_sg05,ok,,-0.4000000000,0.4000000000,81,0.0054794521,1.4054794521,41,3321,0,0.0000000000,0.2960545984,3240,0,0.0000000000,0.0000000000,0.0000000000,true,0.9259259259,0,0.5010209752,0,0.0000000000
daily,GOOGL,2026-08-27,1530,svi,ok,,-0.4000000000,0.4000000000,81,0.0027397260,1.4027397260,41,3321,0,0.0000000000,0.0212081580,3240,5,0.0015432099,0.0040770025,0.0107735768,true,0.9334537790,0,0.1911105963,0,0.0000000000
daily,GOOGL,2026-08-27,1530,ssvi,ok,,-0.4000000000,0.4000000000,81,0.0027397260,1.4027397260,41,3321,0,0.0000000000,0.2806688028,3240,0,0.0000000000,0.0000000000,0.0000000000,true,0.9334537790,0,0.5080682367,0,0.0000000000
daily,GOOGL,2026-08-27,1530,essvi,ok,,-0.4000000000,0.4000000000,81,0.0027397260,1.4027397260,41,3321,0,0.0000000000,0.2741216787,3240,0,0.0000000000,0.0000000000,0.0000000873,true,0.9334537790,0,0.4410425978,0,0.0000000000
daily,GOOGL,2026-08-27,1530,essvi_g05,ok,,-0.4000000000,0.4000000000,81,0.0027397260,1.4027397260,41,3321,0,0.0000000000,0.2756636691,3240,0,0.0000000000,0.0000000000,0.0000000000,true,0.9334537790,0,0.4687536247,0,0.0000000000
daily,GOOGL,2026-08-27,1530,essvi_gfree,ok,,-0.4000000000,0.4000000000,81,0.0027397260,1.4027397260,41,3321,0,0.0000000000,0.2674455336,3240,0,0.0000000000,0.0000000000,0.0000000000,true,0.9334537790,0,0.4510481305,0,0.0000000000
daily,GOOGL,2026-08-27,1530,essvi_sg05,ok,,-0.4000000000,0.4000000000,81,0.0027397260,1.4027397260,41,3321,0,0.0000000000,0.2811584986,3240,0,0.0000000000,0.0000000000,0.0000000000,true,0.9334537790,0,0.5040133388,0,0.0000000000
daily,GOOGL,2026-08-31,1530,svi,ok,,-0.4000000000,0.4000000000,81,0.0054794521,1.3917808219,41,3321,0,0.0000000000,0.1088459343,3240,15,0.0046296296,0.0022812725,0.0001058285,true,0.9406805179,0,0.1275373069,0,0.0000000000
daily,GOOGL,2026-08-31,1530,ssvi,ok,,-0.4000000000,0.4000000000,81,0.0054794521,1.3917808219,41,3321,0,0.0000000000,0.2908815238,3240,0,0.0000000000,0.0000000000,0.0000000000,true,0.9406805179,0,0.5021451326,0,0.0000000000
daily,GOOGL,2026-08-31,1530,essvi,ok,,-0.4000000000,0.4000000000,81,0.0054794521,1.3917808219,41,3321,0,0.0000000000,0.2865391411,3240,0,0.0000000000,0.0000000000,0.0000000000,true,0.9406805179,0,0.4348470507,0,0.0000000000
daily,GOOGL,2026-08-31,1530,essvi_g05,ok,,-0.4000000000,0.4000000000,81,0.0054794521,1.3917808219,41,3321,0,0.0000000000,0.2818677969,3240,0,0.0000000000,0.0000000000,0.0000000000,true,0.9406805179,0,0.4333702171,0,0.0000000000
daily,GOOGL,2026-08-31,1530,essvi_gfree,ok,,-0.4000000000,0.4000000000,81,0.0054794521,1.3917808219,41,3321,0,0.0000000000,0.2724959409,3240,0,0.0000000000,0.0000000000,0.0000000000,true,0.9406805179,0,0.4077352676,0,0.0000000000
daily,GOOGL,2026-08-31,1530,essvi_sg05,ok,,-0.4000000000,0.4000000000,81,0.0054794521,1.3917808219,41,3321,0,0.0000000000,0.2917256801,3240,0,0.0000000000,0.0000000000,0.0000000000,true,0.9406805179,0,0.4835064170,0,0.0000000000
daily,GOOGL,2026-09-01,1530,svi,ok,,-0.4000000000,0.4000000000,81,0.0027397260,1.3890410959,41,3321,11,0.0033122553,-0.0305030829,3240,18,0.0055555556,0.0069023065,0.0000549152,true,0.9289370671,0,0.3220323402,0,0.0000000000
daily,GOOGL,2026-09-01,1530,ssvi,ok,,-0.4000000000,0.4000000000,81,0.0027397260,1.3890410959,41,3321,0,0.0000000000,0.2764068132,3240,0,0.0000000000,0.0000000000,0.0000000000,true,0.9289370671,0,0.5109906730,0,0.0000000000
daily,GOOGL,2026-09-01,1530,essvi,ok,,-0.4000000000,0.4000000000,81,0.0027397260,1.3890410959,41,3321,0,0.0000000000,0.2676342215,3240,0,0.0000000000,0.0000000000,0.0000001978,true,0.9289370671,0,0.4474238367,0,0.0000000000
daily,GOOGL,2026-09-01,1530,essvi_g05,ok,,-0.4000000000,0.4000000000,81,0.0027397260,1.3890410959,41,3321,0,0.0000000000,0.2724203460,3240,0,0.0000000000,0.0000000000,0.0000000000,true,0.9289370671,0,0.4697003644,0,0.0000000000
daily,GOOGL,2026-09-01,1530,essvi_gfree,ok,,-0.4000000000,0.4000000000,81,0.0027397260,1.3890410959,41,3321,0,0.0000000000,0.2645599384,3240,0,0.0000000000,0.0000000000,0.0000000000,true,0.9289370671,0,0.4641743776,0,0.0000000000
daily,GOOGL,2026-09-01,1530,essvi_sg05,ok,,-0.4000000000,0.4000000000,81,0.0027397260,1.3890410959,41,3321,0,0.0000000000,0.2764449501,3240,0,0.0000000000,0.0000000000,0.0000000000,true,0.9289370671,0,0.5120142422,0,0.0000000000
daily,GOOGL,2026-09-02,1530,svi,ok,,-0.4000000000,0.4000000000,81,0.0054794521,1.3863013699,41,3321,18,0.0054200542,-0.1194646285,3240,17,0.0052469136,0.0116950058,0.0000503377,true,0.9322493225,0,0.0854771866,0,0.0000000000
daily,GOOGL,2026-09-02,1530,ssvi,ok,,-0.4000000000,0.4000000000,81,0.0054794521,1.3863013699,41,3321,0,0.0000000000,0.2952502712,3240,0,0.0000000000,0.0000000000,0.0000000000,true,0.9322493225,0,0.4854443336,0,0.0000000000
daily,GOOGL,2026-09-02,1530,essvi,ok,,-0.4000000000,0.4000000000,81,0.0054794521,1.3863013699,41,3321,0,0.0000000000,0.2794829904,3240,0,0.0000000000,0.0000000000,0.0000000000,true,0.9322493225,0,0.3970841027,0,0.0000000000
daily,GOOGL,2026-09-02,1530,essvi_g05,ok,,-0.4000000000,0.4000000000,81,0.0054794521,1.3863013699,41,3321,0,0.0000000000,0.2850750002,3240,0,0.0000000000,0.0000000000,0.0000000000,true,0.9322493225,0,0.4199342948,0,0.0000000000
daily,GOOGL,2026-09-02,1530,essvi_gfree,ok,,-0.4000000000,0.4000000000,81,0.0054794521,1.3863013699,41,3321,0,0.0000000000,0.2717173974,3240,0,0.0000000000,0.0000000000,0.0000000000,true,0.9322493225,0,0.3609125188,0,0.0000000000
daily,GOOGL,2026-09-02,1530,essvi_sg05,ok,,-0.4000000000,0.4000000000,81,0.0054794521,1.3863013699,41,3321,0,0.0000000000,0.2944714058,3240,0,0.0000000000,0.0000000000,0.0000000000,true,0.9322493225,0,0.4544740903,0,0.0000000000
daily,GOOGL,2026-09-03,1530,svi,ok,,-0.4000000000,0.4000000000,81,0.0027397260,1.3835616438,41,3321,0,0.0000000000,0.1326251857,3240,1,0.0003086420,0.0001677785,0.0002907607,true,0.9307437519,0,0.1563238041,0,0.0000000000
daily,GOOGL,2026-09-03,1530,ssvi,ok,,-0.4000000000,0.4000000000,81,0.0027397260,1.3835616438,41,3321,0,0.0000000000,0.2816792501,3240,0,0.0000000000,0.0000000000,0.0000000000,true,0.9307437519,0,0.4931543204,0,0.0000000000
daily,GOOGL,2026-09-03,1530,essvi,ok,,-0.4000000000,0.4000000000,81,0.0027397260,1.3835616438,41,3321,0,0.0000000000,0.2701581006,3240,0,0.0000000000,0.0000000000,0.0000000000,true,0.9307437519,0,0.4425615531,0,0.0000000000
daily,GOOGL,2026-09-03,1530,essvi_g05,ok,,-0.4000000000,0.4000000000,81,0.0027397260,1.3835616438,41,3321,0,0.0000000000,0.2758618245,3240,0,0.0000000000,0.0000000000,0.0000000000,true,0.9307437519,0,0.4378357211,0,0.0000000000
daily,GOOGL,2026-09-03,1530,essvi_gfree,ok,,-0.4000000000,0.4000000000,81,0.0027397260,1.3835616438,41,3321,0,0.0000000000,0.2639939063,3240,0,0.0000000000,0.0000000000,0.0000000000,true,0.9307437519,0,0.3882378939,0,0.0000000000
daily,GOOGL,2026-09-03,1530,essvi_sg05,ok,,-0.4000000000,0.4000000000,81,0.0027397260,1.3835616438,41,3321,0,0.0000000000,0.2816857559,3240,0,0.0000000000,0.0000000000,0.0000000000,true,0.9307437519,0,0.4855507177,0,0.0000000000
daily,GOOGL,2026-09-04,1530,svi,ok,,-0.4000000000,0.4000000000,81,0.0136986301,1.3808219178,41,3321,0,0.0000000000,0.1246468453,3240,9,0.0027777778,0.0009547698,0.0005227660,true,0.9521228546,0,0.1995417268,0,0.0000000000
daily,GOOGL,2026-09-04,1530,ssvi,ok,,-0.4000000000,0.4000000000,81,0.0136986301,1.3808219178,41,3321,0,0.0000000000,0.2971107044,3240,0,0.0000000000,0.0000000000,0.0000000000,true,0.9521228546,0,0.4309916009,0,0.0000000000
daily,GOOGL,2026-09-04,1530,essvi,ok,,-0.4000000000,0.4000000000,81,0.0136986301,1.3808219178,41,3321,0,0.0000000000,0.2844796797,3240,0,0.0000000000,0.0000000000,0.0000000000,true,0.9521228546,0,0.3552403388,0,0.0000000000
daily,GOOGL,2026-09-04,1530,essvi_g05,ok,,-0.4000000000,0.4000000000,81,0.0136986301,1.3808219178,41,3321,0,0.0000000000,0.2850323176,3240,0,0.0000000000,0.0000000000,0.0000000000,true,0.9521228546,0,0.3848287137,0,0.0000000000
daily,GOOGL,2026-09-04,1530,essvi_gfree,ok,,-0.4000000000,0.4000000000,81,0.0136986301,1.3808219178,41,3321,0,0.0000000000,0.2661166897,3240,0,0.0000000000,0.0000000000,0.0000000000,true,0.9521228546,0,0.3501566046,0,0.0000000000
daily,GOOGL,2026-09-04,1530,essvi_sg05,ok,,-0.4000000000,0.4000000000,81,0.0136986301,1.3808219178,41,3321,0,0.0000000000,0.2961163423,3240,0,0.0000000000,0.0000000000,0.0000000000,true,0.9521228546,0,0.3974053518,0,0.0000000000
daily,GOOGL,2026-09-08,1530,svi,ok,,-0.4000000000,0.4000000000,81,0.0027397260,1.3698630137,41,3321,0,0.0000000000,0.1738619713,3240,2,0.0006172840,0.0002834333,0.0000059645,true,0.9223125565,0,0.3149401182,0,0.0000000000
daily,GOOGL,2026-09-08,1530,ssvi,ok,,-0.4000000000,0.4000000000,81,0.0027397260,1.3698630137,41,3321,0,0.0000000000,0.2810471144,3240,0,0.0000000000,0.0000000000,0.0000000000,true,0.9223125565,0,0.5236625152,0,0.0000000000
daily,GOOGL,2026-09-08,1530,essvi,ok,,-0.4000000000,0.4000000000,81,0.0027397260,1.3698630137,41,3321,0,0.0000000000,0.2743911445,3240,0,0.0000000000,0.0000000000,0.0000000000,true,0.9223125565,0,0.4714365767,0,0.0000000000
daily,GOOGL,2026-09-08,1530,essvi_g05,ok,,-0.4000000000,0.4000000000,81,0.0027397260,1.3698630137,41,3321,0,0.0000000000,0.2782573117,3240,0,0.0000000000,0.0000000000,0.0000000000,true,0.9223125565,0,0.4839078552,0,0.0000000000
daily,GOOGL,2026-09-08,1530,essvi_gfree,ok,,-0.4000000000,0.4000000000,81,0.0027397260,1.3698630137,41,3321,0,0.0000000000,0.2713124355,3240,0,0.0000000000,0.0000000000,0.0000000000,true,0.9223125565,0,0.4521718375,0,0.0000000000
daily,GOOGL,2026-09-08,1530,essvi_sg05,ok,,-0.4000000000,0.4000000000,81,0.0027397260,1.3698630137,41,3321,0,0.0000000000,0.2807104439,3240,0,0.0000000000,0.0000000000,0.0000000000,true,0.9223125565,0,0.5038433561,0,0.0000000000
daily,GOOGL,2026-09-09,1530,svi,ok,,-0.4000000000,0.4000000000,81,0.0054794521,1.3671232877,41,3321,0,0.0000000000,0.2034017783,3240,0,0.0000000000,0.0000000000,0.0001234728,true,0.9451972298,0,0.2209954214,0,0.0000000000
daily,GOOGL,2026-09-09,1530,ssvi,ok,,-0.4000000000,0.4000000000,81,0.0054794521,1.3671232877,41,3321,0,0.0000000000,0.2985361714,3240,0,0.0000000000,0.0000000000,0.0000000000,true,0.9451972298,0,0.4875524558,0,0.0000000000
daily,GOOGL,2026-09-09,1530,essvi,ok,,-0.4000000000,0.4000000000,81,0.0054794521,1.3671232877,41,3321,0,0.0000000000,0.2782001222,3240,0,0.0000000000,0.0000000000,0.0000000000,true,0.9451972298,0,0.3956003492,0,0.0000000000
daily,GOOGL,2026-09-09,1530,essvi_g05,ok,,-0.4000000000,0.4000000000,81,0.0054794521,1.3671232877,41,3321,0,0.0000000000,0.2881714477,3240,0,0.0000000000,0.0000000000,0.0000000000,true,0.9451972298,0,0.4332129906,0,0.0000000000
daily,GOOGL,2026-09-09,1530,essvi_gfree,ok,,-0.4000000000,0.4000000000,81,0.0054794521,1.3671232877,41,3321,0,0.0000000000,0.2711453867,3240,0,0.0000000000,0.0000000000,0.0000000000,true,0.9451972298,0,0.3607752128,0,0.0000000000
daily,GOOGL,2026-09-09,1530,essvi_sg05,ok,,-0.4000000000,0.4000000000,81,0.0054794521,1.3671232877,41,3321,0,0.0000000000,0.2986248121,3240,0,0.0000000000,0.0000000000,0.0000000000,true,0.9451972298,0,0.4674978037,0,0.0000000000
daily,GOOGL,2026-09-10,1530,svi,ok,,-0.4000000000,0.4000000000,81,0.0027397260,1.3643835616,41,3321,0,0.0000000000,0.1728540006,3240,3,0.0009259259,0.0010824901,0.0001831156,true,0.9244203553,0,0.2239314548,0,0.0000000000
daily,GOOGL,2026-09-10,1530,ssvi,ok,,-0.4000000000,0.4000000000,81,0.0027397260,1.3643835616,41,3321,0,0.0000000000,0.2868849447,3240,0,0.0000000000,0.0000000000,0.0000000000,true,0.9244203553,0,0.5121252511,0,0.0000000000
daily,GOOGL,2026-09-10,1530,essvi,ok,,-0.4000000000,0.4000000000,81,0.0027397260,1.3643835616,41,3321,0,0.0000000000,0.2842845658,3240,0,0.0000000000,0.0000000000,0.0000003225,true,0.9244203553,0,0.4326560615,0,0.0000000000
daily,GOOGL,2026-09-10,1530,essvi_g05,ok,,-0.4000000000,0.4000000000,81,0.0027397260,1.3643835616,41,3321,0,0.0000000000,0.2748882933,3240,0,0.0000000000,0.0000000000,0.0000000000,true,0.9244203553,0,0.4419001514,0,0.0000000000
daily,GOOGL,2026-09-10,1530,essvi_gfree,ok,,-0.4000000000,0.4000000000,81,0.0027397260,1.3643835616,41,3321,0,0.0000000000,0.2606619222,3240,0,0.0000000000,0.0000000000,0.0000000000,true,0.9244203553,0,0.3613679705,0,0.0000000000
daily,GOOGL,2026-09-10,1530,essvi_sg05,ok,,-0.4000000000,0.4000000000,81,0.0027397260,1.3643835616,41,3321,0,0.0000000000,0.2871279717,3240,0,0.0000000000,0.0000000000,0.0000000000,true,0.9244203553,0,0.4744389822,0,0.0000000000
daily,GOOGL,2026-09-11,1530,svi,ok,,-0.4000000000,0.4000000000,81,0.0082191781,1.3616438356,41,3321,0,0.0000000000,0.0457964940,3240,0,0.0000000000,0.0000000000,0.0008632845,true,0.9328515507,0,0.1081966337,0,0.0000000000
daily,GOOGL,2026-09-11,1530,ssvi,ok,,-0.4000000000,0.4000000000,81,0.0082191781,1.3616438356,41,3321,0,0.0000000000,0.2839723671,3240,0,0.0000000000,0.0000000000,0.0000000000,true,0.9328515507,0,0.5085305071,0,0.0000000000
daily,GOOGL,2026-09-11,1530,essvi,ok,,-0.4000000000,0.4000000000,81,0.0082191781,1.3616438356,41,3321,0,0.0000000000,0.2665379060,3240,0,0.0000000000,0.0000000000,0.0000000000,true,0.9328515507,0,0.4072430449,0,0.0000000000
daily,GOOGL,2026-09-11,1530,essvi_g05,ok,,-0.4000000000,0.4000000000,81,0.0082191781,1.3616438356,41,3321,0,0.0000000000,0.2783666223,3240,0,0.0000000000,0.0000000000,0.0000000000,true,0.9328515507,0,0.4572592530,0,0.0000000000
daily,GOOGL,2026-09-11,1530,essvi_gfree,ok,,-0.4000000000,0.4000000000,81,0.0082191781,1.3616438356,41,3321,0,0.0000000000,0.2645910336,3240,0,0.0000000000,0.0000000000,0.0000000000,true,0.9328515507,0,0.3903177595,0,0.0000000000
daily,GOOGL,2026-09-11,1530,essvi_sg05,ok,,-0.4000000000,0.4000000000,81,0.0082191781,1.3616438356,41,3321,0,0.0000000000,0.2825698295,3240,0,0.0000000000,0.0000000000,0.0000000000,true,0.9328515507,0,0.4958885721,0,0.0000000000
daily,IWM,2026-08-14,1530,svi,ok,,-0.4000000000,0.4000000000,81,0.0082191781,1.4383561644,41,3321,2,0.0006022282,-0.0746914092,3240,7,0.0021604938,0.0027416192,0.0012486570,true,0.7286961759,0,0.1768760350,0,0.0000000000
daily,IWM,2026-08-14,1530,ssvi,ok,,-0.4000000000,0.4000000000,81,0.0082191781,1.4383561644,41,3321,0,0.0000000000,0.2563797965,3240,0,0.0000000000,0.0000000000,0.0000000000,true,0.7286961759,0,0.3070628045,0,0.0000000000
daily,IWM,2026-08-14,1530,essvi,ok,,-0.4000000000,0.4000000000,81,0.0082191781,1.4383561644,41,3321,0,0.0000000000,0.2572076021,3240,19,0.0058641975,0.0001071807,0.0000010018,false,0.7286961759,0,0.3051808278,19,0.0001071807
daily,IWM,2026-08-14,1530,essvi_g05,ok,,-0.4000000000,0.4000000000,81,0.0082191781,1.4383561644,41,3321,0,0.0000000000,0.2553633456,3240,0,0.0000000000,0.0000000000,0.0000000000,true,0.7286961759,0,0.2955902765,0,0.0000000000
daily,IWM,2026-08-14,1530,essvi_gfree,ok,,-0.4000000000,0.4000000000,81,0.0082191781,1.4383561644,41,3321,0,0.0000000000,0.2535374714,3240,0,0.0000000000,0.0000000000,0.0000000000,true,0.7286961759,0,0.2926429113,0,0.0000000000
daily,IWM,2026-08-14,1530,essvi_sg05,ok,,-0.4000000000,0.4000000000,81,0.0082191781,1.4383561644,41,3321,0,0.0000000000,0.2566786908,3240,0,0.0000000000,0.0000000000,0.0000000000,true,0.7286961759,0,0.3060972749,0,0.0000000000
daily,IWM,2026-08-17,1530,svi,ok,,-0.4000000000,0.4000000000,81,0.0027397260,1.4301369863,41,3321,0,0.0000000000,0.1603865307,3240,7,0.0021604938,0.0027758574,0.0008736318,true,0.7196627522,0,0.1917170540,0,0.0000000000
daily,IWM,2026-08-17,1530,ssvi,ok,,-0.4000000000,0.4000000000,81,0.0027397260,1.4301369863,41,3321,0,0.0000000000,0.2559625498,3240,0,0.0000000000,0.0000000000,0.0000000000,true,0.7196627522,0,0.3115295736,0,0.0000000000
daily,IWM,2026-08-17,1530,essvi,ok,,-0.4000000000,0.4000000000,81,0.0027397260,1.4301369863,41,3321,0,0.0000000000,0.2586135640,3240,0,0.0000000000,0.0000000000,0.0000005770,true,0.7196627522,0,0.3052888995,0,0.0000000000
daily,IWM,2026-08-17,1530,essvi_g05,ok,,-0.4000000000,0.4000000000,81,0.0027397260,1.4301369863,41,3321,0,0.0000000000,0.2551073082,3240,0,0.0000000000,0.0000000000,0.0000000000,true,0.7196627522,0,0.2996985045,0,0.0000000000
daily,IWM,2026-08-17,1530,essvi_gfree,ok,,-0.4000000000,0.4000000000,81,0.0027397260,1.4301369863,41,3321,0,0.0000000000,0.2539915021,3240,0,0.0000000000,0.0000000000,0.0000000000,true,0.7196627522,0,0.2994629332,0,0.0000000000
daily,IWM,2026-08-17,1530,essvi_sg05,ok,,-0.4000000000,0.4000000000,81,0.0027397260,1.4301369863,41,3321,0,0.0000000000,0.2567918753,3240,0,0.0000000000,0.0000000000,0.0000000000,true,0.7196627522,0,0.3090937648,0,0.0000000000
daily,IWM,2026-08-18,1530,svi,ok,,-0.4000000000,0.4000000000,81,0.0027397260,1.4273972603,41,3321,0,0.0000000000,0.1666387748,3240,26,0.0080246914,0.0015116993,0.0005810729,true,0.7190605239,0,0.1667078143,0,0.0000000000
daily,IWM,2026-08-18,1530,ssvi,ok,,-0.4000000000,0.4000000000,81,0.0027397260,1.4273972603,41,3321,0,0.0000000000,0.2568011858,3240,0,0.0000000000,0.0000000000,0.0000000000,true,0.7190605239,0,0.3037774071,0,0.0000000000
daily,IWM,2026-08-18,1530,essvi,ok,,-0.4000000000,0.4000000000,81,0.0027397260,1.4273972603,41,3321,0,0.0000000000,0.2603078178,3240,0,0.0000000000,0.0000000000,0.0000006162,true,0.7190605239,0,0.3010909524,0,0.0000000000
daily,IWM,2026-08-18,1530,essvi_g05,ok,,-0.4000000000,0.4000000000,81,0.0027397260,1.4273972603,41,3321,0,0.0000000000,0.2560976449,3240,0,0.0000000000,0.0000000000,0.0000000000,true,0.7190605239,0,0.2935615639,0,0.0000000000
daily,IWM,2026-08-18,1530,essvi_gfree,ok,,-0.4000000000,0.4000000000,81,0.0027397260,1.4273972603,41,3321,0,0.0000000000,0.2548475328,3240,0,0.0000000000,0.0000000000,0.0000000000,true,0.7190605239,0,0.2921003796,0,0.0000000000
daily,IWM,2026-08-18,1530,essvi_sg05,ok,,-0.4000000000,0.4000000000,81,0.0027397260,1.4273972603,41,3321,0,0.0000000000,0.2571735740,3240,0,0.0000000000,0.0000000000,0.0000000000,true,0.7190605239,0,0.2999271799,0,0.0000000000
daily,IWM,2026-08-19,1530,svi,ok,,-0.4000000000,0.4000000000,81,0.0027397260,1.4246575342,41,3321,0,0.0000000000,0.1474546196,3240,23,0.0070987654,0.0050564313,0.0034871865,true,0.7205660945,0,0.1610509734,0,0.0000000000
daily,IWM,2026-08-19,1530,ssvi,ok,,-0.4000000000,0.4000000000,81,0.0027397260,1.4246575342,41,3321,0,0.0000000000,0.2562638448,3240,0,0.0000000000,0.0000000000,0.0000000000,true,0.7205660945,0,0.3053428344,0,0.0000000000
daily,IWM,2026-08-19,1530,essvi,ok,,-0.4000000000,0.4000000000,81,0.0027397260,1.4246575342,41,3321,0,0.0000000000,0.2601413202,3240,0,0.0000000000,0.0000000000,0.0000003308,true,0.7205660945,0,0.3012872451,0,0.0000000000
daily,IWM,2026-08-19,1530,essvi_g05,ok,,-0.4000000000,0.4000000000,81,0.0027397260,1.4246575342,41,3321,0,0.0000000000,0.2557457077,3240,0,0.0000000000,0.0000000000,0.0000000000,true,0.7205660945,0,0.2920205169,0,0.0000000000
daily,IWM,2026-08-19,1530,essvi_gfree,ok,,-0.4000000000,0.4000000000,81,0.0027397260,1.4246575342,41,3321,0,0.0000000000,0.2551410140,3240,0,0.0000000000,0.0000000000,0.0000000000,true,0.7205660945,0,0.2915958157,0,0.0000000000
daily,IWM,2026-08-19,1530,essvi_sg05,ok,,-0.4000000000,0.4000000000,81,0.0027397260,1.4246575342,41,3321,0,0.0000000000,0.2571269045,3240,0,0.0000000000,0.0000000000,0.0000000000,true,0.7205660945,0,0.3024812311,0,0.0000000000
daily,IWM,2026-08-20,1530,svi,ok,,-0.4000000000,0.4000000000,81,0.0027397260,1.4219178082,41,3321,0,0.0000000000,0.1092080334,3240,57,0.0175925926,0.0038053039,0.0014148747,true,0.7184582957,0,0.1522348320,0,0.0000000000
daily,IWM,2026-08-20,1530,ssvi,ok,,-0.4000000000,0.4000000000,81,0.0027397260,1.4219178082,41,3321,0,0.0000000000,0.2582237794,3240,0,0.0000000000,0.0000000000,0.0000000000,true,0.7184582957,0,0.3044342801,0,0.0000000000
daily,IWM,2026-08-20,1530,essvi,ok,,-0.4000000000,0.4000000000,81,0.0027397260,1.4219178082,41,3321,0,0.0000000000,0.2657716234,3240,0,0.0000000000,0.0000000000,0.0000031050,false,0.7184582957,0,0.2926327433,0,0.0000000000
daily,IWM,2026-08-20,1530,essvi_g05,ok,,-0.4000000000,0.4000000000,81,0.0027397260,1.4219178082,41,3321,0,0.0000000000,0.2575220536,3240,0,0.0000000000,0.0000000000,0.0000000000,true,0.7184582957,0,0.2973163977,0,0.0000000000
daily,IWM,2026-08-20,1530,essvi_gfree,ok,,-0.4000000000,0.4000000000,81,0.0027397260,1.4219178082,41,3321,0,0.0000000000,0.2589074191,3240,0,0.0000000000,0.0000000000,0.0000000000,true,0.7184582957,0,0.2918643748,0,0.0000000000
daily,IWM,2026-08-20,1530,essvi_sg05,ok,,-0.4000000000,0.4000000000,81,0.0027397260,1.4219178082,41,3321,0,0.0000000000,0.2596327234,3240,0,0.0000000000,0.0000000000,0.0000000000,true,0.7184582957,0,0.2998985124,0,0.0000000000
daily,IWM,2026-08-21,1530,svi,ok,,-0.4000000000,0.4000000000,81,0.0082191781,1.4191780822,41,3321,17,0.0051189401,-1.3930749267,3240,10,0.0030864198,0.0007314766,0.0008139183,true,0.7115326709,0,0.1162646073,0,0.0000000000
daily,IWM,2026-08-21,1530,ssvi,ok,,-0.4000000000,0.4000000000,81,0.0082191781,1.4191780822,41,3321,0,0.0000000000,0.2567056828,3240,0,0.0000000000,0.0000000000,0.0000000000,true,0.7115326709,0,0.2968545518,0,0.0000000000
daily,IWM,2026-08-21,1530,essvi,ok,,-0.4000000000,0.4000000000,81,0.0082191781,1.4191780822,41,3321,0,0.0000000000,0.2604654827,3240,6,0.0018518519,0.0001571767,0.0000015613,false,0.7115326709,0,0.2953262918,0,0.0000000000
daily,IWM,2026-08-21,1530,essvi_g05,ok,,-0.4000000000,0.4000000000,81,0.0082191781,1.4191780822,41,3321,0,0.0000000000,0.2554024490,3240,0,0.0000000000,0.0000000000,0.0000000000,true,0.7115326709,0,0.2836874991,0,0.0000000000
daily,IWM,2026-08-21,1530,essvi_gfree,ok,,-0.4000000000,0.4000000000,81,0.0082191781,1.4191780822,41,3321,0,0.0000000000,0.2540173100,3240,0,0.0000000000,0.0000000000,0.0000000000,true,0.7115326709,0,0.2823988452,0,0.0000000000
daily,IWM,2026-08-21,1530,essvi_sg05,ok,,-0.4000000000,0.4000000000,81,0.0082191781,1.4191780822,41,3321,0,0.0000000000,0.2574799642,3240,0,0.0000000000,0.0000000000,0.0000000000,true,0.7115326709,0,0.2963948422,0,0.0000000000
daily,IWM,2026-08-24,1538,svi,ok,,-0.4000000000,0.4000000000,81,0.0027397260,1.4109589041,41,3321,27,0.0081300813,-3.9665649178,3240,15,0.0046296296,0.0004362856,0.0023290070,true,0.7172538392,0,0.1215675990,0,0.0000000000
daily,IWM,2026-08-24,1538,ssvi,ok,,-0.4000000000,0.4000000000,81,0.0027397260,1.4109589041,41,3321,0,0.0000000000,0.2559096183,3240,0,0.0000000000,0.0000000000,0.0000000000,true,0.7172538392,0,0.3054745580,0,0.0000000000
daily,IWM,2026-08-24,1538,essvi,ok,,-0.4000000000,0.4000000000,81,0.0027397260,1.4109589041,41,3321,0,0.0000000000,0.2597583826,3240,11,0.0033950617,0.0004025181,0.0000016856,false,0.7172538392,0,0.2967958249,0,0.0000000000
daily,IWM,2026-08-24,1538,essvi_g05,ok,,-0.4000000000,0.4000000000,81,0.0027397260,1.4109589041,41,3321,0,0.0000000000,0.2551556790,3240,0,0.0000000000,0.0000000000,0.0000000000,true,0.7172538392,0,0.2924807092,0,0.0000000000
daily,IWM,2026-08-24,1538,essvi_gfree,ok,,-0.4000000000,0.4000000000,81,0.0027397260,1.4109589041,41,3321,0,0.0000000000,0.2551708264,3240,0,0.0000000000,0.0000000000,0.0000000000,true,0.7172538392,0,0.2924070328,0,0.0000000000
daily,IWM,2026-08-24,1538,essvi_sg05,ok,,-0.4000000000,0.4000000000,81,0.0027397260,1.4109589041,41,3321,0,0.0000000000,0.2568142243,3240,0,0.0000000000,0.0000000000,0.0000000000,true,0.7172538392,0,0.3029362080,0,0.0000000000
daily,IWM,2026-08-25,1530,svi,ok,,-0.4000000000,0.4000000000,81,0.0027397260,1.4082191781,41,3321,0,0.0000000000,0.1021575085,3240,29,0.0089506173,0.0007346591,0.0006198066,true,0.7094248720,0,0.1277146962,0,0.0000000000
daily,IWM,2026-08-25,1530,ssvi,ok,,-0.4000000000,0.4000000000,81,0.0027397260,1.4082191781,41,3321,0,0.0000000000,0.2558472567,3240,0,0.0000000000,0.0000000000,0.0000000000,true,0.7094248720,0,0.2976653469,0,0.0000000000
daily,IWM,2026-08-25,1530,essvi,ok,,-0.4000000000,0.4000000000,81,0.0027397260,1.4082191781,41,3321,0,0.0000000000,0.2599965732,3240,0,0.0000000000,0.0000000000,0.0000018597,false,0.7094248720,0,0.2962155615,0,0.0000000000
daily,IWM,2026-08-25,1530,essvi_g05,ok,,-0.4000000000,0.4000000000,81,0.0027397260,1.4082191781,41,3321,0,0.0000000000,0.2554996131,3240,0,0.0000000000,0.0000000000,0.0000000000,true,0.7094248720,0,0.2882464988,0,0.0000000000
daily,IWM,2026-08-25,1530,essvi_gfree,ok,,-0.4000000000,0.4000000000,81,0.0027397260,1.4082191781,41,3321,0,0.0000000000,0.2550634694,3240,0,0.0000000000,0.0000000000,0.0000000000,true,0.7094248720,0,0.2877061518,0,0.0000000000
daily,IWM,2026-08-25,1530,essvi_sg05,ok,,-0.4000000000,0.4000000000,81,0.0027397260,1.4082191781,41,3321,0,0.0000000000,0.2566702218,3240,0,0.0000000000,0.0000000000,0.0000000000,true,0.7094248720,0,0.2958767843,0,0.0000000000
daily,IWM,2026-08-26,1530,svi,ok,,-0.4000000000,0.4000000000,81,0.0027397260,1.4054794521,41,3321,56,0.0168623908,-5.6498712539,3240,21,0.0064814815,0.0018625502,0.0006841484,true,0.7070159590,2,-0.4716863758,0,0.0000000000
daily,IWM,2026-08-26,1530,ssvi,ok,,-0.4000000000,0.4000000000,81,0.0027397260,1.4054794521,41,3321,0,0.0000000000,0.2561480160,3240,0,0.0000000000,0.0000000000,0.0000000000,true,0.7070159590,0,0.3021588679,0,0.0000000000
daily,IWM,2026-08-26,1530,essvi,ok,,-0.4000000000,0.4000000000,81,0.0027397260,1.4054794521,41,3321,0,0.0000000000,0.2613192303,3240,71,0.0219135802,0.0008003350,0.0000091926,false,0.7070159590,0,0.2939594578,0,0.0000000000
daily,IWM,2026-08-26,1530,essvi_g05,ok,,-0.4000000000,0.4000000000,81,0.0027397260,1.4054794521,41,3321,0,0.0000000000,0.2556010146,3240,0,0.0000000000,0.0000000000,0.0000000000,true,0.7070159590,0,0.2883775916,0,0.0000000000
daily,IWM,2026-08-26,1530,essvi_gfree,ok,,-0.4000000000,0.4000000000,81,0.0027397260,1.4054794521,41,3321,0,0.0000000000,0.2550825209,3240,0,0.0000000000,0.0000000000,0.0000000000,true,0.7070159590,0,0.2897155418,0,0.0000000000
daily,IWM,2026-08-26,1530,essvi_sg05,ok,,-0.4000000000,0.4000000000,81,0.0027397260,1.4054794521,41,3321,0,0.0000000000,0.2572745812,3240,0,0.0000000000,0.0000000000,0.0000000000,true,0.7070159590,0,0.2998636368,0,0.0000000000
daily,IWM,2026-08-27,1530,svi,ok,,-0.4000000000,0.4000000000,81,0.0027397260,1.4027397260,41,3321,0,0.0000000000,0.1272523155,3240,8,0.0024691358,0.0034277317,0.0016007027,true,0.7199638663,0,0.1337041933,0,0.0000000000
daily,IWM,2026-08-27,1530,ssvi,ok,,-0.4000000000,0.4000000000,81,0.0027397260,1.4027397260,41,3321,0,0.0000000000,0.2592619637,3240,0,0.0000000000,0.0000000000,0.0000000000,true,0.7199638663,0,0.3045596738,0,0.0000000000
daily,IWM,2026-08-27,1530,essvi,ok,,-0.4000000000,0.4000000000,81,0.0027397260,1.4027397260,41,3321,0,0.0000000000,0.2694700451,3240,25,0.0077160494,0.0003404899,0.0000035866,false,0.7199638663,0,0.2855095339,0,0.0000000000
daily,IWM,2026-08-27,1530,essvi_g05,ok,,-0.4000000000,0.4000000000,81,0.0027397260,1.4027397260,41,3321,0,0.0000000000,0.2587884446,3240,0,0.0000000000,0.0000000000,0.0000000000,true,0.7199638663,0,0.2790111274,0,0.0000000000
daily,IWM,2026-08-27,1530,essvi_gfree,ok,,-0.4000000000,0.4000000000,81,0.0027397260,1.4027397260,41,3321,0,0.0000000000,0.2586537431,3240,0,0.0000000000,0.0000000000,0.0000000000,true,0.7199638663,0,0.2790657083,0,0.0000000000
daily,IWM,2026-08-27,1530,essvi_sg05,ok,,-0.4000000000,0.4000000000,81,0.0027397260,1.4027397260,41,3321,0,0.0000000000,0.2610124365,3240,0,0.0000000000,0.0000000000,0.0000000000,true,0.7199638663,0,0.2856828719,0,0.0000000000
daily,IWM,2026-08-31,1530,svi,ok,,-0.4000000000,0.4000000000,81,0.0027397260,1.3917808219,41,3321,0,0.0000000000,0.1271978738,3240,7,0.0021604938,0.0001122509,0.0008109231,true,0.7515808491,0,0.1290845989,0,0.0000000000
daily,IWM,2026-08-31,1530,ssvi,ok,,-0.4000000000,0.4000000000,81,0.0027397260,1.3917808219,41,3321,0,0.0000000000,0.2556707698,3240,0,0.0000000000,0.0000000000,0.0000000000,true,0.7515808491,0,0.2947155237,0,0.0000000000
daily,IWM,2026-08-31,1530,essvi,ok,,-0.4000000000,0.4000000000,81,0.0027397260,1.3917808219,41,3321,0,0.0000000000,0.2612463644,3240,0,0.0000000000,0.0000000000,0.0000017418,false,0.7515808491,0,0.2908506388,0,0.0000000000
daily,IWM,2026-08-31,1530,essvi_g05,ok,,-0.4000000000,0.4000000000,81,0.0027397260,1.3917808219,41,3321,0,0.0000000000,0.2547504519,3240,0,0.0000000000,0.0000000000,0.0000000000,true,0.7515808491,0,0.2818252928,0,0.0000000000
daily,IWM,2026-08-31,1530,essvi_gfree,ok,,-0.4000000000,0.4000000000,81,0.0027397260,1.3917808219,41,3321,0,0.0000000000,0.2538304886,3240,0,0.0000000000,0.0000000000,0.0000000000,true,0.7515808491,0,0.2804967216,0,0.0000000000
daily,IWM,2026-08-31,1530,essvi_sg05,ok,,-0.4000000000,0.4000000000,81,0.0027397260,1.3917808219,41,3321,0,0.0000000000,0.2568294063,3240,0,0.0000000000,0.0000000000,0.0000000000,true,0.7515808491,0,0.2940500603,0,0.0000000000
daily,IWM,2026-09-01,1530,svi,ok,,-0.4000000000,0.4000000000,81,0.0027397260,1.3890410959,41,3321,0,0.0000000000,0.1491330888,3240,62,0.0191358025,0.0054965456,0.0034567760,true,0.7295995182,0,0.1491330888,0,0.0000000000
daily,IWM,2026-09-01,1530,ssvi,ok,,-0.4000000000,0.4000000000,81,0.0027397260,1.3890410959,41,3321,0,0.0000000000,0.2565863919,3240,0,0.0000000000,0.0000000000,0.0000000000,true,0.7295995182,0,0.2961508944,0,0.0000000000
daily,IWM,2026-09-01,1530,essvi,ok,,-0.4000000000,0.4000000000,81,0.0027397260,1.3890410959,41,3321,0,0.0000000000,0.2593145106,3240,2,0.0006172840,0.0000007186,0.0000037469,false,0.7295995182,0,0.2906633131,2,0.0000007186
daily,IWM,2026-09-01,1530,essvi_g05,ok,,-0.4000000000,0.4000000000,81,0.0027397260,1.3890410959,41,3321,0,0.0000000000,0.2558572334,3240,0,0.0000000000,0.0000000000,0.0000000000,true,0.7295995182,0,0.2877530449,0,0.0000000000
daily,IWM,2026-09-01,1530,essvi_gfree,ok,,-0.4000000000,0.4000000000,81,0.0027397260,1.3890410959,41,3321,0,0.0000000000,0.2556853557,3240,0,0.0000000000,0.0000000000,0.0000000000,true,0.7295995182,0,0.2876045039,0,0.0000000000
daily,IWM,2026-09-01,1530,essvi_sg05,ok,,-0.4000000000,0.4000000000,81,0.0027397260,1.3890410959,41,3321,0,0.0000000000,0.2574730769,3240,0,0.0000000000,0.0000000000,0.0000000000,true,0.7295995182,0,0.2931816393,0,0.0000000000
daily,IWM,2026-09-02,1530,svi,ok,,-0.4000000000,0.4000000000,81,0.0027397260,1.3863013699,41,3321,0,0.0000000000,0.1273461261,3240,30,0.0092592593,0.0054729713,0.0050775799,true,0.7467630232,0,0.1273461261,0,0.0000000000
daily,IWM,2026-09-02,1530,ssvi,ok,,-0.4000000000,0.4000000000,81,0.0027397260,1.3863013699,41,3321,0,0.0000000000,0.2575016597,3240,0,0.0000000000,0.0000000000,0.0000000000,true,0.7467630232,0,0.2945488178,0,0.0000000000
daily,IWM,2026-09-02,1530,essvi,ok,,-0.4000000000,0.4000000000,81,0.0027397260,1.3863013699,41,3321,0,0.0000000000,0.2656957313,3240,14,0.0043209877,0.0001474959,0.0000010823,false,0.7467630232,0,0.2862095248,3,0.0000423636
daily,IWM,2026-09-02,1530,essvi_g05,ok,,-0.4000000000,0.4000000000,81,0.0027397260,1.3863013699,41,3321,0,0.0000000000,0.2567678030,3240,0,0.0000000000,0.0000000000,0.0000000000,true,0.7467630232,0,0.2813960403,0,0.0000000000
daily,IWM,2026-09-02,1530,essvi_gfree,ok,,-0.4000000000,0.4000000000,81,0.0027397260,1.3863013699,41,3321,0,0.0000000000,0.2568319151,3240,0,0.0000000000,0.0000000000,0.0000000000,true,0.7467630232,0,0.2809965456,0,0.0000000000
daily,IWM,2026-09-02,1530,essvi_sg05,ok,,-0.4000000000,0.4000000000,81,0.0027397260,1.3863013699,41,3321,0,0.0000000000,0.2587157171,3240,0,0.0000000000,0.0000000000,0.0000000000,true,0.7467630232,0,0.2881061369,0,0.0000000000
daily,IWM,2026-09-03,1530,svi,ok,,-0.4000000000,0.4000000000,81,0.0027397260,1.3835616438,41,3321,0,0.0000000000,0.1028063834,3240,14,0.0043209877,0.0004441060,0.0012596441,true,0.7365251430,0,0.1028063834,0,0.0000000000
daily,IWM,2026-09-03,1530,ssvi,ok,,-0.4000000000,0.4000000000,81,0.0027397260,1.3835616438,41,3321,0,0.0000000000,0.2577841499,3240,0,0.0000000000,0.0000000000,0.0000000000,true,0.7365251430,0,0.2951004292,0,0.0000000000
daily,IWM,2026-09-03,1530,essvi,ok,,-0.4000000000,0.4000000000,81,0.0027397260,1.3835616438,41,3321,0,0.0000000000,0.2659580770,3240,82,0.0253086420,0.0009309057,0.0000016754,false,0.7365251430,0,0.2847222631,0,0.0000000000
daily,IWM,2026-09-03,1530,essvi_g05,ok,,-0.4000000000,0.4000000000,81,0.0027397260,1.3835616438,41,3321,0,0.0000000000,0.2568700424,3240,22,0.0067901235,0.0001534914,0.0000000000,true,0.7365251430,0,0.2848006495,0,0.0000000000
daily,IWM,2026-09-03,1530,essvi_gfree,ok,,-0.4000000000,0.4000000000,81,0.0027397260,1.3835616438,41,3321,0,0.0000000000,0.2568079899,3240,20,0.0061728395,0.0001427313,0.0000000000,true,0.7365251430,0,0.2854956353,0,0.0000000000
daily,IWM,2026-09-03,1530,essvi_sg05,ok,,-0.4000000000,0.4000000000,81,0.0027397260,1.3835616438,41,3321,0,0.0000000000,0.2592773006,3240,3,0.0009259259,0.0000179286,0.0000000000,true,0.7365251430,0,0.2868549391,0,0.0000000000
daily,IWM,2026-09-04,1530,svi,ok,,-0.4000000000,0.4000000000,81,0.0109589041,1.3808219178,41,3321,0,0.0000000000,0.0985064090,3240,6,0.0018518519,0.0015921365,0.0006748008,true,0.7729599518,0,0.0985064090,0,0.0000000000
daily,IWM,2026-09-04,1530,ssvi,ok,,-0.4000000000,0.4000000000,81,0.0109589041,1.3808219178,41,3321,0,0.0000000000,0.2574063063,3240,0,0.0000000000,0.0000000000,0.0000000000,true,0.7729599518,0,0.2977393897,0,0.0000000000
daily,IWM,2026-09-04,1530,essvi,ok,,-0.4000000000,0.4000000000,81,0.0109589041,1.3808219178,41,3321,0,0.0000000000,0.2611044910,3240,0,0.0000000000,0.0000000000,0.0000016555,false,0.7729599518,0,0.2879352949,0,0.0000000000
daily,IWM,2026-09-04,1530,essvi_g05,ok,,-0.4000000000,0.4000000000,81,0.0109589041,1.3808219178,41,3321,0,0.0000000000,0.2563578943,3240,0,0.0000000000,0.0000000000,0.0000000000,true,0.7729599518,0,0.2773768145,0,0.0000000000
daily,IWM,2026-09-04,1530,essvi_gfree,ok,,-0.4000000000,0.4000000000,81,0.0109589041,1.3808219178,41,3321,0,0.0000000000,0.2542842112,3240,0,0.0000000000,0.0000000000,0.0000000000,true,0.7729599518,0,0.2757641879,0,0.0000000000
daily,IWM,2026-09-04,1530,essvi_sg05,ok,,-0.4000000000,0.4000000000,81,0.0109589041,1.3808219178,41,3321,0,0.0000000000,0.2576692755,3240,0,0.0000000000,0.0000000000,0.0000000000,true,0.7729599518,0,0.2878583219,0,0.0000000000
daily,IWM,2026-09-08,1530,svi,ok,,-0.4000000000,0.4000000000,81,0.0027397260,1.3698630137,41,3321,0,0.0000000000,0.1354336221,3240,19,0.0058641975,0.0039153913,0.0037114122,true,0.7563986751,0,0.1354336221,0,0.0000000000
daily,IWM,2026-09-08,1530,ssvi,ok,,-0.4000000000,0.4000000000,81,0.0027397260,1.3698630137,41,3321,0,0.0000000000,0.2565820070,3240,0,0.0000000000,0.0000000000,0.0000000000,true,0.7563986751,0,0.3004547840,0,0.0000000000
daily,IWM,2026-09-08,1530,essvi,ok,,-0.4000000000,0.4000000000,81,0.0027397260,1.3698630137,41,3321,0,0.0000000000,0.2605983875,3240,0,0.0000000000,0.0000000000,0.0000018149,false,0.7563986751,0,0.2918259865,0,0.0000000000
daily,IWM,2026-09-08,1530,essvi_g05,ok,,-0.4000000000,0.4000000000,81,0.0027397260,1.3698630137,41,3321,0,0.0000000000,0.2557783928,3240,0,0.0000000000,0.0000000000,0.0000000000,true,0.7563986751,0,0.2890357852,0,0.0000000000
daily,IWM,2026-09-08,1530,essvi_gfree,ok,,-0.4000000000,0.4000000000,81,0.0027397260,1.3698630137,41,3321,0,0.0000000000,0.2555832204,3240,0,0.0000000000,0.0000000000,0.0000000000,true,0.7563986751,0,0.2889692632,0,0.0000000000
daily,IWM,2026-09-08,1530,essvi_sg05,ok,,-0.4000000000,0.4000000000,81,0.0027397260,1.3698630137,41,3321,0,0.0000000000,0.2573308719,3240,0,0.0000000000,0.0000000000,0.0000000000,true,0.7563986751,0,0.2985919822,0,0.0000000000
daily,IWM,2026-09-09,1530,svi,ok,,-0.4000000000,0.4000000000,81,0.0027397260,1.3671232877,41,3321,0,0.0000000000,0.1339857766,3240,16,0.0049382716,0.0043230854,0.0042217591,true,0.7675398976,0,0.1339857766,0,0.0000000000
daily,IWM,2026-09-09,1530,ssvi,ok,,-0.4000000000,0.4000000000,81,0.0027397260,1.3671232877,41,3321,0,0.0000000000,0.2581941176,3240,0,0.0000000000,0.0000000000,0.0000000000,true,0.7675398976,0,0.3012759544,0,0.0000000000
daily,IWM,2026-09-09,1530,essvi,ok,,-0.4000000000,0.4000000000,81,0.0027397260,1.3671232877,41,3321,0,0.0000000000,0.2663583320,3240,0,0.0000000000,0.0000000000,0.0000024016,false,0.7675398976,0,0.2927344362,0,0.0000000000
daily,IWM,2026-09-09,1530,essvi_g05,ok,,-0.4000000000,0.4000000000,81,0.0027397260,1.3671232877,41,3321,0,0.0000000000,0.2575470509,3240,0,0.0000000000,0.0000000000,0.0000000000,true,0.7675398976,0,0.2898523985,0,0.0000000000
daily,IWM,2026-09-09,1530,essvi_gfree,ok,,-0.4000000000,0.4000000000,81,0.0027397260,1.3671232877,41,3321,0,0.0000000000,0.2579327271,3240,0,0.0000000000,0.0000000000,0.0000000000,true,0.7675398976,0,0.2900846363,0,0.0000000000
daily,IWM,2026-09-09,1530,essvi_sg05,ok,,-0.4000000000,0.4000000000,81,0.0027397260,1.3671232877,41,3321,0,0.0000000000,0.2592398677,3240,0,0.0000000000,0.0000000000,0.0000000000,true,0.7675398976,0,0.2963560256,0,0.0000000000
daily,IWM,2026-09-10,1530,svi,ok,,-0.4000000000,0.4000000000,81,0.0027397260,1.3643835616,41,3321,0,0.0000000000,0.0977067354,3240,50,0.0154320988,0.0039154152,0.0034130254,true,0.7437518820,0,0.1266458386,0,0.0000000000
daily,IWM,2026-09-10,1530,ssvi,ok,,-0.4000000000,0.4000000000,81,0.0027397260,1.3643835616,41,3321,0,0.0000000000,0.2643327440,3240,0,0.0000000000,0.0000000000,0.0000000000,true,0.7437518820,0,0.2990669135,0,0.0000000000
daily,IWM,2026-09-10,1530,essvi,ok,,-0.4000000000,0.4000000000,81,0.0027397260,1.3643835616,41,3321,0,0.0000000000,0.2723552152,3240,76,0.0234567901,0.0006210012,0.0000039429,false,0.7437518820,0,0.2905472788,14,0.0002173326
daily,IWM,2026-09-10,1530,essvi_g05,ok,,-0.4000000000,0.4000000000,81,0.0027397260,1.3643835616,41,3321,0,0.0000000000,0.2634852350,3240,0,0.0000000000,0.0000000000,0.0000000000,true,0.7437518820,0,0.2769742810,0,0.0000000000
daily,IWM,2026-09-10,1530,essvi_gfree,ok,,-0.4000000000,0.4000000000,81,0.0027397260,1.3643835616,41,3321,0,0.0000000000,0.2631596017,3240,0,0.0000000000,0.0000000000,0.0000000000,true,0.7437518820,0,0.2815403610,0,0.0000000000
daily,IWM,2026-09-10,1530,essvi_sg05,ok,,-0.4000000000,0.4000000000,81,0.0027397260,1.3643835616,41,3321,0,0.0000000000,0.2654706435,3240,0,0.0000000000,0.0000000000,0.0000000000,true,0.7437518820,0,0.2934510037,0,0.0000000000
daily,IWM,2026-09-11,1530,svi,ok,,-0.4000000000,0.4000000000,81,0.0082191781,1.3616438356,41,3321,0,0.0000000000,0.1027103737,3240,48,0.0148148148,0.0044469523,0.0049974008,true,0.7494730503,0,0.1027103737,0,0.0000000000
daily,IWM,2026-09-11,1530,ssvi,ok,,-0.4000000000,0.4000000000,81,0.0082191781,1.3616438356,41,3321,0,0.0000000000,0.2573967989,3240,0,0.0000000000,0.0000000000,0.0000000000,true,0.7494730503,0,0.2936903340,0,0.0000000000
daily,IWM,2026-09-11,1530,essvi,ok,,-0.4000000000,0.4000000000,81,0.0082191781,1.3616438356,41,3321,0,0.0000000000,0.2587605673,3240,14,0.0043209877,0.0001740635,0.0000043646,false,0.7494730503,0,0.2815469404,6,0.0000025010
daily,IWM,2026-09-11,1530,essvi_g05,ok,,-0.4000000000,0.4000000000,81,0.0082191781,1.3616438356,41,3321,0,0.0000000000,0.2555954173,3240,0,0.0000000000,0.0000000000,0.0000000000,true,0.7494730503,0,0.2782492612,0,0.0000000000
daily,IWM,2026-09-11,1530,essvi_gfree,ok,,-0.4000000000,0.4000000000,81,0.0082191781,1.3616438356,41,3321,0,0.0000000000,0.2523283634,3240,0,0.0000000000,0.0000000000,0.0000000000,true,0.7494730503,0,0.2708676255,0,0.0000000000
daily,IWM,2026-09-11,1530,essvi_sg05,ok,,-0.4000000000,0.4000000000,81,0.0082191781,1.3616438356,41,3321,0,0.0000000000,0.2582127195,3240,0,0.0000000000,0.0000000000,0.0000000000,true,0.7494730503,0,0.2878839851,0,0.0000000000
daily,META,2026-08-14,1530,svi,ok,,-0.4000000000,0.4000000000,81,0.0082191781,1.4383561644,41,3321,0,0.0000000000,0.1454129517,3240,0,0.0000000000,0.0000000000,0.0001762390,true,0.9457994580,0,0.1851512778,0,0.0000000000
daily,META,2026-08-14,1530,ssvi,ok,,-0.4000000000,0.4000000000,81,0.0082191781,1.4383561644,41,3321,0,0.0000000000,0.2917541502,3240,0,0.0000000000,0.0000000000,0.0000000000,true,0.9457994580,0,0.5157167554,0,0.0000000000
daily,META,2026-08-14,1530,essvi,ok,,-0.4000000000,0.4000000000,81,0.0082191781,1.4383561644,41,3321,0,0.0000000000,0.2795375591,3240,0,0.0000000000,0.0000000000,0.0000000000,true,0.9457994580,0,0.4473609693,0,0.0000000000
daily,META,2026-08-14,1530,essvi_g05,ok,,-0.4000000000,0.4000000000,81,0.0082191781,1.4383561644,41,3321,0,0.0000000000,0.2832731606,3240,0,0.0000000000,0.0000000000,0.0000000000,true,0.9457994580,0,0.4696248873,0,0.0000000000
daily,META,2026-08-14,1530,essvi_gfree,ok,,-0.4000000000,0.4000000000,81,0.0082191781,1.4383561644,41,3321,0,0.0000000000,0.2679275524,3240,0,0.0000000000,0.0000000000,0.0000000000,true,0.9457994580,0,0.3742827866,0,0.0000000000
daily,META,2026-08-14,1530,essvi_sg05,ok,,-0.4000000000,0.4000000000,81,0.0082191781,1.4383561644,41,3321,0,0.0000000000,0.2894247374,3240,0,0.0000000000,0.0000000000,0.0000000000,true,0.9457994580,0,0.5047550738,0,0.0000000000
daily,META,2026-08-17,1530,svi,ok,,-0.4000000000,0.4000000000,81,0.0054794521,1.4301369863,41,3321,0,0.0000000000,0.0840004130,3240,0,0.0000000000,0.0000000000,0.0002090863,true,0.9482083710,0,0.3417319247,0,0.0000000000
daily,META,2026-08-17,1530,ssvi,ok,,-0.4000000000,0.4000000000,81,0.0054794521,1.4301369863,41,3321,0,0.0000000000,0.3122574955,3240,0,0.0000000000,0.0000000000,0.0000000000,true,0.9482083710,0,0.5301175990,0,0.0000000000
daily,META,2026-08-17,1530,essvi,ok,,-0.4000000000,0.4000000000,81,0.0054794521,1.4301369863,41,3321,0,0.0000000000,0.4143860689,3240,0,0.0000000000,0.0000000000,0.0000006743,true,0.9482083710,0,0.5274009541,0,0.0000000000
daily,META,2026-08-17,1530,essvi_g05,ok,,-0.4000000000,0.4000000000,81,0.0054794521,1.4301369863,41,3321,0,0.0000000000,0.3004691175,3240,0,0.0000000000,0.0000000000,0.0000000000,true,0.9482083710,0,0.4862787261,0,0.0000000000
daily,META,2026-08-17,1530,essvi_gfree,ok,,-0.4000000000,0.4000000000,81,0.0054794521,1.4301369863,41,3321,0,0.0000000000,0.2869303502,3240,0,0.0000000000,0.0000000000,0.0000000000,true,0.9482083710,0,0.4943181393,0,0.0000000000
daily,META,2026-08-17,1530,essvi_sg05,ok,,-0.4000000000,0.4000000000,81,0.0054794521,1.4301369863,41,3321,0,0.0000000000,0.3090910676,3240,0,0.0000000000,0.0000000000,0.0000000000,true,0.9482083710,0,0.5258717902,0,0.0000000000
daily,META,2026-08-18,1530,svi,ok,,-0.4000000000,0.4000000000,81,0.0027397260,1.4273972603,41,3321,0,0.0000000000,0.2362636634,3240,0,0.0000000000,0.0000000000,0.0001345064,true,0.9491117133,0,0.2581165460,0,0.0000000000
daily,META,2026-08-18,1530,ssvi,ok,,-0.4000000000,0.4000000000,81,0.0027397260,1.4273972603,41,3321,0,0.0000000000,0.2985599574,3240,0,0.0000000000,0.0000000000,0.0000000000,true,0.9491117133,0,0.4668684143,0,0.0000000000
daily,META,2026-08-18,1530,essvi,ok,,-0.4000000000,0.4000000000,81,0.0027397260,1.4273972603,41,3321,0,0.0000000000,0.3769578514,3240,0,0.0000000000,0.0000000000,0.0000000000,true,0.9491117133,0,0.5156788242,0,0.0000000000
daily,META,2026-08-18,1530,essvi_g05,ok,,-0.4000000000,0.4000000000,81,0.0027397260,1.4273972603,41,3321,0,0.0000000000,0.2873310254,3240,0,0.0000000000,0.0000000000,0.0000000000,true,0.9491117133,0,0.4151793853,0,0.0000000000
daily,META,2026-08-18,1530,essvi_gfree,ok,,-0.4000000000,0.4000000000,81,0.0027397260,1.4273972603,41,3321,0,0.0000000000,0.2706761495,3240,0,0.0000000000,0.0000000000,0.0000000000,true,0.9491117133,0,0.3447009722,0,0.0000000000
daily,META,2026-08-18,1530,essvi_sg05,ok,,-0.4000000000,0.4000000000,81,0.0027397260,1.4273972603,41,3321,0,0.0000000000,0.2982107689,3240,0,0.0000000000,0.0000000000,0.0000000000,true,0.9491117133,0,0.4551439756,0,0.0000000000
daily,META,2026-08-19,1530,svi,ok,,-0.4000000000,0.4000000000,81,0.0054794521,1.4246575342,41,3321,0,0.0000000000,0.1519954704,3240,0,0.0000000000,0.0000000000,0.0003849390,true,0.9566395664,0,0.1519954704,0,0.0000000000
daily,META,2026-08-19,1530,ssvi,ok,,-0.4000000000,0.4000000000,81,0.0054794521,1.4246575342,41,3321,0,0.0000000000,0.3115080886,3240,0,0.0000000000,0.0000000000,0.0000000000,true,0.9566395664,0,0.4160968420,0,0.0000000000
daily,META,2026-08-19,1530,essvi,ok,,-0.4000000000,0.4000000000,81,0.0054794521,1.4246575342,41,3321,0,0.0000000000,0.2825160652,3240,0,0.0000000000,0.0000000000,0.0000000000,true,0.9566395664,0,0.3384486749,0,0.0000000000
daily,META,2026-08-19,1530,essvi_g05,ok,,-0.4000000000,0.4000000000,81,0.0054794521,1.4246575342,41,3321,0,0.0000000000,0.3032045864,3240,0,0.0000000000,0.0000000000,0.0000000000,true,0.9566395664,0,0.3907003944,0,0.0000000000
daily,META,2026-08-19,1530,essvi_gfree,ok,,-0.4000000000,0.4000000000,81,0.0054794521,1.4246575342,41,3321,0,0.0000000000,0.2827353707,3240,0,0.0000000000,0.0000000000,0.0000000000,true,0.9566395664,0,0.3385942189,0,0.0000000000
daily,META,2026-08-19,1530,essvi_sg05,ok,,-0.4000000000,0.4000000000,81,0.0054794521,1.4246575342,41,3321,0,0.0000000000,0.3083585922,3240,0,0.0000000000,0.0000000000,0.0000000000,true,0.9566395664,0,0.4005274566,0,0.0000000000
daily,META,2026-08-20,1530,svi,ok,,-0.4000000000,0.4000000000,81,0.0027397260,1.4219178082,41,3321,0,0.0000000000,0.0730697943,3240,0,0.0000000000,0.0000000000,0.0001328357,true,0.9599518217,0,0.0757252600,0,0.0000000000
daily,META,2026-08-20,1530,ssvi,ok,,-0.4000000000,0.4000000000,81,0.0027397260,1.4219178082,41,3321,0,0.0000000000,0.2942129958,3240,0,0.0000000000,0.0000000000,0.0000000000,true,0.9599518217,0,0.4268230856,0,0.0000000000
daily,META,2026-08-20,1530,essvi,ok,,-0.4000000000,0.4000000000,81,0.0027397260,1.4219178082,41,3321,0,0.0000000000,0.2734737172,3240,0,0.0000000000,0.0000000000,0.0000000000,true,0.9599518217,0,0.3436774065,0,0.0000000000
daily,META,2026-08-20,1530,essvi_g05,ok,,-0.4000000000,0.4000000000,81,0.0027397260,1.4219178082,41,3321,0,0.0000000000,0.2848923397,3240,0,0.0000000000,0.0000000000,0.0000000000,true,0.9599518217,0,0.3827589205,0,0.0000000000
daily,META,2026-08-20,1530,essvi_gfree,ok,,-0.4000000000,0.4000000000,81,0.0027397260,1.4219178082,41,3321,0,0.0000000000,0.2724318214,3240,0,0.0000000000,0.0000000000,0.0000000000,true,0.9599518217,0,0.3391933281,0,0.0000000000
daily,META,2026-08-20,1530,essvi_sg05,ok,,-0.4000000000,0.4000000000,81,0.0027397260,1.4219178082,41,3321,0,0.0000000000,0.2912931653,3240,0,0.0000000000,0.0000000000,0.0000000000,true,0.9599518217,0,0.4011240938,0,0.0000000000
daily,META,2026-08-21,1530,svi,ok,,-0.4000000000,0.4000000000,81,0.0082191781,1.4191780822,41,3321,0,0.0000000000,0.2050034821,3240,0,0.0000000000,0.0000000000,0.0001419664,true,0.9572417946,0,0.2247888974,0,0.0000000000
daily,META,2026-08-21,1530,ssvi,ok,,-0.4000000000,0.4000000000,81,0.0082191781,1.4191780822,41,3321,0,0.0000000000,0.2939874054,3240,0,0.0000000000,0.0000000000,0.0000000000,true,0.9572417946,0,0.4886249255,0,0.0000000000
daily,META,2026-08-21,1530,essvi,ok,,-0.4000000000,0.4000000000,81,0.0082191781,1.4191780822,41,3321,0,0.0000000000,0.2743842029,3240,0,0.0000000000,0.0000000000,0.0000000000,true,0.9572417946,0,0.3957040708,0,0.0000000000
daily,META,2026-08-21,1530,essvi_g05,ok,,-0.4000000000,0.4000000000,81,0.0082191781,1.4191780822,41,3321,0,0.0000000000,0.2875078285,3240,0,0.0000000000,0.0000000000,0.0000000000,true,0.9572417946,0,0.4446518521,0,0.0000000000
daily,META,2026-08-21,1530,essvi_gfree,ok,,-0.4000000000,0.4000000000,81,0.0082191781,1.4191780822,41,3321,0,0.0000000000,0.2732240600,3240,0,0.0000000000,0.0000000000,0.0000000000,true,0.9572417946,0,0.3900216058,0,0.0000000000
daily,META,2026-08-21,1530,essvi_sg05,ok,,-0.4000000000,0.4000000000,81,0.0082191781,1.4191780822,41,3321,0,0.0000000000,0.2927363571,3240,0,0.0000000000,0.0000000000,0.0000000000,true,0.9572417946,0,0.4742697618,0,0.0000000000
daily,META,2026-08-24,1538,svi,ok,,-0.4000000000,0.4000000000,81,0.0054794521,1.4109589041,41,3321,0,0.0000000000,0.2482024159,3240,0,0.0000000000,0.0000000000,0.0000000000,true,0.9560373382,0,0.3138655687,0,0.0000000000
daily,META,2026-08-24,1538,ssvi,ok,,-0.4000000000,0.4000000000,81,0.0054794521,1.4109589041,41,3321,0,0.0000000000,0.3107811373,3240,0,0.0000000000,0.0000000000,0.0000000000,true,0.9560373382,0,0.5164627268,0,0.0000000000
daily,META,2026-08-24,1538,essvi,ok,,-0.4000000000,0.4000000000,81,0.0054794521,1.4109589041,41,3321,0,0.0000000000,0.3031813760,3240,0,0.0000000000,0.0000000000,0.0000000000,true,0.9560373382,0,0.4718801875,0,0.0000000000
daily,META,2026-08-24,1538,essvi_g05,ok,,-0.4000000000,0.4000000000,81,0.0054794521,1.4109589041,41,3321,0,0.0000000000,0.3011766684,3240,0,0.0000000000,0.0000000000,0.0000000000,true,0.9560373382,0,0.4770423983,0,0.0000000000
daily,META,2026-08-24,1538,essvi_gfree,ok,,-0.4000000000,0.4000000000,81,0.0054794521,1.4109589041,41,3321,0,0.0000000000,0.2942834814,3240,0,0.0000000000,0.0000000000,0.0000000000,true,0.9560373382,0,0.4752507308,0,0.0000000000
daily,META,2026-08-24,1538,essvi_sg05,ok,,-0.4000000000,0.4000000000,81,0.0054794521,1.4109589041,41,3321,0,0.0000000000,0.3094390070,3240,0,0.0000000000,0.0000000000,0.0000000000,true,0.9560373382,0,0.5047134272,0,0.0000000000
daily,META,2026-08-25,1530,svi,ok,,-0.4000000000,0.4000000000,81,0.0027397260,1.4082191781,41,3321,16,0.0048178260,-1828.6883378713,3240,19,0.0058641975,11.6026932283,0.0001584736,true,0.9485094851,0,0.0501667998,0,0.0000000000
daily,META,2026-08-25,1530,ssvi,ok,,-0.4000000000,0.4000000000,81,0.0027397260,1.4082191781,41,3321,0,0.0000000000,0.2935694226,3240,0,0.0000000000,0.0000000000,0.0000000000,true,0.9485094851,0,0.4906067149,0,0.0000000000
daily,META,2026-08-25,1530,essvi,ok,,-0.4000000000,0.4000000000,81,0.0027397260,1.4082191781,41,3321,0,0.0000000000,0.2767846683,3240,0,0.0000000000,0.0000000000,0.0000000000,true,0.9485094851,0,0.4016222410,0,0.0000000000
daily,META,2026-08-25,1530,essvi_g05,ok,,-0.4000000000,0.4000000000,81,0.0027397260,1.4082191781,41,3321,0,0.0000000000,0.2852681027,3240,0,0.0000000000,0.0000000000,0.0000000000,true,0.9485094851,0,0.4432712569,0,0.0000000000
daily,META,2026-08-25,1530,essvi_gfree,ok,,-0.4000000000,0.4000000000,81,0.0027397260,1.4082191781,41,3321,0,0.0000000000,0.2758288812,3240,0,0.0000000000,0.0000000000,0.0000000000,true,0.9485094851,0,0.3960118543,0,0.0000000000
daily,META,2026-08-25,1530,essvi_sg05,ok,,-0.4000000000,0.4000000000,81,0.0027397260,1.4082191781,41,3321,0,0.0000000000,0.2881979872,3240,0,0.0000000000,0.0000000000,0.0000000000,true,0.9485094851,0,0.4556133634,0,0.0000000000
daily,META,2026-08-26,1530,svi,ok,,-0.4000000000,0.4000000000,81,0.0054794521,1.4054794521,41,3321,0,0.0000000000,0.0158209499,3240,4,0.0012345679,0.0009189802,0.0001965504,true,0.9506172840,0,0.3823153814,0,0.0000000000
daily,META,2026-08-26,1530,ssvi,ok,,-0.4000000000,0.4000000000,81,0.0054794521,1.4054794521,41,3321,0,0.0000000000,0.3337170725,3240,0,0.0000000000,0.0000000000,0.0000000000,true,0.9506172840,0,0.5496689342,0,0.0000000000
daily,META,2026-08-26,1530,essvi,ok,,-0.4000000000,0.4000000000,81,0.0054794521,1.4054794521,41,3321,0,0.0000000000,0.3070140518,3240,0,0.0000000000,0.0000000000,0.0000000000,true,0.9506172840,0,0.4582259244,0,0.0000000000
daily,META,2026-08-26,1530,essvi_g05,ok,,-0.4000000000,0.4000000000,81,0.0054794521,1.4054794521,41,3321,0,0.0000000000,0.3179035903,3240,0,0.0000000000,0.0000000000,0.0000000000,true,0.9506172840,0,0.4916645166,0,0.0000000000
daily,META,2026-08-26,1530,essvi_gfree,ok,,-0.4000000000,0.4000000000,81,0.0054794521,1.4054794521,41,3321,0,0.0000000000,0.3046595515,3240,0,0.0000000000,0.0000000000,0.0000000000,true,0.9506172840,0,0.4503222982,0,0.0000000000
daily,META,2026-08-26,1530,essvi_sg05,ok,,-0.4000000000,0.4000000000,81,0.0054794521,1.4054794521,41,3321,0,0.0000000000,0.3243165959,3240,0,0.0000000000,0.0000000000,0.0000000000,true,0.9506172840,0,0.5096145551,0,0.0000000000
daily,META,2026-08-27,1530,svi,ok,,-0.4000000000,0.4000000000,81,0.0027397260,1.4027397260,41,3321,0,0.0000000000,0.0616442157,3240,10,0.0030864198,0.0011029475,0.0000593588,true,0.9464016862,0,0.0616442157,0,0.0000000000
daily,META,2026-08-27,1530,ssvi,ok,,-0.4000000000,0.4000000000,81,0.0027397260,1.4027397260,41,3321,0,0.0000000000,0.3007567102,3240,0,0.0000000000,0.0000000000,0.0000000000,true,0.9464016862,0,0.4510787812,0,0.0000000000
daily,META,2026-08-27,1530,essvi,ok,,-0.4000000000,0.4000000000,81,0.0027397260,1.4027397260,41,3321,0,0.0000000000,0.2752796713,3240,0,0.0000000000,0.0000000000,0.0000000000,true,0.9464016862,0,0.3532991565,0,0.0000000000
daily,META,2026-08-27,1530,essvi_g05,ok,,-0.4000000000,0.4000000000,81,0.0027397260,1.4027397260,41,3321,0,0.0000000000,0.2913954810,3240,0,0.0000000000,0.0000000000,0.0000000000,true,0.9464016862,0,0.4153580821,0,0.0000000000
daily,META,2026-08-27,1530,essvi_gfree,ok,,-0.4000000000,0.4000000000,81,0.0027397260,1.4027397260,41,3321,0,0.0000000000,0.2728067057,3240,0,0.0000000000,0.0000000000,0.0000000000,true,0.9464016862,0,0.3432121659,0,0.0000000000
daily,META,2026-08-27,1530,essvi_sg05,ok,,-0.4000000000,0.4000000000,81,0.0027397260,1.4027397260,41,3321,0,0.0000000000,0.2974583195,3240,0,0.0000000000,0.0000000000,0.0000000000,true,0.9464016862,0,0.4366506242,0,0.0000000000
daily,META,2026-08-31,1530,svi,ok,,-0.4000000000,0.4000000000,81,0.0054794521,1.3917808219,41,3321,0,0.0000000000,0.1766875314,3240,0,0.0000000000,0.0000000000,0.0000000000,true,0.9370671484,0,0.5383432257,0,0.0000000000
daily,META,2026-08-31,1530,ssvi,ok,,-0.4000000000,0.4000000000,81,0.0054794521,1.3917808219,41,3321,0,0.0000000000,0.3179271446,3240,0,0.0000000000,0.0000000000,0.0000000000,true,0.9370671484,0,0.6537603313,0,0.0000000000
daily,META,2026-08-31,1530,essvi,ok,,-0.4000000000,0.4000000000,81,0.0054794521,1.3917808219,41,3321,0,0.0000000000,0.3058604408,3240,0,0.0000000000,0.0000000000,0.0000000000,true,0.9370671484,0,0.6131869199,0,0.0000000000
daily,META,2026-08-31,1530,essvi_g05,ok,,-0.4000000000,0.4000000000,81,0.0054794521,1.3917808219,41,3321,0,0.0000000000,0.3047332896,3240,0,0.0000000000,0.0000000000,0.0000000000,true,0.9370671484,0,0.6110809131,0,0.0000000000
daily,META,2026-08-31,1530,essvi_gfree,ok,,-0.4000000000,0.4000000000,81,0.0054794521,1.3917808219,41,3321,0,0.0000000000,0.2975708459,3240,0,0.0000000000,0.0000000000,0.0000000000,true,0.9370671484,0,0.6039786564,0,0.0000000000
daily,META,2026-08-31,1530,essvi_sg05,ok,,-0.4000000000,0.4000000000,81,0.0054794521,1.3917808219,41,3321,0,0.0000000000,0.3076333218,3240,0,0.0000000000,0.0000000000,0.0000000000,true,0.9370671484,0,0.6239944687,0,0.0000000000
daily,META,2026-09-01,1530,svi,ok,,-0.4000000000,0.4000000000,81,0.0027397260,1.3890410959,41,3321,0,0.0000000000,0.2078402264,3240,0,0.0000000000,0.0000000000,0.0000289162,true,0.9412827462,0,0.3200038284,0,0.0000000000
daily,META,2026-09-01,1530,ssvi,ok,,-0.4000000000,0.4000000000,81,0.0027397260,1.3890410959,41,3321,0,0.0000000000,0.3172232759,3240,0,0.0000000000,0.0000000000,0.0000000000,true,0.9412827462,0,0.6402064515,0,0.0000000000
daily,META,2026-09-01,1530,essvi,ok,,-0.4000000000,0.4000000000,81,0.0027397260,1.3890410959,41,3321,0,0.0000000000,0.2900900076,3240,0,0.0000000000,0.0000000000,0.0000010250,false,0.9412827462,0,0.5102918825,0,0.0000000000
daily,META,2026-09-01,1530,essvi_g05,ok,,-0.4000000000,0.4000000000,81,0.0027397260,1.3890410959,41,3321,0,0.0000000000,0.2942683177,3240,0,0.0000000000,0.0000000000,0.0000000000,true,0.9412827462,0,0.5333843592,0,0.0000000000
daily,META,2026-09-01,1530,essvi_gfree,ok,,-0.4000000000,0.4000000000,81,0.0027397260,1.3890410959,41,3321,0,0.0000000000,0.2876507956,3240,0,0.0000000000,0.0000000000,0.0000000000,true,0.9412827462,0,0.4961390461,0,0.0000000000
daily,META,2026-09-01,1530,essvi_sg05,ok,,-0.4000000000,0.4000000000,81,0.0027397260,1.3890410959,41,3321,0,0.0000000000,0.2964279497,3240,0,0.0000000000,0.0000000000,0.0000000000,true,0.9412827462,0,0.5449441306,0,0.0000000000
daily,META,2026-09-02,1530,svi,ok,,-0.4000000000,0.4000000000,81,0.0054794521,1.3863013699,41,3321,0,0.0000000000,0.2158282036,3240,6,0.0018518519,0.0015187122,0.0005712418,true,0.9214092141,0,0.5914685016,0,0.0000000000
daily,META,2026-09-02,1530,ssvi,ok,,-0.4000000000,0.4000000000,81,0.0054794521,1.3863013699,41,3321,0,0.0000000000,0.4154077229,3240,0,0.0000000000,0.0000000000,0.0000000000,true,0.9214092141,0,0.7264778380,0,0.0000000000
daily,META,2026-09-02,1530,essvi,ok,,-0.4000000000,0.4000000000,81,0.0054794521,1.3863013699,41,3321,0,0.0000000000,0.3205818234,3240,14,0.0043209877,0.0021320909,0.0000126160,false,0.9214092141,0,0.6750689281,0,0.0000000000
daily,META,2026-09-02,1530,essvi_g05,ok,,-0.4000000000,0.4000000000,81,0.0054794521,1.3863013699,41,3321,0,0.0000000000,0.3273477303,3240,0,0.0000000000,0.0000000000,0.0000000000,true,0.9214092141,0,0.6715324575,0,0.0000000000
daily,META,2026-09-02,1530,essvi_gfree,ok,,-0.4000000000,0.4000000000,81,0.0054794521,1.3863013699,41,3321,0,0.0000000000,0.3212592971,3240,0,0.0000000000,0.0000000000,0.0000000000,true,0.9214092141,0,0.6739835763,0,0.0000000000
daily,META,2026-09-02,1530,essvi_sg05,ok,,-0.4000000000,0.4000000000,81,0.0054794521,1.3863013699,41,3321,0,0.0000000000,0.3220792229,3240,0,0.0000000000,0.0000000000,0.0000000000,true,0.9214092141,0,0.6496307952,0,0.0000000000
daily,META,2026-09-03,1530,svi,ok,,-0.4000000000,0.4000000000,81,0.0027397260,1.3835616438,41,3321,0,0.0000000000,0.0950452481,3240,0,0.0000000000,0.0000000000,0.0004041577,true,0.9379704908,0,0.0950452481,0,0.0000000000
daily,META,2026-09-03,1530,ssvi,ok,,-0.4000000000,0.4000000000,81,0.0027397260,1.3835616438,41,3321,0,0.0000000000,0.3132806783,3240,0,0.0000000000,0.0000000000,0.0000000000,true,0.9379704908,0,0.5192114616,0,0.0000000000
daily,META,2026-09-03,1530,essvi,ok,,-0.4000000000,0.4000000000,81,0.0027397260,1.3835616438,41,3321,0,0.0000000000,0.2750477750,3240,0,0.0000000000,0.0000000000,0.0000003195,true,0.9379704908,0,0.3619738352,0,0.0000000000
daily,META,2026-09-03,1530,essvi_g05,ok,,-0.4000000000,0.4000000000,81,0.0027397260,1.3835616438,41,3321,0,0.0000000000,0.2933703718,3240,0,0.0000000000,0.0000000000,0.0000000000,true,0.9379704908,0,0.4332342617,0,0.0000000000
daily,META,2026-09-03,1530,essvi_gfree,ok,,-0.4000000000,0.4000000000,81,0.0027397260,1.3835616438,41,3321,0,0.0000000000,0.2726662217,3240,0,0.0000000000,0.0000000000,0.0000000000,true,0.9379704908,0,0.3515210648,0,0.0000000000
daily,META,2026-09-03,1530,essvi_sg05,ok,,-0.4000000000,0.4000000000,81,0.0027397260,1.3835616438,41,3321,0,0.0000000000,0.2982257766,3240,0,0.0000000000,0.0000000000,0.0000000000,true,0.9379704908,0,0.4482677037,0,0.0000000000
daily,META,2026-09-04,1530,svi,ok,,-0.4000000000,0.4000000000,81,0.0136986301,1.3808219178,41,3321,0,0.0000000000,0.0674158152,3240,0,0.0000000000,0.0000000000,11.5457739539,true,0.9509183981,0,0.0989223728,0,0.0000000000
daily,META,2026-09-04,1530,ssvi,ok,,-0.4000000000,0.4000000000,81,0.0136986301,1.3808219178,41,3321,0,0.0000000000,0.3518452827,3240,0,0.0000000000,0.0000000000,0.0000000000,true,0.9509183981,0,0.5706152695,0,0.0000000000
daily,META,2026-09-04,1530,essvi,ok,,-0.4000000000,0.4000000000,81,0.0136986301,1.3808219178,41,3321,0,0.0000000000,0.3022978052,3240,0,0.0000000000,0.0000000000,0.0000001024,true,0.9509183981,0,0.4281283848,0,0.0000000000
daily,META,2026-09-04,1530,essvi_g05,ok,,-0.4000000000,0.4000000000,81,0.0136986301,1.3808219178,41,3321,0,0.0000000000,0.3231268423,3240,0,0.0000000000,0.0000000000,0.0000000000,true,0.9509183981,0,0.4877899097,0,0.0000000000
daily,META,2026-09-04,1530,essvi_gfree,ok,,-0.4000000000,0.4000000000,81,0.0136986301,1.3808219178,41,3321,0,0.0000000000,0.3007744138,3240,0,0.0000000000,0.0000000000,0.0000000000,true,0.9509183981,0,0.4227360548,0,0.0000000000
daily,META,2026-09-04,1530,essvi_sg05,ok,,-0.4000000000,0.4000000000,81,0.0136986301,1.3808219178,41,3321,0,0.0000000000,0.3259279832,3240,0,0.0000000000,0.0000000000,0.0000000000,true,0.9509183981,0,0.4942131352,0,0.0000000000
daily,META,2026-09-08,1530,svi,ok,,-0.4000000000,0.4000000000,81,0.0027397260,1.3698630137,41,3321,0,0.0000000000,0.1640124710,3240,0,0.0000000000,0.0000000000,0.0000167564,true,0.9229147847,0,0.6407350945,0,0.0000000000
daily,META,2026-09-08,1530,ssvi,ok,,-0.4000000000,0.4000000000,81,0.0027397260,1.3698630137,41,3321,0,0.0000000000,0.3405310989,3240,0,0.0000000000,0.0000000000,0.0000000000,true,0.9229147847,0,0.7190497246,0,0.0000000000
daily,META,2026-09-08,1530,essvi,ok,,-0.4000000000,0.4000000000,81,0.0027397260,1.3698630137,41,3321,0,0.0000000000,0.2995680556,3240,0,0.0000000000,0.0000000000,0.0000001028,true,0.9229147847,0,0.6553419566,0,0.0000000000
daily,META,2026-09-08,1530,essvi_g05,ok,,-0.4000000000,0.4000000000,81,0.0027397260,1.3698630137,41,3321,0,0.0000000000,0.3057522893,3240,0,0.0000000000,0.0000000000,0.0000000000,true,0.9229147847,0,0.6598213319,0,0.0000000000
daily,META,2026-09-08,1530,essvi_gfree,ok,,-0.4000000000,0.4000000000,81,0.0027397260,1.3698630137,41,3321,0,0.0000000000,0.2993918148,3240,0,0.0000000000,0.0000000000,0.0000000000,true,0.9229147847,0,0.6544448702,0,0.0000000000
daily,META,2026-09-08,1530,essvi_sg05,ok,,-0.4000000000,0.4000000000,81,0.0027397260,1.3698630137,41,3321,0,0.0000000000,0.3037263765,3240,0,0.0000000000,0.0000000000,0.0000000000,true,0.9229147847,0,0.6529941719,0,0.0000000000
daily,META,2026-09-09,1530,svi,ok,,-0.4000000000,0.4000000000,81,0.0054794521,1.3671232877,41,3321,3,0.0009033424,-0.0665004023,3240,5,0.0015432099,0.0037056857,0.0007423021,true,0.9599518217,0,0.1033790083,0,0.0000000000
daily,META,2026-09-09,1530,ssvi,ok,,-0.4000000000,0.4000000000,81,0.0054794521,1.3671232877,41,3321,0,0.0000000000,0.3465482889,3240,0,0.0000000000,0.0000000000,0.0000000000,true,0.9599518217,0,0.5039492749,0,0.0000000000
daily,META,2026-09-09,1530,essvi,ok,,-0.4000000000,0.4000000000,81,0.0054794521,1.3671232877,41,3321,0,0.0000000000,0.3044383084,3240,0,0.0000000000,0.0000000000,0.0000015797,false,0.9599518217,0,0.4048431458,0,0.0000000000
daily,META,2026-09-09,1530,essvi_g05,ok,,-0.4000000000,0.4000000000,81,0.0054794521,1.3671232877,41,3321,0,0.0000000000,0.3236850839,3240,0,0.0000000000,0.0000000000,0.0000000000,true,0.9599518217,0,0.4542012573,0,0.0000000000
daily,META,2026-09-09,1530,essvi_gfree,ok,,-0.4000000000,0.4000000000,81,0.0054794521,1.3671232877,41,3321,0,0.0000000000,0.3022247134,3240,0,0.0000000000,0.0000000000,0.0000000000,true,0.9599518217,0,0.3980666923,0,0.0000000000
daily,META,2026-09-09,1530,essvi_sg05,ok,,-0.4000000000,0.4000000000,81,0.0054794521,1.3671232877,41,3321,0,0.0000000000,0.3329499097,3240,0,0.0000000000,0.0000000000,0.0000000000,true,0.9599518217,0,0.4756553286,0,0.0000000000
daily,META,2026-09-10,1530,svi,ok,,-0.4000000000,0.4000000000,81,0.0027397260,1.3643835616,41,3321,2,0.0006022282,-0.0072428409,3240,0,0.0000000000,0.0000000000,0.0008856924,true,0.9355615778,0,0.1204192148,0,0.0000000000
daily,META,2026-09-10,1530,ssvi,ok,,-0.4000000000,0.4000000000,81,0.0027397260,1.3643835616,41,3321,0,0.0000000000,0.3389722506,3240,0,0.0000000000,0.0000000000,0.0000000000,true,0.9355615778,0,0.5556365089,0,0.0000000000
daily,META,2026-09-10,1530,essvi,ok,,-0.4000000000,0.4000000000,81,0.0027397260,1.3643835616,41,3321,0,0.0000000000,0.3035347373,3240,0,0.0000000000,0.0000000000,0.0000000000,true,0.9355615778,0,0.4772080778,0,0.0000000000
daily,META,2026-09-10,1530,essvi_g05,ok,,-0.4000000000,0.4000000000,81,0.0027397260,1.3643835616,41,3321,0,0.0000000000,0.2998674644,3240,0,0.0000000000,0.0000000000,0.0000000000,true,0.9355615778,0,0.4641052855,0,0.0000000000
daily,META,2026-09-10,1530,essvi_gfree,ok,,-0.4000000000,0.4000000000,81,0.0027397260,1.3643835616,41,3321,0,0.0000000000,0.2865077099,3240,0,0.0000000000,0.0000000000,0.0000000000,true,0.9355615778,0,0.4538670734,0,0.0000000000
daily,META,2026-09-10,1530,essvi_sg05,ok,,-0.4000000000,0.4000000000,81,0.0027397260,1.3643835616,41,3321,0,0.0000000000,0.3059013996,3240,0,0.0000000000,0.0000000000,0.0000000000,true,0.9355615778,0,0.4856494083,0,0.0000000000
daily,META,2026-09-11,1530,svi,ok,,-0.4000000000,0.4000000000,81,0.0082191781,1.3616438356,41,3321,0,0.0000000000,0.1472323378,3240,18,0.0055555556,0.0125857126,0.0192866011,true,0.9409816320,0,0.2283271000,18,0.0125857126
daily,META,2026-09-11,1530,ssvi,ok,,-0.4000000000,0.4000000000,81,0.0082191781,1.3616438356,41,3321,0,0.0000000000,0.3155488624,3240,0,0.0000000000,0.0000000000,0.0000000000,true,0.9409816320,0,0.5592913548,0,0.0000000000
daily,META,2026-09-11,1530,essvi,ok,,-0.4000000000,0.4000000000,81,0.0082191781,1.3616438356,41,3321,0,0.0000000000,0.2977404168,3240,0,0.0000000000,0.0000000000,0.0000000000,true,0.9409816320,0,0.4941645279,0,0.0000000000
daily,META,2026-09-11,1530,essvi_g05,ok,,-0.4000000000,0.4000000000,81,0.0082191781,1.3616438356,41,3321,0,0.0000000000,0.2931414992,3240,0,0.0000000000,0.0000000000,0.0000000000,true,0.9409816320,0,0.4803294867,0,0.0000000000
daily,META,2026-09-11,1530,essvi_gfree,ok,,-0.4000000000,0.4000000000,81,0.0082191781,1.3616438356,41,3321,0,0.0000000000,0.2734146641,3240,0,0.0000000000,0.0000000000,0.0000000000,true,0.9409816320,0,0.4582427131,0,0.0000000000
daily,META,2026-09-11,1530,essvi_sg05,ok,,-0.4000000000,0.4000000000,81,0.0082191781,1.3616438356,41,3321,0,0.0000000000,0.3036747139,3240,0,0.0000000000,0.0000000000,0.0000000000,true,0.9409816320,0,0.5265506740,0,0.0000000000
daily,QQQ,2026-08-14,1530,svi,ok,,-0.4000000000,0.4000000000,81,0.0082191781,1.4383561644,41,3321,0,0.0000000000,0.0185639046,3240,5,0.0015432099,0.0001686288,0.0001351120,true,0.8578741343,0,0.0435535031,0,0.0000000000
daily,QQQ,2026-08-14,1530,ssvi,ok,,-0.4000000000,0.4000000000,81,0.0082191781,1.4383561644,41,3321,0,0.0000000000,0.2565548527,3240,0,0.0000000000,0.0000000000,0.0000000000,true,0.8578741343,0,0.2882794479,0,0.0000000000
daily,QQQ,2026-08-14,1530,essvi,ok,,-0.4000000000,0.4000000000,81,0.0082191781,1.4383561644,41,3321,0,0.0000000000,0.2576197182,3240,0,0.0000000000,0.0000000000,0.0000000066,true,0.8578741343,0,0.2857302023,0,0.0000000000
daily,QQQ,2026-08-14,1530,essvi_g05,ok,,-0.4000000000,0.4000000000,81,0.0082191781,1.4383561644,41,3321,0,0.0000000000,0.2548296317,3240,0,0.0000000000,0.0000000000,0.0000000000,true,0.8578741343,0,0.2775719188,0,0.0000000000
daily,QQQ,2026-08-14,1530,essvi_gfree,ok,,-0.4000000000,0.4000000000,81,0.0082191781,1.4383561644,41,3321,0,0.0000000000,0.2512837278,3240,0,0.0000000000,0.0000000000,0.0000000000,true,0.8578741343,0,0.2686690073,0,0.0000000000
daily,QQQ,2026-08-14,1530,essvi_sg05,ok,,-0.4000000000,0.4000000000,81,0.0082191781,1.4383561644,41,3321,0,0.0000000000,0.2573617322,3240,0,0.0000000000,0.0000000000,0.0000000000,true,0.8578741343,0,0.2903660777,0,0.0000000000
daily,QQQ,2026-08-17,1530,svi,ok,,-0.4000000000,0.4000000000,81,0.0027397260,1.4301369863,41,3321,0,0.0000000000,0.0305351502,3240,9,0.0027777778,0.0001353583,0.0002962423,true,0.8593797049,0,0.0305351502,0,0.0000000000
daily,QQQ,2026-08-17,1530,ssvi,ok,,-0.4000000000,0.4000000000,81,0.0027397260,1.4301369863,41,3321,0,0.0000000000,0.2561226025,3240,0,0.0000000000,0.0000000000,0.0000000000,true,0.8593797049,0,0.2794384534,0,0.0000000000
daily,QQQ,2026-08-17,1530,essvi,ok,,-0.4000000000,0.4000000000,81,0.0027397260,1.4301369863,41,3321,0,0.0000000000,0.2613994727,3240,0,0.0000000000,0.0000000000,0.0000023596,false,0.8593797049,0,0.2802966089,0,0.0000000000
daily,QQQ,2026-08-17,1530,essvi_g05,ok,,-0.4000000000,0.4000000000,81,0.0027397260,1.4301369863,41,3321,0,0.0000000000,0.2548440906,3240,0,0.0000000000,0.0000000000,0.0000000000,true,0.8593797049,0,0.2719406369,0,0.0000000000
daily,QQQ,2026-08-17,1530,essvi_gfree,ok,,-0.4000000000,0.4000000000,81,0.0027397260,1.4301369863,41,3321,0,0.0000000000,0.2539367156,3240,0,0.0000000000,0.0000000000,0.0000000000,true,0.8593797049,0,0.2703652644,0,0.0000000000
daily,QQQ,2026-08-17,1530,essvi_sg05,ok,,-0.4000000000,0.4000000000,81,0.0027397260,1.4301369863,41,3321,0,0.0000000000,0.2572015470,3240,0,0.0000000000,0.0000000000,0.0000000000,true,0.8593797049,0,0.2811061527,0,0.0000000000
daily,QQQ,2026-08-18,1530,svi,ok,,-0.4000000000,0.4000000000,81,0.0027397260,1.4273972603,41,3321,0,0.0000000000,0.0492049489,3240,6,0.0018518519,0.0000990770,0.0005347025,true,0.8822643782,0,0.0492049489,0,0.0000000000
daily,QQQ,2026-08-18,1530,ssvi,ok,,-0.4000000000,0.4000000000,81,0.0027397260,1.4273972603,41,3321,0,0.0000000000,0.2573494560,3240,0,0.0000000000,0.0000000000,0.0000000000,true,0.8822643782,0,0.2814250522,0,0.0000000000
daily,QQQ,2026-08-18,1530,essvi,ok,,-0.4000000000,0.4000000000,81,0.0027397260,1.4273972603,41,3321,0,0.0000000000,0.2637067061,3240,0,0.0000000000,0.0000000000,0.0000000000,true,0.8822643782,0,0.2798072628,0,0.0000000000
daily,QQQ,2026-08-18,1530,essvi_g05,ok,,-0.4000000000,0.4000000000,81,0.0027397260,1.4273972603,41,3321,0,0.0000000000,0.2557555583,3240,0,0.0000000000,0.0000000000,0.0000000000,true,0.8822643782,0,0.2727762104,0,0.0000000000
daily,QQQ,2026-08-18,1530,essvi_gfree,ok,,-0.4000000000,0.4000000000,81,0.0027397260,1.4273972603,41,3321,0,0.0000000000,0.2544389712,3240,0,0.0000000000,0.0000000000,0.0000000000,true,0.8822643782,0,0.2707499306,0,0.0000000000
daily,QQQ,2026-08-18,1530,essvi_sg05,ok,,-0.4000000000,0.4000000000,81,0.0027397260,1.4273972603,41,3321,0,0.0000000000,0.2586332292,3240,0,0.0000000000,0.0000000000,0.0000000000,true,0.8822643782,0,0.2821518929,0,0.0000000000
daily,QQQ,2026-08-19,1530,svi,ok,,-0.4000000000,0.4000000000,81,0.0027397260,1.4246575342,41,3321,0,0.0000000000,0.0565753436,3240,22,0.0067901235,0.0009698223,0.0000641176,true,0.8819632641,0,0.0565753436,0,0.0000000000
daily,QQQ,2026-08-19,1530,ssvi,ok,,-0.4000000000,0.4000000000,81,0.0027397260,1.4246575342,41,3321,0,0.0000000000,0.2569795956,3240,0,0.0000000000,0.0000000000,0.0000000000,true,0.8819632641,0,0.2872380395,0,0.0000000000
daily,QQQ,2026-08-19,1530,essvi,ok,,-0.4000000000,0.4000000000,81,0.0027397260,1.4246575342,41,3321,0,0.0000000000,0.2656574691,3240,0,0.0000000000,0.0000000000,0.0000000000,true,0.8819632641,0,0.2830016342,0,0.0000000000
daily,QQQ,2026-08-19,1530,essvi_g05,ok,,-0.4000000000,0.4000000000,81,0.0027397260,1.4246575342,41,3321,0,0.0000000000,0.2557650735,3240,0,0.0000000000,0.0000000000,0.0000000000,true,0.8819632641,0,0.2784386693,0,0.0000000000
daily,QQQ,2026-08-19,1530,essvi_gfree,ok,,-0.4000000000,0.4000000000,81,0.0027397260,1.4246575342,41,3321,0,0.0000000000,0.2551838903,3240,0,0.0000000000,0.0000000000,0.0000000000,true,0.8819632641,0,0.2772273101,0,0.0000000000
daily,QQQ,2026-08-19,1530,essvi_sg05,ok,,-0.4000000000,0.4000000000,81,0.0027397260,1.4246575342,41,3321,0,0.0000000000,0.2582065052,3240,0,0.0000000000,0.0000000000,0.0000000000,true,0.8819632641,0,0.2882039136,0,0.0000000000
daily,QQQ,2026-08-20,1530,svi,ok,,-0.4000000000,0.4000000000,81,0.0027397260,1.4219178082,41,3321,0,0.0000000000,0.0893267797,3240,0,0.0000000000,0.0000000000,0.0001081314,true,0.8958145137,0,0.1044073651,0,0.0000000000
daily,QQQ,2026-08-20,1530,ssvi,ok,,-0.4000000000,0.4000000000,81,0.0027397260,1.4219178082,41,3321,0,0.0000000000,0.2580287446,3240,0,0.0000000000,0.0000000000,0.0000000000,true,0.8958145137,0,0.2941041975,0,0.0000000000
daily,QQQ,2026-08-20,1530,essvi,ok,,-0.4000000000,0.4000000000,81,0.0027397260,1.4219178082,41,3321,0,0.0000000000,0.2615546223,3240,0,0.0000000000,0.0000000000,0.0000000000,true,0.8958145137,0,0.2825264486,0,0.0000000000
daily,QQQ,2026-08-20,1530,essvi_g05,ok,,-0.4000000000,0.4000000000,81,0.0027397260,1.4219178082,41,3321,0,0.0000000000,0.2565156368,3240,0,0.0000000000,0.0000000000,0.0000000000,true,0.8958145137,0,0.2828243461,0,0.0000000000
daily,QQQ,2026-08-20,1530,essvi_gfree,ok,,-0.4000000000,0.4000000000,81,0.0027397260,1.4219178082,41,3321,0,0.0000000000,0.2551995992,3240,0,0.0000000000,0.0000000000,0.0000000000,true,0.8958145137,0,0.2811988599,0,0.0000000000
daily,QQQ,2026-08-20,1530,essvi_sg05,ok,,-0.4000000000,0.4000000000,81,0.0027397260,1.4219178082,41,3321,0,0.0000000000,0.2590129987,3240,0,0.0000000000,0.0000000000,0.0000000000,true,0.8958145137,0,0.2930156067,0,0.0000000000
daily,QQQ,2026-08-21,1530,svi,ok,,-0.4000000000,0.4000000000,81,0.0082191781,1.4191780822,41,3321,0,0.0000000000,0.1090630107,3240,1,0.0003086420,0.0000168452,0.0007300997,true,0.8855766335,0,0.1090630107,0,0.0000000000
daily,QQQ,2026-08-21,1530,ssvi,ok,,-0.4000000000,0.4000000000,81,0.0082191781,1.4191780822,41,3321,0,0.0000000000,0.2574228346,3240,0,0.0000000000,0.0000000000,0.0000000000,true,0.8855766335,0,0.2937181600,0,0.0000000000
daily,QQQ,2026-08-21,1530,essvi,ok,,-0.4000000000,0.4000000000,81,0.0082191781,1.4191780822,41,3321,0,0.0000000000,0.2620700040,3240,0,0.0000000000,0.0000000000,0.0000000000,true,0.8855766335,0,0.2806289745,0,0.0000000000
daily,QQQ,2026-08-21,1530,essvi_g05,ok,,-0.4000000000,0.4000000000,81,0.0082191781,1.4191780822,41,3321,0,0.0000000000,0.2560386617,3240,0,0.0000000000,0.0000000000,0.0000000000,true,0.8855766335,0,0.2838076552,0,0.0000000000
daily,QQQ,2026-08-21,1530,essvi_gfree,ok,,-0.4000000000,0.4000000000,81,0.0082191781,1.4191780822,41,3321,0,0.0000000000,0.2552430121,3240,0,0.0000000000,0.0000000000,0.0000000000,true,0.8855766335,0,0.2831716082,0,0.0000000000
daily,QQQ,2026-08-21,1530,essvi_sg05,ok,,-0.4000000000,0.4000000000,81,0.0082191781,1.4191780822,41,3321,0,0.0000000000,0.2586598154,3240,0,0.0000000000,0.0000000000,0.0000000000,true,0.8855766335,0,0.2884343744,0,0.0000000000
daily,QQQ,2026-08-24,1538,svi,ok,,-0.4000000000,0.4000000000,81,0.0027397260,1.4109589041,41,3321,0,0.0000000000,0.1041499972,3240,7,0.0021604938,0.0001157659,0.0000978610,true,0.8967178561,0,0.1041499972,0,0.0000000000
daily,QQQ,2026-08-24,1538,ssvi,ok,,-0.4000000000,0.4000000000,81,0.0027397260,1.4109589041,41,3321,0,0.0000000000,0.2563885656,3240,0,0.0000000000,0.0000000000,0.0000000000,true,0.8967178561,0,0.2915616465,0,0.0000000000
daily,QQQ,2026-08-24,1538,essvi,ok,,-0.4000000000,0.4000000000,81,0.0027397260,1.4109589041,41,3321,0,0.0000000000,0.2599514564,3240,0,0.0000000000,0.0000000000,0.0000000000,true,0.8967178561,0,0.2827856067,0,0.0000000000
daily,QQQ,2026-08-24,1538,essvi_g05,ok,,-0.4000000000,0.4000000000,81,0.0027397260,1.4109589041,41,3321,0,0.0000000000,0.2556517465,3240,0,0.0000000000,0.0000000000,0.0000000000,true,0.8967178561,0,0.2856027107,0,0.0000000000
daily,QQQ,2026-08-24,1538,essvi_gfree,ok,,-0.4000000000,0.4000000000,81,0.0027397260,1.4109589041,41,3321,0,0.0000000000,0.2565208878,3240,0,0.0000000000,0.0000000000,0.0000000000,true,0.8967178561,0,0.2856510255,0,0.0000000000
daily,QQQ,2026-08-24,1538,essvi_sg05,ok,,-0.4000000000,0.4000000000,81,0.0027397260,1.4109589041,41,3321,0,0.0000000000,0.2573031699,3240,0,0.0000000000,0.0000000000,0.0000000000,true,0.8967178561,0,0.2914544127,0,0.0000000000
daily,QQQ,2026-08-25,1530,svi,ok,,-0.4000000000,0.4000000000,81,0.0027397260,1.4082191781,41,3321,0,0.0000000000,0.0401672605,3240,16,0.0049382716,0.0003895311,0.0005224227,true,0.8825654923,0,0.0401672605,0,0.0000000000
daily,QQQ,2026-08-25,1530,ssvi,ok,,-0.4000000000,0.4000000000,81,0.0027397260,1.4082191781,41,3321,0,0.0000000000,0.2576580212,3240,0,0.0000000000,0.0000000000,0.0000000000,true,0.8825654923,0,0.2905998372,0,0.0000000000
daily,QQQ,2026-08-25,1530,essvi,ok,,-0.4000000000,0.4000000000,81,0.0027397260,1.4082191781,41,3321,0,0.0000000000,0.2731547628,3240,0,0.0000000000,0.0000000000,0.0000000000,true,0.8825654923,0,0.2822645203,0,0.0000000000
daily,QQQ,2026-08-25,1530,essvi_g05,ok,,-0.4000000000,0.4000000000,81,0.0027397260,1.4082191781,41,3321,0,0.0000000000,0.2568807951,3240,0,0.0000000000,0.0000000000,0.0000000000,true,0.8825654923,0,0.2837839761,0,0.0000000000
daily,QQQ,2026-08-25,1530,essvi_gfree,ok,,-0.4000000000,0.4000000000,81,0.0027397260,1.4082191781,41,3321,0,0.0000000000,0.2587796152,3240,0,0.0000000000,0.0000000000,0.0000000000,true,0.8825654923,0,0.2867796289,0,0.0000000000
daily,QQQ,2026-08-25,1530,essvi_sg05,ok,,-0.4000000000,0.4000000000,81,0.0027397260,1.4082191781,41,3321,0,0.0000000000,0.2593808863,3240,0,0.0000000000,0.0000000000,0.0000000000,true,0.8825654923,0,0.2743001404,0,0.0000000000
daily,QQQ,2026-08-26,1530,svi,ok,,-0.4000000000,0.4000000000,81,0.0027397260,1.4054794521,41,3321,0,0.0000000000,0.0609946334,3240,18,0.0055555556,0.0003350442,0.0005373814,true,0.8690153568,0,0.0888628467,0,0.0000000000
daily,QQQ,2026-08-26,1530,ssvi,ok,,-0.4000000000,0.4000000000,81,0.0027397260,1.4054794521,41,3321,0,0.0000000000,0.2598759280,3240,0,0.0000000000,0.0000000000,0.0000000000,true,0.8690153568,0,0.2922935868,0,0.0000000000
daily,QQQ,2026-08-26,1530,essvi,ok,,-0.4000000000,0.4000000000,81,0.0027397260,1.4054794521,41,3321,0,0.0000000000,0.2734513400,3240,0,0.0000000000,0.0000000000,0.0000011662,false,0.8690153568,0,0.2809186781,0,0.0000000000
daily,QQQ,2026-08-26,1530,essvi_g05,ok,,-0.4000000000,0.4000000000,81,0.0027397260,1.4054794521,41,3321,0,0.0000000000,0.2583379983,3240,0,0.0000000000,0.0000000000,0.0000000000,true,0.8690153568,0,0.2840850184,0,0.0000000000
daily,QQQ,2026-08-26,1530,essvi_gfree,ok,,-0.4000000000,0.4000000000,81,0.0027397260,1.4054794521,41,3321,0,0.0000000000,0.2592337383,3240,0,0.0000000000,0.0000000000,0.0000000000,true,0.8690153568,0,0.2847353259,0,0.0000000000
daily,QQQ,2026-08-26,1530,essvi_sg05,ok,,-0.4000000000,0.4000000000,81,0.0027397260,1.4054794521,41,3321,0,0.0000000000,0.2620862584,3240,0,0.0000000000,0.0000000000,0.0000000000,true,0.8690153568,0,0.2907766475,0,0.0000000000
daily,QQQ,2026-08-27,1530,svi,ok,,-0.4000000000,0.4000000000,81,0.0027397260,1.4027397260,41,3321,0,0.0000000000,0.0615293461,3240,18,0.0055555556,0.0007693920,0.0005900599,true,0.8801565793,0,0.1101898785,3,0.0003106763
daily,QQQ,2026-08-27,1530,ssvi,ok,,-0.4000000000,0.4000000000,81,0.0027397260,1.4027397260,41,3321,0,0.0000000000,0.2576603492,3240,0,0.0000000000,0.0000000000,0.0000000000,true,0.8801565793,0,0.2903927814,0,0.0000000000
daily,QQQ,2026-08-27,1530,essvi,ok,,-0.4000000000,0.4000000000,81,0.0027397260,1.4027397260,41,3321,0,0.0000000000,0.2625677169,3240,93,0.0287037037,0.0009838989,0.0000131743,false,0.8801565793,0,0.2683671663,2,0.0000494402
daily,QQQ,2026-08-27,1530,essvi_g05,ok,,-0.4000000000,0.4000000000,81,0.0027397260,1.4027397260,41,3321,0,0.0000000000,0.2559759328,3240,0,0.0000000000,0.0000000000,0.0000000000,true,0.8801565793,0,0.2820663509,0,0.0000000000
daily,QQQ,2026-08-27,1530,essvi_gfree,ok,,-0.4000000000,0.4000000000,81,0.0027397260,1.4027397260,41,3321,0,0.0000000000,0.2550253090,3240,0,0.0000000000,0.0000000000,0.0000000000,true,0.8801565793,0,0.2821654735,0,0.0000000000
daily,QQQ,2026-08-27,1530,essvi_sg05,ok,,-0.4000000000,0.4000000000,81,0.0027397260,1.4027397260,41,3321,0,0.0000000000,0.2585357324,3240,0,0.0000000000,0.0000000000,0.0000000000,true,0.8801565793,0,0.2897009051,0,0.0000000000
daily,QQQ,2026-08-31,1530,svi,ok,,-0.4000000000,0.4000000000,81,0.0027397260,1.3917808219,41,3321,0,0.0000000000,0.0390771678,3240,12,0.0037037037,0.0001463566,0.0007594036,true,0.8572719061,0,0.0390771678,0,0.0000000000
daily,QQQ,2026-08-31,1530,ssvi,ok,,-0.4000000000,0.4000000000,81,0.0027397260,1.3917808219,41,3321,0,0.0000000000,0.2558811566,3240,0,0.0000000000,0.0000000000,0.0000000000,true,0.8572719061,0,0.2852670499,0,0.0000000000
daily,QQQ,2026-08-31,1530,essvi,ok,,-0.4000000000,0.4000000000,81,0.0027397260,1.3917808219,41,3321,0,0.0000000000,0.2623734150,3240,0,0.0000000000,0.0000000000,0.0000000000,true,0.8572719061,0,0.2666804635,0,0.0000000000
daily,QQQ,2026-08-31,1530,essvi_g05,ok,,-0.4000000000,0.4000000000,81,0.0027397260,1.3917808219,41,3321,0,0.0000000000,0.2541711254,3240,0,0.0000000000,0.0000000000,0.0000000000,true,0.8572719061,0,0.2655369974,0,0.0000000000
daily,QQQ,2026-08-31,1530,essvi_gfree,ok,,-0.4000000000,0.4000000000,81,0.0027397260,1.3917808219,41,3321,0,0.0000000000,0.2517292376,3240,0,0.0000000000,0.0000000000,0.0000000000,true,0.8572719061,0,0.2637858223,0,0.0000000000
daily,QQQ,2026-08-31,1530,essvi_sg05,ok,,-0.4000000000,0.4000000000,81,0.0027397260,1.3917808219,41,3321,0,0.0000000000,0.2570120794,3240,0,0.0000000000,0.0000000000,0.0000000000,true,0.8572719061,0,0.2809072138,0,0.0000000000
daily,QQQ,2026-09-01,1530,svi,ok,,-0.4000000000,0.4000000000,81,0.0027397260,1.3890410959,41,3321,0,0.0000000000,0.0213620548,3240,0,0.0000000000,0.0000000000,0.0007630229,true,0.8720264980,0,0.0685958958,0,0.0000000000
daily,QQQ,2026-09-01,1530,ssvi,ok,,-0.4000000000,0.4000000000,81,0.0027397260,1.3890410959,41,3321,0,0.0000000000,0.2574184408,3240,0,0.0000000000,0.0000000000,0.0000000000,true,0.8720264980,0,0.2853094993,0,0.0000000000
daily,QQQ,2026-09-01,1530,essvi,ok,,-0.4000000000,0.4000000000,81,0.0027397260,1.3890410959,41,3321,0,0.0000000000,0.2604368466,3240,0,0.0000000000,0.0000000000,0.0000000000,true,0.8720264980,0,0.2693439067,0,0.0000000000
daily,QQQ,2026-09-01,1530,essvi_g05,ok,,-0.4000000000,0.4000000000,81,0.0027397260,1.3890410959,41,3321,0,0.0000000000,0.2547634442,3240,0,0.0000000000,0.0000000000,0.0000000000,true,0.8720264980,0,0.2715375019,0,0.0000000000
daily,QQQ,2026-09-01,1530,essvi_gfree,ok,,-0.4000000000,0.4000000000,81,0.0027397260,1.3890410959,41,3321,0,0.0000000000,0.2520559869,3240,0,0.0000000000,0.0000000000,0.0000000000,true,0.8720264980,0,0.2641784774,0,0.0000000000
daily,QQQ,2026-09-01,1530,essvi_sg05,ok,,-0.4000000000,0.4000000000,81,0.0027397260,1.3890410959,41,3321,0,0.0000000000,0.2585248801,3240,0,0.0000000000,0.0000000000,0.0000000000,true,0.8720264980,0,0.2837278040,0,0.0000000000
daily,QQQ,2026-09-02,1530,svi,ok,,-0.4000000000,0.4000000000,81,0.0027397260,1.3863013699,41,3321,9,0.0027100271,-0.1297054485,3240,0,0.0000000000,0.0000000000,0.0007647636,true,0.8786510087,0,0.0709123474,0,0.0000000000
daily,QQQ,2026-09-02,1530,ssvi,ok,,-0.4000000000,0.4000000000,81,0.0027397260,1.3863013699,41,3321,0,0.0000000000,0.2569300915,3240,0,0.0000000000,0.0000000000,0.0000000000,true,0.8786510087,0,0.2861501462,0,0.0000000000
daily,QQQ,2026-09-02,1530,essvi,ok,,-0.4000000000,0.4000000000,81,0.0027397260,1.3863013699,41,3321,0,0.0000000000,0.2696907380,3240,0,0.0000000000,0.0000000000,0.0000000000,true,0.8786510087,0,0.2696907380,0,0.0000000000
daily,QQQ,2026-09-02,1530,essvi_g05,ok,,-0.4000000000,0.4000000000,81,0.0027397260,1.3863013699,41,3321,0,0.0000000000,0.2566386173,3240,0,0.0000000000,0.0000000000,0.0000000000,true,0.8786510087,0,0.2615699278,0,0.0000000000
daily,QQQ,2026-09-02,1530,essvi_gfree,ok,,-0.4000000000,0.4000000000,81,0.0027397260,1.3863013699,41,3321,0,0.0000000000,0.2536860140,3240,0,0.0000000000,0.0000000000,0.0000000000,true,0.8786510087,0,0.2690731808,0,0.0000000000
daily,QQQ,2026-09-02,1530,essvi_sg05,ok,,-0.4000000000,0.4000000000,81,0.0027397260,1.3863013699,41,3321,0,0.0000000000,0.2587292017,3240,0,0.0000000000,0.0000000000,0.0000000000,true,0.8786510087,0,0.2797074202,0,0.0000000000
daily,QQQ,2026-09-03,1530,svi,ok,,-0.4000000000,0.4000000000,81,0.0027397260,1.3835616438,41,3321,0,0.0000000000,0.0774238126,3240,0,0.0000000000,0.0000000000,0.0006329413,true,0.8681120145,0,0.0935258216,0,0.0000000000
daily,QQQ,2026-09-03,1530,ssvi,ok,,-0.4000000000,0.4000000000,81,0.0027397260,1.3835616438,41,3321,0,0.0000000000,0.2565251366,3240,0,0.0000000000,0.0000000000,0.0000000000,true,0.8681120145,0,0.2846820499,0,0.0000000000
daily,QQQ,2026-09-03,1530,essvi,ok,,-0.4000000000,0.4000000000,81,0.0027397260,1.3835616438,41,3321,0,0.0000000000,0.2604366831,3240,134,0.0413580247,0.0006702854,0.0000141371,false,0.8681120145,0,0.2633111954,1,0.0000009873
daily,QQQ,2026-09-03,1530,essvi_g05,ok,,-0.4000000000,0.4000000000,81,0.0027397260,1.3835616438,41,3321,0,0.0000000000,0.2544660625,3240,0,0.0000000000,0.0000000000,0.0000000000,true,0.8681120145,0,0.2721490775,0,0.0000000000
daily,QQQ,2026-09-03,1530,essvi_gfree,ok,,-0.4000000000,0.4000000000,81,0.0027397260,1.3835616438,41,3321,0,0.0000000000,0.2514532323,3240,0,0.0000000000,0.0000000000,0.0000000000,true,0.8681120145,0,0.2678121068,0,0.0000000000
daily,QQQ,2026-09-03,1530,essvi_sg05,ok,,-0.4000000000,0.4000000000,81,0.0027397260,1.3835616438,41,3321,0,0.0000000000,0.2573998580,3240,0,0.0000000000,0.0000000000,0.0000000000,true,0.8681120145,0,0.2830557002,0,0.0000000000
daily,QQQ,2026-09-04,1530,svi,ok,,-0.4000000000,0.4000000000,81,0.0109589041,1.3808219178,41,3321,0,0.0000000000,0.0409765011,3240,6,0.0018518519,0.0001172909,0.0005597743,true,0.8897922313,0,0.0490461889,0,0.0000000000
daily,QQQ,2026-09-04,1530,ssvi,ok,,-0.4000000000,0.4000000000,81,0.0109589041,1.3808219178,41,3321,0,0.0000000000,0.2567056069,3240,0,0.0000000000,0.0000000000,0.0000000000,true,0.8897922313,0,0.2850289623,0,0.0000000000
daily,QQQ,2026-09-04,1530,essvi,ok,,-0.4000000000,0.4000000000,81,0.0109589041,1.3808219178,41,3321,0,0.0000000000,0.2585246560,3240,0,0.0000000000,0.0000000000,0.0000011170,false,0.8897922313,0,0.2715245520,0,0.0000000000
daily,QQQ,2026-09-04,1530,essvi_g05,ok,,-0.4000000000,0.4000000000,81,0.0109589041,1.3808219178,41,3321,0,0.0000000000,0.2543550039,3240,0,0.0000000000,0.0000000000,0.0000000000,true,0.8897922313,0,0.2708518587,0,0.0000000000
daily,QQQ,2026-09-04,1530,essvi_gfree,ok,,-0.4000000000,0.4000000000,81,0.0109589041,1.3808219178,41,3321,0,0.0000000000,0.2504507632,3240,0,0.0000000000,0.0000000000,0.0000000000,true,0.8897922313,0,0.2572804138,0,0.0000000000
daily,QQQ,2026-09-04,1530,essvi_sg05,ok,,-0.4000000000,0.4000000000,81,0.0109589041,1.3808219178,41,3321,0,0.0000000000,0.2573855263,3240,0,0.0000000000,0.0000000000,0.0000000000,true,0.8897922313,0,0.2809633488,0,0.0000000000
daily,QQQ,2026-09-08,1530,svi,ok,,-0.4000000000,0.4000000000,81,0.0027397260,1.3698630137,41,3321,0,0.0000000000,0.1069394991,3240,22,0.0067901235,0.0005953639,0.0005745944,true,0.8720264980,0,0.1069394991,0,0.0000000000
daily,QQQ,2026-09-08,1530,ssvi,ok,,-0.4000000000,0.4000000000,81,0.0027397260,1.3698630137,41,3321,0,0.0000000000,0.2562629472,3240,0,0.0000000000,0.0000000000,0.0000000000,true,0.8720264980,0,0.2876550639,0,0.0000000000
daily,QQQ,2026-09-08,1530,essvi,ok,,-0.4000000000,0.4000000000,81,0.0027397260,1.3698630137,41,3321,0,0.0000000000,0.2602837235,3240,0,0.0000000000,0.0000000000,0.0000000000,true,0.8720264980,0,0.2738010985,0,0.0000000000
daily,QQQ,2026-09-08,1530,essvi_g05,ok,,-0.4000000000,0.4000000000,81,0.0027397260,1.3698630137,41,3321,0,0.0000000000,0.2543394699,3240,0,0.0000000000,0.0000000000,0.0000000000,true,0.8720264980,0,0.2733076005,0,0.0000000000
daily,QQQ,2026-09-08,1530,essvi_gfree,ok,,-0.4000000000,0.4000000000,81,0.0027397260,1.3698630137,41,3321,0,0.0000000000,0.2519340195,3240,0,0.0000000000,0.0000000000,0.0000000000,true,0.8720264980,0,0.2676410258,0,0.0000000000
daily,QQQ,2026-09-08,1530,essvi_sg05,ok,,-0.4000000000,0.4000000000,81,0.0027397260,1.3698630137,41,3321,0,0.0000000000,0.2572040115,3240,0,0.0000000000,0.0000000000,0.0000000000,true,0.8720264980,0,0.2827079002,0,0.0000000000
daily,QQQ,2026-09-09,1530,svi,ok,,-0.4000000000,0.4000000000,81,0.0027397260,1.3671232877,41,3321,9,0.0027100271,-0.1273346497,3240,0,0.0000000000,0.0000000000,0.0005684577,true,0.8726287263,0,0.1313542154,0,0.0000000000
daily,QQQ,2026-09-09,1530,ssvi,ok,,-0.4000000000,0.4000000000,81,0.0027397260,1.3671232877,41,3321,0,0.0000000000,0.2577190435,3240,0,0.0000000000,0.0000000000,0.0000000000,true,0.8726287263,0,0.2907735477,0,0.0000000000
daily,QQQ,2026-09-09,1530,essvi,ok,,-0.4000000000,0.4000000000,81,0.0027397260,1.3671232877,41,3321,0,0.0000000000,0.2665489641,3240,0,0.0000000000,0.0000000000,0.0000000000,true,0.8726287263,0,0.2795860069,0,0.0000000000
daily,QQQ,2026-09-09,1530,essvi_g05,ok,,-0.4000000000,0.4000000000,81,0.0027397260,1.3671232877,41,3321,0,0.0000000000,0.2561816366,3240,0,0.0000000000,0.0000000000,0.0000000000,true,0.8726287263,0,0.2771586224,0,0.0000000000
daily,QQQ,2026-09-09,1530,essvi_gfree,ok,,-0.4000000000,0.4000000000,81,0.0027397260,1.3671232877,41,3321,0,0.0000000000,0.2548355936,3240,0,0.0000000000,0.0000000000,0.0000000000,true,0.8726287263,0,0.2778996551,0,0.0000000000
daily,QQQ,2026-09-09,1530,essvi_sg05,ok,,-0.4000000000,0.4000000000,81,0.0027397260,1.3671232877,41,3321,0,0.0000000000,0.2590907542,3240,0,0.0000000000,0.0000000000,0.0000000000,true,0.8726287263,0,0.2885013973,0,0.0000000000
daily,QQQ,2026-09-10,1530,svi,ok,,-0.4000000000,0.4000000000,81,0.0027397260,1.3643835616,41,3321,0,0.0000000000,0.0024962886,3240,0,0.0000000000,0.0000000000,0.0006904400,true,0.8873833183,0,0.0255867193,0,0.0000000000
daily,QQQ,2026-09-10,1530,ssvi,ok,,-0.4000000000,0.4000000000,81,0.0027397260,1.3643835616,41,3321,0,0.0000000000,0.2607909547,3240,0,0.0000000000,0.0000000000,0.0000000000,true,0.8873833183,0,0.2943162581,0,0.0000000000
daily,QQQ,2026-09-10,1530,essvi,ok,,-0.4000000000,0.4000000000,81,0.0027397260,1.3643835616,41,3321,0,0.0000000000,0.2634918724,3240,0,0.0000000000,0.0000000000,0.0000000000,true,0.8873833183,0,0.2821744673,0,0.0000000000
daily,QQQ,2026-09-10,1530,essvi_g05,ok,,-0.4000000000,0.4000000000,81,0.0027397260,1.3643835616,41,3321,0,0.0000000000,0.2584607355,3240,0,0.0000000000,0.0000000000,0.0000000000,true,0.8873833183,0,0.2837675029,0,0.0000000000
daily,QQQ,2026-09-10,1530,essvi_gfree,ok,,-0.4000000000,0.4000000000,81,0.0027397260,1.3643835616,41,3321,0,0.0000000000,0.2566121319,3240,0,0.0000000000,0.0000000000,0.0000000000,true,0.8873833183,0,0.2829152143,0,0.0000000000
daily,QQQ,2026-09-10,1530,essvi_sg05,ok,,-0.4000000000,0.4000000000,81,0.0027397260,1.3643835616,41,3321,0,0.0000000000,0.2620164021,3240,0,0.0000000000,0.0000000000,0.0000000000,true,0.8873833183,0,0.2924985475,0,0.0000000000
daily,QQQ,2026-09-11,1530,svi,ok,,-0.4000000000,0.4000000000,81,0.0082191781,1.3616438356,41,3321,0,0.0000000000,0.0670960415,3240,7,0.0021604938,0.0029635573,0.0016779432,true,0.8708220416,0,0.1216475618,4,0.0015919515
daily,QQQ,2026-09-11,1530,ssvi,ok,,-0.4000000000,0.4000000000,81,0.0082191781,1.3616438356,41,3321,0,0.0000000000,0.2563709141,3240,0,0.0000000000,0.0000000000,0.0000000000,true,0.8708220416,0,0.2861112202,0,0.0000000000
daily,QQQ,2026-09-11,1530,essvi,ok,,-0.4000000000,0.4000000000,81,0.0082191781,1.3616438356,41,3321,0,0.0000000000,0.2593404020,3240,0,0.0000000000,0.0000000000,0.0000000000,true,0.8708220416,0,0.2711622611,0,0.0000000000
daily,QQQ,2026-09-11,1530,essvi_g05,ok,,-0.4000000000,0.4000000000,81,0.0082191781,1.3616438356,41,3321,0,0.0000000000,0.2538877147,3240,0,0.0000000000,0.0000000000,0.0000000000,true,0.8708220416,0,0.2712847049,0,0.0000000000
daily,QQQ,2026-09-11,1530,essvi_gfree,ok,,-0.4000000000,0.4000000000,81,0.0082191781,1.3616438356,41,3321,0,0.0000000000,0.2501896969,3240,0,0.0000000000,0.0000000000,0.0000000000,true,0.8708220416,0,0.2574460348,0,0.0000000000
daily,QQQ,2026-09-11,1530,essvi_sg05,ok,,-0.4000000000,0.4000000000,81,0.0082191781,1.3616438356,41,3321,0,0.0000000000,0.2572447470,3240,0,0.0000000000,0.0000000000,0.0000000000,true,0.8708220416,0,0.2845309776,0,0.0000000000
daily,SPY,2026-08-14,1530,svi,ok,,-0.4000000000,0.4000000000,81,0.0082191781,1.4383561644,41,3321,0,0.0000000000,0.0810394471,3240,25,0.0077160494,0.0002585846,0.0001204904,true,0.8925022584,0,0.0810394471,0,0.0000000000
daily,SPY,2026-08-14,1530,ssvi,ok,,-0.4000000000,0.4000000000,81,0.0082191781,1.4383561644,41,3321,0,0.0000000000,0.2522318331,3240,0,0.0000000000,0.0000000000,0.0000000000,true,0.8925022584,0,0.2648475706,0,0.0000000000
daily,SPY,2026-08-14,1530,essvi,ok,,-0.4000000000,0.4000000000,81,0.0082191781,1.4383561644,41,3321,0,0.0000000000,0.2539288205,3240,0,0.0000000000,0.0000000000,0.0000002704,true,0.8925022584,0,0.2558569829,0,0.0000000000
daily,SPY,2026-08-14,1530,essvi_g05,ok,,-0.4000000000,0.4000000000,81,0.0082191781,1.4383561644,41,3321,0,0.0000000000,0.2515657510,3240,0,0.0000000000,0.0000000000,0.0000000000,true,0.8925022584,0,0.2564773241,0,0.0000000000
daily,SPY,2026-08-14,1530,essvi_gfree,ok,,-0.4000000000,0.4000000000,81,0.0082191781,1.4383561644,41,3321,0,0.0000000000,0.2500190788,3240,0,0.0000000000,0.0000000000,0.0000000000,true,0.8925022584,0,0.2511151950,0,0.0000000000
daily,SPY,2026-08-14,1530,essvi_sg05,ok,,-0.4000000000,0.4000000000,81,0.0082191781,1.4383561644,41,3321,0,0.0000000000,0.2531755662,3240,0,0.0000000000,0.0000000000,0.0000000000,true,0.8925022584,0,0.2601616381,0,0.0000000000
daily,SPY,2026-08-17,1530,svi,ok,,-0.4000000000,0.4000000000,81,0.0027397260,1.4301369863,41,3321,0,0.0000000000,0.0891570861,3240,26,0.0080246914,0.0003374922,0.0001530634,true,0.8888888889,0,0.0891570861,0,0.0000000000
daily,SPY,2026-08-17,1530,ssvi,ok,,-0.4000000000,0.4000000000,81,0.0027397260,1.4301369863,41,3321,0,0.0000000000,0.2520661016,3240,0,0.0000000000,0.0000000000,0.0000000000,true,0.8888888889,0,0.2644917267,0,0.0000000000
daily,SPY,2026-08-17,1530,essvi,ok,,-0.4000000000,0.4000000000,81,0.0027397260,1.4301369863,41,3321,0,0.0000000000,0.2543159758,3240,0,0.0000000000,0.0000000000,0.0000001746,true,0.8888888889,0,0.2557300968,0,0.0000000000
daily,SPY,2026-08-17,1530,essvi_g05,ok,,-0.4000000000,0.4000000000,81,0.0027397260,1.4301369863,41,3321,0,0.0000000000,0.2515010590,3240,0,0.0000000000,0.0000000000,0.0000000000,true,0.8888888889,0,0.2564046150,0,0.0000000000
daily,SPY,2026-08-17,1530,essvi_gfree,ok,,-0.4000000000,0.4000000000,81,0.0027397260,1.4301369863,41,3321,0,0.0000000000,0.2500159025,3240,0,0.0000000000,0.0000000000,0.0000000000,true,0.8888888889,0,0.2511790443,0,0.0000000000
daily,SPY,2026-08-17,1530,essvi_sg05,ok,,-0.4000000000,0.4000000000,81,0.0027397260,1.4301369863,41,3321,0,0.0000000000,0.2530936124,3240,0,0.0000000000,0.0000000000,0.0000000000,true,0.8888888889,0,0.2597531786,0,0.0000000000
daily,SPY,2026-08-18,1530,svi,ok,,-0.4000000000,0.4000000000,81,0.0027397260,1.4273972603,41,3321,0,0.0000000000,0.0822208255,3240,30,0.0092592593,0.0010242782,0.0001883817,true,0.8873833183,0,0.0822208255,0,0.0000000000
daily,SPY,2026-08-18,1530,ssvi,ok,,-0.4000000000,0.4000000000,81,0.0027397260,1.4273972603,41,3321,0,0.0000000000,0.2524111030,3240,0,0.0000000000,0.0000000000,0.0000000000,true,0.8873833183,0,0.2647567893,0,0.0000000000
daily,SPY,2026-08-18,1530,essvi,ok,,-0.4000000000,0.4000000000,81,0.0027397260,1.4273972603,41,3321,0,0.0000000000,0.2566298838,3240,0,0.0000000000,0.0000000000,0.0000001695,true,0.8873833183,0,0.2566298838,0,0.0000000000
daily,SPY,2026-08-18,1530,essvi_g05,ok,,-0.4000000000,0.4000000000,81,0.0027397260,1.4273972603,41,3321,0,0.0000000000,0.2517570997,3240,0,0.0000000000,0.0000000000,0.0000000000,true,0.8873833183,0,0.2566324481,0,0.0000000000
daily,SPY,2026-08-18,1530,essvi_gfree,ok,,-0.4000000000,0.4000000000,81,0.0027397260,1.4273972603,41,3321,0,0.0000000000,0.2500218305,3240,0,0.0000000000,0.0000000000,0.0000000000,true,0.8873833183,0,0.2512340605,0,0.0000000000
daily,SPY,2026-08-18,1530,essvi_sg05,ok,,-0.4000000000,0.4000000000,81,0.0027397260,1.4273972603,41,3321,0,0.0000000000,0.2536529158,3240,0,0.0000000000,0.0000000000,0.0000000000,true,0.8873833183,0,0.2603718406,0,0.0000000000
daily,SPY,2026-08-19,1530,svi,ok,,-0.4000000000,0.4000000000,81,0.0027397260,1.4246575342,41,3321,0,0.0000000000,0.0835344181,3240,26,0.0080246914,0.0003645028,0.0001589091,true,0.8828666064,0,0.0835344181,0,0.0000000000
daily,SPY,2026-08-19,1530,ssvi,ok,,-0.4000000000,0.4000000000,81,0.0027397260,1.4246575342,41,3321,0,0.0000000000,0.2522211808,3240,0,0.0000000000,0.0000000000,0.0000000000,true,0.8828666064,0,0.2640562386,0,0.0000000000
daily,SPY,2026-08-19,1530,essvi,ok,,-0.4000000000,0.4000000000,81,0.0027397260,1.4246575342,41,3321,0,0.0000000000,0.2554689169,3240,0,0.0000000000,0.0000000000,0.0000001261,true,0.8828666064,0,0.2566326079,0,0.0000000000
daily,SPY,2026-08-19,1530,essvi_g05,ok,,-0.4000000000,0.4000000000,81,0.0027397260,1.4246575342,41,3321,0,0.0000000000,0.2514770773,3240,0,0.0000000000,0.0000000000,0.0000000000,true,0.8828666064,0,0.2559385091,0,0.0000000000
daily,SPY,2026-08-19,1530,essvi_gfree,ok,,-0.4000000000,0.4000000000,81,0.0027397260,1.4246575342,41,3321,0,0.0000000000,0.2500197295,3240,0,0.0000000000,0.0000000000,0.0000000000,true,0.8828666064,0,0.2512011114,0,0.0000000000
daily,SPY,2026-08-19,1530,essvi_sg05,ok,,-0.4000000000,0.4000000000,81,0.0027397260,1.4246575342,41,3321,0,0.0000000000,0.2532468383,3240,0,0.0000000000,0.0000000000,0.0000000000,true,0.8828666064,0,0.2602472581,0,0.0000000000
daily,SPY,2026-08-20,1530,svi,ok,,-0.4000000000,0.4000000000,81,0.0027397260,1.4219178082,41,3321,0,0.0000000000,0.0165786812,3240,0,0.0000000000,0.0000000000,0.0001646002,true,0.8891900030,0,0.0838227362,0,0.0000000000
daily,SPY,2026-08-20,1530,ssvi,ok,,-0.4000000000,0.4000000000,81,0.0027397260,1.4219178082,41,3321,0,0.0000000000,0.2528241928,3240,0,0.0000000000,0.0000000000,0.0000000000,true,0.8891900030,0,0.2648891902,0,0.0000000000
daily,SPY,2026-08-20,1530,essvi,ok,,-0.4000000000,0.4000000000,81,0.0027397260,1.4219178082,41,3321,0,0.0000000000,0.2570781507,3240,0,0.0000000000,0.0000000000,0.0000001385,true,0.8891900030,0,0.2572613562,0,0.0000000000
daily,SPY,2026-08-20,1530,essvi_g05,ok,,-0.4000000000,0.4000000000,81,0.0027397260,1.4219178082,41,3321,0,0.0000000000,0.2520529259,3240,0,0.0000000000,0.0000000000,0.0000000000,true,0.8891900030,0,0.2555949914,0,0.0000000000
daily,SPY,2026-08-20,1530,essvi_gfree,ok,,-0.4000000000,0.4000000000,81,0.0027397260,1.4219178082,41,3321,0,0.0000000000,0.2500320683,3240,0,0.0000000000,0.0000000000,0.0000000000,true,0.8891900030,0,0.2511988308,0,0.0000000000
daily,SPY,2026-08-20,1530,essvi_sg05,ok,,-0.4000000000,0.4000000000,81,0.0027397260,1.4219178082,41,3321,0,0.0000000000,0.2541650178,3240,9,0.0027777778,0.0000193446,0.0000000000,true,0.8891900030,0,0.2567961633,0,0.0000000000
daily,SPY,2026-08-21,1530,svi,ok,,-0.4000000000,0.4000000000,81,0.0082191781,1.4191780822,41,3321,0,0.0000000000,0.0560462544,3240,13,0.0040123457,0.0001036772,0.0001439122,true,0.8882866606,0,0.0560462544,0,0.0000000000
daily,SPY,2026-08-21,1530,ssvi,ok,,-0.4000000000,0.4000000000,81,0.0082191781,1.4191780822,41,3321,0,0.0000000000,0.2524172285,3240,0,0.0000000000,0.0000000000,0.0000000000,true,0.8882866606,0,0.2653230916,0,0.0000000000
daily,SPY,2026-08-21,1530,essvi,ok,,-0.4000000000,0.4000000000,81,0.0082191781,1.4191780822,41,3321,0,0.0000000000,0.2551521883,3240,0,0.0000000000,0.0000000000,0.0000002521,true,0.8882866606,0,0.2570965061,0,0.0000000000
daily,SPY,2026-08-21,1530,essvi_g05,ok,,-0.4000000000,0.4000000000,81,0.0082191781,1.4191780822,41,3321,0,0.0000000000,0.2516202039,3240,0,0.0000000000,0.0000000000,0.0000000000,true,0.8882866606,0,0.2554504326,0,0.0000000000
daily,SPY,2026-08-21,1530,essvi_gfree,ok,,-0.4000000000,0.4000000000,81,0.0082191781,1.4191780822,41,3321,0,0.0000000000,0.2500232778,3240,0,0.0000000000,0.0000000000,0.0000000000,true,0.8882866606,0,0.2511493755,0,0.0000000000
daily,SPY,2026-08-21,1530,essvi_sg05,ok,,-0.4000000000,0.4000000000,81,0.0082191781,1.4191780822,41,3321,0,0.0000000000,0.2534993432,3240,0,0.0000000000,0.0000000000,0.0000000000,true,0.8882866606,0,0.2616607797,0,0.0000000000
daily,SPY,2026-08-24,1538,svi,ok,,-0.4000000000,0.4000000000,81,0.0027397260,1.4109589041,41,3321,0,0.0000000000,0.0567984511,3240,46,0.0141975309,0.0004516979,0.0001340063,true,0.8864799759,0,0.0567984511,4,0.0000576946
daily,SPY,2026-08-24,1538,ssvi,ok,,-0.4000000000,0.4000000000,81,0.0027397260,1.4109589041,41,3321,0,0.0000000000,0.2522078344,3240,0,0.0000000000,0.0000000000,0.0000000000,true,0.8864799759,0,0.2651764073,0,0.0000000000
daily,SPY,2026-08-24,1538,essvi,ok,,-0.4000000000,0.4000000000,81,0.0027397260,1.4109589041,41,3321,0,0.0000000000,0.2553425310,3240,0,0.0000000000,0.0000000000,0.0000001458,true,0.8864799759,0,0.2557328075,0,0.0000000000
daily,SPY,2026-08-24,1538,essvi_g05,ok,,-0.4000000000,0.4000000000,81,0.0027397260,1.4109589041,41,3321,0,0.0000000000,0.2516632320,3240,0,0.0000000000,0.0000000000,0.0000000000,true,0.8864799759,0,0.2559294170,0,0.0000000000
daily,SPY,2026-08-24,1538,essvi_gfree,ok,,-0.4000000000,0.4000000000,81,0.0027397260,1.4109589041,41,3321,0,0.0000000000,0.2500186979,3240,0,0.0000000000,0.0000000000,0.0000000000,true,0.8864799759,0,0.2511921451,0,0.0000000000
daily,SPY,2026-08-24,1538,essvi_sg05,ok,,-0.4000000000,0.4000000000,81,0.0027397260,1.4109589041,41,3321,0,0.0000000000,0.2533393253,3240,0,0.0000000000,0.0000000000,0.0000000000,true,0.8864799759,0,0.2551498820,0,0.0000000000
daily,SPY,2026-08-25,1530,svi,ok,,-0.4000000000,0.4000000000,81,0.0027397260,1.4082191781,41,3321,0,0.0000000000,0.0645829339,3240,41,0.0126543210,0.0002890774,0.0001397028,true,0.8849744053,0,0.0645829339,3,0.0000465845
daily,SPY,2026-08-25,1530,ssvi,ok,,-0.4000000000,0.4000000000,81,0.0027397260,1.4082191781,41,3321,0,0.0000000000,0.2527138254,3240,0,0.0000000000,0.0000000000,0.0000000000,true,0.8849744053,0,0.2652298806,0,0.0000000000
daily,SPY,2026-08-25,1530,essvi,ok,,-0.4000000000,0.4000000000,81,0.0027397260,1.4082191781,41,3321,0,0.0000000000,0.2560883550,3240,0,0.0000000000,0.0000000000,0.0000014223,false,0.8849744053,0,0.2560883550,0,0.0000000000
daily,SPY,2026-08-25,1530,essvi_g05,ok,,-0.4000000000,0.4000000000,81,0.0027397260,1.4082191781,41,3321,0,0.0000000000,0.2522008332,3240,0,0.0000000000,0.0000000000,0.0000000000,true,0.8849744053,0,0.2569560980,0,0.0000000000
daily,SPY,2026-08-25,1530,essvi_gfree,ok,,-0.4000000000,0.4000000000,81,0.0027397260,1.4082191781,41,3321,0,0.0000000000,0.2500245628,3240,0,0.0000000000,0.0000000000,0.0000000000,true,0.8849744053,0,0.2511989059,0,0.0000000000
daily,SPY,2026-08-25,1530,essvi_sg05,ok,,-0.4000000000,0.4000000000,81,0.0027397260,1.4082191781,41,3321,0,0.0000000000,0.2542575543,3240,0,0.0000000000,0.0000000000,0.0000000000,true,0.8849744053,0,0.2550294756,0,0.0000000000
daily,SPY,2026-08-26,1530,svi,ok,,-0.4000000000,0.4000000000,81,0.0027397260,1.4054794521,41,3321,0,0.0000000000,0.0424973048,3240,38,0.0117283951,0.0002210618,0.0002042113,true,0.8879855465,0,0.0555869518,4,0.0001077016
daily,SPY,2026-08-26,1530,ssvi,ok,,-0.4000000000,0.4000000000,81,0.0027397260,1.4054794521,41,3321,0,0.0000000000,0.2534145390,3240,0,0.0000000000,0.0000000000,0.0000000000,true,0.8879855465,0,0.2652069685,0,0.0000000000
daily,SPY,2026-08-26,1530,essvi,ok,,-0.4000000000,0.4000000000,81,0.0027397260,1.4054794521,41,3321,0,0.0000000000,0.2564191212,3240,0,0.0000000000,0.0000000000,0.0000016458,false,0.8879855465,0,0.2564191212,0,0.0000000000
daily,SPY,2026-08-26,1530,essvi_g05,ok,,-0.4000000000,0.4000000000,81,0.0027397260,1.4054794521,41,3321,0,0.0000000000,0.2527333364,3240,0,0.0000000000,0.0000000000,0.0000000000,true,0.8879855465,0,0.2570037944,0,0.0000000000
daily,SPY,2026-08-26,1530,essvi_gfree,ok,,-0.4000000000,0.4000000000,81,0.0027397260,1.4054794521,41,3321,0,0.0000000000,0.2500347099,3240,0,0.0000000000,0.0000000000,0.0000000000,true,0.8879855465,0,0.2512262426,0,0.0000000000
daily,SPY,2026-08-26,1530,essvi_sg05,ok,,-0.4000000000,0.4000000000,81,0.0027397260,1.4054794521,41,3321,0,0.0000000000,0.2554716387,3240,0,0.0000000000,0.0000000000,0.0000000000,true,0.8879855465,0,0.2635632533,0,0.0000000000
daily,SPY,2026-08-27,1530,svi,ok,,-0.4000000000,0.4000000000,81,0.0027397260,1.4027397260,41,3321,0,0.0000000000,0.0238702036,3240,11,0.0033950617,0.0001267534,0.0002157586,true,0.8870822042,0,0.0554307171,1,0.0000070813
daily,SPY,2026-08-27,1530,ssvi,ok,,-0.4000000000,0.4000000000,81,0.0027397260,1.4027397260,41,3321,0,0.0000000000,0.2530505834,3240,0,0.0000000000,0.0000000000,0.0000000000,true,0.8870822042,0,0.2641542602,0,0.0000000000
daily,SPY,2026-08-27,1530,essvi,ok,,-0.4000000000,0.4000000000,81,0.0027397260,1.4027397260,41,3321,0,0.0000000000,0.2538113474,3240,24,0.0074074074,0.0003219967,0.0000033026,false,0.8870822042,0,0.2538113474,0,0.0000000000
daily,SPY,2026-08-27,1530,essvi_g05,ok,,-0.4000000000,0.4000000000,81,0.0027397260,1.4027397260,41,3321,0,0.0000000000,0.2518787072,3240,0,0.0000000000,0.0000000000,0.0000000000,true,0.8870822042,0,0.2518787072,0,0.0000000000
daily,SPY,2026-08-27,1530,essvi_gfree,ok,,-0.4000000000,0.4000000000,81,0.0027397260,1.4027397260,41,3321,0,0.0000000000,0.2500306594,3240,0,0.0000000000,0.0000000000,0.0000000000,true,0.8870822042,0,0.2511442088,0,0.0000000000
daily,SPY,2026-08-27,1530,essvi_sg05,ok,,-0.4000000000,0.4000000000,81,0.0027397260,1.4027397260,41,3321,0,0.0000000000,0.2547681396,3240,0,0.0000000000,0.0000000000,0.0000000000,true,0.8870822042,0,0.2607103418,0,0.0000000000
daily,SPY,2026-08-31,1530,svi,ok,,-0.4000000000,0.4000000000,81,0.0027397260,1.3917808219,41,3321,0,0.0000000000,0.0033330428,3240,26,0.0080246914,0.0002166436,0.0001337144,true,0.8810599217,0,0.0033330428,0,0.0000000000
daily,SPY,2026-08-31,1530,ssvi,ok,,-0.4000000000,0.4000000000,81,0.0027397260,1.3917808219,41,3321,0,0.0000000000,0.2521395808,3240,0,0.0000000000,0.0000000000,0.0000000000,true,0.8810599217,0,0.2630559924,0,0.0000000000
daily,SPY,2026-08-31,1530,essvi,ok,,-0.4000000000,0.4000000000,81,0.0027397260,1.3917808219,41,3321,0,0.0000000000,0.2519203509,3240,0,0.0000000000,0.0000000000,0.0000018199,false,0.8810599217,0,0.2519203509,0,0.0000000000
daily,SPY,2026-08-31,1530,essvi_g05,ok,,-0.4000000000,0.4000000000,81,0.0027397260,1.3917808219,41,3321,0,0.0000000000,0.2505244003,3240,0,0.0000000000,0.0000000000,0.0000000000,true,0.8810599217,0,0.2512899465,0,0.0000000000
daily,SPY,2026-08-31,1530,essvi_gfree,ok,,-0.4000000000,0.4000000000,81,0.0027397260,1.3917808219,41,3321,0,0.0000000000,0.2500184190,3240,0,0.0000000000,0.0000000000,0.0000000000,true,0.8810599217,0,0.2509756410,0,0.0000000000
daily,SPY,2026-08-31,1530,essvi_sg05,ok,,-0.4000000000,0.4000000000,81,0.0027397260,1.3917808219,41,3321,0,0.0000000000,0.2535284411,3240,0,0.0000000000,0.0000000000,0.0000000000,true,0.8810599217,0,0.2573775513,0,0.0000000000
daily,SPY,2026-09-01,1530,svi,ok,,-0.4000000000,0.4000000000,81,0.0027397260,1.3890410959,41,3321,3,0.0009033424,-0.0287978946,3240,0,0.0000000000,0.0000000000,0.0001982908,true,0.8783498946,0,0.0443008888,0,0.0000000000
daily,SPY,2026-09-01,1530,ssvi,ok,,-0.4000000000,0.4000000000,81,0.0027397260,1.3890410959,41,3321,0,0.0000000000,0.2527510573,3240,0,0.0000000000,0.0000000000,0.0000000000,true,0.8783498946,0,0.2643440023,0,0.0000000000
daily,SPY,2026-09-01,1530,essvi,ok,,-0.4000000000,0.4000000000,81,0.0027397260,1.3890410959,41,3321,0,0.0000000000,0.2548492061,3240,0,0.0000000000,0.0000000000,0.0000017812,false,0.8783498946,0,0.2548492061,0,0.0000000000
daily,SPY,2026-09-01,1530,essvi_g05,ok,,-0.4000000000,0.4000000000,81,0.0027397260,1.3890410959,41,3321,0,0.0000000000,0.2518411157,3240,0,0.0000000000,0.0000000000,0.0000000000,true,0.8783498946,0,0.2524556500,0,0.0000000000
daily,SPY,2026-09-01,1530,essvi_gfree,ok,,-0.4000000000,0.4000000000,81,0.0027397260,1.3890410959,41,3321,0,0.0000000000,0.2500291478,3240,0,0.0000000000,0.0000000000,0.0000000000,true,0.8783498946,0,0.2510558704,0,0.0000000000
daily,SPY,2026-09-01,1530,essvi_sg05,ok,,-0.4000000000,0.4000000000,81,0.0027397260,1.3890410959,41,3321,0,0.0000000000,0.2544458492,3240,0,0.0000000000,0.0000000000,0.0000000000,true,0.8783498946,0,0.2573018165,0,0.0000000000
daily,SPY,2026-09-02,1530,svi,ok,,-0.4000000000,0.4000000000,81,0.0027397260,1.3863013699,41,3321,4,0.0012044565,-0.0430334209,3240,0,0.0000000000,0.0000000000,0.0001585795,true,0.8795543511,0,0.0436362777,0,0.0000000000
daily,SPY,2026-09-02,1530,ssvi,ok,,-0.4000000000,0.4000000000,81,0.0027397260,1.3863013699,41,3321,0,0.0000000000,0.2524587586,3240,0,0.0000000000,0.0000000000,0.0000000000,true,0.8795543511,0,0.2630084348,0,0.0000000000
daily,SPY,2026-09-02,1530,essvi,ok,,-0.4000000000,0.4000000000,81,0.0027397260,1.3863013699,41,3321,0,0.0000000000,0.2535277735,3240,0,0.0000000000,0.0000000000,0.0000017508,false,0.8795543511,0,0.2535277735,0,0.0000000000
daily,SPY,2026-09-02,1530,essvi_g05,ok,,-0.4000000000,0.4000000000,81,0.0027397260,1.3863013699,41,3321,0,0.0000000000,0.2517258353,3240,0,0.0000000000,0.0000000000,0.0000000000,true,0.8795543511,0,0.2528240241,0,0.0000000000
daily,SPY,2026-09-02,1530,essvi_gfree,ok,,-0.4000000000,0.4000000000,81,0.0027397260,1.3863013699,41,3321,0,0.0000000000,0.2500237253,3240,0,0.0000000000,0.0000000000,0.0000000000,true,0.8795543511,0,0.2509388964,0,0.0000000000
daily,SPY,2026-09-02,1530,essvi_sg05,ok,,-0.4000000000,0.4000000000,81,0.0027397260,1.3863013699,41,3321,0,0.0000000000,0.2512663376,3240,0,0.0000000000,0.0000000000,0.0000000000,true,0.8795543511,0,0.2512663376,0,0.0000000000
daily,SPY,2026-09-03,1530,svi,ok,,-0.4000000000,0.4000000000,81,0.0027397260,1.3835616438,41,3321,0,0.0000000000,0.0278908006,3240,44,0.0135802469,0.0005441421,0.0002988099,true,0.8846732912,0,0.0278908006,2,0.0000228367
daily,SPY,2026-09-03,1530,ssvi,ok,,-0.4000000000,0.4000000000,81,0.0027397260,1.3835616438,41,3321,0,0.0000000000,0.2522903050,3240,0,0.0000000000,0.0000000000,0.0000000000,true,0.8846732912,0,0.2622353640,0,0.0000000000
daily,SPY,2026-09-03,1530,essvi,ok,,-0.4000000000,0.4000000000,81,0.0027397260,1.3835616438,41,3321,0,0.0000000000,0.2538638399,3240,109,0.0336419753,0.0002475607,0.0000133047,false,0.8846732912,0,0.2538638399,4,0.0000234515
daily,SPY,2026-09-03,1530,essvi_g05,ok,,-0.4000000000,0.4000000000,81,0.0027397260,1.3835616438,41,3321,0,0.0000000000,0.2508397673,3240,0,0.0000000000,0.0000000000,0.0000000000,true,0.8846732912,0,0.2508397673,0,0.0000000000
daily,SPY,2026-09-03,1530,essvi_gfree,ok,,-0.4000000000,0.4000000000,81,0.0027397260,1.3835616438,41,3321,0,0.0000000000,0.2500229568,3240,0,0.0000000000,0.0000000000,0.0000000000,true,0.8846732912,0,0.2508707822,0,0.0000000000
daily,SPY,2026-09-03,1530,essvi_sg05,ok,,-0.4000000000,0.4000000000,81,0.0027397260,1.3835616438,41,3321,0,0.0000000000,0.2535464226,3240,0,0.0000000000,0.0000000000,0.0000000000,true,0.8846732912,0,0.2560244751,0,0.0000000000
daily,SPY,2026-09-04,1530,svi,ok,,-0.4000000000,0.4000000000,81,0.0109589041,1.3808219178,41,3321,2,0.0006022282,-0.0223471170,3240,0,0.0000000000,0.0000000000,0.0002270514,true,0.8928033725,1,-0.0223471170,0,0.0000000000
daily,SPY,2026-09-04,1530,ssvi,ok,,-0.4000000000,0.4000000000,81,0.0109589041,1.3808219178,41,3321,0,0.0000000000,0.2523189898,3240,0,0.0000000000,0.0000000000,0.0000000000,true,0.8928033725,0,0.2632658921,0,0.0000000000
daily,SPY,2026-09-04,1530,essvi,ok,,-0.4000000000,0.4000000000,81,0.0109589041,1.3808219178,41,3321,0,0.0000000000,0.2518254118,3240,0,0.0000000000,0.0000000000,0.0000018719,false,0.8928033725,0,0.2518254118,0,0.0000000000
daily,SPY,2026-09-04,1530,essvi_g05,ok,,-0.4000000000,0.4000000000,81,0.0109589041,1.3808219178,41,3321,0,0.0000000000,0.2508259709,3240,0,0.0000000000,0.0000000000,0.0000000000,true,0.8928033725,0,0.2522234296,0,0.0000000000
daily,SPY,2026-09-04,1530,essvi_gfree,ok,,-0.4000000000,0.4000000000,81,0.0109589041,1.3808219178,41,3321,0,0.0000000000,0.2500306763,3240,0,0.0000000000,0.0000000000,0.0000000000,true,0.8928033725,0,0.2510576707,0,0.0000000000
daily,SPY,2026-09-04,1530,essvi_sg05,ok,,-0.4000000000,0.4000000000,81,0.0109589041,1.3808219178,41,3321,0,0.0000000000,0.2527422042,3240,0,0.0000000000,0.0000000000,0.0000000000,true,0.8928033725,0,0.2543313175,0,0.0000000000
daily,SPY,2026-09-08,1530,svi,ok,,-0.4000000000,0.4000000000,81,0.0027397260,1.3698630137,41,3321,0,0.0000000000,0.0231638219,3240,0,0.0000000000,0.0000000000,0.0002298049,true,0.8888888889,0,0.0352954214,0,0.0000000000
daily,SPY,2026-09-08,1530,ssvi,ok,,-0.4000000000,0.4000000000,81,0.0027397260,1.3698630137,41,3321,0,0.0000000000,0.2522102061,3240,0,0.0000000000,0.0000000000,0.0000000000,true,0.8888888889,0,0.2640005804,0,0.0000000000
daily,SPY,2026-09-08,1530,essvi,ok,,-0.4000000000,0.4000000000,81,0.0027397260,1.3698630137,41,3321,0,0.0000000000,0.2531258277,3240,0,0.0000000000,0.0000000000,0.0000026062,false,0.8888888889,0,0.2531258277,0,0.0000000000
daily,SPY,2026-09-08,1530,essvi_g05,ok,,-0.4000000000,0.4000000000,81,0.0027397260,1.3698630137,41,3321,0,0.0000000000,0.2506635720,3240,0,0.0000000000,0.0000000000,0.0000000000,true,0.8888888889,0,0.2513608949,0,0.0000000000
daily,SPY,2026-09-08,1530,essvi_gfree,ok,,-0.4000000000,0.4000000000,81,0.0027397260,1.3698630137,41,3321,0,0.0000000000,0.2500201413,3240,0,0.0000000000,0.0000000000,0.0000000000,true,0.8888888889,0,0.2511242764,0,0.0000000000
daily,SPY,2026-09-08,1530,essvi_sg05,ok,,-0.4000000000,0.4000000000,81,0.0027397260,1.3698630137,41,3321,0,0.0000000000,0.2532725264,3240,0,0.0000000000,0.0000000000,0.0000000000,true,0.8888888889,0,0.2567880019,0,0.0000000000
daily,SPY,2026-09-09,1530,svi,ok,,-0.4000000000,0.4000000000,81,0.0027397260,1.3671232877,41,3321,2,0.0006022282,-0.0243354281,3240,19,0.0058641975,0.0005905571,0.0002323471,true,0.8879855465,0,0.0514389111,4,0.0001132143
daily,SPY,2026-09-09,1530,ssvi,ok,,-0.4000000000,0.4000000000,81,0.0027397260,1.3671232877,41,3321,0,0.0000000000,0.2527997758,3240,0,0.0000000000,0.0000000000,0.0000000000,true,0.8879855465,0,0.2643904287,0,0.0000000000
daily,SPY,2026-09-09,1530,essvi,ok,,-0.4000000000,0.4000000000,81,0.0027397260,1.3671232877,41,3321,0,0.0000000000,0.2544557909,3240,0,0.0000000000,0.0000000000,0.0000014615,false,0.8879855465,0,0.2544557909,0,0.0000000000
daily,SPY,2026-09-09,1530,essvi_g05,ok,,-0.4000000000,0.4000000000,81,0.0027397260,1.3671232877,41,3321,0,0.0000000000,0.2514120082,3240,0,0.0000000000,0.0000000000,0.0000000000,true,0.8879855465,0,0.2530665946,0,0.0000000000
daily,SPY,2026-09-09,1530,essvi_gfree,ok,,-0.4000000000,0.4000000000,81,0.0027397260,1.3671232877,41,3321,0,0.0000000000,0.2500318139,3240,0,0.0000000000,0.0000000000,0.0000000000,true,0.8879855465,0,0.2509050788,0,0.0000000000
daily,SPY,2026-09-09,1530,essvi_sg05,ok,,-0.4000000000,0.4000000000,81,0.0027397260,1.3671232877,41,3321,0,0.0000000000,0.2515404392,3240,0,0.0000000000,0.0000000000,0.0000000000,true,0.8879855465,0,0.2515404392,0,0.0000000000
daily,SPY,2026-09-10,1530,svi,ok,,-0.4000000000,0.4000000000,81,0.0027397260,1.3643835616,41,3321,0,0.0000000000,0.0068389051,3240,18,0.0055555556,0.0006090595,0.0003858876,true,0.8834688347,0,0.0276609856,2,0.0000695726
daily,SPY,2026-09-10,1530,ssvi,ok,,-0.4000000000,0.4000000000,81,0.0027397260,1.3643835616,41,3321,0,0.0000000000,0.2543056904,3240,0,0.0000000000,0.0000000000,0.0000000000,true,0.8834688347,0,0.2654232980,0,0.0000000000
daily,SPY,2026-09-10,1530,essvi,ok,,-0.4000000000,0.4000000000,81,0.0027397260,1.3643835616,41,3321,0,0.0000000000,0.2569605206,3240,0,0.0000000000,0.0000000000,0.0000014515,false,0.8834688347,0,0.2573556970,0,0.0000000000
daily,SPY,2026-09-10,1530,essvi_g05,ok,,-0.4000000000,0.4000000000,81,0.0027397260,1.3643835616,41,3321,0,0.0000000000,0.2522705273,3240,1,0.0003086420,0.0000000187,0.0000000000,true,0.8834688347,0,0.2539733940,0,0.0000000000
daily,SPY,2026-09-10,1530,essvi_gfree,ok,,-0.4000000000,0.4000000000,81,0.0027397260,1.3643835616,41,3321,0,0.0000000000,0.2500694607,3240,6,0.0018518519,0.0000033188,0.0000000000,true,0.8834688347,0,0.2513847633,0,0.0000000000
daily,SPY,2026-09-10,1530,essvi_sg05,ok,,-0.4000000000,0.4000000000,81,0.0027397260,1.3643835616,41,3321,0,0.0000000000,0.2563148980,3240,0,0.0000000000,0.0000000000,0.0000000000,true,0.8834688347,0,0.2608383587,0,0.0000000000
daily,SPY,2026-09-11,1530,svi,ok,,-0.4000000000,0.4000000000,81,0.0082191781,1.3616438356,41,3321,2,0.0006022282,-0.0158397407,3240,9,0.0027777778,0.0001609566,0.0001970684,true,0.8846732912,2,-0.0158397407,0,0.0000000000
daily,SPY,2026-09-11,1530,ssvi,ok,,-0.4000000000,0.4000000000,81,0.0082191781,1.3616438356,41,3321,0,0.0000000000,0.2524728339,3240,0,0.0000000000,0.0000000000,0.0000000000,true,0.8846732912,0,0.2622271747,0,0.0000000000
daily,SPY,2026-09-11,1530,essvi,ok,,-0.4000000000,0.4000000000,81,0.0082191781,1.3616438356,41,3321,0,0.0000000000,0.2502650321,3240,0,0.0000000000,0.0000000000,0.0000013795,false,0.8846732912,0,0.2519280994,0,0.0000000000
daily,SPY,2026-09-11,1530,essvi_g05,ok,,-0.4000000000,0.4000000000,81,0.0082191781,1.3616438356,41,3321,0,0.0000000000,0.2500399756,3240,22,0.0067901235,0.0000213579,0.0000000000,true,0.8846732912,0,0.2509512434,9,0.0000109880
daily,SPY,2026-09-11,1530,essvi_gfree,ok,,-0.4000000000,0.4000000000,81,0.0082191781,1.3616438356,41,3321,0,0.0000000000,0.2500400013,3240,18,0.0055555556,0.0000185803,0.0000000000,true,0.8846732912,0,0.2509504685,5,0.0000065104
daily,SPY,2026-09-11,1530,essvi_sg05,ok,,-0.4000000000,0.4000000000,81,0.0082191781,1.3616438356,41,3321,0,0.0000000000,0.2521883078,3240,0,0.0000000000,0.0000000000,0.0000000000,true,0.8846732912,0,0.2554864886,0,0.0000000000
daily,TSLA,2026-08-14,1530,svi,ok,,-0.4000000000,0.4000000000,81,0.0082191781,1.4383561644,41,3321,0,0.0000000000,0.1953945126,3240,0,0.0000000000,0.0000000000,0.0000000000,true,0.9783197832,0,0.1953945126,0,0.0000000000
daily,TSLA,2026-08-14,1530,ssvi,ok,,-0.4000000000,0.4000000000,81,0.0082191781,1.4383561644,41,3321,0,0.0000000000,0.2857230610,3240,0,0.0000000000,0.0000000000,0.0000000000,true,0.9783197832,0,0.3710623086,0,0.0000000000
daily,TSLA,2026-08-14,1530,essvi,ok,,-0.4000000000,0.4000000000,81,0.0082191781,1.4383561644,41,3321,0,0.0000000000,0.2688387938,3240,0,0.0000000000,0.0000000000,0.0000000000,true,0.9783197832,0,0.3154229023,0,0.0000000000
daily,TSLA,2026-08-14,1530,essvi_g05,ok,,-0.4000000000,0.4000000000,81,0.0082191781,1.4383561644,41,3321,0,0.0000000000,0.2696456340,3240,0,0.0000000000,0.0000000000,0.0000000000,true,0.9783197832,0,0.3177834821,0,0.0000000000
daily,TSLA,2026-08-14,1530,essvi_gfree,ok,,-0.4000000000,0.4000000000,81,0.0082191781,1.4383561644,41,3321,0,0.0000000000,0.2547369293,3240,0,0.0000000000,0.0000000000,0.0000000000,true,0.9783197832,0,0.2684546663,0,0.0000000000
daily,TSLA,2026-08-14,1530,essvi_sg05,ok,,-0.4000000000,0.4000000000,81,0.0082191781,1.4383561644,41,3321,0,0.0000000000,0.2869343202,3240,0,0.0000000000,0.0000000000,0.0000000000,true,0.9783197832,0,0.3566642945,0,0.0000000000
daily,TSLA,2026-08-17,1530,svi,ok,,-0.4000000000,0.4000000000,81,0.0054794521,1.4301369863,41,3321,0,0.0000000000,0.1662561314,3240,0,0.0000000000,0.0000000000,0.0000000000,true,0.9795242397,0,0.1662561314,0,0.0000000000
daily,TSLA,2026-08-17,1530,ssvi,ok,,-0.4000000000,0.4000000000,81,0.0054794521,1.4301369863,41,3321,0,0.0000000000,0.2943795289,3240,0,0.0000000000,0.0000000000,0.0000000000,true,0.9795242397,0,0.3705744550,0,0.0000000000
daily,TSLA,2026-08-17,1530,essvi,ok,,-0.4000000000,0.4000000000,81,0.0054794521,1.4301369863,41,3321,0,0.0000000000,0.2752440856,3240,0,0.0000000000,0.0000000000,0.0000000000,true,0.9795242397,0,0.3201932323,0,0.0000000000
daily,TSLA,2026-08-17,1530,essvi_g05,ok,,-0.4000000000,0.4000000000,81,0.0054794521,1.4301369863,41,3321,0,0.0000000000,0.2749449275,3240,0,0.0000000000,0.0000000000,0.0000000000,true,0.9795242397,0,0.3149876766,0,0.0000000000
daily,TSLA,2026-08-17,1530,essvi_gfree,ok,,-0.4000000000,0.4000000000,81,0.0054794521,1.4301369863,41,3321,0,0.0000000000,0.2599490268,3240,0,0.0000000000,0.0000000000,0.0000000000,true,0.9795242397,0,0.2787673467,0,0.0000000000
daily,TSLA,2026-08-17,1530,essvi_sg05,ok,,-0.4000000000,0.4000000000,81,0.0054794521,1.4301369863,41,3321,0,0.0000000000,0.2965735437,3240,0,0.0000000000,0.0000000000,0.0000000000,true,0.9795242397,0,0.3603099983,0,0.0000000000
daily,TSLA,2026-08-18,1530,svi,ok,,-0.4000000000,0.4000000000,81,0.0027397260,1.4273972603,41,3321,0,0.0000000000,0.1788416320,3240,0,0.0000000000,0.0000000000,0.0002117305,true,0.9744052996,0,0.1788416320,0,0.0000000000
daily,TSLA,2026-08-18,1530,ssvi,ok,,-0.4000000000,0.4000000000,81,0.0027397260,1.4273972603,41,3321,0,0.0000000000,0.2858645068,3240,0,0.0000000000,0.0000000000,0.0000000000,true,0.9744052996,0,0.3764213337,0,0.0000000000
daily,TSLA,2026-08-18,1530,essvi,ok,,-0.4000000000,0.4000000000,81,0.0027397260,1.4273972603,41,3321,0,0.0000000000,0.2886787938,3240,0,0.0000000000,0.0000000000,0.0000000000,true,0.9744052996,0,0.3406079774,0,0.0000000000
daily,TSLA,2026-08-18,1530,essvi_g05,ok,,-0.4000000000,0.4000000000,81,0.0027397260,1.4273972603,41,3321,0,0.0000000000,0.2682736628,3240,0,0.0000000000,0.0000000000,0.0000000000,true,0.9744052996,0,0.3186329207,0,0.0000000000
daily,TSLA,2026-08-18,1530,essvi_gfree,ok,,-0.4000000000,0.4000000000,81,0.0027397260,1.4273972603,41,3321,0,0.0000000000,0.2576033060,3240,0,0.0000000000,0.0000000000,0.0000000000,true,0.9744052996,0,0.3003807690,0,0.0000000000
daily,TSLA,2026-08-18,1530,essvi_sg05,ok,,-0.4000000000,0.4000000000,81,0.0027397260,1.4273972603,41,3321,0,0.0000000000,0.2875502234,3240,0,0.0000000000,0.0000000000,0.0000000000,true,0.9744052996,0,0.3677711302,0,0.0000000000
daily,TSLA,2026-08-19,1530,svi,ok,,-0.4000000000,0.4000000000,81,0.0054794521,1.4246575342,41,3321,0,0.0000000000,0.0521114065,3240,0,0.0000000000,0.0000000000,0.0007147593,true,0.9855465221,0,0.0521114065,0,0.0000000000
daily,TSLA,2026-08-19,1530,ssvi,ok,,-0.4000000000,0.4000000000,81,0.0054794521,1.4246575342,41,3321,0,0.0000000000,0.3006803110,3240,0,0.0000000000,0.0000000000,0.0000000000,true,0.9855465221,0,0.3530995400,0,0.0000000000
daily,TSLA,2026-08-19,1530,essvi,ok,,-0.4000000000,0.4000000000,81,0.0054794521,1.4246575342,41,3321,0,0.0000000000,0.2773764222,3240,0,0.0000000000,0.0000000000,0.0000000000,true,0.9855465221,0,0.3066157076,0,0.0000000000
daily,TSLA,2026-08-19,1530,essvi_g05,ok,,-0.4000000000,0.4000000000,81,0.0054794521,1.4246575342,41,3321,0,0.0000000000,0.2800655493,3240,0,0.0000000000,0.0000000000,0.0000000000,true,0.9855465221,0,0.3120502187,0,0.0000000000
daily,TSLA,2026-08-19,1530,essvi_gfree,ok,,-0.4000000000,0.4000000000,81,0.0054794521,1.4246575342,41,3321,0,0.0000000000,0.2630451440,3240,0,0.0000000000,0.0000000000,0.0000000000,true,0.9855465221,0,0.2777225951,0,0.0000000000
daily,TSLA,2026-08-19,1530,essvi_sg05,ok,,-0.4000000000,0.4000000000,81,0.0054794521,1.4246575342,41,3321,0,0.0000000000,0.3042454165,3240,0,0.0000000000,0.0000000000,0.0000000000,true,0.9855465221,0,0.3608867972,0,0.0000000000
daily,TSLA,2026-08-20,1530,svi,ok,,-0.4000000000,0.4000000000,81,0.0027397260,1.4219178082,41,3321,0,0.0000000000,0.1593711389,3240,0,0.0000000000,0.0000000000,0.0000000000,true,0.9771153267,0,0.1593711389,0,0.0000000000
daily,TSLA,2026-08-20,1530,ssvi,ok,,-0.4000000000,0.4000000000,81,0.0027397260,1.4219178082,41,3321,0,0.0000000000,0.2824490616,3240,0,0.0000000000,0.0000000000,0.0000000000,true,0.9771153267,0,0.3821741834,0,0.0000000000
daily,TSLA,2026-08-20,1530,essvi,ok,,-0.4000000000,0.4000000000,81,0.0027397260,1.4219178082,41,3321,0,0.0000000000,0.2699415117,3240,0,0.0000000000,0.0000000000,0.0000000000,true,0.9771153267,0,0.3332950091,0,0.0000000000
daily,TSLA,2026-08-20,1530,essvi_g05,ok,,-0.4000000000,0.4000000000,81,0.0027397260,1.4219178082,41,3321,0,0.0000000000,0.2699724514,3240,0,0.0000000000,0.0000000000,0.0000000000,true,0.9771153267,0,0.3331095241,0,0.0000000000
daily,TSLA,2026-08-20,1530,essvi_gfree,ok,,-0.4000000000,0.4000000000,81,0.0027397260,1.4219178082,41,3321,0,0.0000000000,0.2597443710,3240,0,0.0000000000,0.0000000000,0.0000000000,true,0.9771153267,0,0.2920682414,0,0.0000000000
daily,TSLA,2026-08-20,1530,essvi_sg05,ok,,-0.4000000000,0.4000000000,81,0.0027397260,1.4219178082,41,3321,0,0.0000000000,0.2840482075,3240,0,0.0000000000,0.0000000000,0.0000000000,true,0.9771153267,0,0.3876680052,0,0.0000000000
daily,TSLA,2026-08-21,1530,svi,ok,,-0.4000000000,0.4000000000,81,0.0082191781,1.4191780822,41,3321,0,0.0000000000,0.1824611965,3240,0,0.0000000000,0.0000000000,0.0000000000,true,0.9831376092,0,0.1824611965,0,0.0000000000
daily,TSLA,2026-08-21,1530,ssvi,ok,,-0.4000000000,0.4000000000,81,0.0082191781,1.4191780822,41,3321,0,0.0000000000,0.2928982368,3240,0,0.0000000000,0.0000000000,0.0000000000,true,0.9831376092,0,0.3591963416,0,0.0000000000
daily,TSLA,2026-08-21,1530,essvi,ok,,-0.4000000000,0.4000000000,81,0.0082191781,1.4191780822,41,3321,0,0.0000000000,0.2742680614,3240,0,0.0000000000,0.0000000000,0.0000000000,true,0.9831376092,0,0.3127418582,0,0.0000000000
daily,TSLA,2026-08-21,1530,essvi_g05,ok,,-0.4000000000,0.4000000000,81,0.0082191781,1.4191780822,41,3321,0,0.0000000000,0.2749597039,3240,0,0.0000000000,0.0000000000,0.0000000000,true,0.9831376092,0,0.3142252898,0,0.0000000000
daily,TSLA,2026-08-21,1530,essvi_gfree,ok,,-0.4000000000,0.4000000000,81,0.0082191781,1.4191780822,41,3321,0,0.0000000000,0.2604372284,3240,0,0.0000000000,0.0000000000,0.0000000000,true,0.9831376092,0,0.2779234564,0,0.0000000000
daily,TSLA,2026-08-21,1530,essvi_sg05,ok,,-0.4000000000,0.4000000000,81,0.0082191781,1.4191780822,41,3321,0,0.0000000000,0.2944981233,3240,0,0.0000000000,0.0000000000,0.0000000000,true,0.9831376092,0,0.3613931757,0,0.0000000000
daily,TSLA,2026-08-24,1538,svi,ok,,-0.4000000000,0.4000000000,81,0.0054794521,1.4109589041,41,3321,0,0.0000000000,0.0742845457,3240,0,0.0000000000,0.0000000000,0.0000932017,true,0.9849442939,0,0.0742845457,0,0.0000000000
daily,TSLA,2026-08-24,1538,ssvi,ok,,-0.4000000000,0.4000000000,81,0.0054794521,1.4109589041,41,3321,0,0.0000000000,0.2987376342,3240,0,0.0000000000,0.0000000000,0.0000000000,true,0.9849442939,0,0.3667361620,0,0.0000000000
daily,TSLA,2026-08-24,1538,essvi,ok,,-0.4000000000,0.4000000000,81,0.0054794521,1.4109589041,41,3321,0,0.0000000000,0.2806224738,3240,0,0.0000000000,0.0000000000,0.0000000000,true,0.9849442939,0,0.3237245058,0,0.0000000000
daily,TSLA,2026-08-24,1538,essvi_g05,ok,,-0.4000000000,0.4000000000,81,0.0054794521,1.4109589041,41,3321,0,0.0000000000,0.2783598966,3240,0,0.0000000000,0.0000000000,0.0000000000,true,0.9849442939,0,0.3182963895,0,0.0000000000
daily,TSLA,2026-08-24,1538,essvi_gfree,ok,,-0.4000000000,0.4000000000,81,0.0054794521,1.4109589041,41,3321,0,0.0000000000,0.2683629110,3240,0,0.0000000000,0.0000000000,0.0000000000,true,0.9849442939,0,0.2950111646,0,0.0000000000
daily,TSLA,2026-08-24,1538,essvi_sg05,ok,,-0.4000000000,0.4000000000,81,0.0054794521,1.4109589041,41,3321,0,0.0000000000,0.2995435386,3240,0,0.0000000000,0.0000000000,0.0000000000,true,0.9849442939,0,0.3657032512,0,0.0000000000
daily,TSLA,2026-08-25,1530,svi,ok,,-0.4000000000,0.4000000000,81,0.0027397260,1.4082191781,41,3321,0,0.0000000000,0.1951458753,3240,0,0.0000000000,0.0000000000,0.0007422011,true,0.9783197832,0,0.1951458753,0,0.0000000000
daily,TSLA,2026-08-25,1530,ssvi,ok,,-0.4000000000,0.4000000000,81,0.0027397260,1.4082191781,41,3321,0,0.0000000000,0.2835348764,3240,0,0.0000000000,0.0000000000,0.0000000000,true,0.9783197832,0,0.3731745432,0,0.0000000000
daily,TSLA,2026-08-25,1530,essvi,ok,,-0.4000000000,0.4000000000,81,0.0027397260,1.4082191781,41,3321,0,0.0000000000,0.2869955181,3240,0,0.0000000000,0.0000000000,0.0000000000,true,0.9783197832,0,0.3474787843,0,0.0000000000
daily,TSLA,2026-08-25,1530,essvi_g05,ok,,-0.4000000000,0.4000000000,81,0.0027397260,1.4082191781,41,3321,0,0.0000000000,0.2699258205,3240,0,0.0000000000,0.0000000000,0.0000000000,true,0.9783197832,0,0.3273788042,0,0.0000000000
daily,TSLA,2026-08-25,1530,essvi_gfree,ok,,-0.4000000000,0.4000000000,81,0.0027397260,1.4082191781,41,3321,0,0.0000000000,0.2634804108,3240,0,0.0000000000,0.0000000000,0.0000000000,true,0.9783197832,0,0.3236568244,0,0.0000000000
daily,TSLA,2026-08-25,1530,essvi_sg05,ok,,-0.4000000000,0.4000000000,81,0.0027397260,1.4082191781,41,3321,0,0.0000000000,0.2851316749,3240,0,0.0000000000,0.0000000000,0.0000000000,true,0.9783197832,0,0.3813208793,0,0.0000000000
daily,TSLA,2026-08-26,1530,svi,ok,,-0.4000000000,0.4000000000,81,0.0054794521,1.4054794521,41,3321,0,0.0000000000,0.1015890426,3240,0,0.0000000000,0.0000000000,0.0002294523,true,0.9789220114,0,0.1015890426,0,0.0000000000
daily,TSLA,2026-08-26,1530,ssvi,ok,,-0.4000000000,0.4000000000,81,0.0054794521,1.4054794521,41,3321,0,0.0000000000,0.3024307504,3240,0,0.0000000000,0.0000000000,0.0000000000,true,0.9789220114,0,0.3841944430,0,0.0000000000
daily,TSLA,2026-08-26,1530,essvi,ok,,-0.4000000000,0.4000000000,81,0.0054794521,1.4054794521,41,3321,0,0.0000000000,0.2888946180,3240,0,0.0000000000,0.0000000000,0.0000000000,true,0.9789220114,0,0.3504531485,0,0.0000000000
daily,TSLA,2026-08-26,1530,essvi_g05,ok,,-0.4000000000,0.4000000000,81,0.0054794521,1.4054794521,41,3321,0,0.0000000000,0.2851504116,3240,0,0.0000000000,0.0000000000,0.0000000000,true,0.9789220114,0,0.3408436889,0,0.0000000000
daily,TSLA,2026-08-26,1530,essvi_gfree,ok,,-0.4000000000,0.4000000000,81,0.0054794521,1.4054794521,41,3321,0,0.0000000000,0.2759898324,3240,0,0.0000000000,0.0000000000,0.0000000000,true,0.9789220114,0,0.3177452719,0,0.0000000000
daily,TSLA,2026-08-26,1530,essvi_sg05,ok,,-0.4000000000,0.4000000000,81,0.0054794521,1.4054794521,41,3321,0,0.0000000000,0.3038721959,3240,0,0.0000000000,0.0000000000,0.0000000000,true,0.9789220114,0,0.3870514410,0,0.0000000000
daily,TSLA,2026-08-27,1530,svi,ok,,-0.4000000000,0.4000000000,81,0.0027397260,1.4027397260,41,3321,0,0.0000000000,0.2127008697,3240,0,0.0000000000,0.0000000000,0.0007470440,true,0.9725986149,0,0.2224691185,0,0.0000000000
daily,TSLA,2026-08-27,1530,ssvi,ok,,-0.4000000000,0.4000000000,81,0.0027397260,1.4027397260,41,3321,0,0.0000000000,0.2853334496,3240,0,0.0000000000,0.0000000000,0.0000000000,true,0.9725986149,0,0.3951286997,0,0.0000000000
daily,TSLA,2026-08-27,1530,essvi,ok,,-0.4000000000,0.4000000000,81,0.0027397260,1.4027397260,41,3321,0,0.0000000000,0.2946668782,3240,0,0.0000000000,0.0000000000,0.0000001096,true,0.9725986149,0,0.3721819451,0,0.0000000000
daily,TSLA,2026-08-27,1530,essvi_g05,ok,,-0.4000000000,0.4000000000,81,0.0027397260,1.4027397260,41,3321,0,0.0000000000,0.2731909343,3240,0,0.0000000000,0.0000000000,0.0000000000,true,0.9725986149,0,0.3512487447,0,0.0000000000
daily,TSLA,2026-08-27,1530,essvi_gfree,ok,,-0.4000000000,0.4000000000,81,0.0027397260,1.4027397260,41,3321,0,0.0000000000,0.2681182177,3240,0,0.0000000000,0.0000000000,0.0000000000,true,0.9725986149,0,0.3468988277,0,0.0000000000
daily,TSLA,2026-08-27,1530,essvi_sg05,ok,,-0.4000000000,0.4000000000,81,0.0027397260,1.4027397260,41,3321,0,0.0000000000,0.2863590731,3240,0,0.0000000000,0.0000000000,0.0000000000,true,0.9725986149,0,0.3874639738,0,0.0000000000
daily,TSLA,2026-08-31,1530,svi,ok,,-0.4000000000,0.4000000000,81,0.0054794521,1.3917808219,41,3321,0,0.0000000000,0.1999645694,3240,0,0.0000000000,0.0000000000,0.0000166826,true,0.9813309244,0,0.2023023165,0,0.0000000000
daily,TSLA,2026-08-31,1530,ssvi,ok,,-0.4000000000,0.4000000000,81,0.0054794521,1.3917808219,41,3321,0,0.0000000000,0.3031554138,3240,0,0.0000000000,0.0000000000,0.0000000000,true,0.9813309244,0,0.3770513652,0,0.0000000000
daily,TSLA,2026-08-31,1530,essvi,ok,,-0.4000000000,0.4000000000,81,0.0054794521,1.3917808219,41,3321,0,0.0000000000,0.2905535275,3240,0,0.0000000000,0.0000000000,0.0000000000,true,0.9813309244,0,0.3508538060,0,0.0000000000
daily,TSLA,2026-08-31,1530,essvi_g05,ok,,-0.4000000000,0.4000000000,81,0.0054794521,1.3917808219,41,3321,0,0.0000000000,0.2846358072,3240,0,0.0000000000,0.0000000000,0.0000000000,true,0.9813309244,0,0.3315755610,0,0.0000000000
daily,TSLA,2026-08-31,1530,essvi_gfree,ok,,-0.4000000000,0.4000000000,81,0.0054794521,1.3917808219,41,3321,0,0.0000000000,0.2748533543,3240,0,0.0000000000,0.0000000000,0.0000000000,true,0.9813309244,0,0.3200609303,0,0.0000000000
daily,TSLA,2026-08-31,1530,essvi_sg05,ok,,-0.4000000000,0.4000000000,81,0.0054794521,1.3917808219,41,3321,0,0.0000000000,0.3047816665,3240,0,0.0000000000,0.0000000000,0.0000000000,true,0.9813309244,0,0.3756268813,0,0.0000000000
daily,TSLA,2026-09-01,1530,svi,ok,,-0.4000000000,0.4000000000,81,0.0027397260,1.3890410959,41,3321,0,0.0000000000,0.1418639413,3240,0,0.0000000000,0.0000000000,0.0000059768,true,0.9792231256,0,0.1418639413,0,0.0000000000
daily,TSLA,2026-09-01,1530,ssvi,ok,,-0.4000000000,0.4000000000,81,0.0027397260,1.3890410959,41,3321,0,0.0000000000,0.2825289547,3240,0,0.0000000000,0.0000000000,0.0000000000,true,0.9792231256,0,0.3692486935,0,0.0000000000
daily,TSLA,2026-09-01,1530,essvi,ok,,-0.4000000000,0.4000000000,81,0.0027397260,1.3890410959,41,3321,0,0.0000000000,0.2676425104,3240,0,0.0000000000,0.0000000000,0.0000000000,true,0.9792231256,0,0.3171328765,0,0.0000000000
daily,TSLA,2026-09-01,1530,essvi_g05,ok,,-0.4000000000,0.4000000000,81,0.0027397260,1.3890410959,41,3321,0,0.0000000000,0.2682353128,3240,0,0.0000000000,0.0000000000,0.0000000000,true,0.9792231256,0,0.3160699216,0,0.0000000000
daily,TSLA,2026-09-01,1530,essvi_gfree,ok,,-0.4000000000,0.4000000000,81,0.0027397260,1.3890410959,41,3321,0,0.0000000000,0.2564798388,3240,0,0.0000000000,0.0000000000,0.0000000000,true,0.9792231256,0,0.2762943499,0,0.0000000000
daily,TSLA,2026-09-01,1530,essvi_sg05,ok,,-0.4000000000,0.4000000000,81,0.0027397260,1.3890410959,41,3321,0,0.0000000000,0.2843976696,3240,0,0.0000000000,0.0000000000,0.0000000000,true,0.9792231256,0,0.3756657480,0,0.0000000000
daily,TSLA,2026-09-02,1530,svi,ok,,-0.4000000000,0.4000000000,81,0.0054794521,1.3863013699,41,3321,0,0.0000000000,0.1926504383,3240,0,0.0000000000,0.0000000000,0.0000000000,true,0.9846431798,0,0.1926504383,0,0.0000000000
daily,TSLA,2026-09-02,1530,ssvi,ok,,-0.4000000000,0.4000000000,81,0.0054794521,1.3863013699,41,3321,0,0.0000000000,0.3117530696,3240,0,0.0000000000,0.0000000000,0.0000000000,true,0.9846431798,0,0.3756503185,0,0.0000000000
daily,TSLA,2026-09-02,1530,essvi,ok,,-0.4000000000,0.4000000000,81,0.0054794521,1.3863013699,41,3321,0,0.0000000000,0.2881583211,3240,0,0.0000000000,0.0000000000,0.0000000000,true,0.9846431798,0,0.3291375007,0,0.0000000000
daily,TSLA,2026-09-02,1530,essvi_g05,ok,,-0.4000000000,0.4000000000,81,0.0054794521,1.3863013699,41,3321,0,0.0000000000,0.2861698151,3240,0,0.0000000000,0.0000000000,0.0000000000,true,0.9846431798,0,0.3249376060,0,0.0000000000
daily,TSLA,2026-09-02,1530,essvi_gfree,ok,,-0.4000000000,0.4000000000,81,0.0054794521,1.3863013699,41,3321,0,0.0000000000,0.2711891552,3240,0,0.0000000000,0.0000000000,0.0000000000,true,0.9846431798,0,0.2946228328,0,0.0000000000
daily,TSLA,2026-09-02,1530,essvi_sg05,ok,,-0.4000000000,0.4000000000,81,0.0054794521,1.3863013699,41,3321,0,0.0000000000,0.3145971263,3240,0,0.0000000000,0.0000000000,0.0000000000,true,0.9846431798,0,0.3806792445,0,0.0000000000
daily,TSLA,2026-09-03,1530,svi,ok,,-0.4000000000,0.4000000000,81,0.0027397260,1.3835616438,41,3321,0,0.0000000000,0.2413394066,3240,0,0.0000000000,0.0000000000,0.0016676594,true,0.9840409515,0,0.2575350922,0,0.0000000000
daily,TSLA,2026-09-03,1530,ssvi,ok,,-0.4000000000,0.4000000000,81,0.0027397260,1.3835616438,41,3321,0,0.0000000000,0.3173959459,3240,0,0.0000000000,0.0000000000,0.0000000000,true,0.9840409515,0,0.3865991865,0,0.0000000000
daily,TSLA,2026-09-03,1530,essvi,ok,,-0.4000000000,0.4000000000,81,0.0027397260,1.3835616438,41,3321,0,0.0000000000,0.2973111765,3240,0,0.0000000000,0.0000000000,0.0000006344,true,0.9840409515,0,0.3463906431,0,0.0000000000
daily,TSLA,2026-09-03,1530,essvi_g05,ok,,-0.4000000000,0.4000000000,81,0.0027397260,1.3835616438,41,3321,0,0.0000000000,0.2893546060,3240,0,0.0000000000,0.0000000000,0.0000000000,true,0.9840409515,0,0.3304993577,0,0.0000000000
daily,TSLA,2026-09-03,1530,essvi_gfree,ok,,-0.4000000000,0.4000000000,81,0.0027397260,1.3835616438,41,3321,0,0.0000000000,0.2779511909,3240,0,0.0000000000,0.0000000000,0.0000000000,true,0.9840409515,0,0.3077865045,0,0.0000000000
daily,TSLA,2026-09-03,1530,essvi_sg05,ok,,-0.4000000000,0.4000000000,81,0.0027397260,1.3835616438,41,3321,0,0.0000000000,0.3197921073,3240,0,0.0000000000,0.0000000000,0.0000000000,true,0.9840409515,0,0.3890371355,0,0.0000000000
daily,TSLA,2026-09-04,1530,svi,ok,,-0.4000000000,0.4000000000,81,0.0136986301,1.3808219178,41,3321,0,0.0000000000,0.2034562903,3240,0,0.0000000000,0.0000000000,0.0000000000,true,0.9900632340,0,0.2034562903,0,0.0000000000
daily,TSLA,2026-09-04,1530,ssvi,ok,,-0.4000000000,0.4000000000,81,0.0136986301,1.3808219178,41,3321,0,0.0000000000,0.3117058936,3240,0,0.0000000000,0.0000000000,0.0000000000,true,0.9900632340,0,0.3409571182,0,0.0000000000
daily,TSLA,2026-09-04,1530,essvi,ok,,-0.4000000000,0.4000000000,81,0.0136986301,1.3808219178,41,3321,0,0.0000000000,0.2724465793,3240,0,0.0000000000,0.0000000000,0.0000000000,true,0.9900632340,0,0.2836783348,0,0.0000000000
daily,TSLA,2026-09-04,1530,essvi_g05,ok,,-0.4000000000,0.4000000000,81,0.0136986301,1.3808219178,41,3321,0,0.0000000000,0.2807457075,3240,0,0.0000000000,0.0000000000,0.0000000000,true,0.9900632340,0,0.2957233290,0,0.0000000000
daily,TSLA,2026-09-04,1530,essvi_gfree,ok,,-0.4000000000,0.4000000000,81,0.0136986301,1.3808219178,41,3321,0,0.0000000000,0.2565054147,3240,0,0.0000000000,0.0000000000,0.0000000000,true,0.9900632340,0,0.2602916267,0,0.0000000000
daily,TSLA,2026-09-04,1530,essvi_sg05,ok,,-0.4000000000,0.4000000000,81,0.0136986301,1.3808219178,41,3321,0,0.0000000000,0.3133563489,3240,0,0.0000000000,0.0000000000,0.0000000000,true,0.9900632340,0,0.3419359027,0,0.0000000000
daily,TSLA,2026-09-08,1530,svi,ok,,-0.4000000000,0.4000000000,81,0.0027397260,1.3698630137,41,3321,0,0.0000000000,0.0926184958,3240,0,0.0000000000,0.0000000000,0.0000654199,true,0.9801264679,0,0.0926184958,0,0.0000000000
daily,TSLA,2026-09-08,1530,ssvi,ok,,-0.4000000000,0.4000000000,81,0.0027397260,1.3698630137,41,3321,0,0.0000000000,0.2872724359,3240,0,0.0000000000,0.0000000000,0.0000000000,true,0.9801264679,0,0.3870180119,0,0.0000000000
daily,TSLA,2026-09-08,1530,essvi,ok,,-0.4000000000,0.4000000000,81,0.0027397260,1.3698630137,41,3321,0,0.0000000000,0.2783424598,3240,0,0.0000000000,0.0000000000,0.0000000891,true,0.9801264679,0,0.3395586233,0,0.0000000000
daily,TSLA,2026-09-08,1530,essvi_g05,ok,,-0.4000000000,0.4000000000,81,0.0027397260,1.3698630137,41,3321,0,0.0000000000,0.2707230634,3240,0,0.0000000000,0.0000000000,0.0000000000,true,0.9801264679,0,0.3325421940,0,0.0000000000
daily,TSLA,2026-09-08,1530,essvi_gfree,ok,,-0.4000000000,0.4000000000,81,0.0027397260,1.3698630137,41,3321,0,0.0000000000,0.2609767572,3240,0,0.0000000000,0.0000000000,0.0000000000,true,0.9801264679,0,0.2971161993,0,0.0000000000
daily,TSLA,2026-09-08,1530,essvi_sg05,ok,,-0.4000000000,0.4000000000,81,0.0027397260,1.3698630137,41,3321,0,0.0000000000,0.2884338183,3240,0,0.0000000000,0.0000000000,0.0000000000,true,0.9801264679,0,0.3798193795,0,0.0000000000
daily,TSLA,2026-09-09,1530,svi,ok,,-0.4000000000,0.4000000000,81,0.0054794521,1.3671232877,41,3321,0,0.0000000000,0.1261047853,3240,0,0.0000000000,0.0000000000,0.0006865849,true,0.9870520927,0,0.1261047853,0,0.0000000000
daily,TSLA,2026-09-09,1530,ssvi,ok,,-0.4000000000,0.4000000000,81,0.0054794521,1.3671232877,41,3321,0,0.0000000000,0.3072840066,3240,0,0.0000000000,0.0000000000,0.0000000000,true,0.9870520927,0,0.3727293141,0,0.0000000000
daily,TSLA,2026-09-09,1530,essvi,ok,,-0.4000000000,0.4000000000,81,0.0054794521,1.3671232877,41,3321,0,0.0000000000,0.2824475921,3240,0,0.0000000000,0.0000000000,0.0000001977,true,0.9870520927,0,0.3202311209,0,0.0000000000
daily,TSLA,2026-09-09,1530,essvi_g05,ok,,-0.4000000000,0.4000000000,81,0.0054794521,1.3671232877,41,3321,0,0.0000000000,0.2794250913,3240,0,0.0000000000,0.0000000000,0.0000000000,true,0.9870520927,0,0.3137118241,0,0.0000000000
daily,TSLA,2026-09-09,1530,essvi_gfree,ok,,-0.4000000000,0.4000000000,81,0.0054794521,1.3671232877,41,3321,0,0.0000000000,0.2618330987,3240,0,0.0000000000,0.0000000000,0.0000000000,true,0.9870520927,0,0.2766562635,0,0.0000000000
daily,TSLA,2026-09-09,1530,essvi_sg05,ok,,-0.4000000000,0.4000000000,81,0.0054794521,1.3671232877,41,3321,0,0.0000000000,0.3093483238,3240,0,0.0000000000,0.0000000000,0.0000000000,true,0.9870520927,0,0.3742437505,0,0.0000000000
daily,TSLA,2026-09-10,1530,svi,ok,,-0.4000000000,0.4000000000,81,0.0027397260,1.3643835616,41,3321,0,0.0000000000,0.0521831500,3240,0,0.0000000000,0.0000000000,0.0008751965,true,0.9801264679,0,0.0521831500,0,0.0000000000
daily,TSLA,2026-09-10,1530,ssvi,ok,,-0.4000000000,0.4000000000,81,0.0027397260,1.3643835616,41,3321,0,0.0000000000,0.2898608417,3240,0,0.0000000000,0.0000000000,0.0000000000,true,0.9801264679,0,0.3749443658,0,0.0000000000
daily,TSLA,2026-09-10,1530,essvi,ok,,-0.4000000000,0.4000000000,81,0.0027397260,1.3643835616,41,3321,0,0.0000000000,0.2770026425,3240,0,0.0000000000,0.0000000000,0.0000000577,true,0.9801264679,0,0.3346351989,0,0.0000000000
daily,TSLA,2026-09-10,1530,essvi_g05,ok,,-0.4000000000,0.4000000000,81,0.0027397260,1.3643835616,41,3321,0,0.0000000000,0.2714912524,3240,0,0.0000000000,0.0000000000,0.0000000000,true,0.9801264679,0,0.3178313520,0,0.0000000000
daily,TSLA,2026-09-10,1530,essvi_gfree,ok,,-0.4000000000,0.4000000000,81,0.0027397260,1.3643835616,41,3321,0,0.0000000000,0.2588272512,3240,0,0.0000000000,0.0000000000,0.0000000000,true,0.9801264679,0,0.2793959675,0,0.0000000000
daily,TSLA,2026-09-10,1530,essvi_sg05,ok,,-0.4000000000,0.4000000000,81,0.0027397260,1.3643835616,41,3321,0,0.0000000000,0.2901034725,3240,0,0.0000000000,0.0000000000,0.0000000000,true,0.9801264679,0,0.3715423552,0,0.0000000000
daily,TSLA,2026-09-11,1530,svi,ok,,-0.4000000000,0.4000000000,81,0.0082191781,1.3616438356,41,3321,0,0.0000000000,0.0420088197,3240,0,0.0000000000,0.0000000000,0.0004598671,true,0.9795242397,0,0.0420088197,0,0.0000000000
daily,TSLA,2026-09-11,1530,ssvi,ok,,-0.4000000000,0.4000000000,81,0.0082191781,1.3616438356,41,3321,0,0.0000000000,0.2854481580,3240,0,0.0000000000,0.0000000000,0.0000000000,true,0.9795242397,0,0.3699850412,0,0.0000000000
daily,TSLA,2026-09-11,1530,essvi,ok,,-0.4000000000,0.4000000000,81,0.0082191781,1.3616438356,41,3321,0,0.0000000000,0.2704150407,3240,0,0.0000000000,0.0000000000,0.0000000000,true,0.9795242397,0,0.3194788447,0,0.0000000000
daily,TSLA,2026-09-11,1530,essvi_g05,ok,,-0.4000000000,0.4000000000,81,0.0082191781,1.3616438356,41,3321,0,0.0000000000,0.2677076789,3240,0,0.0000000000,0.0000000000,0.0000000000,true,0.9795242397,0,0.3104694880,0,0.0000000000
daily,TSLA,2026-09-11,1530,essvi_gfree,ok,,-0.4000000000,0.4000000000,81,0.0082191781,1.3616438356,41,3321,0,0.0000000000,0.2514034317,3240,0,0.0000000000,0.0000000000,0.0000000000,true,0.9795242397,0,0.2573022931,0,0.0000000000
daily,TSLA,2026-09-11,1530,essvi_sg05,ok,,-0.4000000000,0.4000000000,81,0.0082191781,1.3616438356,41,3321,0,0.0000000000,0.2856209914,3240,0,0.0000000000,0.0000000000,0.0000000000,true,0.9795242397,0,0.3644666849,0,0.0000000000
