slice,ticker,date,time,expiry,tenor_years,forward_raw,forward_dea,forward_shift_bp,implied_carry,corrected_quotes,median_eep_call_bp,median_eep_put_bp,max_eep_bp,rounds,skipped_floor,max_forward_shift_bp
daily,AMD,2026-08-14,1530,2026-08-17,0.0082191781,508.0001555275,508.0099500508,0.1928055183,-0.0100576558,94,0.0905689191,2.7018326823,5.2184872295,2,0,73.9449270595
daily,AMD,2026-08-14,1530,2026-08-19,0.0136986301,507.9278127466,507.9323274037,0.0888838322,0.0202561287,128,0.0865892948,2.1405958976,5.2184872281,2,0,73.9449270595
daily,AMD,2026-08-14,1530,2026-08-21,0.0191780822,508.1718602863,508.1960934674,0.4768697945,-0.0017905856,125,0.1345504234,5.9167091102,14.8497196318,2,0,73.9449270595
daily,AMD,2026-08-14,1530,2026-08-24,0.0273972603,508.6960585408,508.7607553141,1.2718158959,-0.0304346772,129,0.1569770062,6.4183013310,18.2084245241,2,0,73.9449270595
daily,AMD,2026-08-14,1530,2026-08-26,0.0328767123,508.4073443223,508.4352955479,0.5497801309,0.0004083886,113,0.1487669307,4.8548323635,15.3851643953,2,0,73.9449270595
daily,AMD,2026-08-14,1530,2026-08-28,0.0383561644,508.7913760098,508.8335545612,0.8289950153,-0.0146582027,128,0.1482381443,10.2418156821,26.7189926125,2,0,73.9449270595
daily,AMD,2026-08-14,1530,2026-09-04,0.0575342466,509.1481474952,509.2354741626,1.7151524146,-0.0108826119,117,0.2776303258,16.0395814095,36.2010230866,2,0,73.9449270595
daily,AMD,2026-08-14,1530,2026-09-11,0.0767123288,509.4694770780,509.6112167813,2.7821039281,-0.0083171134,130,0.1968577590,15.8006920702,41.3368037860,2,0,73.9449270595
daily,AMD,2026-08-14,1530,2026-09-18,0.0958904110,509.8745457487,510.0009927818,2.4799636331,-0.0070693950,93,0.2862845455,38.6139859319,57.0077714442,2,0,73.9449270595
daily,AMD,2026-08-14,1530,2026-09-25,0.1150684932,510.0687176176,510.1818459224,2.2179032148,-0.0026808582,138,0.3620801749,14.7472803991,55.9563529441,2,0,73.9449270595
daily,AMD,2026-08-14,1530,2026-10-02,0.1342465753,511.0054392121,511.2189591675,4.1784282324,-0.0119863913,148,0.3038883274,17.9583937489,71.1548732505,2,0,73.9449270595
daily,AMD,2026-08-14,1530,2026-10-16,0.1726027397,511.4750755900,511.6731871945,3.8733383883,-0.0058791953,96,0.3880188491,48.6378869376,95.1655947940,2,0,73.9449270595
daily,AMD,2026-08-14,1530,2026-11-20,0.2684931507,513.4382741535,513.8530313386,8.0780340288,-0.0055385064,121,0.4874528235,48.4803640726,144.1232223972,2,0,73.9449270595
daily,AMD,2026-08-14,1530,2026-12-18,0.3452054795,514.9224958478,515.5304719398,11.8071379076,-0.0051155561,128,0.3999696620,51.9741393764,180.0238672098,2,0,73.9449270595
daily,AMD,2026-08-14,1530,2027-01-15,0.4219178082,516.9632546863,517.8969866033,18.0618623955,-0.0077779983,131,0.6457374646,59.7830528301,224.0763298331,2,0,73.9449270595
daily,AMD,2026-08-14,1530,2027-02-19,0.5178082192,519.2602009869,520.2379256292,18.8291850684,-0.0076708010,121,0.7733075891,46.8189903124,210.1473514107,2,0,73.9449270595
daily,AMD,2026-08-14,1530,2027-03-19,0.5945205479,520.9165894354,522.1495380473,23.6688298454,-0.0077966301,135,0.7191529101,77.9582672070,299.1357894064,2,0,73.9449270595
daily,AMD,2026-08-14,1530,2027-06-17,0.8410958904,525.9903845996,527.8277115326,34.9308083721,-0.0068884116,147,1.0718557348,95.1395730390,388.8814193452,2,0,73.9449270595
daily,AMD,2026-08-14,1530,2027-09-17,1.0931506849,531.5267279029,534.3015052839,52.2039106462,-0.0070934803,149,1.4175367158,126.8503948905,478.3988914431,2,0,73.9449270595
daily,AMD,2026-08-14,1530,2027-12-17,1.3424657534,536.4626205887,539.8878958215,63.8492804771,-0.0055365866,148,1.7527839276,153.1290790424,557.5034060556,2,0,73.9449270595
daily,AMD,2026-08-14,1530,2028-01-21,1.4383561644,538.6499698312,542.6330131041,73.9449270595,-0.0058262708,151,1.5417553719,164.0852471938,594.2843587772,2,0,73.9449270595
daily,AMD,2026-08-17,1530,2026-08-19,0.0054794521,505.8006842854,505.8127869743,0.2392778283,-0.0714046615,69,0.0448254356,1.1202818262,6.2293513015,2,0,73.8377927569
daily,AMD,2026-08-17,1530,2026-08-21,0.0109589041,506.0754458685,506.1011739221,0.5083837551,-0.0687937274,100,0.0756389354,10.2418081204,16.1203505133,2,0,73.8377927569
daily,AMD,2026-08-17,1530,2026-08-24,0.0191780822,507.2015970798,507.3144812756,2.2256277681,-0.1479495943,131,0.1140751948,17.8048159478,37.8100474753,2,0,73.8377927569
daily,AMD,2026-08-17,1530,2026-08-26,0.0246575342,506.9267969011,507.0225278023,1.8884561214,-0.0833172506,111,0.0814940993,16.3773810759,33.5010352356,2,0,73.8377927569
daily,AMD,2026-08-17,1530,2026-08-28,0.0301369863,506.4459494221,506.5149621506,1.3626869478,-0.0280548171,126,0.1092513819,13.8678758242,30.7433714031,2,0,73.8377927569
daily,AMD,2026-08-17,1530,2026-08-31,0.0383561644,509.1059549126,509.3624873642,5.0388813777,-0.1600925601,43,0.2112396450,4.5097728543,24.3241753439,2,0,73.8377927569
daily,AMD,2026-08-17,1530,2026-09-04,0.0493150685,507.3543892866,507.4874118978,2.6218874618,-0.0413230407,123,0.1976374264,23.3349154708,40.4733459087,2,0,73.8377927569
daily,AMD,2026-08-17,1530,2026-09-11,0.0684931507,507.6689664325,507.8058190123,2.6957050542,-0.0283150735,122,0.1871566965,25.6257252128,45.7191560014,2,0,73.8377927569
daily,AMD,2026-08-17,1530,2026-09-18,0.0876712329,507.5587885562,507.7437898686,3.6449238301,-0.0124437433,92,0.3636450734,40.1332152929,57.4570913093,2,0,73.8377927569
daily,AMD,2026-08-17,1530,2026-09-25,0.1068493151,509.2421366208,509.5270646824,5.5951391519,-0.0361925703,141,0.2691369663,25.9845673965,74.7325027984,2,0,73.8377927569
daily,AMD,2026-08-17,1530,2026-10-02,0.1260273973,510.7261230137,511.0508997652,6.3591176726,-0.0485891554,152,0.2583586644,27.8438377993,97.8827308802,2,0,73.8377927569
daily,AMD,2026-08-17,1530,2026-10-16,0.1643835616,509.5600307496,509.9137952937,6.9425489190,-0.0147891500,102,0.2794425523,65.9771771356,106.7525426719,2,0,73.8377927569
daily,AMD,2026-08-17,1530,2026-11-20,0.2602739726,511.5660591739,512.0636626270,9.7270615228,-0.0110588836,119,0.4887389619,56.5736923459,154.6047774858,2,0,73.8377927569
daily,AMD,2026-08-17,1530,2026-12-18,0.3369863014,512.9167755523,513.5223119726,11.8057441126,-0.0081007310,127,0.5126541779,58.8496904412,189.3061530264,2,0,73.8377927569
daily,AMD,2026-08-17,1530,2027-01-15,0.4136986301,514.5475493809,515.3732787953,16.0476794679,-0.0078349167,131,0.6986064026,59.9862376031,226.3791500379,2,0,73.8377927569
daily,AMD,2026-08-17,1530,2027-02-19,0.5095890411,517.3704930780,518.4887993404,21.6151921563,-0.0106223508,124,0.7384996779,45.7342434542,227.4518254567,2,0,73.8377927569
daily,AMD,2026-08-17,1530,2027-03-19,0.5863013699,518.7743631050,520.2186697229,27.8407477445,-0.0097186032,134,0.6845606431,86.2222566115,314.2488365279,2,0,73.8377927569
daily,AMD,2026-08-17,1530,2027-06-17,0.8328767123,524.4405951322,526.2858109616,35.1844583832,-0.0090086392,147,0.9669002931,100.5507579911,408.9248960082,2,0,73.8377927569
daily,AMD,2026-08-17,1530,2027-09-17,1.0849315068,529.5787879541,532.6983043170,58.9056139305,-0.0085890589,150,1.3067581637,132.0462334494,497.8141899267,2,0,73.8377927569
daily,AMD,2026-08-17,1530,2027-12-17,1.3342465753,535.6950546428,539.2610587362,66.5677993949,-0.0081092916,147,1.6913365859,162.2313794952,582.4722645112,2,0,73.8377927569
daily,AMD,2026-08-17,1530,2028-01-21,1.4301369863,537.2606431441,541.2276571466,73.8377927569,-0.0072216569,150,1.6348964354,171.5682143829,616.7979387415,2,0,73.8377927569
daily,AMD,2026-08-18,1530,2026-08-19,0.0027397260,480.1244945881,480.1220058513,-0.0518352405,0.1047282169,65,1.3731504050,0.0365524802,1.9106481853,2,0,71.3634263921
daily,AMD,2026-08-18,1530,2026-08-21,0.0082191781,480.2743079028,480.2757907194,0.0308743690,0.0211714469,141,0.1101815590,1.0383505565,3.4863315652,2,0,71.3634263921
daily,AMD,2026-08-18,1530,2026-08-24,0.0164383562,480.3471067392,480.3486622558,0.0323831775,0.0202758380,126,0.1310590127,1.8611471118,4.5626530077,2,0,71.3634263921
daily,AMD,2026-08-18,1530,2026-08-26,0.0219178082,480.6964323121,480.7305406816,0.7095615270,-0.0115909206,138,0.1830801608,5.6123221788,9.8008087126,2,0,71.3634263921
daily,AMD,2026-08-18,1530,2026-08-28,0.0273972603,480.5531635396,480.5670861075,0.2897196173,0.0107076703,123,0.2428020970,5.8572315509,13.3503638740,2,0,71.3634263921
daily,AMD,2026-08-18,1530,2026-08-31,0.0356164384,480.7577544711,480.7835148877,0.5358294546,0.0043268660,122,0.1681128603,5.4003657982,12.8465097831,2,0,71.3634263921
daily,AMD,2026-08-18,1530,2026-09-02,0.0410958904,480.4662627344,480.4691229271,0.0595295215,0.0247123254,46,0.1767119920,1.2313186465,3.2177908841,2,0,71.3634263921
daily,AMD,2026-08-18,1530,2026-09-04,0.0465753425,480.9929443023,481.0384803433,0.9467091281,0.0008290042,125,0.2019854056,11.8526237419,24.5221868098,2,0,71.3634263921
daily,AMD,2026-08-18,1530,2026-09-11,0.0657534247,481.2279008835,481.2763176723,1.0061093447,0.0041061068,120,0.3347493521,15.0647707677,29.7835240644,2,0,71.3634263921
daily,AMD,2026-08-18,1530,2026-09-18,0.0849315068,481.7698502192,481.8303377516,1.2555275585,-0.0018227978,94,0.3439666911,29.7708252887,48.2591100250,2,0,71.3634263921
daily,AMD,2026-08-18,1530,2026-09-25,0.1041095890,482.1029556536,482.1981529027,1.9746248793,-0.0018065945,139,0.2939006453,17.5814335770,50.2639253453,2,0,71.3634263921
daily,AMD,2026-08-18,1530,2026-10-02,0.1232876712,481.8050403944,481.8973767337,1.9164668604,0.0094549594,144,0.3137810236,14.4015861345,50.7450422511,2,0,71.3634263921
daily,AMD,2026-08-18,1530,2026-10-16,0.1616438356,483.2975566262,483.5811352370,5.8675779945,-0.0052168866,95,0.4471073286,52.5760763515,91.0632131918,2,0,71.3634263921
daily,AMD,2026-08-18,1530,2026-11-20,0.2575342466,485.1003520737,485.4893205779,8.0183100785,-0.0039313389,113,0.5392192555,57.9055805102,139.7455951854,2,0,71.3634263921
daily,AMD,2026-08-18,1530,2026-12-18,0.3342465753,486.4325639178,486.9593782099,10.8301608723,-0.0031079156,127,0.6675072526,54.5680440286,175.9174174364,2,0,71.3634263921
daily,AMD,2026-08-18,1530,2027-01-15,0.4109589041,488.1289481983,488.8289023389,14.3395335016,-0.0043776310,124,0.8677199942,72.9628129515,220.0278347860,2,0,71.3634263921
daily,AMD,2026-08-18,1530,2027-02-19,0.5068493151,490.0547308750,491.0671580296,20.6594710915,-0.0049870838,119,0.5857352325,54.9843260578,228.9266622691,2,0,71.3634263921
daily,AMD,2026-08-18,1530,2027-03-19,0.5835616438,491.8161276473,492.8649951495,21.3264153666,-0.0053218708,133,0.6456441884,90.8250227334,309.2318964964,2,0,71.3634263921
daily,AMD,2026-08-18,1530,2027-06-17,0.8301369863,497.1066523920,498.9103266175,36.2834457524,-0.0065147185,144,1.0050482282,112.8040763855,428.3255128619,2,0,71.3634263921
daily,AMD,2026-08-18,1530,2027-09-17,1.0821917808,501.9497625664,504.3127016181,47.0752100678,-0.0053671326,153,1.1513355015,138.7274660181,532.1664729467,2,0,71.3634263921
daily,AMD,2026-08-18,1530,2027-12-17,1.3315068493,506.8078665653,510.2097089205,67.1229193484,-0.0049879606,152,1.5946699950,174.3256778393,633.6532702069,2,0,71.3634263921
daily,AMD,2026-08-18,1530,2028-01-21,1.4273972603,509.5957263058,513.2323760162,71.3634263921,-0.0058831447,151,1.5884818626,190.1750909338,671.2278470807,2,0,71.3634263921
daily,AMD,2026-08-19,1530,2026-08-21,0.0054794521,466.8993588800,466.9014036178,0.0437939727,0.0059180546,131,0.0615498041,0.9792942993,2.4793909038,2,0,73.6393388851
daily,AMD,2026-08-19,1530,2026-08-24,0.0136986301,466.9984486626,467.0098891342,0.2449787910,0.0080511613,125,0.1196393750,2.0835431471,4.7932638652,2,0,73.6393388851
daily,AMD,2026-08-19,1530,2026-08-26,0.0191780822,467.4535839599,467.4823680666,0.6157639530,-0.0361932920,144,0.1269073744,6.9796049112,11.0395913237,2,0,73.6393388851
daily,AMD,2026-08-19,1530,2026-08-28,0.0246575342,467.2544222260,467.2746920439,0.4338068703,-0.0017432465,125,0.1716022884,6.4585421932,13.1705024546,2,0,73.6393388851
daily,AMD,2026-08-19,1530,2026-08-31,0.0328767123,467.3779486081,467.4084036966,0.6516158643,-0.0005751208,119,0.1845687130,5.8297692741,12.9097200616,2,0,73.6393388851
daily,AMD,2026-08-19,1530,2026-09-02,0.0383561644,467.4927570558,467.5416923786,1.0467610912,-0.0025352186,119,0.2180740026,6.2708138005,14.1593875923,2,0,73.6393388851
daily,AMD,2026-08-19,1530,2026-09-04,0.0438356164,467.8213988496,467.8768759244,1.1858601374,-0.0138494482,123,0.1944564469,14.5908912258,26.8261056067,2,0,73.6393388851
daily,AMD,2026-08-19,1530,2026-09-11,0.0630136986,467.9939879362,468.0536043194,1.2738707071,-0.0041416645,125,0.2428648804,17.8962001203,33.9533815221,2,0,73.6393388851
daily,AMD,2026-08-19,1530,2026-09-18,0.0821917808,468.3328955259,468.4459042960,2.4130009066,-0.0045626464,95,0.2584331271,32.1572276465,50.1923554128,2,0,73.6393388851
daily,AMD,2026-08-19,1530,2026-09-25,0.1013698630,468.9268194709,469.1002230614,3.6978817012,-0.0103435624,136,0.2924462471,22.7041387374,56.8925603081,2,0,73.6393388851
daily,AMD,2026-08-19,1530,2026-10-02,0.1205479452,468.8722049021,469.0450798739,3.6870381743,-0.0017330439,142,0.2176810546,22.0096009841,59.3746225369,2,0,73.6393388851
daily,AMD,2026-08-19,1530,2026-10-16,0.1589041096,470.0651590217,470.2412085070,3.7452145070,-0.0079322642,95,0.5667643278,58.1928214050,94.8250292286,2,0,73.6393388851
daily,AMD,2026-08-19,1530,2026-11-20,0.2547945205,471.6914771923,472.0937408220,8.5281089269,-0.0056703133,112,0.5490092934,65.4815345230,148.5434865430,2,0,73.6393388851
daily,AMD,2026-08-19,1530,2026-12-18,0.3315068493,473.5743308870,474.0192787077,9.3955223434,-0.0076186245,125,0.5459354465,69.9950023185,193.3346894445,2,0,73.6393388851
daily,AMD,2026-08-19,1530,2027-01-15,0.4082191781,474.7169754405,475.4774270120,16.0190515807,-0.0062111805,125,0.6150366601,80.0240559061,230.1016116658,2,0,73.6393388851
daily,AMD,2026-08-19,1530,2027-02-19,0.5041095890,476.7109350280,477.6903588595,20.5454450381,-0.0066426475,118,0.7620495447,61.4779803347,244.3641068357,2,0,73.6393388851
daily,AMD,2026-08-19,1530,2027-03-19,0.5808219178,478.3372717677,479.3682411111,21.5531886023,-0.0065183793,131,0.7831286212,92.1701067099,324.1569248954,2,0,73.6393388851
daily,AMD,2026-08-19,1530,2027-06-17,0.8273972603,482.9873891578,484.6026871533,33.4438958803,-0.0057793878,148,0.7654671804,116.3170690597,446.3294757918,2,0,73.6393388851
daily,AMD,2026-08-19,1530,2027-09-17,1.0794520548,488.1013656980,490.4866366694,48.8683527448,-0.0060367887,149,1.1670538574,148.3726027203,559.4127717710,2,0,73.6393388851
daily,AMD,2026-08-19,1530,2027-12-17,1.3287671233,493.2687085642,496.2812906103,61.0738527257,-0.0056453324,151,1.4752444941,180.8048704431,676.7588470933,2,0,73.6393388851
daily,AMD,2026-08-19,1530,2028-01-21,1.4246575342,494.6608279045,498.3034775384,73.6393388851,-0.0052147921,153,1.4396086120,194.9680626962,708.7058407488,2,0,73.6393388851
daily,AMD,2026-08-20,1530,2026-08-21,0.0027397260,464.8752449290,464.8873728245,0.2608849513,-0.0780863411,102,0.0360941252,1.7864588806,2.6598579980,2,0,64.1121364647
daily,AMD,2026-08-20,1530,2026-08-24,0.0109589041,464.8989273031,464.9091623406,0.2201561866,0.0044314087,119,0.0976561269,2.6205097876,5.8432346713,2,0,64.1121364647
daily,AMD,2026-08-20,1530,2026-08-26,0.0164383562,465.0015473186,465.0151430589,0.2923805396,0.0016348736,136,0.0977883660,3.9823890346,7.4491201711,2,0,64.1121364647
daily,AMD,2026-08-20,1530,2026-08-28,0.0219178082,465.2001650643,465.2280612728,0.5996603308,-0.0102496091,150,0.1146811861,6.9893374525,15.1108094830,2,0,64.1121364647
daily,AMD,2026-08-20,1530,2026-08-31,0.0301369863,465.2946655333,465.3345741540,0.8577063897,-0.0047848992,144,0.1323933444,6.6698212464,15.1696729852,2,0,64.1121364647
daily,AMD,2026-08-20,1530,2026-09-02,0.0356164384,464.5243627905,464.5093833992,-0.3224672910,0.0515757616,163,1.1166536286,0.2604856001,6.5410983041,2,0,64.1121364647
daily,AMD,2026-08-20,1530,2026-09-04,0.0410958904,465.4256579157,465.4663373676,0.8740268448,-0.0003608564,181,0.1435341503,7.6510042299,25.1717453783,2,0,64.1121364647
daily,AMD,2026-08-20,1530,2026-09-11,0.0602739726,465.8769873648,465.9483293311,1.5313477211,-0.0054408008,122,0.2679303127,19.1153245770,32.3441737857,2,0,64.1121364647
daily,AMD,2026-08-20,1530,2026-09-18,0.0794520548,466.3091177936,466.3903838433,1.7427506040,-0.0069771677,89,0.1935714798,33.5836967876,50.5458732721,2,0,64.1121364647
daily,AMD,2026-08-20,1530,2026-09-25,0.0986301370,466.3178385169,466.4529300941,2.8969849756,0.0003263695,138,0.2756570744,19.5921541420,50.3850806535,2,0,64.1121364647
daily,AMD,2026-08-20,1530,2026-10-02,0.1178082192,466.1744081115,466.2562321369,1.7552234517,0.0099663477,139,0.3528878356,16.8525625832,51.0942874246,2,0,64.1121364647
daily,AMD,2026-08-20,1530,2026-10-16,0.1561643836,467.9147286086,468.1511681124,5.0530468343,-0.0089298637,100,0.4349742856,58.9517284913,94.5026043159,2,0,64.1121364647
daily,AMD,2026-08-20,1530,2026-11-20,0.2520547945,469.2427030137,469.6298343526,8.2501301876,-0.0031120155,115,0.5368732865,61.5835036289,140.2980447499,2,0,64.1121364647
daily,AMD,2026-08-20,1530,2026-12-18,0.3287671233,470.7858139193,471.2747857234,10.3862901060,-0.0039279204,122,0.4337448641,71.5899922398,183.9918430574,2,0,64.1121364647
daily,AMD,2026-08-20,1530,2027-01-15,0.4054794521,472.2218299872,472.7930240004,12.0958832689,-0.0035732900,123,0.9286506101,75.6441140886,224.0065721498,2,0,64.1121364647
daily,AMD,2026-08-20,1530,2027-02-19,0.5013698630,474.1171703843,474.8902752560,16.3061985515,-0.0040782916,113,0.9426365085,58.9999763103,234.1927251047,2,0,64.1121364647
daily,AMD,2026-08-20,1530,2027-03-19,0.5780821918,475.4713948349,476.4736769381,21.0797560904,-0.0039623244,131,0.8874558121,89.5201296748,314.7989345047,2,0,64.1121364647
daily,AMD,2026-08-20,1530,2027-04-16,0.6547945205,476.7288943536,477.8265255227,23.0242215666,-0.0031189056,51,1.4522211909,28.1067346065,79.9784779550,2,0,64.1121364647
daily,AMD,2026-08-20,1530,2027-06-17,0.8246575342,480.2017740249,481.9258372281,35.9028911696,-0.0045555998,149,0.9405221559,115.3722185979,441.8653362360,2,0,64.1121364647
daily,AMD,2026-08-20,1530,2027-09-17,1.0767123288,484.5514129762,486.8026845124,46.4609425519,-0.0032186896,149,1.0352183856,146.4975662640,557.4541710488,2,0,64.1121364647
daily,AMD,2026-08-20,1530,2027-12-17,1.3260273973,489.6998262243,492.8288348342,63.8964615124,-0.0037749793,150,1.3456387018,178.4489657576,672.5339500169,2,0,64.1121364647
daily,AMD,2026-08-20,1530,2028-01-21,1.4219178082,491.3213501680,494.4713163129,64.1121364647,-0.0029490882,153,1.5227562815,192.3200850485,708.2152777098,2,0,64.1121364647
daily,AMD,2026-08-21,1530,2026-08-24,0.0082191781,472.2999376251,472.3024249112,0.0526632743,0.0244332310,54,0.0337971851,0.9148607408,2.7467474621,2,0,74.8355558036
daily,AMD,2026-08-21,1530,2026-08-26,0.0136986301,472.4275602357,472.4343724445,0.1441958372,0.0094442387,128,0.1026989246,3.2904253477,7.6360632138,2,0,74.8355558036
daily,AMD,2026-08-21,1530,2026-08-28,0.0191780822,472.5536756849,472.5671777624,0.2857257950,0.0029298045,137,0.1879052148,7.3343424977,12.5985993005,2,0,74.8355558036
daily,AMD,2026-08-21,1530,2026-08-31,0.0273972603,472.6449561947,472.6733671774,0.6011062283,0.0052316021,134,0.1249883638,5.3760170710,12.7540999231,2,0,74.8355558036
daily,AMD,2026-08-21,1530,2026-09-02,0.0328767123,472.8942588247,472.9413427389,0.9956541723,-0.0065566142,149,0.1337284901,6.7907827890,17.0805809122,2,0,74.8355558036
daily,AMD,2026-08-21,1530,2026-09-04,0.0383561644,472.9256189048,472.9655367891,0.8440626322,-0.0015338153,173,0.2069755401,7.9299306351,24.1551315164,2,0,74.8355558036
daily,AMD,2026-08-21,1530,2026-09-11,0.0575342466,473.3463944779,473.3760144392,0.6257565634,-0.0034543239,120,0.2447938921,17.9548042860,30.3948951742,2,0,74.8355558036
daily,AMD,2026-08-21,1530,2026-09-18,0.0767123288,473.6186391550,473.6886228539,1.4776381912,-0.0017117339,87,0.2353427668,28.4798827470,44.7949915092,2,0,74.8355558036
daily,AMD,2026-08-21,1530,2026-09-25,0.0958904110,474.3017777641,474.4034363754,2.1433318624,-0.0096218475,132,0.2202364827,25.6304975453,53.6451846148,2,0,74.8355558036
daily,AMD,2026-08-21,1530,2026-10-02,0.1150684932,474.2650794012,474.3928590991,2.6942674760,-0.0016689964,141,0.3048033581,20.7010732566,59.2156469807,2,0,74.8355558036
daily,AMD,2026-08-21,1530,2026-10-16,0.1534246575,475.1469854910,475.3528738561,4.3331510342,-0.0049508915,100,0.4464741849,53.6543976973,91.2239208273,2,0,74.8355558036
daily,AMD,2026-08-21,1530,2026-11-20,0.2493150685,477.0170257933,477.3826578470,7.6649686278,-0.0048616721,117,0.4521187880,58.1811450233,139.3711992529,2,0,74.8355558036
daily,AMD,2026-08-21,1530,2026-12-18,0.3260273973,478.3037044372,478.7994281085,10.3642030525,-0.0036981376,117,0.5462290565,66.7306776953,179.3781623917,2,0,74.8355558036
daily,AMD,2026-08-21,1530,2027-01-15,0.4027397260,480.2590136018,480.9399648449,14.1788331662,-0.0064872459,131,0.4557555064,77.2216140237,223.1192347558,2,0,74.8355558036
daily,AMD,2026-08-21,1530,2027-02-19,0.4986301370,482.6435597319,483.5654795546,19.1014632655,-0.0084766773,118,0.7077336123,58.2762897994,238.3578590646,2,0,74.8355558036
daily,AMD,2026-08-21,1530,2027-03-19,0.5753424658,483.8326078314,485.1046583261,26.2911278422,-0.0075907574,134,0.5482587859,98.7910509035,318.7688357205,2,0,74.8355558036
daily,AMD,2026-08-21,1530,2027-04-16,0.6520547945,485.3580165318,486.5208810761,23.9589025979,-0.0065134802,50,1.3382539698,29.4169600617,80.5897187660,2,0,74.8355558036
daily,AMD,2026-08-21,1530,2027-06-17,0.8219178082,488.1588885813,489.8079771892,33.7818002794,-0.0051826687,147,0.9718969640,115.4016691951,430.7676412065,2,0,74.8355558036
daily,AMD,2026-08-21,1530,2027-09-17,1.0739726027,494.1476486611,496.6321732545,50.2789925258,-0.0072853942,149,1.2100460647,143.8279591802,555.2175153046,2,0,74.8355558036
daily,AMD,2026-08-21,1530,2027-12-17,1.3232876712,498.5178205770,501.5813935827,61.4536307281,-0.0051914259,153,1.3933212812,174.8837307442,655.8811109610,2,0,74.8355558036
daily,AMD,2026-08-21,1530,2028-01-21,1.4191780822,500.3742247362,504.1188030580,74.8355558036,-0.0054501540,155,1.5069959690,189.6375210147,697.6738574947,2,0,74.8355558036
daily,AMD,2026-08-24,1538,2026-08-26,0.0054794521,456.5498024898,456.5595107557,0.2126441810,-0.0978239115,105,0.0178975394,5.2239158944,7.2333523300,2,0,72.5722576233
daily,AMD,2026-08-24,1538,2026-08-28,0.0109589041,456.7027862234,456.7323023268,0.6462869130,-0.0644709032,135,0.0946024596,9.1647146048,15.6361124091,2,0,72.5722576233
daily,AMD,2026-08-24,1538,2026-08-31,0.0191780822,456.9264011274,456.9618614390,0.7760617783,-0.0467820647,139,0.1257338418,12.1542320477,22.1189327931,2,0,72.5722576233
daily,AMD,2026-08-24,1538,2026-09-02,0.0246575342,457.5774099817,457.6604000804,1.8136843493,-0.0899034620,151,0.1638015854,20.7780232248,32.9774959045,2,0,72.5722576233
daily,AMD,2026-08-24,1538,2026-09-04,0.0301369863,457.1331511091,457.1747442589,0.9098694702,-0.0314291421,178,0.1598471027,15.8702179798,31.0828540498,2,0,72.5722576233
daily,AMD,2026-08-24,1538,2026-09-11,0.0493150685,457.4639516626,457.5255589685,1.3467138922,-0.0200069757,138,0.3322308633,23.3586824658,37.1886831232,2,0,72.5722576233
daily,AMD,2026-08-24,1538,2026-09-18,0.0684931507,457.7757155302,457.8784946816,2.2451857533,-0.0150402695,118,0.4349455492,29.9985219717,50.6044846447,2,0,72.5722576233
daily,AMD,2026-08-24,1538,2026-09-25,0.0876712329,458.2190911770,458.3610961963,3.0990637888,-0.0154983336,135,0.2624862931,31.7350768542,55.2709393329,2,0,72.5722576233
daily,AMD,2026-08-24,1538,2026-10-02,0.1068493151,458.4137353940,458.5588207316,3.1649430723,-0.0101239774,140,0.4028425924,29.1169766015,64.4953763381,2,0,72.5722576233
daily,AMD,2026-08-24,1538,2026-10-16,0.1452054795,459.2616176257,459.4890519098,4.9521726918,-0.0114161947,102,0.4489934685,64.3585891247,98.7990360206,2,0,72.5722576233
daily,AMD,2026-08-24,1538,2026-11-20,0.2410958904,461.2036364088,461.5916907728,8.4139484898,-0.0100054304,113,0.6054480476,80.0665962906,162.2040354279,2,0,72.5722576233
daily,AMD,2026-08-24,1538,2026-12-18,0.3178082192,462.3565038231,462.8762837413,11.2419726735,-0.0068503996,121,0.4779083585,84.5302500826,201.0197348571,2,0,72.5722576233
daily,AMD,2026-08-24,1538,2027-01-15,0.3945205479,464.4402932672,465.2595554722,17.6397745162,-0.0108161644,127,0.5521746332,92.5901909090,250.4712671617,2,0,72.5722576233
daily,AMD,2026-08-24,1538,2027-02-19,0.4904109589,465.9735320497,466.9428264472,20.8014904456,-0.0082740809,115,0.7888569963,65.6159080336,260.5978499442,2,0,72.5722576233
daily,AMD,2026-08-24,1538,2027-03-19,0.5671232877,467.6992966741,468.8688908015,25.0073954722,-0.0089281745,129,0.7908620945,107.8970444679,341.7212853678,2,0,72.5722576233
daily,AMD,2026-08-24,1538,2027-04-16,0.6438356164,469.5154549032,470.6234594479,23.5988939907,-0.0088160846,69,1.3586083288,27.0724769535,142.5039614573,2,0,72.5722576233
daily,AMD,2026-08-24,1538,2027-06-17,0.8136986301,472.9550685021,474.8226257120,39.4869900801,-0.0093955977,144,0.9479814679,134.6514427521,471.7649090619,2,0,72.5722576233
daily,AMD,2026-08-24,1538,2027-09-17,1.0657534247,477.2997376623,479.7620006283,51.5873521755,-0.0070552889,149,1.1521345437,165.6211862997,592.6614501509,2,0,72.5722576233
daily,AMD,2026-08-24,1538,2027-12-17,1.3150684932,483.0304375918,486.2565661379,66.7893427632,-0.0076046505,151,1.4755862103,202.2101904448,716.9234099341,2,0,72.5722576233
daily,AMD,2026-08-24,1538,2028-01-21,1.4109589041,484.6784050334,488.1958256409,72.5722576233,-0.0069198401,152,1.4409377556,214.0992116367,756.4825434748,2,0,72.5722576233
daily,AMD,2026-08-25,1530,2026-08-26,0.0027397260,480.4755676164,480.4757948649,0.0047296581,0.0296385737,107,0.0412581874,0.1233570860,0.8286214573,2,0,73.9419901174
daily,AMD,2026-08-25,1530,2026-08-28,0.0082191781,480.5744012193,480.5804494933,0.1258551027,0.0086077259,123,0.1491092127,1.4871689220,3.8251209672,2,0,73.9419901174
daily,AMD,2026-08-25,1530,2026-08-31,0.0164383562,480.6754199895,480.6862324010,0.2249420523,0.0098345808,121,0.1133522145,2.3716086531,4.9704994597,2,0,73.9419901174
daily,AMD,2026-08-25,1530,2026-09-02,0.0219178082,480.5295840641,480.5329251397,0.0695290320,0.0313894108,159,0.1967740956,1.1381855375,4.1432898972,2,0,73.9419901174
daily,AMD,2026-08-25,1530,2026-09-04,0.0273972603,480.9708251649,481.0053477986,0.7177698072,-0.0031869831,160,0.1345806491,5.4095601639,14.3435962034,2,0,73.9419901174
daily,AMD,2026-08-25,1530,2026-09-09,0.0410958904,481.1440084663,481.1901239556,0.9584550260,0.0011426373,43,0.2191756400,0.9583181697,3.8028940347,2,0,73.9419901174
daily,AMD,2026-08-25,1530,2026-09-11,0.0465753425,481.1181647928,481.1525319442,0.7143183082,0.0071372841,134,0.1919874471,9.1514917848,19.5321934641,2,0,73.9419901174
daily,AMD,2026-08-25,1530,2026-09-18,0.0657534247,481.6916284283,481.7471908214,1.1534847157,-0.0026924617,123,0.4129084181,18.3587975870,36.0647293414,2,0,73.9419901174
daily,AMD,2026-08-25,1530,2026-09-25,0.0849315068,481.7717276027,481.8157257028,0.9132561660,0.0047849188,126,0.2819944969,17.5303098951,36.9236474783,2,0,73.9419901174
daily,AMD,2026-08-25,1530,2026-10-02,0.1041095890,482.3144616334,482.4128323249,2.0395550902,-0.0010952363,137,0.2459779210,19.3410926169,48.2328930204,2,0,73.9419901174
daily,AMD,2026-08-25,1530,2026-10-16,0.1424657534,483.2712572281,483.4324019905,3.3344578214,-0.0054283503,98,0.3465759673,50.3961311152,82.0659805743,2,0,73.9419901174
daily,AMD,2026-08-25,1530,2026-11-20,0.2383561644,484.8857698723,485.1418080279,5.2803808964,-0.0021993105,110,0.6019952920,56.2696508672,133.0692749328,2,0,73.9419901174
daily,AMD,2026-08-25,1530,2026-12-18,0.3150684932,486.2683824975,486.7341146276,9.5776765844,-0.0024413841,117,0.5985413519,61.6970526767,169.8518949624,2,0,73.9419901174
daily,AMD,2026-08-25,1530,2027-01-15,0.3917808219,488.1200808889,488.9663461561,17.3372352482,-0.0058160506,126,0.3755897759,71.7562712815,214.0977419132,2,0,73.9419901174
daily,AMD,2026-08-25,1530,2027-02-19,0.4876712329,489.9381088602,490.8095122175,17.7859885051,-0.0044953373,118,0.6937151332,54.0536039180,222.5328979506,2,0,73.9419901174
daily,AMD,2026-08-25,1530,2027-03-19,0.5643835616,492.1366352593,493.1378064588,20.3433584851,-0.0067432699,128,0.6403101500,98.1576048802,305.9068411475,2,0,73.9419901174
daily,AMD,2026-08-25,1530,2027-04-16,0.6410958904,493.2834027648,494.3158138787,20.9293705828,-0.0047759052,74,0.8438248798,20.9047452134,111.6998351853,2,0,73.9419901174
daily,AMD,2026-08-25,1530,2027-06-17,0.8109589041,497.2038910073,498.7618501908,31.3344125351,-0.0062708143,144,1.0105742381,113.3540335996,427.4786327541,2,0,73.9419901174
daily,AMD,2026-08-25,1530,2027-09-17,1.0630136986,501.7220960753,503.9214457740,43.8360143180,-0.0046086894,149,1.1781944879,141.3075898011,533.1337655349,2,0,73.9419901174
daily,AMD,2026-08-25,1530,2027-12-17,1.3123287671,507.0169114468,510.7658953923,73.9419901174,-0.0056774403,150,1.4868871391,176.6004334828,642.6579601316,2,0,73.9419901174
daily,AMD,2026-08-25,1530,2028-01-21,1.4082191781,508.8881864919,512.4685480303,70.3565465546,-0.0046663149,149,1.5675601565,189.0418698892,676.5549847242,2,0,73.9419901174
daily,AMD,2026-08-26,1530,2026-08-28,0.0054794521,482.2739165481,482.2843899285,0.2171666348,-0.0470914446,115,0.0846449283,3.3579408216,6.5231594036,2,0,74.2205905603
daily,AMD,2026-08-26,1530,2026-08-31,0.0136986301,482.4762832346,482.4831703592,0.1427453504,-0.0262148969,125,0.0905865773,6.0145516934,10.1647097868,2,0,74.2205905603
daily,AMD,2026-08-26,1530,2026-09-02,0.0191780822,482.9485118120,482.9999289247,1.0646499878,-0.0637309229,134,0.1462215141,10.0747540924,22.7885892432,2,0,74.2205905603
daily,AMD,2026-08-26,1530,2026-09-04,0.0246575342,482.7752567002,482.8165485610,0.8553019299,-0.0257591664,163,0.1481945312,9.2020368827,20.4607987901,2,0,74.2205905603
daily,AMD,2026-08-26,1530,2026-09-09,0.0383561644,483.4013071759,483.4856673933,1.7451383783,-0.0391519699,126,0.2659625710,11.5388904609,26.4706078042,2,0,74.2205905603
daily,AMD,2026-08-26,1530,2026-09-11,0.0438356164,483.0759545449,483.1377094144,1.2783676967,-0.0131043293,132,0.2298166431,15.0098815884,27.2539840954,2,0,74.2205905603
daily,AMD,2026-08-26,1530,2026-09-18,0.0630136986,483.4522678672,483.5406604065,1.8283612508,-0.0108299630,119,0.3377786938,22.4602272277,39.0101026938,2,0,74.2205905603
daily,AMD,2026-08-26,1530,2026-09-25,0.0821917808,483.2852013202,483.3625846023,1.6011928738,0.0050076604,131,0.3438201385,16.9114753784,37.4272350900,2,0,74.2205905603
daily,AMD,2026-08-26,1530,2026-10-02,0.1013698630,484.0906341102,484.2220289310,2.7142607520,-0.0063697517,140,0.2869120224,21.3484377152,51.8751208922,2,0,74.2205905603
daily,AMD,2026-08-26,1530,2026-10-16,0.1397260274,484.8783291061,485.0341447595,3.2135000471,-0.0062418673,101,0.2903565959,49.9009100278,80.0196436692,2,0,74.2205905603
daily,AMD,2026-08-26,1530,2026-11-20,0.2356164384,487.0989108051,487.4001318801,6.1839816986,-0.0084172712,114,0.4841174214,58.6803832959,141.6446223281,2,0,74.2205905603
daily,AMD,2026-08-26,1530,2026-12-18,0.3123287671,488.0970271104,488.6018235897,10.3421338641,-0.0045588956,121,0.4120655559,62.2639430487,173.3397107883,2,0,74.2205905603
daily,AMD,2026-08-26,1530,2027-01-15,0.3890410959,490.1776399434,490.7187768407,11.0396079551,-0.0069150095,128,0.5302835069,71.9089187510,219.8717952038,2,0,74.2205905603
daily,AMD,2026-08-26,1530,2027-02-19,0.4849315068,492.5358095087,493.6003251066,21.6129584348,-0.0097037038,115,0.7905778797,53.3909843875,236.4705415909,2,0,74.2205905603
daily,AMD,2026-08-26,1530,2027-03-19,0.5616438356,494.0635760829,495.2647184764,24.3114945467,-0.0088760351,129,0.6789681009,99.2872866886,312.2014799774,2,0,74.2205905603
daily,AMD,2026-08-26,1530,2027-04-16,0.6383561644,495.7131299831,496.8799045940,23.5372948657,-0.0080665732,70,1.0430715727,21.4713998090,113.7952120933,2,0,74.2205905603
daily,AMD,2026-08-26,1530,2027-06-17,0.8082191781,499.1269372233,500.9730851778,36.9875439851,-0.0080513973,144,0.9693487481,113.7476529759,428.3628977297,2,0,74.2205905603
daily,AMD,2026-08-26,1530,2027-09-17,1.0602739726,504.0597372662,506.2702332032,43.8538485338,-0.0063482565,150,1.1450306966,140.3601385799,533.9731974604,2,0,74.2205905603
daily,AMD,2026-08-26,1530,2027-12-17,1.3095890411,509.5205341825,512.8044005745,64.4501285360,-0.0068298635,150,1.4475235904,174.9510841134,637.6706650999,2,0,74.2205905603
daily,AMD,2026-08-26,1530,2028-01-21,1.4054794521,510.6920231395,514.4824094946,74.2205905603,-0.0057846729,156,1.3072541384,186.7617516869,667.9876251742,2,0,74.2205905603
daily,AMD,2026-08-27,1530,2026-08-28,0.0027397260,471.4248882566,471.4248882566,0.0000000000,0.0031824922,90,0.0656938290,0.3030752154,0.7522030775,2,0,69.6269054354
daily,AMD,2026-08-27,1530,2026-08-31,0.0109589041,471.1994593895,471.1905229753,-0.1896524719,0.0746252516,58,0.5806353836,0.0522407746,3.5741607847,2,0,69.6269054354
daily,AMD,2026-08-27,1530,2026-09-02,0.0164383562,471.2226449806,471.2153474177,-0.1548644347,0.0591915481,119,0.9663435058,0.0859172760,4.4008744015,2,0,69.6269054354
daily,AMD,2026-08-27,1530,2026-09-04,0.0219178082,471.5721508062,471.5849088177,0.2705420903,0.0181099397,173,0.1224546357,2.6136136152,8.4244556095,2,0,69.6269054354
daily,AMD,2026-08-27,1530,2026-09-09,0.0356164384,471.5771296499,471.5890067745,0.2518596387,0.0254924482,128,0.1700171564,2.9176659576,8.1104201781,2,0,69.6269054354
daily,AMD,2026-08-27,1530,2026-09-11,0.0410958904,471.9953189641,472.0155715845,0.4290851953,0.0051517639,129,0.1932848510,8.4797520311,18.8830947600,2,0,69.6269054354
daily,AMD,2026-08-27,1530,2026-09-18,0.0602739726,472.3439332506,472.3968316862,1.1199135189,0.0021884768,122,0.2341094328,16.8683175325,33.8299523582,2,0,69.6269054354
daily,AMD,2026-08-27,1530,2026-09-25,0.0794520548,472.4272075759,472.5062353638,1.6728034842,0.0079033311,132,0.2317037613,15.6042056048,36.1012714238,2,0,69.6269054354
daily,AMD,2026-08-27,1530,2026-10-02,0.0986301370,473.0987976321,473.1860190224,1.8436189390,-0.0009298868,130,0.3276150139,20.6641830496,45.7578802972,2,0,69.6269054354
daily,AMD,2026-08-27,1530,2026-10-09,0.1178082192,473.3175355973,473.4635654136,3.0852399343,0.0003060920,50,0.5070863767,3.7817831308,11.7153878320,2,0,69.6269054354
daily,AMD,2026-08-27,1530,2026-10-16,0.1369863014,473.9972255023,474.1406978447,3.0268603856,-0.0048632600,100,0.3099906446,46.1350297204,75.7826554621,2,0,69.6269054354
daily,AMD,2026-08-27,1530,2026-11-20,0.2328767123,475.5263315039,475.9503259087,8.9163181249,-0.0031896577,107,0.5792519366,62.4027314155,128.8765934489,2,0,69.6269054354
daily,AMD,2026-08-27,1530,2026-12-18,0.3095890411,477.1851166679,477.6541089496,9.8283090850,-0.0042162774,114,0.6054329024,68.8495093752,169.9132591058,2,0,69.6269054354
daily,AMD,2026-08-27,1530,2027-01-15,0.3863013699,478.5803815962,479.2613657233,14.2292528751,-0.0041855254,120,0.7813119281,76.3033632531,213.0927774368,2,0,69.6269054354
daily,AMD,2026-08-27,1530,2027-02-19,0.4821917808,480.7474989810,481.5422949904,16.5325042987,-0.0052564451,114,0.7680152109,57.1141705414,224.8988785898,2,0,69.6269054354
daily,AMD,2026-08-27,1530,2027-03-19,0.5589041096,482.3592305407,483.2613055861,18.7013119751,-0.0053643313,125,0.7969560749,104.9478874374,305.3324381970,2,0,69.6269054354
daily,AMD,2026-08-27,1530,2027-04-16,0.6356164384,484.2458335109,485.2458504588,20.6510181113,-0.0062649416,71,1.1258847244,21.5217260787,123.7479555890,2,0,69.6269054354
daily,AMD,2026-08-27,1530,2027-06-17,0.8054794521,487.0091056606,488.6378823978,33.4444822130,-0.0050310138,144,0.8296408027,117.7159902545,428.4678455326,2,0,69.6269054354
daily,AMD,2026-08-27,1530,2027-09-17,1.0575342466,492.5963974114,495.1761149881,52.3698019360,-0.0065957869,150,1.0384703282,147.3525301032,553.4157518833,2,0,69.6269054354
daily,AMD,2026-08-27,1530,2027-12-17,1.3068493151,497.4053830189,500.5065402207,62.3466755213,-0.0053332096,150,1.3570349133,176.1095516771,661.6940600234,2,0,69.6269054354
daily,AMD,2026-08-27,1530,2028-01-21,1.4027397260,499.4126672462,502.8899231017,69.6269054354,-0.0054180064,154,1.3981421970,190.8617035483,700.8320545054,2,0,69.6269054354
daily,AMD,2026-08-31,1530,2026-09-02,0.0054794521,467.5010505084,467.5012608918,0.0045001707,0.0358954276,80,0.0825724067,0.1167258812,1.7112482486,2,0,71.6148895481
daily,AMD,2026-08-31,1530,2026-09-04,0.0109589041,467.8251365804,467.8429530587,0.3808362749,-0.0295519065,140,0.1024896940,6.8240988837,10.4820076059,2,0,71.6148895481
daily,AMD,2026-08-31,1530,2026-09-09,0.0246575342,467.9730847444,467.9942252860,0.4517469547,-0.0049455464,136,0.0795430666,8.4028452209,15.4291815526,2,0,71.6148895481
daily,AMD,2026-08-31,1530,2026-09-11,0.0301369863,468.1286128301,468.1485056442,0.4249433509,-0.0080125462,163,0.1215012523,11.2496915573,18.8136794802,2,0,71.6148895481
daily,AMD,2026-08-31,1530,2026-09-14,0.0383561644,468.2901400182,468.3576644490,1.4419357780,-0.0097255177,43,0.1821056997,2.4549615658,9.4033289174,2,0,71.6148895481
daily,AMD,2026-08-31,1530,2026-09-18,0.0493150685,468.5222085551,468.5945566056,1.5441754785,-0.0092981669,120,0.2670177967,19.4148922598,33.2576543098,2,0,71.6148895481
daily,AMD,2026-08-31,1530,2026-09-25,0.0684931507,468.9102548397,468.9753227583,1.3876411950,-0.0078183253,125,0.1751159280,24.5933083742,39.5688658184,2,0,71.6148895481
daily,AMD,2026-08-31,1530,2026-10-02,0.0876712329,469.3478128862,469.4807199426,2.8317391232,-0.0100310787,128,0.2537934432,30.0804795454,50.9021845569,2,0,71.6148895481
daily,AMD,2026-08-31,1530,2026-10-09,0.1068493151,469.6393151045,469.7603419174,2.5770162125,-0.0069915280,137,0.2490193012,28.8287094461,57.2805681263,2,0,71.6148895481
daily,AMD,2026-08-31,1530,2026-10-16,0.1260273973,470.0985404528,470.2695007642,3.6366909643,-0.0087204331,95,0.2265663282,51.9212997302,79.3330264105,2,0,71.6148895481
daily,AMD,2026-08-31,1530,2026-11-20,0.2219178082,471.7757707889,472.0382227284,5.5630652474,-0.0048532166,109,0.3018627264,71.1107750554,133.6933857393,2,0,71.6148895481
daily,AMD,2026-08-31,1530,2026-12-18,0.2986301370,473.5089187306,474.0855429715,12.1776848969,-0.0078509307,113,0.6370735752,78.7578143620,179.5465619167,2,0,71.6148895481
daily,AMD,2026-08-31,1530,2027-01-15,0.3753424658,474.9509466971,475.6888313599,15.5360183603,-0.0069266903,119,0.3876974065,90.8952263242,221.5373340455,2,0,71.6148895481
daily,AMD,2026-08-31,1530,2027-02-19,0.4712328767,476.9285190454,477.8275929067,18.8513335936,-0.0066588169,109,0.7346053379,59.4194031428,236.9220471025,2,0,71.6148895481
daily,AMD,2026-08-31,1530,2027-03-19,0.5479452055,478.5608071256,479.6326318747,22.3968351166,-0.0067313460,128,0.7531551986,110.3302770431,318.6464066486,2,0,71.6148895481
daily,AMD,2026-08-31,1530,2027-04-16,0.6246575342,480.2051024882,481.5740486714,28.5075309727,-0.0071702063,67,1.2073784215,21.5777697451,136.3848312112,2,0,71.6148895481
daily,AMD,2026-08-31,1530,2027-06-17,0.7945205479,483.7185007391,485.1753512749,30.1177344572,-0.0059595773,144,0.9223303389,124.4732414362,443.0953201939,2,0,71.6148895481
daily,AMD,2026-08-31,1530,2027-09-17,1.0465753425,489.0838413134,491.4899508185,49.1962584308,-0.0065725897,151,0.9716817165,159.8083363310,574.7630969875,2,0,71.6148895481
daily,AMD,2026-08-31,1530,2027-12-17,1.2958904110,494.0507204513,497.5888592289,71.6148895481,-0.0062137592,151,1.1875028077,191.9837240821,699.1447253667,2,0,71.6148895481
daily,AMD,2026-08-31,1530,2028-01-21,1.3917808219,496.2914236033,499.7135124039,68.9532125238,-0.0057632837,150,1.2376999201,203.3020365217,743.8309847704,2,0,71.6148895481
daily,AMD,2026-09-01,1530,2026-09-02,0.0027397260,458.8746182206,458.8791522991,0.0988086582,-0.0245252530,109,0.0560106387,0.7312238175,1.6201789769,2,0,74.5103285906
daily,AMD,2026-09-01,1530,2026-09-04,0.0082191781,459.0246919111,459.0416306632,0.3690161432,-0.0256206350,137,0.1077996919,2.8506615015,6.4165793265,2,0,74.5103285906
daily,AMD,2026-09-01,1530,2026-09-09,0.0219178082,459.1993257133,459.2228800569,0.5129437739,-0.0035943877,129,0.1031128350,5.2217480373,9.9640410009,2,0,74.5103285906
daily,AMD,2026-09-01,1530,2026-09-11,0.0273972603,459.2742360792,459.3028394288,0.6227945600,-0.0015424531,164,0.1585549633,8.1777239422,15.6114972816,2,0,74.5103285906
daily,AMD,2026-09-01,1530,2026-09-14,0.0356164384,458.6618505475,458.6464468510,-0.3358399324,0.0478376915,43,0.3556269353,0.1045164092,1.6385555839,2,0,74.5103285906
daily,AMD,2026-09-01,1530,2026-09-16,0.0410958904,458.3394867351,458.3153665742,-0.5262509908,0.0641562571,42,0.7910031795,0.1958891471,4.0108373372,2,0,74.5103285906
daily,AMD,2026-09-01,1530,2026-09-18,0.0465753425,459.6288078366,459.6774775424,1.0588915428,-0.0025851231,120,0.2614595721,16.0751559354,29.6657452897,2,0,74.5103285906
daily,AMD,2026-09-01,1530,2026-09-25,0.0657534247,459.9374637310,459.9998729197,1.3569059638,-0.0012823365,121,0.2320384670,20.2428372156,35.6049493457,2,0,74.5103285906
daily,AMD,2026-09-01,1530,2026-10-02,0.0849315068,460.0087287343,460.1067053604,2.1298862376,0.0049595713,131,0.1545622877,21.6440257089,42.8586911039,2,0,74.5103285906
daily,AMD,2026-09-01,1530,2026-10-09,0.1041095890,460.2560315850,460.3655353941,2.3791933529,0.0057632733,125,0.3381753232,21.9936027128,47.8259526612,2,0,74.5103285906
daily,AMD,2026-09-01,1530,2026-10-16,0.1232876712,461.2281807534,461.4096360197,3.9341756175,-0.0074965180,94,0.2898116183,47.1675190985,77.3596287441,2,0,74.5103285906
daily,AMD,2026-09-01,1530,2026-11-20,0.2191780822,462.9555007354,463.2534451768,6.4357036683,-0.0052286747,104,0.6957166417,69.9273369184,126.0903880854,2,0,74.5103285906
daily,AMD,2026-09-01,1530,2026-12-18,0.2958904110,464.1983868166,464.5634892717,7.8652245557,-0.0030140237,111,0.6064801951,78.2873688060,168.4627534615,2,0,74.5103285906
daily,AMD,2026-09-01,1530,2027-01-15,0.3726027397,465.5008645853,465.9930372940,10.5729708816,-0.0023564248,116,0.6808638747,90.6308211343,207.0961454811,2,0,74.5103285906
daily,AMD,2026-09-01,1530,2027-02-19,0.4684931507,467.1646385101,468.0817189552,19.6307761666,-0.0032610901,113,0.6100741702,62.2311926944,221.0806573459,2,0,74.5103285906
daily,AMD,2026-09-01,1530,2027-03-19,0.5452054795,468.5377658118,469.5462272181,21.5235884881,-0.0026529222,125,0.7221915744,111.2606067214,300.0859972322,2,0,74.5103285906
daily,AMD,2026-09-01,1530,2027-04-16,0.6219178082,470.3556113502,471.5152391150,24.6542772503,-0.0037688717,71,1.0063080077,22.7770704395,138.7327387459,2,0,74.5103285906
daily,AMD,2026-09-01,1530,2027-06-17,0.7917808219,473.8729929756,475.6580767444,37.6700887222,-0.0048159007,137,0.8234051054,132.5126777281,443.4777264530,2,0,74.5103285906
daily,AMD,2026-09-01,1530,2027-09-17,1.0438356164,479.1069582345,481.4628906080,49.1734117597,-0.0048506280,147,0.9981727400,164.7674655222,583.0475597947,2,0,74.5103285906
daily,AMD,2026-09-01,1530,2027-12-17,1.2931506849,483.9363703887,487.3156683752,69.8293865335,-0.0046495351,153,1.1743326160,202.2614994510,714.3045779798,2,0,74.5103285906
daily,AMD,2026-09-01,1530,2028-01-21,1.3890410959,485.9047458144,489.5252380418,74.5103285906,-0.0045025966,155,1.2433796986,215.0170159481,762.5636355069,2,0,74.5103285906
daily,AMD,2026-09-02,1530,2026-09-04,0.0054794521,457.4239309613,457.4468372040,0.5007661624,-0.0720393805,139,0.1279399722,2.8908856847,5.6134733526,2,0,76.0049736108
daily,AMD,2026-09-02,1530,2026-09-09,0.0191780822,457.4212573794,457.4348671504,0.2975325448,0.0082383460,127,0.1098675427,2.8897400160,5.9035395921,2,0,76.0049736108
daily,AMD,2026-09-02,1530,2026-09-11,0.0246575342,457.6775366103,457.6909992574,0.2941513611,-0.0077523205,157,0.0914830771,6.6428569106,15.1498176366,2,0,76.0049736108
daily,AMD,2026-09-02,1530,2026-09-14,0.0328767123,457.0713011800,457.0713011800,0.0000000000,0.0450066028,30,0.1915215228,0.0401405887,1.0501045767,2,0,76.0049736108
daily,AMD,2026-09-02,1530,2026-09-16,0.0383561644,457.4035411238,457.4133202239,0.2137958997,0.0245668725,46,0.1348233116,0.9710326446,2.9270569399,2,0,76.0049736108
daily,AMD,2026-09-02,1530,2026-09-18,0.0438356164,458.0258853742,458.0787794911,1.1548281132,-0.0068633081,117,0.2316944614,15.7645729927,27.8213304441,2,0,76.0049736108
daily,AMD,2026-09-02,1530,2026-09-25,0.0630136986,458.2206953891,458.2915572606,1.5464572473,-0.0004452917,120,0.1795368505,19.4608355756,33.5239547841,2,0,76.0049736108
daily,AMD,2026-09-02,1530,2026-10-02,0.0821917808,458.6364708904,458.7288113144,2.0133685356,-0.0029748720,127,0.1808864274,23.2311784599,41.9871573004,2,0,76.0049736108
daily,AMD,2026-09-02,1530,2026-10-09,0.1013698630,458.9097871159,459.0070854053,2.1202051494,-0.0009699180,132,0.2872422725,23.7309357427,49.2292420633,2,0,76.0049736108
daily,AMD,2026-09-02,1530,2026-10-16,0.1205479452,459.4760237690,459.6973804957,4.8175903690,-0.0070383010,94,0.1019186216,45.4831438830,73.1247166899,2,0,76.0049736108
daily,AMD,2026-09-02,1530,2026-11-20,0.2164383562,461.0246788173,461.4009558472,8.1617546142,-0.0036253326,111,0.2912403366,66.1255175798,126.2392540191,2,0,76.0049736108
daily,AMD,2026-09-02,1530,2026-12-18,0.2931506849,462.5941243728,462.9841886433,8.4321060289,-0.0038472640,117,0.4203446845,80.1879615728,166.4701833234,2,0,76.0049736108
daily,AMD,2026-09-02,1530,2027-01-15,0.3698630137,464.2922410616,465.0278624398,15.8439300321,-0.0065875515,113,0.6641342082,95.9523283385,213.5090245820,2,0,76.0049736108
daily,AMD,2026-09-02,1530,2027-02-19,0.4657534247,466.2487889866,467.3358329999,23.3146774645,-0.0076340957,115,0.4545990537,68.2856447381,231.7184160785,2,0,76.0049736108
daily,AMD,2026-09-02,1530,2027-03-19,0.5424657534,467.8319282270,468.7628458276,19.8985478408,-0.0062506174,123,0.6171119861,122.0674815138,314.3107588290,2,0,76.0049736108
daily,AMD,2026-09-02,1530,2027-04-16,0.6191780822,469.1028845849,470.3883398304,27.4024161387,-0.0057215530,69,1.1857873820,24.2909421357,146.5919239853,2,0,76.0049736108
daily,AMD,2026-09-02,1530,2027-06-17,0.7890410959,472.9285205405,474.8792562694,41.2480035385,-0.0072442060,140,0.8765825424,139.2858375359,447.8959773132,2,0,76.0049736108
daily,AMD,2026-09-02,1530,2027-09-17,1.0410958904,477.8258962860,480.3503773579,52.8326549803,-0.0059706418,144,1.2323509152,170.2520157968,587.5492938302,2,0,76.0049736108
daily,AMD,2026-09-02,1530,2027-12-17,1.2904109589,482.8624153992,486.0927606235,66.8999102293,-0.0053124931,149,1.2626297570,208.4253620238,722.0005069874,2,0,76.0049736108
daily,AMD,2026-09-02,1530,2028-01-21,1.3863013699,484.7195701295,488.4036799432,76.0049736108,-0.0052465785,151,1.1948804344,221.5312680204,772.8392122874,2,0,76.0049736108
daily,AMD,2026-09-03,1530,2026-09-04,0.0027397260,456.3756679227,456.3850564733,0.2057197894,-0.0698693473,57,0.0447139020,2.7419184092,3.8378090603,2,0,76.2051735844
daily,AMD,2026-09-03,1530,2026-09-09,0.0164383562,456.5525466310,456.5652129352,0.2774336568,-0.0037873701,84,0.0617187461,5.4957636419,9.8652076417,2,0,76.2051735844
daily,AMD,2026-09-03,1530,2026-09-11,0.0219178082,456.7743920985,456.8072206228,0.7187032565,-0.0174582201,153,0.1160630062,10.2620223528,15.4840477677,2,0,76.2051735844
daily,AMD,2026-09-03,1530,2026-09-14,0.0301369863,457.1467136709,457.2062614019,1.3025956278,-0.0312409336,47,0.1502638092,3.3020783112,19.2331395204,2,0,76.2051735844
daily,AMD,2026-09-03,1530,2026-09-16,0.0356164384,457.4032709478,457.4735633042,1.5367698667,-0.0369617302,44,0.1617727722,3.3074281518,27.7486614169,2,0,76.2051735844
daily,AMD,2026-09-03,1530,2026-09-18,0.0410958904,457.1862843798,457.2301687353,0.9598790913,-0.0139850841,119,0.1829345242,17.1584940227,38.3410982297,2,0,76.2051735844
daily,AMD,2026-09-03,1530,2026-09-25,0.0602739726,457.7543632620,457.8239346133,1.5198402652,-0.0188992851,120,0.1965495858,26.6696538705,40.3890577057,2,0,76.2051735844
daily,AMD,2026-09-03,1530,2026-10-02,0.0794520548,458.0494189051,458.1840347645,2.9388937918,-0.0150028368,126,0.2252290711,30.8326727035,51.9882807633,2,0,76.2051735844
daily,AMD,2026-09-03,1530,2026-10-09,0.0986301370,458.5512587620,458.6666387215,2.5161845564,-0.0151396733,126,0.2374634862,39.4750063732,61.8439573601,2,0,76.2051735844
daily,AMD,2026-09-03,1530,2026-10-16,0.1178082192,458.5983048037,458.8313798932,5.0823364819,-0.0093184579,93,0.1537537285,51.1569118744,80.4192253425,2,0,76.2051735844
daily,AMD,2026-09-03,1530,2026-10-23,0.1369863014,459.7249640286,460.0055828381,6.1040585438,-0.0211736579,50,0.4629929585,6.0886018738,20.4692540261,2,0,76.2051735844
daily,AMD,2026-09-03,1530,2026-11-20,0.2136986301,460.7310566183,461.0969917708,7.9424893813,-0.0105217068,104,0.5397507595,89.3141456513,142.5549212136,2,0,76.2051735844
daily,AMD,2026-09-03,1530,2026-12-18,0.2904109589,462.2539720721,462.6473319517,8.5096051820,-0.0084236376,113,0.4551631940,106.6473732434,187.1421354492,2,0,76.2051735844
daily,AMD,2026-09-03,1530,2027-01-15,0.3671232877,463.6325383546,464.4140293434,16.8558270639,-0.0084667849,117,0.4271460582,113.0381538635,231.3815987079,2,0,76.2051735844
daily,AMD,2026-09-03,1530,2027-02-19,0.4630136986,465.8381551774,466.8066061848,20.7894307644,-0.0097472100,108,0.6279653078,77.6834274968,248.4842137895,2,0,76.2051735844
daily,AMD,2026-09-03,1530,2027-03-19,0.5397260274,467.2164642999,468.3224356079,23.6714968862,-0.0085244028,122,0.6562224387,135.9446126387,326.4999156055,2,0,76.2051735844
daily,AMD,2026-09-03,1530,2027-04-16,0.6164383562,468.8263552434,470.2970385529,31.3694674601,-0.0089688399,72,0.8633266079,25.7723871532,157.4570678486,2,0,76.2051735844
daily,AMD,2026-09-03,1530,2027-06-17,0.7863013699,471.9004423392,473.5855328827,35.7086027539,-0.0066575852,143,0.8496766818,141.1024727163,458.2400816571,2,0,76.2051735844
daily,AMD,2026-09-03,1530,2027-09-17,1.0383561644,477.1617786742,479.3737463811,46.3567663162,-0.0062644508,148,0.8472833486,173.5138470047,588.5504406827,2,0,76.2051735844
daily,AMD,2026-09-03,1530,2027-12-17,1.2876712329,482.2567339172,485.4263190328,65.7240198575,-0.0060010369,152,1.0918136699,211.8510785927,724.4532342237,2,0,76.2051735844
daily,AMD,2026-09-03,1530,2028-01-21,1.3835616438,483.9968429966,487.6851493401,76.2051735844,-0.0057925513,151,1.1936972727,226.8107774318,775.1503235775,2,0,76.2051735844
daily,AMD,2026-09-04,1530,2026-09-09,0.0136986301,471.5718954737,471.5895116566,0.3735630372,0.0011550649,69,0.0484582718,2.0456552715,7.9172226983,2,0,72.0177509689
daily,AMD,2026-09-04,1530,2026-09-11,0.0191780822,471.7512838627,471.7755651825,0.5147059618,-0.0088168519,118,0.1058756865,7.0741932255,15.9117428661,2,0,72.0177509689
daily,AMD,2026-09-04,1530,2026-09-14,0.0273972603,472.1022012534,472.1497425450,1.0070127069,-0.0236374603,44,0.1410429710,1.8009740475,16.7134262794,2,0,72.0177509689
daily,AMD,2026-09-04,1530,2026-09-16,0.0328767123,472.2340889845,472.2742373464,0.8501792413,-0.0213436800,45,0.1829667638,1.4166342643,19.1633761988,2,0,72.0177509689
daily,AMD,2026-09-04,1530,2026-09-18,0.0383561644,472.1030824008,472.1463254765,0.9159668156,-0.0057695445,119,0.2369788760,16.4974614179,36.3599817767,2,0,72.0177509689
daily,AMD,2026-09-04,1530,2026-09-25,0.0575342466,472.7340317115,472.7917843456,1.2216728708,-0.0148445664,112,0.2989577074,27.2109139535,42.3111759930,2,0,72.0177509689
daily,AMD,2026-09-04,1530,2026-10-02,0.0767123288,472.9128238433,472.9867689579,1.5636098410,-0.0069484299,120,0.3369165283,29.1863208510,49.5024365588,2,0,72.0177509689
daily,AMD,2026-09-04,1530,2026-10-09,0.0958904110,473.6701396042,473.8419237429,3.6266617716,-0.0168039980,128,0.2829732495,30.2936401966,65.1308007067,2,0,72.0177509689
daily,AMD,2026-09-04,1530,2026-10-16,0.1150684932,473.6158294373,473.7932535123,3.7461601576,-0.0068021019,95,0.4579467246,51.5135846961,78.2006543917,2,0,72.0177509689
daily,AMD,2026-09-04,1530,2026-10-23,0.1342465753,474.2977809813,474.4494682887,3.1981449956,-0.0104433494,134,0.2615350697,25.2568224095,68.4342040752,2,0,72.0177509689
daily,AMD,2026-09-04,1530,2026-11-20,0.2109589041,475.8608600280,476.1018174413,5.0636106818,-0.0087398892,110,0.3074396010,75.9982272432,138.6276552634,2,0,72.0177509689
daily,AMD,2026-09-04,1530,2026-12-18,0.2876712329,477.2433425810,477.6293458669,8.0881858677,-0.0068069332,113,0.5106986508,82.1443227135,179.0516184812,2,0,72.0177509689
daily,AMD,2026-09-04,1530,2027-01-15,0.3643835616,478.7754164247,479.4491578247,14.0721803352,-0.0072507006,120,0.5212850855,87.2854271631,220.3173212455,2,0,72.0177509689
daily,AMD,2026-09-04,1530,2027-02-19,0.4602739726,480.8693594774,481.7077191963,17.4342511615,-0.0080243642,121,0.5152317782,53.4549325104,234.5296219347,2,0,72.0177509689
daily,AMD,2026-09-04,1530,2027-03-19,0.5369863014,482.5533309617,483.4783629838,19.1695293087,-0.0080032039,126,0.6350529236,106.2969741170,311.4807749587,2,0,72.0177509689
daily,AMD,2026-09-04,1530,2027-04-16,0.6136986301,484.0829513141,485.3036247401,25.2162036002,-0.0079424525,67,1.0812912679,21.3219452724,130.7258679913,2,0,72.0177509689
daily,AMD,2026-09-04,1530,2027-06-17,0.7835616438,487.6964597264,489.4012934914,34.9568616088,-0.0079322995,143,0.8849470548,120.7398417829,441.7311811496,2,0,72.0177509689
daily,AMD,2026-09-04,1530,2027-09-17,1.0356164384,492.6332750614,495.1436183505,50.9576477308,-0.0070099906,148,1.1707874428,153.2845940070,562.4589178749,2,0,72.0177509689
daily,AMD,2026-09-04,1530,2027-12-17,1.2849315068,498.2082157115,501.4513681604,65.0963261282,-0.0066965724,154,1.0380916404,184.9469116970,688.3200354655,2,0,72.0177509689
daily,AMD,2026-09-04,1530,2028-01-21,1.3808219178,500.2600084314,503.8627685021,72.0177509689,-0.0065544246,149,1.2629582569,198.4550343123,732.1415744299,2,0,72.0177509689
daily,AMD,2026-09-08,1530,2026-09-09,0.0027397260,506.5504199024,506.5499015044,-0.0102338873,0.0595282434,41,0.1703860017,0.0767801713,0.6056868642,2,0,77.2597719555
daily,AMD,2026-09-08,1530,2026-09-11,0.0082191781,506.7763298287,506.7838609941,0.1486092569,-0.0111108966,124,0.1009612200,2.1040450063,3.7819420862,2,0,77.2597719555
daily,AMD,2026-09-08,1530,2026-09-14,0.0164383562,506.8699443093,506.8792778921,0.1841415716,0.0019125198,27,0.1638047876,0.6989637360,1.3451558135,2,0,77.2597719555
daily,AMD,2026-09-08,1530,2026-09-16,0.0219178082,507.1100398278,507.1272930480,0.3402263574,-0.0114241111,31,0.2133503935,0.6078732225,1.8645340498,2,0,77.2597719555
daily,AMD,2026-09-08,1530,2026-09-18,0.0273972603,507.1220178205,507.1581271510,0.7120442278,-0.0037902581,109,0.0731291526,8.6371452710,15.0371312514,2,0,77.2597719555
daily,AMD,2026-09-08,1530,2026-09-21,0.0356164384,507.4215271656,507.4558564118,0.6765429595,-0.0106608602,36,0.2190167338,0.6801241489,2.6820496926,2,0,77.2597719555
daily,AMD,2026-09-08,1530,2026-09-23,0.0410958904,507.6947263963,507.7180740195,0.4598752367,-0.0167644464,42,0.1635618479,0.6630291493,3.5338801943,2,0,77.2597719555
daily,AMD,2026-09-08,1530,2026-09-25,0.0465753425,507.4705458600,507.4984104572,0.5490879713,-0.0010490334,111,0.2230780864,11.1533922282,21.0696104630,2,0,77.2597719555
daily,AMD,2026-09-08,1530,2026-10-02,0.0657534247,507.9072247105,507.9882676004,1.5956238846,-0.0043786731,124,0.1936009754,13.6880975062,30.9276846475,2,0,77.2597719555
daily,AMD,2026-09-08,1530,2026-10-09,0.0849315068,508.3787340622,508.5238535502,2.8545546513,-0.0072168060,116,0.3122840535,15.8559164318,39.6634746148,2,0,77.2597719555
daily,AMD,2026-09-08,1530,2026-10-16,0.1041095890,508.7157992237,508.8756567442,3.1423738114,-0.0053556189,92,0.3174071813,36.7121793804,57.6202215372,2,0,77.2597719555
daily,AMD,2026-09-08,1530,2026-10-23,0.1232876712,509.4237933562,509.6490833131,4.4224466919,-0.0107825422,134,0.3265201871,13.1631601991,52.9931405306,2,0,77.2597719555
daily,AMD,2026-09-08,1530,2026-11-20,0.2000000000,510.8868359411,511.1373813080,4.9041264983,-0.0058887195,107,0.4388481123,48.6713532700,108.5625473088,2,0,77.2597719555
daily,AMD,2026-09-08,1530,2026-12-18,0.2767123288,512.1987402880,512.7310439335,10.3925215671,-0.0043844576,114,0.4865113654,52.5127010963,145.8289720154,2,0,77.2597719555
daily,AMD,2026-09-08,1530,2027-01-15,0.3534246575,513.8899081036,514.5872427197,13.5697277787,-0.0046927029,119,0.6464690175,59.5081300371,185.0678197460,2,0,77.2597719555
daily,AMD,2026-09-08,1530,2027-02-19,0.4493150685,516.3092731064,517.1862251067,16.9850135569,-0.0066348243,113,0.7710310079,44.4649585332,198.0936739538,2,0,77.2597719555
daily,AMD,2026-09-08,1530,2027-03-19,0.5260273973,518.3848853708,519.2818039387,17.3021743740,-0.0074970909,127,0.7011038146,79.3556036832,275.1942582660,2,0,77.2597719555
daily,AMD,2026-09-08,1530,2027-04-16,0.6027397260,519.4116650933,520.5908242023,22.7018218530,-0.0053287706,72,1.0275656006,14.2611062483,91.7315393160,2,0,77.2597719555
daily,AMD,2026-09-08,1530,2027-06-17,0.7726027397,523.0614180250,525.0255653563,37.5509885374,-0.0058234296,140,0.9546381429,98.6192745665,384.4068851100,2,0,77.2597719555
daily,AMD,2026-09-08,1530,2027-09-17,1.0246575342,529.2538136709,531.9038033818,50.0702997794,-0.0065964276,148,1.1836719042,127.7967532224,492.8995453584,2,0,77.2597719555
daily,AMD,2026-09-08,1530,2027-12-17,1.2739726027,534.9994983145,538.5533726592,66.4276201363,-0.0061411354,152,1.2260281748,162.0731531149,594.4169081192,2,0,77.2597719555
daily,AMD,2026-09-08,1530,2028-01-21,1.3698630137,536.8599373866,541.0077050200,77.2597719555,-0.0058411360,148,1.5296366271,174.4014189091,628.0043149447,2,0,77.2597719555
daily,AMD,2026-09-09,1530,2026-09-11,0.0054794521,521.1992078419,521.2157632055,0.3176398456,-0.0918258310,73,0.0665215352,4.5342692835,7.7758258215,2,0,71.1650908928
daily,AMD,2026-09-09,1530,2026-09-14,0.0136986301,521.2532577382,521.2769920696,0.4553320492,-0.0224810882,20,0.1609582016,0.5801578610,1.6319896820,2,0,71.1650908928
daily,AMD,2026-09-09,1530,2026-09-16,0.0191780822,521.5584292988,521.5823001507,0.4576831768,-0.0357199607,30,0.1886334804,0.4003309201,1.8614230872,2,0,71.1650908928
daily,AMD,2026-09-09,1530,2026-09-18,0.0246575342,521.6609326421,521.6973942831,0.6989528784,-0.0282768944,106,0.1112900065,13.7577600846,25.5103754001,2,0,71.1650908928
daily,AMD,2026-09-09,1530,2026-09-21,0.0328767123,521.8585722814,521.9067497477,0.9231900905,-0.0239012143,33,0.1290749766,0.5727598692,2.6321715771,2,0,71.1650908928
daily,AMD,2026-09-09,1530,2026-09-23,0.0383561644,521.7775917689,521.8321381790,1.0453957970,-0.0113249755,38,0.1156511312,0.4495643777,2.1480816373,2,0,71.1650908928
daily,AMD,2026-09-09,1530,2026-09-25,0.0438356164,522.2287133437,522.3077204956,1.5128841043,-0.0259354618,111,0.2022197838,19.7679884563,41.1127000146,2,0,71.1650908928
daily,AMD,2026-09-09,1530,2026-10-02,0.0630136986,522.5310598635,522.6365399509,2.0186376575,-0.0164520868,115,0.2002454238,23.4965509136,40.3316426814,2,0,71.1650908928
daily,AMD,2026-09-09,1530,2026-10-09,0.0821917808,523.1097076712,523.2567339216,2.8106198026,-0.0181663429,123,0.2206832234,19.4123330281,51.1722547604,2,0,71.1650908928
daily,AMD,2026-09-09,1530,2026-10-16,0.1013698630,523.2626819142,523.4239504498,3.0819804495,-0.0103060395,90,0.2484801678,45.7083203067,64.6555202923,2,0,71.1650908928
daily,AMD,2026-09-09,1530,2026-10-23,0.1205479452,523.7172913582,523.9139436942,3.7549330369,-0.0100581942,129,0.2941419676,14.1454975333,58.6801011956,2,0,71.1650908928
daily,AMD,2026-09-09,1530,2026-11-20,0.1972602740,525.3158235209,525.7231573717,7.7540754072,-0.0081770215,104,0.4428439866,48.1001104852,115.1761478713,2,0,71.1650908928
daily,AMD,2026-09-09,1530,2026-12-18,0.2739726027,527.1166098141,527.4955623565,7.1891595793,-0.0068466705,112,0.4794931223,57.4349149709,160.4762917603,2,0,71.1650908928
daily,AMD,2026-09-09,1530,2027-01-15,0.3506849315,528.8591536885,529.5755673231,13.5463975533,-0.0075168523,127,0.3775900857,55.8736808276,194.0607323434,2,0,71.1650908928
daily,AMD,2026-09-09,1530,2027-02-19,0.4465753425,531.4270183622,532.3584466020,17.5269267020,-0.0092780676,111,0.7723850964,42.0602227677,206.4884871457,2,0,71.1650908928
daily,AMD,2026-09-09,1530,2027-03-19,0.5232876712,532.6996688886,533.7939473532,20.5421277409,-0.0071663398,128,0.6072387079,73.2098598261,273.8193087118,2,0,71.1650908928
daily,AMD,2026-09-09,1530,2027-04-16,0.6000000000,534.8027641043,536.0803083280,23.8881380103,-0.0079327238,73,0.7083683161,12.0729209384,88.0462595526,2,0,71.1650908928
daily,AMD,2026-09-09,1530,2027-06-17,0.7698630137,538.9244816307,540.5540485810,30.2373895772,-0.0075880265,147,0.8848892580,89.7496293186,384.5141274245,2,0,71.1650908928
daily,AMD,2026-09-09,1530,2027-09-17,1.0219178082,544.6145664624,547.1197029247,45.9983374769,-0.0069706514,152,1.0508059716,120.7291067833,479.1010248472,2,0,71.1650908928
daily,AMD,2026-09-09,1530,2027-12-17,1.2712328767,550.2539883357,554.0670021529,69.2955234863,-0.0066012132,148,1.4817698633,149.7234533303,573.0038270198,2,0,71.1650908928
daily,AMD,2026-09-09,1530,2028-01-21,1.3671232877,552.4210126734,556.3523218312,71.1650908928,-0.0059559590,147,1.5991022845,159.8623698686,603.3075813477,2,0,71.1650908928
daily,AMD,2026-09-10,1530,2026-09-11,0.0027397260,504.0493798559,504.0599782206,0.2102644130,-0.1611311401,103,0.0626482713,3.7271034399,5.7535483568,2,0,68.1550861469
daily,AMD,2026-09-10,1530,2026-09-14,0.0109589041,504.0496038797,504.0600777359,0.2077941571,-0.0117704485,77,0.0829501832,3.5254959769,5.6041579043,2,0,68.1550861469
daily,AMD,2026-09-10,1530,2026-09-16,0.0164383562,504.2229514275,504.2504967114,0.5462917516,-0.0181435021,81,0.0994618631,2.0104281145,9.8024532473,2,0,68.1550861469
daily,AMD,2026-09-10,1530,2026-09-18,0.0219178082,504.4203498290,504.4631224816,0.8479565213,-0.0233320090,144,0.1243245650,10.4407551688,21.0266801802,2,0,68.1550861469
daily,AMD,2026-09-10,1530,2026-09-21,0.0301369863,505.0557927666,505.1235272319,1.3411283723,-0.0500047642,125,0.1079913721,8.6247515332,30.5614977251,2,0,68.1550861469
daily,AMD,2026-09-10,1530,2026-09-23,0.0356164384,505.2970172746,505.3991438121,2.0211189454,-0.0517751123,128,0.1498299434,5.8209282594,29.1588369691,2,0,68.1550861469
daily,AMD,2026-09-10,1530,2026-09-25,0.0410958904,504.8458539967,504.8955405419,0.9841923992,-0.0155407453,171,0.1420358755,10.3968674142,29.0198216550,2,0,68.1550861469
daily,AMD,2026-09-10,1530,2026-10-02,0.0602739726,505.2276190624,505.3545456510,2.5122654378,-0.0135682709,115,0.2260921382,21.4746494076,35.2693206315,2,0,68.1550861469
daily,AMD,2026-09-10,1530,2026-10-09,0.0794520548,506.1837506650,506.3094643353,2.4835579993,-0.0248714619,119,0.3368323017,23.9708426360,49.2913850174,2,0,68.1550861469
daily,AMD,2026-09-10,1530,2026-10-16,0.0986301370,506.0350215899,506.1901402424,3.0653738556,-0.0099153176,91,0.2452386187,40.1499060218,61.0176068235,2,0,68.1550861469
daily,AMD,2026-09-10,1530,2026-10-23,0.1178082192,506.8356261387,507.0378980844,3.9908786065,-0.0159870820,132,0.2736918212,19.6527111526,58.5070272389,2,0,68.1550861469
daily,AMD,2026-09-10,1530,2026-10-30,0.1369863014,508.4967007963,508.7801623390,5.5745011176,-0.0331405595,48,0.6243408364,9.5318460432,25.8815235099,2,0,68.1550861469
daily,AMD,2026-09-10,1530,2026-11-20,0.1945205479,508.2638391875,508.6055111274,6.7223342196,-0.0097274839,104,0.5853232281,53.1854791970,119.8125054645,2,0,68.1550861469
daily,AMD,2026-09-10,1530,2026-12-18,0.2712328767,509.9564516165,510.4236638348,9.1618062046,-0.0086354391,118,0.4258518052,65.9655021723,160.3481251428,2,0,68.1550861469
daily,AMD,2026-09-10,1530,2027-01-15,0.3479452055,511.5068786374,512.2045674286,13.6398711390,-0.0073833308,121,0.6388404739,66.7633761107,199.8492469055,2,0,68.1550861469
daily,AMD,2026-09-10,1530,2027-02-19,0.4438356164,513.7663853346,514.6346513999,16.9000170127,-0.0081509767,114,0.5897767345,44.9956179930,213.8643456789,2,0,68.1550861469
daily,AMD,2026-09-10,1530,2027-03-19,0.5205479452,515.7119539324,516.9689770205,24.3745191195,-0.0097716943,125,0.7123343938,92.8630255554,284.0173056415,2,0,68.1550861469
daily,AMD,2026-09-10,1530,2027-04-16,0.5972602740,518.0025665052,519.1123231815,21.4237679116,-0.0099403246,73,1.0093232935,16.3266065967,127.3807971828,2,0,68.1550861469
daily,AMD,2026-09-10,1530,2027-06-17,0.7671232877,521.5217244192,523.1625623529,31.4625039944,-0.0083824415,143,0.8327291197,107.1232883531,405.8667379512,2,0,68.1550861469
daily,AMD,2026-09-10,1530,2027-09-17,1.0191780822,527.7845099062,530.2143873183,46.0391952866,-0.0087857018,145,1.0580920135,135.6271829172,520.2078659243,2,0,68.1550861469
daily,AMD,2026-09-10,1530,2027-12-17,1.2684931507,533.9019032534,537.2468791680,62.6515075935,-0.0083591116,146,1.3361976742,172.2681424816,626.8145445164,2,0,68.1550861469
daily,AMD,2026-09-10,1530,2028-01-21,1.3643835616,535.0176122449,538.6640293901,68.1550861469,-0.0064529771,153,1.3116698392,182.8991929274,657.1417508527,2,0,68.1550861469
daily,AMD,2026-09-11,1530,2026-09-14,0.0082191781,516.5230825863,516.5237423529,0.0127732260,0.0381557957,61,0.0816719061,0.0973283485,0.3240017449,2,0,75.0026495150
daily,AMD,2026-09-11,1530,2026-09-16,0.0136986301,516.6258692135,516.6266278110,0.0146836921,0.0239691060,79,0.1028709241,0.6466937165,2.5323839313,2,0,75.0026495150
daily,AMD,2026-09-11,1530,2026-09-18,0.0191780822,516.7744570178,516.7891342093,0.2840154206,0.0118751989,135,0.0761327133,2.9178416236,8.1750027793,2,0,75.0026495150
daily,AMD,2026-09-11,1530,2026-09-21,0.0273972603,516.9744382041,517.0012694067,0.5190044343,0.0050441316,107,0.1172563119,2.0967321978,7.5787299488,2,0,75.0026495150
daily,AMD,2026-09-11,1530,2026-09-23,0.0328767123,517.1245184092,517.1611798151,0.7089473537,0.0013031277,115,0.1538566046,2.2873882718,9.9337316917,2,0,75.0026495150
daily,AMD,2026-09-11,1530,2026-09-25,0.0383561644,517.1782591133,517.2156966226,0.7238801836,0.0039455367,164,0.1481125922,5.5473890522,17.1114945906,2,0,75.0026495150
daily,AMD,2026-09-11,1530,2026-10-02,0.0575342466,517.5782187519,517.6217325337,0.8407189543,0.0020033732,106,0.2548449654,12.6876359507,25.0393145966,2,0,75.0026495150
daily,AMD,2026-09-11,1530,2026-10-09,0.0767123288,517.8334725454,517.9363793526,1.9872567671,0.0033402419,115,0.2420067706,14.3805015110,30.3264887116,2,0,75.0026495150
daily,AMD,2026-09-11,1530,2026-10-16,0.0958904110,518.2058524335,518.3437951815,2.6619295671,0.0023515335,87,0.1729062509,28.8197755381,47.4942034803,2,0,75.0026495150
daily,AMD,2026-09-11,1530,2026-10-23,0.1150684932,518.8448035042,519.0190564263,3.3584787003,-0.0027642384,133,0.3069200173,15.3905755607,50.3884062724,2,0,75.0026495150
daily,AMD,2026-09-11,1530,2026-10-30,0.1342465753,519.0729136697,519.1986211234,2.4217687032,0.0009121366,135,0.2666055396,14.3355766308,58.3680123705,2,0,75.0026495150
daily,AMD,2026-09-11,1530,2026-11-20,0.1917808219,520.6033670507,520.9119555586,5.9275165590,-0.0042473671,110,0.2972430194,46.6125749743,101.8606539619,2,0,75.0026495150
daily,AMD,2026-09-11,1530,2026-12-18,0.2684931507,521.8304830971,522.3292787540,9.5585764543,-0.0015672296,112,0.3335888065,55.1870651017,140.8056537959,2,0,75.0026495150
daily,AMD,2026-09-11,1530,2027-01-15,0.3452054795,523.9403150840,524.5682845377,11.9855150616,-0.0040204817,122,0.3970815227,59.9428695636,183.3928000974,2,0,75.0026495150
daily,AMD,2026-09-11,1530,2027-02-19,0.4410958904,526.0570604103,526.9762140624,17.4725086154,-0.0050057617,112,0.7628003237,39.5761735682,194.1075936475,2,0,75.0026495150
daily,AMD,2026-09-11,1530,2027-03-19,0.5178082192,528.4427215484,529.6494660860,22.8358625903,-0.0080263069,124,0.7960000276,78.5785831317,271.6778903089,2,0,75.0026495150
daily,AMD,2026-09-11,1530,2027-04-16,0.5945205479,530.0568537531,531.2944151345,23.3477102056,-0.0065340470,70,1.0851091279,14.7166807118,112.7452168977,2,0,75.0026495150
daily,AMD,2026-09-11,1530,2027-06-17,0.7643835616,533.7044527525,535.5049031422,33.7349703650,-0.0056397524,144,0.7965350523,95.0304109966,383.7458437152,2,0,75.0026495150
daily,AMD,2026-09-11,1530,2027-09-17,1.0164383562,540.1727492984,542.9176967128,50.8161031437,-0.0067989096,147,0.9905042136,126.6340554398,495.7432414230,2,0,75.0026495150
daily,AMD,2026-09-11,1530,2027-12-17,1.2657534247,546.8700808420,550.2881772505,62.5028965416,-0.0066478303,146,1.4242479840,160.3769773966,602.3333430858,2,0,75.0026495150
daily,AMD,2026-09-11,1530,2028-01-21,1.3616438356,548.4936499099,552.6074976085,75.0026495150,-0.0058844330,147,1.4834336057,171.2079404510,636.5705579526,2,0,75.0026495150
daily,DIA,2026-08-14,1530,2026-08-21,0.0191780822,536.7948511812,536.7968983811,0.0381374735,0.0342548100,99,0.0382304719,0.4761063957,1.4081498211,2,1,49.4552795571
daily,DIA,2026-08-14,1530,2026-08-28,0.0383561644,537.0515250386,537.0721708381,0.3844286546,0.0226808233,98,0.0335494066,1.0961501261,5.3972218835,2,1,49.4552795571
daily,DIA,2026-08-14,1530,2026-09-04,0.0575342466,537.5010897087,537.5635165119,1.1614265418,0.0118397297,120,0.0405851200,1.2010157783,14.7666871800,2,1,49.4552795571
daily,DIA,2026-08-14,1530,2026-09-11,0.0767123288,537.8273982296,537.9286198645,1.8820468283,0.0094889658,132,0.0498900367,1.3752975767,16.3723592689,2,1,49.4552795571
daily,DIA,2026-08-14,1530,2026-09-18,0.0958904110,537.6774529570,537.7471154738,1.2956190819,0.0186680444,116,0.0899618286,3.4085194548,12.8893777674,2,1,49.4552795571
daily,DIA,2026-08-14,1530,2026-09-25,0.1150684932,537.6528345587,537.7225506502,1.2966748607,0.0222452189,150,0.0753639727,1.6662765982,12.2709741795,2,1,49.4552795571
daily,DIA,2026-08-14,1530,2026-09-30,0.1287671233,537.7885487266,537.8499172210,1.1411268337,0.0220712695,187,0.0851485445,0.9939252261,19.2718818593,2,1,49.4552795571
daily,DIA,2026-08-14,1530,2026-10-02,0.1342465753,538.0050944288,538.1049196403,1.8554696320,0.0192109502,150,0.0939352267,1.6447971395,16.9236188941,2,1,49.4552795571
daily,DIA,2026-08-14,1530,2026-10-16,0.1726027397,538.6860308433,538.8402306616,2.8625174866,0.0156193710,125,0.1333652720,5.8014317164,30.2728323267,2,1,49.4552795571
daily,DIA,2026-08-14,1530,2026-12-18,0.3452054795,541.4977616281,541.9536549676,8.4191177094,0.0107000334,172,0.1959406544,11.0644645418,68.4881546334,2,1,49.4552795571
daily,DIA,2026-08-14,1530,2026-12-31,0.3808219178,541.5519926594,542.0391051279,8.9947498140,0.0130210697,258,0.1778362290,3.3810395540,66.1153583131,2,1,49.4552795571
daily,DIA,2026-08-14,1530,2027-01-15,0.4219178082,542.8272219071,543.3890296978,10.3496613306,0.0097480497,100,0.1830594855,6.9205133956,87.9770350422,2,1,49.4552795571
daily,DIA,2026-08-14,1530,2027-03-19,0.5945205479,545.7315041309,546.7786529162,19.1879848850,0.0079364839,90,0.2079176670,10.7743203135,113.3598123595,2,1,49.4552795571
daily,DIA,2026-08-14,1530,2027-03-31,0.6273972603,545.7091768637,546.6617033956,17.4548380770,0.0099139110,215,0.1949479631,3.0118444063,119.6000057034,2,1,49.4552795571
daily,DIA,2026-08-14,1530,2027-06-17,0.8410958904,549.6348829977,551.2716902587,29.7799013776,0.0073618762,125,0.2587632608,9.5172136034,171.2153911609,2,1,49.4552795571
daily,DIA,2026-08-14,1530,2027-06-30,0.8767123288,549.9008608277,551.4236075051,27.6912946645,0.0083396300,240,0.3806975557,20.6253124470,172.0983975702,2,1,49.4552795571
daily,DIA,2026-08-14,1530,2027-12-17,1.3424657534,558.4676833527,560.8613917318,42.8620751103,0.0073735539,147,0.3786143819,40.5824411782,303.3676419823,2,1,49.4552795571
daily,DIA,2026-08-14,1530,2028-01-21,1.4383561644,559.9019483541,562.6709590922,49.4552795571,0.0075097384,147,0.4311664870,44.2694360582,329.5990796473,2,1,49.4552795571
daily,DIA,2026-08-17,1530,2026-08-21,0.0109589041,534.3601493141,534.3601493141,0.0000000000,0.0378136347,125,0.0608708666,0.0810857090,0.5170824381,2,1,51.3994958615
daily,DIA,2026-08-17,1530,2026-08-28,0.0301369863,534.6006846047,534.6137368783,0.2441499593,0.0220867320,102,0.0243427868,1.0881291459,2.8950865755,2,1,51.3994958615
daily,DIA,2026-08-17,1530,2026-09-04,0.0493150685,534.9768210870,535.0195331592,0.7983910808,0.0128267432,114,0.0437896311,1.4187842874,7.4699153488,2,1,51.3994958615
daily,DIA,2026-08-17,1530,2026-09-11,0.0684931507,535.3033736076,535.3730235318,1.3011299315,0.0101870964,128,0.0562282491,1.4216192028,11.1124713786,2,1,51.3994958615
daily,DIA,2026-08-17,1530,2026-09-18,0.0876712329,535.1036558539,535.1568772572,0.9945998830,0.0208486813,118,0.1012850079,3.2760020272,10.7596024223,2,1,51.3994958615
daily,DIA,2026-08-17,1530,2026-09-25,0.1068493151,535.1105456128,535.1589828713,0.9051822830,0.0239000468,156,0.0796043163,1.3816160743,10.2552150391,2,1,51.3994958615
daily,DIA,2026-08-17,1530,2026-09-30,0.1205479452,535.2603039821,535.3195257358,1.1064103439,0.0230202971,180,0.0805638804,1.1032221951,14.1924412883,2,1,51.3994958615
daily,DIA,2026-08-17,1530,2026-10-02,0.1260273973,535.4114936986,535.4836876501,1.3483825499,0.0212410300,148,0.0909411674,1.7419363582,13.1511024155,2,1,51.3994958615
daily,DIA,2026-08-17,1530,2026-10-16,0.1643835616,536.0879938501,536.2301820651,2.6523297784,0.0167220312,124,0.1118214793,7.0798112338,26.6131142146,2,1,51.3994958615
daily,DIA,2026-08-17,1530,2026-12-18,0.3369863014,538.8881131012,539.3198419721,8.0114751170,0.0111476363,167,0.2183614418,11.2955132592,65.3722485626,2,1,51.3994958615
daily,DIA,2026-08-17,1530,2026-12-31,0.3726027397,539.0834963101,539.5491909020,8.6386356684,0.0127869678,258,0.1901839817,3.3820979810,65.4499138944,2,1,51.3994958615
daily,DIA,2026-08-17,1530,2027-01-15,0.4136986301,540.0048448494,540.5719656555,10.5021429257,0.0109358182,102,0.2534282584,10.8719689952,82.2579709290,2,1,51.3994958615
daily,DIA,2026-08-17,1530,2027-03-19,0.5863013699,543.1999165078,544.0982674321,16.5381270699,0.0083968641,92,0.2314525423,9.9486655610,112.4724800216,2,1,51.3994958615
daily,DIA,2026-08-17,1530,2027-03-31,0.6191780822,543.3196168780,544.2426428494,16.9886369403,0.0096307210,214,0.2191151505,3.1420433411,120.0228905828,2,1,51.3994958615
daily,DIA,2026-08-17,1530,2027-06-17,0.8328767123,547.3080478329,548.8711773773,28.5603244945,0.0071791327,122,0.2252682062,8.8446831042,171.9437248212,2,1,51.3994958615
daily,DIA,2026-08-17,1530,2027-06-30,0.8684931507,547.6760374379,549.1931077737,27.7001408146,0.0078378317,236,0.4014519711,21.9465037107,174.0155173499,2,1,51.3994958615
daily,DIA,2026-08-17,1530,2027-12-17,1.3342465753,555.6709995993,558.3118714864,47.5258181379,0.0074679098,143,0.4678457345,43.0141714765,303.9896847519,2,1,51.3994958615
daily,DIA,2026-08-17,1530,2028-01-21,1.4301369863,557.2527691934,560.1170203338,51.3994958615,0.0075993165,153,0.3422807083,46.7111527588,330.6541205654,2,1,51.3994958615
daily,DIA,2026-08-18,1530,2026-08-21,0.0082191781,533.3100964270,533.3072459058,-0.0534496024,0.0578573674,90,0.6906361970,0.0282606503,1.2654723863,2,1,53.5724798956
daily,DIA,2026-08-18,1530,2026-08-28,0.0273972603,533.6235738141,533.6380672124,0.2716034103,0.0212099319,92,0.0398291090,1.1531366472,2.4891174053,2,1,53.5724798956
daily,DIA,2026-08-18,1530,2026-09-04,0.0465753425,534.0500881962,534.0913329619,0.7723014496,0.0098281313,116,0.0484237035,1.4986658980,7.3194732106,2,1,53.5724798956
daily,DIA,2026-08-18,1530,2026-09-11,0.0657534247,534.3283007742,534.3967015038,1.2801255245,0.0093050750,126,0.0605798249,1.4818117371,10.6506506348,2,1,53.5724798956
daily,DIA,2026-08-18,1530,2026-09-18,0.0849315068,534.1537017397,534.2077704598,1.0122314970,0.0199116432,114,0.1089492921,3.9087633379,10.6934363779,2,1,53.5724798956
daily,DIA,2026-08-18,1530,2026-09-25,0.1041095890,534.1314209098,534.1827247259,0.9605092312,0.0237040552,144,0.0963779190,1.7454454917,9.3287616835,2,1,53.5724798956
daily,DIA,2026-08-18,1530,2026-09-30,0.1178082192,534.2555935215,534.3195786209,1.1976495920,0.0231983057,190,0.0836072819,1.0365778729,13.0579850967,2,1,53.5724798956
daily,DIA,2026-08-18,1530,2026-10-02,0.1232876712,534.4521079300,534.5372029890,1.5921924114,0.0205556501,150,0.0688805810,1.7688937480,13.2569385234,2,1,53.5724798956
daily,DIA,2026-08-18,1530,2026-10-16,0.1616438356,535.1381139861,535.2787456763,2.6279512993,0.0162513458,127,0.1254445632,6.5429139183,25.9296764706,2,1,53.5724798956
daily,DIA,2026-08-18,1530,2026-12-18,0.3342465753,537.8877355753,538.3086222819,7.8248057870,0.0112150251,166,0.2267374742,11.6122736568,63.7379708910,2,1,53.5724798956
daily,DIA,2026-08-18,1530,2026-12-31,0.3698630137,537.9309854974,538.3762356079,8.2770861400,0.0136512536,256,0.1861807182,3.6222389232,63.4188112681,2,1,53.5724798956
daily,DIA,2026-08-18,1530,2027-01-15,0.4109589041,538.9208237896,539.5428818714,11.5426618222,0.0110229330,106,0.2743084801,8.7629020973,81.2905439366,2,1,53.5724798956
daily,DIA,2026-08-18,1530,2027-03-19,0.5835616438,541.8417069099,542.9438925076,20.3414684339,0.0088463613,91,0.2215943928,10.9326485532,110.1256382954,2,1,53.5724798956
daily,DIA,2026-08-18,1530,2027-03-31,0.6164383562,541.8697497786,542.8042200896,17.2452939361,0.0109307960,217,0.2284805360,3.0166789478,116.6337708068,2,1,53.5724798956
daily,DIA,2026-08-18,1530,2027-06-17,0.8301369863,546.4417724520,547.8423934284,25.6316600776,0.0073112656,121,0.2516990163,11.8979277355,172.3442609718,2,1,53.5724798956
daily,DIA,2026-08-18,1530,2027-06-30,0.8657534247,546.3919151349,547.8744197474,27.1326235152,0.0085928042,238,0.4031097605,21.8299210199,172.4407697795,2,1,53.5724798956
daily,DIA,2026-08-18,1530,2027-12-17,1.3315068493,554.8028172235,557.7731185442,53.5379639125,0.0069596180,146,0.4679833389,39.6725393513,306.6777156832,2,1,53.5724798956
daily,DIA,2026-08-18,1530,2028-01-21,1.4273972603,556.1965810606,559.1762640763,53.5724798956,0.0076398623,149,0.5216045144,47.9512041366,332.1674020960,2,1,53.5724798956
daily,DIA,2026-08-19,1530,2026-08-21,0.0054794521,533.7251499394,533.7109285725,-0.2664548752,0.0955434954,86,1.5422741908,0.0163615049,2.0466383159,2,3,53.0935967667
daily,DIA,2026-08-19,1530,2026-08-28,0.0246575342,534.0764663171,534.0873878192,0.2044932293,0.0219885442,87,0.0311210254,1.4426305988,2.9646546792,2,3,53.0935967667
daily,DIA,2026-08-19,1530,2026-09-04,0.0438356164,534.5525663371,534.5916638913,0.7314070997,0.0073505609,112,0.0449022382,1.5898418805,11.7655120224,2,3,53.0935967667
daily,DIA,2026-08-19,1530,2026-09-11,0.0630136986,534.8544047250,534.9211729572,1.2483440656,0.0068207604,124,0.0524000918,1.5548250771,14.6608463669,2,3,53.0935967667
daily,DIA,2026-08-19,1530,2026-09-18,0.0821917808,534.6770970148,534.7326389662,1.0387942879,0.0183240427,110,0.0925733113,4.2850082943,13.0604154650,2,3,53.0935967667
daily,DIA,2026-08-19,1530,2026-09-25,0.1013698630,534.6312261752,534.6839339823,0.9858722161,0.0228812663,147,0.0872670410,1.5233644656,13.0186301509,2,3,53.0935967667
daily,DIA,2026-08-19,1530,2026-09-30,0.1150684932,534.7281532817,534.7934494619,1.2211098260,0.0228596104,184,0.0672673108,1.1485898735,15.3467072378,2,3,53.0935967667
daily,DIA,2026-08-19,1530,2026-10-02,0.1205479452,534.9794426591,535.0573194718,1.4556972939,0.0194398828,143,0.0824356725,1.9154406365,16.2186991544,2,3,53.0935967667
daily,DIA,2026-08-19,1530,2026-10-16,0.1589041096,535.6348472496,535.7855886564,2.8142569059,0.0155980460,124,0.1104969731,7.4115348571,28.0457536563,2,3,53.0935967667
daily,DIA,2026-08-19,1530,2026-12-18,0.3315068493,538.5072297507,538.9137769146,7.5495209990,0.0102384845,166,0.1992239036,11.5952866323,66.7588608403,2,3,53.0935967667
daily,DIA,2026-08-19,1530,2026-12-31,0.3671232877,539.0461419699,539.5243361351,8.8711174788,0.0100288288,256,0.1779634557,4.1580629609,69.6288849763,2,3,53.0935967667
daily,DIA,2026-08-19,1530,2027-01-15,0.4082191781,539.9963661624,540.8695988688,16.1710848659,0.0069399566,88,0.1733162756,9.7693934642,88.1834536492,2,3,53.0935967667
daily,DIA,2026-08-19,1530,2027-03-19,0.5808219178,542.9666994771,544.0421874184,19.8076225008,0.0066864058,91,0.1653656452,13.9337152838,115.4689671522,2,3,53.0935967667
daily,DIA,2026-08-19,1530,2027-03-31,0.6136986301,543.0091969367,543.8730578101,15.9087705742,0.0089780144,218,0.2257333617,3.0745335285,121.7692423457,2,3,53.0935967667
daily,DIA,2026-08-19,1530,2027-06-17,0.8273972603,547.3611302359,548.8661352571,27.4956502753,0.0059466913,113,0.2217993919,12.9248394125,174.7091911195,2,3,53.0935967667
daily,DIA,2026-08-19,1530,2027-06-30,0.8630136986,547.4845990995,548.9727150597,27.1809647743,0.0071273237,239,0.4071756754,22.4464371283,175.6099413042,2,3,53.0935967667
daily,DIA,2026-08-19,1530,2027-12-17,1.3287671233,555.3239765838,558.2723913126,53.0935967667,0.0067896792,144,0.4331884195,44.0100494814,305.7446752987,2,3,53.0935967667
daily,DIA,2026-08-19,1530,2028-01-21,1.4246575342,556.7206003025,559.6419984528,52.4751221471,0.0075176316,149,0.4129652875,47.2051414467,330.7863561000,2,3,53.0935967667
daily,DIA,2026-08-20,1530,2026-08-21,0.0027397260,527.6000103128,527.5790838228,-0.3966355116,0.2111922040,73,2.8002030258,0.0060018925,3.2997261043,2,0,56.8594059774
daily,DIA,2026-08-20,1530,2026-08-28,0.0219178082,527.9766300104,527.9835974410,0.1319647542,0.0243649229,94,0.0390100581,0.9355618567,1.5704674875,2,0,56.8594059774
daily,DIA,2026-08-20,1530,2026-09-04,0.0410958904,528.4013932332,528.4419040747,0.7666679528,0.0094469038,117,0.0503962303,2.1586509688,6.3109977042,2,0,56.8594059774
daily,DIA,2026-08-20,1530,2026-09-11,0.0602739726,528.7027255289,528.7683754637,1.2417173515,0.0081706638,128,0.0766916448,2.1825224186,9.7229747367,2,0,56.8594059774
daily,DIA,2026-08-20,1530,2026-09-18,0.0794520548,528.4483527316,528.5004246413,0.9853736775,0.0216635131,115,0.1012370012,4.5876620902,9.3637162817,2,0,56.8594059774
daily,DIA,2026-08-20,1530,2026-09-25,0.0986301370,528.4516731407,528.4979189370,0.8751187406,0.0248057048,149,0.0943842759,2.0878092729,9.7937767136,2,0,56.8594059774
daily,DIA,2026-08-20,1530,2026-09-30,0.1123287671,528.5523289909,528.6073640502,1.0412414493,0.0245165810,180,0.0940971056,1.2436226158,11.9300849056,2,0,56.8594059774
daily,DIA,2026-08-20,1530,2026-10-02,0.1178082192,528.7555514732,528.8250171921,1.3137586670,0.0216284656,149,0.0792555398,2.2953727863,11.9855069987,2,0,56.8594059774
daily,DIA,2026-08-20,1530,2026-10-16,0.1561643836,529.4586074408,529.5920764928,2.5208590454,0.0165584198,123,0.0969684446,8.8613657606,25.1195654812,2,0,56.8594059774
daily,DIA,2026-08-20,1530,2026-11-20,0.2520547945,531.1961612603,531.5073091469,5.8574950152,0.0108690756,80,0.2064272375,8.1497600077,39.5832642517,2,0,56.8594059774
daily,DIA,2026-08-20,1530,2026-12-18,0.3287671233,532.2282416069,532.6451846044,7.8339134399,0.0109214301,164,0.2198994835,16.0007152356,64.2322088711,2,0,56.8594059774
daily,DIA,2026-08-20,1530,2026-12-31,0.3643835616,533.4005558897,533.9935077592,11.1164464111,0.0068053571,256,0.1709043136,4.8537225345,73.0945779653,2,0,56.8594059774
daily,DIA,2026-08-20,1530,2027-01-15,0.4054794521,534.0126275863,534.7362824836,13.5512693881,0.0067359097,93,0.1448466066,8.9511209092,87.3396382925,2,0,56.8594059774
daily,DIA,2026-08-20,1530,2027-03-19,0.5780821918,536.9057210330,538.2901054220,25.7844968824,0.0052249290,94,0.1537481306,14.7587655325,117.7683204726,2,0,56.8594059774
daily,DIA,2026-08-20,1530,2027-03-31,0.6109589041,537.3867257469,538.3792693263,18.4698194389,0.0068357173,208,0.2314779843,3.7524275681,126.1526413114,2,0,56.8594059774
daily,DIA,2026-08-20,1530,2027-06-17,0.8246575342,541.2913638006,542.7082866652,26.1767129368,0.0057692194,111,0.1921676915,17.1049916231,179.4674677320,2,0,56.8594059774
daily,DIA,2026-08-20,1530,2027-06-30,0.8602739726,541.2253531158,542.6905891044,27.0725674664,0.0072324649,236,0.3984471465,25.9401957139,179.5591449149,2,0,56.8594059774
daily,DIA,2026-08-20,1530,2027-12-17,1.3260273973,548.9926078947,551.5949858014,47.4027859272,0.0072685481,147,0.4240594943,48.9247334792,306.1782010797,2,0,56.8594059774
daily,DIA,2026-08-20,1530,2028-01-21,1.4219178082,549.8987622807,553.0254539778,56.8594059774,0.0078681807,144,0.4974957357,52.4777934868,331.3761786357,2,0,56.8594059774
daily,DIA,2026-08-21,1530,2026-08-28,0.0191780822,533.0003639292,533.0330710686,0.6136419712,-0.0064007754,99,0.0224688143,3.6205824312,5.2745017732,2,1,53.9587210383
daily,DIA,2026-08-21,1530,2026-09-04,0.0383561644,533.4513834342,533.5236708504,1.3550891126,-0.0082159003,113,0.0341434918,2.8317595107,10.6384016170,2,1,53.9587210383
daily,DIA,2026-08-21,1530,2026-09-11,0.0575342466,533.8061184618,533.9014025680,1.7849946437,-0.0051322576,126,0.0497218341,2.2830912736,14.2829034577,2,1,53.9587210383
daily,DIA,2026-08-21,1530,2026-09-18,0.0767123288,533.5265301722,533.6133159909,1.6266448580,0.0126713177,101,0.0568779951,5.5391100911,13.3667024985,2,1,53.9587210383
daily,DIA,2026-08-21,1530,2026-09-25,0.0958904110,533.5287243655,533.6004638318,1.3446223794,0.0178610058,138,0.0958497875,2.1842846276,11.9995071270,2,1,53.9587210383
daily,DIA,2026-08-21,1530,2026-09-30,0.1095890411,533.6317298092,533.7196881571,1.6482968102,0.0182063592,172,0.0520842070,1.3150997876,15.5895051838,2,1,53.9587210383
daily,DIA,2026-08-21,1530,2026-10-02,0.1150684932,533.8536929530,533.9427615368,1.6684081234,0.0154665774,144,0.0896111572,2.3945738263,15.6265758065,2,1,53.9587210383
daily,DIA,2026-08-21,1530,2026-10-16,0.1534246575,534.5589994796,534.7177180908,2.9691504835,0.0116243927,122,0.1155962540,9.3297426578,35.4821227346,2,1,53.9587210383
daily,DIA,2026-08-21,1530,2026-11-20,0.2493150685,536.3318251968,536.6746588179,6.3921923890,0.0077767146,85,0.1971253561,7.0167971130,42.1603213041,2,1,53.9587210383
daily,DIA,2026-08-21,1530,2026-12-18,0.3260273973,537.3670284777,537.8231088886,8.4873166150,0.0084992474,155,0.1987198431,13.0595273312,66.3862317555,2,1,53.9587210383
daily,DIA,2026-08-21,1530,2026-12-31,0.3616438356,537.6394064732,538.1493443886,9.4847570551,0.0098902603,267,0.1611929539,3.2669561392,68.2411409080,2,1,53.9587210383
daily,DIA,2026-08-21,1530,2027-01-15,0.4027397260,538.5551037234,539.1725913182,11.4656344446,0.0082402250,103,0.1099329401,8.6047148887,85.1574750601,2,1,53.9587210383
daily,DIA,2026-08-21,1530,2027-03-19,0.5753424658,540.8437635091,541.7687019706,17.1017680874,0.0093558649,89,0.1832403294,13.0405425835,108.6725847528,2,1,53.9587210383
daily,DIA,2026-08-21,1530,2027-03-31,0.6082191781,540.8807962708,541.6912003331,14.9830437287,0.0112241341,216,0.2407253874,2.9493399414,115.1049767442,2,1,53.9587210383
daily,DIA,2026-08-21,1530,2027-06-17,0.8219178082,544.7338639087,546.3216137849,29.1472585316,0.0082374166,113,0.3000739321,14.6690111693,165.2762638512,2,1,53.9587210383
daily,DIA,2026-08-21,1530,2027-06-30,0.8575342466,545.2206234813,546.6405931863,26.0439470529,0.0088579904,240,0.3884273550,21.4292754741,167.9721240896,2,1,53.9587210383
daily,DIA,2026-08-21,1530,2027-12-17,1.3232876712,554.1980600002,556.7294437490,45.6765176839,0.0068325095,140,0.3997996503,53.9206405619,304.5778403064,2,1,53.9587210383
daily,DIA,2026-08-21,1530,2028-01-21,1.4191780822,555.7084949814,558.7070269474,53.9587210383,0.0068184555,141,0.4110292535,58.3614051911,332.1466401682,2,1,53.9587210383
daily,DIA,2026-08-24,1538,2026-08-28,0.0109589041,533.1250519818,533.1467452937,0.4069085067,-0.0180019753,80,0.0226582717,3.0646365355,3.6866192402,2,1,58.2722291568
daily,DIA,2026-08-24,1538,2026-09-04,0.0301369863,533.5512012161,533.6078441713,1.0616217350,-0.0110886162,111,0.0399723938,2.0473253975,8.6223950857,2,1,58.2722291568
daily,DIA,2026-08-24,1538,2026-09-11,0.0493150685,533.8775749713,533.9623855927,1.5885780829,-0.0054909462,124,0.0481462756,1.8199785431,12.3738627637,2,1,58.2722291568
daily,DIA,2026-08-24,1538,2026-09-18,0.0684931507,533.6266262049,533.6871409184,1.1340272487,0.0141972725,131,0.0554330795,2.3810607209,11.5023891892,2,1,58.2722291568
daily,DIA,2026-08-24,1538,2026-09-25,0.0876712329,533.5785785829,533.6329501359,1.0189980471,0.0205175457,140,0.0593982225,1.6637893257,10.9645950139,2,1,58.2722291568
daily,DIA,2026-08-24,1538,2026-09-30,0.1013698630,533.6775897414,533.7485594507,1.3298236725,0.0205988562,168,0.0683436936,1.2300182938,14.1921052643,2,1,58.2722291568
daily,DIA,2026-08-24,1538,2026-10-02,0.1068493151,533.9056557505,533.9883582237,1.5490091240,0.0172326983,141,0.0862509200,1.9426418269,14.6310492017,2,1,58.2722291568
daily,DIA,2026-08-24,1538,2026-10-16,0.1452054795,534.6142930508,534.7548365463,2.6288765055,0.0127924630,127,0.1090487140,7.4153010817,27.6512561365,2,1,58.2722291568
daily,DIA,2026-08-24,1538,2026-11-20,0.2410958904,536.4224078722,536.7617018139,6.3251261840,0.0079748972,89,0.2236602698,6.4653801126,42.5062364058,2,1,58.2722291568
daily,DIA,2026-08-24,1538,2026-12-18,0.3178082192,537.4668714378,537.8896485606,7.8661057145,0.0089292252,158,0.1810358973,13.7159656286,66.6700831126,2,1,58.2722291568
daily,DIA,2026-08-24,1538,2026-12-31,0.3534246575,537.7142167395,538.1859886427,8.7736550102,0.0104548832,262,0.1700959467,3.1359852043,67.5390095619,2,1,58.2722291568
daily,DIA,2026-08-24,1538,2027-01-15,0.3945205479,538.7548499714,539.3305277309,10.6853378593,0.0081317295,99,0.1193999787,8.3836350758,84.6535752502,2,1,58.2722291568
daily,DIA,2026-08-24,1538,2027-03-19,0.5671232877,542.2448543678,543.2947291906,19.3616373550,0.0049660416,88,0.1643200585,14.5624768325,117.7866382858,2,1,58.2722291568
daily,DIA,2026-08-24,1538,2027-03-31,0.6000000000,542.4575642214,543.5086425686,19.3762317389,0.0062681311,209,0.2076419645,3.3340762845,126.3452751937,2,1,58.2722291568
daily,DIA,2026-08-24,1538,2027-06-17,0.8136986301,546.1547689459,547.7243982150,28.7396422838,0.0058159113,109,0.2147573170,20.1760115134,175.1680983976,2,1,58.2722291568
daily,DIA,2026-08-24,1538,2027-06-30,0.8493150685,546.4638858667,547.9752317699,27.6568304376,0.0067398307,243,0.3770873521,22.8822598862,176.9332025991,2,1,58.2722291568
daily,DIA,2026-08-24,1538,2027-12-17,1.3150684932,554.5217913149,557.2911966730,49.9422277268,0.0067345320,144,0.3742382597,60.9551194750,308.5352933870,2,1,58.2722291568
daily,DIA,2026-08-24,1538,2028-01-21,1.4109589041,555.9624422710,559.2021593549,58.2722291568,0.0068396406,145,0.3848762763,58.5660835821,335.8354149611,2,1,58.2722291568
daily,DIA,2026-08-25,1530,2026-08-28,0.0082191781,535.4407589740,535.4694869251,0.5365290289,-0.0370482615,82,0.0103804892,3.3480103341,3.9442342563,2,1,52.2655800923
daily,DIA,2026-08-25,1530,2026-09-04,0.0273972603,535.8998962774,535.9679386750,1.2696848441,-0.0185879868,105,0.0311764025,2.1362680199,9.2337878888,2,1,52.2655800923
daily,DIA,2026-08-25,1530,2026-09-11,0.0465753425,536.2504409811,536.3380658295,1.6340284635,-0.0101752688,119,0.0394655021,1.7550305667,13.0631749710,2,1,52.2655800923
daily,DIA,2026-08-25,1530,2026-09-18,0.0657534247,536.0024911503,536.0565748686,1.0090199056,0.0118129484,129,0.0490740314,2.0526251768,12.1689075611,2,1,52.2655800923
daily,DIA,2026-08-25,1530,2026-09-25,0.0849315068,535.9530579589,536.0080460114,1.0259863567,0.0187557871,140,0.0679539381,1.5446453710,11.0493671847,2,1,52.2655800923
daily,DIA,2026-08-25,1530,2026-09-30,0.0986301370,536.0790136384,536.1465850245,1.2604743765,0.0187311532,163,0.0559005489,1.1884798311,14.8901502139,2,1,52.2655800923
daily,DIA,2026-08-25,1530,2026-10-02,0.1041095890,536.2800229598,536.3675441289,1.6320050232,0.0157582859,145,0.0619548329,1.8374911351,14.3344931901,2,1,52.2655800923
daily,DIA,2026-08-25,1530,2026-10-16,0.1424657534,537.0107965497,537.1612859886,2.8023540652,0.0113273226,120,0.0964691542,7.7036659455,27.4959405430,2,1,52.2655800923
daily,DIA,2026-08-25,1530,2026-11-20,0.2383561644,538.8602081194,539.1787905785,5.9121541042,0.0068964139,87,0.1985834381,5.5580814800,42.7757613694,2,1,52.2655800923
daily,DIA,2026-08-25,1530,2026-12-18,0.3150684932,539.8719292121,540.3240975296,8.3754737577,0.0081051415,157,0.1979102213,12.4851552155,65.5798795122,2,1,52.2655800923
daily,DIA,2026-08-25,1530,2026-12-31,0.3506849315,540.1445489768,540.6276889071,8.9446414152,0.0097201828,262,0.1706049964,3.1416770491,66.8971426797,2,1,52.2655800923
daily,DIA,2026-08-25,1530,2027-01-15,0.3917808219,540.8391569668,541.6151352669,14.3476723195,0.0082530622,99,0.1887342735,8.8230885178,82.8206034408,2,1,52.2655800923
daily,DIA,2026-08-25,1530,2027-03-19,0.5643835616,543.6042327616,544.6904676709,19.9820907156,0.0080427510,88,0.1999115669,12.3596762791,109.2753687678,2,1,52.2655800923
daily,DIA,2026-08-25,1530,2027-03-31,0.5972602740,543.8818974359,544.8283756418,17.4022744716,0.0094220907,214,0.1969401382,2.9765134506,117.5945417121,2,1,52.2655800923
daily,DIA,2026-08-25,1530,2027-06-17,0.8109589041,548.1775601045,549.4179115286,22.6268186525,0.0073468456,112,0.2540736050,14.1091325450,167.3889533909,2,1,52.2655800923
daily,DIA,2026-08-25,1530,2027-06-30,0.8465753425,548.4893883360,550.0168554003,27.8486165241,0.0074672882,238,0.3761607037,21.4998859447,170.3053200268,2,1,52.2655800923
daily,DIA,2026-08-25,1530,2027-12-17,1.3123287671,556.8948740632,559.5319175482,47.3526262832,0.0069602406,140,0.3752357602,57.6251523022,302.8648549511,2,1,52.2655800923
daily,DIA,2026-08-25,1530,2028-01-21,1.4082191781,558.2852288327,561.2031389669,52.2655800923,0.0073562510,146,0.4301191371,55.7031412699,328.7326838157,2,1,52.2655800923
daily,DIA,2026-08-26,1530,2026-08-28,0.0054794521,534.3550736125,534.3702052946,0.2831765400,-0.0442150718,71,0.0277576108,2.4884042000,2.8622140582,2,1,50.6556969538
daily,DIA,2026-08-26,1530,2026-09-04,0.0246575342,534.7757234277,534.8332807176,1.0762883835,-0.0155246171,96,0.0347614148,3.8904708543,7.9796991644,2,1,50.6556969538
daily,DIA,2026-08-26,1530,2026-09-11,0.0438356164,535.1268675879,535.1949205018,1.2717155139,-0.0075979589,113,0.0489749364,2.0161306467,11.8631119619,2,1,50.6556969538
daily,DIA,2026-08-26,1530,2026-09-18,0.0630136986,534.8770888250,534.9339740674,1.0635198924,0.0139701748,126,0.0595456066,2.2053344783,10.8965650908,2,1,50.6556969538
daily,DIA,2026-08-26,1530,2026-09-25,0.0821917808,534.8275697982,534.8799391846,0.9791826243,0.0207686427,132,0.0641982742,1.3921067717,9.2126269047,2,1,50.6556969538
daily,DIA,2026-08-26,1530,2026-09-30,0.0958904110,534.9283583544,534.9927520877,1.2037823809,0.0209628284,162,0.0710818321,1.2903296765,12.5108052187,2,1,50.6556969538
daily,DIA,2026-08-26,1530,2026-10-02,0.1013698630,535.1601669673,535.2353677503,1.4052014254,0.0173810598,147,0.0594070326,1.7320287256,12.8216878567,2,1,50.6556969538
daily,DIA,2026-08-26,1530,2026-10-16,0.1397260274,535.9100557636,536.0422936172,2.4675382023,0.0122006055,116,0.0936426906,7.3525497639,25.8585575700,2,1,50.6556969538
daily,DIA,2026-08-26,1530,2026-11-20,0.2356164384,537.7083487970,538.0246696306,5.8827584576,0.0075054961,86,0.2121257603,5.8942387109,40.4388985615,2,1,50.6556969538
daily,DIA,2026-08-26,1530,2026-12-18,0.3123287671,538.7063970079,539.1418906844,8.0840635804,0.0086956446,161,0.1861592290,12.3762450461,64.4464061747,2,1,50.6556969538
daily,DIA,2026-08-26,1530,2026-12-31,0.3479452055,539.0171119911,539.4885243329,8.7457769194,0.0100148886,259,0.1653049572,3.0139129495,65.5168539978,2,1,50.6556969538
daily,DIA,2026-08-26,1530,2027-01-15,0.3890410959,539.9238517598,540.5140228061,10.9306348376,0.0083052188,95,0.1529558375,8.8400675624,79.5449870853,2,1,50.6556969538
daily,DIA,2026-08-26,1530,2027-03-19,0.5616438356,542.8623932156,543.9862274153,20.7020087171,0.0066839016,85,0.1942843980,13.1631389494,111.4002182144,2,1,50.6556969538
daily,DIA,2026-08-26,1530,2027-03-31,0.5945205479,543.1220982245,544.2453162923,20.6807653645,0.0077421273,209,0.1957435060,3.0370815392,119.6867938968,2,1,50.6556969538
daily,DIA,2026-08-26,1530,2027-06-17,0.8082191781,546.8736722304,548.1480102353,23.3022372359,0.0075108450,114,0.2542332239,14.3341719429,166.0611456662,2,1,50.6556969538
daily,DIA,2026-08-26,1530,2027-06-30,0.8438356164,547.2171756630,548.6354735722,25.9183734041,0.0078415509,241,0.3706236576,21.4094068355,168.6999216731,2,1,50.6556969538
daily,DIA,2026-08-26,1530,2027-12-17,1.3095890411,555.2347042477,557.6622297046,43.7207083476,0.0074583581,138,0.4040940909,57.0206296640,297.4395088345,2,1,50.6556969538
daily,DIA,2026-08-26,1530,2028-01-21,1.4054794521,556.5428387018,559.3620452397,50.6556969538,0.0076876714,144,0.4688342607,54.9878896735,323.4889842205,2,1,50.6556969538
daily,DIA,2026-08-27,1530,2026-08-28,0.0027397260,536.3350348224,536.3473113608,0.2288968213,-0.0895543010,50,0.0159959515,1.1267829981,3.0774395703,2,2,48.8147301964
daily,DIA,2026-08-27,1530,2026-09-04,0.0219178082,536.7506239111,536.7970659677,0.8652445773,-0.0162406880,93,0.0220217517,3.3326549026,7.1916694340,2,2,48.8147301964
daily,DIA,2026-08-27,1530,2026-09-11,0.0410958904,537.0766773712,537.1388674708,1.1579370736,-0.0064460584,113,0.0338563818,1.8724774995,11.1263319656,2,2,48.8147301964
daily,DIA,2026-08-27,1530,2026-09-18,0.0602739726,536.8018314715,536.8475048407,0.8508422748,0.0166783225,125,0.0622980347,1.5064048588,9.5537761094,2,2,48.8147301964
daily,DIA,2026-08-27,1530,2026-09-25,0.0794520548,536.8746226420,536.9323026743,1.0743668990,0.0198222653,129,0.0595151941,1.4216154133,9.9862670549,2,2,48.8147301964
daily,DIA,2026-08-27,1530,2026-09-30,0.0931506849,536.9533577720,537.0143423358,1.1357516056,0.0207844610,166,0.0511848478,0.9355862826,12.9973460511,2,2,48.8147301964
daily,DIA,2026-08-27,1530,2026-10-02,0.0986301370,537.1003739282,537.1782865951,1.4506165079,0.0186037272,139,0.0714239050,1.4977193524,12.6876160768,2,2,48.8147301964
daily,DIA,2026-08-27,1530,2026-10-09,0.1178082192,537.8788993148,538.0329411384,2.8638755627,0.0081428653,80,0.1220532737,2.4467782827,19.4744129571,2,2,48.8147301964
daily,DIA,2026-08-27,1530,2026-10-16,0.1369863014,537.8292790693,537.9761235439,2.7303176005,0.0130800713,124,0.0811848660,6.3786672923,25.3606684313,2,2,48.8147301964
daily,DIA,2026-08-27,1530,2026-11-20,0.2328767123,539.6826525687,539.9895738175,5.6870690077,0.0076818502,89,0.2035099967,4.9743034483,40.3190574445,2,2,48.8147301964
daily,DIA,2026-08-27,1530,2026-12-18,0.3095890411,540.6804457167,541.1204303315,8.1376091592,0.0087462271,155,0.1573128772,12.5012491277,61.1805358035,2,2,48.8147301964
daily,DIA,2026-08-27,1530,2026-12-31,0.3452054795,541.3576728112,541.8624542148,9.3243603798,0.0079476216,255,0.1472494237,3.1382941036,68.2659066323,2,2,48.8147301964
daily,DIA,2026-08-27,1530,2027-01-15,0.3863013699,541.9786556912,542.5123561332,9.8472594139,0.0082485414,91,0.1246075950,12.1239833061,81.9496508385,2,2,48.8147301964
daily,DIA,2026-08-27,1530,2027-03-19,0.5589041096,544.8805501265,545.7409292299,15.7902333497,0.0074843833,91,0.1403803763,11.8327733284,109.5583680203,2,2,48.8147301964
daily,DIA,2026-08-27,1530,2027-03-31,0.5917808219,545.0303134030,545.9501739723,16.8772368553,0.0086761366,211,0.1978483412,2.9505092394,117.5736167270,2,2,48.8147301964
daily,DIA,2026-08-27,1530,2027-06-17,0.8054794521,548.7827957857,550.1372136375,24.6803992795,0.0076595932,111,0.2145502153,16.5343381141,163.6153197976,2,2,48.8147301964
daily,DIA,2026-08-27,1530,2027-06-30,0.8410958904,549.0692818984,550.4334119974,24.8444075085,0.0084143349,239,0.3774286062,20.0984110079,165.4601776421,2,2,48.8147301964
daily,DIA,2026-08-27,1530,2027-12-17,1.3068493151,557.1427214488,559.6637831454,45.2498363446,0.0077153576,139,0.4006221696,54.2194111634,294.7517774733,2,2,48.8147301964
daily,DIA,2026-08-27,1530,2028-01-21,1.4027397260,558.8222971938,561.5501731603,48.8147301964,0.0077264426,141,0.3963154231,53.3846015418,321.9317889324,2,2,48.8147301964
daily,DIA,2026-08-31,1530,2026-09-04,0.0109589041,531.7607396356,531.7751916817,0.2717772310,-0.0243470897,78,0.0213611311,3.5216321578,4.2040216092,2,1,50.5698005954
daily,DIA,2026-08-31,1530,2026-09-11,0.0301369863,532.1239884076,532.1700857817,0.8662900962,-0.0090871442,108,0.0257127286,3.2251921424,8.5698646931,2,1,50.5698005954
daily,DIA,2026-08-31,1530,2026-09-18,0.0493150685,531.8265613166,531.8520753825,0.4797441061,0.0214776336,133,0.0648526318,1.9891670315,6.7393164659,2,1,50.5698005954
daily,DIA,2026-08-31,1530,2026-09-25,0.0684931507,531.7717789286,531.8014459810,0.5578906893,0.0275888703,139,0.0698872051,1.4750653696,7.3389661467,2,1,50.5698005954
daily,DIA,2026-08-31,1530,2026-09-30,0.0821917808,531.9310756164,531.9660235218,0.6570006330,0.0256159893,162,0.0720427611,1.5408747434,11.3086037468,2,1,50.5698005954
daily,DIA,2026-08-31,1530,2026-10-02,0.0876712329,532.1505047186,532.2072261483,1.0658907445,0.0212162778,132,0.0674533306,1.7752188482,11.5020202892,2,1,50.5698005954
daily,DIA,2026-08-31,1530,2026-10-09,0.1068493151,532.6024571940,532.7015096592,1.8597823545,0.0155318155,142,0.0890078132,2.3754805427,16.6139270890,2,1,50.5698005954
daily,DIA,2026-08-31,1530,2026-10-16,0.1260273973,532.9140066978,533.0192519177,1.9749006143,0.0142395800,117,0.0871460184,7.7742786792,27.6988470140,2,1,50.5698005954
daily,DIA,2026-08-31,1530,2026-11-20,0.2219178082,534.7067201413,535.0056428446,5.5904048347,0.0083402551,95,0.1231116697,6.1089750186,39.9485419583,2,1,50.5698005954
daily,DIA,2026-08-31,1530,2026-12-18,0.2986301370,535.7550970531,536.1636834614,7.6263653021,0.0092052168,157,0.1438926357,13.7414557708,64.1833914030,2,1,50.5698005954
daily,DIA,2026-08-31,1530,2026-12-31,0.3342465753,536.0405173425,536.5167964335,8.8851322913,0.0105291606,255,0.1538782678,2.9795230139,65.8167158715,2,1,50.5698005954
daily,DIA,2026-08-31,1530,2027-01-15,0.3753424658,537.0280792206,537.7655930180,13.7332446091,0.0076902494,94,0.1498187308,8.3806588125,83.7197875451,2,1,50.5698005954
daily,DIA,2026-08-31,1530,2027-03-19,0.5479452055,540.5372260668,541.2905540784,13.9366536703,0.0064259099,86,0.2115817832,11.8108327089,115.2998579965,2,1,50.5698005954
daily,DIA,2026-08-31,1530,2027-03-31,0.5808219178,540.8345784343,541.8837312793,19.3987752787,0.0065738418,205,0.1691489343,3.2543900272,125.6318647250,2,1,50.5698005954
daily,DIA,2026-08-31,1530,2027-06-17,0.7945205479,544.5124820513,545.9226984375,25.8986971393,0.0068508965,112,0.2457144079,16.7427895232,178.1141756328,2,1,50.5698005954
daily,DIA,2026-08-31,1530,2027-06-30,0.8301369863,544.6723332195,546.1783417156,27.6498071279,0.0078101438,236,0.3767141698,22.8010448627,175.0910521490,2,1,50.5698005954
daily,DIA,2026-08-31,1530,2027-12-17,1.2958904110,552.7004803009,555.3211323325,47.4154107882,0.0079639727,140,0.4361759091,62.5139015211,308.3073851862,2,1,50.5698005954
daily,DIA,2026-08-31,1530,2028-01-21,1.3917808219,554.3886849635,557.1922174886,50.5698005954,0.0080822026,141,0.3994016305,60.1647756974,336.1670213353,2,1,50.5698005954
daily,DIA,2026-09-01,1530,2026-09-04,0.0082191781,527.9201327152,527.9327908679,0.2397740098,-0.0221382872,80,0.0284551964,2.4806759257,3.0514439464,2,0,53.0610426307
daily,DIA,2026-09-01,1530,2026-09-11,0.0273972603,528.1772917624,528.2207866570,0.8234904308,0.0003600582,105,0.0302996401,3.9501427992,6.4851087871,2,0,53.0610426307
daily,DIA,2026-09-01,1530,2026-09-18,0.0465753425,527.8998208077,527.9157959906,0.3026176995,0.0284402453,149,0.0918373398,1.4827565536,4.6465490989,2,0,53.0610426307
daily,DIA,2026-09-01,1530,2026-09-25,0.0657534247,527.8496203940,527.8625403899,0.2447666047,0.0328908894,146,0.1040883028,0.8551763262,3.5834661462,2,0,53.0610426307
daily,DIA,2026-09-01,1530,2026-09-30,0.0794520548,527.9938825141,528.0229857201,0.5512034702,0.0300224648,197,0.1073422407,1.1443626630,7.1709370638,2,0,53.0610426307
daily,DIA,2026-09-01,1530,2026-10-02,0.0849315068,528.2022894243,528.2400174311,0.7142719283,0.0257336632,144,0.0772789749,1.8497241320,7.5690846252,2,0,53.0610426307
daily,DIA,2026-09-01,1530,2026-10-09,0.1041095890,528.6797170133,528.7557617885,1.4383902533,0.0187389449,139,0.0930465313,2.5241385877,13.0279265014,2,0,53.0610426307
daily,DIA,2026-09-01,1530,2026-10-16,0.1232876712,528.9545209589,529.0592474913,1.9798778201,0.0171816045,113,0.0560844387,7.9388215217,20.2658452082,2,0,53.0610426307
daily,DIA,2026-09-01,1530,2026-11-20,0.2191780822,530.7397491853,531.0194866586,5.2707089251,0.0099748828,90,0.1535143264,7.1319917991,36.6316581456,2,0,53.0610426307
daily,DIA,2026-09-01,1530,2026-12-18,0.2958904110,531.7800910141,532.1693603691,7.3201190048,0.0104813435,163,0.1550152264,16.2116038836,60.3918322302,2,0,53.0610426307
daily,DIA,2026-09-01,1530,2026-12-31,0.3315068493,532.1284781084,532.5446006383,7.8199635435,0.0115911113,258,0.1434584050,3.7283425172,63.0340797745,2,0,53.0610426307
daily,DIA,2026-09-01,1530,2027-01-15,0.3726027397,532.9936203291,533.5706190146,10.8256208615,0.0095489208,99,0.1443780848,8.7128440710,79.3226969978,2,0,53.0610426307
daily,DIA,2026-09-01,1530,2027-03-19,0.5452054795,536.0445093374,537.0229140725,18.2523040171,0.0075866910,88,0.1528429695,15.0429170061,109.9686463314,2,0,53.0610426307
daily,DIA,2026-09-01,1530,2027-03-31,0.5780821918,536.6299894506,537.5342449979,16.8506338638,0.0079458749,210,0.1845863396,3.1078862894,121.0237433591,2,0,53.0610426307
daily,DIA,2026-09-01,1530,2027-06-17,0.7917808219,540.5087209404,542.0378676114,28.2908787911,0.0068288718,118,0.2599297982,16.4068287447,177.1274944488,2,0,53.0610426307
daily,DIA,2026-09-01,1530,2027-06-30,0.8273972603,540.5935223425,542.0560195056,27.0535458278,0.0083389788,239,0.3354759419,25.1738630514,173.2585728061,2,0,53.0610426307
daily,DIA,2026-09-01,1530,2027-12-17,1.2931506849,548.9777467982,551.7205761818,49.9624875430,0.0075123038,143,0.3600042199,61.4665200655,310.9018905119,2,0,53.0610426307
daily,DIA,2026-09-01,1530,2028-01-21,1.3890410959,550.3745876206,553.2949325662,53.0610426307,0.0080251330,142,0.4583095638,65.7193794695,337.8699706322,2,0,53.0610426307
daily,DIA,2026-09-02,1530,2026-09-04,0.0054794521,530.6347124655,530.6582061601,0.4427470373,-0.0555440001,72,0.0098062316,2.9640875581,3.2574519018,2,1,51.0515343057
daily,DIA,2026-09-02,1530,2026-09-11,0.0246575342,530.9439995798,530.9964319154,0.9875304290,-0.0082866154,98,0.0396047366,4.7295286758,7.1710231781,2,1,51.0515343057
daily,DIA,2026-09-02,1530,2026-09-18,0.0438356164,530.6761383383,530.6935511576,0.3281251615,0.0251719143,137,0.0620659487,1.8559603417,5.3355383952,2,1,51.0515343057
daily,DIA,2026-09-02,1530,2026-09-25,0.0630136986,530.5990299468,530.6146129930,0.2936877994,0.0315704867,143,0.0748331648,0.9764839673,4.2729315146,2,1,51.0515343057
daily,DIA,2026-09-02,1530,2026-09-30,0.0767123288,530.7551679486,530.7771497851,0.4141615166,0.0288045830,187,0.0862341265,1.2710742238,8.2275097250,2,1,51.0515343057
daily,DIA,2026-09-02,1530,2026-10-02,0.0821917808,530.9701743151,531.0124847396,0.7968512471,0.0240536539,135,0.0810570006,1.7041379336,8.0409648845,2,1,51.0515343057
daily,DIA,2026-09-02,1530,2026-10-09,0.1013698630,531.4556835288,531.5363987636,1.5187575802,0.0171993181,136,0.0843823908,2.6985873438,13.5695204963,2,1,51.0515343057
daily,DIA,2026-09-02,1530,2026-10-16,0.1205479452,531.7330652982,531.8419807860,2.0483113608,0.0159387214,116,0.0903841294,7.9001293408,22.9232299054,2,1,51.0515343057
daily,DIA,2026-09-02,1530,2026-11-20,0.2164383562,533.5717583747,533.8524118725,5.2599016618,0.0088301484,92,0.1740139544,6.1760794557,36.5714281091,2,1,51.0515343057
daily,DIA,2026-09-02,1530,2026-12-18,0.2931506849,534.5889588080,534.9743665059,7.2094212107,0.0098723560,153,0.1721690286,14.9178214219,63.7446680791,2,1,51.0515343057
daily,DIA,2026-09-02,1530,2026-12-31,0.3287671233,534.9385877814,535.3661140357,7.9920623413,0.0109853790,256,0.1430847688,2.9390091415,62.9264577117,2,1,51.0515343057
daily,DIA,2026-09-02,1530,2027-01-15,0.3698630137,535.8092302084,536.3299677542,9.7187117441,0.0093523631,91,0.1652259902,10.0628715271,77.6452582602,2,1,51.0515343057
daily,DIA,2026-09-02,1530,2027-03-19,0.5424657534,538.9232104351,539.6523421585,13.5294177214,0.0079801517,91,0.0871650907,13.5379877334,109.4950217115,2,1,51.0515343057
daily,DIA,2026-09-02,1530,2027-03-31,0.5753424658,538.8262861692,539.8038212220,18.1419332702,0.0095017308,211,0.1918384511,2.8629360108,116.6799186164,2,1,51.0515343057
daily,DIA,2026-09-02,1530,2027-06-17,0.7890410959,543.0226433979,544.4875686991,26.9772415401,0.0076641530,114,0.1905220361,15.2288678448,174.2960157543,2,1,51.0515343057
daily,DIA,2026-09-02,1530,2027-06-30,0.8246575342,543.1886578867,544.6108981588,26.1831732207,0.0089218905,236,0.3600427941,22.3905966885,172.1475493754,2,1,51.0515343057
daily,DIA,2026-09-02,1530,2027-12-17,1.2904109589,551.6480145812,554.2594464095,47.3387333809,0.0081052666,141,0.4025103062,51.3263462724,309.5859771595,2,1,51.0515343057
daily,DIA,2026-09-02,1530,2028-01-21,1.3863013699,553.3327062584,556.1575546220,51.0515343057,0.0081981865,146,0.3505079237,55.8229738730,338.2139115248,2,1,51.0515343057
daily,DIA,2026-09-03,1530,2026-09-04,0.0027397260,537.0800083818,537.0976347992,0.3281897876,-0.1232873910,57,0.0100738055,2.6249291018,2.8887470314,2,1,49.0686448204
daily,DIA,2026-09-03,1530,2026-09-11,0.0219178082,537.4070165561,537.4456751201,0.7193535399,-0.0115065757,87,0.0248284041,3.5113356426,6.8677213696,2,1,49.0686448204
daily,DIA,2026-09-03,1530,2026-09-18,0.0410958904,537.1001572736,537.1105796597,0.1940492103,0.0268848979,136,0.0719135148,0.9970938972,4.5931504039,2,1,49.0686448204
daily,DIA,2026-09-03,1530,2026-09-25,0.0602739726,537.1002307526,537.1154617503,0.2835783138,0.0303470319,137,0.0792036293,0.7769272831,4.5306618589,2,1,49.0686448204
daily,DIA,2026-09-03,1530,2026-09-30,0.0739726027,537.2256373587,537.2514882649,0.4811927140,0.0283854813,174,0.0691187948,0.9406717830,7.7061386296,2,1,49.0686448204
daily,DIA,2026-09-03,1530,2026-10-02,0.0794520548,537.4764453558,537.5196209374,0.8033018378,0.0227851072,133,0.0609510758,0.9977799611,8.3294158749,2,1,49.0686448204
daily,DIA,2026-09-03,1530,2026-10-09,0.0986301370,537.9266137018,538.0062956361,1.4812789013,0.0167985774,138,0.0770497156,1.4938606782,13.3941136756,2,1,49.0686448204
daily,DIA,2026-09-03,1530,2026-10-16,0.1178082192,538.2054655714,538.3144288729,2.0245669809,0.0156086308,117,0.0750084889,5.4850816069,21.1271009605,2,1,49.0686448204
daily,DIA,2026-09-03,1530,2026-10-23,0.1369863014,538.5833656053,538.7340275059,2.7973738182,0.0132334286,80,0.1435776573,1.8012885467,17.5049357826,2,1,49.0686448204
daily,DIA,2026-09-03,1530,2026-11-20,0.2136986301,540.0250618689,540.3111775546,5.2981927315,0.0089442767,91,0.1449168874,4.4361628588,36.5263924302,2,1,49.0686448204
daily,DIA,2026-09-03,1530,2026-12-18,0.2904109589,541.0461767404,541.4359248791,7.2036021224,0.0102981024,156,0.1655466679,11.0819714562,60.5958814224,2,1,49.0686448204
daily,DIA,2026-09-03,1530,2026-12-31,0.3260273973,541.3815778939,541.8241288351,8.1744735919,0.0116329442,256,0.1363142187,2.5124905774,62.9658349410,2,1,49.0686448204
daily,DIA,2026-09-03,1530,2027-01-15,0.3671232877,542.3821965690,542.8569217338,8.7525949014,0.0095852892,97,0.1210639861,9.2861303152,77.1878704835,2,1,49.0686448204
daily,DIA,2026-09-03,1530,2027-03-19,0.5397260274,545.4663551338,546.3937131715,17.0011959298,0.0072500608,82,0.1449624523,15.7827429836,109.0884871731,2,1,49.0686448204
daily,DIA,2026-09-03,1530,2027-03-31,0.5726027397,545.5404535838,546.4799835979,17.2220044889,0.0090127055,207,0.1622751326,2.3879211678,116.2530872855,2,1,49.0686448204
daily,DIA,2026-09-03,1530,2027-06-17,0.7863013699,550.1272434074,551.3386514942,22.0205070973,0.0069249554,116,0.2002360660,16.4458116738,173.0861684259,2,1,49.0686448204
daily,DIA,2026-09-03,1530,2027-06-30,0.8219178082,549.9351685707,551.4036187467,26.7022416437,0.0083340845,239,0.3117268361,19.7669036857,169.3763796635,2,1,49.0686448204
daily,DIA,2026-09-03,1530,2027-12-17,1.2876712329,558.2266869751,560.7356640189,44.9454872429,0.0083462379,141,0.4552054557,49.5432893909,301.6887903978,2,1,49.0686448204
daily,DIA,2026-09-03,1530,2028-01-21,1.3835616438,559.9186220016,562.6660668007,49.0686448204,0.0084318663,142,0.4739111233,48.9732766301,329.4993607865,2,1,49.0686448204
daily,DIA,2026-09-04,1530,2026-09-11,0.0191780822,534.1851357226,534.2005225179,0.2880423710,0.0049911325,77,0.0309908550,3.4516021260,4.4741315154,2,1,56.3334089600
daily,DIA,2026-09-04,1530,2026-09-18,0.0383561644,533.8247431333,533.8221161709,-0.0492102031,0.0400899921,151,0.5306845058,0.0696798828,4.5879654108,2,1,56.3334089600
daily,DIA,2026-09-04,1530,2026-09-25,0.0575342466,533.8518721442,533.8515250675,-0.0065013672,0.0385157648,150,0.3706158492,0.1528153522,4.7720906836,2,1,56.3334089600
daily,DIA,2026-09-04,1530,2026-09-30,0.0712328767,533.9722041615,533.9753441703,0.0588047231,0.0352070633,220,0.6385407032,0.5914667784,5.5627918805,2,1,56.3334089600
daily,DIA,2026-09-04,1530,2026-10-02,0.0767123288,534.2285987734,534.2516873050,0.4321844914,0.0286791874,141,0.0885763409,0.8630425119,5.1199945810,2,1,56.3334089600
daily,DIA,2026-09-04,1530,2026-10-09,0.0958904110,534.7062359795,534.7636889760,1.0744777704,0.0205463461,136,0.0573748725,1.6110802808,10.2116290518,2,1,56.3334089600
daily,DIA,2026-09-04,1530,2026-10-16,0.1150684932,534.9585742785,535.0493586501,1.6970355462,0.0187893098,113,0.0870637206,5.4654645396,19.9019666585,2,1,56.3334089600
daily,DIA,2026-09-04,1530,2026-10-23,0.1342465753,535.3569734405,535.4802893881,2.3034340404,0.0158049988,153,0.0881925939,2.2609917837,17.4834725847,2,1,56.3334089600
daily,DIA,2026-09-04,1530,2026-11-20,0.2109589041,536.7808274895,537.0339445213,4.7154633486,0.0107100795,89,0.1636724250,4.8203774013,33.0560146240,2,1,56.3334089600
daily,DIA,2026-09-04,1530,2026-12-18,0.2876712329,537.7925240281,538.1615934529,6.8626730257,0.0113000023,159,0.1573570370,11.8006530605,57.6219845651,2,1,56.3334089600
daily,DIA,2026-09-04,1530,2026-12-31,0.3232876712,538.1021084049,538.5023527391,7.4380740744,0.0127625410,254,0.1377880163,2.6242235896,58.3250566120,2,1,56.3334089600
daily,DIA,2026-09-04,1530,2027-01-15,0.3643835616,539.0072710841,539.7194815134,13.2133733155,0.0095476576,99,0.1614374864,8.0253525601,76.9221619327,2,1,56.3334089600
daily,DIA,2026-09-04,1530,2027-03-19,0.5369863014,542.0727267639,543.1303851674,19.5113746056,0.0072483330,83,0.2017346996,16.9329240049,106.2241090877,2,1,56.3334089600
daily,DIA,2026-09-04,1530,2027-03-31,0.5698630137,542.3011431858,543.4157059550,20.5524694758,0.0083087567,202,0.1788177780,2.8188806183,114.9677570246,2,1,56.3334089600
daily,DIA,2026-09-04,1530,2027-06-17,0.7835616438,546.5781300732,548.2191087646,30.0227652936,0.0061578081,118,0.1798134067,15.7306393325,172.2198108971,2,1,56.3334089600
daily,DIA,2026-09-04,1530,2027-06-30,0.8191780822,546.7258596119,548.1004449808,25.1421319236,0.0079631857,241,0.3371390955,20.8149469855,164.3957948864,2,1,56.3334089600
daily,DIA,2026-09-04,1530,2027-12-17,1.2849315068,555.0401959563,557.7066522913,48.0407789271,0.0074724576,138,0.3756168066,58.6802929455,298.2780509957,2,1,56.3334089600
daily,DIA,2026-09-04,1530,2028-01-21,1.3808219178,556.4836711522,559.6185333748,56.3334089600,0.0076264768,144,0.3901305767,56.5590553689,325.9406602299,2,1,56.3334089600
daily,DIA,2026-09-08,1530,2026-09-11,0.0082191781,528.8004043924,528.8096314497,0.1744903613,-0.0092258902,84,0.0306621574,1.9689036351,2.4562693924,2,2,51.2286367281
daily,DIA,2026-09-08,1530,2026-09-18,0.0273972603,528.3493257681,528.3334566466,-0.3003528290,0.0566027928,121,1.9626325585,0.0369607768,6.0440180521,2,2,51.2286367281
daily,DIA,2026-09-08,1530,2026-09-25,0.0465753425,528.3470893738,528.3327061435,-0.2722307104,0.0489078857,131,1.5569216320,0.0333605188,6.8839623133,2,2,51.2286367281
daily,DIA,2026-09-08,1530,2026-09-30,0.0602739726,528.5034251540,528.4940288113,-0.1777915191,0.0413275614,210,2.0038040056,0.0856710423,7.2106144004,2,2,51.2286367281
daily,DIA,2026-09-08,1530,2026-10-02,0.0657534247,528.6992526162,528.7069159879,0.1449476558,0.0349120576,147,0.1327795244,0.5089372427,5.4940148878,2,2,51.2286367281
daily,DIA,2026-09-08,1530,2026-10-09,0.0849315068,529.1803970372,529.2158425780,0.6698196116,0.0242809011,142,0.0748744644,1.5282919038,6.5334301721,2,2,51.2286367281
daily,DIA,2026-09-08,1530,2026-10-16,0.1041095890,529.4346314567,529.4904709261,1.0546999773,0.0219994140,111,0.1049367825,4.5371977015,12.8422413816,2,2,51.2286367281
daily,DIA,2026-09-08,1530,2026-10-23,0.1232876712,529.8610965068,529.9555933235,1.7834262094,0.0175138187,144,0.1051965196,2.6389811205,13.5304968982,2,2,51.2286367281
daily,DIA,2026-09-08,1530,2026-11-20,0.2000000000,531.2501831561,531.4736573679,4.2065719478,0.0118320837,89,0.1498491002,5.8410571706,30.5135154419,2,2,51.2286367281
daily,DIA,2026-09-08,1530,2026-12-18,0.2767123288,532.2096553630,532.5537714887,6.4658001260,0.0123366889,153,0.1916271363,14.0618603193,52.1910954313,2,2,51.2286367281
daily,DIA,2026-09-08,1530,2026-12-31,0.3123287671,532.5186510054,532.8883175280,6.9418511810,0.0137263048,257,0.1407781562,3.1817413465,54.0807951163,2,2,51.2286367281
daily,DIA,2026-09-08,1530,2027-01-15,0.3534246575,533.3973125067,533.9089799661,9.5926141244,0.0114327319,100,0.1243481314,11.7188590246,72.3321987736,2,2,51.2286367281
daily,DIA,2026-09-08,1530,2027-03-19,0.5260273973,536.2028121808,537.0492374527,15.7855433179,0.0094532103,87,0.2026775899,18.3695163810,99.4761354648,2,2,51.2286367281
daily,DIA,2026-09-08,1530,2027-03-31,0.5589041096,536.9271797938,537.6953702595,14.3071629560,0.0092375134,203,0.2110676328,2.8856849423,111.6905612606,2,2,51.2286367281
daily,DIA,2026-09-08,1530,2027-06-17,0.7726027397,540.8552346034,542.3859246458,28.3012892268,0.0071568034,117,0.2255165921,17.6915438344,168.7012410945,2,2,51.2286367281
daily,DIA,2026-09-08,1530,2027-06-30,0.8082191781,540.7356341636,542.0675877933,24.6322517979,0.0094344953,233,0.3514355198,22.6993838009,163.1994409656,2,2,51.2286367281
daily,DIA,2026-09-08,1530,2027-12-17,1.2739726027,548.9869607452,551.5547805029,46.7737841031,0.0085411535,144,0.3568113861,57.6261065121,301.7465959099,2,2,51.2286367281
daily,DIA,2026-09-08,1530,2028-01-21,1.3698630137,550.6592708940,553.4802232689,51.2286367281,0.0085886952,142,0.4135728725,55.6437080568,329.5570295174,2,2,51.2286367281
daily,DIA,2026-09-09,1530,2026-09-11,0.0054794521,524.8697644372,524.8863003602,0.3150481154,-0.0441383302,85,0.0094459972,2.8488084336,3.1799983133,2,1,52.4153338300
daily,DIA,2026-09-09,1530,2026-09-18,0.0246575342,524.4995307879,524.4907508100,-0.1673972498,0.0503523336,122,1.1310706777,0.0295036133,4.3354071558,2,1,52.4153338300
daily,DIA,2026-09-09,1530,2026-09-25,0.0438356164,524.4724548993,524.4626505557,-0.1869372444,0.0461881341,127,0.9604617304,0.0374182983,4.9311446074,2,1,52.4153338300
daily,DIA,2026-09-09,1530,2026-09-30,0.0575342466,524.6035056424,524.5982422146,-0.1003315418,0.0397552198,227,1.3600479022,0.1242762586,6.0278232561,2,1,52.4153338300
daily,DIA,2026-09-09,1530,2026-10-02,0.0630136986,524.8472400622,524.8576253733,0.1978730250,0.0317614781,144,0.1084670723,0.8922193076,2.9435517743,2,1,52.4153338300
daily,DIA,2026-09-09,1530,2026-10-09,0.0821917808,525.3040709589,525.3489657544,0.8546439664,0.0218421967,137,0.0838341329,2.3052871131,7.5704372919,2,1,52.4153338300
daily,DIA,2026-09-09,1530,2026-10-16,0.1013698630,525.5733415958,525.6372322314,1.2156369153,0.0198738087,112,0.0839815961,6.1528815382,14.0786846125,2,1,52.4153338300
daily,DIA,2026-09-09,1530,2026-10-23,0.1205479452,525.9339961796,526.0338823892,1.8992156873,0.0168248547,150,0.1140647044,3.3610937037,14.2394636075,2,1,52.4153338300
daily,DIA,2026-09-09,1530,2026-11-20,0.1972602740,527.3177998290,527.5545913544,4.4904898993,0.0110933948,89,0.1570287025,7.2619780845,30.3292632981,2,1,52.4153338300
daily,DIA,2026-09-09,1530,2026-12-18,0.2739726027,528.2853301732,528.6207355158,6.3489429566,0.0119439127,158,0.1345090848,15.5767388899,53.0522965052,2,1,52.4153338300
daily,DIA,2026-09-09,1530,2026-12-31,0.3095890411,528.5433518535,528.9206704382,7.1388389125,0.0135763084,260,0.1475727045,3.3721802540,55.7888029424,2,1,52.4153338300
daily,DIA,2026-09-09,1530,2027-01-15,0.3506849315,529.4619766849,529.9929102278,10.0277936150,0.0109929841,100,0.1446680950,11.2981672218,72.2074535708,2,1,52.4153338300
daily,DIA,2026-09-09,1530,2027-03-19,0.5232876712,532.8904447946,533.4960895396,11.3652768773,0.0078101990,87,0.1585801897,16.1664321845,105.4126321007,2,1,52.4153338300
daily,DIA,2026-09-09,1530,2027-03-31,0.5561643836,532.9906803456,533.7523610779,14.2906951355,0.0090005884,208,0.2066302839,3.0092000732,114.0176370792,2,1,52.4153338300
daily,DIA,2026-09-09,1530,2027-06-17,0.7698630137,537.1451831754,538.7598704053,30.0605363410,0.0061852657,121,0.1378667795,17.2300667823,173.1091237592,2,1,52.4153338300
daily,DIA,2026-09-09,1530,2027-06-30,0.8054794521,537.1753456568,538.5460600406,25.5170754730,0.0082862511,239,0.3333252144,26.5814578986,166.9641060590,2,1,52.4153338300
daily,DIA,2026-09-09,1530,2027-12-17,1.2712328767,545.4757197035,547.8746102352,43.9779525487,0.0079657917,143,0.3410878136,57.2279365538,308.2292779350,2,1,52.4153338300
daily,DIA,2026-09-09,1530,2028-01-21,1.3671232877,546.7199594708,549.5856103895,52.4153338300,0.0083193360,149,0.3408709360,61.8008876218,336.3688804953,2,1,52.4153338300
daily,DIA,2026-09-10,1530,2026-09-11,0.0027397260,520.6501719727,520.6551049191,0.0947458903,-0.0601918862,88,0.0056852951,1.7489617692,2.0681702985,2,0,52.4506709893
daily,DIA,2026-09-10,1530,2026-09-18,0.0219178082,520.2743952692,520.2589939251,-0.2960234894,0.0604858366,116,1.8055991211,0.0373263235,5.2270783560,2,0,52.4506709893
daily,DIA,2026-09-10,1530,2026-09-25,0.0410958904,520.2989048293,520.2852137287,-0.2631391394,0.0487850211,123,1.0147702877,0.0371066727,6.1961321176,2,0,52.4506709893
daily,DIA,2026-09-10,1530,2026-09-30,0.0547945205,520.4739045438,520.4703612585,-0.0680780585,0.0396056342,222,1.1331897371,0.1347308554,5.5148465162,2,0,52.4506709893
daily,DIA,2026-09-10,1530,2026-10-02,0.0602739726,520.6993113558,520.7124296320,0.2519357327,0.0317487848,143,0.1179616000,0.8621563809,2.8416464551,2,0,52.4506709893
daily,DIA,2026-09-10,1530,2026-10-09,0.0794520548,521.1284053361,521.1704953259,0.8076702277,0.0222003697,136,0.0937093299,2.4771928900,7.1565602089,2,0,52.4506709893
daily,DIA,2026-09-10,1530,2026-10-16,0.0986301370,521.4015168010,521.4764856501,1.4378333522,0.0196628901,112,0.0742107706,6.4255261143,14.3241557620,2,0,52.4506709893
daily,DIA,2026-09-10,1530,2026-10-23,0.1178082192,521.7534223479,521.8516120656,1.8819180370,0.0168763924,149,0.0912329308,4.0323629242,14.0878403430,2,0,52.4506709893
daily,DIA,2026-09-10,1530,2026-10-30,0.1369863014,522.1310084466,522.2679951171,2.6236072613,0.0143406972,59,0.1907926514,3.4534380053,7.7294894454,2,0,52.4506709893
daily,DIA,2026-09-10,1530,2026-11-20,0.1945205479,523.1412776979,523.3744544766,4.4572429796,0.0110652969,88,0.1509941934,8.9924338347,30.9901182654,2,0,52.4506709893
daily,DIA,2026-09-10,1530,2026-12-18,0.2712328767,524.0829621757,524.4647296121,7.2844847849,0.0117604319,155,0.1829929897,17.7298962848,54.6754508145,2,0,52.4506709893
daily,DIA,2026-09-10,1530,2026-12-31,0.3068493151,524.3908602323,524.7307850406,6.4822794221,0.0137710063,258,0.1364741690,4.2970508398,58.6804314674,2,0,52.4506709893
daily,DIA,2026-09-10,1530,2027-01-15,0.3479452055,525.2535260108,525.8139488336,10.6695680288,0.0111419039,100,0.2157374665,10.7450985062,74.9972515330,2,0,52.4506709893
daily,DIA,2026-09-10,1530,2027-03-19,0.5205479452,528.4739958002,529.4268809042,18.0308796947,0.0072429125,85,0.1670169869,15.8977547058,106.3921727744,2,0,52.4506709893
daily,DIA,2026-09-10,1530,2027-03-31,0.5534246575,528.4250488702,529.4608620941,19.6018948419,0.0092421850,211,0.2157004715,3.7392055966,113.9175075004,2,0,52.4506709893
daily,DIA,2026-09-10,1530,2027-06-17,0.7671232877,533.2629958173,534.4417162540,22.1039233167,0.0063983348,108,0.2570158745,21.9471843078,176.0085627350,2,0,52.4506709893
daily,DIA,2026-09-10,1530,2027-06-30,0.8027397260,532.9506781605,534.2821993109,24.9839470129,0.0083874993,240,0.3368333902,28.8439771563,170.6083205224,2,0,52.4506709893
daily,DIA,2026-09-10,1530,2027-12-17,1.2684931507,541.6310449104,544.1811835270,47.0825784552,0.0072851144,144,0.3854807526,64.1069668861,313.5761650901,2,0,52.4506709893
daily,DIA,2026-09-10,1530,2028-01-21,1.3643835616,542.7870197355,545.6339740744,52.4506709893,0.0080684504,144,0.3806486348,68.4326283642,340.9587921105,2,0,52.4506709893
daily,DIA,2026-09-11,1530,2026-09-18,0.0191780822,525.6247191471,525.5879661719,-0.6992246346,0.0848549095,109,3.7625143895,0.0399394957,7.7750650176,2,1,49.2341743349
daily,DIA,2026-09-11,1530,2026-09-25,0.0383561644,525.6509739879,525.6157223970,-0.6706273289,0.0605693160,131,2.4620608883,0.0221245900,8.0763201837,2,1,49.2341743349
daily,DIA,2026-09-11,1530,2026-09-30,0.0520547945,525.8226098796,525.8140526750,-0.1627393811,0.0476556681,198,3.2598812585,0.0407846487,7.6850179580,2,1,49.2341743349
daily,DIA,2026-09-11,1530,2026-10-02,0.0575342466,526.0729201318,526.0747707801,0.0351785504,0.0382188869,155,0.2063481287,0.2472376987,3.8873652289,2,1,49.2341743349
daily,DIA,2026-09-11,1530,2026-10-09,0.0767123288,526.5235754127,526.5597839636,0.6876909703,0.0264107877,138,0.0853794381,1.6611494690,5.3388654206,2,1,49.2341743349
daily,DIA,2026-09-11,1530,2026-10-16,0.0958904110,526.8205852433,526.8858539167,1.2389165336,0.0225521514,109,0.0657169744,4.8946307445,10.9946270988,2,1,49.2341743349
daily,DIA,2026-09-11,1530,2026-10-23,0.1150684932,527.1735314251,527.2660989033,1.7559204454,0.0191140592,147,0.1011497450,2.8783545599,11.3505250298,2,1,49.2341743349
daily,DIA,2026-09-11,1530,2026-10-30,0.1342465753,527.6031853963,527.7326712330,2.4542277270,0.0156530257,146,0.0929947744,3.3395591047,16.0507042896,2,1,49.2341743349
daily,DIA,2026-09-11,1530,2026-11-20,0.1917808219,528.6276545434,528.8488619929,4.1845606748,0.0122329335,93,0.1397659313,6.1296010696,27.6407748095,2,1,49.2341743349
daily,DIA,2026-09-11,1530,2026-12-18,0.2684931507,529.6534065018,530.0083450195,6.7013355025,0.0121675519,159,0.1320181472,14.7406238355,51.3974291447,2,1,49.2341743349
daily,DIA,2026-09-11,1530,2026-12-31,0.3041095890,529.9736699491,530.3409284830,6.9297505654,0.0138106171,260,0.1271810361,3.3206416993,53.9869425132,2,1,49.2341743349
daily,DIA,2026-09-11,1530,2027-01-15,0.3452054795,530.9582675953,531.4112046522,8.5305585113,0.0113956878,93,0.1865970996,10.5352228813,71.3247828143,2,1,49.2341743349
daily,DIA,2026-09-11,1530,2027-03-19,0.5178082192,534.3910146504,535.1482462287,14.1699908415,0.0073343106,84,0.1993444429,15.8132195572,104.5786918395,2,1,49.2341743349
daily,DIA,2026-09-11,1530,2027-03-31,0.5506849315,534.3571849388,535.2476921626,16.6650182483,0.0091835835,209,0.2100063974,2.9650331519,111.6412509525,2,1,49.2341743349
daily,DIA,2026-09-11,1530,2027-06-17,0.7643835616,538.6712834034,540.2139958571,28.6392184106,0.0068238224,109,0.2113260013,21.8219017804,171.5488240737,2,1,49.2341743349
daily,DIA,2026-09-11,1530,2027-06-30,0.8000000000,538.8560888579,540.3575217712,27.8633376200,0.0081451474,239,0.3463160064,26.3311604244,169.9266099259,2,1,49.2341743349
daily,DIA,2026-09-11,1530,2027-12-17,1.2657534247,547.7136601176,550.3202792974,47.5909105364,0.0077498555,144,0.3751589746,57.8061109250,312.9808445254,2,1,49.2341743349
daily,DIA,2026-09-11,1530,2028-01-21,1.3616438356,549.5727773783,552.2785535714,49.2341743349,0.0079794645,146,0.2728728438,62.4682723035,342.9064030743,2,1,49.2341743349
daily,GOOGL,2026-08-14,1530,2026-08-17,0.0082191781,345.6794338800,345.6752557925,-0.1208659554,0.0641438661,17,0.5130522759,0.0496183572,2.8922631959,2,0,62.2314683550
daily,GOOGL,2026-08-14,1530,2026-08-19,0.0136986301,345.6540434069,345.6502565696,-0.1095557080,0.0589015210,31,0.7539915937,0.0187194007,3.9211616561,2,0,62.2314683550
daily,GOOGL,2026-08-14,1530,2026-08-21,0.0191780822,345.8469873268,345.8526403378,0.1634541075,0.0223621512,95,0.0338938921,2.7665017918,9.4442742324,2,0,62.2314683550
daily,GOOGL,2026-08-14,1530,2026-08-24,0.0273972603,345.8008297809,345.8024220759,0.0460465940,0.0323054788,54,0.1758924216,0.8687490845,2.0655044863,2,0,62.2314683550
daily,GOOGL,2026-08-14,1530,2026-08-26,0.0328767123,345.9449585584,345.9625559620,0.5086763991,0.0191456910,51,0.1008704147,2.3899612868,4.3595484434,2,0,62.2314683550
daily,GOOGL,2026-08-14,1530,2026-08-28,0.0383561644,346.0264887282,346.0444593870,0.5193434437,0.0156447443,82,0.0903003994,4.6899861317,8.6374106707,2,0,62.2314683550
daily,GOOGL,2026-08-14,1530,2026-09-04,0.0575342466,346.2167726991,346.2594850836,1.2336890598,0.0122460220,61,0.0448017615,10.0117921253,15.9144174629,2,0,62.2314683550
daily,GOOGL,2026-08-14,1530,2026-09-11,0.0767123288,346.3328484780,346.3503612679,0.5056635550,0.0152235108,65,0.2455801288,13.0662522950,20.1804265246,2,0,62.2314683550
daily,GOOGL,2026-08-14,1530,2026-09-18,0.0958904110,346.6741661688,346.7559739720,2.3597894267,0.0075305373,88,0.1197462883,24.2248705644,47.3885073117,2,0,62.2314683550
daily,GOOGL,2026-08-14,1530,2026-09-25,0.1150684932,346.9651131231,347.0244579547,1.7103976543,0.0058407619,71,0.1836559030,22.1936332961,35.4993548321,2,0,62.2314683550
daily,GOOGL,2026-08-14,1530,2026-10-02,0.1342465753,347.2869346088,347.3762147098,2.5707877881,0.0028982621,70,0.2260860114,28.8601604945,43.4577119541,2,0,62.2314683550
daily,GOOGL,2026-08-14,1530,2026-10-16,0.1726027397,347.8010382301,347.9316392805,3.7550506212,0.0015870942,91,0.1765127085,41.2684798182,88.6987066284,2,0,62.2314683550
daily,GOOGL,2026-08-14,1530,2026-11-20,0.2684931507,349.1931456945,349.4752687725,8.0792845286,-0.0013927598,104,0.3030243110,56.6718074833,142.7034139642,2,0,62.2314683550
daily,GOOGL,2026-08-14,1530,2026-12-18,0.3452054795,350.2786883775,350.7128741697,12.3954384512,-0.0026904630,119,0.3397377163,81.7401167666,182.4837253058,2,0,62.2314683550
daily,GOOGL,2026-08-14,1530,2027-01-15,0.4219178082,351.2007861861,351.7187407749,14.7481044801,-0.0017267266,123,0.3638229994,93.1217691563,219.3958403349,2,0,62.2314683550
daily,GOOGL,2026-08-14,1530,2027-02-19,0.5178082192,352.8826860363,353.3969150152,14.5722360202,-0.0032231418,100,0.6788483848,32.6767637809,235.6470898591,2,0,62.2314683550
daily,GOOGL,2026-08-14,1530,2027-03-19,0.5945205479,353.7612995859,354.5191048974,21.4213740281,-0.0030862969,124,0.4768667293,66.4720067059,306.7858042449,2,0,62.2314683550
daily,GOOGL,2026-08-14,1530,2027-06-17,0.8410958904,357.2855750071,358.5462970193,35.2861156575,-0.0041292225,152,0.5498780658,100.6407791533,423.3762565294,2,0,62.2314683550
daily,GOOGL,2026-08-14,1530,2027-09-17,1.0931506849,361.0407328114,362.8715101219,50.7083313359,-0.0047881257,160,0.6389852306,128.8953831680,542.5749967141,2,0,62.2314683550
daily,GOOGL,2026-08-14,1530,2027-12-17,1.3424657534,364.6021267587,366.7969539534,60.1978714224,-0.0039263479,167,0.6249255000,148.5808422789,660.9180376062,2,0,62.2314683550
daily,GOOGL,2026-08-14,1530,2028-01-21,1.4383561644,366.5179258537,368.7988207241,62.2314683550,-0.0045814085,162,0.8210955700,160.3399175232,709.2836318989,2,0,62.2314683550
daily,GOOGL,2026-08-17,1530,2026-08-19,0.0054794521,343.9753058548,343.9753058548,0.0000000000,0.0270653127,40,0.0265810717,0.1877283782,0.3655879539,2,0,66.3698252022
daily,GOOGL,2026-08-17,1530,2026-08-21,0.0109589041,344.0866943004,344.0896545375,0.0860317227,0.0021227682,88,0.0691017016,2.3044963894,6.4887730030,2,0,66.3698252022
daily,GOOGL,2026-08-17,1530,2026-08-24,0.0191780822,344.0474954885,344.0556461336,0.2369046483,0.0225836213,38,0.1126160367,1.1921477286,2.0547582260,2,0,66.3698252022
daily,GOOGL,2026-08-17,1530,2026-08-26,0.0246575342,344.1195159513,344.1382418032,0.5441671015,0.0162389396,54,0.0553712234,1.9457983223,3.2634402942,2,0,66.3698252022
daily,GOOGL,2026-08-17,1530,2026-08-28,0.0301369863,344.2741727693,344.2911270575,0.4924647128,0.0054283207,69,0.0347706473,5.1438286235,9.7584950353,2,0,66.3698252022
daily,GOOGL,2026-08-17,1530,2026-08-31,0.0383561644,344.5493464120,344.5901244998,1.1835195217,-0.0102582461,25,0.1397948126,5.9049517727,10.3222661061,2,0,66.3698252022
daily,GOOGL,2026-08-17,1530,2026-09-04,0.0493150685,344.4943966554,344.5467216069,1.5188912207,0.0029843111,73,0.1573185462,9.3135443242,17.9550701846,2,0,66.3698252022
daily,GOOGL,2026-08-17,1530,2026-09-11,0.0684931507,344.7234004012,344.7812508261,1.6781693606,0.0028089801,59,0.1355914033,15.0594131631,21.3744393105,2,0,66.3698252022
daily,GOOGL,2026-08-17,1530,2026-09-18,0.0876712329,344.9579857726,345.0246424587,1.9323131773,0.0024293700,92,0.1506125371,26.1655864707,45.6133399443,2,0,66.3698252022
daily,GOOGL,2026-08-17,1530,2026-09-25,0.1068493151,345.1959898255,345.2670040860,2.0572156879,0.0022517110,61,0.1415921194,24.3179464873,40.0877069525,2,0,66.3698252022
daily,GOOGL,2026-08-17,1530,2026-10-02,0.1260273973,345.5012200000,345.5940296071,2.6862309511,0.0001879246,74,0.2879019042,26.3156969662,44.8865009433,2,0,66.3698252022
daily,GOOGL,2026-08-17,1530,2026-10-16,0.1643835616,346.0878856834,346.2283921399,4.0598490260,-0.0021002365,93,0.1928627384,44.5458732400,87.7169468941,2,0,66.3698252022
daily,GOOGL,2026-08-17,1530,2026-11-20,0.2602739726,347.5001193360,347.7692846545,7.7457619005,-0.0039414221,106,0.1787037895,56.8285140128,141.9132069174,2,0,66.3698252022
daily,GOOGL,2026-08-17,1530,2026-12-18,0.3369863014,348.3537442924,348.7427160256,11.1659983443,-0.0024570339,124,0.3588880100,84.4312148194,178.9551347033,2,0,66.3698252022
daily,GOOGL,2026-08-17,1530,2027-01-15,0.4136986301,349.5523942303,350.0579532890,14.4630409360,-0.0036397225,129,0.3420324288,93.0459834176,221.3964372373,2,0,66.3698252022
daily,GOOGL,2026-08-17,1530,2027-02-19,0.5095890411,351.1208247015,351.8125255559,19.6997957903,-0.0052007155,103,0.5044738385,34.5702818774,236.3512809902,2,0,66.3698252022
daily,GOOGL,2026-08-17,1530,2027-03-19,0.5863013699,352.2139078589,353.0330688422,23.2574854375,-0.0052322990,124,0.5511511839,65.7899773342,310.2248626590,2,0,66.3698252022
daily,GOOGL,2026-08-17,1530,2027-06-17,0.8328767123,355.6547417712,356.7861787765,31.8127912385,-0.0046255355,154,0.4862430071,108.8324240841,426.9240222220,2,0,66.3698252022
daily,GOOGL,2026-08-17,1530,2027-09-17,1.0849315068,358.8443730323,360.4689171124,45.2715495110,-0.0035266972,159,0.5404362015,141.4248945957,545.3693899615,2,0,66.3698252022
daily,GOOGL,2026-08-17,1530,2027-12-17,1.3342465753,362.5567418474,364.7782986184,61.2747334310,-0.0037226653,166,0.7209749369,151.3743365267,667.3328119723,2,0,66.3698252022
daily,GOOGL,2026-08-17,1530,2028-01-21,1.4301369863,364.5702655433,366.9899120231,66.3698252022,-0.0048103811,165,0.7054882330,164.4219012868,718.0248560380,2,0,66.3698252022
daily,GOOGL,2026-08-18,1530,2026-08-19,0.0027397260,343.3406054575,343.3075690440,-0.9622052557,0.1892384093,28,2.0862135117,0.0140700625,3.6124503970,2,0,68.3391074718
daily,GOOGL,2026-08-18,1530,2026-08-21,0.0082191781,343.4995334176,343.5027332603,0.0931542077,0.0191598850,92,0.0452006826,1.3092059471,3.3114265407,2,0,68.3391074718
daily,GOOGL,2026-08-18,1530,2026-08-24,0.0164383562,343.4321341687,343.4302013634,-0.0562791053,0.0413460527,51,0.4319954410,0.1075718615,1.2638394903,2,0,68.3391074718
daily,GOOGL,2026-08-18,1530,2026-08-26,0.0219178082,343.5779661591,343.5824337548,0.1300314950,0.0202495985,46,0.0670670435,1.8710438911,3.3462538952,2,0,68.3391074718
daily,GOOGL,2026-08-18,1530,2026-08-28,0.0273972603,343.6762187407,343.6850472575,0.2568847183,0.0128681306,73,0.1148812738,3.9332899352,7.4253570997,2,0,68.3391074718
daily,GOOGL,2026-08-18,1530,2026-08-31,0.0356164384,343.7584287730,343.7642635627,0.1697351765,0.0121599375,41,0.0237105606,2.9392039169,7.0792877584,2,0,68.3391074718
daily,GOOGL,2026-08-18,1530,2026-09-02,0.0410958904,343.8827257079,343.9589780846,2.2173947975,0.0018048760,28,0.0831134713,4.6540898692,8.5985289987,2,0,68.3391074718
daily,GOOGL,2026-08-18,1530,2026-09-04,0.0465753425,343.8317470110,343.8496888576,0.5218205355,0.0128673304,72,0.1295307771,7.3550823271,12.9861427495,2,0,68.3391074718
daily,GOOGL,2026-08-18,1530,2026-09-11,0.0657534247,344.1103644919,344.1821425303,2.0859016705,0.0054535844,58,0.1863403181,12.9924748555,19.5162235243,2,0,68.3391074718
daily,GOOGL,2026-08-18,1530,2026-09-18,0.0849315068,344.3299358082,344.3645955926,1.0065864394,0.0065265317,88,0.1867307684,22.6118696969,43.2808430392,2,0,68.3391074718
daily,GOOGL,2026-08-18,1530,2026-09-25,0.1041095890,344.4980243354,344.5810090929,2.4088601857,0.0062998157,63,0.1268669349,22.1926103826,33.2525199134,2,0,68.3391074718
daily,GOOGL,2026-08-18,1530,2026-10-02,0.1232876712,344.6198520661,344.7280857962,3.1406702054,0.0077780952,75,0.1350260296,23.0200866490,37.7841003081,2,0,68.3391074718
daily,GOOGL,2026-08-18,1530,2026-10-16,0.1616438356,345.3967663593,345.5889093740,5.5629650715,-0.0003469459,88,0.2299105459,40.8809123760,86.1789134754,2,0,68.3391074718
daily,GOOGL,2026-08-18,1530,2026-11-20,0.2575342466,346.9189443446,347.2224867439,8.7496634086,-0.0038941535,102,0.2755371608,63.9627035249,141.6421156920,2,0,68.3391074718
daily,GOOGL,2026-08-18,1530,2026-12-18,0.3342465753,347.6447699041,348.0974265936,13.0206673226,-0.0015631349,123,0.3111241143,83.4976593979,175.0794250116,2,0,68.3391074718
daily,GOOGL,2026-08-18,1530,2027-01-15,0.4109589041,348.7850415048,349.2917102561,14.5266766347,-0.0021313027,124,0.3868839466,86.9797273670,217.7842322948,2,0,68.3391074718
daily,GOOGL,2026-08-18,1530,2027-02-19,0.5068493151,350.5628799288,351.2599140532,19.8832838343,-0.0052386702,101,0.6388987396,31.6778180404,237.1128739316,2,0,68.3391074718
daily,GOOGL,2026-08-18,1530,2027-03-19,0.5835616438,351.4474658759,352.2920160849,24.0306245163,-0.0043058640,130,0.4140848713,65.4550104456,307.6695933137,2,0,68.3391074718
daily,GOOGL,2026-08-18,1530,2027-06-17,0.8301369863,355.0467655696,356.4001706980,38.1190665469,-0.0050809415,152,0.5397193333,105.4330307816,427.2655676534,2,0,68.3391074718
daily,GOOGL,2026-08-18,1530,2027-09-17,1.0821917808,358.1440571248,359.8747557610,48.3240919906,-0.0032801849,165,0.5475642256,134.4170546726,543.0875995122,2,0,68.3391074718
daily,GOOGL,2026-08-18,1530,2027-12-17,1.3315068493,362.2828141291,364.5526781870,62.6544779213,-0.0042603602,164,0.7027107910,155.0928435331,672.4353559725,2,0,68.3391074718
daily,GOOGL,2026-08-18,1530,2028-01-21,1.4273972603,363.7324785123,366.2181938063,68.3391074718,-0.0042596051,164,0.7013246538,164.5852939208,718.2397236074,2,0,68.3391074718
daily,GOOGL,2026-08-19,1530,2026-08-21,0.0054794521,344.8499689781,344.8601302249,0.2946570334,-0.0416738260,82,0.0529987559,1.9233780822,3.3332356667,2,0,64.7352859548
daily,GOOGL,2026-08-19,1530,2026-08-24,0.0136986301,344.8749353609,344.8848519184,0.2875406826,0.0007412402,42,0.0581920772,1.7528970643,3.4724811968,2,0,64.7352859548
daily,GOOGL,2026-08-19,1530,2026-08-26,0.0191780822,345.0213979392,345.0602102458,1.1249246208,-0.0151933854,51,0.0765646016,3.6621156770,4.9336079744,2,0,64.7352859548
daily,GOOGL,2026-08-19,1530,2026-08-28,0.0246575342,345.0704148498,345.0982295718,0.8060593085,-0.0078987670,68,0.0658282666,5.0994531728,7.8841523882,2,0,64.7352859548
daily,GOOGL,2026-08-19,1530,2026-08-31,0.0328767123,345.0939165560,345.1353636104,1.2010369457,0.0002380012,49,0.0858198381,3.8222987166,6.9995257971,2,0,64.7352859548
daily,GOOGL,2026-08-19,1530,2026-09-02,0.0383561644,345.0823515884,345.0984157540,0.4655168685,0.0083865316,49,0.1476226710,3.3936465895,6.9765142023,2,0,64.7352859548
daily,GOOGL,2026-08-19,1530,2026-09-04,0.0438356164,345.3046359638,345.3363348832,0.9179986651,-0.0036664193,72,0.1418471018,8.8087942447,13.6478167235,2,0,64.7352859548
daily,GOOGL,2026-08-19,1530,2026-09-11,0.0630136986,345.4009523730,345.4484242180,1.3743982087,0.0037852571,60,0.1492778213,12.8929461713,20.0749324141,2,0,64.7352859548
daily,GOOGL,2026-08-19,1530,2026-09-18,0.0821917808,345.6615635717,345.7431592306,2.3605650012,0.0013317843,95,0.0677653188,24.6313378775,44.8903922786,2,0,64.7352859548
daily,GOOGL,2026-08-19,1530,2026-09-25,0.1013698630,345.7898460571,345.8343492796,1.2870020036,0.0056036750,65,0.0845974763,22.6063540540,31.7524795547,2,0,64.7352859548
daily,GOOGL,2026-08-19,1530,2026-10-02,0.1205479452,346.2352438968,346.3432730933,3.1201097641,-0.0014965364,68,0.3859498226,28.2856207681,42.1920939803,2,0,64.7352859548
daily,GOOGL,2026-08-19,1530,2026-10-16,0.1589041096,346.8212031894,346.9729453756,4.3752280675,-0.0031558459,88,0.1874660157,44.2710656055,87.4305440698,2,0,64.7352859548
daily,GOOGL,2026-08-19,1530,2026-11-20,0.2547945205,348.2593371592,348.5799856819,9.2071766207,-0.0053960499,102,0.3108718247,60.6702724927,142.5939672421,2,0,64.7352859548
daily,GOOGL,2026-08-19,1530,2026-12-18,0.3315068493,349.2033715652,349.5971900269,11.2776248380,-0.0039191030,117,0.3618688140,84.8894073833,180.6251156915,2,0,64.7352859548
daily,GOOGL,2026-08-19,1530,2027-01-15,0.4082191781,350.2576254030,350.7641136081,14.4604476365,-0.0038460742,123,0.4526107644,95.8251732710,219.3892218592,2,0,64.7352859548
daily,GOOGL,2026-08-19,1530,2027-02-19,0.5041095890,351.7539453650,352.3385909385,16.6208675474,-0.0044007779,103,0.4331841728,33.2893289670,232.5891828081,2,0,64.7352859548
daily,GOOGL,2026-08-19,1530,2027-03-19,0.5808219178,352.9282486025,353.7277708557,22.6539602975,-0.0053106188,122,0.5250611351,67.0846759857,308.9737972427,2,0,64.7352859548
daily,GOOGL,2026-08-19,1530,2027-06-17,0.8273972603,356.4786003176,357.8032032573,37.1579931734,-0.0056509618,153,0.4525900117,104.3342061475,429.2651998361,2,0,64.7352859548
daily,GOOGL,2026-08-19,1530,2027-09-17,1.0794520548,359.1493953055,361.0824840588,53.8240848682,-0.0032097581,162,0.5291729386,130.6455529850,536.7278145953,2,0,64.7352859548
daily,GOOGL,2026-08-19,1530,2027-12-17,1.3287671233,363.2950877065,365.6468888454,64.7352859548,-0.0039634496,163,0.7799593907,150.3534307965,662.0344375693,2,0,64.7352859548
daily,GOOGL,2026-08-19,1530,2028-01-21,1.4246575342,365.3823518866,367.6901868250,63.1621895929,-0.0047033614,165,0.8088902157,163.1839157695,711.2849307214,2,0,64.7352859548
daily,GOOGL,2026-08-20,1530,2026-08-21,0.0027397260,340.6203217593,340.6215742740,0.0367715779,-0.0337062222,68,0.0232213219,0.6949059471,1.2647435445,2,0,65.4374330567
daily,GOOGL,2026-08-20,1530,2026-08-24,0.0109589041,340.6142222947,340.6189331694,0.1383052845,0.0205108089,39,0.0430817311,0.7782081127,1.2426586017,2,0,65.4374330567
daily,GOOGL,2026-08-20,1530,2026-08-26,0.0164383562,340.6585000347,340.6588420319,0.0100392968,0.0190932996,53,0.0431066564,1.2269608125,2.6161668327,2,0,65.4374330567
daily,GOOGL,2026-08-20,1530,2026-08-28,0.0219178082,340.7777029286,340.7811443541,0.1009874017,0.0073527059,71,0.0866094973,3.4994064799,5.8013845139,2,0,65.4374330567
daily,GOOGL,2026-08-20,1530,2026-08-31,0.0301369863,340.9038589759,340.9175140070,0.4005537263,0.0023371747,41,0.1038623293,4.4720804607,6.6123896279,2,0,65.4374330567
daily,GOOGL,2026-08-20,1530,2026-09-02,0.0356164384,340.9329483498,340.9462613346,0.3904868940,0.0054009014,47,0.1254263585,4.0440900991,7.9949438934,2,0,65.4374330567
daily,GOOGL,2026-08-20,1530,2026-09-04,0.0410958904,340.9938078523,341.0348168571,1.2026319508,0.0033800309,74,0.1039057196,7.9283526422,12.9610675193,2,0,65.4374330567
daily,GOOGL,2026-08-20,1530,2026-09-11,0.0602739726,341.0774416196,341.1106026149,0.9722424087,0.0105943868,57,0.1222219882,11.6911624887,16.8018909748,2,0,65.4374330567
daily,GOOGL,2026-08-20,1530,2026-09-18,0.0794520548,341.4243924641,341.5219199259,2.8564878167,0.0019550511,93,0.1327150485,23.1059349572,40.8760263938,2,0,65.4374330567
daily,GOOGL,2026-08-20,1530,2026-09-25,0.0986301370,341.6561348494,341.7020187878,1.3429859359,0.0035361206,65,0.1215395988,22.9524333979,33.2721320487,2,0,65.4374330567
daily,GOOGL,2026-08-20,1530,2026-10-02,0.1178082192,341.9113433759,342.0390648123,3.7355132812,0.0007047913,70,0.3252169069,26.5950316799,40.7577622026,2,0,65.4374330567
daily,GOOGL,2026-08-20,1530,2026-10-16,0.1561643836,342.4851595848,342.6701710911,5.4020298710,-0.0017489778,89,0.2774922427,41.1160566712,83.3090399361,2,0,65.4374330567
daily,GOOGL,2026-08-20,1530,2026-11-20,0.2520547945,343.8603747397,344.0870679980,6.5925961508,-0.0025224683,103,0.2420578792,58.5623741678,137.4223723675,2,0,65.4374330567
daily,GOOGL,2026-08-20,1530,2026-12-18,0.3287671233,344.6586614112,345.0220731473,10.5441057161,-0.0010947045,120,0.3776947437,85.2593914631,175.8227502581,2,0,65.4374330567
daily,GOOGL,2026-08-20,1530,2027-01-15,0.4054794521,345.8665631166,346.3753107506,14.7093615916,-0.0029978199,128,0.2759209540,95.0044107845,217.9018712301,2,0,65.4374330567
daily,GOOGL,2026-08-20,1530,2027-02-19,0.5013698630,347.4442005837,348.0827976052,18.3798440279,-0.0045930163,102,0.4207889553,34.5531846615,233.3270317685,2,0,65.4374330567
daily,GOOGL,2026-08-20,1530,2027-03-19,0.5780821918,348.2988593946,349.0799213075,22.4250494046,-0.0035988597,123,0.4473253410,71.4978769011,305.2647144249,2,0,65.4374330567
daily,GOOGL,2026-08-20,1530,2027-06-17,0.8246575342,351.9273573344,353.0254665232,31.2027231159,-0.0041329148,154,0.4850776242,114.3440490745,426.4919048234,2,0,65.4374330567
daily,GOOGL,2026-08-20,1530,2027-09-17,1.0767123288,355.6316437861,357.3621075489,48.6588804184,-0.0048831718,156,0.7301355483,142.2741647211,553.0666882977,2,0,65.4374330567
daily,GOOGL,2026-08-20,1530,2027-12-17,1.3260273973,359.2300154933,361.4025179650,60.4766410914,-0.0043269229,162,0.7030683096,159.6342478699,675.2986383209,2,0,65.4374330567
daily,GOOGL,2026-08-20,1530,2028-01-21,1.4219178082,360.8133628527,363.1744328805,65.4374330567,-0.0045635106,161,0.7297076813,169.4008691280,722.8737167992,2,0,65.4374330567
daily,GOOGL,2026-08-21,1530,2026-08-24,0.0082191781,345.3301029186,345.3331450389,0.0880931101,0.0156897192,33,0.0197192812,0.7595027518,1.1685363187,2,0,68.7823357717
daily,GOOGL,2026-08-21,1530,2026-08-26,0.0136986301,345.4739473143,345.4869887331,0.3774935541,-0.0079244326,46,0.0506004496,2.5105843228,3.5117899425,2,0,68.7823357717
daily,GOOGL,2026-08-21,1530,2026-08-28,0.0191780822,345.5754185186,345.6046962961,0.8472181746,-0.0125827165,70,0.0563266560,4.8639955115,10.2818084391,2,0,68.7823357717
daily,GOOGL,2026-08-21,1530,2026-08-31,0.0273972603,345.5781978766,345.5918182206,0.3941320411,0.0039338463,45,0.0770146531,3.6135363731,6.4911737960,2,0,68.7823357717
daily,GOOGL,2026-08-21,1530,2026-09-02,0.0328767123,345.6727222511,345.7051884259,0.9392171460,-0.0003751060,51,0.1289872706,4.7379347797,7.8695928235,2,0,68.7823357717
daily,GOOGL,2026-08-21,1530,2026-09-04,0.0383561644,345.7583734178,345.7919704272,0.9716904064,-0.0014455506,73,0.1524006171,8.5374915152,14.3199704258,2,0,68.7823357717
daily,GOOGL,2026-08-21,1530,2026-09-11,0.0575342466,345.9630017312,345.9928430134,0.8625570359,0.0015888041,57,0.1100223701,13.2373835196,18.2796056009,2,0,68.7823357717
daily,GOOGL,2026-08-21,1530,2026-09-18,0.0767123288,346.1889244676,346.2776662446,2.5633915696,-0.0000503521,92,0.1555439261,22.3539209593,41.5789256395,2,0,68.7823357717
daily,GOOGL,2026-08-21,1530,2026-09-25,0.0958904110,346.4120101399,346.5214841426,3.1602253813,0.0000922056,65,0.0750294261,21.4539141255,32.7626977392,2,0,68.7823357717
daily,GOOGL,2026-08-21,1530,2026-10-02,0.1150684932,346.8580376035,346.9845968944,3.6487345585,-0.0053744526,73,0.2881637669,26.1323589361,41.9882491098,2,0,68.7823357717
daily,GOOGL,2026-08-21,1530,2026-10-16,0.1534246575,347.2340331814,347.3854559315,4.3608268678,-0.0020788214,84,0.2492513691,41.0077615079,82.6225516036,2,0,68.7823357717
daily,GOOGL,2026-08-21,1530,2026-11-20,0.2493150685,348.6301939869,348.8841273640,7.2837459725,-0.0032703263,104,0.2332377632,59.0411570445,134.7496137059,2,0,68.7823357717
daily,GOOGL,2026-08-21,1530,2026-12-18,0.3260273973,349.6076553503,349.9286894651,9.1826969443,-0.0025614136,118,0.3613537999,83.4352944077,173.9089888559,2,0,68.7823357717
daily,GOOGL,2026-08-21,1530,2027-01-15,0.4027397260,350.6653111702,351.1917661038,15.0130314237,-0.0034375196,126,0.3296143979,94.8584747409,214.4805039643,2,0,68.7823357717
daily,GOOGL,2026-08-21,1530,2027-02-19,0.4986301370,352.0647748756,352.7733766760,20.1270292000,-0.0041065265,101,0.6268860123,32.2231235688,228.9579911131,2,0,68.7823357717
daily,GOOGL,2026-08-21,1530,2027-03-19,0.5753424658,353.1536997418,354.0250270419,24.6727501561,-0.0044356578,127,0.4603748899,61.9798654017,301.3659416353,2,0,68.7823357717
daily,GOOGL,2026-08-21,1530,2027-06-17,0.8219178082,356.6961282510,357.8799552519,33.1886697707,-0.0044112599,155,0.4376697844,100.3950403361,419.8164896368,2,0,68.7823357717
daily,GOOGL,2026-08-21,1530,2027-09-17,1.0739726027,360.5562840554,362.4528541369,52.6012210949,-0.0056340830,159,0.6170033868,132.2374071024,545.7699614216,2,0,68.7823357717
daily,GOOGL,2026-08-21,1530,2027-12-17,1.3232876712,364.1294298079,366.1754808013,56.1902122118,-0.0040794731,163,0.7835279680,148.0692323848,663.9914894029,2,0,68.7823357717
daily,GOOGL,2026-08-21,1530,2028-01-21,1.4191780822,365.5710934132,368.0855767827,68.7823357717,-0.0045237606,162,0.8103337640,159.1042157169,711.4640952420,2,0,68.7823357717
daily,GOOGL,2026-08-24,1538,2026-08-26,0.0054794521,348.7942297101,348.7918796042,-0.0673780043,0.0892715829,27,1.2079994059,0.0286261913,3.2528922426,2,0,68.6067504352
daily,GOOGL,2026-08-24,1538,2026-08-28,0.0109589041,348.9416384657,348.9420218603,0.0109873559,0.0243338328,73,0.1332714592,0.9972566871,2.0347876407,2,0,68.6067504352
daily,GOOGL,2026-08-24,1538,2026-08-31,0.0191780822,348.9528750407,348.9549108399,0.0583402333,0.0282385565,46,0.0812873141,0.7325304295,1.5298028042,2,0,68.6067504352
daily,GOOGL,2026-08-24,1538,2026-09-02,0.0246575342,348.9193143150,348.9234106372,0.1174002710,0.0340552888,55,0.1645235276,0.6187768498,2.0399062874,2,0,68.6067504352
daily,GOOGL,2026-08-24,1538,2026-09-04,0.0301369863,349.1490275870,349.1609115678,0.3403698678,0.0121832718,64,0.0414527845,5.0524181588,9.3861381120,2,0,68.6067504352
daily,GOOGL,2026-08-24,1538,2026-09-11,0.0493150685,349.1938200689,349.2194000783,0.7325447337,0.0188028359,85,0.2002073960,5.4314393158,12.0226829595,2,0,68.6067504352
daily,GOOGL,2026-08-24,1538,2026-09-18,0.0684931507,349.4856893968,349.5459069569,1.7230336448,0.0105168407,110,0.1182139561,14.5107013136,36.7395590083,2,0,68.6067504352
daily,GOOGL,2026-08-24,1538,2026-09-25,0.0876712329,349.7072072465,349.7394413538,0.9217455830,0.0101703612,69,0.1320439597,15.8898713406,32.5266578572,2,0,68.6067504352
daily,GOOGL,2026-08-24,1538,2026-10-02,0.1068493151,350.0704010999,350.1382927650,1.9393717622,0.0043067308,69,0.0572640905,21.3161274711,32.5608758359,2,0,68.6067504352
daily,GOOGL,2026-08-24,1538,2026-10-16,0.1452054795,350.7289855622,350.8765262759,4.2066872063,-0.0013458599,87,0.2064911681,37.2787497340,75.7087653024,2,0,68.6067504352
daily,GOOGL,2026-08-24,1538,2026-11-20,0.2410958904,351.9719901598,352.2846294608,8.8825051346,-0.0016154251,102,0.2487541463,53.7122575209,126.3041114693,2,0,68.6067504352
daily,GOOGL,2026-08-24,1538,2026-12-18,0.3178082192,352.8572717147,353.1173365152,7.3702548107,0.0008301753,119,0.3245166350,80.1057563271,161.9621463062,2,0,68.6067504352
daily,GOOGL,2026-08-24,1538,2027-01-15,0.3945205479,354.1138571556,354.5363403179,11.9307153269,-0.0017770447,118,0.5467728206,89.0814550635,205.7600231984,2,0,68.6067504352
daily,GOOGL,2026-08-24,1538,2027-02-19,0.4904109589,355.4687724420,355.9640435311,13.9329000902,-0.0018332880,105,0.3631950746,30.6798614192,218.7056301282,2,0,68.6067504352
daily,GOOGL,2026-08-24,1538,2027-03-19,0.5671232877,356.4978182706,357.3843327050,24.8673172446,-0.0031217635,119,0.5798063898,59.9465976638,291.8110037491,2,0,68.6067504352
daily,GOOGL,2026-08-24,1538,2027-06-17,0.8136986301,360.0093175359,361.2855905929,35.4511118131,-0.0031843343,150,0.4810621441,102.4238154385,411.3558570762,2,0,68.6067504352
daily,GOOGL,2026-08-24,1538,2027-09-17,1.0657534247,363.7609523064,365.3232223175,42.9477106088,-0.0030307336,162,0.5332345932,121.5721526847,532.2743157613,2,0,68.6067504352
daily,GOOGL,2026-08-24,1538,2027-12-17,1.3150684932,367.7262198270,369.8390004837,57.4552627152,-0.0034602593,163,0.8142850057,142.9778229087,655.4496136302,2,0,68.6067504352
daily,GOOGL,2026-08-24,1538,2028-01-21,1.4109589041,369.3464127011,371.8803784171,68.6067504352,-0.0041374024,165,0.7296641183,153.5627441809,703.1553991405,2,0,68.6067504352
daily,GOOGL,2026-08-25,1530,2026-08-26,0.0027397260,346.1601202621,346.1601202621,0.0000000000,0.0377123249,36,0.0338943310,0.0312626782,0.0913939031,2,0,63.1294994554
daily,GOOGL,2026-08-25,1530,2026-08-28,0.0082191781,346.3254121478,346.3329443985,0.2174905566,-0.0229313609,63,0.0381018750,2.3090589720,4.0443725445,2,0,63.1294994554
daily,GOOGL,2026-08-25,1530,2026-08-31,0.0164383562,346.4258866444,346.4393033154,0.3872883473,-0.0112251752,40,0.0656341636,2.9899589423,4.3088107399,2,0,63.1294994554
daily,GOOGL,2026-08-25,1530,2026-09-02,0.0219178082,346.4532772947,346.4640397579,0.3106468863,-0.0022166960,44,0.0566636704,3.3768081667,5.0966438257,2,0,63.1294994554
daily,GOOGL,2026-08-25,1530,2026-09-04,0.0273972603,346.4765299085,346.4864398763,0.2860213295,0.0034346926,73,0.0939396511,5.2215983052,9.0348867503,2,0,63.1294994554
daily,GOOGL,2026-08-25,1530,2026-09-09,0.0410958904,346.5023343638,346.5171792499,0.4284209540,0.0127441450,28,0.1128714152,3.9738836830,7.3333014434,2,0,63.1294994554
daily,GOOGL,2026-08-25,1530,2026-09-11,0.0465753425,346.7029986715,346.7322149086,0.8426877527,0.0023767813,77,0.1033206844,8.9555382321,14.7299744799,2,0,63.1294994554
daily,GOOGL,2026-08-25,1530,2026-09-18,0.0657534247,346.9173397128,346.9788322548,1.7725416096,0.0019067070,109,0.0757373217,20.3529043692,37.8864319481,2,0,63.1294994554
daily,GOOGL,2026-08-25,1530,2026-09-25,0.0849315068,347.1659065959,347.2572272213,2.6304606433,0.0005773628,66,0.1206204973,20.8931002151,30.3280376045,2,0,63.1294994554
daily,GOOGL,2026-08-25,1530,2026-10-02,0.1041095890,347.4847504514,347.5958995124,3.1986745005,-0.0019946706,67,0.2113225712,26.6856227585,38.0073137927,2,0,63.1294994554
daily,GOOGL,2026-08-25,1530,2026-10-16,0.1424657534,348.0413297814,348.1782810373,3.9349135904,-0.0030168521,85,0.2879806263,43.8690034770,81.9868499651,2,0,63.1294994554
daily,GOOGL,2026-08-25,1530,2026-11-20,0.2383561644,349.3648104880,349.6181318657,7.2509128023,-0.0032630976,99,0.2687430734,60.5644321622,133.0845547978,2,0,63.1294994554
daily,GOOGL,2026-08-25,1530,2026-12-18,0.3150684932,350.1372655559,350.4701972048,9.5086036732,-0.0005718046,120,0.3508984781,79.8763539472,167.7532776814,2,0,63.1294994554
daily,GOOGL,2026-08-25,1530,2027-01-15,0.3917808219,351.5491861766,352.0197866076,13.3864747654,-0.0038940823,125,0.3844787474,91.8828337244,213.0992141374,2,0,63.1294994554
daily,GOOGL,2026-08-25,1530,2027-02-19,0.4876712329,353.0014517490,353.6245084815,17.6502597769,-0.0045626676,104,0.4233407498,33.4406463497,226.9552372563,2,0,63.1294994554
daily,GOOGL,2026-08-25,1530,2027-03-19,0.5643835616,354.0643475822,354.7412868735,19.1191035152,-0.0040029034,125,0.3846158813,64.4080272130,298.3763993029,2,0,63.1294994554
daily,GOOGL,2026-08-25,1530,2027-06-17,0.8109589041,357.5395561797,358.7947494083,35.1064156934,-0.0043903956,152,0.4674367714,112.2114306282,419.3397399731,2,0,63.1294994554
daily,GOOGL,2026-08-25,1530,2027-09-17,1.0630136986,361.1511737973,362.7877058060,45.3143206365,-0.0039038306,159,0.6061490282,129.7363221084,537.6233805238,2,0,63.1294994554
daily,GOOGL,2026-08-25,1530,2027-12-17,1.3123287671,364.9307213491,367.2345107266,63.1294994554,-0.0041096715,161,0.7869841502,149.0637726465,659.7104753389,2,0,63.1294994554
daily,GOOGL,2026-08-25,1530,2028-01-21,1.4082191781,366.5965526143,368.8332567050,61.0126875077,-0.0039268084,168,0.6176013024,160.6412497730,705.9376132109,2,0,63.1294994554
daily,GOOGL,2026-08-26,1530,2026-08-28,0.0054794521,341.8888367148,341.9373765613,1.4197552330,-0.1102099081,64,0.0329172926,3.6060661026,7.5095534003,2,0,62.3827275033
daily,GOOGL,2026-08-26,1530,2026-08-31,0.0136986301,341.9773201919,341.9865198834,0.2690146651,-0.0318713075,40,0.0759970409,4.0241538154,5.7031317452,2,0,62.3827275033
daily,GOOGL,2026-08-26,1530,2026-09-02,0.0191780822,342.0478584612,342.0877454803,1.1661239245,-0.0273856731,44,0.0680455205,5.3559373468,7.9523959755,2,0,62.3827275033
daily,GOOGL,2026-08-26,1530,2026-09-04,0.0246575342,341.9745099361,341.9935386181,0.5564356840,-0.0017212202,70,0.0901064375,5.0016602995,9.6263107726,2,0,62.3827275033
daily,GOOGL,2026-08-26,1530,2026-09-09,0.0383561644,342.2674111174,342.3200978321,1.5393435941,-0.0124754578,45,0.0685955093,6.8126797509,12.2966899246,2,0,62.3827275033
daily,GOOGL,2026-08-26,1530,2026-09-11,0.0438356164,342.2787766777,342.3351663434,1.6474777150,-0.0071902903,74,0.0850372670,10.8017190255,17.7411407551,2,0,62.3827275033
daily,GOOGL,2026-08-26,1530,2026-09-18,0.0630136986,342.5119361429,342.5546298855,1.2464891910,-0.0036560528,104,0.1622156347,21.5946616532,38.8036548669,2,0,62.3827275033
daily,GOOGL,2026-08-26,1530,2026-09-25,0.0821917808,342.7931472047,342.8761771177,2.4221578993,-0.0053890237,64,0.1911481582,23.7390479415,33.9346774813,2,0,62.3827275033
daily,GOOGL,2026-08-26,1530,2026-10-02,0.1013698630,343.0676145615,343.1534330792,2.5015044875,-0.0052485047,70,0.1273244976,27.4679501122,42.0520790072,2,0,62.3827275033
daily,GOOGL,2026-08-26,1530,2026-10-16,0.1397260274,343.6177228026,343.7817758433,4.7742892680,-0.0065281269,84,0.1821708844,42.9687576532,81.6382126263,2,0,62.3827275033
daily,GOOGL,2026-08-26,1530,2026-11-20,0.2356164384,345.0604369510,345.2835375416,6.4655511539,-0.0064340484,104,0.2852966840,61.8192722777,138.4409032517,2,0,62.3827275033
daily,GOOGL,2026-08-26,1530,2026-12-18,0.3123287671,345.9715574939,346.2945060801,9.3345415021,-0.0045393649,116,0.3870435004,91.4682372639,172.2867620365,2,0,62.3827275033
daily,GOOGL,2026-08-26,1530,2027-01-15,0.3890410959,347.0304481312,347.5917476244,16.1743586527,-0.0053975573,129,0.2979564807,96.8431487423,214.6089030390,2,0,62.3827275033
daily,GOOGL,2026-08-26,1530,2027-02-19,0.4849315068,348.7582906302,349.3047927525,15.6699392398,-0.0065505697,101,0.4101525741,39.6846727999,233.8401030541,2,0,62.3827275033
daily,GOOGL,2026-08-26,1530,2027-03-19,0.5616438356,349.7208793945,350.4289518060,20.2467868857,-0.0058808641,122,0.4833003728,75.2143682249,303.7039230876,2,0,62.3827275033
daily,GOOGL,2026-08-26,1530,2027-06-17,0.8082191781,353.2675381009,354.3878065758,31.7116166646,-0.0056902052,147,0.6521435629,116.5680715369,426.9179351132,2,0,62.3827275033
daily,GOOGL,2026-08-26,1530,2027-09-17,1.0602739726,356.8357347986,358.3882939194,43.5090706864,-0.0052151895,159,0.5536476602,141.4927615663,544.3128367543,2,0,62.3827275033
daily,GOOGL,2026-08-26,1530,2027-12-17,1.3095890411,360.6221207817,362.7723770758,59.6263005002,-0.0054044504,160,0.7042800540,158.4922839477,667.0932994222,2,0,62.3827275033
daily,GOOGL,2026-08-26,1530,2028-01-21,1.4054794521,362.0946895414,364.3535349762,62.3827275033,-0.0052264901,155,0.9128684123,169.2222037355,712.2720553648,2,0,62.3827275033
daily,GOOGL,2026-08-27,1530,2026-08-28,0.0027397260,340.9148352434,340.9251708909,0.3031738823,-0.0853858386,58,0.0109074109,1.4318439144,2.1585378194,2,0,63.2705039677
daily,GOOGL,2026-08-27,1530,2026-08-31,0.0109589041,340.9103784274,340.9149587776,0.1343564323,0.0098410030,39,0.0530780257,1.4650177218,2.6407675830,2,0,63.2705039677
daily,GOOGL,2026-08-27,1530,2026-09-02,0.0164383562,341.0256394424,341.0325727704,0.2033081164,-0.0017766440,44,0.0615338613,3.0847214667,5.3666221570,2,0,63.2705039677
daily,GOOGL,2026-08-27,1530,2026-09-04,0.0219178082,341.0216932714,341.0394263359,0.5199981349,0.0072353256,69,0.0699751149,4.5135618416,8.5333927888,2,0,63.2705039677
daily,GOOGL,2026-08-27,1530,2026-09-09,0.0356164384,341.2050029871,341.2156772675,0.3128406774,0.0045378083,46,0.1260438810,5.0485023327,9.1266602679,2,0,63.2705039677
daily,GOOGL,2026-08-27,1530,2026-09-11,0.0410958904,341.2191096965,341.2497674641,0.8984774501,0.0065603006,75,0.0446363086,8.3554296761,13.5976503136,2,0,63.2705039677
daily,GOOGL,2026-08-27,1530,2026-09-18,0.0602739726,341.5284912426,341.5715244042,1.2600167386,0.0009085371,109,0.1442174584,19.0638754703,36.0009206763,2,0,63.2705039677
daily,GOOGL,2026-08-27,1530,2026-09-25,0.0794520548,341.6749434278,341.7649261866,2.6335779211,0.0027224387,62,0.1703195551,21.2301008948,29.4939425747,2,0,63.2705039677
daily,GOOGL,2026-08-27,1530,2026-10-02,0.0986301370,341.7629408151,341.8510959507,2.5794234869,0.0069167030,65,0.1062786556,23.5409022851,33.7106293101,2,0,63.2705039677
daily,GOOGL,2026-08-27,1530,2026-10-09,0.1178082192,342.6395275544,342.8162907603,5.1588678948,-0.0120798986,40,0.2003416105,7.0503796074,34.1374987661,2,0,63.2705039677
daily,GOOGL,2026-08-27,1530,2026-10-16,0.1369863014,342.5891599671,342.6913179094,2.9819373825,-0.0024207616,90,0.2282121460,40.1679658811,78.7931053176,2,0,63.2705039677
daily,GOOGL,2026-08-27,1530,2026-11-20,0.2328767123,343.8282767059,344.0472440720,6.3685095435,-0.0023519589,102,0.2582171941,62.2266942351,130.5552303305,2,0,63.2705039677
daily,GOOGL,2026-08-27,1530,2026-12-18,0.3095890411,344.7976023474,345.0958345817,8.6494868944,-0.0018736114,124,0.2579150986,84.5507577635,169.6629985241,2,0,63.2705039677
daily,GOOGL,2026-08-27,1530,2027-01-15,0.3863013699,346.1658491060,346.5646395274,11.5202127084,-0.0046066457,124,0.4045973632,102.0051139834,214.3382203251,2,0,63.2705039677
daily,GOOGL,2026-08-27,1530,2027-02-19,0.4821917808,347.7073115921,348.5218975893,23.4273473688,-0.0074265778,96,0.6467193644,40.7084762786,233.8427134168,2,0,63.2705039677
daily,GOOGL,2026-08-27,1530,2027-03-19,0.5589041096,348.5773264035,349.2408211879,19.0343643758,-0.0045477853,127,0.4544821687,74.5515007634,301.6626688521,2,0,63.2705039677
daily,GOOGL,2026-08-27,1530,2027-06-17,0.8054794521,352.1051146507,353.2587085536,32.7627704012,-0.0049297214,151,0.4969754299,117.0303873378,422.8419071091,2,0,63.2705039677
daily,GOOGL,2026-08-27,1530,2027-09-17,1.0575342466,355.8678869929,357.5127802121,46.2220188815,-0.0052691620,163,0.6327542588,142.2830386361,550.1158797484,2,0,63.2705039677
daily,GOOGL,2026-08-27,1530,2027-12-17,1.3068493151,359.5330435638,361.7148802893,60.6852906722,-0.0050080286,162,0.6044761358,160.1197408285,672.4411187092,2,0,63.2705039677
daily,GOOGL,2026-08-27,1530,2028-01-21,1.4027397260,360.9609391198,363.2447571729,63.2705039677,-0.0047371883,162,0.7273470793,170.1946583816,718.3811727026,2,0,63.2705039677
daily,GOOGL,2026-08-31,1530,2026-09-02,0.0054794521,338.8608109925,338.8626625586,0.0546409046,-0.0142658120,38,0.0375774443,0.9773926698,1.3428343198,2,0,71.6720148149
daily,GOOGL,2026-08-31,1530,2026-09-04,0.0109589041,338.8466158516,338.8487503075,0.0629917999,0.0157832699,62,0.0552816209,1.3049710532,2.6237220205,2,0,71.6720148149
daily,GOOGL,2026-08-31,1530,2026-09-09,0.0246575342,338.9092447751,338.9275043858,0.5387758203,0.0188898353,46,0.0454256919,1.7993484179,3.6552617458,2,0,71.6720148149
daily,GOOGL,2026-08-31,1530,2026-09-11,0.0301369863,339.0267630611,339.0388110540,0.3553699654,0.0115307415,69,0.0787659747,4.6486707013,8.2660304980,2,0,71.6720148149
daily,GOOGL,2026-08-31,1530,2026-09-14,0.0383561644,338.9087015973,338.9357630396,0.7984876800,0.0252008791,26,0.0514976712,1.8049314942,3.5559261679,2,0,71.6720148149
daily,GOOGL,2026-08-31,1530,2026-09-18,0.0493150685,339.2641654087,339.3200853034,1.6482700007,0.0051404534,104,0.1370581841,12.1707982892,24.7789398975,2,0,71.6720148149
daily,GOOGL,2026-08-31,1530,2026-09-25,0.0684931507,339.5356695189,339.6029668878,1.9820412085,0.0022696571,62,0.1515475551,14.7274136785,22.2857823320,2,0,71.6720148149
daily,GOOGL,2026-08-31,1530,2026-10-02,0.0876712329,339.7240746826,339.7982239627,2.1826324837,0.0035794107,63,0.0934239641,20.3008977146,29.1073779617,2,0,71.6720148149
daily,GOOGL,2026-08-31,1530,2026-10-09,0.1068493151,339.7945551692,339.9069332339,3.3072355926,0.0067549116,66,0.0724880981,21.1877034654,33.1663079801,2,0,71.6720148149
daily,GOOGL,2026-08-31,1530,2026-10-16,0.1260273973,340.4251101689,340.5615504138,4.0079371576,-0.0037369106,90,0.2053530023,35.6378346665,71.9422443374,2,0,71.6720148149
daily,GOOGL,2026-08-31,1530,2026-11-20,0.2219178082,341.7040073029,341.9484468164,7.1535454154,-0.0034203643,97,0.3108632658,56.3880456288,124.8125983153,2,0,71.6720148149
daily,GOOGL,2026-08-31,1530,2026-12-18,0.2986301370,342.6132138989,342.8947200578,8.2164419667,-0.0015477740,117,0.3129196303,78.9596433586,163.4355529335,2,0,71.6720148149
daily,GOOGL,2026-08-31,1530,2027-01-15,0.3753424658,343.7516929154,344.2843392555,15.4950899450,-0.0036922056,125,0.3078524322,93.3549016038,207.4184600692,2,0,71.6720148149
daily,GOOGL,2026-08-31,1530,2027-02-19,0.4712328767,345.4872778663,345.9812197280,14.2969623891,-0.0049961868,105,0.3985129397,43.7992702058,227.7353525724,2,0,71.6720148149
daily,GOOGL,2026-08-31,1530,2027-03-19,0.5479452055,346.3201306684,347.1292819360,23.3642574013,-0.0044661965,119,0.4292905257,75.4053289482,300.5116545490,2,0,71.6720148149
daily,GOOGL,2026-08-31,1530,2027-06-17,0.7945205479,349.9838239073,351.2279391018,35.5477913409,-0.0047098162,149,0.6042743143,114.7070032352,430.7279624204,2,0,71.6720148149
daily,GOOGL,2026-08-31,1530,2027-09-17,1.0465753425,353.7276199823,355.4469886042,48.6071351157,-0.0046774836,158,0.6650357382,155.1238422777,558.7658603792,2,0,71.6720148149
daily,GOOGL,2026-08-31,1530,2027-12-17,1.2958904110,357.6476884862,359.7379876273,58.4457612457,-0.0044264197,164,0.5999740038,169.2281440470,684.5543685666,2,0,71.6720148149
daily,GOOGL,2026-08-31,1530,2028-01-21,1.3917808219,359.0765127344,361.6500864484,71.6720148149,-0.0048465985,166,0.6798918087,179.0216597230,733.8329544470,2,0,71.6720148149
daily,GOOGL,2026-09-01,1530,2026-09-02,0.0027397260,334.6249605056,334.6304047469,0.1626968084,-0.0547283849,36,0.0256191786,0.7891357203,2.5010418589,2,0,74.4567002910
daily,GOOGL,2026-09-01,1530,2026-09-04,0.0082191781,334.5806572564,334.5816928993,0.0309534607,0.0250955442,69,0.0916463811,0.7915596508,1.6915303222,2,0,74.4567002910
daily,GOOGL,2026-09-01,1530,2026-09-09,0.0219178082,334.6404864937,334.6518362812,0.3391636078,0.0238712867,42,0.0757250679,1.3486614204,2.5792257449,2,0,74.4567002910
daily,GOOGL,2026-09-01,1530,2026-09-11,0.0273972603,334.8221813956,334.8406931112,0.5528819970,0.0061923362,74,0.0324117440,4.5688980206,7.6544798280,2,0,74.4567002910
daily,GOOGL,2026-09-01,1530,2026-09-14,0.0356164384,334.7746917488,334.7893292784,0.4372352505,0.0179411926,25,0.1238647407,2.9746117298,4.5001228744,2,0,74.4567002910
daily,GOOGL,2026-09-01,1530,2026-09-16,0.0410958904,334.7417000540,334.7620592760,0.6082069246,0.0226563954,30,0.1433147235,2.2886948517,4.3990376680,2,0,74.4567002910
daily,GOOGL,2026-09-01,1530,2026-09-18,0.0465753425,335.0661747786,335.1067236038,1.2101736376,0.0024188809,102,0.1021667944,11.9208248983,24.1187825719,2,0,74.4567002910
daily,GOOGL,2026-09-01,1530,2026-09-25,0.0657534247,335.1878526074,335.2550970326,2.0061713073,0.0061925884,58,0.1886024170,13.4171285629,20.0647376903,2,0,74.4567002910
daily,GOOGL,2026-09-01,1530,2026-10-02,0.0849315068,335.3260629470,335.3822037753,1.6742160687,0.0090176282,64,0.1743107832,16.5800529005,25.1145189842,2,0,74.4567002910
daily,GOOGL,2026-09-01,1530,2026-10-09,0.1041095890,335.6425534813,335.6860064606,1.2946206875,0.0057787573,67,0.0401274511,21.0221433818,35.8870440995,2,0,74.4567002910
daily,GOOGL,2026-09-01,1530,2026-10-16,0.1232876712,336.1316782192,336.2740788774,4.2364545625,-0.0033054595,87,0.2110799466,35.5344009813,73.8257802727,2,0,74.4567002910
daily,GOOGL,2026-09-01,1530,2026-11-20,0.2191780822,337.4961618746,337.7394183318,7.2076807016,-0.0045138675,99,0.3295266264,56.9658721340,124.5257132276,2,0,74.4567002910
daily,GOOGL,2026-09-01,1530,2026-12-18,0.2958904110,338.3483389593,338.7459787508,11.7523790058,-0.0029979871,120,0.2030979483,80.2412311705,165.1370517560,2,0,74.4567002910
daily,GOOGL,2026-09-01,1530,2027-01-15,0.3726027397,339.4904304936,339.9398592129,13.2383324818,-0.0035400186,127,0.3573906479,95.9773586862,207.8373780921,2,0,74.4567002910
daily,GOOGL,2026-09-01,1530,2027-02-19,0.4684931507,341.0865706289,341.7021766616,18.0483808416,-0.0056936144,97,0.5101700055,43.1328455325,231.7448664631,2,0,74.4567002910
daily,GOOGL,2026-09-01,1530,2027-03-19,0.5452054795,342.1280543075,342.7839004587,19.1696104115,-0.0048107363,125,0.3969442784,82.6869901634,301.4407081526,2,0,74.4567002910
daily,GOOGL,2026-09-01,1530,2027-06-17,0.7917808219,345.8534512467,346.9312675592,31.1639600142,-0.0051574091,150,0.5156862994,121.5992189219,434.2566037263,2,0,74.4567002910
daily,GOOGL,2026-09-01,1530,2027-09-17,1.0438356164,349.4346282838,351.1017384466,47.7087852187,-0.0049367166,156,0.6929483305,159.6956989139,567.6386846794,2,0,74.4567002910
daily,GOOGL,2026-09-01,1530,2027-12-17,1.2931506849,353.2765043665,355.5486396673,64.3160604454,-0.0051080611,162,0.6730714248,182.8157779442,699.3321033129,2,0,74.4567002910
daily,GOOGL,2026-09-01,1530,2028-01-21,1.3890410959,354.6488791274,357.2894776576,74.4567002910,-0.0051888838,163,0.7173979736,194.8342395664,748.3494728725,2,0,74.4567002910
daily,GOOGL,2026-09-02,1530,2026-09-04,0.0054794521,338.0011585641,337.9834972216,-0.5225231341,0.1013360523,20,0.4104612987,0.0545891540,3.5053879963,2,0,68.6575765072
daily,GOOGL,2026-09-02,1530,2026-09-09,0.0191780822,338.0116924821,338.0091528312,-0.0751349997,0.0524518358,36,1.7923436945,0.0716333340,4.4365572316,2,0,68.6575765072
daily,GOOGL,2026-09-02,1530,2026-09-11,0.0246575342,338.1482457087,338.1519664031,0.1100314569,0.0322062520,75,0.0881086848,1.5499724312,4.0788987491,2,0,68.6575765072
daily,GOOGL,2026-09-02,1530,2026-09-14,0.0328767123,338.0601796585,338.0526354343,-0.2231621667,0.0427005955,34,0.9408990595,0.1505727882,2.9918165556,2,0,68.6575765072
daily,GOOGL,2026-09-02,1530,2026-09-16,0.0383561644,338.1074788147,338.1132273250,0.1700202068,0.0374192537,37,0.3761908588,0.5303871234,1.7333412962,2,0,68.6575765072
daily,GOOGL,2026-09-02,1530,2026-09-18,0.0438356164,338.4682121311,338.5009313283,0.9666844937,0.0114033450,104,0.1082857720,9.5090709194,21.5929972926,2,0,68.6575765072
daily,GOOGL,2026-09-02,1530,2026-09-25,0.0630136986,338.5966048139,338.6387975761,1.2461070671,0.0131695378,64,0.0401034244,10.4403698287,16.5079972561,2,0,68.6575765072
daily,GOOGL,2026-09-02,1530,2026-10-02,0.0821917808,338.8780047945,338.9083272313,0.8947891677,0.0093859444,63,0.0569489070,16.1340955583,24.3739348313,2,0,68.6575765072
daily,GOOGL,2026-09-02,1530,2026-10-09,0.1013698630,339.3976481950,339.4961239380,2.9014857208,-0.0020598540,68,0.1947788731,23.9554223347,34.9346514939,2,0,68.6575765072
daily,GOOGL,2026-09-02,1530,2026-10-16,0.1205479452,339.5712736851,339.6977318434,3.7240534802,-0.0004135257,84,0.1538232213,32.4852446570,67.4396589086,2,0,68.6575765072
daily,GOOGL,2026-09-02,1530,2026-11-20,0.2164383562,340.8229862064,341.0305321424,6.0895521828,-0.0009372519,99,0.3274669709,52.2936103257,117.9299907476,2,0,68.6575765072
daily,GOOGL,2026-09-02,1530,2026-12-18,0.2931506849,341.6943902269,342.0225516791,9.6039461478,-0.0000859732,118,0.2126995768,78.8441730206,158.2555103659,2,0,68.6575765072
daily,GOOGL,2026-09-02,1530,2027-01-15,0.3698630137,343.1658972846,343.6000651640,12.6518364110,-0.0041397804,129,0.2394027214,95.4879687783,204.7780948365,2,0,68.6575765072
daily,GOOGL,2026-09-02,1530,2027-02-19,0.4657534247,344.3036197431,344.9941257300,20.0551474711,-0.0037540718,100,0.4056656205,42.9627934159,219.7968325894,2,0,68.6575765072
daily,GOOGL,2026-09-02,1530,2027-03-19,0.5424657534,345.8430567786,346.5513240175,20.4794407454,-0.0056009006,119,0.4858581124,80.6211140313,297.8848651443,2,0,68.6575765072
daily,GOOGL,2026-09-02,1530,2027-06-17,0.7890410959,348.8822196689,350.1687090678,36.8746048497,-0.0035284212,150,0.6584251779,122.2361301551,423.9367089542,2,0,68.6575765072
daily,GOOGL,2026-09-02,1530,2027-09-17,1.0410958904,352.9498456041,354.7456338878,50.8794183106,-0.0046247727,153,0.6395159872,158.6194254306,559.3289779734,2,0,68.6575765072
daily,GOOGL,2026-09-02,1530,2027-12-17,1.2904109589,356.4632144568,358.7733821295,64.8080244754,-0.0037665311,162,0.6106189172,170.6300092524,686.4329098047,2,0,68.6575765072
daily,GOOGL,2026-09-02,1530,2028-01-21,1.3863013699,358.2041905871,360.6635337492,68.6575765072,-0.0041766889,164,0.6880168574,182.5388272889,737.2419061170,2,0,68.6575765072
daily,GOOGL,2026-09-03,1530,2026-09-04,0.0027397260,343.3153473198,343.3093726604,-0.1740283221,0.0920618999,29,0.5281568303,0.0245791121,1.0288521033,2,0,71.6715557143
daily,GOOGL,2026-09-03,1530,2026-09-09,0.0164383562,343.3523936332,343.3522742693,-0.0034764270,0.0396086316,35,0.1028636759,0.1800596806,0.6387015692,2,0,71.6715557143
daily,GOOGL,2026-09-03,1530,2026-09-11,0.0219178082,343.5466879847,343.5600040858,0.3876067363,0.0116714316,62,0.0939317775,2.9034812992,5.2492669129,2,0,71.6715557143
daily,GOOGL,2026-09-03,1530,2026-09-14,0.0301369863,343.5398359254,343.5434018156,0.1037984494,0.0205208863,25,0.1083728092,1.7930275215,3.0637477158,2,0,71.6715557143
daily,GOOGL,2026-09-03,1530,2026-09-16,0.0356164384,343.3113120278,343.3045999718,-0.1955093143,0.0427703295,32,1.0254046026,0.1696429789,2.8369678226,2,0,71.6715557143
daily,GOOGL,2026-09-03,1530,2026-09-18,0.0410958904,343.7558977595,343.7752455885,0.5628362806,0.0088298816,100,0.0679660498,9.2000608548,19.1567126226,2,0,71.6715557143
daily,GOOGL,2026-09-03,1530,2026-09-25,0.0602739726,343.8704216007,343.9159437793,1.3238178028,0.0113987618,63,0.1123296598,10.2105770359,16.0129214244,2,0,71.6715557143
daily,GOOGL,2026-09-03,1530,2026-10-02,0.0794520548,344.1572753742,344.2454453671,2.5619098952,0.0058247282,64,0.1134145734,16.5496501842,23.5293492517,2,0,71.6715557143
daily,GOOGL,2026-09-03,1530,2026-10-09,0.0986301370,344.3855014388,344.5327672907,4.2761919788,0.0038529110,69,0.1372374570,19.8208339912,31.4229071925,2,0,71.6715557143
daily,GOOGL,2026-09-03,1530,2026-10-16,0.1178082192,344.8791119734,344.9647326462,2.4826285450,-0.0010052465,82,0.0786862305,31.8076150236,64.0498823920,2,0,71.6715557143
daily,GOOGL,2026-09-03,1530,2026-10-23,0.1369863014,344.9246016378,345.0535109392,3.7373182638,0.0027549432,41,0.1608254916,3.8413076078,24.6996561004,2,0,71.6715557143
daily,GOOGL,2026-09-03,1530,2026-11-20,0.2136986301,346.2770033779,346.4712904855,5.6107424320,-0.0032814665,98,0.3172819689,54.5017388733,115.8453614794,2,0,71.6715557143
daily,GOOGL,2026-09-03,1530,2026-12-18,0.2904109589,347.2325409234,347.5248722121,8.4188909225,-0.0019927564,119,0.2035175736,75.4956762752,159.5896302349,2,0,71.6715557143
daily,GOOGL,2026-09-03,1530,2027-01-15,0.3671232877,348.3208263733,348.7266470997,11.6507741049,-0.0024010746,123,0.3034424388,96.4348326466,198.8725770624,2,0,71.6715557143
daily,GOOGL,2026-09-03,1530,2027-02-19,0.4630136986,349.6413813939,350.2552686223,17.5576250725,-0.0032860652,93,0.5929934605,38.2401829692,217.9121600744,2,0,71.6715557143
daily,GOOGL,2026-09-03,1530,2027-03-19,0.5397260274,350.7407677518,351.5334725214,22.6008734224,-0.0037240728,124,0.4095760356,67.0966625261,288.4737034298,2,0,71.6715557143
daily,GOOGL,2026-09-03,1530,2027-04-16,0.6164383562,352.0193564010,352.9776654000,27.2231904732,-0.0045913031,107,0.5333870082,32.5350615596,269.3252911488,2,0,71.6715557143
daily,GOOGL,2026-09-03,1530,2027-06-17,0.7863013699,354.7578464300,355.9828707019,34.5312805412,-0.0051458289,148,0.6180670293,113.2867368308,419.4398657578,2,0,71.6715557143
daily,GOOGL,2026-09-03,1530,2027-09-17,1.0383561644,358.3925781093,360.3627775009,54.9732196465,-0.0051972915,159,0.5698083393,141.4033867810,547.0938635822,2,0,71.6715557143
daily,GOOGL,2026-09-03,1530,2027-12-17,1.2876712329,361.9828589622,364.3150968539,64.4295118943,-0.0038676173,164,0.5818376917,157.7824175893,674.3820563003,2,0,71.6715557143
daily,GOOGL,2026-09-03,1530,2028-01-21,1.3835616438,363.4136412051,366.0182833084,71.6715557143,-0.0038226361,163,0.6683449290,169.4166357366,722.4597109396,2,0,71.6715557143
daily,GOOGL,2026-09-04,1530,2026-09-09,0.0136986301,339.2583023350,339.2718406095,0.3990550688,0.0098666219,40,0.0493512543,1.4161317239,2.6328782357,2,0,68.0241470455
daily,GOOGL,2026-09-04,1530,2026-09-11,0.0191780822,339.4232426704,339.4314338518,0.2413264741,-0.0065489408,67,0.0338180193,4.0760722430,6.8468136063,2,0,68.0241470455
daily,GOOGL,2026-09-04,1530,2026-09-14,0.0273972603,339.3190513746,339.3414815633,0.6610353464,0.0165617944,26,0.0617094104,2.1924741166,3.9106188998,2,0,68.0241470455
daily,GOOGL,2026-09-04,1530,2026-09-16,0.0328767123,339.4055351601,339.4152858651,0.2872877441,0.0135601183,26,0.0648074410,2.8070068617,5.1804614086,2,0,68.0241470455
daily,GOOGL,2026-09-04,1530,2026-09-18,0.0383561644,339.6421472171,339.6859291003,1.2890591935,-0.0036947797,103,0.0594742321,10.2965023437,20.8605662392,2,0,68.0241470455
daily,GOOGL,2026-09-04,1530,2026-09-25,0.0575342466,339.9107923605,339.9474657888,1.0789133246,-0.0030936574,59,0.1159518950,15.2715855437,21.9266449407,2,0,68.0241470455
daily,GOOGL,2026-09-04,1530,2026-10-02,0.0767123288,340.1902029817,340.2712950512,2.3837273629,-0.0051720130,59,0.1031841776,21.7524361764,29.1205140438,2,0,68.0241470455
daily,GOOGL,2026-09-04,1530,2026-10-09,0.0958904110,340.5703586391,340.6506765480,2.3583352712,-0.0081658848,66,0.1879827508,28.9769824837,38.1159247869,2,0,68.0241470455
daily,GOOGL,2026-09-04,1530,2026-10-16,0.1150684932,340.7752831290,340.8948816526,3.5096008883,-0.0067241367,82,0.1525961637,35.7558351090,67.7995015770,2,0,68.0241470455
daily,GOOGL,2026-09-04,1530,2026-10-23,0.1342465753,341.0812513445,341.2000751476,3.4837389229,-0.0067325247,71,0.2944423509,32.4880967279,53.0499060904,2,0,68.0241470455
daily,GOOGL,2026-09-04,1530,2026-11-20,0.2109589041,342.1013655914,342.3643577087,7.6875494741,-0.0060461238,98,0.2706509992,58.9125059583,118.7416684729,2,0,68.0241470455
daily,GOOGL,2026-09-04,1530,2026-12-18,0.2876712329,343.0845862095,343.4306114140,10.0857111740,-0.0045056895,118,0.2520647309,77.1919145154,163.7420594828,2,0,68.0241470455
daily,GOOGL,2026-09-04,1530,2027-01-15,0.3643835616,344.1304910777,344.5680268338,12.7142397272,-0.0040716211,123,0.4136332686,91.7408717589,204.6811466778,2,0,68.0241470455
daily,GOOGL,2026-09-04,1530,2027-02-19,0.4602739726,345.7744410463,346.3139357035,15.6025024755,-0.0062777312,99,0.3776484804,39.4807267089,225.3977123845,2,0,68.0241470455
daily,GOOGL,2026-09-04,1530,2027-03-19,0.5369863014,346.5921225661,347.2414946394,18.7359155346,-0.0046545917,116,0.5317627138,77.6364589157,291.1314675789,2,0,68.0241470455
daily,GOOGL,2026-09-04,1530,2027-04-16,0.6136986301,347.8637833185,348.7700975112,26.0537094174,-0.0060297053,106,0.5489455085,35.1441661749,278.5085128301,2,0,68.0241470455
daily,GOOGL,2026-09-04,1530,2027-06-17,0.7835616438,350.5933215360,351.8329018333,35.3566431869,-0.0068621534,148,0.5818233887,114.7960656987,425.2836785525,2,0,68.0241470455
daily,GOOGL,2026-09-04,1530,2027-09-17,1.0356164384,354.1252106088,355.9170726938,50.5996758014,-0.0060809011,156,0.7665992110,148.8114669287,550.7268669022,2,0,68.0241470455
daily,GOOGL,2026-09-04,1530,2027-12-17,1.2849315068,358.0725940287,360.1339966275,57.5694044510,-0.0052626138,160,0.6426128553,169.0764342782,677.0078849858,2,0,68.0241470455
daily,GOOGL,2026-09-04,1530,2028-01-21,1.3808219178,359.4919819680,361.9373955123,68.0241470455,-0.0053632691,163,0.7669496526,179.9104607587,726.1357564260,2,0,68.0241470455
daily,GOOGL,2026-09-08,1530,2026-09-09,0.0027397260,337.4047309514,337.4073972447,0.0790235896,-0.0567155978,34,0.0153743405,1.6780181877,2.4502387135,2,0,65.8992730178
daily,GOOGL,2026-09-08,1530,2026-09-11,0.0082191781,337.5492378759,337.5710114877,0.6450499455,-0.0526616172,67,0.0417386810,6.2241354049,7.6138168589,2,0,65.8992730178
daily,GOOGL,2026-09-08,1530,2026-09-14,0.0164383562,337.7798379071,337.7840798109,0.1255819132,-0.0457949790,23,0.0231376616,7.7818428258,13.8397833946,2,0,65.8992730178
daily,GOOGL,2026-09-08,1530,2026-09-16,0.0219178082,338.0466710922,338.0602492129,0.4016640864,-0.0621733339,29,0.1002590628,8.8738360299,17.8678760173,2,0,65.8992730178
daily,GOOGL,2026-09-08,1530,2026-09-18,0.0273972603,337.8054975832,337.8235609800,0.5347277343,-0.0166065257,107,0.1203213868,15.0148681866,23.1030528426,2,0,65.8992730178
daily,GOOGL,2026-09-08,1530,2026-09-21,0.0356164384,338.1041808880,338.1465349073,1.2526913804,-0.0308716198,33,0.1535604481,9.6054340372,16.2984393092,2,0,65.8992730178
daily,GOOGL,2026-09-08,1530,2026-09-23,0.0410958904,338.2806368453,338.2925097334,0.3509774678,-0.0322121400,31,0.0845940159,7.1588121311,19.1531927125,2,0,65.8992730178
daily,GOOGL,2026-09-08,1530,2026-09-25,0.0465753425,338.1806007503,338.2286106772,1.4196534866,-0.0199146853,62,0.1038721324,21.1084617677,27.7416639020,2,0,65.8992730178
daily,GOOGL,2026-09-08,1530,2026-10-02,0.0657534247,338.5087194781,338.5714580083,1.8533800338,-0.0184774549,67,0.1542803509,26.9063566608,34.1457489042,2,0,65.8992730178
daily,GOOGL,2026-09-08,1530,2026-10-09,0.0849315068,339.0039184533,339.1209620563,3.4525737509,-0.0248187913,70,0.0613257091,35.5646968563,46.4270405910,2,0,65.8992730178
daily,GOOGL,2026-09-08,1530,2026-10-16,0.1041095890,338.9154897655,339.0088122845,2.7535631100,-0.0098953331,85,0.1254721906,39.5986252397,67.8797731310,2,0,65.8992730178
daily,GOOGL,2026-09-08,1530,2026-10-23,0.1232876712,339.4946221233,339.6075299301,3.3257612766,-0.0166098352,73,0.1101165633,34.1190809182,56.7760534493,2,0,65.8992730178
daily,GOOGL,2026-09-08,1530,2026-11-20,0.2000000000,340.4421671451,340.6979902146,7.5144354654,-0.0109299536,101,0.2561091354,69.2105532610,129.5250001205,2,0,65.8992730178
daily,GOOGL,2026-09-08,1530,2026-12-18,0.2767123288,341.3768242143,341.7107396434,9.7814322887,-0.0075046113,122,0.2951322251,94.9474027186,167.2962038186,2,0,65.8992730178
daily,GOOGL,2026-09-08,1530,2027-01-15,0.3534246575,342.6113670761,343.0260754542,12.1043379752,-0.0077812830,125,0.3143010406,114.2601296806,211.9032617151,2,0,65.8992730178
daily,GOOGL,2026-09-08,1530,2027-02-19,0.4493150685,344.6199822211,345.1612005083,15.7047854189,-0.0116619559,101,0.5531036354,40.3031016842,234.1864534725,2,0,65.8992730178
daily,GOOGL,2026-09-08,1530,2027-03-19,0.5260273973,345.0347998951,345.6960724190,19.1653863346,-0.0070474910,125,0.4359548329,76.3175265075,297.8276345421,2,0,65.8992730178
daily,GOOGL,2026-09-08,1530,2027-04-16,0.6027397260,346.5109343542,347.4169713915,26.1474299210,-0.0089979521,106,0.5712776225,35.1986094541,288.2016280367,2,0,65.8992730178
daily,GOOGL,2026-09-08,1530,2027-06-17,0.7726027397,348.9884060844,350.1263423066,32.6067056196,-0.0077614673,152,0.6559712701,118.1610625768,430.0177470392,2,0,65.8992730178
daily,GOOGL,2026-09-08,1530,2027-09-17,1.0246575342,352.7436565599,354.3737836134,46.2127956996,-0.0071232504,164,0.4465128497,154.2476604265,559.5318196706,2,0,65.8992730178
daily,GOOGL,2026-09-08,1530,2027-12-17,1.2739726027,356.7558925205,358.9174519354,60.5893121925,-0.0068130816,162,0.6119813502,175.7437482554,692.1335708849,2,0,65.8992730178
daily,GOOGL,2026-09-08,1530,2028-01-21,1.3698630137,358.0695191649,360.4291712652,65.8992730178,-0.0062150173,160,0.9138283379,186.0736867858,739.7459756708,2,0,65.8992730178
daily,GOOGL,2026-09-09,1530,2026-09-11,0.0054794521,330.7746404019,330.7819335830,0.2204879139,-0.0729633059,64,0.0273316518,2.8335914574,5.9508912557,2,0,76.6915098329
daily,GOOGL,2026-09-09,1530,2026-09-14,0.0136986301,330.8004169905,330.8108634923,0.3157946995,-0.0127452803,27,0.0052409958,2.8847484405,5.8774549305,2,0,76.6915098329
daily,GOOGL,2026-09-09,1530,2026-09-16,0.0191780822,330.9470442718,330.9871024756,1.2104112855,-0.0260066969,28,0.0605808527,4.6348570194,8.9686385269,2,0,76.6915098329
daily,GOOGL,2026-09-09,1530,2026-09-18,0.0246575342,331.0807009271,331.0939651341,0.4006336523,-0.0248656667,105,0.0744991681,10.9235110053,20.6819821880,2,0,76.6915098329
daily,GOOGL,2026-09-09,1530,2026-09-21,0.0328767123,331.0513139993,331.0800505683,0.8680397194,-0.0078608140,29,0.1293760447,5.3397544417,11.6494887011,2,0,76.6915098329
daily,GOOGL,2026-09-09,1530,2026-09-23,0.0383561644,331.1120411557,331.1605458129,1.4649016382,-0.0076414443,34,0.0708624461,6.1455089999,10.3379637806,2,0,76.6915098329
daily,GOOGL,2026-09-09,1530,2026-09-25,0.0438356164,331.2854804090,331.3906128160,3.1734686010,-0.0177742194,58,0.1542362395,14.6155411215,19.7852515607,2,0,76.6915098329
daily,GOOGL,2026-09-09,1530,2026-10-02,0.0630136986,331.5297204570,331.6614715937,3.9740369761,-0.0137526716,68,0.0819633429,19.8832710259,26.3208936712,2,0,76.6915098329
daily,GOOGL,2026-09-09,1530,2026-10-09,0.0821917808,331.7993999315,331.8795331591,2.4151106841,-0.0096643455,68,0.1213473232,25.9684964417,35.6387619293,2,0,76.6915098329
daily,GOOGL,2026-09-09,1530,2026-10-16,0.1013698630,332.0886838304,332.2295640372,4.2422465336,-0.0106594455,89,0.2150234193,35.2631267866,66.9446711827,2,0,76.6915098329
daily,GOOGL,2026-09-09,1530,2026-10-23,0.1205479452,332.2838817154,332.4218300018,4.1515190451,-0.0073926879,74,0.2443914972,30.5125132965,50.3967117356,2,0,76.6915098329
daily,GOOGL,2026-09-09,1530,2026-11-20,0.1972602740,333.5387783687,333.7180636567,5.3752456897,-0.0088012908,99,0.2226870387,61.2727334387,121.1729759696,2,0,76.6915098329
daily,GOOGL,2026-09-09,1530,2026-12-18,0.2739726027,334.3543656798,334.6391891470,8.5186106871,-0.0050721740,120,0.2707430675,81.7896357165,163.9673251618,2,0,76.6915098329
daily,GOOGL,2026-09-09,1530,2027-01-15,0.3506849315,335.5211382059,335.9289617627,12.1549288667,-0.0058778602,124,0.3100999272,103.4676583465,210.0913126258,2,0,76.6915098329
daily,GOOGL,2026-09-09,1530,2027-02-19,0.4465753425,337.0866522313,337.6881673839,17.8445259885,-0.0079507191,97,0.5220666344,46.9294978266,228.8236036689,2,0,76.6915098329
daily,GOOGL,2026-09-09,1530,2027-03-19,0.5232876712,338.0405744758,338.7415717652,20.7370754376,-0.0068395188,128,0.3999604448,76.4721871430,298.7417995994,2,0,76.6915098329
daily,GOOGL,2026-09-09,1530,2027-04-16,0.6000000000,339.1230647688,339.9630492747,24.7693121821,-0.0065232896,106,0.5032232858,36.5646195881,284.2483116241,2,0,76.6915098329
daily,GOOGL,2026-09-09,1530,2027-06-17,0.7698630137,341.5045187590,342.6289876055,32.9269097403,-0.0058408958,150,0.4874745767,130.7472375214,433.8964022906,2,0,76.6915098329
daily,GOOGL,2026-09-09,1530,2027-09-17,1.0219178082,345.2931747795,346.9159268435,46.9963550557,-0.0060079872,161,0.5478802109,163.9725554446,569.2465932295,2,0,76.6915098329
daily,GOOGL,2026-09-09,1530,2027-12-17,1.2712328767,349.0672312067,351.3291527742,64.7990233784,-0.0058454937,162,0.7213012477,187.8211577414,701.3018550355,2,0,76.6915098329
daily,GOOGL,2026-09-09,1530,2028-01-21,1.3671232877,350.4891511591,353.1771053773,76.6915098329,-0.0060797704,160,0.7367449167,200.9777478282,753.2567360634,2,0,76.6915098329
daily,GOOGL,2026-09-10,1530,2026-09-11,0.0027397260,332.8550370002,332.8716306429,0.4985246091,-0.1392336116,59,0.0193752582,1.6641225278,4.7575790967,2,0,71.5939319341
daily,GOOGL,2026-09-10,1530,2026-09-14,0.0109589041,332.8532732048,332.8610015272,0.2321840602,-0.0033642483,25,0.0346868285,1.4851260663,2.6772652370,2,0,71.5939319341
daily,GOOGL,2026-09-10,1530,2026-09-16,0.0164383562,332.7517201754,332.7517201754,0.0000000000,0.0304127505,26,0.0338987085,0.5725153256,0.8795621188,2,0,71.5939319341
daily,GOOGL,2026-09-10,1530,2026-09-18,0.0219178082,333.1005004668,333.1244662540,0.7194761691,-0.0187605115,103,0.0350033321,7.0063369361,13.3038529478,2,0,71.5939319341
daily,GOOGL,2026-09-10,1530,2026-09-21,0.0301369863,332.9061432435,332.9448676460,1.1632228254,0.0146249238,26,0.0852408185,2.7096441123,3.8038158924,2,0,71.5939319341
daily,GOOGL,2026-09-10,1530,2026-09-23,0.0356164384,332.9472206423,332.9651860219,0.5395864140,0.0165139384,28,0.2082413979,3.0716698281,4.3825795918,2,0,71.5939319341
daily,GOOGL,2026-09-10,1530,2026-09-25,0.0410958904,333.2339569317,333.2691816544,1.0570568231,-0.0028219398,77,0.0943831606,8.1734227917,13.4883371026,2,0,71.5939319341
daily,GOOGL,2026-09-10,1530,2026-10-02,0.0602739726,333.5717289399,333.6314136346,1.7892611841,-0.0078432154,61,0.1783449155,16.2789330668,22.2471312342,2,0,71.5939319341
daily,GOOGL,2026-09-10,1530,2026-10-09,0.0794520548,333.7362754464,333.7961088049,1.7928335323,-0.0029794168,64,0.0709676574,19.3942092522,28.0580731570,2,0,71.5939319341
daily,GOOGL,2026-09-10,1530,2026-10-16,0.0986301370,334.1846968234,334.3106868444,3.7700715239,-0.0102878293,79,0.1518426751,32.3811008304,59.7794242055,2,0,71.5939319341
daily,GOOGL,2026-09-10,1530,2026-10-23,0.1178082192,334.2968058086,334.4184738203,3.6395206181,-0.0048310180,68,0.1489962728,27.4230189513,44.0872250418,2,0,71.5939319341
daily,GOOGL,2026-09-10,1530,2026-10-30,0.1369863014,334.2444236827,334.3998983626,4.6515265137,0.0019001326,42,0.2850711799,3.7362621326,24.1278817574,2,0,71.5939319341
daily,GOOGL,2026-09-10,1530,2026-11-20,0.1945205479,335.4161730004,335.6359580286,6.5526067572,-0.0057833022,99,0.1679081601,55.2099138188,112.8354744442,2,0,71.5939319341
daily,GOOGL,2026-09-10,1530,2026-12-18,0.2712328767,336.1876985431,336.5046941289,9.4291250758,-0.0021810396,116,0.3727646868,74.5642517771,153.1884488217,2,0,71.5939319341
daily,GOOGL,2026-09-10,1530,2027-01-15,0.3479452055,337.5297225214,337.9265903945,11.7580126009,-0.0044602923,123,0.2678558458,100.6216743086,200.0397241446,2,0,71.5939319341
daily,GOOGL,2026-09-10,1530,2027-02-19,0.4438356164,339.2240664798,339.8799417209,19.3345728067,-0.0081815254,103,0.3975052638,40.8711128780,222.5864440766,2,0,71.5939319341
daily,GOOGL,2026-09-10,1530,2027-03-19,0.5205479452,340.0336853203,340.7018003159,19.6484943826,-0.0057434236,123,0.4788049239,78.2823476987,291.0098881813,2,0,71.5939319341
daily,GOOGL,2026-09-10,1530,2027-04-16,0.5972602740,340.9539167670,342.0294174654,31.5438728092,-0.0060137574,104,0.5852655070,39.2141590057,274.9361929249,2,0,71.5939319341
daily,GOOGL,2026-09-10,1530,2027-06-17,0.7671232877,343.6629172402,344.9150861817,36.4359632267,-0.0061459918,149,0.6093865390,128.0792660848,426.3321669077,2,0,71.5939319341
daily,GOOGL,2026-09-10,1530,2027-09-17,1.0191780822,347.4580202833,349.1498347607,48.6911908402,-0.0059383848,156,0.6894214578,157.2873633756,563.6490174780,2,0,71.5939319341
daily,GOOGL,2026-09-10,1530,2027-12-17,1.2684931507,351.2782788886,353.6497948795,67.5110342252,-0.0057794894,164,0.5757222441,185.1923994563,699.0257659101,2,0,71.5939319341
daily,GOOGL,2026-09-10,1530,2028-01-21,1.3643835616,352.7340266663,355.2593882559,71.5939319341,-0.0054521510,161,0.6860721253,197.6134097534,747.2212809655,2,0,71.5939319341
daily,GOOGL,2026-09-11,1530,2026-09-14,0.0082191781,339.1631275132,339.1629900568,-0.0040528110,0.0454977743,19,0.3031730752,0.0247862417,0.9402053777,2,0,67.0983749030
daily,GOOGL,2026-09-11,1530,2026-09-16,0.0136986301,339.1772332101,339.1763937482,-0.0247499503,0.0400286906,29,0.1752104524,0.1837218687,0.5118437112,2,0,67.0983749030
daily,GOOGL,2026-09-11,1530,2026-09-18,0.0191780822,339.3244944648,339.3289953921,0.1326437472,0.0162906918,101,0.0708877891,4.9919844547,13.2837636631,2,0,67.0983749030
daily,GOOGL,2026-09-11,1530,2026-09-21,0.0273972603,339.3493044432,339.3574396762,0.2397303577,0.0200551886,24,0.0607924987,2.3372243674,3.7928061387,2,0,67.0983749030
daily,GOOGL,2026-09-11,1530,2026-09-23,0.0328767123,339.3055222416,339.3101079117,0.1351487026,0.0274615251,28,0.0192536092,1.6033658152,3.3103603565,2,0,67.0983749030
daily,GOOGL,2026-09-11,1530,2026-09-25,0.0383561644,339.5317804541,339.5533101681,0.6341001120,0.0104350721,68,0.0795341282,7.8999901931,17.3647145756,2,0,67.0983749030
daily,GOOGL,2026-09-11,1530,2026-10-02,0.0575342466,339.8609052547,339.8939215137,0.9714638706,0.0025427783,64,0.0481969440,13.9813977659,19.9669126825,2,0,67.0983749030
daily,GOOGL,2026-09-11,1530,2026-10-09,0.0767123288,340.1253748914,340.1952981270,2.0558076741,0.0001130448,64,0.2268880675,18.7028015216,26.7108385675,2,0,67.0983749030
daily,GOOGL,2026-09-11,1530,2026-10-16,0.0958904110,340.5081863523,340.6031705377,2.7894831666,-0.0045258932,80,0.0930570397,30.6339170949,60.1399065069,2,0,67.0983749030
daily,GOOGL,2026-09-11,1530,2026-10-23,0.1150684932,340.6278241825,340.7398192715,3.2879019591,-0.0006673519,78,0.2500494285,25.3185923605,42.7294734124,2,0,67.0983749030
daily,GOOGL,2026-09-11,1530,2026-10-30,0.1342465753,341.0290294742,341.2086681775,5.2675487356,-0.0049564112,72,0.2010134657,32.2850323627,52.1804048978,2,0,67.0983749030
daily,GOOGL,2026-09-11,1530,2026-11-20,0.1917808219,341.8522363598,342.0624828265,6.1502147502,-0.0042082821,96,0.2846159005,55.2981455685,112.1650727819,2,0,67.0983749030
daily,GOOGL,2026-09-11,1530,2026-12-18,0.2684931507,342.6858101325,342.9549881397,7.8549504896,-0.0011245338,119,0.2072214794,79.1806915628,154.1585435609,2,0,67.0983749030
daily,GOOGL,2026-09-11,1530,2027-01-15,0.3452054795,343.9500785580,344.3153374067,10.6195308989,-0.0027529138,127,0.2487958842,94.7283710921,199.4220201183,2,0,67.0983749030
daily,GOOGL,2026-09-11,1530,2027-02-19,0.4410958904,345.4326471722,345.9790233412,15.8171549071,-0.0045588201,103,0.3094762474,37.7540054228,217.8862110682,2,0,67.0983749030
daily,GOOGL,2026-09-11,1530,2027-03-19,0.5178082192,346.5280349276,347.2277378668,20.1918133214,-0.0048312795,120,0.4387435126,75.8712453773,288.5581072483,2,0,67.0983749030
daily,GOOGL,2026-09-11,1530,2027-04-16,0.5945205479,347.8483068771,348.6447696846,22.8968430154,-0.0053858142,105,0.5719858814,37.8295087673,276.7888743933,2,0,67.0983749030
daily,GOOGL,2026-09-11,1530,2027-06-17,0.7643835616,350.3354960841,351.5394386081,34.3654165085,-0.0052367892,152,0.4856834541,120.9546841241,423.7672675843,2,0,67.0983749030
daily,GOOGL,2026-09-11,1530,2027-09-17,1.0164383562,354.5513922939,356.2989166599,49.2883233277,-0.0062011526,156,0.7280005451,160.1079597099,557.9808928921,2,0,67.0983749030
daily,GOOGL,2026-09-11,1530,2027-12-17,1.2657534247,358.7090099393,361.1158891023,67.0983749030,-0.0061239932,164,0.6074954391,176.3964003931,696.4230524537,2,0,67.0983749030
daily,GOOGL,2026-09-11,1530,2028-01-21,1.3616438356,360.1504649908,362.5633360200,66.9961936394,-0.0052464692,167,0.7148541950,183.2429407560,745.1535660619,2,0,67.0983749030
daily,IWM,2026-08-14,1530,2026-08-17,0.0082191781,304.5995645231,304.6027114278,0.1033128438,0.0267699255,40,0.0507118792,0.5578127990,0.8898165613,2,1,57.0374797153
daily,IWM,2026-08-14,1530,2026-08-18,0.0109589041,304.6156698397,304.6166573030,0.0324166947,0.0253595494,42,0.0209574188,0.9602047279,1.4774686036,2,1,57.0374797153
daily,IWM,2026-08-14,1530,2026-08-19,0.0136986301,304.6442974614,304.6485242756,0.1387458816,0.0202190900,43,0.0143066250,1.0977861660,2.0486424531,2,1,57.0374797153
daily,IWM,2026-08-14,1530,2026-08-20,0.0164383562,304.6604106564,304.6690908169,0.2849126513,0.0190491001,46,0.0095283941,1.4152029994,2.2734560142,2,1,57.0374797153
daily,IWM,2026-08-14,1530,2026-08-21,0.0191780822,304.7355335698,304.7469121523,0.3733920474,0.0084162908,61,0.0153210557,2.1474825269,4.3963138165,2,1,57.0374797153
daily,IWM,2026-08-14,1530,2026-08-24,0.0273972603,304.7697614380,304.7798919802,0.3323998485,0.0132933130,60,0.0262621754,1.3581279731,5.2234895860,2,1,57.0374797153
daily,IWM,2026-08-14,1530,2026-08-25,0.0301369863,304.7897603883,304.8036400144,0.4553836066,0.0129393697,53,0.0243218559,1.4782915732,5.7324714156,2,1,57.0374797153
daily,IWM,2026-08-14,1530,2026-08-26,0.0328767123,304.8197759359,304.8366531163,0.5536773440,0.0117201172,56,0.0213436575,1.2024267121,6.4278916401,2,1,57.0374797153
daily,IWM,2026-08-14,1530,2026-08-27,0.0356164384,304.8447909664,304.8641762201,0.6359056897,0.0111943763,54,0.0222484727,1.2902407983,7.0105937707,2,1,57.0374797153
daily,IWM,2026-08-14,1530,2026-08-28,0.0383561644,304.9263434864,304.9517569400,0.8334292587,0.0056089052,83,0.0455788307,1.4096806937,10.6391500590,2,1,57.0374797153
daily,IWM,2026-08-14,1530,2026-09-04,0.0575342466,305.1180821126,305.1577400305,1.2997563963,0.0046161179,165,0.0533121960,11.5623336792,15.6959305231,2,1,57.0374797153
daily,IWM,2026-08-14,1530,2026-09-11,0.0767123288,305.2736918201,305.3269968907,1.7461403345,0.0056935692,123,0.0681677974,2.9713116975,20.1318127352,2,1,57.0374797153
daily,IWM,2026-08-14,1530,2026-09-18,0.0958904110,304.8330162286,304.8509728630,0.5890646178,0.0283838797,133,0.1791954854,0.7969825700,10.5607118570,2,1,57.0374797153
daily,IWM,2026-08-14,1530,2026-09-25,0.1150684932,304.9102684673,304.9367768379,0.8693826769,0.0274990547,150,0.1611879683,1.4937032340,12.4144213260,2,1,57.0374797153
daily,IWM,2026-08-14,1530,2026-09-30,0.1287671233,304.9799023515,305.0124309853,1.0665828656,0.0266789586,81,0.2350042535,1.2978159383,11.2880653726,2,1,57.0374797153
daily,IWM,2026-08-14,1530,2026-10-02,0.1342465753,305.0804765110,305.1177774078,1.2226576186,0.0245890879,160,0.1547306346,1.8678982488,19.5208548536,2,1,57.0374797153
daily,IWM,2026-08-14,1530,2026-10-16,0.1726027397,305.4649569934,305.5335030721,2.2439915641,0.0198253584,107,0.1979404151,2.1432571865,24.0624187700,2,1,57.0374797153
daily,IWM,2026-08-14,1530,2026-11-20,0.2684931507,306.4600230189,306.6489449506,6.1646517489,0.0132467110,52,0.2082093353,7.6675616016,47.3380404622,2,1,57.0374797153
daily,IWM,2026-08-14,1530,2026-12-18,0.3452054795,306.8697456597,307.0733455084,6.6347318881,0.0149298499,64,0.3069542464,9.5868638180,61.7471712650,2,1,57.0374797153
daily,IWM,2026-08-14,1530,2026-12-31,0.3808219178,307.0195615406,307.2563418640,7.7122227062,0.0157048820,119,0.0947070464,0.8212931280,59.5056597163,2,1,57.0374797153
daily,IWM,2026-08-14,1530,2027-01-15,0.4219178082,307.3799520838,307.6188857428,7.7732349616,0.0152708569,77,0.4298700196,5.5984774223,78.4632493539,2,1,57.0374797153
daily,IWM,2026-08-14,1530,2027-02-19,0.5178082192,308.2857071144,308.7690343901,15.6779008726,0.0126122311,79,0.3249357106,19.4240550639,116.9159608901,2,1,57.0374797153
daily,IWM,2026-08-14,1530,2027-03-19,0.5945205479,309.1502230805,309.6317575459,15.5760672122,0.0113453594,81,0.3188406665,19.3512164368,139.6879590513,2,1,57.0374797153
daily,IWM,2026-08-14,1530,2027-03-31,0.6273972603,309.2478026890,309.8411950724,19.1882489779,0.0117254517,139,0.2255120977,2.0251762915,106.0638989369,2,1,57.0374797153
daily,IWM,2026-08-14,1530,2027-04-16,0.6712328767,309.7690234221,310.4025299641,20.4509325990,0.0108208822,86,0.3464423388,22.2895324244,155.2087742122,2,1,57.0374797153
daily,IWM,2026-08-14,1530,2027-06-17,0.8410958904,311.2814344693,312.1042255931,26.4323866647,0.0100451374,99,0.3312994085,18.3285340214,199.1884648725,2,1,57.0374797153
daily,IWM,2026-08-14,1530,2027-06-30,0.8767123288,311.7873024112,312.5822703615,25.4971239738,0.0094824298,141,0.5058265164,21.7049693967,161.8265288197,2,1,57.0374797153
daily,IWM,2026-08-14,1530,2027-09-17,1.0931506849,313.9891923883,315.0817649454,34.7965020316,0.0084012914,101,0.1946565459,27.6215287276,261.3706230160,2,1,57.0374797153
daily,IWM,2026-08-14,1530,2027-10-15,1.1698630137,314.4658540302,315.6162781391,36.5834348656,0.0092217691,91,0.3324032178,38.7234005571,275.0472419421,2,1,57.0374797153
daily,IWM,2026-08-14,1530,2027-12-17,1.3424657534,316.2600103642,317.6867478821,45.1128018434,0.0086952031,105,0.3502418244,31.6647112519,315.9334344520,2,1,57.0374797153
daily,IWM,2026-08-14,1530,2028-01-21,1.4383561644,316.9195626703,318.7271919830,57.0374797153,0.0087095600,108,0.3484619941,27.6415304703,336.5007812503,2,1,57.0374797153
daily,IWM,2026-08-17,1530,2026-08-18,0.0027397260,303.6200642780,303.6210356672,0.0319935772,0.0017297738,35,0.0147927573,0.5371399616,0.7429244764,2,2,51.5794474618
daily,IWM,2026-08-17,1530,2026-08-19,0.0054794521,303.6401327099,303.6434321164,0.1086617389,0.0063229312,38,0.0067162473,1.0943554991,1.5560728743,2,2,51.5794474618
daily,IWM,2026-08-17,1530,2026-08-20,0.0082191781,303.6705194617,303.6776533888,0.2349232665,0.0031170074,42,0.0221543707,1.4536981715,2.6031270749,2,2,51.5794474618
daily,IWM,2026-08-17,1530,2026-08-21,0.0109589041,303.7457237587,303.7507138356,0.1642846799,-0.0101532499,64,0.0146898507,2.8361953910,4.2227963296,2,2,51.5794474618
daily,IWM,2026-08-17,1530,2026-08-24,0.0191780822,303.7812921827,303.7932036129,0.3921054553,0.0031214876,52,0.0348838278,2.0491439074,4.8060440768,2,2,51.5794474618
daily,IWM,2026-08-17,1530,2026-08-25,0.0219178082,303.8040085147,303.8225254113,0.6095013948,0.0030577290,54,0.0496980015,2.1769514514,5.5891724751,2,2,51.5794474618
daily,IWM,2026-08-17,1530,2026-08-26,0.0246575342,303.8339125248,303.8494574806,0.5116267530,0.0033274787,59,0.0179191784,1.4030388844,6.0215904038,2,2,51.5794474618
daily,IWM,2026-08-17,1530,2026-08-27,0.0273972603,303.8548496022,303.8806830666,0.8501909519,0.0030278546,56,0.0352802227,1.4516655509,6.7654370844,2,2,51.5794474618
daily,IWM,2026-08-17,1530,2026-08-28,0.0301369863,303.9360668424,303.9545154096,0.6069884181,-0.0018685220,78,0.0344281923,1.9436695503,9.8761739523,2,2,51.5794474618
daily,IWM,2026-08-17,1530,2026-08-31,0.0383561644,303.9799709516,304.0029464854,0.7558239341,0.0024864595,41,0.0806488999,1.5967977089,9.1324435020,2,2,51.5794474618
daily,IWM,2026-08-17,1530,2026-09-04,0.0493150685,304.1321105931,304.1672242813,1.1545537915,-0.0006121825,165,0.0616133965,11.4673025051,15.1633005235,2,2,51.5794474618
daily,IWM,2026-08-17,1530,2026-09-11,0.0684931507,304.2833217060,304.3318000397,1.5931972037,0.0022567001,118,0.0837497687,3.7113608635,19.4025624478,2,2,51.5794474618
daily,IWM,2026-08-17,1530,2026-09-18,0.0876712329,303.8127547623,303.8341412420,0.7039362018,0.0287144270,133,0.1579144170,0.9778113751,11.8440612502,2,2,51.5794474618
daily,IWM,2026-08-17,1530,2026-09-25,0.1068493151,303.9146552396,303.9376570419,0.7568507110,0.0272027712,156,0.1450203559,1.4662194789,15.7133903266,2,2,51.5794474618
daily,IWM,2026-08-17,1530,2026-09-30,0.1205479452,303.9602601682,303.9882082996,0.9194666228,0.0270563054,87,0.2845681529,1.6721201725,14.2517633407,2,2,51.5794474618
daily,IWM,2026-08-17,1530,2026-10-02,0.1260273973,304.1052679452,304.1407419297,1.1665034534,0.0235540038,155,0.1213291490,1.8162063167,20.7031369056,2,2,51.5794474618
daily,IWM,2026-08-17,1530,2026-10-16,0.1643835616,304.4628805644,304.5281580801,2.1440221426,0.0192258624,124,0.2270518737,2.3417825994,28.7400368632,2,2,51.5794474618
daily,IWM,2026-08-17,1530,2026-11-20,0.2602739726,305.4797750769,305.6612547693,5.9408087594,0.0123197986,54,0.1891530742,7.7807941549,53.8975301072,2,2,51.5794474618
daily,IWM,2026-08-17,1530,2026-12-18,0.3369863014,305.8611183702,306.0874835611,7.4009142506,0.0142619182,68,0.1475135637,9.6488346019,68.1051541819,2,2,51.5794474618
daily,IWM,2026-08-17,1530,2026-12-31,0.3726027397,305.9925936833,306.1473001507,5.0558892799,0.0162202000,115,0.1649045292,0.7784231833,65.6392709905,2,2,51.5794474618
daily,IWM,2026-08-17,1530,2027-01-15,0.4136986301,306.3972917092,306.6936017471,9.6707786238,0.0142962283,79,0.3160643843,7.4324535554,86.3265408226,2,2,51.5794474618
daily,IWM,2026-08-17,1530,2027-02-19,0.5095890411,307.4214999505,307.7391933401,10.3341304885,0.0124926642,79,0.2027680223,20.5407493046,125.3345433250,2,2,51.5794474618
daily,IWM,2026-08-17,1530,2027-03-19,0.5863013699,308.0367882298,308.4323262572,12.8406100339,0.0122157968,91,0.2681565124,19.5410152896,142.2187699925,2,2,51.5794474618
daily,IWM,2026-08-17,1530,2027-03-31,0.6191780822,308.2274663693,308.8118581602,18.9597571483,0.0116892493,135,0.2940015141,2.0437392883,113.2128010136,2,2,51.5794474618
daily,IWM,2026-08-17,1530,2027-04-16,0.6630136986,308.7379721654,309.1733698863,14.1024998592,0.0117768704,84,0.3124821090,22.5893556591,160.7163730187,2,2,51.5794474618
daily,IWM,2026-08-17,1530,2027-06-17,0.8328767123,310.4197439333,311.2258107000,25.9669941229,0.0095284215,92,0.3963568364,19.2937689067,201.5483594773,2,2,51.5794474618
daily,IWM,2026-08-17,1530,2027-06-30,0.8684931507,310.1503198935,310.8867885836,23.7455402357,0.0120208628,139,0.5960218730,21.1139290024,155.3814316486,2,2,51.5794474618
daily,IWM,2026-08-17,1530,2027-09-17,1.0849315068,313.1059285192,314.2928452863,37.9078343456,0.0077653685,96,0.3582723306,28.7008792557,264.5668038232,2,2,51.5794474618
daily,IWM,2026-08-17,1530,2027-10-15,1.1616438356,313.4288003859,314.6781410991,39.8604311939,0.0090435323,95,0.3582854811,34.5340604791,279.8678587524,2,2,51.5794474618
daily,IWM,2026-08-17,1530,2027-12-17,1.3342465753,315.6657231684,317.0392985364,43.5136052834,0.0078453596,100,0.3819795488,33.5207429634,321.4939628143,2,2,51.5794474618
daily,IWM,2026-08-17,1530,2028-01-21,1.4301369863,315.8614706777,317.4906666909,51.5794474618,0.0092138030,108,0.4208937327,28.4624416765,336.6978031331,2,2,51.5794474618
daily,IWM,2026-08-18,1530,2026-08-19,0.0027397260,300.4350450983,300.4370089067,0.0653654898,-0.0192763126,33,0.0112949307,1.1835492721,1.6645028130,2,0,43.5383241906
daily,IWM,2026-08-18,1530,2026-08-20,0.0054794521,300.4750984956,300.4793099879,0.1401611070,-0.0164125082,43,0.0240242679,1.9528235097,3.1122672169,2,0,43.5383241906
daily,IWM,2026-08-18,1530,2026-08-21,0.0082191781,300.5404790246,300.5535656564,0.4354365801,-0.0283916748,63,0.0229821082,4.5532156289,5.3680329788,2,0,43.5383241906
daily,IWM,2026-08-18,1530,2026-08-24,0.0164383562,300.5891226887,300.6054528614,0.5432722430,-0.0057775580,62,0.0292263956,4.0767558850,5.8010383480,2,0,43.5383241906
daily,IWM,2026-08-18,1530,2026-08-25,0.0191780822,300.6147205110,300.6394673514,0.8232078706,-0.0054464033,56,0.0231166090,3.7639386330,6.1124049110,2,0,43.5383241906
daily,IWM,2026-08-18,1530,2026-08-26,0.0219178082,300.6488799119,300.6603806444,0.3825303603,-0.0032093991,60,0.0262160903,3.1729477075,6.7260800993,2,0,43.5383241906
daily,IWM,2026-08-18,1530,2026-08-27,0.0246575342,300.6737631720,300.6987739549,0.8318245867,-0.0038269274,64,0.0367526319,2.0967707480,7.4684570939,2,0,43.5383241906
daily,IWM,2026-08-18,1530,2026-08-28,0.0273972603,300.7397303212,300.7714749946,1.0555530307,-0.0084839930,77,0.0261980537,2.7140679021,10.3514247347,2,0,43.5383241906
daily,IWM,2026-08-18,1530,2026-08-31,0.0356164384,300.7860586539,300.8117523476,0.8542182391,-0.0015536675,72,0.0393101899,2.0221069568,9.9602200489,2,0,43.5383241906
daily,IWM,2026-08-18,1530,2026-09-01,0.0383561644,300.8312055067,300.8589120040,0.9209981150,-0.0028269148,39,0.0946675619,2.6843550309,10.9139192731,2,0,43.5383241906
daily,IWM,2026-08-18,1530,2026-09-04,0.0465753425,300.9348853449,300.9872295205,1.7393854322,-0.0048058921,166,0.0460955410,12.2957314693,15.7709812572,2,0,43.5383241906
daily,IWM,2026-08-18,1530,2026-09-11,0.0657534247,301.0852117478,301.1473705103,2.0644907174,-0.0004572390,125,0.0729824776,4.5808046459,20.1440839531,2,0,43.5383241906
daily,IWM,2026-08-18,1530,2026-09-18,0.0849315068,300.6538894781,300.6739615214,0.6676129598,0.0267141328,135,0.1369319591,1.0587715424,16.1945332291,2,0,43.5383241906
daily,IWM,2026-08-18,1530,2026-09-25,0.1041095890,300.7379042269,300.7626366220,0.8223903507,0.0259707348,149,0.1786802808,1.3415960436,19.3820642612,2,0,43.5383241906
daily,IWM,2026-08-18,1530,2026-09-30,0.1178082192,300.8186469760,300.8498443380,1.0370820526,0.0249149096,76,0.1913762564,0.4244631398,19.2976236908,2,0,43.5383241906
daily,IWM,2026-08-18,1530,2026-10-02,0.1232876712,300.9196252569,300.9620570792,1.4100716201,0.0224741170,158,0.1844564185,2.2482141709,23.3979314997,2,0,43.5383241906
daily,IWM,2026-08-18,1530,2026-10-16,0.1616438356,301.2979609610,301.3682216405,2.3319334543,0.0179475372,126,0.1927353011,3.2020787517,35.9442626574,2,0,43.5383241906
daily,IWM,2026-08-18,1530,2026-11-20,0.2575342466,302.3279824812,302.4931608951,5.4635503006,0.0114326151,54,0.0731275723,9.9536639682,76.2114156925,2,0,43.5383241906
daily,IWM,2026-08-18,1530,2026-12-18,0.3342465753,302.6996508411,302.9037026658,6.7410657436,0.0137176493,70,0.2758290063,9.4266019734,81.3628444789,2,0,43.5383241906
daily,IWM,2026-08-18,1530,2026-12-31,0.3698630137,302.8708874730,303.0994057877,7.5450736324,0.0145061845,122,0.1740492910,0.9661020821,81.7105101028,2,0,43.5383241906
daily,IWM,2026-08-18,1530,2027-01-15,0.4109589041,303.2363375015,303.5476817587,10.2673795552,0.0134634546,84,0.2737332070,7.5734320380,104.7748781615,2,0,43.5383241906
daily,IWM,2026-08-18,1530,2027-02-19,0.5068493151,304.4626207612,304.8617994543,13.1109261309,0.0099689614,77,0.2797645696,19.7020823378,134.2067816996,2,0,43.5383241906
daily,IWM,2026-08-18,1530,2027-03-19,0.5835616438,305.1005049699,305.5291050247,14.0478317078,0.0101835536,88,0.1978919668,19.0776847876,163.9993710613,2,0,43.5383241906
daily,IWM,2026-08-18,1530,2027-03-31,0.6164383562,305.2916480035,305.7214898339,14.0797114234,0.0107581454,143,0.2305202832,2.2202946672,134.3721671146,2,0,43.5383241906
daily,IWM,2026-08-18,1530,2027-04-16,0.6602739726,305.7935938562,306.2848801453,16.0659444485,0.0099179779,83,0.1820798169,26.1889361829,182.3837832593,2,0,43.5383241906
daily,IWM,2026-08-18,1530,2027-06-17,0.8301369863,307.3160360945,308.0367776826,23.4527816159,0.0092240233,93,0.2966690063,20.6789248466,209.7562196329,2,0,43.5383241906
daily,IWM,2026-08-18,1530,2027-06-30,0.8657534247,307.7324394024,308.4966467790,24.8335007560,0.0087712826,141,0.4785190035,26.8833797718,171.8091471578,2,0,43.5383241906
daily,IWM,2026-08-18,1530,2027-09-17,1.0821917808,309.8733453516,310.8040179592,30.0339677996,0.0083939139,94,0.3184417641,27.0456809849,271.4590741698,2,0,43.5383241906
daily,IWM,2026-08-18,1530,2027-10-15,1.1589041096,310.5364749113,311.6625409857,36.2619584309,0.0083233881,89,0.4094830149,39.0682774378,288.8776100336,2,0,43.5383241906
daily,IWM,2026-08-18,1530,2027-12-17,1.3315068493,311.8261943400,313.1838333340,43.5383241906,0.0091986824,105,0.4261577411,35.3181856467,324.7981644083,2,0,43.5383241906
daily,IWM,2026-08-18,1530,2028-01-21,1.4273972603,313.1365811123,314.4115440949,40.7158747807,0.0087477238,106,0.3872125429,30.1862280881,350.2706068354,2,0,43.5383241906
daily,IWM,2026-08-19,1530,2026-08-20,0.0027397260,301.4602543667,301.4669274190,0.2213576150,-0.0190821739,18,0.0213955862,0.9377300452,1.3270519541,2,0,48.6897683612
daily,IWM,2026-08-19,1530,2026-08-21,0.0054794521,301.5499069342,301.5618570439,0.3962896174,-0.0481301656,54,0.0206323348,2.9109116696,4.5212158800,2,0,48.6897683612
daily,IWM,2026-08-19,1530,2026-08-24,0.0136986301,301.5752973397,301.5880194579,0.4218554496,-0.0029413354,53,0.0151923548,3.4977256095,5.0905730381,2,0,48.6897683612
daily,IWM,2026-08-19,1530,2026-08-25,0.0164383562,301.6160022158,301.6273923136,0.3776357269,-0.0041025862,47,0.0355382366,3.7332290968,5.5566198438,2,0,48.6897683612
daily,IWM,2026-08-19,1530,2026-08-26,0.0191780822,301.6519186856,301.6663320274,0.4778136954,-0.0048562943,52,0.0534778490,3.8037161996,5.9461201263,2,0,48.6897683612
daily,IWM,2026-08-19,1530,2026-08-27,0.0219178082,301.6739035515,301.6856926870,0.3907906976,-0.0024599012,52,0.0200568839,3.4557144037,6.6786478587,2,0,48.6897683612
daily,IWM,2026-08-19,1530,2026-08-28,0.0246575342,301.7397579413,301.7636750696,0.7926409330,-0.0084751099,74,0.0461488704,2.8528514783,9.1641977851,2,0,48.6897683612
daily,IWM,2026-08-19,1530,2026-08-31,0.0328767123,301.7772036965,301.7963510959,0.6344879301,-0.0002149140,58,0.0485561620,2.2839258691,8.8578913820,2,0,48.6897683612
daily,IWM,2026-08-19,1530,2026-09-01,0.0356164384,301.8311163904,301.8584759773,0.9064534915,-0.0030743967,70,0.0237514121,1.7084611240,9.8605356144,2,0,48.6897683612
daily,IWM,2026-08-19,1530,2026-09-02,0.0383561644,301.8812747582,301.9147555146,1.1090703281,-0.0050195159,43,0.0691868159,1.5602300684,10.9804819712,2,0,48.6897683612
daily,IWM,2026-08-19,1530,2026-09-04,0.0438356164,301.9298841009,301.9786741035,1.6159381739,-0.0045037843,162,0.0455201770,11.2585414090,14.4686174291,2,0,48.6897683612
daily,IWM,2026-08-19,1530,2026-09-11,0.0630136986,302.0878333515,302.1527083952,2.1475556633,-0.0007903522,118,0.0677466027,5.2312826473,19.1975257433,2,0,48.6897683612
daily,IWM,2026-08-19,1530,2026-09-18,0.0821917808,301.6902347703,301.7060738085,0.5250099726,0.0261977036,126,0.1625375269,1.1146885097,12.6069935638,2,0,48.6897683612
daily,IWM,2026-08-19,1530,2026-09-25,0.1013698630,301.7471263807,301.7693222431,0.7355782521,0.0262989411,150,0.1498787044,1.5071463502,14.6398464522,2,0,48.6897683612
daily,IWM,2026-08-19,1530,2026-09-30,0.1150684932,301.8379593178,301.8607553246,0.7552398934,0.0250175165,79,0.1955305212,2.4663954837,15.0548361836,2,0,48.6897683612
daily,IWM,2026-08-19,1530,2026-10-02,0.1205479452,301.9246582570,301.9648850076,1.3323439974,0.0227306144,157,0.1370867409,2.0444476523,31.1427825103,2,0,48.6897683612
daily,IWM,2026-08-19,1530,2026-10-16,0.1589041096,302.3330292958,302.4026623732,2.3031912046,0.0175373152,123,0.1823371866,2.7491071677,36.8994851416,2,0,48.6897683612
daily,IWM,2026-08-19,1530,2026-11-20,0.2547945205,303.3981019415,303.5566743116,5.2265445653,0.0106963536,50,0.0819424932,7.4954111644,61.1858011907,2,0,48.6897683612
daily,IWM,2026-08-19,1530,2026-12-18,0.3315068493,303.7070698624,303.9054798861,6.5329405684,0.0137750759,69,0.1657183979,11.3295049185,74.2703802559,2,0,48.6897683612
daily,IWM,2026-08-19,1530,2026-12-31,0.3671232877,303.9912700807,304.2162356091,7.4003943720,0.0135227200,118,0.1480961581,0.8801569021,72.9903868721,2,0,48.6897683612
daily,IWM,2026-08-19,1530,2027-01-15,0.4082191781,304.3635750929,304.6228177084,8.5175308957,0.0129107954,81,0.1321300202,5.8265578054,94.2208634120,2,0,48.6897683612
daily,IWM,2026-08-19,1530,2027-02-19,0.5041095890,305.2676032807,305.6568337050,12.7504661517,0.0113308654,78,0.1515078320,22.6213736048,131.3186522208,2,0,48.6897683612
daily,IWM,2026-08-19,1530,2027-03-19,0.5808219178,305.8695498467,306.3630355021,16.1338601908,0.0111448315,90,0.1858303378,21.2001978935,148.7423301512,2,0,48.6897683612
daily,IWM,2026-08-19,1530,2027-03-31,0.6136986301,306.2063475974,306.7103711581,16.4602584055,0.0108446155,140,0.2638320771,2.2157184590,122.6533324565,2,0,48.6897683612
daily,IWM,2026-08-19,1530,2027-04-16,0.6575342466,306.6159519680,307.1622313962,17.8164059853,0.0105497809,83,0.3026388208,24.9501052323,167.9166539005,2,0,48.6897683612
daily,IWM,2026-08-19,1530,2027-06-17,0.8273972603,308.3787742054,309.1136472028,23.8302068406,0.0089429845,93,0.2745078877,20.4151801885,207.8202275941,2,0,48.6897683612
daily,IWM,2026-08-19,1530,2027-06-30,0.8630136986,307.9629537100,308.6947747758,23.7632824680,0.0117961748,139,0.5953673497,23.5044952005,160.4970421422,2,0,48.6897683612
daily,IWM,2026-08-19,1530,2027-09-17,1.0794520548,310.6161887438,311.6759636025,34.1184682929,0.0087807856,99,0.3228839751,25.5841794952,266.2923198955,2,0,48.6897683612
daily,IWM,2026-08-19,1530,2027-10-15,1.1561643836,311.6558124259,312.9324063472,40.9616593163,0.0075820059,77,0.5281991194,56.8122965615,287.6745246971,2,0,48.6897683612
daily,IWM,2026-08-19,1530,2027-12-17,1.3287671233,313.0787787399,314.4931322280,45.1756421770,0.0084591270,100,0.4346341712,34.9025213438,324.2833224211,2,0,48.6897683612
daily,IWM,2026-08-19,1530,2028-01-21,1.4246575342,313.8852910714,315.4135912829,48.6897683612,0.0087432395,106,0.2942649665,32.8723555564,345.2738281062,2,0,48.6897683612
daily,IWM,2026-08-20,1530,2026-08-21,0.0027397260,297.7500773460,297.7564366850,0.2135797612,-0.0989886870,53,0.0238670364,1.8670256351,2.2854033452,2,1,53.4887490615
daily,IWM,2026-08-20,1530,2026-08-24,0.0109589041,297.7694925318,297.7763856384,0.2314913620,-0.0026306646,53,0.0146317649,1.6917476540,4.5346971273,2,1,53.4887490615
daily,IWM,2026-08-20,1530,2026-08-25,0.0136986301,297.7598762209,297.7657713423,0.1979823969,0.0080255681,52,0.0293280830,1.5812584422,4.1387548383,2,1,53.4887490615
daily,IWM,2026-08-20,1530,2026-08-26,0.0164383562,297.7998762145,297.8091709380,0.3121130755,0.0040954086,55,0.0442223643,1.7186781636,4.2356227755,2,1,53.4887490615
daily,IWM,2026-08-20,1530,2026-08-27,0.0191780822,297.7648303020,297.7719254618,0.2382806547,0.0154091100,58,0.0262211547,1.6127173240,2.7353592458,2,1,53.4887490615
daily,IWM,2026-08-20,1530,2026-08-28,0.0219178082,297.9107510427,297.9238594372,0.4400107885,-0.0050856406,78,0.0310027274,4.1093897701,7.8047052757,2,1,53.4887490615
daily,IWM,2026-08-20,1530,2026-08-31,0.0301369863,297.9438025825,297.9662373369,0.7529861084,0.0018471638,72,0.0317195912,2.5984783423,7.5720938178,2,1,53.4887490615
daily,IWM,2026-08-20,1530,2026-09-01,0.0328767123,297.9499380881,297.9709693078,0.7058642072,0.0043468411,69,0.0512122597,1.7958279265,10.5830771557,2,1,53.4887490615
daily,IWM,2026-08-20,1530,2026-09-02,0.0356164384,297.9749664627,297.9922598625,0.5803641860,0.0049017615,74,0.0717668894,1.5215847267,8.3992675839,2,1,53.4887490615
daily,IWM,2026-08-20,1530,2026-09-03,0.0383561644,297.9749638810,297.9987480815,0.7981945931,0.0066725409,37,0.0783725471,2.2934849928,12.1888222821,2,1,53.4887490615
daily,IWM,2026-08-20,1530,2026-09-04,0.0410958904,298.1051625439,298.1380851380,1.1043953034,-0.0026380001,166,0.0530245581,10.1521902685,13.2964949386,2,1,53.4887490615
daily,IWM,2026-08-20,1530,2026-09-11,0.0602739726,298.2517034555,298.2951038665,1.4551605406,0.0014421131,125,0.0921106173,4.8021689188,17.9364728208,2,1,53.4887490615
daily,IWM,2026-08-20,1530,2026-09-18,0.0794520548,297.7994009933,297.8111326403,0.3939446118,0.0306166527,133,0.1863870997,0.9489496743,9.2661107959,2,1,53.4887490615
daily,IWM,2026-08-20,1530,2026-09-25,0.0986301370,297.8306684245,297.8437217406,0.4382797843,0.0308604607,169,0.1996343135,1.2422836063,11.8040678078,2,1,53.4887490615
daily,IWM,2026-08-20,1530,2026-09-30,0.1123287671,297.9373859969,297.9544690866,0.5733785195,0.0283667596,94,0.3423665444,1.2064803162,11.9947131870,2,1,53.4887490615
daily,IWM,2026-08-20,1530,2026-10-02,0.1178082192,298.0005810273,298.0250667484,0.8216668917,0.0267829128,162,0.1548285285,2.0102380317,15.9244893147,2,1,53.4887490615
daily,IWM,2026-08-20,1530,2026-10-16,0.1561643836,298.4275228706,298.4903316944,2.1046592206,0.0197392960,127,0.2178052228,3.3752344428,34.3287180700,2,1,53.4887490615
daily,IWM,2026-08-20,1530,2026-11-20,0.2520547945,299.4244542904,299.5984577940,5.8112656155,0.0124603350,58,0.1889481679,5.8881659119,50.8844330729,2,1,53.4887490615
daily,IWM,2026-08-20,1530,2026-12-18,0.3287671233,299.7518756422,299.9893481243,7.9223017906,0.0146802574,65,0.3213210800,9.5301368012,63.9686827639,2,1,53.4887490615
daily,IWM,2026-08-20,1530,2026-12-31,0.3643835616,299.9188161625,300.1132343944,6.4823619418,0.0160018991,112,0.1442129926,1.1094892871,64.0257281697,2,1,53.4887490615
daily,IWM,2026-08-20,1530,2027-01-15,0.4054794521,300.2906120124,300.5737354215,9.4283137013,0.0146471239,73,0.2806067282,7.0500155392,82.9246496141,2,1,53.4887490615
daily,IWM,2026-08-20,1530,2027-02-19,0.5013698630,301.2014181953,301.5708178325,12.2642064368,0.0128798399,78,0.3275286703,20.7354787969,121.6091326317,2,1,53.4887490615
daily,IWM,2026-08-20,1530,2027-03-19,0.5780821918,301.8719109123,302.3455460496,15.6899373624,0.0120653538,88,0.2720943024,24.2937061601,140.4071435467,2,1,53.4887490615
daily,IWM,2026-08-20,1530,2027-03-31,0.6109589041,301.9768118228,302.4859819910,16.8612339862,0.0128190600,151,0.2390582747,2.2780621862,111.7921542614,2,1,53.4887490615
daily,IWM,2026-08-20,1530,2027-04-16,0.6547945205,302.5025557658,303.1229993485,20.5103583728,0.0114390652,86,0.1921078653,23.3106398095,159.9644896094,2,1,53.4887490615
daily,IWM,2026-08-20,1530,2027-06-17,0.8246575342,303.9774005059,304.8479970473,28.6401732480,0.0104813661,97,0.3154415151,21.7660145423,202.8402266198,2,1,53.4887490615
daily,IWM,2026-08-20,1530,2027-06-30,0.8602739726,304.2678622282,304.9999801545,24.0616252039,0.0111322313,137,0.5591235589,26.5708204426,162.9019545874,2,1,53.4887490615
daily,IWM,2026-08-20,1530,2027-09-17,1.0767123288,306.5449353281,307.6086070503,34.6987211192,0.0092768012,101,0.3476378197,27.8377886515,266.4227457905,2,1,53.4887490615
daily,IWM,2026-08-20,1530,2027-10-15,1.1534246575,307.2020987513,308.4287252844,39.9289763361,0.0092225819,91,0.4743127031,46.3031207448,284.0701095219,2,1,53.4887490615
daily,IWM,2026-08-20,1530,2027-12-17,1.3260273973,309.0492541176,310.2138290027,37.6825010766,0.0092892183,103,0.5151011017,32.9204419515,324.6286793387,2,1,53.4887490615
daily,IWM,2026-08-20,1530,2028-01-21,1.4219178082,309.3917178576,311.0466154534,53.4887490615,0.0096885943,114,0.3252879124,30.2502396595,343.8190413543,2,1,53.4887490615
daily,IWM,2026-08-21,1530,2026-08-24,0.0082191781,300.1194136760,300.1210301592,0.0538613345,0.0294130539,49,0.0357936706,0.5431547781,0.8038999244,2,0,56.4873777194
daily,IWM,2026-08-21,1530,2026-08-25,0.0109589041,300.1492306697,300.1518976327,0.0888545669,0.0221599055,41,0.0361830557,1.0400837272,1.5733435118,2,0,56.4873777194
daily,IWM,2026-08-21,1530,2026-08-26,0.0136986301,300.1795737273,300.1846881617,0.1703791638,0.0173411314,52,0.0269782623,1.5625557873,2.1762364056,2,0,56.4873777194
daily,IWM,2026-08-21,1530,2026-08-27,0.0164383562,300.2045040423,300.2132265578,0.2905524529,0.0149909608,51,0.0397650866,2.0423267611,3.0897816835,2,0,56.4873777194
daily,IWM,2026-08-21,1530,2026-08-28,0.0191780822,300.2852074396,300.2990352379,0.4604888260,0.0033675818,73,0.0394237343,3.6774445484,5.7913932512,2,0,56.4873777194
daily,IWM,2026-08-21,1530,2026-08-31,0.0273972603,300.3203327872,300.3345785711,0.4743529607,0.0094190736,62,0.0466783787,2.4029424477,5.7692450140,2,0,56.4873777194
daily,IWM,2026-08-21,1530,2026-09-01,0.0301369863,300.3604118455,300.3775952598,0.5720931778,0.0072595112,62,0.0693217221,2.2185018271,6.6508398291,2,0,56.4873777194
daily,IWM,2026-08-21,1530,2026-09-02,0.0328767123,300.3804742710,300.4027310555,0.7409531061,0.0072709393,72,0.0350181182,2.2493530655,7.1195056109,2,0,56.4873777194
daily,IWM,2026-08-21,1530,2026-09-03,0.0356164384,300.4155611458,300.4373434210,0.7250714680,0.0063951731,61,0.0582565809,2.3132738075,7.8895279971,2,0,56.4873777194
daily,IWM,2026-08-21,1530,2026-09-04,0.0383561644,300.5071916511,300.5390228262,1.0592483650,-0.0001737786,157,0.0741506825,9.1519985155,11.8943451576,2,0,56.4873777194
daily,IWM,2026-08-21,1530,2026-09-11,0.0575342466,300.6764749863,300.7181706337,1.3867279559,0.0021729216,114,0.0784952309,5.9888917667,16.6359158788,2,0,56.4873777194
daily,IWM,2026-08-21,1530,2026-09-18,0.0767123288,300.2055974958,300.2136793104,0.2692093219,0.0330017554,133,0.2241462490,0.8249248910,8.2641444634,2,0,56.4873777194
daily,IWM,2026-08-21,1530,2026-09-25,0.0958904110,300.3010900582,300.3161261554,0.5007007211,0.0303160734,161,0.1519334352,1.4137447090,11.2214654074,2,0,56.4873777194
daily,IWM,2026-08-21,1530,2026-09-30,0.1095890411,300.3765530329,300.3973606547,0.6927179108,0.0286752002,86,0.6839372615,1.8126743946,10.8256341780,2,0,56.4873777194
daily,IWM,2026-08-21,1530,2026-10-02,0.1150684932,300.4871071555,300.5138950342,0.8914817999,0.0256977348,157,0.1434455995,2.1161801200,16.0717008106,2,0,56.4873777194
daily,IWM,2026-08-21,1530,2026-10-16,0.1534246575,300.8750513208,300.9355740937,2.0115583740,0.0196114206,125,0.1588085801,2.9097500533,26.1757805644,2,0,56.4873777194
daily,IWM,2026-08-21,1530,2026-11-20,0.2493150685,301.8930824982,302.0477298404,5.1225864773,0.0125483560,50,0.1972736318,9.4148740002,49.4342256476,2,0,56.4873777194
daily,IWM,2026-08-21,1530,2026-12-18,0.3260273973,302.2379496105,302.4324146188,6.4341691229,0.0148009076,70,0.2332004248,11.3949009575,63.8622985638,2,0,56.4873777194
daily,IWM,2026-08-21,1530,2026-12-31,0.3616438356,302.4033646648,302.6180227857,7.0984038523,0.0155515914,115,0.1010706966,0.8281819395,63.5557220012,2,0,56.4873777194
daily,IWM,2026-08-21,1530,2027-01-15,0.4027397260,302.7171149886,303.0302583646,10.3444225794,0.0146604868,81,0.3408723738,7.0634712316,81.9458360290,2,0,56.4873777194
daily,IWM,2026-08-21,1530,2027-02-19,0.4986301370,303.6438762546,303.9899469647,11.3972563637,0.0131813565,80,0.1828422729,21.3985290881,119.4900256073,2,0,56.4873777194
daily,IWM,2026-08-21,1530,2027-03-19,0.5753424658,304.5217433575,304.9286726052,13.3628962975,0.0113440784,84,0.2492492745,21.6291200156,140.3150159420,2,0,56.4873777194
daily,IWM,2026-08-21,1530,2027-03-31,0.6082191781,304.8055175805,305.1992679649,12.9180858492,0.0114112847,136,0.2340103025,2.1590214499,112.7712048094,2,0,56.4873777194
daily,IWM,2026-08-21,1530,2027-04-16,0.6520547945,305.2215902438,305.7591839639,17.6132271553,0.0104931522,86,0.2108653267,21.4895922208,160.1834934234,2,0,56.4873777194
daily,IWM,2026-08-21,1530,2027-06-17,0.8219178082,306.6407156428,307.3642224852,23.5946110711,0.0101318069,93,0.4457741149,19.6816010277,200.7512510986,2,0,56.4873777194
daily,IWM,2026-08-21,1530,2027-06-30,0.8575342466,306.9758622096,307.7331588267,24.6695818901,0.0099554708,139,0.5273648494,25.6311551773,162.7073426204,2,0,56.4873777194
daily,IWM,2026-08-21,1530,2027-09-17,1.0739726027,309.2728606961,310.4341507592,37.5490452166,0.0080642525,97,0.3236788622,26.7572967432,265.2392908599,2,0,56.4873777194
daily,IWM,2026-08-21,1530,2027-10-15,1.1506849315,309.4398926586,310.7265503371,41.5802134441,0.0096153044,91,0.3037543322,41.1480273730,277.0990080586,2,0,56.4873777194
daily,IWM,2026-08-21,1530,2027-12-17,1.3232876712,311.5558210385,313.0260850530,47.1910301533,0.0084765127,101,0.2949605658,35.5653089689,321.7891211006,2,0,56.4873777194
daily,IWM,2026-08-21,1530,2028-01-21,1.4191780822,311.8369067893,313.5983917033,56.4873777194,0.0095627940,107,0.3095774352,32.8695185131,338.4953765359,2,0,56.4873777194
daily,IWM,2026-08-24,1538,2026-08-25,0.0027397260,298.1750181908,298.1752572161,0.0080162742,0.0070198327,30,0.0158360675,0.4066598795,0.5657001723,2,0,56.1166475544
daily,IWM,2026-08-24,1538,2026-08-26,0.0054794521,298.2100436602,298.2112621885,0.0408614124,0.0004435875,39,0.0124666535,1.0168824258,2.0124098608,2,0,56.1166475544
daily,IWM,2026-08-24,1538,2026-08-27,0.0082191781,298.2206923613,298.2228418548,0.0720772753,0.0082177202,39,0.0341240461,1.0093603844,1.8181614924,2,0,56.1166475544
daily,IWM,2026-08-24,1538,2026-08-28,0.0109589041,298.3047109813,298.3146611586,0.3335574970,-0.0124424842,63,0.0499786454,2.8328255831,4.3171295375,2,0,56.1166475544
daily,IWM,2026-08-24,1538,2026-08-31,0.0191780822,298.3352438326,298.3467447371,0.3855027100,0.0035418653,58,0.0410598408,2.4701062446,4.7419819851,2,0,56.1166475544
daily,IWM,2026-08-24,1538,2026-09-01,0.0219178082,298.3586357145,298.3766070816,0.6023411060,0.0032749806,49,0.0869466002,1.0187938460,8.7204427297,2,0,56.1166475544
daily,IWM,2026-08-24,1538,2026-09-02,0.0246575342,298.3853603274,298.3980260057,0.4244738523,0.0042153468,65,0.0673881563,1.5974645471,8.2173402650,2,0,56.1166475544
daily,IWM,2026-08-24,1538,2026-09-03,0.0273972603,298.4125063033,298.4300436446,0.5876878785,0.0036715107,73,0.0396045207,2.4537003468,9.3513197750,2,0,56.1166475544
daily,IWM,2026-08-24,1538,2026-09-04,0.0301369863,298.5161611755,298.5376620683,0.7202589184,-0.0051769927,157,0.0420395627,8.1692843088,10.3800305075,2,0,56.1166475544
daily,IWM,2026-08-24,1538,2026-09-11,0.0493150685,298.6712547133,298.7076421507,1.2183106638,0.0000478766,115,0.0683345872,7.0178754087,15.0787306287,2,0,56.1166475544
daily,IWM,2026-08-24,1538,2026-09-18,0.0684931507,298.1854813567,298.1887714979,0.1103387483,0.0360403470,147,0.5764642508,0.8558618638,9.3372049378,2,0,56.1166475544
daily,IWM,2026-08-24,1538,2026-09-25,0.0876712329,298.2725632641,298.2818781002,0.3122927570,0.0328632572,167,0.2252508594,1.0922889615,10.4150478271,2,0,56.1166475544
daily,IWM,2026-08-24,1538,2026-09-30,0.1013698630,298.3386503377,298.3569084345,0.6119923400,0.0309320650,94,1.0512312832,2.4627743929,10.1481133384,2,0,56.1166475544
daily,IWM,2026-08-24,1538,2026-10-02,0.1068493151,298.4467977207,298.4687296523,0.7348690553,0.0277327945,158,0.1614849692,1.8935207437,22.2887934775,2,0,56.1166475544
daily,IWM,2026-08-24,1538,2026-10-16,0.1452054795,298.8245078083,298.8810046781,1.8906370879,0.0208908862,124,0.2014461178,2.9785617142,30.3257076737,2,0,56.1166475544
daily,IWM,2026-08-24,1538,2026-11-20,0.2410958904,299.8132727265,299.9671384820,5.1320528303,0.0133435785,53,0.2233946199,13.4333595437,54.8139111090,2,0,56.1166475544
daily,IWM,2026-08-24,1538,2026-12-18,0.3178082192,300.1569194579,300.3576948560,6.6890144795,0.0155130821,67,0.2118642420,11.7886644680,68.4207217785,2,0,56.1166475544
daily,IWM,2026-08-24,1538,2026-12-31,0.3534246575,300.3041430155,300.5352584265,7.6960447061,0.0162614507,112,0.1206288573,0.7981585019,66.6446810447,2,0,56.1166475544
daily,IWM,2026-08-24,1538,2027-01-15,0.3945205479,300.7565263043,301.0123929262,8.5074337396,0.0146972431,75,0.2381551535,5.0545755967,88.9115214471,2,0,56.1166475544
daily,IWM,2026-08-24,1538,2027-02-19,0.4904109589,301.6717487186,302.0985331591,14.1473121795,0.0122702321,76,0.1770523616,25.1512107626,127.7557105888,2,0,56.1166475544
daily,IWM,2026-08-24,1538,2027-03-19,0.5671232877,302.3825061108,302.8554510429,15.6406181735,0.0116830628,84,0.2639334991,28.4975656326,146.7355540211,2,0,56.1166475544
daily,IWM,2026-08-24,1538,2027-03-31,0.6000000000,302.5751187107,303.0758629346,16.5494184069,0.0120606657,140,0.2376696676,2.1335510973,118.5912510394,2,0,56.1166475544
daily,IWM,2026-08-24,1538,2027-04-16,0.6438356164,303.0105251135,303.6025651908,19.5385977784,0.0113138932,87,0.1769141564,22.8482156752,165.1793951036,2,0,56.1166475544
daily,IWM,2026-08-24,1538,2027-06-17,0.8136986301,304.6271634146,305.4881806415,28.2646241153,0.0098397693,95,0.2964786468,21.4248603464,203.3109493942,2,0,56.1166475544
daily,IWM,2026-08-24,1538,2027-06-30,0.8493150685,304.9042687270,305.6581285949,24.7244773254,0.0104791937,142,0.4590255095,26.7026955939,163.4895010693,2,0,56.1166475544
daily,IWM,2026-08-24,1538,2027-09-17,1.0657534247,307.4151058518,308.4590001470,33.9571568003,0.0082604313,97,0.2953974342,28.1039411612,268.7052847854,2,0,56.1166475544
daily,IWM,2026-08-24,1538,2027-10-15,1.1424657534,307.8550182853,308.9233325996,34.7018645400,0.0093422262,97,0.3391991074,39.8903694331,283.5757735717,2,0,56.1166475544
daily,IWM,2026-08-24,1538,2027-12-17,1.3150684932,309.5163928015,311.2532950342,56.1166475544,0.0081747029,100,0.3862744132,33.0617066005,326.9746578490,2,0,56.1166475544
daily,IWM,2026-08-24,1538,2028-01-21,1.4109589041,310.3125424823,311.9678475715,53.3431577080,0.0089828512,111,0.3566843595,28.4075416453,347.2851916450,2,0,56.1166475544
daily,IWM,2026-08-25,1530,2026-08-26,0.0027397260,298.7399730447,298.7439316585,0.1325103475,-0.0036203165,37,0.0287535149,1.0043185695,1.1438648129,2,0,61.9785066736
daily,IWM,2026-08-25,1530,2026-08-27,0.0054794521,298.7745386258,298.7766944086,0.0721541678,-0.0029039661,40,0.0303744198,1.4717018396,1.8820620050,2,0,61.9785066736
daily,IWM,2026-08-25,1530,2026-08-28,0.0082191781,298.8502643967,298.8585730980,0.2780222168,-0.0226606823,60,0.0320657826,3.6830465410,5.3848864726,2,0,61.9785066736
daily,IWM,2026-08-25,1530,2026-08-31,0.0164383562,298.8961790816,298.9136168833,0.5834066453,-0.0036140293,55,0.0184121970,3.6718569773,5.4247112491,2,0,61.9785066736
daily,IWM,2026-08-25,1530,2026-09-01,0.0191780822,298.9199419244,298.9463239808,0.8825793380,-0.0033973031,56,0.0491148429,4.0626369857,6.0152385233,2,0,61.9785066736
daily,IWM,2026-08-25,1530,2026-09-02,0.0219178082,298.9633115710,298.9879124719,0.8228735764,-0.0045895166,62,0.0286560334,3.4358878298,6.9620787912,2,0,61.9785066736
daily,IWM,2026-08-25,1530,2026-09-03,0.0246575342,298.9881237552,299.0121878930,0.8048526284,-0.0031678745,61,0.0321629241,2.8009089322,7.5193701317,2,0,61.9785066736
daily,IWM,2026-08-25,1530,2026-09-04,0.0273972603,299.0811202042,299.1024308368,0.7125368735,-0.0100813419,152,0.0599719185,8.9125549422,10.8451396064,2,0,61.9785066736
daily,IWM,2026-08-25,1530,2026-09-08,0.0383561644,299.1201742901,299.1655752428,1.5178164679,-0.0018932139,38,0.0896086857,1.4474740212,9.7988926503,2,0,61.9785066736
daily,IWM,2026-08-25,1530,2026-09-11,0.0465753425,299.2421872663,299.2766675451,1.1522532676,-0.0028530430,111,0.0711310074,7.3434288987,15.7076982333,2,0,61.9785066736
daily,IWM,2026-08-25,1530,2026-09-18,0.0657534247,298.7343398452,298.7368574290,0.0842750068,0.0364717916,150,0.6075571299,0.7495959373,8.1918490229,2,0,61.9785066736
daily,IWM,2026-08-25,1530,2026-09-25,0.0849315068,298.8477199740,298.8576397834,0.3319352549,0.0320210816,159,0.2035967799,1.3889111321,12.3861292113,2,0,61.9785066736
daily,IWM,2026-08-25,1530,2026-09-30,0.0986301370,298.9009116892,298.9144474305,0.4528504533,0.0308472057,90,0.9381837204,2.2717176807,11.0473411382,2,0,61.9785066736
daily,IWM,2026-08-25,1530,2026-10-02,0.1041095890,299.0440971594,299.0649361682,0.6968540456,0.0263598383,152,0.1166082881,2.1672864468,16.6941045958,2,0,61.9785066736
daily,IWM,2026-08-25,1530,2026-10-16,0.1424657534,299.4222672754,299.4789623099,1.8934809024,0.0197436016,120,0.1994274331,3.2191889943,27.6744631020,2,0,61.9785066736
daily,IWM,2026-08-25,1530,2026-11-20,0.2383561644,300.4490961080,300.6137188788,5.4792233671,0.0117879065,53,0.1945668769,10.7499793752,51.1721749808,2,0,61.9785066736
daily,IWM,2026-08-25,1530,2026-12-18,0.3150684932,300.8098152600,301.0164222990,6.8683609552,0.0142914977,65,0.2584963509,11.7301227600,67.1927738688,2,0,61.9785066736
daily,IWM,2026-08-25,1530,2026-12-31,0.3506849315,301.0289097954,301.2220501148,6.4160056791,0.0149327213,117,0.1179763822,0.8894685584,66.9236696379,2,0,61.9785066736
daily,IWM,2026-08-25,1530,2027-01-15,0.3917808219,301.5332203297,301.8211661562,9.5493898216,0.0125049240,72,0.1794041993,5.6640698711,88.7105512807,2,0,61.9785066736
daily,IWM,2026-08-25,1530,2027-02-19,0.4876712329,302.3902425925,302.7964433701,13.4329988335,0.0113229755,75,0.2499441507,25.1782260603,126.5620401353,2,0,61.9785066736
daily,IWM,2026-08-25,1530,2027-03-19,0.5643835616,303.1134436196,303.5908723780,15.7508275663,0.0106677598,83,0.1805812106,24.0385712204,146.1726803054,2,0,61.9785066736
daily,IWM,2026-08-25,1530,2027-03-31,0.5972602740,303.2353655213,303.7152930924,15.8268996835,0.0116404191,145,0.2044126674,2.1435357537,116.0368940669,2,0,61.9785066736
daily,IWM,2026-08-25,1530,2027-04-16,0.6410958904,303.8514384401,304.3779969949,17.3294738207,0.0102344705,82,0.3016805426,23.1867027560,165.6072748966,2,0,61.9785066736
daily,IWM,2026-08-25,1530,2027-06-17,0.8109589041,305.4429398722,306.2235011477,25.5550603265,0.0091828844,91,0.2513841329,18.8459896215,211.8247718742,2,0,61.9785066736
daily,IWM,2026-08-25,1530,2027-06-30,0.8465753425,305.9144149918,306.7240038173,26.4645530193,0.0085840219,139,0.5277899996,27.8517802891,175.1364510601,2,0,61.9785066736
daily,IWM,2026-08-25,1530,2027-09-17,1.0630136986,308.2190949049,309.3595180668,37.0004059035,0.0072774443,93,0.4676302019,28.5412274231,274.1873575535,2,0,61.9785066736
daily,IWM,2026-08-25,1530,2027-10-15,1.1397260274,308.3257924433,309.3844534356,34.3357908483,0.0096702099,92,0.2614558208,39.1296635343,284.3947326553,2,0,61.9785066736
daily,IWM,2026-08-25,1530,2027-12-17,1.3123287671,309.7159384034,310.8587627573,36.8991134206,0.0105467739,105,0.5764729802,30.3536592105,320.8561289349,2,0,61.9785066736
daily,IWM,2026-08-25,1530,2028-01-21,1.4082191781,310.5340821246,312.4587259927,61.9785066736,0.0091708591,104,0.4063293745,35.3743003064,347.1404716473,2,0,61.9785066736
daily,IWM,2026-08-26,1530,2026-08-27,0.0027397260,299.1400145144,299.1415432200,0.0511033484,-0.0006506148,42,0.0082514438,0.5919689717,0.7382336928,2,0,50.4457485342
daily,IWM,2026-08-26,1530,2026-08-28,0.0054794521,299.2298403334,299.2373121774,0.2497025034,-0.0398230289,61,0.0264721391,2.2121537224,3.5927390275,2,0,50.4457485342
daily,IWM,2026-08-26,1530,2026-08-31,0.0136986301,299.2406429135,299.2479896367,0.2455122117,0.0041695104,48,0.0243155761,2.8261443705,3.9354518186,2,0,50.4457485342
daily,IWM,2026-08-26,1530,2026-09-01,0.0164383562,299.2664092980,299.2799830572,0.4535677516,0.0032776037,53,0.0280337491,3.0706816599,3.9701858741,2,0,50.4457485342
daily,IWM,2026-08-26,1530,2026-09-02,0.0191780822,299.3052214133,299.3153051529,0.3369049015,0.0020612413,61,0.0361208705,3.7372921796,4.9115192006,2,0,50.4457485342
daily,IWM,2026-08-26,1530,2026-09-03,0.0219178082,299.3236102611,299.3369735595,0.4464498593,0.0032306554,59,0.0715747657,2.7264993761,5.1420804932,2,0,50.4457485342
daily,IWM,2026-08-26,1530,2026-09-04,0.0246575342,299.4163208390,299.4358727004,0.6529991868,-0.0063210576,150,0.0612991451,6.9876220214,8.7771468441,2,0,50.4457485342
daily,IWM,2026-08-26,1530,2026-09-08,0.0356164384,299.4492582680,299.4735035267,0.8096616738,0.0037384204,67,0.0631651942,1.7103364348,8.3428602410,2,0,50.4457485342
daily,IWM,2026-08-26,1530,2026-09-09,0.0383561644,299.5036310443,299.5207915983,0.5729664768,0.0020577270,40,0.0676670144,1.2382416281,11.6469257372,2,0,50.4457485342
daily,IWM,2026-08-26,1530,2026-09-11,0.0438356164,299.5759545449,299.6087680843,1.0953328843,-0.0001691953,106,0.0614901287,7.0011639423,13.5198043704,2,0,50.4457485342
daily,IWM,2026-08-26,1530,2026-09-18,0.0630136986,299.0651551699,299.0610932709,-0.1358198663,0.0404341375,146,1.2369254770,0.2044668612,9.4296977024,2,0,50.4457485342
daily,IWM,2026-08-26,1530,2026-09-25,0.0821917808,299.1523679036,299.1544100927,0.0682658486,0.0360328314,161,0.6044334501,0.6938018941,8.6117605210,2,0,50.4457485342
daily,IWM,2026-08-26,1530,2026-09-30,0.0958904110,299.2221862436,299.2303851795,0.2740082875,0.0335975360,94,1.7843917486,2.4365476415,7.4811913738,2,0,50.4457485342
daily,IWM,2026-08-26,1530,2026-10-02,0.1013698630,299.3513428070,299.3692905090,0.5995530813,0.0292271540,150,0.1633193078,1.5647664264,13.4003982623,2,0,50.4457485342
daily,IWM,2026-08-26,1530,2026-10-16,0.1397260274,299.7288370677,299.7807385298,1.7316139019,0.0217469427,125,0.1845324194,2.6897412865,23.7532788478,2,0,50.4457485342
daily,IWM,2026-08-26,1530,2026-11-20,0.2356164384,300.7517605044,300.9018700289,4.9911436672,0.0129905070,53,0.1750533398,6.7943991669,48.3567507624,2,0,50.4457485342
daily,IWM,2026-08-26,1530,2026-12-18,0.3123287671,301.1234625116,301.3161289973,6.3982555241,0.0150701836,68,0.3015957563,10.8545347999,63.4766294642,2,0,50.4457485342
daily,IWM,2026-08-26,1530,2026-12-31,0.3479452055,301.3125575815,301.5174109337,6.7986994570,0.0156649019,115,0.1596472711,0.7914146134,62.6374832254,2,0,50.4457485342
daily,IWM,2026-08-26,1530,2027-01-15,0.3890410959,301.7614191347,302.0256462833,8.7561607251,0.0139107688,74,0.2994549720,9.1434926478,83.8992585801,2,0,50.4457485342
daily,IWM,2026-08-26,1530,2027-02-19,0.4849315068,302.7057971573,303.0783359868,12.3069605213,0.0119027199,77,0.1626878931,24.2573595773,123.0522927376,2,0,50.4457485342
daily,IWM,2026-08-26,1530,2027-03-19,0.5616438356,303.4195376093,303.8945426671,15.6550583883,0.0109843688,81,0.2698242584,23.1128876955,142.5126131512,2,0,50.4457485342
daily,IWM,2026-08-26,1530,2027-03-31,0.5945205479,303.5878538613,304.0705617279,15.9001047120,0.0116317365,139,0.2257525444,2.0809951477,112.3875627767,2,0,50.4457485342
daily,IWM,2026-08-26,1530,2027-04-16,0.6383561644,304.0360780784,304.5281304901,16.1840139104,0.0112450628,82,0.2349048528,25.7724238563,159.8224452212,2,0,50.4457485342
daily,IWM,2026-08-26,1530,2027-06-17,0.8082191781,305.7045251368,306.4247519637,23.5595736294,0.0096702445,93,0.3030120157,18.1033046712,203.8069901874,2,0,50.4457485342
daily,IWM,2026-08-26,1530,2027-06-30,0.8438356164,305.6543825672,306.3490764780,22.7280860468,0.0112559096,140,0.5373559430,25.2115448764,161.6840479738,2,0,50.4457485342
daily,IWM,2026-08-26,1530,2027-09-17,1.0602739726,307.8061468069,308.9787949255,38.0969688454,0.0092521885,95,0.3844541619,26.2645423222,260.5467435295,2,0,50.4457485342
daily,IWM,2026-08-26,1530,2027-10-15,1.1369863014,308.7781846421,309.9798021755,38.9152340787,0.0086545688,81,0.4064148406,58.7444223451,281.2112163715,2,0,50.4457485342
daily,IWM,2026-08-26,1530,2027-12-17,1.3095890411,310.4323459191,311.9316813829,48.2983002085,0.0083299336,101,0.3966873763,31.0860102216,320.6704993622,2,0,50.4457485342
daily,IWM,2026-08-26,1530,2028-01-21,1.4054794521,311.2054519734,312.7753511707,50.4457485342,0.0087434451,103,0.3810062047,34.6298976000,341.7460862135,2,0,50.4457485342
daily,IWM,2026-08-27,1530,2026-08-28,0.0027397260,300.1048030198,300.1121047555,0.2433061951,-0.0619316554,58,0.0259536483,1.6511472614,1.8741307145,2,0,48.4921369643
daily,IWM,2026-08-27,1530,2026-08-31,0.0109589041,300.1346402861,300.1439104615,0.3088672261,0.0033010851,44,0.0184512595,2.2967959033,2.7182692019,2,0,48.4921369643
daily,IWM,2026-08-27,1530,2026-09-01,0.0136986301,300.1600831752,300.1698447227,0.3252113825,0.0039212583,46,0.0412067809,2.6410024205,3.3348516371,2,0,48.4921369643
daily,IWM,2026-08-27,1530,2026-09-02,0.0164383562,300.1901185308,300.1982254636,0.2700599491,0.0038393951,54,0.0226577287,3.2407911664,3.9976850757,2,0,48.4921369643
daily,IWM,2026-08-27,1530,2026-09-03,0.0191780822,300.2201601288,300.2353745969,0.5067770295,0.0022585298,57,0.0178657169,2.9577266830,4.7284403939,2,0,48.4921369643
daily,IWM,2026-08-27,1530,2026-09-04,0.0219178082,300.3202662021,300.3363452033,0.5353951444,-0.0086227633,145,0.0298285910,6.4770883818,8.0148444135,2,0,48.4921369643
daily,IWM,2026-08-27,1530,2026-09-08,0.0328767123,300.3441825066,300.3666118895,0.7467893235,0.0038326469,68,0.0479549869,2.7497782920,7.8870692632,2,0,48.4921369643
daily,IWM,2026-08-27,1530,2026-09-09,0.0356164384,300.3732046160,300.3960089877,0.7592012629,0.0037084236,65,0.0515207803,2.2984237183,8.5221126602,2,0,48.4921369643
daily,IWM,2026-08-27,1530,2026-09-10,0.0383561644,300.3955752174,300.4211528417,0.8514647484,0.0039713026,36,0.0745913379,1.1535518486,8.5880632574,2,0,48.4921369643
daily,IWM,2026-08-27,1530,2026-09-11,0.0410958904,300.4757411640,300.5026102777,0.8942190680,-0.0003611434,106,0.0745639141,7.0607409453,12.7697942728,2,0,48.4921369643
daily,IWM,2026-08-27,1530,2026-09-18,0.0602739726,299.9599084264,299.9544249020,-0.1828085775,0.0421184515,141,1.5456986688,0.1110268266,10.1645755814,2,0,48.4921369643
daily,IWM,2026-08-27,1530,2026-09-25,0.0794520548,300.0501509432,300.0521929595,0.0680558328,0.0370078547,158,0.8010528837,0.6318810281,8.6608337628,2,0,48.4921369643
daily,IWM,2026-08-27,1530,2026-09-30,0.0931506849,300.1354771571,300.1444146573,0.2977821972,0.0337839045,94,1.8456561648,2.1367729653,7.5315185926,2,0,48.4921369643
daily,IWM,2026-08-27,1530,2026-10-02,0.0986301370,300.2358787313,300.2485501506,0.4220488027,0.0304587018,155,0.1491983790,1.7019157503,10.0541573193,2,0,48.4921369643
daily,IWM,2026-08-27,1530,2026-10-09,0.1178082192,300.4218716711,300.4513326767,0.9806544840,0.0258313295,61,0.2022079307,1.0107227881,3.1683402202,2,0,48.4921369643
daily,IWM,2026-08-27,1530,2026-10-16,0.1369863014,300.6180290348,300.6641742579,1.5350118321,0.0223516777,122,0.1991463741,2.6728336689,22.8802209304,2,0,48.4921369643
daily,IWM,2026-08-27,1530,2026-11-20,0.2328767123,301.6395371025,301.7772611871,4.5658498864,0.0133091959,51,0.1312291292,9.1041951776,47.2393767094,2,0,48.4921369643
daily,IWM,2026-08-27,1530,2026-12-18,0.3095890411,301.9936168783,302.1712817311,5.8830664914,0.0155219579,67,0.3475893163,13.3230079637,61.1509435453,2,0,48.4921369643
daily,IWM,2026-08-27,1530,2026-12-31,0.3452054795,302.1433669758,302.3339135876,6.3064966063,0.0164352033,116,0.1362119927,0.7415104811,60.0729405973,2,0,48.4921369643
daily,IWM,2026-08-27,1530,2027-01-15,0.3863013699,302.6138237680,302.8309010214,7.1734083618,0.0146842934,76,0.3621024067,8.5578831857,81.5068507358,2,0,48.4921369643
daily,IWM,2026-08-27,1530,2027-02-19,0.4821917808,303.5664041900,303.9166407571,11.5373955178,0.0122853689,74,0.1143459321,22.6601461336,120.4246577998,2,0,48.4921369643
daily,IWM,2026-08-27,1530,2027-03-19,0.5589041096,304.2776402200,304.7036536944,14.0008143259,0.0115182473,82,0.2505048182,21.4503441202,140.9681891562,2,0,48.4921369643
daily,IWM,2026-08-27,1530,2027-03-31,0.5917808219,304.4061733877,304.8292366912,13.8979869792,0.0124373613,137,0.2391182556,1.9306425103,109.0613690127,2,0,48.4921369643
daily,IWM,2026-08-27,1530,2027-04-16,0.6356164384,304.9984562385,305.4520836796,14.8731061362,0.0111679883,80,0.3176179699,20.8798631323,158.1941299566,2,0,48.4921369643
daily,IWM,2026-08-27,1530,2027-06-17,0.8054794521,306.6281310071,307.3455902131,23.3983491243,0.0097015529,90,0.2848503301,19.7621688029,201.8691991152,2,0,48.4921369643
daily,IWM,2026-08-27,1530,2027-06-30,0.8410958904,307.0150996694,307.7697638887,24.5806874061,0.0093700544,136,0.5088999539,25.9125567073,164.6829317742,2,0,48.4921369643
daily,IWM,2026-08-27,1530,2027-09-17,1.0575342466,308.8931087315,310.0388864819,37.0930175538,0.0089438178,93,0.4356690925,25.8147530322,261.8672863796,2,0,48.4921369643
daily,IWM,2026-08-27,1530,2027-10-15,1.1342465753,308.8387408991,309.9120956153,34.7545360726,0.0116056413,88,0.2549072642,52.5246230366,270.2456847783,2,0,48.4921369643
daily,IWM,2026-08-27,1530,2027-12-17,1.3068493151,311.0924490306,312.5203878870,45.9007880413,0.0093347896,99,0.4898719784,34.4027215762,317.2852006619,2,0,48.4921369643
daily,IWM,2026-08-27,1530,2028-01-21,1.4027397260,311.9217362845,313.4343114403,48.4921369643,0.0095522740,108,0.2912576300,29.1018167762,338.5940979839,2,0,48.4921369643
daily,IWM,2026-08-31,1530,2026-09-01,0.0027397260,293.3700388668,293.3712918312,0.0427093527,-0.0005945042,46,0.0236504583,0.7320194205,0.8757956285,2,0,47.3994133079
daily,IWM,2026-08-31,1530,2026-09-02,0.0054794521,293.4055052945,293.4085119971,0.1024760118,-0.0042798874,49,0.0349940028,1.5678941968,1.8224496873,2,0,47.3994133079
daily,IWM,2026-08-31,1530,2026-09-03,0.0082191781,293.4201323710,293.4283166705,0.2789276734,0.0017145282,53,0.0258682138,1.8746499591,2.3496473714,2,0,47.3994133079
daily,IWM,2026-08-31,1530,2026-09-04,0.0109589041,293.5254307537,293.5332164742,0.2652485835,-0.0217450121,138,0.0288909997,4.4934531324,5.2981945317,2,0,47.3994133079
daily,IWM,2026-08-31,1530,2026-09-08,0.0219178082,293.5496216978,293.5607376421,0.3786734345,0.0040197376,61,0.0159321231,3.7713493114,5.6441684596,2,0,47.3994133079
daily,IWM,2026-08-31,1530,2026-09-09,0.0246575342,293.5755438380,293.5877241508,0.4148953498,0.0041050201,63,0.0352773773,4.7263151216,6.3239277537,2,0,47.3994133079
daily,IWM,2026-08-31,1530,2026-09-10,0.0273972603,293.5956253152,293.6144600869,0.6415208550,0.0042047038,75,0.0341449253,3.7754480578,6.9333675781,2,0,47.3994133079
daily,IWM,2026-08-31,1530,2026-09-11,0.0301369863,293.6646127046,293.6899412866,0.8625003116,-0.0012212796,101,0.0385339530,6.8856492647,10.0563968644,2,0,47.3994133079
daily,IWM,2026-08-31,1530,2026-09-14,0.0383561644,293.7010301473,293.7216219334,0.7011138528,0.0044438354,42,0.0516064836,3.9192618723,9.5787594617,2,0,47.3994133079
daily,IWM,2026-08-31,1530,2026-09-18,0.0493150685,293.1402649507,293.1259225423,-0.4892677707,0.0531435103,119,2.9806175313,0.0453486756,13.2608453884,2,0,47.3994133079
daily,IWM,2026-08-31,1530,2026-09-25,0.0684931507,293.2556705087,293.2486056285,-0.2409119737,0.0428890814,152,1.8096284757,0.1432454402,11.9180624481,2,0,47.3994133079
daily,IWM,2026-08-31,1530,2026-09-30,0.0821917808,293.3247292055,293.3244184467,-0.0105943585,0.0389858117,95,3.5524450294,0.5970682789,9.7804883156,2,0,47.3994133079
daily,IWM,2026-08-31,1530,2026-10-02,0.0876712329,293.4464973317,293.4550091975,0.2900653374,0.0338440677,155,0.2172283203,1.4037665467,8.5740028440,2,0,47.3994133079
daily,IWM,2026-08-31,1530,2026-10-09,0.1068493151,293.6376005304,293.6591919422,0.7353081415,0.0280715168,154,0.1839835545,2.4199802101,13.0863097043,2,0,47.3994133079
daily,IWM,2026-08-31,1530,2026-10-16,0.1260273973,293.8541054114,293.8862485005,1.0938451577,0.0234697578,122,0.1567995850,4.0949135843,19.1013138584,2,0,47.3994133079
daily,IWM,2026-08-31,1530,2026-11-20,0.2219178082,294.8436621437,294.9812570966,4.6667088541,0.0135853034,48,0.2495212467,13.9287804917,44.1882313462,2,0,47.3994133079
daily,IWM,2026-08-31,1530,2026-12-18,0.2986301370,295.1315239610,295.3093591643,6.0256254862,0.0166207661,65,0.3735079629,15.0288849012,58.1864703106,2,0,47.3994133079
daily,IWM,2026-08-31,1530,2026-12-31,0.3342465753,295.3292800274,295.5086624714,6.0739810146,0.0171057797,115,0.1386685881,0.9044798797,58.0913284924,2,0,47.3994133079
daily,IWM,2026-08-31,1530,2027-01-15,0.3753424658,295.6901218585,295.9372389323,8.3572989257,0.0158797245,74,0.2436993165,8.3107966162,78.0400212716,2,0,47.3994133079
daily,IWM,2026-08-31,1530,2027-02-19,0.4712328767,296.6376304632,297.0010883994,12.2525903252,0.0134116674,81,0.1583522134,25.0705680747,119.4988328141,2,0,47.3994133079
daily,IWM,2026-08-31,1530,2027-03-19,0.5479452055,297.3254729804,297.7904869064,15.6398952767,0.0125661635,87,0.2706774301,28.9113835358,140.0299716277,2,0,47.3994133079
daily,IWM,2026-08-31,1530,2027-03-31,0.5808219178,297.3901299376,297.8511877934,15.5034686569,0.0139013252,146,0.1875087979,2.2283400093,108.5031204742,2,0,47.3994133079
daily,IWM,2026-08-31,1530,2027-04-16,0.6246575342,297.9432207055,298.5316068314,19.7482635939,0.0122450506,87,0.1415235070,27.0815112327,158.7889600365,2,0,47.3994133079
daily,IWM,2026-08-31,1530,2027-06-17,0.7945205479,299.7101009362,300.4661135302,25.2247952821,0.0105523761,94,0.2127001516,25.4722352990,204.9835046144,2,0,47.3994133079
daily,IWM,2026-08-31,1530,2027-06-30,0.8301369863,299.9585637290,300.6460593485,22.9196863373,0.0111955607,133,0.5448109486,31.6271326314,165.4477080308,2,0,47.3994133079
daily,IWM,2026-08-31,1530,2027-09-17,1.0465753425,302.1835434754,303.2790810391,36.2540445171,0.0094145485,96,0.3468908230,31.0904865749,271.6758484066,2,0,47.3994133079
daily,IWM,2026-08-31,1530,2027-10-15,1.1232876712,302.6430508978,304.0775612032,47.3994133079,0.0094875207,88,0.3756867044,46.0958403540,289.3023327849,2,0,47.3994133079
daily,IWM,2026-08-31,1530,2027-12-17,1.2958904110,304.4649572150,305.8946397844,46.9572124989,0.0095878210,108,0.2928201188,36.2737971451,331.6496458887,2,0,47.3994133079
daily,IWM,2026-08-31,1530,2028-01-21,1.3917808219,305.3065507586,306.7090387055,45.9370407668,0.0101006436,109,0.3220924439,29.9685406596,354.7100553341,2,0,47.3994133079
daily,IWM,2026-09-01,1530,2026-09-02,0.0027397260,290.7248657190,290.7272534703,0.0821309622,0.0104995301,48,0.0219711733,0.3375810852,0.6093158397,2,0,51.0389482837
daily,IWM,2026-09-01,1530,2026-09-03,0.0054794521,290.7401558795,290.7418376267,0.0578436508,0.0153145997,47,0.0210732824,0.5477284168,0.7950363100,2,0,51.0389482837
daily,IWM,2026-09-01,1530,2026-09-04,0.0082191781,290.8649573415,290.8785133596,0.4660588250,-0.0341584174,137,0.0449169901,3.2963875700,3.9994857568,2,0,51.0389482837
daily,IWM,2026-09-01,1530,2026-09-08,0.0191780822,290.8734328928,290.8830256426,0.3297911972,0.0065170781,64,0.0367391099,2.8469790827,4.4827474407,2,0,51.0389482837
daily,IWM,2026-09-01,1530,2026-09-09,0.0219178082,290.8957543582,290.9052701932,0.3271218238,0.0070184209,67,0.0287877057,3.8051712466,5.1420214603,2,0,51.0389482837
daily,IWM,2026-09-01,1530,2026-09-10,0.0246575342,290.9218206699,290.9425145475,0.7113209186,0.0053176592,76,0.0331658368,3.2951686377,5.9728940703,2,0,51.0389482837
daily,IWM,2026-09-01,1530,2026-09-11,0.0273972603,291.0021073678,291.0217624964,0.6754290813,-0.0013108304,110,0.0675756879,6.0226385722,9.0942604415,2,0,51.0389482837
daily,IWM,2026-09-01,1530,2026-09-14,0.0356164384,291.0177605611,291.0404579430,0.7799311592,0.0060586330,36,0.0675439929,4.6500578454,8.2998394947,2,0,51.0389482837
daily,IWM,2026-09-01,1530,2026-09-15,0.0383561644,290.5643581713,290.5555782033,-0.3021694782,0.0518433218,41,0.4041306240,0.0835962873,3.2805896173,2,0,51.0389482837
daily,IWM,2026-09-01,1530,2026-09-18,0.0465753425,290.4590323615,290.4412677796,-0.6116037018,0.0579265154,108,3.4609729558,0.0537297447,13.4161267097,2,0,51.0389482837
daily,IWM,2026-09-01,1530,2026-09-25,0.0657534247,290.5651157359,290.5571170104,-0.2752816861,0.0461777324,145,1.9239587790,0.1159646179,13.1512667216,2,0,51.0389482837
daily,IWM,2026-09-01,1530,2026-09-30,0.0794520548,290.6570034766,290.6517352549,-0.1812521851,0.0407455468,99,3.9997813195,0.3110325741,11.3310892737,2,0,51.0389482837
daily,IWM,2026-09-01,1530,2026-10-02,0.0849315068,290.7509280953,290.7552965594,0.1502476414,0.0364089681,163,0.4358406360,1.1100979109,10.9101177715,2,0,51.0389482837
daily,IWM,2026-09-01,1530,2026-10-09,0.1041095890,290.9357446519,290.9510451360,0.5259059577,0.0303567318,160,0.1533781702,2.3538663702,12.1613959803,2,0,51.0389482837
daily,IWM,2026-09-01,1530,2026-10-16,0.1232876712,291.1459549315,291.1778958910,1.0970772207,0.0253246500,119,0.1943562278,3.7131546902,17.3992514955,2,0,51.0389482837
daily,IWM,2026-09-01,1530,2026-11-20,0.2191780822,292.1482120375,292.2706239749,4.1900628657,0.0143387775,54,0.1836357731,15.0083443418,42.6573744927,2,0,51.0389482837
daily,IWM,2026-09-01,1530,2026-12-18,0.2958904110,292.4684491163,292.6213195592,5.2269037368,0.0169714349,69,0.2622693704,16.7714027625,57.2959470042,2,0,51.0389482837
daily,IWM,2026-09-01,1530,2026-12-31,0.3315068493,292.5885304459,292.7612790237,5.9041472881,0.0180677212,117,0.1750306386,0.9964382619,56.3967556168,2,0,51.0389482837
daily,IWM,2026-09-01,1530,2027-01-15,0.3726027397,292.9936203291,293.2138327021,7.5159443003,0.0163314875,81,0.4022474921,9.7976118029,76.4031542136,2,0,51.0389482837
daily,IWM,2026-09-01,1530,2027-02-19,0.4684931507,294.2631461225,294.5375911001,9.3265154411,0.0115328873,73,0.1685305334,41.4002076766,122.4037595969,2,0,51.0389482837
daily,IWM,2026-09-01,1530,2027-03-19,0.5452054795,294.8337916666,295.2119600795,12.8264949117,0.0115944938,82,0.2152640148,32.1443944947,141.2506167490,2,0,51.0389482837
daily,IWM,2026-09-01,1530,2027-03-31,0.5780821918,294.9378276369,295.3638340791,14.4439404631,0.0124823514,144,0.2559804476,2.5484777766,110.4047386553,2,0,51.0389482837
daily,IWM,2026-09-01,1530,2027-04-16,0.6219178082,295.5366634941,296.0218196112,16.4161059186,0.0110447861,78,0.2826665127,30.5486752924,162.5259891156,2,0,51.0389482837
daily,IWM,2026-09-01,1530,2027-06-17,0.7917808219,297.1754328490,297.6990102638,17.6184622586,0.0107325291,90,0.3523739292,27.1405688296,208.0697368802,2,0,51.0389482837
daily,IWM,2026-09-01,1530,2027-06-30,0.8273972603,297.2114251882,297.9453542858,24.6938386401,0.0111153685,134,0.5233533864,34.2924522566,166.4224994510,2,0,51.0389482837
daily,IWM,2026-09-01,1530,2027-09-17,1.0438356164,299.4699514310,300.5321222273,35.4683597217,0.0094898826,99,0.3673098505,28.6025767807,277.3404003995,2,0,51.0389482837
daily,IWM,2026-09-01,1530,2027-10-15,1.1205479452,300.7884265482,302.1629394625,45.6970013774,0.0070678410,86,0.3882562804,53.6347784123,305.0795465183,2,0,51.0389482837
daily,IWM,2026-09-01,1530,2027-12-17,1.2931506849,301.4719659456,303.0106471535,51.0389482837,0.0099185899,98,0.5214839015,37.6644290477,337.0185679854,2,0,51.0389482837
daily,IWM,2026-09-01,1530,2028-01-21,1.3890410959,302.9034422051,304.1903330268,42.4851831458,0.0095193359,101,0.4147209021,41.7497354877,364.6270071162,2,0,51.0389482837
daily,IWM,2026-09-02,1530,2026-09-03,0.0027397260,294.2798188522,294.2836667908,0.1307578115,0.0028820645,42,0.0247367894,0.5636514594,0.7020851771,2,0,46.6161153868
daily,IWM,2026-09-02,1530,2026-09-04,0.0054794521,294.3800800462,294.3862866545,0.2108365564,-0.0429679704,133,0.0331090034,2.5801205217,3.1973578165,2,0,46.6161153868
daily,IWM,2026-09-02,1530,2026-09-08,0.0164383562,294.4052559913,294.4142390396,0.3051252705,0.0055275508,57,0.0434797481,3.0502706324,4.0907711560,2,0,46.6161153868
daily,IWM,2026-09-02,1530,2026-09-09,0.0191780822,294.4395870212,294.4548583723,0.5186582169,0.0030357403,56,0.0251069717,3.2746630855,4.9623724730,2,0,46.6161153868
daily,IWM,2026-09-02,1530,2026-09-10,0.0219178082,294.4620734315,294.4696658273,0.2578395154,0.0051668562,70,0.0289869252,3.9865724866,5.2586185921,2,0,46.6161153868
daily,IWM,2026-09-02,1530,2026-09-11,0.0246575342,294.5369297204,294.5575307760,0.6994387980,-0.0032355269,105,0.0416272213,5.8730784469,8.5202087126,2,0,46.6161153868
daily,IWM,2026-09-02,1530,2026-09-14,0.0328767123,294.5744625646,294.5937403585,0.6544285526,0.0034443060,35,0.0239421630,3.6824065907,8.1432496412,2,0,46.6161153868
daily,IWM,2026-09-02,1530,2026-09-15,0.0356164384,294.0500685003,294.0356520376,-0.4902723785,0.0593765384,39,1.0451238533,0.0788287365,4.7003147604,2,0,46.6161153868
daily,IWM,2026-09-02,1530,2026-09-16,0.0383561644,293.9714312042,293.9467298540,-0.8402636305,0.0657667221,44,1.6848865189,0.0753937785,8.7902343123,2,0,46.6161153868
daily,IWM,2026-09-02,1530,2026-09-18,0.0438356164,293.9949915679,293.9763751529,-0.6332221821,0.0600501991,118,4.2420871118,0.0378135202,12.7919301671,2,0,46.6161153868
daily,IWM,2026-09-02,1530,2026-09-25,0.0630136986,294.0938559614,294.0791879111,-0.4987540536,0.0479238284,142,2.5776049203,0.0935363291,12.3365380161,2,0,46.6161153868
daily,IWM,2026-09-02,1530,2026-09-30,0.0767123288,294.1973587799,294.1877749981,-0.3257602959,0.0414176714,95,5.1495999522,0.3729192870,11.1247319619,2,0,46.6161153868
daily,IWM,2026-09-02,1530,2026-10-02,0.0821917808,294.3059651370,294.3107136940,0.1613476322,0.0361358179,155,0.4400230114,0.9818388697,10.7974285349,2,0,46.6161153868
daily,IWM,2026-09-02,1530,2026-10-09,0.1013698630,294.4958403158,294.5126015818,0.5691511965,0.0299591955,137,0.1040716366,2.0020632272,10.8038535914,2,0,46.6161153868
daily,IWM,2026-09-02,1530,2026-10-16,0.1205479452,294.7076005673,294.7346999572,0.9195348138,0.0251829065,108,0.1233801571,2.9471238673,15.6925925059,2,0,46.6161153868
daily,IWM,2026-09-02,1530,2026-11-20,0.2164383562,295.7210510838,295.8405598568,4.0412670163,0.0141080431,45,0.1006224296,16.6198140884,38.8304001375,2,0,46.6161153868
daily,IWM,2026-09-02,1530,2026-12-18,0.2931506849,296.0014604923,296.1665578812,5.5775869686,0.0171737938,67,0.3850310358,13.7907987383,52.7581984248,2,0,46.6161153868
daily,IWM,2026-09-02,1530,2026-12-31,0.3287671233,296.1953915040,296.3434950432,5.0001972845,0.0179057207,118,0.1033519613,0.8342547138,52.4731103537,2,0,46.6161153868
daily,IWM,2026-09-02,1530,2027-01-15,0.3698630137,296.5601176065,296.8179387848,8.6937238996,0.0160419031,76,0.2127819010,8.1507009775,72.7114611316,2,0,46.6161153868
daily,IWM,2026-09-02,1530,2027-02-19,0.4657534247,297.5631660574,297.9338085652,12.4559270116,0.0129094143,79,0.2634755412,37.5369747725,113.0338506162,2,0,46.6161153868
daily,IWM,2026-09-02,1530,2027-03-19,0.5424657534,298.1882874538,298.6133141190,14.2536337995,0.0128085288,84,0.1809679364,26.9906202075,131.5978549295,2,0,46.6161153868
daily,IWM,2026-09-02,1530,2027-03-31,0.5753424658,298.3565470881,298.8560920523,16.7432211226,0.0131294830,133,0.2677399664,2.0266185541,102.7577313205,2,0,46.6161153868
daily,IWM,2026-09-02,1530,2027-04-16,0.6191780822,298.8499067243,299.4589577138,20.3798286650,0.0119997812,81,0.2604320988,25.7259587669,153.3571953295,2,0,46.6161153868
daily,IWM,2026-09-02,1530,2027-06-17,0.7890410959,300.6340125923,301.3641398905,24.2862506441,0.0106670273,90,0.3465714739,29.4073738812,198.1392433947,2,0,46.6161153868
daily,IWM,2026-09-02,1530,2027-06-30,0.8246575342,300.5855576831,301.3163973502,24.3138650003,0.0122618286,136,0.5197410360,29.4524693009,162.1872436778,2,0,46.6161153868
daily,IWM,2026-09-02,1530,2027-09-17,1.0410958904,302.9671936139,304.0000333066,34.0908096496,0.0102424707,99,0.3645210185,29.1662009206,269.7093754565,2,0,46.6161153868
daily,IWM,2026-09-02,1530,2027-10-15,1.1178082192,303.9463791039,304.9497907503,33.0127849948,0.0098441533,87,0.2405562758,60.4505182884,290.7018969359,2,0,46.6161153868
daily,IWM,2026-09-02,1530,2027-12-17,1.2904109589,305.3699269848,306.7934429600,46.6161153868,0.0098890204,102,0.4657444360,35.5245659960,331.5342089256,2,0,46.6161153868
daily,IWM,2026-09-02,1530,2028-01-21,1.3863013699,306.2586539519,307.6556218550,45.6139895177,0.0103002977,110,0.3899221740,29.3866387160,354.3965204855,2,0,46.6161153868
daily,IWM,2026-09-03,1530,2026-09-04,0.0027397260,295.0251073915,295.0385844330,0.4568099857,-0.1084935710,126,0.0090167523,2.4754861616,3.4177956979,2,0,48.1558826007
daily,IWM,2026-09-03,1530,2026-09-08,0.0136986301,295.0505501692,295.0635841130,0.4417529051,0.0027078698,55,0.0227788989,3.2563109118,5.1098560986,2,0,48.1558826007
daily,IWM,2026-09-03,1530,2026-09-09,0.0164383562,295.1088115722,295.1194971289,0.3620887041,-0.0028966431,56,0.0200095387,5.3571506377,6.1577256345,2,0,48.1558826007
daily,IWM,2026-09-03,1530,2026-09-10,0.0191780822,295.1286281010,295.1466688837,0.6112854205,-0.0018205922,59,0.0382413303,5.3750665070,6.6438004259,2,0,48.1558826007
daily,IWM,2026-09-03,1530,2026-09-11,0.0219178082,295.2034949196,295.2371906826,1.1414418724,-0.0108041287,95,0.0532718665,6.4821606614,8.8873545755,2,0,48.1558826007
daily,IWM,2026-09-03,1530,2026-09-14,0.0301369863,295.2379705476,295.2645069483,0.8988139511,-0.0004984433,40,0.0402558642,3.3585178556,8.6174637586,2,0,48.1558826007
daily,IWM,2026-09-03,1530,2026-09-15,0.0328767123,294.8047546918,294.7975489124,-0.2444254789,0.0508714969,42,0.6164779344,0.0609225855,2.9938097832,2,0,48.1558826007
daily,IWM,2026-09-03,1530,2026-09-16,0.0356164384,294.6695502447,294.6525534025,-0.5768102674,0.0637127998,42,1.4785386645,0.0641284023,5.1710919802,2,0,48.1558826007
daily,IWM,2026-09-03,1530,2026-09-17,0.0383561644,294.6444789275,294.6255442806,-0.6426269018,0.0642832318,40,1.3042223069,0.1038097628,5.8761411707,2,0,48.1558826007
daily,IWM,2026-09-03,1530,2026-09-18,0.0410958904,294.6294180877,294.6092938069,-0.6830370481,0.0638891811,104,4.4622409461,0.0358121197,12.2488325939,2,0,48.1558826007
daily,IWM,2026-09-03,1530,2026-09-25,0.0602739726,294.7744808068,294.7642986393,-0.3454222856,0.0470012335,141,2.3093122942,0.0815502385,12.0740511284,2,0,48.1558826007
daily,IWM,2026-09-03,1530,2026-09-30,0.0739726027,294.8814180038,294.8837887928,0.0803980468,0.0398997913,94,3.7704475340,0.6346070945,9.6602317569,2,0,48.1558826007
daily,IWM,2026-09-03,1530,2026-10-02,0.0794520548,294.9749239286,294.9806595443,0.1944441766,0.0356513612,159,0.4722913150,0.9457492325,9.4043132701,2,0,48.1558826007
daily,IWM,2026-09-03,1530,2026-10-09,0.0986301370,295.1857024349,295.2054808938,0.6700344464,0.0286142661,146,0.1758095911,2.5962590320,11.6690343891,2,0,48.1558826007
daily,IWM,2026-09-03,1530,2026-10-16,0.1178082192,295.3767079911,295.4113814544,1.1738726326,0.0244425786,125,0.1711533823,3.1133551880,16.5583770259,2,0,48.1558826007
daily,IWM,2026-09-03,1530,2026-10-23,0.1369863014,295.5881072248,295.6410031575,1.7895149138,0.0208464731,61,0.1975548718,1.6765629484,4.7753024872,2,0,48.1558826007
daily,IWM,2026-09-03,1530,2026-11-20,0.2136986301,296.4167373086,296.5445384938,4.3115374126,0.0132240761,49,0.0643533847,12.5408954090,41.4512107336,2,0,48.1558826007
daily,IWM,2026-09-03,1530,2026-12-18,0.2904109589,296.7398559984,296.9046357489,5.5530036548,0.0164291219,70,0.2277814319,13.9260410805,55.5243605188,2,0,48.1558826007
daily,IWM,2026-09-03,1530,2026-12-31,0.3260273973,296.8792663568,297.0616806889,6.1443944655,0.0176706182,111,0.1443314511,0.7907582976,55.2661384430,2,0,48.1558826007
daily,IWM,2026-09-03,1530,2027-01-15,0.3671232877,297.3263861482,297.5838230039,8.6583925187,0.0153507265,74,0.3881571617,10.6407718197,76.3820220869,2,0,48.1558826007
daily,IWM,2026-09-03,1530,2027-02-19,0.4630136986,298.2745767778,298.6619952648,12.9886526409,0.0124249557,77,0.2446900262,28.0066831007,115.9960360127,2,0,48.1558826007
daily,IWM,2026-09-03,1530,2027-03-19,0.5397260274,298.9359219217,299.4409673827,16.8947732260,0.0116769147,80,0.1872140096,26.9506413115,135.0945051103,2,0,48.1558826007
daily,IWM,2026-09-03,1530,2027-03-31,0.5726027397,299.2973800773,299.7513974276,15.1694395125,0.0116515416,140,0.2387081705,2.0747757168,108.0079452904,2,0,48.1558826007
daily,IWM,2026-09-03,1530,2027-04-16,0.6164383562,299.7103575832,300.2144569606,16.8195514326,0.0113590055,80,0.3244773126,25.1769072698,156.5895286059,2,0,48.1558826007
daily,IWM,2026-09-03,1530,2027-06-17,0.7863013699,301.4845794265,302.1425343058,21.8238319355,0.0099990174,88,0.2167491127,28.7832703156,199.9391285641,2,0,48.1558826007
daily,IWM,2026-09-03,1530,2027-06-30,0.8219178082,301.5978757315,302.3526842132,25.0269826957,0.0105723584,138,0.4334428791,29.7347457814,162.7524096142,2,0,48.1558826007
daily,IWM,2026-09-03,1530,2027-09-17,1.0383561644,303.9564062086,305.1224426738,38.3619638015,0.0085964009,93,0.3554034677,29.5323337643,277.3178781725,2,0,48.1558826007
daily,IWM,2026-09-03,1530,2027-10-15,1.1150684932,304.9528618790,306.2972096033,44.0837877711,0.0076836331,90,0.3398626312,54.3871501858,300.0475398135,2,0,48.1558826007
daily,IWM,2026-09-03,1530,2027-12-17,1.2876712329,306.3441250703,307.8193522426,48.1558826007,0.0088924141,98,0.4302235098,35.5621720564,338.2458360666,2,0,48.1558826007
daily,IWM,2026-09-03,1530,2028-01-21,1.3835616438,306.8598336096,308.1884344308,43.2966675894,0.0105580489,106,0.2195243443,38.1527072454,356.0923104533,2,0,48.1558826007
daily,IWM,2026-09-04,1530,2026-09-08,0.0109589041,295.4305993911,295.4305993911,0.0000000000,0.0349659378,59,0.0604188130,0.4475255599,0.8218477882,2,1,46.3904373652
daily,IWM,2026-09-04,1530,2026-09-09,0.0136986301,295.4602410265,295.4620400684,0.0608894753,0.0278522368,53,0.0484022658,0.8428175719,1.6376526963,2,1,46.3904373652
daily,IWM,2026-09-04,1530,2026-09-10,0.0164383562,295.4903081109,295.4932972490,0.1011585816,0.0231482348,53,0.0189820794,1.7785576972,2.5410549367,2,1,46.3904373652
daily,IWM,2026-09-04,1530,2026-09-11,0.0191780822,295.5546735321,295.5649938690,0.3491853756,0.0126541012,88,0.0431938716,3.5540406272,5.2806647849,2,1,46.3904373652
daily,IWM,2026-09-04,1530,2026-09-14,0.0273972603,295.5906184474,295.5981420516,0.2545278429,0.0162365081,33,0.0192892351,1.9738459999,4.9326686266,2,1,46.3904373652
daily,IWM,2026-09-04,1530,2026-09-15,0.0301369863,295.1701960266,295.1522104251,-0.6093298658,0.0683318299,37,1.7231050786,0.0277933010,5.7287273608,2,1,46.3904373652
daily,IWM,2026-09-04,1530,2026-09-16,0.0328767123,295.0000000000,294.9651605929,-1.1809968492,0.0851065406,39,3.3680648482,0.0396292206,8.5582730290,2,1,46.3904373652
daily,IWM,2026-09-04,1530,2026-09-17,0.0356164384,294.9749659276,294.9376621513,-1.2646421093,0.0841190331,43,2.4009653645,0.0670119587,9.0666683171,2,1,46.3904373652
daily,IWM,2026-09-04,1530,2026-09-18,0.0383561644,294.9849779829,294.9491077597,-1.2160016906,0.0798302171,103,6.6300332819,0.0404927351,16.4148787568,2,1,46.3904373652
daily,IWM,2026-09-04,1530,2026-09-25,0.0575342466,295.1147579963,295.0993999230,-0.5204102085,0.0571125007,125,4.8312587346,0.0642767272,13.3921626424,2,1,46.3904373652
daily,IWM,2026-09-04,1530,2026-09-30,0.0712328767,295.2256137206,295.2106242894,-0.5077280076,0.0481929774,87,6.1915889552,0.0806715297,11.1762837933,2,1,46.3904373652
daily,IWM,2026-09-04,1530,2026-10-02,0.0767123288,295.3301086059,295.3242143200,-0.1995829650,0.0424671710,157,1.9902506427,0.1523597656,10.5732534473,2,1,46.3904373652
daily,IWM,2026-09-04,1530,2026-10-09,0.0958904110,295.5383126173,295.5489002133,0.3582478340,0.0336350445,159,0.2404134543,1.3698589937,9.1334306554,2,1,46.3904373652
daily,IWM,2026-09-04,1530,2026-10-16,0.1150684932,295.7438787482,295.7700369870,0.8844896098,0.0278377623,121,0.2098080190,2.6510228551,13.6301370271,2,1,46.3904373652
daily,IWM,2026-09-04,1530,2026-10-23,0.1342465753,295.9296384142,295.9713656155,1.4100379237,0.0244890921,160,0.1440291326,2.8094268805,19.2348297947,2,1,46.3904373652
daily,IWM,2026-09-04,1530,2026-11-20,0.2109589041,296.7744683684,296.8855942554,3.7444557696,0.0153502447,50,0.2605309194,14.6046454376,38.5309049056,2,1,46.3904373652
daily,IWM,2026-09-04,1530,2026-12-18,0.2876712329,297.0681897700,297.2131041276,4.8781512993,0.0181616933,65,0.3998235492,16.0526616103,52.9614563123,2,1,46.3904373652
daily,IWM,2026-09-04,1530,2026-12-31,0.3232876712,297.2738847825,297.4496090179,5.9111897971,0.0183658378,113,0.1280534917,0.7207282662,52.9216618255,2,1,46.3904373652
daily,IWM,2026-09-04,1530,2027-01-15,0.3643835616,297.6681323927,297.9209435154,8.4930530065,0.0163696040,87,0.1902289228,9.7978873404,73.9219641201,2,1,46.3904373652
daily,IWM,2026-09-04,1530,2027-02-19,0.4602739726,298.6847017683,299.0791194192,13.2051507342,0.0124559191,78,0.1673178633,27.7825549046,114.3565114334,2,1,46.3904373652
daily,IWM,2026-09-04,1530,2027-03-19,0.5369863014,299.4479025353,299.8492879177,13.4041807959,0.0115945829,81,0.2119529044,31.5310804896,131.9526481588,2,1,46.3904373652
daily,IWM,2026-09-04,1530,2027-03-31,0.5698630137,299.6687638413,300.0983664638,14.3359159959,0.0118687892,134,0.2388189256,1.9605534836,104.7333815453,2,1,46.3904373652
daily,IWM,2026-09-04,1530,2027-04-16,0.6136986301,300.2100766351,300.7013704002,16.3649991563,0.0107218109,76,0.3304135376,24.2178966011,153.9768603073,2,1,46.3904373652
daily,IWM,2026-09-04,1530,2027-06-17,0.7835616438,301.9547602657,302.6608862383,23.3851578294,0.0091269293,85,0.1749046825,27.8893923069,200.6524669616,2,1,46.3904373652
daily,IWM,2026-09-04,1530,2027-06-30,0.8191780822,302.1125234810,302.8382674797,24.0223076588,0.0098237237,139,0.4727468993,28.7601249294,160.7922782674,2,1,46.3904373652
daily,IWM,2026-09-04,1530,2027-09-17,1.0356164384,304.6264090044,305.5969735156,31.8608131986,0.0078390007,99,0.2258810301,25.5369409399,266.2275501057,2,1,46.3904373652
daily,IWM,2026-09-04,1530,2027-10-15,1.1123287671,304.7749986335,305.9310385016,37.9309284972,0.0094457754,80,0.5042739025,56.2039802112,279.6636755849,2,1,46.3904373652
daily,IWM,2026-09-04,1530,2027-12-17,1.2849315068,306.9239165940,308.3477500669,46.3904373652,0.0081490283,96,0.3581553314,34.7809497707,327.2608094527,2,1,46.3904373652
daily,IWM,2026-09-04,1530,2028-01-21,1.3808219178,307.0767882724,308.4021241840,43.1597555464,0.0106067830,106,0.4417373016,39.8701484337,341.2412306094,2,1,46.3904373652
daily,IWM,2026-09-08,1530,2026-09-09,0.0027397260,295.6048553670,295.6046880540,-0.0056600217,0.0505736187,58,0.2377022367,0.0118436095,0.5117941081,2,1,44.0189813204
daily,IWM,2026-09-08,1530,2026-09-10,0.0054794521,295.6499274205,295.6521720062,0.0759203857,0.0148941349,47,0.0357799106,0.5757324744,0.9929638642,2,1,44.0189813204
daily,IWM,2026-09-08,1530,2026-09-11,0.0082191781,295.7399191215,295.7487021393,0.2969845177,-0.0171744387,85,0.0261171268,2.4111148368,3.3263721497,2,1,44.0189813204
daily,IWM,2026-09-08,1530,2026-09-14,0.0164383562,295.7492222014,295.7621102921,0.4357776677,0.0075754306,38,0.0468861057,1.5732419197,3.7723847169,2,1,44.0189813204
daily,IWM,2026-09-08,1530,2026-09-15,0.0191780822,295.2294409931,295.2038817131,-0.8657429267,0.1104077826,36,2.9458750639,0.0356472632,8.1135120278,2,1,44.0189813204
daily,IWM,2026-09-08,1530,2026-09-16,0.0219178082,295.1142656820,295.0778648420,-1.2334490155,0.1208175413,42,3.9691350854,0.0419665680,14.7150854997,2,1,44.0189813204
daily,IWM,2026-09-08,1530,2026-09-17,0.0246575342,295.0891505119,295.0441494105,-1.5250001983,0.1162320556,41,3.0753510681,0.0738717335,13.8465088784,2,1,44.0189813204
daily,IWM,2026-09-08,1530,2026-09-18,0.0273972603,295.1240923801,295.0856237466,-1.3034731678,0.1032625173,104,9.1805701045,0.0515073972,16.9552502398,2,1,44.0189813204
daily,IWM,2026-09-08,1530,2026-09-21,0.0356164384,295.1515509746,295.1047865094,-1.5844221388,0.0863420183,43,2.1678002550,0.0459200745,12.4561557420,2,1,44.0189813204
daily,IWM,2026-09-08,1530,2026-09-22,0.0383561644,295.1687944308,295.1356383901,-1.1232908556,0.0801521581,40,1.8569148692,0.1002828693,11.2784710740,2,1,44.0189813204
daily,IWM,2026-09-08,1530,2026-09-25,0.0465753425,295.2622226600,295.2295029116,-1.1081589821,0.0658581094,130,5.9882675534,0.0360461433,19.1168757699,2,1,44.0189813204
daily,IWM,2026-09-08,1530,2026-09-30,0.0602739726,295.3622163826,295.3248692981,-1.2644503086,0.0541321993,81,9.6065888754,0.0250315421,15.3589168451,2,1,44.0189813204
daily,IWM,2026-09-08,1530,2026-10-02,0.0657534247,295.4712007988,295.4626553035,-0.2892158466,0.0456807012,144,1.7107950793,0.1092001833,14.3485560541,2,1,44.0189813204
daily,IWM,2026-09-08,1530,2026-10-09,0.0849315068,295.6707307019,295.6774011622,0.2256043512,0.0353916350,165,0.3875039512,0.9402323751,12.5659387401,2,1,44.0189813204
daily,IWM,2026-09-08,1530,2026-10-16,0.1041095890,295.8805715158,295.9017129098,0.7145245779,0.0287624999,126,0.1914663532,2.1077403800,11.2789187492,2,1,44.0189813204
daily,IWM,2026-09-08,1530,2026-10-23,0.1232876712,296.0703305342,296.1051216005,1.1750946544,0.0247729940,153,0.1364576045,2.9146637180,15.4997837456,2,1,44.0189813204
daily,IWM,2026-09-08,1530,2026-11-20,0.2000000000,296.8694851952,296.9834495159,3.8388694823,0.0157996027,50,0.2686585696,15.8836137125,33.7861743003,2,1,44.0189813204
daily,IWM,2026-09-08,1530,2026-12-18,0.2767123288,297.1886311373,297.3290021481,4.7232967938,0.0183388666,62,0.4017555487,15.1471859913,47.2224000452,2,1,44.0189813204
daily,IWM,2026-09-08,1530,2026-12-31,0.3123287671,297.3640333983,297.5193199800,5.2221036916,0.0190059479,115,0.1116990263,0.6870212401,48.6790930579,2,1,44.0189813204
daily,IWM,2026-09-08,1530,2027-01-15,0.3534246575,297.7584149308,297.9541577782,6.5738812937,0.0173802937,82,0.4427246303,9.0681501066,67.6536707372,2,1,44.0189813204
daily,IWM,2026-09-08,1530,2027-02-19,0.4493150685,298.8222066532,299.1279219004,10.2306736379,0.0131895114,74,0.2132251336,25.2419191783,107.5945666502,2,1,44.0189813204
daily,IWM,2026-09-08,1530,2027-03-19,0.5260273973,299.5946756895,299.9654683783,12.3764779180,0.0118080294,81,0.2203801518,30.4677050387,126.4908212175,2,1,44.0189813204
daily,IWM,2026-09-08,1530,2027-03-31,0.5589041096,299.7595604340,300.1745222823,13.8431564204,0.0123586370,141,0.2256897971,1.8965327988,100.1361022723,2,1,44.0189813204
daily,IWM,2026-09-08,1530,2027-04-16,0.6027397260,300.2703439000,300.7290475801,15.2763564380,0.0114784107,82,0.1963858436,28.8703667950,147.2598949781,2,1,44.0189813204
daily,IWM,2026-09-08,1530,2027-06-17,0.7726027397,301.9334231780,302.5912919370,21.7885370943,0.0102774815,89,0.3091454938,26.6600530952,191.8555653321,2,1,44.0189813204
daily,IWM,2026-09-08,1530,2027-06-30,0.8082191781,302.4323994051,303.2015158430,25.4310199377,0.0091985728,134,0.5443997465,28.8188942433,159.3313707762,2,1,44.0189813204
daily,IWM,2026-09-08,1530,2027-09-17,1.0246575342,304.3393191238,305.4346833108,35.9915435876,0.0091184554,100,0.3146731530,24.6417512843,258.6914154813,2,1,44.0189813204
daily,IWM,2026-09-08,1530,2027-10-15,1.1013698630,305.1831094299,306.0422619372,28.1520333439,0.0098524958,84,0.4563329180,48.8684181051,276.7721085601,2,1,44.0189813204
daily,IWM,2026-09-08,1530,2027-12-17,1.2739726027,306.6506100795,308.0004548272,44.0189813204,0.0096841811,98,0.5157538015,33.5889513221,319.0707629235,2,1,44.0189813204
daily,IWM,2026-09-08,1530,2028-01-21,1.3698630137,306.9511966310,308.1688011172,39.6676898347,0.0117967638,108,0.4344140975,35.7269860587,334.6954938462,2,1,44.0189813204
daily,IWM,2026-09-09,1530,2026-09-10,0.0027397260,290.8148764923,290.8187202360,0.1321714930,-0.0105596590,54,0.0059482063,0.7940619353,1.2792886967,2,0,56.8591504901
daily,IWM,2026-09-09,1530,2026-09-11,0.0054794521,290.8801834471,290.8880822899,0.2715497044,-0.0297817778,89,0.0213435275,1.9662738585,2.5439905698,2,0,56.8591504901
daily,IWM,2026-09-09,1530,2026-09-14,0.0136986301,290.9104743267,290.9188581312,0.2881919082,0.0031886084,48,0.0335505418,1.3384270176,3.2135735024,2,0,56.8591504901
daily,IWM,2026-09-09,1530,2026-09-15,0.0164383562,290.3545965407,290.3231397294,-1.0833929142,0.1336941902,36,1.4682447469,0.0368661613,9.0162176800,2,0,56.8591504901
daily,IWM,2026-09-09,1530,2026-09-16,0.0191780822,290.2594599410,290.2201859311,-1.3530656317,0.1385234457,43,2.3891287079,0.0583641658,15.9700763044,2,0,56.8591504901
daily,IWM,2026-09-09,1530,2026-09-17,0.0219178082,290.2393660753,290.1936635924,-1.5746479745,0.1301327939,36,1.7261121210,0.0993832565,8.8145469611,2,0,56.8591504901
daily,IWM,2026-09-09,1530,2026-09-18,0.0246575342,290.2593055661,290.2206393077,-1.3321281228,0.1161305402,97,8.3490929774,0.0624402804,17.7508600279,2,0,56.8591504901
daily,IWM,2026-09-09,1530,2026-09-21,0.0328767123,290.2690864576,290.2287238123,-1.3905251099,0.0957607351,38,1.4271048210,0.0956406406,9.1618792444,2,0,56.8591504901
daily,IWM,2026-09-09,1530,2026-09-22,0.0356164384,290.2867421828,290.2410930496,-1.5725531551,0.0901241318,39,0.8656555552,0.0885298017,8.0252684998,2,0,56.8591504901
daily,IWM,2026-09-09,1530,2026-09-23,0.0383561644,290.3069054977,290.2636010002,-1.4916798974,0.0843821314,38,1.3002812634,0.1219336103,10.2684522841,2,0,56.8591504901
daily,IWM,2026-09-09,1530,2026-09-25,0.0438356164,290.4073448305,290.3722389260,-1.2088504330,0.0700529105,110,5.0162116932,0.0800649376,11.7412046128,2,0,56.8591504901
daily,IWM,2026-09-09,1530,2026-09-30,0.0575342466,290.5161283787,290.4786231317,-1.2909867412,0.0560641757,79,6.1381143527,0.0525971073,10.3218840903,2,0,56.8591504901
daily,IWM,2026-09-09,1530,2026-10-02,0.0630136986,290.6188759127,290.6042746826,-0.5024185049,0.0476337263,136,1.9095354094,0.0744312060,9.3548958423,2,0,56.8591504901
daily,IWM,2026-09-09,1530,2026-10-09,0.0821917808,290.8156680274,290.8179268464,0.0776718467,0.0364536570,166,0.5069305062,0.9339504765,7.5792759280,2,0,56.8591504901
daily,IWM,2026-09-09,1530,2026-10-16,0.1013698630,291.0128237655,291.0274267309,0.5017980016,0.0300285376,125,0.2152288153,2.5083844148,13.1815548925,2,0,56.8591504901
daily,IWM,2026-09-09,1530,2026-10-23,0.1205479452,291.2002346147,291.2270296460,0.9201582988,0.0259339784,163,0.1488961103,3.5426407527,18.9158174014,2,0,56.8591504901
daily,IWM,2026-09-09,1530,2026-11-20,0.1972602740,292.0457102839,292.1286529053,2.8400561456,0.0156236898,53,0.2177341624,15.5394590156,39.7742034194,2,0,56.8591504901
daily,IWM,2026-09-09,1530,2026-12-18,0.2739726027,292.3148941836,292.4457244778,4.4756629517,0.0186151288,70,0.2462732477,18.4616985403,54.4588915000,2,0,56.8591504901
daily,IWM,2026-09-09,1530,2026-12-31,0.3095890411,292.4651605038,292.6135436610,5.0735327578,0.0194591986,118,0.1676562733,0.8776203969,54.2271700189,2,0,56.8591504901
daily,IWM,2026-09-09,1530,2027-01-15,0.3506849315,292.8343692805,293.0224397558,6.4224180968,0.0179794011,88,0.3781401235,8.7570876299,73.9273162248,2,0,56.8591504901
daily,IWM,2026-09-09,1530,2027-02-19,0.4465753425,293.8781195129,294.1712419623,9.9742862746,0.0137179528,78,0.1327203705,32.4374732275,115.2659368215,2,0,56.8591504901
daily,IWM,2026-09-09,1530,2027-03-19,0.5232876712,294.5129319598,294.8935777818,12.9245877088,0.0129178997,84,0.2582830153,36.8903719222,135.6580851800,2,0,56.8591504901
daily,IWM,2026-09-09,1530,2027-03-31,0.5561643836,294.7902008271,295.1892890924,13.5380438087,0.0128677427,140,0.2267054651,2.3466785497,109.3278392115,2,0,56.8591504901
daily,IWM,2026-09-09,1530,2027-04-16,0.6000000000,295.1730377844,295.6177726569,15.0669206049,0.0126191802,84,0.2061010423,34.7141783699,155.5549516641,2,0,56.8591504901
daily,IWM,2026-09-09,1530,2027-06-17,0.7698630137,296.9594600026,297.6208770344,22.2729739544,0.0104523940,95,0.2800316373,26.3253390112,207.3011256460,2,0,56.8591504901
daily,IWM,2026-09-09,1530,2027-06-30,0.8054794521,297.3917818856,298.1941247987,26.9793236394,0.0094829556,134,0.4868345520,34.6631223944,161.7392797348,2,0,56.8591504901
daily,IWM,2026-09-09,1530,2027-09-17,1.0219178082,299.3764810380,300.3490821076,32.4875576821,0.0095049235,99,0.2660111017,33.3752099735,266.8623747984,2,0,56.8591504901
daily,IWM,2026-09-09,1530,2027-10-15,1.0986301370,300.6309169465,301.8342696450,40.0275763621,0.0075301042,77,0.4149972573,92.1529880274,293.6176481515,2,0,56.8591504901
daily,IWM,2026-09-09,1530,2027-12-17,1.2712328767,301.8939436711,303.1663921551,42.1488575938,0.0092245991,96,0.3869170210,37.5946933622,331.2547184608,2,0,56.8591504901
daily,IWM,2026-09-09,1530,2028-01-21,1.3671232877,302.6699657496,304.3909214627,56.8591504901,0.0088221080,105,0.4644840867,37.7672295764,357.5564172343,2,0,56.8591504901
daily,IWM,2026-09-10,1530,2026-09-11,0.0027397260,287.3999374645,287.4046819048,0.1650814676,-0.0695202342,91,0.0253445242,2.1546153760,2.6290669527,2,0,46.3862663832
daily,IWM,2026-09-10,1530,2026-09-14,0.0109589041,287.4255941805,287.4322122034,0.2302516925,0.0024099365,61,0.0340092676,2.8664747297,3.9087628843,2,0,46.3862663832
daily,IWM,2026-09-10,1530,2026-09-15,0.0136986301,286.8849400576,286.8483848002,-1.2742131887,0.1579631894,79,5.6948544255,0.0298551341,10.6339723728,2,0,46.3862663832
daily,IWM,2026-09-10,1530,2026-09-16,0.0164383562,286.7648530032,286.7179588494,-1.6352824740,0.1656424259,82,6.2913653826,0.0426594733,12.8142210123,2,0,46.3862663832
daily,IWM,2026-09-10,1530,2026-09-17,0.0191780822,286.7548211967,286.7079308969,-1.6352052813,0.1492373017,84,5.4929339527,0.0465972638,23.3189475150,2,0,46.3862663832
daily,IWM,2026-09-10,1530,2026-09-18,0.0219178082,286.7848206661,286.7504972652,-1.1968346449,0.1285644410,96,7.8331468991,0.0466382558,23.6824522766,2,0,46.3862663832
daily,IWM,2026-09-10,1530,2026-09-21,0.0301369863,286.8197935252,286.7841545834,-1.2425551693,0.0999816001,92,4.6653453833,0.0677147232,12.8332518430,2,0,46.3862663832
daily,IWM,2026-09-10,1530,2026-09-22,0.0328767123,286.8448060287,286.8093703495,-1.2353606685,0.0921455428,89,4.4908182664,0.0625018557,12.5032341414,2,0,46.3862663832
daily,IWM,2026-09-10,1530,2026-09-23,0.0356164384,286.8698237480,286.8352575387,-1.2049440711,0.0854495273,89,3.9995006732,0.0876312507,12.2877879852,2,0,46.3862663832
daily,IWM,2026-09-10,1530,2026-09-24,0.0383561644,286.8948466841,286.8626144334,-1.1234865704,0.0795767237,42,0.9211470278,0.0588635022,8.8527124528,2,0,46.3862663832
daily,IWM,2026-09-10,1530,2026-09-25,0.0410958904,286.9533650666,286.9279771676,-0.8847395467,0.0712638294,115,3.6737343020,0.0670099733,12.3068260802,2,0,46.3862663832
daily,IWM,2026-09-10,1530,2026-09-30,0.0547945205,287.0342357638,287.0127764907,-0.7476206818,0.0575651412,80,7.0065332331,0.0246217565,11.2846010519,2,0,46.3862663832
daily,IWM,2026-09-10,1530,2026-10-02,0.0602739726,287.1476283255,287.1334630046,-0.4933114347,0.0488152964,129,2.0135332266,0.0796256742,10.1457953390,2,0,46.3862663832
daily,IWM,2026-09-10,1530,2026-10-09,0.0794520548,287.3395156855,287.3416407429,0.0739563211,0.0370925204,164,0.5401590807,0.8628621162,8.1122368674,2,0,46.3862663832
daily,IWM,2026-09-10,1530,2026-10-16,0.0986301370,287.5320097614,287.5470198395,0.5220315527,0.0303661154,127,0.2603000146,2.2982905844,11.8501496687,2,0,46.3862663832
daily,IWM,2026-09-10,1530,2026-10-23,0.1178082192,287.7260267044,287.7534052522,0.9515492279,0.0258508845,163,0.1914025571,3.5157239805,17.1151420769,2,0,46.3862663832
daily,IWM,2026-09-10,1530,2026-10-30,0.1369863014,287.9145460285,287.9632228366,1.6906685945,0.0225601641,59,0.2107874457,2.3245320658,5.9505541694,2,0,46.3862663832
daily,IWM,2026-09-10,1530,2026-11-20,0.1945205479,288.5721550301,288.6579881141,2.9744063171,0.0153450400,58,0.1365135807,15.4479997695,38.3480045652,2,0,46.3862663832
daily,IWM,2026-09-10,1530,2026-12-18,0.2712328767,288.9017160650,289.0123997031,3.8311865924,0.0179781819,66,0.3738235069,22.3044304710,53.7273766018,2,0,46.3862663832
daily,IWM,2026-09-10,1530,2026-12-31,0.3068493151,289.1355237651,289.2563665006,4.1794496205,0.0181700240,113,0.1213355530,1.1766322145,54.9509032634,2,0,46.3862663832
daily,IWM,2026-09-10,1530,2027-01-15,0.3479452055,289.4325688023,289.6102821321,6.1400598584,0.0174335480,81,0.3314976364,7.6405702476,73.7619053081,2,0,46.3862663832
daily,IWM,2026-09-10,1530,2027-02-19,0.4438356164,290.4580313050,290.7873295365,11.3372052412,0.0128298721,70,0.1711427368,29.2541037975,115.8333497195,2,0,46.3862663832
daily,IWM,2026-09-10,1530,2027-03-19,0.5205479452,291.0873259671,291.4695209415,13.1299077716,0.0123096789,82,0.2706950262,35.5201235614,136.0963450537,2,0,46.3862663832
daily,IWM,2026-09-10,1530,2027-03-31,0.5534246575,291.5024808401,291.8901622294,13.2994198967,0.0115180934,141,0.2881483197,2.7266320095,111.1064146034,2,0,46.3862663832
daily,IWM,2026-09-10,1530,2027-04-16,0.5972602740,291.6901360340,292.2107849905,17.8493850887,0.0119795348,82,0.2796480466,39.9905157509,155.9784573860,2,0,46.3862663832
daily,IWM,2026-09-10,1530,2027-06-17,0.7671232877,293.5743217651,294.1538498325,19.7404208915,0.0101755933,90,0.3612794787,31.1421834417,207.5057058308,2,0,46.3862663832
daily,IWM,2026-09-10,1530,2027-06-30,0.8027397260,293.8898835375,294.5857254925,23.6769618135,0.0097976508,138,0.4538390755,38.7069324902,170.6603195940,2,0,46.3862663832
daily,IWM,2026-09-10,1530,2027-09-17,1.0191780822,296.4530157637,297.3920583419,31.6759327217,0.0075775686,92,0.2944850350,38.5953959034,282.6579716436,2,0,46.3862663832
daily,IWM,2026-09-10,1530,2027-10-15,1.0958904110,296.6366225861,298.0094130499,46.2785225835,0.0083912795,88,0.4333438146,54.8835136867,299.1143711429,2,0,46.3862663832
daily,IWM,2026-09-10,1530,2027-12-17,1.2684931507,298.7911100966,300.1123872457,44.2207650934,0.0079970551,103,0.3232331528,44.2011261731,347.5823851536,2,0,46.3862663832
daily,IWM,2026-09-10,1530,2028-01-21,1.3643835616,299.2763328296,300.6645639993,46.3862663832,0.0093371603,113,0.3461117560,36.2316436525,367.7022842336,2,0,46.3862663832
daily,IWM,2026-09-11,1530,2026-09-14,0.0082191781,289.1947416706,289.1965907667,0.0639394770,0.0194347243,52,0.0208881922,1.0346235934,1.4787509608,2,0,57.1588226152
daily,IWM,2026-09-11,1530,2026-09-15,0.0109589041,288.5448053066,288.4829904300,-2.1422973289,0.2497754441,64,11.2663100365,0.0206332982,15.1309376731,2,0,57.1588226152
daily,IWM,2026-09-11,1530,2026-09-16,0.0136986301,288.4547084792,288.3889616257,-2.2792782189,0.2314254817,70,11.1363702547,0.0217267922,20.4582586875,2,0,57.1588226152
daily,IWM,2026-09-11,1530,2026-09-17,0.0164383562,288.4596533659,288.3969196118,-2.1747843511,0.1976821358,75,10.2947129843,0.0627625128,24.3043813272,2,0,57.1588226152
daily,IWM,2026-09-11,1530,2026-09-18,0.0191780822,288.5346517424,288.4814488551,-1.8438994064,0.1597377374,92,11.1201455110,0.0760944721,22.3353203445,2,0,57.1588226152
daily,IWM,2026-09-11,1530,2026-09-21,0.0273972603,288.5695398624,288.5261199546,-1.5046601204,0.1178760527,87,7.8221927234,0.0452275515,14.3635233231,2,0,57.1588226152
daily,IWM,2026-09-11,1530,2026-09-22,0.0301369863,288.6045350222,288.5559553031,-1.6832624998,0.1072778704,81,7.6112739041,0.0596649472,14.0207350293,2,0,57.1588226152
daily,IWM,2026-09-11,1530,2026-09-23,0.0328767123,288.6245184092,288.5864055576,-1.3204994428,0.0983815665,83,6.4824379500,0.0598277587,18.9057968937,2,0,57.1588226152
daily,IWM,2026-09-11,1530,2026-09-24,0.0356164384,288.6545199888,288.6154262450,-1.3543437246,0.0909933073,94,5.6611069980,0.0436098496,14.0348125238,2,0,57.1588226152
daily,IWM,2026-09-11,1530,2026-09-25,0.0383561644,288.7195804360,288.6867255608,-1.1379510568,0.0808422957,105,7.0458880974,0.0611672526,15.5530489949,2,0,57.1588226152
daily,IWM,2026-09-11,1530,2026-09-30,0.0520547945,288.7925488552,288.7704676554,-0.7646042092,0.0642692114,82,8.5186310437,0.0397881009,13.2878851180,2,0,57.1588226152
daily,IWM,2026-09-11,1530,2026-10-02,0.0575342466,288.9220686256,288.9027849983,-0.6674335199,0.0539038811,130,2.5616149115,0.0782915500,11.4306455410,2,0,57.1588226152
daily,IWM,2026-09-11,1530,2026-10-09,0.0767123288,289.1354048827,289.1337991133,-0.0555369327,0.0397677095,156,0.8763982027,0.5781546722,8.8808258228,2,0,57.1588226152
daily,IWM,2026-09-11,1530,2026-10-16,0.0958904110,289.3274826494,289.3397963687,0.4255979840,0.0322662095,129,0.2189347264,2.2176811529,10.7248467844,2,0,57.1588226152
daily,IWM,2026-09-11,1530,2026-10-23,0.1150684932,289.5168232249,289.5362599655,0.6713509888,0.0275797343,159,0.1475502945,3.4807503546,15.2299236925,2,0,57.1588226152
daily,IWM,2026-09-11,1530,2026-10-30,0.1342465753,289.7087428407,289.7514947716,1.4756865985,0.0239625808,167,0.1614720472,3.9943454921,20.5788625678,2,0,57.1588226152
daily,IWM,2026-09-11,1530,2026-11-20,0.1917808219,290.3325349998,290.4375588110,3.6173628014,0.0167349265,53,0.2411143220,13.7231650021,36.6280248830,2,0,57.1588226152
daily,IWM,2026-09-11,1530,2026-12-18,0.2684931507,290.6671422062,290.8099755614,4.9139835386,0.0187674303,71,0.3418149401,15.9736538315,51.3740616655,2,0,57.1588226152
daily,IWM,2026-09-11,1530,2026-12-31,0.3041095890,290.7947339898,290.9543206017,5.4879471054,0.0200685566,116,0.1449933572,0.8951027130,51.0867655471,2,0,57.1588226152
daily,IWM,2026-09-11,1530,2027-01-15,0.3452054795,291.2168817632,291.4498957665,8.0013906416,0.0178189078,85,0.2641382690,12.0931057689,72.2651023703,2,0,57.1588226152
daily,IWM,2026-09-11,1530,2027-02-19,0.4410958904,292.2786524259,292.5834967961,10.4299225323,0.0136679613,80,0.2214338089,35.9720528868,113.1375549624,2,0,57.1588226152
daily,IWM,2026-09-11,1530,2027-03-19,0.5178082192,293.1066681483,293.4067819286,10.2390635541,0.0122263597,83,0.2537071476,33.1312246602,134.9603833455,2,0,57.1588226152
daily,IWM,2026-09-11,1530,2027-03-31,0.5506849315,293.3593827895,293.7776506971,14.2578670438,0.0118270988,138,0.2741640418,2.5476349390,109.1171302524,2,0,57.1588226152
daily,IWM,2026-09-11,1530,2027-04-16,0.5945205479,293.7552168074,294.2555699469,17.0329958715,0.0114623387,82,0.1716516804,31.1777537886,157.9940886390,2,0,57.1588226152
daily,IWM,2026-09-11,1530,2027-06-17,0.7643835616,295.6518186469,296.4150683814,25.8158308663,0.0091184019,89,0.3852769893,30.5775202471,208.0007492267,2,0,57.1588226152
daily,IWM,2026-09-11,1530,2027-06-30,0.8000000000,296.2890882332,297.0747734199,26.5175201495,0.0078907070,137,0.4390487646,38.6911266138,172.7133129357,2,0,57.1588226152
daily,IWM,2026-09-11,1530,2027-09-17,1.0164383562,297.9960289586,299.2694222384,42.7318875433,0.0083963712,96,0.2491818804,30.3801816499,275.9772074737,2,0,57.1588226152
daily,IWM,2026-09-11,1530,2027-10-15,1.0931506849,299.5133260837,300.6806950008,38.9755251421,0.0068755988,89,0.2195229284,57.1568835085,303.1224604953,2,0,57.1588226152
daily,IWM,2026-09-11,1530,2027-12-17,1.2657534247,300.6255925640,302.3439330559,57.1588226152,0.0081326580,97,0.3012708379,42.0311725974,345.4021126675,2,0,57.1588226152
daily,IWM,2026-09-11,1530,2028-01-21,1.3616438356,301.7530710949,303.0301937667,42.3234357548,0.0092789338,104,0.4749529260,40.0642006277,369.8334863344,2,0,57.1588226152
daily,META,2026-08-14,1530,2026-08-17,0.0082191781,591.3254121478,591.3235741064,-0.0310834164,0.0443049360,73,0.2091209322,0.0653320841,0.7508199747,2,0,67.7918909646
daily,META,2026-08-14,1530,2026-08-19,0.0136986301,591.6469668999,591.6744059607,0.4637742142,-0.0015793903,101,0.0340344164,3.8777697131,6.3671060912,2,0,67.7918909646
daily,META,2026-08-14,1530,2026-08-21,0.0191780822,591.7244373923,591.7471286075,0.3834760526,0.0032745648,103,0.0532935827,4.8173844698,15.5574908473,2,0,67.7918909646
daily,META,2026-08-14,1530,2026-08-24,0.0273972603,591.7742480111,591.8005176470,0.4439131318,0.0103509541,123,0.0557177022,5.3687672580,10.3162286703,2,0,67.7918909646
daily,META,2026-08-14,1530,2026-08-26,0.0328767123,591.9962655988,592.0441926098,0.8095829956,0.0024107758,112,0.0682453325,5.5575220658,16.2437545423,2,0,67.7918909646
daily,META,2026-08-14,1530,2026-08-28,0.0383561644,592.2710421617,592.3301661786,0.9982594564,-0.0051182044,145,0.1126135011,14.0386554672,27.9837049581,2,0,67.7918909646
daily,META,2026-08-14,1530,2026-09-04,0.0575342466,592.5838723108,592.6962801155,1.8969096185,-0.0015387834,129,0.0995367162,21.2555366895,30.2688744741,2,0,67.7918909646
daily,META,2026-08-14,1530,2026-09-11,0.0767123288,593.1987642750,593.3326201909,2.2565103635,-0.0056824092,128,0.1387934086,30.5738606052,40.2115827229,2,0,67.7918909646
daily,META,2026-08-14,1530,2026-09-18,0.0958904110,593.3370830844,593.4718531330,2.2713909579,0.0005647016,173,0.1858325062,33.5901705802,59.7574045956,2,0,67.7918909646
daily,META,2026-08-14,1530,2026-09-25,0.1150684932,593.5971995200,593.8023619444,3.4562566097,0.0019236587,134,0.2546595009,32.3686749559,53.2946784954,2,0,67.7918909646
daily,META,2026-08-14,1530,2026-10-02,0.1342465753,594.3463438380,594.5908122381,4.1132313284,-0.0027967078,138,0.2983798658,38.6386291263,57.0578910813,2,0,67.7918909646
daily,META,2026-08-14,1530,2026-10-16,0.1726027397,594.9148679440,595.1596615712,4.1147673456,0.0008736446,170,0.2352636132,49.5994321627,85.9649938401,2,0,67.7918909646
daily,META,2026-08-14,1530,2026-11-20,0.2684931507,597.4249517270,597.9540009993,8.8554934104,-0.0028098865,216,0.3593423498,75.9246077722,160.4576258304,2,0,67.7918909646
daily,META,2026-08-14,1530,2026-12-18,0.3452054795,599.0536491267,599.7259002391,11.2218849403,-0.0021235779,185,0.3442988655,86.0384800146,201.3444463250,2,0,67.7918909646
daily,META,2026-08-14,1530,2027-01-15,0.4219178082,600.9402831512,601.9570062084,16.9188700733,-0.0032759783,146,0.3865891980,140.0137218180,246.0223352763,2,0,67.7918909646
daily,META,2026-08-14,1530,2027-02-19,0.5178082192,603.7756096629,605.0122448386,20.4817014113,-0.0050700099,126,0.4927963626,79.3966412646,238.3833330540,2,0,67.7918909646
daily,META,2026-08-14,1530,2027-03-19,0.5945205479,605.4034173519,606.7634317701,22.4645976430,-0.0042236860,169,0.6234031319,65.8781699582,282.8815259246,2,0,67.7918909646
daily,META,2026-08-14,1530,2027-06-17,0.8410958904,611.4967407026,613.6449943864,35.1310733291,-0.0049118205,112,0.5520010867,179.0628462753,467.6307700678,2,0,67.7918909646
daily,META,2026-08-14,1530,2027-09-17,1.0931506849,617.5887815169,620.4864853147,46.9196313883,-0.0045635233,173,0.7380942185,235.1424298805,594.1026668055,2,0,67.7918909646
daily,META,2026-08-14,1530,2027-12-17,1.3424657534,624.7698723432,628.0129141994,51.9077823656,-0.0047097950,180,0.7972830530,275.4749975154,727.9227001133,2,0,67.7918909646
daily,META,2026-08-14,1530,2028-01-21,1.4383561644,626.3335187993,630.5795521607,67.7918909646,-0.0043641349,174,0.9500330468,259.4551156120,772.4249517815,2,0,67.7918909646
daily,META,2026-08-17,1530,2026-08-19,0.0054794521,569.4509227485,569.4537304108,0.0493047280,0.0094003658,89,0.1067340569,0.4520790662,0.7876404761,2,0,64.5102696420
daily,META,2026-08-17,1530,2026-08-21,0.0109589041,569.5227291813,569.5351170504,0.2175131655,0.0105791809,160,0.0888320657,1.7366452487,4.1371856620,2,0,64.5102696420
daily,META,2026-08-17,1530,2026-08-24,0.0191780822,569.3226951235,569.3204084996,-0.0401639335,0.0419230140,118,0.1973173964,0.2320505731,1.5273974527,2,0,64.5102696420
daily,META,2026-08-17,1530,2026-08-26,0.0246575342,568.9693759330,568.9512354797,-0.3188300478,0.0673220655,72,0.9315423461,0.0714574246,9.0451643498,2,0,64.5102696420
daily,META,2026-08-17,1530,2026-08-28,0.0301369863,569.8748573740,569.9082577373,0.5860999635,0.0061939046,141,0.1265087148,5.2894312413,9.6737651736,2,0,64.5102696420
daily,META,2026-08-17,1530,2026-08-31,0.0383561644,569.1132170012,569.0871763488,-0.4575654133,0.0505638823,34,0.5973439188,0.1332809343,1.5764740313,2,0,64.5102696420
daily,META,2026-08-17,1530,2026-09-04,0.0493150685,570.3459842697,570.3969935544,0.8943568668,0.0011182348,144,0.1496363338,10.8266916974,19.1454606278,2,0,64.5102696420
daily,META,2026-08-17,1530,2026-09-11,0.0684931507,570.7891006522,570.8936489353,1.8316446990,-0.0013068769,131,0.1960944691,16.5956428411,27.2334521454,2,0,64.5102696420
daily,META,2026-08-17,1530,2026-09-18,0.0876712329,571.1538220291,571.2799455842,2.2082239539,-0.0004524214,171,0.1729678904,23.9518587667,47.6037309758,2,0,64.5102696420
daily,META,2026-08-17,1530,2026-09-25,0.1068493151,570.8128875550,570.9505514960,2.4117174654,0.0118568863,143,0.1504049916,19.8955775593,34.2755057147,2,0,64.5102696420
daily,META,2026-08-17,1530,2026-10-02,0.1260273973,571.2057468493,571.3420177770,2.3856715100,0.0104049136,146,0.2291852020,22.4980309621,41.6003265180,2,0,64.5102696420
daily,META,2026-08-17,1530,2026-10-16,0.1643835616,572.7610668355,573.0219322779,4.5545246976,-0.0009716087,173,0.2529518935,40.3249284281,76.6097966941,2,0,64.5102696420
daily,META,2026-08-17,1530,2026-11-20,0.2602739726,575.0500252957,575.5069632911,7.9460564352,-0.0027932973,211,0.3417222036,68.7031771153,148.8735987323,2,0,64.5102696420
daily,META,2026-08-17,1530,2026-12-18,0.3369863014,576.7475637512,577.4571416968,12.3030939386,-0.0033143663,174,0.4597967266,83.7277200075,187.9245637645,2,0,64.5102696420
daily,META,2026-08-17,1530,2027-01-15,0.4136986301,578.4853714706,579.3112004869,14.2757113163,-0.0029876075,139,0.3000317059,125.6732200440,231.5792023691,2,0,64.5102696420
daily,META,2026-08-17,1530,2027-02-19,0.5095890411,580.8363074212,581.7806456394,16.2582504947,-0.0032072924,123,0.4714707980,87.9986927767,230.8076732472,2,0,64.5102696420
daily,META,2026-08-17,1530,2027-03-19,0.5863013699,582.2161701739,583.4063692411,20.4425628856,-0.0023521641,164,0.7998344713,75.2785006401,277.2279419728,2,0,64.5102696420
daily,META,2026-08-17,1530,2027-06-17,0.8328767123,588.0287043264,589.8308586060,30.6473861974,-0.0030506112,106,0.4619865036,146.3340332990,451.9633763142,2,0,64.5102696420
daily,META,2026-08-17,1530,2027-09-17,1.0849315068,593.5127077195,596.2295759536,45.7760751993,-0.0027977905,168,0.7521522876,223.6295218670,579.9218697436,2,0,64.5102696420
daily,META,2026-08-17,1530,2027-12-17,1.3342465753,599.4688662498,602.8958823101,57.1675403555,-0.0025563725,172,0.9454568247,263.9432168998,711.3032586789,2,0,64.5102696420
daily,META,2026-08-17,1530,2028-01-21,1.4301369863,601.4845188284,605.3647116779,64.5102696420,-0.0023531869,175,0.7413471518,247.8434119557,766.5919631167,2,0,64.5102696420
daily,META,2026-08-18,1530,2026-08-19,0.0027397260,544.8855064486,544.8878008211,0.0421074236,-0.0276798674,99,0.0270778570,0.8828229529,1.6818410288,2,0,62.2908897144
daily,META,2026-08-18,1530,2026-08-21,0.0082191781,545.0218972270,545.0410985477,0.3523036548,-0.0182251952,53,0.0239747288,1.7735261602,6.6080508086,2,0,62.2908897144
daily,META,2026-08-18,1530,2026-08-24,0.0164383562,545.0750466655,545.0909277584,0.2913560798,0.0042456661,132,0.0649755008,3.8209599498,6.4839509228,2,0,62.2908897144
daily,META,2026-08-18,1530,2026-08-26,0.0219178082,545.1000829695,545.1120167238,0.2189277649,0.0108788860,101,0.0465500467,4.2371242630,8.1104115426,2,0,62.2908897144
daily,META,2026-08-18,1530,2026-08-28,0.0273972603,545.5005186131,545.5437723298,0.7929179774,-0.0126274222,146,0.1664997336,10.6085224075,15.5274465345,2,0,62.2908897144
daily,META,2026-08-18,1530,2026-08-31,0.0356164384,545.5574847504,545.5944114223,0.6768612460,-0.0035873618,120,0.1409669939,9.6518085257,17.7941938388,2,0,62.2908897144
daily,META,2026-08-18,1530,2026-09-02,0.0410958904,545.3583258975,545.3857390327,0.5026628159,0.0112446717,43,0.1674205455,2.7100613432,11.2836205288,2,0,62.2908897144
daily,META,2026-08-18,1530,2026-09-04,0.0465753425,545.9604953504,546.0213975922,1.1155063841,-0.0106364189,152,0.1655571179,17.4634812607,38.1511993696,2,0,62.2908897144
daily,META,2026-08-18,1530,2026-09-11,0.0657534247,546.4036383861,546.5240404175,2.2035364145,-0.0104913865,138,0.1512703676,26.3188950687,36.5214666446,2,0,62.2908897144
daily,META,2026-08-18,1530,2026-09-18,0.0849315068,546.4726393151,546.6142429435,2.5912299764,-0.0015211865,171,0.1860896270,35.4676709827,58.1012034566,2,0,62.2908897144
daily,META,2026-08-18,1530,2026-09-25,0.1041095890,546.7174015346,546.8227393574,1.9267325771,0.0021059752,147,0.1549413428,35.8321249392,52.5573813247,2,0,62.2908897144
daily,META,2026-08-18,1530,2026-10-02,0.1232876712,546.9859471333,547.1460285736,2.9266097441,0.0029039530,148,0.2072036784,39.4446158679,60.8391630185,2,0,62.2908897144
daily,META,2026-08-18,1530,2026-10-16,0.1616438356,548.1499874294,548.3637933221,3.9004998202,-0.0023892074,176,0.2469477452,54.1463586147,93.0605708170,2,0,62.2908897144
daily,META,2026-08-18,1530,2026-11-20,0.2575342466,550.4538418214,550.9143641761,8.3662301849,-0.0048834310,207,0.3508081807,81.2487072122,156.0592164545,2,0,62.2908897144
daily,META,2026-08-18,1530,2026-12-18,0.3342465753,551.8234039452,552.4778222427,11.8591979387,-0.0032745395,170,0.4212955058,101.8499213073,200.7320672829,2,0,62.2908897144
daily,META,2026-08-18,1530,2027-01-15,0.4109589041,553.6413911953,554.3859611188,13.4485957036,-0.0035787641,139,0.4484858156,138.6130504493,240.9217070636,2,0,62.2908897144
daily,META,2026-08-18,1530,2027-02-19,0.5068493151,555.9671614750,557.0550068723,19.5667203514,-0.0048020250,127,0.3946067392,105.4033714324,253.6042107422,2,0,62.2908897144
daily,META,2026-08-18,1530,2027-03-19,0.5835616438,557.3141774231,558.6562299918,24.0807182579,-0.0038175339,167,0.6470843865,95.6029436798,306.0412392040,2,0,62.2908897144
daily,META,2026-08-18,1530,2027-06-17,0.8301369863,562.9868787472,565.0944849311,37.4361510634,-0.0045748972,98,0.6402076246,131.5377626075,466.1330762559,2,0,62.2908897144
daily,META,2026-08-18,1530,2027-09-17,1.0821917808,569.1072109466,571.7610059060,46.6308440371,-0.0047643519,162,0.8835377318,229.9826607212,598.9343411429,2,0,62.2908897144
daily,META,2026-08-18,1530,2027-12-17,1.3315068493,574.6714569780,578.2511366129,62.2908897144,-0.0042440969,164,0.9496163122,270.1614259459,730.3969868156,2,0,62.2908897144
daily,META,2026-08-18,1530,2028-01-21,1.4273972603,577.3059826666,580.7087007139,58.9413266017,-0.0040221681,165,0.7422316709,269.0668547661,781.8758622521,2,0,62.2908897144
daily,META,2026-08-19,1530,2026-08-21,0.0054794521,550.8772490903,550.8999237229,0.4116095297,-0.0666170931,143,0.0352367471,4.8417401813,8.1016476464,2,0,67.9310870727
daily,META,2026-08-19,1530,2026-08-24,0.0136986301,551.0229444780,551.0503236399,0.4968788004,-0.0239300072,126,0.0424203239,5.5305615454,9.2836039364,2,0,67.9310870727
daily,META,2026-08-19,1530,2026-08-26,0.0191780822,551.3832358676,551.4065199079,0.4222841538,-0.0400041638,102,0.0717133846,9.3949106994,12.3119000639,2,0,67.9310870727
daily,META,2026-08-19,1530,2026-08-28,0.0246575342,551.3262335683,551.3703960809,0.8010232407,-0.0200708359,145,0.0602410943,10.3968333664,17.6751670162,2,0,67.9310870727
daily,META,2026-08-19,1530,2026-08-31,0.0328767123,551.4737274428,551.5308588991,1.0359778424,-0.0144690000,119,0.1378470426,10.6732603718,14.5690197791,2,0,67.9310870727
daily,META,2026-08-19,1530,2026-09-02,0.0383561644,551.7097055453,551.7648174409,0.9989292384,-0.0180677645,121,0.1542555124,13.5046709902,21.2532449707,2,0,67.9310870727
daily,META,2026-08-19,1530,2026-09-04,0.0438356164,551.9364657318,552.0252491266,1.6085799786,-0.0218567679,147,0.1308172208,22.2697002612,37.6362918390,2,0,67.9310870727
daily,META,2026-08-19,1530,2026-09-11,0.0630136986,552.3938095757,552.5430515734,2.7017319018,-0.0185975422,136,0.1392546819,29.2129162093,41.5156439276,2,0,67.9310870727
daily,META,2026-08-19,1530,2026-09-18,0.0821917808,552.3883676044,552.5439600111,2.8167212743,-0.0054722466,168,0.1876531889,33.3704920532,58.4663768446,2,0,67.9310870727
daily,META,2026-08-19,1530,2026-09-25,0.1013698630,552.8919538659,553.0188612988,2.2953387542,-0.0057866104,146,0.1541882314,34.4716870444,52.8364813983,2,0,67.9310870727
daily,META,2026-08-19,1530,2026-10-02,0.1205479452,553.2922538252,553.4939205199,3.6448494147,-0.0059992344,148,0.1509413148,40.1012268755,63.0177799858,2,0,67.9310870727
daily,META,2026-08-19,1530,2026-10-16,0.1589041096,554.1248453682,554.3892017789,4.7707012757,-0.0053117705,174,0.2620925463,53.4065942008,92.4844494622,2,0,67.9310870727
daily,META,2026-08-19,1530,2026-11-20,0.2547945205,556.3393404048,556.8244177205,8.7190906779,-0.0058068449,211,0.2996134870,79.2386012405,153.8340256705,2,0,67.9310870727
daily,META,2026-08-19,1530,2026-12-18,0.3315068493,557.7757038482,558.3895994936,11.0061381524,-0.0039122985,175,0.3954034297,94.6641515612,194.2924714259,2,0,67.9310870727
daily,META,2026-08-19,1530,2027-01-15,0.4082191781,559.6335480025,560.3552874616,12.8966439136,-0.0042857706,135,0.4223074830,132.9149790182,238.0116815831,2,0,67.9310870727
daily,META,2026-08-19,1530,2027-02-19,0.5041095890,562.0599048972,563.2912321795,21.9074029562,-0.0062388424,127,0.4399607038,101.6664695728,250.2074768641,2,0,67.9310870727
daily,META,2026-08-19,1530,2027-03-19,0.5808219178,563.8491252029,565.2171047545,24.2614467324,-0.0060074412,165,0.6836092976,91.6099342974,302.3319529973,2,0,67.9310870727
daily,META,2026-08-19,1530,2027-06-17,0.8273972603,569.5994921066,571.6105163113,35.3059339523,-0.0058892328,98,0.7426027709,140.4232119787,463.5474263026,2,0,67.9310870727
daily,META,2026-08-19,1530,2027-09-17,1.0794520548,575.2405462792,578.2373430234,52.0964101637,-0.0056187740,163,0.7380449495,232.0367934135,594.5909197768,2,0,67.9310870727
daily,META,2026-08-19,1530,2027-12-17,1.3287671233,580.7340058280,584.4553218063,64.0795259266,-0.0045163540,172,0.7460982567,269.5434843065,723.7182691082,2,0,67.9310870727
daily,META,2026-08-19,1530,2028-01-21,1.4246575342,582.8596073916,586.8190360657,67.9310870727,-0.0041405671,166,0.9109483580,261.3890504448,765.9910422144,2,0,67.9310870727
daily,META,2026-08-20,1530,2026-08-21,0.0027397260,541.9251985214,541.9320773620,0.1269333979,-0.0782755120,120,0.0387742434,1.1330211897,3.2393407590,2,0,64.1874120057
daily,META,2026-08-20,1530,2026-08-24,0.0109589041,542.0008251515,542.0141223438,0.2453352773,-0.0051526579,128,0.0573785799,1.9453033903,2.8834545143,2,0,64.1874120057
daily,META,2026-08-20,1530,2026-08-26,0.0164383562,542.2279244322,542.2481930847,0.3738031861,-0.0171539365,113,0.0756258971,3.5814235389,5.3749466640,2,0,64.1874120057
daily,META,2026-08-20,1530,2026-08-28,0.0219178082,542.4520220382,542.4830975299,0.5728707887,-0.0232161921,158,0.1213289511,6.8951196806,10.9462791173,2,0,64.1874120057
daily,META,2026-08-20,1530,2026-08-31,0.0301369863,542.2525537341,542.2833036185,0.5670768020,0.0056038439,134,0.1083247389,4.3544078421,8.2054922819,2,0,64.1874120057
daily,META,2026-08-20,1530,2026-09-02,0.0356164384,542.5183260692,542.5782255691,1.1041009491,-0.0047330965,135,0.1948398090,6.5320381774,11.5816559770,2,0,64.1874120057
daily,META,2026-08-20,1530,2026-09-04,0.0410958904,542.9333981004,542.9951082501,1.1366062560,-0.0177723912,178,0.1818319213,12.2213215082,21.6859566176,2,0,64.1874120057
daily,META,2026-08-20,1530,2026-09-11,0.0602739726,543.2186244472,543.2926353042,1.3624506538,-0.0092295298,131,0.1821725288,17.6635788087,28.0906799165,2,0,64.1874120057
daily,META,2026-08-20,1530,2026-09-18,0.0794520548,543.4805322827,543.5894203510,2.0035320841,-0.0047898534,166,0.2227299442,24.9062917413,45.4012381749,2,0,64.1874120057
daily,META,2026-08-20,1530,2026-09-25,0.0986301370,543.6635710305,543.7908880028,2.3418337952,-0.0003090479,142,0.2166964339,25.3651065047,40.5370631920,2,0,64.1874120057
daily,META,2026-08-20,1530,2026-10-02,0.1178082192,543.8700036741,544.0357534831,3.0475997544,0.0020327662,149,0.1899410975,29.3441562350,47.7919890334,2,0,64.1874120057
daily,META,2026-08-20,1530,2026-10-16,0.1561643836,545.0799776387,545.3206931851,4.4161509554,-0.0040491567,172,0.2244046501,45.3221085931,82.1710164466,2,0,64.1874120057
daily,META,2026-08-20,1530,2026-11-20,0.2520547945,547.2195646027,547.6483856251,7.8363613091,-0.0044754552,207,0.3381026666,71.8500805827,146.6270666094,2,0,64.1874120057
daily,META,2026-08-20,1530,2026-12-18,0.3287671233,548.7106020807,549.2650618327,10.1047756307,-0.0033038034,170,0.3766912881,88.0270172045,187.3003346331,2,0,64.1874120057
daily,META,2026-08-20,1530,2027-01-15,0.4054794521,550.4825311654,551.3340151340,15.4679562094,-0.0044071737,136,0.3725958002,126.2933534097,230.2507821549,2,0,64.1874120057
daily,META,2026-08-20,1530,2027-02-19,0.5013698630,552.8553098129,553.9976193300,20.6619977552,-0.0055375379,121,0.6539365181,101.8416023227,246.5842188586,2,0,64.1874120057
daily,META,2026-08-20,1530,2027-03-19,0.5780821918,554.5496513083,555.6676991911,20.1613666176,-0.0046767274,168,0.6340723074,94.9959911012,298.4519813678,2,0,64.1874120057
daily,META,2026-08-20,1530,2027-06-17,0.8246575342,560.0161389095,562.1099066709,37.3876325324,-0.0052372976,98,0.6133402555,131.0351581851,456.3590604706,2,0,64.1874120057
daily,META,2026-08-20,1530,2027-09-17,1.0767123288,565.1409579730,567.8722749825,48.3298364931,-0.0038619999,161,0.7570610037,224.6975244750,583.1936728776,2,0,64.1874120057
daily,META,2026-08-20,1530,2027-12-17,1.3260273973,571.2297863047,574.6947120303,60.6573012940,-0.0040253903,171,0.6066606927,266.2097667096,717.1098151151,2,0,64.1874120057
daily,META,2026-08-20,1530,2028-01-21,1.4219178082,573.3609296314,577.0411850532,64.1874120057,-0.0037082801,165,0.9018444010,259.3573504940,765.9549926365,2,0,64.1874120057
daily,META,2026-08-21,1530,2026-08-24,0.0082191781,549.5498596565,549.5593499051,0.1726913123,0.0081029397,34,0.0302987180,0.2814418539,1.3379358485,2,0,68.0370396084
daily,META,2026-08-21,1530,2026-08-26,0.0136986301,549.7235574306,549.7425640416,0.3457485263,-0.0042956669,54,0.0420881179,0.6470018467,6.4095830117,2,0,68.0370396084
daily,META,2026-08-21,1530,2026-08-28,0.0191780822,549.9463243151,549.9817336630,0.6438691627,-0.0149088806,141,0.0654141640,11.8378390774,15.0229895057,2,0,68.0370396084
daily,META,2026-08-21,1530,2026-08-31,0.0273972603,550.0526518977,550.0753966830,0.4135019667,-0.0052700689,119,0.0838673364,11.3828175865,15.0229895058,2,0,68.0370396084
daily,META,2026-08-21,1530,2026-09-02,0.0328767123,550.1533074162,550.2010185625,0.8672336548,-0.0050141143,140,0.0902137140,12.7478820570,15.6584188637,2,0,68.0370396084
daily,META,2026-08-21,1530,2026-09-04,0.0383561644,550.4506553110,550.5136527793,1.1444707665,-0.0136880343,182,0.0826996961,16.8044830193,21.7722997905,2,0,68.0370396084
daily,META,2026-08-21,1530,2026-09-11,0.0575342466,550.8158769365,550.9323596250,2.1147300473,-0.0096935766,131,0.1319767801,31.8711975582,41.5639166300,2,0,68.0370396084
daily,META,2026-08-21,1530,2026-09-18,0.0767123288,550.9026231524,551.0046052191,1.8511813587,0.0005052158,166,0.1704446043,37.6992068881,54.3841235776,2,0,68.0370396084
daily,META,2026-08-21,1530,2026-09-25,0.0958904110,551.1472553547,551.2299537872,1.5004779883,0.0036127667,145,0.1722019502,35.8883302760,53.5000694043,2,0,68.0370396084
daily,META,2026-08-21,1530,2026-10-02,0.1150684932,551.8614229671,552.0624598262,3.6428866162,-0.0039489799,146,0.1557826454,42.4699236793,64.2298044778,2,0,68.0370396084
daily,META,2026-08-21,1530,2026-10-16,0.1534246575,552.6866459335,552.9374282988,4.5375144701,-0.0038062425,172,0.2591791374,55.4386836229,91.1907712036,2,0,68.0370396084
daily,META,2026-08-21,1530,2026-11-20,0.2493150685,554.9954755904,555.4690878577,8.5336239333,-0.0053892403,211,0.3536513946,84.9292010479,160.5019774617,2,0,68.0370396084
daily,META,2026-08-21,1530,2026-12-18,0.3260273973,556.5567765302,557.0536028907,8.9267866540,-0.0037492028,174,0.2755652680,96.7397005122,196.3044519898,2,0,68.0370396084
daily,META,2026-08-21,1530,2027-01-15,0.4027397260,558.1868938070,559.0307653307,15.1180820084,-0.0042501100,134,0.4549705122,143.1034409057,240.4532069000,2,0,68.0370396084
daily,META,2026-08-21,1530,2027-02-19,0.4986301370,561.0301144734,562.0483245337,18.1489377137,-0.0065475050,130,0.3722901827,100.8964738521,257.6900161593,2,0,68.0370396084
daily,META,2026-08-21,1530,2027-03-19,0.5753424658,562.3920036991,563.7025507222,23.3030877836,-0.0055033392,166,0.6114569894,92.6568659368,303.5837023408,2,0,68.0370396084
daily,META,2026-08-21,1530,2027-06-17,0.8219178082,567.9364476107,569.9534192862,35.5140383058,-0.0053994343,100,0.5648410712,141.7161507432,459.7552757120,2,0,68.0370396084
daily,META,2026-08-21,1530,2027-09-17,1.0739726027,574.5898246831,577.0233951815,42.3531777600,-0.0060471052,165,0.7460221995,230.2328532591,594.2963754023,2,0,68.0370396084
daily,META,2026-08-21,1530,2027-12-17,1.3232876712,580.1420090388,583.7749932593,62.6223263256,-0.0054836422,172,0.7720815585,270.7491762467,726.7112240641,2,0,68.0370396084
daily,META,2026-08-21,1530,2028-01-21,1.4191780822,582.2709006130,586.2324994458,68.0370396084,-0.0051270547,170,0.8893131217,265.2390681920,769.9698524311,2,0,68.0370396084
daily,META,2026-08-24,1538,2026-08-26,0.0054794521,560.0255249614,560.0224884239,-0.0542214117,0.0550504692,64,0.2321225500,0.0339293051,1.3571065269,2,0,64.3586235794
daily,META,2026-08-24,1538,2026-08-28,0.0109589041,560.3261747882,560.3370837784,0.1946899986,-0.0047510984,143,0.0841927756,2.2793067528,4.3297741877,2,0,64.3586235794
daily,META,2026-08-24,1538,2026-08-31,0.0191780822,560.2520016106,560.2600104222,0.1429501650,0.0207172264,119,0.0628561195,1.7258750738,3.8910692184,2,0,64.3586235794
daily,META,2026-08-24,1538,2026-09-02,0.0246575342,560.2228707929,560.2232507974,0.0067830965,0.0272052524,132,0.0807808225,1.8324884320,4.9660435077,2,0,64.3586235794
daily,META,2026-08-24,1538,2026-09-04,0.0301369863,560.8538324513,560.8802883426,0.4717074169,-0.0097364820,166,0.1229545594,8.0638405640,14.2851009672,2,0,64.3586235794
daily,META,2026-08-24,1538,2026-09-11,0.0493150685,561.3227995700,561.4071855911,1.5033421270,-0.0102363208,144,0.1550683177,15.2876761417,23.1026484832,2,0,64.3586235794
daily,META,2026-08-24,1538,2026-09-18,0.0684931507,561.3850824704,561.4693397020,1.5008811991,0.0016364209,184,0.1713434127,20.0122525961,39.0000974870,2,0,64.3586235794
daily,META,2026-08-24,1538,2026-09-25,0.0876712329,561.5218706736,561.6553073343,2.3763395097,0.0057688198,137,0.2387764985,20.9440813104,34.2068806493,2,0,64.3586235794
daily,META,2026-08-24,1538,2026-10-02,0.1068493151,561.8023697924,561.8879670381,1.5236184521,0.0074862793,138,0.2180013899,24.3960807790,41.1037830605,2,0,64.3586235794
daily,META,2026-08-24,1538,2026-10-16,0.1452054795,562.9135930460,563.1519768627,4.2348207559,0.0000237082,165,0.2382672198,40.1957202292,72.5504075943,2,0,64.3586235794
daily,META,2026-08-24,1538,2026-11-20,0.2410958904,565.3065847477,565.7122219956,7.1755266760,-0.0029926152,208,0.3140075119,69.8767731196,142.3157796989,2,0,64.3586235794
daily,META,2026-08-24,1538,2026-12-18,0.3178082192,566.8363012513,567.4937819116,11.5991276288,-0.0026794114,177,0.3799751541,84.1018016584,184.7567605016,2,0,64.3586235794
daily,META,2026-08-24,1538,2027-01-15,0.3945205479,568.8575945070,569.6913294964,14.6563040986,-0.0042352632,139,0.3833668047,126.5933871615,228.4180129364,2,0,64.3586235794
daily,META,2026-08-24,1538,2027-02-19,0.4904109589,571.2129487223,572.2967315629,18.9733591118,-0.0049202436,126,0.4006020087,94.0385479763,235.3438006335,2,0,64.3586235794
daily,META,2026-08-24,1538,2027-03-19,0.5671232877,572.6226065632,573.9690877218,23.5142857294,-0.0039148164,164,0.7958078180,82.1325321880,283.8699069459,2,0,64.3586235794
daily,META,2026-08-24,1538,2027-06-17,0.8136986301,578.6945664742,580.3377629005,28.3948825780,-0.0039555186,103,0.4074491300,157.5739104833,454.7706389837,2,0,64.3586235794
daily,META,2026-08-24,1538,2027-09-17,1.0657534247,584.9189283069,587.3732803945,41.9605516057,-0.0044982499,165,0.6698092855,233.2575967175,592.1477028964,2,0,64.3586235794
daily,META,2026-08-24,1538,2027-12-17,1.3150684932,590.3132152871,593.7681651181,58.5274010734,-0.0035417414,174,0.9265414950,269.8863322173,723.9107522125,2,0,64.3586235794
daily,META,2026-08-24,1538,2028-01-21,1.4109589041,592.9158291474,596.7317538136,64.3586235794,-0.0038407479,167,0.8580280919,255.3768707991,776.5425085806,2,0,64.3586235794
daily,META,2026-08-25,1530,2026-08-26,0.0027397260,565.9495801194,565.9569043330,0.1294145956,-0.0181474830,87,0.0241106010,0.5122593416,0.8728609034,2,0,64.6817046910
daily,META,2026-08-25,1530,2026-08-28,0.0082191781,566.2261586796,566.2457014279,0.3451403289,-0.0428914349,138,0.0450893243,3.4106427989,8.0551359769,2,0,64.6817046910
daily,META,2026-08-25,1530,2026-08-31,0.0164383562,566.4524577162,566.4798505254,0.4835853182,-0.0276762333,115,0.0671121055,5.1459836959,13.3258161916,2,0,64.6817046910
daily,META,2026-08-25,1530,2026-09-02,0.0219178082,566.6722412646,566.7024568425,0.5332108340,-0.0292228630,124,0.0791220291,7.1927866879,16.3603095852,2,0,64.6817046910
daily,META,2026-08-25,1530,2026-09-04,0.0273972603,566.8044600723,566.8531652338,0.8592939014,-0.0255159538,166,0.0997179328,9.6645034495,17.6013110435,2,0,64.6817046910
daily,META,2026-08-25,1530,2026-09-09,0.0410958904,566.9875500598,567.1004118278,1.9905510805,-0.0150088443,39,0.1417858748,1.8142273335,9.0137197698,2,0,64.6817046910
daily,META,2026-08-25,1530,2026-09-11,0.0465753425,567.2701933059,567.3562095494,1.5163187576,-0.0184738287,141,0.1429277525,16.1604180869,24.1242629842,2,0,64.6817046910
daily,META,2026-08-25,1530,2026-09-18,0.0657534247,567.3997508850,567.5063270854,1.8783265277,-0.0060726760,184,0.1738629133,26.4178977881,44.7867942614,2,0,64.6817046910
daily,META,2026-08-25,1530,2026-09-25,0.0849315068,567.6495441438,567.7502511394,1.7741051082,-0.0012167715,137,0.1483428650,28.0758418305,39.3496052275,2,0,64.6817046910
daily,META,2026-08-25,1530,2026-10-02,0.1041095890,568.1570090575,568.3045008197,2.5959683649,-0.0034673560,139,0.2517784480,32.6871138791,50.2024933999,2,0,64.6817046910
daily,META,2026-08-25,1530,2026-10-16,0.1424657534,568.9694667683,569.2185789210,4.3783044124,-0.0036233489,163,0.2788299084,44.7684076969,75.3585142784,2,0,64.6817046910
daily,META,2026-08-25,1530,2026-11-20,0.2383561644,571.2986565043,571.6915321013,6.8768864157,-0.0044990996,211,0.2343759160,70.1519483436,146.2620528088,2,0,64.6817046910
daily,META,2026-08-25,1530,2026-12-18,0.3150684932,572.7622761134,573.3222698101,9.7770701750,-0.0028216645,174,0.4232366587,82.8516291391,185.7465660309,2,0,64.6817046910
daily,META,2026-08-25,1530,2027-01-15,0.3917808219,574.7708048357,575.6132094513,14.6563570823,-0.0046217523,137,0.4472836609,131.2568636302,231.2744312747,2,0,64.6817046910
daily,META,2026-08-25,1530,2027-02-19,0.4876712329,577.2515376882,578.3954821053,19.8170873947,-0.0057084589,122,0.6612574972,85.4865751008,238.0972417956,2,0,64.6817046910
daily,META,2026-08-25,1530,2027-03-19,0.5643835616,579.0387856478,580.2781176701,21.4032643940,-0.0051639875,172,0.5269601651,78.9058417833,287.9630273348,2,0,64.6817046910
daily,META,2026-08-25,1530,2027-06-17,0.8109589041,584.8650431543,586.7340676934,31.9565096423,-0.0048315202,106,0.4578457990,153.7070747703,462.3775591021,2,0,64.6817046910
daily,META,2026-08-25,1530,2027-09-17,1.0630136986,590.2348312830,593.0594597970,47.8560119521,-0.0039164194,169,0.7796922859,222.8928045043,591.4017207340,2,0,64.6817046910
daily,META,2026-08-25,1530,2027-12-17,1.3123287671,596.1397318874,599.9956652967,64.6817046910,-0.0036969261,173,0.7497602594,262.9290112249,724.9129327756,2,0,64.6817046910
daily,META,2026-08-25,1530,2028-01-21,1.4082191781,598.9146770821,602.7408055022,63.8843656117,-0.0036989667,168,0.9149867983,248.1797336914,770.6622318287,2,0,64.6817046910
daily,META,2026-08-26,1530,2026-08-28,0.0054794521,578.7752643830,578.7854523327,0.1760260049,-0.0553453412,73,0.0566202303,3.4208820054,6.2230980655,2,0,68.3416611257
daily,META,2026-08-26,1530,2026-08-31,0.0136986301,578.9507517940,578.9727767912,0.3804295460,-0.0230573535,101,0.0403320495,5.3672451312,10.9768535325,2,0,68.3416611257
daily,META,2026-08-26,1530,2026-09-02,0.0191780822,579.0993466492,579.1386280793,0.6783193646,-0.0205929485,98,0.0762111000,4.8607286216,14.4341302356,2,0,68.3416611257
daily,META,2026-08-26,1530,2026-09-04,0.0246575342,579.3971062892,579.4658173100,1.1859054887,-0.0305137735,175,0.1083142353,12.1567921342,23.7189528289,2,0,68.3416611257
daily,META,2026-08-26,1530,2026-09-09,0.0383561644,579.3563180171,579.3962811366,0.6897848237,-0.0029732499,123,0.1177357795,12.3887933619,19.1878857024,2,0,68.3416611257
daily,META,2026-08-26,1530,2026-09-11,0.0438356164,579.6827608651,579.7637664160,1.3974117628,-0.0123360692,144,0.1130061350,17.4218804715,35.5894279296,2,0,68.3416611257
daily,META,2026-08-26,1530,2026-09-18,0.0630136986,579.9928445337,580.0728228769,1.3789539636,-0.0055227398,185,0.1944361338,30.4646311177,49.9466817496,2,0,68.3416611257
daily,META,2026-08-26,1530,2026-09-25,0.0821917808,580.2507787267,580.3758510797,2.1554878945,-0.0017591381,134,0.2346524579,33.2324104072,46.2816887346,2,0,68.3416611257
daily,META,2026-08-26,1530,2026-10-02,0.1013698630,580.9344618046,581.1441848655,3.6100984655,-0.0073826862,143,0.2023421592,38.5877219170,53.4541759924,2,0,68.3416611257
daily,META,2026-08-26,1530,2026-10-16,0.1397260274,581.6838649495,581.9277360679,4.1925027165,-0.0046266521,171,0.2171840453,49.6734175006,80.6771722262,2,0,68.3416611257
daily,META,2026-08-26,1530,2026-11-20,0.2356164384,583.8698723968,584.3073704658,7.4930749067,-0.0041267349,215,0.3308421911,75.8666715362,148.7293761598,2,0,68.3416611257
daily,META,2026-08-26,1530,2026-12-18,0.3123287671,586.1181445916,586.6480478657,9.0408952353,-0.0062382107,182,0.3709111383,86.5767028780,192.4316909959,2,0,68.3416611257
daily,META,2026-08-26,1530,2027-01-15,0.3890410959,587.4873127618,588.2826415629,13.5378038620,-0.0043025215,142,0.3277640368,136.9210650987,233.9513207957,2,0,68.3416611257
daily,META,2026-08-26,1530,2027-02-19,0.4849315068,590.4840880037,591.6881787633,20.3915869056,-0.0074373364,128,0.4550416120,78.8315259594,237.4295704930,2,0,68.3416611257
daily,META,2026-08-26,1530,2027-03-19,0.5616438356,592.2673994954,593.5926529027,22.3759303388,-0.0066472870,165,0.6899455521,76.6961480340,285.9380552995,2,0,68.3416611257
daily,META,2026-08-26,1530,2027-06-17,0.8082191781,597.7285148777,600.0747459489,39.2524534610,-0.0057613920,109,0.5148732703,155.6767648852,459.7379355198,2,0,68.3416611257
daily,META,2026-08-26,1530,2027-09-17,1.0602739726,604.4625065511,607.1596763905,44.6209617671,-0.0057527101,169,0.7753376199,229.6603876314,591.6840469494,2,0,68.3416611257
daily,META,2026-08-26,1530,2027-12-17,1.3095890411,610.1372215316,613.7020796132,58.4271530370,-0.0047394659,177,0.8392677340,265.3470469479,719.2924455978,2,0,68.3416611257
daily,META,2026-08-26,1530,2028-01-21,1.4054794521,612.4544303525,616.6400456659,68.3416611257,-0.0049105380,172,0.9102604334,249.6440317658,769.6777644726,2,0,68.3416611257
daily,META,2026-08-27,1530,2026-08-28,0.0027397260,570.7455971775,570.7486341794,0.0532111303,-0.0475317160,107,0.0603796529,0.6739140200,2.3658684051,2,0,59.7572904549
daily,META,2026-08-27,1530,2026-08-31,0.0109589041,570.6513099408,570.6527572827,0.0253629817,0.0319010482,103,0.0826962511,0.3935216788,1.1867129013,2,0,59.7572904549
daily,META,2026-08-27,1530,2026-09-02,0.0164383562,570.7520275001,570.7578166689,0.1014305418,0.0227150140,115,0.0534570071,1.2468677568,2.5904773220,2,0,59.7572904549
daily,META,2026-08-27,1530,2026-09-04,0.0219178082,571.2260190547,571.2569492550,0.5414704377,-0.0133610529,155,0.1142046333,5.4051528082,9.2484071041,2,0,59.7572904549
daily,META,2026-08-27,1530,2026-09-09,0.0356164384,571.0730731739,571.1002191182,0.4753497513,0.0140739095,119,0.1048873838,4.0706511183,7.6680241960,2,0,59.7572904549
daily,META,2026-08-27,1530,2026-09-11,0.0410958904,571.4812023725,571.5354792039,0.9497570720,-0.0012825219,145,0.1074581096,9.2956739973,15.7622185633,2,0,59.7572904549
daily,META,2026-08-27,1530,2026-09-18,0.0602739726,571.7038918770,571.7725815499,1.2014903844,0.0043156570,176,0.1673100411,14.9714932505,31.7513167045,2,0,59.7572904549
daily,META,2026-08-27,1530,2026-09-25,0.0794520548,571.6299056542,571.6972164922,1.1775247822,0.0140906817,132,0.1726346079,13.9910396213,25.0527270028,2,0,59.7572904549
daily,META,2026-08-27,1530,2026-10-02,0.0986301370,572.1708335992,572.3132058627,2.4882824336,0.0077119506,139,0.1681170061,19.9503039603,34.6467685939,2,0,59.7572904549
daily,META,2026-08-27,1530,2026-10-09,0.1178082192,572.6589797436,572.7715608767,1.9659367459,0.0057230395,48,0.2959388329,3.3065348240,11.8348949929,2,0,59.7572904549
daily,META,2026-08-27,1530,2026-10-16,0.1369863014,573.0674277579,573.2655706844,3.4575848652,0.0039346184,161,0.2194337927,32.1811101851,61.7547969783,2,0,59.7572904549
daily,META,2026-08-27,1530,2026-11-20,0.2328767123,575.5182611039,575.8800016591,6.2854748446,-0.0011956985,209,0.3263472425,61.3552358247,130.5453424928,2,0,59.7572904549
daily,META,2026-08-27,1530,2026-12-18,0.3095890411,577.0745759393,577.6543806546,10.0473099919,-0.0011112566,175,0.3758648101,76.5960679351,172.7925992264,2,0,59.7572904549
daily,META,2026-08-27,1530,2027-01-15,0.3863013699,578.9580562146,579.6912828283,12.6645895301,-0.0021131274,134,0.4850129366,121.6334389764,215.5849651479,2,0,59.7572904549
daily,META,2026-08-27,1530,2027-02-19,0.4821917808,581.3246644134,582.1979600450,15.0225112581,-0.0026979117,124,0.4907635005,78.0698503052,217.8111429144,2,0,59.7572904549
daily,META,2026-08-27,1530,2027-03-19,0.5589041096,583.0662582769,584.3356435941,21.7708587872,-0.0033387127,163,0.6393073658,77.6299735278,269.1559175834,2,0,59.7572904549
daily,META,2026-08-27,1530,2027-06-17,0.8054794521,588.6723209438,590.7728820218,35.6830277777,-0.0034913060,105,0.5577737901,144.7151598182,443.2278489801,2,0,59.7572904549
daily,META,2026-08-27,1530,2027-09-17,1.0575342466,594.7639704957,597.2822523114,42.3408602503,-0.0032163552,167,0.7723265580,224.0310016307,573.7596098407,2,0,59.7572904549
daily,META,2026-08-27,1530,2027-12-17,1.3068493151,600.6571250536,604.2278794311,59.4474655946,-0.0032523123,173,0.9153156683,261.1995965448,705.4717425176,2,0,59.7572904549
daily,META,2026-08-27,1530,2028-01-21,1.4027397260,602.9223437442,606.5252443059,59.7572904549,-0.0027980487,171,0.7585402869,247.4645651684,754.0784232074,2,0,59.7572904549
daily,META,2026-08-31,1530,2026-09-02,0.0054794521,574.7004622237,574.7056043648,0.0894751520,0.0063894249,85,0.0402608184,1.2478076549,2.5234726464,2,0,63.7154913914
daily,META,2026-08-31,1530,2026-09-04,0.0109589041,575.0479197749,575.0814025118,0.5822599438,-0.0372841049,145,0.0819486297,5.9447692078,10.6327715254,2,0,63.7154913914
daily,META,2026-08-31,1530,2026-09-09,0.0246575342,575.1501418708,575.1835536693,0.5809230690,-0.0024741797,128,0.0814498676,7.6612619565,14.1143432332,2,0,63.7154913914
daily,META,2026-08-31,1530,2026-09-11,0.0301369863,575.2974565676,575.3453435063,0.8323857186,-0.0043857021,162,0.1067199448,10.8303385904,20.9678896539,2,0,63.7154913914
daily,META,2026-08-31,1530,2026-09-14,0.0383561644,575.8335722976,575.8973616422,1.1077739758,-0.0202326732,48,0.1712247429,3.0197851072,10.6185162195,2,0,63.7154913914
daily,META,2026-08-31,1530,2026-09-18,0.0493150685,575.5056775151,575.5592331000,0.9305830864,0.0046926276,178,0.1204000002,17.6376915703,31.8267249656,2,0,63.7154913914
daily,META,2026-08-31,1530,2026-09-25,0.0684931507,575.8021035569,575.8823112457,1.3929731816,0.0059206544,129,0.1657873177,20.3789684372,32.7518173909,2,0,63.7154913914
daily,META,2026-08-31,1530,2026-10-02,0.0876712329,576.2456422034,576.3690560586,2.1416883031,0.0033512996,131,0.2108677520,27.8722811336,41.0442747383,2,0,63.7154913914
daily,META,2026-08-31,1530,2026-10-09,0.1068493151,576.4559382189,576.5882725548,2.2956539624,0.0060024957,140,0.2498473852,28.5588009594,46.6117484119,2,0,63.7154913914
daily,META,2026-08-31,1530,2026-10-16,0.1260273973,577.1584417392,577.3252826822,2.8907303610,0.0007558807,159,0.2652464914,40.2331713892,68.6519522040,2,0,63.7154913914
daily,META,2026-08-31,1530,2026-11-20,0.2219178082,579.5388409893,579.9324346082,6.7914968092,-0.0028589977,207,0.2879840893,70.5123251868,134.2732012803,2,0,63.7154913914
daily,META,2026-08-31,1530,2026-12-18,0.2986301370,581.1968020107,581.7664951426,9.8020692807,-0.0024502219,174,0.4104504982,83.2245208898,178.9752885443,2,0,63.7154913914
daily,META,2026-08-31,1530,2027-01-15,0.3753424658,582.9465486522,583.7144476208,13.1727166134,-0.0025407867,140,0.4256261351,127.6977435572,224.1481786198,2,0,63.7154913914
daily,META,2026-08-31,1530,2027-02-19,0.4712328767,586.1347813993,586.9389250389,13.7194322039,-0.0053358842,124,0.4701769950,87.1947767336,229.9144472386,2,0,63.7154913914
daily,META,2026-08-31,1530,2027-03-19,0.5479452055,587.4021369248,588.7406157075,22.7864132341,-0.0043060132,164,0.5624636860,76.0341615709,278.1731307509,2,0,63.7154913914
daily,META,2026-08-31,1530,2027-06-17,0.7945205479,593.8924377956,595.5932606570,28.6385674089,-0.0043906012,106,0.5801493096,165.6841189477,458.6426023405,2,0,63.7154913914
daily,META,2026-08-31,1530,2027-09-17,1.0465753425,599.6555531867,602.5983155631,49.0742120334,-0.0041983156,172,0.6475016016,230.9914481692,592.2238190690,2,0,63.7154913914
daily,META,2026-08-31,1530,2027-12-17,1.2958904110,606.1278993765,609.4311024832,54.4968002636,-0.0034801609,176,0.6980285475,269.8405482697,729.0149045703,2,0,63.7154913914
daily,META,2026-08-31,1530,2028-01-21,1.3917808219,608.4121788176,612.2887069117,63.7154913914,-0.0035177871,169,0.8186877022,254.0115286277,780.8898029695,2,0,63.7154913914
daily,META,2026-09-01,1530,2026-09-02,0.0027397260,577.4044634024,577.4070311591,0.0444706763,-0.0039360813,50,0.0158649536,0.2831364692,0.7409099118,2,0,68.9534420708
daily,META,2026-09-01,1530,2026-09-04,0.0082191781,577.6742653264,577.6938767261,0.3394888933,-0.0361127173,57,0.0577250682,1.0477801189,8.4005958359,2,0,68.9534420708
daily,META,2026-09-01,1530,2026-09-09,0.0219178082,577.8982299975,577.9295503938,0.5419707946,-0.0081269560,65,0.0686425471,0.8156965477,9.2666366439,2,0,68.9534420708
daily,META,2026-09-01,1530,2026-09-11,0.0273972603,578.1006322103,578.1476293871,0.8129584042,-0.0125842272,153,0.0704491863,16.1949631065,16.6384586598,2,0,68.9534420708
daily,META,2026-09-01,1530,2026-09-14,0.0356164384,578.3864737960,578.4230565519,0.6324967408,-0.0141821331,34,0.0978833142,1.7457075935,19.3936386869,2,0,68.9534420708
daily,META,2026-09-01,1530,2026-09-16,0.0410958904,577.8637357876,577.9081878950,0.7692489532,0.0145033934,41,0.1242363587,0.7834896121,4.8159443422,2,0,68.9534420708
daily,META,2026-09-01,1530,2026-09-18,0.0465753425,578.2146937696,578.2553876213,0.7037844613,0.0044239953,176,0.1161604651,16.8859184904,26.4270216662,2,0,68.9534420708
daily,META,2026-09-01,1530,2026-09-25,0.0657534247,578.6840565472,578.7659072278,1.4144277811,0.0009241674,130,0.0988030049,20.1986184461,42.9193155326,2,0,68.9534420708
daily,META,2026-09-01,1530,2026-10-02,0.0849315068,579.0381641898,579.1481874422,1.9001036410,0.0016276104,138,0.1657580897,27.2790814880,53.7273969109,2,0,68.9534420708
daily,META,2026-09-01,1530,2026-10-09,0.1041095890,579.3775189156,579.5042334736,2.1870810292,0.0025436891,145,0.1863743252,42.6112285052,56.1530901527,2,0,68.9534420708
daily,META,2026-09-01,1530,2026-10-16,0.1232876712,579.9735565753,580.1557972305,3.1422235218,-0.0009548346,168,0.1947215063,47.5078497457,73.6794743255,2,0,68.9534420708
daily,META,2026-09-01,1530,2026-11-20,0.2191780822,582.4205206056,582.8398189850,7.1992377423,-0.0044125848,209,0.3697588903,68.4530789311,137.9954290028,2,0,68.9534420708
daily,META,2026-09-01,1530,2026-12-18,0.2958904110,584.1555182386,584.6754527175,8.9006174326,-0.0034929753,177,0.3610724546,84.7985682852,180.8909213616,2,0,68.9534420708
daily,META,2026-09-01,1530,2027-01-15,0.3726027397,586.0800143923,586.9652904340,15.1050371957,-0.0049812916,139,0.4043997044,130.0283004205,224.0059944294,2,0,68.9534420708
daily,META,2026-09-01,1530,2027-02-19,0.4684931507,588.5568524323,589.6186140465,18.0400858444,-0.0054298619,122,0.4907035330,83.6589663385,225.4222079864,2,0,68.9534420708
daily,META,2026-09-01,1530,2027-03-19,0.5452054795,589.8512480177,591.0291438614,19.9693710512,-0.0031694471,170,0.5151140762,68.8352334157,271.3755402457,2,0,68.9534420708
daily,META,2026-09-01,1530,2027-06-17,0.7917808219,596.1270070244,598.1363843661,33.7072019558,-0.0039350547,111,0.4282345238,159.3824197396,456.3453954342,2,0,68.9534420708
daily,META,2026-09-01,1530,2027-09-17,1.0438356164,602.5991199983,605.2527772889,44.0368597043,-0.0038926842,168,0.8526993578,234.6228837997,595.8359393823,2,0,68.9534420708
daily,META,2026-09-01,1530,2027-12-17,1.2931506849,608.5590014404,612.5734096500,65.9658011813,-0.0038296171,179,0.6764923893,275.5859617878,732.3946442493,2,0,68.9534420708
daily,META,2026-09-01,1530,2028-01-21,1.3890410959,611.0937780671,615.3074800097,68.9534420708,-0.0036884583,173,0.7938752463,260.2292438976,784.1348450275,2,0,68.9534420708
daily,META,2026-09-02,1530,2026-09-04,0.0054794521,596.5258478582,596.5359536033,0.1694100107,-0.0567165401,133,0.0463793108,1.9110314194,2.8907618324,2,0,69.3070081694
daily,META,2026-09-02,1530,2026-09-09,0.0191780822,596.5798488139,596.5949134729,0.2525170597,0.0060984627,114,0.0866883034,2.2144679139,4.2243475069,2,0,69.3070081694
daily,META,2026-09-02,1530,2026-09-11,0.0246575342,596.9971552033,597.0428545801,0.7654873452,-0.0171535886,151,0.1022065605,6.3099989677,10.1171231981,2,0,69.3070081694
daily,META,2026-09-02,1530,2026-09-14,0.0328767123,596.1514542369,596.1452198741,-0.1045768291,0.0425095025,42,0.4727082822,0.1170454963,1.7162292659,2,0,69.3070081694
daily,META,2026-09-02,1530,2026-09-16,0.0383561644,595.9838159227,595.9623034722,-0.3609569582,0.0499288075,45,0.9931690669,0.1364585268,3.6445649802,2,0,69.3070081694
daily,META,2026-09-02,1530,2026-09-18,0.0438356164,597.0951093615,597.1554289466,1.0102173692,0.0028672971,168,0.1344055170,10.7105454658,23.3847374086,2,0,69.3070081694
daily,META,2026-09-02,1530,2026-09-25,0.0630136986,597.1552140358,597.2136130942,0.9779544246,0.0121473486,125,0.1484049932,12.1250162196,20.0674459795,2,0,69.3070081694
daily,META,2026-09-02,1530,2026-10-02,0.0821917808,597.8246821918,597.9140948478,1.4956333976,0.0040199945,129,0.2178735352,18.8651438846,30.3994733387,2,0,69.3070081694
daily,META,2026-09-02,1530,2026-10-09,0.1013698630,597.1584273013,597.2252038060,1.1182376680,0.0220564337,149,0.3447220855,14.4840491985,27.5347483955,2,0,69.3070081694
daily,META,2026-09-02,1530,2026-10-16,0.1205479452,598.8212454587,599.0076731310,3.1132441236,0.0000692130,153,0.2453688904,31.8271150838,56.7142219005,2,0,69.3070081694
daily,META,2026-09-02,1530,2026-11-20,0.2164383562,600.8742972909,601.2362384055,6.0235745838,0.0002662334,214,0.2895551226,56.0427087744,124.4417817878,2,0,69.3070081694
daily,META,2026-09-02,1530,2026-12-18,0.2931506849,602.4457699565,602.9988056128,9.1798413048,0.0007254265,185,0.3871896088,68.2249249775,166.4852783078,2,0,69.3070081694
daily,META,2026-09-02,1530,2027-01-15,0.3698630137,604.5459192366,605.4494168658,14.9450620779,-0.0020207186,144,0.2833275603,121.1217317066,213.9986660841,2,0,69.3070081694
daily,META,2026-09-02,1530,2027-02-19,0.4657534247,606.6973490677,607.7143943376,16.7636346444,-0.0013949535,120,0.5632440812,69.4491865567,204.7753766449,2,0,69.3070081694
daily,META,2026-09-02,1530,2027-03-19,0.5424657534,608.3794734362,609.6029093035,20.1097492716,-0.0009931351,169,0.5239517794,57.1356416668,249.3620150894,2,0,69.3070081694
daily,META,2026-09-02,1530,2027-06-17,0.7890410959,614.7068167671,617.0694042225,38.4343786489,-0.0026286417,108,0.7274437828,164.1103319595,443.8989778062,2,0,69.3070081694
daily,META,2026-09-02,1530,2027-09-17,1.0410958904,621.0423423941,624.0345054794,48.1796953462,-0.0022505945,175,0.6075956112,221.2565900358,585.4710901203,2,0,69.3070081694
daily,META,2026-09-02,1530,2027-12-17,1.2904109589,626.9544181554,630.9517423744,63.7578124219,-0.0016447552,184,0.7627501194,261.4484155894,719.8476410872,2,0,69.3070081694
daily,META,2026-09-02,1530,2028-01-21,1.3863013699,629.3290259800,633.6907171744,69.3070081694,-0.0015359359,183,0.6350286178,256.2039932757,778.0090564972,2,0,69.3070081694
daily,META,2026-09-03,1530,2026-09-04,0.0027397260,614.5494289916,614.5738058311,0.3966619828,-0.1065870003,123,0.0202612030,2.0788230239,3.0215263892,2,0,60.2859671801
daily,META,2026-09-03,1530,2026-09-09,0.0164383562,614.7498428006,614.7754720464,0.4169052856,-0.0058565364,99,0.0656453940,4.2691632707,6.3755325730,2,0,60.2859671801
daily,META,2026-09-03,1530,2026-09-11,0.0219178082,614.9979037878,615.0356370388,0.6135508875,-0.0141362645,143,0.0856375996,7.4598065267,10.7566688577,2,0,60.2859671801
daily,META,2026-09-03,1530,2026-09-14,0.0301369863,614.5244522785,614.5363409160,0.1934607730,0.0270966185,29,0.0895450046,0.4169870466,1.0481329863,2,0,60.2859671801
daily,META,2026-09-03,1530,2026-09-16,0.0356164384,614.5493866973,614.5633183871,0.2266976438,0.0275784416,28,0.1586076456,0.3948469228,0.6861200300,2,0,60.2859671801
daily,META,2026-09-03,1530,2026-09-18,0.0410958904,615.1345085518,615.1911767164,0.9212320852,0.0041529092,162,0.1308307888,12.4345199337,23.5348462557,2,0,60.2859671801
daily,META,2026-09-03,1530,2026-09-25,0.0602739726,615.4510383865,615.5251606078,1.2043561012,0.0059940830,124,0.1510762759,13.9259558163,21.5296759715,2,0,60.2859671801
daily,META,2026-09-03,1530,2026-10-02,0.0794520548,615.8624482264,615.9881376215,2.0408679813,0.0043141857,125,0.1469567930,18.3718590698,29.1760365367,2,0,60.2859671801
daily,META,2026-09-03,1530,2026-10-09,0.0986301370,616.0227816720,616.1071885587,1.3701909942,0.0091355686,133,0.2139335343,20.1060127489,33.9739809521,2,0,60.2859671801
daily,META,2026-09-03,1530,2026-10-16,0.1178082192,616.9886767233,617.2352806891,3.9968961354,-0.0014747396,154,0.2054646615,30.8542566889,55.3663438763,2,0,60.2859671801
daily,META,2026-09-03,1530,2026-10-23,0.1369863014,617.0134723706,617.1714251986,2.5599575216,0.0049848803,48,0.3374677996,2.2701588318,8.6532813922,2,0,60.2859671801
daily,META,2026-09-03,1530,2026-11-20,0.2136986301,619.4367574077,619.9161563451,7.7392717127,-0.0034288428,205,0.3736299542,56.9466282886,123.2981287266,2,0,60.2859671801
daily,META,2026-09-03,1530,2026-12-18,0.2904109589,620.9571095199,621.3968933934,7.0823550734,0.0001387857,181,0.4665947287,65.8879570635,162.6987411384,2,0,60.2859671801
daily,META,2026-09-03,1530,2027-01-15,0.3671232877,623.1661856333,623.9061646024,11.8745045248,-0.0022889243,141,0.4924669964,118.3312890199,207.4249159423,2,0,60.2859671801
daily,META,2026-09-03,1530,2027-02-19,0.4630136986,625.7476335778,626.8500115540,17.6169739535,-0.0039173313,120,0.3505866847,63.0419621877,200.2689824584,2,0,60.2859671801
daily,META,2026-09-03,1530,2027-03-19,0.5397260274,627.0055463219,628.2277496103,19.4927029840,-0.0015841748,166,0.6533218681,54.5214109705,241.8150631605,2,0,60.2859671801
daily,META,2026-09-03,1530,2027-06-17,0.7863013699,633.2169771750,635.3543813019,33.7546876333,-0.0020268298,107,0.5186016657,160.2705088756,426.9383877049,2,0,60.2859671801
daily,META,2026-09-03,1530,2027-09-17,1.0383561644,639.9491884708,642.5426540046,40.5261164567,-0.0018932028,176,0.7150821983,208.1489205306,559.0951208061,2,0,60.2859671801
daily,META,2026-09-03,1530,2027-12-17,1.2876712329,646.5820319858,650.3560515887,58.3687670893,-0.0021187680,182,0.8185468282,247.9194901349,692.1313435366,2,0,60.2859671801
daily,META,2026-09-03,1530,2028-01-21,1.3835616438,649.4661155904,653.3814848833,60.2859671801,-0.0021783957,182,0.7180735971,242.1467689634,755.4086932549,2,0,60.2859671801
daily,META,2026-09-04,1530,2026-09-09,0.0136986301,616.3493974337,616.3514170787,0.0327678580,0.0185269216,94,0.0685371475,1.0680582002,2.1211223317,2,0,70.6223874471
daily,META,2026-09-04,1530,2026-09-11,0.0191780822,616.5761554764,616.5983562129,0.3600647903,0.0032725073,138,0.0815366456,3.1797922785,5.9515710849,2,0,70.6223874471
daily,META,2026-09-04,1530,2026-09-14,0.0273972603,616.6517295563,616.6778571442,0.4237008778,0.0090568944,28,0.1040917604,0.2434862441,1.9357402936,2,0,70.6223874471
daily,META,2026-09-04,1530,2026-09-16,0.0328767123,616.4205026824,616.4377498490,0.2797954719,0.0257659405,28,0.1271937002,0.3595926636,0.6906335971,2,0,70.6223874471
daily,META,2026-09-04,1530,2026-09-18,0.0383561644,616.8130006542,616.8402373059,0.4415706500,0.0105308008,159,0.1171518638,7.9439332937,17.3714247701,2,0,70.6223874471
daily,META,2026-09-04,1530,2026-09-25,0.0575342466,617.0685576215,617.1121330577,0.7061684746,0.0121075216,121,0.1570681774,10.6089623480,17.2835597618,2,0,70.6223874471
daily,META,2026-09-04,1530,2026-10-02,0.0767123288,617.5929493418,617.6805678831,1.4187101931,0.0066386611,123,0.2155127818,16.4993856638,27.3727583619,2,0,70.6223874471
daily,META,2026-09-04,1530,2026-10-09,0.0958904110,617.8971366689,617.9847038119,1.4171799443,0.0077697949,127,0.2735470760,17.4315579479,30.8221504647,2,0,70.6223874471
daily,META,2026-09-04,1530,2026-10-16,0.1150684932,618.6942838143,618.8910729328,3.1807166098,0.0000468036,149,0.2914612652,27.9424851089,52.4665471906,2,0,70.6223874471
daily,META,2026-09-04,1530,2026-10-23,0.1342465753,618.1167115053,618.2179228896,1.6374154342,0.0138434651,148,0.1639949814,20.8184696586,42.6980389793,2,0,70.6223874471
daily,META,2026-09-04,1530,2026-11-20,0.2109589041,621.0400162692,621.3998535725,5.7941081711,-0.0011398426,206,0.2883500187,53.5876838494,120.0421653256,2,0,70.6223874471
daily,META,2026-09-04,1530,2026-12-18,0.2876712329,622.7873160043,623.3329939097,8.7618660723,-0.0008958338,183,0.4128877219,61.6911627932,158.4857509914,2,0,70.6223874471
daily,META,2026-09-04,1530,2027-01-15,0.3643835616,624.6920579149,625.5335298105,13.4701871882,-0.0018189269,136,0.4103280496,114.7648700931,203.3197596248,2,0,70.6223874471
daily,META,2026-09-04,1530,2027-02-19,0.4602739726,627.3820005818,628.4796717156,17.4960571508,-0.0037221868,119,0.5074208940,59.8552387426,194.3301707287,2,0,70.6223874471
daily,META,2026-09-04,1530,2027-03-19,0.5369863014,629.1108628483,630.4717070121,21.6312297904,-0.0033762556,165,0.6429931067,52.7897987652,238.5742037695,2,0,70.6223874471
daily,META,2026-09-04,1530,2027-06-17,0.7835616438,635.5295462906,637.8528560799,36.5570696586,-0.0040761949,110,0.5855729857,158.1108757850,422.4250256069,2,0,70.6223874471
daily,META,2026-09-04,1530,2027-09-17,1.0356164384,641.9931339430,645.0156255076,47.0798113692,-0.0036113947,174,0.8247672154,204.0539045518,553.8189944597,2,0,70.6223874471
daily,META,2026-09-04,1530,2027-12-17,1.2849315068,648.3588712081,652.6053209310,65.4953593064,-0.0032096802,182,0.7336421999,241.7640646711,684.7531422325,2,0,70.6223874471
daily,META,2026-09-04,1530,2028-01-21,1.3808219178,650.7054025609,655.3008394662,70.6223874471,-0.0028205293,174,0.9678802201,235.4294313778,745.5171753511,2,0,70.6223874471
daily,META,2026-09-08,1530,2026-09-09,0.0027397260,610.9498392966,610.9534453389,0.0590235410,-0.0030522830,47,0.0270218634,0.1986212108,0.8106708442,2,0,69.4808209446
daily,META,2026-09-08,1530,2026-09-11,0.0082191781,611.0518819798,611.0595494966,0.1254806174,0.0030819768,66,0.0376672527,0.2993298387,2.2928807579,2,0,69.4808209446
daily,META,2026-09-08,1530,2026-09-14,0.0164383562,611.3320468550,611.3545038877,0.3673459101,-0.0088952276,27,0.0888221325,0.7494133493,6.7934226573,2,0,69.4808209446
daily,META,2026-09-08,1530,2026-09-16,0.0219178082,612.0517009626,612.1238596010,1.1789631228,-0.0545915806,32,0.2101469507,1.0890419224,5.3724271221,2,0,69.4808209446
daily,META,2026-09-08,1530,2026-09-18,0.0273972603,611.6163127813,611.6755979860,0.9693202007,-0.0093661069,110,0.0537271330,14.5690269036,21.6655884037,2,0,69.4808209446
daily,META,2026-09-08,1530,2026-09-21,0.0356164384,611.5906108964,611.6167261417,0.4270053342,0.0042303072,50,0.1356296634,0.9423715716,6.2147702867,2,0,69.4808209446
daily,META,2026-09-08,1530,2026-09-23,0.0410958904,611.7121214257,611.7820736283,1.1435477593,0.0021342407,45,0.1281942945,1.6933881738,5.9624669306,2,0,69.4808209446
daily,META,2026-09-08,1530,2026-09-25,0.0465753425,611.7118189062,611.7528040279,0.6700070265,0.0073622925,122,0.1861354057,14.9782692319,23.9258269201,2,0,69.4808209446
daily,META,2026-09-08,1530,2026-10-02,0.0657534247,612.2056303021,612.3181553015,1.8380262090,0.0022036534,131,0.1539510676,20.2088688121,39.5361343482,2,0,69.4808209446
daily,META,2026-09-08,1530,2026-10-09,0.0849315068,612.8090219130,612.9372194975,2.0919663371,-0.0016113948,136,0.1715798433,26.6041448830,48.6419121350,2,0,69.4808209446
daily,META,2026-09-08,1530,2026-10-16,0.1041095890,613.1426522907,613.3107560831,2.7416750697,0.0000080983,160,0.2086823506,35.1291385663,57.5360083422,2,0,69.4808209446
daily,META,2026-09-08,1530,2026-10-23,0.1232876712,613.7898083219,613.9517058106,2.6376698754,-0.0024068918,147,0.2570243025,27.8884782452,55.1986660404,2,0,69.4808209446
daily,META,2026-09-08,1530,2026-11-20,0.2000000000,615.9964619469,616.3864020070,6.3302321387,-0.0059345861,208,0.3710208550,60.7286047654,125.2333410347,2,0,69.4808209446
daily,META,2026-09-08,1530,2026-12-18,0.2767123288,617.5525605643,618.1377128790,9.4753443204,-0.0034209105,182,0.4434839223,68.5828369059,167.0946972662,2,0,69.4808209446
daily,META,2026-09-08,1530,2027-01-15,0.3534246575,619.6595228736,620.4138730004,12.1736227546,-0.0041132755,142,0.4118474807,122.8635003899,210.6625440086,2,0,69.4808209446
daily,META,2026-09-08,1530,2027-02-19,0.4493150685,622.9018560131,623.7956907639,14.3495278136,-0.0070652920,124,0.4357526441,61.9374491053,207.2390370794,2,0,69.4808209446
daily,META,2026-09-08,1530,2027-03-19,0.5260273973,624.6325668910,625.7622909522,18.0862177386,-0.0061614074,165,0.8076975496,56.0589809580,255.0497901405,2,0,69.4808209446
daily,META,2026-09-08,1530,2027-06-17,0.7726027397,630.6529158203,632.8797408727,35.3098351974,-0.0053147547,111,0.4996927754,166.0552772581,432.8200359841,2,0,69.4808209446
daily,META,2026-09-08,1530,2027-09-17,1.0246575342,637.8057306798,640.7066867144,45.4833798917,-0.0055059612,178,0.6112586725,213.9054272742,566.1806845843,2,0,69.4808209446
daily,META,2026-09-08,1530,2027-12-17,1.2739726027,644.0919421749,648.1007383264,62.2395016774,-0.0045187079,186,0.6955326346,255.5578483912,696.5009648571,2,0,69.4808209446
daily,META,2026-09-08,1530,2028-01-21,1.3698630137,646.6157907351,651.1085303327,69.4808209446,-0.0043930738,180,0.8377133579,251.0223701746,759.2446359245,2,0,69.4808209446
daily,META,2026-09-09,1530,2026-09-11,0.0054794521,655.0744944781,655.0851303582,0.1623613830,-0.0274761964,113,0.0615633740,1.3768451085,2.0336548018,2,0,61.5333173006
daily,META,2026-09-09,1530,2026-09-14,0.0136986301,655.1605029480,655.1649378208,0.0676913947,0.0029409283,13,0.1194481636,0.1882408241,0.4580232987,2,0,61.5333173006
daily,META,2026-09-09,1530,2026-09-16,0.0191780822,655.2897968861,655.2982996380,0.1297555973,0.0023565317,18,0.1733290456,0.1623915505,0.4709954795,2,0,61.5333173006
daily,META,2026-09-09,1530,2026-09-18,0.0246575342,655.5348769148,655.5755171640,0.6199555595,-0.0068667069,145,0.1308298654,6.7292691660,12.1233978248,2,0,61.5333173006
daily,META,2026-09-09,1530,2026-09-21,0.0328767123,655.5256569997,655.5657716955,0.6119469991,0.0048122499,31,0.2043013815,0.4670444865,1.6028270328,2,0,61.5333173006
daily,META,2026-09-09,1530,2026-09-23,0.0383561644,655.3901490715,655.4073929355,0.2631083790,0.0158585206,35,0.1366575417,0.4752849736,1.4601590715,2,0,61.5333173006
daily,META,2026-09-09,1530,2026-09-25,0.0438356164,655.6677819275,655.7278089719,0.9155100510,0.0074813980,115,0.1324265577,7.4558553518,12.4111466013,2,0,61.5333173006
daily,META,2026-09-09,1530,2026-10-02,0.0630136986,656.1157002095,656.1922975777,1.1674369030,0.0055446656,121,0.2151712660,10.8428870499,18.6242057805,2,0,61.5333173006
daily,META,2026-09-09,1530,2026-10-09,0.0821917808,656.7554801370,656.8839860053,1.9566775182,0.0003089628,127,0.2230224999,14.0152841419,27.4669885760,2,0,61.5333173006
daily,META,2026-09-09,1530,2026-10-16,0.1013698630,657.2950511718,657.4578334291,2.4765477393,-0.0007881499,148,0.2379355376,20.4774207815,41.9696428798,2,0,61.5333173006
daily,META,2026-09-09,1530,2026-10-23,0.1205479452,657.7879685187,657.9991511686,3.2104973042,-0.0011197671,140,0.2369290635,17.1848104838,46.2138924796,2,0,61.5333173006
daily,META,2026-09-09,1530,2026-11-20,0.1972602740,659.9649249829,660.3882794928,6.4148031798,-0.0036119757,207,0.3525615533,39.0905014821,106.4583180361,2,0,61.5333173006
daily,META,2026-09-09,1530,2026-12-18,0.2739726027,661.7690239394,662.3183346606,8.3006411810,-0.0019270057,181,0.5109953718,45.2151782514,142.3311080336,2,0,61.5333173006
daily,META,2026-09-09,1530,2027-01-15,0.3506849315,663.9690292806,664.7221949146,11.3433850194,-0.0027821833,140,0.5689055323,90.1074271414,183.4532350920,2,0,61.5333173006
daily,META,2026-09-09,1530,2027-02-19,0.4465753425,666.7950057644,667.8177094394,15.3376025043,-0.0042274145,121,0.4554829594,47.6327319450,178.3533979130,2,0,61.5333173006
daily,META,2026-09-09,1530,2027-03-19,0.5232876712,668.5735886559,670.0154872751,21.5667900084,-0.0039887764,167,0.6539035128,36.2452279438,218.9811340880,2,0,61.5333173006
daily,META,2026-09-09,1530,2027-06-17,0.7698630137,675.4511361808,677.3153098071,27.5989413069,-0.0031568116,109,0.5744699539,128.8320716820,392.3963962012,2,0,61.5333173006
daily,META,2026-09-09,1530,2027-09-17,1.0219178082,682.7886690305,685.5806251748,40.8904873640,-0.0036873975,177,0.7442256584,163.8326364644,515.8929371977,2,0,61.5333173006
daily,META,2026-09-09,1530,2027-12-17,1.2712328767,689.7695500133,693.7234211644,57.3216250407,-0.0033240965,187,0.7673770549,199.5899977859,639.2903570969,2,0,61.5333173006
daily,META,2026-09-09,1530,2028-01-21,1.3671232877,692.3539209680,696.6142043183,61.5333173006,-0.0029396061,183,0.8179345324,195.8983274506,695.4494440618,2,0,61.5333173006
daily,META,2026-09-10,1530,2026-09-11,0.0027397260,646.0495883077,646.0506305667,0.0161328010,-0.0951082978,120,0.0262040769,1.4459994540,3.6682624049,2,0,69.0521722850
daily,META,2026-09-10,1530,2026-09-14,0.0109589041,646.1233842461,646.1397968099,0.2540159388,-0.0078399435,114,0.0569130414,2.4458174424,3.4940243572,2,0,69.0521722850
daily,META,2026-09-10,1530,2026-09-16,0.0164383562,646.2539094896,646.2779646094,0.3722239735,-0.0055534246,127,0.1028991862,3.3269289384,5.7581593764,2,0,69.0521722850
daily,META,2026-09-10,1530,2026-09-18,0.0219178082,646.5241867414,646.5689366692,0.6921616972,-0.0151919543,196,0.0943007280,7.1214139436,12.9366996637,2,0,69.0521722850
daily,META,2026-09-10,1530,2026-09-21,0.0301369863,646.5768066549,646.6225012913,0.7067162929,-0.0034228350,122,0.1235775337,3.3119157542,12.2976323886,2,0,69.0521722850
daily,META,2026-09-10,1530,2026-09-23,0.0356164384,646.4803892425,646.4922461846,0.1834076071,0.0086124970,134,0.1040430130,2.5908184668,10.0091959926,2,0,69.0521722850
daily,META,2026-09-10,1530,2026-09-25,0.0410958904,646.8028161532,646.8619579430,0.9143712485,-0.0013753835,169,0.1920169637,5.9762395744,14.8642625321,2,0,69.0521722850
daily,META,2026-09-10,1530,2026-10-02,0.0602739726,647.0411257525,647.1067932790,1.0148895326,0.0048876023,123,0.1083775076,13.3642241942,25.1653858609,2,0,69.0521722850
daily,META,2026-09-10,1530,2026-10-09,0.0794520548,647.7583241550,647.8741279951,1.7877630560,-0.0020257761,128,0.1948790735,19.0723167011,35.5913716579,2,0,69.0521722850
daily,META,2026-09-10,1530,2026-10-16,0.0986301370,648.3627032086,648.5371917300,2.6912177486,-0.0042728968,152,0.2025077377,25.6675494250,51.6743574886,2,0,69.0521722850
daily,META,2026-09-10,1530,2026-10-23,0.1178082192,648.7465945122,648.9470914912,3.0905284238,-0.0024221921,143,0.2165615232,21.4244672451,50.3779814868,2,0,69.0521722850
daily,META,2026-09-10,1530,2026-10-30,0.1369863014,649.4015075536,649.6141251876,3.2740551342,-0.0039333733,48,0.5420744633,4.5483631759,11.2739121543,2,0,69.0521722850
daily,META,2026-09-10,1530,2026-11-20,0.1945205479,650.9200030470,651.3246445634,6.2164553946,-0.0044427967,209,0.3189979631,43.6815901500,113.4295236215,2,0,69.0521722850
daily,META,2026-09-10,1530,2026-12-18,0.2712328767,652.8520345497,653.4685177340,9.4429235358,-0.0038047838,183,0.4366588969,50.7283222721,154.1112088128,2,0,69.0521722850
daily,META,2026-09-10,1530,2027-01-15,0.3479452055,654.6363237442,655.4854507564,12.9709730648,-0.0024645132,143,0.3991861595,97.3044055217,190.8089066864,2,0,69.0521722850
daily,META,2026-09-10,1530,2027-02-19,0.4438356164,657.5320703495,658.6461073671,16.9427023853,-0.0044686363,125,0.4377551969,45.8511704971,189.5559115663,2,0,69.0521722850
daily,META,2026-09-10,1530,2027-03-19,0.5205479452,659.3135701513,660.6110592192,19.6793927300,-0.0036606179,171,0.4526061435,39.1790387400,230.3257160519,2,0,69.0521722850
daily,META,2026-09-10,1530,2027-06-17,0.7671232877,666.1563245180,668.1716234417,30.2526426524,-0.0035453104,109,0.5989086054,126.5075846433,401.8298128964,2,0,69.0521722850
daily,META,2026-09-10,1530,2027-09-17,1.0191780822,672.9216777237,675.9493385880,44.9927675758,-0.0033629064,182,0.6786886387,167.2889300927,528.6996211217,2,0,69.0521722850
daily,META,2026-09-10,1530,2027-12-17,1.2684931507,680.0438124074,684.3342772471,63.0910062186,-0.0033336889,187,0.8377271768,203.2972057540,656.0152794663,2,0,69.0521722850
daily,META,2026-09-10,1530,2028-01-21,1.3643835616,683.2217707535,687.9395654958,69.0521722850,-0.0037011435,181,0.9421174886,202.3953764148,717.1764439258,2,0,69.0521722850
daily,META,2026-09-11,1530,2026-09-14,0.0082191781,651.0495346862,651.0508929709,0.0208630008,0.0192466990,101,0.0457728817,0.6218359960,1.2407613998,2,0,70.7487777440
daily,META,2026-09-11,1530,2026-09-16,0.0136986301,651.1769657598,651.1888933776,0.1831701426,0.0116910914,111,0.0833371243,1.4554334031,2.6153641240,2,0,70.7487777440
daily,META,2026-09-11,1530,2026-09-18,0.0191780822,651.4510859644,651.4835847072,0.4988669682,-0.0040872800,182,0.0794902640,3.9597597110,8.7521185408,2,0,70.7487777440
daily,META,2026-09-11,1530,2026-09-21,0.0273972603,651.1011770961,651.1102644324,0.1395687271,0.0297717216,113,0.0764855497,0.9335186074,2.5998460853,2,0,70.7487777440
daily,META,2026-09-11,1530,2026-09-23,0.0328767123,650.9293985296,650.9293985296,0.0000000000,0.0397663242,136,0.3164042636,0.3435482394,2.2275307438,2,0,70.7487777440
daily,META,2026-09-11,1530,2026-09-25,0.0383561644,651.4020978200,651.4126462093,0.1619336090,0.0203140237,159,0.0989135150,3.0494788279,8.1853855986,2,0,70.7487777440
daily,META,2026-09-11,1530,2026-10-02,0.0575342466,651.7764199470,651.8086072275,0.4938392915,0.0159933199,118,0.1382884254,7.8474044158,14.9861925096,2,0,70.7487777440
daily,META,2026-09-11,1530,2026-10-09,0.0767123288,652.1613644647,652.2217328820,0.9256668767,0.0134947109,123,0.1856664530,10.6854793046,21.2894355163,2,0,70.7487777440
daily,META,2026-09-11,1530,2026-10-16,0.0958904110,652.9673915896,653.1160710756,2.2769817904,0.0043850908,143,0.2286536801,19.9501504542,38.0206792198,2,0,70.7487777440
daily,META,2026-09-11,1530,2026-10-23,0.1150684932,653.1190469599,653.2938069532,2.6757754816,0.0078796931,136,0.2050900347,16.3281755916,35.9896293336,2,0,70.7487777440
daily,META,2026-09-11,1530,2026-10-30,0.1342465753,653.2392970162,653.4395603501,3.0656963663,0.0109504571,130,0.2210372040,10.7888089414,43.7020616740,2,0,70.7487777440
daily,META,2026-09-11,1530,2026-11-20,0.1917808219,655.3910977243,655.7330682338,5.2178082780,0.0016884794,208,0.3490808425,37.4303549226,99.7146833460,2,0,70.7487777440
daily,META,2026-09-11,1530,2026-12-18,0.2684931507,657.1010212096,657.6095697128,7.7392742787,0.0021495816,180,0.4735504867,43.6663315894,137.7229282363,2,0,70.7487777440
daily,META,2026-09-11,1530,2027-01-15,0.3452054795,659.3349600329,660.0608275926,11.0090864835,0.0004833825,140,0.4637287902,90.1435067270,180.2023099194,2,0,70.7487777440
daily,META,2026-09-11,1530,2027-02-19,0.4410958904,662.1614512337,663.2134718169,15.8876748448,-0.0019006790,118,0.5914975029,47.0876097423,176.4280449766,2,0,70.7487777440
daily,META,2026-09-11,1530,2027-03-19,0.5178082192,663.7128705740,664.9953250701,19.3224292150,-0.0007909339,167,0.5954526095,35.1964943149,215.5673338078,2,0,70.7487777440
daily,META,2026-09-11,1530,2027-06-17,0.7643835616,670.7616820810,673.1525744760,35.6444391327,-0.0023048071,109,0.5538246903,133.4573241229,393.4004280739,2,0,70.7487777440
daily,META,2026-09-11,1530,2027-09-17,1.0164383562,678.6280801816,681.7284277507,45.6855184693,-0.0032202356,173,0.8228725676,172.8123124777,524.4787170427,2,0,70.7487777440
daily,META,2026-09-11,1530,2027-12-17,1.2657534247,685.7079866034,689.9431759477,61.7637453118,-0.0025838458,183,0.8151193120,208.5385943696,652.9060433146,2,0,70.7487777440
daily,META,2026-09-11,1530,2028-01-21,1.3616438356,688.2813842008,693.1508908684,70.7487777440,-0.0024243415,180,0.8442836878,208.3528998941,712.1499736765,2,0,70.7487777440
daily,QQQ,2026-08-14,1530,2026-08-17,0.0082191781,729.7242923500,729.7294321068,0.0704342293,0.0220935935,88,0.0208435373,0.9344192309,1.7397209033,2,0,59.3702924621
daily,QQQ,2026-08-14,1530,2026-08-18,0.0109589041,729.8103359567,729.8233022952,0.1776672357,0.0142926090,107,0.0163446003,1.7098591569,2.5886413737,2,0,59.3702924621
daily,QQQ,2026-08-14,1530,2026-08-19,0.0136986301,729.8949455597,729.9135391834,0.2547438336,0.0099765980,112,0.0296449206,2.2082711348,3.8816914419,2,0,59.3702924621
daily,QQQ,2026-08-14,1530,2026-08-20,0.0164383562,729.9656004294,729.9879082661,0.3056012051,0.0084225118,123,0.0255686846,1.6974310368,4.7834422508,2,0,59.3702924621
daily,QQQ,2026-08-14,1530,2026-08-21,0.0191780822,730.1565644123,730.1938486592,0.5106335921,-0.0020833110,154,0.0379077716,2.3396985022,6.3333812682,2,0,59.3702924621
daily,QQQ,2026-08-14,1530,2026-08-24,0.0273972603,730.2473285726,730.2908195927,0.5955656171,0.0050464844,140,0.0379281456,2.6159721151,8.3433465373,2,0,59.3702924621
daily,QQQ,2026-08-14,1530,2026-08-25,0.0301369863,730.3192241146,730.3660123010,0.6406539066,0.0046113208,146,0.0409257949,2.3975080605,9.0880973233,2,0,59.3702924621
daily,QQQ,2026-08-14,1530,2026-08-26,0.0328767123,730.3980083194,730.4543793833,0.7717855652,0.0037004111,159,0.0505233767,1.8896938497,11.0213781820,2,0,59.3702924621
daily,QQQ,2026-08-14,1530,2026-08-27,0.0356164384,730.4692852401,730.5276232935,0.7986380077,0.0035112866,164,0.0589218262,1.9082157358,10.2156565794,2,0,59.3702924621
daily,QQQ,2026-08-14,1530,2026-08-28,0.0383561644,730.6695969021,730.7413795982,0.9824234712,-0.0016642485,185,0.0682387586,1.3514139402,12.1207782940,2,0,59.3702924621
daily,QQQ,2026-08-14,1530,2026-08-31,0.0465753425,730.7495590189,730.8345890260,1.1635998422,0.0025684386,198,0.0597473134,2.2735938096,13.7274878750,2,0,59.3702924621
daily,QQQ,2026-08-14,1530,2026-09-04,0.0575342466,731.2455339573,731.3629552024,1.6057704236,-0.0032745749,266,0.0773884784,4.0432921542,18.4182928277,2,0,59.3702924621
daily,QQQ,2026-08-14,1530,2026-09-11,0.0767123288,731.6999272717,731.8627380805,2.2251035252,-0.0019011681,232,0.0842863801,1.3610503460,22.8027541383,2,0,59.3702924621
daily,QQQ,2026-08-14,1530,2026-09-18,0.0958904110,732.2130129928,732.4157659538,2.7690433983,-0.0018407118,255,0.1374135505,3.8228859999,33.9323900811,2,0,59.3702924621
daily,QQQ,2026-08-14,1530,2026-09-25,0.1150684932,732.1148405542,732.3165754741,2.7555092279,0.0059346140,211,0.1626820829,2.3484554884,28.2528348182,2,0,59.3702924621
daily,QQQ,2026-08-14,1530,2026-09-30,0.1287671233,732.3413760479,732.5557058045,2.9266372709,0.0067996070,337,0.1348944211,8.6247988627,30.9179570177,2,0,59.3702924621
daily,QQQ,2026-08-14,1530,2026-10-02,0.1342465753,732.6585437208,732.8929232100,3.1990275852,0.0046652526,205,0.1937073055,3.0216011931,33.7336693762,2,0,59.3702924621
daily,QQQ,2026-08-14,1530,2026-10-16,0.1726027397,733.7228139887,734.0708209934,4.7430309936,0.0029135497,264,0.2179672709,4.0038086151,53.5479968231,2,0,59.3702924621
daily,QQQ,2026-08-14,1530,2026-10-30,0.2109589041,734.8047706392,735.2257291330,5.7288481329,0.0021249090,266,0.1875030498,1.4967528814,47.4908081540,2,0,59.3702924621
daily,QQQ,2026-08-14,1530,2026-11-20,0.2684931507,736.5827335421,737.2005916727,8.3881701602,0.0001015338,153,0.2078604716,34.6861243493,84.1282095186,2,0,59.3702924621
daily,QQQ,2026-08-14,1530,2026-12-18,0.3452054795,738.6950773768,739.6056723426,12.3270750502,-0.0007231246,216,0.1620953129,5.3342903682,108.1089448346,2,0,59.3702924621
daily,QQQ,2026-08-14,1530,2026-12-31,0.3808219178,739.5110306774,740.3614657504,11.4999646756,0.0003982569,148,0.1637422101,7.6810497001,95.0135594862,2,0,59.3702924621
daily,QQQ,2026-08-14,1530,2027-01-15,0.4219178082,740.5921626327,741.6389685517,14.1347150548,0.0001639340,176,0.2540119150,22.4800435860,127.1193886369,2,0,59.3702924621
daily,QQQ,2026-08-14,1530,2027-02-19,0.5178082192,743.4898941820,744.8823076757,18.7280755878,-0.0009171928,192,0.2605061936,24.1972314079,154.7405812410,2,0,59.3702924621
daily,QQQ,2026-08-14,1530,2027-03-19,0.5945205479,746.0689673529,747.7893914323,23.0598531065,-0.0022969221,209,0.3160874426,24.3499221875,184.9331102309,2,0,59.3702924621
daily,QQQ,2026-08-14,1530,2027-03-31,0.6273972603,746.4634379249,748.1809315302,23.0084089603,-0.0009585321,248,0.3101093503,3.6819347504,150.5231441295,2,0,59.3702924621
daily,QQQ,2026-08-14,1530,2027-06-17,0.8410958904,753.3241741715,755.9736686031,35.1707076772,-0.0030833424,227,0.3292971854,28.1671676106,250.9357086227,2,0,59.3702924621
daily,QQQ,2026-08-14,1530,2027-06-30,0.8767123288,753.6448545836,756.1848412499,33.7027002951,-0.0016855422,157,0.4389724166,28.6496751025,201.6825111441,2,0,59.3702924621
daily,QQQ,2026-08-14,1530,2027-09-17,1.0931506849,759.8315574234,763.1231809954,43.3204377976,-0.0016249915,236,0.4377178203,35.2368507237,311.4155250515,2,0,59.3702924621
daily,QQQ,2026-08-14,1530,2027-12-17,1.3424657534,766.8435625811,771.1990074581,56.7970455720,-0.0011773629,246,0.4218398798,45.7960156835,376.3113086843,2,0,59.3702924621
daily,QQQ,2026-08-14,1530,2028-01-21,1.4383561644,769.0091536757,773.5747835116,59.3702924621,-0.0003700834,245,0.4717896175,49.1792016746,397.4679626080,2,0,59.3702924621
daily,QQQ,2026-08-17,1530,2026-08-18,0.0027397260,729.9350969354,729.9422364451,0.0978101987,-0.0182878463,59,0.0070641963,0.5909791768,1.4167611242,2,0,59.7987158386
daily,QQQ,2026-08-17,1530,2026-08-19,0.0054794521,730.0002073592,730.0103254486,0.1386039250,-0.0072471610,53,0.0156625785,0.2603450963,2.4742023458,2,0,59.7987158386
daily,QQQ,2026-08-17,1530,2026-08-20,0.0082191781,730.0693996640,730.0854657969,0.2200630918,-0.0047409663,81,0.0196742017,0.4594521420,2.4887962754,2,0,59.7987158386
daily,QQQ,2026-08-17,1530,2026-08-21,0.0109589041,730.2505184518,730.2772212944,0.3656668761,-0.0180594261,170,0.0117590915,3.8458139713,6.6453831714,2,0,59.7987158386
daily,QQQ,2026-08-17,1530,2026-08-24,0.0191780822,730.3445245058,730.3754360565,0.4232461488,-0.0011151066,134,0.0211222329,2.5706199265,6.4976517176,2,0,59.7987158386
daily,QQQ,2026-08-17,1530,2026-08-25,0.0219178082,730.4161740182,730.4522423354,0.4938050180,-0.0010434993,137,0.0342608817,2.0700282504,6.6128749999,2,0,59.7987158386
daily,QQQ,2026-08-17,1530,2026-08-26,0.0246575342,730.4995332725,730.5443500480,0.6135086132,-0.0018368115,151,0.0414299367,1.7742965683,12.0754722041,2,0,59.7987158386
daily,QQQ,2026-08-17,1530,2026-08-27,0.0273972603,730.5785271389,730.6269836827,0.6632626327,-0.0019975868,151,0.0489173028,1.8285534548,12.7990870365,2,0,59.7987158386
daily,QQQ,2026-08-17,1530,2026-08-28,0.0301369863,730.7597261581,730.8337816406,1.0134039931,-0.0077665786,180,0.0511279880,1.5305369175,14.9559708861,2,0,59.7987158386
daily,QQQ,2026-08-17,1530,2026-08-31,0.0383561644,730.8597966615,730.9392134095,1.0866208318,-0.0017547795,199,0.0462786932,2.4599103428,16.0558312554,2,0,59.7987158386
daily,QQQ,2026-08-17,1530,2026-09-04,0.0493150685,731.3625401829,731.4649443238,1.4001830178,-0.0075357615,278,0.0710244769,3.3103864935,20.0598893329,2,0,59.7987158386
daily,QQQ,2026-08-17,1530,2026-09-11,0.0684931507,731.8297360261,731.9776484642,2.0211318393,-0.0050607528,232,0.0794937490,1.2348846840,24.9628643119,2,0,59.7987158386
daily,QQQ,2026-08-17,1530,2026-09-18,0.0876712329,732.3544867298,732.5539588347,2.7237097406,-0.0046466656,254,0.1221046119,3.6691830120,34.4650247601,2,0,59.7987158386
daily,QQQ,2026-08-17,1530,2026-09-25,0.1068493151,732.2591260111,732.4466941177,2.5614990638,0.0043881059,215,0.1579497565,2.2424953020,30.7099595152,2,0,59.7987158386
daily,QQQ,2026-08-17,1530,2026-09-30,0.1205479452,732.4666861395,732.6812035260,2.9286981997,0.0055582578,340,0.1362290197,9.1801686044,33.0628017469,2,0,59.7987158386
daily,QQQ,2026-08-17,1530,2026-10-02,0.1260273973,732.8332701918,733.0633543365,3.1396520068,0.0028335959,210,0.1770950564,2.8909296610,36.2013333062,2,0,59.7987158386
daily,QQQ,2026-08-17,1530,2026-10-16,0.1643835616,733.8866332641,734.2149697720,4.4739404289,0.0015350756,266,0.1985075682,3.9303859753,54.0576337904,2,0,59.7987158386
daily,QQQ,2026-08-17,1530,2026-10-30,0.2027397260,735.0118181571,735.4236746523,5.6033996336,0.0005458310,267,0.1756022862,1.5313078849,49.6055919972,2,0,59.7987158386
daily,QQQ,2026-08-17,1530,2026-11-20,0.2602739726,736.6966500212,737.3020511981,8.2177810486,-0.0007047051,155,0.1681735478,30.9239575687,85.0131886354,2,0,59.7987158386
daily,QQQ,2026-08-17,1530,2026-12-18,0.3369863014,738.9353694409,739.7899217824,11.5646425504,-0.0016588234,210,0.2091139440,5.5080991739,109.6155322470,2,0,59.7987158386
daily,QQQ,2026-08-17,1530,2026-12-31,0.3726027397,739.5704722676,740.5233827202,12.8846470804,-0.0003138208,146,0.2271915237,7.5547553623,96.8553616916,2,0,59.7987158386
daily,QQQ,2026-08-17,1530,2027-01-15,0.4136986301,740.9801723041,742.0444354919,14.3629104741,-0.0012457344,185,0.1868825174,22.8459029107,129.3589725686,2,0,59.7987158386
daily,QQQ,2026-08-17,1530,2027-02-19,0.5095890411,743.7157480185,745.0810515271,18.3578674003,-0.0014600055,192,0.2580100632,21.6565140303,155.7941356512,2,0,59.7987158386
daily,QQQ,2026-08-17,1530,2027-03-19,0.5863013699,746.5700961228,748.1675576038,21.3973408437,-0.0031249066,211,0.2780615246,24.4802842695,187.1732252051,2,0,59.7987158386
daily,QQQ,2026-08-17,1530,2027-03-31,0.6191780822,746.5880252015,748.3463990546,23.5521304082,-0.0012367952,250,0.2990212095,3.7578318833,153.0754388827,2,0,59.7987158386
daily,QQQ,2026-08-17,1530,2027-06-17,0.8328767123,753.2289501661,755.8650800868,34.9977243984,-0.0027350227,231,0.3542511266,27.8004125603,250.8651773067,2,0,59.7987158386
daily,QQQ,2026-08-17,1530,2027-06-30,0.8684931507,753.8082352874,756.4622906852,35.2086283156,-0.0019039831,156,0.4391184077,28.6963336576,203.6220666738,2,0,59.7987158386
daily,QQQ,2026-08-17,1530,2027-09-17,1.0849315068,760.9026837538,764.3603490648,45.4416232825,-0.0029117387,237,0.4435837453,35.9906758005,317.0298051112,2,0,59.7987158386
daily,QQQ,2026-08-17,1530,2027-12-17,1.3342465753,767.7760248320,772.3672268657,59.7987158386,-0.0021259259,246,0.4091669896,46.6053442297,381.4566578184,2,0,59.7987158386
daily,QQQ,2026-08-17,1530,2028-01-21,1.4301369863,769.6931268282,774.2942493913,59.7786624662,-0.0008365051,246,0.4570386022,49.6551703514,401.4303970805,2,0,59.7987158386
daily,QQQ,2026-08-18,1530,2026-08-19,0.0027397260,717.3601409970,717.3689468174,0.1227531330,-0.0221775829,132,0.0157268629,1.0909478462,1.7120297606,2,0,60.5525233776
daily,QQQ,2026-08-18,1530,2026-08-20,0.0054794521,717.4500933116,717.4605352948,0.1455429894,-0.0154680177,155,0.0179096141,2.0351159298,2.9737558624,2,0,60.5525233776
daily,QQQ,2026-08-18,1530,2026-08-21,0.0082191781,717.6799004624,717.7054435952,0.3559126114,-0.0392233311,184,0.0134689047,4.0629135705,5.9209038352,2,0,60.5525233776
daily,QQQ,2026-08-18,1530,2026-08-24,0.0164383562,717.7654759881,717.7987377583,0.4634072183,-0.0085992793,149,0.0255092336,4.8035043884,7.1961587359,2,0,60.5525233776
daily,QQQ,2026-08-18,1530,2026-08-25,0.0191780822,717.8363321097,717.8768801351,0.5648644903,-0.0076413868,150,0.0295009607,3.3637657276,8.6301727010,2,0,60.5525233776
daily,QQQ,2026-08-18,1530,2026-08-26,0.0219178082,717.9099253275,717.9538153061,0.6113577360,-0.0068457106,160,0.0486778307,3.8879803631,9.5364105453,2,0,60.5525233776
daily,QQQ,2026-08-18,1530,2026-08-27,0.0246575342,717.9799813309,718.0297703127,0.6934591920,-0.0061710243,166,0.0569561412,3.1173341302,9.3272787350,2,0,60.5525233776
daily,QQQ,2026-08-18,1530,2026-08-28,0.0273972603,718.1656897554,718.2227525006,0.7945623976,-0.0115786597,197,0.0513814129,2.2879334897,10.5938099817,2,0,60.5525233776
daily,QQQ,2026-08-18,1530,2026-08-31,0.0356164384,718.2566924976,718.3225190975,0.9164773628,-0.0040743809,201,0.0659371122,3.6227228174,14.7294164215,2,0,60.5525233776
daily,QQQ,2026-08-18,1530,2026-09-01,0.0383561644,718.3348365510,718.3978802121,0.8776361370,-0.0038156376,40,0.0860226002,3.3919071563,11.8025292098,2,0,60.5525233776
daily,QQQ,2026-08-18,1530,2026-09-04,0.0465753425,718.7413053041,718.8543661179,1.5730390471,-0.0101033499,285,0.0706782525,5.1796389385,17.9735011214,2,0,60.5525233776
daily,QQQ,2026-08-18,1530,2026-09-11,0.0657534247,719.2029592252,719.3447361564,1.9713062826,-0.0064910283,242,0.0803763450,1.8187216468,21.7856599600,2,0,60.5525233776
daily,QQQ,2026-08-18,1530,2026-09-18,0.0849315068,719.7086910411,719.8947886669,2.5857354251,-0.0054807797,263,0.1324082392,5.6657305027,32.0612624856,2,0,60.5525233776
daily,QQQ,2026-08-18,1530,2026-09-25,0.1041095890,719.5941457583,719.7784699815,2.5615025397,0.0040909596,216,0.1511311783,3.5157842394,28.5000851340,2,0,60.5525233776
daily,QQQ,2026-08-18,1530,2026-09-30,0.1178082192,719.8024847401,719.9975502257,2.7099862783,0.0054569583,337,0.1344336299,12.9008356421,30.5513846322,2,0,60.5525233776
daily,QQQ,2026-08-18,1530,2026-10-02,0.1232876712,720.1389601377,720.3492929655,2.9207255747,0.0029441494,210,0.1738075458,4.3270085194,33.4670228439,2,0,60.5525233776
daily,QQQ,2026-08-18,1530,2026-10-16,0.1616438356,721.1655491306,721.4816468244,4.3831502235,0.0016779599,268,0.2257870175,5.7414237505,51.9031384059,2,0,60.5525233776
daily,QQQ,2026-08-18,1530,2026-10-30,0.2000000000,722.2776332176,722.6917483072,5.7334613524,0.0005055953,276,0.2038959931,1.9311060852,47.4327622091,2,0,60.5525233776
daily,QQQ,2026-08-18,1530,2026-11-20,0.2575342466,723.9533903234,724.5115428336,7.7097851552,-0.0005844527,155,0.2446761828,37.3408934161,83.4697751516,2,0,60.5525233776
daily,QQQ,2026-08-18,1530,2026-12-18,0.3342465753,726.1531541315,726.9288363443,10.6820745513,-0.0014490740,216,0.1471012289,7.0877466091,108.6413566537,2,0,60.5525233776
daily,QQQ,2026-08-18,1530,2026-12-31,0.3698630137,726.7625230562,727.6452036480,12.1453784950,-0.0001168767,142,0.3047224758,9.1585757273,95.5093612770,2,0,60.5525233776
daily,QQQ,2026-08-18,1530,2027-01-15,0.4109589041,728.1384125255,729.1303829735,13.6233775182,-0.0010626808,182,0.2214694758,25.6198447658,128.6541338884,2,0,60.5525233776
daily,QQQ,2026-08-18,1530,2027-02-19,0.5068493151,730.9124306000,732.2107937848,17.7635942480,-0.0016038392,193,0.2139637836,25.0220882589,155.9922541095,2,0,60.5525233776
daily,QQQ,2026-08-18,1530,2027-03-19,0.5835616438,733.4477642141,735.0146413604,21.3631729848,-0.0026705406,213,0.2650715329,24.5416221162,187.3142252959,2,0,60.5525233776
daily,QQQ,2026-08-18,1530,2027-03-31,0.6164383562,733.9792409031,735.5859304793,21.8901228622,-0.0016496220,244,0.3110037703,4.0854177931,155.1796241977,2,0,60.5525233776
daily,QQQ,2026-08-18,1530,2027-06-17,0.8301369863,740.6901514132,743.1488728910,33.1950070222,-0.0032233071,225,0.4049301185,33.6968545434,255.9279798184,2,0,60.5525233776
daily,QQQ,2026-08-18,1530,2027-06-30,0.8657534247,740.7462086477,743.2350165356,33.5986584724,-0.0015747461,154,0.4612425856,34.1546888336,205.8970088697,2,0,60.5525233776
daily,QQQ,2026-08-18,1530,2027-09-17,1.0821917808,747.4261189279,750.9198386863,46.7433458632,-0.0025026222,233,0.4384866953,39.4210199029,321.4822065318,2,0,60.5525233776
daily,QQQ,2026-08-18,1530,2027-12-17,1.3315068493,754.1223438653,758.6887449510,60.5525233776,-0.0016589740,244,0.5252508214,51.3125962147,387.3373245027,2,0,60.5525233776
daily,QQQ,2026-08-18,1530,2028-01-21,1.4273972603,756.1025638067,760.6447124560,60.0731814263,-0.0004433987,246,0.4904011919,54.8509899613,408.3724503628,2,0,60.5525233776
daily,QQQ,2026-08-19,1530,2026-08-20,0.0027397260,716.8647792386,716.8680424356,0.0455203971,-0.0070909213,125,0.0185683078,0.8181904474,1.0479352708,2,0,61.0545605078
daily,QQQ,2026-08-19,1530,2026-08-21,0.0054794521,717.0900186132,717.1109673225,0.2921350006,-0.0465089856,161,0.0149915000,2.7808665973,3.4026378944,2,0,61.0545605078
daily,QQQ,2026-08-19,1530,2026-08-24,0.0136986301,717.1795759678,717.2104176463,0.4300412270,-0.0060830006,134,0.0214277624,3.3117898458,4.9250091461,2,0,61.0545605078
daily,QQQ,2026-08-19,1530,2026-08-25,0.0164383562,717.2551582446,717.2874174711,0.4497594210,-0.0053099842,134,0.0333712243,3.3353300188,5.7956361911,2,0,61.0545605078
daily,QQQ,2026-08-19,1530,2026-08-26,0.0191780822,717.3302389307,717.3670363595,0.5129775213,-0.0049475995,142,0.0444716475,3.2517052710,8.2312564525,2,0,61.0545605078
daily,QQQ,2026-08-19,1530,2026-08-27,0.0219178082,717.4086842618,717.4475928051,0.5423483733,-0.0047348715,155,0.0460007755,3.1878509134,7.5753402883,2,0,61.0545605078
daily,QQQ,2026-08-19,1530,2026-08-28,0.0246575342,717.6101024094,717.6652534337,0.7685374557,-0.0123174584,177,0.0625548968,2.6958985353,9.5023644864,2,0,61.0545605078
daily,QQQ,2026-08-19,1530,2026-08-31,0.0328767123,717.7033521018,717.7704400134,0.9347582319,-0.0042610063,194,0.0512368073,3.9157414609,11.0157789262,2,0,61.0545605078
daily,QQQ,2026-08-19,1530,2026-09-01,0.0356164384,717.7847108145,717.8611434422,1.0648405646,-0.0045780106,189,0.0598809940,4.2025267524,12.4082427045,2,0,61.0545605078
daily,QQQ,2026-08-19,1530,2026-09-02,0.0383561644,717.8569000199,717.9282453425,0.9938655271,-0.0039922413,38,0.0474333747,1.7901418545,10.2735923113,2,0,61.0545605078
daily,QQQ,2026-08-19,1530,2026-09-04,0.0438356164,718.2019868416,718.3087010771,1.4858526911,-0.0108617333,274,0.0604918967,5.5772380385,15.9809203582,2,0,61.0545605078
daily,QQQ,2026-08-19,1530,2026-09-11,0.0630136986,718.6739761572,718.8177524550,2.0005774890,-0.0073125364,230,0.0700053769,2.0871734752,21.0796220934,2,0,61.0545605078
daily,QQQ,2026-08-19,1530,2026-09-18,0.0821917808,719.1779393581,719.3700975606,2.6719145852,-0.0061457760,259,0.1078391629,5.6482083233,31.4453285509,2,0,61.0545605078
daily,QQQ,2026-08-19,1530,2026-09-25,0.1013698630,719.0678928744,719.2468822308,2.4891857670,0.0038321326,210,0.1565131167,3.4053800670,27.1374360268,2,0,61.0545605078
daily,QQQ,2026-08-19,1530,2026-09-30,0.1150684932,719.2885717416,719.4822926476,2.6932293047,0.0050141179,333,0.1404638558,12.6319819159,29.7695358169,2,0,61.0545605078
daily,QQQ,2026-08-19,1530,2026-10-02,0.1205479452,719.5711986185,719.7829841628,2.9432187482,0.0030313870,204,0.1687364215,4.2359400784,32.2978155298,2,0,61.0545605078
daily,QQQ,2026-08-19,1530,2026-10-16,0.1589041096,720.6530267873,720.9679490332,4.3699566110,0.0013582755,268,0.2237499999,6.0349786119,51.4541771433,2,0,61.0545605078
daily,QQQ,2026-08-19,1530,2026-10-30,0.1972602740,721.7305404341,722.1551461079,5.8831606813,0.0003563813,276,0.1585120308,1.9616264869,47.1055771817,2,0,61.0545605078
daily,QQQ,2026-08-19,1530,2026-11-20,0.2547945205,723.4068941049,723.9629425232,7.6865236269,-0.0007150354,154,0.1591231871,40.9842105070,82.6033528790,2,0,61.0545605078
daily,QQQ,2026-08-19,1530,2026-12-18,0.3315068493,725.5945220656,726.3694201173,10.6794914798,-0.0015418880,216,0.1417161617,5.8836399438,107.6127775496,2,0,61.0545605078
daily,QQQ,2026-08-19,1530,2026-12-31,0.3671232877,726.0761548364,726.9083166045,11.4610810804,0.0004554770,146,0.2442683227,8.9964041070,94.2319581497,2,0,61.0545605078
daily,QQQ,2026-08-19,1530,2027-01-15,0.4082191781,727.4862253532,728.5049558359,14.0034332906,-0.0009439232,181,0.2196312072,25.4897891958,127.5246288793,2,0,61.0545605078
daily,QQQ,2026-08-19,1530,2027-02-19,0.5041095890,730.2775793117,731.5377464695,17.2560022863,-0.0014074123,192,0.2297918219,24.8660336769,154.7799704317,2,0,61.0545605078
daily,QQQ,2026-08-19,1530,2027-03-19,0.5808219178,732.6647377676,734.3353123376,22.8013507939,-0.0025093456,207,0.3156797870,27.1169148728,185.5267479411,2,0,61.0545605078
daily,QQQ,2026-08-19,1530,2027-03-31,0.6136986301,733.3216225324,734.8638136244,21.0302143640,-0.0014040514,246,0.2945919719,4.0044188329,154.0144184759,2,0,61.0545605078
daily,QQQ,2026-08-19,1530,2027-06-17,0.8273972603,739.7183033314,742.0697461115,31.7883546953,-0.0025024464,223,0.3750890083,33.1724159291,252.5915911123,2,0,61.0545605078
daily,QQQ,2026-08-19,1530,2027-06-30,0.8630136986,740.0762354159,742.4286680586,31.7863556504,-0.0013084524,154,0.4712147991,33.9921516375,204.4012807765,2,0,61.0545605078
daily,QQQ,2026-08-19,1530,2027-09-17,1.0794520548,746.5510624170,749.8322288789,43.9509984927,-0.0019849526,236,0.4255335075,39.0867090706,318.8660137565,2,0,61.0545605078
daily,QQQ,2026-08-19,1530,2027-12-17,1.3287671233,753.2814112692,757.5142747935,56.1923268109,-0.0011857719,243,0.4878558374,50.8421610112,384.3969024358,2,0,61.0545605078
daily,QQQ,2026-08-19,1530,2028-01-21,1.4246575342,755.4479959292,760.0603504670,61.0545605078,-0.0005563670,244,0.5074204776,54.9497868216,407.3479387322,2,0,61.0545605078
daily,QQQ,2026-08-20,1530,2026-08-21,0.0027397260,710.6501701612,710.6642050295,0.1974933508,-0.0852375759,161,0.0139064184,1.8331363470,2.4082130216,2,0,65.8272635836
daily,QQQ,2026-08-20,1530,2026-08-24,0.0109589041,710.7311263318,710.7511423033,0.2816250869,-0.0042417155,140,0.0209186006,2.6497006174,4.2223425325,2,0,65.8272635836
daily,QQQ,2026-08-20,1530,2026-08-25,0.0136986301,710.8054151757,710.8284716443,0.3243710319,-0.0038073465,144,0.0391025977,2.8800090732,4.6229745105,2,0,65.8272635836
daily,QQQ,2026-08-20,1530,2026-08-26,0.0164383562,710.8793068013,710.9083862879,0.4090636251,-0.0037382753,154,0.0358199340,2.5832469744,5.7665522332,2,0,65.8272635836
daily,QQQ,2026-08-20,1530,2026-08-27,0.0191780822,710.9656968451,710.9986166884,0.4630299813,-0.0044448171,158,0.0480386387,3.8792239567,6.7414111868,2,0,65.8272635836
daily,QQQ,2026-08-20,1530,2026-08-28,0.0219178082,711.1643108564,711.2158084313,0.7241304741,-0.0131193760,187,0.0494650771,3.2549477027,8.4857969516,2,0,65.8272635836
daily,QQQ,2026-08-20,1530,2026-08-31,0.0301369863,711.2691714552,711.3240441874,0.7714763190,-0.0043253337,201,0.0611611404,4.1592472301,10.0985643063,2,0,65.8272635836
daily,QQQ,2026-08-20,1530,2026-09-01,0.0328767123,711.3391827630,711.4010586526,0.8698507152,-0.0041212506,189,0.0515306154,4.7790990960,10.1112149770,2,0,65.8272635836
daily,QQQ,2026-08-20,1530,2026-09-02,0.0356164384,711.4232464146,711.4838635139,0.8520539583,-0.0041767402,184,0.0813806945,4.7919223658,11.4086954137,2,0,65.8272635836
daily,QQQ,2026-08-20,1530,2026-09-03,0.0383561644,711.5121815875,711.5849222749,1.0223393112,-0.0048927543,38,0.0607068587,1.9386189456,8.6163174295,2,0,65.8272635836
daily,QQQ,2026-08-20,1530,2026-09-04,0.0410958904,711.7611765081,711.8563071148,1.3365523413,-0.0113357498,278,0.0696555104,6.1251357101,14.6338909548,2,0,65.8272635836
daily,QQQ,2026-08-20,1530,2026-09-11,0.0602739726,712.2323248588,712.3569332254,1.7495466333,-0.0074163918,237,0.0962784391,2.3591454614,19.7871476436,2,0,65.8272635836
daily,QQQ,2026-08-20,1530,2026-09-18,0.0794520548,712.7131015654,712.8825038031,2.3768643697,-0.0058233331,264,0.1114850478,7.0860319096,31.0125106850,2,0,65.8272635836
daily,QQQ,2026-08-20,1530,2026-09-25,0.0986301370,712.5745369022,712.7328129400,2.2211857081,0.0047446375,214,0.1571613208,3.9641889313,26.1891273351,2,0,65.8272635836
daily,QQQ,2026-08-20,1530,2026-09-30,0.1123287671,712.7875374613,712.9683228202,2.5363148110,0.0058042082,331,0.1443987038,13.0484112437,28.2226493423,2,0,65.8272635836
daily,QQQ,2026-08-20,1530,2026-10-02,0.1178082192,713.1143486809,713.3255899642,2.9622357718,0.0030283459,203,0.1696294517,5.1322079665,32.2612334048,2,0,65.8272635836
daily,QQQ,2026-08-20,1530,2026-10-16,0.1561643836,714.1444570042,714.4483845064,4.2558266633,0.0017369147,270,0.2282298565,6.4787201499,50.8834380750,2,0,65.8272635836
daily,QQQ,2026-08-20,1530,2026-10-30,0.1945205479,715.2185944294,715.6138170625,5.5258998595,0.0007493587,269,0.2302164746,2.1770903307,47.0597974130,2,0,65.8272635836
daily,QQQ,2026-08-20,1530,2026-11-20,0.2520547945,716.8712079890,717.4262171247,7.7421038748,-0.0004936884,157,0.1725282567,39.1702974804,82.7651901511,2,0,65.8272635836
daily,QQQ,2026-08-20,1530,2026-12-18,0.3287671233,719.0641347021,719.8418964028,10.8163050158,-0.0015097754,208,0.2139432871,8.4736196828,108.3888007213,2,0,65.8272635836
daily,QQQ,2026-08-20,1530,2026-12-31,0.3643835616,719.5942269890,720.4336520399,11.6652554929,0.0002723408,146,0.2103257832,9.9140456075,94.2530692554,2,0,65.8272635836
daily,QQQ,2026-08-20,1530,2027-01-15,0.4054794521,720.9478315234,722.0381671225,15.1236407322,-0.0011934312,181,0.2378900157,25.8053154983,128.2276862414,2,0,65.8272635836
daily,QQQ,2026-08-20,1530,2027-02-19,0.5013698630,723.7921661500,725.0877990981,17.9006213203,-0.0017321170,189,0.2912754422,26.8926517853,155.5433025351,2,0,65.8272635836
daily,QQQ,2026-08-20,1530,2027-03-19,0.5780821918,726.0533174510,727.7354222119,23.1677856220,-0.0024742989,208,0.2997800008,29.8907580392,185.8980313642,2,0,65.8272635836
daily,QQQ,2026-08-20,1530,2027-03-31,0.6109589041,726.3419858199,727.9408618171,22.0127161649,-0.0006401005,244,0.3110566579,4.0379885496,152.6594254430,2,0,65.8272635836
daily,QQQ,2026-08-20,1530,2027-06-17,0.8246575342,732.9242901885,735.3360525480,32.9060230605,-0.0023147890,226,0.3378525636,33.5207279280,256.5449413297,2,0,65.8272635836
daily,QQQ,2026-08-20,1530,2027-06-30,0.8602739726,733.2601805450,735.5870337945,31.7329825248,-0.0009514459,150,0.4319246304,35.9931860806,208.1575438448,2,0,65.8272635836
daily,QQQ,2026-08-20,1530,2027-09-17,1.0767123288,740.3341850386,743.5056716956,42.8385818342,-0.0024127598,233,0.4908706886,40.2449372896,326.9825748459,2,0,65.8272635836
daily,QQQ,2026-08-20,1530,2027-12-17,1.3260273973,746.9842148960,751.4030453381,59.1556066911,-0.0018104574,244,0.4139527249,52.2346606800,393.6531852727,2,0,65.8272635836
daily,QQQ,2026-08-20,1530,2028-01-21,1.4219178082,748.6142719711,753.5421948714,65.8272635836,-0.0007763874,248,0.4144419296,55.9870577974,415.2623639126,2,0,65.8272635836
daily,QQQ,2026-08-21,1530,2026-08-24,0.0082191781,713.3651138342,713.3684408056,0.0466377089,0.0245598114,82,0.0201052015,0.5160866706,1.9627360541,2,0,62.2773822795
daily,QQQ,2026-08-21,1530,2026-08-25,0.0109589041,713.4347650424,713.4409164728,0.0862227452,0.0186343605,112,0.0167879274,1.6983296916,2.4358335369,2,0,62.2773822795
daily,QQQ,2026-08-21,1530,2026-08-26,0.0136986301,713.5092254312,713.5208671660,0.1631616568,0.0143150728,132,0.0227234794,2.0536675639,4.6308788460,2,0,62.2773822795
daily,QQQ,2026-08-21,1530,2026-08-27,0.0164383562,713.5891203769,713.6054375401,0.2286632857,0.0110424922,145,0.0305726989,2.0768676926,5.7772740787,2,0,62.2773822795
daily,QQQ,2026-08-21,1530,2026-08-28,0.0191780822,713.7855713688,713.8163981691,0.4318776044,-0.0005277053,170,0.0380400296,2.4895715759,7.7000702300,2,0,62.2773822795
daily,QQQ,2026-08-21,1530,2026-08-31,0.0273972603,713.8809151647,713.9186151806,0.5280995074,0.0057859004,178,0.0457897897,5.3524159131,8.7516670275,2,0,62.2773822795
daily,QQQ,2026-08-21,1530,2026-09-01,0.0301369863,713.9699656795,714.0117654779,0.5854559764,0.0043796949,176,0.0573476574,6.0424298659,11.5189794168,2,0,62.2773822795
daily,QQQ,2026-08-21,1530,2026-09-02,0.0328767123,714.0450561637,714.0957733090,0.7102793428,0.0035977924,184,0.0613983736,4.0358091738,12.1661945964,2,0,62.2773822795
daily,QQQ,2026-08-21,1530,2026-09-03,0.0356164384,714.1265211785,714.1786846758,0.7304517588,0.0029796771,187,0.0512098519,4.5716742436,12.6209078513,2,0,62.2773822795
daily,QQQ,2026-08-21,1530,2026-09-04,0.0383561644,714.3905679362,714.4705508521,1.1195964713,-0.0051757773,264,0.0432569433,7.2835889508,13.8771163718,2,0,62.2773822795
daily,QQQ,2026-08-21,1530,2026-09-11,0.0575342466,714.8812823491,714.9905466877,1.5284263450,-0.0034496053,230,0.0659983330,2.1714749955,19.6869999899,2,0,62.2773822795
daily,QQQ,2026-08-21,1530,2026-09-18,0.0767123288,715.3819222078,715.5371652629,2.1700723812,-0.0030646485,261,0.1082386452,5.8994010744,29.3991335356,2,0,62.2773822795
daily,QQQ,2026-08-21,1530,2026-09-25,0.0958904110,715.2381027659,715.3826038641,2.0203215919,0.0072739490,204,0.1603507830,3.5525612652,25.3907317631,2,0,62.2773822795
daily,QQQ,2026-08-21,1530,2026-09-30,0.1095890411,715.4560050606,715.6218280588,2.3177245985,0.0079303961,329,0.1361944891,15.2418790289,28.4046886571,2,0,62.2773822795
daily,QQQ,2026-08-21,1530,2026-10-02,0.1150684932,715.7067088332,715.8899058407,2.5596659246,0.0060565431,207,0.1583239885,4.4530876387,30.7485419000,2,0,62.2773822795
daily,QQQ,2026-08-21,1530,2026-10-16,0.1534246575,716.8170342097,717.0984194706,3.9254823408,0.0030262303,266,0.2324262243,5.5541340007,48.7353425536,2,0,62.2773822795
daily,QQQ,2026-08-21,1530,2026-10-30,0.1917808219,717.9107134675,718.2895317523,5.2766768575,0.0016397384,266,0.2156675043,1.9580564449,45.6724942226,2,0,62.2773822795
daily,QQQ,2026-08-21,1530,2026-11-20,0.2493150685,719.5333015556,720.1227964624,8.1927397314,0.0002571615,151,0.1849628219,43.0993350437,81.1030665373,2,0,62.2773822795
daily,QQQ,2026-08-21,1530,2026-12-18,0.3260273973,721.7189120659,722.5309591872,11.2515704899,-0.0009343406,209,0.1978672269,7.1698130855,105.7715027501,2,0,62.2773822795
daily,QQQ,2026-08-21,1530,2026-12-31,0.3616438356,722.3115017862,723.1935117076,12.2109355745,0.0005280790,144,0.1732851679,9.5047286432,94.6250289029,2,0,62.2773822795
daily,QQQ,2026-08-21,1530,2027-01-15,0.4027397260,723.6236658891,724.6318015087,13.9317668452,-0.0003831877,177,0.2011003283,31.8674637959,126.6733309704,2,0,62.2773822795
daily,QQQ,2026-08-21,1530,2027-02-19,0.4986301370,726.4403822735,727.8125029759,18.8882768058,-0.0014116546,191,0.1982646222,28.2213275947,154.5997065722,2,0,62.2773822795
daily,QQQ,2026-08-21,1530,2027-03-19,0.5753424658,728.9757919421,730.5944696625,22.2048213162,-0.0025751765,207,0.3018348002,28.7467550520,185.8920979885,2,0,62.2773822795
daily,QQQ,2026-08-21,1530,2027-03-31,0.6082191781,729.4035222555,731.0079335876,21.9962103715,-0.0012274067,246,0.2932872667,3.9517339425,153.8081463847,2,0,62.2773822795
daily,QQQ,2026-08-21,1530,2027-06-17,0.8219178082,736.1356525084,738.5597566562,32.9301282921,-0.0031253103,224,0.3595670507,32.5381620248,256.4788741286,2,0,62.2773822795
daily,QQQ,2026-08-21,1530,2027-06-30,0.8575342466,736.4291868024,738.8134924342,32.3765770637,-0.0017526953,153,0.3934288335,35.2738996481,208.1266487536,2,0,62.2773822795
daily,QQQ,2026-08-21,1530,2027-09-17,1.0739726027,742.9209725168,746.0148044092,41.6441587578,-0.0021793269,238,0.3911810029,41.0014019707,322.8628309648,2,0,62.2773822795
daily,QQQ,2026-08-21,1530,2027-12-17,1.3232876712,749.7095252695,754.1401110684,59.0973657064,-0.0017399591,244,0.4281452039,53.3400797123,390.1600628552,2,0,62.2773822795
daily,QQQ,2026-08-21,1530,2028-01-21,1.4191780822,751.7777416595,756.4596166402,62.2773822795,-0.0008401799,243,0.5270571842,57.2676790468,412.7658620166,2,0,62.2773822795
daily,QQQ,2026-08-24,1538,2026-08-25,0.0027397260,707.9498908553,707.9534670616,0.0505149639,-0.0050968897,117,0.0231385705,0.7774214861,1.1038629219,2,0,63.0571948744
daily,QQQ,2026-08-24,1538,2026-08-26,0.0054794521,708.0050010395,708.0125846064,0.1071117700,0.0011819627,123,0.0243769149,1.3212076670,1.8887711130,2,0,63.0571948744
daily,QQQ,2026-08-24,1538,2026-08-27,0.0082191781,708.0753352651,708.0877800690,0.1757553659,0.0005131538,133,0.0445717910,1.9254404143,2.8143418954,2,0,63.0571948744
daily,QQQ,2026-08-24,1538,2026-08-28,0.0109589041,708.2851185185,708.3073549081,0.3139468702,-0.0184222605,153,0.0401618487,3.3748976504,4.9303558367,2,0,63.0571948744
daily,QQQ,2026-08-24,1538,2026-08-31,0.0191780822,708.3802765862,708.4086201308,0.4001176426,-0.0017217380,176,0.0378460737,3.8483204753,6.4226677462,2,0,63.0571948744
daily,QQQ,2026-08-24,1538,2026-09-01,0.0219178082,708.4570422689,708.4918772249,0.4917017404,-0.0021260208,166,0.0599070558,4.3461286275,7.2543518117,2,0,63.0571948744
daily,QQQ,2026-08-24,1538,2026-09-02,0.0246575342,708.5405053942,708.5849732985,0.6275986186,-0.0030030365,179,0.0646527237,4.8889158365,8.9745633539,2,0,63.0571948744
daily,QQQ,2026-08-24,1538,2026-09-03,0.0273972603,708.6156395753,708.6634875140,0.6752311974,-0.0029529822,183,0.0665332188,5.5871261463,9.3238000560,2,0,63.0571948744
daily,QQQ,2026-08-24,1538,2026-09-04,0.0301369863,708.8810067335,708.9509174365,0.9862121055,-0.0126911766,253,0.0679539899,8.1774859152,11.7189156499,2,0,63.0571948744
daily,QQQ,2026-08-24,1538,2026-09-11,0.0493150685,709.3625468807,709.4673785504,1.4778292161,-0.0077684446,222,0.0747188499,2.6572721511,17.3109581704,2,0,63.0571948744
daily,QQQ,2026-08-24,1538,2026-09-18,0.0684931507,709.8724545233,710.0202333681,2.0817661524,-0.0063430811,253,0.0973982551,7.7378621915,27.1375448968,2,0,63.0571948744
daily,QQQ,2026-08-24,1538,2026-09-25,0.0876712329,709.7173801738,709.8554414745,1.9452997009,0.0059597777,213,0.1216521836,4.1044811446,23.2643822286,2,0,63.0571948744
daily,QQQ,2026-08-24,1538,2026-09-30,0.1013698630,709.9223471924,710.0813121070,2.2391873597,0.0070068777,324,0.1330150494,15.3518464967,26.0575512167,2,0,63.0571948744
daily,QQQ,2026-08-24,1538,2026-10-02,0.1068493151,710.1857473670,710.3751000463,2.6662416129,0.0046701671,202,0.1474877266,5.5264191537,28.8051860758,2,0,63.0571948744
daily,QQQ,2026-08-24,1538,2026-10-16,0.1452054795,711.2829487734,711.5578758230,3.8652276151,0.0019694538,267,0.1981711190,6.8054175062,47.4561041837,2,0,63.0571948744
daily,QQQ,2026-08-24,1538,2026-10-30,0.1835616438,712.3754734850,712.7471306498,5.2171527328,0.0006686547,268,0.1916831469,2.0452670506,44.5648762016,2,0,63.0571948744
daily,QQQ,2026-08-24,1538,2026-11-20,0.2410958904,713.9868796229,714.5518431847,7.9128003305,-0.0004222211,156,0.1870396552,43.2237956761,79.1200201617,2,0,63.0571948744
daily,QQQ,2026-08-24,1538,2026-12-18,0.3178082192,716.1552922855,716.9391060107,10.9447452763,-0.0013306676,213,0.1784326621,6.7881276956,105.0698214796,2,0,63.0571948744
daily,QQQ,2026-08-24,1538,2026-12-31,0.3534246575,716.6658010886,717.4794542384,11.3533134760,0.0006556155,145,0.2371093337,9.2891515952,92.8742925129,2,0,63.0571948744
daily,QQQ,2026-08-24,1538,2027-01-15,0.3945205479,717.8878191773,718.9165556991,14.3300456463,-0.0003339462,178,0.2387307064,29.8887197046,124.9352834067,2,0,63.0571948744
daily,QQQ,2026-08-24,1538,2027-02-19,0.4904109589,720.7695275683,722.0729108062,18.0832178386,-0.0014104164,188,0.2721601761,30.9401719652,153.3657456213,2,0,63.0571948744
daily,QQQ,2026-08-24,1538,2027-03-19,0.5671232877,723.1295422081,724.8009157084,23.1130579353,-0.0023837908,206,0.3082057687,30.3034120492,184.3622754846,2,0,63.0571948744
daily,QQQ,2026-08-24,1538,2027-03-31,0.6000000000,723.5856300199,725.1654446625,21.8331400890,-0.0008608944,241,0.2973636806,3.9692010800,152.9891567248,2,0,63.0571948744
daily,QQQ,2026-08-24,1538,2027-06-17,0.8136986301,730.3842855046,732.6765132674,31.3838592689,-0.0026088825,224,0.4159992479,34.5027998075,256.6609739417,2,0,63.0571948744
daily,QQQ,2026-08-24,1538,2027-06-30,0.8493150685,730.6858779393,733.4045901698,37.2076744957,-0.0019620295,151,0.4210343497,37.2528935034,210.6894508569,2,0,63.0571948744
daily,QQQ,2026-08-24,1538,2027-09-17,1.0657534247,737.4285278532,740.7852108468,45.5187569612,-0.0024906859,237,0.3679055038,41.7130207249,328.2287295670,2,0,63.0571948744
daily,QQQ,2026-08-24,1538,2027-12-17,1.3150684932,744.0188789816,748.6410548901,62.1244438693,-0.0017022401,246,0.4136193961,53.8058298243,395.5046590431,2,0,63.0571948744
daily,QQQ,2026-08-24,1538,2028-01-21,1.4109589041,746.0877947567,750.7924151034,63.0571948744,-0.0006314097,242,0.5147934259,57.6355862703,418.3164855068,2,0,63.0571948744
daily,QQQ,2026-08-25,1530,2026-08-26,0.0027397260,709.7397656962,709.7439119897,0.0584199123,-0.0078885007,53,0.0030823953,0.4831922127,1.2682218825,2,0,66.9132535872
daily,QQQ,2026-08-25,1530,2026-08-27,0.0054794521,709.8045448465,709.8116992626,0.1007941706,-0.0024543322,78,0.0336225479,0.4668846937,2.1137031374,2,0,66.9132535872
daily,QQQ,2026-08-25,1530,2026-08-28,0.0082191781,709.9949984447,710.0149088359,0.2804300199,-0.0238497279,143,0.0314773609,2.5097673200,4.9319739870,2,0,66.9132535872
daily,QQQ,2026-08-25,1530,2026-08-31,0.0164383562,710.0900559986,710.1167301016,0.3756439453,-0.0017286116,161,0.0358891714,3.7200497579,6.9005720677,2,0,66.9132535872
daily,QQQ,2026-08-25,1530,2026-09-01,0.0191780822,710.1658457263,710.1980054583,0.4528481927,-0.0020436686,153,0.0335928552,4.6751958833,7.8050443332,2,0,66.9132535872
daily,QQQ,2026-08-25,1530,2026-09-02,0.0219178082,710.2393694319,710.2826408738,0.6092515256,-0.0024951977,171,0.0423814449,5.1289489084,11.3870731422,2,0,66.9132535872
daily,QQQ,2026-08-25,1530,2026-09-03,0.0246575342,710.3093559160,710.3563812012,0.6620395016,-0.0022237953,168,0.0519930725,8.5758144730,11.3143278743,2,0,66.9132535872
daily,QQQ,2026-08-25,1530,2026-09-04,0.0273972603,710.5676604850,710.6292597039,0.8669015263,-0.0122360333,238,0.0704916000,10.2236222574,13.5760044931,2,0,66.9132535872
daily,QQQ,2026-08-25,1530,2026-09-08,0.0383561644,710.6809876440,710.7454343779,0.9068307007,-0.0021906887,42,0.0648997485,1.4629770858,11.5829231844,2,0,66.9132535872
daily,QQQ,2026-08-25,1530,2026-09-11,0.0465753425,711.0285719470,711.1257735022,1.3670555459,-0.0066130226,212,0.0652601610,2.4571424615,18.4671120947,2,0,66.9132535872
daily,QQQ,2026-08-25,1530,2026-09-18,0.0657534247,711.5338114600,711.6709926640,1.9279646563,-0.0053035515,256,0.0903412132,7.5080663296,27.4871194367,2,0,66.9132535872
daily,QQQ,2026-08-25,1530,2026-09-25,0.0849315068,711.3812231836,711.5061597354,1.7562531555,0.0071657282,205,0.1159250122,3.8755305180,24.1305899336,2,0,66.9132535872
daily,QQQ,2026-08-25,1530,2026-09-30,0.0986301370,711.5996700684,711.7461261277,2.0581243279,0.0079521085,319,0.1234157566,13.6902084120,27.0561445792,2,0,66.9132535872
daily,QQQ,2026-08-25,1530,2026-10-02,0.1041095890,711.9587622954,712.1465642144,2.6378201800,0.0041017749,199,0.1412784300,5.3935498678,30.1942995908,2,0,66.9132535872
daily,QQQ,2026-08-25,1530,2026-10-16,0.1424657534,712.9608979195,713.2311788681,3.7909645457,0.0025065038,265,0.1846602469,6.5356428036,48.1506495565,2,0,66.9132535872
daily,QQQ,2026-08-25,1530,2026-10-30,0.1808219178,714.0578026217,714.4264586497,5.1628317298,0.0009628055,266,0.1852172905,1.9550411543,45.5758861436,2,0,66.9132535872
daily,QQQ,2026-08-25,1530,2026-11-20,0.2383561644,715.7120988120,716.2427050622,7.4136828351,-0.0003252063,152,0.1717802251,49.3647661521,80.1231595278,2,0,66.9132535872
daily,QQQ,2026-08-25,1530,2026-11-30,0.2657534247,716.3141813188,716.9180289033,8.4299264251,0.0002459740,277,0.2433301074,9.0353518734,60.4838330134,2,0,66.9132535872
daily,QQQ,2026-08-25,1530,2026-12-18,0.3150684932,717.9210055123,718.7254575517,11.2053002102,-0.0016062828,213,0.1427751293,8.0869985107,104.3331867456,2,0,66.9132535872
daily,QQQ,2026-08-25,1530,2026-12-31,0.3506849315,718.5734996650,719.3817647563,11.2481895276,-0.0000058986,142,0.2318909685,9.6497131745,93.0834831932,2,0,66.9132535872
daily,QQQ,2026-08-25,1530,2027-01-15,0.3917808219,719.8440868190,720.8374768655,13.8000723303,-0.0009548672,177,0.1868258189,31.4000984378,124.9548354887,2,0,66.9132535872
daily,QQQ,2026-08-25,1530,2027-02-19,0.4876712329,722.7564546037,724.0426588109,17.7958176502,-0.0019724624,189,0.2225819858,27.6154258946,155.9399666578,2,0,66.9132535872
daily,QQQ,2026-08-25,1530,2027-03-19,0.5643835616,725.0099679264,726.7694692970,24.2686507556,-0.0028383295,207,0.2784820436,30.0514703600,184.6666038508,2,0,66.9132535872
daily,QQQ,2026-08-25,1530,2027-03-31,0.5972602740,725.6173229291,727.3454702898,23.8162362726,-0.0017626227,238,0.2959303991,4.0135770238,155.6710409437,2,0,66.9132535872
daily,QQQ,2026-08-25,1530,2027-06-17,0.8109589041,732.2210344118,734.6160771435,32.7092861197,-0.0028116249,223,0.3510484900,33.9215952383,256.1064437619,2,0,66.9132535872
daily,QQQ,2026-08-25,1530,2027-06-30,0.8465753425,732.8532534396,735.2493284683,32.6951544174,-0.0019945969,152,0.4540413916,36.8141870016,208.5281889523,2,0,66.9132535872
daily,QQQ,2026-08-25,1530,2027-09-17,1.0630136986,739.4739352526,742.7581502767,44.4128571333,-0.0026572015,234,0.4790499769,40.6967797971,325.5747683972,2,0,66.9132535872
daily,QQQ,2026-08-25,1530,2027-12-17,1.3123287671,745.9445245765,750.2837863223,58.1713733777,-0.0014983125,240,0.4961525887,52.3417900033,391.6126983900,2,0,66.9132535872
daily,QQQ,2026-08-25,1530,2028-01-21,1.4082191781,747.7409461133,752.7443240678,66.9132535872,-0.0007335011,242,0.4889178588,56.4997045348,414.7215091344,2,0,66.9132535872
daily,QQQ,2026-08-26,1530,2026-08-27,0.0027397260,712.2149186157,712.2168056955,0.0264959312,0.0139024073,110,0.0210491568,0.4311969864,0.6859313342,2,0,57.3202579134
daily,QQQ,2026-08-26,1530,2026-08-28,0.0054794521,712.4249844481,712.4408504289,0.2227038805,-0.0315299173,134,0.0312386484,1.9804194695,2.9066637026,2,0,57.3202579134
daily,QQQ,2026-08-26,1530,2026-08-31,0.0136986301,712.5192326516,712.5359053089,0.2339958908,0.0003523975,152,0.0300380833,3.1998065601,4.5043529247,2,0,57.3202579134
daily,QQQ,2026-08-26,1530,2026-09-01,0.0164383562,712.5953702129,712.6179536382,0.3169179338,-0.0004043530,157,0.0515141803,3.7619934569,5.3972577593,2,0,57.3202579134
daily,QQQ,2026-08-26,1530,2026-09-02,0.0191780822,712.6654827537,712.6937466327,0.3965939105,-0.0004865405,167,0.0512916868,4.3326276148,6.2428085551,2,0,57.3202579134
daily,QQQ,2026-08-26,1530,2026-09-03,0.0219178082,712.7364395206,712.7721234605,0.5006610851,-0.0007130581,174,0.0403443940,4.1179119248,7.1530540501,2,0,57.3202579134
daily,QQQ,2026-08-26,1530,2026-09-04,0.0246575342,713.0004667276,713.0567803928,0.7898124598,-0.0126227570,232,0.0516505101,6.9795990744,9.5728153954,2,0,57.3202579134
daily,QQQ,2026-08-26,1530,2026-09-08,0.0356164384,713.1114969501,713.1761452646,0.9065667126,-0.0017956726,179,0.0675716076,4.1792347123,13.1579467594,2,0,57.3202579134
daily,QQQ,2026-08-26,1530,2026-09-09,0.0383561644,713.2046477367,713.2712839040,0.9343204300,-0.0024423461,34,0.0298333335,1.7320941841,11.0688187775,2,0,57.3202579134
daily,QQQ,2026-08-26,1530,2026-09-11,0.0438356164,713.4741003929,713.5589082460,1.1886605704,-0.0066043740,212,0.0504920056,2.2441779619,15.0316959484,2,0,57.3202579134
daily,QQQ,2026-08-26,1530,2026-09-18,0.0630136986,713.9770900689,714.1045383791,1.7850476149,-0.0052082780,251,0.0874456099,6.2470401916,24.4418037524,2,0,57.3202579134
daily,QQQ,2026-08-26,1530,2026-09-25,0.0821917808,713.8187528885,713.9355362090,1.6360360394,0.0077158592,208,0.0967242787,3.2212401004,20.8848500114,2,0,57.3202579134
daily,QQQ,2026-08-26,1530,2026-09-30,0.0958904110,714.0337395730,714.1757084293,1.9882653772,0.0084663688,320,0.1074368923,13.5159140466,23.8927682432,2,0,57.3202579134
daily,QQQ,2026-08-26,1530,2026-10-02,0.1013698630,714.4192461854,714.6023557631,2.5630549386,0.0041412276,203,0.1427138487,4.2612365398,28.5780961105,2,0,57.3202579134
daily,QQQ,2026-08-26,1530,2026-10-16,0.1397260274,715.3878357492,715.6432901255,3.5708515518,0.0029593182,261,0.1903309120,6.1081573316,44.6567789442,2,0,57.3202579134
daily,QQQ,2026-08-26,1530,2026-10-30,0.1780821918,716.4701298451,716.8314369304,5.0428771586,0.0013429149,262,0.1817705278,1.7578874938,42.4009133541,2,0,57.3202579134
daily,QQQ,2026-08-26,1530,2026-11-20,0.2356164384,718.1381858633,718.6382616736,6.9635039622,-0.0000329092,150,0.1766738946,42.5922873990,76.1832160068,2,0,57.3202579134
daily,QQQ,2026-08-26,1530,2026-11-30,0.2630136986,718.7226486535,719.3021415016,8.0628160143,0.0005667507,275,0.2558432983,8.7932550336,59.4820844867,2,0,57.3202579134
daily,QQQ,2026-08-26,1530,2026-12-18,0.3123287671,720.3490127755,721.0655221716,9.9466978285,-0.0011455665,208,0.1543045400,8.4129504397,102.1905013505,2,0,57.3202579134
daily,QQQ,2026-08-26,1530,2026-12-31,0.3479452055,720.9324733398,721.8147222057,12.2376075225,0.0000436559,142,0.1784800904,9.4752375593,91.6473132948,2,0,57.3202579134
daily,QQQ,2026-08-26,1530,2027-01-15,0.3890410959,722.4060759803,723.3957633325,13.6998758057,-0.0013553279,173,0.2531315311,30.6355559539,123.9585504054,2,0,57.3202579134
daily,QQQ,2026-08-26,1530,2027-02-19,0.4849315068,725.1454654239,726.3569265036,16.7064559789,-0.0015936870,183,0.2863182748,28.8344176859,153.1857434961,2,0,57.3202579134
daily,QQQ,2026-08-26,1530,2027-03-19,0.5616438356,727.6527630292,729.1751542321,20.9219462938,-0.0027749540,203,0.2993456110,30.5663699607,182.3780019137,2,0,57.3202579134
daily,QQQ,2026-08-26,1530,2027-03-31,0.5945205479,728.0876969271,729.6431746259,21.3638783532,-0.0014719968,247,0.2795627028,3.8753158641,153.0206626164,2,0,57.3202579134
daily,QQQ,2026-08-26,1530,2027-06-17,0.8082191781,734.7746752321,737.1071715248,31.7443751311,-0.0030190004,226,0.3433528110,32.6348320751,253.7244656227,2,0,57.3202579134
daily,QQQ,2026-08-26,1530,2027-06-30,0.8438356164,735.1987292056,737.6261242501,33.0168558262,-0.0020244925,155,0.4414268419,35.6148751777,205.5781900506,2,0,57.3202579134
daily,QQQ,2026-08-26,1530,2027-09-17,1.0602739726,741.5717595210,744.7829220660,43.3021147818,-0.0023625055,235,0.3974457000,38.1657516543,319.7370127077,2,0,57.3202579134
daily,QQQ,2026-08-26,1530,2027-12-17,1.3095890411,748.3054883866,752.5094534068,56.1797966936,-0.0016915130,244,0.4117033056,49.9152290290,385.5389030629,2,0,57.3202579134
daily,QQQ,2026-08-26,1530,2028-01-21,1.4054794521,750.8698378844,755.1738431611,57.3202579134,-0.0011872480,245,0.5186433729,54.1989188160,409.5504790502,2,0,57.3202579134
daily,QQQ,2026-08-27,1530,2026-08-28,0.0027397260,719.0901133026,719.0987673777,0.1203475749,-0.0680426752,115,0.0130750388,1.5230806008,2.0697132487,2,0,64.2579108496
daily,QQQ,2026-08-27,1530,2026-08-31,0.0109589041,719.1458920073,719.1611365650,0.2119814334,0.0035294480,133,0.0247368975,2.3893224333,3.3793567589,2,0,64.2579108496
daily,QQQ,2026-08-27,1530,2026-09-01,0.0136986301,719.2245971203,719.2420305081,0.2423914293,0.0022004685,138,0.0271295737,2.6951026064,4.2822828970,2,0,64.2579108496
daily,QQQ,2026-08-27,1530,2026-09-02,0.0164383562,719.2895570692,719.3162366413,0.3709156053,0.0018808442,146,0.0264677279,3.1470470522,5.1564222648,2,0,64.2579108496
daily,QQQ,2026-08-27,1530,2026-09-03,0.0191780822,719.3538026729,719.3814403954,0.3842020760,0.0023056105,151,0.0401203799,3.5879452499,5.9414249842,2,0,64.2579108496
daily,QQQ,2026-08-27,1530,2026-09-04,0.0219178082,719.6267677480,719.6686439772,0.5819159475,-0.0114517857,213,0.0337432487,6.1233391999,8.4911168640,2,0,64.2579108496
daily,QQQ,2026-08-27,1530,2026-09-08,0.0328767123,719.7309110996,719.7897430922,0.8174165062,-0.0001060553,162,0.0408201773,3.7809199774,9.0866265010,2,0,64.2579108496
daily,QQQ,2026-08-27,1530,2026-09-09,0.0356164384,719.8010817269,719.8656171928,0.8965736165,-0.0001390011,166,0.0549279653,3.4580087484,9.8892731594,2,0,64.2579108496
daily,QQQ,2026-08-27,1530,2026-09-10,0.0383561644,719.8698106879,719.9492467614,1.1034783270,-0.0004478000,32,0.0501632245,3.1256837835,7.7804105779,2,0,64.2579108496
daily,QQQ,2026-08-27,1530,2026-09-11,0.0410958904,720.0766773712,720.1631229497,1.2005051851,-0.0051163517,195,0.0518827285,2.0234747055,13.6883285564,2,0,64.2579108496
daily,QQQ,2026-08-27,1530,2026-09-18,0.0602739726,720.5940728175,720.7219985517,1.7752815211,-0.0042872024,243,0.0797064288,5.5630837066,22.9600516617,2,0,64.2579108496
daily,QQQ,2026-08-27,1530,2026-09-25,0.0794520548,720.4242867870,720.5327590527,1.5056719723,0.0092104696,203,0.1064201107,2.3367297146,19.5063322226,2,0,64.2579108496
daily,QQQ,2026-08-27,1530,2026-09-30,0.0931506849,720.6608495923,720.7921704779,1.8222286630,0.0095090765,315,0.0974844209,12.2349616883,22.4701306217,2,0,64.2579108496
daily,QQQ,2026-08-27,1530,2026-10-02,0.0986301370,720.8832905683,721.0417153864,2.1976486378,0.0075399964,195,0.1326176569,3.6419593206,22.6601438840,2,0,64.2579108496
daily,QQQ,2026-08-27,1530,2026-10-09,0.1178082192,721.5273395889,721.7537775648,3.1383145653,0.0039960113,48,0.2336629340,2.3355964379,3.9588360517,2,0,64.2579108496
daily,QQQ,2026-08-27,1530,2026-10-16,0.1369863014,722.0609544725,722.3095420700,3.4427508644,0.0031238588,256,0.1705772246,4.8612538354,43.2031826193,2,0,64.2579108496
daily,QQQ,2026-08-27,1530,2026-10-30,0.1753424658,723.1777000986,723.5357951199,4.9516878254,0.0012026818,259,0.1571586111,1.4583557049,41.2109170412,2,0,64.2579108496
daily,QQQ,2026-08-27,1530,2026-11-20,0.2328767123,724.7457444636,725.3375041137,8.1650655368,-0.0000969699,144,0.1929970099,43.2580137962,74.3153282011,2,0,64.2579108496
daily,QQQ,2026-08-27,1530,2026-11-30,0.2602739726,725.4944935514,726.0770698272,8.0300578564,0.0001241902,269,0.2472107863,6.9065076490,55.4996203545,2,0,64.2579108496
daily,QQQ,2026-08-27,1530,2026-12-18,0.3095890411,727.0014028197,727.7915112201,10.8680450591,-0.0012574498,202,0.1776650637,7.9401356367,100.1648302491,2,0,64.2579108496
daily,QQQ,2026-08-27,1530,2026-12-31,0.3452054795,727.3928425949,728.2150796237,11.3038922110,0.0012602506,141,0.2090579800,9.1142964451,87.7607867478,2,0,64.2579108496
daily,QQQ,2026-08-27,1530,2027-01-15,0.3863013699,728.9022269690,729.8666333088,13.2309424243,-0.0004887565,168,0.2274620920,32.0043953973,119.9675873939,2,0,64.2579108496
daily,QQQ,2026-08-27,1530,2027-02-19,0.4821917808,731.7283749220,733.0197323831,17.6480440747,-0.0013881941,183,0.2883113251,27.6193148390,145.6066898229,2,0,64.2579108496
daily,QQQ,2026-08-27,1530,2027-03-19,0.5589041096,734.0883945302,735.6538108494,21.3246297154,-0.0020691984,203,0.2846648275,29.4347866768,177.7162657781,2,0,64.2579108496
daily,QQQ,2026-08-27,1530,2027-03-31,0.5917808219,734.5797769822,736.2555526969,22.8127123453,-0.0010805667,234,0.2809885844,3.5544046533,145.3690244377,2,0,64.2579108496
daily,QQQ,2026-08-27,1530,2027-06-17,0.8054794521,741.1284581090,743.5751702513,33.0133341334,-0.0023051623,223,0.3552530431,33.3960347607,247.0098710191,2,0,64.2579108496
daily,QQQ,2026-08-27,1530,2027-06-30,0.8410958904,741.4433555110,743.9064991425,33.2209279793,-0.0010181595,154,0.3630654952,31.9530063868,200.9765593505,2,0,64.2579108496
daily,QQQ,2026-08-27,1530,2027-09-17,1.0575342466,748.2942073869,751.5935695152,44.0917769470,-0.0020932676,237,0.3436199568,37.2004945692,316.2454884438,2,0,64.2579108496
daily,QQQ,2026-08-27,1530,2027-12-17,1.3068493151,754.9770271805,759.5250644975,60.2407378405,-0.0015293003,241,0.4523746327,48.5226259840,381.4521795836,2,0,64.2579108496
daily,QQQ,2026-08-27,1530,2028-01-21,1.4027397260,756.7630629250,761.6258642682,64.2579108496,-0.0004565336,243,0.5021158184,52.0551278672,402.5403789393,2,0,64.2579108496
daily,QQQ,2026-08-31,1530,2026-09-01,0.0027397260,714.9749973739,714.9777262772,0.0381678152,0.0037632600,105,0.0077417082,0.3465859076,0.5176877757,2,0,61.5864744903
daily,QQQ,2026-08-31,1530,2026-09-02,0.0054794521,715.0548014539,715.0620123930,0.1008445663,-0.0004615968,125,0.0226082066,0.7907765814,1.9317639304,2,0,61.5864744903
daily,QQQ,2026-08-31,1530,2026-09-03,0.0082191781,715.1206681584,715.1326402678,0.1674138351,0.0004554844,130,0.0317892001,1.1678507465,1.9109366210,2,0,61.5864744903
daily,QQQ,2026-08-31,1530,2026-09-04,0.0109589041,715.3855820428,715.4225862764,0.5172627823,-0.0270627422,192,0.0281378228,3.0272410535,4.2971773603,2,0,61.5864744903
daily,QQQ,2026-08-31,1530,2026-09-08,0.0219178082,715.4845670541,715.5252242141,0.5682464982,-0.0009067174,144,0.0350825616,2.6563366585,5.7284846017,2,0,61.5864744903
daily,QQQ,2026-08-31,1530,2026-09-09,0.0246575342,715.5605296509,715.6056989891,0.6312441265,-0.0011070305,147,0.0528855239,3.1094803357,6.6479375509,2,0,61.5864744903
daily,QQQ,2026-08-31,1530,2026-09-10,0.0273972603,715.6406726079,715.6947993740,0.7563399914,-0.0017067230,151,0.0507570298,3.2950550438,7.6235581386,2,0,61.5864744903
daily,QQQ,2026-08-31,1530,2026-09-11,0.0301369863,715.8371214538,715.9039659651,0.9337949824,-0.0077623461,169,0.0446307096,3.4160446989,12.2000269194,2,0,61.5864744903
daily,QQQ,2026-08-31,1530,2026-09-14,0.0383561644,715.9213539079,715.9949778596,1.0283804396,-0.0011975874,36,0.0842855279,3.3161311286,8.6650256634,2,0,61.5864744903
daily,QQQ,2026-08-31,1530,2026-09-18,0.0493150685,716.3556718393,716.4598021716,1.4536121710,-0.0055716341,229,0.0740772130,5.7418840538,17.8914296759,2,0,61.5864744903
daily,QQQ,2026-08-31,1530,2026-09-25,0.0684931507,716.1630501574,716.2518625074,1.2401135455,0.0109614958,193,0.0907944105,2.6958386396,14.8607500270,2,0,61.5864744903
daily,QQQ,2026-08-31,1530,2026-09-30,0.0821917808,716.3843555068,716.4964920541,1.5653126194,0.0113697924,304,0.0824726957,10.7074670759,17.8001135067,2,0,61.5864744903
daily,QQQ,2026-08-31,1530,2026-10-02,0.0876712329,716.6086877317,716.7444966881,1.8951620143,0.0090836667,188,0.1112384310,3.8787870724,19.9302395992,2,0,61.5864744903
daily,QQQ,2026-08-31,1530,2026-10-09,0.1068493151,717.2893373373,717.4755568265,2.5961558250,0.0047238591,197,0.1500367296,4.5546291538,26.6500057608,2,0,61.5864744903
daily,QQQ,2026-08-31,1530,2026-10-16,0.1260273973,717.8034754093,718.0356955786,3.2351496937,0.0036154584,253,0.1388948907,5.5108353755,38.2972777415,2,0,61.5864744903
daily,QQQ,2026-08-31,1530,2026-10-30,0.1643835616,718.9146735181,719.2489382321,4.6495742301,0.0016541204,255,0.1577253222,1.3825769450,36.9154490692,2,0,61.5864744903
daily,QQQ,2026-08-31,1530,2026-11-20,0.2219178082,720.5244882921,721.0813495614,7.7285543839,-0.0000045291,144,0.0860681875,42.5503074421,70.4221541949,2,0,61.5864744903
daily,QQQ,2026-08-31,1530,2026-11-30,0.2493150685,721.2404638630,721.8198655304,8.0334048960,0.0002300997,271,0.2237862722,8.0560113033,56.2376325229,2,0,61.5864744903
daily,QQQ,2026-08-31,1530,2026-12-18,0.2986301370,722.8063208798,723.5418375769,10.1758476067,-0.0011623494,193,0.1736790850,8.7413665372,96.4615738330,2,0,61.5864744903
daily,QQQ,2026-08-31,1530,2026-12-31,0.3342465753,723.0901569808,723.9091263227,11.3259644586,0.0017177312,134,0.2616923421,11.0721468410,83.8008236942,2,0,61.5864744903
daily,QQQ,2026-08-31,1530,2027-01-15,0.3753424658,724.5619084616,725.5552208335,13.7091442463,-0.0000136745,167,0.2619096348,35.9365473425,116.1466571379,2,0,61.5864744903
daily,QQQ,2026-08-31,1530,2027-02-19,0.4712328767,727.5171847755,728.7990178006,17.6192817430,-0.0010989500,185,0.2147235938,27.4884553830,145.0432211144,2,0,61.5864744903
daily,QQQ,2026-08-31,1530,2027-03-19,0.5479452055,730.0077786661,731.5525312272,21.1607685047,-0.0019508737,198,0.2507625844,35.1557941305,176.4917315997,2,0,61.5864744903
daily,QQQ,2026-08-31,1530,2027-03-31,0.5808219178,730.2108483392,731.6596881471,19.8413898005,0.0003047444,235,0.2828616940,3.4723501896,144.0867628799,2,0,61.5864744903
daily,QQQ,2026-08-31,1530,2027-06-17,0.7945205479,737.1250793978,739.5795898332,33.2984252466,-0.0019364229,221,0.3777959050,35.0859961219,250.8162358536,2,0,61.5864744903
daily,QQQ,2026-08-31,1530,2027-06-30,0.8301369863,737.8963425615,740.3798737515,33.6569115026,-0.0013389878,153,0.3606293915,34.5704161273,206.3101948312,2,0,61.5864744903
daily,QQQ,2026-08-31,1530,2027-09-17,1.0465753425,744.4689449630,747.9646419755,46.9555786856,-0.0019348024,230,0.4395143497,40.0383393030,323.3687329459,2,0,61.5864744903
daily,QQQ,2026-08-31,1530,2027-12-17,1.2958904110,751.5794483732,756.0878432236,59.9856057825,-0.0012869574,238,0.4765528483,52.3408746149,391.8960013468,2,0,61.5864744903
daily,QQQ,2026-08-31,1530,2028-01-21,1.3917808219,754.2869903434,758.9323779923,61.5864744903,-0.0008125859,238,0.4484249297,56.8072528905,415.4392008894,2,0,61.5864744903
daily,QQQ,2026-09-01,1530,2026-09-02,0.0027397260,707.4099378621,707.4137348884,0.0536750488,-0.0099278159,99,0.0177786599,0.8762402232,1.5987574069,2,0,58.9747794473
daily,QQQ,2026-09-01,1530,2026-09-03,0.0054794521,707.4853128123,707.4911215130,0.0821034804,-0.0057075642,84,0.0255484824,0.8032848272,2.6155064186,2,0,58.9747794473
daily,QQQ,2026-09-01,1530,2026-09-04,0.0082191781,707.7502369915,707.7773084358,0.3824999682,-0.0401973501,196,0.0298145443,4.2309230971,6.8391981886,2,0,58.9747794473
daily,QQQ,2026-09-01,1530,2026-09-08,0.0191780822,707.8463606177,707.8794136270,0.4669517441,-0.0027838479,158,0.0326167372,3.7200336849,7.9066214766,2,0,58.9747794473
daily,QQQ,2026-09-01,1530,2026-09-09,0.0219178082,707.9116098594,707.9483393427,0.5188427883,-0.0020732227,163,0.0391487173,2.9483747291,8.7413815779,2,0,58.9747794473
daily,QQQ,2026-09-01,1530,2026-09-10,0.0246575342,707.9859340416,708.0326850466,0.6603380485,-0.0024033843,163,0.0538105125,4.5885260711,12.9109114347,2,0,58.9747794473
daily,QQQ,2026-09-01,1530,2026-09-11,0.0273972603,708.1862486154,708.2437251042,0.8116013110,-0.0091968911,187,0.0393616442,3.7706445547,14.2159015907,2,0,58.9747794473
daily,QQQ,2026-09-01,1530,2026-09-14,0.0356164384,708.2794867680,708.3347952140,0.7808844815,-0.0018140063,37,0.0714767195,4.1119366111,11.4662842190,2,0,58.9747794473
daily,QQQ,2026-09-01,1530,2026-09-15,0.0383561644,707.9543526313,707.9876173435,0.4698708625,0.0138428095,37,0.0328871935,2.2432941165,6.1645351836,2,0,58.9747794473
daily,QQQ,2026-09-01,1530,2026-09-18,0.0465753425,708.6797933944,708.7679317026,1.2436972111,-0.0054676023,237,0.0678881607,7.4816893611,21.8893103711,2,0,58.9747794473
daily,QQQ,2026-09-01,1530,2026-09-25,0.0657534247,708.4787327925,708.5605624892,1.1550056887,0.0117888124,198,0.0973833036,3.0824082697,18.2635225486,2,0,58.9747794473
daily,QQQ,2026-09-01,1530,2026-09-30,0.0794520548,708.7171870012,708.8148465106,1.3779757457,0.0118676560,303,0.1131871381,13.5386980769,22.0056570357,2,0,58.9747794473
daily,QQQ,2026-09-01,1530,2026-10-02,0.0849315068,708.9932379001,709.1245628340,1.8522734338,0.0084450449,195,0.0890916332,5.2867728116,24.0520854962,2,0,58.9747794473
daily,QQQ,2026-09-01,1530,2026-10-09,0.1041095890,709.5943718361,709.7608694086,2.3463767347,0.0053934837,201,0.1116544359,5.9450473658,30.8156486661,2,0,58.9747794473
daily,QQQ,2026-09-01,1530,2026-10-16,0.1232876712,710.0901634110,710.3145324609,3.1597262075,0.0042414712,265,0.1469718480,6.4743842084,42.2881295268,2,0,58.9747794473
daily,QQQ,2026-09-01,1530,2026-10-30,0.1616438356,711.2175023627,711.5279249965,4.3646652780,0.0019641114,261,0.1509011396,1.7152893728,40.4943364929,2,0,58.9747794473
daily,QQQ,2026-09-01,1530,2026-11-20,0.2191780822,712.8969484759,713.3509175311,6.3679477969,0.0001077497,146,0.1809446746,47.6310270940,73.7881962885,2,0,58.9747794473
daily,QQQ,2026-09-01,1530,2026-11-30,0.2465753425,713.4722447585,714.0359845289,7.9013553031,0.0005795946,277,0.2078091374,9.7133066884,58.7572860908,2,0,58.9747794473
daily,QQQ,2026-09-01,1530,2026-12-18,0.2958904110,715.1115364414,715.7838660529,9.4017447237,-0.0010242041,205,0.1323626757,10.7709528654,98.7485297558,2,0,58.9747794473
daily,QQQ,2026-09-01,1530,2026-12-31,0.3315068493,715.6479275876,716.3464081459,9.7601143155,0.0010781544,132,0.2407213426,11.6451834419,87.6342038929,2,0,58.9747794473
daily,QQQ,2026-09-01,1530,2027-01-15,0.3726027397,716.9795552491,717.8741265845,12.4769434344,-0.0003563187,170,0.1732456424,43.1937863827,120.6020948368,2,0,58.9747794473
daily,QQQ,2026-09-01,1530,2027-02-19,0.4684931507,719.8064107266,721.0066465347,16.6744250975,-0.0014183033,183,0.1931617859,34.1651570521,146.1270815254,2,0,58.9747794473
daily,QQQ,2026-09-01,1530,2027-03-19,0.5452054795,722.3219384247,723.7645719602,19.9721683461,-0.0023422383,202,0.2740809014,33.6172976220,182.8364618665,2,0,58.9747794473
daily,QQQ,2026-09-01,1530,2027-03-31,0.5780821918,722.6423702520,724.1800827377,21.2790247159,-0.0007648813,235,0.2748450128,3.7774198930,150.9261275096,2,0,58.9747794473
daily,QQQ,2026-09-01,1530,2027-06-17,0.7917808219,729.5535183990,731.8089103126,30.9146876374,-0.0022285225,219,0.3183486859,36.0267765020,257.9001986965,2,0,58.9747794473
daily,QQQ,2026-09-01,1530,2027-06-30,0.8273972603,730.0991227630,732.3629199900,31.0067106829,-0.0012026753,146,0.4022667406,37.1042186784,209.2183557136,2,0,58.9747794473
daily,QQQ,2026-09-01,1530,2027-09-17,1.0438356164,736.7011973709,739.7007505895,40.7160084615,-0.0015433645,234,0.3860654013,41.3359060522,328.2056164571,2,0,58.9747794473
daily,QQQ,2026-09-01,1530,2027-12-17,1.2931506849,744.3280149225,748.4982548969,56.0269113979,-0.0017790071,234,0.4889837463,54.6520554642,400.6755342612,2,0,58.9747794473
daily,QQQ,2026-09-01,1530,2028-01-21,1.3890410959,746.6716504984,751.0751300892,58.9747794473,-0.0010476034,243,0.4140034607,62.4194803022,425.1389945974,2,0,58.9747794473
daily,QQQ,2026-09-02,1530,2026-09-03,0.0027397260,708.8499842022,708.8545723851,0.0647271354,-0.0152046734,120,0.0197028073,1.2006996228,1.4518431212,2,0,63.1005001980
daily,QQQ,2026-09-02,1530,2026-09-04,0.0054794521,709.1200252778,709.1460905473,0.3675720410,-0.0634208687,179,0.0260822178,3.5401984230,4.1992833376,2,0,63.1005001980
daily,QQQ,2026-09-02,1530,2026-09-08,0.0164383562,709.2107648134,709.2458196033,0.4942788753,-0.0040686951,136,0.0401563584,4.2964919219,6.0400204702,2,0,63.1005001980
daily,QQQ,2026-09-02,1530,2026-09-09,0.0191780822,709.2902138640,709.3276469328,0.5277539150,-0.0040116316,152,0.0316186965,4.5654101387,6.9636772427,2,0,63.1005001980
daily,QQQ,2026-09-02,1530,2026-09-10,0.0219178082,709.3619891456,709.4052901210,0.6104214207,-0.0036991270,154,0.0498476861,3.2859488463,6.6743845917,2,0,63.1005001980
daily,QQQ,2026-09-02,1530,2026-09-11,0.0246575342,709.5755452527,709.6366259959,0.8608067687,-0.0122400319,164,0.0625313009,4.1813594737,8.5511299134,2,0,63.1005001980
daily,QQQ,2026-09-02,1530,2026-09-14,0.0328767123,709.6218928993,709.7151723790,1.3144955164,-0.0029367137,35,0.0217900935,4.0023730811,7.4451904604,2,0,63.1005001980
daily,QQQ,2026-09-02,1530,2026-09-15,0.0356164384,709.7246232485,709.7980967295,1.0352392835,-0.0030343148,32,0.0601730572,3.8009192210,7.9552050477,2,0,63.1005001980
daily,QQQ,2026-09-02,1530,2026-09-16,0.0383561644,709.8047122837,709.8837897239,1.1140731933,-0.0032192993,32,0.1274077123,1.8533194304,8.4622586254,2,0,63.1005001980
daily,QQQ,2026-09-02,1530,2026-09-18,0.0438356164,710.0651604668,710.1662256552,1.4233227324,-0.0070864117,225,0.0686188572,7.4737059838,16.8605051512,2,0,63.1005001980
daily,QQQ,2026-09-02,1530,2026-09-25,0.0630136986,709.8570734887,709.9359034222,1.1105043039,0.0119168907,196,0.0912916982,2.9757104464,14.1775622748,2,0,63.1005001980
daily,QQQ,2026-09-02,1530,2026-09-30,0.0767123288,710.0923274323,710.1941191377,1.4334995808,0.0119125718,305,0.0936402221,10.6400121232,17.0612925509,2,0,63.1005001980
daily,QQQ,2026-09-02,1530,2026-10-02,0.0821917808,710.3880697260,710.5153325422,1.7914548628,0.0081794020,189,0.1194486604,4.5720341852,20.0379487059,2,0,63.1005001980
daily,QQQ,2026-09-02,1530,2026-10-09,0.1013698630,710.9927805549,711.1719113049,2.5194454135,0.0049447035,198,0.1210326756,5.3681550875,26.0920271824,2,0,63.1005001980
daily,QQQ,2026-09-02,1530,2026-10-16,0.1205479452,711.5167122156,711.7327872207,3.0368226259,0.0038616677,252,0.1504608836,6.4388663004,38.3897479494,2,0,63.1005001980
daily,QQQ,2026-09-02,1530,2026-10-30,0.1589041096,712.6071511225,712.9287334106,4.5127569588,0.0017732779,252,0.1475468301,1.6280496498,37.5935442123,2,0,63.1005001980
daily,QQQ,2026-09-02,1530,2026-11-20,0.2164383562,714.2355448278,714.7271090046,6.8823818746,0.0001388787,145,0.1386409900,43.1839986959,70.2220063071,2,0,63.1005001980
daily,QQQ,2026-09-02,1530,2026-11-30,0.2438356164,714.8806560293,715.4270406090,7.6430181049,0.0005459468,275,0.2176449413,8.5883950902,55.1244990047,2,0,63.1005001980
daily,QQQ,2026-09-02,1530,2026-12-18,0.2931506849,716.4487986246,717.1601362627,9.9286597934,-0.0009755244,198,0.1256757870,9.0521676051,97.0637095368,2,0,63.1005001980
daily,QQQ,2026-09-02,1530,2026-12-31,0.3287671233,716.9602394579,717.7872332218,11.5347228258,0.0008806797,133,0.2038128287,11.4590139159,86.4941250417,2,0,63.1005001980
daily,QQQ,2026-09-02,1530,2027-01-15,0.3698630137,718.3663062128,719.2960254736,12.9421334595,-0.0004435520,166,0.2808218785,38.0747483313,117.9491142086,2,0,63.1005001980
daily,QQQ,2026-09-02,1530,2027-02-19,0.4657534247,721.2250626199,722.4204703854,16.5746842071,-0.0014314665,182,0.2225462942,33.8474405380,146.7059385971,2,0,63.1005001980
daily,QQQ,2026-09-02,1530,2027-03-19,0.5424657534,723.6903133107,725.3371210383,22.7556967024,-0.0027323373,194,0.3066894643,38.9815379248,178.5903167914,2,0,63.1005001980
daily,QQQ,2026-09-02,1530,2027-03-31,0.5753424658,723.8508734262,725.4557313094,22.1711120646,-0.0003950030,237,0.2501978718,3.7105087119,146.5301567119,2,0,63.1005001980
daily,QQQ,2026-09-02,1530,2027-06-17,0.7890410959,731.1290814906,733.4482964449,31.7210054008,-0.0024896062,215,0.3511800216,35.8668863297,254.7948402242,2,0,63.1005001980
daily,QQQ,2026-09-02,1530,2027-06-30,0.8246575342,731.3462836373,733.6684151155,31.7514634333,-0.0008825712,152,0.3306190234,36.5091196338,208.9556866815,2,0,63.1005001980
daily,QQQ,2026-09-02,1530,2027-09-17,1.0410958904,737.7981063449,741.4491831900,49.4861238288,-0.0017853692,229,0.4142829695,43.7895938171,328.2053775339,2,0,63.1005001980
daily,QQQ,2026-09-02,1530,2027-12-17,1.2904109589,744.8744234900,749.2197497126,58.3363595998,-0.0008059859,237,0.3911487839,52.6924717964,395.3891717093,2,0,63.1005001980
daily,QQQ,2026-09-02,1530,2028-01-21,1.3863013699,747.2793011355,751.9946709045,63.1005001980,-0.0002973328,241,0.4291910161,60.7057390519,420.5176618449,2,0,63.1005001980
daily,QQQ,2026-09-03,1530,2026-09-04,0.0027397260,717.9702064012,717.9899780074,0.2753819874,-0.1092042093,91,0.0093513144,2.4644083166,3.9121321216,2,0,62.1101589128
daily,QQQ,2026-09-03,1530,2026-09-08,0.0136986301,718.0545048477,718.0788287083,0.3387467163,-0.0002821017,120,0.0244891737,3.3935810949,6.6754417569,2,0,62.1101589128
daily,QQQ,2026-09-03,1530,2026-09-09,0.0164383562,718.1250785997,718.1549324326,0.4157191247,-0.0003086992,134,0.0268840882,3.8374600892,7.1715194448,2,0,62.1101589128
daily,QQQ,2026-09-03,1530,2026-09-10,0.0191780822,718.1958766948,718.2282635043,0.4509467474,-0.0001258196,143,0.0252763022,6.0120662334,8.0377808793,2,0,62.1101589128
daily,QQQ,2026-09-03,1530,2026-09-11,0.0219178082,718.4353647409,718.4847805724,0.6878257094,-0.0116222884,145,0.0348152105,3.3681666007,9.8944948262,2,0,62.1101589128
daily,QQQ,2026-09-03,1530,2026-09-14,0.0301369863,718.5340704357,718.5938819842,0.8324107502,-0.0030617787,34,0.0759763285,2.8682841291,9.2236513537,2,0,62.1101589128
daily,QQQ,2026-09-03,1530,2026-09-15,0.0328767123,718.6145413472,718.6852404421,0.9838249967,-0.0034867550,37,0.0399470854,2.9119191835,14.1770308838,2,0,62.1101589128
daily,QQQ,2026-09-03,1530,2026-09-16,0.0356164384,718.6900222677,718.7808601723,1.2639371874,-0.0040123504,36,0.0595998952,1.7511660438,13.9665605150,2,0,62.1101589128
daily,QQQ,2026-09-03,1530,2026-09-17,0.0383561644,719.0612958874,719.2501668187,2.6266318665,-0.0180113480,39,0.0692071858,1.8533847790,13.6978691402,2,0,62.1101589128
daily,QQQ,2026-09-03,1530,2026-09-18,0.0410958904,718.9565019627,719.0489635502,1.2860525943,-0.0074533019,226,0.0555305904,7.9249752912,19.3621693032,2,0,62.1101589128
daily,QQQ,2026-09-03,1530,2026-09-25,0.0602739726,718.7513341575,718.8265802486,1.0469001939,0.0122173600,193,0.0796765273,2.1166630319,16.6739187891,2,0,62.1101589128
daily,QQQ,2026-09-03,1530,2026-09-30,0.0739726027,718.9877902147,719.0820260982,1.3106743227,0.0122331826,300,0.0902003820,13.5089335925,20.5612659050,2,0,62.1101589128
daily,QQQ,2026-09-03,1530,2026-10-02,0.0794520548,719.3610954275,719.4868988136,1.7488210978,0.0069421882,191,0.1055887787,3.5314895204,23.6596333177,2,0,62.1101589128
daily,QQQ,2026-09-03,1530,2026-10-09,0.0986301370,719.8959541873,720.0600200632,2.2790220582,0.0051387927,203,0.1147226106,3.9452350833,27.5966172081,2,0,62.1101589128
daily,QQQ,2026-09-03,1530,2026-10-16,0.1178082192,720.4049721089,720.6202781336,2.9886804372,0.0041051273,249,0.1507744127,4.6078248815,39.6046035011,2,0,62.1101589128
daily,QQQ,2026-09-03,1530,2026-10-23,0.1369863014,720.9603574161,721.2379727309,3.8506321733,0.0027736463,49,0.2418116896,2.8880463797,4.7034075802,2,0,62.1101589128
daily,QQQ,2026-09-03,1530,2026-10-30,0.1561643836,721.5162088872,721.8339795502,4.4042068504,0.0019626757,253,0.1399483912,1.2693876959,38.8442831659,2,0,62.1101589128
daily,QQQ,2026-09-03,1530,2026-11-20,0.2136986301,723.1863985019,723.7256011311,7.4559287939,-0.0001937636,146,0.1416306437,45.9775616135,70.7259594846,2,0,62.1101589128
daily,QQQ,2026-09-03,1530,2026-11-30,0.2410958904,723.8995597676,724.4401832120,7.4682107081,0.0002223038,278,0.2086843711,6.8632733984,56.9517172305,2,0,62.1101589128
daily,QQQ,2026-09-03,1530,2026-12-18,0.2904109589,725.4825694832,726.1767798694,9.5689464557,-0.0009082638,199,0.1093739743,10.5896342951,98.0070546931,2,0,62.1101589128
daily,QQQ,2026-09-03,1530,2026-12-31,0.3260273973,726.0278354841,726.8419340389,11.2130487985,0.0010409912,136,0.1424209300,8.9675149747,88.5017301963,2,0,62.1101589128
daily,QQQ,2026-09-03,1530,2027-01-15,0.3671232877,727.2884399244,728.2849677273,13.7019612595,-0.0000363284,168,0.2457653108,34.1527149658,119.4864601520,2,0,62.1101589128
daily,QQQ,2026-09-03,1530,2027-02-19,0.4630136986,730.3126251557,731.5414832473,16.8264664920,-0.0016003832,182,0.2315739413,28.7678089591,148.5799799873,2,0,62.1101589128
daily,QQQ,2026-09-03,1530,2027-03-19,0.5397260274,732.6185954958,734.1776262574,21.2802510231,-0.0021934214,203,0.2626049712,33.2172988232,177.9135189683,2,0,62.1101589128
daily,QQQ,2026-09-03,1530,2027-03-31,0.5726027397,733.3269941683,734.9959646990,22.7588857899,-0.0015583704,232,0.2803612462,2.9387040223,149.8173575293,2,0,62.1101589128
daily,QQQ,2026-09-03,1530,2027-06-17,0.7863013699,740.0526325578,742.3683299713,31.2909827181,-0.0022089307,217,0.3101013666,34.0342648237,249.9850255937,2,0,62.1101589128
daily,QQQ,2026-09-03,1530,2027-06-30,0.8219178082,740.8069797109,743.4655709624,35.8877727176,-0.0020575813,149,0.4244494243,33.4821822804,205.0480545013,2,0,62.1101589128
daily,QQQ,2026-09-03,1530,2027-09-17,1.0383561644,747.5735546062,751.2943354882,49.7714353204,-0.0027068795,230,0.3789876939,38.4520105836,321.8101973112,2,0,62.1101589128
daily,QQQ,2026-09-03,1530,2027-12-17,1.2876712329,754.7450121977,759.4327454624,62.1101589128,-0.0017556094,240,0.4018170516,50.4153231269,390.6195288357,2,0,62.1101589128
daily,QQQ,2026-09-03,1530,2028-01-21,1.3835616438,756.7364110317,761.3651324717,61.1668920972,-0.0003226601,241,0.4359147538,53.9484752700,412.2474224437,2,0,62.1101589128
daily,QQQ,2026-09-04,1530,2026-09-08,0.0109589041,717.6902892167,717.6930126733,0.0379475199,0.0302278396,92,0.0276226804,1.1346278865,1.9984751776,2,0,60.8654037720
daily,QQQ,2026-09-04,1530,2026-09-09,0.0136986301,717.7593502763,717.7690694876,0.1354104441,0.0240945467,111,0.0204445996,1.1375594200,3.0908718725,2,0,60.8654037720
daily,QQQ,2026-09-04,1530,2026-09-10,0.0164383562,717.8242611626,717.8384820707,0.1981112772,0.0205694316,119,0.0346327663,2.0597650728,3.7748493871,2,0,60.8654037720
daily,QQQ,2026-09-04,1530,2026-09-11,0.0191780822,718.0307556449,718.0522166594,0.2988871198,0.0075706834,138,0.0327458012,3.6224408424,6.9965999273,2,0,60.8654037720
daily,QQQ,2026-09-04,1530,2026-09-14,0.0273972603,718.1232704337,718.1444492198,0.2949185322,0.0120833707,30,0.0308400719,4.4260435473,5.7535442781,2,0,60.8654037720
daily,QQQ,2026-09-04,1530,2026-09-15,0.0301369863,718.1678898308,718.2167888251,0.6808852772,0.0111189534,31,0.0460673959,1.7599383415,6.0902927718,2,0,60.8654037720
daily,QQQ,2026-09-04,1530,2026-09-16,0.0328767123,718.2641010504,718.2997689734,0.4965850719,0.0098649998,33,0.0663179498,1.2054848184,6.0892359445,2,0,60.8654037720
daily,QQQ,2026-09-04,1530,2026-09-17,0.0356164384,718.3113120278,718.3586720121,0.6593239380,0.0097453707,28,0.1016898286,1.7430488500,9.8882881267,2,0,60.8654037720
daily,QQQ,2026-09-04,1530,2026-09-18,0.0383561644,718.5036695247,718.5654122671,0.8593239680,0.0042785348,218,0.0515307464,5.9564750929,13.7989019254,2,0,60.8654037720
daily,QQQ,2026-09-04,1530,2026-09-25,0.0575342466,718.3084802594,718.3568994984,0.6740730528,0.0206432944,190,0.0669574050,1.6369876803,11.7986043373,2,0,60.8654037720
daily,QQQ,2026-09-04,1530,2026-09-30,0.0712328767,718.5592414916,718.6268166329,0.9404254714,0.0187533918,309,0.0724241043,9.1160095860,14.5469164340,2,0,60.8654037720
daily,QQQ,2026-09-04,1530,2026-10-02,0.0767123288,718.8374530415,718.9255523708,1.2255806777,0.0147274142,191,0.1023491604,2.5426002070,16.8648093632,2,0,60.8654037720
daily,QQQ,2026-09-04,1530,2026-10-09,0.0958904110,719.4402639004,719.5788475079,1.9262698308,0.0099021453,192,0.1403618474,3.3597197978,23.2028366704,2,0,60.8654037720
daily,QQQ,2026-09-04,1530,2026-10-16,0.1150684932,719.9736402345,720.1561469284,2.5349079979,0.0075909895,251,0.1438280919,4.0606341834,36.7771432620,2,0,60.8654037720
daily,QQQ,2026-09-04,1530,2026-10-23,0.1342465753,720.4830381812,720.7136988050,3.2014719508,0.0064386186,207,0.1715778470,4.4460661390,34.1992397664,2,0,60.8654037720
daily,QQQ,2026-09-04,1530,2026-10-30,0.1534246575,721.0883090921,721.3740328392,3.9623960546,0.0048395333,252,0.1259883638,1.1597052436,35.1452287725,2,0,60.8654037720
daily,QQQ,2026-09-04,1530,2026-11-20,0.2109589041,722.7322779991,723.2275730650,6.8530918161,0.0019778227,145,0.1391542819,42.0383942409,67.1505984866,2,0,60.8654037720
daily,QQQ,2026-09-04,1530,2026-11-30,0.2383561644,723.4155822266,723.9426559393,7.2859048883,0.0019932832,274,0.2339789597,6.3995152591,52.9328762508,2,0,60.8654037720
daily,QQQ,2026-09-04,1530,2026-12-18,0.2876712329,724.9859049222,725.6878851622,9.6826743141,0.0003824910,195,0.1148717588,11.1772264392,93.8499829220,2,0,60.8654037720
daily,QQQ,2026-09-04,1530,2026-12-31,0.3232876712,725.5859574945,726.3624598533,10.7017280407,0.0021317706,128,0.2536515894,9.9243414263,83.9230559942,2,0,60.8654037720
daily,QQQ,2026-09-04,1530,2027-01-15,0.3643835616,726.7109109421,727.6458716448,12.8656483423,0.0014669410,162,0.2802633258,34.9081696851,112.9553151398,2,0,60.8654037720
daily,QQQ,2026-09-04,1530,2027-02-19,0.4602739726,729.8766076750,731.1283000504,17.1493696638,-0.0012853800,178,0.2506234009,28.0614832672,142.8189203625,2,0,60.8654037720
daily,QQQ,2026-09-04,1530,2027-03-19,0.5369863014,732.1742820253,733.6906003598,20.7098005451,-0.0019092928,198,0.2947815281,32.2759231113,171.7973140724,2,0,60.8654037720
daily,QQQ,2026-09-04,1530,2027-03-31,0.5698630137,733.1204786199,734.6004066263,20.1866957683,-0.0015736247,230,0.2747696421,2.7600713896,145.5961183546,2,0,60.8654037720
daily,QQQ,2026-09-04,1530,2027-06-17,0.7835616438,739.8840104332,742.3375450240,33.1610706039,-0.0031695091,217,0.3119464873,31.7678416693,246.9752671519,2,0,60.8654037720
daily,QQQ,2026-09-04,1530,2027-06-30,0.8191780822,740.3181445959,742.7635265293,33.0315007297,-0.0019231604,150,0.3944577864,32.5668579417,199.7878392601,2,0,60.8654037720
daily,QQQ,2026-09-04,1530,2027-09-17,1.0356164384,746.9885349505,750.5513999877,47.6963818119,-0.0027681496,227,0.4561845083,37.6296913619,315.3540327500,2,0,60.8654037720
daily,QQQ,2026-09-04,1530,2027-12-17,1.2849315068,753.8732049020,758.3084119302,58.8322678062,-0.0014280821,234,0.4363354120,49.0833918225,382.5761060996,2,0,60.8654037720
daily,QQQ,2026-09-04,1530,2028-01-21,1.3808219178,756.3145269974,760.9178659038,60.8654037720,-0.0006653803,241,0.4378922819,53.2736793624,406.8533541783,2,0,60.8654037720
daily,QQQ,2026-09-08,1530,2026-09-09,0.0027397260,719.2498185607,719.2502332791,0.0057659854,0.0123481738,74,0.0133818989,0.5953842858,0.7210071171,2,0,62.1208302314
daily,QQQ,2026-09-08,1530,2026-09-10,0.0054794521,719.2900601373,719.2935471123,0.0484780099,0.0141046655,113,0.0242662700,0.7150134061,1.7744661225,2,0,62.1208302314
daily,QQQ,2026-09-08,1530,2026-09-11,0.0082191781,719.4801493141,719.4958936195,0.2188289055,-0.0122047741,132,0.0304168939,2.3074919200,3.6169592342,2,0,62.1208302314
daily,QQQ,2026-09-08,1530,2026-09-14,0.0164383562,719.5428249644,719.5630990062,0.2817628240,0.0071362129,28,0.0576773480,3.2066145900,3.8196190327,2,0,62.1208302314
daily,QQQ,2026-09-08,1530,2026-09-15,0.0191780822,719.6047132367,719.6322881312,0.3831950234,0.0065091024,24,0.0312391886,2.8015854336,4.2377967227,2,0,62.1208302314
daily,QQQ,2026-09-08,1530,2026-09-16,0.0219178082,719.6697261865,719.7016078890,0.4430046356,0.0060309100,24,0.0313212786,1.7101835784,4.7968963818,2,0,62.1208302314
daily,QQQ,2026-09-08,1530,2026-09-17,0.0246575342,719.7344154714,719.7658019637,0.4360843625,0.0059481668,32,0.0513645882,1.2552289349,5.3332579005,2,0,62.1208302314
daily,QQQ,2026-09-08,1530,2026-09-18,0.0273972603,719.9009335519,719.9467104704,0.6358780268,-0.0000354283,205,0.0478933111,3.6291581867,10.5293576267,2,0,62.1208302314
daily,QQQ,2026-09-08,1530,2026-09-21,0.0356164384,719.5193526367,719.5399763792,0.2866322142,0.0245718548,38,0.0420035369,0.8729379441,4.4245440322,2,0,62.1208302314
daily,QQQ,2026-09-08,1530,2026-09-22,0.0383561644,719.5193028034,719.5400373148,0.2881717192,0.0255174495,35,0.0446199756,0.9617291918,4.5482046772,2,0,62.1208302314
daily,QQQ,2026-09-08,1530,2026-09-25,0.0465753425,719.7245148956,719.7598042174,0.4903170733,0.0211355154,187,0.0745558557,1.2458689951,8.7043907466,2,0,62.1208302314
daily,QQQ,2026-09-08,1530,2026-09-30,0.0602739726,719.9749429141,720.0239161844,0.6802079823,0.0188454096,297,0.0726848454,7.4475532891,12.4898882510,2,0,62.1208302314
daily,QQQ,2026-09-08,1530,2026-10-02,0.0657534247,720.2481016429,720.3211031654,1.0135607764,0.0141524997,186,0.1003188725,2.1736015802,14.5466908381,2,0,62.1208302314
daily,QQQ,2026-09-08,1530,2026-10-09,0.0849315068,720.8842635714,721.0023173207,1.6376241689,0.0084075248,194,0.1392874582,2.9154686217,21.0617316067,2,0,62.1208302314
daily,QQQ,2026-09-08,1530,2026-10-16,0.1041095890,721.4045123047,721.5712052568,2.3106724346,0.0064574978,255,0.1372303616,3.5203342287,32.1274449818,2,0,62.1208302314
daily,QQQ,2026-09-08,1530,2026-10-23,0.1232876712,722.0091421438,722.2196467657,2.9155395630,0.0042256874,205,0.1693595501,4.2500884825,32.5348141570,2,0,62.1208302314
daily,QQQ,2026-09-08,1530,2026-10-30,0.1424657534,722.5243028245,722.7929697338,3.7184480614,0.0035711519,244,0.1287001072,1.1092683454,33.3468053936,2,0,62.1208302314
daily,QQQ,2026-09-08,1530,2026-11-20,0.2000000000,724.2227185811,724.6588103116,6.0215140916,0.0010847288,143,0.1505114578,41.3174094276,64.8394402537,2,0,62.1208302314
daily,QQQ,2026-09-08,1530,2026-11-30,0.2273972603,724.8666707169,725.3577603567,6.7748961238,0.0014116495,281,0.2311672918,5.7822216905,51.3900967718,2,0,62.1208302314
daily,QQQ,2026-09-08,1530,2026-12-18,0.2767123288,726.4951293566,727.1467314360,8.9691183480,-0.0004801736,194,0.1117654706,10.0498164182,91.5452635894,2,0,62.1208302314
daily,QQQ,2026-09-08,1530,2026-12-31,0.3123287671,727.1528462352,727.8427691166,9.4880035871,0.0013183896,133,0.1924019912,9.1592871099,82.3610224991,2,0,62.1208302314
daily,QQQ,2026-09-08,1530,2027-01-15,0.3534246575,728.3310215650,729.1956193239,11.8709451232,0.0006275225,169,0.2059719909,32.8536297664,111.2644728673,2,0,62.1208302314
daily,QQQ,2026-09-08,1530,2027-02-19,0.4493150685,731.2884878253,732.4708638751,16.1683941366,-0.0012117380,178,0.2475190038,28.5420687579,140.2385993569,2,0,62.1208302314
daily,QQQ,2026-09-08,1530,2027-03-19,0.5260273973,733.7738166781,735.2433335181,20.0268366983,-0.0023596675,201,0.1916159401,30.4947189630,170.0912311078,2,0,62.1208302314
daily,QQQ,2026-09-08,1530,2027-03-31,0.5589041096,734.3299654049,735.9261710636,21.7368994028,-0.0013900632,237,0.2602468848,2.7986276352,142.2445933728,2,0,62.1208302314
daily,QQQ,2026-09-08,1530,2027-06-17,0.7726027397,741.4038487837,743.7652362021,31.8502179643,-0.0030034289,217,0.3340952061,30.7154362595,244.0906882725,2,0,62.1208302314
daily,QQQ,2026-09-08,1530,2027-06-30,0.8082191781,741.5859957548,744.0160940755,32.7689348861,-0.0014216429,153,0.3579880962,31.3701404060,196.9116049258,2,0,62.1208302314
daily,QQQ,2026-09-08,1530,2027-09-17,1.0246575342,748.3047594662,751.6038304033,44.0872638496,-0.0019992685,232,0.4094985418,36.6709582947,313.4122284648,2,0,62.1208302314
daily,QQQ,2026-09-08,1530,2027-12-17,1.2739726027,755.1680706247,759.6049238262,58.7531885168,-0.0010033723,242,0.3973428183,47.8174400854,379.6307120832,2,0,62.1208302314
daily,QQQ,2026-09-08,1530,2028-01-21,1.3698630137,757.6581427655,762.3647780515,62.1208302314,-0.0003912527,245,0.4021060060,52.0041629553,404.3547909801,2,0,62.1208302314
daily,QQQ,2026-09-09,1530,2026-09-10,0.0027397260,716.3099280841,716.3158236376,0.0823045052,-0.0107899018,83,0.0316283690,1.0388919036,1.4439812101,2,0,63.0289716400
daily,QQQ,2026-09-09,1530,2026-09-11,0.0054794521,716.5196914753,716.5334840583,0.1924941236,-0.0418209198,127,0.0234081333,2.3080161022,3.4483651640,2,0,63.0289716400
daily,QQQ,2026-09-09,1530,2026-09-14,0.0136986301,716.5808235562,716.5987215237,0.2497689993,-0.0005501377,29,0.0337375649,3.4124376328,4.7159236333,2,0,63.0289716400
daily,QQQ,2026-09-09,1530,2026-09-15,0.0164383562,716.6328951308,716.6624070859,0.4118141284,0.0004754903,26,0.0170997089,3.1623446647,4.1668885363,2,0,63.0289716400
daily,QQQ,2026-09-09,1530,2026-09-16,0.0191780822,716.7025952780,716.7325287394,0.4176552677,0.0007402606,28,0.0577129099,0.9554727610,5.1513668418,2,0,63.0289716400
daily,QQQ,2026-09-09,1530,2026-09-17,0.0219178082,716.7623016497,716.7960753347,0.4711978425,0.0013577842,28,0.0414873272,1.5030056004,5.5884254794,2,0,63.0289716400
daily,QQQ,2026-09-09,1530,2026-09-18,0.0246575342,716.9458868109,716.9912119794,0.6321979021,-0.0056054821,206,0.0531740490,6.0160927102,10.3948893461,2,0,63.0289716400
daily,QQQ,2026-09-09,1530,2026-09-21,0.0328767123,716.5569459704,716.5753226995,0.2564587390,0.0229542496,32,0.0984013841,1.9983495232,5.5386492044,2,0,63.0289716400
daily,QQQ,2026-09-09,1530,2026-09-22,0.0356164384,716.5571082445,716.5764323437,0.2696798195,0.0240712499,42,0.0497674845,0.7076107249,5.0651932456,2,0,63.0289716400
daily,QQQ,2026-09-09,1530,2026-09-23,0.0383561644,716.5649916805,716.5874086578,0.3128394158,0.0246696996,42,0.0496419197,0.8412596057,4.9750157327,2,0,63.0289716400
daily,QQQ,2026-09-09,1530,2026-09-25,0.0438356164,716.7362266551,716.7687726375,0.4540859127,0.0205680692,184,0.0818695608,1.3825610414,8.2590451500,2,0,63.0289716400
daily,QQQ,2026-09-09,1530,2026-09-30,0.0575342466,717.0072019817,717.0446850908,0.5227717250,0.0180388406,296,0.0863802851,7.1216932321,11.6204445688,2,0,63.0289716400
daily,QQQ,2026-09-09,1530,2026-10-02,0.0630136986,717.2832840387,717.3512824129,0.9479988697,0.0129939799,183,0.1193211735,2.2326094326,14.3272312141,2,0,63.0289716400
daily,QQQ,2026-09-09,1530,2026-10-09,0.0821917808,717.9040657123,718.0208716421,1.6270409282,0.0074868613,198,0.1288770276,3.0387525693,20.7730043853,2,0,63.0289716400
daily,QQQ,2026-09-09,1530,2026-10-16,0.1013698630,718.4054629784,718.5722882784,2.3221607937,0.0060728679,251,0.1470503264,4.0671165780,31.6193146160,2,0,63.0289716400
daily,QQQ,2026-09-09,1530,2026-10-23,0.1205479452,718.9440429130,719.1528811433,2.9047911637,0.0047771108,209,0.1504555581,4.4449153961,31.8297925827,2,0,63.0289716400
daily,QQQ,2026-09-09,1530,2026-10-30,0.1397260274,719.5182141191,719.7840779409,3.6950255951,0.0033005927,249,0.1384595163,1.1649844698,33.1297271362,2,0,63.0289716400
daily,QQQ,2026-09-09,1530,2026-11-20,0.1972602740,721.2278273666,721.6331604199,5.6200417945,0.0009111000,141,0.1207322170,41.3718185580,64.5087306937,2,0,63.0289716400
daily,QQQ,2026-09-09,1530,2026-11-30,0.2246575342,721.8462007908,722.3375941693,6.8074525836,0.0012966704,272,0.2546876500,6.6817822399,51.3451070667,2,0,63.0289716400
daily,QQQ,2026-09-09,1530,2026-12-18,0.2739726027,723.4686099274,724.1263403866,9.0913475745,-0.0006071346,193,0.1780721809,11.3839118346,91.4695126945,2,0,63.0289716400
daily,QQQ,2026-09-09,1530,2026-12-31,0.3095890411,723.9646801894,724.6599496909,9.6036384172,0.0019220137,136,0.2149677385,9.9988695606,81.5404613370,2,0,63.0289716400
daily,QQQ,2026-09-09,1530,2027-01-15,0.3506849315,725.3893070766,726.1666143844,10.7157260281,0.0005567027,169,0.1894955157,31.5583806439,111.5722617894,2,0,63.0289716400
daily,QQQ,2026-09-09,1530,2027-02-19,0.4465753425,728.2607517220,729.2844694584,14.0570219379,-0.0007956259,182,0.2217838154,29.2161735359,140.1542612832,2,0,63.0289716400
daily,QQQ,2026-09-09,1530,2027-03-19,0.5232876712,730.7135798327,732.1203577406,19.2521111779,-0.0021980130,196,0.2850698105,32.2873298854,170.2593083455,2,0,63.0289716400
daily,QQQ,2026-09-09,1530,2027-03-31,0.5561643836,731.4259326024,732.8973928646,20.1176933520,-0.0014598312,234,0.2774048611,3.4200585427,143.1952172306,2,0,63.0289716400
daily,QQQ,2026-09-09,1530,2027-06-17,0.7698630137,738.1896017137,740.4833419458,31.0725080214,-0.0026178158,221,0.3281521349,31.9506489650,245.6317395801,2,0,63.0289716400
daily,QQQ,2026-09-09,1530,2027-06-30,0.8054794521,738.6499183009,740.8696508424,30.0512121715,-0.0012678901,152,0.4156348361,32.7749323979,201.7585150183,2,0,63.0289716400
daily,QQQ,2026-09-09,1530,2027-09-17,1.0219178082,745.3863791396,748.5785308152,42.8254629395,-0.0020520685,232,0.3647593685,38.0032674998,315.8755120035,2,0,63.0289716400
daily,QQQ,2026-09-09,1530,2027-12-17,1.2712328767,752.3589110520,756.5984413565,56.3498383852,-0.0011042979,241,0.3895105158,50.1173667968,385.8636145224,2,0,63.0289716400
daily,QQQ,2026-09-09,1530,2028-01-21,1.3671232877,754.9603161045,759.7187533398,63.0289716400,-0.0008442385,240,0.4516030931,54.8759958290,411.9414967559,2,0,63.0289716400
daily,QQQ,2026-09-10,1530,2026-09-11,0.0027397260,709.3599332954,709.3720973964,0.1714799554,-0.0762553188,120,0.0231954898,1.6025488493,3.0484774918,2,0,63.6168889672
daily,QQQ,2026-09-10,1530,2026-09-14,0.0109589041,709.4147560733,709.4278513394,0.1845925251,0.0022949017,128,0.0407495199,2.3766160899,3.2650515035,2,0,63.6168889672
daily,QQQ,2026-09-10,1530,2026-09-15,0.0136986301,709.4757688262,709.4945171186,0.2642555696,0.0025844406,139,0.0486665740,2.2840349047,4.5829514207,2,0,63.6168889672
daily,QQQ,2026-09-10,1530,2026-09-16,0.0164383562,709.5347091340,709.5582338209,0.3315508963,0.0030308396,156,0.0541689315,2.0496790285,4.6304309991,2,0,63.6168889672
daily,QQQ,2026-09-10,1530,2026-09-17,0.0191780822,709.6004378857,709.6296464524,0.4116199080,0.0027846244,168,0.0434332452,1.6036227309,6.6981597687,2,0,63.6168889672
daily,QQQ,2026-09-10,1530,2026-09-18,0.0219178082,709.7706422658,709.8096286872,0.5492819661,-0.0043787237,216,0.0590162106,5.3770154147,12.6148546958,2,0,63.6168889672
daily,QQQ,2026-09-10,1530,2026-09-21,0.0301369863,709.3353842726,709.3462446546,0.1531064465,0.0288592611,172,0.0913790111,0.7031938736,4.2413052869,2,0,63.6168889672
daily,QQQ,2026-09-10,1530,2026-09-22,0.0328767123,709.3153941998,709.3253553277,0.1404329858,0.0305201063,180,0.0968784093,0.6517975295,3.6483890020,2,0,63.6168889672
daily,QQQ,2026-09-10,1530,2026-09-23,0.0356164384,709.3554813034,709.3679256313,0.1754314755,0.0294136042,179,0.0995154191,0.7788341462,4.6195891430,2,0,63.6168889672
daily,QQQ,2026-09-10,1530,2026-09-24,0.0383561644,709.3790947061,709.3939402541,0.2092752400,0.0290737098,40,0.1022807375,0.6875225293,3.5279280055,2,0,63.6168889672
daily,QQQ,2026-09-10,1530,2026-09-25,0.0410958904,709.5524250208,709.5702196250,0.2507863213,0.0236255839,190,0.0891902554,1.3373141745,7.6145254606,2,0,63.6168889672
daily,QQQ,2026-09-10,1530,2026-09-30,0.0547945205,709.8016692665,709.8385946841,0.5202216222,0.0203280589,308,0.0998322560,6.1855885935,14.4274287286,2,0,63.6168889672
daily,QQQ,2026-09-10,1530,2026-10-02,0.0602739726,710.1002295481,710.1637907236,0.8951014647,0.0143392795,181,0.1270548022,2.7956033557,16.3299601210,2,0,63.6168889672
daily,QQQ,2026-09-10,1530,2026-10-09,0.0794520548,710.6650247627,710.7728900658,1.5178079598,0.0092698377,194,0.1408538619,3.4486135390,25.0662661991,2,0,63.6168889672
daily,QQQ,2026-09-10,1530,2026-10-16,0.0986301370,711.1631717655,711.3123474328,2.0976292524,0.0075054162,250,0.1662716696,4.5757008098,30.0018876583,2,0,63.6168889672
daily,QQQ,2026-09-10,1530,2026-10-23,0.1178082192,711.6310360319,711.8213696193,2.6746105458,0.0067298040,210,0.1503928697,4.8218997189,30.5978090218,2,0,63.6168889672
daily,QQQ,2026-09-10,1530,2026-10-30,0.1369863014,712.2821237101,712.5319647644,3.5076137113,0.0041531562,249,0.1682771896,1.4395670135,32.7642990893,2,0,63.6168889672
daily,QQQ,2026-09-10,1530,2026-11-20,0.1945205479,713.9449892645,714.3495918637,5.6671396997,0.0016733776,142,0.1323740977,39.7743348349,65.4936014782,2,0,63.6168889672
daily,QQQ,2026-09-10,1530,2026-11-30,0.2219178082,714.5935377472,715.0587808256,6.5105973370,0.0018820318,276,0.2269019807,7.5628889165,52.0280283038,2,0,63.6168889672
daily,QQQ,2026-09-10,1530,2026-12-18,0.2712328767,716.1962485695,716.8346872721,8.9142983347,-0.0001065249,196,0.1581418636,9.4307444202,91.1155895067,2,0,63.6168889672
daily,QQQ,2026-09-10,1530,2026-12-31,0.3068493151,716.6512585402,717.3849507013,10.2377851485,0.0024335751,134,0.1935883356,10.4484194924,82.6210970238,2,0,63.6168889672
daily,QQQ,2026-09-10,1530,2027-01-15,0.3479452055,717.9911398611,718.8987438340,12.6408798451,0.0010118197,170,0.2253979734,35.2928664347,111.4887938697,2,0,63.6168889672
daily,QQQ,2026-09-10,1530,2027-02-19,0.4438356164,720.9825728474,722.1352585400,15.9877053352,-0.0010261450,177,0.2844166778,33.6672482960,141.4895985192,2,0,63.6168889672
daily,QQQ,2026-09-10,1530,2027-03-19,0.5205479452,723.4307728617,724.8647095306,19.8213391340,-0.0022501642,200,0.2220503693,33.3275570814,171.3558950746,2,0,63.6168889672
daily,QQQ,2026-09-10,1530,2027-03-31,0.5534246575,724.0589385118,725.6416659393,21.8590965914,-0.0015067195,236,0.2927706346,3.6185153185,143.9839183479,2,0,63.6168889672
daily,QQQ,2026-09-10,1530,2027-06-17,0.7671232877,730.8373559622,733.1681899442,31.8926497529,-0.0026016332,217,0.3449787112,34.4973421794,247.2907921873,2,0,63.6168889672
daily,QQQ,2026-09-10,1530,2027-06-30,0.8027397260,731.4618002294,733.9421160410,33.9090272496,-0.0018993198,152,0.3613120559,35.8389829630,205.2305036474,2,0,63.6168889672
daily,QQQ,2026-09-10,1530,2027-09-17,1.0191780822,738.8933093492,742.1971414404,44.7132495245,-0.0033067653,231,0.3551209522,43.7157571168,324.8492837130,2,0,63.6168889672
daily,QQQ,2026-09-10,1530,2027-12-17,1.2684931507,746.1064977541,750.7344867958,62.0285315249,-0.0025859913,240,0.4259086894,53.4067417355,397.4199498067,2,0,63.6168889672
daily,QQQ,2026-09-10,1530,2028-01-21,1.3643835616,748.2319536654,752.9919725772,63.6168889672,-0.0013554609,241,0.4548140915,57.4014316289,419.4547519570,2,0,63.6168889672
daily,QQQ,2026-09-11,1530,2026-09-14,0.0082191781,715.7192683342,715.7233764077,0.0573978336,0.0248632263,95,0.0152586637,0.9249687859,1.6739762173,2,0,62.6476980785
daily,QQQ,2026-09-11,1530,2026-09-15,0.0109589041,715.7699015835,715.7778229226,0.1106687922,0.0214654396,112,0.0193105869,1.3608115659,2.2817119948,2,0,62.6476980785
daily,QQQ,2026-09-11,1530,2026-09-16,0.0136986301,715.8359815427,715.8480190739,0.1681604666,0.0178210723,121,0.0365725594,1.5932797378,3.0742985636,2,0,62.6476980785
daily,QQQ,2026-09-11,1530,2026-09-17,0.0164383562,715.9099422276,715.9298849549,0.2785647479,0.0144004815,137,0.0274518639,2.0082252511,3.9710757849,2,0,62.6476980785
daily,QQQ,2026-09-11,1530,2026-09-18,0.0191780822,716.1143371872,716.1477712478,0.4668815975,0.0020532712,189,0.0322746866,4.8908668659,7.6305641424,2,0,62.6476980785
daily,QQQ,2026-09-11,1530,2026-09-21,0.0273972603,715.6946736233,715.6983679533,0.0516187994,0.0360604698,173,0.0897029765,0.2709900093,3.2484600798,2,0,62.6476980785
daily,QQQ,2026-09-11,1530,2026-09-22,0.0301369863,715.6946409665,715.6985237009,0.0542512709,0.0363238704,183,0.0990672277,0.3581758667,2.6794427016,2,0,62.6476980785
daily,QQQ,2026-09-11,1530,2026-09-23,0.0328767123,715.7059053908,715.7102958722,0.0613447707,0.0360496855,178,0.0996889325,0.2969685852,3.1857970542,2,0,62.6476980785
daily,QQQ,2026-09-11,1530,2026-09-24,0.0356164384,715.7610574160,715.7684961248,0.1039272629,0.0339964312,179,0.0950387148,0.5061560115,4.4901619185,2,0,62.6476980785
daily,QQQ,2026-09-11,1530,2026-09-25,0.0383561644,715.9364010441,715.9540695037,0.2467881159,0.0275979733,190,0.0739285158,1.0951401370,8.5429031755,2,0,62.6476980785
daily,QQQ,2026-09-11,1530,2026-09-30,0.0520547945,716.1874104619,716.2221678998,0.4853120486,0.0234160370,297,0.0851270027,6.0593248099,10.3345418757,2,0,62.6476980785
daily,QQQ,2026-09-11,1530,2026-10-02,0.0575342466,716.5033727592,716.5604651411,0.7968194438,0.0166960723,178,0.0944920134,2.2685666581,13.3638654493,2,0,62.6476980785
daily,QQQ,2026-09-11,1530,2026-10-09,0.0767123288,717.0882540573,717.1939633706,1.4741464906,0.0107618315,188,0.1074992259,3.1896482489,19.0660475611,2,0,62.6476980785
daily,QQQ,2026-09-11,1530,2026-10-16,0.0958904110,717.5545621750,717.6954527929,1.9634829920,0.0091993298,244,0.1253064404,3.9539601252,29.7243360337,2,0,62.6476980785
daily,QQQ,2026-09-11,1530,2026-10-23,0.1150684932,718.0492181316,718.2393373547,2.6477185446,0.0076728921,206,0.1363907592,4.3750747857,29.7526959325,2,0,62.6476980785
daily,QQQ,2026-09-11,1530,2026-10-30,0.1342465753,718.7450584511,718.9956807279,3.4869426072,0.0045948859,294,0.1330258069,1.7337259608,33.5302681362,2,0,62.6476980785
daily,QQQ,2026-09-11,1530,2026-11-20,0.1917808219,720.4515586333,720.8377081466,5.3598261896,0.0021675301,142,0.1222852258,39.9780497879,63.8058810268,2,0,62.6476980785
daily,QQQ,2026-09-11,1530,2026-11-30,0.2191780822,721.1019739582,721.5848206061,6.6959551526,0.0021036901,273,0.2108979394,6.9020156384,51.1567215426,2,0,62.6476980785
daily,QQQ,2026-09-11,1530,2026-12-18,0.2684931507,722.7327846624,723.3579303398,8.6497484366,0.0001358533,189,0.1420631823,12.4552312786,91.0891757968,2,0,62.6476980785
daily,QQQ,2026-09-11,1530,2026-12-31,0.3041095890,723.1738739593,723.9371004759,10.5538452653,0.0026190338,134,0.1753374489,9.9733958988,81.2181593925,2,0,62.6476980785
daily,QQQ,2026-09-11,1530,2027-01-15,0.3452054795,724.5991494109,725.4241095412,11.3850551841,0.0014324558,169,0.1682743200,32.6749553646,111.4181913226,2,0,62.6476980785
daily,QQQ,2026-09-11,1530,2027-02-19,0.4410958904,727.6129375604,728.7607979568,15.7757007502,-0.0007593029,181,0.2151394580,29.9871029842,141.3857850933,2,0,62.6476980785
daily,QQQ,2026-09-11,1530,2027-03-19,0.5178082192,730.1285772199,731.5544735461,19.5293866142,-0.0020261042,198,0.2527331690,33.2667181157,171.5986329301,2,0,62.6476980785
daily,QQQ,2026-09-11,1530,2027-03-31,0.5506849315,731.0131417967,732.5976962383,21.6761416589,-0.0018683041,237,0.2668480472,3.1497504566,145.4498793708,2,0,62.6476980785
daily,QQQ,2026-09-11,1530,2027-06-17,0.7643835616,737.7967768898,740.2257235401,32.9216218665,-0.0026070972,216,0.3487212067,32.6799780642,248.0775822910,2,0,62.6476980785
daily,QQQ,2026-09-11,1530,2027-06-30,0.8000000000,738.5298058726,741.1484292090,35.4572464864,-0.0020910211,149,0.3572342431,34.1858540569,203.4877726212,2,0,62.6476980785
daily,QQQ,2026-09-11,1530,2027-09-17,1.0164383562,745.8516468126,749.2821958016,45.9950581807,-0.0029567698,229,0.3796992922,39.8577579157,323.2403792870,2,0,62.6476980785
daily,QQQ,2026-09-11,1530,2027-12-17,1.2657534247,753.6743216859,758.3362253439,61.8556785575,-0.0023985979,236,0.4684463737,53.2515791079,397.6040783617,2,0,62.6476980785
daily,QQQ,2026-09-11,1530,2028-01-21,1.3616438356,755.8198384196,760.5548757235,62.6476980785,-0.0009911189,238,0.4596562776,57.2166760195,421.1495817003,2,0,62.6476980785
daily,SPY,2026-08-14,1530,2026-08-17,0.0082191781,776.2053748212,776.2093869497,0.0516890066,0.0253950165,59,0.0077648263,0.7032813860,1.1935488817,2,0,53.7193665985
daily,SPY,2026-08-14,1530,2026-08-18,0.0109589041,776.2646951504,776.2756572848,0.1412164500,0.0207157378,83,0.0081750361,0.9592148193,1.8772998862,2,0,53.7193665985
daily,SPY,2026-08-14,1530,2026-08-19,0.0136986301,776.3396578041,776.3534076128,0.1771107348,0.0168292384,79,0.0156215941,1.4449042033,2.6621962448,2,0,53.7193665985
daily,SPY,2026-08-14,1530,2026-08-20,0.0164383562,776.4058742003,776.4215667567,0.2021179501,0.0149903223,82,0.0220764974,1.8595770647,3.6076430495,2,0,53.7193665985
daily,SPY,2026-08-14,1530,2026-08-21,0.0191780822,776.6404646050,776.6709149376,0.3920775952,0.0015114213,127,0.0119179099,3.3987025288,7.1508639017,2,0,53.7193665985
daily,SPY,2026-08-14,1530,2026-08-24,0.0273972603,776.7257519889,776.7682846833,0.5475896005,0.0078340863,119,0.0211441137,3.8008658697,6.0191402631,2,0,53.7193665985
daily,SPY,2026-08-14,1530,2026-08-25,0.0301369863,776.7959071013,776.8444004719,0.6242742810,0.0073104794,123,0.0202295692,3.8987244490,6.6396371173,2,0,53.7193665985
daily,SPY,2026-08-14,1530,2026-08-26,0.0328767123,776.8760892003,776.9456657091,0.8955933868,0.0058898400,130,0.0233414786,3.4047844598,7.5131082890,2,0,53.7193665985
daily,SPY,2026-08-14,1530,2026-08-27,0.0356164384,776.9562879165,777.0219123737,0.8446351262,0.0055922444,132,0.0348046502,2.7750647035,8.2720401819,2,0,53.7193665985
daily,SPY,2026-08-14,1530,2026-08-28,0.0383561644,777.1366484941,777.2186221323,1.0548162707,0.0012962232,140,0.0264485044,1.3845466956,8.9355258170,2,0,53.7193665985
daily,SPY,2026-08-14,1530,2026-08-31,0.0465753425,777.2539688300,777.3429478129,1.1447864729,0.0043107618,133,0.0317125317,0.7679114439,9.8275485737,2,0,53.7193665985
daily,SPY,2026-08-14,1530,2026-09-04,0.0575342466,777.8389992310,777.9777687720,1.7840393851,-0.0034913298,243,0.0369225341,11.1267164386,17.9392750883,2,0,53.7193665985
daily,SPY,2026-08-14,1530,2026-09-11,0.0767123288,778.4069766679,778.5948920238,2.4141016398,-0.0034950680,214,0.0455727322,1.9561716226,20.8989135702,2,0,53.7193665985
daily,SPY,2026-08-14,1530,2026-09-18,0.0958904110,778.0173043608,778.1651779263,1.9006462279,0.0105187015,273,0.0496254801,1.3255371597,21.6823878096,2,0,53.7193665985
daily,SPY,2026-08-14,1530,2026-09-25,0.1150684932,777.9133074376,778.0523572549,1.7874718944,0.0163171632,202,0.0937964454,2.0886893546,18.7402854067,2,0,53.7193665985
daily,SPY,2026-08-14,1530,2026-09-30,0.1287671233,778.0499601449,778.2017381805,1.9507492235,0.0171222385,314,0.0858864330,1.3913445846,19.3291754649,2,0,53.7193665985
daily,SPY,2026-08-14,1530,2026-10-02,0.1342465753,778.3418700191,778.5193161935,2.2797973651,0.0149555025,207,0.1108062866,2.5473185229,22.8192056514,2,0,53.7193665985
daily,SPY,2026-08-14,1530,2026-10-16,0.1726027397,779.4827861001,779.7665544602,3.6404698753,0.0109467213,242,0.1188584130,2.4017000343,36.8764289306,2,0,53.7193665985
daily,SPY,2026-08-14,1530,2026-10-30,0.2109589041,780.6726091723,781.0720061266,5.1160620938,0.0082201550,332,0.1140969802,1.7283942448,38.8748277751,2,0,53.7193665985
daily,SPY,2026-08-14,1530,2026-11-20,0.2684931507,782.4567265604,783.0193082107,7.1899394718,0.0056074331,118,0.1342134376,8.1990839332,61.9554278498,2,0,53.7193665985
daily,SPY,2026-08-14,1530,2026-11-30,0.2958904110,783.0853299363,783.7330309774,8.2711425731,0.0055894067,256,0.1655566250,2.2317278824,58.1229939585,2,0,53.7193665985
daily,SPY,2026-08-14,1530,2026-12-18,0.3452054795,784.2929906230,785.0485976237,9.6342439585,0.0054968465,133,0.1295633964,6.2586646276,77.7575677549,2,0,53.7193665985
daily,SPY,2026-08-14,1530,2026-12-31,0.3808219178,784.4533747492,785.2348700302,9.9622910182,0.0080955199,251,0.1761392774,1.4238547944,72.4209590919,2,0,53.7193665985
daily,SPY,2026-08-14,1530,2027-01-15,0.4219178082,785.8450033722,786.9119454140,13.5770035733,0.0061409904,193,0.1619147452,65.4793849071,162.1011158019,2,0,53.7193665985
daily,SPY,2026-08-14,1530,2027-01-29,0.4602739726,787.2192517919,788.3193922889,13.9750202305,0.0050754835,274,0.2757495690,4.7520049365,88.7319790115,2,0,53.7193665985
daily,SPY,2026-08-14,1530,2027-03-19,0.5945205479,790.9976096799,792.8369176132,23.2530150639,0.0032192049,214,0.2144818699,52.4719171822,230.0224812425,2,0,53.7193665985
daily,SPY,2026-08-14,1530,2027-03-31,0.6273972603,791.3291818400,793.0607369317,21.8816028963,0.0046529820,283,0.1904644654,2.5003469378,128.3326279090,2,0,53.7193665985
daily,SPY,2026-08-14,1530,2027-06-17,0.8410958904,798.3534657238,800.4366554302,26.0935762896,0.0024151632,232,0.2588748654,48.3124181910,319.0878425754,2,0,53.7193665985
daily,SPY,2026-08-14,1530,2027-06-30,0.8767123288,798.4016630798,800.6459695898,28.1099929247,0.0036099283,298,0.4181016642,14.0308688691,180.1237131777,2,0,53.7193665985
daily,SPY,2026-08-14,1530,2027-09-17,1.0931506849,804.8908917627,808.1429762788,40.4040417082,0.0024513819,258,0.2997948251,60.6466287061,405.1050338337,2,0,53.7193665985
daily,SPY,2026-08-14,1530,2027-12-17,1.3424657534,811.6346072908,815.7125297595,50.2433291044,0.0030388178,270,0.3658109869,84.2919999232,493.1590020672,2,0,53.7193665985
daily,SPY,2026-08-14,1530,2028-01-21,1.4383561644,813.9031879380,818.2754243108,53.7193665985,0.0035225447,274,0.3348915931,88.8372019296,523.6082566128,2,0,53.7193665985
daily,SPY,2026-08-17,1530,2026-08-18,0.0027397260,773.3249300199,773.3320642882,0.0922544716,-0.0103367102,39,0.0039361189,0.5042076361,1.4872676953,2,0,58.0981471766
daily,SPY,2026-08-17,1530,2026-08-19,0.0054794521,773.3896661517,773.3975180211,0.1015253990,-0.0016946773,114,0.0100058135,1.6015714913,2.4572248878,2,0,58.0981471766
daily,SPY,2026-08-17,1530,2026-08-20,0.0082191781,773.4495178649,773.4588171690,0.1202315595,0.0018403947,125,0.0234816217,1.9511689996,2.5995026528,2,0,58.0981471766
daily,SPY,2026-08-17,1530,2026-08-21,0.0109589041,773.6252592259,773.6519827608,0.3454325534,-0.0119460850,131,0.0092454565,4.5212033060,5.2893059838,2,0,58.0981471766
daily,SPY,2026-08-17,1530,2026-08-24,0.0191780822,773.6955045320,773.7276543559,0.4155358757,0.0042905464,117,0.0095820119,2.9854147544,6.4106409019,2,0,58.0981471766
daily,SPY,2026-08-17,1530,2026-08-25,0.0219178082,773.7622899578,773.8003679070,0.4921143052,0.0041965647,120,0.0186182226,3.2135171203,6.7422644078,2,0,58.0981471766
daily,SPY,2026-08-17,1530,2026-08-26,0.0246575342,773.8507934368,773.9027229675,0.6710535306,0.0025704641,129,0.0176365373,3.5916050320,7.5124142690,2,0,58.0981471766
daily,SPY,2026-08-17,1530,2026-08-27,0.0273972603,773.8988590513,773.9480189813,0.6352242219,0.0039610726,129,0.0311126841,3.5363939238,8.6516780561,2,0,58.0981471766
daily,SPY,2026-08-17,1530,2026-08-28,0.0301369863,774.0862379935,774.1482830650,0.8015266056,-0.0015440044,131,0.0284948160,1.7133296917,9.0112969082,2,0,58.0981471766
daily,SPY,2026-08-17,1530,2026-08-31,0.0383561644,774.1852686973,774.2557473901,0.9103595185,0.0032763536,141,0.0199518921,1.0173753459,9.3565929052,2,0,58.0981471766
daily,SPY,2026-08-17,1530,2026-09-04,0.0493150685,774.7833246511,774.9032371367,1.5476905838,-0.0059937152,236,0.0498298591,11.7300819545,16.8471234031,2,0,58.0981471766
daily,SPY,2026-08-17,1530,2026-09-11,0.0684931507,775.3410595184,775.5091307477,2.1677070664,-0.0051317364,207,0.0536403150,2.0698606334,20.2051302182,2,0,58.0981471766
daily,SPY,2026-08-17,1530,2026-09-18,0.0876712329,774.9614974494,775.0942409044,1.7129038726,0.0103787311,270,0.0562703954,1.5313037539,20.8503445455,2,0,58.0981471766
daily,SPY,2026-08-17,1530,2026-09-25,0.1068493151,774.8223616489,774.9437031538,1.5660557943,0.0171640058,203,0.0791451433,2.2415051574,18.4197253269,2,0,58.0981471766
daily,SPY,2026-08-17,1530,2026-09-30,0.1205479452,774.9589301178,775.0861816609,1.6420424118,0.0180128697,329,0.0942158932,1.4228082214,18.6022125870,2,0,58.0981471766
daily,SPY,2026-08-17,1530,2026-10-02,0.1260273973,775.2457035068,775.4026860436,2.0249391388,0.0156447505,213,0.0999508801,2.6141502775,22.7303965022,2,0,58.0981471766
daily,SPY,2026-08-17,1530,2026-10-16,0.1643835616,776.4011658859,776.6622681750,3.3629816716,0.0110322635,239,0.1380901037,2.2723376080,36.1957701039,2,0,58.0981471766
daily,SPY,2026-08-17,1530,2026-10-30,0.2027397260,777.5702635651,777.9474637902,4.8510114495,0.0082043333,331,0.1155169504,1.8461861851,38.4529899132,2,0,58.0981471766
daily,SPY,2026-08-17,1530,2026-11-20,0.2602739726,779.2927243725,779.8811483195,7.5507434948,0.0055234588,115,0.1667488144,9.1483250420,61.1093978697,2,0,58.0981471766
daily,SPY,2026-08-17,1530,2026-11-30,0.2876712329,780.0121990589,780.6265164657,7.8757410147,0.0053881789,257,0.1997804802,2.3708847265,57.9358543759,2,0,58.0981471766
daily,SPY,2026-08-17,1530,2026-12-18,0.3369863014,781.1088750259,781.8985572067,10.1097581402,0.0054814152,129,0.1529117484,6.9492697899,77.3297647579,2,0,58.0981471766
daily,SPY,2026-08-17,1530,2026-12-31,0.3726027397,781.3103967823,782.1250170570,10.4263334781,0.0080262415,264,0.1527392103,1.4207895267,72.2366424317,2,0,58.0981471766
daily,SPY,2026-08-17,1530,2027-01-15,0.4136986301,782.8299146324,783.8138415260,12.5688463760,0.0060119604,193,0.1652157695,66.3363879530,161.5737949004,2,0,58.0981471766
daily,SPY,2026-08-17,1530,2027-01-29,0.4520547945,784.1090865899,785.1870348417,13.7474271143,0.0050436168,272,0.2902233233,4.7957590599,88.2645755846,2,0,58.0981471766
daily,SPY,2026-08-17,1530,2027-03-19,0.5863013699,788.0720103401,789.6641621822,20.2031263802,0.0033293381,214,0.2216543598,49.7719806453,231.4953682281,2,0,58.0981471766
daily,SPY,2026-08-17,1530,2027-03-31,0.6191780822,788.2376500049,789.8605911018,20.5894896904,0.0048590670,285,0.2165199898,2.5336158311,128.1924982607,2,0,58.0981471766
daily,SPY,2026-08-17,1530,2027-06-17,0.8328767123,794.8861719727,797.3448966404,30.9317831200,0.0024764113,236,0.2931399985,45.9889541600,318.8671629818,2,0,58.0981471766
daily,SPY,2026-08-17,1530,2027-06-30,0.8684931507,795.2885494783,797.5986117718,29.0468446323,0.0036367892,294,0.4280260958,14.3494943730,180.7113179298,2,0,58.0981471766
daily,SPY,2026-08-17,1530,2027-09-17,1.0849315068,801.7736258401,805.1321389367,41.8885454489,0.0024322331,255,0.2664577120,63.1854868795,406.4377780191,2,0,58.0981471766
daily,SPY,2026-08-17,1530,2027-12-17,1.3342465753,808.3734250725,812.3911544637,49.7014036654,0.0033026763,271,0.3085353721,81.3244580709,494.3897831400,2,0,58.0981471766
daily,SPY,2026-08-17,1530,2028-01-21,1.4301369863,810.2441477796,814.9515161543,58.0981471766,0.0037702301,275,0.3633113401,85.8025960233,524.8289513493,2,0,58.0981471766
daily,SPY,2026-08-18,1530,2026-08-19,0.0027397260,767.7448698888,767.7517500390,0.0896150581,-0.0295570554,65,0.0077771236,1.1401795661,1.6040168107,2,0,55.5009185227
daily,SPY,2026-08-18,1530,2026-08-20,0.0054794521,767.8053742834,767.8209311755,0.2026150460,-0.0123030642,74,0.0124259927,2.2146663019,2.6054897669,2,0,55.5009185227
daily,SPY,2026-08-18,1530,2026-08-21,0.0082191781,768.0050015553,768.0330758834,0.3655487675,-0.0292001876,135,0.0128145842,3.6810503528,5.0807050455,2,0,55.5009185227
daily,SPY,2026-08-18,1530,2026-08-24,0.0164383562,768.0800497765,768.1185689226,0.5014991093,-0.0024517687,115,0.0238309915,3.9053089447,5.9274892198,2,0,55.5009185227
daily,SPY,2026-08-18,1530,2026-08-25,0.0191780822,768.1558384669,768.1916133311,0.4657240417,-0.0016542267,125,0.0182885999,4.2503830822,8.8035226349,2,0,55.5009185227
daily,SPY,2026-08-18,1530,2026-08-26,0.0219178082,768.2268460710,768.2777554294,0.6626865307,-0.0018334847,134,0.0215547564,4.7881360441,9.9025652290,2,0,55.5009185227
daily,SPY,2026-08-18,1530,2026-08-27,0.0246575342,768.2843325796,768.3370298254,0.6859081142,-0.0005542498,142,0.0295481301,4.5160087625,11.0715232602,2,0,55.5009185227
daily,SPY,2026-08-18,1530,2026-08-28,0.0273972603,768.4654823101,768.5352192265,0.9074827429,-0.0061287236,142,0.0279204034,2.2535784721,11.4173975846,2,0,55.5009185227
daily,SPY,2026-08-18,1530,2026-08-31,0.0356164384,768.5507417320,768.6319432429,1.0565536721,0.0004843053,160,0.0302359846,3.2802887737,12.6185475911,2,0,55.5009185227
daily,SPY,2026-08-18,1530,2026-09-01,0.0383561644,768.6480392361,768.7507926911,1.3368076126,-0.0008784668,35,0.0139290701,7.4345518070,12.0671036973,2,0,55.5009185227
daily,SPY,2026-08-18,1530,2026-09-04,0.0465753425,769.1169667757,769.2418454781,1.6236633399,-0.0077562783,247,0.0339886971,11.5651673553,18.0826462106,2,0,55.5009185227
daily,SPY,2026-08-18,1530,2026-09-11,0.0657534247,769.6641353095,769.8485247711,2.3957133140,-0.0064472720,216,0.0524910546,2.7071057892,21.4377231244,2,0,55.5009185227
daily,SPY,2026-08-18,1530,2026-09-18,0.0849315068,769.2841201973,769.4165064243,1.7209015962,0.0101621001,269,0.0633283487,1.8922787669,21.8388439455,2,0,55.5009185227
daily,SPY,2026-08-18,1530,2026-09-25,0.1041095890,769.1394847586,769.2591607934,1.5559731000,0.0172646147,204,0.1017831541,2.7001062788,19.7309875576,2,0,55.5009185227
daily,SPY,2026-08-18,1530,2026-09-30,0.1178082192,769.2656382697,769.3970020576,1.7076518358,0.0181611507,341,0.0718225409,1.5315702526,19.8871141890,2,0,55.5009185227
daily,SPY,2026-08-18,1530,2026-10-02,0.1232876712,769.5472138049,769.7017191673,2.0077437698,0.0158335485,210,0.1018243368,3.3971974068,23.4085218960,2,0,55.5009185227
daily,SPY,2026-08-18,1530,2026-10-16,0.1616438356,770.6814464814,770.9434075484,3.3990836059,0.0112540347,236,0.1396953342,2.8867562556,37.1717039066,2,0,55.5009185227
daily,SPY,2026-08-18,1530,2026-10-30,0.2000000000,771.8644813638,772.2416484083,4.8864412544,0.0082116244,329,0.1076066779,2.1521931106,38.3144572766,2,0,55.5009185227
daily,SPY,2026-08-18,1530,2026-11-20,0.2575342466,773.5651965981,774.1569953125,7.6502758529,0.0055465650,119,0.1246305052,10.5232930513,63.3916882679,2,0,55.5009185227
daily,SPY,2026-08-18,1530,2026-11-30,0.2849315068,774.2533587089,774.8867932105,8.1812302724,0.0054629032,258,0.2172035614,2.7953230886,57.8856534948,2,0,55.5009185227
daily,SPY,2026-08-18,1530,2026-12-18,0.3342465753,775.4043666931,776.1991751275,10.2502444985,0.0053583925,134,0.1426666961,8.0054467043,79.3153848765,2,0,55.5009185227
daily,SPY,2026-08-18,1530,2026-12-31,0.3698630137,775.5693188080,776.3903952335,10.5867574384,0.0080321784,256,0.1665796522,1.5838867390,72.5470311137,2,0,55.5009185227
daily,SPY,2026-08-18,1530,2027-01-15,0.4109589041,777.0925073030,778.0568441587,12.4095502991,0.0060157020,198,0.1294754147,69.2060079713,164.0736431526,2,0,55.5009185227
daily,SPY,2026-08-18,1530,2027-01-29,0.4493150685,778.3192780852,779.4053491568,13.9540559030,0.0050662491,279,0.3037738290,5.0134792354,90.0815589607,2,0,55.5009185227
daily,SPY,2026-08-18,1530,2027-03-19,0.5835616438,782.3343204438,783.9255896560,20.3400153949,0.0032110268,216,0.1952466242,56.5812343579,233.6995575818,2,0,55.5009185227
daily,SPY,2026-08-18,1530,2027-03-31,0.6164383562,782.4940266026,784.1243924306,20.8355050976,0.0047673002,287,0.2367326283,2.5818973001,130.0862630276,2,0,55.5009185227
daily,SPY,2026-08-18,1530,2027-06-17,0.8301369863,789.1219276735,791.6376012237,31.8794024348,0.0023765177,234,0.2154225975,55.6858196958,322.6529423902,2,0,55.5009185227
daily,SPY,2026-08-18,1530,2027-06-30,0.8657534247,789.2744027790,791.7270068519,31.0741620948,0.0037981473,293,0.4359869175,16.2008625991,182.8925695659,2,0,55.5009185227
daily,SPY,2026-08-18,1530,2027-09-17,1.0821917808,795.7425292835,799.1747040736,43.1317249457,0.0026492133,253,0.3185765221,69.5312643231,410.9838891856,2,0,55.5009185227
daily,SPY,2026-08-18,1530,2027-12-17,1.3315068493,802.5655712949,806.7825923507,52.5442556556,0.0031425939,267,0.3372855834,89.0910276052,501.3116955308,2,0,55.5009185227
daily,SPY,2026-08-18,1530,2028-01-21,1.4273972603,804.7989740715,809.2656823002,55.5009185227,0.0036865313,274,0.3030208806,93.7110385459,532.4490525041,2,0,55.5009185227
daily,SPY,2026-08-19,1530,2026-08-20,0.0027397260,769.8449839728,769.8520792309,0.0921647632,0.0035638603,115,0.0149583505,0.7069836271,0.9122615051,2,0,59.9963173661
daily,SPY,2026-08-19,1530,2026-08-21,0.0054794521,770.0450093066,770.0702610794,0.3279259337,-0.0310628833,139,0.0165711737,2.4374968842,2.9586248453,2,0,59.9963173661
daily,SPY,2026-08-19,1530,2026-08-24,0.0136986301,770.1200620535,770.1460727538,0.3377486395,0.0030321873,106,0.0168592538,2.8255698300,3.9283924129,2,0,59.9963173661
daily,SPY,2026-08-19,1530,2026-08-25,0.0164383562,770.1945004435,770.2327310645,0.4963761873,0.0019720335,113,0.0173229372,3.3962669512,4.7094727931,2,0,59.9963173661
daily,SPY,2026-08-19,1530,2026-08-26,0.0191780822,770.2837582846,770.3239726635,0.5220722692,0.0009051993,117,0.0128456430,3.6727857631,5.6208467069,2,0,59.9963173661
daily,SPY,2026-08-19,1530,2026-08-27,0.0219178082,770.3586428864,770.3999229193,0.5358547387,0.0010112962,125,0.0274363245,4.1671282253,6.3505749680,2,0,59.9963173661
daily,SPY,2026-08-19,1530,2026-08-28,0.0246575342,770.5505120472,770.6128356060,0.8088186014,-0.0061144437,126,0.0271311494,3.2435560013,7.4570608273,2,0,59.9963173661
daily,SPY,2026-08-19,1530,2026-08-31,0.0328767123,770.6407945723,770.7075042331,0.8656388458,0.0011126182,148,0.0376591217,4.0916319407,9.1690894045,2,0,59.9963173661
daily,SPY,2026-08-19,1530,2026-09-01,0.0356164384,770.7510087865,770.8272007823,0.9885422776,-0.0004301472,146,0.0299934622,3.8854309436,10.2014014671,2,0,59.9963173661
daily,SPY,2026-08-19,1530,2026-09-02,0.0383561644,770.8362095717,770.9065411733,0.9124065618,-0.0003871124,31,0.0561037393,2.7551743137,8.8545720226,2,0,59.9963173661
daily,SPY,2026-08-19,1530,2026-09-04,0.0438356164,771.2069951201,771.3248042496,1.5275941513,-0.0079950860,231,0.0272864741,10.2990874115,15.0731219763,2,0,59.9963173661
daily,SPY,2026-08-19,1530,2026-09-11,0.0630136986,771.7491547271,771.9150583294,2.1497088958,-0.0062153733,206,0.0438408396,2.5808604389,18.4484052337,2,0,59.9963173661
daily,SPY,2026-08-19,1530,2026-09-18,0.0821917808,771.3692406300,771.4935638100,1.6117207368,0.0106860227,259,0.0531227775,2.1044235802,18.9013234111,2,0,59.9963173661
daily,SPY,2026-08-19,1530,2026-09-25,0.1013698630,771.2296935782,771.3418460774,1.4542035937,0.0177298775,197,0.0883656451,2.5400709415,16.6995703507,2,0,59.9963173661
daily,SPY,2026-08-19,1530,2026-09-30,0.1150684932,771.3659151214,771.4904886430,1.6149731157,0.0184267582,317,0.0711491600,1.7035807078,16.9847095567,2,0,59.9963173661
daily,SPY,2026-08-19,1530,2026-10-02,0.1205479452,771.6474727804,771.7966318469,1.9329949453,0.0160093840,202,0.1124597050,3.0710294902,20.3223064622,2,0,59.9963173661
daily,SPY,2026-08-19,1530,2026-10-16,0.1589041096,772.8018766708,773.0583270817,3.3184496386,0.0112760923,239,0.1185901547,2.7683417707,34.6068627029,2,0,59.9963173661
daily,SPY,2026-08-19,1530,2026-10-30,0.1972602740,774.0353172393,774.4058353836,4.7868377067,0.0078577831,324,0.1350929321,1.8206693759,37.4360748237,2,0,59.9963173661
daily,SPY,2026-08-19,1530,2026-11-20,0.2547945205,775.8015143102,776.3568237175,7.1578799093,0.0050298609,120,0.1079609539,10.0536182473,60.0735507969,2,0,59.9963173661
daily,SPY,2026-08-19,1530,2026-11-30,0.2821917808,776.4597526619,777.0672922084,7.8244821375,0.0050836668,254,0.1910591715,2.6869484021,56.9197076740,2,0,59.9963173661
daily,SPY,2026-08-19,1530,2026-12-18,0.3315068493,777.6420333638,778.3817406840,9.5121828359,0.0050264701,129,0.1543551685,7.7194031254,76.6610788607,2,0,59.9963173661
daily,SPY,2026-08-19,1530,2026-12-31,0.3671232877,777.7999661806,778.5560938139,9.7213636684,0.0077966498,255,0.1643270248,1.4130694754,71.5601196312,2,0,59.9963173661
daily,SPY,2026-08-19,1530,2027-01-15,0.4082191781,779.3214904488,780.2505708470,11.9216576161,0.0057071996,188,0.1883106302,66.8085727291,160.1880730783,2,0,59.9963173661
daily,SPY,2026-08-19,1530,2027-01-29,0.4465753425,780.5364611041,781.6045547281,13.6840964803,0.0047652986,272,0.2852912310,4.7810740878,88.0892562689,2,0,59.9963173661
daily,SPY,2026-08-19,1530,2027-03-19,0.5808219178,784.6186674232,786.1637671391,19.6923649677,0.0028906357,213,0.2236413830,55.1630444534,229.6415761787,2,0,59.9963173661
daily,SPY,2026-08-19,1530,2027-03-31,0.6136986301,784.7813158895,786.3716299226,20.2644227244,0.0044481735,284,0.1804272657,2.5361655007,128.8989108296,2,0,59.9963173661
daily,SPY,2026-08-19,1530,2027-06-17,0.8273972603,791.4996659943,793.8872443814,30.1652481948,0.0021357064,234,0.2861226393,54.3876469910,321.5396953173,2,0,59.9963173661
daily,SPY,2026-08-19,1530,2027-06-30,0.8630136986,791.7531452468,794.0701077196,29.2636977415,0.0034317298,293,0.4412766775,15.3305657669,183.1184145408,2,0,59.9963173661
daily,SPY,2026-08-19,1530,2027-09-17,1.0794520548,798.3621821290,801.6756076027,41.5027859266,0.0021664501,254,0.3270573890,62.6642280109,410.2722044060,2,0,59.9963173661
daily,SPY,2026-08-19,1530,2027-12-17,1.3287671233,804.8573986020,809.1575894485,53.4279843117,0.0028664722,266,0.3361799237,86.9539472576,499.1137918185,2,0,59.9963173661
daily,SPY,2026-08-19,1530,2028-01-21,1.4246575342,806.5986342100,811.4379289745,59.9963173661,0.0036030496,272,0.3593016247,91.1169829525,528.2064352682,2,0,59.9963173661
daily,SPY,2026-08-20,1530,2026-08-21,0.0027397260,763.7948757308,763.8112892577,0.2148944356,-0.0968037615,141,0.0175286009,2.5097195924,2.8540514206,2,0,56.3714233211
daily,SPY,2026-08-20,1530,2026-08-24,0.0109589041,763.8653568780,763.8928525436,0.3599543472,-0.0057146860,103,0.0110827148,3.0377320481,3.9109857800,2,0,56.3714233211
daily,SPY,2026-08-20,1530,2026-08-25,0.0136986301,763.9349664765,763.9674867458,0.4256942116,-0.0041757247,117,0.0289118647,3.4710467298,5.2229890121,2,0,56.3714233211
daily,SPY,2026-08-20,1530,2026-08-26,0.0164383562,764.0050030946,764.0406676537,0.4668105430,-0.0030334579,129,0.0219819652,3.9600853216,5.9421463324,2,0,56.3714233211
daily,SPY,2026-08-20,1530,2026-08-27,0.0191780822,764.0750541589,764.1113736473,0.4753392764,-0.0020481871,135,0.0319194431,4.2914709815,6.0899601476,2,0,56.3714233211
daily,SPY,2026-08-20,1530,2026-08-28,0.0219178082,764.2702228369,764.3270057543,0.7429691190,-0.0099607435,143,0.0304349293,3.3828389501,7.4048425294,2,0,56.3714233211
daily,SPY,2026-08-20,1530,2026-08-31,0.0301369863,764.3554029225,764.4217981143,0.8686429324,-0.0010937613,160,0.0269652496,5.0099336318,9.0334283710,2,0,56.3714233211
daily,SPY,2026-08-20,1530,2026-09-01,0.0328767123,764.4405448247,764.5112179729,0.9245081084,-0.0014238128,153,0.0408841107,5.5740329159,9.8500626294,2,0,56.3714233211
daily,SPY,2026-08-20,1530,2026-09-02,0.0356164384,764.5370591927,764.6089613853,0.9404670668,-0.0020083508,161,0.0364633128,4.8672558458,10.7426399365,2,0,56.3714233211
daily,SPY,2026-08-20,1530,2026-09-03,0.0383561644,764.5844004246,764.7027491057,1.5478824965,-0.0023740940,39,0.0306958955,7.5620835889,9.7608620648,2,0,56.3714233211
daily,SPY,2026-08-20,1530,2026-09-04,0.0410958904,764.9279799711,765.0346781409,1.3948786371,-0.0102664067,241,0.0382462240,10.5471387318,14.8772223888,2,0,56.3714233211
daily,SPY,2026-08-20,1530,2026-09-11,0.0602739726,765.4382592783,765.5979273885,2.0859698129,-0.0072339306,206,0.0537334379,3.5995420953,18.3713576670,2,0,56.3714233211
daily,SPY,2026-08-20,1530,2026-09-18,0.0794520548,765.0631747354,765.1832171711,1.5690525916,0.0104172152,259,0.0665881048,2.1631230407,18.7465806773,2,0,56.3714233211
daily,SPY,2026-08-20,1530,2026-09-25,0.0986301370,764.9083648719,765.0150639658,1.3949264878,0.0179264381,199,0.1034381446,3.6081878683,16.5494571854,2,0,56.3714233211
daily,SPY,2026-08-20,1530,2026-09-30,0.1123287671,765.0343615647,765.1526221840,1.5458210139,0.0187190252,332,0.0766319179,1.7426902269,16.8734019118,2,0,56.3714233211
daily,SPY,2026-08-20,1530,2026-10-02,0.1178082192,765.3057735321,765.4476683554,1.8540932032,0.0163223941,206,0.1077114975,3.8335632599,20.3630242896,2,0,56.3714233211
daily,SPY,2026-08-20,1530,2026-10-16,0.1561643836,766.4393952027,766.6865580311,3.2248189470,0.0114813305,247,0.1304145116,3.3443964028,34.3686163917,2,0,56.3714233211
daily,SPY,2026-08-20,1530,2026-10-30,0.1945205479,767.6368968900,768.0004963994,4.7366080352,0.0081486512,329,0.1333143178,2.1805500589,37.3519678173,2,0,56.3714233211
daily,SPY,2026-08-20,1530,2026-11-20,0.2520547945,769.3519333479,769.9096149207,7.2487186759,0.0054019283,120,0.1405140353,12.1838939078,60.2105159548,2,0,56.3714233211
daily,SPY,2026-08-20,1530,2026-11-30,0.2794520548,770.0345236388,770.6440535276,7.9156176781,0.0052810819,256,0.2036926366,2.8426599373,57.3711291477,2,0,56.3714233211
daily,SPY,2026-08-20,1530,2026-12-18,0.3287671233,771.2081727066,771.9677679794,9.8494193873,0.0051144753,133,0.1660307768,7.8032997625,76.9802990844,2,0,56.3714233211
daily,SPY,2026-08-20,1530,2026-12-31,0.3643835616,771.3640353442,772.1499900207,10.1891537654,0.0078564935,259,0.1499376843,1.6682910990,72.0747646037,2,0,56.3714233211
daily,SPY,2026-08-20,1530,2027-01-15,0.4054794521,772.8424012572,773.7957325472,12.3353906108,0.0058577457,189,0.1792141718,68.0096402672,161.1699776209,2,0,56.3714233211
daily,SPY,2026-08-20,1530,2027-01-29,0.4438356164,774.0876465371,775.1480493480,13.6987434896,0.0048693078,277,0.2807166057,5.9271145889,89.0393971053,2,0,56.3714233211
daily,SPY,2026-08-20,1530,2027-03-19,0.5780821918,778.1084908965,779.6616874088,19.9611818982,0.0030032850,214,0.1925132540,67.3166120643,231.6403692469,2,0,56.3714233211
daily,SPY,2026-08-20,1530,2027-03-31,0.6109589041,778.0864918864,779.8169309953,22.2396754977,0.0046788447,283,0.2499395631,2.6020163056,129.6804947388,2,0,56.3714233211
daily,SPY,2026-08-20,1530,2027-06-17,0.8246575342,784.8301825222,787.2251877171,30.5162218296,0.0024172376,233,0.2392632110,59.8050757510,323.0094913393,2,0,56.3714233211
daily,SPY,2026-08-20,1530,2027-06-30,0.8602739726,784.9792074843,787.4403991021,31.3535899338,0.0036636139,290,0.4320006453,17.1831537146,183.8598119313,2,0,56.3714233211
daily,SPY,2026-08-20,1530,2027-09-17,1.0767123288,791.7173237198,795.0831860088,42.5134348849,0.0022483577,250,0.3222008114,69.3814282431,413.3978893365,2,0,56.3714233211
daily,SPY,2026-08-20,1530,2027-12-17,1.3260273973,798.3478540284,802.5336874528,52.4311977950,0.0029084405,264,0.3609618488,94.4566233155,503.7904824873,2,0,56.3714233211
daily,SPY,2026-08-20,1530,2028-01-21,1.4219178082,800.1231476428,804.6335557092,56.3714233211,0.0037858212,276,0.3369570467,98.5396851987,533.6566085650,2,0,56.3714233211
daily,SPY,2026-08-21,1530,2026-08-24,0.0082191781,766.0556409020,766.0562687483,0.0081958305,0.0337666817,103,0.1749765445,0.2849486039,0.7239080443,2,0,55.8766636691
daily,SPY,2026-08-21,1530,2026-08-25,0.0109589041,766.1204657567,766.1251316860,0.0609033366,0.0266073653,119,0.0226841518,0.8484859489,1.5149859004,2,0,55.8766636691
daily,SPY,2026-08-21,1530,2026-08-26,0.0136986301,766.1900987705,766.2035136571,0.1750856171,0.0214054342,101,0.0333999085,1.4042388003,2.2959138510,2,0,55.8766636691
daily,SPY,2026-08-21,1530,2026-08-27,0.0164383562,766.2539113884,766.2672881186,0.1745730764,0.0190977840,112,0.0224277154,1.8860702537,3.0162695644,2,0,55.8766636691
daily,SPY,2026-08-21,1530,2026-08-28,0.0191780822,766.4495996779,766.4788646693,0.3818253854,0.0073940129,114,0.0321073083,2.8862020497,4.4357606105,2,0,55.8766636691
daily,SPY,2026-08-21,1530,2026-08-31,0.0273972603,766.5455667781,766.5783312077,0.4274296397,0.0118211272,132,0.0238071137,3.6757871890,6.0683983535,2,0,55.8766636691
daily,SPY,2026-08-21,1530,2026-09-01,0.0301369863,766.6457378899,766.6786739345,0.4296123103,0.0098523492,136,0.0383507140,4.1131513485,7.0401071520,2,0,55.8766636691
daily,SPY,2026-08-21,1530,2026-09-02,0.0328767123,766.7096380563,766.7592944965,0.6476563967,0.0089945728,145,0.0380278139,3.7721193411,7.7758106175,2,0,55.8766636691
daily,SPY,2026-08-21,1530,2026-09-03,0.0356164384,766.7933706488,766.8563418935,0.8212283400,0.0076676300,151,0.0364790811,4.1626926942,8.6245397033,2,0,55.8766636691
daily,SPY,2026-08-21,1530,2026-09-04,0.0383561644,767.0865800275,767.1659594547,1.0348170504,-0.0006943343,220,0.0341102790,8.1238729080,11.7542155747,2,0,55.8766636691
daily,SPY,2026-08-21,1530,2026-09-11,0.0575342466,767.6013110989,767.7373012364,1.7716246110,-0.0007561510,203,0.0344256021,3.2533680814,15.5622135861,2,0,55.8766636691
daily,SPY,2026-08-21,1530,2026-09-18,0.0767123288,767.1884538174,767.2736975544,1.1111186125,0.0167916769,277,0.0752255359,1.9728356363,15.4904021439,2,0,55.8766636691
daily,SPY,2026-08-21,1530,2026-09-25,0.0958904110,767.0487970360,767.1238007720,0.9778222229,0.0229436708,209,0.0905816334,2.5968206046,13.4120689220,2,0,55.8766636691
daily,SPY,2026-08-21,1530,2026-09-30,0.1095890411,767.1848868769,767.2692298855,1.0993830833,0.0229625687,330,0.0837446770,1.6269876933,13.9177723180,2,0,55.8766636691
daily,SPY,2026-08-21,1530,2026-10-02,0.1150684932,767.4713649130,767.5798069772,1.4129786352,0.0201107715,210,0.1012556108,3.0239327258,17.2632794614,2,0,55.8766636691
daily,SPY,2026-08-21,1530,2026-10-16,0.1534246575,768.6193478465,768.8387528475,2.8545339329,0.0138790956,245,0.1243043627,2.8593967076,31.3704267079,2,0,55.8766636691
daily,SPY,2026-08-21,1530,2026-10-30,0.1917808219,769.8278381901,770.1615637022,4.3350668244,0.0100122290,318,0.1015763178,1.9404543471,34.2911093016,2,0,55.8766636691
daily,SPY,2026-08-21,1530,2026-11-20,0.2493150685,771.6434575136,772.1338567182,6.3552564308,0.0066630608,113,0.1608711032,10.8502191344,57.7583340018,2,0,55.8766636691
daily,SPY,2026-08-21,1530,2026-11-30,0.2767123288,772.2411819342,772.8148666778,7.4288286748,0.0066585678,250,0.2045227804,2.6380392534,54.6345424910,2,0,55.8766636691
daily,SPY,2026-08-21,1530,2026-12-18,0.3260273973,773.4201588287,774.0987525117,8.7739332281,0.0064088463,125,0.1794752033,9.1197699137,74.2400476615,2,0,55.8766636691
daily,SPY,2026-08-21,1530,2026-12-31,0.3616438356,773.6095215208,774.3254208505,9.2540139407,0.0088729618,255,0.1713998626,1.3576306797,69.2567256056,2,0,55.8766636691
daily,SPY,2026-08-21,1530,2027-01-15,0.4027397260,775.1218881725,775.9867862391,11.1582201437,0.0067217421,194,0.1400239503,66.5300613315,157.7401318938,2,0,55.8766636691
daily,SPY,2026-08-21,1530,2027-01-29,0.4410958904,776.3408679862,777.3545527417,13.0572123310,0.0056181442,273,0.2834675129,4.7444727807,86.3374489685,2,0,55.8766636691
daily,SPY,2026-08-21,1530,2027-03-19,0.5753424658,780.2055171908,781.8709470246,21.3460402038,0.0035118257,214,0.2135230175,59.3487100230,227.3336929260,2,0,55.8766636691
daily,SPY,2026-08-21,1530,2027-03-31,0.6082191781,780.6222632576,782.1135729173,19.1041138579,0.0049506498,284,0.1894160323,2.4852840109,127.4400939299,2,0,55.8766636691
daily,SPY,2026-08-21,1530,2027-06-17,0.8219178082,787.4238363304,789.6690246642,28.5130857133,0.0022540318,232,0.2923158608,56.9317077696,320.5212750448,2,0,55.8766636691
daily,SPY,2026-08-21,1530,2027-06-30,0.8575342466,787.5190668996,789.9310412529,30.6275042053,0.0034169202,293,0.4448182103,16.2088038327,181.6417747842,2,0,55.8766636691
daily,SPY,2026-08-21,1530,2027-09-17,1.0739726027,794.3811379580,797.3672252694,37.5901084343,0.0022559600,251,0.3347927803,66.4751571155,408.5883650106,2,0,55.8766636691
daily,SPY,2026-08-21,1530,2027-12-17,1.3232876712,800.6061379618,805.0350378711,55.3193349292,0.0028135756,267,0.2841486436,91.2636974543,498.7436667527,2,0,55.8766636691
daily,SPY,2026-08-21,1530,2028-01-21,1.4191780822,803.1644637753,807.6522788366,55.8766636691,0.0032824850,264,0.4166725529,96.4797857386,532.8896382106,2,0,55.8766636691
daily,SPY,2026-08-24,1538,2026-08-25,0.0027397260,764.2001247368,764.2058787735,0.0752948931,-0.0126345106,88,0.0077353770,1.4228021729,1.5952310763,2,0,60.2415991391
daily,SPY,2026-08-24,1538,2026-08-26,0.0054794521,764.2550530159,764.2660858283,0.1443603462,-0.0017253297,102,0.0195307896,1.6361685393,2.0207513167,2,0,60.2415991391
daily,SPY,2026-08-24,1538,2026-08-27,0.0082191781,764.3200997998,764.3334290531,0.1743935990,0.0007758775,110,0.0196534455,2.2353352028,3.1433100274,2,0,60.2415991391
daily,SPY,2026-08-24,1538,2026-08-28,0.0109589041,764.5152141649,764.5476868181,0.4247482926,-0.0155089829,111,0.0250544835,2.5804436887,4.3830630027,2,0,60.2415991391
daily,SPY,2026-08-24,1538,2026-08-31,0.0191780822,764.5897015781,764.6281165969,0.5024265798,0.0019121180,127,0.0309504258,4.1076349594,5.7425007868,2,0,60.2415991391
daily,SPY,2026-08-24,1538,2026-09-01,0.0219178082,764.6955781576,764.7297653016,0.4470686768,0.0003505273,134,0.0272563793,3.7064514879,6.7143546538,2,0,60.2415991391
daily,SPY,2026-08-24,1538,2026-09-02,0.0246575342,764.7657159752,764.8085318352,0.5598559035,0.0003500297,138,0.0287898408,4.1263199890,7.4801262405,2,0,60.2415991391
daily,SPY,2026-08-24,1538,2026-09-03,0.0273972603,764.8458787661,764.8952984747,0.6461394379,-0.0000317399,149,0.0225444700,4.4488494634,8.2499037617,2,0,60.2415991391
daily,SPY,2026-08-24,1538,2026-09-04,0.0301369863,765.1262870172,765.2043420506,1.0201588245,-0.0099837410,220,0.0317312444,8.2726422810,11.2834990166,2,0,60.2415991391
daily,SPY,2026-08-24,1538,2026-09-11,0.0493150685,765.6518260148,765.7687144639,1.5266527829,-0.0062974481,195,0.0382964187,3.5202764328,15.2637260973,2,0,60.2415991391
daily,SPY,2026-08-24,1538,2026-09-18,0.0684931507,765.2532524098,765.3372445081,1.0975725755,0.0143173466,261,0.0534202868,2.7136932248,15.1345942970,2,0,60.2415991391
daily,SPY,2026-08-24,1538,2026-09-25,0.0876712329,765.1187117395,765.1926946575,0.9669469171,0.0216076110,198,0.0876722264,2.5549671694,12.9708734366,2,0,60.2415991391
daily,SPY,2026-08-24,1538,2026-09-30,0.1013698630,765.2497766342,765.3351784784,1.1159995964,0.0218418345,317,0.0787167890,1.9364697496,15.9914878973,2,0,60.2415991391
daily,SPY,2026-08-24,1538,2026-10-02,0.1068493151,765.5512415246,765.6613717261,1.4385738737,0.0186276881,197,0.0914909179,3.1579485585,17.5464997545,2,0,60.2415991391
daily,SPY,2026-08-24,1538,2026-10-16,0.1452054795,766.7148427835,766.9287686726,2.7901623535,0.0123068065,239,0.1110455107,3.0373806610,31.3593891978,2,0,60.2415991391
daily,SPY,2026-08-24,1538,2026-10-30,0.1835616438,767.9474927644,768.2783005097,4.3076870293,0.0083656533,314,0.1160098937,2.0976384080,35.2542470619,2,0,60.2415991391
daily,SPY,2026-08-24,1538,2026-11-20,0.2410958904,769.6278083725,770.1532248091,6.8268899713,0.0058171003,115,0.1390379738,13.6163611940,57.7449782364,2,0,60.2415991391
daily,SPY,2026-08-24,1538,2026-11-30,0.2684931507,770.3404486634,770.9144588752,7.4513835126,0.0055766769,247,0.1854519831,2.6946475503,55.4526150788,2,0,60.2415991391
daily,SPY,2026-08-24,1538,2026-12-18,0.3178082192,771.4944407913,772.2015470488,9.1654096269,0.0055399241,127,0.1347469939,9.6440552404,74.3725484254,2,0,60.2415991391
daily,SPY,2026-08-24,1538,2026-12-31,0.3534246575,771.6303177368,772.3693543272,9.5775991865,0.0083507430,252,0.1515665444,1.5094949563,69.6552420327,2,0,60.2415991391
daily,SPY,2026-08-24,1538,2027-01-15,0.3945205479,773.1136176794,774.0438863395,12.0327548085,0.0061420964,191,0.1511138649,67.2842866881,157.2938175818,2,0,60.2415991391
daily,SPY,2026-08-24,1538,2027-01-29,0.4328767123,774.3838225682,775.3936182292,13.0399891055,0.0051038004,274,0.2873293970,5.1943360593,87.1226647226,2,0,60.2415991391
daily,SPY,2026-08-24,1538,2027-03-19,0.5671232877,778.4003187048,779.9222601550,19.5521688985,0.0031546514,214,0.1628486784,60.3888436213,227.3802207989,2,0,60.2415991391
daily,SPY,2026-08-24,1538,2027-03-31,0.6000000000,778.5513702328,780.0923845339,19.7933541703,0.0048485783,291,0.2013418212,2.4999753719,127.9466393671,2,0,60.2415991391
daily,SPY,2026-08-24,1538,2027-06-17,0.8136986301,785.1054162809,787.6463288586,32.3639669911,0.0024216377,230,0.2384565285,59.1815261927,320.0740810314,2,0,60.2415991391
daily,SPY,2026-08-24,1538,2027-06-30,0.8493150685,785.5299406072,787.8869947890,30.0059114232,0.0036672737,295,0.4248350780,16.7538829527,182.5615318545,2,0,60.2415991391
daily,SPY,2026-08-24,1538,2027-09-17,1.0657534247,792.5642120702,795.7122455808,39.7196020546,0.0021176118,251,0.3087213356,69.3161043119,412.6799282617,2,0,60.2415991391
daily,SPY,2026-08-24,1538,2027-12-17,1.3150684932,799.0488587896,803.1801705338,51.7028677128,0.0029505862,264,0.3624027026,94.3099523564,503.6642499693,2,0,60.2415991391
daily,SPY,2026-08-24,1538,2028-01-21,1.4109589041,800.6674726254,805.4908215184,60.2415991391,0.0037029505,270,0.4072275180,98.7183433049,534.2419121382,2,0,60.2415991391
daily,SPY,2026-08-25,1530,2026-08-26,0.0027397260,765.2299201708,765.2320088665,0.0272950080,0.0034907613,92,0.0058843838,0.8784330396,0.9861798240,2,0,55.7351164677
daily,SPY,2026-08-25,1530,2026-08-27,0.0054794521,765.2902674934,765.3001105723,0.1286188963,0.0044241098,57,0.0235626523,0.3193547465,1.1552914994,2,0,55.7351164677
daily,SPY,2026-08-25,1530,2026-08-28,0.0082191781,765.4801493064,765.5021340338,0.2872017972,-0.0165508042,102,0.0158107259,2.8527598071,3.5286737414,2,0,55.7351164677
daily,SPY,2026-08-25,1530,2026-08-31,0.0164383562,765.5647293401,765.5930651138,0.3701290374,0.0034184335,123,0.0184813157,3.2530641282,6.9294761405,2,0,55.7351164677
daily,SPY,2026-08-25,1530,2026-09-01,0.0191780822,765.6604791239,765.6992392618,0.5062314032,0.0011048903,131,0.0190786424,6.0090561311,7.6094611530,2,0,55.7351164677
daily,SPY,2026-08-25,1530,2026-09-02,0.0219178082,765.7297759824,765.7749793347,0.5903303455,0.0011838413,133,0.0235022527,4.2426352757,8.2127873112,2,0,55.7351164677
daily,SPY,2026-08-25,1530,2026-09-03,0.0246575342,765.8098226435,765.8623572594,0.6860008096,0.0006293676,140,0.0239983290,4.4450651618,8.9019488287,2,0,55.7351164677
daily,SPY,2026-08-25,1530,2026-09-04,0.0273972603,766.0861253903,766.1541366099,0.8877751114,-0.0095528305,210,0.0382011814,9.0606559919,11.4523638013,2,0,55.7351164677
daily,SPY,2026-08-25,1530,2026-09-08,0.0383561644,766.3446986753,766.4080055897,0.8260892848,-0.0046497361,34,0.0431920894,3.1906806238,11.3347061845,2,0,55.7351164677
daily,SPY,2026-08-25,1530,2026-09-11,0.0465753425,766.5910407154,766.7092833443,1.5424473105,-0.0055902078,191,0.0320243559,4.5411878430,15.3274205674,2,0,55.7351164677
daily,SPY,2026-08-25,1530,2026-09-18,0.0657534247,766.1478523671,766.2181667993,0.9177658328,0.0168215205,268,0.0606004091,2.4638680845,14.7451188998,2,0,55.7351164677
daily,SPY,2026-08-25,1530,2026-09-25,0.0849315068,766.0132510932,766.0740926379,0.7942623014,0.0237815758,210,0.0971187159,2.1181178759,13.1591034639,2,0,55.7351164677
daily,SPY,2026-08-25,1530,2026-09-30,0.0986301370,766.1492749916,766.2216635712,0.9448364955,0.0237262256,325,0.0859014637,1.8216777034,13.6832993405,2,0,55.7351164677
daily,SPY,2026-08-25,1530,2026-10-02,0.1041095890,766.4657517814,766.5635542900,1.2760192926,0.0201632626,204,0.0892238866,2.8230937917,17.3816220053,2,0,55.7351164677
daily,SPY,2026-08-25,1530,2026-10-16,0.1424657534,767.6341434801,767.8348512453,2.6146279043,0.0132947467,240,0.1273083822,2.6702179015,31.5985107455,2,0,55.7351164677
daily,SPY,2026-08-25,1530,2026-10-30,0.1808219178,768.9017332901,769.2197775824,4.1363451085,0.0087570245,317,0.1074569315,1.9575208276,35.5299730663,2,0,55.7351164677
daily,SPY,2026-08-25,1530,2026-11-20,0.2383561644,770.6364084567,771.1288632813,6.3902356434,0.0058404050,115,0.1373289810,12.9115039270,58.0240113608,2,0,55.7351164677
daily,SPY,2026-08-25,1530,2026-11-30,0.2657534247,771.3194304465,771.8830539159,7.3072639836,0.0056437627,392,0.1512302847,1.5262830283,55.8134475871,2,0,55.7351164677
daily,SPY,2026-08-25,1530,2026-12-18,0.3150684932,772.4553617377,773.1392970035,8.8540425721,0.0057769876,129,0.1213594945,9.2358878230,74.7571805980,2,0,55.7351164677
daily,SPY,2026-08-25,1530,2026-12-31,0.3506849315,772.6281243449,773.3134066375,8.8694971230,0.0085881420,253,0.1696696794,1.4765394611,69.7124007383,2,0,55.7351164677
daily,SPY,2026-08-25,1530,2027-01-15,0.3917808219,774.1383993162,774.9884903881,10.9811252436,0.0063746036,184,0.1709812130,68.5347805289,156.6745766894,2,0,55.7351164677
daily,SPY,2026-08-25,1530,2027-01-29,0.4301369863,775.3626399938,776.3640659766,12.9155820930,0.0052624578,270,0.2837761296,4.7645490080,87.4779874971,2,0,55.7351164677
daily,SPY,2026-08-25,1530,2027-03-19,0.5643835616,779.1509156963,780.8125398783,21.3260890609,0.0035053336,211,0.2186478768,63.9532779834,226.7582173921,2,0,55.7351164677
daily,SPY,2026-08-25,1530,2027-03-31,0.5972602740,779.4552533511,781.1138694613,21.2791703328,0.0049122756,286,0.1992135797,2.4562917012,127.9793561930,2,0,55.7351164677
daily,SPY,2026-08-25,1530,2027-06-17,0.8109589041,786.3201426232,788.6269749921,29.3370631621,0.0025654879,233,0.2399325117,57.6892609894,318.9339531948,2,0,55.7351164677
daily,SPY,2026-08-25,1530,2027-06-30,0.8465753425,786.4620958983,788.8106585636,29.8623757909,0.0038990006,295,0.4264809721,16.2922663184,181.0866812684,2,0,55.7351164677
daily,SPY,2026-08-25,1530,2027-09-17,1.0630136986,793.5085177559,796.7519665114,40.8747818446,0.0021716091,251,0.3513611793,73.1306130295,411.1151648154,2,0,55.7351164677
daily,SPY,2026-08-25,1530,2027-12-17,1.3123287671,799.8930979378,804.0565629389,52.0502678648,0.0031407110,267,0.3371514886,92.5376082923,501.3075078255,2,0,55.7351164677
daily,SPY,2026-08-25,1530,2028-01-21,1.4082191781,801.8643053965,806.3335054418,55.7351164677,0.0039065561,270,0.3537580150,97.0346389959,532.2702235374,2,0,55.7351164677
daily,SPY,2026-08-26,1530,2026-08-27,0.0027397260,766.9502021647,766.9520548536,0.0241565724,0.0130648766,99,0.0123108919,0.1842747632,0.6519754857,2,0,51.5068652888
daily,SPY,2026-08-26,1530,2026-08-28,0.0054794521,767.1454447855,767.1579202130,0.1626214110,-0.0235280933,98,0.0182631309,1.0865287181,1.8892510679,2,0,51.5068652888
daily,SPY,2026-08-26,1530,2026-08-31,0.0136986301,767.2251166577,767.2415844958,0.2146415409,0.0053314827,110,0.0305345814,1.5861449897,2.9200437290,2,0,51.5068652888
daily,SPY,2026-08-26,1530,2026-09-01,0.0164383562,767.2901804399,767.3154719491,0.3296211758,0.0048912907,119,0.0250664214,1.9491923132,3.2350796471,2,0,51.5068652888
daily,SPY,2026-08-26,1530,2026-09-02,0.0191780822,767.3667168608,767.3905730395,0.3108836774,0.0044948868,123,0.0315626115,2.3181079825,3.9533200913,2,0,51.5068652888
daily,SPY,2026-08-26,1530,2026-09-03,0.0219178082,767.4403650657,767.4779800182,0.4901351836,0.0034664551,125,0.0409422818,2.6961577149,4.5014799597,2,0,51.5068652888
daily,SPY,2026-08-26,1530,2026-09-04,0.0246575342,767.7356860895,767.7945931862,0.7672835561,-0.0094415813,196,0.0444744901,4.8368467621,7.2635552300,2,0,51.5068652888
daily,SPY,2026-08-26,1530,2026-09-08,0.0356164384,767.8688637495,767.9559750596,1.1344555585,-0.0007945058,144,0.0527655965,4.0457625781,8.4247841454,2,0,51.5068652888
daily,SPY,2026-08-26,1530,2026-09-09,0.0383561644,768.0166266038,768.0570711467,0.5266102515,-0.0014668574,31,0.0163024103,4.2129934557,8.2900717834,2,0,51.5068652888
daily,SPY,2026-08-26,1530,2026-09-11,0.0438356164,768.2370501965,768.3489987174,1.4572132507,-0.0052226682,172,0.0519854998,3.5374953207,10.9082777644,2,0,51.5068652888
daily,SPY,2026-08-26,1530,2026-09-18,0.0630136986,767.7868739744,767.8502092445,0.8249069139,0.0181884955,257,0.0762198745,2.1575376050,11.5217059548,2,0,51.5068652888
daily,SPY,2026-08-26,1530,2026-09-25,0.0821917808,767.6419935404,767.6950842361,0.6916074954,0.0252318644,206,0.0804586884,1.7617696418,8.7631961608,2,0,51.5068652888
daily,SPY,2026-08-26,1530,2026-09-30,0.0958904110,767.7828319097,767.8477635341,0.8457030000,0.0249139025,305,0.0919626177,1.8507787331,9.3630988004,2,0,51.5068652888
daily,SPY,2026-08-26,1530,2026-10-02,0.1013698630,768.0992010676,768.1880289741,1.1564639868,0.0212206334,196,0.0868856522,2.5103793089,12.8191120803,2,0,51.5068652888
daily,SPY,2026-08-26,1530,2026-10-16,0.1397260274,769.2674666929,769.4480427981,2.3473773810,0.0140384409,237,0.1420610585,2.3168238097,26.3202425126,2,0,51.5068652888
daily,SPY,2026-08-26,1530,2026-10-30,0.1780821918,770.4801977051,770.7760923031,3.8403919904,0.0096673076,315,0.0880519505,1.8020332416,29.9433721128,2,0,51.5068652888
daily,SPY,2026-08-26,1530,2026-11-20,0.2356164384,772.2855179086,772.7425811850,5.9183199186,0.0061286514,110,0.1516496722,11.6290091495,52.3230286878,2,0,51.5068652888
daily,SPY,2026-08-26,1530,2026-11-30,0.2630136986,772.8841481953,773.4558127366,7.3965101063,0.0060895789,386,0.1178540924,1.4410751537,49.6245992524,2,0,51.5068652888
daily,SPY,2026-08-26,1530,2026-12-18,0.3123287671,774.1445799928,774.7908602267,8.3483143924,0.0058230590,127,0.1453563691,8.5881920586,69.4159440203,2,0,51.5068652888
daily,SPY,2026-08-26,1530,2026-12-31,0.3479452055,774.2062656087,774.9578663000,9.7080161272,0.0086641342,245,0.1570020825,1.3013211168,64.3032103169,2,0,51.5068652888
daily,SPY,2026-08-26,1530,2027-01-15,0.3890410959,775.7157289500,776.6497217489,12.0404004206,0.0063730333,186,0.1479480783,62.6849675804,150.4447580283,2,0,51.5068652888
daily,SPY,2026-08-26,1530,2027-01-29,0.4273972603,776.3107025327,777.2939033050,12.6650420910,0.0074546222,273,0.2504798587,4.2483187720,77.8030732085,2,0,51.5068652888
daily,SPY,2026-08-26,1530,2027-03-19,0.5616438356,781.1111846706,782.5200719438,18.0369619689,0.0033392836,207,0.2435154331,65.3004090787,222.3168433365,2,0,51.5068652888
daily,SPY,2026-08-26,1530,2027-03-31,0.5945205479,780.8054578406,782.0614447807,16.0857858694,0.0063694964,281,0.1860245000,2.2955642705,119.3335422148,2,0,51.5068652888
daily,SPY,2026-08-26,1530,2027-06-17,0.8082191781,787.7048292865,790.2822208364,32.7202710211,0.0024037881,232,0.2832478987,55.7935894508,312.0909202373,2,0,51.5068652888
daily,SPY,2026-08-26,1530,2027-06-30,0.8438356164,788.1677099132,790.5594373395,30.3454124830,0.0035878252,291,0.4260951982,15.5352285907,176.3981538646,2,0,51.5068652888
daily,SPY,2026-08-26,1530,2027-09-17,1.0602739726,794.5230622645,797.6006833582,38.7354532534,0.0028477970,255,0.2515900902,64.5687202045,400.0404339092,2,0,51.5068652888
daily,SPY,2026-08-26,1530,2027-12-17,1.3095890411,800.9307073192,804.8807786479,49.3185152297,0.0034696643,270,0.2899447036,88.6004685809,488.3191752969,2,0,51.5068652888
daily,SPY,2026-08-26,1530,2028-01-21,1.4054794521,803.1703666958,807.3072454839,51.5068652888,0.0039948162,270,0.3364764901,93.2563217556,519.2678492197,2,0,51.5068652888
daily,SPY,2026-08-27,1530,2026-08-28,0.0027397260,770.4051460460,770.4158920178,0.1394846834,-0.0596197037,81,0.0160914740,1.2277344810,1.5369640516,2,0,58.9322304031
daily,SPY,2026-08-27,1530,2026-08-31,0.0109589041,770.4551892137,770.4654136827,0.1327068621,0.0076839001,101,0.0253973455,1.6844969579,2.4486177189,2,0,58.9322304031
daily,SPY,2026-08-27,1530,2026-09-01,0.0136986301,770.5297556729,770.5500283257,0.2631001932,0.0057182605,103,0.0152761817,2.2023734340,3.2917117400,2,0,58.9322304031
daily,SPY,2026-08-27,1530,2026-09-02,0.0164383562,770.5897442231,770.6153563199,0.3323700716,0.0059310607,112,0.0158362943,2.2061020694,3.9417185760,2,0,58.9322304031
daily,SPY,2026-08-27,1530,2026-09-03,0.0191780822,770.6490173912,770.6899857211,0.5316081513,0.0054541230,115,0.0233864833,2.5747178499,4.5506035617,2,0,58.9322304031
daily,SPY,2026-08-27,1530,2026-09-04,0.0219178082,770.9557944467,771.0087207449,0.6865023722,-0.0093505668,192,0.0222441859,5.5470291663,7.6114267711,2,0,58.9322304031
daily,SPY,2026-08-27,1530,2026-09-08,0.0328767123,771.0563167261,771.1215176202,0.8456048239,0.0019629934,136,0.0353913070,4.4475370426,8.5888782839,2,0,58.9322304031
daily,SPY,2026-08-27,1530,2026-09-09,0.0356164384,771.1401893022,771.2162607556,0.9864802070,0.0012809305,139,0.0376783927,4.1668571870,9.3773019913,2,0,58.9322304031
daily,SPY,2026-08-27,1530,2026-09-10,0.0383561644,771.0688248542,771.1387612682,0.9070061150,0.0065193989,31,0.0498883675,3.9784701442,7.1048401757,2,0,58.9322304031
daily,SPY,2026-08-27,1530,2026-09-11,0.0410958904,771.4522625007,771.5417118258,1.1594926801,-0.0040977835,169,0.0316169204,4.2482577336,11.4987345320,2,0,58.9322304031
daily,SPY,2026-08-27,1530,2026-09-18,0.0602739726,770.9571863191,771.0087611096,0.6689708770,0.0207418051,257,0.0841803669,2.1391355463,10.3721813257,2,0,58.9322304031
daily,SPY,2026-08-27,1530,2026-09-25,0.0794520548,770.8174603743,770.8598087043,0.5493950542,0.0273245907,206,0.0983256551,1.4910580492,8.8570107106,2,0,58.9322304031
daily,SPY,2026-08-27,1530,2026-09-30,0.0931506849,770.9654444382,771.0225489449,0.7406882776,0.0265575143,320,0.1038116577,1.5814574115,9.6013006895,2,0,58.9322304031
daily,SPY,2026-08-27,1530,2026-10-02,0.0986301370,771.2872461490,771.3592793074,0.9339342604,0.0227238558,202,0.0718887702,2.2028913086,13.2613812079,2,0,58.9322304031
daily,SPY,2026-08-27,1530,2026-10-09,0.1178082192,771.9190775692,772.0591353071,1.8144095922,0.0173885775,50,0.1560080388,1.4970794310,3.0699962251,2,0,58.9322304031
daily,SPY,2026-08-27,1530,2026-10-16,0.1369863014,772.5029150090,772.6807050005,2.3014798783,0.0143857227,238,0.1204496238,2.1084460965,27.1947954023,2,0,58.9322304031
daily,SPY,2026-08-27,1530,2026-10-30,0.1753424658,773.6978882564,773.9994492872,3.8976587032,0.0099496039,311,0.0970567554,1.7164539578,31.0824625258,2,0,58.9322304031
daily,SPY,2026-08-27,1530,2026-11-20,0.2328767123,775.4281289917,775.9330686725,6.5117534669,0.0064543673,111,0.0908037137,14.7188477750,53.4005523245,2,0,58.9322304031
daily,SPY,2026-08-27,1530,2026-11-30,0.2602739726,776.1308125153,776.6606072801,6.8261014290,0.0063006014,380,0.1344736390,1.3821929824,51.4701357484,2,0,58.9322304031
daily,SPY,2026-08-27,1530,2026-12-18,0.3095890411,777.3353589466,777.9643666058,8.0918441698,0.0061354114,122,0.1792739296,8.8865176368,70.2027517550,2,0,58.9322304031
daily,SPY,2026-08-27,1530,2026-12-31,0.3452054795,777.4384461476,778.1275519114,8.8637983785,0.0089682209,246,0.1400954290,1.2055002672,65.2063401254,2,0,58.9322304031
daily,SPY,2026-08-27,1530,2027-01-15,0.3863013699,778.9783577584,779.8459173400,11.1371461481,0.0065531917,189,0.1383943600,63.2081796775,150.0851859239,2,0,58.9322304031
daily,SPY,2026-08-27,1530,2027-01-29,0.4246575342,780.0646723919,781.0457703810,12.5771365351,0.0059488033,271,0.2380077951,4.3294433644,81.8103694095,2,0,58.9322304031
daily,SPY,2026-08-27,1530,2027-03-19,0.5589041096,784.1225660606,785.7306561377,20.5081468988,0.0034781477,209,0.1863713840,62.1335968053,219.9213763267,2,0,58.9322304031
daily,SPY,2026-08-27,1530,2027-03-31,0.5917808219,784.3341366540,785.8092174954,18.8067912958,0.0053712964,277,0.1888886068,2.2463757442,122.3487309391,2,0,58.9322304031
daily,SPY,2026-08-27,1530,2027-06-17,0.8054794521,791.3834716332,793.5086915476,26.8544895184,0.0026114372,234,0.2116694737,48.9554514640,313.2036830579,2,0,58.9322304031
daily,SPY,2026-08-27,1530,2027-06-30,0.8410958904,791.4801641107,793.7431311349,28.5915822886,0.0038686869,293,0.4010174694,13.9705227082,177.1450063994,2,0,58.9322304031
daily,SPY,2026-08-27,1530,2027-09-17,1.0575342466,798.4130525125,801.5180484062,38.8895933496,0.0022972009,249,0.3493678494,61.8099167227,403.2303095588,2,0,58.9322304031
daily,SPY,2026-08-27,1530,2027-12-17,1.3068493151,804.4793805417,808.5703715816,50.8526525199,0.0033530201,268,0.3355051047,85.3062781463,490.1470084121,2,0,58.9322304031
daily,SPY,2026-08-27,1530,2028-01-21,1.4027397260,806.9007028644,811.6559486777,58.9322304031,0.0033458473,266,0.3810654369,90.8163855589,522.6186104546,2,0,58.9322304031
daily,SPY,2026-08-31,1530,2026-09-01,0.0027397260,766.2500262613,766.2566282325,0.0861594901,0.0066003421,88,0.0059759508,0.4021553163,0.5922174684,2,0,59.2176649388
daily,SPY,2026-08-31,1530,2026-09-02,0.0054794521,766.3298592319,766.3359350887,0.0792851376,0.0035823307,99,0.0104813862,0.9094981968,1.0498470657,2,0,59.2176649388
daily,SPY,2026-08-31,1530,2026-09-03,0.0082191781,766.4057579816,766.4202515586,0.1891110140,0.0017823679,107,0.0246704100,1.4453294293,1.7986777805,2,0,59.2176649388
daily,SPY,2026-08-31,1530,2026-09-04,0.0109589041,766.7048760270,766.7408162234,0.4687618088,-0.0272367934,169,0.0303011159,3.6332086649,4.4420403696,2,0,59.2176649388
daily,SPY,2026-08-31,1530,2026-09-08,0.0219178082,766.8115216156,766.8610154074,0.6454492450,-0.0016005379,117,0.0380879205,4.1926868917,5.6054142502,2,0,59.2176649388
daily,SPY,2026-08-31,1530,2026-09-09,0.0246575342,766.8839454272,766.9416923129,0.7530068407,-0.0014291381,128,0.0305640274,3.9629941986,6.3991073650,2,0,59.2176649388
daily,SPY,2026-08-31,1530,2026-09-10,0.0273972603,766.9639122668,767.0379408862,0.9652164617,-0.0020326098,137,0.0262194760,4.2432524547,7.2051893868,2,0,59.2176649388
daily,SPY,2026-08-31,1530,2026-09-11,0.0301369863,767.1790519934,767.2692131777,1.1752300077,-0.0083656734,149,0.0385418292,4.9273422584,8.5980449678,2,0,59.2176649388
daily,SPY,2026-08-31,1530,2026-09-14,0.0383561644,767.2029319221,767.2629787209,0.7826716552,0.0018544288,31,0.0318984356,5.4688986828,8.2388502717,2,0,59.2176649388
daily,SPY,2026-08-31,1530,2026-09-18,0.0493150685,766.6211733531,766.6491287407,0.3646571285,0.0261919907,256,0.1056365926,1.9484643943,6.6151336513,2,0,59.2176649388
daily,SPY,2026-08-31,1530,2026-09-25,0.0684931507,766.4712358397,766.4906804992,0.2536906620,0.0326110879,205,0.1115373109,1.0571116516,5.3260445064,2,0,59.2176649388
daily,SPY,2026-08-31,1530,2026-09-30,0.0821917808,766.6370041644,766.6685197845,0.4110892107,0.0307432754,352,0.2328847972,1.3599648346,6.3381372481,2,0,59.2176649388
daily,SPY,2026-08-31,1530,2026-10-02,0.0876712329,766.9549093079,767.0022018522,0.6166274420,0.0262303927,206,0.0959975754,1.8849789630,9.8398160121,2,0,59.2176649388
daily,SPY,2026-08-31,1530,2026-10-09,0.1068493151,767.5773548109,767.6887738364,1.4515673863,0.0199601890,200,0.0868334480,2.9712445487,15.2089598030,2,0,59.2176649388
daily,SPY,2026-08-31,1530,2026-10-16,0.1260273973,768.1455060812,768.3087672129,2.1253933060,0.0163199200,239,0.1362538079,2.2365477556,23.4342977396,2,0,59.2176649388
daily,SPY,2026-08-31,1530,2026-10-30,0.1643835616,769.3598738817,769.6254003772,3.4512651937,0.0112484062,303,0.0851991469,1.7254883014,29.0254167388,2,0,59.2176649388
daily,SPY,2026-08-31,1530,2026-11-20,0.2219178082,771.1072627089,771.5424546009,5.6437270541,0.0073575700,116,0.0755921850,13.9859053332,50.3761753169,2,0,59.2176649388
daily,SPY,2026-08-31,1530,2026-11-30,0.2493150685,771.7965595616,772.3279227452,6.8847570898,0.0068077363,377,0.1091068784,1.3621545092,49.9803283188,2,0,59.2176649388
daily,SPY,2026-08-31,1530,2026-12-18,0.2986301370,772.9774340987,773.6030831675,8.0940146662,0.0067838062,127,0.1372244484,9.1141000250,67.5610514537,2,0,59.2176649388
daily,SPY,2026-08-31,1530,2026-12-31,0.3342465753,773.1661446794,773.8356377730,8.6591103116,0.0094362598,247,0.1335209025,1.2155253522,64.2329475404,2,0,59.2176649388
daily,SPY,2026-08-31,1530,2027-01-15,0.3753424658,774.6617060188,775.5146795577,11.0109165365,0.0071365746,184,0.1349456935,64.1312596947,147.1559388704,2,0,59.2176649388
daily,SPY,2026-08-31,1530,2027-01-29,0.4136986301,775.8904388810,776.8463316855,12.3199456596,0.0061451641,273,0.2368473119,4.3353048640,82.1163272602,2,0,59.2176649388
daily,SPY,2026-08-31,1530,2027-02-26,0.4904109589,778.3945108495,779.6317518507,15.8947806536,0.0043261247,241,0.3050036427,10.7276307160,97.5345538747,2,0,59.2176649388
daily,SPY,2026-08-31,1530,2027-03-19,0.5479452055,780.0823533300,781.4772179248,17.8809915237,0.0039923361,207,0.1692646501,66.9525636981,219.9274673680,2,0,59.2176649388
daily,SPY,2026-08-31,1530,2027-03-31,0.5808219178,780.2210844417,781.6208074930,17.9400823583,0.0058474020,278,0.1727473930,2.2712523088,123.4531822599,2,0,59.2176649388
daily,SPY,2026-08-31,1530,2027-06-17,0.7945205479,787.1767252414,789.4299024561,28.6235243296,0.0031539181,234,0.2581552929,53.4845984299,317.1965545129,2,0,59.2176649388
daily,SPY,2026-08-31,1530,2027-06-30,0.8301369863,787.3567607605,789.6949493782,29.6966855971,0.0044313691,293,0.4094421543,15.2355683745,180.0114155132,2,0,59.2176649388
daily,SPY,2026-08-31,1530,2027-09-17,1.0465753425,794.3724202340,797.3419961097,37.3826658636,0.0031728431,253,0.2352052870,73.1112861675,410.9218971216,2,0,59.2176649388
daily,SPY,2026-08-31,1530,2027-12-17,1.2958904110,801.3788394775,805.5318910202,51.8238233667,0.0032877279,264,0.2857335424,94.1546415078,505.0226100871,2,0,59.2176649388
daily,SPY,2026-08-31,1530,2028-01-21,1.3917808219,803.0784794538,807.8341226854,59.2176649388,0.0040944053,274,0.3329850597,98.5897835804,536.0548862885,2,0,59.2176649388
daily,SPY,2026-09-01,1530,2026-09-02,0.0027397260,761.3998314905,761.4026507738,0.0370276332,-0.0059782703,104,0.0111743425,0.5043453137,0.9737774843,2,0,55.6701246531
daily,SPY,2026-09-01,1530,2026-09-03,0.0054794521,761.4753107058,761.4894506070,0.1856908686,-0.0045733259,107,0.0167844391,1.0102560982,1.4651446073,2,0,55.6701246531
daily,SPY,2026-09-01,1530,2026-09-04,0.0082191781,761.7702433113,761.8009600161,0.4032279431,-0.0399969241,175,0.0306385271,3.2243727004,4.1180263435,2,0,55.6701246531
daily,SPY,2026-09-01,1530,2026-09-08,0.0191780822,761.8606342175,761.9010709571,0.5307629474,-0.0020280997,127,0.0363575706,3.4685473089,5.3474354563,2,0,55.6701246531
daily,SPY,2026-09-01,1530,2026-09-09,0.0219178082,761.9407922868,761.9842060557,0.5697787722,-0.0019478016,140,0.0314483513,3.7887951708,6.0943229208,2,0,55.6701246531
daily,SPY,2026-09-01,1530,2026-09-10,0.0246575342,762.0140659584,762.0654839675,0.6747645661,-0.0017860292,144,0.0251611400,4.1746263922,6.7665884894,2,0,55.6701246531
daily,SPY,2026-09-01,1530,2026-09-11,0.0273972603,762.2363012996,762.3106751748,0.9757325261,-0.0095053300,161,0.0424848734,5.2841498014,8.5315453226,2,0,55.6701246531
daily,SPY,2026-09-01,1530,2026-09-14,0.0356164384,762.3231784127,762.3840616287,0.7986536112,-0.0011439958,37,0.0169842318,5.6455340886,8.0380053967,2,0,55.6701246531
daily,SPY,2026-09-01,1530,2026-09-15,0.0383561644,762.3808742009,762.4402429285,0.7787279240,-0.0002377981,35,0.0302163449,6.0348336848,8.4173391713,2,0,55.6701246531
daily,SPY,2026-09-01,1530,2026-09-18,0.0465753425,761.6611826693,761.6832718584,0.2900133240,0.0279147201,288,0.0827798648,1.8375004616,6.2556344989,2,0,55.6701246531
daily,SPY,2026-09-01,1530,2026-09-25,0.0657534247,761.4912400463,761.5044887375,0.1739835013,0.0345544996,215,0.1483554549,0.8178670130,4.8459742405,2,0,55.6701246531
daily,SPY,2026-09-01,1530,2026-09-30,0.0794520548,761.6419575955,761.6656853417,0.3115341267,0.0325602895,370,0.3874714436,1.4193889072,6.5084997652,2,0,55.6701246531
daily,SPY,2026-09-01,1530,2026-10-02,0.0849315068,761.9581234289,762.0036054700,0.5969099841,0.0277237016,209,0.1188916641,1.9145751026,9.4891486108,2,0,55.6701246531
daily,SPY,2026-09-01,1530,2026-10-09,0.1041095890,762.6064231670,762.7028214848,1.2640638065,0.0209261031,197,0.0890986741,2.7928345606,15.3312832542,2,0,55.6701246531
daily,SPY,2026-09-01,1530,2026-10-16,0.1232876712,763.1702792329,763.3149069241,1.8950907173,0.0171759412,243,0.1249568274,2.6675164573,23.6879487683,2,0,55.6701246531
daily,SPY,2026-09-01,1530,2026-10-30,0.1616438356,764.3810622833,764.6359723596,3.3348559886,0.0116907479,310,0.0908880776,1.7614276012,28.3029114392,2,0,55.6701246531
daily,SPY,2026-09-01,1530,2026-11-20,0.2191780822,766.1672847931,766.5816515601,5.4083067139,0.0073607807,104,0.1128111196,17.7509302998,51.2183592188,2,0,55.6701246531
daily,SPY,2026-09-01,1530,2026-11-30,0.2465753425,766.8054257124,767.3006207003,6.4578962454,0.0071177378,385,0.1104929452,1.5646397826,49.2304402155,2,0,55.6701246531
daily,SPY,2026-09-01,1530,2026-12-18,0.2958904110,768.0376345199,768.6429457219,7.8812700670,0.0067799014,126,0.1425275011,11.0480260132,68.5929226372,2,0,55.6701246531
daily,SPY,2026-09-01,1530,2026-12-31,0.3315068493,768.1759063398,768.7999036000,8.1231037706,0.0097976769,248,0.1479068974,1.3555706285,63.9320551849,2,0,55.6701246531
daily,SPY,2026-09-01,1530,2027-01-15,0.3726027397,769.6759897755,770.4594107014,10.1785808097,0.0073320890,187,0.1392540443,62.6558213563,148.1438282527,2,0,55.6701246531
daily,SPY,2026-09-01,1530,2027-01-29,0.4109589041,770.8635730266,771.7981994814,12.1244080991,0.0061436306,269,0.2591628990,5.1740686629,81.8975090323,2,0,55.6701246531
daily,SPY,2026-09-01,1530,2027-02-26,0.4876712329,773.3006250221,774.5375030081,15.9947883906,0.0041826243,240,0.3047999495,12.3504416658,97.6122656672,2,0,55.6701246531
daily,SPY,2026-09-01,1530,2027-03-19,0.5452054795,774.9919077694,776.3692810422,17.7727439343,0.0038853798,205,0.2399943930,72.6830654105,220.3517092794,2,0,55.6701246531
daily,SPY,2026-09-01,1530,2027-03-31,0.5780821918,775.1563165393,776.5609951394,18.1212301328,0.0056742672,278,0.1719007511,2.3570914148,123.4334442634,2,0,55.6701246531
daily,SPY,2026-09-01,1530,2027-06-17,0.7917808219,782.0605679889,784.2909895269,28.5198056180,0.0031981943,230,0.2776929353,62.7229679264,318.3347786981,2,0,55.6701246531
daily,SPY,2026-09-01,1530,2027-06-30,0.8273972603,782.2667613438,784.5596306926,29.3105812756,0.0044911513,290,0.4266248506,16.7086426646,182.9018458214,2,0,55.6701246531
daily,SPY,2026-09-01,1530,2027-09-17,1.0438356164,789.3547612440,792.5566933483,40.5639170314,0.0028051423,249,0.2807486045,73.7552497417,416.1886446180,2,0,55.6701246531
daily,SPY,2026-09-01,1530,2027-12-17,1.2931506849,796.3920758400,800.5791789097,52.5759006999,0.0030857674,263,0.3257046407,100.9595748939,510.1268884179,2,0,55.6701246531
daily,SPY,2026-09-01,1530,2028-01-21,1.3890410959,798.3993579779,802.8440571561,55.6701246531,0.0039217568,273,0.3080905626,105.5645615368,541.6401060948,2,0,55.6701246531
daily,SPY,2026-09-02,1530,2026-09-03,0.0027397260,765.4848404425,765.4872875442,0.0319679964,0.0063537259,95,0.0092330003,0.5501032184,0.7528749112,2,0,54.0958722054
daily,SPY,2026-09-02,1530,2026-09-04,0.0054794521,765.7951674652,765.8197333335,0.3207890224,-0.0568448014,162,0.0065771096,2.5105773460,3.2795326857,2,0,54.0958722054
daily,SPY,2026-09-02,1530,2026-09-08,0.0164383562,765.8955657091,765.9272999991,0.4143422606,-0.0018661448,118,0.0228938244,3.4429698918,7.2509210619,2,0,54.0958722054
daily,SPY,2026-09-02,1530,2026-09-09,0.0191780822,765.9757190256,766.0132971546,0.4905916469,-0.0019624287,123,0.0252606751,3.9113920802,7.3162446761,2,0,54.0958722054
daily,SPY,2026-09-02,1530,2026-09-10,0.0219178082,766.0517278596,766.0946213092,0.5599288932,-0.0017557654,124,0.0338698896,3.7556842713,7.3162446761,2,0,54.0958722054
daily,SPY,2026-09-02,1530,2026-09-11,0.0246575342,766.2871667868,766.3543902333,0.8772618082,-0.0110389860,148,0.0302418399,5.1912786261,7.5620769788,2,0,54.0958722054
daily,SPY,2026-09-02,1530,2026-09-14,0.0328767123,766.3717324388,766.4414839360,0.9101522704,-0.0021259957,30,0.0145123956,5.4640943319,8.0363080595,2,0,54.0958722054
daily,SPY,2026-09-02,1530,2026-09-15,0.0356164384,766.4419728079,766.5173281685,0.9831841580,-0.0017838466,29,0.0463624479,5.9685544862,8.5960449906,2,0,54.0958722054
daily,SPY,2026-09-02,1530,2026-09-16,0.0383561644,766.5549243893,766.7007215101,1.9019787911,-0.0051477525,31,0.0496582239,4.1354434860,9.4747613242,2,0,54.0958722054
daily,SPY,2026-09-02,1530,2026-09-18,0.0438356164,765.6911636347,765.7078742500,0.2182422385,0.0298610519,295,0.0950625511,1.3447317322,5.1396579470,2,0,54.0958722054
daily,SPY,2026-09-02,1530,2026-09-25,0.0630136986,765.5262731948,765.5347482527,0.1107089097,0.0360602998,213,0.1549372071,0.5183182666,3.9760918945,2,0,54.0958722054
daily,SPY,2026-09-02,1530,2026-09-30,0.0767123288,765.6970524139,765.7167774698,0.2576091404,0.0333858360,366,0.5073551188,1.3990203120,6.7762111261,2,0,54.0958722054
daily,SPY,2026-09-02,1530,2026-10-02,0.0821917808,766.0232276712,766.0650839542,0.5464101022,0.0281896567,209,0.0912790398,1.7280394974,8.2721160459,2,0,54.0958722054
daily,SPY,2026-09-02,1530,2026-10-09,0.1013698630,766.6765458573,766.7695202240,1.2126935038,0.0212139464,188,0.0923155633,2.9188463996,13.9770605864,2,0,54.0958722054
daily,SPY,2026-09-02,1530,2026-10-16,0.1205479452,767.2504731988,767.3925105393,1.8512512603,0.0173451596,244,0.1195160243,2.0686854938,22.6270657944,2,0,54.0958722054
daily,SPY,2026-09-02,1530,2026-10-30,0.1589041096,768.4612551915,768.7134775610,3.2821741861,0.0117443008,295,0.0972621378,1.6913279411,28.2082343717,2,0,54.0958722054
daily,SPY,2026-09-02,1530,2026-11-20,0.2164383562,770.2339232515,770.6585521235,5.5129858504,0.0074235194,107,0.1387680818,17.7616585055,49.5153049207,2,0,54.0958722054
daily,SPY,2026-09-02,1530,2026-11-30,0.2438356164,770.9255451264,771.4054125419,6.2245623925,0.0070537946,386,0.1076367147,1.4041258137,48.7047183500,2,0,54.0958722054
daily,SPY,2026-09-02,1530,2026-12-18,0.2931506849,772.0962074277,772.7143626971,8.0061948679,0.0069077205,122,0.1106733366,11.2485414280,66.9697906537,2,0,54.0958722054
daily,SPY,2026-09-02,1530,2026-12-31,0.3287671233,772.2331316430,772.8645704853,8.1767903553,0.0099772175,242,0.1327990244,1.1985586762,62.7646861544,2,0,54.0958722054
daily,SPY,2026-09-02,1530,2027-01-15,0.3698630137,773.7721912929,774.5512073838,10.0677705880,0.0074255784,184,0.1717009202,62.4388407020,145.8268745306,2,0,54.0958722054
daily,SPY,2026-09-02,1530,2027-01-29,0.4082191781,774.9187865960,775.8470343990,11.9786462669,0.0063875418,265,0.2457394657,4.2580527517,80.3505942738,2,0,54.0958722054
daily,SPY,2026-09-02,1530,2027-02-26,0.4849315068,777.3916734228,778.6314625663,15.9480630674,0.0043107238,238,0.3144269024,10.7532879512,95.0835126158,2,0,54.0958722054
daily,SPY,2026-09-02,1530,2027-03-19,0.5424657534,778.8853075034,780.4455210301,20.0313642035,0.0040752579,204,0.2233795716,69.2803773421,217.0944357222,2,0,54.0958722054
daily,SPY,2026-09-02,1530,2027-03-31,0.5753424658,779.0667704880,780.6422501742,20.2226528689,0.0058697129,271,0.1947169021,2.1964287614,121.8600265856,2,0,54.0958722054
daily,SPY,2026-09-02,1530,2027-06-17,0.7890410959,786.1365843632,788.4056100250,28.8629954008,0.0034235188,234,0.1630439950,59.6840706195,316.6531511988,2,0,54.0958722054
daily,SPY,2026-09-02,1530,2027-06-30,0.8246575342,786.3501097084,788.6769436331,29.5903045726,0.0047217828,291,0.3760594766,15.0233831737,180.1884324807,2,0,54.0958722054
daily,SPY,2026-09-02,1530,2027-09-17,1.0410958904,793.2332972357,796.5844936233,42.2472984837,0.0032042819,252,0.2831989610,69.4635931244,412.1496858597,2,0,54.0958722054
daily,SPY,2026-09-02,1530,2027-12-17,1.2904109589,800.2598637496,804.5889392817,54.0958722054,0.0035508448,264,0.3143809434,96.0431338377,506.1615382849,2,0,54.0958722054
daily,SPY,2026-09-02,1530,2028-01-21,1.3863013699,802.8744709320,807.0559425148,52.0812621927,0.0042165005,268,0.2893787755,101.0678148493,538.3451080340,2,0,54.0958722054
daily,SPY,2026-09-03,1530,2026-09-04,0.0027397260,773.6550686258,773.6724761329,0.2250034655,-0.1091614358,146,0.0085431097,2.9630675979,3.6316197721,2,0,57.5599828536
daily,SPY,2026-09-03,1530,2026-09-08,0.0136986301,773.7293345572,773.7603499515,0.4008558667,0.0004687088,106,0.0130072239,3.5069517058,4.8060815686,2,0,57.5599828536
daily,SPY,2026-09-03,1530,2026-09-09,0.0164383562,773.8098805284,773.8358893389,0.3361137031,0.0008252523,109,0.0117734169,4.0497272010,5.7156687283,2,0,57.5599828536
daily,SPY,2026-09-03,1530,2026-09-10,0.0191780822,773.8956566041,773.9318799326,0.4680647604,-0.0002974739,114,0.0221117384,4.6211309571,6.5636510475,2,0,57.5599828536
daily,SPY,2026-09-03,1530,2026-09-11,0.0219178082,774.1309474879,774.1899232277,0.7618315739,-0.0106899981,128,0.0253184492,4.8050770252,7.9849139942,2,0,57.5599828536
daily,SPY,2026-09-03,1530,2026-09-14,0.0301369863,774.1990775217,774.2824445374,1.0768162628,-0.0013107269,32,0.0132473397,5.0669933425,7.8112100554,2,0,57.5599828536
daily,SPY,2026-09-03,1530,2026-09-15,0.0328767123,774.2653590414,774.3716076512,1.3722505934,-0.0015173000,29,0.0266546529,5.3083394338,8.3134530390,2,0,57.5599828536
daily,SPY,2026-09-03,1530,2026-09-16,0.0356164384,774.3741481907,774.4524239053,1.0108255139,-0.0013891157,25,0.0436879521,5.3628720123,8.5805773750,2,0,57.5599828536
daily,SPY,2026-09-03,1530,2026-09-17,0.0383561644,774.4565317540,774.5451462865,1.1442157038,-0.0016797266,32,0.0291261050,2.3035733610,9.1506828688,2,0,57.5599828536
daily,SPY,2026-09-03,1530,2026-09-18,0.0410958904,773.4957785042,773.5042338886,0.1093139049,0.0337051752,331,0.3201182340,0.7433817184,4.5424647726,2,0,57.5599828536
daily,SPY,2026-09-03,1530,2026-09-25,0.0602739726,773.3608307092,773.3607322287,-0.0012734091,0.0382262799,214,0.3843548839,0.2085588095,4.3659989501,2,0,57.5599828536
daily,SPY,2026-09-03,1530,2026-09-30,0.0739726027,773.5415296608,773.5542380950,0.1642889702,0.0348466889,365,0.8516700109,0.9395803469,7.2957632942,2,0,57.5599828536
daily,SPY,2026-09-03,1530,2026-10-02,0.0794520548,773.8826777117,773.9187751524,0.4664459060,0.0291508527,204,0.1020885067,1.2792059538,7.7801397671,2,0,57.5599828536
daily,SPY,2026-09-03,1530,2026-10-09,0.0986301370,774.5358093264,774.6225784000,1.1202719435,0.0218860841,201,0.0741289147,1.9626056733,13.5433744068,2,0,57.5599828536
daily,SPY,2026-09-03,1530,2026-10-16,0.1178082192,775.1095647500,775.2452080228,1.7499883760,0.0179080251,244,0.1209234381,1.5513044023,22.2733785254,2,0,57.5599828536
daily,SPY,2026-09-03,1530,2026-10-23,0.1369863014,775.6892082503,775.8767614577,2.4178911519,0.0149542811,50,0.1557577954,1.6863708622,3.4325972489,2,0,57.5599828536
daily,SPY,2026-09-03,1530,2026-10-30,0.1561643836,776.3703289763,776.6206635160,3.2244217788,0.0118002303,300,0.0844464197,1.2498177170,26.3594394087,2,0,57.5599828536
daily,SPY,2026-09-03,1530,2026-11-20,0.2136986301,778.0452289480,778.4938642504,5.7661853805,0.0079688524,109,0.1214714794,14.7953568467,48.9138801469,2,0,57.5599828536
daily,SPY,2026-09-03,1530,2026-11-30,0.2410958904,778.7942169812,779.2848582617,6.3000118622,0.0073384674,374,0.1128193091,1.1936279786,46.5100231621,2,0,57.5599828536
daily,SPY,2026-09-03,1530,2026-12-18,0.2904109589,779.8705852512,780.5166615477,8.2844039604,0.0078053524,119,0.1424692055,9.9966332007,65.5810767248,2,0,57.5599828536
daily,SPY,2026-09-03,1530,2026-12-31,0.3260273973,780.0552771539,780.7272634491,8.6145984130,0.0107833944,238,0.1320084896,0.9841886202,60.5162628627,2,0,57.5599828536
daily,SPY,2026-09-03,1530,2027-01-15,0.3671232877,781.5856296540,782.4268694859,10.7632458936,0.0080946820,183,0.1346376735,59.9298628710,144.8996724711,2,0,57.5599828536
daily,SPY,2026-09-03,1530,2027-01-29,0.4054794521,782.8373155399,783.7656880064,11.8590727362,0.0067960057,272,0.2302317722,3.8428809180,77.7835005294,2,0,57.5599828536
daily,SPY,2026-09-03,1530,2027-02-26,0.4821917808,785.3640092075,786.5708431565,15.3665553156,0.0045003693,234,0.3272757358,9.3069772920,92.3722717348,2,0,57.5599828536
daily,SPY,2026-09-03,1530,2027-03-19,0.5397260274,786.4866442467,788.2957759377,23.0027007359,0.0044224544,209,0.1654700205,65.4021157377,213.7263085936,2,0,57.5599828536
daily,SPY,2026-09-03,1530,2027-03-31,0.5726027397,786.9371992677,788.5664354940,20.7035101134,0.0060236464,278,0.1762249506,1.9068674273,118.3908882450,2,0,57.5599828536
daily,SPY,2026-09-03,1530,2027-06-17,0.7863013699,794.5518330320,796.9445920305,30.1145740157,0.0025646829,231,0.2111479453,52.2534431191,313.4283948954,2,0,57.5599828536
daily,SPY,2026-09-03,1530,2027-06-30,0.8219178082,794.4214475546,796.6950798148,28.6199757976,0.0046870962,287,0.3779943247,13.3082497650,175.6375558833,2,0,57.5599828536
daily,SPY,2026-09-03,1530,2027-09-17,1.0383561644,801.4412318488,804.7486472562,41.2683460247,0.0030335819,250,0.2522594241,60.1553325827,403.6694889016,2,0,57.5599828536
daily,SPY,2026-09-03,1530,2027-12-17,1.2876712329,808.2141623744,812.4255691424,52.1075596556,0.0038674076,272,0.2840778073,90.8024381813,496.5021360409,2,0,57.5599828536
daily,SPY,2026-09-03,1530,2028-01-21,1.3835616438,810.4848080009,815.1499571660,57.5599828536,0.0043277211,269,0.3448661213,89.5627160734,528.2129790297,2,0,57.5599828536
daily,SPY,2026-09-04,1530,2026-09-08,0.0109589041,769.6794467159,769.6824523822,0.0390508840,0.0320211188,77,0.0862993738,0.3139594581,0.7211155636,2,0,52.7995260146
daily,SPY,2026-09-04,1530,2026-09-09,0.0136986301,769.7359090891,769.7429144615,0.0910100763,0.0275306047,65,0.0270154801,0.4836616018,1.0769457278,2,0,52.7995260146
daily,SPY,2026-09-04,1530,2026-09-10,0.0164383562,769.8048773844,769.8136031135,0.1133498803,0.0237291595,92,0.0155489801,1.5534711300,2.9007051962,2,0,52.7995260146
daily,SPY,2026-09-04,1530,2026-09-11,0.0191780822,770.0250183409,770.0538078340,0.3738773736,0.0095345312,121,0.0267290892,3.2776838702,6.9170588950,2,0,52.7995260146
daily,SPY,2026-09-04,1530,2026-09-14,0.0273972603,770.1051100627,770.1569522047,0.6731826782,0.0132574828,27,0.0048226684,4.8338056658,6.9817808109,2,0,52.7995260146
daily,SPY,2026-09-04,1530,2026-09-15,0.0301369863,770.1651902612,770.2174612427,0.6786983127,0.0129217079,26,0.0392231708,5.9280082994,7.2845722632,2,0,52.7995260146
daily,SPY,2026-09-04,1530,2026-09-16,0.0328767123,770.2553207877,770.3019936308,0.6059398994,0.0116934661,30,0.0237913872,4.4378311570,7.7892068737,2,0,52.7995260146
daily,SPY,2026-09-04,1530,2026-09-17,0.0356164384,770.3204361264,770.3924027774,0.9342430455,0.0104403437,29,0.0336580869,3.5245315270,8.1635764726,2,0,52.7995260146
daily,SPY,2026-09-04,1530,2026-09-18,0.0383561644,769.3190018893,769.2992425693,-0.2568416998,0.0494467506,313,2.5799510857,0.0379748909,7.8156428268,2,0,52.7995260146
daily,SPY,2026-09-04,1530,2026-09-25,0.0575342466,769.2082600072,769.1796188454,-0.3723459983,0.0484140108,179,1.8797658370,0.0503387190,7.4196432721,2,0,52.7995260146
daily,SPY,2026-09-04,1530,2026-09-30,0.0712328767,769.3983634116,769.3814957687,-0.2192315935,0.0427734247,354,2.7135974983,0.0557863356,10.1489034005,2,0,52.7995260146
daily,SPY,2026-09-04,1530,2026-10-02,0.0767123288,769.7442508676,769.7546111241,0.1345934908,0.0361293958,217,0.2011112335,0.5654158937,4.7932082581,2,0,52.7995260146
daily,SPY,2026-09-04,1530,2026-10-09,0.0958904110,770.4014672893,770.4592020522,0.7494113825,0.0269546058,209,0.1030819577,1.6264232363,9.6906702007,2,0,52.7995260146
daily,SPY,2026-09-04,1530,2026-10-16,0.1150684932,770.9843091246,771.0907096112,1.3800603378,0.0216504825,253,0.1400054656,1.5082837865,17.9682670525,2,0,52.7995260146
daily,SPY,2026-09-04,1530,2026-10-23,0.1342465753,771.5730840255,771.7321844475,2.0620265962,0.0180601805,211,0.0995858315,2.8476548083,19.5498577985,2,0,52.7995260146
daily,SPY,2026-09-04,1530,2026-10-30,0.1534246575,772.2080907027,772.4261771584,2.8241928354,0.0151188174,297,0.0862235837,1.3189870244,22.7616998784,2,0,52.7995260146
daily,SPY,2026-09-04,1530,2026-11-20,0.2109589041,773.9774305189,774.3687808656,5.0563534704,0.0097114505,113,0.0848190036,13.7006229912,45.1806837277,2,0,52.7995260146
daily,SPY,2026-09-04,1530,2026-11-30,0.2383561644,774.6468988703,775.0918023515,5.7433068131,0.0090687107,373,0.1101830463,1.1758799859,43.0412922630,2,0,52.7995260146
daily,SPY,2026-09-04,1530,2026-12-18,0.2876712329,775.8152035097,776.3986330843,7.5202132150,0.0087590165,125,0.0850888050,8.9480470923,62.1079804091,2,0,52.7995260146
daily,SPY,2026-09-04,1530,2026-12-31,0.3232876712,775.9759110096,776.5632704421,7.5692998227,0.0118036191,240,0.1280372742,0.9866814112,57.2883796501,2,0,52.7995260146
daily,SPY,2026-09-04,1530,2027-01-15,0.3643835616,777.4870026837,778.2215012280,9.4470845397,0.0090388089,180,0.1281298052,57.2517485630,143.3842326295,2,0,52.7995260146
daily,SPY,2026-09-04,1530,2027-01-29,0.4027397260,778.7018736057,779.6049260659,11.5968959472,0.0073914269,270,0.2330464635,3.9463705601,74.8638414133,2,0,52.7995260146
daily,SPY,2026-09-04,1530,2027-02-26,0.4794520548,781.2084521468,782.3918821211,15.1487092993,0.0048534857,239,0.3057499412,9.4606153696,89.5213749095,2,0,52.7995260146
daily,SPY,2026-09-04,1530,2027-03-19,0.5369863014,782.8381480754,784.2111941643,17.5393354596,0.0043568148,205,0.2198236832,68.4528890386,213.1442473832,2,0,52.7995260146
daily,SPY,2026-09-04,1530,2027-03-31,0.5698630137,782.9937885222,784.3964638652,17.9142588817,0.0060911378,276,0.1815702937,1.9842666408,115.6349368755,2,0,52.7995260146
daily,SPY,2026-09-04,1530,2027-06-17,0.7835616438,790.2439203838,792.1733203287,24.4152456618,0.0031855869,230,0.2276676655,53.4938261559,308.1881081606,2,0,52.7995260146
daily,SPY,2026-09-04,1530,2027-06-30,0.8191780822,790.2358563771,792.4246991674,27.6986012798,0.0044686185,289,0.3776669739,13.2175161627,170.6712653082,2,0,52.7995260146
daily,SPY,2026-09-04,1530,2027-09-17,1.0356164384,797.2452716748,800.4301789578,39.9489015004,0.0026533494,251,0.2916679712,63.3822758976,399.7728854414,2,0,52.7995260146
daily,SPY,2026-09-04,1530,2027-12-17,1.2849315068,804.3842587900,808.4448838977,50.4811607560,0.0031896247,264,0.2807784906,95.2592535335,494.0170196022,2,0,52.7995260146
daily,SPY,2026-09-04,1530,2028-01-21,1.3808219178,806.5687702404,810.8274151171,52.7995260146,0.0039883410,274,0.2635331876,93.8354455432,526.1727498100,2,0,52.7995260146
daily,SPY,2026-09-08,1530,2026-09-09,0.0027397260,766.9801016060,766.9860873692,0.0780432653,0.0016301776,91,0.0066923605,0.7262454016,1.1211766051,2,0,53.9482832917
daily,SPY,2026-09-08,1530,2026-09-10,0.0054794521,767.0548040354,767.0633334062,0.1111963683,0.0013563027,99,0.0218672563,1.4134929103,1.8953742097,2,0,53.9482832917
daily,SPY,2026-09-08,1530,2026-09-11,0.0082191781,767.2553903942,767.2837292542,0.3693536778,-0.0214348558,119,0.0167159714,2.8519919698,3.6388851566,2,0,53.9482832917
daily,SPY,2026-09-08,1530,2026-09-14,0.0164383562,767.3214435941,767.3488539897,0.3572218107,0.0030399867,28,0.0304594621,3.3207395851,4.0515860250,2,0,53.9482832917
daily,SPY,2026-09-08,1530,2026-09-15,0.0191780822,767.3903613842,767.4319952680,0.5425385293,0.0023622665,27,0.0515852052,3.8117877378,4.6745998875,2,0,53.9482832917
daily,SPY,2026-09-08,1530,2026-09-16,0.0219178082,767.4729049120,767.5019314443,0.3782092126,0.0026394970,30,0.0215027153,3.2643657971,5.2763379274,2,0,53.9482832917
daily,SPY,2026-09-08,1530,2026-09-17,0.0246575342,767.5323617638,767.5662632545,0.4416946098,0.0031515718,25,0.0874928061,3.4160249401,5.8265998471,2,0,53.9482832917
daily,SPY,2026-09-08,1530,2026-09-18,0.0273972603,766.5094917329,766.4833604230,-0.3409130629,0.0581520509,295,2.9840382918,0.0168784549,7.8150840852,2,0,53.9482832917
daily,SPY,2026-09-08,1530,2026-09-21,0.0356164384,766.4669758068,766.4304263601,-0.4768561185,0.0554039922,26,1.3976449943,0.0260918729,2.7130855012,2,0,53.9482832917
daily,SPY,2026-09-08,1530,2026-09-22,0.0383561644,766.5968198687,766.5431422947,-0.7002060616,0.0503155579,32,1.0129042558,0.0432529271,2.3267335284,2,0,53.9482832917
daily,SPY,2026-09-08,1530,2026-09-25,0.0465753425,766.3738974901,766.3369062264,-0.4826790657,0.0538915543,165,2.2961052597,0.0414404284,8.0885573161,2,0,53.9482832917
daily,SPY,2026-09-08,1530,2026-09-30,0.0602739726,766.5840523741,766.5614703574,-0.2945797861,0.0453827041,329,3.3170005595,0.0273095217,10.3532945643,2,0,53.9482832917
daily,SPY,2026-09-08,1530,2026-10-02,0.0657534247,766.9147882412,766.9153185087,0.0069142943,0.0377356226,222,0.3725062158,0.2564304453,5.1689823488,2,0,53.9482832917
daily,SPY,2026-09-08,1530,2026-10-09,0.0849315068,767.5718366037,767.6192104180,0.6171906264,0.0269934653,211,0.0954772587,1.6217285375,7.7799016123,2,0,53.9482832917
daily,SPY,2026-09-08,1530,2026-10-16,0.1041095890,768.1545674949,768.2487900290,1.2266090448,0.0213207678,244,0.1405775783,1.6628109077,15.4493832008,2,0,53.9482832917
daily,SPY,2026-09-08,1530,2026-10-23,0.1232876712,768.7482161370,768.8938788555,1.8948039875,0.0172547474,201,0.1006566082,3.3149926465,17.2591415084,2,0,53.9482832917
daily,SPY,2026-09-08,1530,2026-10-30,0.1424657534,769.3830521238,769.5862325976,2.6408233608,0.0140985459,299,0.0826033192,1.3765069287,20.6991428730,2,0,53.9482832917
daily,SPY,2026-09-08,1530,2026-11-20,0.2000000000,771.2030627367,771.5557578825,4.5733110103,0.0086945659,113,0.0665049395,17.1548410820,42.2724949086,2,0,53.9482832917
daily,SPY,2026-09-08,1530,2026-11-30,0.2273972603,771.8325628089,772.2762874089,5.7489748603,0.0082393285,370,0.1186947974,1.2929147895,41.0714476919,2,0,53.9482832917
daily,SPY,2026-09-08,1530,2026-12-18,0.2767123288,772.8709988129,773.4824277009,7.9111376801,0.0083929684,121,0.1206182543,10.9908199406,58.9901508621,2,0,53.9482832917
daily,SPY,2026-09-08,1530,2026-12-31,0.3123287671,773.0626128608,773.7034926645,8.2901409668,0.0113280460,246,0.1382419334,1.0454227356,55.0186307238,2,0,53.9482832917
daily,SPY,2026-09-08,1530,2027-01-15,0.3534246575,774.7152996461,775.4287519502,9.2092192369,0.0084252286,193,0.1207897764,56.2836693381,138.6836624945,2,0,53.9482832917
daily,SPY,2026-09-08,1530,2027-01-29,0.3917808219,775.8816962712,776.7562029165,11.2711338529,0.0070278377,272,0.2266649247,3.9877722484,72.7905513120,2,0,53.9482832917
daily,SPY,2026-09-08,1530,2027-02-26,0.4684931507,778.3885578632,779.5480094484,14.8955373699,0.0045632790,239,0.2992707370,9.5498938802,88.2173339886,2,0,53.9482832917
daily,SPY,2026-09-08,1530,2027-03-19,0.5260273973,779.9193942941,781.3602045224,18.4738351018,0.0040948035,203,0.1835536874,68.0783207189,208.8102827944,2,0,53.9482832917
daily,SPY,2026-09-08,1530,2027-03-31,0.5589041096,780.2244586169,781.5481281040,16.9652395855,0.0059153786,274,0.1710387883,2.0850924681,113.6699950031,2,0,53.9482832917
daily,SPY,2026-09-08,1530,2027-06-17,0.7726027397,786.7207868008,789.2392162203,32.0117309946,0.0033205836,237,0.1959543585,55.2684438894,305.5247169202,2,0,53.9482832917
daily,SPY,2026-09-08,1530,2027-06-30,0.8082191781,786.6640258120,788.8677468231,28.0134967252,0.0056234162,294,0.4366913060,13.5513843323,167.9910190892,2,0,53.9482832917
daily,SPY,2026-09-08,1530,2027-09-17,1.0246575342,794.3276034573,797.5546698078,40.6263906291,0.0027720340,244,0.3094854311,71.2412406692,401.9097950239,2,0,53.9482832917
daily,SPY,2026-09-08,1530,2027-12-17,1.2739726027,801.2915661392,805.4713710496,52.1633458662,0.0033929326,263,0.2925305813,91.9810817156,496.4672377358,2,0,53.9482832917
daily,SPY,2026-09-08,1530,2028-01-21,1.3698630137,803.3838658712,807.7179839100,53.9482832917,0.0043115210,272,0.2769496790,96.5961608247,528.6018262030,2,0,53.9482832917
daily,SPY,2026-09-09,1530,2026-09-10,0.0027397260,763.1199082812,763.1241352456,0.0553905667,-0.0069869157,98,0.0111722535,1.0475322991,1.3681062159,2,0,54.9077274482
daily,SPY,2026-09-09,1530,2026-09-11,0.0054794521,763.3452803823,763.3711405074,0.3387736292,-0.0435346058,117,0.0202178236,2.6640168925,3.3954640827,2,0,54.9077274482
daily,SPY,2026-09-09,1530,2026-09-14,0.0136986301,763.4117774220,763.4495769598,0.4951395685,-0.0020899320,26,0.0448183407,3.0367023756,3.8057701986,2,0,54.9077274482
daily,SPY,2026-09-09,1530,2026-09-15,0.0164383562,763.4640398294,763.5046023211,0.5312953803,0.0002140849,23,0.0301299604,3.6683851769,5.2030252649,2,0,54.9077274482
daily,SPY,2026-09-09,1530,2026-09-16,0.0191780822,763.5553000273,763.6006414337,0.5938195486,-0.0009406379,28,0.0336375436,2.9939838432,5.3077860635,2,0,54.9077274482
daily,SPY,2026-09-09,1530,2026-09-17,0.0219178082,763.6238530968,763.6760520016,0.6835682846,-0.0005735448,25,0.0387185777,4.0024404770,8.4323255297,2,0,54.9077274482
daily,SPY,2026-09-09,1530,2026-09-18,0.0246575342,762.5645917855,762.5334350988,-0.4085776737,0.0644418178,289,3.3694316904,0.0292056087,7.5625677936,2,0,54.9077274482
daily,SPY,2026-09-09,1530,2026-09-21,0.0328767123,762.3967462874,762.3605141942,-0.4752393461,0.0647398981,25,1.8097950181,0.0787890147,3.7026546088,2,0,54.9077274482
daily,SPY,2026-09-09,1530,2026-09-22,0.0356164384,762.3614275085,762.3225657102,-0.5097555682,0.0640837328,30,2.2767634850,0.0613389277,4.1134672427,2,0,54.9077274482
daily,SPY,2026-09-09,1530,2026-09-23,0.0383561644,762.3811817039,762.3433763156,-0.4958856441,0.0615117867,30,2.1074897229,0.0534078514,4.2119226302,2,0,54.9077274482
daily,SPY,2026-09-09,1530,2026-09-25,0.0438356164,762.4540904394,762.4139499754,-0.5264640132,0.0564661109,162,2.2053481352,0.0504881124,7.6964072307,2,0,54.9077274482
daily,SPY,2026-09-09,1530,2026-09-30,0.0575342466,762.6742879164,762.6496418111,-0.3231537451,0.0467067546,319,3.3030018526,0.0356909258,10.0717941792,2,0,54.9077274482
daily,SPY,2026-09-09,1530,2026-10-02,0.0630136986,763.0000000000,762.9970166382,-0.0391004168,0.0387264747,220,0.4146580861,0.1925928734,5.1710733591,2,0,54.9077274482
daily,SPY,2026-09-09,1530,2026-10-09,0.0821917808,763.6570511370,763.7013242773,0.5797516078,0.0273407747,205,0.1065319816,1.8545432349,7.6683099004,2,0,54.9077274482
daily,SPY,2026-09-09,1530,2026-10-16,0.1013698630,764.2297801061,764.3193251205,1.1717027618,0.0217640250,251,0.1446850893,1.6374556665,15.1488141583,2,0,54.9077274482
daily,SPY,2026-09-09,1530,2026-10-23,0.1205479452,764.8134353788,764.9529305548,1.8239111595,0.0177978949,203,0.1049732866,3.9700510809,17.1937378145,2,0,54.9077274482
daily,SPY,2026-09-09,1530,2026-10-30,0.1397260274,765.4432187480,765.6369166445,2.5305325295,0.0144165155,290,0.0844058240,1.6878403236,20.2597517712,2,0,54.9077274482
daily,SPY,2026-09-09,1530,2026-11-20,0.1972602740,767.1515228847,767.5417031127,5.0860907699,0.0091949477,117,0.1025602965,17.4027355996,42.2623283576,2,0,54.9077274482
daily,SPY,2026-09-09,1530,2026-11-30,0.2246575342,767.8676305118,768.2998542820,5.6288838475,0.0085187118,376,0.1105959548,1.4111409293,40.5462523638,2,0,54.9077274482
daily,SPY,2026-09-09,1530,2026-12-18,0.2739726027,768.9019613749,769.4813123577,7.5347835208,0.0087338708,122,0.1256919968,10.0993278438,58.6742157232,2,0,54.9077274482
daily,SPY,2026-09-09,1530,2026-12-31,0.3095890411,769.0849784940,769.6922784350,7.8963958215,0.0116823074,251,0.1334533715,1.1132779983,54.7156531996,2,0,54.9077274482
daily,SPY,2026-09-09,1530,2027-01-15,0.3506849315,770.5673300000,771.3349022602,9.9611316272,0.0090167139,194,0.1654296400,55.7063731999,138.2394667720,2,0,54.9077274482
daily,SPY,2026-09-09,1530,2027-01-29,0.3890410959,771.8154194706,772.6943043630,11.3872419525,0.0074406463,268,0.2457423346,4.3963566762,72.7730604062,2,0,54.9077274482
daily,SPY,2026-09-09,1530,2027-02-26,0.4657534247,774.3170853323,775.4521389813,14.6587705544,0.0049791177,237,0.3116980243,10.9958783826,88.4082621266,2,0,54.9077274482
daily,SPY,2026-09-09,1530,2027-03-19,0.5232876712,775.8790248940,777.2592394663,17.7890434991,0.0044540718,205,0.1476426551,71.7243959625,210.5585892174,2,0,54.9077274482
daily,SPY,2026-09-09,1530,2027-03-31,0.5561643836,776.0067261266,777.4136310580,18.1300610416,0.0063492339,277,0.1743224957,2.1692168822,113.7680915932,2,0,54.9077274482
daily,SPY,2026-09-09,1530,2027-06-17,0.7698630137,782.8706964041,785.1259031758,28.8068870395,0.0035768100,234,0.2632908398,64.9274995732,307.1282437283,2,0,54.9077274482
daily,SPY,2026-09-09,1530,2027-06-30,0.8054794521,783.1401950472,785.3615908662,28.3652382168,0.0049277114,291,0.3782127617,15.3415213866,172.0761215954,2,0,54.9077274482
daily,SPY,2026-09-09,1530,2027-09-17,1.0219178082,790.1569213167,793.3669489507,40.6251916226,0.0030366312,248,0.2846825336,69.7396336775,403.5738780617,2,0,54.9077274482
daily,SPY,2026-09-09,1530,2027-12-17,1.2712328767,796.8211178572,801.1552294877,54.3925296839,0.0036846719,268,0.2719434779,102.4855172952,498.3978917026,2,0,54.9077274482
daily,SPY,2026-09-09,1530,2028-01-21,1.3671232877,798.7701117428,803.1559769017,54.9077274482,0.0047948522,268,0.4314957255,100.4773975617,529.9481954418,2,0,54.9077274482
daily,SPY,2026-09-10,1530,2026-09-11,0.0027397260,758.0197936327,758.0374899597,0.2334546816,-0.0955972195,83,0.0113692298,1.0285337196,2.9620089388,2,0,65.7161006239
daily,SPY,2026-09-10,1530,2026-09-14,0.0109589041,758.0958735496,758.1176004634,0.2865984974,-0.0050118762,85,0.0096755285,0.8268175534,3.4961609785,2,0,65.7161006239
daily,SPY,2026-09-10,1530,2026-09-15,0.0136986301,758.1750912167,758.2033902497,0.3732519481,-0.0046617352,104,0.0261304174,2.0493307889,5.0758408240,2,0,65.7161006239
daily,SPY,2026-09-10,1530,2026-09-16,0.0164383562,758.2595371164,758.2940614241,0.4553099033,-0.0048191345,107,0.0381185499,0.7830091987,6.0553432548,2,0,65.7161006239
daily,SPY,2026-09-10,1530,2026-09-17,0.0191780822,758.3309706465,758.3744744091,0.5736777768,-0.0042255088,107,0.0361615212,0.6130758949,9.6918508260,2,0,65.7161006239
daily,SPY,2026-09-10,1530,2026-09-18,0.0219178082,757.2393660753,757.2052144162,-0.4510021629,0.0714565411,288,3.3948862838,0.0311144833,7.4265176121,2,0,65.7161006239
daily,SPY,2026-09-10,1530,2026-09-21,0.0301369863,757.1540307153,757.1129711733,-0.5422878350,0.0663855443,140,2.1812073528,0.0472702797,6.0526337766,2,0,65.7161006239
daily,SPY,2026-09-10,1530,2026-09-22,0.0328767123,757.0888612006,757.0426426538,-0.6104771732,0.0668490020,139,2.4169642305,0.0516959416,6.6490218131,2,0,65.7161006239
daily,SPY,2026-09-10,1530,2026-09-23,0.0356164384,757.0537187839,757.0047055663,-0.6474206042,0.0660399932,143,2.3305086800,0.0539843871,6.8489723144,2,0,65.7161006239
daily,SPY,2026-09-10,1530,2026-09-24,0.0383561644,757.0784502019,757.0456375885,-0.4334110070,0.0626303564,34,1.7252025059,0.0408064282,4.0307093613,2,0,65.7161006239
daily,SPY,2026-09-10,1530,2026-09-25,0.0410958904,757.1687014405,757.1286395266,-0.5291015569,0.0583232876,152,1.9308460569,0.0664265829,7.3730532839,2,0,65.7161006239
daily,SPY,2026-09-10,1530,2026-09-30,0.0547945205,757.3987480501,757.3742825392,-0.3230202191,0.0473325086,295,2.6780996784,0.0724982817,9.1092944987,2,0,65.7161006239
daily,SPY,2026-09-10,1530,2026-10-02,0.0602739726,757.7193572654,757.7155170165,-0.0506816782,0.0390144381,217,0.4147849654,0.2043807139,4.0972945519,2,0,65.7161006239
daily,SPY,2026-09-10,1530,2026-10-09,0.0794520548,758.3560745727,758.3983748040,0.5577885198,0.0274416847,213,0.1173292252,2.0631438811,9.8053633918,2,0,65.7161006239
daily,SPY,2026-09-10,1530,2026-10-16,0.0986301370,758.9084317623,758.9941273374,1.1291951903,0.0218746919,269,0.1528965911,1.9943478953,18.1388734008,2,0,65.7161006239
daily,SPY,2026-09-10,1530,2026-10-23,0.1178082192,759.4817306176,759.6101519239,1.6909071162,0.0179454388,206,0.1049911570,4.2355176715,20.5207298717,2,0,65.7161006239
daily,SPY,2026-09-10,1530,2026-10-30,0.1369863014,760.1061890628,760.2963271398,2.5014672911,0.0144910922,307,0.1096486188,1.6650293790,23.2824210830,2,0,65.7161006239
daily,SPY,2026-09-10,1530,2026-11-20,0.1945205479,761.7835583648,762.1636045902,4.9889003409,0.0094405428,119,0.0948579868,18.5034347143,46.1797601013,2,0,65.7161006239
daily,SPY,2026-09-10,1530,2026-11-30,0.2219178082,762.4839089786,762.9014858439,5.4765334768,0.0088011909,392,0.1254163557,1.5283190910,44.8413667977,2,0,65.7161006239
daily,SPY,2026-09-10,1530,2026-12-18,0.2712328767,763.5378254475,764.1067882827,7.4516653435,0.0088796305,128,0.1355826936,9.0040162422,63.4206626633,2,0,65.7161006239
daily,SPY,2026-09-10,1530,2026-12-31,0.3068493151,763.7153909958,764.3104539832,7.7916851542,0.0120088625,260,0.1682861277,1.3292567523,60.3805415334,2,0,65.7161006239
daily,SPY,2026-09-10,1530,2027-01-15,0.3479452055,765.2226358229,765.9846062089,9.9574992984,0.0092260110,188,0.1178816004,61.2545808673,142.8547675433,2,0,65.7161006239
daily,SPY,2026-09-10,1530,2027-01-29,0.3863013699,766.4447115799,767.2904565768,11.0346510862,0.0077156745,277,0.2883568954,5.1168461609,79.0823719347,2,0,65.7161006239
daily,SPY,2026-09-10,1530,2027-02-26,0.4630136986,768.9244599167,770.0505107984,14.6444929300,0.0050483195,238,0.3281403322,12.1009678572,93.8613437897,2,0,65.7161006239
daily,SPY,2026-09-10,1530,2027-03-19,0.5205479452,770.4699791484,771.8392908114,17.7724207311,0.0044894977,210,0.1274073210,74.6696844289,212.1868181093,2,0,65.7161006239
daily,SPY,2026-09-10,1530,2027-03-31,0.5534246575,770.6227635108,772.0219308219,18.1563195037,0.0063407905,288,0.2008604693,2.2658843284,120.0136149695,2,0,65.7161006239
daily,SPY,2026-09-10,1530,2027-06-17,0.7671232877,777.5923208297,779.8553339648,29.1028225785,0.0033509167,236,0.2089031033,60.6699077174,314.7187358780,2,0,65.7161006239
daily,SPY,2026-09-10,1530,2027-06-30,0.8027397260,777.9133013447,780.1317629624,28.5181088150,0.0046619293,286,0.4038639978,16.9377124191,174.0569021587,2,0,65.7161006239
daily,SPY,2026-09-10,1530,2027-09-17,1.0191780822,785.0391296363,788.2824356912,41.3139413363,0.0026373320,246,0.3120794819,75.8014915051,408.4633190232,2,0,65.7161006239
daily,SPY,2026-09-10,1530,2027-12-17,1.2684931507,792.2197051873,796.5226161882,54.3146171781,0.0030081758,265,0.3003991783,104.7870247253,508.0442446565,2,0,65.7161006239
daily,SPY,2026-09-10,1530,2028-01-21,1.3643835616,794.6470764627,799.8691871865,65.7161006239,0.0029732426,274,0.2442451933,111.6436894913,543.4393705353,2,0,65.7161006239
daily,SPY,2026-09-11,1530,2026-09-14,0.0082191781,764.9656305804,764.9700834283,0.0582097768,0.0247089085,83,0.0118882773,0.9670149200,1.5035038173,2,0,57.7653846909
daily,SPY,2026-09-11,1530,2026-09-15,0.0109589041,765.0495934973,765.0620513050,0.1628366039,0.0173212138,103,0.0157932047,1.6444497355,2.9192867979,2,0,57.7653846909
daily,SPY,2026-09-11,1530,2026-09-16,0.0136986301,765.1350722116,765.1514434416,0.2139652285,0.0131353925,120,0.0243573808,2.1035728660,3.8383306518,2,0,57.7653846909
daily,SPY,2026-09-11,1530,2026-09-17,0.0164383562,765.2101348022,765.2317066830,0.2819079339,0.0110713872,128,0.0250241651,2.5499115076,4.5176898286,2,0,57.7653846909
daily,SPY,2026-09-11,1530,2026-09-18,0.0191780822,764.0693034849,764.0078409786,-0.8044100967,0.0985274365,279,6.1184809797,0.0296831774,10.2926308825,2,0,57.7653846909
daily,SPY,2026-09-11,1530,2026-09-21,0.0273972603,763.9889192117,763.9204160483,-0.8966512701,0.0848573082,139,4.3273409074,0.0257307996,8.1939056474,2,0,57.7653846909
daily,SPY,2026-09-11,1530,2026-09-22,0.0301369863,763.9387522114,763.8660802520,-0.9512799177,0.0830520792,143,4.3836349808,0.0292899998,9.5470147205,2,0,57.7653846909
daily,SPY,2026-09-11,1530,2026-09-23,0.0328767123,763.9286258608,763.8555324136,-0.9568099003,0.0798041927,143,4.5514021059,0.0442109905,9.7471385892,2,0,57.7653846909
daily,SPY,2026-09-11,1530,2026-09-24,0.0356164384,763.9535460530,763.8831919892,-0.9209207043,0.0756516179,153,4.0241503281,0.0314604651,8.7746492430,2,0,57.7653846909
daily,SPY,2026-09-11,1530,2026-09-25,0.0383561644,764.0936439092,764.0360387372,-0.7539019910,0.0678201532,164,3.6464346021,0.0286393654,9.2946541848,2,0,57.7653846909
daily,SPY,2026-09-11,1530,2026-09-30,0.0520547945,764.3586981472,764.3214962883,-0.4867068164,0.0530696636,307,4.4898031698,0.0258876443,11.8836865951,2,0,57.7653846909
daily,SPY,2026-09-11,1530,2026-10-02,0.0575342466,764.6993254482,764.6863268168,-0.1699835605,0.0434388474,195,0.8436479626,0.0598827325,6.2925913936,2,0,57.7653846909
daily,SPY,2026-09-11,1530,2026-10-09,0.0767123288,765.3460347002,765.3790683133,0.4316167015,0.0305345473,216,0.1077161595,1.2748681418,6.0258751510,2,0,57.7653846909
daily,SPY,2026-09-11,1530,2026-10-16,0.0958904110,765.9234566605,766.0013090531,1.0164513429,0.0238321953,255,0.1362000618,1.4682091065,13.4331177427,2,0,57.7653846909
daily,SPY,2026-09-11,1530,2026-10-23,0.1150684932,766.4967328511,766.6233086101,1.6513541893,0.0193963995,202,0.1018251616,3.4460378976,15.5078345472,2,0,57.7653846909
daily,SPY,2026-09-11,1530,2026-10-30,0.1342465753,767.1362816120,767.3199341467,2.3940014199,0.0157178772,294,0.0947784766,1.5993750940,20.8261414216,2,0,57.7653846909
daily,SPY,2026-09-11,1530,2026-11-20,0.1917808219,768.8846134069,769.2357257411,4.5665152879,0.0102928098,117,0.0915699759,15.4761710050,40.1197859446,2,0,57.7653846909
daily,SPY,2026-09-11,1530,2026-11-30,0.2191780822,769.5697372458,769.9929852242,5.4998001865,0.0094504084,375,0.1113291280,1.3087636238,38.4561099342,2,0,57.7653846909
daily,SPY,2026-09-11,1530,2026-12-18,0.2684931507,770.7313580439,771.2726430802,7.0230052359,0.0090893040,122,0.1087492465,9.8408218361,57.4793473047,2,0,57.7653846909
daily,SPY,2026-09-11,1530,2026-12-31,0.3041095890,770.9174779242,771.4749358482,7.2310972314,0.0122933050,244,0.1727614239,1.0828874933,52.9883340495,2,0,57.7653846909
daily,SPY,2026-09-11,1530,2027-01-15,0.3452054795,772.4643148087,773.1609350651,9.0181545353,0.0095752921,184,0.1205164007,53.9545470898,136.5702833346,2,0,57.7653846909
daily,SPY,2026-09-11,1530,2027-01-29,0.3835616438,773.6740740703,774.5408874946,11.2038577139,0.0078894362,268,0.2544225649,3.9496271493,70.1226334293,2,0,57.7653846909
daily,SPY,2026-09-11,1530,2027-02-26,0.4602739726,776.1961624980,777.3416004160,14.7570675222,0.0052672583,240,0.2918684118,10.2915733144,85.2506925286,2,0,57.7653846909
daily,SPY,2026-09-11,1530,2027-03-19,0.5178082192,777.8360591059,779.1718497570,17.1731643899,0.0046979547,212,0.1557724349,67.9519260970,208.5230751637,2,0,57.7653846909
daily,SPY,2026-09-11,1530,2027-03-31,0.5506849315,778.0029078138,779.3697535607,17.5686457360,0.0065808692,273,0.1963618534,2.1343944118,111.7828620384,2,0,57.7653846909
daily,SPY,2026-09-11,1530,2027-06-17,0.7643835616,785.1504109565,787.3798251842,28.3947406329,0.0036543234,237,0.2145086759,59.1770820508,307.7315606726,2,0,57.7653846909
daily,SPY,2026-09-11,1530,2027-06-30,0.8000000000,785.4249557513,787.7119796357,29.1182991790,0.0049216179,295,0.3630315742,14.9149316966,170.6156333012,2,0,57.7653846909
daily,SPY,2026-09-11,1530,2027-09-17,1.0164383562,792.8556178540,796.0814135962,40.6857903201,0.0029028364,255,0.2714327463,70.1376135314,405.9102485788,2,0,57.7653846909
daily,SPY,2026-09-11,1530,2027-12-17,1.2657534247,800.1843368944,804.5504627253,54.5640001887,0.0034357753,267,0.2439348312,104.4891216046,506.3649888345,2,0,57.7653846909
daily,SPY,2026-09-11,1530,2028-01-21,1.3616438356,802.2909210049,806.9253853735,57.7653846909,0.0044132117,270,0.3329538473,103.1508909296,539.6499058275,2,0,57.7653846909
daily,TSLA,2026-08-14,1530,2026-08-17,0.0082191781,341.3038506520,341.3078438777,0.1169991392,0.0243481042,87,0.0901956462,1.1194631589,2.2131849847,2,0,70.3817830480
daily,TSLA,2026-08-14,1530,2026-08-19,0.0136986301,341.4468632042,341.4667981440,0.5838372512,-0.0042452110,85,0.0614154319,3.9743756291,7.0445922943,2,0,70.3817830480
daily,TSLA,2026-08-14,1530,2026-08-21,0.0191780822,341.5206624765,341.5316597138,0.3220079651,-0.0021247006,118,0.0329767047,8.4209711251,14.3800482558,2,0,70.3817830480
daily,TSLA,2026-08-14,1530,2026-08-24,0.0273972603,341.5766336311,341.5884549735,0.3460817055,0.0037951594,96,0.1115580108,6.4447240415,13.8007194093,2,0,70.3817830480
daily,TSLA,2026-08-14,1530,2026-08-26,0.0328767123,341.7302592817,341.7511236225,0.6105499956,-0.0050121903,92,0.0947410447,9.3718036914,16.8885300766,2,0,70.3817830480
daily,TSLA,2026-08-14,1530,2026-08-28,0.0383561644,341.8668301503,341.9189365792,1.5241732818,-0.0116895056,109,0.1229493386,11.6837530687,25.8310137234,2,0,70.3817830480
daily,TSLA,2026-08-14,1530,2026-09-04,0.0575342466,342.2080550293,342.2966015790,2.5875062962,-0.0143674164,91,0.1700745728,24.0422751409,48.6705279991,2,0,70.3817830480
daily,TSLA,2026-08-14,1530,2026-09-11,0.0767123288,342.3673692695,342.4668468983,2.9055814823,-0.0077976363,87,0.0906939945,24.8679039168,39.5748702553,2,0,70.3817830480
daily,TSLA,2026-08-14,1530,2026-09-18,0.0958904110,342.6916417762,342.7718989546,2.3419648629,-0.0079656786,109,0.3451193408,40.9526800257,73.4324061817,2,0,70.3817830480
daily,TSLA,2026-08-14,1530,2026-09-25,0.1150684932,342.9694739828,343.0782684270,3.1721319961,-0.0081106260,91,0.2510020905,33.2583873640,54.5166574163,2,0,70.3817830480
daily,TSLA,2026-08-14,1530,2026-10-02,0.1342465753,343.1918643780,343.3547583890,4.7464415067,-0.0075141190,92,0.3492983013,33.2500677352,66.8553272255,2,0,70.3817830480
daily,TSLA,2026-08-14,1530,2026-10-16,0.1726027397,343.8501898361,344.0382014879,5.4678362067,-0.0087759981,121,0.2262235704,56.9501078484,125.1424269294,2,0,70.3817830480
daily,TSLA,2026-08-14,1530,2026-11-20,0.2684931507,345.2540620751,345.5673124470,9.0730394318,-0.0080844414,145,0.4372976003,87.5641079700,173.6398615907,2,0,70.3817830480
daily,TSLA,2026-08-14,1530,2026-12-18,0.3452054795,346.3934418873,346.8586365016,13.4296599759,-0.0084593768,130,0.4378332852,54.3663716301,214.2765626035,2,0,70.3817830480
daily,TSLA,2026-08-14,1530,2027-01-15,0.4219178082,347.5476782675,348.1605479895,17.6341192957,-0.0085382703,100,0.4317365168,92.5260265631,256.7065321561,2,0,70.3817830480
daily,TSLA,2026-08-14,1530,2027-02-19,0.5178082192,349.1326703491,349.8231884623,19.7781007564,-0.0087812581,123,0.5928627124,67.1140255492,276.8528415729,2,0,70.3817830480
daily,TSLA,2026-08-14,1530,2027-03-19,0.5945205479,350.0918273306,350.9846831468,25.5034749871,-0.0081699991,139,0.6790726813,87.0541001086,348.9566719566,2,0,70.3817830480
daily,TSLA,2026-08-14,1530,2027-06-17,0.8410958904,353.9769364497,355.2549342903,36.1039861366,-0.0086707756,118,0.7512434380,113.0599200794,478.7171018505,2,0,70.3817830480
daily,TSLA,2026-08-14,1530,2027-09-17,1.0931506849,357.6964937261,359.4739711690,49.6923362159,-0.0081133620,115,0.8847940605,172.9945585905,608.7676929070,2,0,70.3817830480
daily,TSLA,2026-08-14,1530,2027-12-17,1.3424657534,361.3422968901,363.7034368762,65.3435815974,-0.0073323070,120,0.8117789173,208.5001867000,740.2927618801,2,0,70.3817830480
daily,TSLA,2026-08-14,1530,2028-01-21,1.4383561644,362.8621079038,365.4159961193,70.3817830480,-0.0072421845,119,0.7550198751,221.8694524056,790.3628784397,2,0,70.3817830480
daily,TSLA,2026-08-17,1530,2026-08-19,0.0054794521,340.5806386664,340.5823998110,0.0517100642,0.0043993278,49,0.0142777004,0.8080330196,2.3941467449,2,0,68.8686804235
daily,TSLA,2026-08-17,1530,2026-08-21,0.0109589041,340.7242637985,340.7282855192,0.1180344671,-0.0179585984,106,0.0383592371,6.9020546754,11.4865241925,2,0,68.8686804235
daily,TSLA,2026-08-17,1530,2026-08-24,0.0191780822,340.7987658929,340.8186760730,0.5842210151,-0.0078762376,87,0.0916702921,5.6028610128,9.5821109619,2,0,68.8686804235
daily,TSLA,2026-08-17,1530,2026-08-26,0.0246575342,340.9235298082,340.9451946408,0.6354748417,-0.0127694894,92,0.0870542932,6.8075434882,11.9570246058,2,0,68.8686804235
daily,TSLA,2026-08-17,1530,2026-08-28,0.0301369863,341.0011410079,341.0293253638,0.8265179370,-0.0117547683,109,0.0949549689,13.5298807118,24.4527884843,2,0,68.8686804235
daily,TSLA,2026-08-17,1530,2026-08-31,0.0383561644,341.1411581471,341.1635998012,0.6578407088,-0.0113906606,32,0.1190771289,5.1837126696,14.9037279527,2,0,68.8686804235
daily,TSLA,2026-08-17,1530,2026-09-04,0.0493150685,341.3822376535,341.4282406824,1.3475519194,-0.0161740977,99,0.1843680013,20.1159872183,39.5342527399,2,0,68.8686804235
daily,TSLA,2026-08-17,1530,2026-09-11,0.0684931507,341.6032661815,341.7229860790,3.5046473318,-0.0136487255,80,0.3546236962,24.6186463948,36.1281183347,2,0,68.8686804235
daily,TSLA,2026-08-17,1530,2026-09-18,0.0876712329,341.8225998240,341.8926523775,2.0493833216,-0.0080408580,114,0.1673486347,34.5116466628,59.2783396556,2,0,68.8686804235
daily,TSLA,2026-08-17,1530,2026-09-25,0.1068493151,342.0834162102,342.1967407915,3.3127762384,-0.0080877880,91,0.2224693867,28.4392261498,51.9791753605,2,0,68.8686804235
daily,TSLA,2026-08-17,1530,2026-10-02,0.1260273973,342.6136260274,342.7590093391,4.2433604699,-0.0140932246,94,0.1615708664,32.5184508984,64.2994766083,2,0,68.8686804235
daily,TSLA,2026-08-17,1530,2026-10-16,0.1643835616,342.9684731845,343.1493525529,5.2739357287,-0.0088168828,118,0.2395126020,54.2772651234,107.4890383053,2,0,68.8686804235
daily,TSLA,2026-08-17,1530,2026-11-20,0.2602739726,344.5202249231,344.7951942919,7.9812257428,-0.0095059051,142,0.5201020410,84.8672833369,160.3350043060,2,0,68.8686804235
daily,TSLA,2026-08-17,1530,2026-12-18,0.3369863014,345.5761116954,345.9895856707,11.9647730655,-0.0087219837,126,0.4244887560,54.3439805706,208.4730353714,2,0,68.8686804235
daily,TSLA,2026-08-17,1530,2027-01-15,0.4136986301,346.7070002043,347.3646078826,18.9672454810,-0.0092312897,99,0.3277354521,103.9934465291,246.7997338596,2,0,68.8686804235
daily,TSLA,2026-08-17,1530,2027-02-19,0.5095890411,348.2899432770,349.0293076154,21.2284147907,-0.0093107581,122,0.5753358189,68.8940254347,275.4751447348,2,0,68.8686804235
daily,TSLA,2026-08-17,1530,2027-03-19,0.5863013699,349.3371502429,350.1633972952,23.6518518491,-0.0084305464,137,0.7079776772,88.1631544468,345.5406743726,2,0,68.8686804235
daily,TSLA,2026-08-17,1530,2027-06-17,0.8328767123,353.1204519558,354.4444496148,37.4942219186,-0.0087701387,118,0.7088007739,114.2860099401,480.0694222829,2,0,68.8686804235
daily,TSLA,2026-08-17,1530,2027-09-17,1.0849315068,356.7041533805,358.4933056452,50.1578758689,-0.0077124260,116,0.8956844113,175.3543944127,606.2376072711,2,0,68.8686804235
daily,TSLA,2026-08-17,1530,2027-12-17,1.3342465753,360.4725516650,362.8730400723,66.5928209020,-0.0073203714,117,0.9663249624,211.4544335421,741.0961829169,2,0,68.8686804235
daily,TSLA,2026-08-17,1530,2028-01-21,1.4301369863,361.8946349617,364.3869555579,68.8686804235,-0.0068514314,121,0.7596042977,224.0298768253,791.7156446708,2,0,68.8686804235
daily,TSLA,2026-08-18,1530,2026-08-19,0.0027397260,336.1701212988,336.1744408176,0.1284920470,-0.0429936254,74,0.0537702539,0.9002982135,2.0473542535,2,0,76.4536372094
daily,TSLA,2026-08-18,1530,2026-08-21,0.0082191781,336.3238568731,336.3328137180,0.2663160746,-0.0464091958,115,0.0726046268,4.1497904018,7.5243598611,2,0,76.4536372094
daily,TSLA,2026-08-18,1530,2026-08-24,0.0164383562,336.3743000175,336.3910011045,0.4965030619,-0.0148086154,93,0.0520344812,4.5981315086,7.7638829154,2,0,76.4536372094
daily,TSLA,2026-08-18,1530,2026-08-26,0.0219178082,336.4241080780,336.4356045391,0.3417252456,-0.0076958795,89,0.0811190067,5.7394159043,9.3351898986,2,0,76.4536372094
daily,TSLA,2026-08-18,1530,2026-08-28,0.0273972603,336.5792266964,336.6009413603,0.6451575798,-0.0165219125,106,0.1449720202,9.2512554638,14.8214868750,2,0,76.4536372094
daily,TSLA,2026-08-18,1530,2026-08-31,0.0356164384,336.6522251961,336.6818043031,0.8786250256,-0.0107212735,103,0.1236524210,10.1162954900,24.5289903333,2,0,76.4536372094
daily,TSLA,2026-08-18,1530,2026-09-02,0.0410958904,336.5351544825,336.5478556705,0.3774104375,0.0054363741,35,0.1126031587,4.0609347395,8.9998701294,2,0,76.4536372094
daily,TSLA,2026-08-18,1530,2026-09-04,0.0465753425,336.9077612675,336.9543346114,1.3823766980,-0.0166678385,103,0.1134511280,15.1788824833,24.6594747213,2,0,76.4536372094
daily,TSLA,2026-08-18,1530,2026-09-11,0.0657534247,337.1178379429,337.1675689187,1.4751807889,-0.0103911949,78,0.1429993341,19.8093457417,46.9640883036,2,0,76.4536372094
daily,TSLA,2026-08-18,1530,2026-09-18,0.0849315068,337.3826448973,337.4980110807,3.4194462925,-0.0110341612,109,0.2621508682,35.6287380838,55.7843645472,2,0,76.4536372094
daily,TSLA,2026-08-18,1530,2026-09-25,0.1041095890,337.6353722390,337.7387191541,3.0609030815,-0.0088397086,91,0.1638035958,31.6772383850,50.6039590697,2,0,76.4536372094
daily,TSLA,2026-08-18,1530,2026-10-02,0.1232876712,337.9604273266,338.0834602844,3.6404545583,-0.0098201420,94,0.2516746203,31.6696709827,57.6228367333,2,0,76.4536372094
daily,TSLA,2026-08-18,1530,2026-10-16,0.1616438356,338.5078495357,338.6200953370,3.3158995099,-0.0081522339,116,0.3641411001,47.4340140740,97.2338197704,2,0,76.4536372094
daily,TSLA,2026-08-18,1530,2026-11-20,0.2575342466,339.9236071999,340.2035768467,8.2362519372,-0.0085974236,143,0.4856162307,78.6476362233,159.5514126399,2,0,76.4536372094
daily,TSLA,2026-08-18,1530,2026-12-18,0.3342465753,340.9007377671,341.2965557701,11.6109459188,-0.0072540480,126,0.4478147000,52.5520543458,207.2615588444,2,0,76.4536372094
daily,TSLA,2026-08-18,1530,2027-01-15,0.4109589041,341.9980666173,342.6899185442,20.2297028668,-0.0083397034,97,0.4564017905,95.8879456863,255.1011553269,2,0,76.4536372094
daily,TSLA,2026-08-18,1530,2027-02-19,0.5068493151,343.3915917785,344.1179633383,21.1528638776,-0.0073909388,130,0.5805880812,61.4901773103,273.0165277812,2,0,76.4536372094
daily,TSLA,2026-08-18,1530,2027-03-19,0.5835616438,344.6554258000,345.3867956804,21.2203210991,-0.0074543214,135,0.6675163652,82.5011831983,342.4016329833,2,0,76.4536372094
daily,TSLA,2026-08-18,1530,2027-06-17,0.8301369863,348.2433246666,349.5668254945,38.0050595145,-0.0078194990,121,0.6160265072,108.9619338130,475.9010667472,2,0,76.4536372094
daily,TSLA,2026-08-18,1530,2027-09-17,1.0821917808,351.9550582152,353.8041624369,52.5380777623,-0.0075495597,116,0.8341152927,169.8157513309,609.2644133678,2,0,76.4536372094
daily,TSLA,2026-08-18,1530,2027-12-17,1.3315068493,355.6996555829,358.0623725563,66.4244942684,-0.0070158394,121,0.7898461435,205.0840191407,742.8535828344,2,0,76.4536372094
daily,TSLA,2026-08-18,1530,2028-01-21,1.4273972603,356.8623931184,359.5907359121,76.4536372094,-0.0066205682,120,0.9890105219,234.1036704433,792.7399580706,2,0,76.4536372094
daily,TSLA,2026-08-19,1530,2026-08-21,0.0054794521,348.6247156323,348.6323431456,0.2187886563,-0.0289335624,109,0.0443810535,2.4426855813,4.1480980471,2,0,71.9297923514
daily,TSLA,2026-08-19,1530,2026-08-24,0.0136986301,348.6531802416,348.6598778917,0.1921006441,0.0053049839,86,0.0984694418,2.3225460146,6.1992094303,2,0,71.9297923514
daily,TSLA,2026-08-19,1530,2026-08-26,0.0191780822,348.6972486772,348.7079771076,0.3076717828,0.0073791268,80,0.1275623537,3.0033897277,7.2781674683,2,0,71.9297923514
daily,TSLA,2026-08-19,1530,2026-08-28,0.0246575342,348.8762801181,348.8950882397,0.5391057716,-0.0076297612,100,0.0850354650,7.4195082824,14.3707198140,2,0,71.9297923514
daily,TSLA,2026-08-19,1530,2026-08-31,0.0328767123,348.8986343289,348.9192773207,0.5916615813,0.0016038118,93,0.1263760056,5.4918156143,10.6032275766,2,0,71.9297923514
daily,TSLA,2026-08-19,1530,2026-09-02,0.0383561644,348.9234427670,348.9489743904,0.7317256542,0.0045471603,94,0.2051379853,6.2660110411,12.7815014354,2,0,71.9297923514
daily,TSLA,2026-08-19,1530,2026-09-04,0.0438356164,349.1945361856,349.2384556429,1.2577360982,-0.0102207620,99,0.1393643358,14.3988731679,23.6365870542,2,0,71.9297923514
daily,TSLA,2026-08-19,1530,2026-09-11,0.0630136986,349.4248811628,349.5203101219,2.7310293066,-0.0084266140,86,0.1747528740,20.0759687887,35.9113040710,2,0,71.9297923514
daily,TSLA,2026-08-19,1530,2026-09-18,0.0821917808,349.7146014365,349.7889187188,2.1250837680,-0.0070011020,112,0.2224964977,30.2748646547,51.7629117490,2,0,71.9297923514
daily,TSLA,2026-08-19,1530,2026-09-25,0.1013698630,349.9867808632,350.0616480503,2.1391432807,-0.0062398034,90,0.2286594174,23.4067126184,44.6210245439,2,0,71.9297923514
daily,TSLA,2026-08-19,1530,2026-10-02,0.1205479452,350.2306873234,350.3837489200,4.3703079747,-0.0068867068,91,0.2812582308,27.3323366866,59.6770909316,2,0,71.9297923514
daily,TSLA,2026-08-19,1530,2026-10-16,0.1589041096,350.8299993729,351.0105393118,5.1460804152,-0.0070615755,119,0.2792574720,45.2620869166,102.7704741154,2,0,71.9297923514
daily,TSLA,2026-08-19,1530,2026-11-20,0.2547945205,352.3200129825,352.6051557750,8.0932896800,-0.0074854615,147,0.5057408158,69.6903989789,156.3721885747,2,0,71.9297923514
daily,TSLA,2026-08-19,1530,2026-12-18,0.3315068493,353.4320646459,353.8199565652,10.9750064603,-0.0071099181,127,0.4767108276,50.6931279358,199.7831196725,2,0,71.9297923514
daily,TSLA,2026-08-19,1530,2027-01-15,0.4082191781,354.6226464896,355.1749790587,15.5752198727,-0.0076376817,101,0.4546453601,94.3709536268,241.7210235989,2,0,71.9297923514
daily,TSLA,2026-08-19,1530,2027-02-19,0.5041095890,356.0400397897,356.7393985628,19.6427001166,-0.0073051394,126,0.6361857873,57.7938353818,259.2397211634,2,0,71.9297923514
daily,TSLA,2026-08-19,1530,2027-03-19,0.5808219178,357.1482996213,358.0600160367,25.5276706172,-0.0074183270,139,0.6650686009,79.6985037322,339.2376071229,2,0,71.9297923514
daily,TSLA,2026-08-19,1530,2027-06-17,0.8273972603,360.9254669817,362.2908696107,37.8305981103,-0.0074825721,123,0.5822303071,110.0650138980,470.2977386887,2,0,71.9297923514
daily,TSLA,2026-08-19,1530,2027-09-17,1.0794520548,364.9273843693,366.7738044614,50.5969179391,-0.0075546460,118,0.7269348140,170.5559339653,604.2962454846,2,0,71.9297923514
daily,TSLA,2026-08-19,1530,2027-12-17,1.3287671233,368.6500535883,371.0777481789,65.8536345500,-0.0068192683,125,0.8858076991,206.4575657594,736.8080557400,2,0,71.9297923514
daily,TSLA,2026-08-19,1530,2028-01-21,1.4246575342,370.1312880853,372.7936347547,71.9297923514,-0.0066936679,123,0.9415980698,219.5823281551,786.9956509314,2,0,71.9297923514
daily,TSLA,2026-08-20,1530,2026-08-21,0.0027397260,343.2805960797,343.2824643064,0.0544227291,-0.1032319811,92,0.0453967199,2.3550424877,4.3712662101,2,0,69.0121113927
daily,TSLA,2026-08-20,1530,2026-08-24,0.0109589041,343.3073950022,343.3103435644,0.0858869413,-0.0049886202,87,0.0305172635,3.1693464965,4.8335508687,2,0,69.0121113927
daily,TSLA,2026-08-20,1530,2026-08-26,0.0164383562,343.3755415615,343.3892767429,0.4000046521,-0.0047642180,84,0.0462180649,4.2397942955,6.6651081421,2,0,69.0121113927
daily,TSLA,2026-08-20,1530,2026-08-28,0.0219178082,343.5508665878,343.5709818330,0.5855099530,-0.0182993908,113,0.1227387826,8.8620247399,20.3894190378,2,0,69.0121113927
daily,TSLA,2026-08-20,1530,2026-08-31,0.0301369863,343.5318383324,343.5460398442,0.4133972527,-0.0006342901,104,0.1134238395,5.2157964565,10.1545274759,2,0,69.0121113927
daily,TSLA,2026-08-20,1530,2026-09-02,0.0356164384,343.6298629144,343.6529049906,0.6705492935,-0.0034783626,112,0.1338352502,6.7026427899,12.9093591783,2,0,69.0121113927
daily,TSLA,2026-08-20,1530,2026-09-04,0.0410958904,343.7942722633,343.8336616230,1.1457247193,-0.0107915735,128,0.1410279551,14.6562194523,25.7857715780,2,0,69.0121113927
daily,TSLA,2026-08-20,1530,2026-09-11,0.0602739726,344.0478422896,344.1089522718,1.7762059409,-0.0086598072,84,0.1426550232,21.7276732669,32.7500491320,2,0,69.0121113927
daily,TSLA,2026-08-20,1530,2026-09-18,0.0794520548,344.3278538109,344.4145628096,2.5182104125,-0.0086571660,112,0.1663306927,33.3033441956,52.9652359380,2,0,69.0121113927
daily,TSLA,2026-08-20,1530,2026-09-25,0.0986301370,344.6106007169,344.7068370506,2.7926109507,-0.0082676884,89,0.2462997733,24.3171270191,44.1840431220,2,0,69.0121113927
daily,TSLA,2026-08-20,1530,2026-10-02,0.1178082192,344.9497779411,345.0865810006,3.9658833916,-0.0101548940,90,0.1982469187,30.1591823275,55.0376901916,2,0,69.0121113927
daily,TSLA,2026-08-20,1530,2026-10-16,0.1561643836,345.4526712747,345.6496114467,5.7009306425,-0.0085761710,121,0.2217986462,47.5547865348,104.8394895774,2,0,69.0121113927
daily,TSLA,2026-08-20,1530,2026-11-20,0.2520547945,346.8445958904,347.1972131159,10.1664327400,-0.0081053670,145,0.3914583268,75.5323491795,153.4686881785,2,0,69.0121113927
daily,TSLA,2026-08-20,1530,2026-12-18,0.3287671233,347.9360514472,348.4095322362,13.6082704558,-0.0077230433,133,0.3603951566,48.7371903067,201.1997824613,2,0,69.0121113927
daily,TSLA,2026-08-20,1530,2027-01-15,0.4054794521,349.1934885204,349.7222728753,15.1430187639,-0.0079929028,101,0.3565016913,92.7333845185,245.8664732269,2,0,69.0121113927
daily,TSLA,2026-08-20,1530,2027-02-19,0.5013698630,350.6660476054,351.3411840415,19.2529741828,-0.0080363433,123,0.6518944000,61.0440410274,263.7108387126,2,0,69.0121113927
daily,TSLA,2026-08-20,1530,2027-03-19,0.5780821918,351.8022992167,352.6439953577,23.9252598098,-0.0080395946,143,0.5447590674,76.8018101301,335.8852833854,2,0,69.0121113927
daily,TSLA,2026-08-20,1530,2027-06-17,0.8246575342,355.7288110915,356.9482667209,34.2804853405,-0.0083281509,120,0.5957535112,108.7273301024,469.3620175734,2,0,69.0121113927
daily,TSLA,2026-08-20,1530,2027-09-17,1.0767123288,359.4938863242,361.2165467129,47.9190454747,-0.0077966953,113,0.8846374563,168.4223030109,600.3107576669,2,0,69.0121113927
daily,TSLA,2026-08-20,1530,2027-12-17,1.3260273973,363.3187019151,365.6090688882,63.0401617374,-0.0073293267,119,0.8846835367,204.1079481301,732.6417009416,2,0,69.0121113927
daily,TSLA,2026-08-20,1530,2028-01-21,1.4219178082,364.8192981457,367.3369931499,69.0121113927,-0.0072397443,121,0.7794506534,217.0575461417,782.6730291272,2,0,69.0121113927
daily,TSLA,2026-08-21,1530,2026-08-24,0.0082191781,364.6764580131,364.6758433513,-0.0168549918,0.0393255843,116,0.2471327205,0.5273430462,1.5754547371,2,0,63.0552699306
daily,TSLA,2026-08-21,1530,2026-08-26,0.0136986301,364.7748830349,364.7799013178,0.1375720499,0.0179437538,62,0.1597674776,0.9173032019,6.0326861895,2,0,63.0552699306
daily,TSLA,2026-08-21,1530,2026-08-28,0.0191780822,364.9231257646,364.9380325844,0.4084920555,0.0010577140,106,0.0994249352,4.4484864210,10.7485926555,2,0,63.0552699306
daily,TSLA,2026-08-21,1530,2026-08-31,0.0273972603,365.0474520983,365.0685680376,0.5784436842,-0.0009313843,92,0.1459038756,5.4996562082,13.5444073854,2,0,63.0552699306
daily,TSLA,2026-08-21,1530,2026-09-02,0.0328767123,365.1533074162,365.1822892702,0.7936900307,-0.0039265324,102,0.1477970777,6.2380813090,15.5277642686,2,0,63.0552699306
daily,TSLA,2026-08-21,1530,2026-09-04,0.0383561644,365.2326088883,365.2578708767,0.6916684795,-0.0033412020,118,0.1498397289,8.5512279748,20.4094340360,2,0,63.0552699306
daily,TSLA,2026-08-21,1530,2026-09-11,0.0575342466,365.5621276653,365.6079027357,1.2521830635,-0.0062296378,81,0.3008419734,16.9060712699,28.4287882004,2,0,63.0552699306
daily,TSLA,2026-08-21,1530,2026-09-18,0.0767123288,365.8064049637,365.8597875991,1.4593138526,-0.0041653637,117,0.1371185612,28.4077317685,49.7911334152,2,0,63.0552699306
daily,TSLA,2026-08-21,1530,2026-09-25,0.0958904110,366.1792693946,366.2836030462,2.8492506348,-0.0079330805,85,0.2237431351,25.7496954589,51.1800694154,2,0,63.0552699306
daily,TSLA,2026-08-21,1530,2026-10-02,0.1150684932,366.5499634812,366.6440507857,2.5668343721,-0.0090032641,92,0.1651862106,27.5916139829,72.2590431092,2,0,63.0552699306
daily,TSLA,2026-08-21,1530,2026-10-16,0.1534246575,367.0367573846,367.2117314344,4.7672078148,-0.0073588206,121,0.2631125498,44.8288971740,96.0500597950,2,0,63.0552699306
daily,TSLA,2026-08-21,1530,2026-11-20,0.2493150685,368.5842361966,368.8970171784,8.4860108256,-0.0076187518,156,0.3536697309,67.0599905531,158.7834374973,2,0,63.0552699306
daily,TSLA,2026-08-21,1530,2026-12-18,0.3260273973,369.7341241761,370.1644936444,11.6399715418,-0.0072375784,132,0.5152821396,43.1343646630,197.0518493014,2,0,63.0552699306
daily,TSLA,2026-08-21,1530,2027-01-15,0.4027397260,371.0716087386,371.5883361537,13.9252748775,-0.0078092382,109,0.2922638243,91.2869216675,243.8916220341,2,0,63.0552699306
daily,TSLA,2026-08-21,1530,2027-02-19,0.4986301370,372.6982964497,373.4351942816,19.7719667345,-0.0085689219,122,0.7299423655,47.6572311509,248.0184311505,2,0,63.0552699306
daily,TSLA,2026-08-21,1530,2027-03-19,0.5753424658,373.8864258602,374.7688014684,23.6000974392,-0.0083431755,145,0.6779437815,71.2101670045,341.3758267638,2,0,63.0552699306
daily,TSLA,2026-08-21,1530,2027-06-17,0.8219178082,377.9702102930,379.2485279880,33.8205937988,-0.0084269779,130,0.4090562300,116.4689375793,465.9497390257,2,0,63.0552699306
daily,TSLA,2026-08-21,1530,2027-09-17,1.0739726027,382.1468786998,383.9592326513,47.4255856187,-0.0083794385,121,0.6457096393,159.0353757403,580.8538851587,2,0,63.0552699306
daily,TSLA,2026-08-21,1530,2027-12-17,1.3232876712,386.1863648079,388.5824908842,62.0458487051,-0.0076306795,125,1.0220081318,216.4423687563,740.3103532575,2,0,63.0552699306
daily,TSLA,2026-08-21,1530,2028-01-21,1.4191780822,387.9379312090,390.3840843059,63.0552699306,-0.0074283236,127,0.9933578332,231.0337721389,790.1135203772,2,0,63.0552699306
daily,TSLA,2026-08-24,1538,2026-08-26,0.0054794521,350.6246101772,350.6279523170,0.0953196019,-0.0026394697,78,0.0301859537,1.3872937576,3.5658251319,2,0,65.8206911292
daily,TSLA,2026-08-24,1538,2026-08-28,0.0109589041,350.8003326834,350.8097703429,0.2690322287,-0.0296557271,101,0.1293308476,4.4894954726,7.0257646550,2,0,65.8206911292
daily,TSLA,2026-08-24,1538,2026-08-31,0.0191780822,350.8506186796,350.8671575084,0.4713923225,-0.0092157234,97,0.1008112492,4.9435518735,9.2711453430,2,0,65.8206911292
daily,TSLA,2026-08-24,1538,2026-09-02,0.0246575342,350.9462095433,350.9716446939,0.7247592341,-0.0108124627,101,0.0986424084,5.8441886132,11.7386391651,2,0,65.8206911292
daily,TSLA,2026-08-24,1538,2026-09-04,0.0301369863,351.1205669406,351.1540245740,0.9528816180,-0.0191868084,119,0.1305290635,9.3213152938,16.5053515168,2,0,65.8206911292
daily,TSLA,2026-08-24,1538,2026-09-11,0.0493150685,351.3682114393,351.4290385906,1.7311512328,-0.0128460629,98,0.1773837776,13.4808220686,24.1721231671,2,0,65.8206911292
daily,TSLA,2026-08-24,1538,2026-09-18,0.0684931507,351.6542931810,351.7262839988,2.0472042909,-0.0109700381,127,0.2773160971,25.2784111139,44.5964764297,2,0,65.8206911292
daily,TSLA,2026-08-24,1538,2026-09-25,0.0876712329,351.9564913830,352.0508631011,2.6813461448,-0.0108237004,85,0.2145564115,23.7437426902,39.1708265872,2,0,65.8206911292
daily,TSLA,2026-08-24,1538,2026-10-02,0.1068493151,352.1935903858,352.3200264741,3.5899599456,-0.0094047906,92,0.1404401795,24.1404277448,46.6252812621,2,0,65.8206911292
daily,TSLA,2026-08-24,1538,2026-10-16,0.1452054795,352.7855566771,352.9606981517,4.9645307572,-0.0094424282,118,0.1864494057,43.8970274011,87.4220280123,2,0,65.8206911292
daily,TSLA,2026-08-24,1538,2026-11-20,0.2410958904,354.2177641246,354.5320758582,8.8734040313,-0.0083044864,145,0.4753772716,71.5974412958,148.8289642574,2,0,65.8206911292
daily,TSLA,2026-08-24,1538,2026-12-18,0.3178082192,355.3656330778,355.7442919075,10.6554712785,-0.0075557893,128,0.4619897831,46.4237853178,187.8037436283,2,0,65.8206911292
daily,TSLA,2026-08-24,1538,2027-01-15,0.3945205479,356.6005650709,357.1219307595,14.6204392174,-0.0081639127,103,0.3638894700,85.2102645994,234.2914963051,2,0,65.8206911292
daily,TSLA,2026-08-24,1538,2027-02-19,0.4904109589,358.0632179480,358.7179249989,18.2846776259,-0.0078689762,126,0.5692861822,56.0723160559,250.3140762409,2,0,65.8206911292
daily,TSLA,2026-08-24,1538,2027-03-19,0.5671232877,359.3770346781,360.1551918255,21.6529458581,-0.0083703554,134,0.8446406512,77.9509867532,332.2998247760,2,0,65.8206911292
daily,TSLA,2026-08-24,1538,2027-06-17,0.8136986301,363.1358170730,364.3163866797,32.5104148692,-0.0076175059,121,0.6683482597,107.7452263546,462.7077582521,2,0,65.8206911292
daily,TSLA,2026-08-24,1538,2027-09-17,1.0657534247,367.0909927131,368.9021557100,49.3382576210,-0.0077243920,122,0.5501415476,168.4403453819,599.2278665017,2,0,65.8206911292
daily,TSLA,2026-08-24,1538,2027-12-17,1.3150684932,371.1821045057,373.5935500320,64.9666429775,-0.0075315311,126,0.6297499450,204.9771972883,729.2047299665,2,0,65.8206911292
daily,TSLA,2026-08-24,1538,2028-01-21,1.4109589041,372.5855142789,375.0378978844,65.8206911292,-0.0067655295,124,0.8745373499,231.2277092161,781.0613085780,2,0,65.8206911292
daily,TSLA,2026-08-25,1530,2026-08-26,0.0027397260,352.1046998631,352.1066266245,0.0547212620,-0.0312337484,59,0.0605365341,1.7043517782,1.9068738627,2,0,67.3284965601
daily,TSLA,2026-08-25,1530,2026-08-28,0.0082191781,352.2757076500,352.2891758039,0.3823185548,-0.0482467257,104,0.0788509722,5.4517563612,10.2334443440,2,0,67.3284965601
daily,TSLA,2026-08-25,1530,2026-08-31,0.0164383562,352.3233355973,352.3449819697,0.6143894033,-0.0148396483,76,0.1444142534,6.1830817694,10.2502420472,2,0,67.3284965601
daily,TSLA,2026-08-25,1530,2026-09-02,0.0219178082,352.4520327524,352.4723494791,0.5764394816,-0.0181597369,78,0.1171781884,8.5023869260,16.4279022749,2,0,67.3284965601
daily,TSLA,2026-08-25,1530,2026-09-04,0.0273972603,352.5750777920,352.6040006261,0.8203312148,-0.0205904498,117,0.1027009572,11.4371014572,18.3540683695,2,0,67.3284965601
daily,TSLA,2026-08-25,1530,2026-09-09,0.0410958904,353.1549021640,353.2078818772,1.5001834294,-0.0427523468,34,0.2046021125,5.3812158497,29.3197194084,2,0,67.3284965601
daily,TSLA,2026-08-25,1530,2026-09-11,0.0465753425,352.8255732754,352.8766374390,1.4472920156,-0.0131260611,88,0.2373880586,19.4916841599,32.0774222511,2,0,67.3284965601
daily,TSLA,2026-08-25,1530,2026-09-18,0.0657534247,353.0888881630,353.1520452579,1.7887024222,-0.0101261534,124,0.2712641402,28.1080168547,50.0797095274,2,0,67.3284965601
daily,TSLA,2026-08-25,1530,2026-09-25,0.0849315068,353.4289161781,353.5636969141,3.8135175081,-0.0130118775,86,0.1920822721,32.0072327375,41.5711810609,2,0,67.3284965601
daily,TSLA,2026-08-25,1530,2026-10-02,0.1041095890,353.8400688794,353.9557313119,3.2687771304,-0.0143618905,87,0.2240003568,32.1094775151,56.6977709076,2,0,67.3284965601
daily,TSLA,2026-08-25,1530,2026-10-16,0.1424657534,354.2710862507,354.4479101139,4.9912022184,-0.0100573942,116,0.3053925079,50.4625394435,95.8112585027,2,0,67.3284965601
daily,TSLA,2026-08-25,1530,2026-11-20,0.2383561644,355.8029272384,356.0869989516,7.9839622301,-0.0095136741,148,0.4379783528,76.5014713332,154.5399499175,2,0,67.3284965601
daily,TSLA,2026-08-25,1530,2026-12-18,0.3150684932,356.9593498910,357.3524010372,11.0110898167,-0.0088335941,127,0.5234027027,51.2245344008,196.5666622046,2,0,67.3284965601
daily,TSLA,2026-08-25,1530,2027-01-15,0.3917808219,358.1991749421,358.7141802856,14.3776250630,-0.0089857574,95,0.6597185996,100.3000463506,240.8651213158,2,0,67.3284965601
daily,TSLA,2026-08-25,1530,2027-02-19,0.4876712329,359.8161604477,360.5390156745,20.0895709060,-0.0097317815,126,0.7745345191,57.1379808171,264.6124715910,2,0,67.3284965601
daily,TSLA,2026-08-25,1530,2027-03-19,0.5643835616,360.8638221538,361.6952219648,23.0391566012,-0.0085555961,138,0.6031965471,81.7600315483,344.2485840180,2,0,67.3284965601
daily,TSLA,2026-08-25,1530,2027-06-17,0.8109589041,364.8650431543,366.2011583099,36.6194345193,-0.0088155142,125,0.5246122973,116.0451864525,473.9765906139,2,0,67.3284965601
daily,TSLA,2026-08-25,1530,2027-09-17,1.0630136986,368.8125950046,370.6964857528,51.0798918941,-0.0083460027,122,0.8104121084,181.0640379456,606.3096677186,2,0,67.3284965601
daily,TSLA,2026-08-25,1530,2027-12-17,1.3123287671,372.7653931524,375.1455065770,63.8501714029,-0.0075155413,123,0.8343849631,216.2573674569,741.4996326456,2,0,67.3284965601
daily,TSLA,2026-08-25,1530,2028-01-21,1.4082191781,374.5567771648,377.0786116331,67.3284965601,-0.0076657945,125,0.8745362623,231.9579958236,794.5300614119,2,0,67.3284965601
daily,TSLA,2026-08-26,1530,2026-08-28,0.0054794521,345.8496578573,345.8544629435,0.1389356934,-0.0226232962,32,0.0297706522,0.8117068853,5.3537355683,2,0,74.2851055926
daily,TSLA,2026-08-26,1530,2026-08-31,0.0136986301,345.9228871995,345.9283523862,0.1579885813,-0.0019401245,58,0.0891591682,4.4364572280,7.5305672907,2,0,74.2851055926
daily,TSLA,2026-08-26,1530,2026-09-02,0.0191780822,346.0507622426,346.0659596960,0.4391683253,-0.0113124762,81,0.1202947073,7.9700751914,14.6437231171,2,0,74.2851055926
daily,TSLA,2026-08-26,1530,2026-09-04,0.0246575342,346.1557407489,346.1741478391,0.5317574742,-0.0130665104,116,0.1382372297,10.5017898370,18.6873923265,2,0,74.2851055926
daily,TSLA,2026-08-26,1530,2026-09-09,0.0383561644,346.6523964892,346.7096233557,1.6508429486,-0.0351830559,96,0.1832613850,18.3305806308,30.7022555174,2,0,74.2851055926
daily,TSLA,2026-08-26,1530,2026-09-11,0.0438356164,346.4064743046,346.4401899827,0.9732981505,-0.0083204464,90,0.2669927309,16.2665482548,27.8805869340,2,0,74.2851055926
daily,TSLA,2026-08-26,1530,2026-09-18,0.0630136986,346.6599069986,346.7126213530,1.5206360269,-0.0067463797,129,0.1422634776,24.3321834499,50.7109424792,2,0,74.2851055926
daily,TSLA,2026-08-26,1530,2026-09-25,0.0821917808,347.0719600940,347.1578145335,2.4736783556,-0.0119555695,82,0.2122748059,29.5818012144,50.8952972081,2,0,74.2851055926
daily,TSLA,2026-08-26,1530,2026-10-02,0.1013698630,347.4032948619,347.5241516959,3.4788626290,-0.0130034220,89,0.1727945815,37.1734772550,54.2059400618,2,0,74.2851055926
daily,TSLA,2026-08-26,1530,2026-10-16,0.1397260274,347.9418108067,348.0717947656,3.7357958968,-0.0103306162,116,0.2877080260,51.0515223543,94.8038698613,2,0,74.2851055926
daily,TSLA,2026-08-26,1530,2026-11-20,0.2356164384,349.3591660114,349.5831145346,6.4102661374,-0.0085775352,148,0.2957465949,79.7013951104,155.1885881052,2,0,74.2851055926
daily,TSLA,2026-08-26,1530,2026-12-18,0.3123287671,350.4654932995,350.8629640123,11.3412224706,-0.0084959956,127,0.5800091056,50.0569754054,197.5736765302,2,0,74.2851055926
daily,TSLA,2026-08-26,1530,2027-01-15,0.3890410959,351.6751248255,352.2568369320,16.5411786463,-0.0091543141,100,0.4300767062,100.2874216388,242.2833143450,2,0,74.2851055926
daily,TSLA,2026-08-26,1530,2027-02-19,0.4849315068,353.3314093260,353.9959703460,18.8084331705,-0.0095825073,124,0.6122853130,61.3333749687,260.7297759790,2,0,74.2851055926
daily,TSLA,2026-08-26,1530,2027-03-19,0.5616438356,354.4305633621,355.2332134143,22.6461861703,-0.0089898758,139,0.5694340918,81.1187056998,335.3501664194,2,0,74.2851055926
daily,TSLA,2026-08-26,1530,2027-06-17,0.8082191781,358.2083212375,359.4271209274,34.0248848958,-0.0084731704,120,0.6528858076,106.2757941793,467.2574864417,2,0,74.2851055926
daily,TSLA,2026-08-26,1530,2027-09-17,1.0602739726,362.1790944130,364.0347226159,51.2350997496,-0.0087631982,117,0.6605585699,166.8612081942,597.5221385531,2,0,74.2851055926
daily,TSLA,2026-08-26,1530,2027-12-17,1.3095890411,365.8936447429,368.3575312829,67.3388722501,-0.0080068444,121,0.9851859605,199.8068766807,727.9273364551,2,0,74.2851055926
daily,TSLA,2026-08-26,1530,2028-01-21,1.4054794521,367.6259589378,370.3568722557,74.2851055926,-0.0084083503,119,0.9974736744,230.2590604265,783.5617770634,2,0,74.2851055926
daily,TSLA,2026-08-27,1530,2026-08-28,0.0027397260,355.1094916975,355.1260498213,0.4662822103,-0.1430507776,94,0.0793088774,3.6198056932,4.6236198740,2,0,64.8540951230
daily,TSLA,2026-08-27,1530,2026-08-31,0.0109589041,355.1371354115,355.1420879795,0.1394550880,-0.0114295141,88,0.0366805764,3.9541183262,8.1391873850,2,0,64.8540951230
daily,TSLA,2026-08-27,1530,2026-09-02,0.0164383562,355.2282595964,355.2436623495,0.4336015693,-0.0123698908,99,0.1359916491,7.0785440472,10.3895669726,2,0,64.8540951230
daily,TSLA,2026-08-27,1530,2026-09-04,0.0219178082,355.3982530490,355.4272128279,0.8148542827,-0.0233605610,110,0.1110118856,9.7715471112,14.0738083075,2,0,64.8540951230
daily,TSLA,2026-08-27,1530,2026-09-09,0.0356164384,355.5507436873,355.5881827753,1.0529886024,-0.0124967994,95,0.1262226058,12.0058331769,20.0058390926,2,0,64.8540951230
daily,TSLA,2026-08-27,1530,2026-09-11,0.0410958904,355.6471133612,355.6952420112,1.3532698068,-0.0130971429,99,0.1571862063,13.7726861487,21.7993600530,2,0,64.8540951230
daily,TSLA,2026-08-27,1530,2026-09-18,0.0602739726,355.9135071025,355.9616006534,1.3512707421,-0.0092777087,131,0.1162929861,23.4918146865,41.8398138790,2,0,64.8540951230
daily,TSLA,2026-08-27,1530,2026-09-25,0.0794520548,356.2637547312,356.3394654815,2.1251319922,-0.0112341997,80,0.2302019651,26.7421847628,40.1366361550,2,0,64.8540951230
daily,TSLA,2026-08-27,1530,2026-10-02,0.0986301370,356.5056089232,356.6197385946,3.2013429400,-0.0097415783,86,0.2903409418,27.7712568630,56.4309398125,2,0,64.8540951230
daily,TSLA,2026-08-27,1530,2026-10-09,0.1178082192,356.9335784926,357.0757967038,3.9844447175,-0.0129420580,43,0.3397394787,3.5560618358,19.2278132497,2,0,64.8540951230
daily,TSLA,2026-08-27,1530,2026-10-16,0.1369863014,357.0857625075,357.2739402714,5.2698198478,-0.0098735930,117,0.2546199917,47.5464241974,88.5220632678,2,0,64.8540951230
daily,TSLA,2026-08-27,1530,2026-11-20,0.2328767123,358.6069816255,358.8810569581,7.6427773752,-0.0090517844,145,0.3994910436,75.3432391357,145.7444133299,2,0,64.8540951230
daily,TSLA,2026-08-27,1530,2026-12-18,0.3095890411,359.8069442496,360.2102056006,11.2077145102,-0.0090244084,129,0.4035887404,49.6692172759,189.8337934104,2,0,64.8540951230
daily,TSLA,2026-08-27,1530,2027-01-15,0.3863013699,361.0389644570,361.5420575410,13.9345924823,-0.0088966337,98,0.4756304148,98.0664258028,233.6738966715,2,0,64.8540951230
daily,TSLA,2026-08-27,1530,2027-02-19,0.4821917808,362.5219572486,363.2216492831,19.3006801498,-0.0087961423,126,0.4596367998,53.9208674414,246.9382749496,2,0,64.8540951230
daily,TSLA,2026-08-27,1530,2027-03-19,0.5589041096,363.6626047466,364.5181050806,23.5245615793,-0.0084173358,141,0.7348562661,73.2238551477,329.3440604553,2,0,64.8540951230
daily,TSLA,2026-08-27,1530,2027-06-17,0.8054794521,367.8092305096,369.0330551431,33.2733529227,-0.0086961107,123,0.6371075796,112.4584360996,463.6837281629,2,0,64.8540951230
daily,TSLA,2026-08-27,1530,2027-09-17,1.0575342466,371.8691462459,373.5958826268,46.4339781445,-0.0084385893,116,0.8297046886,174.7454000512,594.9037548427,2,0,64.8540951230
daily,TSLA,2026-08-27,1530,2027-12-17,1.3068493151,375.7277334929,378.0261729976,61.1730064027,-0.0076520662,120,1.1677168345,209.0884416693,726.4783812278,2,0,64.8540951230
daily,TSLA,2026-08-27,1530,2028-01-21,1.4027397260,377.2632956773,379.7100026438,64.8540951230,-0.0073600155,124,0.7383684222,222.3759282451,776.0275291007,2,0,64.8540951230
daily,TSLA,2026-08-31,1530,2026-09-02,0.0054794521,366.3213278426,366.3213278426,0.0000000000,0.0028007879,85,0.0412118012,1.1618819561,1.9417553249,2,0,74.5204717639
daily,TSLA,2026-08-31,1530,2026-09-04,0.0109589041,366.4766704838,366.4815685385,0.1336525648,-0.0193367902,98,0.0674214809,3.6717867653,7.7331274024,2,0,74.5204717639
daily,TSLA,2026-08-31,1530,2026-09-09,0.0246575342,366.4787595758,366.4884491662,0.2643970526,0.0119441929,78,0.0884912649,2.5585020622,7.8514545311,2,0,74.5204717639
daily,TSLA,2026-08-31,1530,2026-09-11,0.0301369863,366.7269942822,366.7546690700,0.7546427796,-0.0073514215,102,0.0992043584,7.0014600424,14.9999980447,2,0,74.5204717639
daily,TSLA,2026-08-31,1530,2026-09-14,0.0383561644,366.6921813861,366.7044743674,0.3352397970,0.0060079232,32,0.0717071581,1.4313438052,5.9231535765,2,0,74.5204717639
daily,TSLA,2026-08-31,1530,2026-09-18,0.0493150685,367.0288323227,367.0743059619,1.2389664046,-0.0072476691,134,0.1035909552,17.2767336490,31.6206288969,2,0,74.5204717639
daily,TSLA,2026-08-31,1530,2026-09-25,0.0684931507,367.2320792421,367.3148470336,2.2538279266,-0.0040473922,80,0.1792972248,17.9275332434,27.1303596495,2,0,74.5204717639
daily,TSLA,2026-08-31,1530,2026-10-02,0.0876712329,367.5252359283,367.5924215123,1.8280536259,-0.0034158481,81,0.2537682457,25.5253087429,45.2611954764,2,0,74.5204717639
daily,TSLA,2026-08-31,1530,2026-10-09,0.1068493151,367.8160926716,367.9259538466,2.9868506888,-0.0044790633,87,0.2332727328,24.0567925265,45.5259130205,2,0,74.5204717639
daily,TSLA,2026-08-31,1530,2026-10-16,0.1260273973,368.2135131298,368.3513799847,3.7442095414,-0.0071642352,114,0.2681042963,38.4636334908,76.4588776953,2,0,74.5204717639
daily,TSLA,2026-08-31,1530,2026-11-20,0.2219178082,369.5819976441,369.8584941407,7.4813302168,-0.0054526039,147,0.3281151964,69.4443668313,133.8164825278,2,0,74.5204717639
daily,TSLA,2026-08-31,1530,2026-12-18,0.2986301370,370.7921128998,371.1790015087,10.4341110677,-0.0057384427,127,0.4626588788,43.5620720130,178.0796734296,2,0,74.5204717639
daily,TSLA,2026-08-31,1530,2027-01-15,0.3753424658,372.1532489050,372.6681045114,13.8345052179,-0.0069181424,105,0.3064984158,94.5222530458,226.9027337724,2,0,74.5204717639
daily,TSLA,2026-08-31,1530,2027-02-19,0.4712328767,373.8134837857,374.4859318011,17.9888646211,-0.0074583090,122,0.6209978343,45.7331491198,233.3489107980,2,0,74.5204717639
daily,TSLA,2026-08-31,1530,2027-03-19,0.5479452055,375.0511092963,375.8321970259,20.8261676956,-0.0070868410,138,0.8238648324,72.2145818375,322.9887351529,2,0,74.5204717639
daily,TSLA,2026-08-31,1530,2027-06-17,0.7945205479,379.1478435806,380.5818122114,37.8208304519,-0.0075495741,127,0.6035841511,115.4154298195,464.6364701480,2,0,74.5204717639
daily,TSLA,2026-08-31,1530,2027-09-17,1.0465753425,383.4952470086,385.4376213375,50.6492412616,-0.0075379930,121,0.7377975272,159.4918988660,580.4905597156,2,0,74.5204717639
daily,TSLA,2026-08-31,1530,2027-12-17,1.2958904110,387.6060701868,390.2435162570,68.0444986027,-0.0070388952,123,1.0063779423,218.8269024781,740.2159892571,2,0,74.5204717639
daily,TSLA,2026-08-31,1530,2028-01-21,1.3917808219,389.1663252485,392.0664110637,74.5204717639,-0.0068186047,129,0.7327083342,233.8227049119,790.4218918074,2,0,74.5204717639
daily,TSLA,2026-09-01,1530,2026-09-02,0.0027397260,356.0406361235,356.0412513143,0.0172786679,-0.0120548599,72,0.0264498730,0.5823654371,1.6292500932,2,0,75.3067987923
daily,TSLA,2026-09-01,1530,2026-09-04,0.0082191781,356.2253870861,356.2331655704,0.2183585051,-0.0439555501,104,0.0579000129,3.7656375897,7.4499362887,2,0,75.3067987923
daily,TSLA,2026-09-01,1530,2026-09-09,0.0219178082,356.2781817902,356.2903055847,0.3402901202,0.0002234867,93,0.0894289539,4.7835310426,12.5238430115,2,0,75.3067987923
daily,TSLA,2026-09-01,1530,2026-09-11,0.0273972603,356.4317699189,356.4555269488,0.6665239157,-0.0090554728,105,0.1051276013,5.9288104251,17.8661748088,2,0,75.3067987923
daily,TSLA,2026-09-01,1530,2026-09-14,0.0356164384,356.4406523127,356.4525290941,0.3332050159,0.0021409724,30,0.1882026366,2.1962436374,6.1377167822,2,0,75.3067987923
daily,TSLA,2026-09-01,1530,2026-09-16,0.0410958904,356.6104342178,356.6241189894,0.3837456859,-0.0047300766,40,0.0432367586,2.5249543667,7.6981332968,2,0,75.3067987923
daily,TSLA,2026-09-01,1530,2026-09-18,0.0465753425,356.7120058849,356.7438850499,0.8936947581,-0.0068606529,130,0.1152513887,16.3324482099,29.7631565716,2,0,75.3067987923
daily,TSLA,2026-09-01,1530,2026-09-25,0.0657534247,357.0549441486,357.1468710447,2.5745868401,-0.0108181745,85,0.2017907809,17.5603529489,29.2435900142,2,0,75.3067987923
daily,TSLA,2026-09-01,1530,2026-10-02,0.0849315068,357.4078494548,357.5013666566,2.6165402341,-0.0113698311,83,0.2824108722,21.0340336384,39.7223140010,2,0,75.3067987923
daily,TSLA,2026-09-01,1530,2026-10-09,0.1041095890,357.7710957486,357.9495894321,4.9890470644,-0.0141914239,88,0.2355014176,25.2739064402,53.3581694898,2,0,75.3067987923
daily,TSLA,2026-09-01,1530,2026-10-16,0.1232876712,357.9124763699,358.0478230629,3.7815583960,-0.0081977900,111,0.3006239024,42.8676446681,81.3909418101,2,0,75.3067987923
daily,TSLA,2026-09-01,1530,2026-11-20,0.2191780822,359.4957248738,359.7943642989,8.3071759810,-0.0096291257,143,0.3454881642,70.2724306857,141.8008161913,2,0,75.3067987923
daily,TSLA,2026-09-01,1530,2026-12-18,0.2958904110,360.6554303582,361.0289723934,10.3573107113,-0.0083068808,126,0.4375249985,47.9801497104,185.5447554306,2,0,75.3067987923
daily,TSLA,2026-09-01,1530,2027-01-15,0.3726027397,361.9788337768,362.5429166064,15.5833097648,-0.0095444876,100,0.4162390004,97.5577919047,227.7277939142,2,0,75.3067987923
daily,TSLA,2026-09-01,1530,2027-02-19,0.4684931507,363.5823192550,364.2749838886,19.0511088391,-0.0096053993,119,0.6580846862,55.9345829792,237.3133591635,2,0,75.3067987923
daily,TSLA,2026-09-01,1530,2027-03-19,0.5452054795,364.7084610640,365.5743840571,23.7428819334,-0.0089058746,133,0.7202625968,78.8365147227,321.2381662122,2,0,75.3067987923
daily,TSLA,2026-09-01,1530,2027-06-17,0.7917808219,368.8046040311,370.1959949536,37.7270486130,-0.0086546374,123,0.4367040906,113.9935796179,459.7783102020,2,0,75.3067987923
daily,TSLA,2026-09-01,1530,2027-09-17,1.0438356164,372.9989961760,374.7946369671,48.1406333418,-0.0079691362,118,0.7317405111,179.5840005505,603.2489632271,2,0,75.3067987923
daily,TSLA,2026-09-01,1530,2027-12-17,1.2931506849,377.1037272952,379.7059893226,69.0065316000,-0.0078906614,121,0.9043862035,216.4916235825,740.5768205372,2,0,75.3067987923
daily,TSLA,2026-09-01,1530,2028-01-21,1.3890410959,378.6085526028,381.4597324120,75.3067987923,-0.0075805484,121,1.0009954192,230.6356435016,791.1248451110,2,0,75.3067987923
daily,TSLA,2026-09-02,1530,2026-09-04,0.0054794521,353.1746155674,353.1823798573,0.2198428076,-0.0816779956,94,0.0297258090,4.6154726041,7.0354268359,2,0,73.4908665379
daily,TSLA,2026-09-02,1530,2026-09-09,0.0191780822,353.2292219711,353.2415747911,0.3497111573,-0.0046186308,94,0.0708647131,4.0260379441,9.0011002367,2,0,73.4908665379
daily,TSLA,2026-09-02,1530,2026-09-11,0.0246575342,353.3805710601,353.4054876842,0.7050932089,-0.0138646444,99,0.1118919828,5.7674831538,9.4046845163,2,0,73.4908665379
daily,TSLA,2026-09-02,1530,2026-09-14,0.0328767123,353.2227554169,353.2413227231,0.5256543034,0.0133438427,36,0.0975420681,1.1212335672,4.3757485310,2,0,73.4908665379
daily,TSLA,2026-09-02,1530,2026-09-16,0.0383561644,353.3623201598,353.3769162351,0.4130625835,0.0069231630,44,0.1293958718,2.2944713743,6.6617560088,2,0,73.4908665379
daily,TSLA,2026-09-02,1530,2026-09-18,0.0438356164,353.6727654842,353.7120459034,1.1106430327,-0.0107616142,123,0.1720915771,15.1601189442,27.4949543623,2,0,73.4908665379
daily,TSLA,2026-09-02,1530,2026-09-25,0.0630136986,353.8973323538,353.9712557421,2.0888371176,-0.0074128404,75,0.1347085650,19.1011081960,28.3347442794,2,0,73.4908665379
daily,TSLA,2026-09-02,1530,2026-10-02,0.0821917808,354.2225476027,354.3168895720,2.6633530231,-0.0085883248,84,0.1308655924,23.3621306933,35.0822959090,2,0,73.4908665379
daily,TSLA,2026-09-02,1530,2026-10-09,0.1013698630,354.4729421706,354.5881324690,3.2496217534,-0.0070879916,88,0.3107022201,25.3859527031,48.7515850127,2,0,73.4908665379
daily,TSLA,2026-09-02,1530,2026-10-16,0.1205479452,354.7990648930,354.9449452529,4.1116331560,-0.0080602867,115,0.2243327398,38.7588658603,78.7844599539,2,0,73.4908665379
daily,TSLA,2026-09-02,1530,2026-11-20,0.2164383562,356.2443630547,356.5208293457,7.7605800846,-0.0075717553,147,0.3390352648,62.1028821545,128.8546679270,2,0,73.4908665379
daily,TSLA,2026-09-02,1530,2026-12-18,0.2931506849,357.4277830116,357.8187920551,10.9395257459,-0.0074723493,130,0.3031095501,45.6928933700,178.1487805335,2,0,73.4908665379
daily,TSLA,2026-09-02,1530,2027-01-15,0.3698630137,358.7265292214,359.1986987123,13.1623800430,-0.0079591398,96,0.3329789946,102.3472038471,223.8767874009,2,0,73.4908665379
daily,TSLA,2026-09-02,1530,2027-02-19,0.4657534247,360.1273260279,360.8391432803,19.7657106504,-0.0078768293,119,0.5996081474,54.9612447339,241.5259903335,2,0,73.4908665379
daily,TSLA,2026-09-02,1530,2027-03-19,0.5424657534,361.3356994274,362.1501776175,22.5407617201,-0.0075242626,135,0.8026251928,79.3495535757,322.2307010862,2,0,73.4908665379
daily,TSLA,2026-09-02,1530,2027-06-17,0.7890410959,365.5438844205,366.7833912486,33.9085642221,-0.0078015837,122,0.6679041460,113.9149304778,465.0186187083,2,0,73.4908665379
daily,TSLA,2026-09-02,1530,2027-09-17,1.0410958904,369.7352502362,371.5234952326,48.3655533335,-0.0077238186,118,0.7457732874,183.0249245393,607.2387990208,2,0,73.4908665379
daily,TSLA,2026-09-02,1530,2027-12-17,1.2904109589,373.8920160927,376.2762427837,63.7677882490,-0.0073684272,118,0.9583941154,220.5062040074,747.3211419765,2,0,73.4908665379
daily,TSLA,2026-09-02,1530,2028-01-21,1.3863013699,375.2682603003,378.0261392636,73.4908665379,-0.0070859887,123,0.9391107809,234.0149006136,798.7368973068,2,0,73.4908665379
daily,TSLA,2026-09-03,1530,2026-09-04,0.0027397260,380.9250969143,380.9335743152,0.2225477141,-0.1376025141,86,0.0794086052,3.1690930447,5.2501627708,2,0,73.7264111852
daily,TSLA,2026-09-03,1530,2026-09-09,0.0164383562,381.0506602377,381.0642041475,0.3554359372,-0.0119246217,87,0.0761500506,5.7425155176,12.0990834732,2,0,73.7264111852
daily,TSLA,2026-09-03,1530,2026-09-11,0.0219178082,381.1551566820,381.1762779995,0.5541396222,-0.0128001887,98,0.1414392509,5.4833567427,14.4425438102,2,0,73.7264111852
daily,TSLA,2026-09-03,1530,2026-09-14,0.0301369863,381.3457911925,381.3918972417,1.2090352162,-0.0176447677,24,0.2716835412,1.5820307952,5.7422488513,2,0,73.7264111852
daily,TSLA,2026-09-03,1530,2026-09-16,0.0356164384,381.3654688572,381.3818674173,0.4299959321,-0.0083087601,41,0.0920645976,1.2429827729,6.6669521102,2,0,73.7264111852
daily,TSLA,2026-09-03,1530,2026-09-18,0.0410958904,381.4562123066,381.4925464858,0.9525124524,-0.0091629193,131,0.1343070321,16.7566558910,31.7876943805,2,0,73.7264111852
daily,TSLA,2026-09-03,1530,2026-09-25,0.0602739726,381.7790958578,381.8435044485,1.6870643637,-0.0093361820,77,0.1827681303,16.4801128465,38.4340467024,2,0,73.7264111852
daily,TSLA,2026-09-03,1530,2026-10-02,0.0794520548,382.1717564077,382.2513534306,2.0827552439,-0.0112885309,85,0.1594725651,18.7619016470,47.0140030401,2,0,73.7264111852
daily,TSLA,2026-09-03,1530,2026-10-09,0.0986301370,382.4531923191,382.6012636238,3.8716190045,-0.0107507727,86,0.2978158054,20.2315994064,52.5436794564,2,0,73.7264111852
daily,TSLA,2026-09-03,1530,2026-10-16,0.1178082192,382.7122975357,382.8481826619,3.5505816535,-0.0080721399,114,0.2738084964,34.1285370978,73.6190026196,2,0,73.7264111852
daily,TSLA,2026-09-03,1530,2026-10-23,0.1369863014,383.1918639981,383.3644592220,4.5041463599,-0.0112816663,44,0.5569564948,2.7416771905,12.5598030969,2,0,73.7264111852
daily,TSLA,2026-09-03,1530,2026-11-20,0.2136986301,384.2934173304,384.5684241352,7.1561674608,-0.0077642974,147,0.3489288513,59.4841173355,132.3888152164,2,0,73.7264111852
daily,TSLA,2026-09-03,1530,2026-12-18,0.2904109589,385.5887816227,385.9816763177,10.1894742221,-0.0074672934,134,0.5173671069,42.9032851613,186.0206214088,2,0,73.7264111852
daily,TSLA,2026-09-03,1530,2027-01-15,0.3671232877,387.0016709726,387.5175447141,13.3300132832,-0.0081456306,107,0.3225149488,108.0300764366,232.4258856945,2,0,73.7264111852
daily,TSLA,2026-09-03,1530,2027-02-19,0.4630136986,388.6320492044,389.3339726970,18.0613897913,-0.0084943223,122,0.6502258521,41.1645058107,231.5829351564,2,0,73.7264111852
daily,TSLA,2026-09-03,1530,2027-03-19,0.5397260274,389.8854179289,390.7285676876,21.6255781820,-0.0080677382,139,0.8000048957,61.1624531662,309.8041064271,2,0,73.7264111852
daily,TSLA,2026-09-03,1530,2027-06-17,0.7863013699,394.1561197757,395.5064888325,34.2597511232,-0.0075886392,127,0.7393119504,116.1826026230,468.5340455661,2,0,73.7264111852
daily,TSLA,2026-09-03,1530,2027-09-17,1.0383561644,398.5547925824,400.5143220339,49.1658735006,-0.0073877653,119,0.7800833333,148.9148710884,554.1504626115,2,0,73.7264111852
daily,TSLA,2026-09-03,1530,2027-12-17,1.2876712329,402.9627473504,405.5943057889,65.3052535449,-0.0069510708,127,0.9363831478,218.7615670265,743.2421561162,2,0,73.7264111852
daily,TSLA,2026-09-03,1530,2028-01-21,1.3835616438,404.5740027611,407.5567816894,73.7264111852,-0.0068099863,129,0.8493297085,235.1123651274,796.8677236918,2,0,73.7264111852
daily,TSLA,2026-09-04,1530,2026-09-09,0.0136986301,354.4747249154,354.4803029779,0.1573613601,0.0175809984,85,0.0825472417,1.8269286111,4.6868406443,2,0,64.7512852951
daily,TSLA,2026-09-04,1530,2026-09-11,0.0191780822,354.6515773170,354.6707945291,0.5418617387,-0.0045296131,92,0.0593130313,3.4846851064,8.2473636035,2,0,64.7512852951
daily,TSLA,2026-09-04,1530,2026-09-14,0.0273972603,354.5099580513,354.5132250527,0.0921554181,0.0245206698,28,0.1673255904,0.9156038927,1.8159319318,2,0,64.7512852951
daily,TSLA,2026-09-04,1530,2026-09-16,0.0328767123,354.4680496001,354.4693310820,0.0361522535,0.0305734642,37,0.0468535181,0.5931318334,1.7735229804,2,0,64.7512852951
daily,TSLA,2026-09-04,1530,2026-09-18,0.0383561644,354.9035227437,354.9301558558,0.7504324506,-0.0022032603,121,0.2245901082,11.3280142738,21.8871034552,2,0,64.7512852951
daily,TSLA,2026-09-04,1530,2026-09-25,0.0575342466,355.1393177656,355.2005041802,1.7228848395,-0.0019561611,77,0.3351553249,13.3702056089,20.0657674468,2,0,64.7512852951
daily,TSLA,2026-09-04,1530,2026-10-02,0.0767123288,355.4305528521,355.5003487453,1.9636998755,-0.0029066918,84,0.1338255289,16.5693805669,31.0824357057,2,0,64.7512852951
daily,TSLA,2026-09-04,1530,2026-10-09,0.0958904110,355.7141582833,355.7981938169,2.3624455643,-0.0034664921,86,0.2266039945,20.2129721682,36.4430856787,2,0,64.7512852951
daily,TSLA,2026-09-04,1530,2026-10-16,0.1150684932,356.0075216630,356.1489556001,3.9727794646,-0.0051434336,111,0.2411673680,37.2815664995,67.8871380786,2,0,64.7512852951
daily,TSLA,2026-09-04,1530,2026-10-23,0.1342465753,356.2306293319,356.3934892673,4.5717555421,-0.0038245121,93,0.3807953126,24.1858630031,54.0371435727,2,0,64.7512852951
daily,TSLA,2026-09-04,1530,2026-11-20,0.2109589041,357.4038317906,357.6607612274,7.1887711884,-0.0048734650,145,0.2703130876,64.0738921571,127.3204829995,2,0,64.7512852951
daily,TSLA,2026-09-04,1530,2026-12-18,0.2876712329,358.5519525270,358.8871507029,9.3486640783,-0.0047355586,123,0.4185495227,48.1590709536,168.7530571386,2,0,64.7512852951
daily,TSLA,2026-09-04,1530,2027-01-15,0.3643835616,359.9674527599,360.4131494010,12.3815816595,-0.0068233699,98,0.2660739037,98.3034778596,217.6971796046,2,0,64.7512852951
daily,TSLA,2026-09-04,1530,2027-02-19,0.4602739726,361.4185875010,362.0005665393,16.1026316411,-0.0070235963,119,0.5908421180,50.8533797956,227.3331107403,2,0,64.7512852951
daily,TSLA,2026-09-04,1530,2027-03-19,0.5369863014,362.5833929562,363.3569200911,21.3337717590,-0.0072772509,136,0.7738741934,76.0326314275,307.9447340004,2,0,64.7512852951
daily,TSLA,2026-09-04,1530,2027-06-17,0.7835616438,366.5356132429,367.8115378978,34.8103870060,-0.0074460861,123,0.6012432258,109.8847726014,444.6332193426,2,0,64.7512852951
daily,TSLA,2026-09-04,1530,2027-09-17,1.0356164384,370.8054801880,372.5087265051,45.9336878248,-0.0076315913,111,1.1062845647,176.6530410299,587.9635432589,2,0,64.7512852951
daily,TSLA,2026-09-04,1530,2027-12-17,1.2849315068,374.8392955143,377.1245349052,60.9658437168,-0.0069300233,125,0.9028067280,212.5027005151,726.5451779264,2,0,64.7512852951
daily,TSLA,2026-09-04,1530,2028-01-21,1.3808219178,376.5366384945,378.9747616248,64.7512852951,-0.0068417887,118,1.1625960523,228.3284761280,779.7328919675,2,0,64.7512852951
daily,TSLA,2026-09-08,1530,2026-09-09,0.0027397260,367.3544665685,367.3570166878,0.0694184933,0.0109967599,72,0.0285924289,0.4829118302,0.8707991750,2,0,69.4059590546
daily,TSLA,2026-09-08,1530,2026-09-11,0.0082191781,367.4984446448,367.5134209371,0.4075198828,-0.0228962404,79,0.0745532574,3.0605321131,6.6724995983,2,0,69.4059590546
daily,TSLA,2026-09-08,1530,2026-09-14,0.0164383562,367.5734910708,367.5907304094,0.4690038603,-0.0053230208,24,0.1448520179,1.4211227038,4.4007523586,2,0,69.4059590546
daily,TSLA,2026-09-08,1530,2026-09-16,0.0219178082,367.6563474944,367.6668465710,0.2855676664,-0.0039784778,35,0.0686849073,1.8879357425,5.2853379700,2,0,69.4059590546
daily,TSLA,2026-09-08,1530,2026-09-18,0.0273972603,367.8227439163,367.8519553915,0.7941726171,-0.0139865540,122,0.1069976760,8.8901611876,19.7353545555,2,0,69.4059590546
daily,TSLA,2026-09-08,1530,2026-09-21,0.0356164384,367.8422967383,367.8623406110,0.5449039652,-0.0028189863,33,0.1516894447,1.0355352991,5.8565464379,2,0,69.4059590546
daily,TSLA,2026-09-08,1530,2026-09-23,0.0410958904,367.9045133372,367.9349064524,0.8261142246,-0.0021972496,33,0.1864611203,2.0190254584,6.7440977399,2,0,69.4059590546
daily,TSLA,2026-09-08,1530,2026-09-25,0.0465753425,368.1216924703,368.1473294468,0.6964266734,-0.0098790772,74,0.0880755459,11.1102409917,15.9377638320,2,0,69.4059590546
daily,TSLA,2026-09-08,1530,2026-10-02,0.0657534247,368.4209267475,368.4723563992,1.3959481638,-0.0093817819,79,0.2469958590,16.8246862312,27.7198948230,2,0,69.4059590546
daily,TSLA,2026-09-08,1530,2026-10-09,0.0849315068,368.7441429315,368.8243586714,2.1753766540,-0.0099254033,86,0.2037550307,17.7104751264,34.7111012510,2,0,69.4059590546
daily,TSLA,2026-09-08,1530,2026-10-16,0.1041095890,369.0357456126,369.1258524757,2.4416838785,-0.0087710912,112,0.1949329836,31.8753608500,63.7659218588,2,0,69.4059590546
daily,TSLA,2026-09-08,1530,2026-10-23,0.1232876712,369.2982031164,369.4772004514,4.8469592728,-0.0090650068,96,0.1834245343,21.6558021544,48.0531826595,2,0,69.4059590546
daily,TSLA,2026-09-08,1530,2026-11-20,0.2000000000,370.5177527999,370.7505786631,6.2837977791,-0.0074525749,151,0.2968306915,57.1061813462,121.4982179050,2,0,69.4059590546
daily,TSLA,2026-09-08,1530,2026-12-18,0.2767123288,371.7266148695,372.0880181818,9.7222877734,-0.0072778551,125,0.4833628732,44.0312025430,167.5333519857,2,0,69.4059590546
daily,TSLA,2026-09-08,1530,2027-01-15,0.3534246575,373.0821884588,373.5832339667,13.4298962397,-0.0080805561,98,0.4064709692,94.1705051012,211.6759302555,2,0,69.4059590546
daily,TSLA,2026-09-08,1530,2027-02-19,0.4493150685,374.6691831792,375.2482787517,15.4561837084,-0.0079846609,117,0.8668959648,44.1727489686,220.6093036254,2,0,69.4059590546
daily,TSLA,2026-09-08,1530,2027-03-19,0.5260273973,375.8485398225,376.6711941465,21.8879212471,-0.0081578235,140,0.4945408028,70.2644855076,304.7911158102,2,0,69.4059590546
daily,TSLA,2026-09-08,1530,2027-06-17,0.7726027397,379.9564782243,381.2913214935,35.1314780954,-0.0078145955,126,0.4697491455,112.0015169592,446.2624725262,2,0,69.4059590546
daily,TSLA,2026-09-08,1530,2027-09-17,1.0246575342,384.0934480805,386.1470927638,53.4673187884,-0.0077454410,121,0.5811626385,155.1548955403,561.4592807853,2,0,69.4059590546
daily,TSLA,2026-09-08,1530,2027-12-17,1.2739726027,388.4068036113,390.9738909351,66.0927486328,-0.0070640820,123,0.9489759532,214.7957737568,723.2177821918,2,0,69.4059590546
daily,TSLA,2026-09-08,1530,2028-01-21,1.3698630137,390.1030597545,392.8106074538,69.4059590546,-0.0068015906,123,1.0085275062,231.3505207508,775.4647345741,2,0,69.4059590546
daily,TSLA,2026-09-09,1530,2026-09-11,0.0054794521,369.5988743017,369.6095527089,0.2889188232,-0.0506377888,75,0.0545228974,2.2033597282,3.0324156241,2,0,67.4239918835
daily,TSLA,2026-09-09,1530,2026-09-14,0.0136986301,369.6295973670,369.6402062858,0.2870148628,-0.0034848398,28,0.0857617231,1.1298693183,2.4490156331,2,0,67.4239918835
daily,TSLA,2026-09-09,1530,2026-09-16,0.0191780822,369.6961320101,369.7063459873,0.2762803378,-0.0009495497,26,0.1612734240,1.7482865266,4.2798627943,2,0,67.4239918835
daily,TSLA,2026-09-09,1530,2026-09-18,0.0246575342,369.8772287575,369.9047530019,0.7441454163,-0.0140438522,116,0.1530189286,8.2467178205,17.0098755520,2,0,67.4239918835
daily,TSLA,2026-09-09,1530,2026-09-21,0.0328767123,369.7934925747,369.8122639938,0.5076189681,0.0065833999,30,0.1012528613,1.1299000401,4.6299026530,2,0,67.4239918835
daily,TSLA,2026-09-09,1530,2026-09-23,0.0383561644,369.8925532275,369.9288397442,0.9810015461,0.0028600775,31,0.1708559294,1.1394431798,5.5501770198,2,0,67.4239918835
daily,TSLA,2026-09-09,1530,2026-09-25,0.0438356164,370.1335532073,370.1675441400,0.9183423749,-0.0074578737,75,0.1255926076,10.9874218571,18.0061004623,2,0,67.4239918835
daily,TSLA,2026-09-09,1530,2026-10-02,0.0630136986,370.3388402515,370.4115974995,1.9646129481,-0.0040699901,78,0.1870349215,14.4967109920,23.2068305831,2,0,67.4239918835
daily,TSLA,2026-09-09,1530,2026-10-09,0.0821917808,370.6457986986,370.7628201749,3.1572319636,-0.0057751311,84,0.1765048089,18.0195757113,43.4142251744,2,0,67.4239918835
daily,TSLA,2026-09-09,1530,2026-10-16,0.1013698630,371.0150759593,371.1419438455,3.4194806198,-0.0071892793,108,0.3721976941,29.6942289860,58.9661909764,2,0,67.4239918835
daily,TSLA,2026-09-09,1530,2026-10-23,0.1205479452,371.1033905409,371.2240820925,3.2522352182,-0.0015109671,94,0.2738620296,18.6689026215,43.9642498312,2,0,67.4239918835
daily,TSLA,2026-09-09,1530,2026-11-20,0.1972602740,372.4302654070,372.6783419848,6.6610208902,-0.0052983462,144,0.4733937183,54.6818989865,115.5287222181,2,0,67.4239918835
daily,TSLA,2026-09-09,1530,2026-12-18,0.2739726027,373.6429455325,374.0012771226,9.5902142508,-0.0054230789,126,0.5496093604,41.9824176694,163.5583998702,2,0,67.4239918835
daily,TSLA,2026-09-09,1530,2027-01-15,0.3506849315,375.0056283697,375.4593080546,12.0979433512,-0.0062776889,102,0.3140905710,91.9703496856,211.1725416620,2,0,67.4239918835
daily,TSLA,2026-09-09,1530,2027-02-19,0.4465753425,376.4883169765,377.2077047668,19.1078383538,-0.0069719795,120,0.5685517987,40.4501674848,215.8943501548,2,0,67.4239918835
daily,TSLA,2026-09-09,1530,2027-03-19,0.5232876712,377.7312427585,378.5831241408,22.5525793452,-0.0070076905,141,0.7425052826,62.5744250190,296.3431589723,2,0,67.4239918835
daily,TSLA,2026-09-09,1530,2027-06-17,0.7698630137,381.9172369207,383.2055819621,33.7336186165,-0.0068972525,119,0.6526228062,117.7705913523,445.8687376424,2,0,67.4239918835
daily,TSLA,2026-09-09,1530,2027-09-17,1.0219178082,386.1008273611,388.1382185699,52.7683720013,-0.0071517925,117,0.8625219021,150.8898212520,551.4532209686,2,0,67.4239918835
daily,TSLA,2026-09-09,1530,2027-12-17,1.2712328767,390.4649673809,392.9652140280,64.0325472464,-0.0065435429,128,0.6937513010,210.1671098657,725.1401216583,2,0,67.4239918835
daily,TSLA,2026-09-09,1530,2028-01-21,1.3671232877,392.0643002917,394.7077543117,67.4239918835,-0.0061279099,129,0.8836164084,225.8853632930,779.6821394468,2,0,67.4239918835
daily,TSLA,2026-09-10,1530,2026-09-11,0.0027397260,364.7444522929,364.7499342726,0.1502964506,-0.0920060486,48,0.0538438290,1.9549760383,4.1310630370,2,0,70.6358457666
daily,TSLA,2026-09-10,1530,2026-09-14,0.0109589041,364.7988741843,364.8055484977,0.1829587161,-0.0083831881,35,0.0584261710,0.8622738185,5.3182654382,2,0,70.6358457666
daily,TSLA,2026-09-10,1530,2026-09-16,0.0164383562,364.8733580144,364.8880786799,0.4034458854,-0.0066694414,54,0.0772454792,1.2923103279,7.6792276891,2,0,70.6358457666
daily,TSLA,2026-09-10,1530,2026-09-18,0.0219178082,365.0479564271,365.0734791775,0.6991615749,-0.0186682470,114,0.0468008699,10.7132762610,23.9186752486,2,0,70.6358457666
daily,TSLA,2026-09-10,1530,2026-09-21,0.0301369863,365.1444366499,365.1782773444,0.9267755740,-0.0127260552,62,0.1226799849,1.5913302915,12.4787449943,2,0,70.6358457666
daily,TSLA,2026-09-10,1530,2026-09-23,0.0356164384,365.2219155908,365.2670689228,1.2363259184,-0.0117417778,66,0.1317361104,2.1947755591,18.6495529592,2,0,70.6358457666
daily,TSLA,2026-09-10,1530,2026-09-25,0.0410958904,365.3466362615,365.4016319043,1.5053003736,-0.0140668004,81,0.0937749130,3.3989620722,30.3055235588,2,0,70.6358457666
daily,TSLA,2026-09-10,1530,2026-10-02,0.0602739726,365.8018363846,365.8812235110,2.1702221928,-0.0192485942,86,0.1642752987,23.1539566247,47.6735588132,2,0,70.6358457666
daily,TSLA,2026-09-10,1530,2026-10-09,0.0794520548,366.0531783137,366.1520579066,2.7012357420,-0.0147333770,81,0.2335024326,36.0682423036,52.3495096720,2,0,70.6358457666
daily,TSLA,2026-09-10,1530,2026-10-16,0.0986301370,366.2235104159,366.3164201151,2.5369670851,-0.0086885139,113,0.1854331345,42.9877376971,80.9843244313,2,0,70.6358457666
daily,TSLA,2026-09-10,1530,2026-10-23,0.1178082192,366.8835558698,367.0214852728,3.7594871938,-0.0170779501,97,0.1961505837,26.8229099238,60.8791571483,2,0,70.6358457666
daily,TSLA,2026-09-10,1530,2026-10-30,0.1369863014,367.7379831068,368.0081958952,7.3479705893,-0.0286369092,47,0.5137184861,7.3714357837,32.1770356578,2,0,70.6358457666
daily,TSLA,2026-09-10,1530,2026-11-20,0.1945205479,367.8718312654,368.1232359893,6.8340302959,-0.0099277099,142,0.3618086027,80.3461543977,132.7431971011,2,0,70.6358457666
daily,TSLA,2026-09-10,1530,2026-12-18,0.2712328767,369.1443098099,369.5156615201,10.0597977630,-0.0095420597,129,0.3839465349,48.9160432606,184.9643228781,2,0,70.6358457666
daily,TSLA,2026-09-10,1530,2027-01-15,0.3479452055,370.5863120788,370.9574552364,10.0150260691,-0.0092720290,100,0.2855839754,116.8026382192,232.1596150397,2,0,70.6358457666
daily,TSLA,2026-09-10,1530,2027-02-19,0.4438356164,372.2009198026,373.0286420477,22.2385867704,-0.0115122330,122,0.5359147475,49.3668370706,240.2495751522,2,0,70.6358457666
daily,TSLA,2026-09-10,1530,2027-03-19,0.5205479452,373.4995198840,374.3207947827,21.9886467055,-0.0105865612,138,0.7326016386,73.5005145333,322.6491236763,2,0,70.6358457666
daily,TSLA,2026-09-10,1530,2027-06-17,0.7671232877,377.8159431252,379.1701395231,35.8427541910,-0.0101900430,125,0.6527896279,122.0743926691,469.8997314383,2,0,70.6358457666
daily,TSLA,2026-09-10,1530,2027-09-17,1.0191780822,382.1132909098,383.9117635293,47.0664764166,-0.0092028898,117,0.9014220171,163.8517931723,586.1519635215,2,0,70.6358457666
daily,TSLA,2026-09-10,1530,2027-12-17,1.2684931507,386.7222542613,389.0536560842,60.2862079238,-0.0087953893,122,1.0106029866,228.0107095703,748.2431589331,2,0,70.6358457666
daily,TSLA,2026-09-10,1530,2028-01-21,1.3643835616,388.2296157884,390.9719085147,70.6358457666,-0.0085326944,123,0.9262139954,243.9131515240,801.6663754029,2,0,70.6358457666
daily,TSLA,2026-09-11,1530,2026-09-14,0.0082191781,364.8565579989,364.8576062270,0.0287298678,0.0198262202,38,0.0652798864,0.6500159709,1.8914281841,2,0,67.5491492807
daily,TSLA,2026-09-11,1530,2026-09-16,0.0136986301,364.9262971340,364.9316854663,0.1476553560,0.0126905291,44,0.0635266587,0.9982401556,2.6706493252,2,0,67.5491492807
daily,TSLA,2026-09-11,1530,2026-09-18,0.0191780822,365.0769285230,365.0956640443,0.5131937910,-0.0032064542,125,0.0764315176,5.8319936274,11.4977887615,2,0,67.5491492807
daily,TSLA,2026-09-11,1530,2026-09-21,0.0273972603,365.0777554750,365.0937624730,0.4384544857,0.0096567818,58,0.1002017555,1.3686884225,6.3599436217,2,0,67.5491492807
daily,TSLA,2026-09-11,1530,2026-09-23,0.0328767123,365.1752247424,365.1973639535,0.6062626832,0.0059235208,67,0.1036178290,1.7004347190,10.2796052632,2,0,67.5491492807
daily,TSLA,2026-09-11,1530,2026-09-25,0.0383561644,365.3755619161,365.4170980888,1.1368076316,-0.0050280341,111,0.0970934911,8.0923486529,26.0506945114,2,0,67.5491492807
daily,TSLA,2026-09-11,1530,2026-10-02,0.0575342466,365.6238341649,365.6792837919,1.5165758301,-0.0028058982,83,0.1985981788,18.7716136148,29.7338563726,2,0,67.5491492807
daily,TSLA,2026-09-11,1530,2026-10-09,0.0767123288,365.9528491746,366.0437105923,2.4828722605,-0.0053296939,81,0.1789897301,22.3704616510,40.5960686096,2,0,67.5491492807
daily,TSLA,2026-09-11,1530,2026-10-16,0.0958904110,366.3048844116,366.4032518389,2.6853976414,-0.0066226722,110,0.2035957051,36.5134690572,64.1241580946,2,0,67.5491492807
daily,TSLA,2026-09-11,1530,2026-10-23,0.1150684932,366.5570039726,366.6821586236,3.4143298231,-0.0055414688,94,0.1689774009,20.7369705877,51.4682248951,2,0,67.5491492807
daily,TSLA,2026-09-11,1530,2026-10-30,0.1342465753,367.0357507126,367.1988113867,4.4426373668,-0.0093798499,91,0.3060641748,20.6147438364,57.7291177030,2,0,67.5491492807
daily,TSLA,2026-09-11,1530,2026-11-20,0.1917808219,367.7207409076,367.9471044205,6.1558538231,-0.0048882310,143,0.3372364814,66.6579508105,118.9801487181,2,0,67.5491492807
daily,TSLA,2026-09-11,1530,2026-12-18,0.2684931507,368.9674744837,369.3108005671,9.3050500972,-0.0056832677,125,0.4793696401,43.4141979286,169.6275057979,2,0,67.5491492807
daily,TSLA,2026-09-11,1530,2027-01-15,0.3452054795,370.4505505614,370.8552503092,10.9245281773,-0.0069201118,96,0.4599980556,108.8967356131,219.8425402716,2,0,67.5491492807
daily,TSLA,2026-09-11,1530,2027-02-19,0.4410958904,371.9241393818,372.4572235539,14.3331425865,-0.0066642083,123,0.6415458924,42.8529128733,226.7381298060,2,0,67.5491492807
daily,TSLA,2026-09-11,1530,2027-03-19,0.5178082192,373.1001708553,373.8427310996,19.9024364580,-0.0068377446,142,0.6748136613,74.0593780892,310.6029832792,2,0,67.5491492807
daily,TSLA,2026-09-11,1530,2027-06-17,0.7643835616,377.5364862840,378.7996197405,33.4572551883,-0.0076833117,125,0.6442159124,120.4873432744,461.4702469737,2,0,67.5491492807
daily,TSLA,2026-09-11,1530,2027-09-17,1.0164383562,382.1039051174,383.9327933781,47.8636369905,-0.0080528320,118,0.7935410820,164.7195106849,578.5769261410,2,0,67.5491492807
daily,TSLA,2026-09-11,1530,2027-12-17,1.2657534247,386.5961113237,389.0307730152,62.9768800099,-0.0074229423,124,0.8991806588,230.0024826187,751.8807461742,2,0,67.5491492807
daily,TSLA,2026-09-11,1530,2028-01-21,1.3616438356,388.2844057446,390.9072338733,67.5491492807,-0.0070499726,129,0.7923756198,246.9282307638,803.6722969832,2,0,67.5491492807
