slice,ticker,date,time,model,status,status_detail,grid_levels,grid_times,lv_min,lv_max,lv_mean,clamped_fraction,guard_fraction,roughness_dk,roughness_mean_abs_d2,roughness_max_abs_d2,roughness_mean_abs_d2_per_dk2,lv_analytic_minus_numeric_mean_abs,lv_analytic_minus_numeric_max_abs,rt_points,rt_failures,rt_panics,rt_vs_fit_mean_vol_bp,rt_vs_fit_max_vol_bp,rt_vs_fit_mean_abs_price,rt_vs_fit_max_abs_price,rt_vs_fit_mean_rel_price,rt_vs_mkt_mean_vol_bp,rt_vs_mkt_max_vol_bp,ur_roundtrip_points,ur_roundtrip_failures,ur_roundtrip_mean_vol_bp,ur_roundtrip_max_vol_bp,ur_clamped_fraction,ur_fallback_fraction,ur_within_desk_tolerance,trusted_strike_lo,trusted_strike_hi,trusted_t_lo,trusted_t_hi
daily,AMD,2026-08-14,1530,svi,ok,,81,41,0.0890634633,2.5207309208,0.6441577106,0.0000000000,0.0000000000,0.0100000000,0.0010230471,1.0781425293,10.2304711957,0.0281649634,2.3145199949,15,0,0,21.1411979039,73.3130971952,0.1746013617,0.4654380030,0.0054107510,27.8352200473,116.3049339618,7,0,719.5908119538,1717.4226854593,0.0000000000,0.0000000000,false,450.0000000000,550.0000000000,0.0082191781,1.4383561644
daily,AMD,2026-08-14,1530,ssvi,ok,,81,41,0.3732895665,0.9656834535,0.6289745911,0.0000000000,0.0000000000,0.0100000000,0.0000542775,0.0046461719,0.5427749457,0.0137879028,1.4168884339,15,0,0,31.0481518168,61.6701795350,0.3353375140,0.9025801433,0.0070187210,34.9509092179,109.5322942228,7,0,785.5147865483,1823.2550488546,0.0000000000,0.0000000000,false,450.0000000000,550.0000000000,0.0082191781,1.4383561644
daily,AMD,2026-08-14,1530,essvi,ok,,81,41,0.3614007453,1.5335777646,0.6373958818,0.0000000000,0.0000000000,0.0100000000,0.0000761621,0.0145056294,0.7616211125,0.0192019334,0.9231402547,15,0,0,33.8566397339,74.0836409846,0.3461664007,0.7776006566,0.0079183548,52.6634681639,153.6910276036,7,0,727.9334110127,1748.9868985953,0.0000000000,0.0000000000,false,450.0000000000,550.0000000000,0.0082191781,1.4383561644
daily,AMD,2026-08-14,1530,essvi_g05,ok,,81,41,0.3642570149,1.5010734824,0.6323817662,0.0000000000,0.0000000000,0.0100000000,0.0001026095,0.0132005511,1.0260951507,0.0257756600,0.8823453877,15,0,0,25.1054380698,107.8028477166,0.1815852745,0.5065394696,0.0070390152,97.7359071110,273.1547436839,7,0,710.7854467990,1638.4253254992,0.0000000000,0.0000000000,false,450.0000000000,550.0000000000,0.0082191781,1.4383561644
daily,AMD,2026-08-14,1530,essvi_gfree,ok,,81,41,0.3319048772,1.7290761958,0.6404069893,0.0000000000,0.0000000000,0.0100000000,0.0000982202,0.0263288115,0.9822016185,0.0232390986,2.2922363614,15,0,0,28.1407067723,92.6880937261,0.2532946019,0.4565267498,0.0071556669,51.4520000895,223.7418958271,7,0,672.1910264189,1645.8554472476,0.0000000000,0.0000000000,false,450.0000000000,550.0000000000,0.0082191781,1.4383561644
daily,AMD,2026-08-14,1530,essvi_sg05,ok,,81,41,0.3751046660,1.2123033799,0.6315426051,0.0000000000,0.0000000000,0.0100000000,0.0000552835,0.0056640437,0.5528345460,0.0150999860,1.2508170036,15,0,0,28.7750760381,55.1220035575,0.3141619480,0.8067441499,0.0065008078,49.2472928545,149.6031898247,7,0,785.7930201750,1832.8121383522,0.0000000000,0.0000000000,false,450.0000000000,550.0000000000,0.0082191781,1.4383561644
daily,AMD,2026-08-17,1530,svi,ok,,81,41,0.3996156677,3.0000000000,0.6492244360,0.0045167118,0.0000000000,0.0100000000,0.0005108911,0.1683513095,5.1089108791,0.0342787338,2.0085295416,15,0,0,100.3824071021,149.8202195177,1.0478726276,1.9939852733,0.0229702128,104.7157048888,150.5413154850,5,0,297.9675623611,880.4364847231,0.0045167118,0.0000000000,false,460.0000000000,515.0000000000,0.0054794521,1.4301369863
daily,AMD,2026-08-17,1530,ssvi,ok,,81,41,0.5231143794,1.3201065534,0.6277197389,0.0000000000,0.0000000000,0.0100000000,0.0000609798,0.0049832305,0.6097981040,0.0168821742,1.5047711998,15,0,0,67.2975399567,114.3951958854,0.7307924725,1.5906626878,0.0151203934,60.6421646738,119.1951510103,5,0,251.1665029166,625.9598030588,0.0000000000,0.0000000000,false,460.0000000000,515.0000000000,0.0054794521,1.4301369863
daily,AMD,2026-08-17,1530,essvi,ok,,81,41,0.0100000000,1.8400026390,0.6307268411,0.0024089130,0.0000000000,0.0100000000,0.0001451252,0.1051191607,1.4512516256,0.0254748381,2.0627209372,15,0,0,166.0127747299,273.9107401467,1.5206799042,2.6321312635,0.0402579927,154.0756460186,290.9570559096,5,0,331.7484494091,634.9102281249,0.0024089130,0.0000000000,false,460.0000000000,515.0000000000,0.0054794521,1.4301369863
daily,AMD,2026-08-17,1530,essvi_g05,ok,,81,41,0.5111487623,1.9603780064,0.6362452781,0.0000000000,0.0000000000,0.0100000000,0.0001068875,0.0127050821,1.0688751670,0.0304669426,2.1005443265,15,0,0,127.5695681650,168.4140063581,1.2696174520,2.4367916606,0.0301468775,188.7341923417,258.5672450835,5,0,264.1079217200,576.5422468831,0.0000000000,0.0000000000,false,460.0000000000,515.0000000000,0.0054794521,1.4301369863
daily,AMD,2026-08-17,1530,essvi_gfree,ok,,81,41,0.4949692045,2.2265326704,0.6439277804,0.0000000000,0.0000000000,0.0100000000,0.0001033023,0.0219479030,1.0330233048,0.0283275253,2.4037425468,15,0,0,112.6902430591,150.2464881786,1.1229440338,2.1741262174,0.0264403734,127.6195328454,214.2691037202,5,0,287.5362859911,764.8788060304,0.0000000000,0.0000000000,false,460.0000000000,515.0000000000,0.0054794521,1.4301369863
daily,AMD,2026-08-17,1530,essvi_sg05,ok,,81,41,0.5025588163,1.6681799944,0.6313345095,0.0000000000,0.0000000000,0.0100000000,0.0000684347,0.0069376827,0.6843465957,0.0207573218,1.0870342846,15,0,0,78.6069193475,115.1190785524,0.8142254662,1.6255772909,0.0179954489,78.6597143629,149.4689216517,5,0,193.1583016878,481.7039018765,0.0000000000,0.0000000000,false,460.0000000000,515.0000000000,0.0054794521,1.4301369863
daily,AMD,2026-08-18,1530,svi,ok,,81,41,0.0100000000,3.0000000000,0.6334765145,0.0072267389,0.0000000000,0.0100000000,0.0010919914,0.3967841655,10.9199141219,0.0375381294,2.0605772133,15,0,0,82.9123283725,186.6927224977,0.5543378733,1.0263415826,0.0224014017,74.1868118911,171.6763606342,4,0,520.4019640795,1682.8869996119,0.0072267389,0.0000000000,false,445.0000000000,515.0000000000,0.0027397260,1.4273972603
daily,AMD,2026-08-18,1530,ssvi,ok,,81,41,0.4367089175,1.5469372907,0.6207817018,0.0000000000,0.0000000000,0.0100000000,0.0000635864,0.0083150428,0.6358638537,0.0181521932,0.8245713792,15,0,0,74.8780265612,140.6635798516,0.5692023094,0.7818518496,0.0193139662,76.8872982135,171.3194464193,4,0,506.0680042674,1709.4922483698,0.0000000000,0.0000000000,false,445.0000000000,515.0000000000,0.0027397260,1.4273972603
daily,AMD,2026-08-18,1530,essvi,ok,,81,41,0.2659391541,2.1790052236,0.6370699533,0.0000000000,0.0000000000,0.0100000000,0.0001014808,0.0157626542,1.0148084314,0.0317838413,1.4017584484,15,0,0,89.2472346698,171.8471723008,0.6748868250,0.9316222688,0.0228947406,98.1778062238,317.1307778486,4,0,525.7772147959,1786.1086690277,0.0000000000,0.0000000000,false,445.0000000000,515.0000000000,0.0027397260,1.4273972603
daily,AMD,2026-08-18,1530,essvi_g05,ok,,81,41,0.4466390328,2.3373513459,0.6349282840,0.0000000000,0.0000000000,0.0100000000,0.0001198625,0.0216974259,1.1986252298,0.0382166686,1.6036301245,15,0,0,95.6391391427,213.7394128421,0.6338647432,1.1739991367,0.0258395519,98.5243473649,320.2190528464,4,0,570.0648191808,1865.1535781210,0.0000000000,0.0000000000,false,445.0000000000,515.0000000000,0.0027397260,1.4273972603
daily,AMD,2026-08-18,1530,essvi_gfree,ok,,81,41,0.4567529227,2.5066910785,0.6396713597,0.0000000000,0.0000000000,0.0100000000,0.0001200898,0.0297793388,1.2008977817,0.0372689111,1.7193206126,15,0,0,97.6652878278,220.1194705479,0.6420588105,1.2015285218,0.0262897511,99.2142256110,353.6821637476,4,0,558.5509923990,1818.6185921172,0.0000000000,0.0000000000,false,445.0000000000,515.0000000000,0.0027397260,1.4273972603
daily,AMD,2026-08-18,1530,essvi_sg05,ok,,81,41,0.2317336774,1.9480144039,0.6254796724,0.0000000000,0.0000000000,0.0100000000,0.0000707598,0.0104723082,0.7075978434,0.0238074566,1.2504402007,15,0,0,71.1386822254,141.5175655512,0.5261000013,0.7857042386,0.0185951729,71.4097515098,238.3000913172,4,0,499.1029048578,1693.4240105666,0.0000000000,0.0000000000,false,445.0000000000,515.0000000000,0.0027397260,1.4273972603
daily,AMD,2026-08-19,1530,svi,ok,,81,41,0.5133867486,3.0000000000,0.6309280070,0.0015055706,0.0000000000,0.0100000000,0.0002793367,0.1013179817,2.7933673310,0.0358462764,2.3565233996,15,0,0,119.1500018737,253.7904568231,0.8122794057,1.2397825361,0.0328099294,112.0655397287,249.9713274097,8,0,813.2205744541,2172.3389148887,0.0015055706,0.0000000000,false,410.0000000000,525.0000000000,0.0054794521,1.4246575342
daily,AMD,2026-08-19,1530,ssvi,ok,,81,41,0.5215407103,1.3810020953,0.6115110577,0.0000000000,0.0000000000,0.0100000000,0.0000615129,0.0046324555,0.6151289669,0.0192636055,2.0287879653,15,0,0,146.6635131816,300.1070893161,1.0213856299,1.4753406324,0.0398711894,145.1384546187,334.2912536923,8,0,806.7897532761,2113.0376941561,0.0000000000,0.0000000000,false,410.0000000000,525.0000000000,0.0054794521,1.4246575342
daily,AMD,2026-08-19,1530,essvi,ok,,81,41,0.5077805642,2.0061671372,0.6233779389,0.0000000000,0.0000000000,0.0100000000,0.0000921343,0.0099696805,0.9213429222,0.0268780316,1.5470935802,15,0,0,134.0653329362,296.3038229620,0.9167723040,1.4270253891,0.0364686527,138.6766154469,452.4138284672,8,0,844.1654289918,2272.3388871368,0.0000000000,0.0000000000,false,410.0000000000,525.0000000000,0.0054794521,1.4246575342
daily,AMD,2026-08-19,1530,essvi_g05,ok,,81,41,0.5114925694,1.9936007927,0.6166574296,0.0000000000,0.0000000000,0.0100000000,0.0000948918,0.0098291378,0.9489181489,0.0290838490,1.9581257586,15,0,0,132.9849128977,274.6418017703,0.9529236893,1.3156922848,0.0357111659,109.1951955452,420.4176015696,8,0,834.6658944949,2256.6680529203,0.0000000000,0.0000000000,false,410.0000000000,525.0000000000,0.0054794521,1.4246575342
daily,AMD,2026-08-19,1530,essvi_gfree,ok,,81,41,0.5143186099,2.0576877984,0.6187369845,0.0000000000,0.0000000000,0.0100000000,0.0000912702,0.0114838596,0.9127017310,0.0282321914,1.9625234587,15,0,0,134.8584632592,272.6875050962,0.9732080859,1.3065275225,0.0359695705,121.7742146893,428.3719570918,8,0,827.6650270265,2248.0286327268,0.0000000000,0.0000000000,false,410.0000000000,525.0000000000,0.0054794521,1.4246575342
daily,AMD,2026-08-19,1530,essvi_sg05,ok,,81,41,0.5187139156,1.7626892543,0.6141129409,0.0000000000,0.0000000000,0.0100000000,0.0000654400,0.0059722608,0.6544000896,0.0218126677,1.1657513455,15,0,0,143.8687095726,293.0399289064,0.9961848177,1.4603330706,0.0392049810,140.4654836037,377.5641693902,8,0,798.7416823680,2137.2899938081,0.0000000000,0.0000000000,false,410.0000000000,525.0000000000,0.0054794521,1.4246575342
daily,AMD,2026-08-20,1530,svi,ok,,81,41,0.2903584229,3.0000000000,0.6402240307,0.0054200542,0.0000000000,0.0100000000,0.0016178517,0.5860418215,16.1785167466,0.0493779101,2.3794574538,15,0,0,192.6024885867,370.1105317707,1.3400119060,1.8378229819,0.0523338256,186.9820603588,354.0322630047,5,0,152.6257058498,440.2034335921,0.0054200542,0.0000000000,false,422.5000000000,485.0000000000,0.0027397260,1.4219178082
daily,AMD,2026-08-20,1530,ssvi,ok,,81,41,0.5281754036,1.4743518583,0.6129062897,0.0000000000,0.0000000000,0.0100000000,0.0000609811,0.0077912283,0.6098110577,0.0222696212,1.3209531348,15,0,0,200.2602361221,385.2124575510,1.3935379704,1.9242267499,0.0543960858,201.8210877035,422.7538364781,5,0,146.8474235797,476.2656189269,0.0000000000,0.0000000000,false,422.5000000000,485.0000000000,0.0027397260,1.4219178082
daily,AMD,2026-08-20,1530,essvi,ok,,81,41,0.0100000000,2.3111523728,0.6235996000,0.0042155977,0.0000000000,0.0100000000,0.0001630154,0.0648110828,1.6301543501,0.0568867353,2.9593564016,15,0,0,236.4126341739,438.8117509319,1.6473588053,2.1714113004,0.0635083036,247.0332151854,610.8581509789,5,0,169.9775495964,495.3737555672,0.0042155977,0.0000000000,false,422.5000000000,485.0000000000,0.0027397260,1.4219178082
daily,AMD,2026-08-20,1530,essvi_g05,ok,,81,41,0.4819631871,2.2858978023,0.6198236218,0.0000000000,0.0000000000,0.0100000000,0.0001122649,0.0203484587,1.1226494089,0.0404040183,1.6900046970,15,0,0,208.9991083240,397.4363616505,1.4730630837,1.9226275244,0.0563229484,185.4423072181,560.4628371470,5,0,167.3764161452,468.7913195178,0.0000000000,0.0000000000,false,422.5000000000,485.0000000000,0.0027397260,1.4219178082
daily,AMD,2026-08-20,1530,essvi_gfree,ok,,81,41,0.4833680557,2.3866657540,0.6227062337,0.0000000000,0.0000000000,0.0100000000,0.0001132333,0.0252412294,1.1323330679,0.0407155428,1.7833467476,15,0,0,206.9293346792,394.3722954908,1.4585862645,1.9046942456,0.0556030629,197.9012214387,565.4823383765,5,0,167.5218830727,464.7436705507,0.0000000000,0.0000000000,false,422.5000000000,485.0000000000,0.0027397260,1.4219178082
daily,AMD,2026-08-20,1530,essvi_sg05,ok,,81,41,0.5096350118,1.7362765041,0.6134659847,0.0000000000,0.0000000000,0.0100000000,0.0000499509,0.0067217870,0.4995092636,0.0213921915,2.3898359952,15,0,0,195.9590524835,398.0299083231,1.3520876548,1.9130414957,0.0535108559,191.6578773817,450.0333510936,5,0,147.2478633601,485.8514282558,0.0000000000,0.0000000000,false,422.5000000000,485.0000000000,0.0027397260,1.4219178082
daily,AMD,2026-08-21,1530,svi,ok,,81,41,0.2994543831,1.7558392410,0.6030788035,0.0000000000,0.0000000000,0.0100000000,0.0001242554,0.0131770896,1.2425541737,0.0232077848,1.1988721806,15,0,0,24.0261440907,43.9453645070,0.2447989782,0.5850029211,0.0056595053,25.6416191524,63.5379978660,7,0,901.6745089968,2136.3328365599,0.0000000000,0.0000000000,false,430.0000000000,520.0000000000,0.0082191781,1.4191780822
daily,AMD,2026-08-21,1530,ssvi,ok,,81,41,0.3106675116,0.8994904859,0.5914031254,0.0000000000,0.0000000000,0.0100000000,0.0000586866,0.0059674256,0.5868658144,0.0146874453,1.5454919568,15,0,0,27.6226253360,55.4126553880,0.3027379216,0.7248739655,0.0061562283,25.3559039599,55.4164398441,7,0,961.2173922034,2257.6409201283,0.0000000000,0.0000000000,false,430.0000000000,520.0000000000,0.0082191781,1.4191780822
daily,AMD,2026-08-21,1530,essvi,ok,,81,41,0.3059481509,1.3398284021,0.5989701858,0.0000000000,0.0000000000,0.0100000000,0.0000719139,0.0128927781,0.7191391359,0.0174730304,0.7079014273,15,0,0,27.3679407568,57.4523781485,0.3022110626,0.7515507874,0.0060952502,44.1420077400,195.0526188410,7,0,936.7021821999,2231.4538210214,0.0000000000,0.0000000000,false,430.0000000000,520.0000000000,0.0082191781,1.4191780822
daily,AMD,2026-08-21,1530,essvi_g05,ok,,81,41,0.3022470681,1.3448780555,0.5954241670,0.0000000000,0.0000000000,0.0100000000,0.0000939073,0.0135071331,0.9390727171,0.0238627183,1.9071759402,15,0,0,25.3440128264,53.7828978365,0.2719050801,0.6637848544,0.0056889830,55.7522448201,151.9342253928,7,0,908.3805901454,2120.2226781082,0.0000000000,0.0000000000,false,430.0000000000,520.0000000000,0.0082191781,1.4191780822
daily,AMD,2026-08-21,1530,essvi_gfree,ok,,81,41,0.2945418150,1.4039976968,0.5974584362,0.0000000000,0.0000000000,0.0100000000,0.0000911772,0.0166384212,0.9117717057,0.0226000827,1.9583400090,15,0,0,23.4187193162,44.3538625059,0.2479376733,0.5802586161,0.0052979492,49.3501241547,165.0315879295,7,0,898.1419266971,2108.9077528594,0.0000000000,0.0000000000,false,430.0000000000,520.0000000000,0.0082191781,1.4191780822
daily,AMD,2026-08-21,1530,essvi_sg05,ok,,81,41,0.3123183055,1.1403959972,0.5940594695,0.0000000000,0.0000000000,0.0100000000,0.0000592517,0.0071692397,0.5925174083,0.0161448359,1.4723424677,15,0,0,29.5402757755,58.6600929329,0.3178578404,0.7673458806,0.0067201643,41.4115011262,135.1311070449,7,0,967.3022186225,2305.5003661611,0.0000000000,0.0000000000,false,430.0000000000,520.0000000000,0.0082191781,1.4191780822
daily,AMD,2026-08-24,1538,svi,ok,,81,41,0.0100000000,3.0000000000,0.6043533586,0.0063233966,0.0000000000,0.0100000000,0.0002583418,0.1006073640,2.5834176075,0.0276048159,2.0434585869,15,0,0,61.7210704105,115.3739160681,0.4770564387,0.5951066161,0.0157972019,71.9879460408,125.0888621636,9,0,91.4997338511,322.6251275419,0.0063233966,0.0000000000,false,395.0000000000,510.0000000000,0.0054794521,1.4109589041
daily,AMD,2026-08-24,1538,ssvi,ok,,81,41,0.4448520379,1.2804531461,0.5907489048,0.0000000000,0.0000000000,0.0100000000,0.0000618929,0.0051081237,0.6189289087,0.0147806880,0.5537507528,15,0,0,71.0995396619,116.8203830838,0.5367002819,0.6278027010,0.0182854994,71.7182776990,158.3882635790,9,0,81.2447232083,147.5689737702,0.0000000000,0.0000000000,false,395.0000000000,510.0000000000,0.0054794521,1.4109589041
daily,AMD,2026-08-24,1538,essvi,ok,,81,41,0.4370075612,2.0318943728,0.5976595736,0.0000000000,0.0000000000,0.0100000000,0.0000821242,0.0123118162,0.8212424030,0.0207575320,1.1572650532,15,0,0,71.5395417364,136.6373213094,0.5490824630,0.6319043619,0.0181434823,70.0517999318,148.7798284844,9,0,107.2117332323,355.6859035609,0.0000000000,0.0000000000,false,395.0000000000,510.0000000000,0.0054794521,1.4109589041
daily,AMD,2026-08-24,1538,essvi_g05,ok,,81,41,0.4385110638,2.0241377724,0.5969246372,0.0000000000,0.0000000000,0.0100000000,0.0000983673,0.0123946696,0.9836734963,0.0237972325,1.1475593130,15,0,0,53.9254894708,95.0229361171,0.4386082212,0.6348326850,0.0135773875,119.4654856276,184.4423339379,9,0,107.3865848707,375.3592736268,0.0000000000,0.0000000000,false,395.0000000000,510.0000000000,0.0054794521,1.4109589041
daily,AMD,2026-08-24,1538,essvi_gfree,ok,,81,41,0.4419633174,2.1124006481,0.6001951466,0.0000000000,0.0000000000,0.0100000000,0.0000922433,0.0159329473,0.9224325379,0.0224417745,1.2273076559,15,0,0,48.4798817011,87.0993752839,0.3975410144,0.5584646632,0.0120492309,83.0090228133,148.3664642927,9,0,96.1576706735,369.2843949963,0.0000000000,0.0000000000,false,395.0000000000,510.0000000000,0.0054794521,1.4109589041
daily,AMD,2026-08-24,1538,essvi_sg05,ok,,81,41,0.4442617175,1.8365945812,0.5948426004,0.0000000000,0.0000000000,0.0100000000,0.0000701756,0.0078352023,0.7017558089,0.0182502294,1.6058836458,15,0,0,68.0718422130,130.2983649308,0.5146603586,0.5986003139,0.0174224517,69.2633283125,160.9692394126,9,0,102.3678475423,253.4632573960,0.0000000000,0.0000000000,false,395.0000000000,510.0000000000,0.0054794521,1.4109589041
daily,AMD,2026-08-25,1530,svi,ok,,81,41,0.0100000000,3.0000000000,0.5993511173,0.0090334237,0.0000000000,0.0100000000,0.0003181155,0.0651973861,3.1811550641,0.0316683047,2.0840021603,15,0,0,81.7224927780,200.4731908888,0.5044480937,1.0408450538,0.0227885033,88.0718667148,223.9380817194,6,0,674.4533845875,1934.7516649407,0.0090334237,0.0000000000,false,437.5000000000,515.0000000000,0.0027397260,1.4082191781
daily,AMD,2026-08-25,1530,ssvi,ok,,81,41,0.3953623489,1.5039452449,0.5951916013,0.0000000000,0.0000000000,0.0100000000,0.0000620425,0.0082911155,0.6204252208,0.0176309045,1.2792074830,15,0,0,50.9638439455,116.5340735913,0.3273665892,0.6227186213,0.0141327246,49.0681197842,131.5871541643,6,0,647.2714315558,1808.7924770995,0.0000000000,0.0000000000,false,437.5000000000,515.0000000000,0.0027397260,1.4082191781
daily,AMD,2026-08-25,1530,essvi,ok,,81,41,0.0100000000,2.0760894689,0.5981028327,0.0024089130,0.0000000000,0.0100000000,0.0001196917,0.0733948254,1.1969166648,0.0238938572,1.2555565296,15,0,0,57.0810066026,142.2094212300,0.3832566828,0.7096415502,0.0156432956,58.0329703252,166.8010133216,6,0,692.5339873084,2070.0596218989,0.0024089130,0.0000000000,false,437.5000000000,515.0000000000,0.0027397260,1.4082191781
daily,AMD,2026-08-25,1530,essvi_g05,ok,,81,41,0.3058049910,2.2325922861,0.6003022999,0.0000000000,0.0000000000,0.0100000000,0.0001081752,0.0209089694,1.0817518952,0.0303599318,1.6851201654,15,0,0,88.9658739074,213.6853023671,0.5548932829,1.1192418206,0.0249640349,78.4949940074,220.5667657405,6,0,702.4660285663,2102.3816289150,0.0000000000,0.0000000000,false,437.5000000000,515.0000000000,0.0027397260,1.4082191781
daily,AMD,2026-08-25,1530,essvi_gfree,ok,,81,41,0.3070569264,2.2613554984,0.6011883151,0.0000000000,0.0000000000,0.0100000000,0.0001077598,0.0223693702,1.0775984469,0.0299172453,1.4752493428,15,0,0,89.0465176485,215.0539528917,0.5520979728,1.1242050112,0.0249811134,77.6393241354,227.1655711845,6,0,697.8033893494,2098.5854682920,0.0000000000,0.0000000000,false,437.5000000000,515.0000000000,0.0027397260,1.4082191781
daily,AMD,2026-08-25,1530,essvi_sg05,ok,,81,41,0.3989453777,1.8779555511,0.5984671910,0.0000000000,0.0000000000,0.0100000000,0.0000626383,0.0092855474,0.6263829988,0.0197385840,1.0972221081,15,0,0,52.1395125203,129.0230123703,0.3265692444,0.6683111289,0.0146235595,48.6336365357,115.9985460460,6,0,661.2510962681,1941.4659553480,0.0000000000,0.0000000000,false,437.5000000000,515.0000000000,0.0027397260,1.4082191781
daily,AMD,2026-08-26,1530,svi,ok,,81,41,0.5093731620,3.0000000000,0.6209846106,0.0057211683,0.0000000000,0.0100000000,0.0002209543,0.1399940053,2.2095432700,0.0352313239,2.3853345774,15,0,0,68.3675588311,183.3414544765,0.4087242959,0.8136490529,0.0190552540,60.1599436191,173.0032244851,9,0,826.5489476848,2461.1127772629,0.0057211683,0.0000000000,false,402.5000000000,552.5000000000,0.0054794521,1.4054794521
daily,AMD,2026-08-26,1530,ssvi,ok,,81,41,0.5213257519,1.4368925347,0.6043571326,0.0000000000,0.0000000000,0.0100000000,0.0000571913,0.0037056919,0.5719132132,0.0182916173,1.0201696635,15,0,0,82.4460416537,195.8555795979,0.5359529729,0.8987195974,0.0222416256,85.9706293883,223.3495970701,9,0,863.8198688977,2512.0560415752,0.0000000000,0.0000000000,false,402.5000000000,552.5000000000,0.0054794521,1.4054794521
daily,AMD,2026-08-26,1530,essvi,ok,,81,41,0.5213602089,2.0767892294,0.6125437994,0.0000000000,0.0000000000,0.0100000000,0.0000730914,0.0076721153,0.7309144210,0.0248508743,1.9177493078,15,0,0,85.5288963568,218.9441408548,0.5364802477,0.9859963058,0.0231864693,90.2681961703,338.3898567279,9,0,896.1221285232,2712.5786998004,0.0000000000,0.0000000000,false,402.5000000000,552.5000000000,0.0054794521,1.4054794521
daily,AMD,2026-08-26,1530,essvi_g05,ok,,81,41,0.5146910445,2.0939700661,0.6092007045,0.0000000000,0.0000000000,0.0100000000,0.0000885816,0.0081508907,0.8858161855,0.0285367384,2.0025273100,15,0,0,96.3924056030,230.4784288235,0.6319678090,1.0674049406,0.0264194683,48.2266139403,264.1429936958,9,0,880.7614332899,2673.5782201790,0.0000000000,0.0000000000,false,402.5000000000,552.5000000000,0.0054794521,1.4054794521
daily,AMD,2026-08-26,1530,essvi_gfree,ok,,81,41,0.5178625217,2.1355559778,0.6106686955,0.0000000000,0.0000000000,0.0100000000,0.0000842504,0.0090184786,0.8425044289,0.0278224097,2.3877799182,15,0,0,95.3700868977,231.8605512621,0.6151436613,1.0716667279,0.0261297323,58.5873878789,276.1196085893,9,0,874.6937473760,2660.2631303859,0.0000000000,0.0000000000,false,402.5000000000,552.5000000000,0.0054794521,1.4054794521
daily,AMD,2026-08-26,1530,essvi_sg05,ok,,81,41,0.5235572719,1.8370644142,0.6069470813,0.0000000000,0.0000000000,0.0100000000,0.0000581864,0.0046002465,0.5818638400,0.0210408026,1.4726837661,15,0,0,84.0475043693,198.4485128817,0.5516551792,0.9179052815,0.0225838385,85.4350315846,294.2790335722,9,0,856.2648708225,2574.1736955057,0.0000000000,0.0000000000,false,402.5000000000,552.5000000000,0.0054794521,1.4054794521
daily,AMD,2026-08-27,1530,svi,ok,,81,41,0.0474848775,3.0000000000,0.6151796957,0.0081300813,0.0000000000,0.0100000000,0.0004720593,0.3785167376,4.7205925045,0.0442160518,2.4369296178,15,0,0,93.0778911721,193.3405929890,0.6216940039,1.0214186525,0.0265644417,84.9384245436,194.5229463613,7,0,243.6158894951,539.1986385111,0.0081300813,0.0000000000,false,417.5000000000,515.0000000000,0.0027397260,1.4027397260
daily,AMD,2026-08-27,1530,ssvi,ok,,81,41,0.5055779609,1.6678104727,0.6000357748,0.0000000000,0.0000000000,0.0100000000,0.0000736650,0.0086918581,0.7366498385,0.0225800282,1.2321393068,15,0,0,76.0749145580,160.7068503405,0.5033671101,0.8490008443,0.0216187799,82.3694731895,201.5308993312,7,0,220.6999696136,517.4174676361,0.0000000000,0.0000000000,false,417.5000000000,515.0000000000,0.0027397260,1.4027397260
daily,AMD,2026-08-27,1530,essvi,ok,,81,41,0.2149292899,2.3755909111,0.6074239279,0.0000000000,0.0000000000,0.0100000000,0.0001025740,0.0172342201,1.0257401558,0.0311301761,1.7868160838,15,0,0,84.8634703047,178.2776552997,0.5742475576,0.9418172606,0.0238002822,97.0713368480,366.2633968583,7,0,266.6819793826,627.8637436334,0.0000000000,0.0000000000,false,417.5000000000,515.0000000000,0.0027397260,1.4027397260
daily,AMD,2026-08-27,1530,essvi_g05,ok,,81,41,0.4610140994,2.4867682976,0.6073327765,0.0000000000,0.0000000000,0.0100000000,0.0001296943,0.0226946437,1.2969426518,0.0388923592,2.3998854962,15,0,0,106.0797624286,224.1696787097,0.7059488792,1.1843444757,0.0304821109,66.5430384323,339.8636096369,7,0,281.4990548432,641.1211194599,0.0000000000,0.0000000000,false,417.5000000000,515.0000000000,0.0027397260,1.4027397260
daily,AMD,2026-08-27,1530,essvi_gfree,ok,,81,41,0.4696753689,2.6024602153,0.6105922033,0.0000000000,0.0000000000,0.0100000000,0.0001279893,0.0292644314,1.2798933633,0.0382184980,1.8931055309,15,0,0,109.1658097079,224.4589181138,0.7434185850,1.1858348395,0.0309425609,76.1095096729,358.9530184304,7,0,273.8534923673,627.6797434904,0.0000000000,0.0000000000,false,417.5000000000,515.0000000000,0.0027397260,1.4027397260
daily,AMD,2026-08-27,1530,essvi_sg05,ok,,81,41,0.5096939418,2.1165085974,0.6034738693,0.0000000000,0.0000000000,0.0100000000,0.0000773906,0.0105098523,0.7739062927,0.0279612985,2.4546731922,15,0,0,77.3820770409,165.2543386205,0.5057114077,0.8730227647,0.0221124298,80.8751257861,299.0530550004,7,0,209.4708370716,514.0754339627,0.0000000000,0.0000000000,false,417.5000000000,515.0000000000,0.0027397260,1.4027397260
daily,AMD,2026-08-31,1530,svi,ok,,81,41,0.4390510536,3.0000000000,0.5974822392,0.0063233966,0.0000000000,0.0100000000,0.0002328524,0.0921220936,2.3285242022,0.0337118037,2.3895738927,15,0,0,143.8892744358,238.9285545569,1.0920030676,1.5403998435,0.0424814732,158.3344158733,288.0950260791,8,0,188.8153209209,408.6526613348,0.0063233966,0.0000000000,false,400.0000000000,500.0000000000,0.0054794521,1.3917808219
daily,AMD,2026-08-31,1530,ssvi,ok,,81,41,0.4414983078,1.2046888086,0.5770295859,0.0000000000,0.0000000000,0.0100000000,0.0000617203,0.0051101236,0.6172033306,0.0158155520,1.5594987280,15,0,0,149.2681890296,238.3257664244,1.1421329568,1.6898141440,0.0436277251,150.4477332585,244.7626754265,8,0,156.7519033299,288.6563304083,0.0000000000,0.0000000000,false,400.0000000000,500.0000000000,0.0054794521,1.3917808219
daily,AMD,2026-08-31,1530,essvi,ok,,81,41,0.4329367903,1.9065548767,0.5893950408,0.0000000000,0.0000000000,0.0100000000,0.0000896703,0.0144001306,0.8967031513,0.0235350025,2.3976741632,15,0,0,159.8129597390,263.1278979710,1.2317015954,1.8164518226,0.0462135567,151.3584250653,265.0108307853,8,0,203.8321528603,444.1251672803,0.0000000000,0.0000000000,false,400.0000000000,500.0000000000,0.0054794521,1.3917808219
daily,AMD,2026-08-31,1530,essvi_g05,ok,,81,41,0.4425939155,1.8741858035,0.5832448278,0.0000000000,0.0000000000,0.0100000000,0.0001097142,0.0135797450,1.0971419037,0.0272866505,1.5821425486,15,0,0,161.4206799344,251.6374404069,1.2853121337,2.1740783064,0.0467121991,209.1301701940,292.8923588456,8,0,212.4384304528,469.0875547372,0.0000000000,0.0000000000,false,400.0000000000,500.0000000000,0.0054794521,1.3917808219
daily,AMD,2026-08-31,1530,essvi_gfree,ok,,81,41,0.4455894712,1.9378749458,0.5854916806,0.0000000000,0.0000000000,0.0100000000,0.0001061340,0.0164013602,1.0613401440,0.0262392995,1.6806828202,15,0,0,153.2464552423,246.9116512414,1.1989398245,1.9190480168,0.0445077213,183.6259864513,283.1635246549,8,0,211.7502308133,475.6454919397,0.0000000000,0.0000000000,false,400.0000000000,500.0000000000,0.0054794521,1.3917808219
daily,AMD,2026-08-31,1530,essvi_sg05,ok,,81,41,0.4421756002,1.5785706801,0.5781653600,0.0000000000,0.0000000000,0.0100000000,0.0000575720,0.0057217662,0.5757196274,0.0162667872,2.3914389451,15,0,0,141.8230765153,233.4274045382,1.0781406344,1.5145565254,0.0416344744,147.3645639378,327.1164169192,8,0,166.5383953294,343.3653524329,0.0000000000,0.0000000000,false,400.0000000000,500.0000000000,0.0054794521,1.3917808219
daily,AMD,2026-09-01,1530,svi,ok,,81,41,0.0100000000,3.0000000000,0.6071183332,0.0180668473,0.0099367660,0.0100000000,0.0028704140,2.8566466986,28.7041402492,0.0574681389,2.5144475457,15,0,0,118.2449658730,223.9447415519,0.9266343830,1.6431344380,0.0330995208,133.2303409360,302.0250102975,5,0,632.4123542300,1562.3086127034,0.0180668473,0.0099367660,false,420.0000000000,480.0000000000,0.0027397260,1.3890410959
daily,AMD,2026-09-01,1530,ssvi,ok,,81,41,0.4626829875,1.3051271207,0.5697330332,0.0000000000,0.0000000000,0.0100000000,0.0000489142,0.0056616040,0.4891419280,0.0161260101,0.7262408881,15,0,0,106.2820412550,177.2158949144,0.7581123848,0.9252997989,0.0313183287,83.4614651173,173.9607195010,5,0,570.4474325206,1300.0087612137,0.0000000000,0.0000000000,false,420.0000000000,480.0000000000,0.0027397260,1.3890410959
daily,AMD,2026-09-01,1530,essvi,ok,,81,41,0.4528136724,2.1298408526,0.5801787340,0.0000000000,0.0000000000,0.0100000000,0.0000741692,0.0153766909,0.7416918618,0.0244200956,2.2372170696,15,0,0,121.8212133349,215.7483049087,0.8618989319,1.0549114166,0.0358130483,93.1556320843,198.3258806220,5,0,684.5848763286,1740.4090657565,0.0000000000,0.0000000000,false,420.0000000000,480.0000000000,0.0027397260,1.3890410959
daily,AMD,2026-09-01,1530,essvi_g05,ok,,81,41,0.4577586508,2.2395821402,0.5813007537,0.0000000000,0.0000000000,0.0100000000,0.0001097231,0.0198749863,1.0972312443,0.0340523470,2.2666647832,15,0,0,118.7819890327,230.3050917593,0.7842351549,1.1145581587,0.0364815999,166.6505659978,313.2748412030,5,0,691.9455399195,1708.0712517480,0.0000000000,0.0000000000,false,420.0000000000,480.0000000000,0.0027397260,1.3890410959
daily,AMD,2026-09-01,1530,essvi_gfree,ok,,81,41,0.4606155922,2.3822810596,0.5846470028,0.0000000000,0.0000000000,0.0100000000,0.0001109829,0.0263985685,1.1098286555,0.0341045094,1.5984139014,15,0,0,120.8203554265,228.3697675009,0.8150706153,1.1023049068,0.0367324533,150.3331072850,300.9246709503,5,0,683.4502738289,1706.0106088217,0.0000000000,0.0000000000,false,420.0000000000,480.0000000000,0.0027397260,1.3890410959
daily,AMD,2026-09-01,1530,essvi_sg05,ok,,81,41,0.4211970651,1.6161704435,0.5694172225,0.0000000000,0.0000000000,0.0100000000,0.0000393113,0.0048838465,0.3931132658,0.0135404758,0.9334512794,15,0,0,101.8105187222,173.1569211722,0.7277517407,0.8733673962,0.0299806245,82.3131051399,164.1979924028,5,0,602.5939520855,1504.0422573989,0.0000000000,0.0000000000,false,420.0000000000,480.0000000000,0.0027397260,1.3890410959
daily,AMD,2026-09-02,1530,svi,ok,,81,41,0.4508658419,2.7205702658,0.5871781755,0.0000000000,0.0000000000,0.0100000000,0.0002618122,0.0977313092,2.6181222626,0.0318411326,2.1838899652,15,0,0,49.4760115338,101.8352293386,0.3252968544,0.5160999274,0.0159495049,40.3319442555,164.8572125416,7,0,575.4882020096,1414.0741102920,0.0000000000,0.0000000000,false,412.5000000000,500.0000000000,0.0054794521,1.3863013699
daily,AMD,2026-09-02,1530,ssvi,ok,,81,41,0.4612375316,1.2175193750,0.5626523990,0.0000000000,0.0000000000,0.0100000000,0.0000597112,0.0046924311,0.5971120120,0.0179656344,2.2971174381,15,0,0,53.4266956495,92.4404786285,0.3982027496,0.6703276896,0.0163538775,62.1776277632,242.0832095575,7,0,513.9822246782,1199.9469386259,0.0000000000,0.0000000000,false,412.5000000000,500.0000000000,0.0054794521,1.3863013699
daily,AMD,2026-09-02,1530,essvi,ok,,81,41,0.4455381928,1.8769877972,0.5804411501,0.0000000000,0.0000000000,0.0100000000,0.0000960064,0.0123030464,0.9600637742,0.0250368661,1.5455006419,15,0,0,57.3552259086,115.2734385185,0.3890685111,0.5639693054,0.0181485801,72.1416311893,245.6897941456,7,0,565.9556802917,1427.2178795906,0.0000000000,0.0000000000,false,412.5000000000,500.0000000000,0.0054794521,1.3863013699
daily,AMD,2026-09-02,1530,essvi_g05,ok,,81,41,0.4381750134,1.8688861614,0.5727500199,0.0000000000,0.0000000000,0.0100000000,0.0001060963,0.0120925568,1.0609632327,0.0298490141,1.3345116551,15,0,0,73.7460646942,124.9979122801,0.5446639910,0.8288827585,0.0228075255,52.7844258631,193.2990255177,7,0,609.9920331814,1490.8143485651,0.0000000000,0.0000000000,false,412.5000000000,500.0000000000,0.0054794521,1.3863013699
daily,AMD,2026-09-02,1530,essvi_gfree,ok,,81,41,0.4414665874,1.9642950996,0.5752857636,0.0000000000,0.0000000000,0.0100000000,0.0001024640,0.0156778198,1.0246400486,0.0296149842,1.4239394281,15,0,0,69.3628393560,118.3947510079,0.5090375959,0.7511914245,0.0214010140,48.4873683516,190.0425626722,7,0,600.2241673514,1476.7815454583,0.0000000000,0.0000000000,false,412.5000000000,500.0000000000,0.0054794521,1.3863013699
daily,AMD,2026-09-02,1530,essvi_sg05,ok,,81,41,0.4599202514,1.5824102480,0.5657195722,0.0000000000,0.0000000000,0.0100000000,0.0000626952,0.0059936551,0.6269515033,0.0198433209,1.0705198162,15,0,0,54.0292106805,92.9778184063,0.4002969826,0.6784943799,0.0166213349,61.4852550537,169.9974794108,7,0,505.6980722209,1270.6105543268,0.0000000000,0.0000000000,false,412.5000000000,500.0000000000,0.0054794521,1.3863013699
daily,AMD,2026-09-03,1530,svi,ok,,81,41,0.4550746189,3.0000000000,0.5908994676,0.0018066847,0.0000000000,0.0100000000,0.0002216112,0.0406344851,2.2161115602,0.0408524927,2.4541792475,15,0,0,190.7146038389,347.2464190951,1.2847553223,1.7058747725,0.0628779215,175.2492825073,385.3330504100,7,0,420.3234151376,890.2302772380,0.0018066847,0.0000000000,false,420.0000000000,492.5000000000,0.0027397260,1.3835616438
daily,AMD,2026-09-03,1530,ssvi,ok,,81,41,0.4615649053,1.4410514715,0.5659406422,0.0000000000,0.0000000000,0.0100000000,0.0000673809,0.0083778782,0.6738090082,0.0180099483,0.9223130947,15,0,0,184.0429593262,340.1450928503,1.2218577305,1.7076916487,0.0600018659,202.6305662891,439.0210143368,7,0,397.8502170589,834.9968474241,0.0000000000,0.0000000000,false,420.0000000000,492.5000000000,0.0027397260,1.3835616438
daily,AMD,2026-09-03,1530,essvi,ok,,81,41,0.4571524747,2.0985019083,0.5811536264,0.0000000000,0.0000000000,0.0100000000,0.0001064834,0.0202160169,1.0648344331,0.0288290779,1.5698969593,15,0,0,198.2519079404,365.4368737710,1.3105940053,1.8380383514,0.0642966070,224.3422258850,494.9604128091,7,0,435.9535532657,890.9400362713,0.0000000000,0.0000000000,false,420.0000000000,492.5000000000,0.0027397260,1.3835616438
daily,AMD,2026-09-03,1530,essvi_g05,ok,,81,41,0.4367783059,2.1292717492,0.5763206737,0.0000000000,0.0000000000,0.0100000000,0.0001217342,0.0222001778,1.2173421506,0.0322948998,1.5990497070,15,0,0,208.5625681116,375.0220212024,1.4028584035,1.8838268719,0.0685663258,159.8057519161,445.0069250086,7,0,433.7425889400,886.2790520100,0.0000000000,0.0000000000,false,420.0000000000,492.5000000000,0.0027397260,1.3835616438
daily,AMD,2026-09-03,1530,essvi_gfree,ok,,81,41,0.4401303614,2.2830968977,0.5799214503,0.0000000000,0.0000000000,0.0100000000,0.0001237604,0.0313923030,1.2376041512,0.0325583650,1.7440887253,15,0,0,202.1299044837,366.8015972094,1.3555492308,1.8382954912,0.0663217102,173.0200679141,439.4789771164,7,0,438.5279424725,913.9143295120,0.0000000000,0.0000000000,false,420.0000000000,492.5000000000,0.0027397260,1.3835616438
daily,AMD,2026-09-03,1530,essvi_sg05,ok,,81,41,0.4627383181,1.8012995830,0.5693463685,0.0000000000,0.0000000000,0.0100000000,0.0000734414,0.0107254167,0.7344135925,0.0220478683,1.2945604693,15,0,0,183.5909557031,337.2013546966,1.2179172713,1.7043523769,0.0599230560,200.3752069820,414.4288610874,7,0,390.9219424268,791.4398145996,0.0000000000,0.0000000000,false,420.0000000000,492.5000000000,0.0027397260,1.3835616438
daily,AMD,2026-09-04,1530,svi,ok,,81,41,0.3367658090,1.7083326583,0.5693179378,0.0000000000,0.0000000000,0.0100000000,0.0000989344,0.0080869350,0.9893435785,0.0190667774,2.1860015133,15,0,0,70.2483641786,110.0379894127,0.5995755041,0.9364623604,0.0202277982,61.5004242435,115.9343914823,11,0,54.5663308048,107.1531692654,0.0000000000,0.0000000000,false,397.5000000000,552.5000000000,0.0136986301,1.3808219178
daily,AMD,2026-09-04,1530,ssvi,ok,,81,41,0.3549189758,0.8165463584,0.5599429022,0.0000000000,0.0000000000,0.0100000000,0.0000465776,0.0023881962,0.4657763266,0.0107199591,2.2494004572,15,0,0,63.5385004271,96.4266840367,0.5220805968,0.6616720789,0.0186014356,63.5048018148,118.1722308210,11,0,62.9390068098,118.6896132374,0.0000000000,0.0000000000,false,397.5000000000,552.5000000000,0.0136986301,1.3808219178
daily,AMD,2026-09-04,1530,essvi,ok,,81,41,0.3454772046,1.2680241626,0.5645994709,0.0000000000,0.0000000000,0.0100000000,0.0000601234,0.0082462253,0.6012343659,0.0148066658,1.1537809566,15,0,0,56.8388799870,68.1471796416,0.5319536778,0.9018413082,0.0154754732,63.3100678265,107.7438613295,11,0,45.5694681318,95.5879626763,0.0000000000,0.0000000000,false,397.5000000000,552.5000000000,0.0136986301,1.3808219178
daily,AMD,2026-09-04,1530,essvi_g05,ok,,81,41,0.3512426395,1.2021689605,0.5624133200,0.0000000000,0.0000000000,0.0100000000,0.0000839749,0.0065832512,0.8397487111,0.0188975192,1.3275960146,15,0,0,47.7415463863,57.0686840056,0.4651014426,0.7629079721,0.0127865282,25.3428018501,62.1916169264,11,0,44.1156058806,97.9887583998,0.0000000000,0.0000000000,false,397.5000000000,552.5000000000,0.0136986301,1.3808219178
daily,AMD,2026-09-04,1530,essvi_gfree,ok,,81,41,0.3313193716,1.3178211428,0.5658730365,0.0000000000,0.0000000000,0.0100000000,0.0000699643,0.0104102869,0.6996425018,0.0176993880,2.4613830051,15,0,0,49.1561213593,58.9017750246,0.4785185891,0.8129039323,0.0130937743,32.9685872493,62.8790263684,11,0,36.0021062822,91.6255830531,0.0000000000,0.0000000000,false,397.5000000000,552.5000000000,0.0136986301,1.3808219178
daily,AMD,2026-09-04,1530,essvi_sg05,ok,,81,41,0.3582093451,0.9682548736,0.5607923492,0.0000000000,0.0000000000,0.0100000000,0.0000456404,0.0028988740,0.4564035164,0.0115411488,2.2962464019,15,0,0,64.9356385367,97.6645323876,0.5317786392,0.6798698553,0.0190983617,62.7256232923,108.4586389700,11,0,64.9614394964,121.5164314642,0.0000000000,0.0000000000,false,397.5000000000,552.5000000000,0.0136986301,1.3808219178
daily,AMD,2026-09-08,1530,svi,ok,,81,41,0.0100000000,3.0000000000,0.5960347714,0.0129479073,0.0000000000,0.0100000000,0.0005769490,0.1592526998,5.7694896700,0.0349182727,2.2463295054,15,0,0,104.9352333508,243.1580246172,0.6889128174,1.3905530438,0.0298460873,106.0169415018,248.0814802892,6,0,671.2854044723,1922.7804549424,0.0129479073,0.0000000000,false,465.0000000000,540.0000000000,0.0027397260,1.3698630137
daily,AMD,2026-09-08,1530,ssvi,ok,,81,41,0.5073417716,1.5541336542,0.5897476506,0.0000000000,0.0000000000,0.0100000000,0.0000619368,0.0075539260,0.6193680198,0.0195298502,2.2832113369,15,0,0,122.1075520173,263.9531888022,0.8663665118,1.5149320802,0.0340804403,120.8237392782,271.9589915410,6,0,689.9485894373,1783.7240149720,0.0000000000,0.0000000000,false,465.0000000000,540.0000000000,0.0027397260,1.3698630137
daily,AMD,2026-09-08,1530,essvi,ok,,81,41,0.0100000000,2.1239602415,0.5884156889,0.0036133695,0.0000000000,0.0100000000,0.0002281181,0.1398669761,2.2811808989,0.0243830336,2.4446154857,15,0,0,109.4406215780,248.6039664889,0.7333082993,1.4272644961,0.0308892140,110.9175869482,268.8935998174,6,0,754.3693705343,2207.1380160498,0.0036133695,0.0000000000,false,465.0000000000,540.0000000000,0.0027397260,1.3698630137
daily,AMD,2026-09-08,1530,essvi_g05,ok,,81,41,0.4829802574,2.2916052292,0.5974839368,0.0000000000,0.0000000000,0.0100000000,0.0001072319,0.0184313121,1.0723188689,0.0320006647,2.3842169913,15,0,0,127.3708627939,277.1906631150,0.8988463534,1.5766509921,0.0359807730,84.7941784776,238.8610713789,6,0,780.3067819353,2282.6686273021,0.0000000000,0.0000000000,false,465.0000000000,540.0000000000,0.0027397260,1.3698630137
daily,AMD,2026-09-08,1530,essvi_gfree,ok,,81,41,0.4892673706,2.4669862770,0.6021457571,0.0000000000,0.0000000000,0.0100000000,0.0001074604,0.0274072171,1.0746037323,0.0311351807,1.6445670557,15,0,0,128.7261339460,282.4090069452,0.8967918498,1.6324769866,0.0363333111,106.0097933478,263.2310974613,6,0,783.0866935501,2270.1331341798,0.0000000000,0.0000000000,false,465.0000000000,540.0000000000,0.0027397260,1.3698630137
daily,AMD,2026-09-08,1530,essvi_sg05,ok,,81,41,0.5003112778,1.9918842233,0.5946175319,0.0000000000,0.0000000000,0.0100000000,0.0000671346,0.0094877124,0.6713462557,0.0224181256,1.2289623964,15,0,0,123.7881440364,270.8705643999,0.8883392051,1.5122310417,0.0344411426,121.0312325062,272.9785735643,6,0,710.8843365095,1990.8860109695,0.0000000000,0.0000000000,false,465.0000000000,540.0000000000,0.0027397260,1.3698630137
daily,AMD,2026-09-09,1530,svi,ok,,81,41,0.4682763390,3.0000000000,0.6028217842,0.0069256248,0.0000000000,0.0100000000,0.0004995628,0.2146603734,4.9956277625,0.0304266889,2.2717844960,15,0,0,115.4292329563,240.4260331504,0.9034141517,1.3724445099,0.0333703136,112.3244954153,265.7064160137,6,0,663.1255794093,1938.5505159499,0.0069256248,0.0000000000,false,455.0000000000,540.0000000000,0.0054794521,1.3671232877
daily,AMD,2026-09-09,1530,ssvi,ok,,81,41,0.4875240202,1.2916870763,0.5816316426,0.0000000000,0.0000000000,0.0100000000,0.0000544126,0.0039574402,0.5441255616,0.0175247038,2.4322478485,15,0,0,118.6068646686,236.9220460063,0.9359527191,1.3529039406,0.0340515481,117.2105717430,296.2572701901,6,0,655.2673587345,1752.7639406049,0.0000000000,0.0000000000,false,455.0000000000,540.0000000000,0.0054794521,1.3671232877
daily,AMD,2026-09-09,1530,essvi,ok,,81,41,0.4849894788,2.0724774576,0.5937145951,0.0000000000,0.0000000000,0.0100000000,0.0000799709,0.0123432273,0.7997087733,0.0252012524,2.2883684532,15,0,0,120.9967797779,257.7903543386,0.9332959361,1.4285913768,0.0349267210,123.8895685909,294.7836798671,6,0,794.6336816498,2482.5795163956,0.0000000000,0.0000000000,false,455.0000000000,540.0000000000,0.0054794521,1.3671232877
daily,AMD,2026-09-09,1530,essvi_g05,ok,,81,41,0.4688324417,2.0500299542,0.5912067156,0.0000000000,0.0000000000,0.0100000000,0.0001079867,0.0121259328,1.0798665265,0.0301858618,1.3787273965,15,0,0,136.8383136380,288.8630840142,1.0754412397,1.5813722470,0.0401534327,76.9879509658,256.7993758713,6,0,739.3830464282,2267.1250020674,0.0000000000,0.0000000000,false,455.0000000000,540.0000000000,0.0054794521,1.3671232877
daily,AMD,2026-09-09,1530,essvi_gfree,ok,,81,41,0.4828946499,2.2119800155,0.5964110926,0.0000000000,0.0000000000,0.0100000000,0.0000948791,0.0192112669,0.9487912824,0.0283800503,2.1384144234,15,0,0,92.6675523027,186.5641931897,0.7480690198,1.0109455180,0.0264078523,71.9659703297,192.1774503060,6,0,652.0159061808,2122.1379421917,0.0000000000,0.0000000000,false,455.0000000000,540.0000000000,0.0054794521,1.3671232877
daily,AMD,2026-09-09,1530,essvi_sg05,ok,,81,41,0.4904322222,1.7038536570,0.5845465253,0.0000000000,0.0000000000,0.0100000000,0.0000548890,0.0047847321,0.5488902946,0.0198287047,2.4003193208,15,0,0,109.4340285591,230.0861433893,0.8616538742,1.2702205373,0.0315733407,105.5684769391,223.3419136805,6,0,685.4032062662,1999.6391857317,0.0000000000,0.0000000000,false,455.0000000000,540.0000000000,0.0054794521,1.3671232877
daily,AMD,2026-09-10,1530,svi,ok,,81,41,0.4512662640,3.0000000000,0.5982698021,0.0081300813,0.0000000000,0.0100000000,0.0003520665,0.3777669055,3.5206651242,0.0382172192,2.2602086829,15,0,0,71.0326251301,132.4910626321,0.5989193486,1.0917772967,0.0206214268,67.9308674897,128.6954797627,7,0,178.6322579181,475.2373113051,0.0081300813,0.0000000000,false,450.0000000000,540.0000000000,0.0027397260,1.3643835616
daily,AMD,2026-09-10,1530,ssvi,ok,,81,41,0.4828232807,1.4470726159,0.5771912980,0.0000000000,0.0000000000,0.0100000000,0.0000526394,0.0057044317,0.5263935061,0.0201400319,2.4037220527,15,0,0,89.3360365699,157.7868859109,0.7708208252,1.4326767289,0.0258518556,83.7117830925,216.7735730213,7,0,176.7717176769,368.3513819308,0.0000000000,0.0000000000,false,450.0000000000,540.0000000000,0.0027397260,1.3643835616
daily,AMD,2026-09-10,1530,essvi,ok,,81,41,0.4285857045,2.4601823158,0.5927388421,0.0000000000,0.0000000000,0.0100000000,0.0000922073,0.0188140496,0.9220734423,0.0311544845,1.7914594393,15,0,0,99.5289567709,200.8221211468,0.8444172248,1.4903300882,0.0288054301,99.7821312156,189.6741222833,7,0,216.1632776012,593.1217791971,0.0000000000,0.0000000000,false,450.0000000000,540.0000000000,0.0027397260,1.3643835616
daily,AMD,2026-09-10,1530,essvi_g05,ok,,81,41,0.4790129369,2.3952303874,0.5866675552,0.0000000000,0.0000000000,0.0100000000,0.0001028017,0.0170259282,1.0280170741,0.0344573627,1.8055002527,15,0,0,102.6639734757,200.2507603706,0.8696670188,1.5102491566,0.0298024669,80.2676521586,182.2749897498,7,0,212.0720392977,553.8150846799,0.0000000000,0.0000000000,false,450.0000000000,540.0000000000,0.0027397260,1.3643835616
daily,AMD,2026-09-10,1530,essvi_gfree,ok,,81,41,0.4831710054,2.5577432845,0.5906574710,0.0000000000,0.0000000000,0.0100000000,0.0001025559,0.0242507562,1.0255591390,0.0354163280,2.4050227628,15,0,0,98.3685178411,194.5152667387,0.8349202881,1.4706465486,0.0284674412,86.4879125885,180.3977236488,7,0,205.6420971169,555.7434213605,0.0000000000,0.0000000000,false,450.0000000000,540.0000000000,0.0027397260,1.3643835616
daily,AMD,2026-09-10,1530,essvi_sg05,ok,,81,41,0.4806655360,1.9886975651,0.5803856619,0.0000000000,0.0000000000,0.0100000000,0.0000555317,0.0071769998,0.5553169790,0.0211021581,1.3706939774,15,0,0,90.7040790148,176.4642644414,0.7675070739,1.3181722591,0.0264067473,82.6381697735,160.5420991592,7,0,163.7827697676,477.1041119286,0.0000000000,0.0000000000,false,450.0000000000,540.0000000000,0.0027397260,1.3643835616
daily,AMD,2026-09-11,1530,svi,ok,,81,41,0.0640405769,3.0000000000,0.5896535560,0.0075278531,0.0000000000,0.0100000000,0.0013884642,1.0170448369,13.8846415284,0.0328776342,2.3563490868,15,0,0,38.4688773916,72.2140653100,0.3455241322,0.6436966835,0.0111789291,40.0374244291,85.3021774920,5,0,1058.7921334334,1778.6636098419,0.0075278531,0.0000000000,false,480.0000000000,542.5000000000,0.0082191781,1.3616438356
daily,AMD,2026-09-11,1530,ssvi,ok,,81,41,0.3245434151,0.8186788434,0.5675327164,0.0000000000,0.0000000000,0.0100000000,0.0000468596,0.0031648833,0.4685961864,0.0124939509,2.1046036404,15,0,0,32.7396988989,54.4356788880,0.3019901149,0.6155406242,0.0094309820,40.1521134558,122.5776628767,5,0,1054.6470651344,1757.9432754935,0.0000000000,0.0000000000,false,480.0000000000,542.5000000000,0.0082191781,1.3616438356
daily,AMD,2026-09-11,1530,essvi,ok,,81,41,0.3194381983,1.2063629500,0.5717251967,0.0000000000,0.0000000000,0.0100000000,0.0000597099,0.0071761715,0.5970987668,0.0157228270,2.2226573800,15,0,0,43.9744420063,80.2871922117,0.3803272150,0.6904160636,0.0129446607,46.1602853522,111.7889267829,5,0,1053.4144320429,1743.9780888610,0.0000000000,0.0000000000,false,480.0000000000,542.5000000000,0.0082191781,1.3616438356
daily,AMD,2026-09-11,1530,essvi_g05,ok,,81,41,0.3129482732,1.2993948546,0.5714581960,0.0000000000,0.0000000000,0.0100000000,0.0000826287,0.0101407502,0.8262871738,0.0199887839,0.7043207420,15,0,0,38.2608954546,72.7645580002,0.3381666460,0.7118206139,0.0114031876,55.4251301648,149.9871027485,5,0,1037.0034792140,1743.1442603030,0.0000000000,0.0000000000,false,480.0000000000,542.5000000000,0.0082191781,1.3616438356
daily,AMD,2026-09-11,1530,essvi_gfree,ok,,81,41,0.3016161004,1.4370574731,0.5753342255,0.0000000000,0.0000000000,0.0100000000,0.0000786737,0.0165913320,0.7867373198,0.0206064807,2.4045644525,15,0,0,40.7777255381,73.3466578213,0.3579780009,0.6987294813,0.0120342883,46.5017107000,139.2049811881,5,0,1010.2564710210,1726.8614903542,0.0000000000,0.0000000000,false,480.0000000000,542.5000000000,0.0082191781,1.3616438356
daily,AMD,2026-09-11,1530,essvi_sg05,ok,,81,41,0.3207890558,1.1135871104,0.5705134348,0.0000000000,0.0000000000,0.0100000000,0.0000499120,0.0051274284,0.4991197273,0.0132608315,0.7828271196,15,0,0,32.3554250722,55.6458548573,0.2966810153,0.6244350553,0.0093629501,41.3534598299,92.6829329236,5,0,1051.2141486095,1755.8686730939,0.0000000000,0.0000000000,false,480.0000000000,542.5000000000,0.0082191781,1.3616438356
daily,DIA,2026-08-14,1530,svi,ok,,81,41,0.0100000000,1.0405074937,0.2256105479,0.0617283951,0.0000000000,0.0100000000,0.0010856575,0.1965586628,10.8565751059,0.0840777500,2.3386224493,9,0,0,13.2814648516,24.2643107616,0.0897346400,0.1535735800,0.0205165981,24.0782233921,78.6478414002,5,0,6.5526390829,16.1094647742,0.0617283951,0.0000000000,false,520.0000000000,550.0000000000,0.0191780822,1.4383561644
daily,DIA,2026-08-14,1530,ssvi,ok,,81,41,0.0796818417,0.5756213965,0.2257951630,0.0000000000,0.0000000000,0.0100000000,0.0002018083,0.0220263840,2.0180831958,0.0514149335,1.9658084602,9,0,0,10.7235403306,21.9285059063,0.0678364977,0.1291149701,0.0167477581,37.2619914648,92.3095936746,5,0,10.3015320963,16.5492538209,0.0000000000,0.0000000000,true,520.0000000000,550.0000000000,0.0191780822,1.4383561644
daily,DIA,2026-08-14,1530,essvi,ok,,81,41,0.0100000000,1.1474670865,0.2289375164,0.1050888287,0.0000000000,0.0100000000,0.0006837274,0.0370632216,6.8372738118,0.0968730488,1.7814767881,9,0,0,10.6525435599,25.4338168855,0.0643581374,0.1396744406,0.0166950272,34.9762172191,88.6395518564,5,0,8.2727284803,16.8086416152,0.1050888287,0.0000000000,false,520.0000000000,550.0000000000,0.0191780822,1.4383561644
daily,DIA,2026-08-14,1530,essvi_g05,ok,,81,41,0.0100000000,0.7912955987,0.2431126740,0.0264980428,0.0000000000,0.0100000000,0.0003455606,0.0520328998,3.4556059031,0.0913407075,2.8305437906,9,0,0,7.3392061452,17.7807210536,0.0439446746,0.1053677204,0.0113958093,24.2615406600,78.3275487074,5,0,13.6869038545,29.5867829783,0.0264980428,0.0000000000,false,520.0000000000,550.0000000000,0.0191780822,1.4383561644
daily,DIA,2026-08-14,1530,essvi_gfree,ok,,81,41,0.0100000000,0.7766788572,0.2451110196,0.0267991569,0.0000000000,0.0100000000,0.0003437328,0.0462958216,3.4373275144,0.0915430950,1.4061619062,9,0,0,7.5173677203,18.5679010337,0.0432576961,0.1100323758,0.0118577943,24.0078411979,79.4835167912,5,0,12.4057513720,26.3597687625,0.0267991569,0.0000000000,false,520.0000000000,550.0000000000,0.0191780822,1.4383561644
daily,DIA,2026-08-14,1530,essvi_sg05,ok,,81,41,0.0100000000,0.7673420595,0.2568840704,0.1014754592,0.0000000000,0.0100000000,0.0004765499,0.0335388735,4.7654986090,0.1185393646,0.8055513200,9,0,0,10.3066001980,20.9063529830,0.0734631423,0.1180461291,0.0150255389,29.3734172478,81.6565380415,5,0,11.7390233675,20.9635957512,0.1014754592,0.0000000000,false,520.0000000000,550.0000000000,0.0191780822,1.4383561644
daily,DIA,2026-08-17,1530,svi,ok,,81,41,0.0100000000,1.0579589580,0.2292616332,0.0776874435,0.0000000000,0.0100000000,0.0015730299,0.1954054595,15.7302992272,0.0897038199,0.8539192456,10,0,0,7.9455803633,25.6748547375,0.0638068307,0.1969714319,0.0118748854,13.9288501103,32.7129778907,3,0,10.6339427878,25.8505803769,0.0776874435,0.0000000000,false,522.0000000000,543.0000000000,0.0109589041,1.4301369863
daily,DIA,2026-08-17,1530,ssvi,ok,,81,41,0.0952815118,0.6945446594,0.2226952395,0.0000000000,0.0000000000,0.0100000000,0.0001941849,0.0291556883,1.9418489316,0.0525136270,0.9306060939,10,0,0,8.0611595286,13.2744075953,0.0720839834,0.1809892993,0.0110487517,31.8254999132,130.0673927806,3,0,20.4685523061,46.5845441192,0.0000000000,0.0000000000,false,522.0000000000,543.0000000000,0.0109589041,1.4301369863
daily,DIA,2026-08-17,1530,essvi,ok,,81,41,0.0100000000,1.0571147919,0.2372367815,0.1177356218,0.0000000000,0.0100000000,0.0006653278,0.0335790272,6.6532781987,0.1131581833,2.7852068782,10,0,0,5.6012946469,11.2012605891,0.0514319507,0.1497589390,0.0071176672,32.9303841777,83.8605154242,3,0,9.1175239825,21.1190358254,0.1177356218,0.0000000000,false,522.0000000000,543.0000000000,0.0109589041,1.4301369863
daily,DIA,2026-08-17,1530,essvi_g05,ok,,81,41,0.0100000000,0.9843429372,0.2471781861,0.0289069557,0.0000000000,0.0100000000,0.0003830338,0.0750430417,3.8303380449,0.1000403955,2.5419761147,10,0,0,10.9707276066,19.7290090588,0.0869316757,0.2129679809,0.0150166652,24.7299913151,68.8432996585,3,0,34.4459248331,65.6755635259,0.0289069557,0.0000000000,false,522.0000000000,543.0000000000,0.0109589041,1.4301369863
daily,DIA,2026-08-17,1530,essvi_gfree,ok,,81,41,0.0100000000,0.9746699161,0.2464498738,0.0301114122,0.0000000000,0.0100000000,0.0003753092,0.0708122908,3.7530922129,0.0984687410,2.4078053266,10,0,0,11.1939811003,18.6158390675,0.0904217830,0.2202200264,0.0152253181,24.6873312213,70.9647079770,3,0,32.7732513475,62.4978591962,0.0301114122,0.0000000000,false,522.0000000000,543.0000000000,0.0109589041,1.4301369863
daily,DIA,2026-08-17,1530,essvi_sg05,ok,,81,41,0.0100000000,0.9811010082,0.2717428615,0.0719662752,0.0000000000,0.0100000000,0.0005270538,0.0694215502,5.2705379820,0.1331779068,1.9620283328,10,0,0,10.6770768404,21.9556746155,0.0779359471,0.1735805489,0.0148344160,35.6378585622,75.2845623486,3,0,36.0625404397,66.3203438051,0.0719662752,0.0000000000,false,522.0000000000,543.0000000000,0.0109589041,1.4301369863
daily,DIA,2026-08-18,1530,svi,ok,,81,41,0.0100000000,3.0000000000,0.2740544081,0.0960554050,0.0171635050,0.0100000000,0.0164133342,4.3052794248,164.1333423834,0.1285848034,2.8399162692,11,0,0,14.3735595133,44.9292599105,0.1125599026,0.3858960320,0.0218964501,34.1021737134,129.7633852496,3,0,37.4684210248,77.5505424679,0.0960554050,0.0171635050,false,524.0000000000,541.0000000000,0.0082191781,1.4273972603
daily,DIA,2026-08-18,1530,ssvi,ok,,81,41,0.0909435867,0.8138139874,0.2315646596,0.0000000000,0.0000000000,0.0100000000,0.0002242941,0.0413373834,2.2429406607,0.0553517724,1.3953839834,11,0,0,13.4862279800,35.1326552590,0.0981121697,0.2271203345,0.0215573971,51.2783504301,146.5242927262,3,0,78.8661468470,161.5306126213,0.0000000000,0.0000000000,false,524.0000000000,541.0000000000,0.0082191781,1.4273972603
daily,DIA,2026-08-18,1530,essvi,ok,,81,41,0.0100000000,1.1099594667,0.2391739796,0.0460704607,0.0000000000,0.0100000000,0.0006196513,0.0442593287,6.1965130048,0.0899790970,2.5045657721,11,0,0,10.0382715190,21.2480836196,0.0752988538,0.1556232305,0.0155084686,48.6221438772,123.0893362408,3,0,34.6040222033,67.5917249875,0.0460704607,0.0000000000,false,524.0000000000,541.0000000000,0.0082191781,1.4273972603
daily,DIA,2026-08-18,1530,essvi_g05,ok,,81,41,0.0100000000,1.1473984186,0.2520202182,0.0159590485,0.0000000000,0.0100000000,0.0003715031,0.0913575636,3.7150305347,0.0995374045,1.8378240579,11,0,0,15.6557793198,52.9888470719,0.0901385799,0.1569319884,0.0253279533,54.8982512649,121.6608536829,3,0,97.6474710772,181.8666105176,0.0159590485,0.0000000000,false,524.0000000000,541.0000000000,0.0082191781,1.4273972603
daily,DIA,2026-08-18,1530,essvi_gfree,ok,,81,41,0.0100000000,1.1151651390,0.2516054999,0.0222824450,0.0000000000,0.0100000000,0.0003788431,0.0787332009,3.7884305590,0.1006020841,2.7842762957,11,0,0,14.3055343526,46.6508703838,0.0856857720,0.1391206800,0.0229661091,56.5519369091,122.3140058363,3,0,87.7421645809,164.2972304934,0.0222824450,0.0000000000,false,524.0000000000,541.0000000000,0.0082191781,1.4273972603
daily,DIA,2026-08-18,1530,essvi_sg05,ok,,81,41,0.0100000000,1.1067809523,0.2564633118,0.0758807588,0.0000000000,0.0100000000,0.0004706386,0.0671288626,4.7063863792,0.1179793380,2.2585807771,11,0,0,15.0817131495,39.1340395600,0.1085518745,0.2586320727,0.0231664313,66.1533371383,172.8330435126,3,0,82.6592764748,158.2554886855,0.0758807588,0.0000000000,false,524.0000000000,541.0000000000,0.0082191781,1.4273972603
daily,DIA,2026-08-19,1530,svi,ok,,81,41,0.0100000000,0.8619847512,0.2297346407,0.0653417645,0.0000000000,0.0100000000,0.0009974623,0.0937427959,9.9746231020,0.0836600942,0.8105595070,13,0,0,14.4525767229,49.4915144018,0.1119816299,0.3063751072,0.0247085335,33.3739432389,120.7023862593,2,0,13.7531464026,27.2773121264,0.0653417645,0.0000000000,false,526.0000000000,539.0000000000,0.0054794521,1.4246575342
daily,DIA,2026-08-19,1530,ssvi,ok,,81,41,0.0904425165,0.8386161974,0.2260752785,0.0000000000,0.0000000000,0.0100000000,0.0002080747,0.0518489797,2.0807469747,0.0547174629,1.9753061934,13,0,0,11.3303476622,19.7392947815,0.0861753947,0.1728382177,0.0208796946,55.0204747994,192.7557478853,2,0,26.8708963132,49.7517009620,0.0000000000,0.0000000000,false,526.0000000000,539.0000000000,0.0054794521,1.4246575342
daily,DIA,2026-08-19,1530,essvi,ok,,81,41,0.0100000000,1.2489694379,0.2383850150,0.0918398073,0.0000000000,0.0100000000,0.0006908871,0.0531721748,6.9088706302,0.1044427315,2.8514339811,13,0,0,10.6477660068,20.3507157862,0.0867601686,0.2162582101,0.0183848096,41.3723733972,100.1464626523,2,0,17.7950998358,34.9822917213,0.0918398073,0.0000000000,false,526.0000000000,539.0000000000,0.0054794521,1.4246575342
daily,DIA,2026-08-19,1530,essvi_g05,ok,,81,41,0.0100000000,1.1651729790,0.2512078692,0.0301114122,0.0000000000,0.0100000000,0.0003918902,0.1188069925,3.9189016568,0.0988939297,1.2388773924,13,0,0,17.3619480525,44.6630851903,0.1155574867,0.1901130458,0.0321525691,55.5428414560,139.5272016030,3,0,73.2752415404,142.6589261223,0.0301114122,0.0000000000,false,526.0000000000,539.0000000000,0.0054794521,1.4246575342
daily,DIA,2026-08-19,1530,essvi_gfree,ok,,81,41,0.0100000000,1.0851183214,0.2564033382,0.0394459500,0.0000000000,0.0100000000,0.0004061722,0.0841160837,4.0617217862,0.1051887451,1.0174392571,13,0,0,13.1589957423,27.3021912399,0.0909970082,0.1781967867,0.0240765842,53.1801925868,145.9151425875,3,0,57.9125775269,111.7787619414,0.0394459500,0.0000000000,false,526.0000000000,539.0000000000,0.0054794521,1.4246575342
daily,DIA,2026-08-19,1530,essvi_sg05,ok,,81,41,0.0100000000,1.1456992464,0.2608549248,0.0659439928,0.0000000000,0.0100000000,0.0004684655,0.1047576217,4.6846552440,0.1170515831,0.9792483416,13,0,0,19.0273394709,50.5080888561,0.1412183266,0.3757357434,0.0341147453,54.8560929654,114.6087224379,2,0,41.7669521301,75.1370971516,0.0659439928,0.0000000000,false,526.0000000000,539.0000000000,0.0054794521,1.4246575342
daily,DIA,2026-08-20,1530,svi,ok,,81,41,0.0100000000,1.0780653348,0.2214087602,0.1002710027,0.0000000000,0.0100000000,0.0011593746,0.1637244473,11.5937464977,0.0922815265,1.0395401852,11,0,0,11.5410523153,27.9808162355,0.0991271297,0.2851217312,0.0181861693,24.4574602278,102.6720941207,2,0,20.7992851443,38.8700295103,0.1002710027,0.0000000000,false,524.0000000000,533.0000000000,0.0027397260,1.4219178082
daily,DIA,2026-08-20,1530,ssvi,ok,,81,41,0.1026189072,1.0994856030,0.2288234337,0.0000000000,0.0000000000,0.0100000000,0.0002295549,0.0776555714,2.2955494016,0.0588915093,0.9254834043,11,0,0,5.7085756723,15.8457819158,0.0412893929,0.0701073127,0.0081606136,29.8939917073,124.3553172397,2,0,24.1183369653,44.8122362322,0.0000000000,0.0000000000,false,524.0000000000,533.0000000000,0.0027397260,1.4219178082
daily,DIA,2026-08-20,1530,essvi,ok,,81,41,0.0100000000,1.3735055972,0.2333387226,0.1240590184,0.0000000000,0.0100000000,0.0007695857,0.0909663540,7.6958574868,0.1098483888,1.8982694464,11,0,0,7.5241634797,13.7076960311,0.0657246832,0.1509881957,0.0107648685,25.2947108966,105.9326866188,2,0,21.1291347393,41.0092515320,0.1240590184,0.0000000000,false,524.0000000000,533.0000000000,0.0027397260,1.4219178082
daily,DIA,2026-08-20,1530,essvi_g05,ok,,81,41,0.0100000000,1.5888090511,0.2523291531,0.0319180970,0.0000000000,0.0100000000,0.0004126634,0.1683119298,4.1266342070,0.1045502914,2.7207639247,11,0,0,10.5246159863,27.3148037954,0.0828999606,0.1654470149,0.0145022190,53.2063110350,144.5458320301,2,0,43.6420622252,76.1837406124,0.0319180970,0.0000000000,false,524.0000000000,533.0000000000,0.0027397260,1.4219178082
daily,DIA,2026-08-20,1530,essvi_gfree,ok,,81,41,0.0100000000,1.5444213066,0.2529282668,0.0325203252,0.0000000000,0.0100000000,0.0003992511,0.1526976388,3.9925110992,0.1040280781,1.4093895393,11,0,0,10.3320421229,25.4578139987,0.0822140852,0.1485147906,0.0145945574,54.1555788663,141.4498650114,2,0,40.9714253949,71.5830617939,0.0325203252,0.0000000000,false,524.0000000000,533.0000000000,0.0027397260,1.4219178082
daily,DIA,2026-08-20,1530,essvi_sg05,ok,,81,41,0.0100000000,1.5458475660,0.2504639311,0.0716651611,0.0000000000,0.0100000000,0.0004419462,0.1365982363,4.4194619681,0.1088479752,2.6017515156,11,0,0,9.3128074822,24.1685201331,0.0708303772,0.1006288737,0.0130729271,35.6746440044,90.2390462347,2,0,33.4669680841,60.1546195743,0.0716651611,0.0000000000,false,524.0000000000,533.0000000000,0.0027397260,1.4219178082
daily,DIA,2026-08-21,1530,svi,ok,,81,41,0.0100000000,1.1021708547,0.2166268704,0.1282746161,0.0000000000,0.0100000000,0.0010695634,0.0766692661,10.6956338355,0.0970671831,1.9891420847,11,0,0,11.9079689434,57.4739279484,0.0563584114,0.2334734545,0.0226275518,21.7518275755,62.0278924072,4,0,3.1226581706,7.5506409136,0.1282746161,0.0000000000,false,505.0000000000,544.0000000000,0.0191780822,1.4191780822
daily,DIA,2026-08-21,1530,ssvi,ok,,81,41,0.0597785350,0.6676203610,0.2325977912,0.0000000000,0.0000000000,0.0100000000,0.0002295420,0.0257493223,2.2954199781,0.0603767683,2.3769628888,11,0,0,8.5431841753,29.0909779887,0.0531669515,0.2174483536,0.0152785339,34.0650448877,101.3198232192,4,0,9.6777385729,22.4068767285,0.0000000000,0.0000000000,true,505.0000000000,544.0000000000,0.0191780822,1.4191780822
daily,DIA,2026-08-21,1530,essvi,ok,,81,41,0.0100000000,0.8021542788,0.2211960974,0.0897320084,0.0000000000,0.0100000000,0.0005924628,0.0725628384,5.9246278340,0.0947703431,1.3161777355,11,0,0,7.4646177105,20.6355778962,0.0511234926,0.1936278470,0.0134304982,29.9533906171,90.6614134969,4,0,4.7877821990,11.3838748825,0.0897320084,0.0000000000,false,505.0000000000,544.0000000000,0.0191780822,1.4191780822
daily,DIA,2026-08-21,1530,essvi_g05,ok,,81,41,0.0100000000,0.8901162059,0.2442072486,0.0087323095,0.0000000000,0.0100000000,0.0003160629,0.0449548403,3.1606294389,0.0931300732,1.3483431907,11,0,0,11.0513531604,43.3483845546,0.0557036677,0.1539309042,0.0202366936,38.3983148333,73.5244006122,4,0,11.9103830750,27.1654861597,0.0087323095,0.0000000000,true,505.0000000000,544.0000000000,0.0191780822,1.4191780822
daily,DIA,2026-08-21,1530,essvi_gfree,ok,,81,41,0.0100000000,0.8588380270,0.2507478344,0.0261969286,0.0000000000,0.0100000000,0.0003474286,0.0325851002,3.4742861278,0.1022231926,1.4407956349,11,0,0,9.9573392051,33.6441641473,0.0538698221,0.1527248593,0.0188759569,38.9347476029,72.9882659277,4,0,8.7815310563,20.4470222986,0.0261969286,0.0000000000,false,505.0000000000,544.0000000000,0.0191780822,1.4191780822
daily,DIA,2026-08-21,1530,essvi_sg05,ok,,81,41,0.0100000000,0.7926984089,0.2529314008,0.0716651611,0.0000000000,0.0100000000,0.0004078447,0.0302948723,4.0784467653,0.1155913341,2.7602568474,11,0,0,5.1419658805,10.9095849731,0.0425063185,0.1548818190,0.0101833636,81.1448039328,210.3150683177,4,0,5.0377067615,10.3786252301,0.0716651611,0.0000000000,false,505.0000000000,544.0000000000,0.0191780822,1.4191780822
daily,DIA,2026-08-24,1538,svi,ok,,81,41,0.0100000000,3.0000000000,0.2170965738,0.0538994279,0.0057211683,0.0100000000,0.0049788128,4.0966609282,49.7881275049,0.0766471179,2.8514476915,13,0,0,25.8875877449,71.2307276654,0.1544648354,0.3043277637,0.0468421931,27.5369090472,64.0180301047,5,0,49.2877038164,82.8061190883,0.0538994279,0.0057211683,false,515.0000000000,546.0000000000,0.0109589041,1.4109589041
daily,DIA,2026-08-24,1538,ssvi,ok,,81,41,0.0946127773,0.8458939694,0.2419928962,0.0000000000,0.0000000000,0.0100000000,0.0002648382,0.0367894445,2.6483823929,0.0481966386,1.1529825794,13,0,0,28.5584316740,78.6582070385,0.1451339034,0.2938423367,0.0529522841,49.1705402525,120.4108298460,5,0,79.5512492307,133.4205207998,0.0000000000,0.0000000000,false,515.0000000000,546.0000000000,0.0109589041,1.4109589041
daily,DIA,2026-08-24,1538,essvi,ok,,81,41,0.0100000000,0.8949677858,0.1992471979,0.1105088829,0.0000000000,0.0100000000,0.0005958583,0.0381984772,5.9585828813,0.0771813450,1.5413251720,13,0,0,18.5530872615,44.4815642411,0.0998039061,0.1942333273,0.0351499254,28.0089665241,88.3015702317,5,0,48.5740854924,75.3064929996,0.1105088829,0.0000000000,false,515.0000000000,546.0000000000,0.0109589041,1.4109589041
daily,DIA,2026-08-24,1538,essvi_g05,ok,,81,41,0.0462880932,1.0952351421,0.2460548929,0.0000000000,0.0000000000,0.0100000000,0.0003100025,0.0666882014,3.1000254008,0.0679187690,1.4190944279,13,0,0,27.1768314941,66.8541468134,0.1435589131,0.2713584592,0.0517732027,32.7662162567,82.6718323651,5,0,78.0899580799,135.8254512872,0.0000000000,0.0000000000,false,515.0000000000,546.0000000000,0.0109589041,1.4109589041
daily,DIA,2026-08-24,1538,essvi_gfree,ok,,81,41,0.0317977632,1.0037554137,0.2611160631,0.0000000000,0.0000000000,0.0100000000,0.0003461708,0.0374734354,3.4617076178,0.0809643358,1.6937124835,13,0,0,22.9310161713,54.6946906906,0.1247683496,0.2308905741,0.0438038523,41.5826033476,95.1956380712,5,0,63.1507574602,104.5594329128,0.0000000000,0.0000000000,false,515.0000000000,546.0000000000,0.0109589041,1.4109589041
daily,DIA,2026-08-24,1538,essvi_sg05,ok,,81,41,0.0100000000,0.9231806856,0.2116280983,0.0671484493,0.0000000000,0.0100000000,0.0002892233,0.0238682304,2.8922332079,0.0760584659,0.7391563621,13,0,0,21.4771796512,43.7191365695,0.1250254869,0.2377888963,0.0483683738,86.7078208865,222.5390085101,5,0,54.1213837648,86.1723681307,0.0671484493,0.0000000000,false,515.0000000000,546.0000000000,0.0109589041,1.4109589041
daily,DIA,2026-08-25,1530,svi,ok,,81,41,0.0100000000,1.3432510650,0.2235858752,0.0858175248,0.0000000000,0.0100000000,0.0014567649,0.1743553564,14.5676493235,0.0914882785,1.2739657555,13,0,0,21.3892604857,86.8567533736,0.1056795898,0.1924405116,0.0417051706,38.4846313941,109.5596121839,5,0,108.5424186403,204.0017083321,0.0858175248,0.0000000000,false,519.0000000000,546.0000000000,0.0082191781,1.4082191781
daily,DIA,2026-08-25,1530,ssvi,ok,,81,41,0.0914618044,0.9067687574,0.2386365662,0.0000000000,0.0000000000,0.0100000000,0.0002608668,0.0418844154,2.6086675125,0.0614015985,2.6399529430,13,0,0,26.6507763144,82.7305947808,0.1394349557,0.2462152757,0.0512113732,33.2928772626,118.4540017405,5,0,163.2318840657,334.1311341066,0.0000000000,0.0000000000,false,519.0000000000,546.0000000000,0.0082191781,1.4082191781
daily,DIA,2026-08-25,1530,essvi,ok,,81,41,0.0100000000,0.9013772585,0.2305287884,0.0352303523,0.0000000000,0.0100000000,0.0004550336,0.0534153752,4.5503363417,0.0833243706,1.6112671810,13,0,0,16.7338937392,43.1466786567,0.0934149948,0.1698293535,0.0330442968,31.2445017688,115.8911552526,5,0,112.3255317388,182.9841594839,0.0352303523,0.0000000000,false,519.0000000000,546.0000000000,0.0082191781,1.4082191781
daily,DIA,2026-08-25,1530,essvi_g05,ok,,81,41,0.0100000000,1.1409951822,0.2469247468,0.0060222824,0.0000000000,0.0100000000,0.0003430668,0.0851518357,3.4306684727,0.0887462182,2.4111457292,13,0,0,23.8849818355,64.1602976350,0.1161131351,0.2423747217,0.0485461909,43.3124356033,98.2915038797,5,0,157.4294270029,301.6704055221,0.0060222824,0.0000000000,false,519.0000000000,546.0000000000,0.0082191781,1.4082191781
daily,DIA,2026-08-25,1530,essvi_gfree,ok,,81,41,0.0100000000,1.0792224456,0.2545266722,0.0096356519,0.0000000000,0.0100000000,0.0003637304,0.0603803888,3.6373037858,0.0965080877,1.7244761717,13,0,0,20.0835123250,53.6454116665,0.0933544584,0.2131648781,0.0415964861,47.0133779323,100.0617157838,5,0,143.1730576122,268.1847173731,0.0096356519,0.0000000000,false,519.0000000000,546.0000000000,0.0082191781,1.4082191781
daily,DIA,2026-08-25,1530,essvi_sg05,ok,,81,41,0.0100000000,1.0287941427,0.2357301887,0.0204757603,0.0000000000,0.0100000000,0.0003028756,0.0424043860,3.0287562346,0.0842856096,1.8157992964,13,0,0,24.0892110593,43.4366901750,0.1512576857,0.2710655363,0.0520550032,64.0169960024,183.6602449797,5,0,149.4271415173,283.8387186276,0.0204757603,0.0000000000,false,519.0000000000,546.0000000000,0.0082191781,1.4082191781
daily,DIA,2026-08-26,1530,svi,ok,,81,41,0.0100000000,1.2315955983,0.2303323759,0.0843119542,0.0000000000,0.0100000000,0.0020122218,0.2833591243,20.1222183536,0.1009847448,1.6574632832,12,0,0,24.9051704526,89.3967356530,0.1207544608,0.2738887177,0.0494319120,41.6341541389,112.1710627452,5,0,158.3493164551,293.0789884959,0.0843119542,0.0000000000,false,523.0000000000,544.0000000000,0.0054794521,1.4054794521
daily,DIA,2026-08-26,1530,ssvi,ok,,81,41,0.0100000000,1.0561987122,0.2469091093,0.0243902439,0.0000000000,0.0100000000,0.0003084560,0.0705183382,3.0845602488,0.0721525096,2.8069907794,12,0,0,30.3581378243,84.4999949751,0.1378141456,0.2895020993,0.0593835574,47.1807998255,120.5156673179,5,0,229.5076703359,454.7827579395,0.0243902439,0.0000000000,false,523.0000000000,544.0000000000,0.0054794521,1.4054794521
daily,DIA,2026-08-26,1530,essvi,ok,,81,41,0.0100000000,0.9903562832,0.2418450999,0.0355314664,0.0000000000,0.0100000000,0.0003954942,0.0334653790,3.9549415319,0.0917349617,1.8119924351,12,0,0,16.8751283461,40.4717268778,0.0710418668,0.1847577655,0.0361431862,37.5718680651,122.4233754466,5,0,159.2574080649,268.6833368987,0.0355314664,0.0000000000,false,523.0000000000,544.0000000000,0.0054794521,1.4054794521
daily,DIA,2026-08-26,1530,essvi_g05,ok,,81,41,0.0663936950,1.3329977697,0.2502360417,0.0000000000,0.0000000000,0.0100000000,0.0003455101,0.1147700870,3.4551011870,0.0884918360,1.1377415089,12,0,0,27.7633240306,72.8346091721,0.1178229812,0.2660275348,0.0583536404,42.9815155219,114.1306907121,5,0,214.2767148872,383.1071901884,0.0000000000,0.0000000000,false,523.0000000000,544.0000000000,0.0054794521,1.4054794521
daily,DIA,2026-08-26,1530,essvi_gfree,ok,,81,41,0.0100000000,1.2373252781,0.2581063685,0.0003011141,0.0000000000,0.0100000000,0.0003666822,0.0779006772,3.6668222263,0.0970311125,1.1137032700,12,0,0,23.9156222809,60.5323919201,0.1016784767,0.2346763386,0.0507476690,45.4689373495,116.7242904187,5,0,196.4654137984,343.3468799186,0.0003011141,0.0000000000,false,523.0000000000,544.0000000000,0.0054794521,1.4054794521
daily,DIA,2026-08-26,1530,essvi_sg05,ok,,81,41,0.0100000000,1.2989977176,0.2610819888,0.0548027702,0.0000000000,0.0100000000,0.0004286897,0.0849391444,4.2868965968,0.1180725537,2.8235373401,12,0,0,28.7401612512,64.4831532297,0.1382906624,0.2750807624,0.0604851091,47.4311295034,129.5687239326,5,0,223.2098555424,391.1364576083,0.0548027702,0.0000000000,false,523.0000000000,544.0000000000,0.0054794521,1.4054794521
daily,DIA,2026-08-27,1530,svi,ok,,81,41,0.0100000000,1.5123493568,0.2394061682,0.0939476061,0.0000000000,0.0100000000,0.0013031533,0.1551466405,13.0315326566,0.1137172273,1.3988284192,11,0,0,17.3891298322,34.8854834181,0.0949122283,0.1698172016,0.0354880473,24.3326731239,77.2485998166,3,0,118.3340321578,201.3453069740,0.0939476061,0.0000000000,false,528.0000000000,541.0000000000,0.0027397260,1.4027397260
daily,DIA,2026-08-27,1530,ssvi,ok,,81,41,0.0836242173,1.2430178267,0.2463112991,0.0000000000,0.0000000000,0.0100000000,0.0003328709,0.1110847338,3.3287085111,0.0762280906,1.4310107806,11,0,0,20.1645665547,42.5587689823,0.0980300786,0.1737251011,0.0414859086,22.6693094253,62.6571343084,3,0,165.2933854368,297.6156492461,0.0000000000,0.0000000000,false,528.0000000000,541.0000000000,0.0027397260,1.4027397260
daily,DIA,2026-08-27,1530,essvi,ok,,81,41,0.0100000000,1.3258943295,0.2368991615,0.0803974706,0.0000000000,0.0100000000,0.0005595534,0.0830074361,5.5955344718,0.1045642079,1.1572876550,11,0,0,12.2858355923,27.9383120991,0.0568644525,0.1264832438,0.0270861313,23.6964504501,98.9451971004,3,0,126.8237172053,212.8089396678,0.0803974706,0.0000000000,false,528.0000000000,541.0000000000,0.0027397260,1.4027397260
daily,DIA,2026-08-27,1530,essvi_g05,ok,,81,41,0.0292709191,1.5278007252,0.2506609069,0.0000000000,0.0000000000,0.0100000000,0.0003513582,0.1706754787,3.5135821534,0.0981114302,1.4997986210,11,0,0,18.3110956765,41.3249441424,0.0807030461,0.1827320700,0.0404388089,33.4524971870,80.9999583260,3,0,154.0217067848,265.9250967158,0.0000000000,0.0000000000,false,528.0000000000,541.0000000000,0.0027397260,1.4027397260
daily,DIA,2026-08-27,1530,essvi_gfree,ok,,81,41,0.0100000000,1.4135661420,0.2579993542,0.0012044565,0.0000000000,0.0100000000,0.0003669199,0.1172742426,3.6691993125,0.1059102553,1.2760813439,11,0,0,16.0092404310,35.2175007883,0.0704823284,0.1553320126,0.0356923477,32.5578735782,88.9594555189,3,0,139.8989701977,237.4930124918,0.0012044565,0.0000000000,false,528.0000000000,541.0000000000,0.0027397260,1.4027397260
daily,DIA,2026-08-27,1530,essvi_sg05,ok,,81,41,0.0100000000,1.3707366214,0.2335725952,0.0180668473,0.0000000000,0.0100000000,0.0002981974,0.0978229676,2.9819738442,0.0943363454,2.6836963516,11,0,0,14.2824292838,29.6569614700,0.0704353667,0.1335940997,0.0342910399,52.6497694300,175.2500831707,3,0,132.0707753994,222.6865640455,0.0180668473,0.0000000000,false,528.0000000000,541.0000000000,0.0027397260,1.4027397260
daily,DIA,2026-08-31,1530,svi,ok,,81,41,0.0100000000,0.9957037320,0.2232881815,0.0825052695,0.0000000000,0.0100000000,0.0010391617,0.1330036836,10.3916172728,0.0952942607,1.7756456111,9,0,0,16.8706269984,43.5864344570,0.0976752457,0.2074965201,0.0273177117,29.4239185001,69.4098011223,4,0,38.7584965285,74.2066430014,0.0825052695,0.0000000000,false,520.0000000000,540.0000000000,0.0109589041,1.3917808219
daily,DIA,2026-08-31,1530,ssvi,ok,,81,41,0.0911304310,0.8029561884,0.2391606034,0.0000000000,0.0000000000,0.0100000000,0.0002764411,0.0390661207,2.7644106953,0.0683030272,1.0854041754,9,0,0,20.1937435430,51.3911660392,0.1287371827,0.2032238572,0.0308973765,16.2485417535,61.5299139168,4,0,59.9398456731,119.6753574219,0.0000000000,0.0000000000,false,520.0000000000,540.0000000000,0.0109589041,1.3917808219
daily,DIA,2026-08-31,1530,essvi,ok,,81,41,0.0100000000,0.8201976559,0.2405698218,0.0761818729,0.0000000000,0.0100000000,0.0006214201,0.0400677974,6.2142006674,0.1040268168,2.6027780417,9,0,0,13.1896639246,34.6409235086,0.0788400189,0.1365797244,0.0201652193,20.9016479329,50.2485992129,4,0,37.7244222694,66.9634305745,0.0761818729,0.0000000000,false,520.0000000000,540.0000000000,0.0109589041,1.3917808219
daily,DIA,2026-08-31,1530,essvi_g05,ok,,81,41,0.0100000000,1.0339056118,0.2489863982,0.0153568202,0.0000000000,0.0100000000,0.0003799283,0.0770493902,3.7992825560,0.1002129081,2.3706939138,9,0,0,19.6895760810,55.7443244114,0.1106816817,0.2371102153,0.0304670832,32.3553088421,71.6680832716,4,0,63.8440357779,122.4500264121,0.0153568202,0.0000000000,false,520.0000000000,540.0000000000,0.0109589041,1.3917808219
daily,DIA,2026-08-31,1530,essvi_gfree,ok,,81,41,0.0100000000,0.9727277968,0.2541145905,0.0171635050,0.0000000000,0.0100000000,0.0003931767,0.0552889853,3.9317667238,0.1058835994,2.5547131983,9,0,0,17.0627459750,47.9755821664,0.0964738386,0.2018680511,0.0264347721,29.8649288874,53.3290204976,4,0,54.5055227948,102.5905168928,0.0171635050,0.0000000000,false,520.0000000000,540.0000000000,0.0109589041,1.3917808219
daily,DIA,2026-08-31,1530,essvi_sg05,ok,,81,41,0.0100000000,0.9049511723,0.2264827417,0.0554049985,0.0000000000,0.0100000000,0.0003110543,0.0359914882,3.1105425002,0.0917356525,2.0908614537,9,0,0,15.7770456887,42.4580413577,0.0972061866,0.1668678433,0.0243140644,36.1334797880,156.2948206113,4,0,48.9502644826,87.6777956199,0.0554049985,0.0000000000,false,520.0000000000,540.0000000000,0.0109589041,1.3917808219
daily,DIA,2026-09-01,1530,svi,ok,,81,41,0.0100000000,1.6454122830,0.2517491453,0.1002710027,0.0000000000,0.0100000000,0.0027673116,0.9148935980,27.6731156544,0.1175958737,2.7863157904,10,0,0,34.4323015195,135.5100164909,0.1523118588,0.2630549931,0.0591226401,48.5675378066,144.0184356014,4,0,116.2196069326,249.0855544677,0.1002710027,0.0000000000,false,512.0000000000,536.0000000000,0.0082191781,1.3890410959
daily,DIA,2026-09-01,1530,ssvi,ok,,81,41,0.0975232304,0.8930495933,0.2382871970,0.0000000000,0.0000000000,0.0100000000,0.0002653847,0.0452913127,2.6538467188,0.0674632744,1.1787112151,10,0,0,32.9229560023,94.3684443732,0.1669420186,0.2878719441,0.0564829727,64.4820643468,221.1605324722,4,0,162.4461013027,369.3202784412,0.0000000000,0.0000000000,false,512.0000000000,536.0000000000,0.0082191781,1.3890410959
daily,DIA,2026-09-01,1530,essvi,ok,,81,41,0.0100000000,0.9601095979,0.2484594768,0.0927431497,0.0000000000,0.0100000000,0.0006122785,0.0356276987,6.1227853078,0.1140534140,2.7719160957,10,0,0,21.6511668951,63.5538780220,0.1044422213,0.1984759810,0.0370821887,39.1739403136,170.7941188881,4,0,115.8398155934,244.4255277538,0.0927431497,0.0000000000,false,512.0000000000,536.0000000000,0.0082191781,1.3890410959
daily,DIA,2026-09-01,1530,essvi_g05,ok,,81,41,0.0100000000,1.1880498453,0.2520802251,0.0207768744,0.0000000000,0.0100000000,0.0004157760,0.0938883635,4.1577601517,0.1035977119,1.0089588620,10,0,0,31.2092028829,96.8243298379,0.1454617736,0.2886798895,0.0517815981,39.3312147651,140.0274433265,4,0,143.6091088746,308.5624961259,0.0207768744,0.0000000000,false,512.0000000000,536.0000000000,0.0082191781,1.3890410959
daily,DIA,2026-09-01,1530,essvi_gfree,ok,,81,41,0.0100000000,1.1497512591,0.2561627298,0.0258958145,0.0000000000,0.0100000000,0.0004203185,0.0757312361,4.2031847057,0.1088931808,1.0016739117,10,0,0,29.1328941627,89.0807872322,0.1368754852,0.2689449997,0.0485776324,38.4461423753,142.6189192712,4,0,138.5983839987,296.0959643574,0.0258958145,0.0000000000,false,512.0000000000,536.0000000000,0.0082191781,1.3890410959
daily,DIA,2026-09-01,1530,essvi_sg05,ok,,81,41,0.0100000000,1.0739949400,0.2472379829,0.0647395363,0.0000000000,0.0100000000,0.0004131318,0.0462576688,4.1313184008,0.1107719899,0.9748460590,10,0,0,24.1614274961,65.8542686178,0.1221975976,0.2490587717,0.0413697086,58.4222231360,201.0459856512,4,0,136.3900544330,284.8379413340,0.0647395363,0.0000000000,false,512.0000000000,536.0000000000,0.0082191781,1.3890410959
daily,DIA,2026-09-02,1530,svi,ok,,81,41,0.0100000000,1.9764277013,0.2499586080,0.1499548329,0.0000000000,0.0100000000,0.0012301916,0.0993483522,12.3019163680,0.1493557527,2.0868556537,10,0,0,26.8669261207,115.2344870386,0.1195703330,0.2267536413,0.0501997267,43.1149629713,120.1440359838,2,0,66.0843331317,120.1168407148,0.1499548329,0.0000000000,false,525.0000000000,535.0000000000,0.0054794521,1.3863013699
daily,DIA,2026-09-02,1530,ssvi,ok,,81,41,0.0914204409,0.9946238930,0.2511335794,0.0000000000,0.0000000000,0.0100000000,0.0003481727,0.0818313784,3.4817271596,0.0939201864,1.6901781030,10,0,0,23.3656623879,81.5589511840,0.1075724930,0.1718586532,0.0413677600,27.5738065197,88.8339465769,2,0,89.4734221590,157.9473587305,0.0000000000,0.0000000000,false,525.0000000000,535.0000000000,0.0054794521,1.3863013699
daily,DIA,2026-09-02,1530,essvi,ok,,81,41,0.0100000000,0.9806828307,0.2398557337,0.0292080699,0.0000000000,0.0100000000,0.0004325160,0.0341915873,4.3251597998,0.0992058434,2.5907143177,10,0,0,13.3709128032,54.1572558917,0.0529690590,0.1058029033,0.0265252169,37.3440801258,170.3069318671,2,0,65.3815823086,118.7812607298,0.0292080699,0.0000000000,false,525.0000000000,535.0000000000,0.0054794521,1.3863013699
daily,DIA,2026-09-02,1530,essvi_g05,ok,,81,41,0.0100000000,1.2623176790,0.2488466940,0.0114423366,0.0000000000,0.0100000000,0.0003802855,0.1242479154,3.8028552712,0.1009588746,2.5870717519,10,0,0,24.0665246748,90.8692432814,0.0971859824,0.1866528706,0.0451807467,47.7356522976,155.3653621925,2,0,94.5856237574,166.2449205741,0.0114423366,0.0000000000,false,525.0000000000,535.0000000000,0.0054794521,1.3863013699
daily,DIA,2026-09-02,1530,essvi_gfree,ok,,81,41,0.0100000000,1.1003700309,0.2662651592,0.0153568202,0.0000000000,0.0100000000,0.0004235744,0.0633461102,4.2357444068,0.1173446825,1.4457655407,10,0,0,17.1004557254,65.4751481818,0.0699366985,0.1350415511,0.0329161152,50.1971105292,153.8755482679,2,0,77.9371805664,139.8021032338,0.0153568202,0.0000000000,false,525.0000000000,535.0000000000,0.0054794521,1.3863013699
daily,DIA,2026-09-02,1530,essvi_sg05,ok,,81,41,0.0100000000,1.2552478891,0.2436614195,0.0063233966,0.0000000000,0.0100000000,0.0003532492,0.1127473348,3.5324921166,0.0969379059,2.6237973515,10,0,0,22.4293902260,73.3425220019,0.1088829188,0.1790664836,0.0402539189,40.1537621021,128.9725648553,2,0,90.7495867987,159.5424353728,0.0063233966,0.0000000000,false,525.0000000000,535.0000000000,0.0054794521,1.3863013699
daily,DIA,2026-09-03,1530,svi,ok,,81,41,0.0100000000,1.3168183068,0.2041005499,0.0632339657,0.0000000000,0.0100000000,0.0009852451,0.1284125744,9.8524509869,0.0659529480,1.2048995619,10,0,0,14.1547758515,37.8562383245,0.1002087583,0.1786012141,0.0221048957,29.2725281932,107.9269592586,2,0,62.9052197211,113.4448600866,0.0632339657,0.0000000000,false,530.0000000000,542.0000000000,0.0027397260,1.3835616438
daily,DIA,2026-09-03,1530,ssvi,ok,,81,41,0.0919724916,1.1567934393,0.2407920746,0.0000000000,0.0000000000,0.0100000000,0.0003118207,0.1055624786,3.1182074388,0.0458037984,0.9729172964,10,0,0,16.8695040065,39.5121404118,0.1314451793,0.2358481564,0.0244298766,24.8745361313,51.8214766677,2,0,82.2539641066,144.6524890181,0.0000000000,0.0000000000,false,530.0000000000,542.0000000000,0.0027397260,1.3835616438
daily,DIA,2026-09-03,1530,essvi,ok,,81,41,0.0100000000,1.2849296976,0.2013867788,0.0695573622,0.0000000000,0.0100000000,0.0004518182,0.0987509625,4.5181824278,0.0641716240,1.9862237662,10,0,0,13.6938794833,29.1649774745,0.1138224379,0.2791373633,0.0196401480,27.7869894860,70.2838217477,2,0,72.0927812430,128.3774977692,0.0695573622,0.0000000000,false,530.0000000000,542.0000000000,0.0027397260,1.3835616438
daily,DIA,2026-09-03,1530,essvi_g05,ok,,81,41,0.0863632402,1.4864760859,0.2500733715,0.0000000000,0.0000000000,0.0100000000,0.0003937148,0.1996167243,3.9371483196,0.0710802999,1.3203320831,10,0,0,16.1689029261,45.5591006743,0.1045330100,0.2043939546,0.0249215351,43.5350680979,87.2589434502,2,0,85.5064832070,147.6444839019,0.0000000000,0.0000000000,false,530.0000000000,542.0000000000,0.0027397260,1.3835616438
daily,DIA,2026-09-03,1530,essvi_gfree,ok,,81,41,0.0878468652,1.4118030097,0.2540708370,0.0000000000,0.0000000000,0.0100000000,0.0003899008,0.1576051961,3.8990077916,0.0739237687,1.2479037797,10,0,0,14.7615547914,40.5785448944,0.0962386495,0.1837725544,0.0227532812,44.8807918563,92.9440076772,2,0,81.2347607312,141.8074273987,0.0000000000,0.0000000000,false,530.0000000000,542.0000000000,0.0027397260,1.3835616438
daily,DIA,2026-09-03,1530,essvi_sg05,ok,,81,41,0.0100000000,1.1990195609,0.2033991334,0.0523938573,0.0000000000,0.0100000000,0.0002779928,0.0710221513,2.7799276134,0.0626503238,1.0431039932,10,0,0,11.9394401725,31.7891489396,0.0952945253,0.2204761995,0.0173350083,47.3785953817,198.9478817116,2,0,63.8166061197,115.7247586482,0.0523938573,0.0000000000,false,530.0000000000,542.0000000000,0.0027397260,1.3835616438
daily,DIA,2026-09-04,1530,svi,ok,,81,41,0.0100000000,3.0000000000,0.2255534902,0.1014754592,0.0147545920,0.0100000000,0.0062530350,4.4800553774,62.5303497448,0.1016040948,2.8548164277,11,0,0,13.2780238894,35.4928305432,0.0977084359,0.1814162286,0.0225601238,24.5898675557,47.5168349895,5,0,8.5807474677,24.2757344853,0.1014754592,0.0147545920,false,514.0000000000,546.0000000000,0.0191780822,1.3808219178
daily,DIA,2026-09-04,1530,ssvi,ok,,81,41,0.0806314239,0.6527639563,0.2448214688,0.0000000000,0.0000000000,0.0100000000,0.0003138449,0.0373582869,3.1384488212,0.0731198871,1.4253999597,11,0,0,14.3240355027,25.7130267955,0.1260916780,0.2533479875,0.0209054775,51.7490702121,155.0500798328,5,0,17.4261061964,32.2451206417,0.0000000000,0.0000000000,true,514.0000000000,546.0000000000,0.0191780822,1.3808219178
daily,DIA,2026-09-04,1530,essvi,ok,,81,41,0.0100000000,0.7720024585,0.2285929906,0.0412526347,0.0000000000,0.0100000000,0.0004888418,0.0274331538,4.8884181675,0.0821520174,1.1177618994,11,0,0,14.7620243318,41.8008816187,0.1202517817,0.1906421727,0.0221918843,45.3228319046,126.2457213934,5,0,10.6084841260,25.6150073105,0.0412526347,0.0000000000,false,514.0000000000,546.0000000000,0.0191780822,1.3808219178
daily,DIA,2026-09-04,1530,essvi_g05,ok,,81,41,0.0326569810,0.7993938945,0.2392552376,0.0000000000,0.0000000000,0.0100000000,0.0003220846,0.0591353108,3.2208461530,0.0880645239,1.6075622365,11,0,0,15.7405140350,24.9126742800,0.1506825926,0.3478978454,0.0248785811,45.5061059587,115.7336805085,5,0,17.6802286826,35.6665445576,0.0000000000,0.0000000000,true,514.0000000000,546.0000000000,0.0191780822,1.3808219178
daily,DIA,2026-09-04,1530,essvi_gfree,ok,,81,41,0.0100000000,0.7569330660,0.2581454074,0.0060222824,0.0000000000,0.0100000000,0.0003813088,0.0328588732,3.8130875446,0.1048558260,1.1195804736,11,0,0,14.9390400299,30.9550268166,0.1252758687,0.2965229321,0.0244895946,51.0949103617,116.2260959709,5,0,11.8538795438,20.7144594815,0.0060222824,0.0000000000,true,514.0000000000,546.0000000000,0.0191780822,1.3808219178
daily,DIA,2026-09-04,1530,essvi_sg05,ok,,81,41,0.0100000000,0.7669407570,0.2383426911,0.0277024992,0.0000000000,0.0100000000,0.0003421122,0.0414134805,3.4211218977,0.0954769679,2.4125748041,11,0,0,14.0067629191,31.7133699820,0.1120442579,0.1643859811,0.0227660247,50.6029908079,120.0873244336,5,0,14.0748543988,29.3568902848,0.0277024992,0.0000000000,false,514.0000000000,546.0000000000,0.0191780822,1.3808219178
daily,DIA,2026-09-08,1530,svi,ok,,81,41,0.0100000000,2.3052722254,0.2340715123,0.1743450768,0.0114423366,0.0100000000,0.0044139790,3.3412547459,44.1397897306,0.1344137092,2.6933905050,9,0,0,14.8873793459,38.8467569580,0.1184412145,0.2401046798,0.0209927379,23.9998400263,69.8406972514,3,0,67.8053234548,119.2330655803,0.1743450768,0.0114423366,false,515.0000000000,533.0000000000,0.0082191781,1.3698630137
daily,DIA,2026-09-08,1530,ssvi,ok,,81,41,0.0792885625,0.9504999798,0.2470711951,0.0000000000,0.0000000000,0.0100000000,0.0003101190,0.0545638645,3.1011903955,0.0872510577,1.3733483002,9,0,0,19.4616351799,40.7686416348,0.1538465283,0.2565592955,0.0250926231,53.3910077811,253.6128161726,3,0,140.6856403753,265.7669034939,0.0000000000,0.0000000000,false,515.0000000000,533.0000000000,0.0082191781,1.3698630137
daily,DIA,2026-09-08,1530,essvi,ok,,81,41,0.0100000000,1.2650652096,0.2373692889,0.0915386932,0.0000000000,0.0100000000,0.0005099940,0.0388897400,5.0999401550,0.1100580459,1.7141746079,9,0,0,8.1136173526,20.6852243702,0.0625000935,0.1633525039,0.0103892071,25.7301473037,88.9212897937,3,0,69.8237081984,114.2159955790,0.0915386932,0.0000000000,false,515.0000000000,533.0000000000,0.0082191781,1.3698630137
daily,DIA,2026-09-08,1530,essvi_g05,ok,,81,41,0.0100000000,1.1136953227,0.2424877632,0.0274013851,0.0000000000,0.0100000000,0.0003693801,0.0799768467,3.6938005036,0.1007385943,2.4142697531,9,0,0,12.5119752450,30.6364123393,0.0799942745,0.1664792923,0.0172283440,37.6951370809,70.5307971229,3,0,109.7068733234,178.0432264983,0.0274013851,0.0000000000,false,515.0000000000,533.0000000000,0.0082191781,1.3698630137
daily,DIA,2026-09-08,1530,essvi_gfree,ok,,81,41,0.0100000000,1.1123067085,0.2683689627,0.0255947004,0.0000000000,0.0100000000,0.0004226735,0.0283379866,4.2267351057,0.1216066613,2.7805071250,9,0,0,8.5719411641,23.4080288800,0.0596536224,0.1478877394,0.0116037910,35.8817000044,71.3902817214,3,0,73.8461669988,122.1321633630,0.0255947004,0.0000000000,false,515.0000000000,533.0000000000,0.0082191781,1.3698630137
daily,DIA,2026-09-08,1530,essvi_sg05,ok,,81,41,0.0100000000,1.1562623452,0.2559691971,0.0367359229,0.0000000000,0.0100000000,0.0004349084,0.0828449646,4.3490840002,0.1128990432,2.6822802569,9,0,0,18.7887857954,29.7372374146,0.1542314385,0.2489842615,0.0249385147,25.2504734975,62.2359699423,3,0,99.0235459042,151.9055863590,0.0367359229,0.0000000000,false,515.0000000000,533.0000000000,0.0082191781,1.3698630137
daily,DIA,2026-09-09,1530,svi,ok,,81,41,0.0100000000,3.0000000000,0.2056316696,0.0707618187,0.0090334237,0.0100000000,0.0056903454,3.9754431474,56.9034544307,0.0659133169,2.7824703985,12,0,0,23.8211204707,103.7621303651,0.1088402712,0.2603979703,0.0425936816,35.1160711598,103.0172439617,5,0,110.3654205665,202.0168196504,0.0707618187,0.0090334237,false,512.0000000000,537.0000000000,0.0054794521,1.3671232877
daily,DIA,2026-09-09,1530,ssvi,ok,,81,41,0.1002081182,1.0525873893,0.2397171411,0.0000000000,0.0000000000,0.0100000000,0.0002650550,0.0557332661,2.6505504130,0.0473679038,2.4659660504,12,0,0,23.5280400628,64.8167449184,0.1130911113,0.2129758340,0.0422825751,50.8211776726,156.4009791752,5,0,149.8060069744,326.7000426460,0.0000000000,0.0000000000,false,512.0000000000,537.0000000000,0.0054794521,1.3671232877
daily,DIA,2026-09-09,1530,essvi,ok,,81,41,0.0100000000,1.1055902628,0.2058732127,0.1833785005,0.0000000000,0.0100000000,0.0008196615,0.0587142569,8.1966154450,0.0988307392,1.0296399328,12,0,0,14.6467094263,33.1260407370,0.0856775490,0.2166665728,0.0250737580,43.6386183689,110.8188529422,5,0,102.9034280160,203.8325294013,0.1833785005,0.0000000000,false,512.0000000000,537.0000000000,0.0054794521,1.3671232877
daily,DIA,2026-09-09,1530,essvi_g05,ok,,81,41,0.0100000000,1.3978724919,0.2482612226,0.0114423366,0.0000000000,0.0100000000,0.0003728521,0.1160078451,3.7285205795,0.0763898209,1.1380647708,12,0,0,25.3878287385,59.8263375822,0.1315622386,0.2248058766,0.0442209154,46.3581785254,95.1743926173,5,0,161.2146716520,319.0150635616,0.0114423366,0.0000000000,false,512.0000000000,537.0000000000,0.0054794521,1.3671232877
daily,DIA,2026-09-09,1530,essvi_gfree,ok,,81,41,0.0100000000,1.3233593314,0.2539174177,0.0141523637,0.0000000000,0.0100000000,0.0003833381,0.0863472357,3.8333812035,0.0823705582,2.6477427893,12,0,0,22.5842626709,49.9484437324,0.1199376471,0.2064052195,0.0393867851,45.0299019346,91.6739684312,5,0,148.3964571540,292.4618402878,0.0141523637,0.0000000000,false,512.0000000000,537.0000000000,0.0054794521,1.3671232877
daily,DIA,2026-09-09,1530,essvi_sg05,ok,,81,41,0.0100000000,1.1389291929,0.2116863272,0.0701595905,0.0000000000,0.0100000000,0.0002952566,0.0373721033,2.9525662712,0.0808402220,2.2102363182,12,0,0,14.4860579046,26.5453820954,0.0791068070,0.1620660776,0.0297598324,60.3225527996,161.9560306429,5,0,112.0347655792,228.8355489603,0.0701595905,0.0000000000,false,512.0000000000,537.0000000000,0.0054794521,1.3671232877
daily,DIA,2026-09-10,1530,svi,ok,,81,41,0.0100000000,1.5039595399,0.2222055113,0.0909364649,0.0000000000,0.0100000000,0.0015357300,0.2437599989,15.3573000860,0.0839202292,1.3688821498,11,0,0,29.7461231029,104.9954865495,0.1587076010,0.3667967161,0.0442489383,37.3161161009,102.9912919719,2,0,112.2947735061,200.8963375110,0.0909364649,0.0000000000,false,515.0000000000,526.0000000000,0.0027397260,1.3643835616
daily,DIA,2026-09-10,1530,ssvi,ok,,81,41,0.1050479769,1.4591487440,0.2426753984,0.0000000000,0.0000000000,0.0100000000,0.0002895961,0.0826693638,2.8959606601,0.0692271824,1.9931915864,11,0,0,25.6582805051,66.7358609706,0.1470857231,0.2472621966,0.0372061147,67.8779678390,216.2089013727,2,0,136.6014373083,238.6264315695,0.0000000000,0.0000000000,false,515.0000000000,526.0000000000,0.0027397260,1.3643835616
daily,DIA,2026-09-10,1530,essvi,ok,,81,41,0.0100000000,1.3712227103,0.2411108750,0.1382113821,0.0000000000,0.0100000000,0.0006898022,0.0503654849,6.8980217136,0.1247945258,1.2895920584,11,0,0,20.2395757884,40.2163569313,0.1427417271,0.3269381405,0.0269325128,50.1548910642,104.3983539915,2,0,108.0102603764,194.1063000531,0.1382113821,0.0000000000,false,515.0000000000,526.0000000000,0.0027397260,1.3643835616
daily,DIA,2026-09-10,1530,essvi_g05,ok,,81,41,0.0100000000,1.9069155372,0.2521654611,0.0216802168,0.0000000000,0.0100000000,0.0004221477,0.1589966607,4.2214772934,0.1098716195,1.9416680866,11,0,0,31.2597189887,75.7409805421,0.1826999671,0.3081634717,0.0436106497,57.8992850609,110.6221266009,2,0,157.6352658173,273.9031688167,0.0216802168,0.0000000000,false,515.0000000000,526.0000000000,0.0027397260,1.3643835616
daily,DIA,2026-09-10,1530,essvi_gfree,ok,,81,41,0.0100000000,1.8052520080,0.2590060576,0.0261969286,0.0000000000,0.0100000000,0.0004409686,0.1246656487,4.4096864133,0.1166619117,2.5553562115,11,0,0,29.0093789379,69.0257087215,0.1697183297,0.2860387244,0.0407568860,54.1397586996,111.1351738941,2,0,150.5078533758,262.5882455298,0.0261969286,0.0000000000,false,515.0000000000,526.0000000000,0.0027397260,1.3643835616
daily,DIA,2026-09-10,1530,essvi_sg05,ok,,81,41,0.0100000000,1.8078757267,0.2737329191,0.0704607046,0.0000000000,0.0100000000,0.0005417085,0.1169937519,5.4170848396,0.1307780287,1.6174356255,11,0,0,25.0025134872,60.6310631802,0.1448408639,0.2491850872,0.0374394449,52.2283751955,144.7309147207,2,0,138.4749803902,241.8051167829,0.0704607046,0.0000000000,false,515.0000000000,526.0000000000,0.0027397260,1.3643835616
daily,DIA,2026-09-11,1530,svi,ok,,81,41,0.0100000000,3.0000000000,0.2679157565,0.1391147245,0.0171635050,0.0100000000,0.0106129311,3.7192843913,106.1293105282,0.1483412131,2.8861658433,9,0,0,21.4012028789,55.9469567910,0.1443961435,0.2591468264,0.0310460332,22.2748316440,54.8058789026,4,0,11.4194240365,14.9030295931,0.1391147245,0.0171635050,false,505.0000000000,536.0000000000,0.0191780822,1.3616438356
daily,DIA,2026-09-11,1530,ssvi,ok,,81,41,0.0817988220,0.7428607590,0.2409894371,0.0000000000,0.0000000000,0.0100000000,0.0002647078,0.0250568690,2.6470777630,0.0669567046,0.7974965323,9,0,0,20.4040900437,59.4646523425,0.1280077401,0.2437562820,0.0274264791,65.9932888485,261.2699187854,4,0,24.5641849536,39.4897049998,0.0000000000,0.0000000000,false,505.0000000000,536.0000000000,0.0191780822,1.3616438356
daily,DIA,2026-09-11,1530,essvi,ok,,81,41,0.0100000000,0.9726068372,0.2527111616,0.1183378500,0.0000000000,0.0100000000,0.0006538629,0.0695925248,6.5386287250,0.1261610734,1.2169503206,9,0,0,18.9844104022,34.0295797001,0.1535656097,0.3444889818,0.0242397394,37.2010295217,84.7498688098,4,0,12.6813161701,18.6363151126,0.1183378500,0.0000000000,false,505.0000000000,536.0000000000,0.0191780822,1.3616438356
daily,DIA,2026-09-11,1530,essvi_g05,ok,,81,41,0.0100000000,1.0082398266,0.2493778107,0.0271002710,0.0000000000,0.0100000000,0.0003812149,0.0471836664,3.8121491468,0.1012703116,1.0604451063,9,0,0,21.9328335976,58.4024627541,0.1450802615,0.2257953465,0.0295929896,47.0727754849,117.3373631912,4,0,26.4024548861,43.8452082417,0.0271002710,0.0000000000,false,505.0000000000,536.0000000000,0.0191780822,1.3616438356
daily,DIA,2026-09-11,1530,essvi_gfree,ok,,81,41,0.0100000000,0.9355996348,0.2671732112,0.0358325805,0.0000000000,0.0100000000,0.0004591613,0.0375127618,4.5916131069,0.1234153726,2.8613165003,9,0,0,19.0666700013,44.4093362355,0.1355549092,0.1954552849,0.0255961040,38.6398289411,106.6537232789,4,0,17.9046165520,28.9161488896,0.0358325805,0.0000000000,false,505.0000000000,536.0000000000,0.0191780822,1.3616438356
daily,DIA,2026-09-11,1530,essvi_sg05,ok,,81,41,0.0100000000,0.9555761115,0.2719479509,0.0752785306,0.0000000000,0.0100000000,0.0005097724,0.0343046993,5.0977237814,0.1375301740,1.7125750491,9,0,0,21.0009368079,51.4838163626,0.1428749576,0.2391259856,0.0282113157,45.4299797291,149.4155789282,4,0,22.9259837471,34.4661278884,0.0752785306,0.0000000000,false,505.0000000000,536.0000000000,0.0191780822,1.3616438356
daily,GOOGL,2026-08-14,1530,svi,ok,,81,41,0.0100000000,1.3468511757,0.3853837205,0.0078289672,0.0000000000,0.0100000000,0.0002508595,0.0853557229,2.5085952134,0.0316332275,2.5546549809,15,0,0,16.9919695872,44.8376123714,0.0824390943,0.2505803834,0.0115432268,25.4292682836,70.0835441398,5,0,488.9124746056,836.9593531317,0.0078289672,0.0000000000,false,335.0000000000,360.0000000000,0.0082191781,1.4383561644
daily,GOOGL,2026-08-14,1530,ssvi,ok,,81,41,0.1679507431,0.7217615070,0.3765743015,0.0000000000,0.0000000000,0.0100000000,0.0000999143,0.0149180110,0.9991434712,0.0207549119,2.5397111371,15,0,0,12.3488987030,29.2579043395,0.0698810251,0.1908810471,0.0071822435,22.3094635168,92.0147509269,5,0,557.6282535515,948.7549394145,0.0000000000,0.0000000000,false,335.0000000000,360.0000000000,0.0082191781,1.4383561644
daily,GOOGL,2026-08-14,1530,essvi,ok,,81,41,0.1358013688,1.0467284840,0.3808193965,0.0000000000,0.0000000000,0.0100000000,0.0001241388,0.0286457733,1.2413877074,0.0263096215,1.7371737804,15,0,0,17.7708039338,29.3985881485,0.0988572871,0.1945241477,0.0108306739,24.9760637846,105.2378391062,5,0,542.2141347657,933.0698879712,0.0000000000,0.0000000000,false,335.0000000000,360.0000000000,0.0082191781,1.4383561644
daily,GOOGL,2026-08-14,1530,essvi_g05,ok,,81,41,0.1657954653,1.0357093511,0.3843960110,0.0000000000,0.0000000000,0.0100000000,0.0001345424,0.0276384163,1.3454239073,0.0282528209,1.7148349631,15,0,0,16.3226291891,33.8641221643,0.1067539520,0.2362999940,0.0088337650,50.3520139896,98.2459263908,5,0,494.0445327042,849.6605708936,0.0000000000,0.0000000000,false,335.0000000000,360.0000000000,0.0082191781,1.4383561644
daily,GOOGL,2026-08-14,1530,essvi_gfree,ok,,81,41,0.1482307305,1.2203990729,0.3858644948,0.0000000000,0.0000000000,0.0100000000,0.0001415883,0.0575019838,1.4158830312,0.0292168564,1.2781723144,15,0,0,21.3383154132,40.6737190682,0.1045225619,0.2489663024,0.0143574714,38.0050406122,97.3817010638,5,0,486.1866903065,857.9479065765,0.0000000000,0.0000000000,false,335.0000000000,360.0000000000,0.0082191781,1.4383561644
daily,GOOGL,2026-08-14,1530,essvi_sg05,ok,,81,41,0.1678728303,0.9731479599,0.3795463787,0.0000000000,0.0000000000,0.0100000000,0.0001126143,0.0215481400,1.1261432430,0.0246287789,1.1758238711,15,0,0,12.8735790712,30.1906087108,0.0714468872,0.1977425583,0.0076147287,23.5138808301,89.7910146184,5,0,557.0473549489,947.5149097989,0.0000000000,0.0000000000,false,335.0000000000,360.0000000000,0.0082191781,1.4383561644
daily,GOOGL,2026-08-17,1530,svi,ok,,81,41,0.0100000000,2.2146306844,0.3941164208,0.0045167118,0.0000000000,0.0100000000,0.0003509828,0.2250125418,3.5098280660,0.0352946315,2.0833029086,15,0,0,36.1672264296,58.1282880345,0.2735697283,0.5640482963,0.0174220752,66.7590860926,124.9497509788,6,0,211.2529403644,489.5876494466,0.0045167118,0.0000000000,false,325.0000000000,365.0000000000,0.0054794521,1.4301369863
daily,GOOGL,2026-08-17,1530,ssvi,ok,,81,41,0.2729682648,1.0122242685,0.3782974458,0.0000000000,0.0000000000,0.0100000000,0.0000972149,0.0122641329,0.9721486006,0.0204631779,2.0286312527,15,0,0,31.5102015828,50.9688085463,0.2193016156,0.3559321760,0.0155367339,25.7918972969,50.9688085463,6,0,170.7117757123,368.5730232028,0.0000000000,0.0000000000,false,325.0000000000,365.0000000000,0.0054794521,1.4301369863
daily,GOOGL,2026-08-17,1530,essvi,ok,,81,41,0.2686287593,1.4947673947,0.3888070057,0.0000000000,0.0000000000,0.0100000000,0.0001276030,0.0239040732,1.2760299133,0.0274686388,2.3122499623,15,0,0,46.7572320064,59.4264890724,0.3057687501,0.4913946184,0.0246543514,39.8326978207,80.0226126791,6,0,203.1462110411,489.2602658334,0.0000000000,0.0000000000,false,325.0000000000,365.0000000000,0.0054794521,1.4301369863
daily,GOOGL,2026-08-17,1530,essvi_g05,ok,,81,41,0.2624142252,1.4755976479,0.3905093422,0.0000000000,0.0000000000,0.0100000000,0.0001363329,0.0232404946,1.3633287771,0.0280220124,1.0811910084,15,0,0,59.0442097600,68.1273215763,0.3786733859,0.6375394871,0.0320465279,73.6620290866,123.1103290474,6,0,206.0699422034,483.2116782674,0.0000000000,0.0000000000,false,325.0000000000,365.0000000000,0.0054794521,1.4301369863
daily,GOOGL,2026-08-17,1530,essvi_gfree,ok,,81,41,0.2640642328,1.5963437804,0.3918100526,0.0000000000,0.0000000000,0.0100000000,0.0001388814,0.0337612335,1.3888142348,0.0291073633,1.1928764631,15,0,0,52.7603603678,63.5555094321,0.3518026390,0.6080005964,0.0276769875,61.6301314042,101.8487035754,6,0,221.3553867169,539.4219977108,0.0000000000,0.0000000000,false,325.0000000000,365.0000000000,0.0054794521,1.4301369863
daily,GOOGL,2026-08-17,1530,essvi_sg05,ok,,81,41,0.2735628434,1.3709325861,0.3835711202,0.0000000000,0.0000000000,0.0100000000,0.0001107199,0.0174622695,1.1071990010,0.0245992153,2.0649653212,15,0,0,31.5461644987,51.1531437216,0.2181596360,0.3572195198,0.0156479887,23.0981393118,51.1531437216,6,0,171.6761912926,416.6828406663,0.0000000000,0.0000000000,false,325.0000000000,365.0000000000,0.0054794521,1.4301369863
daily,GOOGL,2026-08-18,1530,svi,ok,,81,41,0.0100000000,2.2768171953,0.4009464781,0.0024089130,0.0000000000,0.0100000000,0.0003412745,0.1102386173,3.4127451390,0.0414318488,2.0015948978,15,0,0,34.3013655254,73.4231020543,0.1768887321,0.2916244954,0.0218936328,33.7391430464,106.5327152294,3,0,315.3780506119,829.0787702601,0.0024089130,0.0000000000,false,330.0000000000,352.5000000000,0.0027397260,1.4273972603
daily,GOOGL,2026-08-18,1530,ssvi,ok,,81,41,0.2772894017,1.2100167867,0.3810169293,0.0000000000,0.0000000000,0.0100000000,0.0001142229,0.0252714612,1.1422287376,0.0247240367,0.8109951747,15,0,0,34.1753612242,82.5276122221,0.1381857909,0.2952773524,0.0241800884,45.0215789859,140.1715835671,3,0,327.8054807582,860.8363581564,0.0000000000,0.0000000000,false,330.0000000000,352.5000000000,0.0027397260,1.4273972603
daily,GOOGL,2026-08-18,1530,essvi,ok,,81,41,0.0100000000,1.7898375369,0.3900348298,0.0036133695,0.0000000000,0.0100000000,0.0001872681,0.0540308736,1.8726811809,0.0330100131,1.9872265226,15,0,0,29.5852001294,63.7636465384,0.1408959626,0.2504175032,0.0187164846,62.5478806483,224.5010204089,3,0,339.0710052849,902.4287771929,0.0036133695,0.0000000000,false,330.0000000000,352.5000000000,0.0027397260,1.4273972603
daily,GOOGL,2026-08-18,1530,essvi_g05,ok,,81,41,0.2437716110,1.7465533890,0.3941501644,0.0000000000,0.0000000000,0.0100000000,0.0001667256,0.0497178634,1.6672557674,0.0362572892,2.4778806970,15,0,0,26.8906189388,66.7691385353,0.1359964737,0.2180710828,0.0168791646,77.6944886371,191.2083167983,3,0,396.6300856969,1083.9961272584,0.0000000000,0.0000000000,false,330.0000000000,352.5000000000,0.0027397260,1.4273972603
daily,GOOGL,2026-08-18,1530,essvi_gfree,ok,,81,41,0.2422409685,1.9419793837,0.3960743835,0.0000000000,0.0000000000,0.0100000000,0.0001791465,0.0773176255,1.7914646663,0.0379614590,2.1028304224,15,0,0,31.7860909251,81.8202677215,0.1461315503,0.2491126466,0.0207660337,64.9518248071,196.5640294996,4,0,630.0058670964,1357.0233990390,0.0000000000,0.0000000000,false,330.0000000000,352.5000000000,0.0027397260,1.4273972603
daily,GOOGL,2026-08-18,1530,essvi_sg05,ok,,81,41,0.2774322712,1.6164080537,0.3872513832,0.0000000000,0.0000000000,0.0100000000,0.0001336830,0.0358697919,1.3368301315,0.0306652244,1.2374559674,15,0,0,32.0204307062,92.8630470354,0.1364188194,0.2738053471,0.0226280285,42.5909293449,110.3416071889,3,0,324.9044422601,859.8555939641,0.0000000000,0.0000000000,false,330.0000000000,352.5000000000,0.0027397260,1.4273972603
daily,GOOGL,2026-08-19,1530,svi,ok,,81,41,0.0100000000,2.4375584836,0.4041182897,0.0057211683,0.0000000000,0.0100000000,0.0003659059,0.1086477944,3.6590590047,0.0473089854,1.9332327753,15,0,0,47.9615981196,128.9649576812,0.1739849956,0.4885382998,0.0367755837,41.6107307536,164.8725015286,4,0,505.6091535505,1019.0365929105,0.0057211683,0.0000000000,false,325.0000000000,357.5000000000,0.0054794521,1.4246575342
daily,GOOGL,2026-08-19,1530,ssvi,ok,,81,41,0.2931458980,1.0497861981,0.3806909368,0.0000000000,0.0000000000,0.0100000000,0.0000994709,0.0117185600,0.9947089869,0.0237789004,1.6434070754,15,0,0,51.5699289476,131.9597479682,0.2034841252,0.4761289754,0.0385668848,53.3252593871,176.0526647077,4,0,536.5534523361,1057.1789173400,0.0000000000,0.0000000000,false,325.0000000000,357.5000000000,0.0054794521,1.4246575342
daily,GOOGL,2026-08-19,1530,essvi,ok,,81,41,0.2910109220,1.5889734845,0.3949463112,0.0000000000,0.0000000000,0.0100000000,0.0001409277,0.0262337554,1.4092768875,0.0343109003,1.2665783128,15,0,0,55.4097663512,151.3434077463,0.2023542108,0.5521282127,0.0407936719,77.2513318780,287.6392044292,4,0,585.6944065185,1203.5780518197,0.0000000000,0.0000000000,false,325.0000000000,357.5000000000,0.0054794521,1.4246575342
daily,GOOGL,2026-08-19,1530,essvi_g05,ok,,81,41,0.2821954047,1.5265662603,0.3914249309,0.0000000000,0.0000000000,0.0100000000,0.0001382018,0.0219914305,1.3820175111,0.0326300348,1.3314134597,15,0,0,58.8494950697,150.3593199779,0.2326815962,0.5272535938,0.0421768460,92.0879885994,270.3650298675,4,0,611.5223965981,1233.4500920216,0.0000000000,0.0000000000,false,325.0000000000,357.5000000000,0.0054794521,1.4246575342
daily,GOOGL,2026-08-19,1530,essvi_gfree,ok,,81,41,0.2775943890,1.6632734221,0.3927181584,0.0000000000,0.0000000000,0.0100000000,0.0001425749,0.0348634089,1.4257487698,0.0340692290,2.4814503618,15,0,0,51.0284270483,133.4680991753,0.1977294287,0.4658769898,0.0370032151,72.9217139328,246.6684405856,4,0,573.7287086813,1205.6722279974,0.0000000000,0.0000000000,false,325.0000000000,357.5000000000,0.0054794521,1.4246575342
daily,GOOGL,2026-08-19,1530,essvi_sg05,ok,,81,41,0.2923395682,1.4197383410,0.3855059452,0.0000000000,0.0000000000,0.0100000000,0.0001130338,0.0166768608,1.1303378864,0.0287603553,1.4310449949,15,0,0,51.4168254377,139.6827053946,0.2014180218,0.4770063704,0.0384479517,56.6641566304,162.3299838662,4,0,543.2620298597,1083.7305546543,0.0000000000,0.0000000000,false,325.0000000000,357.5000000000,0.0054794521,1.4246575342
daily,GOOGL,2026-08-20,1530,svi,ok,,81,41,0.0100000000,2.4845469725,0.4126034352,0.0048178260,0.0000000000,0.0100000000,0.0003776268,0.1615799410,3.7762675119,0.0568212829,2.1681152798,15,0,0,62.8746052198,140.3365545161,0.2799646634,0.5178479423,0.0448673330,59.3437150308,185.6467909377,5,0,165.8282175678,321.9033571863,0.0048178260,0.0000000000,false,325.0000000000,355.0000000000,0.0027397260,1.4219178082
daily,GOOGL,2026-08-20,1530,ssvi,ok,,81,41,0.2860043787,1.2496262352,0.3848776727,0.0000000000,0.0000000000,0.0100000000,0.0001168974,0.0246431091,1.1689738031,0.0295481477,2.5203340630,15,0,0,48.1797825946,104.2965518644,0.2239135701,0.3579873740,0.0333362497,52.8289841473,129.3534357182,5,0,99.8796850752,156.4442328448,0.0000000000,0.0000000000,false,325.0000000000,355.0000000000,0.0027397260,1.4219178082
daily,GOOGL,2026-08-20,1530,essvi,ok,,81,41,0.2772379562,2.1775164177,0.4026937867,0.0000000000,0.0000000000,0.0100000000,0.0001915557,0.0821195676,1.9155566428,0.0431943445,1.8330929942,15,0,0,58.6963222546,144.8697753429,0.2661002498,0.4594475766,0.0405313033,80.7671207014,251.2925331336,5,0,173.3235363980,324.9523068699,0.0000000000,0.0000000000,false,325.0000000000,355.0000000000,0.0027397260,1.4219178082
daily,GOOGL,2026-08-20,1530,essvi_g05,ok,,81,41,0.2747855761,1.9113630421,0.3968884428,0.0000000000,0.0000000000,0.0100000000,0.0001629123,0.0423657822,1.6291229581,0.0401543986,2.5084014188,15,0,0,64.3167717275,156.5474839735,0.2949427725,0.4959038299,0.0445294373,83.1863259321,254.6403793576,5,0,211.0929466464,357.4631341428,0.0000000000,0.0000000000,false,325.0000000000,355.0000000000,0.0027397260,1.4219178082
daily,GOOGL,2026-08-20,1530,essvi_gfree,ok,,81,41,0.2725943325,2.1803600211,0.4002047400,0.0000000000,0.0000000000,0.0100000000,0.0001858394,0.0858959932,1.8583936039,0.0431653404,2.5211672645,15,0,0,55.4091286484,126.2846971740,0.2524064206,0.4288712531,0.0383492197,72.9646282735,214.9610110652,5,0,203.5595953477,370.5728985366,0.0000000000,0.0000000000,false,325.0000000000,355.0000000000,0.0027397260,1.4219178082
daily,GOOGL,2026-08-20,1530,essvi_sg05,ok,,81,41,0.2866049840,1.7433595403,0.3915369674,0.0000000000,0.0000000000,0.0100000000,0.0001392574,0.0353479075,1.3925744655,0.0360989602,2.5125399333,15,0,0,48.4993706651,127.9677403676,0.2251659048,0.3566740634,0.0338197236,54.8728991046,166.0790801987,5,0,99.2867520174,171.2569953415,0.0000000000,0.0000000000,false,325.0000000000,355.0000000000,0.0027397260,1.4219178082
daily,GOOGL,2026-08-21,1530,svi,ok,,81,41,0.0100000000,1.6969727624,0.3780097423,0.0036133695,0.0000000000,0.0100000000,0.0002902167,0.0935442064,2.9021666159,0.0309172363,1.5742128214,15,0,0,19.4683202983,40.5521453523,0.1099697273,0.1764486140,0.0122145587,34.3798305400,127.9360566003,5,0,596.4911094331,1055.9276886642,0.0036133695,0.0000000000,false,325.0000000000,360.0000000000,0.0082191781,1.4191780822
daily,GOOGL,2026-08-21,1530,ssvi,ok,,81,41,0.1720007108,0.7109144896,0.3681132054,0.0000000000,0.0000000000,0.0100000000,0.0000892450,0.0127338653,0.8924504283,0.0173102937,1.2771467285,15,0,0,22.6902550573,36.0984481196,0.1195856055,0.1738675357,0.0143569926,29.3096163250,73.5004870176,5,0,670.9167931241,1124.7258248583,0.0000000000,0.0000000000,false,325.0000000000,360.0000000000,0.0082191781,1.4191780822
daily,GOOGL,2026-08-21,1530,essvi,ok,,81,41,0.1620663675,1.2604059067,0.3734409209,0.0000000000,0.0000000000,0.0100000000,0.0001303701,0.0486288764,1.3037009418,0.0246681740,1.6144750778,15,0,0,29.7351763004,50.5783662323,0.1625937302,0.2387801607,0.0179684313,36.5649720710,129.9997189531,5,0,584.1214517653,1056.3232760039,0.0000000000,0.0000000000,false,325.0000000000,360.0000000000,0.0082191781,1.4191780822
daily,GOOGL,2026-08-21,1530,essvi_g05,ok,,81,41,0.1791011278,1.1214403515,0.3761629457,0.0000000000,0.0000000000,0.0100000000,0.0001277502,0.0245371160,1.2775018510,0.0250258670,1.2692259211,15,0,0,30.0732948599,51.7207020887,0.1600299433,0.2380943700,0.0181337712,49.1910476327,130.7473038984,5,0,510.3875666622,871.5511525901,0.0000000000,0.0000000000,false,325.0000000000,360.0000000000,0.0082191781,1.4191780822
daily,GOOGL,2026-08-21,1530,essvi_gfree,ok,,81,41,0.1592834943,1.2611583040,0.3781447337,0.0000000000,0.0000000000,0.0100000000,0.0001367528,0.0505907905,1.3675282710,0.0267586324,1.2467789714,15,0,0,30.1517371430,62.1466797791,0.1460541802,0.1972005715,0.0192321151,28.3779924201,105.4028470653,5,0,528.1338398128,918.9875001232,0.0000000000,0.0000000000,false,325.0000000000,360.0000000000,0.0082191781,1.4191780822
daily,GOOGL,2026-08-21,1530,essvi_sg05,ok,,81,41,0.1702645051,1.0149955592,0.3719516325,0.0000000000,0.0000000000,0.0100000000,0.0001010053,0.0177477709,1.0100527811,0.0211469664,2.4364546578,15,0,0,22.8799988829,38.6722739105,0.1193611240,0.1810903098,0.0144943051,30.4725290299,100.6574773804,5,0,672.4838485033,1155.4214820645,0.0000000000,0.0000000000,false,325.0000000000,360.0000000000,0.0082191781,1.4191780822
daily,GOOGL,2026-08-24,1538,svi,ok,,81,41,0.0100000000,2.1178620684,0.3883694083,0.0018066847,0.0000000000,0.0100000000,0.0002056331,0.0484890175,2.0563313620,0.0328750266,1.6973985087,15,0,0,38.2506718623,75.8928899157,0.1837775029,0.2708526510,0.0248974783,46.3090956868,112.0825399483,4,0,127.1706533371,254.7042858452,0.0018066847,0.0000000000,false,335.0000000000,365.0000000000,0.0054794521,1.4109589041
daily,GOOGL,2026-08-24,1538,ssvi,ok,,81,41,0.2443201377,1.0253087664,0.3747619816,0.0000000000,0.0000000000,0.0100000000,0.0000954172,0.0122684453,0.9541715462,0.0203913839,0.6871254282,15,0,0,40.7390070782,87.5605007138,0.1859095236,0.3165479547,0.0269809761,42.6266930049,101.9963750149,4,0,118.1222318852,204.1472646753,0.0000000000,0.0000000000,false,335.0000000000,365.0000000000,0.0054794521,1.4109589041
daily,GOOGL,2026-08-24,1538,essvi,ok,,81,41,0.2338024953,1.3410864537,0.3806251982,0.0000000000,0.0000000000,0.0100000000,0.0001120135,0.0171322835,1.1201352390,0.0254546728,2.4460712086,15,0,0,40.8307406888,92.5076872460,0.1826506628,0.3200963073,0.0269190720,33.0862473008,92.0356573732,4,0,117.1555836330,184.0954974611,0.0000000000,0.0000000000,false,335.0000000000,365.0000000000,0.0054794521,1.4109589041
daily,GOOGL,2026-08-24,1538,essvi_g05,ok,,81,41,0.2483346136,1.4412928676,0.3846496159,0.0000000000,0.0000000000,0.0100000000,0.0001316061,0.0236178825,1.3160607774,0.0290830853,1.9536354027,15,0,0,35.4446024470,81.9912583336,0.1544064468,0.2825170947,0.0237997644,55.7089436890,86.9398241867,4,0,119.2493830511,210.3501162633,0.0000000000,0.0000000000,false,335.0000000000,365.0000000000,0.0054794521,1.4109589041
daily,GOOGL,2026-08-24,1538,essvi_gfree,ok,,81,41,0.2444121380,1.5956892843,0.3864267642,0.0000000000,0.0000000000,0.0100000000,0.0001366231,0.0372421826,1.3662305454,0.0295552926,1.7828477849,15,0,0,31.4195662039,76.9811456291,0.1323655455,0.2573064715,0.0215670868,44.5135857187,94.4051224886,5,0,174.7482322486,337.7720339993,0.0000000000,0.0000000000,false,335.0000000000,365.0000000000,0.0054794521,1.4109589041
daily,GOOGL,2026-08-24,1538,essvi_sg05,ok,,81,41,0.2449968859,1.3502636283,0.3799684412,0.0000000000,0.0000000000,0.0100000000,0.0001082227,0.0175602169,1.0822273245,0.0249127255,1.0271082729,15,0,0,40.9003017503,91.5453281796,0.1862251838,0.3185953430,0.0271624229,42.7244793620,94.9380896366,4,0,114.0590314907,184.5746596461,0.0000000000,0.0000000000,false,335.0000000000,365.0000000000,0.0054794521,1.4109589041
daily,GOOGL,2026-08-25,1530,svi,ok,,81,41,0.0100000000,2.2027679912,0.3834320529,0.0186690756,0.0000000000,0.0100000000,0.0003918066,0.0862649959,3.9180655221,0.0386958211,1.7988971520,15,0,0,34.2592204308,83.8266720752,0.1329949956,0.3114270278,0.0251047164,31.9694496511,96.8839168314,3,0,299.7442755580,732.8575630411,0.0186690756,0.0000000000,false,340.0000000000,360.0000000000,0.0027397260,1.4082191781
daily,GOOGL,2026-08-25,1530,ssvi,ok,,81,41,0.2131954043,1.1778890956,0.3761717934,0.0000000000,0.0000000000,0.0100000000,0.0001076087,0.0240706200,1.0760867811,0.0244127833,1.5456600284,15,0,0,26.1110017200,49.4157580358,0.1181674999,0.2258855421,0.0177875152,31.9532484379,84.3524795419,3,0,295.9310951339,775.7123554649,0.0000000000,0.0000000000,false,340.0000000000,360.0000000000,0.0027397260,1.4082191781
daily,GOOGL,2026-08-25,1530,essvi,ok,,81,41,0.0100000000,1.7475369626,0.3860668244,0.0105389943,0.0000000000,0.0100000000,0.0001720155,0.0523634944,1.7201549977,0.0396452356,1.3577156201,15,0,0,25.3608540216,54.8539899847,0.1319914674,0.2294042915,0.0158111799,45.6532525998,98.3189367142,3,0,303.1343111199,809.5889119900,0.0105389943,0.0000000000,false,340.0000000000,360.0000000000,0.0027397260,1.4082191781
daily,GOOGL,2026-08-25,1530,essvi_g05,ok,,81,41,0.0100000000,1.7111472548,0.3854868951,0.0060222824,0.0000000000,0.0100000000,0.0001726913,0.0481726537,1.7269127822,0.0370221412,1.3267462875,15,0,0,32.6380427624,80.2399697954,0.1462874832,0.3195796780,0.0221781964,45.1702919556,100.2073032207,3,0,328.8849226525,845.6954143252,0.0060222824,0.0000000000,false,340.0000000000,360.0000000000,0.0027397260,1.4082191781
daily,GOOGL,2026-08-25,1530,essvi_gfree,ok,,81,41,0.0880767375,1.9274402302,0.3884461648,0.0000000000,0.0000000000,0.0100000000,0.0001762888,0.0885912965,1.7628882312,0.0366479024,1.5289552891,15,0,0,38.7524737557,93.1973770913,0.1747969495,0.3434478731,0.0264329942,32.9149035770,110.3625530848,3,0,315.8078153839,785.0535857004,0.0000000000,0.0000000000,false,340.0000000000,360.0000000000,0.0027397260,1.4082191781
daily,GOOGL,2026-08-25,1530,essvi_sg05,ok,,81,41,0.2040024641,1.5712090660,0.3816513358,0.0000000000,0.0000000000,0.0100000000,0.0001265245,0.0347576734,1.2652447657,0.0310920790,1.8010381065,15,0,0,25.2410195926,63.6052249545,0.1151602721,0.2323546803,0.0171491603,31.4945350564,65.0973399631,3,0,294.2652687093,776.1478420641,0.0000000000,0.0000000000,false,340.0000000000,360.0000000000,0.0027397260,1.4082191781
daily,GOOGL,2026-08-26,1530,svi,ok,,81,41,0.0100000000,2.2207037610,0.3982091559,0.0072267389,0.0048178260,0.0100000000,0.0009250934,0.7462044249,9.2509335881,0.0435744145,2.5389215398,15,0,0,36.7947539921,98.4319043982,0.1278290865,0.3694874850,0.0292519462,37.5149171647,121.8197084661,5,0,632.7679308391,1142.4066869251,0.0072267389,0.0048178260,false,320.0000000000,360.0000000000,0.0054794521,1.4054794521
daily,GOOGL,2026-08-26,1530,ssvi,ok,,81,41,0.2749907466,1.0397167382,0.3785045495,0.0000000000,0.0000000000,0.0100000000,0.0001004677,0.0115301323,1.0046772205,0.0227421925,0.9760933476,15,0,0,46.2487122885,115.6609017790,0.1744574698,0.4226482809,0.0361468023,50.0070210587,136.9041669949,5,0,603.1865498893,1015.1072579140,0.0000000000,0.0000000000,false,320.0000000000,360.0000000000,0.0054794521,1.4054794521
daily,GOOGL,2026-08-26,1530,essvi,ok,,81,41,0.2375977284,1.7291445445,0.3941644129,0.0000000000,0.0000000000,0.0100000000,0.0001534665,0.0365376993,1.5346653071,0.0361187810,2.6476001490,15,0,0,40.9702052637,128.8117992647,0.1356842844,0.4010063463,0.0329842308,53.9549724494,166.3131762220,5,0,689.6450470641,1226.8060923120,0.0000000000,0.0000000000,false,320.0000000000,360.0000000000,0.0054794521,1.4054794521
daily,GOOGL,2026-08-26,1530,essvi_g05,ok,,81,41,0.2531330220,1.5729227191,0.3901766119,0.0000000000,0.0000000000,0.0100000000,0.0001440453,0.0226164284,1.4404528241,0.0318458750,1.2252366823,15,0,0,37.7288147031,119.7432153901,0.1261781614,0.3771105716,0.0306472231,58.0512773284,147.4364167010,5,0,749.2088295225,1293.3774854433,0.0000000000,0.0000000000,false,320.0000000000,360.0000000000,0.0054794521,1.4054794521
daily,GOOGL,2026-08-26,1530,essvi_gfree,ok,,81,41,0.2512855118,1.7535845799,0.3914473151,0.0000000000,0.0000000000,0.0100000000,0.0001508700,0.0414576760,1.5086995058,0.0326858967,1.3934220606,15,0,0,38.2266897560,109.9559856289,0.1460637106,0.3475128510,0.0298033054,37.6549012182,134.0980328837,5,0,693.8296754457,1250.5980911862,0.0000000000,0.0000000000,false,320.0000000000,360.0000000000,0.0054794521,1.4054794521
daily,GOOGL,2026-08-26,1530,essvi_sg05,ok,,81,41,0.2739086890,1.4061264340,0.3830620893,0.0000000000,0.0000000000,0.0100000000,0.0001120091,0.0162299964,1.1200907979,0.0273398736,1.4061634383,15,0,0,44.8942571256,133.1201308275,0.1664211136,0.4176367936,0.0354480821,48.4558933761,145.4604041583,5,0,601.8774790055,994.0945783220,0.0000000000,0.0000000000,false,320.0000000000,360.0000000000,0.0054794521,1.4054794521
daily,GOOGL,2026-08-27,1530,svi,ok,,81,41,0.0100000000,3.0000000000,0.4069550081,0.0123456790,0.0000000000,0.0100000000,0.0007222425,0.5459541460,7.2224248398,0.0602815736,2.8636617247,15,0,0,45.0642523254,111.8013339357,0.1790131480,0.3567308429,0.0354923232,40.3237240206,137.2310039311,5,0,141.0963339978,232.1413809096,0.0123456790,0.0000000000,false,330.0000000000,355.0000000000,0.0027397260,1.4027397260
daily,GOOGL,2026-08-27,1530,ssvi,ok,,81,41,0.2670377607,1.2092865726,0.3805476819,0.0000000000,0.0000000000,0.0100000000,0.0001143573,0.0235009190,1.1435730820,0.0271866548,0.9302956471,15,0,0,49.0693652623,110.1273580249,0.2099637141,0.3776813190,0.0379380863,49.9258084641,141.1387581330,5,0,125.2957568382,183.8011392563,0.0000000000,0.0000000000,false,330.0000000000,355.0000000000,0.0027397260,1.4027397260
daily,GOOGL,2026-08-27,1530,essvi,ok,,81,41,0.0100000000,1.7864150437,0.3899964365,0.0069256248,0.0000000000,0.0100000000,0.0002224386,0.0506965319,2.2243856593,0.0414195185,1.5046082481,15,0,0,56.6165800491,129.1290741945,0.2338463004,0.4361936319,0.0434125504,66.6607519050,194.0032190388,5,0,156.0850708681,237.6255366193,0.0069256248,0.0000000000,false,330.0000000000,355.0000000000,0.0027397260,1.4027397260
daily,GOOGL,2026-08-27,1530,essvi_g05,ok,,81,41,0.2383580913,1.7439346652,0.3912400562,0.0000000000,0.0000000000,0.0100000000,0.0001637272,0.0460000487,1.6372715995,0.0384621127,1.4572813963,15,0,0,50.5743961333,120.3913688901,0.2046227837,0.4058961739,0.0392949609,56.7006383211,180.0611332633,5,0,162.5199453650,247.6013139485,0.0000000000,0.0000000000,false,330.0000000000,355.0000000000,0.0027397260,1.4027397260
daily,GOOGL,2026-08-27,1530,essvi_gfree,ok,,81,41,0.2406176517,1.9593023166,0.3939890670,0.0000000000,0.0000000000,0.0100000000,0.0001825828,0.0784533045,1.8258283426,0.0404608466,1.6694978691,15,0,0,41.2697842509,99.7962872146,0.1703441759,0.3261485393,0.0319775669,41.5458456304,152.5166478168,5,0,161.8121561574,263.3151516410,0.0000000000,0.0000000000,false,330.0000000000,355.0000000000,0.0027397260,1.4027397260
daily,GOOGL,2026-08-27,1530,essvi_sg05,ok,,81,41,0.2660228104,1.6189700094,0.3862018621,0.0000000000,0.0000000000,0.0100000000,0.0001314053,0.0332486393,1.3140529244,0.0329555329,1.3252585660,15,0,0,48.8327840773,110.0294963915,0.2081302184,0.3765438656,0.0378222071,46.2630646176,139.9825176357,5,0,125.6874099094,190.5215939463,0.0000000000,0.0000000000,false,330.0000000000,355.0000000000,0.0027397260,1.4027397260
daily,GOOGL,2026-08-31,1530,svi,ok,,81,41,0.0100000000,2.3684053267,0.3970919465,0.0039144836,0.0000000000,0.0100000000,0.0003815610,0.1943479839,3.8156100565,0.0399972218,2.0308278862,15,0,0,86.6065277019,152.6246407108,0.4216919009,0.5099214912,0.0561782744,96.2701921859,156.1444049791,5,0,157.6260065848,261.8029809977,0.0039144836,0.0000000000,false,325.0000000000,357.5000000000,0.0054794521,1.3917808219
daily,GOOGL,2026-08-31,1530,ssvi,ok,,81,41,0.2601142962,0.9608812977,0.3758288658,0.0000000000,0.0000000000,0.0100000000,0.0000980280,0.0126052410,0.9802804175,0.0214760350,2.2204124649,15,0,0,77.5593896365,133.7346630866,0.3693909427,0.4811600767,0.0512657219,81.8951541744,220.8697930041,5,0,131.9748800337,199.7828090890,0.0000000000,0.0000000000,false,325.0000000000,357.5000000000,0.0054794521,1.3917808219
daily,GOOGL,2026-08-31,1530,essvi,ok,,81,41,0.2578056265,1.3466481555,0.3873950387,0.0000000000,0.0000000000,0.0100000000,0.0001288487,0.0221590015,1.2884871565,0.0304248062,2.3926716797,15,0,0,88.3976512114,152.2258733622,0.4291165804,0.5223060302,0.0565569925,76.6988167813,130.6640157568,5,0,150.6750439390,247.0616315541,0.0000000000,0.0000000000,false,325.0000000000,357.5000000000,0.0054794521,1.3917808219
daily,GOOGL,2026-08-31,1530,essvi_g05,ok,,81,41,0.2521055139,1.4149634202,0.3880487994,0.0000000000,0.0000000000,0.0100000000,0.0001477008,0.0273387457,1.4770077078,0.0304756249,1.0755278943,15,0,0,91.0899620732,158.9865600042,0.4414293579,0.5482148981,0.0588218759,112.7683046328,152.7216735915,5,0,171.8152793249,290.9670043966,0.0000000000,0.0000000000,false,325.0000000000,357.5000000000,0.0054794521,1.3917808219
daily,GOOGL,2026-08-31,1530,essvi_gfree,ok,,81,41,0.2368952804,1.5848374444,0.3899762245,0.0000000000,0.0000000000,0.0100000000,0.0001554226,0.0445134529,1.5542260534,0.0323415891,1.9969246781,15,0,0,89.5185579064,156.4540553642,0.4347972639,0.5308179482,0.0578905239,103.7123393588,148.8731592003,5,0,198.6267145446,366.9812834277,0.0000000000,0.0000000000,false,325.0000000000,357.5000000000,0.0054794521,1.3917808219
daily,GOOGL,2026-08-31,1530,essvi_sg05,ok,,81,41,0.2600624080,1.2589766125,0.3795773143,0.0000000000,0.0000000000,0.0100000000,0.0001093637,0.0178233717,1.0936366318,0.0259400906,1.9483621030,15,0,0,77.8313563131,139.1986345351,0.3715728427,0.4805725208,0.0513903911,82.5344727832,174.3450374206,5,0,132.0326002752,213.5113338092,0.0000000000,0.0000000000,false,325.0000000000,357.5000000000,0.0054794521,1.3917808219
daily,GOOGL,2026-09-01,1530,svi,ok,,81,41,0.0100000000,2.0943396667,0.3968323749,0.0054200542,0.0033122553,0.0100000000,0.0009626021,0.6017733218,9.6260210160,0.0451483781,1.7661020193,15,0,0,64.0876741074,137.4152480344,0.2925163457,0.4524269111,0.0444680202,72.9206873584,146.3321915407,3,0,310.6443019012,689.9296738260,0.0054200542,0.0033122553,false,325.0000000000,347.5000000000,0.0027397260,1.3890410959
daily,GOOGL,2026-09-01,1530,ssvi,ok,,81,41,0.2549355800,1.1606188077,0.3763931272,0.0000000000,0.0000000000,0.0100000000,0.0001191758,0.0275088059,1.1917575368,0.0265693561,0.8351158782,15,0,0,55.5977091401,113.6062081347,0.2510457575,0.4090010853,0.0385832528,49.6604045399,148.1857679014,3,0,288.2930613802,645.3938035095,0.0000000000,0.0000000000,false,325.0000000000,347.5000000000,0.0027397260,1.3890410959
daily,GOOGL,2026-09-01,1530,essvi,ok,,81,41,0.2456561122,1.8499101891,0.3861278462,0.0000000000,0.0000000000,0.0100000000,0.0001666671,0.0736851753,1.6666710791,0.0342267116,1.4793577347,15,0,0,65.0021166082,134.1319176093,0.3053071668,0.4981387550,0.0438487489,52.2474431862,115.9545828590,3,0,306.1946800801,680.5885752416,0.0000000000,0.0000000000,false,325.0000000000,347.5000000000,0.0027397260,1.3890410959
daily,GOOGL,2026-09-01,1530,essvi_g05,ok,,81,41,0.2576838155,1.7396646292,0.3902801144,0.0000000000,0.0000000000,0.0100000000,0.0001739236,0.0525396171,1.7392356127,0.0374343580,1.3728963431,15,0,0,63.6835788273,134.7019137820,0.2955057901,0.4893132972,0.0438912312,85.5418886346,152.0541615680,3,0,314.2337318347,686.3197762700,0.0000000000,0.0000000000,false,325.0000000000,347.5000000000,0.0027397260,1.3890410959
daily,GOOGL,2026-09-01,1530,essvi_gfree,ok,,81,41,0.2355708917,1.9304963405,0.3937808634,0.0000000000,0.0000000000,0.0100000000,0.0001950764,0.0939351046,1.9507637178,0.0407132029,1.5553490154,15,0,0,65.6162207131,139.1731885557,0.2986643718,0.4671180473,0.0455046254,81.9218903475,178.2743745652,3,0,315.7815231370,683.7993529397,0.0000000000,0.0000000000,false,325.0000000000,347.5000000000,0.0027397260,1.3890410959
daily,GOOGL,2026-09-01,1530,essvi_sg05,ok,,81,41,0.2547595195,1.6267416428,0.3822737935,0.0000000000,0.0000000000,0.0100000000,0.0001378187,0.0384807705,1.3781873536,0.0325718361,1.5537269850,15,0,0,57.2855519383,123.0798549019,0.2622066666,0.4159000786,0.0394852792,50.0952012175,111.4188183682,3,0,288.6134827710,644.8337574502,0.0000000000,0.0000000000,false,325.0000000000,347.5000000000,0.0027397260,1.3890410959
daily,GOOGL,2026-09-02,1530,svi,ok,,81,41,0.0100000000,3.0000000000,0.4047433856,0.0024089130,0.0054200542,0.0100000000,0.0009675020,0.4869179808,9.6750195163,0.0473488210,2.6205184900,15,0,0,24.7623153447,52.4179543227,0.1191277460,0.1960939346,0.0164245761,31.1139125814,76.7590551871,6,0,428.2132467758,942.3852147331,0.0024089130,0.0054200542,false,325.0000000000,370.0000000000,0.0054794521,1.3863013699
daily,GOOGL,2026-09-02,1530,ssvi,ok,,81,41,0.2636398094,1.0417525372,0.3737364999,0.0000000000,0.0000000000,0.0100000000,0.0001011344,0.0119078401,1.0113440504,0.0214950476,0.7461180633,15,0,0,24.0176962586,43.3782804723,0.1207050606,0.2141960455,0.0161290080,25.3676883680,66.9198759940,6,0,409.3323386715,852.0441603704,0.0000000000,0.0000000000,false,325.0000000000,370.0000000000,0.0054794521,1.3863013699
daily,GOOGL,2026-09-02,1530,essvi,ok,,81,41,0.2593630225,1.7128789657,0.3914722739,0.0000000000,0.0000000000,0.0100000000,0.0001503293,0.0323198109,1.5032932779,0.0350609112,1.4253338238,15,0,0,26.9423864022,53.8771447191,0.1212477092,0.1975808575,0.0186223373,38.5529392845,117.0514102633,6,0,478.3516656307,1146.7317741493,0.0000000000,0.0000000000,false,325.0000000000,370.0000000000,0.0054794521,1.3863013699
daily,GOOGL,2026-09-02,1530,essvi_g05,ok,,81,41,0.2704662037,1.6339947841,0.3875210121,0.0000000000,0.0000000000,0.0100000000,0.0001505387,0.0241352601,1.5053870683,0.0318311748,1.2759838766,15,0,0,28.6536611957,55.0539772398,0.1341162466,0.2238442650,0.0197700174,43.5948707829,113.5845383182,6,0,487.1237986359,1202.3412889168,0.0000000000,0.0000000000,false,325.0000000000,370.0000000000,0.0054794521,1.3863013699
daily,GOOGL,2026-09-02,1530,essvi_gfree,ok,,81,41,0.2634797233,1.8012060169,0.3894844992,0.0000000000,0.0000000000,0.0100000000,0.0001628900,0.0483604470,1.6289000721,0.0343460793,1.4306756759,15,0,0,22.3722089051,36.7971958452,0.1141209246,0.2093139066,0.0145809214,26.4961644789,89.7356544811,6,0,452.0883635993,1142.0662059997,0.0000000000,0.0000000000,false,325.0000000000,370.0000000000,0.0054794521,1.3863013699
daily,GOOGL,2026-09-02,1530,essvi_sg05,ok,,81,41,0.2642462442,1.5152600534,0.3779103991,0.0000000000,0.0000000000,0.0100000000,0.0001114387,0.0169964614,1.1143872768,0.0253988127,1.1678203699,15,0,0,23.5296357732,48.2120865706,0.1151982544,0.1961985274,0.0161187742,22.9335621853,63.6803460699,6,0,410.9511452602,1075.7748270870,0.0000000000,0.0000000000,false,325.0000000000,370.0000000000,0.0054794521,1.3863013699
daily,GOOGL,2026-09-03,1530,svi,ok,,81,41,0.0100000000,2.6757046186,0.4150515321,0.0042155977,0.0000000000,0.0100000000,0.0003607807,0.0788942412,3.6078069614,0.0558677706,2.2884701473,15,0,0,73.7804359066,171.7848307496,0.3371384062,0.4858130575,0.0550487583,62.2061910366,199.7794399300,5,0,338.4267389457,598.9760330567,0.0042155977,0.0000000000,false,330.0000000000,362.5000000000,0.0027397260,1.3835616438
daily,GOOGL,2026-09-03,1530,ssvi,ok,,81,41,0.2667243197,1.2342957781,0.3773727586,0.0000000000,0.0000000000,0.0100000000,0.0001143199,0.0230092756,1.1431986096,0.0264197122,2.5042910170,15,0,0,88.6603104827,178.9004603364,0.4126761502,0.5890150442,0.0638307208,94.9384014223,244.2132456753,5,0,315.0813352502,497.0325818743,0.0000000000,0.0000000000,false,330.0000000000,362.5000000000,0.0027397260,1.3835616438
daily,GOOGL,2026-09-03,1530,essvi,ok,,81,41,0.2642422228,2.0136364914,0.4010606000,0.0000000000,0.0000000000,0.0100000000,0.0001921210,0.0663692431,1.9212102522,0.0426801095,2.4217601120,15,0,0,100.0789413429,209.0298796190,0.4511639601,0.6602015451,0.0731878577,111.2263376321,250.2138085692,5,0,369.8736147412,616.0713982965,0.0000000000,0.0000000000,false,330.0000000000,362.5000000000,0.0027397260,1.3835616438
daily,GOOGL,2026-09-03,1530,essvi_g05,ok,,81,41,0.2491708296,1.8799962797,0.3960296502,0.0000000000,0.0000000000,0.0100000000,0.0001751935,0.0463265367,1.7519346880,0.0400353363,2.6232330461,15,0,0,111.0719693750,231.3113178590,0.4921710588,0.7706997375,0.0834107157,73.6877149376,262.1547428609,5,0,396.0485189342,641.9299508977,0.0000000000,0.0000000000,false,330.0000000000,362.5000000000,0.0027397260,1.3835616438
daily,GOOGL,2026-09-03,1530,essvi_gfree,ok,,81,41,0.2506401920,2.1461756940,0.3995764324,0.0000000000,0.0000000000,0.0100000000,0.0002033296,0.1026462316,2.0332964296,0.0429354587,2.0526930477,15,0,0,88.1100433538,174.9570821374,0.3996239113,0.5913024890,0.0650967234,63.3690309592,216.4607220758,5,0,371.0596859869,649.4894972414,0.0000000000,0.0000000000,false,330.0000000000,362.5000000000,0.0027397260,1.3835616438
daily,GOOGL,2026-09-03,1530,essvi_sg05,ok,,81,41,0.2666506657,1.7069830438,0.3838657389,0.0000000000,0.0000000000,0.0100000000,0.0001328334,0.0322983690,1.3283344000,0.0312400370,1.3598197479,15,0,0,85.6880885610,173.9668184935,0.3978280180,0.5754334597,0.0617540596,91.9231888847,188.9066641770,5,0,314.3105793209,513.9923307642,0.0000000000,0.0000000000,false,330.0000000000,362.5000000000,0.0027397260,1.3835616438
daily,GOOGL,2026-09-04,1530,svi,ok,,81,41,0.0100000000,1.7479557146,0.3673866584,0.0081300813,0.0000000000,0.0100000000,0.0003459323,0.0851261148,3.4593232149,0.0282089540,1.3584299984,15,0,0,36.4979408534,51.8956382948,0.2097007906,0.3278252999,0.0234484516,25.6278524283,88.0796771953,6,0,32.1761548192,48.3839008401,0.0081300813,0.0000000000,false,325.0000000000,365.0000000000,0.0136986301,1.3808219178
daily,GOOGL,2026-09-04,1530,ssvi,ok,,81,41,0.1921297128,0.6602690397,0.3637290486,0.0000000000,0.0000000000,0.0100000000,0.0000873811,0.0072085091,0.8738114276,0.0175256757,2.5714572260,15,0,0,42.7877052878,75.3576649705,0.2174355879,0.2756674266,0.0298839690,40.1868381899,146.5244847389,6,0,37.8743069805,66.9982617674,0.0000000000,0.0000000000,false,325.0000000000,365.0000000000,0.0136986301,1.3808219178
daily,GOOGL,2026-09-04,1530,essvi,ok,,81,41,0.0100000000,1.0173546042,0.3603780062,0.0033122553,0.0000000000,0.0100000000,0.0001950216,0.0775332507,1.9502156055,0.0212151488,1.7458506328,15,0,0,47.2474673293,67.4081196248,0.2882842775,0.5350350087,0.0290069647,54.5427053262,133.1355602456,6,0,34.3164676342,55.8317086606,0.0033122553,0.0000000000,false,325.0000000000,365.0000000000,0.0136986301,1.3808219178
daily,GOOGL,2026-09-04,1530,essvi_g05,ok,,81,41,0.1856769518,1.0102910523,0.3710396362,0.0000000000,0.0000000000,0.0100000000,0.0001288388,0.0164266822,1.2883882424,0.0231248490,2.5546105285,15,0,0,44.5809390891,62.5687015392,0.2825309945,0.5868647952,0.0274328088,37.6953657974,114.6067137184,6,0,38.5889408233,51.0481101456,0.0000000000,0.0000000000,false,325.0000000000,365.0000000000,0.0136986301,1.3808219178
daily,GOOGL,2026-09-04,1530,essvi_gfree,ok,,81,41,0.1593782065,1.2179659722,0.3729708892,0.0000000000,0.0000000000,0.0100000000,0.0001351882,0.0442940465,1.3518823941,0.0232230166,1.1917810856,15,0,0,31.2197450506,47.4677215469,0.2146029501,0.4596131145,0.0176573142,25.6011842576,97.9168166222,6,0,22.2918284539,37.4710906535,0.0000000000,0.0000000000,false,325.0000000000,365.0000000000,0.0136986301,1.3808219178
daily,GOOGL,2026-09-04,1530,essvi_sg05,ok,,81,41,0.1891885661,0.9361665344,0.3662315794,0.0000000000,0.0000000000,0.0100000000,0.0000956426,0.0101346318,0.9564261034,0.0201899462,2.4710457786,15,0,0,43.3652815520,90.8568935889,0.2224267346,0.3097034424,0.0303234032,39.2422708492,94.3162642449,6,0,38.3213151630,67.0871845217,0.0000000000,0.0000000000,false,325.0000000000,365.0000000000,0.0136986301,1.3808219178
daily,GOOGL,2026-09-08,1530,svi,ok,,81,41,0.0100000000,2.5062576668,0.3900867792,0.0078289672,0.0000000000,0.0100000000,0.0003605648,0.1144098566,3.6056477054,0.0426902142,2.6422322441,15,0,0,55.4320668703,137.7514309660,0.2190591156,0.5004280324,0.0379375471,49.3699018649,153.2750384844,4,0,536.3324623603,1123.5616855410,0.0078289672,0.0000000000,false,330.0000000000,352.5000000000,0.0027397260,1.3698630137
daily,GOOGL,2026-09-08,1530,ssvi,ok,,81,41,0.2592938804,1.2178579143,0.3743634122,0.0000000000,0.0000000000,0.0100000000,0.0001101282,0.0238296741,1.1012815538,0.0254548189,1.1639432527,15,0,0,40.5508229862,110.9288684602,0.1481291484,0.4023771191,0.0287410973,35.2369333650,140.6769907514,4,0,501.5166737599,998.2689650622,0.0000000000,0.0000000000,false,330.0000000000,352.5000000000,0.0027397260,1.3698630137
daily,GOOGL,2026-09-08,1530,essvi,ok,,81,41,0.2604842885,1.8505144868,0.3845942642,0.0000000000,0.0000000000,0.0100000000,0.0001476530,0.0500108019,1.4765295347,0.0341421524,1.4056619752,15,0,0,54.6160294752,143.2407230093,0.2020081638,0.5255162773,0.0381718006,55.2107913701,144.2452168691,4,0,569.3879088813,1187.7033614340,0.0000000000,0.0000000000,false,330.0000000000,352.5000000000,0.0027397260,1.3698630137
daily,GOOGL,2026-09-08,1530,essvi_g05,ok,,81,41,0.2633977999,1.7745105882,0.3858018671,0.0000000000,0.0000000000,0.0100000000,0.0001467652,0.0399675147,1.4676516053,0.0349164899,2.5798165857,15,0,0,65.0270969594,152.2591227632,0.2624991214,0.5946974221,0.0442066882,63.7378259498,161.0896342018,3,0,422.5458128203,1067.9667090437,0.0000000000,0.0000000000,false,330.0000000000,352.5000000000,0.0027397260,1.3698630137
daily,GOOGL,2026-09-08,1530,essvi_gfree,ok,,81,41,0.2664626775,1.9182406757,0.3871001576,0.0000000000,0.0000000000,0.0100000000,0.0001566203,0.0608216016,1.5662025447,0.0355407551,1.4927101316,15,0,0,88.5372315664,210.8926991872,0.3705134841,0.7674279432,0.0594597341,81.3276951386,223.0590096075,4,0,642.4714107194,1268.5087644926,0.0000000000,0.0000000000,false,330.0000000000,352.5000000000,0.0027397260,1.3698630137
daily,GOOGL,2026-09-08,1530,essvi_sg05,ok,,81,41,0.2595338551,1.7091659628,0.3810304749,0.0000000000,0.0000000000,0.0100000000,0.0001301152,0.0339634112,1.3011524954,0.0326716084,2.5996080397,15,0,0,40.5461139912,104.4860498683,0.1454965149,0.4102573701,0.0288143473,34.7125639012,104.4860498683,4,0,523.0044934330,1077.5657130719,0.0000000000,0.0000000000,false,330.0000000000,352.5000000000,0.0027397260,1.3698630137
daily,GOOGL,2026-09-09,1530,svi,ok,,81,41,0.2882894245,2.4247822112,0.4007561507,0.0000000000,0.0000000000,0.0100000000,0.0002504262,0.0406414137,2.5042621044,0.0449987377,2.5452563201,15,0,0,65.5954600218,139.6781105237,0.2993683342,0.4812302859,0.0422907546,56.4202119476,163.1304046317,6,0,554.9633217270,1213.3158322493,0.0000000000,0.0000000000,false,300.1860762682,350.0000000000,0.0054794521,1.3671232877
daily,GOOGL,2026-09-09,1530,ssvi,ok,,81,41,0.2840635148,1.0628229332,0.3772649695,0.0000000000,0.0000000000,0.0100000000,0.0000980223,0.0112197302,0.9802231633,0.0225717062,2.4353082167,15,0,0,63.5230227921,132.2227563051,0.2878840146,0.4789717221,0.0414169129,64.2782580684,182.4555123857,6,0,560.2203982471,1120.0543199558,0.0000000000,0.0000000000,false,300.1860762682,350.0000000000,0.0054794521,1.3671232877
daily,GOOGL,2026-09-09,1530,essvi,ok,,81,41,0.2776795312,1.7854403368,0.3880951210,0.0000000000,0.0000000000,0.0100000000,0.0001419245,0.0374017964,1.4192449130,0.0336202281,1.4041515181,15,0,0,73.0099083393,186.9920029518,0.3094145047,0.5867156323,0.0483878619,86.6285734300,240.4327701730,6,0,661.9019271534,1377.2041679220,0.0000000000,0.0000000000,false,300.1860762682,350.0000000000,0.0054794521,1.3671232877
daily,GOOGL,2026-09-09,1530,essvi_g05,ok,,81,41,0.2750921606,1.6155690950,0.3906614300,0.0000000000,0.0000000000,0.0100000000,0.0001512665,0.0244325555,1.5126654873,0.0338593756,1.2389266833,15,0,0,81.0613751741,207.5379160916,0.3549043071,0.6218328723,0.0530235891,79.1334750410,250.1481057142,6,0,740.8853125038,1531.6476923576,0.0000000000,0.0000000000,false,300.1860762682,350.0000000000,0.0054794521,1.3671232877
daily,GOOGL,2026-09-09,1530,essvi_gfree,ok,,81,41,0.2756867650,1.8724490018,0.3927353563,0.0000000000,0.0000000000,0.0100000000,0.0001621677,0.0528478711,1.6216768122,0.0356855040,1.7103436782,15,0,0,84.7280478690,217.4938555241,0.3728461715,0.6554208407,0.0556026923,66.7981702704,253.2843592557,6,0,725.0743289036,1503.2950774572,0.0000000000,0.0000000000,false,300.1860762682,350.0000000000,0.0054794521,1.3671232877
daily,GOOGL,2026-09-09,1530,essvi_sg05,ok,,81,41,0.2813771207,1.4170079639,0.3806075741,0.0000000000,0.0000000000,0.0100000000,0.0001099955,0.0160784556,1.0999553168,0.0273145829,1.5605675823,15,0,0,56.6916467034,171.4720071321,0.2439850585,0.4789956405,0.0377281786,57.4245265584,185.7587286065,6,0,559.2909373217,1190.5735235894,0.0000000000,0.0000000000,false,300.1860762682,350.0000000000,0.0054794521,1.3671232877
daily,GOOGL,2026-09-10,1530,svi,ok,,81,41,0.0100000000,2.7411606406,0.3900023517,0.0054200542,0.0000000000,0.0100000000,0.0003629215,0.0971616171,3.6292150039,0.0459338351,2.3914746018,15,0,0,50.2599443064,97.4704149602,0.2726439339,0.5110991489,0.0295645169,58.9772690120,111.1566995414,5,0,174.6274250482,280.3421016578,0.0054200542,0.0000000000,false,320.0000000000,350.0000000000,0.0027397260,1.3643835616
daily,GOOGL,2026-09-10,1530,ssvi,ok,,81,41,0.2848683406,1.2701770399,0.3763552731,0.0000000000,0.0000000000,0.0100000000,0.0001040194,0.0195480017,1.0401936615,0.0279380311,1.5664932275,15,0,0,39.9731002628,71.9463281383,0.2730121294,0.6645120829,0.0208117422,52.7359823131,116.6581476409,5,0,137.8054419321,244.6822411438,0.0000000000,0.0000000000,false,320.0000000000,350.0000000000,0.0027397260,1.3643835616
daily,GOOGL,2026-09-10,1530,essvi,ok,,81,41,0.1622323624,1.8002872442,0.3829306971,0.0000000000,0.0000000000,0.0100000000,0.0001341193,0.0314934042,1.3411931341,0.0360953217,2.4716275352,15,0,0,72.8685427062,126.1614053891,0.4264588522,0.8586934678,0.0425151028,87.8516832173,179.5550923130,5,0,171.7396021296,261.0415608529,0.0000000000,0.0000000000,false,320.0000000000,350.0000000000,0.0027397260,1.3643835616
daily,GOOGL,2026-09-10,1530,essvi_g05,ok,,81,41,0.2642256437,1.9718712199,0.3912148495,0.0000000000,0.0000000000,0.0100000000,0.0001801822,0.0513510638,1.8018216500,0.0438743229,1.6241927329,15,0,0,159.4483581533,286.9211226256,0.8005002355,1.0532243779,0.1011886138,109.7358978338,321.1674902896,5,0,222.7255283635,306.3335023422,0.0000000000,0.0000000000,false,320.0000000000,350.0000000000,0.0027397260,1.3643835616
daily,GOOGL,2026-09-10,1530,essvi_gfree,ok,,81,41,0.2555427239,2.3525666045,0.3972669673,0.0000000000,0.0000000000,0.0100000000,0.0002263114,0.1390966815,2.2631138030,0.0483662321,2.0964386401,15,0,0,124.0800517340,209.8266698434,0.6571857788,1.0174139132,0.0760281234,103.1759121249,253.2140777508,5,0,212.7219943004,323.4925464493,0.0000000000,0.0000000000,false,320.0000000000,350.0000000000,0.0027397260,1.3643835616
daily,GOOGL,2026-09-10,1530,essvi_sg05,ok,,81,41,0.2852299345,1.7432797241,0.3831827535,0.0000000000,0.0000000000,0.0100000000,0.0001223862,0.0274340618,1.2238619138,0.0349317965,1.4378040262,15,0,0,36.9917615446,74.9397020386,0.2616100627,0.6931324218,0.0188879380,41.0066609328,90.9327218538,5,0,136.4732724890,244.9374800243,0.0000000000,0.0000000000,false,320.0000000000,350.0000000000,0.0027397260,1.3643835616
daily,GOOGL,2026-09-11,1530,svi,ok,,81,41,0.0100000000,2.2440552440,0.3845955187,0.0063233966,0.0000000000,0.0100000000,0.0008349484,0.2580086391,8.3494841800,0.0388905970,1.9587515386,15,0,0,32.4243408633,68.7158255954,0.1754033766,0.2791087650,0.0204726620,37.2415167619,88.2465879723,6,0,517.1661349961,1043.7797324533,0.0063233966,0.0000000000,false,325.0000000000,360.0000000000,0.0082191781,1.3616438356
daily,GOOGL,2026-09-11,1530,ssvi,ok,,81,41,0.1759441402,0.7065185225,0.3670049425,0.0000000000,0.0000000000,0.0100000000,0.0000883471,0.0121323008,0.8834712566,0.0171392270,0.4248893642,15,0,0,24.8186219786,37.7062176481,0.1349579519,0.2033327712,0.0153872539,27.2434137177,57.5042282729,6,0,544.2348534298,1086.1715233753,0.0000000000,0.0000000000,false,325.0000000000,360.0000000000,0.0082191781,1.3616438356
daily,GOOGL,2026-09-11,1530,essvi,ok,,81,41,0.1663026569,1.3281762665,0.3748158870,0.0000000000,0.0000000000,0.0100000000,0.0001315480,0.0468795107,1.3154802950,0.0252297445,1.0424797949,15,0,0,32.5914138297,55.5972043463,0.1805933130,0.3153173775,0.0198514444,25.2050313894,52.6929445901,6,0,476.6386272068,1019.6026158694,0.0000000000,0.0000000000,false,325.0000000000,360.0000000000,0.0082191781,1.3616438356
daily,GOOGL,2026-09-11,1530,essvi_g05,ok,,81,41,0.1778122799,1.1787648218,0.3750035734,0.0000000000,0.0000000000,0.0100000000,0.0001253062,0.0225020106,1.2530623927,0.0250677455,1.0660742899,15,0,0,31.0409551555,51.0828693384,0.1835125534,0.3687315651,0.0186043607,28.8980766097,69.9655364120,6,0,422.7975356051,969.8590223254,0.0000000000,0.0000000000,false,325.0000000000,360.0000000000,0.0082191781,1.3616438356
daily,GOOGL,2026-09-11,1530,essvi_gfree,ok,,81,41,0.1591425844,1.3412099381,0.3772582736,0.0000000000,0.0000000000,0.0100000000,0.0001381528,0.0535634372,1.3815280742,0.0261965939,1.0417771373,15,0,0,39.6014789815,74.9628894062,0.2054505878,0.3206904285,0.0254930905,37.8497093453,121.6641333803,6,0,442.7523655981,958.3479893000,0.0000000000,0.0000000000,false,325.0000000000,360.0000000000,0.0082191781,1.3616438356
daily,GOOGL,2026-09-11,1530,essvi_sg05,ok,,81,41,0.1656214445,1.0748223522,0.3696276234,0.0000000000,0.0000000000,0.0100000000,0.0000995585,0.0180527045,0.9955846831,0.0217048121,2.6035495148,15,0,0,24.8431000121,47.9651532295,0.1337149240,0.1956114050,0.0154203982,21.5413533528,43.9992955251,6,0,546.4490411083,1237.2865363085,0.0000000000,0.0000000000,false,325.0000000000,360.0000000000,0.0082191781,1.3616438356
daily,IWM,2026-08-14,1530,svi,ok,,81,41,0.0100000000,1.7326510288,0.2885298938,0.0177657332,0.0000000000,0.0100000000,0.0006144871,0.0800959936,6.1448709814,0.0429942709,1.4034182127,14,0,0,13.3726722026,19.1947015742,0.0672741035,0.1597374274,0.0155385016,21.6393457232,51.3739414500,3,0,243.7744040229,377.9929043223,0.0177657332,0.0000000000,false,297.0000000000,308.0000000000,0.0082191781,1.4383561644
daily,IWM,2026-08-14,1530,ssvi,ok,,81,41,0.0777811887,0.7554222848,0.2769138561,0.0000000000,0.0000000000,0.0100000000,0.0002420633,0.0533195014,2.4206326234,0.0311221560,1.1631754752,14,0,0,18.4562093098,40.5558413640,0.1101656462,0.3371350073,0.0193668811,45.8298956839,102.1181654542,3,0,246.4367719336,374.9764485484,0.0000000000,0.0000000000,false,297.0000000000,308.0000000000,0.0082191781,1.4383561644
daily,IWM,2026-08-14,1530,essvi,ok,,81,41,0.0100000000,0.9544635849,0.2824202763,0.0033122553,0.0000000000,0.0100000000,0.0002836481,0.0756096354,2.8364812614,0.0343515775,0.7550492523,14,0,0,25.0986069433,46.6689517334,0.1502870840,0.3877276919,0.0260927987,66.4650617316,180.0062084618,3,0,245.3615928583,371.5330825001,0.0033122553,0.0000000000,false,297.0000000000,308.0000000000,0.0082191781,1.4383561644
daily,IWM,2026-08-14,1530,essvi_g05,ok,,81,41,0.0546738421,0.9883937364,0.2920629023,0.0000000000,0.0000000000,0.0100000000,0.0003039650,0.0977007697,3.0396504443,0.0401017376,2.9243429804,14,0,0,29.3771799237,51.4973129054,0.1667821668,0.4265688051,0.0319817438,58.2043621583,156.4664936873,3,0,222.4282554278,335.2247399815,0.0000000000,0.0000000000,false,297.0000000000,308.0000000000,0.0082191781,1.4383561644
daily,IWM,2026-08-14,1530,essvi_gfree,ok,,81,41,0.0573181721,1.0311179229,0.2879601559,0.0000000000,0.0000000000,0.0100000000,0.0003015913,0.1289415636,3.0159134989,0.0373370456,1.4608434945,14,0,0,28.7469123015,54.4636035170,0.1680425621,0.4517818811,0.0306305719,60.3405518475,166.1462828585,4,0,206.8407746548,315.4238801811,0.0000000000,0.0000000000,false,297.0000000000,308.0000000000,0.0082191781,1.4383561644
daily,IWM,2026-08-14,1530,essvi_sg05,ok,,81,41,0.0677925428,0.9683983040,0.2823350405,0.0000000000,0.0000000000,0.0100000000,0.0002634224,0.0823052361,2.6342243598,0.0341470337,1.0268646440,14,0,0,15.5005119055,28.7380319768,0.0897833891,0.2386435110,0.0159848045,62.2841797408,165.5024420174,3,0,239.9830394631,366.9398105246,0.0000000000,0.0000000000,false,297.0000000000,308.0000000000,0.0082191781,1.4383561644
daily,IWM,2026-08-17,1530,svi,ok,,81,41,0.0100000000,2.1398945892,0.2915336941,0.0301114122,0.0000000000,0.0100000000,0.0005444414,0.1328340030,5.4444135444,0.0517163672,1.9192669591,14,0,0,19.0508910797,47.0818754927,0.1158069398,0.3725224104,0.0178378752,25.7083697298,57.5947291553,3,0,83.6360896234,155.3295463169,0.0301114122,0.0000000000,false,298.0000000000,307.0000000000,0.0027397260,1.4301369863
daily,IWM,2026-08-17,1530,ssvi,ok,,81,41,0.1273785424,1.2153905362,0.2980372689,0.0000000000,0.0000000000,0.0100000000,0.0002851715,0.0941109695,2.8517148712,0.0384231323,0.9719894641,14,0,0,15.6651663380,42.1403960793,0.0922437097,0.3338448656,0.0145986844,27.5331125835,61.9924842219,3,0,95.6055682873,201.3751126422,0.0000000000,0.0000000000,false,298.0000000000,307.0000000000,0.0027397260,1.4301369863
daily,IWM,2026-08-17,1530,essvi,ok,,81,41,0.1284154058,1.4788198202,0.2978908971,0.0000000000,0.0000000000,0.0100000000,0.0003041175,0.1040422046,3.0411752656,0.0444533534,1.2489882824,14,0,0,16.1002293126,36.3895901601,0.0881595956,0.2884785873,0.0158869865,40.0052750318,133.6351372699,3,0,69.3928314605,113.6690639476,0.0000000000,0.0000000000,false,298.0000000000,307.0000000000,0.0027397260,1.4301369863
daily,IWM,2026-08-17,1530,essvi_g05,ok,,81,41,0.1151624656,1.6066351993,0.3081783013,0.0000000000,0.0000000000,0.0100000000,0.0003536763,0.1716909169,3.5367627673,0.0486301597,1.4823910838,14,0,0,18.0174632275,39.0025667138,0.1024488648,0.3183494205,0.0177638640,54.5729462228,107.1634976447,3,0,39.4347232188,77.0410786368,0.0000000000,0.0000000000,false,298.0000000000,307.0000000000,0.0027397260,1.4301369863
daily,IWM,2026-08-17,1530,essvi_gfree,ok,,81,41,0.0986709551,1.6566124484,0.3049687446,0.0000000000,0.0000000000,0.0100000000,0.0003556840,0.2039167869,3.5568396261,0.0480877499,2.5279673103,14,0,0,19.4708892771,45.9388324626,0.1148508067,0.3646053656,0.0190516426,53.3669807420,121.3223573772,3,0,48.4622599984,92.3744312723,0.0000000000,0.0000000000,false,298.0000000000,307.0000000000,0.0027397260,1.4301369863
daily,IWM,2026-08-17,1530,essvi_sg05,ok,,81,41,0.0823399404,1.5622862360,0.2972569713,0.0000000000,0.0000000000,0.0100000000,0.0003019227,0.1378907119,3.0192269843,0.0430065883,1.3304260188,14,0,0,13.7208652524,32.0209058371,0.0789200239,0.2538736345,0.0134936440,48.7338469095,125.2863969511,3,0,64.8343991088,114.3627925494,0.0000000000,0.0000000000,false,298.0000000000,307.0000000000,0.0027397260,1.4301369863
daily,IWM,2026-08-18,1530,svi,ok,,81,41,0.0100000000,1.8628439699,0.2922579364,0.0430593195,0.0000000000,0.0100000000,0.0007418012,0.0969573066,7.4180124702,0.0473920658,1.5652355807,14,0,0,23.7521601640,58.9531651202,0.0799682924,0.1641373043,0.0296643673,32.3249072462,72.9099687299,3,0,386.8807566927,634.5627066025,0.0430593195,0.0000000000,false,293.0000000000,305.0000000000,0.0027397260,1.4273972603
daily,IWM,2026-08-18,1530,ssvi,ok,,81,41,0.0905386398,1.3572793541,0.2885414902,0.0000000000,0.0000000000,0.0100000000,0.0002889277,0.0885813145,2.8892770836,0.0417749199,1.0591809576,14,0,0,27.7428528554,58.4814672558,0.1043505772,0.1711419120,0.0328692714,54.5706512981,139.3748581136,3,0,408.0510584903,690.3941772889,0.0000000000,0.0000000000,false,293.0000000000,305.0000000000,0.0027397260,1.4273972603
daily,IWM,2026-08-18,1530,essvi,ok,,81,41,0.0373771312,1.6153040764,0.2968287151,0.0000000000,0.0000000000,0.0100000000,0.0003176391,0.0950758210,3.1763905499,0.0449537794,2.1754116951,14,0,0,27.6033326833,64.5007245258,0.1008657787,0.1619574269,0.0336721445,62.5802511491,187.6333016940,3,0,399.2595272523,658.1016706498,0.0000000000,0.0000000000,false,293.0000000000,305.0000000000,0.0027397260,1.4273972603
daily,IWM,2026-08-18,1530,essvi_g05,ok,,81,41,0.0520076794,1.7570872589,0.3081143099,0.0000000000,0.0000000000,0.0100000000,0.0003599694,0.1630609649,3.5996939759,0.0465579533,1.4722540431,14,0,0,24.7494032478,62.0437115542,0.0923027250,0.1568504987,0.0297906261,57.1662062477,168.1798713638,3,0,390.1429208061,648.1846134490,0.0000000000,0.0000000000,false,293.0000000000,305.0000000000,0.0027397260,1.4273972603
daily,IWM,2026-08-18,1530,essvi_gfree,ok,,81,41,0.0389631192,1.8064985296,0.3042092140,0.0000000000,0.0000000000,0.0100000000,0.0003612214,0.1939036812,3.6122142543,0.0476599180,1.5186909047,14,0,0,24.5690695308,57.3647811444,0.0982944892,0.1442588592,0.0290161594,53.3689989153,163.7100600064,3,0,386.9552586114,650.3667578007,0.0000000000,0.0000000000,false,293.0000000000,305.0000000000,0.0027397260,1.4273972603
daily,IWM,2026-08-18,1530,essvi_sg05,ok,,81,41,0.0507822216,1.7530693775,0.3001321816,0.0000000000,0.0000000000,0.0100000000,0.0003356037,0.1468596756,3.3560368774,0.0492540663,2.7888717819,14,0,0,26.5986015494,63.5777865914,0.1006870771,0.1580282349,0.0313378150,67.2206247955,200.2018057561,3,0,398.4468888287,658.6959855508,0.0000000000,0.0000000000,false,293.0000000000,305.0000000000,0.0027397260,1.4273972603
daily,IWM,2026-08-19,1530,svi,ok,,81,41,0.0100000000,2.1112553268,0.2906271105,0.0505871725,0.0000000000,0.0100000000,0.0006494720,0.0989962381,6.4947197793,0.0507706496,1.8161463289,14,0,0,29.7387730535,93.0052114052,0.0989123554,0.2066368061,0.0400799268,36.1669769652,88.0014448358,3,0,369.8528034898,575.4199502902,0.0505871725,0.0000000000,false,295.0000000000,305.0000000000,0.0027397260,1.4246575342
daily,IWM,2026-08-19,1530,ssvi,ok,,81,41,0.1371921770,1.2881420883,0.2934326596,0.0000000000,0.0000000000,0.0100000000,0.0002904426,0.0923749992,2.9044255173,0.0396445130,1.5614933274,14,0,0,33.9949966415,72.9666849314,0.1467948793,0.3006046447,0.0398999079,66.2196027484,169.8738019864,3,0,393.2514660635,651.9773156216,0.0000000000,0.0000000000,false,295.0000000000,305.0000000000,0.0027397260,1.4246575342
daily,IWM,2026-08-19,1530,essvi,ok,,81,41,0.0100000000,1.5072950185,0.2887361566,0.0003011141,0.0000000000,0.0100000000,0.0002947978,0.0906856345,2.9479776330,0.0408203731,1.2333053807,14,0,0,34.4779463981,93.7425903525,0.1323626638,0.2383563546,0.0435476339,69.5579526818,169.0638328012,3,0,384.1623063578,622.1015057705,0.0003011141,0.0000000000,false,295.0000000000,305.0000000000,0.0027397260,1.4246575342
daily,IWM,2026-08-19,1530,essvi_g05,ok,,81,41,0.0100000000,1.6531210621,0.3015993032,0.0060222824,0.0000000000,0.0100000000,0.0003487322,0.1646183438,3.4873224946,0.0491307290,1.3765777371,14,0,0,42.5026922300,93.1395954658,0.1990695057,0.4631553285,0.0497111896,62.2638688384,165.5321116383,3,0,384.8169741809,626.2140440655,0.0060222824,0.0000000000,false,295.0000000000,305.0000000000,0.0027397260,1.4246575342
daily,IWM,2026-08-19,1530,essvi_gfree,ok,,81,41,0.0100000000,1.6773991924,0.3004009756,0.0060222824,0.0000000000,0.0100000000,0.0003502431,0.1798902369,3.5024308805,0.0478131427,1.7978805814,14,0,0,41.7800842216,91.7452057266,0.1958084832,0.4567935169,0.0488177281,63.1139498659,165.2134754952,3,0,382.1180475351,626.0358262310,0.0060222824,0.0000000000,false,295.0000000000,305.0000000000,0.0027397260,1.4246575342
daily,IWM,2026-08-19,1530,essvi_sg05,ok,,81,41,0.0658986096,1.6295121836,0.2958423846,0.0000000000,0.0000000000,0.0100000000,0.0003122922,0.1415499110,3.1229224513,0.0434306846,1.3528122221,14,0,0,32.4556234653,84.1797688560,0.1380449197,0.2915215717,0.0383750147,77.7659101791,180.7095384211,3,0,386.6112428433,634.7648982174,0.0000000000,0.0000000000,false,295.0000000000,305.0000000000,0.0027397260,1.4246575342
daily,IWM,2026-08-20,1530,svi,ok,,81,41,0.0100000000,2.2794334986,0.2965369312,0.0343270099,0.0000000000,0.0100000000,0.0007254354,0.1987817545,7.2543544202,0.0618037282,2.2009901589,15,0,0,87.3305849753,210.5498063574,0.3115894774,0.4938538229,0.1564408993,84.2180918047,215.4575531443,4,0,167.4134351143,259.6422243539,0.0343270099,0.0000000000,false,290.0000000000,303.0000000000,0.0027397260,1.4219178082
daily,IWM,2026-08-20,1530,ssvi,ok,,81,41,0.1441943579,1.4409513977,0.3020848445,0.0000000000,0.0000000000,0.0100000000,0.0002804641,0.0766295998,2.8046407948,0.0411992154,1.9184149250,15,0,0,95.1427376844,193.4514094902,0.3696488390,0.5753749976,0.1309266756,137.0841072192,334.3837086669,4,0,207.3017760755,344.7512412062,0.0000000000,0.0000000000,false,290.0000000000,303.0000000000,0.0027397260,1.4219178082
daily,IWM,2026-08-20,1530,essvi,ok,,81,41,0.0100000000,1.5703186434,0.2959717689,0.0036133695,0.0000000000,0.0100000000,0.0003052627,0.0581241429,3.0526270815,0.0455271600,1.3522965806,15,0,0,90.7548731678,204.5048475451,0.3309668847,0.5098058772,0.1385662797,121.6912924011,325.0659451782,4,0,169.9791516337,266.9878922711,0.0036133695,0.0000000000,false,290.0000000000,303.0000000000,0.0027397260,1.4219178082
daily,IWM,2026-08-20,1530,essvi_g05,ok,,81,41,0.1442409611,1.8313505281,0.3090986913,0.0000000000,0.0000000000,0.0100000000,0.0003427767,0.1419949809,3.4277668703,0.0500539283,2.1662568805,15,0,0,82.9409348909,194.3235490432,0.2909989511,0.4756153430,0.1276077233,101.2940487130,302.3359424311,4,0,179.2941072343,258.8578295817,0.0000000000,0.0000000000,false,290.0000000000,303.0000000000,0.0027397260,1.4219178082
daily,IWM,2026-08-20,1530,essvi_gfree,ok,,81,41,0.0100000000,1.7786384341,0.3061652346,0.0084311954,0.0000000000,0.0100000000,0.0003397794,0.1203754528,3.3977940974,0.0495273341,1.5528742401,15,0,0,91.2060128629,196.1776547493,0.3530861968,0.5929865949,0.1354954522,105.9916432532,302.4008696505,4,0,173.3397430925,249.8807714899,0.0084311954,0.0000000000,false,290.0000000000,303.0000000000,0.0027397260,1.4219178082
daily,IWM,2026-08-20,1530,essvi_sg05,ok,,81,41,0.0100000000,1.8140911649,0.2994611904,0.0081300813,0.0000000000,0.0100000000,0.0003046420,0.1149988036,3.0464201211,0.0444997784,2.1008205960,15,0,0,90.7403350211,200.2932896869,0.3445803892,0.5582877352,0.1375993737,127.8860169273,316.9796580697,4,0,192.9559821626,292.7489847359,0.0081300813,0.0000000000,false,290.0000000000,303.0000000000,0.0027397260,1.4219178082
daily,IWM,2026-08-21,1530,svi,ok,,81,41,0.0100000000,3.0000000000,0.2863400874,0.0286058416,0.0021077989,0.0100000000,0.0036207438,3.6411447928,36.2074382003,0.0426298767,2.6651900270,14,0,0,52.2388376667,117.1105186185,0.2093506012,0.3921960882,0.0651237509,57.1098385966,114.0042254668,3,0,331.2858689595,457.0263535120,0.0286058416,0.0021077989,false,293.0000000000,304.0000000000,0.0082191781,1.4191780822
daily,IWM,2026-08-21,1530,ssvi,ok,,81,41,0.0841713654,0.7721302033,0.2823015936,0.0000000000,0.0000000000,0.0100000000,0.0002494258,0.0527378276,2.4942581640,0.0315865815,1.4991050889,14,0,0,51.3186789578,102.3755810418,0.2085735736,0.2958401175,0.0608606887,97.3321861930,239.6856570604,4,0,330.7226636782,437.3831470936,0.0000000000,0.0000000000,false,293.0000000000,304.0000000000,0.0082191781,1.4191780822
daily,IWM,2026-08-21,1530,essvi,ok,,81,41,0.0100000000,0.9225118584,0.2722088057,0.0084311954,0.0000000000,0.0100000000,0.0003035785,0.0522208274,3.0357851003,0.0362198702,2.7597870687,14,0,0,51.6054271668,117.1096153641,0.2035669819,0.2909160894,0.0627138840,99.8844292994,312.9518132119,3,0,343.6412312635,474.0126460678,0.0084311954,0.0000000000,false,293.0000000000,304.0000000000,0.0082191781,1.4191780822
daily,IWM,2026-08-21,1530,essvi_g05,ok,,81,41,0.0764696374,1.0212394996,0.2932593983,0.0000000000,0.0000000000,0.0100000000,0.0003196666,0.1024741062,3.1966661976,0.0433177384,1.2069710404,14,0,0,41.8282890684,106.3087445365,0.1478562181,0.2513784016,0.0530820758,85.4563389681,273.5631261066,4,0,284.7414884471,389.3517013612,0.0000000000,0.0000000000,false,293.0000000000,304.0000000000,0.0082191781,1.4191780822
daily,IWM,2026-08-21,1530,essvi_gfree,ok,,81,41,0.0719283392,1.0542672322,0.2899531887,0.0000000000,0.0000000000,0.0100000000,0.0003147421,0.1252029381,3.1474212218,0.0396685919,0.8261181850,14,0,0,42.2825729356,101.7999427892,0.1567580715,0.2686801809,0.0529962613,83.1242322130,269.0584912406,4,0,264.4942052591,370.6625815867,0.0000000000,0.0000000000,false,293.0000000000,304.0000000000,0.0082191781,1.4191780822
daily,IWM,2026-08-21,1530,essvi_sg05,ok,,81,41,0.0842278247,0.9954048487,0.2810089333,0.0000000000,0.0000000000,0.0100000000,0.0002623288,0.0795987162,2.6232880505,0.0369652988,0.7702450392,14,0,0,46.8070021340,111.3936130430,0.1817852963,0.2643021571,0.0574825205,100.2759586883,302.3756162348,3,0,320.0374903960,431.4851408957,0.0000000000,0.0000000000,false,293.0000000000,304.0000000000,0.0082191781,1.4191780822
daily,IWM,2026-08-24,1538,svi,ok,,81,41,0.0100000000,2.7668069281,0.2924956719,0.0174646191,0.0042155977,0.0100000000,0.0053197189,3.6893280521,53.1971892126,0.0451706229,2.4192442952,15,0,0,25.0732746103,57.3988022355,0.1100881426,0.2372275815,0.0320175972,37.6322424541,96.5730420390,2,0,195.2116488124,355.0471471267,0.0174646191,0.0042155977,false,293.0000000000,302.0000000000,0.0027397260,1.4109589041
daily,IWM,2026-08-24,1538,ssvi,ok,,81,41,0.1307026648,1.2452222608,0.2972982201,0.0000000000,0.0000000000,0.0100000000,0.0002833916,0.0962254515,2.8339160637,0.0365394098,1.0001668321,15,0,0,33.8313556427,77.2915950772,0.1360451946,0.2468627032,0.0426953493,30.1728170914,109.5554061995,2,0,183.4618134493,303.1384517247,0.0000000000,0.0000000000,false,293.0000000000,302.0000000000,0.0027397260,1.4109589041
daily,IWM,2026-08-24,1538,essvi,ok,,81,41,0.0100000000,1.4330800103,0.2911986525,0.0054200542,0.0000000000,0.0100000000,0.0003236047,0.0940292652,3.2360471842,0.0437418893,1.6173558349,15,0,0,26.8662098297,48.0476682241,0.1097682111,0.2039063973,0.0366090343,55.4030363797,150.8430229645,2,0,185.1149185314,318.4825849506,0.0054200542,0.0000000000,false,293.0000000000,302.0000000000,0.0027397260,1.4109589041
daily,IWM,2026-08-24,1538,essvi_g05,ok,,81,41,0.1166871065,1.6107674196,0.3045945977,0.0000000000,0.0000000000,0.0100000000,0.0003498570,0.1753688838,3.4985704049,0.0458660888,2.3354934144,15,0,0,31.0425333528,49.8692239792,0.1490576857,0.3638253338,0.0413597850,75.2830113919,143.3097858692,2,0,129.0095299021,222.6973728194,0.0000000000,0.0000000000,false,293.0000000000,302.0000000000,0.0027397260,1.4109589041
daily,IWM,2026-08-24,1538,essvi_gfree,ok,,81,41,0.0936837151,1.6101194421,0.3037454530,0.0000000000,0.0000000000,0.0100000000,0.0003485770,0.1749799327,3.4857697303,0.0458195011,2.2917540584,15,0,0,30.7028118911,49.2384378361,0.1471877523,0.3589034296,0.0410014290,75.0091126119,144.0176486821,2,0,129.1045533913,223.1958364085,0.0000000000,0.0000000000,false,293.0000000000,302.0000000000,0.0027397260,1.4109589041
daily,IWM,2026-08-24,1538,essvi_sg05,ok,,81,41,0.0637418057,1.5766186371,0.2939224086,0.0000000000,0.0000000000,0.0100000000,0.0002986009,0.1428154054,2.9860086318,0.0389379917,1.3532266671,15,0,0,39.2138145069,71.9012602252,0.1585041799,0.2937209822,0.0561221336,69.3949631211,164.8384065735,2,0,178.0337454269,283.0879324205,0.0000000000,0.0000000000,false,293.0000000000,302.0000000000,0.0027397260,1.4109589041
daily,IWM,2026-08-25,1530,svi,ok,,81,41,0.0100000000,1.8183620109,0.2827382359,0.0388437218,0.0000000000,0.0100000000,0.0005616691,0.0952234416,5.6166908407,0.0493840171,1.5907954893,14,0,0,26.2738336188,47.8213738215,0.1159598015,0.2322376493,0.0296521523,31.6067218941,73.7915171765,2,0,203.6871809971,343.9302904888,0.0388437218,0.0000000000,false,293.0000000000,303.0000000000,0.0027397260,1.4082191781
daily,IWM,2026-08-25,1530,ssvi,ok,,81,41,0.0860364438,1.2943483639,0.2835468683,0.0000000000,0.0000000000,0.0100000000,0.0002877758,0.0994008104,2.8777577728,0.0395880984,1.0393616900,14,0,0,17.5270608315,24.2287206196,0.0859077915,0.1734917606,0.0183199163,50.8943075828,121.2951270477,2,0,215.5975597287,398.0140229123,0.0000000000,0.0000000000,false,293.0000000000,303.0000000000,0.0027397260,1.4082191781
daily,IWM,2026-08-25,1530,essvi,ok,,81,41,0.0100000000,1.4257644828,0.2894668078,0.0003011141,0.0000000000,0.0100000000,0.0003199543,0.1001745534,3.1995432543,0.0470226259,1.2501932819,14,0,0,23.6817593545,52.8257500851,0.0940723363,0.1587634432,0.0277769173,64.4879834001,191.3634441402,2,0,209.1956654177,368.7371573777,0.0003011141,0.0000000000,false,293.0000000000,303.0000000000,0.0027397260,1.4082191781
daily,IWM,2026-08-25,1530,essvi_g05,ok,,81,41,0.0973690693,1.5922765574,0.2992547714,0.0000000000,0.0000000000,0.0100000000,0.0003517393,0.1784661473,3.5173926082,0.0477434710,1.3644569019,14,0,0,24.5199591757,55.6537787301,0.1072336771,0.1812402949,0.0271421294,70.7935478366,176.0145820941,2,0,205.9805396259,361.7035254480,0.0000000000,0.0000000000,false,293.0000000000,303.0000000000,0.0027397260,1.4082191781
daily,IWM,2026-08-25,1530,essvi_gfree,ok,,81,41,0.0977865358,1.6117428444,0.2983031782,0.0000000000,0.0000000000,0.0100000000,0.0003506932,0.1898317402,3.5069323649,0.0480055465,1.3830628877,14,0,0,23.8827631542,54.9003757649,0.1037626249,0.1759878490,0.0264075617,69.5446627221,178.1186025203,2,0,205.2902357141,361.1166625984,0.0000000000,0.0000000000,false,293.0000000000,303.0000000000,0.0027397260,1.4082191781
daily,IWM,2026-08-25,1530,essvi_sg05,ok,,81,41,0.0834741851,1.5884095129,0.2886054597,0.0000000000,0.0000000000,0.0100000000,0.0003183312,0.1578880470,3.1833117562,0.0450347734,1.3558046583,14,0,0,15.6028530828,30.4596527423,0.0741562476,0.1875260175,0.0164028874,65.8153037853,176.5400826516,2,0,219.5707676583,421.4381700305,0.0000000000,0.0000000000,false,293.0000000000,303.0000000000,0.0027397260,1.4082191781
daily,IWM,2026-08-26,1530,svi,ok,,81,41,0.0100000000,1.6262538511,0.2850893664,0.0367359229,0.0132490214,0.0100000000,0.0021185360,1.7647360500,21.1853597657,0.0427777872,1.3335599188,15,0,0,16.6094178553,37.8729426309,0.0583001965,0.1343900067,0.0294248230,31.2564418693,103.5895150037,2,0,329.6276590671,600.6480639038,0.0367359229,0.0132490214,false,294.0000000000,303.0000000000,0.0027397260,1.4054794521
daily,IWM,2026-08-26,1530,ssvi,ok,,81,41,0.1387580280,1.2920440084,0.3009428566,0.0000000000,0.0000000000,0.0100000000,0.0003005080,0.0955997000,3.0050797757,0.0411250433,0.9640396727,15,0,0,5.6973383287,12.7682894646,0.0290110025,0.1000482526,0.0065737213,52.5158667743,179.5055486680,2,0,332.0563834658,643.4691931654,0.0000000000,0.0000000000,false,294.0000000000,303.0000000000,0.0027397260,1.4054794521
daily,IWM,2026-08-26,1530,essvi,ok,,81,41,0.0100000000,1.9833595686,0.2988324007,0.0189701897,0.0000000000,0.0100000000,0.0004247751,0.0851297487,4.2477512004,0.0608696971,1.7393022994,15,0,0,13.1037843636,46.4786615115,0.0516937164,0.1766980100,0.0161632211,63.0812387951,174.8608071304,2,0,327.5867196180,618.1400981078,0.0189701897,0.0000000000,false,294.0000000000,303.0000000000,0.0027397260,1.4054794521
daily,IWM,2026-08-26,1530,essvi_g05,ok,,81,41,0.0931406596,1.6089811324,0.3087516047,0.0000000000,0.0000000000,0.0100000000,0.0003693648,0.1757901476,3.6936475960,0.0515660735,1.3169003582,15,0,0,18.2081694255,49.0035267936,0.0804323845,0.3019712434,0.0253254852,63.4775543666,158.5397232489,2,0,317.1876655853,596.1024736196,0.0000000000,0.0000000000,false,294.0000000000,303.0000000000,0.0027397260,1.4054794521
daily,IWM,2026-08-26,1530,essvi_gfree,ok,,81,41,0.1102139523,1.6331800450,0.3089498012,0.0000000000,0.0000000000,0.0100000000,0.0003710703,0.1891903141,3.7107033176,0.0529080590,2.1907277271,15,0,0,18.4523847935,52.0607477232,0.0841814700,0.3281869012,0.0250654364,64.2014751065,161.0674404522,2,0,318.8573811179,593.5266396138,0.0000000000,0.0000000000,false,294.0000000000,303.0000000000,0.0027397260,1.4054794521
daily,IWM,2026-08-26,1530,essvi_sg05,ok,,81,41,0.0589796311,1.5783349286,0.2997496429,0.0000000000,0.0000000000,0.0100000000,0.0003228165,0.1449713826,3.2281646223,0.0464566398,1.2820755933,15,0,0,12.9159346432,39.9541058180,0.0469072568,0.1702803515,0.0236952717,64.1818729413,162.8695288484,2,0,330.3573252445,652.5020378066,0.0000000000,0.0000000000,false,294.0000000000,303.0000000000,0.0027397260,1.4054794521
daily,IWM,2026-08-27,1530,svi,ok,,81,41,0.0100000000,1.8267995829,0.2751375961,0.0385426076,0.0000000000,0.0100000000,0.0006592435,0.0947856953,6.5924345126,0.0502595743,1.5790577555,15,0,0,48.9817967949,151.3200689718,0.1334770580,0.3090228259,0.0966735140,55.1090652517,139.6135838301,4,0,265.1765234437,530.8513222928,0.0385426076,0.0000000000,false,291.0000000000,306.0000000000,0.0027397260,1.4027397260
daily,IWM,2026-08-27,1530,ssvi,ok,,81,41,0.1307133497,1.5721912108,0.3021512874,0.0000000000,0.0000000000,0.0100000000,0.0002941814,0.0725618084,2.9418139120,0.0423469754,1.8839669869,15,0,0,47.5733320890,112.1254962605,0.1487323667,0.2843192485,0.0764356052,91.0355123864,216.5163428533,4,0,306.4723917691,666.0523495781,0.0000000000,0.0000000000,false,291.0000000000,306.0000000000,0.0027397260,1.4027397260
daily,IWM,2026-08-27,1530,essvi,ok,,81,41,0.0100000000,1.6392147707,0.2866946394,0.0105389943,0.0000000000,0.0100000000,0.0003180688,0.0488806730,3.1806878707,0.0510500531,2.0880160950,15,0,0,50.9858755228,160.8662596602,0.1417675954,0.3109718740,0.0865172820,94.6845840316,275.8685665519,4,0,259.4257797766,489.9671813728,0.0105389943,0.0000000000,false,291.0000000000,306.0000000000,0.0027397260,1.4027397260
daily,IWM,2026-08-27,1530,essvi_g05,ok,,81,41,0.1050295298,1.9259933234,0.3059144470,0.0000000000,0.0000000000,0.0100000000,0.0003637371,0.1380071073,3.6373706584,0.0544754478,1.8303270513,15,0,0,50.1216093116,171.2088428795,0.1398143875,0.3232586158,0.0801387489,89.4191550371,272.5572699790,5,0,322.9355545687,540.6077048311,0.0000000000,0.0000000000,false,291.0000000000,306.0000000000,0.0027397260,1.4027397260
daily,IWM,2026-08-27,1530,essvi_gfree,ok,,81,41,0.0960516577,1.9305148429,0.3052083274,0.0000000000,0.0000000000,0.0100000000,0.0003644908,0.1401056065,3.6449080901,0.0545905424,1.6763367903,15,0,0,50.3516798868,170.8323058314,0.1404391550,0.3240379256,0.0807326808,89.1644530847,271.7935660159,5,0,324.1667093919,543.5668637476,0.0000000000,0.0000000000,false,291.0000000000,306.0000000000,0.0027397260,1.4027397260
daily,IWM,2026-08-27,1530,essvi_sg05,ok,,81,41,0.1032270792,1.9024844213,0.2990940040,0.0000000000,0.0000000000,0.0100000000,0.0003231545,0.1149775293,3.2315446443,0.0514417019,2.4668256401,15,0,0,38.6779739567,140.1379352277,0.1236378045,0.2495890839,0.0531354319,84.2032645428,258.2183892484,4,0,280.5736869347,569.8312264425,0.0000000000,0.0000000000,false,291.0000000000,306.0000000000,0.0027397260,1.4027397260
daily,IWM,2026-08-31,1530,svi,ok,,81,41,0.0100000000,1.8064118540,0.2840754348,0.0087323095,0.0000000000,0.0100000000,0.0004352925,0.0836477418,4.3529247046,0.0342358742,1.5823247200,14,0,0,58.7512704053,178.6181802533,0.2000076633,0.2763245337,0.0733361649,53.6220844498,185.6315054801,2,0,179.5586119491,209.0528708178,0.0087323095,0.0000000000,false,288.0000000000,297.0000000000,0.0027397260,1.3917808219
daily,IWM,2026-08-31,1530,ssvi,ok,,81,41,0.0881246744,1.2720094209,0.2877262882,0.0000000000,0.0000000000,0.0100000000,0.0002909130,0.0970676348,2.9091298045,0.0319330720,2.4310798141,14,0,0,63.5871687544,172.9943138932,0.2126569062,0.3245524671,0.0766388667,32.3954306529,97.0726113243,2,0,177.2969980612,178.9613865010,0.0000000000,0.0000000000,false,288.0000000000,297.0000000000,0.0027397260,1.3917808219
daily,IWM,2026-08-31,1530,essvi,ok,,81,41,0.0590105602,1.3867627579,0.2879533292,0.0000000000,0.0000000000,0.0100000000,0.0002976724,0.0768031517,2.9767239901,0.0396422551,1.1704749180,14,0,0,59.4144779422,167.0738867254,0.1913263685,0.3097218731,0.0712677007,57.8333847389,128.1052679497,2,0,183.7768164485,196.6388904011,0.0000000000,0.0000000000,false,288.0000000000,297.0000000000,0.0027397260,1.3917808219
daily,IWM,2026-08-31,1530,essvi_g05,ok,,81,41,0.0586658901,1.6175120004,0.2980323558,0.0000000000,0.0000000000,0.0100000000,0.0003690354,0.1847321931,3.6903539915,0.0449970493,1.3920592473,14,0,0,58.3781747322,161.7590699591,0.1873425234,0.2990127424,0.0752193966,74.1549554192,188.6863159121,2,0,161.6153894684,162.4342215683,0.0000000000,0.0000000000,false,288.0000000000,297.0000000000,0.0027397260,1.3917808219
daily,IWM,2026-08-31,1530,essvi_gfree,ok,,81,41,0.0576539966,1.6603733025,0.2957085702,0.0000000000,0.0000000000,0.0100000000,0.0003705475,0.2124928478,3.7054748200,0.0455973187,1.7950225276,14,0,0,58.5970151755,162.9884610731,0.1862431132,0.2978942508,0.0759172091,74.0778317286,198.7043414767,3,0,142.9355070099,161.9211158768,0.0000000000,0.0000000000,false,288.0000000000,297.0000000000,0.0027397260,1.3917808219
daily,IWM,2026-08-31,1530,essvi_sg05,ok,,81,41,0.0100000000,1.5791572633,0.2848411931,0.0042155977,0.0000000000,0.0100000000,0.0003079535,0.1436595887,3.0795353329,0.0386599185,1.4964337338,14,0,0,64.4000306053,169.8659667335,0.2266801419,0.3313961573,0.0786462464,84.9497717293,218.0909267157,2,0,168.3805767396,173.9949157247,0.0042155977,0.0000000000,false,288.0000000000,297.0000000000,0.0027397260,1.3917808219
daily,IWM,2026-09-01,1530,svi,ok,,81,41,0.0100000000,2.2322523856,0.2731287337,0.0608250527,0.0000000000,0.0100000000,0.0005703001,0.0891332675,5.7030006015,0.0443607644,1.9175306969,15,0,0,26.1341830596,65.2519880492,0.1143621130,0.3126541885,0.0287285472,38.8444810270,143.7634382472,3,0,400.2322220816,687.2216957495,0.0608250527,0.0000000000,false,282.5000000000,295.0000000000,0.0027397260,1.3890410959
daily,IWM,2026-09-01,1530,ssvi,ok,,81,41,0.0100000000,1.3862532011,0.2783666962,0.0487804878,0.0000000000,0.0100000000,0.0002992184,0.0914737140,2.9921839857,0.0424318854,1.0562985547,15,0,0,31.5479248642,79.4889514506,0.1078458693,0.2108034545,0.0409714677,36.9755094573,191.6621196499,3,0,467.6473847705,805.9012741980,0.0487804878,0.0000000000,false,282.5000000000,295.0000000000,0.0027397260,1.3890410959
daily,IWM,2026-09-01,1530,essvi,ok,,81,41,0.0100000000,1.7268531293,0.2818269678,0.0150557061,0.0000000000,0.0100000000,0.0003956053,0.1022392111,3.9560533953,0.0432327988,1.4252631238,15,0,0,21.8815074437,47.9845728938,0.0766597740,0.1764354440,0.0298408540,54.5597000176,159.3712522441,3,0,409.3386667407,679.0751668099,0.0150557061,0.0000000000,false,282.5000000000,295.0000000000,0.0027397260,1.3890410959
daily,IWM,2026-09-01,1530,essvi_g05,ok,,81,41,0.0803417547,1.8316996260,0.2971604687,0.0000000000,0.0000000000,0.0100000000,0.0003653556,0.1620473650,3.6535564639,0.0495444235,1.7131262562,15,0,0,16.3929868718,34.8231842750,0.0617827274,0.1496569899,0.0246653774,65.7945850382,160.2091317320,3,0,398.4760329886,678.0189427277,0.0000000000,0.0000000000,false,282.5000000000,295.0000000000,0.0027397260,1.3890410959
daily,IWM,2026-09-01,1530,essvi_gfree,ok,,81,41,0.0796120907,1.8377451012,0.2968364545,0.0000000000,0.0000000000,0.0100000000,0.0003656741,0.1660459141,3.6567406140,0.0492010093,1.5285640095,15,0,0,16.1885347622,34.8996949378,0.0603070833,0.1480893864,0.0244913203,65.3802325384,161.1547549140,3,0,398.5563202239,678.5028275229,0.0000000000,0.0000000000,false,282.5000000000,295.0000000000,0.0027397260,1.3890410959
daily,IWM,2026-09-01,1530,essvi_sg05,ok,,81,41,0.0100000000,1.8001168161,0.2822053477,0.0487804878,0.0000000000,0.0100000000,0.0003199810,0.1353494834,3.1998101738,0.0473775096,1.4905043388,15,0,0,31.8950338237,74.6890240774,0.0995872769,0.1729923255,0.0503658403,64.8391270296,152.5176688963,3,0,448.4035800515,731.7872967924,0.0487804878,0.0000000000,false,282.5000000000,295.0000000000,0.0027397260,1.3890410959
daily,IWM,2026-09-02,1530,svi,ok,,81,41,0.0100000000,2.2370155352,0.2769849321,0.0249924721,0.0000000000,0.0100000000,0.0004907015,0.1408328838,4.9070149726,0.0434656964,1.9373135154,14,0,0,35.0212385887,92.8156445442,0.1289755357,0.2035203869,0.0434611967,42.4203627430,95.9629326900,3,0,520.5852104503,819.8037734041,0.0249924721,0.0000000000,false,287.0000000000,298.0000000000,0.0027397260,1.3863013699
daily,IWM,2026-09-02,1530,ssvi,ok,,81,41,0.1309067279,1.3942709579,0.2968771465,0.0000000000,0.0000000000,0.0100000000,0.0002963363,0.0808133835,2.9633632477,0.0439266772,2.7765886135,14,0,0,34.0212351170,64.4739187304,0.1443422339,0.2654559886,0.0395222482,71.4873709931,156.9129052508,3,0,593.5591117705,1003.0447881291,0.0000000000,0.0000000000,false,287.0000000000,298.0000000000,0.0027397260,1.3863013699
daily,IWM,2026-09-02,1530,essvi,ok,,81,41,0.0100000000,1.5145103752,0.2861714356,0.0003011141,0.0000000000,0.0100000000,0.0002992377,0.0536967844,2.9923766719,0.0373776219,1.2242781698,14,0,0,44.7112382914,106.3335672477,0.1741622911,0.2669854903,0.0542294460,96.8006912797,292.0709332706,3,0,528.3346919191,809.1767254651,0.0003011141,0.0000000000,false,287.0000000000,298.0000000000,0.0027397260,1.3863013699
daily,IWM,2026-09-02,1530,essvi_g05,ok,,81,41,0.0100000000,1.7642196132,0.3001351305,0.0090334237,0.0000000000,0.0100000000,0.0003577284,0.1518387178,3.5772839392,0.0494930591,1.4623195388,14,0,0,47.1976035868,122.2155025821,0.1850979233,0.3547094375,0.0564482763,83.6951039292,256.1544729796,3,0,528.8361565114,823.8789998676,0.0090334237,0.0000000000,false,287.0000000000,298.0000000000,0.0027397260,1.3863013699
daily,IWM,2026-09-02,1530,essvi_gfree,ok,,81,41,0.0100000000,1.7617972764,0.3015461557,0.0090334237,0.0000000000,0.0100000000,0.0003619686,0.1505493243,3.6196856107,0.0502132100,1.4599652169,14,0,0,48.5127691630,119.2837983829,0.1982490389,0.4004017312,0.0574455605,83.2565929515,266.1196196948,3,0,529.3388896800,824.3523600716,0.0090334237,0.0000000000,false,287.0000000000,298.0000000000,0.0027397260,1.3863013699
daily,IWM,2026-09-02,1530,essvi_sg05,ok,,81,41,0.0100000000,1.7339607813,0.2958109429,0.0039144836,0.0000000000,0.0100000000,0.0003195218,0.1261635043,3.1952183825,0.0471159887,1.4284281324,14,0,0,27.8996943124,80.2712504582,0.1120225544,0.1912296960,0.0316093302,98.3147212569,272.0082571763,3,0,549.7506662481,873.9364817784,0.0039144836,0.0000000000,false,287.0000000000,298.0000000000,0.0027397260,1.3863013699
daily,IWM,2026-09-03,1530,svi,ok,,81,41,0.0100000000,2.4272464585,0.2849594817,0.0382414935,0.0000000000,0.0100000000,0.0005601226,0.1273111344,5.6012264529,0.0469891207,2.2183180101,14,0,0,117.2612592783,293.5052716101,0.4391331723,0.6923233396,0.1590787355,122.1547358313,291.6159563827,4,0,327.5891818857,563.8109645036,0.0382414935,0.0000000000,false,287.5000000000,300.0000000000,0.0027397260,1.3835616438
daily,IWM,2026-09-03,1530,ssvi,ok,,81,41,0.0582947037,1.4373759693,0.2948363640,0.0000000000,0.0000000000,0.0100000000,0.0002942159,0.0786827396,2.9421593963,0.0388994524,1.1955688402,14,0,0,130.1081688571,262.8770219496,0.5322322615,0.9316610390,0.1626430002,172.4761830704,384.3891051948,4,0,379.6124938171,711.8285738051,0.0000000000,0.0000000000,false,287.5000000000,300.0000000000,0.0027397260,1.3835616438
daily,IWM,2026-09-03,1530,essvi,ok,,81,41,0.0100000000,1.5027908954,0.2767705084,0.0454682325,0.0000000000,0.0100000000,0.0004258181,0.0643015652,4.2581809473,0.0515390657,1.3001305312,14,0,0,128.2488643683,276.2797013346,0.5092136219,0.8454622168,0.1615620039,185.2596384348,466.2660189956,4,0,339.4976362566,563.9494287658,0.0454682325,0.0000000000,false,287.5000000000,300.0000000000,0.0027397260,1.3835616438
daily,IWM,2026-09-03,1530,essvi_g05,ok,,81,41,0.0100000000,1.7677345718,0.2971963907,0.0087323095,0.0000000000,0.0100000000,0.0003735712,0.1593466115,3.7357118239,0.0508265476,1.5559444418,14,0,0,127.7265926044,275.0291350194,0.5072874252,0.8977142243,0.1667663868,140.0573493244,414.0733706812,5,0,381.6973032138,593.9907219186,0.0087323095,0.0000000000,false,287.5000000000,300.0000000000,0.0027397260,1.3835616438
daily,IWM,2026-09-03,1530,essvi_gfree,ok,,81,41,0.0100000000,1.7701020878,0.2962987527,0.0087323095,0.0000000000,0.0100000000,0.0003789052,0.1606097090,3.7890517222,0.0509690648,1.5582063949,14,0,0,128.0445890700,275.0072652821,0.5102372870,0.9094840009,0.1669676085,140.3823700241,413.8887669355,5,0,381.9595573760,594.4383988238,0.0087323095,0.0000000000,false,287.5000000000,300.0000000000,0.0027397260,1.3835616438
daily,IWM,2026-09-03,1530,essvi_sg05,ok,,81,41,0.0100000000,1.7364210067,0.2915403814,0.0150557061,0.0000000000,0.0100000000,0.0003393009,0.1261357696,3.3930086859,0.0452519866,1.5218764365,14,0,0,122.1166800906,262.9364038226,0.4935279550,0.8571542388,0.1512611914,174.3834726230,459.6692720491,4,0,357.1331458129,625.5907933260,0.0150557061,0.0000000000,false,287.5000000000,300.0000000000,0.0027397260,1.3835616438
daily,IWM,2026-09-04,1530,svi,ok,,81,41,0.0100000000,0.9986815267,0.2726036954,0.0258958145,0.0000000000,0.0100000000,0.0004820386,0.0425309356,4.8203862571,0.0377709532,2.1480146446,14,0,0,62.4321779981,159.3966633886,0.2403197883,0.3780237943,0.0843298867,63.8235227775,145.9217009536,4,0,163.3757426477,183.9467585225,0.0258958145,0.0000000000,false,288.0000000000,300.0000000000,0.0109589041,1.3808219178
daily,IWM,2026-09-04,1530,ssvi,ok,,81,41,0.0721805496,0.6809645514,0.2707060126,0.0000000000,0.0000000000,0.0100000000,0.0002349445,0.0404617788,2.3494451721,0.0311081186,1.1714544319,14,0,0,68.7104396360,157.1622361029,0.2767995542,0.3955715456,0.0887483305,97.3289173925,255.6843988368,4,0,153.2755675929,173.2052256560,0.0000000000,0.0000000000,false,288.0000000000,300.0000000000,0.0109589041,1.3808219178
daily,IWM,2026-09-04,1530,essvi,ok,,81,41,0.0789125320,0.8003022120,0.2717019808,0.0000000000,0.0000000000,0.0100000000,0.0002658250,0.0446915279,2.6582499776,0.0329607010,0.5994308469,14,0,0,62.4657938930,157.5139221653,0.2360658334,0.3513404907,0.0815059229,107.5295341791,360.8382490193,4,0,158.9782906075,183.2380084876,0.0000000000,0.0000000000,false,288.0000000000,300.0000000000,0.0109589041,1.3808219178
daily,IWM,2026-09-04,1530,essvi_g05,ok,,81,41,0.0698832901,0.8757701905,0.2791432645,0.0000000000,0.0000000000,0.0100000000,0.0002877201,0.0802884025,2.8772007002,0.0319664060,1.8475831002,14,0,0,58.5443016764,168.5440416143,0.2063841269,0.3678775921,0.0788954253,87.3190267639,321.3358219820,4,0,134.2815916125,155.8746137953,0.0000000000,0.0000000000,false,288.0000000000,300.0000000000,0.0109589041,1.3808219178
daily,IWM,2026-09-04,1530,essvi_gfree,ok,,81,41,0.0642245518,0.9171118996,0.2765064046,0.0000000000,0.0000000000,0.0100000000,0.0002873524,0.1068431981,2.8735244577,0.0317552829,2.4736063523,14,0,0,63.2595156925,173.4050928561,0.2372924170,0.3584804114,0.0838248982,86.0908881940,328.1781345535,4,0,118.9428768428,142.9306297672,0.0000000000,0.0000000000,false,288.0000000000,300.0000000000,0.0109589041,1.3808219178
daily,IWM,2026-09-04,1530,essvi_sg05,ok,,81,41,0.0754915661,0.8723539416,0.2718806917,0.0000000000,0.0000000000,0.0100000000,0.0002609908,0.0707022422,2.6099078236,0.0324124072,1.4144805148,14,0,0,65.6364906689,154.6218602216,0.2654396498,0.3809527648,0.0821002702,108.4160416025,359.2575730424,4,0,141.7187496215,163.2576382427,0.0000000000,0.0000000000,false,288.0000000000,300.0000000000,0.0109589041,1.3808219178
daily,IWM,2026-09-08,1530,svi,ok,,81,41,0.0100000000,2.1346206496,0.2799633404,0.0472749172,0.0000000000,0.0100000000,0.0005442464,0.0926139508,5.4424637637,0.0497021483,1.8678453025,15,0,0,92.7222784799,243.3397434388,0.3187113622,0.5634060078,0.1627955736,88.4971682881,229.8710339842,2,0,378.5621069193,481.2090553534,0.0472749172,0.0000000000,false,289.0000000000,299.0000000000,0.0027397260,1.3698630137
daily,IWM,2026-09-08,1530,ssvi,ok,,81,41,0.0843817233,1.3091757563,0.2776639387,0.0000000000,0.0000000000,0.0100000000,0.0002815079,0.0909027000,2.8150787142,0.0371501985,2.7816544966,15,0,0,104.4970859465,228.6916144842,0.3868162565,0.6050287417,0.1582451941,136.9793024228,324.3628435384,2,0,400.6259499870,512.4522279061,0.0000000000,0.0000000000,false,289.0000000000,299.0000000000,0.0027397260,1.3698630137
daily,IWM,2026-09-08,1530,essvi,ok,,81,41,0.0959265124,1.5341244697,0.2788622224,0.0000000000,0.0000000000,0.0100000000,0.0002973756,0.0881834421,2.9737562526,0.0414546937,1.2789550328,15,0,0,103.7946556085,205.2059284146,0.3825472315,0.6101456747,0.1700753919,130.9556886482,347.6101320602,2,0,393.2572018349,493.6918239560,0.0000000000,0.0000000000,false,289.0000000000,299.0000000000,0.0027397260,1.3698630137
daily,IWM,2026-09-08,1530,essvi_g05,ok,,81,41,0.1209799098,1.6900014151,0.2884561978,0.0000000000,0.0000000000,0.0100000000,0.0003435735,0.1679861358,3.4357352065,0.0492605818,1.4273036886,15,0,0,92.7166016625,195.3612973991,0.3251446936,0.5710906138,0.1548638895,98.4758887989,319.5189255737,2,0,343.0701357311,415.5931907248,0.0000000000,0.0000000000,false,289.0000000000,299.0000000000,0.0027397260,1.3698630137
daily,IWM,2026-09-08,1530,essvi_gfree,ok,,81,41,0.1202331260,1.6976195893,0.2907909402,0.0000000000,0.0000000000,0.0100000000,0.0003490211,0.1727638214,3.4902114138,0.0487975968,1.9035073281,15,0,0,90.7893958729,187.2421845025,0.3229810722,0.5513720893,0.1498556463,96.7225563741,311.5571494694,2,0,337.4679661900,414.4956417384,0.0000000000,0.0000000000,false,289.0000000000,299.0000000000,0.0027397260,1.3698630137
daily,IWM,2026-09-08,1530,essvi_sg05,ok,,81,41,0.0743184889,1.6596904711,0.2804089066,0.0000000000,0.0000000000,0.0100000000,0.0003060315,0.1416091151,3.0603150122,0.0433897847,1.3946570050,15,0,0,102.3936298445,198.2302033004,0.3633500766,0.6138905360,0.1790897428,124.0976977663,332.2886331212,2,0,412.8362720046,532.7379062390,0.0000000000,0.0000000000,false,289.0000000000,299.0000000000,0.0027397260,1.3698630137
daily,IWM,2026-09-09,1530,svi,ok,,81,41,0.0100000000,1.8610813191,0.2850706445,0.0376392653,0.0000000000,0.0100000000,0.0004917761,0.0574926642,4.9177606673,0.0416209436,1.5100476793,15,0,0,95.2493043282,252.5626408957,0.3320063061,0.5619181594,0.1488982424,91.5784849005,235.9156971422,3,0,414.3061429791,896.1101936312,0.0376392653,0.0000000000,false,284.0000000000,296.0000000000,0.0027397260,1.3671232877
daily,IWM,2026-09-09,1530,ssvi,ok,,81,41,0.1362450846,1.4382843532,0.2886185899,0.0000000000,0.0000000000,0.0100000000,0.0002757118,0.0771403023,2.7571184563,0.0336609649,2.4349662469,15,0,0,91.7544598239,209.2981544008,0.3313049011,0.5164664600,0.1265505970,126.5675015440,309.3107216283,3,0,422.5206196605,943.5154409565,0.0000000000,0.0000000000,false,284.0000000000,296.0000000000,0.0027397260,1.3671232877
daily,IWM,2026-09-09,1530,essvi,ok,,81,41,0.0100000000,1.5247696936,0.2812960045,0.0024089130,0.0000000000,0.0100000000,0.0002780993,0.0564628569,2.7809933678,0.0386598929,2.0534397294,15,0,0,110.7813027953,291.5014653598,0.3969242487,0.5866946175,0.1598839492,134.7579930795,417.9916379227,3,0,426.3944235812,919.2845639928,0.0024089130,0.0000000000,false,284.0000000000,296.0000000000,0.0027397260,1.3671232877
daily,IWM,2026-09-09,1530,essvi_g05,ok,,81,41,0.0999796267,1.7962236612,0.2924442727,0.0000000000,0.0000000000,0.0100000000,0.0003298925,0.1450148316,3.2989253794,0.0526762552,1.6803652672,15,0,0,107.9979953233,290.3876719814,0.3649493669,0.6262313829,0.1563063094,119.9314395821,394.3440167680,3,0,407.7331559140,847.4532332429,0.0000000000,0.0000000000,false,284.0000000000,296.0000000000,0.0027397260,1.3671232877
daily,IWM,2026-09-09,1530,essvi_gfree,ok,,81,41,0.1030346321,1.7813603865,0.2935861356,0.0000000000,0.0000000000,0.0100000000,0.0003308080,0.1384094820,3.3080801175,0.0522076240,1.4262390437,15,0,0,109.2012371638,292.4772700474,0.3718811856,0.6295138134,0.1577299635,119.7338452556,396.1012566527,3,0,408.5865175944,848.8247815504,0.0000000000,0.0000000000,false,284.0000000000,296.0000000000,0.0027397260,1.3671232877
daily,IWM,2026-09-09,1530,essvi_sg05,ok,,81,41,0.0920121210,1.7928633795,0.2875448668,0.0000000000,0.0000000000,0.0100000000,0.0003027041,0.1248743311,3.0270406903,0.0457566165,1.4635861711,15,0,0,76.6608776234,232.9111576886,0.2665584454,0.4590686968,0.1002909902,108.7958612845,365.0353282746,3,0,414.8998536495,961.1665832784,0.0000000000,0.0000000000,false,284.0000000000,296.0000000000,0.0027397260,1.3671232877
daily,IWM,2026-09-10,1530,svi,ok,,81,41,0.0100000000,3.0000000000,0.2884780973,0.0517916290,0.0000000000,0.0100000000,0.0007661536,0.1543189168,7.6615362923,0.0599514507,2.5158557417,15,0,0,7.6668691227,21.8456196099,0.0279764300,0.0679694330,0.0129184672,29.3822502794,76.7860026311,6,0,390.3354802671,880.9627824729,0.0517916290,0.0000000000,false,268.0000000000,297.5000000000,0.0027397260,1.3643835616
daily,IWM,2026-09-10,1530,ssvi,ok,,81,41,0.0576586544,1.9524281374,0.2840374877,0.0000000000,0.0000000000,0.0100000000,0.0002697895,0.0696840548,2.6978953477,0.0403145494,1.4558499112,15,0,0,17.3173550625,64.8172410217,0.0531768808,0.1065386787,0.0199568982,38.5958995671,209.3615043430,6,0,446.7463412482,1111.6689996371,0.0000000000,0.0000000000,false,268.0000000000,297.5000000000,0.0027397260,1.3643835616
daily,IWM,2026-09-10,1530,essvi,ok,,81,41,0.0100000000,2.2905210105,0.2952677499,0.0195724179,0.0000000000,0.0100000000,0.0003769134,0.0556421588,3.7691335895,0.0584428105,1.8374389882,15,0,0,17.0345563709,46.5513782120,0.0781933915,0.2371123251,0.0244392023,59.5325368074,182.6552107468,6,0,410.6152647827,913.3704713626,0.0195724179,0.0000000000,false,268.0000000000,297.5000000000,0.0027397260,1.3643835616
daily,IWM,2026-09-10,1530,essvi_g05,ok,,81,41,0.0100000000,2.4680989738,0.3016850312,0.0021077989,0.0000000000,0.0100000000,0.0003475826,0.0945876675,3.4758258065,0.0599303836,2.0064942133,15,0,0,24.4268120201,71.2747600793,0.0904697641,0.1785788012,0.0366772377,73.5716129381,220.3085110411,6,0,451.8691673223,950.6207919981,0.0021077989,0.0000000000,false,268.0000000000,297.5000000000,0.0027397260,1.3643835616
daily,IWM,2026-09-10,1530,essvi_gfree,ok,,81,41,0.0100000000,2.4758560860,0.2973695264,0.0042155977,0.0000000000,0.0100000000,0.0003454113,0.0972424666,3.4541127552,0.0591345346,2.0136791656,15,0,0,21.5242778089,81.1733347948,0.0706197772,0.1243394691,0.0352043166,78.9877301212,193.5702035871,6,0,444.1245559491,953.2974317396,0.0042155977,0.0000000000,false,268.0000000000,297.5000000000,0.0027397260,1.3643835616
daily,IWM,2026-09-10,1530,essvi_sg05,ok,,81,41,0.0515671346,2.4854915907,0.2934336906,0.0000000000,0.0000000000,0.0100000000,0.0003169686,0.0863582000,3.1696856012,0.0561029002,2.0170097132,15,0,0,28.3745884697,109.7793543929,0.0734522112,0.1528565790,0.0454307364,54.9431464829,150.9886164352,6,0,459.7903468498,970.1827010651,0.0000000000,0.0000000000,false,268.0000000000,297.5000000000,0.0027397260,1.3643835616
daily,IWM,2026-09-11,1530,svi,ok,,81,41,0.0100000000,1.4843754301,0.2628411478,0.0551038844,0.0000000000,0.0100000000,0.0004395402,0.0659958793,4.3954017733,0.0348977935,1.1219489235,15,0,0,27.2897300566,128.8341737293,0.0699260583,0.1725487401,0.0415078886,48.9601678389,143.8511882189,5,0,518.7253145240,878.5060444606,0.0551038844,0.0000000000,false,280.0000000000,294.0000000000,0.0082191781,1.3616438356
daily,IWM,2026-09-11,1530,ssvi,ok,,81,41,0.0300015802,0.8289578731,0.2621399065,0.0000000000,0.0000000000,0.0100000000,0.0002445792,0.0487001205,2.4457918579,0.0308714190,1.1867268545,15,0,0,36.2878417417,117.9179808134,0.1123914221,0.2247820900,0.0503510687,41.6953415653,132.2567699544,5,0,483.0105285405,790.2489485505,0.0000000000,0.0000000000,false,280.0000000000,294.0000000000,0.0082191781,1.3616438356
daily,IWM,2026-09-11,1530,essvi,ok,,81,41,0.0100000000,1.0878741842,0.2625351603,0.0144534779,0.0000000000,0.0100000000,0.0002994631,0.0646221237,2.9946306913,0.0364547631,0.7854750630,15,0,0,38.4348621619,117.1396522105,0.1070512200,0.2265856634,0.0608972277,48.2618510622,115.1354878409,5,0,493.9521899406,845.4520364287,0.0144534779,0.0000000000,false,280.0000000000,294.0000000000,0.0082191781,1.3616438356
daily,IWM,2026-09-11,1530,essvi_g05,ok,,81,41,0.0706875663,1.1431899613,0.2822862900,0.0000000000,0.0000000000,0.0100000000,0.0003298725,0.0976694984,3.2987245718,0.0453415687,2.8122157152,15,0,0,62.2511036806,171.4666531921,0.1651548807,0.3483858663,0.0978700064,80.3131307662,197.9865377581,5,0,472.1846453724,775.5243261020,0.0000000000,0.0000000000,false,280.0000000000,294.0000000000,0.0082191781,1.3616438356
daily,IWM,2026-09-11,1530,essvi_gfree,ok,,81,41,0.0520603585,1.2149230916,0.2702176709,0.0000000000,0.0000000000,0.0100000000,0.0003189316,0.1560952849,3.1893155612,0.0385484806,0.9874838411,15,0,0,50.1136799450,114.8545227980,0.1744807108,0.4168612300,0.0753671890,60.2495381041,176.2320219243,5,0,420.9801826348,714.7833890214,0.0000000000,0.0000000000,false,280.0000000000,294.0000000000,0.0082191781,1.3616438356
daily,IWM,2026-09-11,1530,essvi_sg05,ok,,81,41,0.0100000000,1.1013158646,0.2582978162,0.0009033424,0.0000000000,0.0100000000,0.0002572634,0.0700673840,2.5726340102,0.0367313081,2.7583398780,15,0,0,33.7589638599,96.7106143375,0.1097545838,0.2428617802,0.0519385098,49.6543655441,102.2634993077,5,0,465.2470743087,834.9234616791,0.0009033424,0.0000000000,false,280.0000000000,294.0000000000,0.0082191781,1.3616438356
daily,META,2026-08-14,1530,svi,ok,,81,41,0.0100000000,1.8652042908,0.4359091282,0.0060222824,0.0000000000,0.0100000000,0.0002527903,0.0694584995,2.5279027979,0.0308548013,1.5725207760,15,0,0,23.3501637571,69.3725577164,0.1775545357,0.3267982731,0.0136155352,34.8301318336,92.1962719655,5,0,672.1161419486,1147.3639720250,0.0060222824,0.0000000000,false,562.5000000000,625.0000000000,0.0082191781,1.4383561644
daily,META,2026-08-14,1530,ssvi,ok,,81,41,0.2068685621,0.7448651702,0.4248336703,0.0000000000,0.0000000000,0.0100000000,0.0000834256,0.0099613416,0.8342562668,0.0179046312,1.5197246034,15,0,0,12.3080196563,17.8718204479,0.1375638380,0.3040590547,0.0057627158,20.8286478129,95.7367266272,5,0,677.2256261553,1143.7591483301,0.0000000000,0.0000000000,false,562.5000000000,625.0000000000,0.0082191781,1.4383561644
daily,META,2026-08-14,1530,essvi,ok,,81,41,0.0100000000,1.1652628261,0.4284096996,0.0045167118,0.0000000000,0.0100000000,0.0001684557,0.0471826924,1.6845571056,0.0252856659,1.5698665592,15,0,0,9.9826349393,27.7026348609,0.0715204472,0.1515859679,0.0057788902,11.4748797537,43.4139016296,5,0,631.1946752585,1105.5667945679,0.0045167118,0.0000000000,false,562.5000000000,625.0000000000,0.0082191781,1.4383561644
daily,META,2026-08-14,1530,essvi_g05,ok,,81,41,0.2044648533,1.1133244595,0.4331636101,0.0000000000,0.0000000000,0.0100000000,0.0001186934,0.0208507822,1.1869344429,0.0251821207,1.7298026153,15,0,0,12.6639531034,24.1357674664,0.1111335727,0.2771126403,0.0066824819,61.0681744270,92.9590927319,5,0,619.0641030820,1055.0522594186,0.0000000000,0.0000000000,false,562.5000000000,625.0000000000,0.0082191781,1.4383561644
daily,META,2026-08-14,1530,essvi_gfree,ok,,81,41,0.1792160893,1.3175636985,0.4355123406,0.0000000000,0.0000000000,0.0100000000,0.0001199456,0.0484544685,1.1994561024,0.0252903413,2.5518072320,15,0,0,18.0930080940,50.5415577998,0.1154664632,0.2620912073,0.0114847230,35.9640695566,124.5377982871,5,0,655.7771192576,1150.8950171676,0.0000000000,0.0000000000,false,562.5000000000,625.0000000000,0.0082191781,1.4383561644
daily,META,2026-08-14,1530,essvi_sg05,ok,,81,41,0.2060931093,1.0280817546,0.4294691711,0.0000000000,0.0000000000,0.0100000000,0.0000964805,0.0156487683,0.9648053873,0.0224924377,2.3769863796,15,0,0,13.3490981355,19.8364708882,0.1454099713,0.3060442239,0.0063533229,12.6759347665,50.6962051636,5,0,672.1956376734,1137.7026967399,0.0000000000,0.0000000000,false,562.5000000000,625.0000000000,0.0082191781,1.4383561644
daily,META,2026-08-17,1530,svi,ok,,81,41,0.0100000000,2.7333489491,0.4531399615,0.0033122553,0.0000000000,0.0100000000,0.0004022593,0.3047513856,4.0225930097,0.0372955129,2.1734127645,15,0,0,51.9900327512,80.8703224295,0.6165566229,1.2900986070,0.0208292794,67.9530189100,92.6993221387,6,0,332.0092594531,695.5590193433,0.0033122553,0.0000000000,false,530.0000000000,610.0000000000,0.0054794521,1.4301369863
daily,META,2026-08-17,1530,ssvi,ok,,81,41,0.3298264912,1.0836073334,0.4330974734,0.0000000000,0.0000000000,0.0100000000,0.0000831604,0.0083414157,0.8316037488,0.0188011700,1.5421773839,15,0,0,53.1928898815,64.6024777051,0.5600777553,0.9952954720,0.0228556765,49.6407876062,87.7451276488,6,0,256.8862792550,506.7826715421,0.0000000000,0.0000000000,false,530.0000000000,610.0000000000,0.0054794521,1.4301369863
daily,META,2026-08-17,1530,essvi,ok,,81,41,0.3285370465,0.9128191517,0.4319784105,0.0000000000,0.0000000000,0.0100000000,0.0000762967,0.0020274454,0.7629674314,0.0144582479,1.1545557978,15,0,0,70.8775304544,98.7379949675,0.7208335244,1.2211937532,0.0310398837,61.0182188032,100.8679735731,6,0,188.7157471926,397.7144169165,0.0000000000,0.0000000000,false,530.0000000000,610.0000000000,0.0054794521,1.4301369863
daily,META,2026-08-17,1530,essvi_g05,ok,,81,41,0.3177061966,1.6001351206,0.4449947366,0.0000000000,0.0000000000,0.0100000000,0.0001195627,0.0167239805,1.1956271061,0.0275069395,1.0378954274,15,0,0,96.4099533657,133.9374453014,0.9764153822,1.6116836325,0.0425061422,131.4333212099,156.8400455914,6,0,278.3974193856,541.2541541212,0.0000000000,0.0000000000,false,530.0000000000,610.0000000000,0.0054794521,1.4301369863
daily,META,2026-08-17,1530,essvi_gfree,ok,,81,41,0.3213913707,1.7692338007,0.4472331358,0.0000000000,0.0000000000,0.0100000000,0.0001166371,0.0270435358,1.1663709627,0.0276604035,1.1930621427,15,0,0,88.5832725992,117.0592519754,0.9174232111,1.5803129240,0.0384358931,95.7738956840,133.8037387544,6,0,301.7401786083,607.6017873030,0.0000000000,0.0000000000,false,530.0000000000,610.0000000000,0.0054794521,1.4301369863
daily,META,2026-08-17,1530,essvi_sg05,ok,,81,41,0.3289808804,1.4978853268,0.4385437925,0.0000000000,0.0000000000,0.0100000000,0.0000976541,0.0127749820,0.9765406347,0.0239013488,1.1640858722,15,0,0,53.9974905154,75.1419706693,0.5677492733,1.0170174602,0.0232331916,49.2473098573,82.6003225183,6,0,262.5356572810,553.3110645095,0.0000000000,0.0000000000,false,530.0000000000,610.0000000000,0.0054794521,1.4301369863
daily,META,2026-08-18,1530,svi,ok,,81,41,0.0100000000,2.9581305822,0.4602224040,0.0078289672,0.0000000000,0.0100000000,0.0003895922,0.1732294239,3.8959222224,0.0438903818,2.2446754650,15,0,0,38.2469767637,98.8924372502,0.2672449097,0.5354036181,0.0190808343,29.9969514683,115.7487183379,6,0,706.9223397179,1561.8129017159,0.0078289672,0.0000000000,false,510.0000000000,602.5000000000,0.0027397260,1.4273972603
daily,META,2026-08-18,1530,ssvi,ok,,81,41,0.3075992297,1.3920317811,0.4427688794,0.0000000000,0.0000000000,0.0100000000,0.0000925863,0.0150200511,0.9258630651,0.0222947384,1.8931043695,15,0,0,23.2701770653,34.9580611786,0.2415853041,0.5420759946,0.0096179600,26.2834252410,59.4021702362,6,0,655.8217518492,1353.1827622655,0.0000000000,0.0000000000,false,510.0000000000,602.5000000000,0.0027397260,1.4273972603
daily,META,2026-08-18,1530,essvi,ok,,81,41,0.3045049990,1.2859100848,0.4365943962,0.0000000000,0.0000000000,0.0100000000,0.0000726853,0.0033247444,0.7268534792,0.0162657250,0.6548769421,15,0,0,18.8525068624,39.8067896727,0.2268056602,0.6149962266,0.0069997378,29.7619788027,94.0497927289,6,0,752.0043602359,1655.1523897117,0.0000000000,0.0000000000,false,510.0000000000,602.5000000000,0.0027397260,1.4273972603
daily,META,2026-08-18,1530,essvi_g05,ok,,81,41,0.3258681900,2.1905464518,0.4579434750,0.0000000000,0.0000000000,0.0100000000,0.0001525616,0.0332580456,1.5256160998,0.0398455797,1.6030380299,15,0,0,24.4283755110,64.2110202874,0.1636130063,0.3581057944,0.0124024866,60.4404799408,92.7929110967,6,0,874.3700977000,1946.8204914093,0.0000000000,0.0000000000,false,510.0000000000,602.5000000000,0.0027397260,1.4273972603
daily,META,2026-08-18,1530,essvi_gfree,ok,,81,41,0.3351435108,2.4929917807,0.4623153243,0.0000000000,0.0000000000,0.0100000000,0.0001645200,0.0752835670,1.6451996654,0.0372277614,1.8409519067,15,0,0,27.6965210239,63.5767682328,0.1992592912,0.3832285101,0.0135060895,20.4422275572,106.8453028217,6,0,807.2935311681,1813.1065928444,0.0000000000,0.0000000000,false,510.0000000000,602.5000000000,0.0027397260,1.4273972603
daily,META,2026-08-18,1530,essvi_sg05,ok,,81,41,0.3070123060,1.9619788860,0.4495954843,0.0000000000,0.0000000000,0.0100000000,0.0001086890,0.0206344267,1.0868899450,0.0304119520,1.3479360851,15,0,0,22.9568004084,33.8592184328,0.2345727815,0.5188096326,0.0095437488,26.9430296764,96.8067835285,6,0,646.0496191777,1565.2093178813,0.0000000000,0.0000000000,false,510.0000000000,602.5000000000,0.0027397260,1.4273972603
daily,META,2026-08-19,1530,svi,ok,,81,41,0.0100000000,3.0000000000,0.4640270779,0.0033122553,0.0000000000,0.0100000000,0.0003344204,0.1208580753,3.3442042380,0.0405096701,2.4049617651,15,0,0,71.8109845512,146.5812197617,0.5598584618,0.8770289992,0.0352642435,61.5382764445,161.3644960666,9,0,459.9843762386,1484.5627764192,0.0033122553,0.0000000000,false,505.0000000000,650.0000000000,0.0054794521,1.4246575342
daily,META,2026-08-19,1530,ssvi,ok,,81,41,0.3455859200,1.1487085248,0.4435207992,0.0000000000,0.0000000000,0.0100000000,0.0000885095,0.0089753926,0.8850948535,0.0229503711,1.5002971003,15,0,0,71.0472349759,137.4735658961,0.5552025838,0.8512524932,0.0344168353,74.7854009880,172.2504518139,9,0,464.2111862991,1304.4118000200,0.0000000000,0.0000000000,false,505.0000000000,650.0000000000,0.0054794521,1.4246575342
daily,META,2026-08-19,1530,essvi,ok,,81,41,0.3420429297,2.0378923112,0.4568628045,0.0000000000,0.0000000000,0.0100000000,0.0001345256,0.0336808815,1.3452557638,0.0329450916,1.5931937174,15,0,0,69.7630584157,137.3187128261,0.5418292497,0.8639882152,0.0335115926,79.3938541043,222.0996063058,9,0,552.9255071689,1715.8116887966,0.0000000000,0.0000000000,false,505.0000000000,650.0000000000,0.0054794521,1.4246575342
daily,META,2026-08-19,1530,essvi_g05,ok,,81,41,0.3435621460,1.8128581941,0.4537735721,0.0000000000,0.0000000000,0.0100000000,0.0001251052,0.0160826451,1.2510522686,0.0312920188,2.4893339622,15,0,0,70.8191793521,131.2435771072,0.5747617201,0.8200234759,0.0339334968,53.6575320257,193.4695083920,9,0,643.3596628824,2034.3091455008,0.0000000000,0.0000000000,false,505.0000000000,650.0000000000,0.0054794521,1.4246575342
daily,META,2026-08-19,1530,essvi_gfree,ok,,81,41,0.3485692441,2.0147061385,0.4559783080,0.0000000000,0.0000000000,0.0100000000,0.0001200035,0.0326449848,1.2000352534,0.0303746112,2.4620471864,15,0,0,68.8852839259,130.4162239113,0.5483906578,0.8099953676,0.0330737978,73.7298178946,194.5650607217,9,0,571.7969025595,1817.0984763056,0.0000000000,0.0000000000,false,505.0000000000,650.0000000000,0.0054794521,1.4246575342
daily,META,2026-08-19,1530,essvi_sg05,ok,,81,41,0.3410611039,1.6950441286,0.4490134067,0.0000000000,0.0000000000,0.0100000000,0.0001024590,0.0132100440,1.0245898455,0.0285848179,2.4315855072,15,0,0,71.0597013027,137.7097724898,0.5586042798,0.8454281934,0.0343410402,74.8700145227,211.8192957915,9,0,463.1487382016,1511.5838856495,0.0000000000,0.0000000000,false,505.0000000000,650.0000000000,0.0054794521,1.4246575342
daily,META,2026-08-20,1530,svi,ok,,81,41,0.3515969038,3.0000000000,0.4756685101,0.0090334237,0.0000000000,0.0100000000,0.0004006115,0.3368735445,4.0061145401,0.0459453235,2.3748426037,15,0,0,64.3015061232,131.1829418676,0.5152394684,0.7099546177,0.0305910119,61.1767908829,200.2476318921,5,0,205.7739121939,498.7747961090,0.0090334237,0.0000000000,false,520.0000000000,595.0000000000,0.0027397260,1.4219178082
daily,META,2026-08-20,1530,ssvi,ok,,81,41,0.3550139944,1.3674325056,0.4491667346,0.0000000000,0.0000000000,0.0100000000,0.0000997246,0.0169987308,0.9972455884,0.0254505449,1.1092013830,15,0,0,101.1964832238,197.7132177737,0.7852218849,1.1360870705,0.0482532925,106.5799705945,249.3583725789,5,0,194.3865713510,359.3554025727,0.0000000000,0.0000000000,false,520.0000000000,595.0000000000,0.0027397260,1.4219178082
daily,META,2026-08-20,1530,essvi,ok,,81,41,0.3509724302,2.5304190656,0.4684627185,0.0000000000,0.0000000000,0.0100000000,0.0001692629,0.0592978998,1.6926286941,0.0402333138,1.9628520536,15,0,0,107.7689821273,206.1853849284,0.8486183122,1.1910854205,0.0505403154,120.9458840371,327.4908615200,5,0,267.2692785397,650.3880033289,0.0000000000,0.0000000000,false,520.0000000000,595.0000000000,0.0027397260,1.4219178082
daily,META,2026-08-20,1530,essvi_g05,ok,,81,41,0.3383055196,2.3176064494,0.4615306522,0.0000000000,0.0000000000,0.0100000000,0.0001509971,0.0343288074,1.5099709556,0.0369577536,1.7666891161,15,0,0,97.5795651482,181.6267048720,0.7906836516,1.0338414169,0.0458334430,71.0154761951,276.5468760161,5,0,266.3198582789,657.1088781148,0.0000000000,0.0000000000,false,520.0000000000,595.0000000000,0.0027397260,1.4219178082
daily,META,2026-08-20,1530,essvi_gfree,ok,,81,41,0.3447508675,2.5261882604,0.4654572374,0.0000000000,0.0000000000,0.0100000000,0.0001609516,0.0613037319,1.6095163030,0.0381582396,1.9544590603,15,0,0,84.2943497936,156.3625910575,0.6821094573,0.9005507755,0.0394923233,74.9774134427,250.6056139001,6,0,263.9194745155,633.6424173793,0.0000000000,0.0000000000,false,520.0000000000,595.0000000000,0.0027397260,1.4219178082
daily,META,2026-08-20,1530,essvi_sg05,ok,,81,41,0.3512223125,2.1807402718,0.4551377296,0.0000000000,0.0000000000,0.0100000000,0.0001195384,0.0257541024,1.1953837615,0.0307632108,1.6479624215,15,0,0,100.2607676793,199.4716076970,0.7770301136,1.1282366620,0.0478992357,105.0890239883,309.9455858636,5,0,234.9714731911,567.6035218273,0.0000000000,0.0000000000,false,520.0000000000,595.0000000000,0.0027397260,1.4219178082
daily,META,2026-08-21,1530,svi,ok,,81,41,0.2106624380,1.8141411826,0.4440279952,0.0000000000,0.0000000000,0.0100000000,0.0001622609,0.0361591943,1.6226091207,0.0281162560,1.5154894473,15,0,0,21.7832576192,55.8667045278,0.1729213117,0.2369426007,0.0109869194,32.9820725532,104.3698265761,6,0,581.6880765864,1262.4532054982,0.0000000000,0.0000000000,false,520.0000000000,590.0000000000,0.0082191781,1.4191780822
daily,META,2026-08-21,1530,ssvi,ok,,81,41,0.2271545390,0.7906319248,0.4290322711,0.0000000000,0.0000000000,0.0100000000,0.0000819447,0.0099155825,0.8194467710,0.0169951122,1.6994022665,15,0,0,19.5396262583,36.0185731602,0.1794804575,0.3493342874,0.0090606297,22.8459217747,73.1843970042,6,0,604.5754455634,1209.8826867167,0.0000000000,0.0000000000,false,520.0000000000,590.0000000000,0.0082191781,1.4191780822
daily,META,2026-08-21,1530,essvi,ok,,81,41,0.2153801540,1.3670207267,0.4376304191,0.0000000000,0.0000000000,0.0100000000,0.0001178326,0.0353674102,1.1783256209,0.0238378514,1.0585735325,15,0,0,27.3939175815,64.9170295471,0.2207639298,0.3343730300,0.0134318489,18.3169582188,45.5799956389,6,0,537.3738206193,1132.9198588324,0.0000000000,0.0000000000,false,520.0000000000,590.0000000000,0.0082191781,1.4191780822
daily,META,2026-08-21,1530,essvi_g05,ok,,81,41,0.2308099131,1.2061244440,0.4369445774,0.0000000000,0.0000000000,0.0100000000,0.0001146758,0.0184877102,1.1467579675,0.0245052868,2.5129804098,15,0,0,28.2830753258,65.3790533370,0.2305659448,0.3465718709,0.0137669453,48.3162263340,99.6011333892,6,0,516.8657679328,1062.5670520296,0.0000000000,0.0000000000,false,520.0000000000,590.0000000000,0.0082191781,1.4191780822
daily,META,2026-08-21,1530,essvi_gfree,ok,,81,41,0.2098653009,1.3691796208,0.4394499243,0.0000000000,0.0000000000,0.0100000000,0.0001148700,0.0371216758,1.1486998176,0.0229827250,1.1113561229,15,0,0,26.9399136012,68.2814729105,0.2040902338,0.3060385553,0.0136033586,29.6469811428,72.6006178507,6,0,515.9504343725,1073.6159050168,0.0000000000,0.0000000000,false,520.0000000000,590.0000000000,0.0082191781,1.4191780822
daily,META,2026-08-21,1530,essvi_sg05,ok,,81,41,0.2270194527,1.1292222805,0.4333155610,0.0000000000,0.0000000000,0.0100000000,0.0000940129,0.0141925156,0.9401293782,0.0203854419,2.4686939123,15,0,0,19.7763489056,45.0502472302,0.1788184246,0.3437165988,0.0092364808,20.3638895506,62.1728183949,6,0,601.6209236911,1231.7114451030,0.0000000000,0.0000000000,false,520.0000000000,590.0000000000,0.0082191781,1.4191780822
daily,META,2026-08-24,1538,svi,ok,,81,41,0.3066228358,2.0061111621,0.4519941378,0.0000000000,0.0000000000,0.0100000000,0.0001374783,0.0135229167,1.3747831833,0.0307135123,1.4563768860,15,0,0,37.4636887584,57.7085812756,0.3475872020,0.4873726233,0.0160890674,44.9234457898,96.7287684372,6,0,207.5613705084,525.0262903076,0.0000000000,0.0000000000,false,525.0000000000,610.0000000000,0.0054794521,1.4109589041
daily,META,2026-08-24,1538,ssvi,ok,,81,41,0.3050246470,1.0896495617,0.4386698515,0.0000000000,0.0000000000,0.0100000000,0.0000819421,0.0087042529,0.8194206070,0.0192808885,0.8619974853,15,0,0,43.3783109269,68.6688718145,0.3916876032,0.5266964334,0.0187142219,33.2229216922,67.1449934061,6,0,198.9510623009,396.1271176997,0.0000000000,0.0000000000,false,525.0000000000,610.0000000000,0.0054794521,1.4109589041
daily,META,2026-08-24,1538,essvi,ok,,81,41,0.3025765531,1.5939133053,0.4455866505,0.0000000000,0.0000000000,0.0100000000,0.0000992158,0.0150521276,0.9921584861,0.0243410429,1.0685733879,15,0,0,46.8328252177,73.7012097310,0.4246577736,0.5761666349,0.0201025374,32.7701017838,71.6739173094,6,0,216.6170559587,483.0309742230,0.0000000000,0.0000000000,false,525.0000000000,610.0000000000,0.0054794521,1.4109589041
daily,META,2026-08-24,1538,essvi_g05,ok,,81,41,0.3060308445,1.6096336503,0.4470911581,0.0000000000,0.0000000000,0.0100000000,0.0001119154,0.0159790885,1.1191541358,0.0270191224,2.3712693435,15,0,0,38.6882468994,65.5854628105,0.3360934996,0.4125053199,0.0171097675,66.1283202847,102.8144669901,6,0,217.7369455656,487.6549226151,0.0000000000,0.0000000000,false,525.0000000000,610.0000000000,0.0054794521,1.4109589041
daily,META,2026-08-24,1538,essvi_gfree,ok,,81,41,0.3058132791,1.6836675781,0.4483877907,0.0000000000,0.0000000000,0.0100000000,0.0001101893,0.0202098987,1.1018933367,0.0271069686,2.4852864952,15,0,0,38.1309637562,62.3469935298,0.3408467614,0.4376441675,0.0166301773,53.9983966453,86.5700373055,6,0,224.2305234498,508.4622931343,0.0000000000,0.0000000000,false,525.0000000000,610.0000000000,0.0054794521,1.4109589041
daily,META,2026-08-24,1538,essvi_sg05,ok,,81,41,0.3050312462,1.5247125971,0.4438501709,0.0000000000,0.0000000000,0.0100000000,0.0000938131,0.0123058143,0.9381312519,0.0237577409,1.1299894687,15,0,0,43.8096326403,69.1555942576,0.3949344969,0.5281410515,0.0189425720,33.5894627022,67.4689678464,6,0,198.8551761765,442.9014121727,0.0000000000,0.0000000000,false,525.0000000000,610.0000000000,0.0054794521,1.4109589041
daily,META,2026-08-25,1530,svi,ok,,81,41,0.0100000000,3.0000000000,0.4708583534,0.0216802168,0.0048178260,0.0100000000,0.0025392053,3.0042419945,25.3920533705,0.0580754125,2.8621134725,15,0,0,58.6772704462,135.5128565867,0.4080748347,0.8336664302,0.0304526553,50.6192945784,147.7837450895,6,0,606.7092266286,1210.4648793843,0.0216802168,0.0048178260,false,520.0000000000,595.0000000000,0.0027397260,1.4082191781
daily,META,2026-08-25,1530,ssvi,ok,,81,41,0.2566698832,1.2461022860,0.4376488163,0.0000000000,0.0000000000,0.0100000000,0.0000933566,0.0157544918,0.9335663333,0.0219986898,0.7835172492,15,0,0,64.4171299466,143.1717883296,0.4752918616,0.8507538170,0.0324067589,67.0181677221,165.8260024719,5,0,482.5748395779,1130.9176487715,0.0000000000,0.0000000000,false,520.0000000000,595.0000000000,0.0027397260,1.4082191781
daily,META,2026-08-25,1530,essvi,ok,,81,41,0.0100000000,2.0944768439,0.4429497676,0.0129479073,0.0000000000,0.0100000000,0.0001910722,0.0487331150,1.9107215106,0.0306722306,1.5927238495,15,0,0,57.5296150344,135.0826316407,0.3929897653,0.8221648091,0.0296169050,63.2847014985,179.8734876213,5,0,526.9512868639,1299.9997167561,0.0129479073,0.0000000000,false,520.0000000000,595.0000000000,0.0027397260,1.4082191781
daily,META,2026-08-25,1530,essvi_g05,ok,,81,41,0.2082567216,1.9307325274,0.4470857674,0.0000000000,0.0000000000,0.0100000000,0.0001303769,0.0312040656,1.3037690565,0.0307628896,1.4457981334,15,0,0,59.4708762575,141.1375083092,0.4041936322,0.8430207222,0.0310550820,58.5147535635,160.9891204651,5,0,543.7440618673,1287.7840372909,0.0000000000,0.0000000000,false,520.0000000000,595.0000000000,0.0027397260,1.4082191781
daily,META,2026-08-25,1530,essvi_gfree,ok,,81,41,0.2091216739,2.0923882334,0.4500970607,0.0000000000,0.0000000000,0.0100000000,0.0001359630,0.0506753180,1.3596302372,0.0317818930,1.5930734847,15,0,0,62.4331671265,146.4372547167,0.4290474131,0.8760510691,0.0323999284,52.2132703438,169.0390188501,6,0,670.2185507428,1347.7159227699,0.0000000000,0.0000000000,false,520.0000000000,595.0000000000,0.0027397260,1.4082191781
daily,META,2026-08-25,1530,essvi_sg05,ok,,81,41,0.2555777794,1.8551296663,0.4452084633,0.0000000000,0.0000000000,0.0100000000,0.0001166632,0.0265106443,1.1666318394,0.0289974818,1.3841736638,15,0,0,63.4117344384,137.4304240562,0.4678521481,0.8340273710,0.0318440438,68.2209188148,179.0413862776,5,0,486.0167323078,1141.1594293142,0.0000000000,0.0000000000,false,520.0000000000,595.0000000000,0.0027397260,1.4082191781
daily,META,2026-08-26,1530,svi,ok,,81,41,0.0100000000,2.2678290586,0.4613092456,0.0057211683,0.0000000000,0.0100000000,0.0003509946,0.2155721075,3.5099462198,0.0378225767,1.7682404592,15,0,0,26.5097973337,58.7472105555,0.1906071720,0.3856817429,0.0128096955,22.7887140072,63.2119156927,6,0,857.6058777313,1903.4332029077,0.0057211683,0.0000000000,false,535.0000000000,650.0000000000,0.0054794521,1.4054794521
daily,META,2026-08-26,1530,ssvi,ok,,81,41,0.3519147030,1.2037029183,0.4469961189,0.0000000000,0.0000000000,0.0100000000,0.0000822332,0.0061467961,0.8223324188,0.0229985459,1.6529120654,15,0,0,29.1635104273,63.9615584905,0.2068213131,0.4122790586,0.0140389624,35.3345535310,144.9742934017,6,0,850.4158367813,1707.9029559884,0.0000000000,0.0000000000,false,535.0000000000,650.0000000000,0.0054794521,1.4054794521
daily,META,2026-08-26,1530,essvi,ok,,81,41,0.0458334928,1.9200881687,0.4519137058,0.0000000000,0.0000000000,0.0100000000,0.0001212218,0.0240530180,1.2122182384,0.0331425147,1.7407882620,15,0,0,28.1119739023,67.0116450282,0.2011764807,0.3971382464,0.0135026739,35.6838428254,110.4887725855,6,0,919.1457613133,1938.1656919421,0.0000000000,0.0000000000,false,535.0000000000,650.0000000000,0.0054794521,1.4054794521
daily,META,2026-08-26,1530,essvi_g05,ok,,81,41,0.3499305301,1.8045885557,0.4539911882,0.0000000000,0.0000000000,0.0100000000,0.0001082617,0.0120015119,1.0826174079,0.0316339713,1.2758139546,15,0,0,35.9030788488,72.6532199095,0.2968941838,0.4292736061,0.0165867778,30.2847567673,102.1821747960,6,0,940.4633685750,1962.9893998420,0.0000000000,0.0000000000,false,535.0000000000,650.0000000000,0.0054794521,1.4054794521
daily,META,2026-08-26,1530,essvi_gfree,ok,,81,41,0.3528180214,1.9319609110,0.4553476833,0.0000000000,0.0000000000,0.0100000000,0.0001030374,0.0170567576,1.0303742694,0.0317880498,1.3914329101,15,0,0,31.7275626528,66.0691614903,0.2564773078,0.3981018539,0.0147393850,24.3290719062,95.9771575376,6,0,921.5581659940,1945.1888116526,0.0000000000,0.0000000000,false,535.0000000000,650.0000000000,0.0054794521,1.4054794521
daily,META,2026-08-26,1530,essvi_sg05,ok,,81,41,0.3509274689,1.7209468919,0.4529291490,0.0000000000,0.0000000000,0.0100000000,0.0000965817,0.0101958952,0.9658173852,0.0285850875,1.4508085830,15,0,0,27.7590650367,66.0379215215,0.1959790863,0.3927719123,0.0133489800,35.8913104021,104.3394744561,6,0,860.9284412059,1794.5814742396,0.0000000000,0.0000000000,false,535.0000000000,650.0000000000,0.0054794521,1.4054794521
daily,META,2026-08-27,1530,svi,ok,,81,41,0.0100000000,3.0000000000,0.4732889527,0.0168623908,0.0000000000,0.0100000000,0.0006080482,0.3172537254,6.0804822883,0.0520133961,2.4055680186,15,0,0,67.1186435812,135.7334205975,0.5143129000,0.8339446866,0.0339554103,58.2939443230,160.5725037045,6,0,252.2185815226,556.5491313369,0.0168623908,0.0000000000,false,545.0000000000,610.0000000000,0.0027397260,1.4027397260
daily,META,2026-08-27,1530,ssvi,ok,,81,41,0.3503453400,1.3374853646,0.4429897394,0.0000000000,0.0000000000,0.0100000000,0.0000932404,0.0136831304,0.9324044486,0.0240075614,2.0853787787,15,0,0,77.1742493620,152.2680629698,0.5953827569,0.9487217741,0.0386143512,81.4519438950,226.4339190830,6,0,234.5453806405,408.3434187886,0.0000000000,0.0000000000,false,545.0000000000,610.0000000000,0.0027397260,1.4027397260
daily,META,2026-08-27,1530,essvi,ok,,81,41,0.0100000000,2.4003756852,0.4582531878,0.0054200542,0.0000000000,0.0100000000,0.0002488232,0.0826846976,2.4882322047,0.0407054694,1.8857785903,15,0,0,72.0398781650,144.6664926998,0.5506885210,0.9006194663,0.0360983671,78.1730467561,201.6325968612,6,0,305.1051629020,642.3190306355,0.0054200542,0.0000000000,false,545.0000000000,610.0000000000,0.0027397260,1.4027397260
daily,META,2026-08-27,1530,essvi_g05,ok,,81,41,0.3221176624,2.0907638259,0.4552496600,0.0000000000,0.0000000000,0.0100000000,0.0001404145,0.0285594155,1.4041449306,0.0365936627,1.5852571967,15,0,0,62.7723924279,122.9560763388,0.4925429427,0.7690958758,0.0316439420,53.3696792333,156.0047920518,6,0,322.6889007705,663.6514932304,0.0000000000,0.0000000000,false,545.0000000000,610.0000000000,0.0027397260,1.4027397260
daily,META,2026-08-27,1530,essvi_gfree,ok,,81,41,0.3259989227,2.4101163330,0.4585230182,0.0000000000,0.0000000000,0.0100000000,0.0001507773,0.0665841407,1.5077730269,0.0383487669,1.8948488880,15,0,0,50.1815870361,99.7168808388,0.3914556578,0.6164239776,0.0250387266,49.5017140622,134.6845521432,6,0,279.2801065758,598.9024227544,0.0000000000,0.0000000000,false,545.0000000000,610.0000000000,0.0027397260,1.4027397260
daily,META,2026-08-27,1530,essvi_sg05,ok,,81,41,0.3500839280,1.8778080789,0.4500580873,0.0000000000,0.0000000000,0.0100000000,0.0001125423,0.0215107313,1.1254228699,0.0308029114,1.4046322200,15,0,0,76.1097749287,153.1315352044,0.5877694754,0.9365373522,0.0380272192,81.5672970733,195.0037667718,6,0,239.4335549470,468.4161995176,0.0000000000,0.0000000000,false,545.0000000000,610.0000000000,0.0027397260,1.4027397260
daily,META,2026-08-31,1530,svi,ok,,81,41,0.0100000000,1.8327586519,0.4482865369,0.0009033424,0.0000000000,0.0100000000,0.0002644119,0.2121098934,2.6441189320,0.0339513888,2.0886773624,15,0,0,110.7787533591,206.0231839996,0.9332453810,1.2723718968,0.0526648559,117.5005487246,214.9839793445,5,0,224.4414347108,491.2407017001,0.0009033424,0.0000000000,false,552.5000000000,610.0000000000,0.0054794521,1.3917808219
daily,META,2026-08-31,1530,ssvi,ok,,81,41,0.3328072452,1.0285935962,0.4316320465,0.0000000000,0.0000000000,0.0100000000,0.0000806705,0.0070286508,0.8067049997,0.0200591587,0.6007800430,15,0,0,104.1261416031,187.4759242055,0.8780497168,1.2152776216,0.0495077349,104.5499529311,240.3375501486,5,0,190.3047967334,368.2026597667,0.0000000000,0.0000000000,false,552.5000000000,610.0000000000,0.0054794521,1.3917808219
daily,META,2026-08-31,1530,essvi,ok,,81,41,0.3302007432,1.5492572060,0.4426910315,0.0000000000,0.0000000000,0.0100000000,0.0001051477,0.0132478125,1.0514771527,0.0275259566,1.8539805497,15,0,0,110.0385759937,206.8373777157,0.9235156420,1.2790711294,0.0522299178,107.9569768672,203.6330163532,5,0,223.0773508649,493.2157557378,0.0000000000,0.0000000000,false,552.5000000000,610.0000000000,0.0054794521,1.3917808219
daily,META,2026-08-31,1530,essvi_g05,ok,,81,41,0.3282034087,1.5587821813,0.4418857407,0.0000000000,0.0000000000,0.0100000000,0.0001036651,0.0136673518,1.0366507313,0.0271661793,1.4109949602,15,0,0,112.0920640300,214.3134364102,0.9343504448,1.3390233762,0.0537001559,129.3546803819,220.2096637860,5,0,217.2787699467,484.0653327112,0.0000000000,0.0000000000,false,552.5000000000,610.0000000000,0.0054794521,1.3917808219
daily,META,2026-08-31,1530,essvi_gfree,ok,,81,41,0.3287606419,1.6315081725,0.4432247688,0.0000000000,0.0000000000,0.0100000000,0.0001041142,0.0172934593,1.0411416742,0.0276912563,1.3203677292,15,0,0,110.6939133227,211.1952664630,0.9225763983,1.3132848114,0.0529852831,121.5763652581,220.3470828832,5,0,221.8927914582,504.2645660935,0.0000000000,0.0000000000,false,552.5000000000,610.0000000000,0.0054794521,1.3917808219
daily,META,2026-08-31,1530,essvi_sg05,ok,,81,41,0.3313563227,1.5316937406,0.4379519920,0.0000000000,0.0000000000,0.0100000000,0.0000964469,0.0125862351,0.9644692557,0.0255216282,1.0868454134,15,0,0,106.6332687633,199.5848529529,0.8938896844,1.2511864524,0.0506984404,104.5931632134,199.0724096104,5,0,220.8257230063,494.9970571527,0.0000000000,0.0000000000,false,552.5000000000,610.0000000000,0.0054794521,1.3917808219
daily,META,2026-09-01,1530,svi,ok,,81,41,0.2124498264,2.8703632551,0.4564500798,0.0000000000,0.0000000000,0.0100000000,0.0002035113,0.0544816721,2.0351131880,0.0445285862,2.3876099012,15,0,0,96.6089327614,177.6181837168,0.8040952673,1.1115518273,0.0450754623,106.6415201696,187.4094632368,3,0,480.1117306868,1100.2611747698,0.0000000000,0.0000000000,false,570.0000000000,600.0000000000,0.0027397260,1.3890410959
daily,META,2026-09-01,1530,ssvi,ok,,81,41,0.3441274233,1.2000924875,0.4333964970,0.0000000000,0.0000000000,0.0100000000,0.0000828255,0.0082016263,0.8282547339,0.0267850049,1.2865841947,15,0,0,90.0408302132,165.3860922011,0.7455330419,1.0700945265,0.0421015142,85.9605650827,169.6382965083,3,0,468.9914108564,1071.5046684513,0.0000000000,0.0000000000,false,570.0000000000,600.0000000000,0.0027397260,1.3890410959
daily,META,2026-09-01,1530,essvi,ok,,81,41,0.3399710383,1.9349297470,0.4561635261,0.0000000000,0.0000000000,0.0100000000,0.0001402955,0.0285569722,1.4029554191,0.0441736916,1.4575602154,15,0,0,101.1203724396,180.5953986706,0.8544479476,1.1485910817,0.0464910705,92.0434018983,172.2106097063,3,0,492.7960418466,1118.4172213280,0.0000000000,0.0000000000,false,570.0000000000,600.0000000000,0.0027397260,1.3890410959
daily,META,2026-09-01,1530,essvi_g05,ok,,81,41,0.3335586776,1.8539762649,0.4482381273,0.0000000000,0.0000000000,0.0100000000,0.0001200931,0.0241510117,1.2009308791,0.0359967167,1.3821238362,15,0,0,101.0150540752,188.1588580277,0.8405657281,1.1988607756,0.0473263848,123.7208772712,200.4575409770,3,0,508.5905978335,1154.0709077527,0.0000000000,0.0000000000,false,570.0000000000,600.0000000000,0.0027397260,1.3890410959
daily,META,2026-09-01,1530,essvi_gfree,ok,,81,41,0.3344735342,1.9616016616,0.4500721635,0.0000000000,0.0000000000,0.0100000000,0.0001230352,0.0313695243,1.2303521887,0.0369782972,1.4827220129,15,0,0,101.2276468860,187.7159396259,0.8395452456,1.1952813007,0.0473687949,114.5738263516,201.4635238592,3,0,502.2705796178,1138.0704022708,0.0000000000,0.0000000000,false,570.0000000000,600.0000000000,0.0027397260,1.3890410959
daily,META,2026-09-01,1530,essvi_sg05,ok,,81,41,0.3407323983,1.8111588687,0.4444720551,0.0000000000,0.0000000000,0.0100000000,0.0001128346,0.0222072413,1.1283457014,0.0343845927,1.3437698787,15,0,0,98.1679185210,181.1108565503,0.8159594737,1.1519430811,0.0455260915,88.2203910210,172.9417308498,3,0,487.2064837662,1106.3361978383,0.0000000000,0.0000000000,false,570.0000000000,600.0000000000,0.0027397260,1.3890410959
daily,META,2026-09-02,1530,svi,ok,,81,41,0.0100000000,2.2351497608,0.4460967650,0.0096356519,0.0000000000,0.0100000000,0.0003065103,0.1047735983,3.0651026420,0.0426200757,2.3960393339,15,0,0,14.8121137054,29.3447986171,0.1309276519,0.2082057511,0.0068760551,18.1490667998,45.3800123269,4,0,652.6247576619,1338.4012421469,0.0096356519,0.0000000000,false,560.0000000000,610.0000000000,0.0054794521,1.3863013699
daily,META,2026-09-02,1530,ssvi,ok,,81,41,0.3407836836,0.8777478742,0.4296060853,0.0000000000,0.0000000000,0.0100000000,0.0000653375,0.0017292022,0.6533745624,0.0170710599,1.1743856370,15,0,0,15.5829258811,36.3725821647,0.1068749080,0.2470105279,0.0081146146,21.2485444260,56.7454624568,4,0,634.7865670770,1256.0833342022,0.0000000000,0.0000000000,false,560.0000000000,610.0000000000,0.0054794521,1.3863013699
daily,META,2026-09-02,1530,essvi,ok,,81,41,0.0100000000,1.4515262431,0.4286227982,0.0132490214,0.0000000000,0.0100000000,0.0002041042,0.0993185243,2.0410424939,0.0366601606,1.2086786388,15,0,0,13.5734397350,26.7435296030,0.1183684978,0.1566858115,0.0061163301,25.8694946540,63.3274520182,4,0,668.4363881169,1350.1124399856,0.0132490214,0.0000000000,false,560.0000000000,610.0000000000,0.0054794521,1.3863013699
daily,META,2026-09-02,1530,essvi_g05,ok,,81,41,0.3301400914,1.5001314145,0.4396930832,0.0000000000,0.0000000000,0.0100000000,0.0000848185,0.0089382713,0.8481851378,0.0278901376,1.1008079718,15,0,0,14.0943600809,26.5228768721,0.1241480942,0.1559617204,0.0063815985,22.7501499694,54.2741766762,4,0,645.6895055541,1327.9364564455,0.0000000000,0.0000000000,false,560.0000000000,610.0000000000,0.0054794521,1.3863013699
daily,META,2026-09-02,1530,essvi_gfree,ok,,81,41,0.3301549104,1.5528393250,0.4401647793,0.0000000000,0.0000000000,0.0100000000,0.0000846421,0.0103049802,0.8464205334,0.0279861003,1.1516667511,15,0,0,13.6744252577,24.6335185298,0.1229345892,0.1584009879,0.0061081869,21.0284953298,52.8055072982,4,0,646.5864942433,1336.7237071584,0.0000000000,0.0000000000,false,560.0000000000,610.0000000000,0.0054794521,1.3863013699
daily,META,2026-09-02,1530,essvi_sg05,ok,,81,41,0.3336784440,1.5639265755,0.4396898315,0.0000000000,0.0000000000,0.0100000000,0.0000924443,0.0102003345,0.9244426077,0.0285509071,1.1602761766,15,0,0,13.5494624993,26.3112714250,0.1172739817,0.1520477984,0.0061463417,30.1190813251,92.1277085255,4,0,683.3321560405,1398.8097043093,0.0000000000,0.0000000000,false,560.0000000000,610.0000000000,0.0054794521,1.3863013699
daily,META,2026-09-03,1530,svi,ok,,81,41,0.2352844673,3.0000000000,0.4732090913,0.0066245107,0.0000000000,0.0100000000,0.0003975326,0.0965679262,3.9753260924,0.0479224757,2.4405111449,15,0,0,122.4049990329,250.0353563969,1.0426073047,1.5679217188,0.0618546004,116.5177753240,246.2947334937,5,0,522.0222911922,847.3632704325,0.0066245107,0.0000000000,false,572.5000000000,645.0000000000,0.0027397260,1.3835616438
daily,META,2026-09-03,1530,ssvi,ok,,81,41,0.3390073254,1.2371291330,0.4358627014,0.0000000000,0.0000000000,0.0100000000,0.0000816380,0.0091630928,0.8163798383,0.0201698904,0.8116942861,15,0,0,123.3020311048,238.1302967273,1.0475162158,1.5783853426,0.0617722528,127.0330336726,254.1157495818,5,0,477.5998979325,713.1249747063,0.0000000000,0.0000000000,false,572.5000000000,645.0000000000,0.0027397260,1.3835616438
daily,META,2026-09-03,1530,essvi,ok,,81,41,0.3351134355,2.4697902460,0.4597902165,0.0000000000,0.0000000000,0.0100000000,0.0001638279,0.0561492783,1.6382794054,0.0365212743,1.9450252570,15,0,0,120.8379416296,243.8040432029,1.0306383198,1.5419585082,0.0600593614,128.6076018867,308.2283316727,5,0,596.7759070082,1077.4114541327,0.0000000000,0.0000000000,false,572.5000000000,645.0000000000,0.0027397260,1.3835616438
daily,META,2026-09-03,1530,essvi_g05,ok,,81,41,0.3298599808,2.1476239093,0.4522285420,0.0000000000,0.0000000000,0.0100000000,0.0001305962,0.0251071490,1.3059615203,0.0338083100,1.6495078386,15,0,0,121.0040556591,250.5936276692,1.0319836782,1.5707207972,0.0616572063,87.5244354746,283.7981309584,5,0,619.0361395823,1117.1821550620,0.0000000000,0.0000000000,false,572.5000000000,645.0000000000,0.0027397260,1.3835616438
daily,META,2026-09-03,1530,essvi_gfree,ok,,81,41,0.3183775762,2.4777110194,0.4559275354,0.0000000000,0.0000000000,0.0100000000,0.0001453730,0.0630488984,1.4537295624,0.0381337368,1.9515308856,15,0,0,113.2130549732,227.9060244386,0.9631867873,1.4391255729,0.0569716895,120.2262588905,265.5517815640,5,0,583.8001075654,1045.8163499475,0.0000000000,0.0000000000,false,572.5000000000,645.0000000000,0.0027397260,1.3835616438
daily,META,2026-09-03,1530,essvi_sg05,ok,,81,41,0.3353065993,1.9734632066,0.4440051265,0.0000000000,0.0000000000,0.0100000000,0.0001062179,0.0202023357,1.0621786954,0.0288762225,1.5017844014,15,0,0,124.0581921360,249.1582353202,1.0590179498,1.5755845253,0.0617036730,131.5285376652,309.8765496481,5,0,501.1555357155,908.8244490748,0.0000000000,0.0000000000,false,572.5000000000,645.0000000000,0.0027397260,1.3835616438
daily,META,2026-09-04,1530,svi,ok,,81,41,0.0100000000,2.3890456417,0.4358447868,0.0045167118,0.0000000000,0.0100000000,0.0003802331,0.1411305283,3.8023314988,0.0469347732,2.5031849175,15,0,0,37.1774678269,44.8443348031,0.4521057330,0.8091447684,0.0151972248,37.0873721231,65.2104690098,6,0,40.9482160562,72.4011768095,0.0045167118,0.0000000000,false,540.0000000000,640.0000000000,0.0136986301,1.3808219178
daily,META,2026-09-04,1530,ssvi,ok,,81,41,0.2697852931,0.6608626388,0.4200523246,0.0000000000,0.0000000000,0.0100000000,0.0000604644,0.0025039975,0.6046440619,0.0144167912,2.4102019232,15,0,0,45.8469203100,61.2314347982,0.4927353664,0.7096566247,0.0204224027,49.2308429942,80.8662101702,6,0,51.0206996744,75.7217278304,0.0000000000,0.0000000000,false,540.0000000000,640.0000000000,0.0136986301,1.3808219178
daily,META,2026-09-04,1530,essvi,ok,,81,41,0.0100000000,1.1298845541,0.4228688138,0.0024089130,0.0000000000,0.0100000000,0.0001273452,0.0683942146,1.2734516127,0.0221354794,2.3620035946,15,0,0,39.8202970944,48.6398707722,0.4899461032,0.8776288508,0.0162088150,47.4027694681,83.2207916818,6,0,30.6769980754,50.8970011310,0.0024089130,0.0000000000,false,540.0000000000,640.0000000000,0.0136986301,1.3808219178
daily,META,2026-09-04,1530,essvi_g05,ok,,81,41,0.2684356697,1.0062972002,0.4245132530,0.0000000000,0.0000000000,0.0100000000,0.0000745943,0.0062467508,0.7459432361,0.0187992049,0.5611566391,15,0,0,37.6126637039,47.3066905437,0.4672706814,0.8535528008,0.0153593315,26.5222834627,61.9415192803,6,0,36.1619524261,62.9924552996,0.0000000000,0.0000000000,false,540.0000000000,640.0000000000,0.0136986301,1.3808219178
daily,META,2026-09-04,1530,essvi_gfree,ok,,81,41,0.2545073382,1.1284583876,0.4274168341,0.0000000000,0.0000000000,0.0100000000,0.0000726315,0.0116711252,0.7263148599,0.0196301705,0.6939013575,15,0,0,43.4531060796,64.2320160997,0.5178956174,0.8981233886,0.0183234023,42.4959363364,75.9597769141,6,0,31.3879091769,49.9092962080,0.0000000000,0.0000000000,false,540.0000000000,640.0000000000,0.0136986301,1.3808219178
daily,META,2026-09-04,1530,essvi_sg05,ok,,81,41,0.2649150049,0.9825005328,0.4239399786,0.0000000000,0.0000000000,0.0100000000,0.0000701896,0.0057553860,0.7018957037,0.0175319430,0.5423135357,15,0,0,46.1837390914,65.4563613284,0.5184563502,0.8021668033,0.0199897041,54.3315095610,102.2364405273,6,0,42.7111222927,68.5098279833,0.0000000000,0.0000000000,false,540.0000000000,640.0000000000,0.0136986301,1.3808219178
daily,META,2026-09-08,1530,svi,ok,,81,41,0.0100000000,3.0000000000,0.4559647076,0.0159590485,0.0000000000,0.0100000000,0.0004737501,0.2221801806,4.7375007320,0.0527727123,2.4746344750,15,0,0,40.1090524683,79.7826485715,0.3358495944,0.6255788645,0.0177302505,40.8924340369,84.0472281169,3,0,501.6434234289,1322.1911670697,0.0159590485,0.0000000000,false,595.0000000000,640.0000000000,0.0027397260,1.3698630137
daily,META,2026-09-08,1530,ssvi,ok,,81,41,0.3544964397,1.2138827723,0.4367852008,0.0000000000,0.0000000000,0.0100000000,0.0000752149,0.0054573774,0.7521494492,0.0254344026,0.9073300034,15,0,0,54.3301201092,115.7318708488,0.4355478803,0.8047995642,0.0246537357,52.3990796279,171.6029543115,3,0,482.6831179289,1214.6005674831,0.0000000000,0.0000000000,false,595.0000000000,640.0000000000,0.0027397260,1.3698630137
daily,META,2026-09-08,1530,essvi,ok,,81,41,0.0100000000,2.0669188903,0.4509224764,0.0015055706,0.0000000000,0.0100000000,0.0001435414,0.0317470337,1.4354141175,0.0424788815,2.7962893923,15,0,0,45.7926745532,95.1776783744,0.3807803895,0.6543907823,0.0204040780,46.4562493854,99.1511793049,3,0,495.2203263225,1290.7439388339,0.0015055706,0.0000000000,false,595.0000000000,640.0000000000,0.0027397260,1.3698630137
daily,META,2026-09-08,1530,essvi_g05,ok,,81,41,0.3356172389,1.9816606211,0.4480439324,0.0000000000,0.0000000000,0.0100000000,0.0001018572,0.0172564428,1.0185717141,0.0376219436,2.6482679180,15,0,0,38.3840550011,83.1060954439,0.3037937585,0.5820315970,0.0173586074,35.0999223479,88.5605214107,3,0,515.2151729242,1375.3680202488,0.0000000000,0.0000000000,false,595.0000000000,640.0000000000,0.0027397260,1.3698630137
daily,META,2026-09-08,1530,essvi_gfree,ok,,81,41,0.3356232817,2.0690407640,0.4495918294,0.0000000000,0.0000000000,0.0100000000,0.0001041461,0.0213572839,1.0414605558,0.0376160273,2.6510829764,15,0,0,38.9373206596,86.4308994667,0.3032263339,0.6041600193,0.0177145200,39.3412493123,91.7249425588,3,0,514.2472930585,1366.9534322450,0.0000000000,0.0000000000,false,595.0000000000,640.0000000000,0.0027397260,1.3698630137
daily,META,2026-09-08,1530,essvi_sg05,ok,,81,41,0.3491246812,2.0018279174,0.4476705613,0.0000000000,0.0000000000,0.0100000000,0.0001056116,0.0183167043,1.0561156290,0.0371831429,2.5771143508,15,0,0,45.5105529215,103.9725982205,0.3525770784,0.7035427545,0.0206957382,50.3342620243,121.0335564315,3,0,488.0874416799,1260.3759702863,0.0000000000,0.0000000000,false,595.0000000000,640.0000000000,0.0027397260,1.3698630137
daily,META,2026-09-09,1530,svi,ok,,81,41,0.0100000000,3.0000000000,0.4637634909,0.0087323095,0.0009033424,0.0100000000,0.0010974268,0.7700231024,10.9742677115,0.0415223248,2.4064540019,15,0,0,81.2660145987,170.0743020532,0.8011424937,1.1449640885,0.0340534747,75.9822021851,175.9959680800,4,0,474.0407126581,1616.2737148549,0.0087323095,0.0009033424,false,555.1806008789,645.0000000000,0.0054794521,1.3671232877
daily,META,2026-09-09,1530,ssvi,ok,,81,41,0.3664586326,1.1385818347,0.4418133968,0.0000000000,0.0000000000,0.0100000000,0.0000698025,0.0047563158,0.6980252995,0.0198875564,0.9266198023,15,0,0,80.6953709073,148.6781436335,0.8229787978,1.0707903826,0.0329940505,81.7577475960,181.5675553942,4,0,504.7611517764,1706.7330956227,0.0000000000,0.0000000000,false,555.1806008789,645.0000000000,0.0054794521,1.3671232877
daily,META,2026-09-09,1530,essvi,ok,,81,41,0.3289380794,1.9326766477,0.4538393510,0.0000000000,0.0000000000,0.0100000000,0.0001047866,0.0176565878,1.0478659070,0.0316057754,1.4849606062,15,0,0,89.2736081126,186.6881990015,0.8469754137,1.3216521664,0.0377465782,91.2275666639,247.6265899938,4,0,553.7619861007,1833.5158322977,0.0000000000,0.0000000000,false,555.1806008789,645.0000000000,0.0054794521,1.3671232877
daily,META,2026-09-09,1530,essvi_g05,ok,,81,41,0.3547261593,1.7057315874,0.4514287319,0.0000000000,0.0000000000,0.0100000000,0.0000995273,0.0108374099,0.9952726062,0.0294617313,2.3015868156,15,0,0,105.6726454204,206.4475976842,1.0533237374,1.4923941937,0.0445923656,74.8775049530,231.8770286848,4,0,620.9473261211,2094.2349726195,0.0000000000,0.0000000000,false,555.1806008789,645.0000000000,0.0054794521,1.3671232877
daily,META,2026-09-09,1530,essvi_gfree,ok,,81,41,0.3654185127,1.9319249547,0.4540948611,0.0000000000,0.0000000000,0.0100000000,0.0000938985,0.0186745288,0.9389845930,0.0291470542,2.3273238223,15,0,0,101.0263089153,197.2263822526,1.0061413043,1.4200674711,0.0424130280,93.8014837914,226.3846962011,4,0,623.0188868481,2114.0039249097,0.0000000000,0.0000000000,false,555.1806008789,645.0000000000,0.0054794521,1.3671232877
daily,META,2026-09-09,1530,essvi_sg05,ok,,81,41,0.3655573492,1.5812663262,0.4480789532,0.0000000000,0.0000000000,0.0100000000,0.0000842528,0.0087269069,0.8425275005,0.0261668237,1.5040185717,15,0,0,86.2254923271,178.6824670792,0.8424899122,1.2250905220,0.0358718232,89.6578320024,245.5707217230,4,0,507.8197852044,1651.2909448561,0.0000000000,0.0000000000,false,555.1806008789,645.0000000000,0.0054794521,1.3671232877
daily,META,2026-09-10,1530,svi,ok,,81,41,0.0100000000,3.0000000000,0.4582607806,0.0042155977,0.0006022282,0.0100000000,0.0010546508,0.7094097607,10.5465081482,0.0433942038,2.5078477428,15,0,0,82.6367863538,129.2103822033,0.9482495830,1.7036410279,0.0326853517,82.9084904705,129.9728373900,6,0,260.5401656708,510.7299466194,0.0042155977,0.0006022282,false,607.5000000000,692.5000000000,0.0027397260,1.3643835616
daily,META,2026-09-10,1530,ssvi,ok,,81,41,0.3681319162,1.2660025097,0.4382648711,0.0000000000,0.0000000000,0.0100000000,0.0000752955,0.0059501798,0.7529549116,0.0234242091,0.8338554456,15,0,0,81.7264955388,114.5723161188,0.9444930907,1.6371413170,0.0319676161,79.6077716608,120.9225039383,6,0,229.0416637793,391.4956774810,0.0000000000,0.0000000000,false,607.5000000000,692.5000000000,0.0027397260,1.3643835616
daily,META,2026-09-10,1530,essvi,ok,,81,41,0.3677778975,2.0725230293,0.4474836183,0.0000000000,0.0000000000,0.0100000000,0.0001031195,0.0197239713,1.0311947151,0.0342444990,1.5895389985,15,0,0,103.1349852841,190.2549917150,1.1663693303,1.8931842802,0.0407512237,104.1067809942,251.2041405259,6,0,279.2171834949,561.0137143419,0.0000000000,0.0000000000,false,607.5000000000,692.5000000000,0.0027397260,1.3643835616
daily,META,2026-09-10,1530,essvi_g05,ok,,81,41,0.3553152387,2.1143615297,0.4521744551,0.0000000000,0.0000000000,0.0100000000,0.0001195652,0.0221299239,1.1956524160,0.0381173475,2.2638143587,15,0,0,122.8607792597,242.1705125039,1.3375244547,2.0453392703,0.0498838784,92.9197489718,277.8533974745,6,0,290.7523828273,560.1369008325,0.0000000000,0.0000000000,false,607.5000000000,692.5000000000,0.0027397260,1.3643835616
daily,META,2026-09-10,1530,essvi_gfree,ok,,81,41,0.3662015310,2.3197280781,0.4559045488,0.0000000000,0.0000000000,0.0100000000,0.0001229217,0.0365944560,1.2292174539,0.0381602737,1.8227598228,15,0,0,113.8697192921,214.7304264898,1.2715576114,2.0080362870,0.0454258089,104.5918137749,253.6968736683,6,0,289.3022449091,566.8838892102,0.0000000000,0.0000000000,false,607.5000000000,692.5000000000,0.0027397260,1.3643835616
daily,META,2026-09-10,1530,essvi_sg05,ok,,81,41,0.3659753699,2.0380934804,0.4491770590,0.0000000000,0.0000000000,0.0100000000,0.0001051619,0.0182129571,1.0516185008,0.0343002388,1.5585182141,15,0,0,82.8237803059,173.0222887798,0.9632982037,1.6678272287,0.0320782896,86.9830143859,245.6098482703,6,0,265.4930845124,545.8154259196,0.0000000000,0.0000000000,false,607.5000000000,692.5000000000,0.0027397260,1.3643835616
daily,META,2026-09-11,1530,svi,ok,,81,41,0.0100000000,1.7351261210,0.4323619460,0.0150557061,0.0000000000,0.0100000000,0.0003582263,0.0740784118,3.5822631353,0.0385787566,1.3577782674,15,0,0,56.5969419231,77.1416362030,0.6971090795,1.0115204161,0.0223333792,59.9647830693,81.6530175170,5,0,723.2139231853,1220.9330594920,0.0150557061,0.0000000000,false,620.0000000000,685.0000000000,0.0082191781,1.3616438356
daily,META,2026-09-11,1530,ssvi,ok,,81,41,0.2503632165,0.7478404196,0.4270552151,0.0000000000,0.0000000000,0.0100000000,0.0000698179,0.0052957995,0.6981789080,0.0165736575,1.3102514935,15,0,0,33.4962221867,61.4118098609,0.3444441859,0.6158695402,0.0152610624,30.6165848854,68.6786199257,5,0,754.7925044342,1246.7064068957,0.0000000000,0.0000000000,false,620.0000000000,685.0000000000,0.0082191781,1.3616438356
daily,META,2026-09-11,1530,essvi,ok,,81,41,0.2420376719,1.1313803843,0.4312927300,0.0000000000,0.0000000000,0.0100000000,0.0000848182,0.0129165977,0.8481818360,0.0219325677,0.7472411756,15,0,0,36.6760381528,79.1112399919,0.3742011169,0.7228768914,0.0168658926,36.6516134029,87.8440406946,5,0,727.5849206582,1219.3753912106,0.0000000000,0.0000000000,false,620.0000000000,685.0000000000,0.0082191781,1.3616438356
daily,META,2026-09-11,1530,essvi_g05,ok,,81,41,0.2425120343,1.1732974598,0.4348798355,0.0000000000,0.0000000000,0.0100000000,0.0001010662,0.0152529129,1.0106615136,0.0253946501,1.1993645180,15,0,0,36.9181840088,69.6197574655,0.4097776705,0.7550716543,0.0163336470,56.3349814093,128.0187877488,5,0,699.3095686880,1173.2483505413,0.0000000000,0.0000000000,false,620.0000000000,685.0000000000,0.0082191781,1.3616438356
daily,META,2026-09-11,1530,essvi_gfree,ok,,81,41,0.2177997970,1.4177395388,0.4386184425,0.0000000000,0.0000000000,0.0100000000,0.0001010896,0.0373408346,1.0108963779,0.0252195197,1.0128656574,15,0,0,38.4758313715,74.3154075477,0.4001133537,0.5923445099,0.0174150959,51.1462241597,131.5438172652,5,0,680.5648908167,1184.9280053630,0.0000000000,0.0000000000,false,620.0000000000,685.0000000000,0.0082191781,1.3616438356
daily,META,2026-09-11,1530,essvi_sg05,ok,,81,41,0.2479565016,1.0728643813,0.4309963610,0.0000000000,0.0000000000,0.0100000000,0.0000779869,0.0105164908,0.7798685934,0.0232489715,0.9633712690,15,0,0,40.2977129226,82.1985315650,0.4099503907,0.5259925158,0.0179766511,38.2934472645,101.6138412424,5,0,739.9592184065,1231.7662653054,0.0000000000,0.0000000000,false,620.0000000000,685.0000000000,0.0082191781,1.3616438356
daily,QQQ,2026-08-14,1530,svi,ok,,81,41,0.0504468344,1.7300200956,0.3164667432,0.0000000000,0.0000000000,0.0100000000,0.0008605188,0.8898796629,8.6051875374,0.0291457683,1.3284684593,15,0,0,8.9734441483,20.4529118280,0.0978616331,0.2699059962,0.0131855670,28.6703963788,77.9961702555,5,0,317.0469544397,569.2947606496,0.0000000000,0.0000000000,false,698.0000000000,744.0000000000,0.0082191781,1.4383561644
daily,QQQ,2026-08-14,1530,ssvi,ok,,81,41,0.0850494412,0.7767260728,0.3080039873,0.0000000000,0.0000000000,0.0100000000,0.0002445724,0.0540315218,2.4457241114,0.0221053030,1.2599429940,15,0,0,19.6196087878,31.5726333826,0.2329194590,0.5409477385,0.0221583915,48.6735875555,145.6967719913,5,0,282.7563310351,482.3092317298,0.0000000000,0.0000000000,false,698.0000000000,744.0000000000,0.0082191781,1.4383561644
daily,QQQ,2026-08-14,1530,essvi,ok,,81,41,0.0100000000,1.0140203867,0.2984585940,0.0129479073,0.0000000000,0.0100000000,0.0002950905,0.0745632881,2.9509050015,0.0258077208,2.0903402654,15,0,0,12.8377054190,30.9130450628,0.1808575076,0.5300660744,0.0132762226,59.1955381866,138.9397140806,5,0,288.6470824903,581.1450386835,0.0129479073,0.0000000000,false,698.0000000000,744.0000000000,0.0082191781,1.4383561644
daily,QQQ,2026-08-14,1530,essvi_g05,ok,,81,41,0.0758247744,1.0519183271,0.3174296712,0.0000000000,0.0000000000,0.0100000000,0.0003213408,0.1075512833,3.2134081794,0.0309462265,2.2225305830,15,0,0,9.3110027759,28.8894557336,0.0902918171,0.3404504210,0.0119104805,70.2750416902,127.5098616343,5,0,267.7353301081,576.8048396714,0.0000000000,0.0000000000,false,698.0000000000,744.0000000000,0.0082191781,1.4383561644
daily,QQQ,2026-08-14,1530,essvi_gfree,ok,,81,41,0.0590096434,1.1162016091,0.3085708825,0.0000000000,0.0000000000,0.0100000000,0.0003124225,0.1857410815,3.1242249294,0.0290076129,1.0511932287,15,0,0,12.8645274515,28.6570591436,0.1668784428,0.4907537427,0.0142460513,60.1102889621,173.1148708546,5,0,231.1519710138,486.1765612601,0.0000000000,0.0000000000,false,698.0000000000,744.0000000000,0.0082191781,1.4383561644
daily,QQQ,2026-08-14,1530,essvi_sg05,ok,,81,41,0.0852818098,1.0197584864,0.3077981911,0.0000000000,0.0000000000,0.0100000000,0.0002506639,0.0777284948,2.5066386651,0.0287455192,2.7204645324,15,0,0,22.1341777092,65.0433692042,0.2239152031,0.4653994097,0.0368881732,49.1138004144,122.4550137425,5,0,272.6676113116,602.1059068186,0.0000000000,0.0000000000,false,698.0000000000,744.0000000000,0.0082191781,1.4383561644
daily,QQQ,2026-08-17,1530,svi,ok,,81,41,0.0100000000,2.3380737416,0.3298539371,0.0006022282,0.0000000000,0.0100000000,0.0006056992,0.1129926744,6.0569919060,0.0369976410,2.0389726988,15,0,0,17.4293839607,53.7024969036,0.2948792445,0.9879381603,0.0141612698,46.1415817021,118.1599620170,4,0,36.3856041577,127.7691020539,0.0006022282,0.0000000000,false,707.0000000000,742.0000000000,0.0027397260,1.4301369863
daily,QQQ,2026-08-17,1530,ssvi,ok,,81,41,0.1428806063,1.3329388025,0.3215233369,0.0000000000,0.0000000000,0.0100000000,0.0002991353,0.0966454588,2.9913529123,0.0311982717,1.0185919593,15,0,0,20.7336693951,51.0672527628,0.2881931736,0.8699721458,0.0195733709,34.8259728007,83.9283312663,4,0,85.4453651937,230.1856262323,0.0000000000,0.0000000000,false,707.0000000000,742.0000000000,0.0027397260,1.4301369863
daily,QQQ,2026-08-17,1530,essvi,ok,,81,41,0.0100000000,1.5082905451,0.3183645320,0.0057211683,0.0000000000,0.0100000000,0.0003033411,0.0789956008,3.0334112394,0.0347657468,1.2312344386,15,0,0,17.2058986679,52.3833191253,0.2597223839,0.8865221997,0.0149894196,60.3465739494,185.6570476420,4,0,51.1099774394,130.6914396225,0.0057211683,0.0000000000,false,707.0000000000,742.0000000000,0.0027397260,1.4301369863
daily,QQQ,2026-08-17,1530,essvi_g05,ok,,81,41,0.1223357359,1.7057135058,0.3344837875,0.0000000000,0.0000000000,0.0100000000,0.0003845228,0.1870584179,3.8452284849,0.0404485835,1.4183701908,15,0,0,14.2980751713,49.3187910150,0.2048111343,0.8314695007,0.0141863031,66.4466345815,159.3694483084,4,0,51.7034514454,140.9340910894,0.0000000000,0.0000000000,false,707.0000000000,742.0000000000,0.0027397260,1.4301369863
daily,QQQ,2026-08-17,1530,essvi_gfree,ok,,81,41,0.1167996210,1.7403449926,0.3324520227,0.0000000000,0.0000000000,0.0100000000,0.0003853831,0.2139555797,3.8538312367,0.0408373021,1.4511517380,15,0,0,13.6446602474,45.6851505919,0.1895604158,0.7711836274,0.0136894972,63.0691405804,159.4770483426,4,0,53.8297508864,146.2476449033,0.0000000000,0.0000000000,false,707.0000000000,742.0000000000,0.0027397260,1.4301369863
daily,QQQ,2026-08-17,1530,essvi_sg05,ok,,81,41,0.1405735366,1.6740064104,0.3231392288,0.0000000000,0.0000000000,0.0100000000,0.0003137700,0.1436915071,3.1376998213,0.0377011429,1.9532925328,15,0,0,21.0541235867,54.4664069550,0.2758241977,0.9212758217,0.0228488664,62.7913703920,132.5091664896,4,0,74.7089410355,167.8881467401,0.0000000000,0.0000000000,false,707.0000000000,742.0000000000,0.0027397260,1.4301369863
daily,QQQ,2026-08-18,1530,svi,ok,,81,41,0.0100000000,2.3387524975,0.3218146964,0.0045167118,0.0000000000,0.0100000000,0.0006100571,0.3430140693,6.1005706089,0.0375638515,1.8699358029,15,0,0,70.3973436198,181.3446022400,0.6412887733,1.0532384437,0.0935692179,67.8850719512,161.9517858598,4,0,341.5492031755,672.0316004368,0.0045167118,0.0000000000,false,689.0000000000,733.0000000000,0.0027397260,1.4273972603
daily,QQQ,2026-08-18,1530,ssvi,ok,,81,41,0.1545927923,1.4634298503,0.3223336995,0.0000000000,0.0000000000,0.0100000000,0.0002925537,0.0854281526,2.9255367287,0.0292713944,1.0365354198,15,0,0,83.0223533923,162.5659437022,0.8168063496,1.5569384490,0.0993120421,116.5198305050,286.1788989736,4,0,384.5555801873,788.0164743009,0.0000000000,0.0000000000,false,689.0000000000,733.0000000000,0.0027397260,1.4273972603
daily,QQQ,2026-08-18,1530,essvi,ok,,81,41,0.0100000000,1.6676475924,0.3209757217,0.0072267389,0.0000000000,0.0100000000,0.0003038099,0.0658011657,3.0380990418,0.0344044047,1.2553076391,15,0,0,80.1170492161,156.2376493285,0.7984800060,1.5563055562,0.0949584866,119.1711995147,362.1938577790,4,0,367.3350938027,739.2177925695,0.0072267389,0.0000000000,false,689.0000000000,733.0000000000,0.0027397260,1.4273972603
daily,QQQ,2026-08-18,1530,essvi_g05,ok,,81,41,0.1363389066,1.8728434588,0.3329286679,0.0000000000,0.0000000000,0.0100000000,0.0003734468,0.1707890842,3.7344684764,0.0386068840,2.2357802386,15,0,0,78.5930292111,153.5890696922,0.7554394477,1.4309239913,0.1023366878,85.8479816029,333.4134506119,4,0,354.6496784515,719.1236143341,0.0000000000,0.0000000000,false,689.0000000000,733.0000000000,0.0027397260,1.4273972603
daily,QQQ,2026-08-18,1530,essvi_gfree,ok,,81,41,0.1325343257,1.9151802927,0.3303773892,0.0000000000,0.0000000000,0.0100000000,0.0003747984,0.2043955252,3.7479835950,0.0383449867,1.4944023915,15,0,0,79.0225840489,153.4178713822,0.7684613657,1.5499304567,0.1017945706,86.9640496078,332.7106260662,4,0,346.9116926057,704.6357931512,0.0000000000,0.0000000000,false,689.0000000000,733.0000000000,0.0027397260,1.4273972603
daily,QQQ,2026-08-18,1530,essvi_sg05,ok,,81,41,0.1344996078,1.8453743326,0.3250830065,0.0000000000,0.0000000000,0.0100000000,0.0003126964,0.1284789085,3.1269641117,0.0362568295,1.4289522651,15,0,0,79.3588716790,161.4579969586,0.7525516685,1.4419778439,0.1141828478,90.0810252128,327.0800828597,4,0,371.2775036329,746.0791128010,0.0000000000,0.0000000000,false,689.0000000000,733.0000000000,0.0027397260,1.4273972603
daily,QQQ,2026-08-19,1530,svi,ok,,81,41,0.0100000000,1.6140447079,0.3231147986,0.0030111412,0.0000000000,0.0100000000,0.0005526996,0.1574540237,5.5269960794,0.0376264835,1.2735901703,15,0,0,88.0634267895,227.9672358763,0.7687415495,1.2485440657,0.1275052405,82.7461505693,201.8269923696,4,0,355.2553451124,643.9603904548,0.0030111412,0.0000000000,false,694.0000000000,730.0000000000,0.0027397260,1.4246575342
daily,QQQ,2026-08-19,1530,ssvi,ok,,81,41,0.1515914742,1.4242845936,0.3197274981,0.0000000000,0.0000000000,0.0100000000,0.0002940881,0.0886157932,2.9408810331,0.0306322970,1.5837449948,15,0,0,103.3430816772,222.8722930095,0.9557395759,1.5257934485,0.1325417520,138.6001406688,321.3333615888,4,0,398.4891006320,765.0554437142,0.0000000000,0.0000000000,false,694.0000000000,730.0000000000,0.0027397260,1.4246575342
daily,QQQ,2026-08-19,1530,essvi,ok,,81,41,0.0100000000,1.5215999634,0.3199319254,0.0060222824,0.0000000000,0.0100000000,0.0002959388,0.0531817554,2.9593875395,0.0329190707,2.7129831695,15,0,0,92.7342627156,192.1938970392,0.8534360683,1.3389290181,0.1170222975,137.7268069369,435.5119767117,4,0,371.1974347972,694.3603055204,0.0060222824,0.0000000000,false,694.0000000000,730.0000000000,0.0027397260,1.4246575342
daily,QQQ,2026-08-19,1530,essvi_g05,ok,,81,41,0.0100000000,1.7921478159,0.3311534429,0.0045167118,0.0000000000,0.0100000000,0.0003681979,0.1715586677,3.6819791538,0.0374982181,1.6592552434,15,0,0,90.6939608000,172.3248883135,0.8680222030,1.6236081732,0.1262022297,105.2113079203,387.7064056454,4,0,345.3717241928,670.8372014394,0.0045167118,0.0000000000,false,694.0000000000,730.0000000000,0.0027397260,1.4246575342
daily,QQQ,2026-08-19,1530,essvi_gfree,ok,,81,41,0.1350451370,1.8125637666,0.3319956483,0.0000000000,0.0000000000,0.0100000000,0.0003686764,0.1858343381,3.6867639228,0.0386848710,2.4931230962,15,0,0,87.8117159896,173.7048264345,0.8113680073,1.3919961836,0.1227565097,104.1986565432,388.6883238891,4,0,345.8153003574,666.3196516245,0.0000000000,0.0000000000,false,694.0000000000,730.0000000000,0.0027397260,1.4246575342
daily,QQQ,2026-08-19,1530,essvi_sg05,ok,,81,41,0.0977210837,1.7722121868,0.3247744964,0.0000000000,0.0000000000,0.0100000000,0.0003188889,0.1356932030,3.1888894672,0.0368859028,1.3941021038,15,0,0,99.5408151752,202.5267405468,0.8715149800,1.3588856110,0.1642786209,117.1263937314,447.2047985823,4,0,386.2127309883,717.1423842216,0.0000000000,0.0000000000,false,694.0000000000,730.0000000000,0.0027397260,1.4246575342
daily,QQQ,2026-08-20,1530,svi,ok,,81,41,0.0100000000,2.9950132524,0.3243089677,0.0024089130,0.0000000000,0.0100000000,0.0005911832,0.1246478531,5.9118315695,0.0410735246,2.5630543271,15,0,0,96.6478758898,224.2644601488,0.9321685765,1.7947629782,0.1243594032,91.0484705644,192.4544665621,5,0,151.6484547532,268.2167285867,0.0024089130,0.0000000000,false,674.0000000000,728.0000000000,0.0027397260,1.4219178082
daily,QQQ,2026-08-20,1530,ssvi,ok,,81,41,0.1580950841,1.5261316996,0.3192009096,0.0000000000,0.0000000000,0.0100000000,0.0002870080,0.0775375497,2.8700804904,0.0302394107,2.7371560501,15,0,0,100.6454292860,193.6391542678,0.9992532489,1.8245013492,0.1150438766,132.8164081252,316.3091774784,5,0,183.7726464162,304.4653592642,0.0000000000,0.0000000000,false,674.0000000000,728.0000000000,0.0027397260,1.4219178082
daily,QQQ,2026-08-20,1530,essvi,ok,,81,41,0.0100000000,1.8999168894,0.3215829117,0.0042155977,0.0000000000,0.0100000000,0.0003107544,0.0825146878,3.1075438268,0.0362088181,1.5258619120,15,0,0,94.9505501629,176.0558590125,0.9385702311,1.6726227406,0.1092052627,135.0450151778,424.7566207348,5,0,167.7185940467,242.9951239954,0.0042155977,0.0000000000,false,674.0000000000,728.0000000000,0.0027397260,1.4219178082
daily,QQQ,2026-08-20,1530,essvi_g05,ok,,81,41,0.0100000000,2.0189420976,0.3305471921,0.0096356519,0.0000000000,0.0100000000,0.0003862126,0.1509024687,3.8621261905,0.0495767779,1.6381376165,15,0,0,92.9749565076,162.1696903436,0.9555992981,1.8227025320,0.1144002533,103.3409308368,386.0855906088,5,0,177.4785710956,247.4659308829,0.0096356519,0.0000000000,false,674.0000000000,728.0000000000,0.0027397260,1.4219178082
daily,QQQ,2026-08-20,1530,essvi_gfree,ok,,81,41,0.0100000000,2.0565764942,0.3278659984,0.0051189401,0.0000000000,0.0100000000,0.0003713274,0.1794028145,3.7132737686,0.0401376429,1.6724153222,15,0,0,89.6150851616,157.3102940861,0.9051070647,1.7445588482,0.1119777159,103.3791002251,380.2412697075,5,0,175.8281423918,260.8913451796,0.0051189401,0.0000000000,false,674.0000000000,728.0000000000,0.0027397260,1.4219178082
daily,QQQ,2026-08-20,1530,essvi_sg05,ok,,81,41,0.1224612236,1.9970726031,0.3238029089,0.0000000000,0.0000000000,0.0100000000,0.0003110242,0.1169169913,3.1102417501,0.0371803582,1.6158321928,15,0,0,98.2760258861,186.4364656056,0.9204508417,1.6768507753,0.1453274917,105.3686494402,378.8863565465,5,0,189.5004640958,258.7033779621,0.0000000000,0.0000000000,false,674.0000000000,728.0000000000,0.0027397260,1.4219178082
daily,QQQ,2026-08-21,1530,svi,ok,,81,41,0.1007487165,1.3498047541,0.3082916006,0.0000000000,0.0000000000,0.0100000000,0.0003380459,0.0406542937,3.3804585851,0.0250194696,0.9401707858,15,0,0,37.1312718671,53.7259613746,0.4195179388,1.0435898323,0.0465574567,44.4892427385,112.3063640157,5,0,407.8042573173,687.4998084020,0.0000000000,0.0000000000,false,684.0000000000,729.0000000000,0.0082191781,1.4191780822
daily,QQQ,2026-08-21,1530,ssvi,ok,,81,41,0.0922033528,0.8414983056,0.3089194611,0.0000000000,0.0000000000,0.0100000000,0.0002516526,0.0495751482,2.5165255530,0.0247138811,2.7373356388,15,0,0,37.2948106988,74.0423491915,0.5156512890,1.4374447856,0.0363988951,74.6597265993,175.3836393405,5,0,355.1077001185,605.7619031671,0.0000000000,0.0000000000,false,684.0000000000,729.0000000000,0.0082191781,1.4191780822
daily,QQQ,2026-08-21,1530,essvi,ok,,81,41,0.0983156602,0.9981211264,0.3062077641,0.0000000000,0.0000000000,0.0100000000,0.0002527328,0.0463269407,2.5273275288,0.0266457726,1.5120178191,15,0,0,43.7059818720,71.1903726894,0.5509911821,1.3810341798,0.0457861440,95.2786405477,309.4148896754,5,0,373.3669909645,685.0155373014,0.0000000000,0.0000000000,false,684.0000000000,729.0000000000,0.0082191781,1.4191780822
daily,QQQ,2026-08-21,1530,essvi_g05,ok,,81,41,0.0859494407,1.0890688156,0.3175237300,0.0000000000,0.0000000000,0.0100000000,0.0003126728,0.0959556088,3.1267282111,0.0301798002,0.7823591710,15,0,0,37.7641270402,92.6956603723,0.5679388650,1.7935961024,0.0363023043,65.9985495772,251.4621053253,5,0,314.4003058247,598.3958728829,0.0000000000,0.0000000000,false,684.0000000000,729.0000000000,0.0082191781,1.4191780822
daily,QQQ,2026-08-21,1530,essvi_gfree,ok,,81,41,0.0831563898,1.1034380930,0.3160264557,0.0000000000,0.0000000000,0.0100000000,0.0003102864,0.1066842319,3.1028635508,0.0304542210,1.1710906255,15,0,0,35.5490097411,87.2657684970,0.5380240922,1.6892715775,0.0335240999,67.1087538694,249.0989016437,5,0,308.3896444860,586.9763884959,0.0000000000,0.0000000000,false,684.0000000000,729.0000000000,0.0082191781,1.4191780822
daily,QQQ,2026-08-21,1530,essvi_sg05,ok,,81,41,0.0100000000,1.2738546014,0.3090630480,0.0072267389,0.0000000000,0.0100000000,0.0002705609,0.0732097828,2.7056092519,0.0278701917,0.7205481079,15,0,0,31.1319205867,62.1036399632,0.4359118646,1.2044675071,0.0321990369,86.2093808942,283.1409208587,5,0,341.5566724460,648.2876959712,0.0072267389,0.0000000000,false,684.0000000000,729.0000000000,0.0082191781,1.4191780822
daily,QQQ,2026-08-24,1538,svi,ok,,81,41,0.0100000000,2.2373075322,0.3239628881,0.0057211683,0.0000000000,0.0100000000,0.0003793823,0.0761868546,3.7938233115,0.0358775418,2.0093534155,15,0,0,14.8848218513,58.6730099392,0.1250744916,0.2357839379,0.0156831290,43.2624615983,149.4839508678,4,0,58.2714508091,136.3863311224,0.0057211683,0.0000000000,false,682.0000000000,720.0000000000,0.0027397260,1.4109589041
daily,QQQ,2026-08-24,1538,ssvi,ok,,81,41,0.1428191147,1.3763495929,0.3180419535,0.0000000000,0.0000000000,0.0100000000,0.0002932555,0.0935562444,2.9325550743,0.0301308005,1.0254256515,15,0,0,30.3589781390,82.8720946842,0.2720215553,0.5372404859,0.0338576232,25.5699518344,118.4000445196,4,0,76.5058809998,195.6220669784,0.0000000000,0.0000000000,false,682.0000000000,720.0000000000,0.0027397260,1.4109589041
daily,QQQ,2026-08-24,1538,essvi,ok,,81,41,0.1399703128,1.6903454939,0.3200687850,0.0000000000,0.0000000000,0.0100000000,0.0002976525,0.0897389240,2.9765254090,0.0354375462,1.3849170768,15,0,0,22.1391542568,47.7221637377,0.2250719330,0.5602280587,0.0241058886,60.9309435574,212.8705965415,4,0,29.4406276636,41.8213742390,0.0000000000,0.0000000000,false,682.0000000000,720.0000000000,0.0027397260,1.4109589041
daily,QQQ,2026-08-24,1538,essvi_g05,ok,,81,41,0.1365748878,1.8074829317,0.3284030425,0.0000000000,0.0000000000,0.0100000000,0.0003549086,0.1619726244,3.5490856752,0.0386947260,1.4889404772,15,0,0,21.3888539466,46.3468852774,0.2164821669,0.5369637595,0.0256689805,64.1902346086,183.4567484745,4,0,80.5242444913,175.7415892344,0.0000000000,0.0000000000,false,682.0000000000,720.0000000000,0.0027397260,1.4109589041
daily,QQQ,2026-08-24,1538,essvi_gfree,ok,,81,41,0.1366763136,1.7807257139,0.3298661366,0.0000000000,0.0000000000,0.0100000000,0.0003555650,0.1429551611,3.5556503064,0.0383177064,1.6649767014,15,0,0,21.3702079734,39.9481647907,0.2210290722,0.5296849492,0.0258183585,72.5037494305,203.3612415278,4,0,76.2117790630,165.6588564099,0.0000000000,0.0000000000,false,682.0000000000,720.0000000000,0.0027397260,1.4109589041
daily,QQQ,2026-08-24,1538,essvi_sg05,ok,,81,41,0.1292999173,1.7898958629,0.3206626284,0.0000000000,0.0000000000,0.0100000000,0.0003104333,0.1364363596,3.1043333574,0.0375673023,1.4660447683,15,0,0,36.3036776553,84.8365152049,0.3106414074,0.6247755539,0.0505223528,71.5230742837,194.6162471220,4,0,66.4165179810,124.1435693530,0.0000000000,0.0000000000,false,682.0000000000,720.0000000000,0.0027397260,1.4109589041
daily,QQQ,2026-08-25,1530,svi,ok,,81,41,0.0100000000,1.7881653635,0.3123856926,0.0090334237,0.0000000000,0.0100000000,0.0004469704,0.1174354700,4.4697038667,0.0376450416,1.4723094007,15,0,0,29.8075530017,71.0834041832,0.2682783876,0.4024657226,0.0405854061,38.5976819429,105.8497186211,4,0,312.9001716941,636.8988946883,0.0090334237,0.0000000000,false,689.0000000000,725.0000000000,0.0027397260,1.4082191781
daily,QQQ,2026-08-25,1530,ssvi,ok,,81,41,0.1013940710,1.4735570043,0.3142787256,0.0000000000,0.0000000000,0.0100000000,0.0002830364,0.0839297020,2.8303641924,0.0297424984,1.1104221628,15,0,0,28.9895520308,40.5481153005,0.3109514470,0.6905240407,0.0331340657,68.1513776514,209.9383227020,4,0,391.9014995856,904.6635581667,0.0000000000,0.0000000000,false,689.0000000000,725.0000000000,0.0027397260,1.4082191781
daily,QQQ,2026-08-25,1530,essvi,ok,,81,41,0.1019741576,1.3413647013,0.3046441586,0.0000000000,0.0000000000,0.0100000000,0.0002437908,0.0332561361,2.4379079631,0.0314590642,2.7100102619,15,0,0,30.7187139753,60.5027803503,0.2940511694,0.5433032953,0.0355610539,84.7510338012,330.8509301704,4,0,321.0617863409,657.1076734978,0.0000000000,0.0000000000,false,689.0000000000,725.0000000000,0.0027397260,1.4082191781
daily,QQQ,2026-08-25,1530,essvi_g05,ok,,81,41,0.0882308539,1.7480420138,0.3200627333,0.0000000000,0.0000000000,0.0100000000,0.0003386929,0.1586448655,3.3869287352,0.0402650824,1.4278585247,15,0,0,32.1512296633,73.8877180599,0.3244146229,0.6829256173,0.0357183624,75.3329582430,304.2233089103,4,0,323.3361749934,690.0447785959,0.0000000000,0.0000000000,false,689.0000000000,725.0000000000,0.0027397260,1.4082191781
daily,QQQ,2026-08-25,1530,essvi_gfree,ok,,81,41,0.0884354309,1.6824143109,0.3227579514,0.0000000000,0.0000000000,0.0100000000,0.0003398562,0.1261684576,3.3985619756,0.0396648147,1.3663593578,15,0,0,32.4103732610,67.7408520045,0.3151660230,0.6203433490,0.0389203419,74.3666111137,318.2148305139,4,0,325.3532526750,688.0134361770,0.0000000000,0.0000000000,false,689.0000000000,725.0000000000,0.0027397260,1.4082191781
daily,QQQ,2026-08-25,1530,essvi_sg05,ok,,81,41,0.0100000000,1.7640914105,0.3132983565,0.0108401084,0.0000000000,0.0100000000,0.0003288286,0.1281691934,3.2882855381,0.0440183582,1.4333577905,15,0,0,20.7267717920,64.8021357968,0.1715247354,0.4430224215,0.0269566449,90.6847503243,328.5513923118,4,0,439.3230781294,1097.5953819441,0.0108401084,0.0000000000,false,689.0000000000,725.0000000000,0.0027397260,1.4082191781
daily,QQQ,2026-08-26,1530,svi,ok,,81,41,0.0100000000,3.0000000000,0.3186922025,0.0207768744,0.0000000000,0.0100000000,0.0007011525,0.2000477686,7.0115254563,0.0468946498,2.5941247608,15,0,0,11.8696026741,28.8405038399,0.0807150002,0.2287357202,0.0218286782,27.3808647859,140.4922866056,5,0,405.5421165299,732.7002632117,0.0207768744,0.0000000000,false,681.0000000000,733.0000000000,0.0027397260,1.4054794521
daily,QQQ,2026-08-26,1530,ssvi,ok,,81,41,0.1539894576,1.6298491821,0.3189811001,0.0000000000,0.0000000000,0.0100000000,0.0002850147,0.0709633577,2.8501473199,0.0323597113,2.2650614523,15,0,0,8.8620246182,19.0306740627,0.1134539465,0.3023190536,0.0094005652,42.3853531141,167.8336688146,5,0,476.8279551714,1009.0100032302,0.0000000000,0.0000000000,false,681.0000000000,733.0000000000,0.0027397260,1.4054794521
daily,QQQ,2026-08-26,1530,essvi,ok,,81,41,0.1156205598,1.6095590837,0.3142956998,0.0000000000,0.0000000000,0.0100000000,0.0002697750,0.0387045979,2.6977500747,0.0363188834,1.2455335051,15,0,0,16.3570216315,34.1349538079,0.1759749855,0.4491944531,0.0176751840,69.9924395245,295.6676825446,5,0,427.4951076231,756.8276087993,0.0000000000,0.0000000000,false,681.0000000000,733.0000000000,0.0027397260,1.4054794521
daily,QQQ,2026-08-26,1530,essvi_g05,ok,,81,41,0.1449114589,1.9459080517,0.3286110145,0.0000000000,0.0000000000,0.0100000000,0.0003609609,0.1462506412,3.6096091000,0.0431314176,2.7231448736,15,0,0,18.0743837686,43.1763313253,0.1854791125,0.4646273525,0.0208867630,64.0401718412,280.8713851582,5,0,443.0467013891,806.7495350550,0.0000000000,0.0000000000,false,681.0000000000,733.0000000000,0.0027397260,1.4054794521
daily,QQQ,2026-08-26,1530,essvi_gfree,ok,,81,41,0.1457398422,1.9199015015,0.3299413318,0.0000000000,0.0000000000,0.0100000000,0.0003606297,0.1327699915,3.6062966933,0.0427919543,1.5369918191,15,0,0,18.3751068581,43.7753995395,0.1893481989,0.4853628600,0.0213413430,65.2268418521,281.9479548266,5,0,441.7160035088,797.0200263178,0.0000000000,0.0000000000,false,681.0000000000,733.0000000000,0.0027397260,1.4054794521
daily,QQQ,2026-08-26,1530,essvi_sg05,ok,,81,41,0.1330900733,1.9351157328,0.3224556996,0.0000000000,0.0000000000,0.0100000000,0.0003046457,0.1085490638,3.0464568559,0.0402312790,1.5438751774,15,0,0,7.6809714012,23.5299780153,0.0868907647,0.2253983309,0.0129633254,65.3710455910,204.1619396897,5,0,493.9219001264,921.8168088302,0.0000000000,0.0000000000,false,681.0000000000,733.0000000000,0.0027397260,1.4054794521
daily,QQQ,2026-08-27,1530,svi,ok,,81,41,0.0100000000,3.0000000000,0.3106298466,0.0264980428,0.0000000000,0.0100000000,0.0008181272,0.2362059695,8.1812721189,0.0462132674,2.6781935209,15,0,0,65.0233635175,140.7147717150,0.5792275248,0.9883602729,0.1142276464,62.2051543858,133.2392202424,3,0,150.1544623821,201.7951803229,0.0264980428,0.0000000000,false,687.0000000000,725.0000000000,0.0027397260,1.4027397260
daily,QQQ,2026-08-27,1530,ssvi,ok,,81,41,0.1489088023,1.4438048183,0.3173167095,0.0000000000,0.0000000000,0.0100000000,0.0002939821,0.0821145171,2.9398208752,0.0314867620,1.1215024558,15,0,0,73.2826140332,127.7900284664,0.7475685611,1.3864169724,0.0958561625,104.9364892051,222.5353500031,3,0,190.0359242056,298.3079465905,0.0000000000,0.0000000000,false,687.0000000000,725.0000000000,0.0027397260,1.4027397260
daily,QQQ,2026-08-27,1530,essvi,ok,,81,41,0.0100000000,1.7500314100,0.3142884232,0.0271002710,0.0000000000,0.0100000000,0.0004719399,0.0712231953,4.7193993452,0.0518485915,2.2151451234,15,0,0,71.0972276499,158.7040747774,0.6729241162,1.2851228735,0.0914349870,134.6496668545,395.2883822274,3,0,170.6156609315,234.0769693264,0.0271002710,0.0000000000,false,687.0000000000,725.0000000000,0.0027397260,1.4027397260
daily,QQQ,2026-08-27,1530,essvi_g05,ok,,81,41,0.0966766758,1.9056540487,0.3256902959,0.0000000000,0.0000000000,0.0100000000,0.0003737046,0.1581976310,3.7370461295,0.0434594652,2.2588133159,15,0,0,79.9092165205,165.8187813513,0.7791767678,1.4743724626,0.1113317438,95.8912707046,375.6930382090,3,0,175.9058699956,247.4281439763,0.0000000000,0.0000000000,false,687.0000000000,725.0000000000,0.0027397260,1.4027397260
daily,QQQ,2026-08-27,1530,essvi_gfree,ok,,81,41,0.1016387136,1.9338251499,0.3254751070,0.0000000000,0.0000000000,0.0100000000,0.0003786043,0.1809255142,3.7860431572,0.0452171284,2.2896160059,15,0,0,81.0881767304,164.7591594860,0.8280819262,1.6525838566,0.1042755054,104.6587113291,360.0515345589,3,0,173.8740433012,246.7460046745,0.0000000000,0.0000000000,false,687.0000000000,725.0000000000,0.0027397260,1.4027397260
daily,QQQ,2026-08-27,1530,essvi_sg05,ok,,81,41,0.1173741656,1.8840047109,0.3173246247,0.0000000000,0.0000000000,0.0100000000,0.0003188418,0.1234322469,3.1884184865,0.0400671829,1.5773770056,15,0,0,61.8381211705,131.3736298481,0.5965877429,1.0607019147,0.0912192136,89.2262295644,315.1723115738,3,0,178.3523112628,265.5674593475,0.0000000000,0.0000000000,false,687.0000000000,725.0000000000,0.0027397260,1.4027397260
daily,QQQ,2026-08-31,1530,svi,ok,,81,41,0.0100000000,2.0567907870,0.3068651235,0.0027100271,0.0000000000,0.0100000000,0.0005262472,0.1091013665,5.2624719676,0.0329693328,1.7418032696,14,0,0,54.2758948199,156.9753930346,0.5287664747,0.9610819847,0.0615261613,58.2407051015,233.5996700287,4,0,62.2502959863,129.3940127922,0.0027100271,0.0000000000,false,695.0000000000,726.0000000000,0.0027397260,1.3917808219
daily,QQQ,2026-08-31,1530,ssvi,ok,,81,41,0.0928245813,1.3218917695,0.3072578494,0.0000000000,0.0000000000,0.0100000000,0.0002978624,0.0971554250,2.9786241768,0.0305288728,1.2150510639,14,0,0,63.8531207411,159.3257271673,0.6278031219,1.1035476420,0.0708353410,42.8885084715,129.0618650486,4,0,84.9601421075,161.6970150178,0.0000000000,0.0000000000,false,695.0000000000,726.0000000000,0.0027397260,1.3917808219
daily,QQQ,2026-08-31,1530,essvi,ok,,81,41,0.0100000000,1.4479792518,0.3007712834,0.0075278531,0.0000000000,0.0100000000,0.0003008215,0.0666355471,3.0082153063,0.0324721565,1.1631601319,14,0,0,63.9597571215,148.8648726258,0.6635301734,1.2296042104,0.0668964537,62.7036637249,167.2040094060,4,0,76.6975974021,156.4926891562,0.0075278531,0.0000000000,false,695.0000000000,726.0000000000,0.0027397260,1.3917808219
daily,QQQ,2026-08-31,1530,essvi_g05,ok,,81,41,0.0571683786,1.6940698166,0.3202323644,0.0000000000,0.0000000000,0.0100000000,0.0004098048,0.2030927368,4.0980475882,0.0402823726,1.3992094332,14,0,0,73.6105105352,151.9782157174,0.8354425659,1.7681747318,0.0771505530,111.2084491015,218.9701833312,4,0,54.8830260401,145.8490768979,0.0000000000,0.0000000000,false,695.0000000000,726.0000000000,0.0027397260,1.3917808219
daily,QQQ,2026-08-31,1530,essvi_gfree,ok,,81,41,0.0560889546,1.7931825057,0.3148225131,0.0000000000,0.0000000000,0.0100000000,0.0004228845,0.2995367042,4.2288449737,0.0410610335,2.6738678986,14,0,0,72.8054160646,161.6330907731,0.7910445442,1.5180777049,0.0777330729,96.9409065751,165.5248762049,4,0,61.5078373015,155.0326041749,0.0000000000,0.0000000000,false,695.0000000000,726.0000000000,0.0027397260,1.3917808219
daily,QQQ,2026-08-31,1530,essvi_sg05,ok,,81,41,0.0442195273,1.6439001352,0.3056875972,0.0000000000,0.0000000000,0.0100000000,0.0003170476,0.1457471993,3.1704763696,0.0424786136,1.4857742655,14,0,0,60.0289842063,139.8192774941,0.5840519136,1.1546056293,0.0688542775,45.3178433899,129.9189463261,4,0,59.8328932490,159.1759765470,0.0000000000,0.0000000000,false,695.0000000000,726.0000000000,0.0027397260,1.3917808219
daily,QQQ,2026-09-01,1530,svi,ok,,81,41,0.0100000000,3.0000000000,0.3125431861,0.0114423366,0.0000000000,0.0100000000,0.0011768638,0.9165249874,11.7686377014,0.0424797690,2.5917914540,14,0,0,11.4521839076,32.1808553943,0.1386012202,0.4807057910,0.0124131310,39.4728646782,127.0675900855,4,0,319.6659916843,735.4618796924,0.0114423366,0.0000000000,false,670.0000000000,721.0000000000,0.0027397260,1.3890410959
daily,QQQ,2026-09-01,1530,ssvi,ok,,81,41,0.1314997627,1.4989639208,0.3146410898,0.0000000000,0.0000000000,0.0100000000,0.0003074863,0.0837312221,3.0748630043,0.0315043695,1.0352228689,14,0,0,22.9321951542,53.2285024306,0.2749514498,0.7835323828,0.0227925579,31.5182996015,91.8631632616,4,0,370.6010945408,870.7291067663,0.0000000000,0.0000000000,false,670.0000000000,721.0000000000,0.0027397260,1.3890410959
daily,QQQ,2026-09-01,1530,essvi,ok,,81,41,0.1084189160,1.9006050856,0.3128424900,0.0000000000,0.0000000000,0.0100000000,0.0003310766,0.0888705467,3.3107664694,0.0389981866,1.4615289856,14,0,0,19.3762494241,46.8612422899,0.2482850089,0.6793809291,0.0193808545,55.6096933284,244.5462018790,4,0,352.2376886398,810.8442853226,0.0000000000,0.0000000000,false,670.0000000000,721.0000000000,0.0027397260,1.3890410959
daily,QQQ,2026-09-01,1530,essvi_g05,ok,,81,41,0.0100000000,2.0254937800,0.3274075051,0.0090334237,0.0000000000,0.0100000000,0.0004332911,0.1875527410,4.3329106672,0.0442838142,2.7389544860,14,0,0,4.6537886221,13.0359323039,0.0493716634,0.1985231579,0.0050562193,74.8487325024,246.7980897773,5,0,256.3311375135,751.5836062574,0.0090334237,0.0000000000,false,670.0000000000,721.0000000000,0.0027397260,1.3890410959
daily,QQQ,2026-09-01,1530,essvi_gfree,ok,,81,41,0.0947231672,2.1022295963,0.3286031048,0.0000000000,0.0000000000,0.0100000000,0.0004554233,0.2817362187,4.5542333612,0.0506123142,1.6401345579,14,0,0,8.1054909248,22.4399306542,0.0800892583,0.2067958963,0.0102100467,65.7231854907,245.4535060218,5,0,242.2805504666,715.5368767750,0.0000000000,0.0000000000,false,670.0000000000,721.0000000000,0.0027397260,1.3890410959
daily,QQQ,2026-09-01,1530,essvi_sg05,ok,,81,41,0.0881761597,1.9584556440,0.3138641891,0.0000000000,0.0000000000,0.0100000000,0.0003283555,0.1212086257,3.2835552278,0.0377553139,1.5112198563,14,0,0,24.0675494561,52.5466354340,0.2986648701,0.7626673418,0.0223684440,70.1589612839,239.4213961586,4,0,350.5977398313,813.7874635990,0.0000000000,0.0000000000,false,670.0000000000,721.0000000000,0.0027397260,1.3890410959
daily,QQQ,2026-09-02,1530,svi,ok,,81,41,0.0100000000,3.0000000000,0.3108228940,0.0135501355,0.0024089130,0.0100000000,0.0035350481,3.0265460158,35.3504811295,0.0412547681,2.6869214939,14,0,0,60.7850452705,176.3233840758,0.5164762278,0.8315308830,0.0749893141,56.5873996220,157.7482990443,4,0,321.2311270565,592.5957526136,0.0135501355,0.0024089130,false,687.0000000000,721.0000000000,0.0027397260,1.3863013699
daily,QQQ,2026-09-02,1530,ssvi,ok,,81,41,0.1304991803,1.4443673887,0.3175023970,0.0000000000,0.0000000000,0.0100000000,0.0003185036,0.0875467684,3.1850359388,0.0328252037,1.0970157083,14,0,0,59.3687448106,120.4371750534,0.5840256436,0.8594321493,0.0662866067,88.3482452727,180.8702740919,4,0,381.1450498838,807.8610475324,0.0000000000,0.0000000000,false,687.0000000000,721.0000000000,0.0027397260,1.3863013699
daily,QQQ,2026-09-02,1530,essvi,ok,,81,41,0.0100000000,1.4154162159,0.3001915115,0.0087323095,0.0000000000,0.0100000000,0.0003177685,0.0629388458,3.1776854694,0.0308697316,2.7492473682,14,0,0,72.0509403865,166.6668196174,0.6971204111,0.8970932968,0.0774977105,121.0422885252,459.8255888930,4,0,330.7231740643,611.3935603539,0.0087323095,0.0000000000,false,687.0000000000,721.0000000000,0.0027397260,1.3863013699
daily,QQQ,2026-09-02,1530,essvi_g05,ok,,81,41,0.0100000000,1.9958115173,0.3175367288,0.0099367660,0.0000000000,0.0100000000,0.0004144096,0.1533468303,4.1440964516,0.0504713105,1.6405968722,14,0,0,68.5340713767,161.6323350238,0.7023892930,1.0643953086,0.0716524627,93.0716934880,386.9513503054,4,0,307.0836724567,583.2855391659,0.0099367660,0.0000000000,false,687.0000000000,721.0000000000,0.0027397260,1.3863013699
daily,QQQ,2026-09-02,1530,essvi_gfree,ok,,81,41,0.0100000000,1.8405520021,0.3232675578,0.0093345378,0.0000000000,0.0100000000,0.0004209401,0.2318400725,4.2094012464,0.0428745477,1.5337892710,14,0,0,75.0372625434,183.7866194546,0.7752325455,1.1797459127,0.0782880310,97.8964268899,413.2135048960,4,0,305.3038708641,579.6462971814,0.0093345378,0.0000000000,false,687.0000000000,721.0000000000,0.0027397260,1.3863013699
daily,QQQ,2026-09-02,1530,essvi_sg05,ok,,81,41,0.0338371346,1.7361962806,0.3143999340,0.0000000000,0.0000000000,0.0100000000,0.0003363269,0.1308107844,3.3632690561,0.0410420071,1.4291189431,14,0,0,43.6800548791,108.7971921647,0.4127431356,0.6457969923,0.0472747654,89.3529371325,373.9462335442,4,0,340.5406232747,673.5643087309,0.0000000000,0.0000000000,false,687.0000000000,721.0000000000,0.0027397260,1.3863013699
daily,QQQ,2026-09-03,1530,svi,ok,,81,41,0.0100000000,2.6907126366,0.3163184464,0.0222824450,0.0000000000,0.0100000000,0.0007216770,0.2015688374,7.2167698820,0.0466124622,2.3598056787,14,0,0,115.5232643956,296.9271975596,1.0899271232,1.5459118494,0.1418379315,113.2748425843,266.9745576380,3,0,315.1772167627,408.1646409374,0.0222824450,0.0000000000,false,689.0000000000,723.0000000000,0.0027397260,1.3835616438
daily,QQQ,2026-09-03,1530,ssvi,ok,,81,41,0.1320953688,1.4115769306,0.3115792003,0.0000000000,0.0000000000,0.0100000000,0.0003134834,0.0898954325,3.1348343377,0.0313128093,1.8653512041,14,0,0,117.2050783489,243.9358287905,1.1749917468,1.6518394634,0.1354246872,142.7526543446,299.3393383957,3,0,386.9177447695,570.9319807397,0.0000000000,0.0000000000,false,689.0000000000,723.0000000000,0.0027397260,1.3835616438
daily,QQQ,2026-09-03,1530,essvi,ok,,81,41,0.0100000000,1.6839664952,0.2974513768,0.0421559771,0.0000000000,0.0100000000,0.0005187055,0.0907807012,5.1870547090,0.0476298506,1.3926984937,14,0,0,131.1955531440,265.3072521895,1.4071326988,2.2766648676,0.1359861659,213.5105241606,503.9610303013,3,0,350.4773437829,461.7068013792,0.0421559771,0.0000000000,false,689.0000000000,723.0000000000,0.0027397260,1.3835616438
daily,QQQ,2026-09-03,1530,essvi_g05,ok,,81,41,0.0100000000,1.8421988158,0.3215454728,0.0078289672,0.0000000000,0.0100000000,0.0004217594,0.1955933302,4.2175942979,0.0392138279,1.5441336208,14,0,0,126.2730167753,260.5976541492,1.3200548725,2.0951665666,0.1414179326,130.6705561119,476.0498511205,3,0,327.2102497228,447.6802975366,0.0078289672,0.0000000000,false,689.0000000000,723.0000000000,0.0027397260,1.3835616438
daily,QQQ,2026-09-03,1530,essvi_gfree,ok,,81,41,0.1050859078,1.9474025607,0.3226317510,0.0000000000,0.0000000000,0.0100000000,0.0004549262,0.3084280678,4.5492616765,0.0422301423,1.6421580365,14,0,0,115.3781185053,246.6563565751,1.1889344585,1.8397371862,0.1284888017,126.8041245191,460.2214121246,3,0,321.2414357329,459.2374390565,0.0000000000,0.0000000000,false,689.0000000000,723.0000000000,0.0027397260,1.3835616438
daily,QQQ,2026-09-03,1530,essvi_sg05,ok,,81,41,0.0917606370,1.8076155770,0.3141843642,0.0000000000,0.0000000000,0.0100000000,0.0003417683,0.1407011680,3.4176826456,0.0377665025,1.5097929861,14,0,0,103.4874148405,247.4390056828,1.0092039106,1.4471381893,0.1216166441,131.0914761702,429.5489287747,3,0,356.1903154573,492.5742845512,0.0000000000,0.0000000000,false,689.0000000000,723.0000000000,0.0027397260,1.3835616438
daily,QQQ,2026-09-04,1530,svi,ok,,81,41,0.0100000000,1.5579659081,0.3049740833,0.0060222824,0.0000000000,0.0100000000,0.0005768836,0.2123876294,5.7688360997,0.0264279164,1.2203282912,14,0,0,59.5020570944,139.3773427079,0.5719227287,0.9929660813,0.0745002937,55.3378911268,134.8094460243,5,0,172.0582654509,265.8170708111,0.0060222824,0.0000000000,false,682.0000000000,731.0000000000,0.0109589041,1.3808219178
daily,QQQ,2026-09-04,1530,ssvi,ok,,81,41,0.0771368448,0.7430329197,0.2973273658,0.0000000000,0.0000000000,0.0100000000,0.0002618655,0.0465117839,2.6186545710,0.0228427706,2.6751987857,14,0,0,66.8413903662,114.0338701247,0.7617879849,1.7122898650,0.0752918139,94.2936584950,167.0312062305,5,0,143.4067557656,207.9992665584,0.0000000000,0.0000000000,false,682.0000000000,731.0000000000,0.0109589041,1.3808219178
daily,QQQ,2026-09-04,1530,essvi,ok,,81,41,0.0100000000,0.9376980689,0.2927129750,0.0072267389,0.0000000000,0.0100000000,0.0003072186,0.0544262849,3.0721858653,0.0262412678,2.6751119685,14,0,0,73.9539653515,138.0522306806,0.8369197311,1.7384989214,0.0796299481,122.1003812511,390.2562263254,5,0,150.3576967652,221.5022242213,0.0072267389,0.0000000000,false,682.0000000000,731.0000000000,0.0109589041,1.3808219178
daily,QQQ,2026-09-04,1530,essvi_g05,ok,,81,41,0.0694131422,0.9844066485,0.3082310604,0.0000000000,0.0000000000,0.0100000000,0.0003551499,0.0961795750,3.5514985350,0.0274816424,0.6805353271,14,0,0,67.7193938760,140.7051749119,0.7539403511,1.5525885906,0.0739930622,92.8240477710,366.8936103245,5,0,130.2074076724,189.1250321293,0.0000000000,0.0000000000,false,682.0000000000,731.0000000000,0.0109589041,1.3808219178
daily,QQQ,2026-09-04,1530,essvi_gfree,ok,,81,41,0.0516926733,1.0422515074,0.3011262999,0.0000000000,0.0000000000,0.0100000000,0.0003553916,0.1791414773,3.5539161253,0.0271080437,0.7310402113,14,0,0,65.9146581268,126.1712825605,0.7966857015,1.8381174136,0.0689144939,84.4463333317,352.8717300763,5,0,105.9142848123,178.3436390247,0.0000000000,0.0000000000,false,682.0000000000,731.0000000000,0.0109589041,1.3808219178
daily,QQQ,2026-09-04,1530,essvi_sg05,ok,,81,41,0.0804213581,0.9568153903,0.2946588914,0.0000000000,0.0000000000,0.0100000000,0.0002686029,0.0662618671,2.6860286540,0.0246226243,1.2411446666,14,0,0,58.1392555819,109.6836476121,0.6560771931,1.4529643381,0.0667142103,102.5505478831,353.9179687785,5,0,138.0410540696,211.3446597637,0.0000000000,0.0000000000,false,682.0000000000,731.0000000000,0.0109589041,1.3808219178
daily,QQQ,2026-09-08,1530,svi,ok,,81,41,0.0100000000,1.9225457947,0.3033441751,0.0063233966,0.0000000000,0.0100000000,0.0004121067,0.0724304376,4.1210668488,0.0360145789,1.5508332561,15,0,0,76.7265876757,232.0551637515,0.5989129377,1.1306494101,0.1212005572,74.9927591669,180.3245389623,4,0,315.6721623362,597.3770848353,0.0063233966,0.0000000000,false,695.0000000000,732.0000000000,0.0027397260,1.3698630137
daily,QQQ,2026-09-08,1530,ssvi,ok,,81,41,0.1440927663,1.3517430340,0.3096267012,0.0000000000,0.0000000000,0.0100000000,0.0002996977,0.0965505614,2.9969766143,0.0301092373,1.8116216123,15,0,0,83.1165654302,193.0551625872,0.6696314401,1.2583102762,0.1150503748,117.4406081499,288.4818148868,4,0,383.2787087508,747.8747468900,0.0000000000,0.0000000000,false,695.0000000000,732.0000000000,0.0027397260,1.3698630137
daily,QQQ,2026-09-08,1530,essvi,ok,,81,41,0.0100000000,1.6229749691,0.2975496203,0.0033122553,0.0000000000,0.0100000000,0.0003122461,0.0879844825,3.1224612461,0.0345118655,1.4721337635,15,0,0,77.9658087666,196.3484315532,0.6089494386,1.2167363878,0.1040169808,133.6504993961,464.0807262407,4,0,330.2328589370,570.1182377980,0.0033122553,0.0000000000,false,695.0000000000,732.0000000000,0.0027397260,1.3698630137
daily,QQQ,2026-09-08,1530,essvi_g05,ok,,81,41,0.0582686738,1.7969947229,0.3178801083,0.0000000000,0.0000000000,0.0100000000,0.0003980597,0.1976277253,3.9805966002,0.0409235484,1.4446651601,15,0,0,109.7252886784,261.5345947550,0.8885773628,1.6267788049,0.1589840398,143.6959452855,505.6574111547,4,0,367.6901612207,592.1149043155,0.0000000000,0.0000000000,false,695.0000000000,732.0000000000,0.0027397260,1.3698630137
daily,QQQ,2026-09-08,1530,essvi_gfree,ok,,81,41,0.1057720948,1.8850874638,0.3180126546,0.0000000000,0.0000000000,0.0100000000,0.0004192431,0.2860920953,4.1924312696,0.0441491033,2.7391432067,15,0,0,93.9674529433,227.1991210245,0.7595324663,1.3949827441,0.1325315821,125.7896071463,469.3628480992,4,0,323.6541486381,542.1350234291,0.0000000000,0.0000000000,false,695.0000000000,732.0000000000,0.0027397260,1.3698630137
daily,QQQ,2026-09-08,1530,essvi_sg05,ok,,81,41,0.1259053076,1.7438940180,0.3106413325,0.0000000000,0.0000000000,0.0100000000,0.0003208968,0.1401979330,3.2089682586,0.0433919343,2.7177981811,15,0,0,66.6951285847,201.1417343493,0.5289093922,1.0553065284,0.0999545185,101.6602939068,399.7666927427,4,0,332.3213879409,584.1057920316,0.0000000000,0.0000000000,false,695.0000000000,732.0000000000,0.0027397260,1.3698630137
daily,QQQ,2026-09-09,1530,svi,ok,,81,41,0.0100000000,3.0000000000,0.3084760076,0.0129479073,0.0027100271,0.0100000000,0.0029643800,2.4252936881,29.6437999080,0.0393982637,2.4772830554,15,0,0,84.0304375532,240.6466871255,0.7229647708,1.2106276222,0.1288412986,75.2944323543,189.1664280074,4,0,452.4217271864,831.6350106866,0.0129479073,0.0027100271,false,687.0000000000,730.0000000000,0.0027397260,1.3671232877
daily,QQQ,2026-09-09,1530,ssvi,ok,,81,41,0.1484661120,1.4766935141,0.3122500590,0.0000000000,0.0000000000,0.0100000000,0.0002918702,0.0837087370,2.9187022019,0.0300697434,1.1369362276,15,0,0,87.4533744715,195.9466236259,0.7777193654,1.2653471986,0.1120788003,123.3387369167,334.5762633066,4,0,521.6217290348,1056.9587020010,0.0000000000,0.0000000000,false,687.0000000000,730.0000000000,0.0027397260,1.3671232877
daily,QQQ,2026-09-09,1530,essvi,ok,,81,41,0.1421272609,1.6244023960,0.3045519906,0.0000000000,0.0000000000,0.0100000000,0.0002739291,0.0566645705,2.7392914327,0.0330828329,1.2087626167,15,0,0,81.9331802883,186.3060357600,0.6871344207,1.2689008588,0.1095101836,130.9482096847,435.4477861639,4,0,469.8634594295,885.9812397150,0.0000000000,0.0000000000,false,687.0000000000,730.0000000000,0.0027397260,1.3671232877
daily,QQQ,2026-09-09,1530,essvi_g05,ok,,81,41,0.0486047360,1.8636170280,0.3168631166,0.0000000000,0.0000000000,0.0100000000,0.0003665250,0.1647414743,3.6652500555,0.0388072578,1.4359649676,15,0,0,101.7474578782,204.5121758211,0.9273736905,1.3995153944,0.1486671860,114.5877791867,433.5330265763,4,0,449.5201461787,829.8743261554,0.0000000000,0.0000000000,false,687.0000000000,730.0000000000,0.0027397260,1.3671232877
daily,QQQ,2026-09-09,1530,essvi_gfree,ok,,81,41,0.1395074972,1.9044218132,0.3221494385,0.0000000000,0.0000000000,0.0100000000,0.0003778196,0.1981372343,3.7781961124,0.0428613547,1.4739275940,15,0,0,91.4084658399,186.6837375241,0.8279435876,1.2564140178,0.1302558460,108.9085187267,414.3339371713,4,0,440.1347852242,828.5776169510,0.0000000000,0.0000000000,false,687.0000000000,730.0000000000,0.0027397260,1.3671232877
daily,QQQ,2026-09-09,1530,essvi_sg05,ok,,81,41,0.1266243669,1.8341473166,0.3142926720,0.0000000000,0.0000000000,0.0100000000,0.0003144586,0.1276157531,3.1445862515,0.0401041171,2.7267918887,15,0,0,82.7081144294,191.2950829643,0.7028083145,1.2144329037,0.1369972656,94.4605968204,385.7619626278,4,0,487.9376093279,919.8845797316,0.0000000000,0.0000000000,false,687.0000000000,730.0000000000,0.0027397260,1.3671232877
daily,QQQ,2026-09-10,1530,svi,ok,,81,41,0.0100000000,3.0000000000,0.3097287259,0.0126467931,0.0000000000,0.0100000000,0.0007784007,0.8015012522,7.7840074107,0.0416593649,2.6771077460,15,0,0,46.8459322442,102.6325322248,0.5020390756,1.2012221950,0.0576003890,46.2221276482,125.8180829665,7,0,188.4638554650,443.1648988836,0.0126467931,0.0000000000,false,650.0000000000,730.0000000000,0.0027397260,1.3643835616
daily,QQQ,2026-09-10,1530,ssvi,ok,,81,41,0.1471376398,1.7414965188,0.3159411700,0.0000000000,0.0000000000,0.0100000000,0.0002870100,0.0754068097,2.8700995648,0.0323739812,1.2287860603,15,0,0,45.0554832178,64.1681084556,0.5218863962,1.2932301247,0.0472626853,90.0766656515,333.9820343035,7,0,230.8666927174,625.0427416781,0.0000000000,0.0000000000,false,650.0000000000,730.0000000000,0.0027397260,1.3643835616
daily,QQQ,2026-09-10,1530,essvi,ok,,81,41,0.1447655666,2.2766445197,0.3156425542,0.0000000000,0.0000000000,0.0100000000,0.0003070706,0.0856960172,3.0707057477,0.0388308010,1.7742894817,15,0,0,47.8597791594,96.5173820335,0.5124726680,1.1318816507,0.0520148527,96.1173690615,351.3555037435,7,0,234.9499085562,541.7734827747,0.0000000000,0.0000000000,false,650.0000000000,730.0000000000,0.0027397260,1.3643835616
daily,QQQ,2026-09-10,1530,essvi_g05,ok,,81,41,0.0858158700,2.3559064858,0.3251859975,0.0000000000,0.0000000000,0.0100000000,0.0003604806,0.1221423026,3.6048058036,0.0489359284,2.7495188543,15,0,0,59.2889202453,114.2516053528,0.6834547705,1.7369380389,0.0654294302,80.0657463079,351.9326197396,7,0,235.6306646820,523.5145827987,0.0000000000,0.0000000000,false,650.0000000000,730.0000000000,0.0027397260,1.3643835616
daily,QQQ,2026-09-10,1530,essvi_gfree,ok,,81,41,0.1411340681,2.3947105687,0.3248239092,0.0000000000,0.0000000000,0.0100000000,0.0003653040,0.1529855995,3.6530398677,0.0434157711,1.8844366745,15,0,0,55.4638907741,115.3711553090,0.6187235536,1.4423257006,0.0602016794,80.7534600079,351.9142839491,7,0,237.6537389167,515.6670578274,0.0000000000,0.0000000000,false,650.0000000000,730.0000000000,0.0027397260,1.3643835616
daily,QQQ,2026-09-10,1530,essvi_sg05,ok,,81,41,0.1206337002,2.3143115369,0.3194198120,0.0000000000,0.0000000000,0.0100000000,0.0003116890,0.0900586607,3.1168900053,0.0395919732,1.8093190610,15,0,0,41.6975132114,87.7196417608,0.4707041353,1.1138903318,0.0454815918,86.7733730749,285.7778087781,7,0,234.1413783994,547.9803859004,0.0000000000,0.0000000000,false,650.0000000000,730.0000000000,0.0027397260,1.3643835616
daily,QQQ,2026-09-11,1530,svi,ok,,81,41,0.0100000000,1.7253532952,0.2976905187,0.0009033424,0.0000000000,0.0100000000,0.0004941010,0.1123904973,4.9410097237,0.0259161524,1.2516042505,14,0,0,21.3092442462,99.8813574017,0.1362809875,0.3504177879,0.0268539973,42.3740195272,151.1573971591,6,0,420.9890547462,779.9363044563,0.0009033424,0.0000000000,false,682.0000000000,727.0000000000,0.0082191781,1.3616438356
daily,QQQ,2026-09-11,1530,ssvi,ok,,81,41,0.0876271760,0.8226338299,0.3035604997,0.0000000000,0.0000000000,0.0100000000,0.0002734403,0.0553238312,2.7344030474,0.0249299535,2.2492034475,14,0,0,18.5719256356,72.6808034131,0.1543083313,0.3495375569,0.0215407043,33.9896597025,96.3503080177,6,0,347.9281870565,664.8876383628,0.0000000000,0.0000000000,false,682.0000000000,727.0000000000,0.0082191781,1.3616438356
daily,QQQ,2026-09-11,1530,essvi,ok,,81,41,0.0799363782,1.0622607934,0.2969095564,0.0000000000,0.0000000000,0.0100000000,0.0002863191,0.0508661939,2.8631913452,0.0280302739,2.7354159167,14,0,0,19.6083157552,62.8630203213,0.1887961184,0.4114023099,0.0212189990,51.2161008649,181.5715032810,6,0,379.6961385630,829.1030134274,0.0000000000,0.0000000000,false,682.0000000000,727.0000000000,0.0082191781,1.3616438356
daily,QQQ,2026-09-11,1530,essvi_g05,ok,,81,41,0.0775067155,1.1371027644,0.3189663804,0.0000000000,0.0000000000,0.0100000000,0.0003840341,0.1155808689,3.8403414432,0.0335411003,2.5892706824,14,0,0,20.3783592442,57.8331088852,0.1907208485,0.4434476314,0.0239415508,76.6890316288,162.6219400274,6,0,356.9806017092,832.3900173056,0.0000000000,0.0000000000,false,682.0000000000,727.0000000000,0.0082191781,1.3616438356
daily,QQQ,2026-09-11,1530,essvi_gfree,ok,,81,41,0.0575324172,1.2022248214,0.3059994854,0.0000000000,0.0000000000,0.0100000000,0.0003690624,0.2146939108,3.6906236487,0.0312290456,1.0459037737,14,0,0,18.1875645588,29.9157934606,0.2330180711,0.5030308617,0.0190834009,57.3975229701,189.4117819824,6,0,294.9006665065,701.0252365710,0.0000000000,0.0000000000,false,682.0000000000,727.0000000000,0.0082191781,1.3616438356
daily,QQQ,2026-09-11,1530,essvi_sg05,ok,,81,41,0.0915139168,1.0996736091,0.2983891383,0.0000000000,0.0000000000,0.0100000000,0.0002748453,0.0756084025,2.7484529716,0.0247996824,0.6760364797,14,0,0,13.0090880557,43.6204942867,0.1391599661,0.3244304100,0.0135812392,57.2079603031,156.5900341642,6,0,319.0235174227,827.3580765411,0.0000000000,0.0000000000,false,682.0000000000,727.0000000000,0.0082191781,1.3616438356
daily,SPY,2026-08-14,1530,svi,ok,,81,41,0.0100000000,1.0799753686,0.2752916038,0.0382414935,0.0000000000,0.0100000000,0.0005477741,0.0904935922,5.4777407140,0.0245804367,0.8775691368,14,0,0,27.6497143030,49.4383907453,0.2899332203,0.6224525352,0.0554111516,43.0223310084,115.7216995095,4,0,215.7559324166,301.5326263256,0.0382414935,0.0000000000,false,758.0000000000,786.0000000000,0.0082191781,1.4383561644
daily,SPY,2026-08-14,1530,ssvi,ok,,81,41,0.0557964897,0.7807846227,0.2711027635,0.0000000000,0.0000000000,0.0100000000,0.0003793734,0.0740206657,3.7937343242,0.0195676571,0.5504200814,14,0,0,28.8116353600,47.0614880901,0.3400601542,0.8311571277,0.0522819548,72.5868942389,208.1327323700,4,0,184.3899137690,263.4525171197,0.0000000000,0.0000000000,false,758.0000000000,786.0000000000,0.0082191781,1.4383561644
daily,SPY,2026-08-14,1530,essvi,ok,,81,41,0.0100000000,0.8841454204,0.2637526482,0.0081300813,0.0000000000,0.0100000000,0.0004225176,0.1043256823,4.2251761806,0.0288135617,2.0601408983,14,0,0,26.6688253452,53.1959661073,0.3437937124,0.8843620619,0.0428990241,96.5345862894,268.3916302658,4,0,177.2792092271,264.1360177119,0.0081300813,0.0000000000,false,758.0000000000,786.0000000000,0.0082191781,1.4383561644
daily,SPY,2026-08-14,1530,essvi_g05,ok,,81,41,0.0425063470,0.8813628616,0.2862485968,0.0000000000,0.0000000000,0.0100000000,0.0005250705,0.1563853259,5.2507049760,0.0310634244,1.3371744849,14,0,0,26.7324653456,51.4793109316,0.3572032088,0.9878985012,0.0467315478,86.2620068968,240.5759183298,4,0,118.6743642775,199.8592305301,0.0000000000,0.0000000000,false,758.0000000000,786.0000000000,0.0082191781,1.4383561644
daily,SPY,2026-08-14,1530,essvi_gfree,ok,,81,41,0.0338015026,0.9268913778,0.2671555543,0.0000000000,0.0000000000,0.0100000000,0.0004916413,0.2068013488,4.9164126753,0.0289748353,1.0235114802,14,0,0,19.6658894441,47.6682503030,0.3007215321,0.9484590196,0.0299712724,85.9553178414,202.6149185321,4,0,90.6032425478,182.2918939326,0.0000000000,0.0000000000,false,758.0000000000,786.0000000000,0.0082191781,1.4383561644
daily,SPY,2026-08-14,1530,essvi_sg05,ok,,81,41,0.0100000000,0.8848308215,0.2675514137,0.0168623908,0.0000000000,0.0100000000,0.0004065853,0.1219010771,4.0658533335,0.0269198952,0.7295894724,14,0,0,17.1860048491,44.9804623174,0.1950142742,0.6932015800,0.0324177776,106.4428792579,278.1786903301,4,0,165.6060536920,245.3509585283,0.0168623908,0.0000000000,false,758.0000000000,786.0000000000,0.0082191781,1.4383561644
daily,SPY,2026-08-17,1530,svi,ok,,81,41,0.0100000000,1.7043709762,0.2914507197,0.0219813309,0.0000000000,0.0100000000,0.0005983463,0.1100008424,5.9834631016,0.0322261958,1.5165516050,15,0,0,17.8902909279,37.2654544745,0.2213939818,0.6122624967,0.0308604454,69.2245512924,360.8204765687,3,0,30.6117625003,72.8660081469,0.0219813309,0.0000000000,false,759.0000000000,781.0000000000,0.0027397260,1.4301369863
daily,SPY,2026-08-17,1530,ssvi,ok,,81,41,0.0896991849,1.1994190217,0.2848896162,0.0000000000,0.0000000000,0.0100000000,0.0004422456,0.1276223711,4.4224557801,0.0290096774,2.4306634926,15,0,0,10.5081689103,27.3782913641,0.0982725984,0.3095907450,0.0248727032,54.7171132571,131.9815810024,3,0,44.1695134692,118.4714893029,0.0000000000,0.0000000000,false,759.0000000000,781.0000000000,0.0027397260,1.4301369863
daily,SPY,2026-08-17,1530,essvi,ok,,81,41,0.0100000000,1.3375950965,0.2770155532,0.0084311954,0.0000000000,0.0100000000,0.0004753996,0.1647453526,4.7539955930,0.0336786594,1.1597384715,15,0,0,13.4964322286,29.7459800370,0.1185439319,0.2770565831,0.0307459841,71.7406635846,207.7588395485,3,0,20.0694998181,34.6645649486,0.0084311954,0.0000000000,false,759.0000000000,781.0000000000,0.0027397260,1.4301369863
daily,SPY,2026-08-17,1530,essvi_g05,ok,,81,41,0.0674294975,1.4433178440,0.3007687829,0.0000000000,0.0000000000,0.0100000000,0.0006048111,0.2655296740,6.0481106095,0.0385622131,1.2575556554,15,0,0,18.2809662810,44.2038297519,0.1348848432,0.2965302966,0.0493982805,87.4742910516,175.7433141371,3,0,29.7979726329,54.6683348869,0.0000000000,0.0000000000,false,759.0000000000,781.0000000000,0.0027397260,1.4301369863
daily,SPY,2026-08-17,1530,essvi_gfree,ok,,81,41,0.0382562759,1.5323795294,0.2855237239,0.0000000000,0.0000000000,0.0100000000,0.0006050268,0.3493214158,6.0502675745,0.0387294985,1.3417478843,15,0,0,17.1631229493,56.9248728811,0.0865445104,0.2324188150,0.0474931842,72.7372189490,153.0926207854,3,0,44.0115644378,86.4426615305,0.0000000000,0.0000000000,false,759.0000000000,781.0000000000,0.0027397260,1.4301369863
daily,SPY,2026-08-17,1530,essvi_sg05,ok,,81,41,0.0100000000,1.4111387863,0.2814292117,0.0069256248,0.0000000000,0.0100000000,0.0004711630,0.2130521122,4.7116304333,0.0324420141,1.4242994866,15,0,0,14.3602022397,35.9322780638,0.1356848494,0.2868536080,0.0361161048,109.1911667309,337.0021739139,3,0,33.1077208148,51.9499412335,0.0069256248,0.0000000000,false,759.0000000000,781.0000000000,0.0027397260,1.4301369863
daily,SPY,2026-08-18,1530,svi,ok,,81,41,0.0100000000,1.3205561349,0.2851025514,0.0207768744,0.0000000000,0.0100000000,0.0006556055,0.1400740794,6.5560549417,0.0321990693,1.2824739845,14,0,0,40.6637827411,148.2885466369,0.2923023202,0.6163334857,0.0750119337,58.3715485210,139.1646775746,3,0,288.9076295279,426.8193901241,0.0207768744,0.0000000000,false,753.0000000000,776.0000000000,0.0027397260,1.4273972603
daily,SPY,2026-08-18,1530,ssvi,ok,,81,41,0.0884957303,1.3099835681,0.2830830786,0.0000000000,0.0000000000,0.0100000000,0.0004415599,0.1227842137,4.4155986663,0.0263161361,1.0595654611,14,0,0,40.5428272436,112.3588881723,0.3300328017,0.6374496939,0.0785199114,79.0313640949,222.6974057151,3,0,326.7894011900,542.0475184728,0.0000000000,0.0000000000,false,753.0000000000,776.0000000000,0.0027397260,1.4273972603
daily,SPY,2026-08-18,1530,essvi,ok,,81,41,0.0100000000,1.3763592315,0.2742979468,0.0009033424,0.0000000000,0.0100000000,0.0004489941,0.1193477152,4.4899411175,0.0303763295,1.1359333033,14,0,0,38.9893996151,97.4463375414,0.3416479745,0.6143674451,0.0703157349,107.1262374876,334.5211786907,3,0,310.5127940334,491.4043844299,0.0009033424,0.0000000000,false,753.0000000000,776.0000000000,0.0027397260,1.4273972603
daily,SPY,2026-08-18,1530,essvi_g05,ok,,81,41,0.0724441436,1.5628512002,0.3002366373,0.0000000000,0.0000000000,0.0100000000,0.0006031695,0.2652795919,6.0316947253,0.0386527675,1.3161493685,14,0,0,28.5855666364,69.8061198952,0.2480861162,0.4412098522,0.0544953035,93.9823273211,286.7289990862,3,0,292.7899082858,478.7716519067,0.0000000000,0.0000000000,false,753.0000000000,776.0000000000,0.0027397260,1.4273972603
daily,SPY,2026-08-18,1530,essvi_gfree,ok,,81,41,0.0349376770,1.6695056171,0.2829317778,0.0000000000,0.0000000000,0.0100000000,0.0005934658,0.3576188571,5.9346582414,0.0365144411,1.4180209553,14,0,0,31.2727324413,58.7932462853,0.3353905741,0.7503739095,0.0545068065,89.8437622112,265.4868673664,3,0,280.2775823502,484.0293991154,0.0000000000,0.0000000000,false,753.0000000000,776.0000000000,0.0027397260,1.4273972603
daily,SPY,2026-08-18,1530,essvi_sg05,ok,,81,41,0.0100000000,1.5353398631,0.2779159264,0.0069256248,0.0000000000,0.0100000000,0.0004668193,0.2094334939,4.6681926183,0.0336489422,1.5396728185,14,0,0,37.1033442044,92.6366323594,0.2955725407,0.5995046477,0.1007789777,108.5157688960,332.1917778432,3,0,318.1553583683,497.4553760785,0.0069256248,0.0000000000,false,753.0000000000,776.0000000000,0.0027397260,1.4273972603
daily,SPY,2026-08-19,1530,svi,ok,,81,41,0.0100000000,1.6155094770,0.2839581621,0.0240891298,0.0000000000,0.0100000000,0.0005856223,0.1072470293,5.8562228119,0.0303085812,1.2994816752,14,0,0,51.8576732580,183.3443435988,0.3801141021,0.7920106371,0.1026439507,66.7523904507,165.7261160783,3,0,291.4792116404,414.2031212571,0.0240891298,0.0000000000,false,754.0000000000,778.0000000000,0.0027397260,1.4246575342
daily,SPY,2026-08-19,1530,ssvi,ok,,81,41,0.0857967345,1.2653660768,0.2821484603,0.0000000000,0.0000000000,0.0100000000,0.0004463480,0.1281637880,4.4634804737,0.0265453737,0.9672021921,14,0,0,59.8120737880,163.5284240546,0.5011242393,0.8781748988,0.1223267128,99.6500502155,289.9631711861,3,0,338.6682962730,532.0377467747,0.0000000000,0.0000000000,false,754.0000000000,778.0000000000,0.0027397260,1.4246575342
daily,SPY,2026-08-19,1530,essvi,ok,,81,41,0.0777247691,1.4015819288,0.2784345137,0.0000000000,0.0000000000,0.0100000000,0.0004698435,0.1352439082,4.6984348749,0.0324257077,1.9440932770,14,0,0,54.3703378028,125.9219176759,0.4816572084,0.8375226684,0.1042882906,122.7024323721,375.9694455481,3,0,328.5746416055,504.4259116951,0.0000000000,0.0000000000,false,754.0000000000,778.0000000000,0.0027397260,1.4246575342
daily,SPY,2026-08-19,1530,essvi_g05,ok,,81,41,0.0687432702,1.5552352797,0.3039368065,0.0000000000,0.0000000000,0.0100000000,0.0006241902,0.2686186575,6.2419024379,0.0391882847,1.2701786209,14,0,0,42.3427828106,86.7624769611,0.3748596810,0.6290527082,0.0905160437,104.1248080321,315.9550526583,3,0,298.3311485423,480.8536042177,0.0000000000,0.0000000000,false,754.0000000000,778.0000000000,0.0027397260,1.4246575342
daily,SPY,2026-08-19,1530,essvi_gfree,ok,,81,41,0.0100000000,1.6388541648,0.2872461551,0.0006022282,0.0000000000,0.0100000000,0.0006226653,0.3480244096,6.2266527169,0.0393103903,1.3507058154,14,0,0,37.9717346598,63.3493746046,0.3908859592,0.8004352690,0.0725510197,96.8649268481,283.7237745361,3,0,280.5871569852,483.9654183387,0.0006022282,0.0000000000,false,754.0000000000,778.0000000000,0.0027397260,1.4246575342
daily,SPY,2026-08-19,1530,essvi_sg05,ok,,81,41,0.0100000000,1.5242501062,0.2800051996,0.0249924721,0.0000000000,0.0100000000,0.0004901587,0.2118453139,4.9015870351,0.0341681034,1.5905743314,14,0,0,58.5541576273,146.3937198965,0.4651887274,0.9142551618,0.1880698489,115.3826802230,380.4879056159,3,0,330.4649434821,492.6802372719,0.0249924721,0.0000000000,false,754.0000000000,778.0000000000,0.0027397260,1.4246575342
daily,SPY,2026-08-20,1530,svi,ok,,81,41,0.0100000000,2.9721021629,0.2927908668,0.0099367660,0.0000000000,0.0100000000,0.0016690544,1.6113404851,16.6905442154,0.0401242105,2.7287486553,14,0,0,66.1655005505,187.8388481836,0.5670116745,0.8972807104,0.1190332951,80.0098171199,187.0981134590,4,0,138.4609922956,201.9830751239,0.0099367660,0.0000000000,false,737.0000000000,774.0000000000,0.0027397260,1.4219178082
daily,SPY,2026-08-20,1530,ssvi,ok,,81,41,0.0861310143,1.4475576291,0.2847706185,0.0000000000,0.0000000000,0.0100000000,0.0004509928,0.1132366374,4.5099282651,0.0274948218,2.0174998796,14,0,0,66.8925009609,162.5185093367,0.5971826814,0.9126184506,0.1273187474,99.6173649472,278.4734638610,4,0,161.3516312078,291.5068831781,0.0000000000,0.0000000000,false,737.0000000000,774.0000000000,0.0027397260,1.4219178082
daily,SPY,2026-08-20,1530,essvi,ok,,81,41,0.0883928443,1.6272479084,0.2802482722,0.0000000000,0.0000000000,0.0100000000,0.0004676152,0.1111958520,4.6761516413,0.0338986800,1.3743996557,14,0,0,67.9748894715,156.3689809674,0.6178076631,0.9351439578,0.1250251137,128.9133796541,400.5133075135,4,0,139.7145325294,206.9118233767,0.0000000000,0.0000000000,false,737.0000000000,774.0000000000,0.0027397260,1.4219178082
daily,SPY,2026-08-20,1530,essvi_g05,ok,,81,41,0.0100000000,1.7737012958,0.2971908917,0.0102378802,0.0000000000,0.0100000000,0.0006054075,0.2545185323,6.0540750374,0.0476967340,1.5152500108,14,0,0,52.1006194869,126.7355074690,0.4682522118,0.7524198723,0.1000656567,107.3744651386,354.0672999265,6,0,158.3021327765,251.2882092212,0.0102378802,0.0000000000,false,737.0000000000,774.0000000000,0.0027397260,1.4219178082
daily,SPY,2026-08-20,1530,essvi_gfree,ok,,81,41,0.0100000000,1.8555366478,0.2864724296,0.0003011141,0.0000000000,0.0100000000,0.0006041358,0.3581861215,6.0413577957,0.0399099074,1.5923015947,14,0,0,76.1940903828,166.0736846842,0.7031235313,1.0676694731,0.1448457821,111.1617893143,379.0804985750,6,0,183.5789767163,269.7082400837,0.0003011141,0.0000000000,false,737.0000000000,774.0000000000,0.0027397260,1.4219178082
daily,SPY,2026-08-20,1530,essvi_sg05,ok,,81,41,0.0100000000,1.7420260707,0.2800431081,0.0093345378,0.0000000000,0.0100000000,0.0004917690,0.1993604183,4.9176900095,0.0371122867,2.9900000000,14,0,0,91.2291307723,202.8053069893,0.8302123550,1.2624735360,0.2138421750,142.3496251566,379.8459709878,4,0,162.7047859073,240.4924789531,0.0093345378,0.0000000000,false,737.0000000000,774.0000000000,0.0027397260,1.4219178082
daily,SPY,2026-08-21,1530,svi,ok,,81,41,0.0100000000,1.2421781813,0.2813902877,0.0153568202,0.0000000000,0.0100000000,0.0006017709,0.1007985219,6.0177086392,0.0244427517,0.9992249864,14,0,0,31.7970261780,68.7916671913,0.3007971060,0.5644103826,0.0568856613,55.7906543622,128.9279055241,5,0,277.5251565825,472.4241829867,0.0153568202,0.0000000000,false,745.0000000000,776.0000000000,0.0082191781,1.4191780822
daily,SPY,2026-08-21,1530,ssvi,ok,,81,41,0.0601236346,0.7588207343,0.2723430471,0.0000000000,0.0000000000,0.0100000000,0.0003917311,0.0738648587,3.9173114026,0.0199518816,0.5527060214,14,0,0,23.9420763763,39.7633789182,0.2221031034,0.3165254639,0.0468619390,73.2288631433,210.4570199132,5,0,233.4448232408,402.0543257873,0.0000000000,0.0000000000,false,745.0000000000,776.0000000000,0.0082191781,1.4191780822
daily,SPY,2026-08-21,1530,essvi,ok,,81,41,0.0601261587,1.2171138949,0.2724526740,0.0000000000,0.0000000000,0.0100000000,0.0004397410,0.0872471265,4.3974101778,0.0305257622,2.0994266167,14,0,0,24.4858713094,44.9711275721,0.2220122396,0.3537371971,0.0462393528,102.1362191204,313.4312421589,5,0,239.7433730863,436.4229206398,0.0000000000,0.0000000000,false,745.0000000000,776.0000000000,0.0082191781,1.4191780822
daily,SPY,2026-08-21,1530,essvi_g05,ok,,81,41,0.0100000000,1.2579222636,0.2878822389,0.0102378802,0.0000000000,0.0100000000,0.0005464868,0.1574174121,5.4648681368,0.0326943023,2.0019520059,14,0,0,10.8102136264,20.3646154297,0.1094191027,0.3154865033,0.0179651531,90.4797790660,265.0881626721,5,0,172.2319973013,324.3794804985,0.0102378802,0.0000000000,false,745.0000000000,776.0000000000,0.0082191781,1.4191780822
daily,SPY,2026-08-21,1530,essvi_gfree,ok,,81,41,0.0374883611,1.1605871092,0.2780420872,0.0000000000,0.0000000000,0.0100000000,0.0005328238,0.2079846619,5.3282377272,0.0324816013,0.7579372275,14,0,0,17.5544229126,32.0210687301,0.1611379823,0.3681222187,0.0306676982,97.1049508229,268.8092245666,5,0,146.6226720747,292.7772876495,0.0000000000,0.0000000000,false,745.0000000000,776.0000000000,0.0082191781,1.4191780822
daily,SPY,2026-08-21,1530,essvi_sg05,ok,,81,41,0.0100000000,0.9172398570,0.2672428493,0.0066245107,0.0000000000,0.0100000000,0.0004187725,0.1212078979,4.1877254164,0.0339958436,0.6971943360,14,0,0,11.3084542322,23.3099770766,0.0894426630,0.2428247862,0.0273243173,103.0136178244,292.5125818096,5,0,213.9286396564,400.1860260498,0.0066245107,0.0000000000,false,745.0000000000,776.0000000000,0.0082191781,1.4191780822
daily,SPY,2026-08-24,1538,svi,ok,,81,41,0.0100000000,1.5128573814,0.2886654000,0.0048178260,0.0000000000,0.0100000000,0.0005529139,0.1028092286,5.5291393354,0.0299100506,1.5157005863,15,0,0,24.2908248471,72.1150309871,0.2296756317,0.5423909182,0.0466229756,70.6132654097,295.0656462007,3,0,42.5144673853,78.5340494676,0.0048178260,0.0000000000,false,750.0000000000,772.0000000000,0.0027397260,1.4109589041
daily,SPY,2026-08-24,1538,ssvi,ok,,81,41,0.0785140535,1.2528017439,0.2770333086,0.0000000000,0.0000000000,0.0100000000,0.0004283781,0.1264510255,4.2837807785,0.0247624048,1.4366190822,15,0,0,28.5367372594,89.3370784891,0.2090817116,0.3659708060,0.0653870066,54.5667274122,151.7489272196,3,0,61.7549314860,65.8402887327,0.0000000000,0.0000000000,false,750.0000000000,772.0000000000,0.0027397260,1.4109589041
daily,SPY,2026-08-24,1538,essvi,ok,,81,41,0.0791747446,1.3582866106,0.2764121064,0.0000000000,0.0000000000,0.0100000000,0.0004584900,0.1425967498,4.5849004428,0.0344178026,1.1516547317,15,0,0,29.8401290667,76.2450055457,0.2223301284,0.3527287240,0.0654968035,71.3823588117,216.6863497004,3,0,56.1168269661,67.3928275361,0.0000000000,0.0000000000,false,750.0000000000,772.0000000000,0.0027397260,1.4109589041
daily,SPY,2026-08-24,1538,essvi_g05,ok,,81,41,0.0630313101,1.5006390815,0.2957684926,0.0000000000,0.0000000000,0.0100000000,0.0005850801,0.2640016843,5.8508013850,0.0373925685,1.2819031436,15,0,0,37.4847315145,90.9339250683,0.2689517453,0.4523487187,0.0920915228,89.9583316603,190.0005589388,3,0,54.9193821491,81.4717538268,0.0000000000,0.0000000000,false,750.0000000000,772.0000000000,0.0027397260,1.4109589041
daily,SPY,2026-08-24,1538,essvi_gfree,ok,,81,41,0.0585571242,1.6009040792,0.2845135068,0.0000000000,0.0000000000,0.0100000000,0.0006019400,0.3543583236,6.0194000195,0.0387216071,1.3753055869,15,0,0,68.0015849545,162.5520658558,0.4434139766,0.7839323854,0.1505788430,88.5576217851,172.8798871361,3,0,205.2659669659,322.5643964073,0.0000000000,0.0000000000,false,750.0000000000,772.0000000000,0.0027397260,1.4109589041
daily,SPY,2026-08-24,1538,essvi_sg05,ok,,81,41,0.0100000000,1.4721704872,0.2763472826,0.0021077989,0.0000000000,0.0100000000,0.0004630519,0.2120075946,4.6305187147,0.0327892834,1.2505120359,15,0,0,73.3565552556,219.6451211241,0.4624576633,0.7909475268,0.1671491998,90.5549586841,178.6409448385,3,0,199.4433447218,429.1049650829,0.0021077989,0.0000000000,false,750.0000000000,772.0000000000,0.0027397260,1.4109589041
daily,SPY,2026-08-25,1530,svi,ok,,81,41,0.0100000000,2.2727533878,0.2811850893,0.0213791027,0.0000000000,0.0100000000,0.0007400282,0.2052745005,7.4002818602,0.0362610354,2.0320126315,15,0,0,16.1081996637,30.8217201045,0.1421610888,0.3105695330,0.0564398204,63.2386838969,347.5796159096,3,0,272.6378145788,441.3696057037,0.0213791027,0.0000000000,false,747.0000000000,775.0000000000,0.0027397260,1.4082191781
daily,SPY,2026-08-25,1530,ssvi,ok,,81,41,0.0560878159,1.3695100191,0.2757920851,0.0000000000,0.0000000000,0.0100000000,0.0004249377,0.1223721988,4.2493771615,0.0254535639,1.0788316242,15,0,0,8.4514696813,18.1796359563,0.1071990716,0.3771389718,0.0156061131,61.8977164107,159.0005971488,3,0,353.0476600599,652.0069807067,0.0000000000,0.0000000000,false,747.0000000000,775.0000000000,0.0027397260,1.4082191781
daily,SPY,2026-08-25,1530,essvi,ok,,81,41,0.0565776535,1.3596067065,0.2689138799,0.0000000000,0.0000000000,0.0100000000,0.0004241143,0.0990034059,4.2411434283,0.0329965474,1.4025719152,15,0,0,8.1159193339,16.9469186037,0.0910653895,0.3175156211,0.0164442461,85.6777698256,303.9389738410,3,0,285.0174609139,462.2868819186,0.0000000000,0.0000000000,false,747.0000000000,775.0000000000,0.0027397260,1.4082191781
daily,SPY,2026-08-25,1530,essvi_g05,ok,,81,41,0.0669995365,1.5793821338,0.2922615520,0.0000000000,0.0000000000,0.0100000000,0.0005651479,0.2630824200,5.6514789604,0.0404740951,2.6051052032,15,0,0,11.2930493876,52.5378190705,0.0811715909,0.2819957637,0.0408387523,91.5863629774,262.5991952100,3,0,272.5908387287,476.0492883263,0.0000000000,0.0000000000,false,747.0000000000,775.0000000000,0.0027397260,1.4082191781
daily,SPY,2026-08-25,1530,essvi_gfree,ok,,81,41,0.0651672873,1.6946789039,0.2795984104,0.0000000000,0.0000000000,0.0100000000,0.0005973937,0.3804233707,5.9739369149,0.0406816141,1.4534086677,15,0,0,12.2840913007,60.5762459951,0.0936176028,0.3437287953,0.0405307898,82.3494064834,263.9915371930,3,0,261.2118423059,484.3351255512,0.0000000000,0.0000000000,false,747.0000000000,775.0000000000,0.0027397260,1.4082191781
daily,SPY,2026-08-25,1530,essvi_sg05,ok,,81,41,0.0100000000,1.5526998861,0.2734693371,0.0102378802,0.0000000000,0.0100000000,0.0004571338,0.2065505970,4.5713383927,0.0349735142,2.5617045545,15,0,0,29.9316984622,118.4328224749,0.1506438975,0.3286673773,0.0849100541,78.8538325405,257.1950186714,3,0,319.6718480480,452.8648411579,0.0102378802,0.0000000000,false,747.0000000000,775.0000000000,0.0027397260,1.4082191781
daily,SPY,2026-08-26,1530,svi,ok,,81,41,0.0100000000,2.6476721546,0.2867509700,0.0219813309,0.0000000000,0.0100000000,0.0009741278,0.4623549426,9.7412782476,0.0392893706,2.3817905609,15,0,0,18.1063374977,31.2707694362,0.2093415780,0.5889321165,0.0700147080,56.9641235542,360.5780806786,4,0,290.9487621960,606.0667346834,0.0219813309,0.0000000000,false,747.0000000000,780.0000000000,0.0027397260,1.4054794521
daily,SPY,2026-08-26,1530,ssvi,ok,,81,41,0.0859167858,1.5297489809,0.2803008266,0.0000000000,0.0000000000,0.0100000000,0.0004430270,0.1140763234,4.4302695600,0.0274683382,1.1952626834,15,0,0,8.9818114499,23.7457971810,0.1178017727,0.4917404178,0.0174721285,59.0547544886,158.1934089644,4,0,374.4010231773,914.7793416203,0.0000000000,0.0000000000,false,747.0000000000,780.0000000000,0.0027397260,1.4054794521
daily,SPY,2026-08-26,1530,essvi,ok,,81,41,0.0787176953,1.3421490649,0.2735942733,0.0000000000,0.0000000000,0.0100000000,0.0004307920,0.0582944956,4.3079200529,0.0347209413,1.0964226748,15,0,0,9.6506418074,28.6048718159,0.1286948358,0.5922146397,0.0175557244,82.3787753441,322.5579161002,4,0,300.1509925523,629.4205174176,0.0000000000,0.0000000000,false,747.0000000000,780.0000000000,0.0027397260,1.4054794521
daily,SPY,2026-08-26,1530,essvi_g05,ok,,81,41,0.0100000000,1.7022246836,0.2934938210,0.0003011141,0.0000000000,0.0100000000,0.0005823303,0.2604774859,5.8233028209,0.0465803006,1.4377404849,15,0,0,11.0866751758,53.5960964440,0.0851080030,0.4013218305,0.0426383359,88.5020035397,289.7893583335,5,0,362.3368763885,675.6453314784,0.0003011141,0.0000000000,false,747.0000000000,780.0000000000,0.0027397260,1.4054794521
daily,SPY,2026-08-26,1530,essvi_gfree,ok,,81,41,0.0736451024,1.8469997642,0.2869141398,0.0000000000,0.0000000000,0.0100000000,0.0006337095,0.3948728741,6.3370948371,0.0442123355,1.5728947932,15,0,0,12.7456943963,54.4012515212,0.0948038815,0.2759123080,0.0423828195,78.6102124289,287.4913953038,5,0,338.0429486209,646.8172177946,0.0000000000,0.0000000000,false,747.0000000000,780.0000000000,0.0027397260,1.4054794521
daily,SPY,2026-08-26,1530,essvi_sg05,ok,,81,41,0.0100000000,1.6994231754,0.2777390866,0.0081300813,0.0000000000,0.0100000000,0.0004703354,0.1946764815,4.7033539147,0.0437716131,1.4500415740,15,0,0,20.8993087795,107.4390445416,0.1084464527,0.2087769765,0.0773298693,68.1692374592,199.4806337288,4,0,342.1959379045,727.2072674699,0.0081300813,0.0000000000,false,747.0000000000,780.0000000000,0.0027397260,1.4054794521
daily,SPY,2026-08-27,1530,svi,ok,,81,41,0.0100000000,2.8237445515,0.2803088693,0.0319180970,0.0000000000,0.0100000000,0.0013470099,0.6697595621,13.4700993296,0.0410899250,2.6090151667,15,0,0,55.2700116152,152.9276513535,0.4779212207,0.9034070774,0.2209071421,74.4899161332,345.2231208894,4,0,128.1495411944,235.8456906462,0.0319180970,0.0000000000,false,751.0000000000,780.0000000000,0.0027397260,1.4027397260
daily,SPY,2026-08-27,1530,ssvi,ok,,81,41,0.0820078212,1.4490509917,0.2802740050,0.0000000000,0.0000000000,0.0100000000,0.0004483904,0.1156071631,4.4839035826,0.0282598983,1.1992544690,15,0,0,48.6634373261,109.0842058666,0.4481444179,0.8215948515,0.1334501526,89.2715889636,261.1602829528,4,0,185.9796011355,400.2181331495,0.0000000000,0.0000000000,false,751.0000000000,780.0000000000,0.0027397260,1.4027397260
daily,SPY,2026-08-27,1530,essvi,ok,,81,41,0.0100000000,1.4008846102,0.2700629199,0.0072267389,0.0000000000,0.0100000000,0.0004679210,0.0712402544,4.6792097568,0.0365772845,1.2008989837,15,0,0,53.6966643869,111.1596832537,0.5193940043,1.0092334822,0.1212296434,121.5293733585,441.8512123694,4,0,147.8443087272,245.0952256130,0.0072267389,0.0000000000,false,751.0000000000,780.0000000000,0.0027397260,1.4027397260
daily,SPY,2026-08-27,1530,essvi_g05,ok,,81,41,0.0444362672,1.6862240289,0.2950198368,0.0000000000,0.0000000000,0.0100000000,0.0006154963,0.2711078637,6.1549626992,0.0436640426,2.7566374255,15,0,0,47.3515746841,97.0397972478,0.4654119535,1.0084222734,0.1225765676,114.5722738924,435.8633655152,5,0,183.1890880544,341.3624331264,0.0000000000,0.0000000000,false,751.0000000000,780.0000000000,0.0027397260,1.4027397260
daily,SPY,2026-08-27,1530,essvi_gfree,ok,,81,41,0.0569095551,1.7997618427,0.2791878656,0.0000000000,0.0000000000,0.0100000000,0.0006194220,0.3815565213,6.1942197004,0.0425590047,1.5844726669,15,0,0,68.4121545651,151.9434586042,0.6348816425,1.1633015679,0.1666912050,117.9724554439,449.2674656371,5,0,202.5991912270,351.6968082469,0.0000000000,0.0000000000,false,751.0000000000,780.0000000000,0.0027397260,1.4027397260
daily,SPY,2026-08-27,1530,essvi_sg05,ok,,81,41,0.0100000000,1.6412997770,0.2738762578,0.0075278531,0.0000000000,0.0100000000,0.0004659601,0.2015550162,4.6596012924,0.0392345668,1.4305181167,15,0,0,38.7536143486,139.5895245619,0.2927435932,0.5684850569,0.0974232653,83.6403862915,261.4997417853,4,0,154.8715071201,309.3564857757,0.0075278531,0.0000000000,false,751.0000000000,780.0000000000,0.0027397260,1.4027397260
daily,SPY,2026-08-31,1530,svi,ok,,81,41,0.0100000000,2.2361066587,0.2772159608,0.0267991569,0.0000000000,0.0100000000,0.0010003726,0.3224008972,10.0037256438,0.0383706360,2.9900000000,14,0,0,42.3014841266,131.1024230911,0.3851991756,0.7900919586,0.0740624853,63.6335602295,195.8072731988,3,0,41.5291795789,61.7980776674,0.0267991569,0.0000000000,false,752.0000000000,774.0000000000,0.0027397260,1.3917808219
daily,SPY,2026-08-31,1530,ssvi,ok,,81,41,0.0587102229,1.2833003413,0.2746759875,0.0000000000,0.0000000000,0.0100000000,0.0004442197,0.1319302542,4.4421966686,0.0254066737,1.0339486215,14,0,0,47.0855158924,142.3477808287,0.4055504333,0.7987525919,0.0866249050,43.7840583323,85.8130983596,3,0,67.3629302066,89.3566521068,0.0000000000,0.0000000000,false,752.0000000000,774.0000000000,0.0027397260,1.3917808219
daily,SPY,2026-08-31,1530,essvi,ok,,81,41,0.0546571895,1.3183789389,0.2636637029,0.0000000000,0.0000000000,0.0100000000,0.0004670735,0.1364819157,4.6707347748,0.0331349318,1.1197129609,14,0,0,52.3910284307,122.1485461956,0.4834686407,1.0401698241,0.0942433343,68.7578575131,159.7439744628,3,0,43.1850285850,85.7218810521,0.0000000000,0.0000000000,false,752.0000000000,774.0000000000,0.0027397260,1.3917808219
daily,SPY,2026-08-31,1530,essvi_g05,ok,,81,41,0.0100000000,1.4890503740,0.2894307344,0.0138512496,0.0000000000,0.0100000000,0.0006450925,0.2876463314,6.4509250377,0.0412524298,2.7677395018,14,0,0,57.5272419449,121.4735630609,0.5625100527,1.2359411027,0.1076848303,87.6935316524,166.5583660244,3,0,39.3249012588,85.6871170862,0.0138512496,0.0000000000,false,752.0000000000,774.0000000000,0.0027397260,1.3917808219
daily,SPY,2026-08-31,1530,essvi_gfree,ok,,81,41,0.0100000000,1.5783928243,0.2704372927,0.0024089130,0.0000000000,0.0100000000,0.0006001008,0.3651714400,6.0010076519,0.0393715915,1.3655112688,14,0,0,55.2531361128,120.5835866224,0.5286114348,1.1753256562,0.1035019361,74.8843110913,133.2991866407,3,0,50.7179258776,85.7759005562,0.0024089130,0.0000000000,false,752.0000000000,774.0000000000,0.0027397260,1.3917808219
daily,SPY,2026-08-31,1530,essvi_sg05,ok,,81,41,0.0100000000,1.4473796114,0.2722700532,0.0174646191,0.0000000000,0.0100000000,0.0004929669,0.2179317302,4.9296686290,0.0385413847,1.2557109236,14,0,0,54.9844434408,154.9136834935,0.4713978478,1.0061339547,0.1033948900,61.6620920073,119.4989170498,3,0,35.8373717330,88.9455917419,0.0174646191,0.0000000000,false,752.0000000000,774.0000000000,0.0027397260,1.3917808219
daily,SPY,2026-09-01,1530,svi,ok,,81,41,0.0100000000,3.0000000000,0.2813252388,0.0252935863,0.0009033424,0.0100000000,0.0046611426,3.8597444379,46.6114259913,0.0435762715,2.6836936788,14,0,0,17.3828028278,44.7176527877,0.2471287749,0.7472851212,0.0268079560,52.2518120329,116.2132391898,3,0,320.6830570333,546.5663781523,0.0252935863,0.0009033424,false,740.0000000000,771.0000000000,0.0027397260,1.3890410959
daily,SPY,2026-09-01,1530,ssvi,ok,,81,41,0.0824500003,1.4482683684,0.2779321822,0.0000000000,0.0000000000,0.0100000000,0.0004545336,0.1225776589,4.5453363507,0.0285342502,2.1223274361,14,0,0,18.6860232878,52.2755092297,0.1906535830,0.4844016562,0.0303713063,46.4568620016,110.2860249810,3,0,382.7748583916,709.5034422541,0.0000000000,0.0000000000,false,740.0000000000,771.0000000000,0.0027397260,1.3890410959
daily,SPY,2026-09-01,1530,essvi,ok,,81,41,0.0100000000,1.4376007806,0.2603881633,0.0108401084,0.0000000000,0.0100000000,0.0004431097,0.0730754861,4.4310970121,0.0330614134,1.8610469037,14,0,0,19.0763902002,40.1465508952,0.2120635447,0.6193762889,0.0326622144,79.4580110904,327.4413034308,3,0,358.9904891311,638.2302221480,0.0108401084,0.0000000000,false,740.0000000000,771.0000000000,0.0027397260,1.3890410959
daily,SPY,2026-09-01,1530,essvi_g05,ok,,81,41,0.0100000000,1.6975362724,0.2867564400,0.0162601626,0.0000000000,0.0100000000,0.0006290826,0.2782504972,6.2908262907,0.0525281412,1.4014785617,14,0,0,25.0751664231,59.4740626044,0.2074056949,0.4567576136,0.0498043308,81.0208084758,282.2216796481,3,0,357.5210908549,629.4037933335,0.0162601626,0.0000000000,false,740.0000000000,771.0000000000,0.0027397260,1.3890410959
daily,SPY,2026-09-01,1530,essvi_gfree,ok,,81,41,0.0100000000,1.7896653207,0.2721055609,0.0108401084,0.0000000000,0.0100000000,0.0006057113,0.3736249393,6.0571125396,0.0454246448,2.8166454083,14,0,0,42.5085717036,82.6136004290,0.4043124104,0.8265936692,0.0779377272,78.9553460828,253.5765023689,3,0,299.2651010852,537.4800572311,0.0108401084,0.0000000000,false,740.0000000000,771.0000000000,0.0027397260,1.3890410959
daily,SPY,2026-09-01,1530,essvi_sg05,ok,,81,41,0.0100000000,1.6577007130,0.2690391694,0.0042155977,0.0000000000,0.0100000000,0.0004621265,0.2061243169,4.6212648310,0.0418599822,1.3621210771,14,0,0,29.4713659045,63.0985260353,0.2794238218,0.6809010256,0.0558771116,64.6135112717,265.6330911014,3,0,380.0264083321,648.2631564075,0.0042155977,0.0000000000,false,740.0000000000,771.0000000000,0.0027397260,1.3890410959
daily,SPY,2026-09-02,1530,svi,ok,,81,41,0.0100000000,3.0000000000,0.2863175386,0.0264980428,0.0012044565,0.0100000000,0.0028997561,2.5916973624,28.9975611322,0.0438923978,2.7561297735,14,0,0,37.8164108841,138.5015555723,0.2359034620,0.6567485868,0.0838212708,47.1572322595,152.3047116852,3,0,309.1407243842,461.8491689687,0.0264980428,0.0012044565,false,750.0000000000,774.0000000000,0.0027397260,1.3863013699
daily,SPY,2026-09-02,1530,ssvi,ok,,81,41,0.0796852373,1.3817167926,0.2823333868,0.0000000000,0.0000000000,0.0100000000,0.0004807197,0.1299036917,4.8071974102,0.0320681861,2.1878065238,14,0,0,37.0587250372,84.8812991617,0.3318426271,0.4809211678,0.0739877486,80.8127883326,219.2371038771,3,0,395.4879263277,691.0536951047,0.0000000000,0.0000000000,false,750.0000000000,774.0000000000,0.0027397260,1.3863013699
daily,SPY,2026-09-02,1530,essvi,ok,,81,41,0.0818431591,1.3496341040,0.2654427836,0.0000000000,0.0000000000,0.0100000000,0.0004547535,0.1001284885,4.5475347431,0.0309065934,1.4766199185,14,0,0,38.0747203880,81.3042478559,0.3297276708,0.5859557416,0.0721821393,118.4090966591,452.4654494546,3,0,326.5102377668,499.0240184059,0.0000000000,0.0000000000,false,750.0000000000,774.0000000000,0.0027397260,1.3863013699
daily,SPY,2026-09-02,1530,essvi_g05,ok,,81,41,0.0100000000,1.5833040175,0.2853022879,0.0249924721,0.0000000000,0.0100000000,0.0006220769,0.2804183493,6.2207693919,0.0484158214,2.9900000000,14,0,0,25.2700471845,64.1167435611,0.2242977611,0.5365744159,0.0424672142,101.0376759113,410.4903518997,3,0,294.0489889676,494.7812071867,0.0249924721,0.0000000000,false,750.0000000000,774.0000000000,0.0027397260,1.3863013699
daily,SPY,2026-09-02,1530,essvi_gfree,ok,,81,41,0.0100000000,1.6901744394,0.2754747685,0.0045167118,0.0000000000,0.0100000000,0.0006340760,0.3720269485,6.3407604431,0.0421491492,2.5288482516,14,0,0,32.9230008839,72.0288117083,0.3201239787,0.5205049198,0.0566903271,98.8856066846,412.8655919127,4,0,330.8677336437,491.3948970653,0.0045167118,0.0000000000,false,750.0000000000,774.0000000000,0.0027397260,1.3863013699
daily,SPY,2026-09-02,1530,essvi_sg05,ok,,81,41,0.0100000000,2.2003983333,0.2835121595,0.0141523637,0.0000000000,0.0100000000,0.0005729422,0.2139780199,5.7294219039,0.0504207710,2.3278352996,14,0,0,31.6257872543,105.3899494543,0.2896739367,0.4904892095,0.0501023219,119.0735912278,386.0542307462,3,0,481.0890466783,927.7272876114,0.0141523637,0.0000000000,false,750.0000000000,774.0000000000,0.0027397260,1.3863013699
daily,SPY,2026-09-03,1530,svi,ok,,81,41,0.0100000000,1.9440877350,0.2974529283,0.0078289672,0.0000000000,0.0100000000,0.0007139293,0.1140462933,7.1392929345,0.0348472673,1.7438691959,14,0,0,85.6612459860,249.0004685681,0.6996354065,1.1221295668,0.1925683538,93.9184566101,216.5172906010,4,0,234.1735728998,322.3878569595,0.0078289672,0.0000000000,false,755.0000000000,783.0000000000,0.0027397260,1.3835616438
daily,SPY,2026-09-03,1530,ssvi,ok,,81,41,0.0782593886,1.3404239012,0.2803585535,0.0000000000,0.0000000000,0.0100000000,0.0004743182,0.1257231323,4.7431824007,0.0288803004,2.5554656980,14,0,0,85.9455256196,200.9384128822,0.7821947162,1.2106546597,0.1851411683,122.7717878743,364.6917644772,4,0,290.3264303405,462.7250920090,0.0000000000,0.0000000000,false,755.0000000000,783.0000000000,0.0027397260,1.3835616438
daily,SPY,2026-09-03,1530,essvi,ok,,81,41,0.0100000000,1.4051598324,0.2603675287,0.0337247817,0.0000000000,0.0100000000,0.0005274143,0.1064101750,5.2741427005,0.0361021006,1.6810445471,14,0,0,82.3555469240,176.0658260245,0.7681405039,1.1748902869,0.1498697870,175.3928316347,546.3598947623,4,0,264.8475360998,341.7685448169,0.0337247817,0.0000000000,false,755.0000000000,783.0000000000,0.0027397260,1.3835616438
daily,SPY,2026-09-03,1530,essvi_g05,ok,,81,41,0.0100000000,1.6035601797,0.2808845821,0.0156579344,0.0000000000,0.0100000000,0.0006150068,0.2698386049,6.1500680701,0.0501110072,1.4114849806,14,0,0,62.9587870281,161.5846760219,0.5202077853,0.9182290602,0.1277474015,137.9592583850,515.5469404140,4,0,275.9889332509,363.5599863983,0.0156579344,0.0000000000,false,755.0000000000,783.0000000000,0.0027397260,1.3835616438
daily,SPY,2026-09-03,1530,essvi_gfree,ok,,81,41,0.0100000000,1.6905825991,0.2757376088,0.0081300813,0.0000000000,0.0100000000,0.0006236078,0.3551855781,6.2360780032,0.0516852274,1.5032111775,14,0,0,72.9631201164,158.6701925797,0.6867604373,1.0278929357,0.1413083186,129.7420086861,493.8816460790,4,0,270.9400824011,382.8252870637,0.0081300813,0.0000000000,false,755.0000000000,783.0000000000,0.0027397260,1.3835616438
daily,SPY,2026-09-03,1530,essvi_sg05,ok,,81,41,0.0100000000,1.5811740108,0.2786413078,0.0048178260,0.0000000000,0.0100000000,0.0005111131,0.2150909771,5.1111314782,0.0374012935,1.3874938930,14,0,0,81.6128826434,202.1751238629,0.7567689414,1.2020312851,0.1593924925,135.6253095572,401.5163509845,4,0,308.1008085573,399.3717553634,0.0048178260,0.0000000000,false,755.0000000000,783.0000000000,0.0027397260,1.3835616438
daily,SPY,2026-09-04,1530,svi,ok,,81,41,0.0100000000,2.0078879197,0.2807246953,0.0231857874,0.0006022282,0.0100000000,0.0027585011,2.5612176543,27.5850111849,0.0264429906,1.7728527285,14,0,0,46.0626659397,105.9001004305,0.4040903627,0.7339706545,0.1005699930,54.3456638240,159.0491242033,4,0,124.0910200625,157.0187069587,0.0231857874,0.0006022282,false,734.0000000000,779.0000000000,0.0109589041,1.3808219178
daily,SPY,2026-09-04,1530,ssvi,ok,,81,41,0.0544891038,0.6683123846,0.2662458829,0.0000000000,0.0000000000,0.0100000000,0.0003999339,0.0667168244,3.9993386661,0.0177806199,0.4333890576,14,0,0,44.4707726872,94.8207920631,0.4146783315,0.7297351699,0.0935682817,88.2096403905,262.8776226560,5,0,94.3624488072,122.9262238409,0.0000000000,0.0000000000,false,734.0000000000,779.0000000000,0.0109589041,1.3808219178
daily,SPY,2026-09-04,1530,essvi,ok,,81,41,0.0507691945,0.9202144798,0.2589415239,0.0000000000,0.0000000000,0.0100000000,0.0004649079,0.1223115660,4.6490792979,0.0240820784,0.7054375513,14,0,0,46.2322253313,78.2352964778,0.4729657569,0.8941691033,0.0881062609,123.2859184549,444.8643256159,5,0,84.1639271788,113.9108729297,0.0000000000,0.0000000000,false,734.0000000000,779.0000000000,0.0109589041,1.3808219178
daily,SPY,2026-09-04,1530,essvi_g05,ok,,81,41,0.0100000000,0.9299141852,0.2774578378,0.0063233966,0.0000000000,0.0100000000,0.0005757725,0.1433124029,5.7577245296,0.0271566975,1.4286912475,14,0,0,34.9164261846,61.2329164627,0.3735428300,0.7852154570,0.0649403416,107.2837934810,397.2036958000,5,0,59.0613867768,98.9892053399,0.0063233966,0.0000000000,false,734.0000000000,779.0000000000,0.0109589041,1.3808219178
daily,SPY,2026-09-04,1530,essvi_gfree,ok,,81,41,0.0100000000,0.9417435994,0.2605599270,0.0096356519,0.0000000000,0.0100000000,0.0005059993,0.1693204577,5.0599926356,0.0288162562,0.7223814327,14,0,0,30.8625616514,53.0190970689,0.3280817164,0.6647144303,0.0556770232,99.1106791153,385.1815775294,5,0,47.7978549187,89.9681764355,0.0096356519,0.0000000000,false,734.0000000000,779.0000000000,0.0109589041,1.3808219178
daily,SPY,2026-09-04,1530,essvi_sg05,ok,,81,41,0.0100000000,0.9637677576,0.2584841284,0.0102378802,0.0000000000,0.0100000000,0.0004373848,0.0996531650,4.3738477526,0.0229545410,0.6869049059,14,0,0,33.3152490902,63.9595475173,0.3380190655,0.6484545758,0.0607823342,110.1258018607,410.1694763018,5,0,96.5772039474,125.2684694883,0.0102378802,0.0000000000,false,734.0000000000,779.0000000000,0.0109589041,1.3808219178
daily,SPY,2026-09-08,1530,svi,ok,,81,41,0.0100000000,2.5306283023,0.2823621776,0.0192713038,0.0000000000,0.0100000000,0.0013229836,1.0851112290,13.2298359335,0.0354666371,2.2056718536,15,0,0,57.6655130877,171.1266901509,0.4331812013,0.8032216336,0.2114858218,78.0227470480,299.0961240946,3,0,312.1126793020,453.8500023839,0.0192713038,0.0000000000,false,748.0000000000,775.0000000000,0.0027397260,1.3698630137
daily,SPY,2026-09-08,1530,ssvi,ok,,81,41,0.0842581044,1.2812032336,0.2753060897,0.0000000000,0.0000000000,0.0100000000,0.0004468012,0.1320616543,4.4680117305,0.0264019857,0.9666035053,15,0,0,53.1394097032,138.9510200016,0.3650941969,0.8350844624,0.1501751494,90.0289115967,281.7118281820,3,0,357.6589039683,572.5321015650,0.0000000000,0.0000000000,false,748.0000000000,775.0000000000,0.0027397260,1.3698630137
daily,SPY,2026-09-08,1530,essvi,ok,,81,41,0.0100000000,1.4225819144,0.2559136797,0.0132490214,0.0000000000,0.0100000000,0.0004775626,0.1270615613,4.7756262954,0.0326117305,1.9582721406,15,0,0,54.0598907268,125.0911914007,0.3889716857,0.8401960900,0.1351519595,126.0587023524,447.1121456738,3,0,358.0203183181,560.6933120977,0.0132490214,0.0000000000,false,748.0000000000,775.0000000000,0.0027397260,1.3698630137
daily,SPY,2026-09-08,1530,essvi_g05,ok,,81,41,0.0100000000,1.5815971113,0.2841728235,0.0135501355,0.0000000000,0.0100000000,0.0006263943,0.2865642505,6.2639434627,0.0410794549,1.2887060887,15,0,0,40.5275794608,75.8918577062,0.3501593984,0.7149112990,0.0954575807,122.7715146770,367.7687479733,3,0,345.1214676506,568.4491962482,0.0135501355,0.0000000000,false,748.0000000000,775.0000000000,0.0027397260,1.3698630137
daily,SPY,2026-09-08,1530,essvi_gfree,ok,,81,41,0.0100000000,1.6442785681,0.2768352135,0.0114423366,0.0000000000,0.0100000000,0.0006284453,0.3506242985,6.2844532834,0.0442090331,1.3485316651,15,0,0,73.2959787181,141.0305220508,0.5153646317,1.1076931882,0.2141389836,133.9572887136,433.3553447217,3,0,361.0835608559,556.9646946756,0.0114423366,0.0000000000,false,748.0000000000,775.0000000000,0.0027397260,1.3698630137
daily,SPY,2026-09-08,1530,essvi_sg05,ok,,81,41,0.0100000000,1.5399978975,0.2679559705,0.0012044565,0.0000000000,0.0100000000,0.0004840933,0.2151256215,4.8409330420,0.0436590520,1.2486507790,15,0,0,51.6190200967,144.1773640483,0.3879283897,0.8124607856,0.1264774517,98.3443890187,326.1071771436,3,0,361.4179948765,566.0741444636,0.0012044565,0.0000000000,false,748.0000000000,775.0000000000,0.0027397260,1.3698630137
daily,SPY,2026-09-09,1530,svi,ok,,81,41,0.0100000000,3.0000000000,0.2830527735,0.0216802168,0.0006022282,0.0100000000,0.0053761181,4.8611185145,53.7611809587,0.0416643747,2.6792713918,15,0,0,63.3895297750,183.2752244322,0.5243803245,0.9277458643,0.2513863611,74.6635960847,268.8126101573,3,0,456.5301602985,660.2143398791,0.0216802168,0.0006022282,false,734.0000000000,772.0000000000,0.0027397260,1.3671232877
daily,SPY,2026-09-09,1530,ssvi,ok,,81,41,0.0861237813,1.4268891044,0.2762296696,0.0000000000,0.0000000000,0.0100000000,0.0004453932,0.1236032077,4.4539317140,0.0254070632,1.0212113659,15,0,0,64.1679234481,158.5808066269,0.5366988715,0.9686221999,0.1626335563,92.8845200535,302.4281207949,4,0,457.7200563561,867.7349330662,0.0000000000,0.0000000000,false,734.0000000000,772.0000000000,0.0027397260,1.3671232877
daily,SPY,2026-09-09,1530,essvi,ok,,81,41,0.0100000000,1.6597283547,0.2572974952,0.0183679615,0.0000000000,0.0100000000,0.0004743793,0.1294220930,4.7437932468,0.0352563616,1.3055381001,15,0,0,53.6318262290,135.9870283028,0.3880502996,0.9723026782,0.1431722883,120.1052945667,459.1200072976,4,0,412.9416391497,734.2850375772,0.0183679615,0.0000000000,false,734.0000000000,772.0000000000,0.0027397260,1.3671232877
daily,SPY,2026-09-09,1530,essvi_g05,ok,,81,41,0.0100000000,1.7891803696,0.2782718590,0.0063233966,0.0000000000,0.0100000000,0.0005995318,0.2867006910,5.9953176664,0.0402984381,1.4267085018,15,0,0,39.4246182224,96.5710657034,0.2641520806,0.7471007042,0.1054413426,123.0352344505,365.3162837396,4,0,336.5636938889,660.2586096490,0.0063233966,0.0000000000,false,734.0000000000,772.0000000000,0.0027397260,1.3671232877
daily,SPY,2026-09-09,1530,essvi_gfree,ok,,81,41,0.0100000000,1.8436356912,0.2709736729,0.0066245107,0.0000000000,0.0100000000,0.0005817934,0.3679871986,5.8179339715,0.0423917178,1.4840396283,15,0,0,18.4993742244,46.8767987215,0.2150061907,0.7658530208,0.0372515248,86.8645400671,289.4352658808,4,0,289.6152029675,671.0403520210,0.0066245107,0.0000000000,false,734.0000000000,772.0000000000,0.0027397260,1.3671232877
daily,SPY,2026-09-09,1530,essvi_sg05,ok,,81,41,0.0649773853,1.7342633341,0.2747993464,0.0000000000,0.0000000000,0.0100000000,0.0004989059,0.2034319674,4.9890586926,0.0428275278,1.3728494535,15,0,0,85.8522301110,175.5140829110,0.7927239992,1.5873173878,0.1953798269,171.7077580347,435.5169912346,3,0,507.3298358080,759.2931699594,0.0000000000,0.0000000000,false,734.0000000000,772.0000000000,0.0027397260,1.3671232877
daily,SPY,2026-09-10,1530,svi,ok,,81,41,0.0100000000,3.0000000000,0.2839023803,0.0325203252,0.0000000000,0.0100000000,0.0015241494,1.4205120994,15.2414941466,0.0439057383,2.6013839559,15,0,0,73.8530315540,138.3400423110,0.6843703120,1.2895945192,0.3822252608,77.4108316024,205.7640146585,6,0,226.1528987342,410.9033792251,0.0325203252,0.0000000000,false,710.0000000000,774.0000000000,0.0027397260,1.3643835616
daily,SPY,2026-09-10,1530,ssvi,ok,,81,41,0.0866226530,1.7740570076,0.2779548263,0.0000000000,0.0000000000,0.0100000000,0.0004414113,0.1092337599,4.4141128103,0.0284529657,1.3205732606,15,0,0,40.4868188523,70.8670914282,0.3634447131,0.6403509884,0.0956381243,74.2769277084,220.6843512958,6,0,259.3549028722,619.2284099837,0.0000000000,0.0000000000,false,710.0000000000,774.0000000000,0.0027397260,1.3643835616
daily,SPY,2026-09-10,1530,essvi,ok,,81,41,0.0100000000,2.0306359255,0.2726952498,0.0081300813,0.0000000000,0.0100000000,0.0004635442,0.0946394674,4.6354423823,0.0375594480,1.6282372622,15,0,0,45.0941940856,113.6470470570,0.4073858023,0.7361206186,0.0946827918,102.9710867816,419.6035051809,6,0,253.2431834107,453.4367669401,0.0081300813,0.0000000000,false,710.0000000000,774.0000000000,0.0027397260,1.3643835616
daily,SPY,2026-09-10,1530,essvi_g05,ok,,81,41,0.0100000000,2.1858167305,0.2995062523,0.0060222824,0.0000000000,0.0100000000,0.0006440324,0.2641693398,6.4403244624,0.0531154408,1.7737136688,15,0,0,44.5540170591,73.9761964256,0.4815574077,1.3680654662,0.0924024940,101.8982837629,349.9157170340,6,0,216.8865643333,461.3024730523,0.0060222824,0.0000000000,false,710.0000000000,774.0000000000,0.0027397260,1.3643835616
daily,SPY,2026-09-10,1530,essvi_gfree,ok,,81,41,0.0100000000,2.2557159035,0.2794666407,0.0066245107,0.0000000000,0.0100000000,0.0006035142,0.3650619055,6.0351424529,0.0437832182,1.8582422346,15,0,0,17.2925934078,42.1656431002,0.1561151421,0.4818238985,0.0376323948,82.3686499125,325.8682423902,6,0,233.8788958359,578.7330316215,0.0066245107,0.0000000000,false,710.0000000000,774.0000000000,0.0027397260,1.3643835616
daily,SPY,2026-09-10,1530,essvi_sg05,ok,,81,41,0.0100000000,2.1321889386,0.2774093970,0.0012044565,0.0000000000,0.0100000000,0.0004735237,0.1691694037,4.7352367488,0.0454141588,1.7230965288,15,0,0,30.2921453604,117.2173312254,0.2716349696,0.5660995473,0.0575480407,99.5462270341,319.8406352202,6,0,293.4058124450,643.3111876139,0.0012044565,0.0000000000,false,710.0000000000,774.0000000000,0.0027397260,1.3643835616
daily,SPY,2026-09-11,1530,svi,ok,,81,41,0.0100000000,3.0000000000,0.2762592100,0.0180668473,0.0006022282,0.0100000000,0.0034654570,4.0577443191,34.6545703058,0.0281899728,2.7274396441,14,0,0,23.5997580630,43.2688735981,0.2782205864,0.6267912023,0.0422313975,54.5270708505,125.5763220476,4,0,266.2729360711,513.8579003825,0.0180668473,0.0006022282,false,715.0000000000,773.0000000000,0.0082191781,1.3616438356
daily,SPY,2026-09-11,1530,ssvi,ok,,81,41,0.0633626511,0.8032996675,0.2670980892,0.0000000000,0.0000000000,0.0100000000,0.0004046938,0.0735917136,4.0469381207,0.0192538952,0.4766148824,14,0,0,16.3570075636,55.6377762725,0.1768768904,0.4487290452,0.0271733473,41.4415618616,108.4776105947,5,0,274.5489256002,481.3803702156,0.0000000000,0.0000000000,false,715.0000000000,773.0000000000,0.0082191781,1.3616438356
daily,SPY,2026-09-11,1530,essvi,ok,,81,41,0.0626537012,1.2310361729,0.2575798299,0.0000000000,0.0000000000,0.0100000000,0.0004880161,0.1763312592,4.8801612560,0.0271750001,1.7572439511,14,0,0,19.2382742165,48.0448510521,0.1747365227,0.4114782626,0.0373850786,80.3745632162,283.0434879061,5,0,234.2014830255,442.9736364417,0.0000000000,0.0000000000,false,715.0000000000,773.0000000000,0.0082191781,1.3616438356
daily,SPY,2026-09-11,1530,essvi_g05,ok,,81,41,0.0100000000,1.2243718324,0.2829557234,0.0129479073,0.0000000000,0.0100000000,0.0006395209,0.1709547814,6.3952090301,0.0339575333,0.8882488807,14,0,0,26.7305422250,51.5969452819,0.3531147592,0.9562687241,0.0487333251,108.5216038835,320.4400577709,5,0,181.4956309186,324.1521460076,0.0129479073,0.0000000000,false,715.0000000000,773.0000000000,0.0082191781,1.3616438356
daily,SPY,2026-09-11,1530,essvi_gfree,ok,,81,41,0.0100000000,1.2243183926,0.2604983943,0.0072267389,0.0000000000,0.0100000000,0.0005063439,0.1710587691,5.0634391664,0.0298536964,1.0013233679,14,0,0,24.0248967636,43.8521108117,0.3201719941,0.7922082219,0.0421021345,94.2808726635,319.1864635613,5,0,181.3450172853,324.8097310049,0.0072267389,0.0000000000,false,715.0000000000,773.0000000000,0.0082191781,1.3616438356
daily,SPY,2026-09-11,1530,essvi_sg05,ok,,81,41,0.0100000000,1.1838545829,0.2583147999,0.0201746462,0.0000000000,0.0100000000,0.0004543503,0.0879155496,4.5435027762,0.0252662802,1.2652940172,14,0,0,10.3904179369,29.2375047798,0.1095069582,0.2379637438,0.0179245808,88.9842443537,292.8195027909,5,0,292.3106392297,502.0418387810,0.0201746462,0.0000000000,false,715.0000000000,773.0000000000,0.0082191781,1.3616438356
daily,TSLA,2026-08-14,1530,svi,ok,,81,41,0.2210699017,2.0824536051,0.5204023232,0.0000000000,0.0000000000,0.0100000000,0.0002380923,0.0481723271,2.3809229295,0.0314972277,1.2986069113,15,0,0,50.9910442284,127.7141930049,0.2284457156,0.3544826509,0.0233888001,94.8882637596,305.3711940163,7,0,503.4204563041,1268.8595062966,0.0000000000,0.0000000000,false,305.0000000000,390.0000000000,0.0082191781,1.4383561644
daily,TSLA,2026-08-14,1530,ssvi,ok,,81,41,0.2570732518,0.9936929206,0.5014437645,0.0000000000,0.0000000000,0.0100000000,0.0001232543,0.0161438162,1.2325433673,0.0193713855,0.4766496629,15,0,0,21.2496286699,54.2703175548,0.1058731394,0.2746256336,0.0092530741,31.0338075040,123.6924198593,7,0,494.2278577949,1150.3373600802,0.0000000000,0.0000000000,false,305.0000000000,390.0000000000,0.0082191781,1.4383561644
daily,TSLA,2026-08-14,1530,essvi,ok,,81,41,0.2401042130,1.7238383456,0.5119124822,0.0000000000,0.0000000000,0.0100000000,0.0001675947,0.0491187220,1.6759469655,0.0262786332,2.0407745393,15,0,0,27.5340834290,87.3169386926,0.1042646202,0.2406470103,0.0128091601,29.3786025510,138.5097057471,7,0,423.1718185528,1044.6274088258,0.0000000000,0.0000000000,false,305.0000000000,390.0000000000,0.0082191781,1.4383561644
daily,TSLA,2026-08-14,1530,essvi_g05,ok,,81,41,0.2395321011,1.6984445635,0.5167451610,0.0000000000,0.0000000000,0.0100000000,0.0002414781,0.0464748211,2.4147814071,0.0351740741,2.0560611129,15,0,0,32.9515585028,79.7506086068,0.1598213045,0.3053387627,0.0148228345,162.8912882283,280.3692268998,7,0,371.1802444580,865.8885135029,0.0000000000,0.0000000000,false,305.0000000000,390.0000000000,0.0082191781,1.4383561644
daily,TSLA,2026-08-14,1530,essvi_gfree,ok,,81,41,0.1721683945,1.8699741880,0.5191422249,0.0000000000,0.0000000000,0.0100000000,0.0002368974,0.1235754397,2.3689741009,0.0287645172,1.2108311028,15,0,0,23.7111915561,45.1401278005,0.1316780928,0.2352753410,0.0098056818,66.0819160520,195.3755017714,7,0,388.8184967662,1001.9299377436,0.0000000000,0.0000000000,false,305.0000000000,390.0000000000,0.0082191781,1.4383561644
daily,TSLA,2026-08-14,1530,essvi_sg05,ok,,81,41,0.2517862556,1.4341491692,0.5043493462,0.0000000000,0.0000000000,0.0100000000,0.0001290297,0.0196202188,1.2902965791,0.0251885601,1.2249480488,15,0,0,20.7896445019,64.2890181250,0.1126502440,0.2792483937,0.0084559351,38.1336490443,194.7106537768,7,0,500.0844665152,1161.0928847819,0.0000000000,0.0000000000,false,305.0000000000,390.0000000000,0.0082191781,1.4383561644
daily,TSLA,2026-08-17,1530,svi,ok,,81,41,0.3153280541,2.6872037367,0.5307965337,0.0000000000,0.0000000000,0.0100000000,0.0002632986,0.0512587984,2.6329857531,0.0355913145,1.8400426753,15,0,0,37.0366927755,79.7075275398,0.2977107860,0.7668007580,0.0119989044,95.6254944833,234.8635298368,11,0,256.6183753334,1307.1121286576,0.0000000000,0.0000000000,false,295.0000000000,400.0000000000,0.0054794521,1.4301369863
daily,TSLA,2026-08-17,1530,ssvi,ok,,81,41,0.3748934501,1.3252055507,0.5064959880,0.0000000000,0.0000000000,0.0100000000,0.0001297076,0.0161073236,1.2970759317,0.0211949979,0.9221351633,15,0,0,53.6209617195,84.9830327803,0.3701329616,0.8175504250,0.0186167764,42.9503775996,89.5866216593,11,0,201.0640514980,676.0437358148,0.0000000000,0.0000000000,false,295.0000000000,400.0000000000,0.0054794521,1.4301369863
daily,TSLA,2026-08-17,1530,essvi,ok,,81,41,0.3562035660,2.1949046390,0.5203999741,0.0000000000,0.0000000000,0.0100000000,0.0001837790,0.0480654269,1.8377897321,0.0291457011,1.3746105970,15,0,0,86.6664619241,119.6013171010,0.5512904152,1.0267554451,0.0312506949,67.5549236480,114.9142216917,11,0,291.3359708411,938.4481340488,0.0000000000,0.0000000000,false,295.0000000000,400.0000000000,0.0054794521,1.4301369863
daily,TSLA,2026-08-17,1530,essvi_g05,ok,,81,41,0.3250935776,2.1685659342,0.5260217018,0.0000000000,0.0000000000,0.0100000000,0.0002607778,0.0482820903,2.6077775126,0.0386019492,1.7836850910,15,0,0,122.0382885337,173.9894602865,0.7515109080,1.3578183056,0.0474666816,289.7726051107,395.9088536015,11,0,321.3211073650,926.3397250137,0.0000000000,0.0000000000,false,295.0000000000,400.0000000000,0.0054794521,1.4301369863
daily,TSLA,2026-08-17,1530,essvi_gfree,ok,,81,41,0.2723445263,2.3678342496,0.5280981469,0.0000000000,0.0000000000,0.0100000000,0.0002460854,0.1055867826,2.4608542221,0.0325241039,1.5391845855,15,0,0,91.2588926672,125.3643421159,0.6037930767,1.2063680055,0.0332798505,146.5386780379,245.2067962252,11,0,249.6348713230,829.7969352328,0.0000000000,0.0000000000,false,295.0000000000,400.0000000000,0.0054794521,1.4301369863
daily,TSLA,2026-08-17,1530,essvi_sg05,ok,,81,41,0.3681202358,1.7892304837,0.5098592975,0.0000000000,0.0000000000,0.0100000000,0.0001379455,0.0201463999,1.3794553156,0.0250895572,1.0882728813,15,0,0,55.8968692629,87.5443398772,0.3910587856,0.8436631520,0.0191461535,45.2075892980,97.4404156443,11,0,195.2696422033,650.7956183531,0.0000000000,0.0000000000,false,295.0000000000,400.0000000000,0.0054794521,1.4301369863
daily,TSLA,2026-08-18,1530,svi,ok,,81,41,0.0100000000,2.8283405095,0.5197087903,0.0009033424,0.0000000000,0.0100000000,0.0002556096,0.0822427038,2.5560957599,0.0368097451,1.9883960192,15,0,0,72.6742621052,147.1140761013,0.3395158747,0.5745105723,0.0300741243,43.4680031295,135.9305570015,6,0,705.5644819773,2145.2805382583,0.0009033424,0.0000000000,false,315.0000000000,365.0000000000,0.0027397260,1.4273972603
daily,TSLA,2026-08-18,1530,ssvi,ok,,81,41,0.3891959655,1.6773603401,0.5101893622,0.0000000000,0.0000000000,0.0100000000,0.0001432604,0.0273698332,1.4326044526,0.0261746788,0.9723628142,15,0,0,74.8776021665,144.1339834683,0.3635647385,0.5379894631,0.0290233503,96.3740270776,253.4982141723,6,0,812.7568599039,1635.4915162814,0.0000000000,0.0000000000,false,315.0000000000,365.0000000000,0.0027397260,1.4273972603
daily,TSLA,2026-08-18,1530,essvi,ok,,81,41,0.3751981896,2.2990529628,0.5121993277,0.0000000000,0.0000000000,0.0100000000,0.0001565176,0.0321498537,1.5651757971,0.0293762633,1.4838400246,15,0,0,54.5370020406,105.9831018696,0.2671524938,0.3867150435,0.0204411306,90.7800432428,274.7897260816,6,0,890.7956676441,1879.8717895268,0.0000000000,0.0000000000,false,315.0000000000,365.0000000000,0.0027397260,1.4273972603
daily,TSLA,2026-08-18,1530,essvi_g05,ok,,81,41,0.3149466002,2.6716425691,0.5278468137,0.0000000000,0.0000000000,0.0100000000,0.0002866153,0.0866135720,2.8661528522,0.0461583289,1.8585327404,15,0,0,52.7262877326,88.8257020856,0.2572580628,0.4998624374,0.0208994940,135.1350214012,237.3895320804,6,0,840.8750904633,1828.8244103085,0.0000000000,0.0000000000,false,315.0000000000,365.0000000000,0.0027397260,1.4273972603
daily,TSLA,2026-08-18,1530,essvi_gfree,ok,,81,41,0.2966156830,2.9378146561,0.5316006678,0.0000000000,0.0000000000,0.0100000000,0.0003024878,0.1798209272,3.0248775132,0.0441886071,2.1007429162,15,0,0,73.6476652847,135.0742552425,0.3568575461,0.5648920353,0.0288391709,58.5035126904,199.9290875442,6,0,814.9394605893,1787.2263019371,0.0000000000,0.0000000000,false,315.0000000000,365.0000000000,0.0027397260,1.4273972603
daily,TSLA,2026-08-18,1530,essvi_sg05,ok,,81,41,0.3541490650,2.3230618199,0.5157411069,0.0000000000,0.0000000000,0.0100000000,0.0001570861,0.0337902891,1.5708610479,0.0322341177,1.5937873914,15,0,0,72.8796452978,174.1856534492,0.3496617925,0.5749799163,0.0282182563,99.8456505831,292.0579469808,6,0,802.3090642055,1669.2784952985,0.0000000000,0.0000000000,false,315.0000000000,365.0000000000,0.0027397260,1.4273972603
daily,TSLA,2026-08-19,1530,svi,ok,,81,41,0.3315662873,3.0000000000,0.5406193042,0.0090334237,0.0000000000,0.0100000000,0.0005368613,0.3858758577,5.3686128869,0.0399003754,2.2224630427,15,0,0,69.4445510965,117.2559036029,0.3929736448,0.5896797538,0.0261598529,49.9713965865,124.3116447016,11,0,543.1398684603,3146.6817705079,0.0090334237,0.0000000000,false,280.0607445344,420.0000000000,0.0054794521,1.4246575342
daily,TSLA,2026-08-19,1530,ssvi,ok,,81,41,0.3890234389,1.4324264317,0.5110798694,0.0000000000,0.0000000000,0.0100000000,0.0001283484,0.0144606821,1.2834836632,0.0227500870,1.0459623591,15,0,0,105.5080743543,186.0474876181,0.5733980931,0.7940109698,0.0390876572,123.9216032576,335.6097258578,11,0,491.3452578962,1618.7201338305,0.0000000000,0.0000000000,false,280.0607445344,420.0000000000,0.0054794521,1.4246575342
daily,TSLA,2026-08-19,1530,essvi,ok,,81,41,0.3778680354,2.3838808054,0.5275773336,0.0000000000,0.0000000000,0.0100000000,0.0001848928,0.0460438835,1.8489276295,0.0337489266,2.0967513646,15,0,0,97.7289180779,170.7531810091,0.5338985652,0.7087544123,0.0355558091,127.2946303136,354.8810768165,11,0,570.6875621160,2138.3333446746,0.0000000000,0.0000000000,false,280.0607445344,420.0000000000,0.0054794521,1.4246575342
daily,TSLA,2026-08-19,1530,essvi_g05,ok,,81,41,0.3500465637,2.3105224625,0.5314161996,0.0000000000,0.0000000000,0.0100000000,0.0002519190,0.0412182872,2.5191898901,0.0419714728,2.1019520054,15,0,0,109.2691075526,181.8650230278,0.6073829290,0.8406240274,0.0420868015,109.6931014167,219.7125165853,11,0,607.5674594616,2266.9865352006,0.0000000000,0.0000000000,false,280.0607445344,420.0000000000,0.0054794521,1.4246575342
daily,TSLA,2026-08-19,1530,essvi_gfree,ok,,81,41,0.3247816686,2.5313194070,0.5330578164,0.0000000000,0.0000000000,0.0100000000,0.0002289360,0.0871215213,2.2893601453,0.0339818705,1.7926468004,15,0,0,135.8524921008,233.4098830765,0.7371522602,0.9292972476,0.0513888465,90.9107481071,314.9123559276,11,0,568.8530260395,2034.6498238956,0.0000000000,0.0000000000,false,280.0607445344,420.0000000000,0.0054794521,1.4246575342
daily,TSLA,2026-08-19,1530,essvi_sg05,ok,,81,41,0.3272616242,1.8773862237,0.5148642451,0.0000000000,0.0000000000,0.0100000000,0.0001349848,0.0178191935,1.3498478993,0.0285637863,1.9707403179,15,0,0,99.0782200024,208.9474329639,0.5327239735,0.7262723381,0.0367950402,119.1638457812,284.7471492864,11,0,487.8696765177,1756.9282668565,0.0000000000,0.0000000000,false,280.0607445344,420.0000000000,0.0054794521,1.4246575342
daily,TSLA,2026-08-20,1530,svi,ok,,81,41,0.0100000000,3.0000000000,0.5431592693,0.0054200542,0.0000000000,0.0100000000,0.0004420319,0.1092048055,4.4203193845,0.0495670974,2.3422883592,15,0,0,104.3089089326,174.4302091483,0.5905494212,0.8434906672,0.0399388321,70.5320969663,133.6702932902,7,0,190.5127965058,607.8100413123,0.0054200542,0.0000000000,false,307.5000000000,380.0000000000,0.0027397260,1.4219178082
daily,TSLA,2026-08-20,1530,ssvi,ok,,81,41,0.3908736525,1.6590954907,0.5170218514,0.0000000000,0.0000000000,0.0100000000,0.0001500870,0.0308128108,1.5008701043,0.0281976592,1.3046261897,15,0,0,120.1600935529,209.8224985911,0.6439217367,0.8280926551,0.0451833811,137.7894737215,296.3883063140,7,0,184.2094098412,360.6159165213,0.0000000000,0.0000000000,false,307.5000000000,380.0000000000,0.0027397260,1.4219178082
daily,TSLA,2026-08-20,1530,essvi,ok,,81,41,0.3758121802,2.7027316599,0.5355207636,0.0000000000,0.0000000000,0.0100000000,0.0002223344,0.0812356178,2.2233444236,0.0421718574,2.0815949717,15,0,0,137.8739600151,251.4993870088,0.7592914994,0.9835541568,0.0504074743,171.2879403538,443.2892191208,7,0,249.8553379241,541.2407635215,0.0000000000,0.0000000000,false,307.5000000000,380.0000000000,0.0027397260,1.4219178082
daily,TSLA,2026-08-20,1530,essvi_g05,ok,,81,41,0.3559242541,2.6598933497,0.5377315271,0.0000000000,0.0000000000,0.0100000000,0.0002807124,0.0805295880,2.8071241424,0.0481668394,2.0417935499,15,0,0,153.4523525422,273.7361925490,0.8518353902,1.1569043171,0.0586082823,113.8416734357,349.4454787091,7,0,287.9517804722,628.9143951854,0.0000000000,0.0000000000,false,307.5000000000,380.0000000000,0.0027397260,1.4219178082
daily,TSLA,2026-08-20,1530,essvi_gfree,ok,,81,41,0.3148381180,2.8806527740,0.5404294313,0.0000000000,0.0000000000,0.0100000000,0.0002883203,0.1535587247,2.8832032076,0.0458510820,2.2400856807,15,0,0,161.8175114643,289.8967205628,0.8952959933,1.1599859853,0.0608423300,116.5488900509,398.2948518500,7,0,262.4569239102,564.9371738804,0.0000000000,0.0000000000,false,307.5000000000,380.0000000000,0.0027397260,1.4219178082
daily,TSLA,2026-08-20,1530,essvi_sg05,ok,,81,41,0.2968037149,2.2447354967,0.5229918334,0.0000000000,0.0000000000,0.0100000000,0.0001674490,0.0390751558,1.6744900687,0.0355547837,1.6895177643,15,0,0,113.8533060498,220.3840341470,0.6053084464,0.7522808052,0.0428650258,131.8473322879,452.0690205873,7,0,174.9067564207,370.8981155148,0.0000000000,0.0000000000,false,307.5000000000,380.0000000000,0.0027397260,1.4219178082
daily,TSLA,2026-08-21,1530,svi,ok,,81,41,0.2521052702,2.3532717964,0.5204964520,0.0000000000,0.0000000000,0.0100000000,0.0002313473,0.0494023302,2.3134728146,0.0297654601,1.5357890831,15,0,0,30.0261039814,97.8847651304,0.1690184721,0.3163125014,0.0121403972,93.9666630925,327.5789061035,11,0,302.7545837148,1106.1442523312,0.0000000000,0.0000000000,false,315.0000000000,435.0000000000,0.0082191781,1.4191780822
daily,TSLA,2026-08-21,1530,ssvi,ok,,81,41,0.3084448031,1.0912200513,0.5010240788,0.0000000000,0.0000000000,0.0100000000,0.0001202677,0.0139165093,1.2026774677,0.0186365456,0.4486247046,15,0,0,42.4590530743,94.8780993095,0.2093975457,0.3212913726,0.0164596203,27.2163900103,79.8382142838,11,0,353.7846785161,1169.3189321486,0.0000000000,0.0000000000,false,315.0000000000,435.0000000000,0.0082191781,1.4191780822
daily,TSLA,2026-08-21,1530,essvi,ok,,81,41,0.2899248695,1.8394304395,0.5113517276,0.0000000000,0.0000000000,0.0100000000,0.0001586417,0.0398360250,1.5864168909,0.0239252615,1.0456052800,15,0,0,59.9233019838,138.5053249445,0.2973875734,0.4358705931,0.0227961902,38.6758071463,108.3089806293,11,0,320.1682969882,1056.8681171406,0.0000000000,0.0000000000,false,315.0000000000,435.0000000000,0.0082191781,1.4191780822
daily,TSLA,2026-08-21,1530,essvi_g05,ok,,81,41,0.2862657045,1.8006216444,0.5155042163,0.0000000000,0.0000000000,0.0100000000,0.0002249100,0.0382202090,2.2491004001,0.0314358438,1.0094288476,15,0,0,72.2144892816,177.2130871386,0.3493264146,0.5424739206,0.0291861193,191.9741222947,334.3297037648,11,0,306.6241258007,919.0230693492,0.0000000000,0.0000000000,false,315.0000000000,435.0000000000,0.0082191781,1.4191780822
daily,TSLA,2026-08-21,1530,essvi_gfree,ok,,81,41,0.2276802655,1.9628774194,0.5178955899,0.0000000000,0.0000000000,0.0100000000,0.0002068787,0.0809180222,2.0687867174,0.0269631044,1.7244052909,15,0,0,54.2544050763,130.3366042471,0.2859336912,0.4572057918,0.0211792125,83.4251154421,219.5522814027,11,0,313.2211231328,1069.5201949075,0.0000000000,0.0000000000,false,315.0000000000,435.0000000000,0.0082191781,1.4191780822
daily,TSLA,2026-08-21,1530,essvi_sg05,ok,,81,41,0.3098778278,1.5133884858,0.5057572348,0.0000000000,0.0000000000,0.0100000000,0.0001257293,0.0171081198,1.2572927420,0.0207884341,0.8001002591,15,0,0,40.4296697404,92.8572598201,0.1959822640,0.3132078410,0.0158116712,32.0879402427,104.5945775149,11,0,353.4572454669,1181.4745335367,0.0000000000,0.0000000000,false,315.0000000000,435.0000000000,0.0082191781,1.4191780822
daily,TSLA,2026-08-24,1538,svi,ok,,81,41,0.3231489011,3.0000000000,0.5312552350,0.0081300813,0.0000000000,0.0100000000,0.0003787951,0.1344761530,3.7879513402,0.0342796102,2.1925935002,15,0,0,52.7847965894,91.2559436958,0.2961257822,0.3712803811,0.0202816180,104.9526751078,284.5852722974,9,0,323.9120004434,937.6571429653,0.0081300813,0.0000000000,false,290.0000000000,397.5000000000,0.0054794521,1.4109589041
daily,TSLA,2026-08-24,1538,ssvi,ok,,81,41,0.3418967671,1.4037683726,0.5072259707,0.0000000000,0.0000000000,0.0100000000,0.0001261228,0.0149691797,1.2612281043,0.0218996935,2.1420559942,15,0,0,57.9091677508,104.0926982290,0.3152605980,0.3963070264,0.0216511001,39.8035157033,86.6345499371,9,0,264.9369531172,724.6599473660,0.0000000000,0.0000000000,false,290.0000000000,397.5000000000,0.0054794521,1.4109589041
daily,TSLA,2026-08-24,1538,essvi,ok,,81,41,0.3273176681,2.3346114384,0.5190433272,0.0000000000,0.0000000000,0.0100000000,0.0001687992,0.0366231601,1.6879924437,0.0281402772,1.4976280791,15,0,0,68.9819184136,128.4831961677,0.3783725294,0.4764441122,0.0254894408,46.8724759643,98.7226565694,9,0,331.5276421780,1138.1906179104,0.0000000000,0.0000000000,false,290.0000000000,397.5000000000,0.0054794521,1.4109589041
daily,TSLA,2026-08-24,1538,essvi_g05,ok,,81,41,0.2975567964,2.3312413776,0.5213243420,0.0000000000,0.0000000000,0.0100000000,0.0002312946,0.0396668589,2.3129458925,0.0353611839,1.4915781898,15,0,0,65.9958808024,129.1668716052,0.3510650736,0.5140721895,0.0263528536,210.9910809056,318.7303638245,9,0,382.4905222750,1248.0418013791,0.0000000000,0.0000000000,false,290.0000000000,397.5000000000,0.0054794521,1.4109589041
daily,TSLA,2026-08-24,1538,essvi_gfree,ok,,81,41,0.3139015136,2.4561087381,0.5237073432,0.0000000000,0.0000000000,0.0100000000,0.0002145971,0.0617947566,2.1459709819,0.0321885584,1.5981507891,15,0,0,52.2534174792,101.3908086246,0.2804840439,0.3991863946,0.0204349715,129.0857311865,233.6542533602,9,0,349.9285637473,1183.2083057466,0.0000000000,0.0000000000,false,290.0000000000,397.5000000000,0.0054794521,1.4109589041
daily,TSLA,2026-08-24,1538,essvi_sg05,ok,,81,41,0.3415529197,1.9971701663,0.5116647277,0.0000000000,0.0000000000,0.0100000000,0.0001331535,0.0188852803,1.3315353021,0.0247196403,1.2433201974,15,0,0,56.1700999194,100.7324873089,0.3068725007,0.3935465327,0.0210148552,46.2091780540,107.7037698616,9,0,253.4422165063,935.4346051802,0.0000000000,0.0000000000,false,290.0000000000,397.5000000000,0.0054794521,1.4109589041
daily,TSLA,2026-08-25,1530,svi,ok,,81,41,0.2727226161,2.8972367776,0.5205350596,0.0000000000,0.0000000000,0.0100000000,0.0002069495,0.0345854503,2.0694945474,0.0378109436,2.0081927950,15,0,0,105.3068049759,226.4685829396,0.4859316662,0.8581114572,0.0437393375,60.3119370271,277.8336003167,6,0,942.8098723260,2196.5957440350,0.0000000000,0.0000000000,false,327.5000000000,377.5000000000,0.0027397260,1.4082191781
daily,TSLA,2026-08-25,1530,ssvi,ok,,81,41,0.2952295423,1.6568322003,0.5076080732,0.0000000000,0.0000000000,0.0100000000,0.0001430543,0.0294366084,1.4305429038,0.0251143249,0.9913842540,15,0,0,62.2956556955,129.2744331317,0.2853446875,0.5085371829,0.0247700803,81.7194043739,231.1027449761,6,0,833.8972916351,1669.3418013729,0.0000000000,0.0000000000,false,327.5000000000,377.5000000000,0.0027397260,1.4082191781
daily,TSLA,2026-08-25,1530,essvi,ok,,81,41,0.2873419377,2.1896616940,0.5119592539,0.0000000000,0.0000000000,0.0100000000,0.0001553729,0.0346211742,1.5537291336,0.0298276117,1.5074298983,15,0,0,56.4081338416,114.4962040018,0.2815779037,0.4262956047,0.0215764613,85.2559459810,297.1650875062,6,0,878.9201002050,1940.9226512428,0.0000000000,0.0000000000,false,327.5000000000,377.5000000000,0.0027397260,1.4082191781
daily,TSLA,2026-08-25,1530,essvi_g05,ok,,81,41,0.2490620742,2.5246295121,0.5212874606,0.0000000000,0.0000000000,0.0100000000,0.0002555049,0.0786930783,2.5550489528,0.0416165160,1.8359238958,15,0,0,46.8205863466,78.4520788234,0.2606305461,0.3585621195,0.0182041626,128.9173851939,218.9756009354,6,0,871.5764441089,1937.3196258425,0.0000000000,0.0000000000,false,327.5000000000,377.5000000000,0.0027397260,1.4082191781
daily,TSLA,2026-08-25,1530,essvi_gfree,ok,,81,41,0.2514610043,2.6906110310,0.5241475819,0.0000000000,0.0000000000,0.0100000000,0.0002573029,0.1175984385,2.5730290129,0.0409289674,1.9890940235,15,0,0,55.0746141078,98.0923421803,0.2928339924,0.3903394017,0.0215568345,85.8034263401,166.4343082102,6,0,853.9320774285,1898.7631404522,0.0000000000,0.0000000000,false,327.5000000000,377.5000000000,0.0027397260,1.4082191781
daily,TSLA,2026-08-25,1530,essvi_sg05,ok,,81,41,0.2964423636,2.2363657217,0.5138614702,0.0000000000,0.0000000000,0.0100000000,0.0001584735,0.0375820622,1.5847347065,0.0319484146,1.5974179019,15,0,0,60.3353351805,129.2463570688,0.2713558560,0.5097049258,0.0241310821,81.5020106076,338.5017699092,6,0,824.6625633736,1827.4269003719,0.0000000000,0.0000000000,false,327.5000000000,377.5000000000,0.0027397260,1.4082191781
daily,TSLA,2026-08-26,1530,svi,ok,,81,41,0.3426516076,3.0000000000,0.5369208525,0.0048178260,0.0000000000,0.0100000000,0.0003428091,0.0576890674,3.4280911886,0.0445211733,2.3480162417,15,0,0,100.6047831747,199.8786823765,0.4691998522,0.7789511242,0.0418219211,59.4963344408,278.1380936073,10,0,603.7837922926,2342.8616316826,0.0048178260,0.0000000000,false,290.0619565183,400.0000000000,0.0054794521,1.4054794521
daily,TSLA,2026-08-26,1530,ssvi,ok,,81,41,0.3762123369,1.4202057256,0.5051288391,0.0000000000,0.0000000000,0.0100000000,0.0001270694,0.0138082773,1.2706943325,0.0232314852,1.2810486908,15,0,0,95.2019304194,178.3710340371,0.4683779150,0.6926684041,0.0373630008,110.2450698174,258.4490798537,10,0,576.8042974953,1753.1527292693,0.0000000000,0.0000000000,false,290.0619565183,400.0000000000,0.0054794521,1.4054794521
daily,TSLA,2026-08-26,1530,essvi,ok,,81,41,0.3662438023,2.1615315690,0.5233175652,0.0000000000,0.0000000000,0.0100000000,0.0001749865,0.0293934773,1.7498647134,0.0340081466,1.5513963473,15,0,0,86.3441287602,167.3883467006,0.4096146068,0.6498365395,0.0337114349,110.9316261077,335.5294047996,10,0,611.9990650362,2066.0485797515,0.0000000000,0.0000000000,false,290.0619565183,400.0000000000,0.0054794521,1.4054794521
daily,TSLA,2026-08-26,1530,essvi_g05,ok,,81,41,0.3265997942,2.1695631341,0.5238076891,0.0000000000,0.0000000000,0.0100000000,0.0002140176,0.0331285096,2.1401763872,0.0376261436,2.0115031119,15,0,0,79.7257051691,138.2267303464,0.3928915391,0.7588669965,0.0315821663,81.1161001914,180.9279925816,10,0,612.6489184968,2080.8108921023,0.0000000000,0.0000000000,false,290.0619565183,400.0000000000,0.0054794521,1.4054794521
daily,TSLA,2026-08-26,1530,essvi_gfree,ok,,81,41,0.3386553031,2.2810166864,0.5244516518,0.0000000000,0.0000000000,0.0100000000,0.0001994040,0.0470637293,1.9940398565,0.0355283098,1.6548889005,15,0,0,80.9674283705,151.8200674147,0.3875629984,0.6155623282,0.0323852572,53.6075254286,218.4072358605,10,0,589.0275045955,2003.3365030025,0.0000000000,0.0000000000,false,290.0619565183,400.0000000000,0.0054794521,1.4054794521
daily,TSLA,2026-08-26,1530,essvi_sg05,ok,,81,41,0.3304389520,1.9047223366,0.5102897705,0.0000000000,0.0000000000,0.0100000000,0.0001388903,0.0180223396,1.3889029460,0.0304750440,2.2182748934,15,0,0,92.0959381496,180.4056902283,0.4439488150,0.6903719176,0.0364686736,106.8388093064,373.1789194828,10,0,575.3337308363,1893.4785109708,0.0000000000,0.0000000000,false,290.0619565183,400.0000000000,0.0054794521,1.4054794521
daily,TSLA,2026-08-27,1530,svi,ok,,81,41,0.0100000000,2.7625742200,0.5283031352,0.0006022282,0.0000000000,0.0100000000,0.0003042919,0.1253995294,3.0429185300,0.0423982754,2.1754458416,15,0,0,115.9432254748,229.0932043772,0.5768856814,0.8396859209,0.0489666886,75.1893220800,315.2715367018,6,0,261.6052137305,542.7542725657,0.0006022282,0.0000000000,false,332.5000000000,382.5000000000,0.0027397260,1.4027397260
daily,TSLA,2026-08-27,1530,ssvi,ok,,81,41,0.3734166342,1.6479934060,0.5147706723,0.0000000000,0.0000000000,0.0100000000,0.0001435504,0.0274467627,1.4355044690,0.0291054889,1.1468822991,15,0,0,132.2782512291,243.2038817538,0.6743456670,0.9434051291,0.0532811914,150.9196833707,331.3216015323,6,0,264.1095546516,456.2999609437,0.0000000000,0.0000000000,false,332.5000000000,382.5000000000,0.0027397260,1.4027397260
daily,TSLA,2026-08-27,1530,essvi,ok,,81,41,0.2221037814,2.0835950457,0.5217731018,0.0000000000,0.0000000000,0.0100000000,0.0001650583,0.0253446097,1.6505831570,0.0353404992,1.5281705096,15,0,0,135.7073180157,249.7365026659,0.6972450302,0.9554838703,0.0537752459,165.7141897204,420.2367522117,6,0,238.1169909205,411.5548522214,0.0000000000,0.0000000000,false,332.5000000000,382.5000000000,0.0027397260,1.4027397260
daily,TSLA,2026-08-27,1530,essvi_g05,ok,,81,41,0.2789590961,2.4619003314,0.5280384716,0.0000000000,0.0000000000,0.0100000000,0.0002336919,0.0650673986,2.3369185048,0.0451539388,2.2824133319,15,0,0,138.7862951944,239.8133793900,0.7297268083,0.9306699272,0.0564460126,95.3122370690,329.4183359156,6,0,234.3808639340,427.8506235382,0.0000000000,0.0000000000,false,332.5000000000,382.5000000000,0.0027397260,1.4027397260
daily,TSLA,2026-08-27,1530,essvi_gfree,ok,,81,41,0.2860934964,2.5808688646,0.5298029413,0.0000000000,0.0000000000,0.0100000000,0.0002370900,0.0870115979,2.3709001678,0.0440007491,2.0001479769,15,0,0,140.4169072649,245.8532171638,0.7320943268,0.9567961178,0.0570397456,94.7198797916,342.3813801278,6,0,240.0295169490,443.4790720156,0.0000000000,0.0000000000,false,332.5000000000,382.5000000000,0.0027397260,1.4027397260
daily,TSLA,2026-08-27,1530,essvi_sg05,ok,,81,41,0.3179400673,2.2627294027,0.5204892428,0.0000000000,0.0000000000,0.0100000000,0.0001616277,0.0356864862,1.6162765788,0.0363877541,1.7092061438,15,0,0,129.6046935612,255.0477040530,0.6543627331,0.9355608167,0.0526144133,147.3870358524,441.1128489699,6,0,256.2049491324,443.9000241029,0.0000000000,0.0000000000,false,332.5000000000,382.5000000000,0.0027397260,1.4027397260
daily,TSLA,2026-08-31,1530,svi,ok,,81,41,0.3682625997,2.9261082770,0.5348018013,0.0000000000,0.0000000000,0.0100000000,0.0002436571,0.0313622540,2.4365713495,0.0371636583,2.1250990974,15,0,0,179.6175572719,331.7768104646,0.9816062482,1.2282941389,0.0687267639,236.2534998943,501.2126803775,11,0,359.2220577706,974.2845991465,0.0000000000,0.0000000000,false,310.0000000000,430.0000000000,0.0054794521,1.3917808219
daily,TSLA,2026-08-31,1530,ssvi,ok,,81,41,0.3923646726,1.4602867720,0.5094622771,0.0000000000,0.0000000000,0.0100000000,0.0001297932,0.0137749721,1.2979318321,0.0222032429,2.0582414077,15,0,0,188.0652315453,335.9411213466,1.0315984772,1.3505203119,0.0686908972,167.5154060804,312.6158413015,11,0,338.6799418372,775.7461581998,0.0000000000,0.0000000000,false,310.0000000000,430.0000000000,0.0054794521,1.3917808219
daily,TSLA,2026-08-31,1530,essvi,ok,,81,41,0.3895960095,2.1734664182,0.5235972093,0.0000000000,0.0000000000,0.0100000000,0.0001689468,0.0284755329,1.6894677979,0.0296931979,1.3934368239,15,0,0,204.7133811489,370.0557649644,1.1179748859,1.4568420037,0.0742327243,175.9417604014,337.2234125164,11,0,385.8961003469,949.9760281572,0.0000000000,0.0000000000,false,310.0000000000,430.0000000000,0.0054794521,1.3917808219
daily,TSLA,2026-08-31,1530,essvi_g05,ok,,81,41,0.3551494142,2.2130482516,0.5276179555,0.0000000000,0.0000000000,0.0100000000,0.0002237547,0.0344296872,2.2375466990,0.0358742156,1.4214781923,15,0,0,199.4515603233,357.1161609235,1.1056627882,1.3782194092,0.0760017796,328.9649181297,511.4094535947,11,0,400.6369554890,1019.1116264284,0.0000000000,0.0000000000,false,310.0000000000,430.0000000000,0.0054794521,1.3917808219
daily,TSLA,2026-08-31,1530,essvi_gfree,ok,,81,41,0.3696796024,2.3336184870,0.5289855535,0.0000000000,0.0000000000,0.0100000000,0.0002081190,0.0501085411,2.0811901389,0.0332882024,1.5312341696,15,0,0,188.0334260739,334.9544785617,1.0475691905,1.2911859467,0.0704669382,257.5693644258,439.0323058937,11,0,373.0910807569,971.1387618018,0.0000000000,0.0000000000,false,310.0000000000,430.0000000000,0.0054794521,1.3917808219
daily,TSLA,2026-08-31,1530,essvi_sg05,ok,,81,41,0.3934057030,1.9404514483,0.5150781193,0.0000000000,0.0000000000,0.0100000000,0.0001406813,0.0180323653,1.4068134584,0.0262786091,1.8315600953,15,0,0,185.3437235388,337.2911868619,1.0161306862,1.3348825955,0.0678108839,166.9695892512,308.9965349978,11,0,332.4037098609,784.6309044221,0.0000000000,0.0000000000,false,310.0000000000,430.0000000000,0.0054794521,1.3917808219
daily,TSLA,2026-09-01,1530,svi,ok,,81,41,0.0100000000,3.0000000000,0.5288041797,0.0057211683,0.0000000000,0.0100000000,0.0004470457,0.1234670581,4.4704565512,0.0448209015,2.1135675610,15,0,0,153.6879429916,292.7976535744,0.8118687832,0.9962472572,0.0611944344,211.2849015806,465.1822573333,8,0,723.8020897659,1926.6430436663,0.0057211683,0.0000000000,false,315.0000000000,395.0000000000,0.0027397260,1.3890410959
daily,TSLA,2026-09-01,1530,ssvi,ok,,81,41,0.3843765747,1.6796212400,0.5078670496,0.0000000000,0.0000000000,0.0100000000,0.0001560984,0.0308847385,1.5609842517,0.0262656850,0.9474016468,15,0,0,148.8578906903,263.0506310822,0.7924629001,1.0105372719,0.0563030353,124.6939680203,244.3181697161,7,0,758.2399575607,1640.0158422566,0.0000000000,0.0000000000,false,315.0000000000,395.0000000000,0.0027397260,1.3890410959
daily,TSLA,2026-09-01,1530,essvi,ok,,81,41,0.3786841757,2.8442915939,0.5190225413,0.0000000000,0.0000000000,0.0100000000,0.0002295236,0.0921606802,2.2952358003,0.0378742353,2.0132820953,15,0,0,184.4362203725,329.7530972194,0.9949188128,1.2012412814,0.0687114499,149.3957733591,290.4192986059,7,0,868.1459341108,1988.0594996090,0.0000000000,0.0000000000,false,315.0000000000,395.0000000000,0.0027397260,1.3890410959
daily,TSLA,2026-09-01,1530,essvi_g05,ok,,81,41,0.3139763221,2.7883811448,0.5289942953,0.0000000000,0.0000000000,0.0100000000,0.0003081748,0.0886135306,3.0817476620,0.0470227188,1.9653952025,15,0,0,213.7887719754,350.8793423640,1.1835258870,1.4983349693,0.0844585197,403.7098170927,597.9782982475,7,0,915.1854054691,2020.0544308545,0.0000000000,0.0000000000,false,315.0000000000,395.0000000000,0.0027397260,1.3890410959
daily,TSLA,2026-09-01,1530,essvi_gfree,ok,,81,41,0.2968398123,3.0000000000,0.5316202142,0.0006022282,0.0000000000,0.0100000000,0.0003378086,0.1931836085,3.3780863821,0.0445950522,2.1496689005,15,0,0,187.1506648834,318.6884579676,1.0455859487,1.4377930866,0.0721112391,274.9926688778,477.8074132355,7,0,815.8506101189,1873.7291590752,0.0006022282,0.0000000000,false,315.0000000000,395.0000000000,0.0027397260,1.3890410959
daily,TSLA,2026-09-01,1530,essvi_sg05,ok,,81,41,0.3865945245,2.2849271085,0.5148541531,0.0000000000,0.0000000000,0.0100000000,0.0001689229,0.0382544249,1.6892291657,0.0322659639,1.5677561257,15,0,0,144.7605588827,257.4362060628,0.7702450614,0.9848187504,0.0549250473,125.2160203172,240.2796014887,7,0,744.2623404804,1661.8112503085,0.0000000000,0.0000000000,false,315.0000000000,395.0000000000,0.0027397260,1.3890410959
daily,TSLA,2026-09-02,1530,svi,ok,,81,41,0.2539090615,3.0000000000,0.5389809406,0.0027100271,0.0000000000,0.0100000000,0.0002914199,0.0372973717,2.9141994567,0.0417385919,2.1453475153,15,0,0,58.9166811325,117.8316363999,0.2725082799,0.4419892657,0.0235158439,110.6605096472,308.7883032664,12,0,596.1193225800,2479.1593488917,0.0027100271,0.0000000000,false,285.0000000000,437.5000000000,0.0054794521,1.3863013699
daily,TSLA,2026-09-02,1530,ssvi,ok,,81,41,0.3800374688,1.5793456398,0.5042244121,0.0000000000,0.0000000000,0.0100000000,0.0001293233,0.0121493974,1.2932333800,0.0234310436,1.7228709029,15,0,0,45.5564003106,86.9476539315,0.2251394985,0.3359234638,0.0170216551,29.6683329629,76.9023639491,12,0,570.9919138681,2243.3738674335,0.0000000000,0.0000000000,false,285.0000000000,437.5000000000,0.0054794521,1.3863013699
daily,TSLA,2026-09-02,1530,essvi,ok,,81,41,0.3741423881,2.5112402474,0.5273866917,0.0000000000,0.0000000000,0.0100000000,0.0001949947,0.0331682923,1.9499468594,0.0348585374,1.6985373890,15,0,0,73.6846472039,145.3665901160,0.3563770611,0.5050275706,0.0275498002,47.8645963441,125.2328336989,12,0,650.5442663071,2593.4682891957,0.0000000000,0.0000000000,false,285.0000000000,437.5000000000,0.0054794521,1.3863013699
daily,TSLA,2026-09-02,1530,essvi_g05,ok,,81,41,0.3256553346,2.5016619805,0.5315800156,0.0000000000,0.0000000000,0.0100000000,0.0002584050,0.0349796697,2.5840502635,0.0423018933,1.6877749729,15,0,0,89.7467295150,142.6412290327,0.4856365661,0.8822785843,0.0346021456,268.8598678856,425.2533430898,12,0,663.4830276432,2591.3365941274,0.0000000000,0.0000000000,false,285.0000000000,437.5000000000,0.0054794521,1.3863013699
daily,TSLA,2026-09-02,1530,essvi_gfree,ok,,81,41,0.3516599967,2.6748287835,0.5318557415,0.0000000000,0.0000000000,0.0100000000,0.0002278821,0.0596174376,2.2788209720,0.0363695200,1.8497141976,15,0,0,64.8754846702,108.7681118576,0.3518319402,0.5159266527,0.0243423383,136.7975236320,281.0633622214,12,0,577.7088442304,2387.0101276413,0.0000000000,0.0000000000,false,285.0000000000,437.5000000000,0.0054794521,1.3863013699
daily,TSLA,2026-09-02,1530,essvi_sg05,ok,,81,41,0.3234529458,2.0852958732,0.5095552836,0.0000000000,0.0000000000,0.0100000000,0.0001417981,0.0153492573,1.4179805937,0.0312351878,1.6328507471,15,0,0,44.1179983847,96.0262092086,0.2105725761,0.3518751257,0.0165293949,31.8574414043,75.3334505090,12,0,564.4614970202,2226.1230837072,0.0000000000,0.0000000000,false,285.0000000000,437.5000000000,0.0054794521,1.3863013699
daily,TSLA,2026-09-03,1530,svi,ok,,81,41,0.0733174555,3.0000000000,0.5469877749,0.0093345378,0.0000000000,0.0100000000,0.0003022821,0.0592190392,3.0228208032,0.0449017094,1.9778215505,15,0,0,73.1870965337,140.3087814407,0.4651107994,0.8345517169,0.0255423502,45.6245848716,84.8799376129,12,0,666.8314072573,2686.8936098445,0.0093345378,0.0000000000,false,320.0000000000,470.0000000000,0.0027397260,1.3835616438
daily,TSLA,2026-09-03,1530,ssvi,ok,,81,41,0.3988546976,2.1620126797,0.5136377302,0.0000000000,0.0000000000,0.0100000000,0.0001262566,0.0147636213,1.2625656499,0.0264017346,2.2307545405,15,0,0,80.4884917291,119.0720504427,0.5162072774,0.9108828715,0.0271892269,99.8260588313,207.6304061615,12,0,618.5887049842,2403.6108590993,0.0000000000,0.0000000000,false,320.0000000000,470.0000000000,0.0027397260,1.3835616438
daily,TSLA,2026-09-03,1530,essvi,ok,,81,41,0.3929593491,3.0000000000,0.5406394620,0.0036133695,0.0000000000,0.0100000000,0.0002224832,0.0444611754,2.2248319768,0.0393237398,2.0121555512,15,0,0,35.1048095779,59.4780854599,0.2358296654,0.5107345829,0.0114314057,64.4300631237,254.7996775963,12,0,629.6043704654,2673.0872378790,0.0036133695,0.0000000000,false,320.0000000000,470.0000000000,0.0027397260,1.3835616438
daily,TSLA,2026-09-03,1530,essvi_g05,ok,,81,41,0.3445111159,3.0000000000,0.5445571178,0.0045167118,0.0000000000,0.0100000000,0.0002814659,0.0422848941,2.8146591237,0.0461906052,2.0211025754,15,0,0,41.8735451191,120.9580519570,0.1808161609,0.3926399516,0.0169206414,191.6318976705,332.6035075195,12,0,615.1494076285,2489.8937508544,0.0045167118,0.0000000000,false,320.0000000000,470.0000000000,0.0027397260,1.3835616438
daily,TSLA,2026-09-03,1530,essvi_gfree,ok,,81,41,0.3654279414,3.0000000000,0.5450044052,0.0066245107,0.0000000000,0.0100000000,0.0002641864,0.0621948747,2.6418644457,0.0417315169,1.9972016296,15,0,0,27.1621538854,66.7363134858,0.1473455821,0.2184655169,0.0101699458,91.1241724897,197.2989647690,12,0,571.8073372738,2407.4981492435,0.0066245107,0.0000000000,false,320.0000000000,470.0000000000,0.0027397260,1.3835616438
daily,TSLA,2026-09-03,1530,essvi_sg05,ok,,81,41,0.3042019993,2.9373806578,0.5196595535,0.0000000000,0.0000000000,0.0100000000,0.0001386009,0.0183718473,1.3860089474,0.0338262434,1.9210902186,15,0,0,76.4114740034,132.0613637178,0.4747545443,0.7941363488,0.0261237427,96.2422559465,211.7106342115,12,0,610.0400326284,2462.0224164297,0.0000000000,0.0000000000,false,320.0000000000,470.0000000000,0.0027397260,1.3835616438
daily,TSLA,2026-09-04,1530,svi,ok,,81,41,0.2441634501,2.1661611075,0.5036912670,0.0000000000,0.0000000000,0.0100000000,0.0002101275,0.0334641075,2.1012746887,0.0237436273,1.6741706670,15,0,0,18.2978258288,47.1798200083,0.0929101709,0.1726684021,0.0078834094,61.8285657112,244.4192875560,12,0,55.6159932382,175.9130121168,0.0000000000,0.0000000000,false,285.0000000000,470.0000000000,0.0136986301,1.3808219178
daily,TSLA,2026-09-04,1530,ssvi,ok,,81,41,0.3188786979,0.9618733933,0.4879658556,0.0000000000,0.0000000000,0.0100000000,0.0001081739,0.0073536126,1.0817394091,0.0174645911,2.3979962283,15,0,0,11.6068487189,29.6777835446,0.0831232108,0.2114905515,0.0038270545,31.7012203303,127.1941208988,12,0,22.7884503569,60.1380332327,0.0000000000,0.0000000000,false,285.0000000000,470.0000000000,0.0136986301,1.3808219178
daily,TSLA,2026-09-04,1530,essvi,ok,,81,41,0.2864300742,1.8448266771,0.4959226654,0.0000000000,0.0000000000,0.0100000000,0.0001512797,0.0326016657,1.5127973491,0.0188187893,1.0165475328,15,0,0,45.4070938584,142.4721588578,0.2340028461,0.4108344300,0.0181248830,47.2928063547,187.5090868329,12,0,69.4026025613,171.4202586200,0.0000000000,0.0000000000,false,285.0000000000,470.0000000000,0.0136986301,1.3808219178
daily,TSLA,2026-09-04,1530,essvi_g05,ok,,81,41,0.2948771802,1.7630273854,0.5040120552,0.0000000000,0.0000000000,0.0100000000,0.0002336928,0.0240032519,2.3369281812,0.0288707145,0.9421478273,15,0,0,85.6826029582,213.7414580281,0.4644859413,0.8398676546,0.0356295286,221.3538793639,434.1968846299,12,0,123.3100566916,242.9491879092,0.0000000000,0.0000000000,false,285.0000000000,470.0000000000,0.0136986301,1.3808219178
daily,TSLA,2026-09-04,1530,essvi_gfree,ok,,81,41,0.2199606782,1.9477215562,0.5036999995,0.0000000000,0.0000000000,0.0100000000,0.0001912162,0.0658586953,1.9121617323,0.0200308983,1.1029162078,15,0,0,62.5775518963,157.3888907721,0.3652791472,0.7237397573,0.0249257488,98.2365592996,304.0362507344,12,0,96.0584461039,187.6791508189,0.0000000000,0.0000000000,false,285.0000000000,470.0000000000,0.0136986301,1.3808219178
daily,TSLA,2026-09-04,1530,essvi_sg05,ok,,81,41,0.3069552544,1.3745562410,0.4891408417,0.0000000000,0.0000000000,0.0100000000,0.0001088289,0.0089763932,1.0882894727,0.0166287559,2.2113355706,15,0,0,19.1359371178,44.2775581791,0.1087837464,0.2153253737,0.0075077843,34.5723259687,132.5714458180,12,0,33.0991705448,52.3394644194,0.0000000000,0.0000000000,false,285.0000000000,470.0000000000,0.0136986301,1.3808219178
daily,TSLA,2026-09-08,1530,svi,ok,,81,41,0.0100000000,3.0000000000,0.5189700783,0.0093345378,0.0000000000,0.0100000000,0.0004759819,0.0991936503,4.7598191248,0.0435057021,2.4078475615,15,0,0,115.6282576698,211.1883678197,0.6413847227,0.8642454083,0.0446330841,75.1798615719,217.1071491290,7,0,732.9365975264,1762.7598548801,0.0093345378,0.0000000000,false,337.5000000000,412.5000000000,0.0027397260,1.3698630137
daily,TSLA,2026-09-08,1530,ssvi,ok,,81,41,0.3843725430,1.6817634864,0.5050783778,0.0000000000,0.0000000000,0.0100000000,0.0001410452,0.0259443528,1.4104520315,0.0266590009,2.0678588809,15,0,0,87.4198053507,158.7391154517,0.4928753941,0.6432094684,0.0324073491,104.2462064332,239.9454980288,7,0,757.6262613951,1739.5607131354,0.0000000000,0.0000000000,false,337.5000000000,412.5000000000,0.0027397260,1.3698630137
daily,TSLA,2026-09-08,1530,essvi,ok,,81,41,0.2354846922,2.6106014021,0.5096590579,0.0000000000,0.0000000000,0.0100000000,0.0001831317,0.0520294980,1.8313171852,0.0337232620,1.8145584390,15,0,0,64.4584021485,133.5473714244,0.3223106445,0.5431298173,0.0245460416,90.0006029515,299.4939337103,7,0,827.0687606509,2029.9228738392,0.0000000000,0.0000000000,false,337.5000000000,412.5000000000,0.0027397260,1.3698630137
daily,TSLA,2026-09-08,1530,essvi_g05,ok,,81,41,0.3009633926,2.7166575844,0.5203916968,0.0000000000,0.0000000000,0.0100000000,0.0002674044,0.0755490411,2.6740444774,0.0431165063,1.9179025465,15,0,0,65.6780698075,119.7542445060,0.3626912333,0.5581576704,0.0257540385,116.3044969715,155.8026391475,7,0,843.7708674279,2086.5030908542,0.0000000000,0.0000000000,false,337.5000000000,412.5000000000,0.0027397260,1.3698630137
daily,TSLA,2026-09-08,1530,essvi_gfree,ok,,81,41,0.3125764931,2.9141493739,0.5230743576,0.0000000000,0.0000000000,0.0100000000,0.0002740371,0.1385037868,2.7403708765,0.0415796675,2.0939520629,15,0,0,82.5715290980,166.0438973339,0.4284638903,0.6712484032,0.0326476988,59.4520058896,197.0243180362,7,0,819.5620309865,2017.3031127883,0.0000000000,0.0000000000,false,337.5000000000,412.5000000000,0.0027397260,1.3698630137
daily,TSLA,2026-09-08,1530,essvi_sg05,ok,,81,41,0.3662278241,2.3706322198,0.5112636252,0.0000000000,0.0000000000,0.0100000000,0.0001558160,0.0319974067,1.5581598996,0.0336339456,1.6487924541,15,0,0,85.7759576768,164.9612232154,0.4721602476,0.6578210454,0.0319977097,104.7044356128,305.0469289973,7,0,746.4498819705,1759.7113901013,0.0000000000,0.0000000000,false,337.5000000000,412.5000000000,0.0027397260,1.3698630137
daily,TSLA,2026-09-09,1530,svi,ok,,81,41,0.3647942511,3.0000000000,0.5276827456,0.0045167118,0.0000000000,0.0100000000,0.0003141962,0.0519426265,3.1419620932,0.0394769822,2.1932849430,15,0,0,38.2853543292,94.4865977037,0.3205560303,1.0028344711,0.0123193438,82.4532251971,213.6990090814,11,0,470.9246998870,1915.5961002531,0.0045167118,0.0000000000,false,300.0000000000,435.0000000000,0.0054794521,1.3671232877
daily,TSLA,2026-09-09,1530,ssvi,ok,,81,41,0.3848317324,1.4455998392,0.5022347797,0.0000000000,0.0000000000,0.0100000000,0.0001216442,0.0124419957,1.2164424894,0.0210780933,0.8509136028,15,0,0,91.7347656706,126.4940548891,0.6174632641,1.2220275208,0.0315968538,107.2774913442,207.1421001634,11,0,561.2366795295,1886.2970445492,0.0000000000,0.0000000000,false,300.0000000000,435.0000000000,0.0054794521,1.3671232877
daily,TSLA,2026-09-09,1530,essvi,ok,,81,41,0.3702472917,2.4523605209,0.5159096697,0.0000000000,0.0000000000,0.0100000000,0.0001694969,0.0365857584,1.6949685021,0.0319285994,1.7109326902,15,0,0,95.2666519122,154.9222930107,0.6062883148,1.1344201444,0.0334782257,122.1435158849,383.0053194502,11,0,645.8762621125,2283.2215926704,0.0000000000,0.0000000000,false,300.0000000000,435.0000000000,0.0054794521,1.3671232877
daily,TSLA,2026-09-09,1530,essvi_g05,ok,,81,41,0.3128054166,2.4529055277,0.5217751749,0.0000000000,0.0000000000,0.0100000000,0.0002564411,0.0404378022,2.5644106260,0.0412126763,1.7109048662,15,0,0,167.2505233754,297.0444225988,0.9907889680,1.5412689504,0.0649227214,93.4380423707,336.8553588245,11,0,741.3576482251,2323.2995743288,0.0000000000,0.0000000000,false,300.0000000000,435.0000000000,0.0054794521,1.3671232877
daily,TSLA,2026-09-09,1530,essvi_gfree,ok,,81,41,0.3320496844,2.6654395603,0.5245471879,0.0000000000,0.0000000000,0.0100000000,0.0002393019,0.0879448636,2.3930191052,0.0352954301,1.8982692277,15,0,0,173.1802762608,312.5478349889,1.0122828993,1.4352676431,0.0657550592,103.2756481635,406.0526608341,11,0,660.8576307514,2023.0873452416,0.0000000000,0.0000000000,false,300.0000000000,435.0000000000,0.0054794521,1.3671232877
daily,TSLA,2026-09-09,1530,essvi_sg05,ok,,81,41,0.3856407345,2.0054210241,0.5065837511,0.0000000000,0.0000000000,0.0100000000,0.0001262221,0.0153712218,1.2622206477,0.0262614704,1.3441803388,15,0,0,91.4604327551,153.5374083083,0.6072723704,1.1694993918,0.0318878706,102.5302760992,186.2802491272,11,0,551.5353790723,1958.8776179469,0.0000000000,0.0000000000,false,300.0000000000,435.0000000000,0.0054794521,1.3671232877
daily,TSLA,2026-09-10,1530,svi,ok,,81,41,0.2868038716,3.0000000000,0.5350607206,0.0093345378,0.0000000000,0.0100000000,0.0006084626,0.4456137645,6.0846256880,0.0436075922,2.1498282245,15,0,0,84.1642725612,214.1867887635,0.4254490995,0.6327058189,0.0344503600,135.3838875119,381.8401552570,9,0,279.6477925600,687.2475297760,0.0093345378,0.0000000000,false,315.0000000000,400.0000000000,0.0027397260,1.3643835616
daily,TSLA,2026-09-10,1530,ssvi,ok,,81,41,0.3711462226,1.7614305351,0.5073061886,0.0000000000,0.0000000000,0.0100000000,0.0001439868,0.0248659688,1.4398677862,0.0269581965,2.1695128515,15,0,0,61.5666794475,95.1868511184,0.4279423498,0.9908013522,0.0214811202,79.1203799185,195.5909103526,9,0,229.1558827117,658.1463687268,0.0000000000,0.0000000000,false,315.0000000000,400.0000000000,0.0027397260,1.3643835616
daily,TSLA,2026-09-10,1530,essvi,ok,,81,41,0.3546540935,2.8855796576,0.5244541098,0.0000000000,0.0000000000,0.0100000000,0.0002027482,0.0556274623,2.0274818069,0.0394416166,2.0768270998,15,0,0,81.4845672362,113.6293484701,0.5580847948,1.1616919056,0.0283664429,113.1408490752,395.6172052488,9,0,291.3276458813,862.4399495512,0.0000000000,0.0000000000,false,315.0000000000,400.0000000000,0.0027397260,1.3643835616
daily,TSLA,2026-09-10,1530,essvi_g05,ok,,81,41,0.3154155709,2.9482070202,0.5304693610,0.0000000000,0.0000000000,0.0100000000,0.0002859776,0.0719561607,2.8597756349,0.0470727854,2.1438047268,15,0,0,160.6783455019,255.3616570122,0.9916090017,1.7127212768,0.0619567305,102.0713123607,397.9016126639,9,0,339.4360105421,868.9774531702,0.0000000000,0.0000000000,false,315.0000000000,400.0000000000,0.0027397260,1.3643835616
daily,TSLA,2026-09-10,1530,essvi_gfree,ok,,81,41,0.3383152168,3.0000000000,0.5338188900,0.0018066847,0.0000000000,0.0100000000,0.0003082876,0.1543907574,3.0828761641,0.0448767249,2.2941122144,15,0,0,156.8406704427,255.3380099063,0.9517794408,1.5161937186,0.0594386171,114.3716629432,441.0588393144,9,0,315.3637493953,762.0365695956,0.0018066847,0.0000000000,false,315.0000000000,400.0000000000,0.0027397260,1.3643835616
daily,TSLA,2026-09-10,1530,essvi_sg05,ok,,81,41,0.3705401768,2.5562475352,0.5132029976,0.0000000000,0.0000000000,0.0100000000,0.0001579874,0.0317749553,1.5798739157,0.0345951749,1.8303551252,15,0,0,63.1387786468,106.5460532712,0.4291769590,0.9562936779,0.0224170136,77.0622242393,181.3066261450,9,0,216.4800017744,706.2057213186,0.0000000000,0.0000000000,false,315.0000000000,400.0000000000,0.0027397260,1.3643835616
daily,TSLA,2026-09-11,1530,svi,ok,,81,41,0.2501416292,2.7826446153,0.5168403459,0.0000000000,0.0000000000,0.0100000000,0.0005100857,0.2296314199,5.1008567854,0.0327892959,2.1478006538,15,0,0,36.6673955542,109.8707524485,0.1598114696,0.2891403864,0.0170949836,85.4606653914,283.9914204392,9,0,463.0556405296,1346.8214684542,0.0000000000,0.0000000000,false,320.0000000000,395.0000000000,0.0082191781,1.3616438356
daily,TSLA,2026-09-11,1530,ssvi,ok,,81,41,0.2535935081,0.9840268107,0.4923390489,0.0000000000,0.0000000000,0.0100000000,0.0001247659,0.0161535774,1.2476589424,0.0180977751,0.5448447647,15,0,0,42.6608459751,106.1060588595,0.1929106409,0.3616868817,0.0184694043,30.5067612981,92.4018377965,8,0,517.9952094723,1375.7569679875,0.0000000000,0.0000000000,false,320.0000000000,395.0000000000,0.0082191781,1.3616438356
daily,TSLA,2026-09-11,1530,essvi,ok,,81,41,0.2397451661,1.7176014686,0.5032341426,0.0000000000,0.0000000000,0.0100000000,0.0001659026,0.0416586838,1.6590261090,0.0233913518,2.1640378606,15,0,0,64.3375278889,167.8950532256,0.2777023047,0.5595433008,0.0275661203,60.5573600856,200.4054182980,8,0,496.7196204732,1317.0435849094,0.0000000000,0.0000000000,false,320.0000000000,395.0000000000,0.0082191781,1.3616438356
daily,TSLA,2026-09-11,1530,essvi_g05,ok,,81,41,0.2287531881,1.7264233360,0.5104689235,0.0000000000,0.0000000000,0.0100000000,0.0002506683,0.0478363423,2.5066832416,0.0315189668,1.0071417009,15,0,0,55.9140399619,147.5616078165,0.2617269430,0.4488764347,0.0247616438,191.9004532747,347.2867192311,8,0,472.7942612021,1245.5312902628,0.0000000000,0.0000000000,false,320.0000000000,395.0000000000,0.0082191781,1.3616438356
daily,TSLA,2026-09-11,1530,essvi_gfree,ok,,81,41,0.1517652739,1.9253755830,0.5113885458,0.0000000000,0.0000000000,0.0100000000,0.0002553044,0.1576981208,2.5530437002,0.0264515559,1.1804229980,15,0,0,42.1016573338,105.3800291119,0.2076139207,0.3554674805,0.0182042317,81.2275424887,250.0258776622,8,0,454.8844354693,1329.4203546775,0.0000000000,0.0000000000,false,320.0000000000,395.0000000000,0.0082191781,1.3616438356
daily,TSLA,2026-09-11,1530,essvi_sg05,ok,,81,41,0.2410327325,1.4804154812,0.4952362477,0.0000000000,0.0000000000,0.0100000000,0.0001289246,0.0208305921,1.2892461049,0.0206303601,0.9370076209,15,0,0,38.7062851370,101.0346185259,0.1777730382,0.3231646419,0.0167402484,36.9320421463,124.4305247713,8,0,531.1399155433,1422.7325894841,0.0000000000,0.0000000000,false,320.0000000000,395.0000000000,0.0082191781,1.3616438356
