slice,ticker,date,time,model,status,status_detail,horizon,t,t_beyond_last_pillar,t_below_first_pillar,target_forward,simulated_mean,relative_error,standard_error,z_score,paths,seed,steps_per_year,z_threshold,within_threshold,max_abs_z_all_horizons,mc_mean_spot,mc_relative_error,mc_standard_error,mc_paths,mc_seed,mc_steps,carry_rate,zero_dividend_forward_error,drift_source
daily,AMD,2026-08-14,1530,svi,ok,,1M,0.0833333333,false,false,509.7457823053,509.7513033079,0.0000108309,0.0001851634,0.0584937022,32768,20260824,104,3.0000000000,true,1.7054513573,509.7772621125,0.0000617559,0.0000466987,400000,20260824,192,0.0456572821,-0.0006513003,parity_forward
daily,AMD,2026-08-14,1530,svi,ok,,3M,0.2500000000,false,false,513.4326328251,513.9628780873,0.0010327455,0.0006055556,1.7054513573,32768,20260824,104,3.0000000000,true,1.7054513573,513.4740293667,0.0000806270,0.0001646934,400000,20260824,192,0.0440458669,-0.0013845463,parity_forward
daily,AMD,2026-08-14,1530,svi,ok,,6M,0.5000000000,false,false,519.8031798101,519.4741705634,-0.0006329497,0.0012224502,-0.5177713392,32768,20260824,104,3.0000000000,true,1.7054513573,519.8491173511,0.0000883749,0.0003422021,400000,20260824,192,0.0466857554,-0.0038293087,parity_forward
daily,AMD,2026-08-14,1530,ssvi,ok,,1M,0.0833333333,false,false,509.7457823053,509.7608385781,0.0000295368,0.0001886573,0.1565633706,32768,20260824,104,3.0000000000,true,1.2834620147,509.7709020089,0.0000492789,0.0000488256,400000,20260824,192,0.0456572821,-0.0006513003,parity_forward
daily,AMD,2026-08-14,1530,ssvi,ok,,3M,0.2500000000,false,false,513.4326328251,513.8466272509,0.0008063267,0.0006282435,1.2834620147,32768,20260824,104,3.0000000000,true,1.2834620147,513.4833696972,0.0000988189,0.0001717702,400000,20260824,192,0.0440458669,-0.0013845463,parity_forward
daily,AMD,2026-08-14,1530,ssvi,ok,,6M,0.5000000000,false,false,519.8031798101,519.3960777358,-0.0007831850,0.0012295203,-0.6369842297,32768,20260824,104,3.0000000000,true,1.2834620147,519.8870365813,0.0001613241,0.0003456407,400000,20260824,192,0.0466857554,-0.0038293087,parity_forward
daily,AMD,2026-08-14,1530,essvi,ok,,1M,0.0833333333,false,false,509.7457823053,509.7522637835,0.0000127151,0.0001699382,0.0748220170,32768,20260824,104,3.0000000000,true,1.2612518398,509.7747723555,0.0000568716,0.0000442386,400000,20260824,192,0.0456572821,-0.0006513003,parity_forward
daily,AMD,2026-08-14,1530,essvi,ok,,3M,0.2500000000,false,false,513.4326328251,513.8389579725,0.0007913894,0.0006274634,1.2612518398,32768,20260824,104,3.0000000000,true,1.2612518398,513.4813860851,0.0000949555,0.0001723465,400000,20260824,192,0.0440458669,-0.0013845463,parity_forward
daily,AMD,2026-08-14,1530,essvi,ok,,6M,0.5000000000,false,false,519.8031798101,519.3749589897,-0.0008238134,0.0012293142,-0.6701406375,32768,20260824,104,3.0000000000,true,1.2612518398,519.8905266882,0.0001680384,0.0003459760,400000,20260824,192,0.0466857554,-0.0038293087,parity_forward
daily,AMD,2026-08-14,1530,essvi_g05,ok,,1M,0.0833333333,false,false,509.7457823053,509.7633761380,0.0000345149,0.0001716171,0.2011157996,32768,20260824,104,3.0000000000,true,1.3615896843,509.7753939066,0.0000580909,0.0000448799,400000,20260824,192,0.0456572821,-0.0006513003,parity_forward
daily,AMD,2026-08-14,1530,essvi_g05,ok,,3M,0.2500000000,false,false,513.4326328251,513.9060123174,0.0009219895,0.0006771419,1.3615896843,32768,20260824,104,3.0000000000,true,1.3615896843,513.4823240307,0.0000967823,0.0001861283,400000,20260824,192,0.0440458669,-0.0013845463,parity_forward
daily,AMD,2026-08-14,1530,essvi_g05,ok,,6M,0.5000000000,false,false,519.8031798101,519.4042741478,-0.0007674167,0.0013816176,-0.5554479936,32768,20260824,104,3.0000000000,true,1.3615896843,519.8912814640,0.0001694904,0.0003947510,400000,20260824,192,0.0466857554,-0.0038293087,parity_forward
daily,AMD,2026-08-14,1530,essvi_gfree,ok,,1M,0.0833333333,false,false,509.7457823053,509.7623943602,0.0000325889,0.0001671502,0.1949677329,32768,20260824,104,3.0000000000,true,1.3800904681,509.7713394160,0.0000501370,0.0000445410,400000,20260824,192,0.0456572821,-0.0006513003,parity_forward
daily,AMD,2026-08-14,1530,essvi_gfree,ok,,3M,0.2500000000,false,false,513.4326328251,513.8858224826,0.0008826663,0.0006395713,1.3800904681,32768,20260824,104,3.0000000000,true,1.3800904681,513.4781986336,0.0000887474,0.0001762751,400000,20260824,192,0.0440458669,-0.0013845463,parity_forward
daily,AMD,2026-08-14,1530,essvi_gfree,ok,,6M,0.5000000000,false,false,519.8031798101,519.3960218516,-0.0007832926,0.0012553609,-0.6239580497,32768,20260824,104,3.0000000000,true,1.3800904681,519.8835341551,0.0001545861,0.0003551058,400000,20260824,192,0.0466857554,-0.0038293087,parity_forward
daily,AMD,2026-08-14,1530,essvi_sg05,ok,,1M,0.0833333333,false,false,509.7457823053,509.7880019948,0.0000828250,0.0001620799,0.5110134579,32768,20260824,104,3.0000000000,true,1.5102841374,509.7740432333,0.0000554412,0.0000438790,400000,20260824,192,0.0456572821,-0.0006513003,parity_forward
daily,AMD,2026-08-14,1530,essvi_sg05,ok,,3M,0.2500000000,false,false,513.4326328251,513.9124522960,0.0009345325,0.0006187792,1.5102841374,32768,20260824,104,3.0000000000,true,1.5102841374,513.4829310202,0.0000979645,0.0001702502,400000,20260824,192,0.0440458669,-0.0013845463,parity_forward
daily,AMD,2026-08-14,1530,essvi_sg05,ok,,6M,0.5000000000,false,false,519.8031798101,519.4605205712,-0.0006592096,0.0012318359,-0.5351440060,32768,20260824,104,3.0000000000,true,1.5102841374,519.8843761494,0.0001562059,0.0003461076,400000,20260824,192,0.0466857554,-0.0038293087,parity_forward
daily,AMD,2026-08-17,1530,svi,ok,,1M,0.0833333333,false,false,507.7578202701,507.8272931392,0.0001368228,0.0002193570,0.6237450747,32768,20260824,104,3.0000000000,true,1.5164347891,507.7268474205,-0.0000609993,0.0000810456,400000,20260824,192,0.0532390041,-0.0012824995,parity_forward
daily,AMD,2026-08-17,1530,svi,ok,,3M,0.2500000000,false,false,511.8333196984,512.2813330031,0.0008753109,0.0005772163,1.5164347891,32768,20260824,104,3.0000000000,true,1.5164347891,511.7939576206,-0.0000769041,0.0001736256,400000,20260824,192,0.0497240244,-0.0028254044,parity_forward
daily,AMD,2026-08-17,1530,svi,ok,,6M,0.5000000000,false,false,518.1772472859,517.8110040373,-0.0007067915,0.0011827368,-0.5975897958,32768,20260824,104,3.0000000000,true,1.5164347891,518.2110377868,0.0000652103,0.0003469039,400000,20260824,192,0.0494986830,-0.0051814056,parity_forward
daily,AMD,2026-08-17,1530,ssvi,ok,,1M,0.0833333333,false,false,507.7578202701,507.7865187061,0.0000565199,0.0001658723,0.3407435962,32768,20260824,104,3.0000000000,true,0.9510729676,507.7616513464,0.0000075451,0.0000516383,400000,20260824,192,0.0532390041,-0.0012824995,parity_forward
daily,AMD,2026-08-17,1530,ssvi,ok,,3M,0.2500000000,false,false,511.8333196984,512.1251794063,0.0005702241,0.0005995588,0.9510729676,32768,20260824,104,3.0000000000,true,0.9510729676,511.8599305871,0.0000519913,0.0001742585,400000,20260824,192,0.0497240244,-0.0028254044,parity_forward
daily,AMD,2026-08-17,1530,ssvi,ok,,6M,0.5000000000,false,false,518.1772472859,517.7105819365,-0.0009005902,0.0012307171,-0.7317605092,32768,20260824,104,3.0000000000,true,0.9510729676,518.2779018260,0.0001942473,0.0003511721,400000,20260824,192,0.0494986830,-0.0051814056,parity_forward
daily,AMD,2026-08-17,1530,essvi,ok,,1M,0.0833333333,false,false,507.7578202701,507.7660277909,0.0000161642,0.0001578441,0.1024063531,32768,20260824,104,3.0000000000,true,1.0154921159,507.6623078822,-0.0001881062,0.0001041301,400000,20260824,192,0.0532390041,-0.0012824995,parity_forward
daily,AMD,2026-08-17,1530,essvi,ok,,3M,0.2500000000,false,false,511.8333196984,512.1277468814,0.0005752404,0.0005710247,1.0073826195,32768,20260824,104,3.0000000000,true,1.0154921159,511.7447915241,-0.0001729629,0.0001907125,400000,20260824,192,0.0497240244,-0.0028254044,parity_forward
daily,AMD,2026-08-17,1530,essvi,ok,,6M,0.5000000000,false,false,518.1772472859,517.5617520194,-0.0011878084,0.0011696874,-1.0154921159,32768,20260824,104,3.0000000000,true,1.0154921159,518.1497177394,-0.0000531277,0.0003559357,400000,20260824,192,0.0494986830,-0.0051814056,parity_forward
daily,AMD,2026-08-17,1530,essvi_g05,ok,,1M,0.0833333333,false,false,507.7578202701,507.7448146606,-0.0000256138,0.0001325524,-0.1932353499,32768,20260824,104,3.0000000000,true,1.0376995886,507.7398567059,-0.0000353782,0.0000509804,400000,20260824,192,0.0532390041,-0.0012824995,parity_forward
daily,AMD,2026-08-17,1530,essvi_g05,ok,,3M,0.2500000000,false,false,511.8333196984,512.1621622783,0.0006424798,0.0006191386,1.0376995886,32768,20260824,104,3.0000000000,true,1.0376995886,511.8278748621,-0.0000106379,0.0001828743,400000,20260824,192,0.0497240244,-0.0028254044,parity_forward
daily,AMD,2026-08-17,1530,essvi_g05,ok,,6M,0.5000000000,false,false,518.1772472859,517.6639481337,-0.0009905860,0.0013324104,-0.7434541797,32768,20260824,104,3.0000000000,true,1.0376995886,518.2479127537,0.0001363732,0.0003860198,400000,20260824,192,0.0494986830,-0.0051814056,parity_forward
daily,AMD,2026-08-17,1530,essvi_gfree,ok,,1M,0.0833333333,false,false,507.7578202701,507.7271909066,-0.0000603228,0.0001379555,-0.4372627536,32768,20260824,104,3.0000000000,true,1.0023738763,507.7480378596,-0.0000192659,0.0000472699,400000,20260824,192,0.0532390041,-0.0012824995,parity_forward
daily,AMD,2026-08-17,1530,essvi_gfree,ok,,3M,0.2500000000,false,false,511.8333196984,512.1385750600,0.0005963960,0.0005949836,1.0023738763,32768,20260824,104,3.0000000000,true,1.0023738763,511.8382119148,0.0000095582,0.0001739178,400000,20260824,192,0.0497240244,-0.0028254044,parity_forward
daily,AMD,2026-08-17,1530,essvi_gfree,ok,,6M,0.5000000000,false,false,518.1772472859,517.6169771725,-0.0010812326,0.0012192318,-0.8868145734,32768,20260824,104,3.0000000000,true,1.0023738763,518.2463243367,0.0001333078,0.0003540573,400000,20260824,192,0.0494986830,-0.0051814056,parity_forward
daily,AMD,2026-08-17,1530,essvi_sg05,ok,,1M,0.0833333333,false,false,507.7578202701,507.7778638226,0.0000394746,0.0001630260,0.2421370583,32768,20260824,104,3.0000000000,true,1.0172835356,507.7313015846,-0.0000522270,0.0000549952,400000,20260824,192,0.0532390041,-0.0012824995,parity_forward
daily,AMD,2026-08-17,1530,essvi_sg05,ok,,3M,0.2500000000,false,false,511.8333196984,512.1404585247,0.0006000759,0.0005898807,1.0172835356,32768,20260824,104,3.0000000000,true,1.0172835356,511.8252527784,-0.0000157608,0.0001733927,400000,20260824,192,0.0497240244,-0.0028254044,parity_forward
daily,AMD,2026-08-17,1530,essvi_sg05,ok,,6M,0.5000000000,false,false,518.1772472859,517.7275524345,-0.0008678398,0.0012425439,-0.6984379543,32768,20260824,104,3.0000000000,true,1.0172835356,518.2415793279,0.0001241506,0.0003540607,400000,20260824,192,0.0494986830,-0.0051814056,parity_forward
daily,AMD,2026-08-18,1530,svi,ok,,1M,0.0833333333,false,false,481.7841694116,481.7225118954,-0.0001279775,0.0001424421,-0.8984526242,32768,20260824,104,3.0000000000,true,1.1987634718,481.7910694363,0.0000143218,0.0000401446,400000,20260824,192,0.0392726908,-0.0001194561,parity_forward
daily,AMD,2026-08-18,1530,svi,ok,,3M,0.2500000000,false,false,485.3393917297,485.6533340770,0.0006468512,0.0005395987,1.1987634718,32768,20260824,104,3.0000000000,true,1.1987634718,485.3614400521,0.0000454287,0.0001536349,400000,20260824,192,0.0424996590,-0.0009980536,parity_forward
daily,AMD,2026-08-18,1530,svi,ok,,6M,0.5000000000,false,false,490.9072826231,490.4618801684,-0.0009073046,0.0010914914,-0.8312521919,32768,20260824,104,3.0000000000,true,1.1987634718,490.9595309304,0.0001064321,0.0003187818,400000,20260824,192,0.0440635359,-0.0024734398,parity_forward
daily,AMD,2026-08-18,1530,ssvi,ok,,1M,0.0833333333,false,false,481.7841694116,481.7881540514,0.0000082706,0.0001544066,0.0535637265,32768,20260824,104,3.0000000000,true,1.1007849640,481.7922240940,0.0000167184,0.0000485205,400000,20260824,192,0.0392726908,-0.0001194561,parity_forward
daily,AMD,2026-08-18,1530,ssvi,ok,,3M,0.2500000000,false,false,485.3393917297,485.6402965410,0.0006199884,0.0005632239,1.1007849640,32768,20260824,104,3.0000000000,true,1.1007849640,485.3705273765,0.0000641523,0.0001654560,400000,20260824,192,0.0424996590,-0.0009980536,parity_forward
daily,AMD,2026-08-18,1530,ssvi,ok,,6M,0.5000000000,false,false,490.9072826231,490.4831873108,-0.0008639010,0.0011255658,-0.7675260239,32768,20260824,104,3.0000000000,true,1.1007849640,491.0043950574,0.0001978224,0.0003327278,400000,20260824,192,0.0440635359,-0.0024734398,parity_forward
daily,AMD,2026-08-18,1530,essvi,ok,,1M,0.0833333333,false,false,481.7841694116,481.7951520150,0.0000227957,0.0002223402,0.1025261848,32768,20260824,104,3.0000000000,true,1.3187872832,481.8342154199,0.0001038764,0.0000611882,400000,20260824,192,0.0392726908,-0.0001194561,parity_forward
daily,AMD,2026-08-18,1530,essvi,ok,,3M,0.2500000000,false,false,485.3393917297,485.7183044112,0.0007807169,0.0005919961,1.3187872832,32768,20260824,104,3.0000000000,true,1.3187872832,485.4012290543,0.0001274105,0.0001687540,400000,20260824,192,0.0424996590,-0.0009980536,parity_forward
daily,AMD,2026-08-18,1530,essvi,ok,,6M,0.5000000000,false,false,490.9072826231,490.5617968845,-0.0007037698,0.0011195070,-0.6286426330,32768,20260824,104,3.0000000000,true,1.3187872832,491.0088046338,0.0002068049,0.0003242090,400000,20260824,192,0.0440635359,-0.0024734398,parity_forward
daily,AMD,2026-08-18,1530,essvi_g05,ok,,1M,0.0833333333,false,false,481.7841694116,481.8040957106,0.0000413594,0.0001911013,0.2164265059,32768,20260824,104,3.0000000000,true,1.2857213230,481.8264816800,0.0000878241,0.0000499082,400000,20260824,192,0.0392726908,-0.0001194561,parity_forward
daily,AMD,2026-08-18,1530,essvi_g05,ok,,3M,0.2500000000,false,false,485.3393917297,485.7167006832,0.0007774126,0.0006046509,1.2857213230,32768,20260824,104,3.0000000000,true,1.2857213230,485.3925638429,0.0001095566,0.0001728974,400000,20260824,192,0.0424996590,-0.0009980536,parity_forward
daily,AMD,2026-08-18,1530,essvi_g05,ok,,6M,0.5000000000,false,false,490.9072826231,490.5937444740,-0.0006386912,0.0012144507,-0.5259094967,32768,20260824,104,3.0000000000,true,1.2857213230,491.0248838468,0.0002395589,0.0003587677,400000,20260824,192,0.0440635359,-0.0024734398,parity_forward
daily,AMD,2026-08-18,1530,essvi_gfree,ok,,1M,0.0833333333,false,false,481.7841694116,481.8044452385,0.0000420849,0.0001878743,0.2240055008,32768,20260824,104,3.0000000000,true,1.3249436801,481.8253909752,0.0000855602,0.0000491673,400000,20260824,192,0.0392726908,-0.0001194561,parity_forward
daily,AMD,2026-08-18,1530,essvi_gfree,ok,,3M,0.2500000000,false,false,485.3393917297,485.7187923352,0.0007817223,0.0005900041,1.3249436801,32768,20260824,104,3.0000000000,true,1.3249436801,485.3911671755,0.0001066788,0.0001685577,400000,20260824,192,0.0424996590,-0.0009980536,parity_forward
daily,AMD,2026-08-18,1530,essvi_gfree,ok,,6M,0.5000000000,false,false,490.9072826231,490.5967950362,-0.0006324770,0.0011642104,-0.5432669812,32768,20260824,104,3.0000000000,true,1.3249436801,491.0158048630,0.0002210646,0.0003408493,400000,20260824,192,0.0440635359,-0.0024734398,parity_forward
daily,AMD,2026-08-18,1530,essvi_sg05,ok,,1M,0.0833333333,false,false,481.7841694116,481.7184298447,-0.0001364502,0.0001729088,-0.7891456300,32768,20260824,104,3.0000000000,true,1.0262498158,481.7824889500,-0.0000034880,0.0000416873,400000,20260824,192,0.0392726908,-0.0001194561,parity_forward
daily,AMD,2026-08-18,1530,essvi_sg05,ok,,3M,0.2500000000,false,false,485.3393917297,485.6202459469,0.0005786759,0.0005638743,1.0262498158,32768,20260824,104,3.0000000000,true,1.0262498158,485.3504869241,0.0000228607,0.0001611786,400000,20260824,192,0.0424996590,-0.0009980536,parity_forward
daily,AMD,2026-08-18,1530,essvi_sg05,ok,,6M,0.5000000000,false,false,490.9072826231,490.4391475034,-0.0009536121,0.0011139510,-0.8560628943,32768,20260824,104,3.0000000000,true,1.0262498158,490.9723657015,0.0001325771,0.0003256331,400000,20260824,192,0.0440635359,-0.0024734398,parity_forward
daily,AMD,2026-08-19,1530,svi,ok,,1M,0.0833333333,false,false,468.4848518416,468.4760884670,-0.0000187058,0.0001491145,-0.1254457105,32768,20260824,104,3.0000000000,true,1.4361148431,468.4877325574,0.0000061490,0.0000405184,400000,20260824,192,0.0427202813,-0.0004149829,parity_forward
daily,AMD,2026-08-19,1530,svi,ok,,3M,0.2500000000,false,false,472.0011142063,472.3537251955,0.0007470554,0.0005201920,1.4361148431,32768,20260824,104,3.0000000000,true,1.4361148431,471.9932612594,-0.0000166376,0.0001478340,400000,20260824,192,0.0441504072,-0.0014345674,parity_forward
daily,AMD,2026-08-19,1530,svi,ok,,6M,0.5000000000,false,false,477.5955189232,477.1826678911,-0.0008644366,0.0010924703,-0.7912678115,32768,20260824,104,3.0000000000,true,1.4361148431,477.6401438502,0.0000934367,0.0003167258,400000,20260824,192,0.0456408703,-0.0033087308,parity_forward
daily,AMD,2026-08-19,1530,ssvi,ok,,1M,0.0833333333,false,false,468.4848518416,468.5020549861,0.0000367208,0.0001574246,0.2332596355,32768,20260824,104,3.0000000000,true,1.0436771637,468.5069301200,0.0000471270,0.0000498671,400000,20260824,192,0.0427202813,-0.0004149829,parity_forward
daily,AMD,2026-08-19,1530,ssvi,ok,,3M,0.2500000000,false,false,472.0011142063,472.2799437354,0.0005907391,0.0005660171,1.0436771637,32768,20260824,104,3.0000000000,true,1.0436771637,472.0246508510,0.0000498657,0.0001675117,400000,20260824,192,0.0441504072,-0.0014345674,parity_forward
daily,AMD,2026-08-19,1530,ssvi,ok,,6M,0.5000000000,false,false,477.5955189232,477.2493997954,-0.0007247118,0.0011286813,-0.6420872093,32768,20260824,104,3.0000000000,true,1.0436771637,477.6761902204,0.0001689113,0.0003320534,400000,20260824,192,0.0456408703,-0.0033087308,parity_forward
daily,AMD,2026-08-19,1530,essvi,ok,,1M,0.0833333333,false,false,468.4848518416,468.4526283618,-0.0000687823,0.0001420847,-0.4840938930,32768,20260824,104,3.0000000000,true,1.1196876483,468.5044581269,0.0000418504,0.0000372882,400000,20260824,192,0.0427202813,-0.0004149829,parity_forward
daily,AMD,2026-08-19,1530,essvi,ok,,3M,0.2500000000,false,false,472.0011142063,472.2907483241,0.0006136302,0.0005480369,1.1196876483,32768,20260824,104,3.0000000000,true,1.1196876483,472.0178761500,0.0000355125,0.0001581840,400000,20260824,192,0.0441504072,-0.0014345674,parity_forward
daily,AMD,2026-08-19,1530,essvi,ok,,6M,0.5000000000,false,false,477.5955189232,477.2096074592,-0.0008080299,0.0010964479,-0.7369524153,32768,20260824,104,3.0000000000,true,1.1196876483,477.6577907812,0.0001303862,0.0003211481,400000,20260824,192,0.0456408703,-0.0033087308,parity_forward
daily,AMD,2026-08-19,1530,essvi_g05,ok,,1M,0.0833333333,false,false,468.4848518416,468.4458284420,-0.0000832970,0.0001563768,-0.5326688800,32768,20260824,104,3.0000000000,true,1.0238691357,468.5045447525,0.0000420353,0.0000380892,400000,20260824,192,0.0427202813,-0.0004149829,parity_forward
daily,AMD,2026-08-19,1530,essvi_g05,ok,,3M,0.2500000000,false,false,472.0011142063,472.2790009910,0.0005887418,0.0005750166,1.0238691357,32768,20260824,104,3.0000000000,true,1.0238691357,472.0145714249,0.0000285110,0.0001636246,400000,20260824,192,0.0441504072,-0.0014345674,parity_forward
daily,AMD,2026-08-19,1530,essvi_g05,ok,,6M,0.5000000000,false,false,477.5955189232,477.2111766942,-0.0008047442,0.0011792657,-0.6824112748,32768,20260824,104,3.0000000000,true,1.0238691357,477.6574411691,0.0001296542,0.0003456854,400000,20260824,192,0.0456408703,-0.0033087308,parity_forward
daily,AMD,2026-08-19,1530,essvi_gfree,ok,,1M,0.0833333333,false,false,468.4848518416,468.4468348168,-0.0000811489,0.0001561487,-0.5196898702,32768,20260824,104,3.0000000000,true,1.0568083141,468.5041420227,0.0000411757,0.0000381116,400000,20260824,192,0.0427202813,-0.0004149829,parity_forward
daily,AMD,2026-08-19,1530,essvi_gfree,ok,,3M,0.2500000000,false,false,472.0011142063,472.2845658705,0.0006005318,0.0005682504,1.0568083141,32768,20260824,104,3.0000000000,true,1.0568083141,472.0143713617,0.0000280871,0.0001614247,400000,20260824,192,0.0441504072,-0.0014345674,parity_forward
daily,AMD,2026-08-19,1530,essvi_gfree,ok,,6M,0.5000000000,false,false,477.5955189232,477.2160887612,-0.0007944592,0.0011514579,-0.6899593891,32768,20260824,104,3.0000000000,true,1.0568083141,477.6553314134,0.0001252367,0.0003362601,400000,20260824,192,0.0456408703,-0.0033087308,parity_forward
daily,AMD,2026-08-19,1530,essvi_sg05,ok,,1M,0.0833333333,false,false,468.4848518416,468.4640150039,-0.0000444771,0.0001410303,-0.3153726087,32768,20260824,104,3.0000000000,true,1.1557665042,468.5043043740,0.0000415222,0.0000350927,400000,20260824,192,0.0427202813,-0.0004149829,parity_forward
daily,AMD,2026-08-19,1530,essvi_sg05,ok,,3M,0.2500000000,false,false,472.0011142063,472.2994942605,0.0006321596,0.0005469614,1.1557665042,32768,20260824,104,3.0000000000,true,1.1557665042,472.0151515946,0.0000297402,0.0001557866,400000,20260824,192,0.0441504072,-0.0014345674,parity_forward
daily,AMD,2026-08-19,1530,essvi_sg05,ok,,6M,0.5000000000,false,false,477.5955189232,477.2461854142,-0.0007314422,0.0011132990,-0.6570042693,32768,20260824,104,3.0000000000,true,1.1557665042,477.6570270643,0.0001287871,0.0003234874,400000,20260824,192,0.0456408703,-0.0033087308,parity_forward
daily,AMD,2026-08-20,1530,svi,ok,,1M,0.0833333333,false,false,466.4030420131,466.4714788605,0.0001467333,0.0001441049,1.0182393926,32768,20260824,104,3.0000000000,true,1.6271686075,466.4479914364,0.0000963746,0.0000603363,400000,20260824,192,0.0428645750,-0.0004353054,parity_forward
daily,AMD,2026-08-20,1530,svi,ok,,3M,0.2500000000,false,false,469.5981486475,469.9906527244,0.0008358297,0.0005136712,1.6271686075,32768,20260824,104,3.0000000000,true,1.6271686075,469.6476760415,0.0001054676,0.0001551060,400000,20260824,192,0.0415968667,-0.0007972960,parity_forward
daily,AMD,2026-08-20,1530,svi,ok,,6M,0.5000000000,false,false,474.8603145237,474.6378692450,-0.0004684436,0.0010452470,-0.4481654440,32768,20260824,104,3.0000000000,true,1.6271686075,474.9458069825,0.0001800371,0.0003046388,400000,20260824,192,0.0430851533,-0.0020342863,parity_forward
daily,AMD,2026-08-20,1530,ssvi,ok,,1M,0.0833333333,false,false,466.4030420131,466.4188101065,0.0000338079,0.0001590166,0.2126058847,32768,20260824,104,3.0000000000,true,1.1202276155,466.4286801693,0.0000549700,0.0000475490,400000,20260824,192,0.0428645750,-0.0004353054,parity_forward
daily,AMD,2026-08-20,1530,ssvi,ok,,3M,0.2500000000,false,false,469.5981486475,469.8923824204,0.0006265650,0.0005593194,1.1202276155,32768,20260824,104,3.0000000000,true,1.1202276155,469.6365291318,0.0000817305,0.0001610495,400000,20260824,192,0.0415968667,-0.0007972960,parity_forward
daily,AMD,2026-08-20,1530,ssvi,ok,,6M,0.5000000000,false,false,474.8603145237,474.4981883351,-0.0007625952,0.0011162360,-0.6831845200,32768,20260824,104,3.0000000000,true,1.1202276155,474.9434886161,0.0001751549,0.0003240853,400000,20260824,192,0.0430851533,-0.0020342863,parity_forward
daily,AMD,2026-08-20,1530,essvi,ok,,1M,0.0833333333,false,false,466.4030420131,466.4569596235,0.0001156030,0.0001222204,0.9458570917,32768,20260824,104,3.0000000000,true,1.4881338620,466.4535392920,0.0001082696,0.0000858116,400000,20260824,192,0.0428645750,-0.0004353054,parity_forward
daily,AMD,2026-08-20,1530,essvi,ok,,3M,0.2500000000,false,false,469.5981486475,469.9684780172,0.0007886091,0.0005299316,1.4881338620,32768,20260824,104,3.0000000000,true,1.4881338620,469.6709609178,0.0001550523,0.0001748555,400000,20260824,192,0.0415968667,-0.0007972960,parity_forward
daily,AMD,2026-08-20,1530,essvi,ok,,6M,0.5000000000,false,false,474.8603145237,474.5897074838,-0.0005698666,0.0010710706,-0.5320532843,32768,20260824,104,3.0000000000,true,1.4881338620,474.9819305398,0.0002561090,0.0003225251,400000,20260824,192,0.0430851533,-0.0020342863,parity_forward
daily,AMD,2026-08-20,1530,essvi_g05,ok,,1M,0.0833333333,false,false,466.4030420131,466.3855690880,-0.0000374631,0.0001148308,-0.3262464868,32768,20260824,104,3.0000000000,true,1.0829607077,466.4259036619,0.0000490169,0.0000431050,400000,20260824,192,0.0428645750,-0.0004353054,parity_forward
daily,AMD,2026-08-20,1530,essvi_g05,ok,,3M,0.2500000000,false,false,469.5981486475,469.8788815932,0.0005978153,0.0005520194,1.0829607077,32768,20260824,104,3.0000000000,true,1.0829607077,469.6318560613,0.0000717793,0.0001624538,400000,20260824,192,0.0415968667,-0.0007972960,parity_forward
daily,AMD,2026-08-20,1530,essvi_g05,ok,,6M,0.5000000000,false,false,474.8603145237,474.5066509808,-0.0007447738,0.0011803229,-0.6309916317,32768,20260824,104,3.0000000000,true,1.0829607077,474.9355704370,0.0001584801,0.0003453118,400000,20260824,192,0.0430851533,-0.0020342863,parity_forward
daily,AMD,2026-08-20,1530,essvi_gfree,ok,,1M,0.0833333333,false,false,466.4030420131,466.3851889121,-0.0000382783,0.0001155489,-0.3312733186,32768,20260824,104,3.0000000000,true,1.0927436578,466.4252664718,0.0000476508,0.0000425508,400000,20260824,192,0.0428645750,-0.0004353054,parity_forward
daily,AMD,2026-08-20,1530,essvi_gfree,ok,,3M,0.2500000000,false,false,469.5981486475,469.8783081609,0.0005965942,0.0005459598,1.0927436578,32768,20260824,104,3.0000000000,true,1.0927436578,469.6316545795,0.0000713502,0.0001602445,400000,20260824,192,0.0415968667,-0.0007972960,parity_forward
daily,AMD,2026-08-20,1530,essvi_gfree,ok,,6M,0.5000000000,false,false,474.8603145237,474.5049261507,-0.0007484061,0.0011525146,-0.6493680091,32768,20260824,104,3.0000000000,true,1.0927436578,474.9351659607,0.0001576283,0.0003360788,400000,20260824,192,0.0430851533,-0.0020342863,parity_forward
daily,AMD,2026-08-20,1530,essvi_sg05,ok,,1M,0.0833333333,false,false,466.4030420131,466.3894758344,-0.0000290868,0.0001087833,-0.2673831269,32768,20260824,104,3.0000000000,true,0.9825275768,466.4326812560,0.0000635486,0.0000347390,400000,20260824,192,0.0428645750,-0.0004353054,parity_forward
daily,AMD,2026-08-20,1530,essvi_sg05,ok,,3M,0.2500000000,false,false,469.5981486475,469.8342782371,0.0005028333,0.0005117753,0.9825275768,32768,20260824,104,3.0000000000,true,0.9825275768,469.6403647781,0.0000898984,0.0001477563,400000,20260824,192,0.0415968667,-0.0007972960,parity_forward
daily,AMD,2026-08-20,1530,essvi_sg05,ok,,6M,0.5000000000,false,false,474.8603145237,474.4518374691,-0.0008602047,0.0010638516,-0.8085758039,32768,20260824,104,3.0000000000,true,0.9825275768,474.9446598508,0.0001776213,0.0003063084,400000,20260824,192,0.0430851533,-0.0020342863,parity_forward
daily,AMD,2026-08-21,1530,svi,ok,,1M,0.0833333333,false,false,473.9354037125,473.9813749162,0.0000969989,0.0001626373,0.5964122493,32768,20260824,104,3.0000000000,true,1.4856607358,473.9628768588,0.0000579681,0.0000410828,400000,20260824,192,0.0427503233,-0.0004008790,parity_forward
daily,AMD,2026-08-21,1530,svi,ok,,3M,0.2500000000,false,false,477.3953075815,477.7627948421,0.0007697756,0.0005181369,1.4856607358,32768,20260824,104,3.0000000000,true,1.4856607358,477.4230246566,0.0000580590,0.0001428657,400000,20260824,192,0.0433455134,-0.0012104877,parity_forward
daily,AMD,2026-08-21,1530,svi,ok,,6M,0.5000000000,false,false,483.5929648898,483.2803013687,-0.0006465427,0.0011236311,-0.5754047897,32768,20260824,104,3.0000000000,true,1.4856607358,483.6810296667,0.0001821052,0.0003149034,400000,20260824,192,0.0474701298,-0.0042199175,parity_forward
daily,AMD,2026-08-21,1530,ssvi,ok,,1M,0.0833333333,false,false,473.9354037125,473.9700275400,0.0000730560,0.0001784331,0.4094307724,32768,20260824,104,3.0000000000,true,1.2250658553,473.9566053815,0.0000447354,0.0000459753,400000,20260824,192,0.0427503233,-0.0004008790,parity_forward
daily,AMD,2026-08-21,1530,ssvi,ok,,3M,0.2500000000,false,false,477.3953075815,477.7514058989,0.0007459192,0.0006088809,1.2250658553,32768,20260824,104,3.0000000000,true,1.2250658553,477.4370348635,0.0000874061,0.0001668802,400000,20260824,192,0.0433455134,-0.0012104877,parity_forward
daily,AMD,2026-08-21,1530,ssvi,ok,,6M,0.5000000000,false,false,483.5929648898,483.2975756085,-0.0006108221,0.0011499548,-0.5311705637,32768,20260824,104,3.0000000000,true,1.2250658553,483.6728988073,0.0001652917,0.0003228995,400000,20260824,192,0.0474701298,-0.0042199175,parity_forward
daily,AMD,2026-08-21,1530,essvi,ok,,1M,0.0833333333,false,false,473.9354037125,473.9025563758,-0.0000693076,0.0001354012,-0.5118687308,32768,20260824,104,3.0000000000,true,1.1343862889,473.9545792429,0.0000404602,0.0000362013,400000,20260824,192,0.0427503233,-0.0004008790,parity_forward
daily,AMD,2026-08-21,1530,essvi,ok,,3M,0.2500000000,false,false,477.3953075815,477.7034223877,0.0006454081,0.0005689492,1.1343862889,32768,20260824,104,3.0000000000,true,1.1343862889,477.4269840515,0.0000663527,0.0001558597,400000,20260824,192,0.0433455134,-0.0012104877,parity_forward
daily,AMD,2026-08-21,1530,essvi,ok,,6M,0.5000000000,false,false,483.5929648898,483.2493212882,-0.0007106050,0.0011365080,-0.6252529946,32768,20260824,104,3.0000000000,true,1.1343862889,483.6576348143,0.0001337280,0.0003199943,400000,20260824,192,0.0474701298,-0.0042199175,parity_forward
daily,AMD,2026-08-21,1530,essvi_g05,ok,,1M,0.0833333333,false,false,473.9354037125,473.9024831979,-0.0000694620,0.0001362549,-0.5097945733,32768,20260824,104,3.0000000000,true,1.0491482211,473.9531251479,0.0000373921,0.0000363109,400000,20260824,192,0.0427503233,-0.0004008790,parity_forward
daily,AMD,2026-08-21,1530,essvi_g05,ok,,3M,0.2500000000,false,false,477.3953075815,477.6941896796,0.0006260684,0.0005967397,1.0491482211,32768,20260824,104,3.0000000000,true,1.0491482211,477.4294040052,0.0000714218,0.0001639970,400000,20260824,192,0.0433455134,-0.0012104877,parity_forward
daily,AMD,2026-08-21,1530,essvi_g05,ok,,6M,0.5000000000,false,false,483.5929648898,483.2629837297,-0.0006823531,0.0012109092,-0.5635047422,32768,20260824,104,3.0000000000,true,1.0491482211,483.6649702897,0.0001488967,0.0003401630,400000,20260824,192,0.0474701298,-0.0042199175,parity_forward
daily,AMD,2026-08-21,1530,essvi_gfree,ok,,1M,0.0833333333,false,false,473.9354037125,473.9035540670,-0.0000672025,0.0001362517,-0.4932231792,32768,20260824,104,3.0000000000,true,1.0620721711,473.9528771118,0.0000368687,0.0000363379,400000,20260824,192,0.0427503233,-0.0004008790,parity_forward
daily,AMD,2026-08-21,1530,essvi_gfree,ok,,3M,0.2500000000,false,false,477.3953075815,477.6931032341,0.0006237926,0.0005873354,1.0620721711,32768,20260824,104,3.0000000000,true,1.0620721711,477.4285817733,0.0000696995,0.0001615185,400000,20260824,192,0.0433455134,-0.0012104877,parity_forward
daily,AMD,2026-08-21,1530,essvi_gfree,ok,,6M,0.5000000000,false,false,483.5929648898,483.2581592397,-0.0006923294,0.0011778278,-0.5878019339,32768,20260824,104,3.0000000000,true,1.0620721711,483.6650032406,0.0001489648,0.0003308594,400000,20260824,192,0.0474701298,-0.0042199175,parity_forward
daily,AMD,2026-08-21,1530,essvi_sg05,ok,,1M,0.0833333333,false,false,473.9354037125,473.9433014406,0.0000166641,0.0001402142,0.1188477571,32768,20260824,104,3.0000000000,true,1.1831257051,473.9521779633,0.0000353935,0.0000362809,400000,20260824,192,0.0427503233,-0.0004008790,parity_forward
daily,AMD,2026-08-21,1530,essvi_sg05,ok,,3M,0.2500000000,false,false,477.3953075815,477.7110850288,0.0006614591,0.0005590776,1.1831257051,32768,20260824,104,3.0000000000,true,1.1831257051,477.4286327232,0.0000698062,0.0001539263,400000,20260824,192,0.0433455134,-0.0012104877,parity_forward
daily,AMD,2026-08-21,1530,essvi_sg05,ok,,6M,0.5000000000,false,false,483.5929648898,483.2873971546,-0.0006318697,0.0011144425,-0.5669827439,32768,20260824,104,3.0000000000,true,1.1831257051,483.6659227283,0.0001508662,0.0003128765,400000,20260824,192,0.0474701298,-0.0042199175,parity_forward
daily,AMD,2026-08-24,1538,svi,ok,,1M,0.0833333333,false,false,458.2519363299,458.2715406909,0.0000427807,0.0001411026,0.3031889005,32768,20260824,104,3.0000000000,true,1.2704226730,458.2767353627,0.0000541166,0.0000403225,400000,20260824,192,0.0533275547,-0.0012815734,parity_forward
daily,AMD,2026-08-24,1538,svi,ok,,3M,0.2500000000,false,false,461.7407953138,462.0511740269,0.0006721925,0.0005291094,1.2704226730,32768,20260824,104,3.0000000000,true,1.2704226730,461.7841564377,0.0000939079,0.0001491265,400000,20260824,192,0.0481141409,-0.0023757915,parity_forward
daily,AMD,2026-08-24,1538,svi,ok,,6M,0.5000000000,false,false,467.1835844915,466.9689127622,-0.0004595019,0.0010517760,-0.4368818900,32768,20260824,104,3.0000000000,true,1.2704226730,467.2804712187,0.0002073847,0.0003001570,400000,20260824,192,0.0474942913,-0.0041823129,parity_forward
daily,AMD,2026-08-24,1538,ssvi,ok,,1M,0.0833333333,false,false,458.2519363299,458.2828595120,0.0000674807,0.0001701894,0.3965038409,32768,20260824,104,3.0000000000,true,0.8764387207,458.2572048427,0.0000114970,0.0000505759,400000,20260824,192,0.0533275547,-0.0012815734,parity_forward
daily,AMD,2026-08-24,1538,ssvi,ok,,3M,0.2500000000,false,false,461.7407953138,461.9825388102,0.0005235481,0.0005973584,0.8764387207,32768,20260824,104,3.0000000000,true,0.8764387207,461.7662184246,0.0000550593,0.0001704205,400000,20260824,192,0.0481141409,-0.0023757915,parity_forward
daily,AMD,2026-08-24,1538,ssvi,ok,,6M,0.5000000000,false,false,467.1835844915,466.8085362220,-0.0008027856,0.0011683814,-0.6870921287,32768,20260824,104,3.0000000000,true,0.8764387207,467.2614640469,0.0001667001,0.0003310584,400000,20260824,192,0.0474942913,-0.0041823129,parity_forward
daily,AMD,2026-08-24,1538,essvi,ok,,1M,0.0833333333,false,false,458.2519363299,458.2147145486,-0.0000812256,0.0001333378,-0.6091712797,32768,20260824,104,3.0000000000,true,0.7862662851,458.2786795426,0.0000583592,0.0000380061,400000,20260824,192,0.0533275547,-0.0012815734,parity_forward
daily,AMD,2026-08-24,1538,essvi,ok,,3M,0.2500000000,false,false,461.7407953138,461.9389393175,0.0004291239,0.0005588020,0.7679355406,32768,20260824,104,3.0000000000,true,0.7862662851,461.7872245563,0.0001005526,0.0001579148,400000,20260824,192,0.0481141409,-0.0023757915,parity_forward
daily,AMD,2026-08-24,1538,essvi,ok,,6M,0.5000000000,false,false,467.1835844915,466.7722599812,-0.0008804344,0.0011197662,-0.7862662851,32768,20260824,104,3.0000000000,true,0.7862662851,467.2805961636,0.0002076521,0.0003158796,400000,20260824,192,0.0474942913,-0.0041823129,parity_forward
daily,AMD,2026-08-24,1538,essvi_g05,ok,,1M,0.0833333333,false,false,458.2519363299,458.2056490333,-0.0001010084,0.0001330870,-0.7589653699,32768,20260824,104,3.0000000000,true,0.7589653699,458.2800970514,0.0000614525,0.0000378964,400000,20260824,192,0.0533275547,-0.0012815734,parity_forward
daily,AMD,2026-08-24,1538,essvi_g05,ok,,3M,0.2500000000,false,false,461.7407953138,461.9393004697,0.0004299060,0.0005877814,0.7314046413,32768,20260824,104,3.0000000000,true,0.7589653699,461.7878314543,0.0001018670,0.0001668069,400000,20260824,192,0.0481141409,-0.0023757915,parity_forward
daily,AMD,2026-08-24,1538,essvi_g05,ok,,6M,0.5000000000,false,false,467.1835844915,466.7681132692,-0.0008893104,0.0012017390,-0.7400195962,32768,20260824,104,3.0000000000,true,0.7589653699,467.2819740733,0.0002106015,0.0003412193,400000,20260824,192,0.0474942913,-0.0041823129,parity_forward
daily,AMD,2026-08-24,1538,essvi_gfree,ok,,1M,0.0833333333,false,false,458.2519363299,458.2085490678,-0.0000946799,0.0001319249,-0.7176803024,32768,20260824,104,3.0000000000,true,0.7948435876,458.2796285727,0.0000604302,0.0000376211,400000,20260824,192,0.0533275547,-0.0012815734,parity_forward
daily,AMD,2026-08-24,1538,essvi_gfree,ok,,3M,0.2500000000,false,false,461.7407953138,461.9458260922,0.0004440387,0.0005708762,0.7778195426,32768,20260824,104,3.0000000000,true,0.7948435876,461.7867116670,0.0000994418,0.0001618064,400000,20260824,192,0.0481141409,-0.0023757915,parity_forward
daily,AMD,2026-08-24,1538,essvi_gfree,ok,,6M,0.5000000000,false,false,467.1835844915,466.7596874017,-0.0009073459,0.0011415401,-0.7948435876,32768,20260824,104,3.0000000000,true,0.7948435876,467.2767145212,0.0001993435,0.0003253063,400000,20260824,192,0.0474942913,-0.0041823129,parity_forward
daily,AMD,2026-08-24,1538,essvi_sg05,ok,,1M,0.0833333333,false,false,458.2519363299,458.2320639482,-0.0000433656,0.0001257369,-0.3448918475,32768,20260824,104,3.0000000000,true,0.8503386994,458.2760215399,0.0000525589,0.0000355545,400000,20260824,192,0.0533275547,-0.0012815734,parity_forward
daily,AMD,2026-08-24,1538,essvi_sg05,ok,,3M,0.2500000000,false,false,461.7407953138,461.9604148388,0.0004756338,0.0005593463,0.8503386994,32768,20260824,104,3.0000000000,true,0.8503386994,461.7854381603,0.0000966838,0.0001572235,400000,20260824,192,0.0481141409,-0.0023757915,parity_forward
daily,AMD,2026-08-24,1538,essvi_sg05,ok,,6M,0.5000000000,false,false,467.1835844915,466.7905471818,-0.0008412909,0.0011282814,-0.7456392958,32768,20260824,104,3.0000000000,true,0.8503386994,467.2723947673,0.0001900972,0.0003192540,400000,20260824,192,0.0474942913,-0.0041823129,parity_forward
daily,AMD,2026-08-25,1530,svi,ok,,1M,0.0833333333,false,false,481.8100144627,481.8009074986,-0.0000189016,0.0001571896,-0.1202469208,32768,20260824,104,3.0000000000,true,1.2529968279,481.8194371271,0.0000195568,0.0000437739,400000,20260824,192,0.0335458862,0.0003578345,parity_forward
daily,AMD,2026-08-25,1530,svi,ok,,3M,0.2500000000,false,false,485.3834974225,485.7007277923,0.0006535665,0.0005216026,1.2529968279,32768,20260824,104,3.0000000000,true,1.2529968279,485.4116438253,0.0000579880,0.0001503360,400000,20260824,192,0.0407396394,-0.0005591942,parity_forward
daily,AMD,2026-08-25,1530,svi,ok,,6M,0.5000000000,false,false,491.1837023634,490.8562360288,-0.0006666881,0.0010597259,-0.6291137232,32768,20260824,104,3.0000000000,true,1.2529968279,491.2618376868,0.0001590756,0.0003056031,400000,20260824,192,0.0441276242,-0.0024564824,parity_forward
daily,AMD,2026-08-25,1530,ssvi,ok,,1M,0.0833333333,false,false,481.8100144627,481.8241979080,0.0000294378,0.0001549371,0.1899985830,32768,20260824,104,3.0000000000,true,1.0453788552,481.8183879526,0.0000173792,0.0000506091,400000,20260824,192,0.0335458862,0.0003578345,parity_forward
daily,AMD,2026-08-25,1530,ssvi,ok,,3M,0.2500000000,false,false,485.3834974225,485.6682464973,0.0005866476,0.0005611818,1.0453788552,32768,20260824,104,3.0000000000,true,1.0453788552,485.4134478309,0.0000617046,0.0001678480,400000,20260824,192,0.0407396394,-0.0005591942,parity_forward
daily,AMD,2026-08-25,1530,ssvi,ok,,6M,0.5000000000,false,false,491.1837023634,490.7841973033,-0.0008133516,0.0010992148,-0.7399387635,32768,20260824,104,3.0000000000,true,1.0453788552,491.2622229369,0.0001598599,0.0003261576,400000,20260824,192,0.0441276242,-0.0024564824,parity_forward
daily,AMD,2026-08-25,1530,essvi,ok,,1M,0.0833333333,false,false,481.8100144627,481.7933416360,-0.0000346046,0.0001274772,-0.2714570025,32768,20260824,104,3.0000000000,true,1.0359496493,481.8336316853,0.0000490177,0.0000404930,400000,20260824,192,0.0335458862,0.0003578345,parity_forward
daily,AMD,2026-08-25,1530,essvi,ok,,3M,0.2500000000,false,false,485.3834974225,485.6488621053,0.0005467114,0.0005277393,1.0359496493,32768,20260824,104,3.0000000000,true,1.0359496493,485.4291920246,0.0000941412,0.0001551125,400000,20260824,192,0.0407396394,-0.0005591942,parity_forward
daily,AMD,2026-08-25,1530,essvi,ok,,6M,0.5000000000,false,false,491.1837023634,490.7836836149,-0.0008143974,0.0010549797,-0.7719555419,32768,20260824,104,3.0000000000,true,1.0359496493,491.2784669703,0.0001929311,0.0003099778,400000,20260824,192,0.0441276242,-0.0024564824,parity_forward
daily,AMD,2026-08-25,1530,essvi_g05,ok,,1M,0.0833333333,false,false,481.8100144627,481.8001055976,-0.0000205659,0.0001305860,-0.1574894040,32768,20260824,104,3.0000000000,true,1.0199283557,481.8417431989,0.0000658532,0.0000424576,400000,20260824,192,0.0335458862,0.0003578345,parity_forward
daily,AMD,2026-08-25,1530,essvi_g05,ok,,3M,0.2500000000,false,false,485.3834974225,485.6561622459,0.0005617513,0.0005507753,1.0199283557,32768,20260824,104,3.0000000000,true,1.0199283557,485.4386680846,0.0001136641,0.0001636263,400000,20260824,192,0.0407396394,-0.0005591942,parity_forward
daily,AMD,2026-08-25,1530,essvi_g05,ok,,6M,0.5000000000,false,false,491.1837023634,490.7422004972,-0.0008988528,0.0011307580,-0.7949117680,32768,20260824,104,3.0000000000,true,1.0199283557,491.2926092846,0.0002217234,0.0003389710,400000,20260824,192,0.0441276242,-0.0024564824,parity_forward
daily,AMD,2026-08-25,1530,essvi_gfree,ok,,1M,0.0833333333,false,false,481.8100144627,481.7998569539,-0.0000210820,0.0001298251,-0.1623875529,32768,20260824,104,3.0000000000,true,1.0289220301,481.8410699433,0.0000644559,0.0000422218,400000,20260824,192,0.0335458862,0.0003578345,parity_forward
daily,AMD,2026-08-25,1530,essvi_gfree,ok,,3M,0.2500000000,false,false,485.3834974225,485.6572063679,0.0005639025,0.0005480517,1.0289220301,32768,20260824,104,3.0000000000,true,1.0289220301,485.4376064706,0.0001114769,0.0001626593,400000,20260824,192,0.0407396394,-0.0005591942,parity_forward
daily,AMD,2026-08-25,1530,essvi_gfree,ok,,6M,0.5000000000,false,false,491.1837023634,490.7426275354,-0.0008979834,0.0011206444,-0.8013098580,32768,20260824,104,3.0000000000,true,1.0289220301,491.2903050262,0.0002170322,0.0003352904,400000,20260824,192,0.0441276242,-0.0024564824,parity_forward
daily,AMD,2026-08-25,1530,essvi_sg05,ok,,1M,0.0833333333,false,false,481.8100144627,481.8195857296,0.0000198652,0.0001116620,0.1779050356,32768,20260824,104,3.0000000000,true,1.1690764994,481.8240984668,0.0000292314,0.0000364513,400000,20260824,192,0.0335458862,0.0003578345,parity_forward
daily,AMD,2026-08-25,1530,essvi_sg05,ok,,3M,0.2500000000,false,false,485.3834974225,485.6784163105,0.0006075997,0.0005197262,1.1690764994,32768,20260824,104,3.0000000000,true,1.1690764994,485.4192243198,0.0000736055,0.0001527077,400000,20260824,192,0.0407396394,-0.0005591942,parity_forward
daily,AMD,2026-08-25,1530,essvi_sg05,ok,,6M,0.5000000000,false,false,491.1837023634,490.8123974322,-0.0007559390,0.0010524669,-0.7182544128,32768,20260824,104,3.0000000000,true,1.1690764994,491.2624439622,0.0001603099,0.0003090268,400000,20260824,192,0.0441276242,-0.0024564824,parity_forward
daily,AMD,2026-08-26,1530,svi,ok,,1M,0.0833333333,false,false,483.4137420028,483.4471477075,0.0000691038,0.0001323992,0.5219346492,32768,20260824,104,3.0000000000,true,1.2086310173,483.4341930255,0.0000423054,0.0000435656,400000,20260824,192,0.0336516965,0.0003490139,parity_forward
daily,AMD,2026-08-26,1530,svi,ok,,3M,0.2500000000,false,false,487.6254490756,487.9249906846,0.0006142863,0.0005082496,1.2086310173,32768,20260824,104,3.0000000000,true,1.2086310173,487.6556778614,0.0000619918,0.0001503057,400000,20260824,192,0.0459160046,-0.0018760383,parity_forward
daily,AMD,2026-08-26,1530,svi,ok,,6M,0.5000000000,false,false,493.9272595185,493.4502348383,-0.0009657792,0.0010779414,-0.8959477892,32768,20260824,104,3.0000000000,true,1.2086310173,493.9915108922,0.0001300827,0.0003213342,400000,20260824,192,0.0486393416,-0.0047530748,parity_forward
daily,AMD,2026-08-26,1530,ssvi,ok,,1M,0.0833333333,false,false,483.4137420028,483.4338098516,0.0000415128,0.0001652639,0.2511908863,32768,20260824,104,3.0000000000,true,0.9621922376,483.4355391097,0.0000450900,0.0000542137,400000,20260824,192,0.0336516965,0.0003490139,parity_forward
daily,AMD,2026-08-26,1530,ssvi,ok,,3M,0.2500000000,false,false,487.6254490756,487.8892831123,0.0005410588,0.0005623188,0.9621922376,32768,20260824,104,3.0000000000,true,0.9621922376,487.6530136222,0.0000565281,0.0001683579,400000,20260824,192,0.0459160046,-0.0018760383,parity_forward
daily,AMD,2026-08-26,1530,ssvi,ok,,6M,0.5000000000,false,false,493.9272595185,493.4935543517,-0.0008780750,0.0011146696,-0.7877446163,32768,20260824,104,3.0000000000,true,0.9621922376,494.0087606307,0.0001650063,0.0003307722,400000,20260824,192,0.0486393416,-0.0047530748,parity_forward
daily,AMD,2026-08-26,1530,essvi,ok,,1M,0.0833333333,false,false,483.4137420028,483.4642331290,0.0001044470,0.0001317955,0.7924931784,32768,20260824,104,3.0000000000,true,1.0687060840,483.4452606197,0.0000652001,0.0000432885,400000,20260824,192,0.0336516965,0.0003490139,parity_forward
daily,AMD,2026-08-26,1530,essvi,ok,,3M,0.2500000000,false,false,487.6254490756,487.9014348327,0.0005659790,0.0005295927,1.0687060840,32768,20260824,104,3.0000000000,true,1.0687060840,487.6725190676,0.0000965290,0.0001587645,400000,20260824,192,0.0459160046,-0.0018760383,parity_forward
daily,AMD,2026-08-26,1530,essvi,ok,,6M,0.5000000000,false,false,493.9272595185,493.5455731427,-0.0007727583,0.0010638481,-0.7263802657,32768,20260824,104,3.0000000000,true,1.0687060840,494.0377382681,0.0002236741,0.0003136800,400000,20260824,192,0.0486393416,-0.0047530748,parity_forward
daily,AMD,2026-08-26,1530,essvi_g05,ok,,1M,0.0833333333,false,false,483.4137420028,483.4403268942,0.0000549941,0.0001366986,0.4023017083,32768,20260824,104,3.0000000000,true,0.9219954986,483.4488331715,0.0000725903,0.0000430506,400000,20260824,192,0.0336516965,0.0003490139,parity_forward
daily,AMD,2026-08-26,1530,essvi_g05,ok,,3M,0.2500000000,false,false,487.6254490756,487.8688341703,0.0004991230,0.0005413508,0.9219954986,32768,20260824,104,3.0000000000,true,0.9219954986,487.6703431369,0.0000920667,0.0001627528,400000,20260824,192,0.0459160046,-0.0018760383,parity_forward
daily,AMD,2026-08-26,1530,essvi_g05,ok,,6M,0.5000000000,false,false,493.9272595185,493.4852571598,-0.0008948734,0.0011187593,-0.7998801791,32768,20260824,104,3.0000000000,true,0.9219954986,494.0273168593,0.0002025751,0.0003337971,400000,20260824,192,0.0486393416,-0.0047530748,parity_forward
daily,AMD,2026-08-26,1530,essvi_gfree,ok,,1M,0.0833333333,false,false,483.4137420028,483.4415385397,0.0000575005,0.0001367174,0.4205792876,32768,20260824,104,3.0000000000,true,0.9596095309,483.4483711458,0.0000716346,0.0000430158,400000,20260824,192,0.0336516965,0.0003490139,parity_forward
daily,AMD,2026-08-26,1530,essvi_gfree,ok,,3M,0.2500000000,false,false,487.6254490756,487.8761148383,0.0005140539,0.0005356907,0.9596095309,32768,20260824,104,3.0000000000,true,0.9596095309,487.6693653208,0.0000900614,0.0001605672,400000,20260824,192,0.0459160046,-0.0018760383,parity_forward
daily,AMD,2026-08-26,1530,essvi_gfree,ok,,6M,0.5000000000,false,false,493.9272595185,493.4923390492,-0.0008805355,0.0010951377,-0.8040408456,32768,20260824,104,3.0000000000,true,0.9596095309,494.0240694415,0.0001960004,0.0003255912,400000,20260824,192,0.0486393416,-0.0047530748,parity_forward
daily,AMD,2026-08-26,1530,essvi_sg05,ok,,1M,0.0833333333,false,false,483.4137420028,483.4602559997,0.0000962198,0.0001296790,0.7419847436,32768,20260824,104,3.0000000000,true,1.1000062831,483.4441143525,0.0000628289,0.0000427834,400000,20260824,192,0.0336516965,0.0003490139,parity_forward
daily,AMD,2026-08-26,1530,essvi_sg05,ok,,3M,0.2500000000,false,false,487.6254490756,487.9047388227,0.0005727547,0.0005206831,1.1000062831,32768,20260824,104,3.0000000000,true,1.1000062831,487.6651778566,0.0000814740,0.0001545705,400000,20260824,192,0.0459160046,-0.0018760383,parity_forward
daily,AMD,2026-08-26,1530,essvi_sg05,ok,,6M,0.5000000000,false,false,493.9272595185,493.5418348610,-0.0007803268,0.0010601936,-0.7360228859,32768,20260824,104,3.0000000000,true,1.1000062831,494.0175119664,0.0001827242,0.0003120040,400000,20260824,192,0.0486393416,-0.0047530748,parity_forward
daily,AMD,2026-08-27,1530,svi,ok,,1M,0.0833333333,false,false,472.6438106281,472.6879631834,0.0000934161,0.0001497417,0.6238485571,32768,20260824,104,3.0000000000,true,1.2979773883,472.6660057761,0.0000469596,0.0000445171,400000,20260824,192,0.0321299875,0.0004841858,parity_forward
daily,AMD,2026-08-27,1530,svi,ok,,3M,0.2500000000,false,false,476.3306346232,476.6510776450,0.0006727323,0.0005182928,1.2979773883,32768,20260824,104,3.0000000000,true,1.2979773883,476.3511786849,0.0000431298,0.0001461991,400000,20260824,192,0.0417906435,-0.0008704399,parity_forward
daily,AMD,2026-08-27,1530,svi,ok,,6M,0.5000000000,false,false,481.9413510215,481.6832488942,-0.0005355468,0.0010602175,-0.5051291198,32768,20260824,104,3.0000000000,true,1.2979773883,482.0094409327,0.0001412826,0.0003048361,400000,20260824,192,0.0443157310,-0.0026481346,parity_forward
daily,AMD,2026-08-27,1530,ssvi,ok,,1M,0.0833333333,false,false,472.6438106281,472.6520058639,0.0000173391,0.0001755297,0.0987818110,32768,20260824,104,3.0000000000,true,0.9108962960,472.6649336978,0.0000446913,0.0000491724,400000,20260824,192,0.0321299875,0.0004841858,parity_forward
daily,AMD,2026-08-27,1530,ssvi,ok,,3M,0.2500000000,false,false,476.3306346232,476.5808169594,0.0005252283,0.0005766060,0.9108962960,32768,20260824,104,3.0000000000,true,0.9108962960,476.3588163108,0.0000591641,0.0001628042,400000,20260824,192,0.0417906435,-0.0008704399,parity_forward
daily,AMD,2026-08-27,1530,ssvi,ok,,6M,0.5000000000,false,false,481.9413510215,481.6148823021,-0.0006774034,0.0011074055,-0.6117031573,32768,20260824,104,3.0000000000,true,0.9108962960,482.0258998023,0.0001754338,0.0003179837,400000,20260824,192,0.0443157310,-0.0026481346,parity_forward
daily,AMD,2026-08-27,1530,essvi,ok,,1M,0.0833333333,false,false,472.6438106281,472.7497958706,0.0002242391,0.0001518214,1.4769931993,32768,20260824,104,3.0000000000,true,1.5288434127,472.6623715388,0.0000392704,0.0000468176,400000,20260824,192,0.0321299875,0.0004841858,parity_forward
daily,AMD,2026-08-27,1530,essvi,ok,,3M,0.2500000000,false,false,476.3306346232,476.7357162407,0.0008504211,0.0005562513,1.5288434127,32768,20260824,104,3.0000000000,true,1.5288434127,476.3554241649,0.0000520427,0.0001556840,400000,20260824,192,0.0417906435,-0.0008704399,parity_forward
daily,AMD,2026-08-27,1530,essvi,ok,,6M,0.5000000000,false,false,481.9413510215,481.7274083845,-0.0004439184,0.0010969855,-0.4046711882,32768,20260824,104,3.0000000000,true,1.5288434127,482.0067555404,0.0001357105,0.0003136796,400000,20260824,192,0.0443157310,-0.0026481346,parity_forward
daily,AMD,2026-08-27,1530,essvi_g05,ok,,1M,0.0833333333,false,false,472.6438106281,472.7441804844,0.0002123583,0.0001484535,1.4304706312,32768,20260824,104,3.0000000000,true,1.4304706312,472.6648415334,0.0000444963,0.0000478766,400000,20260824,192,0.0321299875,0.0004841858,parity_forward
daily,AMD,2026-08-27,1530,essvi_g05,ok,,3M,0.2500000000,false,false,476.3306346232,476.6832112266,0.0007401930,0.0005799226,1.2763651096,32768,20260824,104,3.0000000000,true,1.4304706312,476.3542557675,0.0000495898,0.0001670003,400000,20260824,192,0.0417906435,-0.0008704399,parity_forward
daily,AMD,2026-08-27,1530,essvi_g05,ok,,6M,0.5000000000,false,false,481.9413510215,481.7096712160,-0.0004807220,0.0011867710,-0.4050671704,32768,20260824,104,3.0000000000,true,1.4304706312,482.0119602667,0.0001465100,0.0003445652,400000,20260824,192,0.0443157310,-0.0026481346,parity_forward
daily,AMD,2026-08-27,1530,essvi_gfree,ok,,1M,0.0833333333,false,false,472.6438106281,472.7442214554,0.0002124450,0.0001498749,1.4174824815,32768,20260824,104,3.0000000000,true,1.4174824815,472.6640906322,0.0000429076,0.0000489925,400000,20260824,192,0.0321299875,0.0004841858,parity_forward
daily,AMD,2026-08-27,1530,essvi_gfree,ok,,3M,0.2500000000,false,false,476.3306346232,476.6965525656,0.0007682016,0.0005684438,1.3514115717,32768,20260824,104,3.0000000000,true,1.4174824815,476.3523068534,0.0000454983,0.0001640264,400000,20260824,192,0.0417906435,-0.0008704399,parity_forward
daily,AMD,2026-08-27,1530,essvi_gfree,ok,,6M,0.5000000000,false,false,481.9413510215,481.7198354354,-0.0004596318,0.0011368251,-0.4043118318,32768,20260824,104,3.0000000000,true,1.4174824815,482.0105434211,0.0001435702,0.0003289091,400000,20260824,192,0.0443157310,-0.0026481346,parity_forward
daily,AMD,2026-08-27,1530,essvi_sg05,ok,,1M,0.0833333333,false,false,472.6438106281,472.7058070808,0.0001311695,0.0001257958,1.0427174037,32768,20260824,104,3.0000000000,true,1.2179323207,472.6623148921,0.0000391505,0.0000369465,400000,20260824,192,0.0321299875,0.0004841858,parity_forward
daily,AMD,2026-08-27,1530,essvi_sg05,ok,,3M,0.2500000000,false,false,476.3306346232,476.6436590298,0.0006571578,0.0005395684,1.2179323207,32768,20260824,104,3.0000000000,true,1.2179323207,476.3555656287,0.0000523397,0.0001514126,400000,20260824,192,0.0417906435,-0.0008704399,parity_forward
daily,AMD,2026-08-27,1530,essvi_sg05,ok,,6M,0.5000000000,false,false,481.9413510215,481.6869982519,-0.0005277671,0.0010819077,-0.4878115464,32768,20260824,104,3.0000000000,true,1.2179323207,482.0113684981,0.0001452822,0.0003078618,400000,20260824,192,0.0443157310,-0.0026481346,parity_forward
daily,AMD,2026-08-31,1530,svi,ok,,1M,0.0833333333,false,false,469.3664039128,469.4166384168,0.0001070262,0.0001291819,0.8284920349,32768,20260824,104,3.0000000000,true,1.2570632912,469.3702263146,0.0000081437,0.0000378951,400000,20260824,192,0.0479406596,-0.0008002180,parity_forward
daily,AMD,2026-08-31,1530,svi,ok,,3M,0.2500000000,false,false,472.7876881745,473.0572257047,0.0005701027,0.0004535195,1.2570632912,32768,20260824,104,3.0000000000,true,1.2570632912,472.8225293405,0.0000736930,0.0001292303,400000,20260824,192,0.0450310881,-0.0015527685,parity_forward
daily,AMD,2026-08-31,1530,svi,ok,,6M,0.5000000000,false,false,478.5044825197,478.1593529276,-0.0007212672,0.0009761386,-0.7388983502,32768,20260824,104,3.0000000000,true,1.2570632912,478.5780632312,0.0001537723,0.0002796114,400000,20260824,192,0.0465538504,-0.0033585192,parity_forward
daily,AMD,2026-08-31,1530,ssvi,ok,,1M,0.0833333333,false,false,469.3664039128,469.3835285870,0.0000364847,0.0001446269,0.2522674845,32768,20260824,104,3.0000000000,true,0.8632351588,469.3678843596,0.0000031541,0.0000421220,400000,20260824,192,0.0479406596,-0.0008002180,parity_forward
daily,AMD,2026-08-31,1530,ssvi,ok,,3M,0.2500000000,false,false,472.7876881745,472.9943298355,0.0004370707,0.0005063171,0.8632351588,32768,20260824,104,3.0000000000,true,0.8632351588,472.8192113700,0.0000666752,0.0001456777,400000,20260824,192,0.0450310881,-0.0015527685,parity_forward
daily,AMD,2026-08-31,1530,ssvi,ok,,6M,0.5000000000,false,false,478.5044825197,478.1125642519,-0.0008190483,0.0010136367,-0.8080293767,32768,20260824,104,3.0000000000,true,0.8632351588,478.5877286974,0.0001739716,0.0002895763,400000,20260824,192,0.0465538504,-0.0033585192,parity_forward
daily,AMD,2026-08-31,1530,essvi,ok,,1M,0.0833333333,false,false,469.3664039128,469.3707396820,0.0000092375,0.0001088784,0.0848422587,32768,20260824,104,3.0000000000,true,0.9503037620,469.3755518200,0.0000194899,0.0000308683,400000,20260824,192,0.0479406596,-0.0008002180,parity_forward
daily,AMD,2026-08-31,1530,essvi,ok,,3M,0.2500000000,false,false,472.7876881745,472.9434235999,0.0003293982,0.0004668326,0.7056024406,32768,20260824,104,3.0000000000,true,0.9503037620,472.8383465653,0.0001071483,0.0001340903,400000,20260824,192,0.0450310881,-0.0015527685,parity_forward
daily,AMD,2026-08-31,1530,essvi,ok,,6M,0.5000000000,false,false,478.5044825197,478.0502264154,-0.0009493247,0.0009989697,-0.9503037620,32768,20260824,104,3.0000000000,true,0.9503037620,478.6000918239,0.0001998086,0.0002854142,400000,20260824,192,0.0465538504,-0.0033585192,parity_forward
daily,AMD,2026-08-31,1530,essvi_g05,ok,,1M,0.0833333333,false,false,469.3664039128,469.3702571036,0.0000082093,0.0001082013,0.0758710723,32768,20260824,104,3.0000000000,true,0.8261204812,469.3770121663,0.0000226012,0.0000303184,400000,20260824,192,0.0479406596,-0.0008002180,parity_forward
daily,AMD,2026-08-31,1530,essvi_g05,ok,,3M,0.2500000000,false,false,472.7876881745,472.9291143672,0.0002991326,0.0004844651,0.6174490907,32768,20260824,104,3.0000000000,true,0.8261204812,472.8443516643,0.0001198498,0.0001402648,400000,20260824,192,0.0450310881,-0.0015527685,parity_forward
daily,AMD,2026-08-31,1530,essvi_g05,ok,,6M,0.5000000000,false,false,478.5044825197,478.0739684978,-0.0008997074,0.0010890753,-0.8261204812,32768,20260824,104,3.0000000000,true,0.8261204812,478.6140677717,0.0002290161,0.0003097482,400000,20260824,192,0.0465538504,-0.0033585192,parity_forward
daily,AMD,2026-08-31,1530,essvi_gfree,ok,,1M,0.0833333333,false,false,469.3664039128,469.3706446727,0.0000090351,0.0001073926,0.0841312619,32768,20260824,104,3.0000000000,true,0.8723247884,469.3770396843,0.0000226598,0.0000301160,400000,20260824,192,0.0479406596,-0.0008002180,parity_forward
daily,AMD,2026-08-31,1530,essvi_gfree,ok,,3M,0.2500000000,false,false,472.7876881745,472.9337268003,0.0003088884,0.0004766383,0.6480562117,32768,20260824,104,3.0000000000,true,0.8723247884,472.8424014297,0.0001157248,0.0001379618,400000,20260824,192,0.0450310881,-0.0015527685,parity_forward
daily,AMD,2026-08-31,1530,essvi_gfree,ok,,6M,0.5000000000,false,false,478.5044825197,478.0654955847,-0.0009174145,0.0010516891,-0.8723247884,32768,20260824,104,3.0000000000,true,0.8723247884,478.6096417155,0.0002197664,0.0003000783,400000,20260824,192,0.0465538504,-0.0033585192,parity_forward
daily,AMD,2026-08-31,1530,essvi_sg05,ok,,1M,0.0833333333,false,false,469.3664039128,469.3716999037,0.0000112833,0.0000909006,0.1241276695,32768,20260824,104,3.0000000000,true,0.9406110850,469.3682322589,0.0000038953,0.0000244319,400000,20260824,192,0.0479406596,-0.0008002180,parity_forward
daily,AMD,2026-08-31,1530,essvi_sg05,ok,,3M,0.2500000000,false,false,472.7876881745,472.9636927034,0.0003722697,0.0004498035,0.8276274769,32768,20260824,104,3.0000000000,true,0.9406110850,472.8201362990,0.0000686315,0.0001286869,400000,20260824,192,0.0450310881,-0.0015527685,parity_forward
daily,AMD,2026-08-31,1530,essvi_sg05,ok,,6M,0.5000000000,false,false,478.5044825197,478.0683777701,-0.0009113911,0.0009689352,-0.9406110850,32768,20260824,104,3.0000000000,true,0.9406110850,478.5823359867,0.0001627016,0.0002767508,400000,20260824,192,0.0465538504,-0.0033585192,parity_forward
daily,AMD,2026-09-01,1530,svi,ok,,1M,0.0833333333,false,false,460.0978026570,459.9682776626,-0.0002815162,0.0008415335,-0.3345276571,32768,20260824,104,3.0000000000,true,0.3759774674,460.1264502280,0.0000622641,0.0001593141,400000,20260824,192,0.0338963532,0.0003788806,parity_forward
daily,AMD,2026-09-01,1530,svi,ok,,3M,0.2500000000,false,false,463.7798021792,463.9451074160,0.0003564304,0.0009931968,0.3588719097,32768,20260824,104,3.0000000000,true,0.3759774674,463.8575033201,0.0001675389,0.0002072587,400000,20260824,192,0.0431819602,-0.0010661005,parity_forward
daily,AMD,2026-09-01,1530,svi,ok,,6M,0.5000000000,false,false,468.6832134203,468.4547022300,-0.0004875600,0.0012967799,-0.3759774674,32768,20260824,104,3.0000000000,true,0.3759774674,468.7997408551,0.0002486273,0.0003092531,400000,20260824,192,0.0426254077,-0.0015425885,parity_forward
daily,AMD,2026-09-01,1530,ssvi,ok,,1M,0.0833333333,false,false,460.0978026570,460.1092284412,0.0000248334,0.0001243588,0.1996913676,32768,20260824,104,3.0000000000,true,0.9894030759,460.1033679372,0.0000120959,0.0000385425,400000,20260824,192,0.0338963532,0.0003788806,parity_forward
daily,AMD,2026-09-01,1530,ssvi,ok,,3M,0.2500000000,false,false,463.7798021792,463.9829739854,0.0004380782,0.0004427702,0.9894030759,32768,20260824,104,3.0000000000,true,0.9894030759,463.8082982979,0.0000614432,0.0001301131,400000,20260824,192,0.0431819602,-0.0010661005,parity_forward
daily,AMD,2026-09-01,1530,ssvi,ok,,6M,0.5000000000,false,false,468.6832134203,468.3811673306,-0.0006444568,0.0009020349,-0.7144477741,32768,20260824,104,3.0000000000,true,0.9894030759,468.7528846634,0.0001486532,0.0002627227,400000,20260824,192,0.0426254077,-0.0015425885,parity_forward
daily,AMD,2026-09-01,1530,essvi,ok,,1M,0.0833333333,false,false,460.0978026570,460.1069011841,0.0000197752,0.0000844613,0.2341333611,32768,20260824,104,3.0000000000,true,0.9131061984,460.1118957723,0.0000306307,0.0000273182,400000,20260824,192,0.0338963532,0.0003788806,parity_forward
daily,AMD,2026-09-01,1530,essvi,ok,,3M,0.2500000000,false,false,463.7798021792,463.9513442600,0.0003698783,0.0004050770,0.9131061984,32768,20260824,104,3.0000000000,true,0.9131061984,463.8212176403,0.0000892998,0.0001185950,400000,20260824,192,0.0431819602,-0.0010661005,parity_forward
daily,AMD,2026-09-01,1530,essvi,ok,,6M,0.5000000000,false,false,468.6832134203,468.3724166613,-0.0006631276,0.0008763211,-0.7567175861,32768,20260824,104,3.0000000000,true,0.9131061984,468.7675903902,0.0001800299,0.0002536232,400000,20260824,192,0.0426254077,-0.0015425885,parity_forward
daily,AMD,2026-09-01,1530,essvi_g05,ok,,1M,0.0833333333,false,false,460.0978026570,460.1323672828,0.0000751245,0.0001197201,0.6275011056,32768,20260824,104,3.0000000000,true,1.0261949014,460.1271963861,0.0000638858,0.0000351932,400000,20260824,192,0.0338963532,0.0003788806,parity_forward
daily,AMD,2026-09-01,1530,essvi_g05,ok,,3M,0.2500000000,false,false,463.7798021792,463.9801168553,0.0004319176,0.0004208924,1.0261949014,32768,20260824,104,3.0000000000,true,1.0261949014,463.8362777547,0.0001217724,0.0001233158,400000,20260824,192,0.0431819602,-0.0010661005,parity_forward
daily,AMD,2026-09-01,1530,essvi_g05,ok,,6M,0.5000000000,false,false,468.6832134203,468.4053319892,-0.0005928982,0.0009495541,-0.6243964222,32768,20260824,104,3.0000000000,true,1.0261949014,468.7900285535,0.0002279048,0.0002769853,400000,20260824,192,0.0426254077,-0.0015425885,parity_forward
daily,AMD,2026-09-01,1530,essvi_gfree,ok,,1M,0.0833333333,false,false,460.0978026570,460.1307104815,0.0000715235,0.0001147391,0.6233578610,32768,20260824,104,3.0000000000,true,1.0576905124,460.1263534867,0.0000620538,0.0000342494,400000,20260824,192,0.0338963532,0.0003788806,parity_forward
daily,AMD,2026-09-01,1530,essvi_gfree,ok,,3M,0.2500000000,false,false,463.7798021792,463.9827635481,0.0004376244,0.0004137547,1.0576905124,32768,20260824,104,3.0000000000,true,1.0576905124,463.8341601812,0.0001172065,0.0001212206,400000,20260824,192,0.0431819602,-0.0010661005,parity_forward
daily,AMD,2026-09-01,1530,essvi_gfree,ok,,6M,0.5000000000,false,false,468.6832134203,468.3962323903,-0.0006123134,0.0009222682,-0.6639212037,32768,20260824,104,3.0000000000,true,1.0576905124,468.7861137891,0.0002195521,0.0002686104,400000,20260824,192,0.0426254077,-0.0015425885,parity_forward
daily,AMD,2026-09-01,1530,essvi_sg05,ok,,1M,0.0833333333,false,false,460.0978026570,460.0376049040,-0.0001308369,0.0001375570,-0.9511466054,32768,20260824,104,3.0000000000,true,0.9511466054,460.0968700311,-0.0000020270,0.0000366741,400000,20260824,192,0.0338963532,0.0003788806,parity_forward
daily,AMD,2026-09-01,1530,essvi_sg05,ok,,3M,0.2500000000,false,false,463.7798021792,463.9289234503,0.0003215346,0.0004116509,0.7810856251,32768,20260824,104,3.0000000000,true,0.9511466054,463.7809217959,0.0000024141,0.0001174649,400000,20260824,192,0.0431819602,-0.0010661005,parity_forward
daily,AMD,2026-09-01,1530,essvi_sg05,ok,,6M,0.5000000000,false,false,468.6832134203,468.3126592134,-0.0007906283,0.0008633913,-0.9157241852,32768,20260824,104,3.0000000000,true,0.9511466054,468.7218983116,0.0000825395,0.0002504473,400000,20260824,192,0.0426254077,-0.0015425885,parity_forward
daily,AMD,2026-09-02,1530,svi,ok,,1M,0.0833333333,false,false,458.7453752484,458.7325958950,-0.0000278572,0.0001021080,-0.2728207546,32768,20260824,104,3.0000000000,true,0.9290461023,458.7470564440,0.0000036648,0.0000324874,400000,20260824,192,0.0412800617,-0.0002357908,parity_forward
daily,AMD,2026-09-02,1530,svi,ok,,3M,0.2500000000,false,false,462.0936201955,462.2583689800,0.0003565269,0.0003837558,0.9290461023,32768,20260824,104,3.0000000000,true,0.9290461023,462.0920611309,-0.0000033739,0.0001126500,400000,20260824,192,0.0428487948,-0.0009581611,parity_forward
daily,AMD,2026-09-02,1530,svi,ok,,6M,0.5000000000,false,false,467.9728922980,467.6900929396,-0.0006043071,0.0008384460,-0.7207465999,32768,20260824,104,3.0000000000,true,0.9290461023,467.9999966856,0.0000579187,0.0002435889,400000,20260824,192,0.0467101177,-0.0035300535,parity_forward
daily,AMD,2026-09-02,1530,ssvi,ok,,1M,0.0833333333,false,false,458.7453752484,458.7596454105,0.0000311069,0.0001245705,0.2497134292,32768,20260824,104,3.0000000000,true,0.9404985996,458.7579649497,0.0000274438,0.0000391461,400000,20260824,192,0.0412800617,-0.0002357908,parity_forward
daily,AMD,2026-09-02,1530,ssvi,ok,,3M,0.2500000000,false,false,462.0936201955,462.2879963076,0.0004206423,0.0004472545,0.9404985996,32768,20260824,104,3.0000000000,true,0.9404985996,462.1176648695,0.0000520342,0.0001327761,400000,20260824,192,0.0428487948,-0.0009581611,parity_forward
daily,AMD,2026-09-02,1530,ssvi,ok,,6M,0.5000000000,false,false,467.9728922980,467.6953861851,-0.0005929961,0.0009225356,-0.6427894322,32768,20260824,104,3.0000000000,true,0.9404985996,468.0350912603,0.0001329115,0.0002692358,400000,20260824,192,0.0467101177,-0.0035300535,parity_forward
daily,AMD,2026-09-02,1530,essvi,ok,,1M,0.0833333333,false,false,458.7453752484,458.7620204082,0.0000362841,0.0000953370,0.3805878655,32768,20260824,104,3.0000000000,true,0.8489496043,458.7584955563,0.0000286004,0.0000292633,400000,20260824,192,0.0412800617,-0.0002357908,parity_forward
daily,AMD,2026-09-02,1530,essvi,ok,,3M,0.2500000000,false,false,462.0936201955,462.2185389625,0.0002703322,0.0004008832,0.6743413800,32768,20260824,104,3.0000000000,true,0.8489496043,462.1249242283,0.0000677439,0.0001203923,400000,20260824,192,0.0428487948,-0.0009581611,parity_forward
daily,AMD,2026-09-02,1530,essvi,ok,,6M,0.5000000000,false,false,467.9728922980,467.6235878410,-0.0007464203,0.0008792280,-0.8489496043,32768,20260824,104,3.0000000000,true,0.8489496043,468.0291276133,0.0001201679,0.0002578816,400000,20260824,192,0.0467101177,-0.0035300535,parity_forward
daily,AMD,2026-09-02,1530,essvi_g05,ok,,1M,0.0833333333,false,false,458.7453752484,458.7578843799,0.0000272681,0.0001005577,0.2711689524,32768,20260824,104,3.0000000000,true,0.7516408970,458.7615615991,0.0000352840,0.0000298036,400000,20260824,192,0.0412800617,-0.0002357908,parity_forward
daily,AMD,2026-09-02,1530,essvi_g05,ok,,3M,0.2500000000,false,false,462.0936201955,462.2081959887,0.0002479493,0.0004147426,0.5978389769,32768,20260824,104,3.0000000000,true,0.7516408970,462.1292050277,0.0000770078,0.0001245858,400000,20260824,192,0.0428487948,-0.0009581611,parity_forward
daily,AMD,2026-09-02,1530,essvi_g05,ok,,6M,0.5000000000,false,false,467.9728922980,467.6377391143,-0.0007161808,0.0009528230,-0.7516408970,32768,20260824,104,3.0000000000,true,0.7516408970,468.0438922511,0.0001517181,0.0002797469,400000,20260824,192,0.0467101177,-0.0035300535,parity_forward
daily,AMD,2026-09-02,1530,essvi_gfree,ok,,1M,0.0833333333,false,false,458.7453752484,458.7584685102,0.0000285415,0.0001006349,0.2836140174,32768,20260824,104,3.0000000000,true,0.7823180756,458.7612326616,0.0000345669,0.0000299893,400000,20260824,192,0.0412800617,-0.0002357908,parity_forward
daily,AMD,2026-09-02,1530,essvi_gfree,ok,,3M,0.2500000000,false,false,462.0936201955,462.2174876510,0.0002680571,0.0004097391,0.6542140066,32768,20260824,104,3.0000000000,true,0.7823180756,462.1279261539,0.0000742403,0.0001225354,400000,20260824,192,0.0428487948,-0.0009581611,parity_forward
daily,AMD,2026-09-02,1530,essvi_gfree,ok,,6M,0.5000000000,false,false,467.9728922980,467.6343521087,-0.0007234184,0.0009247113,-0.7823180756,32768,20260824,104,3.0000000000,true,0.7823180756,468.0420978790,0.0001478837,0.0002707630,400000,20260824,192,0.0467101177,-0.0035300535,parity_forward
daily,AMD,2026-09-02,1530,essvi_sg05,ok,,1M,0.0833333333,false,false,458.7453752484,458.7660471890,0.0000450619,0.0001001495,0.4499461777,32768,20260824,104,3.0000000000,true,0.8768714612,458.7585866437,0.0000287990,0.0000274782,400000,20260824,192,0.0412800617,-0.0002357908,parity_forward
daily,AMD,2026-09-02,1530,essvi_sg05,ok,,3M,0.2500000000,false,false,462.0936201955,462.2542883122,0.0003476960,0.0003965188,0.8768714612,32768,20260824,104,3.0000000000,true,0.8768714612,462.1200746642,0.0000572492,0.0001158919,400000,20260824,192,0.0428487948,-0.0009581611,parity_forward
daily,AMD,2026-09-02,1530,essvi_sg05,ok,,6M,0.5000000000,false,false,467.9728922980,467.6678147311,-0.0006519129,0.0008853186,-0.7363596684,32768,20260824,104,3.0000000000,true,0.8768714612,468.0323645128,0.0001270847,0.0002571927,400000,20260824,192,0.0467101177,-0.0035300535,parity_forward
daily,AMD,2026-09-03,1530,svi,ok,,1M,0.0833333333,false,false,458.2817046129,458.2700363079,-0.0000254610,0.0001160627,-0.2193726181,32768,20260824,104,3.0000000000,true,0.7625672242,458.3047714277,0.0000503333,0.0000329528,400000,20260824,192,0.0533206187,-0.0012546828,parity_forward
daily,AMD,2026-09-03,1530,svi,ok,,3M,0.2500000000,false,false,461.8306348921,461.9596194774,0.0002792898,0.0004709194,0.5930734305,32768,20260824,104,3.0000000000,true,0.7625672242,461.9025987665,0.0001558231,0.0001284808,400000,20260824,192,0.0486301880,-0.0023997547,parity_forward
daily,AMD,2026-09-03,1530,svi,ok,,6M,0.5000000000,false,false,467.5374525138,467.2180904710,-0.0006830726,0.0008957540,-0.7625672242,32768,20260824,104,3.0000000000,true,0.7625672242,467.6373318908,0.0002136286,0.0002545861,400000,20260824,192,0.0488775443,-0.0046109635,parity_forward
daily,AMD,2026-09-03,1530,ssvi,ok,,1M,0.0833333333,false,false,458.2817046129,458.2884362542,0.0000146889,0.0001431987,0.1025768637,32768,20260824,104,3.0000000000,true,0.8779244889,458.3013005360,0.0000427596,0.0000403832,400000,20260824,192,0.0533206187,-0.0012546828,parity_forward
daily,AMD,2026-09-03,1530,ssvi,ok,,3M,0.2500000000,false,false,461.8306348921,462.0227497121,0.0004159854,0.0004738283,0.8779244889,32768,20260824,104,3.0000000000,true,0.8779244889,461.8596024543,0.0000627233,0.0001338018,400000,20260824,192,0.0486301880,-0.0023997547,parity_forward
daily,AMD,2026-09-03,1530,ssvi,ok,,6M,0.5000000000,false,false,467.5374525138,467.2337748922,-0.0006495258,0.0009265075,-0.7010474630,32768,20260824,104,3.0000000000,true,0.8779244889,467.5913058280,0.0001151850,0.0002652993,400000,20260824,192,0.0488775443,-0.0046109635,parity_forward
daily,AMD,2026-09-03,1530,essvi,ok,,1M,0.0833333333,false,false,458.2817046129,458.2749028628,-0.0000148419,0.0001166642,-0.1272185474,32768,20260824,104,3.0000000000,true,0.8584076397,458.2978475743,0.0000352250,0.0000311486,400000,20260824,192,0.0533206187,-0.0012546828,parity_forward
daily,AMD,2026-09-03,1530,essvi,ok,,3M,0.2500000000,false,false,461.8306348921,462.0023767116,0.0003718719,0.0004332113,0.8584076397,32768,20260824,104,3.0000000000,true,0.8584076397,461.8629786368,0.0000700338,0.0001181332,400000,20260824,192,0.0486301880,-0.0023997547,parity_forward
daily,AMD,2026-09-03,1530,essvi,ok,,6M,0.5000000000,false,false,467.5374525138,467.2408930012,-0.0006343011,0.0008985073,-0.7059498403,32768,20260824,104,3.0000000000,true,0.8584076397,467.5896325116,0.0001116060,0.0002535557,400000,20260824,192,0.0488775443,-0.0046109635,parity_forward
daily,AMD,2026-09-03,1530,essvi_g05,ok,,1M,0.0833333333,false,false,458.2817046129,458.2652157467,-0.0000359798,0.0001135107,-0.3169724671,32768,20260824,104,3.0000000000,true,0.8251877578,458.2988415023,0.0000373938,0.0000309627,400000,20260824,192,0.0533206187,-0.0012546828,parity_forward
daily,AMD,2026-09-03,1530,essvi_g05,ok,,3M,0.2500000000,false,false,461.8306348921,461.9413679302,0.0002397698,0.0004357723,0.5502180918,32768,20260824,104,3.0000000000,true,0.8251877578,461.8592070919,0.0000618673,0.0001219455,400000,20260824,192,0.0486301880,-0.0023997547,parity_forward
daily,AMD,2026-09-03,1530,essvi_g05,ok,,6M,0.5000000000,false,false,467.5374525138,467.1699892691,-0.0007859547,0.0009524556,-0.8251877578,32768,20260824,104,3.0000000000,true,0.8251877578,467.5790877320,0.0000890522,0.0002722260,400000,20260824,192,0.0488775443,-0.0046109635,parity_forward
daily,AMD,2026-09-03,1530,essvi_gfree,ok,,1M,0.0833333333,false,false,458.2817046129,458.2647500577,-0.0000369959,0.0001122594,-0.3295575499,32768,20260824,104,3.0000000000,true,0.8317217989,458.2992148474,0.0000382085,0.0000307365,400000,20260824,192,0.0533206187,-0.0012546828,parity_forward
daily,AMD,2026-09-03,1530,essvi_gfree,ok,,3M,0.2500000000,false,false,461.8306348921,461.9490740949,0.0002564559,0.0004285695,0.5983998430,32768,20260824,104,3.0000000000,true,0.8317217989,461.8590989549,0.0000616331,0.0001199901,400000,20260824,192,0.0486301880,-0.0023997547,parity_forward
daily,AMD,2026-09-03,1530,essvi_gfree,ok,,6M,0.5000000000,false,false,467.5374525138,467.1784408030,-0.0007678780,0.0009232390,-0.8317217989,32768,20260824,104,3.0000000000,true,0.8317217989,467.5820477782,0.0000953833,0.0002637208,400000,20260824,192,0.0488775443,-0.0046109635,parity_forward
daily,AMD,2026-09-03,1530,essvi_sg05,ok,,1M,0.0833333333,false,false,458.2817046129,458.2522314896,-0.0000643122,0.0001046258,-0.6146880061,32768,20260824,104,3.0000000000,true,0.8859993551,458.2973911903,0.0000342291,0.0000281535,400000,20260824,192,0.0533206187,-0.0012546828,parity_forward
daily,AMD,2026-09-03,1530,essvi_sg05,ok,,3M,0.2500000000,false,false,461.8306348921,461.9604632913,0.0002811169,0.0004151169,0.6771994137,32768,20260824,104,3.0000000000,true,0.8859993551,461.8519077840,0.0000460621,0.0001164308,400000,20260824,192,0.0486301880,-0.0023997547,parity_forward
daily,AMD,2026-09-03,1530,essvi_sg05,ok,,6M,0.5000000000,false,false,467.5374525138,467.1690979015,-0.0007878612,0.0008892345,-0.8859993551,32768,20260824,104,3.0000000000,true,0.8859993551,467.5816285006,0.0000944865,0.0002540084,400000,20260824,192,0.0488775443,-0.0046109635,parity_forward
daily,AMD,2026-09-04,1530,svi,ok,,1M,0.0833333333,false,false,473.2820009670,473.3159577920,0.0000717476,0.0001647391,0.4355223021,32768,20260824,104,3.0000000000,true,1.1524461217,473.3028732545,0.0000441012,0.0000421098,400000,20260824,192,0.0490858745,-0.0009038708,parity_forward
daily,AMD,2026-09-04,1530,svi,ok,,3M,0.2500000000,false,false,476.8792203008,477.1274453474,0.0005205197,0.0004516651,1.1524461217,32768,20260824,104,3.0000000000,true,1.1524461217,476.9029300208,0.0000497185,0.0001260838,400000,20260824,192,0.0466493363,-0.0019797375,parity_forward
daily,AMD,2026-09-04,1530,svi,ok,,6M,0.5000000000,false,false,482.6246597291,482.2526468456,-0.0007708120,0.0009661078,-0.7978530187,32768,20260824,104,3.0000000000,true,1.1524461217,482.6805187380,0.0001157401,0.0002743603,400000,20260824,192,0.0472766634,-0.0040607894,parity_forward
daily,AMD,2026-09-04,1530,ssvi,ok,,1M,0.0833333333,false,false,473.2820009670,473.3154128630,0.0000705962,0.0001583467,0.4458329554,32768,20260824,104,3.0000000000,true,0.9890071299,473.3061688221,0.0000510644,0.0000431492,400000,20260824,192,0.0490858745,-0.0009038708,parity_forward
daily,AMD,2026-09-04,1530,ssvi,ok,,3M,0.2500000000,false,false,476.8792203008,477.1256053086,0.0005166612,0.0005224040,0.9890071299,32768,20260824,104,3.0000000000,true,0.9890071299,476.9244444703,0.0000948336,0.0001471456,400000,20260824,192,0.0466493363,-0.0019797375,parity_forward
daily,AMD,2026-09-04,1530,ssvi,ok,,6M,0.5000000000,false,false,482.6246597291,482.3626635351,-0.0005428570,0.0010101897,-0.5373812745,32768,20260824,104,3.0000000000,true,0.9890071299,482.7044521737,0.0001653302,0.0002844684,400000,20260824,192,0.0472766634,-0.0040607894,parity_forward
daily,AMD,2026-09-04,1530,essvi,ok,,1M,0.0833333333,false,false,473.2820009670,473.3312769616,0.0001041155,0.0001653741,0.6295757669,32768,20260824,104,3.0000000000,true,1.0039526019,473.3067396612,0.0000522705,0.0000402949,400000,20260824,192,0.0490858745,-0.0009038708,parity_forward
daily,AMD,2026-09-04,1530,essvi,ok,,3M,0.2500000000,false,false,476.8792203008,477.1103294025,0.0004846282,0.0004827202,1.0039526019,32768,20260824,104,3.0000000000,true,1.0039526019,476.9229640461,0.0000917292,0.0001330923,400000,20260824,192,0.0466493363,-0.0019797375,parity_forward
daily,AMD,2026-09-04,1530,essvi,ok,,6M,0.5000000000,false,false,482.6246597291,482.3282071652,-0.0006142508,0.0009862171,-0.6228352432,32768,20260824,104,3.0000000000,true,1.0039526019,482.7056475728,0.0001678071,0.0002777632,400000,20260824,192,0.0472766634,-0.0040607894,parity_forward
daily,AMD,2026-09-04,1530,essvi_g05,ok,,1M,0.0833333333,false,false,473.2820009670,473.3222099836,0.0000849578,0.0001598874,0.5313606074,32768,20260824,104,3.0000000000,true,0.8521004742,473.3105761162,0.0000603766,0.0000411810,400000,20260824,192,0.0490858745,-0.0009038708,parity_forward
daily,AMD,2026-09-04,1530,essvi_g05,ok,,3M,0.2500000000,false,false,476.8792203008,477.0831634030,0.0004276620,0.0005018915,0.8521004742,32768,20260824,104,3.0000000000,true,0.8521004742,476.9297592979,0.0001059786,0.0001395163,400000,20260824,192,0.0466493363,-0.0019797375,parity_forward
daily,AMD,2026-09-04,1530,essvi_g05,ok,,6M,0.5000000000,false,false,482.6246597291,482.3085810928,-0.0006549161,0.0010635036,-0.6158099111,32768,20260824,104,3.0000000000,true,0.8521004742,482.7076810117,0.0001720204,0.0002988813,400000,20260824,192,0.0472766634,-0.0040607894,parity_forward
daily,AMD,2026-09-04,1530,essvi_gfree,ok,,1M,0.0833333333,false,false,473.2820009670,473.3260921774,0.0000931605,0.0001578167,0.5903085408,32768,20260824,104,3.0000000000,true,0.9436500944,473.3100101917,0.0000591808,0.0000407433,400000,20260824,192,0.0490858745,-0.0009038708,parity_forward
daily,AMD,2026-09-04,1530,essvi_gfree,ok,,3M,0.2500000000,false,false,476.8792203008,477.0971521330,0.0004569959,0.0004842853,0.9436500944,32768,20260824,104,3.0000000000,true,0.9436500944,476.9262363356,0.0000985911,0.0001345847,400000,20260824,192,0.0466493363,-0.0019797375,parity_forward
daily,AMD,2026-09-04,1530,essvi_gfree,ok,,6M,0.5000000000,false,false,482.6246597291,482.3156045193,-0.0006403635,0.0009929158,-0.6449322976,32768,20260824,104,3.0000000000,true,0.9436500944,482.7091969820,0.0001751615,0.0002796765,400000,20260824,192,0.0472766634,-0.0040607894,parity_forward
daily,AMD,2026-09-04,1530,essvi_sg05,ok,,1M,0.0833333333,false,false,473.2820009670,473.3433622148,0.0001296505,0.0001651479,0.7850570062,32768,20260824,104,3.0000000000,true,1.0484417987,473.3109227303,0.0000611089,0.0000403140,400000,20260824,192,0.0490858745,-0.0009038708,parity_forward
daily,AMD,2026-09-04,1530,essvi_sg05,ok,,3M,0.2500000000,false,false,476.8792203008,477.1166804547,0.0004979461,0.0004749392,1.0484417987,32768,20260824,104,3.0000000000,true,1.0484417987,476.9270894175,0.0001003800,0.0001320538,400000,20260824,192,0.0466493363,-0.0019797375,parity_forward
daily,AMD,2026-09-04,1530,essvi_sg05,ok,,6M,0.5000000000,false,false,482.6246597291,482.3585766572,-0.0005513251,0.0009728659,-0.5667020414,32768,20260824,104,3.0000000000,true,1.0484417987,482.7088113000,0.0001743624,0.0002741287,400000,20260824,192,0.0472766634,-0.0040607894,parity_forward
daily,AMD,2026-09-08,1530,svi,ok,,1M,0.0833333333,false,false,508.4792213877,508.4656739028,-0.0000266431,0.0001825022,-0.1459880397,32768,20260824,104,3.0000000000,true,1.4114000850,508.4875623426,0.0000164037,0.0000515952,400000,20260824,192,0.0449051302,-0.0005872345,parity_forward
daily,AMD,2026-09-08,1530,svi,ok,,3M,0.2500000000,false,false,512.1761078407,512.5753801348,0.0007795606,0.0005523314,1.4114000850,32768,20260824,104,3.0000000000,true,1.4114000850,512.2031774702,0.0000528522,0.0001577237,400000,20260824,192,0.0439450745,-0.0012555948,parity_forward
daily,AMD,2026-09-08,1530,svi,ok,,6M,0.5000000000,false,false,518.5708039779,518.1392688267,-0.0008321625,0.0011102338,-0.7495380352,32768,20260824,104,3.0000000000,true,1.4114000850,518.6567874669,0.0001658086,0.0003203499,400000,20260824,192,0.0467886317,-0.0036692886,parity_forward
daily,AMD,2026-09-08,1530,ssvi,ok,,1M,0.0833333333,false,false,508.4792213877,508.4837677852,0.0000089412,0.0001889812,0.0473124731,32768,20260824,104,3.0000000000,true,1.0399987750,508.4916344456,0.0000244121,0.0000568183,400000,20260824,192,0.0449051302,-0.0005872345,parity_forward
daily,AMD,2026-09-08,1530,ssvi,ok,,3M,0.2500000000,false,false,512.1761078407,512.4916842266,0.0006161482,0.0005924509,1.0399987750,32768,20260824,104,3.0000000000,true,1.0399987750,512.2053951178,0.0000571820,0.0001725674,400000,20260824,192,0.0439450745,-0.0012555948,parity_forward
daily,AMD,2026-09-08,1530,ssvi,ok,,6M,0.5000000000,false,false,518.5708039779,518.1387539623,-0.0008331553,0.0011437869,-0.7284182657,32768,20260824,104,3.0000000000,true,1.0399987750,518.6524430145,0.0001574308,0.0003331155,400000,20260824,192,0.0467886317,-0.0036692886,parity_forward
daily,AMD,2026-09-08,1530,essvi,ok,,1M,0.0833333333,false,false,508.4792213877,508.4456433890,-0.0000660361,0.0002043912,-0.3230869989,32768,20260824,104,3.0000000000,true,0.8992607927,508.4826591836,0.0000067609,0.0000531334,400000,20260824,192,0.0449051302,-0.0005872345,parity_forward
daily,AMD,2026-09-08,1530,essvi,ok,,3M,0.2500000000,false,false,512.1761078407,512.4145791236,0.0004656041,0.0005737670,0.8114862795,32768,20260824,104,3.0000000000,true,0.8992607927,512.1901673379,0.0000274505,0.0001654065,400000,20260824,192,0.0439450745,-0.0012555948,parity_forward
daily,AMD,2026-09-08,1530,essvi,ok,,6M,0.5000000000,false,false,518.5708039779,518.0485258575,-0.0010071491,0.0011199744,-0.8992607927,32768,20260824,104,3.0000000000,true,0.8992607927,518.6357330216,0.0001252077,0.0003266360,400000,20260824,192,0.0467886317,-0.0036692886,parity_forward
daily,AMD,2026-09-08,1530,essvi_g05,ok,,1M,0.0833333333,false,false,508.4792213877,508.4573385501,-0.0000430359,0.0002020470,-0.2129992070,32768,20260824,104,3.0000000000,true,0.8776785973,508.5055516115,0.0000517823,0.0000554169,400000,20260824,192,0.0449051302,-0.0005872345,parity_forward
daily,AMD,2026-09-08,1530,essvi_g05,ok,,3M,0.2500000000,false,false,512.1761078407,512.4203074447,0.0004767884,0.0005895205,0.8087731388,32768,20260824,104,3.0000000000,true,0.8776785973,512.2116236383,0.0000693429,0.0001709743,400000,20260824,192,0.0439450745,-0.0012555948,parity_forward
daily,AMD,2026-09-08,1530,essvi_g05,ok,,6M,0.5000000000,false,false,518.5708039779,518.0299764836,-0.0010429193,0.0011882702,-0.8776785973,32768,20260824,104,3.0000000000,true,0.8776785973,518.6683700079,0.0001881441,0.0003496893,400000,20260824,192,0.0467886317,-0.0036692886,parity_forward
daily,AMD,2026-09-08,1530,essvi_gfree,ok,,1M,0.0833333333,false,false,508.4792213877,508.4569682794,-0.0000437640,0.0001997682,-0.2190740916,32768,20260824,104,3.0000000000,true,0.8885624434,508.5046228858,0.0000499558,0.0000548851,400000,20260824,192,0.0449051302,-0.0005872345,parity_forward
daily,AMD,2026-09-08,1530,essvi_gfree,ok,,3M,0.2500000000,false,false,512.1761078407,512.4373936576,0.0005101484,0.0005773451,0.8836107673,32768,20260824,104,3.0000000000,true,0.8885624434,512.2092862129,0.0000647792,0.0001664707,400000,20260824,192,0.0439450745,-0.0012555948,parity_forward
daily,AMD,2026-09-08,1530,essvi_gfree,ok,,6M,0.5000000000,false,false,518.5708039779,518.0452169256,-0.0010135300,0.0011406401,-0.8885624434,32768,20260824,104,3.0000000000,true,0.8885624434,518.6593126933,0.0001706782,0.0003334418,400000,20260824,192,0.0467886317,-0.0036692886,parity_forward
daily,AMD,2026-09-08,1530,essvi_sg05,ok,,1M,0.0833333333,false,false,508.4792213877,508.4685320438,-0.0000210222,0.0001953330,-0.1076222861,32768,20260824,104,3.0000000000,true,0.9373029744,508.4979058944,0.0000367459,0.0000527365,400000,20260824,192,0.0449051302,-0.0005872345,parity_forward
daily,AMD,2026-09-08,1530,essvi_sg05,ok,,3M,0.2500000000,false,false,512.1761078407,512.4483742545,0.0005315875,0.0005671459,0.9373029744,32768,20260824,104,3.0000000000,true,0.9373029744,512.1985536057,0.0000438243,0.0001621226,400000,20260824,192,0.0439450745,-0.0012555948,parity_forward
daily,AMD,2026-09-08,1530,essvi_sg05,ok,,6M,0.5000000000,false,false,518.5708039779,518.0751351014,-0.0009558365,0.0011230433,-0.8511127407,32768,20260824,104,3.0000000000,true,0.9373029744,518.6453985526,0.0001438465,0.0003261444,400000,20260824,192,0.0467886317,-0.0036692886,parity_forward
daily,AMD,2026-09-09,1530,svi,ok,,1M,0.0833333333,false,false,523.2666872863,523.2819500950,0.0000291683,0.0001241750,0.2348968528,32768,20260824,104,3.0000000000,true,1.3826909060,523.2868425930,0.0000385182,0.0000420051,400000,20260824,192,0.0556651169,-0.0014653616,parity_forward
daily,AMD,2026-09-09,1530,svi,ok,,3M,0.2500000000,false,false,526.9416857988,527.2913428683,0.0006635593,0.0004799043,1.3826909060,32768,20260824,104,3.0000000000,true,1.3826909060,526.9723436833,0.0000581808,0.0001396531,400000,20260824,192,0.0465495864,-0.0018318275,parity_forward
daily,AMD,2026-09-09,1530,svi,ok,,6M,0.5000000000,false,false,533.3581703394,532.9237433098,-0.0008145127,0.0010784797,-0.7552416375,32768,20260824,104,3.0000000000,true,1.3826909060,533.4351215861,0.0001442769,0.0003111789,400000,20260824,192,0.0474813903,-0.0039166669,parity_forward
daily,AMD,2026-09-09,1530,ssvi,ok,,1M,0.0833333333,false,false,523.2666872863,523.2778125284,0.0000212611,0.0001591561,0.1335866491,32768,20260824,104,3.0000000000,true,1.0396776218,523.2894270369,0.0000434573,0.0000494122,400000,20260824,192,0.0556651169,-0.0014653616,parity_forward
daily,AMD,2026-09-09,1530,ssvi,ok,,3M,0.2500000000,false,false,526.9416857988,527.2427426662,0.0005713286,0.0005495248,1.0396776218,32768,20260824,104,3.0000000000,true,1.0396776218,526.9731808753,0.0000597696,0.0001602507,400000,20260824,192,0.0465495864,-0.0018318275,parity_forward
daily,AMD,2026-09-09,1530,ssvi,ok,,6M,0.5000000000,false,false,533.3581703394,532.9262393669,-0.0008098329,0.0010896053,-0.7432350467,32768,20260824,104,3.0000000000,true,1.0396776218,533.4399909840,0.0001534066,0.0003152494,400000,20260824,192,0.0474813903,-0.0039166669,parity_forward
daily,AMD,2026-09-09,1530,essvi,ok,,1M,0.0833333333,false,false,523.2666872863,523.2575856592,-0.0000173939,0.0001545325,-0.1125579278,32768,20260824,104,3.0000000000,true,0.9229313646,523.2912471299,0.0000469356,0.0000459591,400000,20260824,192,0.0556651169,-0.0014653616,parity_forward
daily,AMD,2026-09-09,1530,essvi,ok,,3M,0.2500000000,false,false,526.9416857988,527.1899296259,0.0004711030,0.0005199801,0.9060019652,32768,20260824,104,3.0000000000,true,0.9229313646,526.9781553305,0.0000692098,0.0001512816,400000,20260824,192,0.0465495864,-0.0018318275,parity_forward
daily,AMD,2026-09-09,1530,essvi,ok,,6M,0.5000000000,false,false,533.3581703394,532.8338835924,-0.0009829919,0.0010650758,-0.9229313646,32768,20260824,104,3.0000000000,true,0.9229313646,533.4425776391,0.0001582563,0.0003091263,400000,20260824,192,0.0474813903,-0.0039166669,parity_forward
daily,AMD,2026-09-09,1530,essvi_g05,ok,,1M,0.0833333333,false,false,523.2666872863,523.2381467803,-0.0000545429,0.0001616340,-0.3374472431,32768,20260824,104,3.0000000000,true,0.8545595154,523.3026256628,0.0000686808,0.0000470487,400000,20260824,192,0.0556651169,-0.0014653616,parity_forward
daily,AMD,2026-09-09,1530,essvi_g05,ok,,3M,0.2500000000,false,false,526.9416857988,527.1582723919,0.0004110257,0.0005512460,0.7456303048,32768,20260824,104,3.0000000000,true,0.8545595154,526.9815522776,0.0000756563,0.0001608026,400000,20260824,192,0.0465495864,-0.0018318275,parity_forward
daily,AMD,2026-09-09,1530,essvi_g05,ok,,6M,0.5000000000,false,false,533.3581703394,532.8243069909,-0.0010009472,0.0011713019,-0.8545595154,32768,20260824,104,3.0000000000,true,0.8545595154,533.4497277432,0.0001716621,0.0003413569,400000,20260824,192,0.0474813903,-0.0039166669,parity_forward
daily,AMD,2026-09-09,1530,essvi_gfree,ok,,1M,0.0833333333,false,false,523.2666872863,523.2309975965,-0.0000682055,0.0001656644,-0.4117091703,32768,20260824,104,3.0000000000,true,0.9414891842,523.3193589196,0.0001006593,0.0000517155,400000,20260824,192,0.0556651169,-0.0014653616,parity_forward
daily,AMD,2026-09-09,1530,essvi_gfree,ok,,3M,0.2500000000,false,false,526.9416857988,527.1756000740,0.0004439092,0.0005324582,0.8336977812,32768,20260824,104,3.0000000000,true,0.9414891842,527.0044922386,0.0001191905,0.0001545045,400000,20260824,192,0.0465495864,-0.0018318275,parity_forward
daily,AMD,2026-09-09,1530,essvi_gfree,ok,,6M,0.5000000000,false,false,533.3581703394,532.8161771830,-0.0010161898,0.0010793431,-0.9414891842,32768,20260824,104,3.0000000000,true,0.9414891842,533.4704011348,0.0002104229,0.0003137269,400000,20260824,192,0.0474813903,-0.0039166669,parity_forward
daily,AMD,2026-09-09,1530,essvi_sg05,ok,,1M,0.0833333333,false,false,523.2666872863,523.2466691370,-0.0000382561,0.0001441986,-0.2653014949,32768,20260824,104,3.0000000000,true,0.9078249290,523.3323121674,0.0001254138,0.0000516470,400000,20260824,192,0.0556651169,-0.0014653616,parity_forward
daily,AMD,2026-09-09,1530,essvi_sg05,ok,,3M,0.2500000000,false,false,526.9416857988,527.1865431844,0.0004646764,0.0005118569,0.9078249290,32768,20260824,104,3.0000000000,true,0.9078249290,527.0196088026,0.0001478779,0.0001508172,400000,20260824,192,0.0465495864,-0.0018318275,parity_forward
daily,AMD,2026-09-09,1530,essvi_sg05,ok,,6M,0.5000000000,false,false,533.3581703394,532.8686466523,-0.0009178142,0.0010629767,-0.8634376769,32768,20260824,104,3.0000000000,true,0.9078249290,533.4920152089,0.0002509474,0.0003084019,400000,20260824,192,0.0474813903,-0.0039166669,parity_forward
daily,AMD,2026-09-10,1530,svi,ok,,1M,0.0833333333,false,false,506.2853154117,506.3697505336,0.0001667738,0.0001433737,1.1632103140,32768,20260824,104,3.0000000000,true,1.2514553854,506.3239654630,0.0000763405,0.0000476517,400000,20260824,192,0.0594094208,-0.0017768811,parity_forward
daily,AMD,2026-09-10,1530,svi,ok,,3M,0.2500000000,false,false,509.9204251390,510.2375906513,0.0006219902,0.0004970135,1.2514553854,32768,20260824,104,3.0000000000,true,1.2514553854,509.9879665922,0.0001324549,0.0001442808,400000,20260824,192,0.0484203786,-0.0022730646,parity_forward
daily,AMD,2026-09-10,1530,svi,ok,,6M,0.5000000000,false,false,516.3437112293,515.9592314343,-0.0007446199,0.0009806161,-0.7593388156,32768,20260824,104,3.0000000000,true,1.2514553854,516.4476825426,0.0002013607,0.0002817455,400000,20260824,192,0.0492461220,-0.0047455935,parity_forward
daily,AMD,2026-09-10,1530,ssvi,ok,,1M,0.0833333333,false,false,506.2853154117,506.2857038186,0.0000007672,0.0001451929,0.0052837992,32768,20260824,104,3.0000000000,true,1.0157469783,506.3087996727,0.0000463854,0.0000442521,400000,20260824,192,0.0594094208,-0.0017768811,parity_forward
daily,AMD,2026-09-10,1530,ssvi,ok,,3M,0.2500000000,false,false,509.9204251390,510.1874798349,0.0005237184,0.0005155992,1.0157469783,32768,20260824,104,3.0000000000,true,1.0157469783,509.9653800687,0.0000881607,0.0001479979,400000,20260824,192,0.0484203786,-0.0022730646,parity_forward
daily,AMD,2026-09-10,1530,ssvi,ok,,6M,0.5000000000,false,false,516.3437112293,515.9365396610,-0.0007885669,0.0010231817,-0.7707007267,32768,20260824,104,3.0000000000,true,1.0157469783,516.4192353055,0.0001462671,0.0002925378,400000,20260824,192,0.0492461220,-0.0047455935,parity_forward
daily,AMD,2026-09-10,1530,essvi,ok,,1M,0.0833333333,false,false,506.2853154117,506.3162645681,0.0000611299,0.0001236112,0.4945333615,32768,20260824,104,3.0000000000,true,1.1635999499,506.3155135689,0.0000596465,0.0000392930,400000,20260824,192,0.0594094208,-0.0017768811,parity_forward
daily,AMD,2026-09-10,1530,essvi,ok,,3M,0.2500000000,false,false,509.9204251390,510.2095601023,0.0005670198,0.0004872979,1.1635999499,32768,20260824,104,3.0000000000,true,1.1635999499,509.9726798358,0.0001024762,0.0001409307,400000,20260824,192,0.0484203786,-0.0022730646,parity_forward
daily,AMD,2026-09-10,1530,essvi,ok,,6M,0.5000000000,false,false,516.3437112293,515.9711219673,-0.0007215916,0.0009902672,-0.7286837008,32768,20260824,104,3.0000000000,true,1.1635999499,516.4197360344,0.0001472368,0.0002841469,400000,20260824,192,0.0492461220,-0.0047455935,parity_forward
daily,AMD,2026-09-10,1530,essvi_g05,ok,,1M,0.0833333333,false,false,506.2853154117,506.3171979447,0.0000629734,0.0001205047,0.5225809312,32768,20260824,104,3.0000000000,true,1.1213950399,506.3167738890,0.0000621359,0.0000408440,400000,20260824,192,0.0594094208,-0.0017768811,parity_forward
daily,AMD,2026-09-10,1530,essvi_g05,ok,,3M,0.2500000000,false,false,509.9204251390,510.2010138882,0.0005502599,0.0004906923,1.1213950399,32768,20260824,104,3.0000000000,true,1.1213950399,509.9665839207,0.0000905215,0.0001459151,400000,20260824,192,0.0484203786,-0.0022730646,parity_forward
daily,AMD,2026-09-10,1530,essvi_g05,ok,,6M,0.5000000000,false,false,516.3437112293,515.9477433001,-0.0007668689,0.0010543335,-0.7273494265,32768,20260824,104,3.0000000000,true,1.1213950399,516.4215822533,0.0001508124,0.0003069911,400000,20260824,192,0.0492461220,-0.0047455935,parity_forward
daily,AMD,2026-09-10,1530,essvi_gfree,ok,,1M,0.0833333333,false,false,506.2853154117,506.3193535326,0.0000672311,0.0001203950,0.5584212066,32768,20260824,104,3.0000000000,true,1.1287532941,506.3164612815,0.0000615184,0.0000411490,400000,20260824,192,0.0594094208,-0.0017768811,parity_forward
daily,AMD,2026-09-10,1530,essvi_gfree,ok,,3M,0.2500000000,false,false,509.9204251390,510.1972005785,0.0005427816,0.0004808683,1.1287532941,32768,20260824,104,3.0000000000,true,1.1287532941,509.9678438058,0.0000929923,0.0001422018,400000,20260824,192,0.0484203786,-0.0022730646,parity_forward
daily,AMD,2026-09-10,1530,essvi_gfree,ok,,6M,0.5000000000,false,false,516.3437112293,515.9477341042,-0.0007668867,0.0010176296,-0.7536010129,32768,20260824,104,3.0000000000,true,1.1287532941,516.4204657486,0.0001486501,0.0002944007,400000,20260824,192,0.0492461220,-0.0047455935,parity_forward
daily,AMD,2026-09-10,1530,essvi_sg05,ok,,1M,0.0833333333,false,false,506.2853154117,506.3049236200,0.0000387296,0.0001325501,0.2921881172,32768,20260824,104,3.0000000000,true,0.9854302512,506.3085841829,0.0000459598,0.0000382717,400000,20260824,192,0.0594094208,-0.0017768811,parity_forward
daily,AMD,2026-09-10,1530,essvi_sg05,ok,,3M,0.2500000000,false,false,509.9204251390,510.1575562581,0.0004650355,0.0004719112,0.9854302512,32768,20260824,104,3.0000000000,true,0.9854302512,509.9608605731,0.0000792975,0.0001350930,400000,20260824,192,0.0484203786,-0.0022730646,parity_forward
daily,AMD,2026-09-10,1530,essvi_sg05,ok,,6M,0.5000000000,false,false,516.3437112293,515.9084541856,-0.0008429599,0.0009881042,-0.8531083497,32768,20260824,104,3.0000000000,true,0.9854302512,516.4097730819,0.0001279416,0.0002817653,400000,20260824,192,0.0492461220,-0.0047455935,parity_forward
daily,AMD,2026-09-11,1530,svi,ok,,1M,0.0833333333,false,false,518.0770348174,518.1541984338,0.0001489424,0.0001234886,1.2061223901,32768,20260824,104,3.0000000000,true,1.4588160606,518.0955886673,0.0000358129,0.0000322971,400000,20260824,192,0.0361192451,0.0002437761,parity_forward
daily,AMD,2026-09-11,1530,svi,ok,,3M,0.2500000000,false,false,521.9876026265,522.3386495121,0.0006725196,0.0004610037,1.4588160606,32768,20260824,104,3.0000000000,true,1.4588160606,522.0225315815,0.0000669153,0.0001282279,400000,20260824,192,0.0421193115,-0.0005764505,parity_forward
daily,AMD,2026-09-11,1530,svi,ok,,6M,0.5000000000,false,false,529.0288897234,528.8341047191,-0.0003681935,0.0012152319,-0.3029820982,32768,20260824,104,3.0000000000,true,1.4588160606,529.0435844848,0.0000277769,0.0003381111,400000,20260824,192,0.0478580647,-0.0037595165,parity_forward
daily,AMD,2026-09-11,1530,ssvi,ok,,1M,0.0833333333,false,false,518.0770348174,518.1072602937,0.0000583417,0.0001577519,0.3698316614,32768,20260824,104,3.0000000000,true,1.0919748517,518.0972420956,0.0000390044,0.0000411984,400000,20260824,192,0.0361192451,0.0002437761,parity_forward
daily,AMD,2026-09-11,1530,ssvi,ok,,3M,0.2500000000,false,false,521.9876026265,522.2871584546,0.0005738754,0.0005255390,1.0919748517,32768,20260824,104,3.0000000000,true,1.0919748517,522.0338111038,0.0000885241,0.0001461993,400000,20260824,192,0.0421193115,-0.0005764505,parity_forward
daily,AMD,2026-09-11,1530,ssvi,ok,,6M,0.5000000000,false,false,529.0288897234,528.6565970025,-0.0007037285,0.0010489195,-0.6709080293,32768,20260824,104,3.0000000000,true,1.0919748517,529.1049419785,0.0001437582,0.0002944691,400000,20260824,192,0.0478580647,-0.0037595165,parity_forward
daily,AMD,2026-09-11,1530,essvi,ok,,1M,0.0833333333,false,false,518.0770348174,518.1531811767,0.0001469788,0.0001346158,1.0918392442,32768,20260824,104,3.0000000000,true,1.2748523219,518.1036190504,0.0000513133,0.0000338852,400000,20260824,192,0.0361192451,0.0002437761,parity_forward
daily,AMD,2026-09-11,1530,essvi,ok,,3M,0.2500000000,false,false,521.9876026265,522.3108701597,0.0006193012,0.0004857827,1.2748523219,32768,20260824,104,3.0000000000,true,1.2748523219,522.0386933665,0.0000978773,0.0001345371,400000,20260824,192,0.0421193115,-0.0005764505,parity_forward
daily,AMD,2026-09-11,1530,essvi,ok,,6M,0.5000000000,false,false,529.0288897234,528.6873862902,-0.0006455289,0.0009767934,-0.6608653071,32768,20260824,104,3.0000000000,true,1.2748523219,529.1101752845,0.0001536505,0.0002749770,400000,20260824,192,0.0478580647,-0.0037595165,parity_forward
daily,AMD,2026-09-11,1530,essvi_g05,ok,,1M,0.0833333333,false,false,518.0770348174,518.1528584265,0.0001463559,0.0001384158,1.0573635668,32768,20260824,104,3.0000000000,true,1.1046324061,518.0997989198,0.0000439396,0.0000343120,400000,20260824,192,0.0361192451,0.0002437761,parity_forward
daily,AMD,2026-09-11,1530,essvi_g05,ok,,3M,0.2500000000,false,false,521.9876026265,522.2756098930,0.0005517512,0.0004994885,1.1046324061,32768,20260824,104,3.0000000000,true,1.1046324061,522.0364923020,0.0000936606,0.0001386740,400000,20260824,192,0.0421193115,-0.0005764505,parity_forward
daily,AMD,2026-09-11,1530,essvi_g05,ok,,6M,0.5000000000,false,false,529.0288897234,528.6752034633,-0.0006685576,0.0010656049,-0.6273972133,32768,20260824,104,3.0000000000,true,1.1046324061,529.1050224692,0.0001439104,0.0002982724,400000,20260824,192,0.0478580647,-0.0037595165,parity_forward
daily,AMD,2026-09-11,1530,essvi_gfree,ok,,1M,0.0833333333,false,false,518.0770348174,518.1578823573,0.0001560531,0.0001495765,1.0432995027,32768,20260824,104,3.0000000000,true,1.1530308552,518.0989826244,0.0000423640,0.0000365366,400000,20260824,192,0.0361192451,0.0002437761,parity_forward
daily,AMD,2026-09-11,1530,essvi_gfree,ok,,3M,0.2500000000,false,false,521.9876026265,522.2831535818,0.0005662030,0.0004910563,1.1530308552,32768,20260824,104,3.0000000000,true,1.1530308552,522.0346271505,0.0000900874,0.0001362890,400000,20260824,192,0.0421193115,-0.0005764505,parity_forward
daily,AMD,2026-09-11,1530,essvi_gfree,ok,,6M,0.5000000000,false,false,529.0288897234,528.6752941218,-0.0006683862,0.0010147269,-0.6586857800,32768,20260824,104,3.0000000000,true,1.1530308552,529.1033502751,0.0001407495,0.0002849885,400000,20260824,192,0.0478580647,-0.0037595165,parity_forward
daily,AMD,2026-09-11,1530,essvi_sg05,ok,,1M,0.0833333333,false,false,518.0770348174,518.1640511049,0.0001679601,0.0001415449,1.1866205323,32768,20260824,104,3.0000000000,true,1.2506121784,518.0946892613,0.0000340769,0.0000340124,400000,20260824,192,0.0361192451,0.0002437761,parity_forward
daily,AMD,2026-09-11,1530,essvi_sg05,ok,,3M,0.2500000000,false,false,521.9876026265,522.3006760092,0.0005997717,0.0004795825,1.2506121784,32768,20260824,104,3.0000000000,true,1.2506121784,522.0277877332,0.0000769848,0.0001329715,400000,20260824,192,0.0421193115,-0.0005764505,parity_forward
daily,AMD,2026-09-11,1530,essvi_sg05,ok,,6M,0.5000000000,false,false,529.0288897234,528.7037756648,-0.0006145488,0.0009934381,-0.6186080136,32768,20260824,104,3.0000000000,true,1.2506121784,529.0973692455,0.0001294438,0.0002789520,400000,20260824,192,0.0478580647,-0.0037595165,parity_forward
daily,DIA,2026-08-14,1530,svi,ok,,1M,0.0833333333,false,false,537.8659576344,537.8636145441,-0.0000043563,0.0000427353,-0.1019362229,32768,20260824,104,3.0000000000,true,0.7209165564,537.8624376628,-0.0000065443,0.0000149268,400000,20260824,192,0.0246997501,0.0010955482,parity_forward
daily,DIA,2026-08-14,1530,svi,ok,,3M,0.2500000000,false,false,540.2363296559,540.1897682072,-0.0000861872,0.0001195522,-0.7209165564,32768,20260824,104,3.0000000000,true,0.7209165564,540.2291220300,-0.0000133416,0.0000358669,400000,20260824,192,0.0258224964,0.0031753678,parity_forward
daily,DIA,2026-08-14,1530,svi,ok,,6M,0.5000000000,false,false,544.9224306776,544.9788893199,0.0001036086,0.0001986977,0.5214382881,32768,20260824,104,3.0000000000,true,0.7209165564,544.9086560702,-0.0000252781,0.0000568164,400000,20260824,192,0.0301847765,0.0044235854,parity_forward
daily,DIA,2026-08-14,1530,ssvi,ok,,1M,0.0833333333,false,false,537.8659576344,537.8584481412,-0.0000139616,0.0000393008,-0.3552509081,32768,20260824,104,3.0000000000,true,1.5082776738,537.8630832698,-0.0000053440,0.0000129683,400000,20260824,192,0.0246997501,0.0010955482,parity_forward
daily,DIA,2026-08-14,1530,ssvi,ok,,3M,0.2500000000,false,false,540.2363296559,540.1747011365,-0.0001140770,0.0000756339,-1.5082776738,32768,20260824,104,3.0000000000,true,1.5082776738,540.2319899748,-0.0000080329,0.0000226236,400000,20260824,192,0.0258224964,0.0031753678,parity_forward
daily,DIA,2026-08-14,1530,ssvi,ok,,6M,0.5000000000,false,false,544.9224306776,544.9537468580,0.0000574691,0.0000976281,0.5886528163,32768,20260824,104,3.0000000000,true,1.5082776738,544.9135141715,-0.0000163629,0.0000289056,400000,20260824,192,0.0301847765,0.0044235854,parity_forward
daily,DIA,2026-08-14,1530,essvi,ok,,1M,0.0833333333,false,false,537.8659576344,537.8556249184,-0.0000192106,0.0000356751,-0.5384876960,32768,20260824,104,3.0000000000,true,1.1288449256,537.8631614787,-0.0000051986,0.0000116941,400000,20260824,192,0.0246997501,0.0010955482,parity_forward
daily,DIA,2026-08-14,1530,essvi,ok,,3M,0.2500000000,false,false,540.2363296559,540.1729810861,-0.0001172608,0.0001038768,-1.1288449256,32768,20260824,104,3.0000000000,true,1.1288449256,540.2337389482,-0.0000047955,0.0000311594,400000,20260824,192,0.0258224964,0.0031753678,parity_forward
daily,DIA,2026-08-14,1530,essvi,ok,,6M,0.5000000000,false,false,544.9224306776,544.8699515761,-0.0000963056,0.0002868615,-0.3357217191,32768,20260824,104,3.0000000000,true,1.1288449256,544.8114437355,-0.0002036748,0.0000831334,400000,20260824,192,0.0301847765,0.0044235854,parity_forward
daily,DIA,2026-08-14,1530,essvi_g05,ok,,1M,0.0833333333,false,false,537.8659576344,537.8535502849,-0.0000230677,0.0000316923,-0.7278662894,32768,20260824,104,3.0000000000,true,1.1410967385,537.8633028886,-0.0000049357,0.0000106229,400000,20260824,192,0.0246997501,0.0010955482,parity_forward
daily,DIA,2026-08-14,1530,essvi_g05,ok,,3M,0.2500000000,false,false,540.2363296559,540.1681406288,-0.0001262207,0.0001106135,-1.1410967385,32768,20260824,104,3.0000000000,true,1.1410967385,540.2342936798,-0.0000037687,0.0000333932,400000,20260824,192,0.0258224964,0.0031753678,parity_forward
daily,DIA,2026-08-14,1530,essvi_g05,ok,,6M,0.5000000000,false,false,544.9224306776,544.9713619676,0.0000897950,0.0001976788,0.4542467002,32768,20260824,104,3.0000000000,true,1.1410967385,544.9234499346,0.0000018705,0.0000586921,400000,20260824,192,0.0301847765,0.0044235854,parity_forward
daily,DIA,2026-08-14,1530,essvi_gfree,ok,,1M,0.0833333333,false,false,537.8659576344,537.8534923345,-0.0000231755,0.0000324459,-0.7142811570,32768,20260824,104,3.0000000000,true,1.1588554129,537.8632853350,-0.0000049683,0.0000108277,400000,20260824,192,0.0246997501,0.0010955482,parity_forward
daily,DIA,2026-08-14,1530,essvi_gfree,ok,,3M,0.2500000000,false,false,540.2363296559,540.1667926330,-0.0001287159,0.0001110716,-1.1588554129,32768,20260824,104,3.0000000000,true,1.1588554129,540.2349296413,-0.0000025915,0.0000335598,400000,20260824,192,0.0258224964,0.0031753678,parity_forward
daily,DIA,2026-08-14,1530,essvi_gfree,ok,,6M,0.5000000000,false,false,544.9224306776,544.9736195641,0.0000939379,0.0001997684,0.4702343031,32768,20260824,104,3.0000000000,true,1.1588554129,544.9253638044,0.0000053827,0.0000594698,400000,20260824,192,0.0301847765,0.0044235854,parity_forward
daily,DIA,2026-08-14,1530,essvi_sg05,ok,,1M,0.0833333333,false,false,537.8659576344,537.8521305793,-0.0000257073,0.0000351379,-0.7316093494,32768,20260824,104,3.0000000000,true,0.8318557338,537.8631361193,-0.0000052458,0.0000114943,400000,20260824,192,0.0246997501,0.0010955482,parity_forward
daily,DIA,2026-08-14,1530,essvi_sg05,ok,,3M,0.2500000000,false,false,540.2363296559,540.1748640065,-0.0001137755,0.0001367731,-0.8318557338,32768,20260824,104,3.0000000000,true,0.8318557338,540.2356694342,-0.0000012221,0.0000415733,400000,20260824,192,0.0258224964,0.0031753678,parity_forward
daily,DIA,2026-08-14,1530,essvi_sg05,ok,,6M,0.5000000000,false,false,544.9224306776,545.0335115656,0.0002038472,0.0002665512,0.7647579497,32768,20260824,104,3.0000000000,true,0.8318557338,544.9452401305,0.0000418582,0.0000783093,400000,20260824,192,0.0301847765,0.0044235854,parity_forward
daily,DIA,2026-08-17,1530,svi,ok,,1M,0.0833333333,false,false,535.2057674860,535.1973900797,-0.0000156527,0.0000580518,-0.2696331172,32768,20260824,104,3.0000000000,true,0.6503341901,535.1984749488,-0.0000136257,0.0000188972,400000,20260824,192,0.0189781914,0.0015729809,parity_forward
daily,DIA,2026-08-17,1530,svi,ok,,3M,0.2500000000,false,false,537.7627514634,537.7164579927,-0.0000860853,0.0001323709,-0.6503341901,32768,20260824,104,3.0000000000,true,0.6503341901,537.7514676480,-0.0000209829,0.0000400647,400000,20260824,192,0.0253908455,0.0032591909,parity_forward
daily,DIA,2026-08-17,1530,svi,ok,,6M,0.5000000000,false,false,542.3351165438,542.3953716095,0.0001111030,0.0002146045,0.5177105602,32768,20260824,104,3.0000000000,true,0.6503341901,542.3342437894,-0.0000016093,0.0000627891,400000,20260824,192,0.0296286749,0.0047513806,parity_forward
daily,DIA,2026-08-17,1530,ssvi,ok,,1M,0.0833333333,false,false,535.2057674860,535.1953784410,-0.0000194113,0.0000396204,-0.4899317112,32768,20260824,104,3.0000000000,true,1.5638500788,535.2031547136,-0.0000048818,0.0000125677,400000,20260824,192,0.0189781914,0.0015729809,parity_forward
daily,DIA,2026-08-17,1530,ssvi,ok,,3M,0.2500000000,false,false,537.7627514634,537.7037987288,-0.0001096259,0.0000701000,-1.5638500788,32768,20260824,104,3.0000000000,true,1.5638500788,537.7597455629,-0.0000055896,0.0000209639,400000,20260824,192,0.0253908455,0.0032591909,parity_forward
daily,DIA,2026-08-17,1530,ssvi,ok,,6M,0.5000000000,false,false,542.3351165438,542.3532021690,0.0000333477,0.0000889050,0.3750935819,32768,20260824,104,3.0000000000,true,1.5638500788,542.3285951755,-0.0000120246,0.0000263004,400000,20260824,192,0.0296286749,0.0047513806,parity_forward
daily,DIA,2026-08-17,1530,essvi,ok,,1M,0.0833333333,false,false,535.2057674860,535.1845735507,-0.0000395996,0.0000471386,-0.8400667072,32768,20260824,104,3.0000000000,true,1.4643279484,535.2027921961,-0.0000055592,0.0000147175,400000,20260824,192,0.0189781914,0.0015729809,parity_forward
daily,DIA,2026-08-17,1530,essvi,ok,,3M,0.2500000000,false,false,537.7627514634,537.6689992165,-0.0001743376,0.0001190564,-1.4643279484,32768,20260824,104,3.0000000000,true,1.4643279484,537.7599967451,-0.0000051226,0.0000345690,400000,20260824,192,0.0253908455,0.0032591909,parity_forward
daily,DIA,2026-08-17,1530,essvi,ok,,6M,0.5000000000,false,false,542.3351165438,542.1788526443,-0.0002881316,0.0003039307,-0.9480175044,32768,20260824,104,3.0000000000,true,1.4643279484,542.2401621295,-0.0001750844,0.0000921812,400000,20260824,192,0.0296286749,0.0047513806,parity_forward
daily,DIA,2026-08-17,1530,essvi_g05,ok,,1M,0.0833333333,false,false,535.2057674860,535.1828367042,-0.0000428448,0.0000411033,-1.0423679713,32768,20260824,104,3.0000000000,true,1.5630178972,535.2027868589,-0.0000055691,0.0000130132,400000,20260824,192,0.0189781914,0.0015729809,parity_forward
daily,DIA,2026-08-17,1530,essvi_g05,ok,,3M,0.2500000000,false,false,537.7627514634,537.6612036580,-0.0001888338,0.0001208136,-1.5630178972,32768,20260824,104,3.0000000000,true,1.5630178972,537.7587336759,-0.0000074713,0.0000350443,400000,20260824,192,0.0253908455,0.0032591909,parity_forward
daily,DIA,2026-08-17,1530,essvi_g05,ok,,6M,0.5000000000,false,false,542.3351165438,542.3142251641,-0.0000385212,0.0002535158,-0.1519477641,32768,20260824,104,3.0000000000,true,1.5630178972,542.3349968121,-0.0000002208,0.0000707047,400000,20260824,192,0.0296286749,0.0047513806,parity_forward
daily,DIA,2026-08-17,1530,essvi_gfree,ok,,1M,0.0833333333,false,false,535.2057674860,535.1820819835,-0.0000442549,0.0000423818,-1.0441972408,32768,20260824,104,3.0000000000,true,1.5295148648,535.2027636936,-0.0000056124,0.0000133324,400000,20260824,192,0.0189781914,0.0015729809,parity_forward
daily,DIA,2026-08-17,1530,essvi_gfree,ok,,3M,0.2500000000,false,false,537.7627514634,537.6613406445,-0.0001885791,0.0001232934,-1.5295148648,32768,20260824,104,3.0000000000,true,1.5295148648,537.7580523179,-0.0000087383,0.0000358806,400000,20260824,192,0.0253908455,0.0032591909,parity_forward
daily,DIA,2026-08-17,1530,essvi_gfree,ok,,6M,0.5000000000,false,false,542.3351165438,542.3152877438,-0.0000365619,0.0002502711,-0.1460891483,32768,20260824,104,3.0000000000,true,1.5295148648,542.3298515140,-0.0000097081,0.0000698376,400000,20260824,192,0.0296286749,0.0047513806,parity_forward
daily,DIA,2026-08-17,1530,essvi_sg05,ok,,1M,0.0833333333,false,false,535.2057674860,535.1671961356,-0.0000720683,0.0000454294,-1.5863776804,32768,20260824,104,3.0000000000,true,1.7751264001,535.2033847103,-0.0000044521,0.0000151279,400000,20260824,192,0.0189781914,0.0015729809,parity_forward
daily,DIA,2026-08-17,1530,essvi_sg05,ok,,3M,0.2500000000,false,false,537.7627514634,537.6404708414,-0.0002273877,0.0001280966,-1.7751264001,32768,20260824,104,3.0000000000,true,1.7751264001,537.7620451160,-0.0000013135,0.0000372472,400000,20260824,192,0.0253908455,0.0032591909,parity_forward
daily,DIA,2026-08-17,1530,essvi_sg05,ok,,6M,0.5000000000,false,false,542.3351165438,542.3641670766,0.0000535656,0.0003214803,0.1666218763,32768,20260824,104,3.0000000000,true,1.7751264001,542.3640359002,0.0000533238,0.0000899140,400000,20260824,192,0.0296286749,0.0047513806,parity_forward
daily,DIA,2026-08-18,1530,svi,ok,,1M,0.0833333333,false,false,534.2235147135,534.2175465198,-0.0000111717,0.0000634799,-0.1759881947,32768,20260824,104,3.0000000000,true,1.0258930345,534.2182713070,-0.0000098150,0.0000212429,400000,20260824,192,0.0186249647,0.0016024632,parity_forward
daily,DIA,2026-08-18,1530,svi,ok,,3M,0.2500000000,false,false,536.8297539387,536.7604866509,-0.0001290303,0.0001429217,-0.9028038571,32768,20260824,104,3.0000000000,true,1.0258930345,536.8225732030,-0.0000133762,0.0000422093,400000,20260824,192,0.0256750984,0.0032127380,parity_forward
daily,DIA,2026-08-18,1530,svi,ok,,6M,0.5000000000,false,false,541.2973714853,541.4138111110,0.0002151121,0.0002096828,1.0258930345,32768,20260824,104,3.0000000000,true,1.0258930345,541.2866651606,-0.0000197790,0.0000606462,400000,20260824,192,0.0294131200,0.0048604782,parity_forward
daily,DIA,2026-08-18,1530,ssvi,ok,,1M,0.0833333333,false,false,534.2235147135,534.2112120425,-0.0000230291,0.0000440490,-0.5228053510,32768,20260824,104,3.0000000000,true,1.5305101572,534.2209257592,-0.0000048462,0.0000139706,400000,20260824,192,0.0186249647,0.0016024632,parity_forward
daily,DIA,2026-08-18,1530,ssvi,ok,,3M,0.2500000000,false,false,536.8297539387,536.7649990329,-0.0001206247,0.0000788134,-1.5305101572,32768,20260824,104,3.0000000000,true,1.5305101572,536.8266350812,-0.0000058098,0.0000232313,400000,20260824,192,0.0256750984,0.0032127380,parity_forward
daily,DIA,2026-08-18,1530,ssvi,ok,,6M,0.5000000000,false,false,541.2973714853,541.3254160434,0.0000518099,0.0001007520,0.5142320462,32768,20260824,104,3.0000000000,true,1.5305101572,541.2897274758,-0.0000141216,0.0000296679,400000,20260824,192,0.0294131200,0.0048604782,parity_forward
daily,DIA,2026-08-18,1530,essvi,ok,,1M,0.0833333333,false,false,534.2235147135,534.1975583912,-0.0000485870,0.0000579911,-0.8378361153,32768,20260824,104,3.0000000000,true,1.3679053083,534.2199145737,-0.0000067390,0.0000186647,400000,20260824,192,0.0186249647,0.0016024632,parity_forward
daily,DIA,2026-08-18,1530,essvi,ok,,3M,0.2500000000,false,false,536.8297539387,536.7351000990,-0.0001763200,0.0001288978,-1.3679053083,32768,20260824,104,3.0000000000,true,1.3679053083,536.8294930863,-0.0000004859,0.0000381381,400000,20260824,192,0.0256750984,0.0032127380,parity_forward
daily,DIA,2026-08-18,1530,essvi,ok,,6M,0.5000000000,false,false,541.2973714853,541.1585120866,-0.0002565307,0.0002930714,-0.8753179919,32768,20260824,104,3.0000000000,true,1.3679053083,541.2375314775,-0.0001105492,0.0000818145,400000,20260824,192,0.0294131200,0.0048604782,parity_forward
daily,DIA,2026-08-18,1530,essvi_g05,ok,,1M,0.0833333333,false,false,534.2235147135,534.1972509579,-0.0000491625,0.0000513585,-0.9572409837,32768,20260824,104,3.0000000000,true,1.4090382371,534.2199534542,-0.0000066662,0.0000161988,400000,20260824,192,0.0186249647,0.0016024632,parity_forward
daily,DIA,2026-08-18,1530,essvi_g05,ok,,3M,0.2500000000,false,false,536.8297539387,536.7294809031,-0.0001867874,0.0001325638,-1.4090382371,32768,20260824,104,3.0000000000,true,1.4090382371,536.8257423788,-0.0000074727,0.0000396099,400000,20260824,192,0.0256750984,0.0032127380,parity_forward
daily,DIA,2026-08-18,1530,essvi_g05,ok,,6M,0.5000000000,false,false,541.2973714853,541.3100938150,0.0000235034,0.0002221086,0.1058194310,32768,20260824,104,3.0000000000,true,1.4090382371,541.2697688528,-0.0000509935,0.0000657565,400000,20260824,192,0.0294131200,0.0048604782,parity_forward
daily,DIA,2026-08-18,1530,essvi_gfree,ok,,1M,0.0833333333,false,false,534.2235147135,534.1953864477,-0.0000526526,0.0000533554,-0.9868276645,32768,20260824,104,3.0000000000,true,1.4501450448,534.2199819082,-0.0000066130,0.0000170830,400000,20260824,192,0.0186249647,0.0016024632,parity_forward
daily,DIA,2026-08-18,1530,essvi_gfree,ok,,3M,0.2500000000,false,false,536.8297539387,536.7244134597,-0.0001962270,0.0001353154,-1.4501450448,32768,20260824,104,3.0000000000,true,1.4501450448,536.8259025534,-0.0000071743,0.0000405309,400000,20260824,192,0.0256750984,0.0032127380,parity_forward
daily,DIA,2026-08-18,1530,essvi_gfree,ok,,6M,0.5000000000,false,false,541.2973714853,541.3047248781,0.0000135848,0.0002266534,0.0599362627,32768,20260824,104,3.0000000000,true,1.4501450448,541.2697812381,-0.0000509706,0.0000671373,400000,20260824,192,0.0294131200,0.0048604782,parity_forward
daily,DIA,2026-08-18,1530,essvi_sg05,ok,,1M,0.0833333333,false,false,534.2235147135,534.1871981098,-0.0000679802,0.0000567387,-1.1981269260,32768,20260824,104,3.0000000000,true,1.5825853927,534.2202935313,-0.0000060297,0.0000188006,400000,20260824,192,0.0186249647,0.0016024632,parity_forward
daily,DIA,2026-08-18,1530,essvi_sg05,ok,,3M,0.2500000000,false,false,536.8297539387,536.7044053054,-0.0002334979,0.0001475421,-1.5825853927,32768,20260824,104,3.0000000000,true,1.5825853927,536.8260759338,-0.0000068513,0.0000442992,400000,20260824,192,0.0256750984,0.0032127380,parity_forward
daily,DIA,2026-08-18,1530,essvi_sg05,ok,,6M,0.5000000000,false,false,541.2973714853,541.3275440052,0.0000557411,0.0002775010,0.2008681307,32768,20260824,104,3.0000000000,true,1.5825853927,541.2797366873,-0.0000325788,0.0000811947,400000,20260824,192,0.0294131200,0.0048604782,parity_forward
daily,DIA,2026-08-19,1530,svi,ok,,1M,0.0833333333,false,false,534.7297398601,534.7164207175,-0.0000249082,0.0000584340,-0.4262619093,32768,20260824,104,3.0000000000,true,0.8905752469,534.7256217265,-0.0000077013,0.0000187741,400000,20260824,192,0.0190843862,0.0015557979,parity_forward
daily,DIA,2026-08-19,1530,svi,ok,,3M,0.2500000000,false,false,537.4365769038,537.3729897857,-0.0001183156,0.0001328530,-0.8905752469,32768,20260824,104,3.0000000000,true,0.8905752469,537.4294599486,-0.0000132424,0.0000390887,400000,20260824,192,0.0265586479,0.0029667345,parity_forward
daily,DIA,2026-08-19,1530,svi,ok,,6M,0.5000000000,false,false,542.5566102404,542.5393495416,-0.0000318136,0.0002219105,-0.1433624435,32768,20260824,104,3.0000000000,true,0.8905752469,542.5363877302,-0.0000372726,0.0000638920,400000,20260824,192,0.0322426721,0.0033906175,parity_forward
daily,DIA,2026-08-19,1530,ssvi,ok,,1M,0.0833333333,false,false,534.7297398601,534.7150677833,-0.0000274383,0.0000378694,-0.7245508659,32768,20260824,104,3.0000000000,true,1.5991711923,534.7279313389,-0.0000033821,0.0000117966,400000,20260824,192,0.0190843862,0.0015557979,parity_forward
daily,DIA,2026-08-19,1530,ssvi,ok,,3M,0.2500000000,false,false,537.4365769038,537.3796112523,-0.0001059951,0.0000662813,-1.5991711923,32768,20260824,104,3.0000000000,true,1.5991711923,537.4351695276,-0.0000026187,0.0000195544,400000,20260824,192,0.0265586479,0.0029667345,parity_forward
daily,DIA,2026-08-19,1530,ssvi,ok,,6M,0.5000000000,false,false,542.5566102404,542.5764460620,0.0000365599,0.0000842371,0.4340121835,32768,20260824,104,3.0000000000,true,1.5991711923,542.5518139534,-0.0000088402,0.0000247269,400000,20260824,192,0.0322426721,0.0033906175,parity_forward
daily,DIA,2026-08-19,1530,essvi,ok,,1M,0.0833333333,false,false,534.7297398601,534.6970690726,-0.0000610978,0.0000536345,-1.1391502707,32768,20260824,104,3.0000000000,true,1.4382145998,534.7255314111,-0.0000078702,0.0000165295,400000,20260824,192,0.0190843862,0.0015557979,parity_forward
daily,DIA,2026-08-19,1530,essvi,ok,,3M,0.2500000000,false,false,537.4365769038,537.3463723031,-0.0001678423,0.0001167019,-1.4382145998,32768,20260824,104,3.0000000000,true,1.4382145998,537.4334454140,-0.0000058267,0.0000344373,400000,20260824,192,0.0265586479,0.0029667345,parity_forward
daily,DIA,2026-08-19,1530,essvi,ok,,6M,0.5000000000,false,false,542.5566102404,542.4426704019,-0.0002100054,0.0003336326,-0.6294511069,32768,20260824,104,3.0000000000,true,1.4382145998,542.5144131719,-0.0000777745,0.0000869019,400000,20260824,192,0.0322426721,0.0033906175,parity_forward
daily,DIA,2026-08-19,1530,essvi_g05,ok,,1M,0.0833333333,false,false,534.7297398601,534.6928548532,-0.0000689788,0.0000519126,-1.3287491107,32768,20260824,104,3.0000000000,true,1.5087848994,534.7241138602,-0.0000105212,0.0000160272,400000,20260824,192,0.0190843862,0.0015557979,parity_forward
daily,DIA,2026-08-19,1530,essvi_g05,ok,,3M,0.2500000000,false,false,537.4365769038,537.3361160336,-0.0001869260,0.0001238917,-1.5087848994,32768,20260824,104,3.0000000000,true,1.5087848994,537.4306346944,-0.0000110566,0.0000364974,400000,20260824,192,0.0265586479,0.0029667345,parity_forward
daily,DIA,2026-08-19,1530,essvi_g05,ok,,6M,0.5000000000,false,false,542.5566102404,542.5300478181,-0.0000489579,0.0002092802,-0.2339346459,32768,20260824,104,3.0000000000,true,1.5087848994,542.5265502805,-0.0000554043,0.0000613027,400000,20260824,192,0.0322426721,0.0033906175,parity_forward
daily,DIA,2026-08-19,1530,essvi_gfree,ok,,1M,0.0833333333,false,false,534.7297398601,534.6921855342,-0.0000702305,0.0000529760,-1.3257039173,32768,20260824,104,3.0000000000,true,1.5041125112,534.7247122364,-0.0000094022,0.0000163878,400000,20260824,192,0.0190843862,0.0015557979,parity_forward
daily,DIA,2026-08-19,1530,essvi_gfree,ok,,3M,0.2500000000,false,false,537.4365769038,537.3369582157,-0.0001853590,0.0001232348,-1.5041125112,32768,20260824,104,3.0000000000,true,1.5041125112,537.4315174706,-0.0000094140,0.0000363609,400000,20260824,192,0.0265586479,0.0029667345,parity_forward
daily,DIA,2026-08-19,1530,essvi_gfree,ok,,6M,0.5000000000,false,false,542.5566102404,542.4635727354,-0.0001714798,0.0002235760,-0.7669865390,32768,20260824,104,3.0000000000,true,1.5041125112,542.5345977567,-0.0000405718,0.0000647172,400000,20260824,192,0.0322426721,0.0033906175,parity_forward
daily,DIA,2026-08-19,1530,essvi_sg05,ok,,1M,0.0833333333,false,false,534.7297398601,534.6797722721,-0.0000934446,0.0000560714,-1.6665287410,32768,20260824,104,3.0000000000,true,1.6665287410,534.7240509786,-0.0000106388,0.0000176381,400000,20260824,192,0.0190843862,0.0015557979,parity_forward
daily,DIA,2026-08-19,1530,essvi_sg05,ok,,3M,0.2500000000,false,false,537.4365769038,537.3242601600,-0.0002089860,0.0001282196,-1.6299073468,32768,20260824,104,3.0000000000,true,1.6665287410,537.4311366083,-0.0000101227,0.0000379667,400000,20260824,192,0.0265586479,0.0029667345,parity_forward
daily,DIA,2026-08-19,1530,essvi_sg05,ok,,6M,0.5000000000,false,false,542.5566102404,542.5245231631,-0.0000591405,0.0002492606,-0.2372638218,32768,20260824,104,3.0000000000,true,1.6665287410,542.5248707084,-0.0000584999,0.0000725988,400000,20260824,192,0.0322426721,0.0033906175,parity_forward
daily,DIA,2026-08-20,1530,svi,ok,,1M,0.0833333333,false,false,528.4999175345,528.4890080641,-0.0000206423,0.0000706871,-0.2920242116,32768,20260824,104,3.0000000000,true,1.7493910267,528.4920597375,-0.0000148681,0.0000215944,400000,20260824,192,0.0152206453,0.0018700069,parity_forward
daily,DIA,2026-08-20,1530,svi,ok,,3M,0.2500000000,false,false,531.4662684472,531.3448003600,-0.0002285528,0.0001306470,-1.7493910267,32768,20260824,104,3.0000000000,true,1.7493910267,531.4526912248,-0.0000255467,0.0000374451,400000,20260824,192,0.0274618751,0.0027398805,parity_forward
daily,DIA,2026-08-20,1530,svi,ok,,6M,0.5000000000,false,false,536.6824236165,536.6415612811,-0.0000761388,0.0002146145,-0.3547699088,32768,20260824,104,3.0000000000,true,1.7493910267,536.6490564809,-0.0000621730,0.0000625290,400000,20260824,192,0.0332645350,0.0028780847,parity_forward
daily,DIA,2026-08-20,1530,ssvi,ok,,1M,0.0833333333,false,false,528.4999175345,528.4830119983,-0.0000319878,0.0000526247,-0.6078471605,32768,20260824,104,3.0000000000,true,1.5114269694,528.4974626732,-0.0000046450,0.0000165050,400000,20260824,192,0.0152206453,0.0018700069,parity_forward
daily,DIA,2026-08-20,1530,ssvi,ok,,3M,0.2500000000,false,false,531.4662684472,531.3923790447,-0.0001390293,0.0000919855,-1.5114269694,32768,20260824,104,3.0000000000,true,1.5114269694,531.4629132302,-0.0000063131,0.0000275180,400000,20260824,192,0.0274618751,0.0027398805,parity_forward
daily,DIA,2026-08-20,1530,ssvi,ok,,6M,0.5000000000,false,false,536.6824236165,536.7154528672,0.0000615434,0.0001197339,0.5140013522,32768,20260824,104,3.0000000000,true,1.5114269694,536.6726349894,-0.0000182391,0.0000354188,400000,20260824,192,0.0332645350,0.0028780847,parity_forward
daily,DIA,2026-08-20,1530,essvi,ok,,1M,0.0833333333,false,false,528.4999175345,528.4720385834,-0.0000527511,0.0000644894,-0.8179814696,32768,20260824,104,3.0000000000,true,1.8172774637,528.4940382223,-0.0000111245,0.0000194335,400000,20260824,192,0.0152206453,0.0018700069,parity_forward
daily,DIA,2026-08-20,1530,essvi,ok,,3M,0.2500000000,false,false,531.4662684472,531.3538815495,-0.0002114657,0.0001163640,-1.8172774637,32768,20260824,104,3.0000000000,true,1.8172774637,531.4592794503,-0.0000131504,0.0000336400,400000,20260824,192,0.0274618751,0.0027398805,parity_forward
daily,DIA,2026-08-20,1530,essvi,ok,,6M,0.5000000000,false,false,536.6824236165,536.8002987628,0.0002196367,0.0002632903,0.8341997232,32768,20260824,104,3.0000000000,true,1.8172774637,536.6277013580,-0.0001019639,0.0000819773,400000,20260824,192,0.0332645350,0.0028780847,parity_forward
daily,DIA,2026-08-20,1530,essvi_g05,ok,,1M,0.0833333333,false,false,528.4999175345,528.4704329965,-0.0000557891,0.0000593950,-0.9392899186,32768,20260824,104,3.0000000000,true,1.6810764426,528.4935614566,-0.0000120266,0.0000178743,400000,20260824,192,0.0152206453,0.0018700069,parity_forward
daily,DIA,2026-08-20,1530,essvi_g05,ok,,3M,0.2500000000,false,false,531.4662684472,531.3683820997,-0.0001841817,0.0001095617,-1.6810764426,32768,20260824,104,3.0000000000,true,1.6810764426,531.4591884140,-0.0000133217,0.0000313147,400000,20260824,192,0.0274618751,0.0027398805,parity_forward
daily,DIA,2026-08-20,1530,essvi_g05,ok,,6M,0.5000000000,false,false,536.6824236165,536.6726700533,-0.0000181738,0.0002251571,-0.0807161309,32768,20260824,104,3.0000000000,true,1.6810764426,536.6282105234,-0.0001010152,0.0000638549,400000,20260824,192,0.0332645350,0.0028780847,parity_forward
daily,DIA,2026-08-20,1530,essvi_gfree,ok,,1M,0.0833333333,false,false,528.4999175345,528.4715724998,-0.0000536330,0.0000598877,-0.8955599677,32768,20260824,104,3.0000000000,true,1.6229746165,528.4935834443,-0.0000119850,0.0000180075,400000,20260824,192,0.0152206453,0.0018700069,parity_forward
daily,DIA,2026-08-20,1530,essvi_gfree,ok,,3M,0.2500000000,false,false,531.4662684472,531.3701012345,-0.0001809470,0.0001114909,-1.6229746165,32768,20260824,104,3.0000000000,true,1.6229746165,531.4591100280,-0.0000134692,0.0000317617,400000,20260824,192,0.0274618751,0.0027398805,parity_forward
daily,DIA,2026-08-20,1530,essvi_gfree,ok,,6M,0.5000000000,false,false,536.6824236165,536.6714138355,-0.0000205145,0.0002320267,-0.0884144538,32768,20260824,104,3.0000000000,true,1.6229746165,536.6266207868,-0.0001039774,0.0000655134,400000,20260824,192,0.0332645350,0.0028780847,parity_forward
daily,DIA,2026-08-20,1530,essvi_sg05,ok,,1M,0.0833333333,false,false,528.4999175345,528.4585802991,-0.0000782162,0.0000650494,-1.2024125656,32768,20260824,104,3.0000000000,true,1.8800829047,528.4934439207,-0.0000122490,0.0000197460,400000,20260824,192,0.0152206453,0.0018700069,parity_forward
daily,DIA,2026-08-20,1530,essvi_sg05,ok,,3M,0.2500000000,false,false,531.4662684472,531.3372649663,-0.0002427313,0.0001291067,-1.8800829047,32768,20260824,104,3.0000000000,true,1.8800829047,531.4622077562,-0.0000076405,0.0000367542,400000,20260824,192,0.0274618751,0.0027398805,parity_forward
daily,DIA,2026-08-20,1530,essvi_sg05,ok,,6M,0.5000000000,false,false,536.6824236165,536.6668956199,-0.0000289333,0.0002577830,-0.1122389974,32768,20260824,104,3.0000000000,true,1.8800829047,536.6371728778,-0.0000843157,0.0000729250,400000,20260824,192,0.0332645350,0.0028780847,parity_forward
daily,DIA,2026-08-21,1530,svi,ok,,1M,0.0833333333,false,false,533.6088789360,533.5985228184,-0.0000194077,0.0000683793,-0.2838242715,32768,20260824,104,3.0000000000,true,0.7401495910,533.6010751056,-0.0000146246,0.0000203424,400000,20260824,192,0.0231601573,0.0012323132,parity_forward
daily,DIA,2026-08-21,1530,svi,ok,,3M,0.2500000000,false,false,536.6849128364,536.6427903823,-0.0000784864,0.0001307779,-0.6001501613,32768,20260824,104,3.0000000000,true,0.7401495910,536.6729331546,-0.0000223216,0.0000378812,400000,20260824,192,0.0307121871,0.0019490076,parity_forward
daily,DIA,2026-08-21,1530,svi,ok,,6M,0.5000000000,false,false,540.6354790668,540.7130603913,0.0001435002,0.0001938801,0.7401495910,32768,20260824,104,3.0000000000,true,0.7401495910,540.6047823695,-0.0000567789,0.0000557797,400000,20260824,192,0.0300242794,0.0045041922,parity_forward
daily,DIA,2026-08-21,1530,ssvi,ok,,1M,0.0833333333,false,false,533.6088789360,533.5918441129,-0.0000319238,0.0000558952,-0.5711365094,32768,20260824,104,3.0000000000,true,1.4216924884,533.6056973052,-0.0000059625,0.0000161819,400000,20260824,192,0.0231601573,0.0012323132,parity_forward
daily,DIA,2026-08-21,1530,ssvi,ok,,3M,0.2500000000,false,false,536.6849128364,536.6114542404,-0.0001368747,0.0000962759,-1.4216924884,32768,20260824,104,3.0000000000,true,1.4216924884,536.6815929196,-0.0000061860,0.0000274047,400000,20260824,192,0.0307121871,0.0019490076,parity_forward
daily,DIA,2026-08-21,1530,ssvi,ok,,6M,0.5000000000,false,false,540.6354790668,540.6768691126,0.0000765581,0.0001235523,0.6196414540,32768,20260824,104,3.0000000000,true,1.4216924884,540.6259416736,-0.0000176411,0.0000355519,400000,20260824,192,0.0300242794,0.0045041922,parity_forward
daily,DIA,2026-08-21,1530,essvi,ok,,1M,0.0833333333,false,false,533.6088789360,533.5743600832,-0.0000646894,0.0000625589,-1.0340570913,32768,20260824,104,3.0000000000,true,1.6735013931,533.6020810706,-0.0000127394,0.0000174788,400000,20260824,192,0.0231601573,0.0012323132,parity_forward
daily,DIA,2026-08-21,1530,essvi,ok,,3M,0.2500000000,false,false,536.6849128364,536.5853134033,-0.0001855827,0.0001108949,-1.6735013931,32768,20260824,104,3.0000000000,true,1.6735013931,536.6737094393,-0.0000208752,0.0000320365,400000,20260824,192,0.0307121871,0.0019490076,parity_forward
daily,DIA,2026-08-21,1530,essvi,ok,,6M,0.5000000000,false,false,540.6354790668,540.7323346496,0.0001791514,0.0002002029,0.8948490807,32768,20260824,104,3.0000000000,true,1.6735013931,540.6236327626,-0.0000219118,0.0000587740,400000,20260824,192,0.0300242794,0.0045041922,parity_forward
daily,DIA,2026-08-21,1530,essvi_g05,ok,,1M,0.0833333333,false,false,533.6088789360,533.5656784423,-0.0000809591,0.0000628348,-1.2884439361,32768,20260824,104,3.0000000000,true,1.6726070452,533.6005968423,-0.0000155209,0.0000169209,400000,20260824,192,0.0231601573,0.0012323132,parity_forward
daily,DIA,2026-08-21,1530,essvi_g05,ok,,3M,0.2500000000,false,false,536.6849128364,536.5841656221,-0.0001877213,0.0001122328,-1.6726070452,32768,20260824,104,3.0000000000,true,1.6726070452,536.6713795119,-0.0000252165,0.0000322233,400000,20260824,192,0.0307121871,0.0019490076,parity_forward
daily,DIA,2026-08-21,1530,essvi_g05,ok,,6M,0.5000000000,false,false,540.6354790668,540.6656212506,0.0000557532,0.0001988758,0.2803419902,32768,20260824,104,3.0000000000,true,1.6726070452,540.6175648426,-0.0000331355,0.0000575298,400000,20260824,192,0.0300242794,0.0045041922,parity_forward
daily,DIA,2026-08-21,1530,essvi_gfree,ok,,1M,0.0833333333,false,false,533.6088789360,533.5705339630,-0.0000718597,0.0000617777,-1.1631982680,32768,20260824,104,3.0000000000,true,1.6430178683,533.6012869448,-0.0000142276,0.0000168638,400000,20260824,192,0.0231601573,0.0012323132,parity_forward
daily,DIA,2026-08-21,1530,essvi_gfree,ok,,3M,0.2500000000,false,false,536.6849128364,536.5866731271,-0.0001830491,0.0001114103,-1.6430178683,32768,20260824,104,3.0000000000,true,1.6430178683,536.6721807880,-0.0000237235,0.0000321965,400000,20260824,192,0.0307121871,0.0019490076,parity_forward
daily,DIA,2026-08-21,1530,essvi_gfree,ok,,6M,0.5000000000,false,false,540.6354790668,540.6600354322,0.0000454213,0.0002143488,0.2119036714,32768,20260824,104,3.0000000000,true,1.6430178683,540.6271406240,-0.0000154234,0.0000624724,400000,20260824,192,0.0300242794,0.0045041922,parity_forward
daily,DIA,2026-08-21,1530,essvi_sg05,ok,,1M,0.0833333333,false,false,533.6088789360,533.5929457372,-0.0000298593,0.0000607291,-0.4916809271,32768,20260824,104,3.0000000000,true,1.4681854422,533.6025816474,-0.0000118013,0.0000173554,400000,20260824,192,0.0231601573,0.0012323132,parity_forward
daily,DIA,2026-08-21,1530,essvi_sg05,ok,,3M,0.2500000000,false,false,536.6849128364,536.5842731423,-0.0001875210,0.0001277230,-1.4681854422,32768,20260824,104,3.0000000000,true,1.4681854422,536.6633584673,-0.0000401621,0.0000379178,400000,20260824,192,0.0307121871,0.0019490076,parity_forward
daily,DIA,2026-08-21,1530,essvi_sg05,ok,,6M,0.5000000000,false,false,540.6354790668,540.6514400492,0.0000295226,0.0002787877,0.1058964624,32768,20260824,104,3.0000000000,true,1.4681854422,540.5779182931,-0.0001064687,0.0000806494,400000,20260824,192,0.0300242794,0.0045041922,parity_forward
daily,DIA,2026-08-24,1538,svi,ok,,1M,0.0833333333,false,false,533.6452075748,533.6425407493,-0.0000049974,0.0000667966,-0.0748148140,32768,20260824,104,3.0000000000,true,1.0044998237,533.6420914945,-0.0000058392,0.0000197359,400000,20260824,192,0.0185706815,0.0016153140,parity_forward
daily,DIA,2026-08-24,1538,svi,ok,,3M,0.2500000000,false,false,536.8926242042,536.8195814132,-0.0001360473,0.0001354379,-1.0044998237,32768,20260824,104,3.0000000000,true,1.0044998237,536.8891797533,-0.0000064155,0.0000384481,400000,20260824,192,0.0304578541,0.0020375264,parity_forward
daily,DIA,2026-08-24,1538,svi,ok,,6M,0.5000000000,false,false,541.7530952896,541.7800589255,0.0000497711,0.0001942618,0.2562061433,32768,20260824,104,3.0000000000,true,1.0044998237,541.7360590337,-0.0000314465,0.0000548158,400000,20260824,192,0.0332533957,0.0029336594,parity_forward
daily,DIA,2026-08-24,1538,ssvi,ok,,1M,0.0833333333,false,false,533.6452075748,533.6364003824,-0.0000165038,0.0000512682,-0.3219114317,32768,20260824,104,3.0000000000,true,1.3566476998,533.6438856027,-0.0000024772,0.0000148340,400000,20260824,192,0.0185706815,0.0016153140,parity_forward
daily,DIA,2026-08-24,1538,ssvi,ok,,3M,0.2500000000,false,false,536.8926242042,536.8301320331,-0.0001163960,0.0000857968,-1.3566476998,32768,20260824,104,3.0000000000,true,1.3566476998,536.8925497528,-0.0000001387,0.0000243954,400000,20260824,192,0.0304578541,0.0020375264,parity_forward
daily,DIA,2026-08-24,1538,ssvi,ok,,6M,0.5000000000,false,false,541.7530952896,541.7901847286,0.0000684619,0.0001083978,0.6315801797,32768,20260824,104,3.0000000000,true,1.3566476998,541.7477787749,-0.0000098135,0.0000311898,400000,20260824,192,0.0332533957,0.0029336594,parity_forward
daily,DIA,2026-08-24,1538,essvi,ok,,1M,0.0833333333,false,false,533.6452075748,533.6295658837,-0.0000293110,0.0000601017,-0.4876905297,32768,20260824,104,3.0000000000,true,1.3695781329,533.6432634544,-0.0000036431,0.0000172825,400000,20260824,192,0.0185706815,0.0016153140,parity_forward
daily,DIA,2026-08-24,1538,essvi,ok,,3M,0.2500000000,false,false,536.8926242042,536.8057045540,-0.0001618939,0.0001182071,-1.3695781329,32768,20260824,104,3.0000000000,true,1.3695781329,536.8885806636,-0.0000075314,0.0000342144,400000,20260824,192,0.0304578541,0.0020375264,parity_forward
daily,DIA,2026-08-24,1538,essvi,ok,,6M,0.5000000000,false,false,541.7530952896,541.8600047252,0.0001973398,0.0001897513,1.0399917472,32768,20260824,104,3.0000000000,true,1.3695781329,541.7556907283,0.0000047908,0.0000525443,400000,20260824,192,0.0332533957,0.0029336594,parity_forward
daily,DIA,2026-08-24,1538,essvi_g05,ok,,1M,0.0833333333,false,false,533.6452075748,533.6300149945,-0.0000284694,0.0000589206,-0.4831832380,32768,20260824,104,3.0000000000,true,1.3699492030,533.6426717124,-0.0000047520,0.0000163843,400000,20260824,192,0.0185706815,0.0016153140,parity_forward
daily,DIA,2026-08-24,1538,essvi_g05,ok,,3M,0.2500000000,false,false,536.8926242042,536.8059306407,-0.0001614728,0.0001178677,-1.3699492030,32768,20260824,104,3.0000000000,true,1.3699492030,536.8863459436,-0.0000116937,0.0000342552,400000,20260824,192,0.0304578541,0.0020375264,parity_forward
daily,DIA,2026-08-24,1538,essvi_g05,ok,,6M,0.5000000000,false,false,541.7530952896,541.8460899081,0.0001716550,0.0001974811,0.8692221322,32768,20260824,104,3.0000000000,true,1.3699492030,541.7493864149,-0.0000068461,0.0000547078,400000,20260824,192,0.0332533957,0.0029336594,parity_forward
daily,DIA,2026-08-24,1538,essvi_gfree,ok,,1M,0.0833333333,false,false,533.6452075748,533.6299347644,-0.0000286198,0.0000593177,-0.4824826827,32768,20260824,104,3.0000000000,true,1.2451581691,533.6431164180,-0.0000039186,0.0000168259,400000,20260824,192,0.0185706815,0.0016153140,parity_forward
daily,DIA,2026-08-24,1538,essvi_gfree,ok,,3M,0.2500000000,false,false,536.8926242042,536.8137237855,-0.0001469575,0.0001180232,-1.2451581691,32768,20260824,104,3.0000000000,true,1.2451581691,536.8870877116,-0.0000103121,0.0000344187,400000,20260824,192,0.0304578541,0.0020375264,parity_forward
daily,DIA,2026-08-24,1538,essvi_gfree,ok,,6M,0.5000000000,false,false,541.7530952896,541.8327984323,0.0001471208,0.0002051326,0.7171984561,32768,20260824,104,3.0000000000,true,1.2451581691,541.7549171618,0.0000033629,0.0000573340,400000,20260824,192,0.0332533957,0.0029336594,parity_forward
daily,DIA,2026-08-24,1538,essvi_sg05,ok,,1M,0.0833333333,false,false,533.6452075748,533.6330084865,-0.0000228599,0.0000612597,-0.3731641245,32768,20260824,104,3.0000000000,true,1.3500349242,533.6432272592,-0.0000037109,0.0000177201,400000,20260824,192,0.0185706815,0.0016153140,parity_forward
daily,DIA,2026-08-24,1538,essvi_sg05,ok,,3M,0.2500000000,false,false,536.8926242042,536.8068105665,-0.0001598339,0.0001371922,-1.1650365290,32768,20260824,104,3.0000000000,true,1.3500349242,536.8848391767,-0.0000145002,0.0000419584,400000,20260824,192,0.0304578541,0.0020375264,parity_forward
daily,DIA,2026-08-24,1538,essvi_sg05,ok,,6M,0.5000000000,false,false,541.7530952896,541.9609607287,0.0003836904,0.0002842077,1.3500349242,32768,20260824,104,3.0000000000,true,1.3500349242,541.7218897258,-0.0000576011,0.0000810093,400000,20260824,192,0.0332533957,0.0029336594,parity_forward
daily,DIA,2026-08-25,1530,svi,ok,,1M,0.0833333333,false,false,536.0120900829,536.0144312545,0.0000043678,0.0000600628,0.0727198161,32768,20260824,104,3.0000000000,true,0.8691691879,536.0088906074,-0.0000059690,0.0000187600,400000,20260824,192,0.0195398644,0.0015261023,parity_forward
daily,DIA,2026-08-25,1530,svi,ok,,3M,0.2500000000,false,false,539.3526318122,539.2923621816,-0.0001117444,0.0001285646,-0.8691691879,32768,20260824,104,3.0000000000,true,0.8691691879,539.3483154379,-0.0000080029,0.0000372123,400000,20260824,192,0.0313647820,0.0017859567,parity_forward
daily,DIA,2026-08-25,1530,svi,ok,,6M,0.5000000000,false,false,543.5433198694,543.5605982990,0.0000317885,0.0001797803,0.1768186671,32768,20260824,104,3.0000000000,true,0.8691691879,543.5186384131,-0.0000454084,0.0000518622,400000,20260824,192,0.0311620277,0.0040313981,parity_forward
daily,DIA,2026-08-25,1530,ssvi,ok,,1M,0.0833333333,false,false,536.0120900829,536.0031406544,-0.0000166963,0.0000546454,-0.3055392104,32768,20260824,104,3.0000000000,true,1.3331798805,536.0100729778,-0.0000037632,0.0000163583,400000,20260824,192,0.0195398644,0.0015261023,parity_forward
daily,DIA,2026-08-25,1530,ssvi,ok,,3M,0.2500000000,false,false,539.3526318122,539.2840910153,-0.0001270797,0.0000953208,-1.3331798805,32768,20260824,104,3.0000000000,true,1.3331798805,539.3515777325,-0.0000019543,0.0000273953,400000,20260824,192,0.0313647820,0.0017859567,parity_forward
daily,DIA,2026-08-25,1530,ssvi,ok,,6M,0.5000000000,false,false,543.5433198694,543.5903945685,0.0000866071,0.0001221764,0.7088690730,32768,20260824,104,3.0000000000,true,1.3331798805,543.5367899898,-0.0000120135,0.0000353882,400000,20260824,192,0.0311620277,0.0040313981,parity_forward
daily,DIA,2026-08-25,1530,essvi,ok,,1M,0.0833333333,false,false,536.0120900829,536.0020282568,-0.0000187716,0.0000544014,-0.3450577664,32768,20260824,104,3.0000000000,true,1.4167937988,536.0092723830,-0.0000052568,0.0000159447,400000,20260824,192,0.0195398644,0.0015261023,parity_forward
daily,DIA,2026-08-25,1530,essvi,ok,,3M,0.2500000000,false,false,539.3526318122,539.3017640231,-0.0000943127,0.0001146723,-0.8224540515,32768,20260824,104,3.0000000000,true,1.4167937988,539.3440487522,-0.0000159136,0.0000337504,400000,20260824,192,0.0313647820,0.0017859567,parity_forward
daily,DIA,2026-08-25,1530,essvi,ok,,6M,0.5000000000,false,false,543.5433198694,543.6815192831,0.0002542565,0.0001794591,1.4167937988,32768,20260824,104,3.0000000000,true,1.4167937988,543.5531001108,0.0000179935,0.0000531220,400000,20260824,192,0.0311620277,0.0040313981,parity_forward
daily,DIA,2026-08-25,1530,essvi_g05,ok,,1M,0.0833333333,false,false,536.0120900829,536.0034512732,-0.0000161168,0.0000541742,-0.2974997992,32768,20260824,104,3.0000000000,true,1.0292316337,536.0076051129,-0.0000083673,0.0000152825,400000,20260824,192,0.0195398644,0.0015261023,parity_forward
daily,DIA,2026-08-25,1530,essvi_g05,ok,,3M,0.2500000000,false,false,539.3526318122,539.2880377944,-0.0001197621,0.0001173102,-1.0209011638,32768,20260824,104,3.0000000000,true,1.0292316337,539.3412325336,-0.0000211351,0.0000341913,400000,20260824,192,0.0313647820,0.0017859567,parity_forward
daily,DIA,2026-08-25,1530,essvi_g05,ok,,6M,0.5000000000,false,false,543.5433198694,543.6506808500,0.0001975206,0.0001919107,1.0292316337,32768,20260824,104,3.0000000000,true,1.0292316337,543.5435032539,0.0000003374,0.0000562155,400000,20260824,192,0.0311620277,0.0040313981,parity_forward
daily,DIA,2026-08-25,1530,essvi_gfree,ok,,1M,0.0833333333,false,false,536.0120900829,536.0033539983,-0.0000162983,0.0000538248,-0.3028029897,32768,20260824,104,3.0000000000,true,0.9594928125,536.0082618507,-0.0000071421,0.0000154677,400000,20260824,192,0.0195398644,0.0015261023,parity_forward
daily,DIA,2026-08-25,1530,essvi_gfree,ok,,3M,0.2500000000,false,false,539.3526318122,539.2938539687,-0.0001089785,0.0001156856,-0.9420229868,32768,20260824,104,3.0000000000,true,0.9594928125,539.3420750791,-0.0000195730,0.0000339184,400000,20260824,192,0.0313647820,0.0017859567,parity_forward
daily,DIA,2026-08-25,1530,essvi_gfree,ok,,6M,0.5000000000,false,false,543.5433198694,543.6456624158,0.0001882877,0.0001962367,0.9594928125,32768,20260824,104,3.0000000000,true,0.9594928125,543.5469818253,0.0000067372,0.0000574863,400000,20260824,192,0.0311620277,0.0040313981,parity_forward
daily,DIA,2026-08-25,1530,essvi_sg05,ok,,1M,0.0833333333,false,false,536.0120900829,536.0054172277,-0.0000124491,0.0000563307,-0.2209998880,32768,20260824,104,3.0000000000,true,1.1746001926,536.0086028919,-0.0000065058,0.0000165444,400000,20260824,192,0.0195398644,0.0015261023,parity_forward
daily,DIA,2026-08-25,1530,essvi_sg05,ok,,3M,0.2500000000,false,false,539.3526318122,539.2975784350,-0.0001020731,0.0001416176,-0.7207654538,32768,20260824,104,3.0000000000,true,1.1746001926,539.3369222431,-0.0000291267,0.0000415994,400000,20260824,192,0.0313647820,0.0017859567,parity_forward
daily,DIA,2026-08-25,1530,essvi_sg05,ok,,6M,0.5000000000,false,false,543.5433198694,543.7146623757,0.0003152325,0.0002683743,1.1746001926,32768,20260824,104,3.0000000000,true,1.1746001926,543.5613839222,0.0000332339,0.0000784158,400000,20260824,192,0.0311620277,0.0040313981,parity_forward
daily,DIA,2026-08-26,1530,svi,ok,,1M,0.0833333333,false,false,534.8893402598,534.8989288006,0.0000179262,0.0000636341,0.2817078268,32768,20260824,104,3.0000000000,true,0.7766009771,534.8850534579,-0.0000080144,0.0000195489,400000,20260824,192,0.0170475581,0.0017341331,parity_forward
daily,DIA,2026-08-26,1530,svi,ok,,3M,0.2500000000,false,false,538.2341485782,538.1788152530,-0.0001028053,0.0001323785,-0.7766009771,32768,20260824,104,3.0000000000,true,0.7766009771,538.2268016877,-0.0000136500,0.0000382090,400000,20260824,192,0.0306177234,0.0019486662,parity_forward
daily,DIA,2026-08-26,1530,svi,ok,,6M,0.5000000000,false,false,542.7461543406,542.7690939522,0.0000422658,0.0001828675,0.2311281423,32768,20260824,104,3.0000000000,true,0.7766009771,542.7288342625,-0.0000319119,0.0000526776,400000,20260824,192,0.0320049364,0.0035591146,parity_forward
daily,DIA,2026-08-26,1530,ssvi,ok,,1M,0.0833333333,false,false,534.8893402598,534.8850409768,-0.0000080377,0.0000491655,-0.1634824808,32768,20260824,104,3.0000000000,true,1.1565799390,534.8873930850,-0.0000036403,0.0000143147,400000,20260824,192,0.0170475581,0.0017341331,parity_forward
daily,DIA,2026-08-26,1530,ssvi,ok,,3M,0.2500000000,false,false,538.2341485782,538.1828348514,-0.0000953372,0.0000824303,-1.1565799390,32768,20260824,104,3.0000000000,true,1.1565799390,538.2314730240,-0.0000049710,0.0000236535,400000,20260824,192,0.0306177234,0.0019486662,parity_forward
daily,DIA,2026-08-26,1530,ssvi,ok,,6M,0.5000000000,false,false,542.7461543406,542.7940283283,0.0000882070,0.0001049565,0.8404145363,32768,20260824,104,3.0000000000,true,1.1565799390,542.7401560609,-0.0000110517,0.0000303851,400000,20260824,192,0.0320049364,0.0035591146,parity_forward
daily,DIA,2026-08-26,1530,essvi,ok,,1M,0.0833333333,false,false,534.8893402598,534.8893873039,0.0000000880,0.0000544341,0.0016157355,32768,20260824,104,3.0000000000,true,1.4289064749,534.8864201476,-0.0000054593,0.0000159978,400000,20260824,192,0.0170475581,0.0017341331,parity_forward
daily,DIA,2026-08-26,1530,essvi,ok,,3M,0.2500000000,false,false,538.2341485782,538.1429014826,-0.0001695305,0.0001186435,-1.4289064749,32768,20260824,104,3.0000000000,true,1.4289064749,538.2325168565,-0.0000030316,0.0000332569,400000,20260824,192,0.0306177234,0.0019486662,parity_forward
daily,DIA,2026-08-26,1530,essvi,ok,,6M,0.5000000000,false,false,542.7461543406,542.8134533786,0.0001239973,0.0001995158,0.6214908375,32768,20260824,104,3.0000000000,true,1.4289064749,542.7857449473,0.0000729450,0.0000564596,400000,20260824,192,0.0320049364,0.0035591146,parity_forward
daily,DIA,2026-08-26,1530,essvi_g05,ok,,1M,0.0833333333,false,false,534.8893402598,534.8881194538,-0.0000022824,0.0000519405,-0.0439416877,32768,20260824,104,3.0000000000,true,1.4934952414,534.8859661071,-0.0000063081,0.0000149930,400000,20260824,192,0.0170475581,0.0017341331,parity_forward
daily,DIA,2026-08-26,1530,essvi_g05,ok,,3M,0.2500000000,false,false,538.2341485782,538.1366869392,-0.0001810767,0.0001212435,-1.4934952414,32768,20260824,104,3.0000000000,true,1.4934952414,538.2305642848,-0.0000066594,0.0000336606,400000,20260824,192,0.0306177234,0.0019486662,parity_forward
daily,DIA,2026-08-26,1530,essvi_g05,ok,,6M,0.5000000000,false,false,542.7461543406,542.8196040659,0.0001353298,0.0002065056,0.6553321961,32768,20260824,104,3.0000000000,true,1.4934952414,542.7735364539,0.0000504510,0.0000582041,400000,20260824,192,0.0320049364,0.0035591146,parity_forward
daily,DIA,2026-08-26,1530,essvi_gfree,ok,,1M,0.0833333333,false,false,534.8893402598,534.8892693354,-0.0000001326,0.0000521958,-0.0025403669,32768,20260824,104,3.0000000000,true,1.4716456205,534.8859722607,-0.0000062966,0.0000151612,400000,20260824,192,0.0170475581,0.0017341331,parity_forward
daily,DIA,2026-08-26,1530,essvi_gfree,ok,,3M,0.2500000000,false,false,538.2341485782,538.1392945072,-0.0001762320,0.0001197516,-1.4716456205,32768,20260824,104,3.0000000000,true,1.4716456205,538.2316992969,-0.0000045506,0.0000331151,400000,20260824,192,0.0306177234,0.0019486662,parity_forward
daily,DIA,2026-08-26,1530,essvi_gfree,ok,,6M,0.5000000000,false,false,542.7461543406,542.8100629229,0.0001177504,0.0002174742,0.5414454996,32768,20260824,104,3.0000000000,true,1.4716456205,542.7757704876,0.0000545672,0.0000614947,400000,20260824,192,0.0320049364,0.0035591146,parity_forward
daily,DIA,2026-08-26,1530,essvi_sg05,ok,,1M,0.0833333333,false,false,534.8893402598,534.8866479649,-0.0000050334,0.0000529735,-0.0950166541,32768,20260824,104,3.0000000000,true,1.5369082408,534.8855376665,-0.0000071091,0.0000156224,400000,20260824,192,0.0170475581,0.0017341331,parity_forward
daily,DIA,2026-08-26,1530,essvi_sg05,ok,,3M,0.2500000000,false,false,538.2341485782,538.1244226062,-0.0002038629,0.0001326448,-1.5369082408,32768,20260824,104,3.0000000000,true,1.5369082408,538.2348762389,0.0000013519,0.0000373001,400000,20260824,192,0.0306177234,0.0019486662,parity_forward
daily,DIA,2026-08-26,1530,essvi_sg05,ok,,6M,0.5000000000,false,false,542.7461543406,542.8400832809,0.0001730624,0.0002712818,0.6379430910,32768,20260824,104,3.0000000000,true,1.5369082408,542.8225834886,0.0001408193,0.0000772735,400000,20260824,192,0.0320049364,0.0035591146,parity_forward
daily,DIA,2026-08-27,1530,svi,ok,,1M,0.0833333333,false,false,536.9555472451,536.9673212189,0.0000219273,0.0000539267,0.4066124495,32768,20260824,104,3.0000000000,true,1.0513603941,536.9506242494,-0.0000091683,0.0000164059,400000,20260824,192,0.0177922475,0.0016802904,parity_forward
daily,DIA,2026-08-27,1530,svi,ok,,3M,0.2500000000,false,false,540.2419971465,540.1962217927,-0.0000847312,0.0001310282,-0.6466639301,32768,20260824,104,3.0000000000,true,1.0513603941,540.2369228427,-0.0000093926,0.0000370414,400000,20260824,192,0.0303382322,0.0019942698,parity_forward
daily,DIA,2026-08-27,1530,svi,ok,,6M,0.5000000000,false,false,544.6391146016,544.7383008011,0.0001821136,0.0001732171,1.0513603941,32768,20260824,104,3.0000000000,true,1.0513603941,544.6031899628,-0.0000659604,0.0000500495,400000,20260824,192,0.0313815526,0.0038227302,parity_forward
daily,DIA,2026-08-27,1530,ssvi,ok,,1M,0.0833333333,false,false,536.9555472451,536.9514192827,-0.0000076877,0.0000567840,-0.1353851868,32768,20260824,104,3.0000000000,true,1.0520049283,536.9531056059,-0.0000045472,0.0000165944,400000,20260824,192,0.0177922475,0.0016802904,parity_forward
daily,DIA,2026-08-27,1530,ssvi,ok,,3M,0.2500000000,false,false,540.2419971465,540.1848684189,-0.0001057466,0.0001005191,-1.0520049283,32768,20260824,104,3.0000000000,true,1.0520049283,540.2380406724,-0.0000073235,0.0000289070,400000,20260824,192,0.0303382322,0.0019942698,parity_forward
daily,DIA,2026-08-27,1530,ssvi,ok,,6M,0.5000000000,false,false,544.6391146016,544.7084214907,0.0001272529,0.0001316826,0.9663602182,32768,20260824,104,3.0000000000,true,1.0520049283,544.6332473392,-0.0000107728,0.0000379369,400000,20260824,192,0.0313815526,0.0038227302,parity_forward
daily,DIA,2026-08-27,1530,essvi,ok,,1M,0.0833333333,false,false,536.9555472451,536.9600304583,0.0000083493,0.0000486244,0.1717103298,32768,20260824,104,3.0000000000,true,1.0700670239,536.9530640468,-0.0000046246,0.0000141394,400000,20260824,192,0.0177922475,0.0016802904,parity_forward
daily,DIA,2026-08-27,1530,essvi,ok,,3M,0.2500000000,false,false,540.2419971465,540.1807243667,-0.0001134173,0.0001182084,-0.9594686098,32768,20260824,104,3.0000000000,true,1.0700670239,540.2338205530,-0.0000151351,0.0000339533,400000,20260824,192,0.0303382322,0.0019942698,parity_forward
daily,DIA,2026-08-27,1530,essvi,ok,,6M,0.5000000000,false,false,544.6391146016,544.7573743164,0.0002171341,0.0002029163,1.0700670239,32768,20260824,104,3.0000000000,true,1.0700670239,544.6438355672,0.0000086681,0.0000574651,400000,20260824,192,0.0313815526,0.0038227302,parity_forward
daily,DIA,2026-08-27,1530,essvi_g05,ok,,1M,0.0833333333,false,false,536.9555472451,536.9596905623,0.0000077163,0.0000479611,0.1608868009,32768,20260824,104,3.0000000000,true,1.0208411273,536.9514987595,-0.0000075397,0.0000137409,400000,20260824,192,0.0177922475,0.0016802904,parity_forward
daily,DIA,2026-08-27,1530,essvi_g05,ok,,3M,0.2500000000,false,false,540.2419971465,540.1791300263,-0.0001163684,0.0001139927,-1.0208411273,32768,20260824,104,3.0000000000,true,1.0208411273,540.2322847691,-0.0000179778,0.0000328556,400000,20260824,192,0.0303382322,0.0019942698,parity_forward
daily,DIA,2026-08-27,1530,essvi_g05,ok,,6M,0.5000000000,false,false,544.6391146016,544.7121637980,0.0001341240,0.0001589537,0.8437928623,32768,20260824,104,3.0000000000,true,1.0208411273,544.6359540163,-0.0000058031,0.0000447663,400000,20260824,192,0.0313815526,0.0038227302,parity_forward
daily,DIA,2026-08-27,1530,essvi_gfree,ok,,1M,0.0833333333,false,false,536.9555472451,536.9600142491,0.0000083191,0.0000480278,0.1732149688,32768,20260824,104,3.0000000000,true,0.9921147874,536.9524241813,-0.0000058162,0.0000138709,400000,20260824,192,0.0177922475,0.0016802904,parity_forward
daily,DIA,2026-08-27,1530,essvi_gfree,ok,,3M,0.2500000000,false,false,540.2419971465,540.1806328502,-0.0001135867,0.0001144895,-0.9921147874,32768,20260824,104,3.0000000000,true,0.9921147874,540.2338772643,-0.0000150301,0.0000330095,400000,20260824,192,0.0303382322,0.0019942698,parity_forward
daily,DIA,2026-08-27,1530,essvi_gfree,ok,,6M,0.5000000000,false,false,544.6391146016,544.7084902051,0.0001273790,0.0001638354,0.7774816191,32768,20260824,104,3.0000000000,true,0.9921147874,544.6429533030,0.0000070482,0.0000459980,400000,20260824,192,0.0313815526,0.0038227302,parity_forward
daily,DIA,2026-08-27,1530,essvi_sg05,ok,,1M,0.0833333333,false,false,536.9555472451,536.9627705764,0.0000134524,0.0000502352,0.2677879661,32768,20260824,104,3.0000000000,true,1.4161029216,536.9539804528,-0.0000029179,0.0000153467,400000,20260824,192,0.0177922475,0.0016802904,parity_forward
daily,DIA,2026-08-27,1530,essvi_sg05,ok,,3M,0.2500000000,false,false,540.2419971465,540.1444317125,-0.0001805958,0.0001275301,-1.4161029216,32768,20260824,104,3.0000000000,true,1.4161029216,540.2495393857,0.0000139609,0.0000364066,400000,20260824,192,0.0303382322,0.0019942698,parity_forward
daily,DIA,2026-08-27,1530,essvi_sg05,ok,,6M,0.5000000000,false,false,544.6391146016,544.7161876377,0.0001415121,0.0002139953,0.6612861927,32768,20260824,104,3.0000000000,true,1.4161029216,544.6574116106,0.0000335947,0.0000609984,400000,20260824,192,0.0313815526,0.0038227302,parity_forward
daily,DIA,2026-08-31,1530,svi,ok,,1M,0.0833333333,false,false,532.0162740690,532.0334641444,0.0000323112,0.0000640400,0.5045471295,32768,20260824,104,3.0000000000,true,0.7566754448,532.0080042602,-0.0000155443,0.0000195139,400000,20260824,192,0.0136827344,0.0020564003,parity_forward
daily,DIA,2026-08-31,1530,svi,ok,,3M,0.2500000000,false,false,535.4295684275,535.3734323918,-0.0001048430,0.0001385574,-0.7566754448,32768,20260824,104,3.0000000000,true,0.7566754448,535.4204947920,-0.0000169465,0.0000393341,400000,20260824,192,0.0301420200,0.0021706442,parity_forward
daily,DIA,2026-08-31,1530,svi,ok,,6M,0.5000000000,false,false,540.3113982283,540.3333132479,0.0000405600,0.0002144392,0.1891444534,32768,20260824,104,3.0000000000,true,0.7566754448,540.2985333937,-0.0000238100,0.0000592944,400000,20260824,192,0.0332235707,0.0033064224,parity_forward
daily,DIA,2026-08-31,1530,ssvi,ok,,1M,0.0833333333,false,false,532.0162740690,532.0155797987,-0.0000013050,0.0000525605,-0.0248281231,32768,20260824,104,3.0000000000,true,1.2668110307,532.0123518131,-0.0000073724,0.0000152835,400000,20260824,192,0.0136827344,0.0020564003,parity_forward
daily,DIA,2026-08-31,1530,ssvi,ok,,3M,0.2500000000,false,false,535.4295684275,535.3663901717,-0.0001179955,0.0000931437,-1.2668110307,32768,20260824,104,3.0000000000,true,1.2668110307,535.4273325139,-0.0000041759,0.0000261671,400000,20260824,192,0.0301420200,0.0021706442,parity_forward
daily,DIA,2026-08-31,1530,ssvi,ok,,6M,0.5000000000,false,false,540.3113982283,540.3594421121,0.0000889189,0.0001191736,0.7461291636,32768,20260824,104,3.0000000000,true,1.2668110307,540.3056029045,-0.0000107259,0.0000340361,400000,20260824,192,0.0332235707,0.0033064224,parity_forward
daily,DIA,2026-08-31,1530,essvi,ok,,1M,0.0833333333,false,false,532.0162740690,532.0168881299,0.0000011542,0.0000540860,0.0213403631,32768,20260824,104,3.0000000000,true,1.2064525313,532.0103472548,-0.0000111403,0.0000156938,400000,20260824,192,0.0136827344,0.0020564003,parity_forward
daily,DIA,2026-08-31,1530,essvi,ok,,3M,0.2500000000,false,false,535.4295684275,535.3550675553,-0.0001391422,0.0001153317,-1.2064525313,32768,20260824,104,3.0000000000,true,1.2064525313,535.4240507835,-0.0000103051,0.0000326860,400000,20260824,192,0.0301420200,0.0021706442,parity_forward
daily,DIA,2026-08-31,1530,essvi,ok,,6M,0.5000000000,false,false,540.3113982283,540.3565493073,0.0000835649,0.0002015313,0.4146497692,32768,20260824,104,3.0000000000,true,1.2064525313,540.3417088470,0.0000560984,0.0000555277,400000,20260824,192,0.0332235707,0.0033064224,parity_forward
daily,DIA,2026-08-31,1530,essvi_g05,ok,,1M,0.0833333333,false,false,532.0162740690,532.0203161332,0.0000075976,0.0000517337,0.1468604669,32768,20260824,104,3.0000000000,true,1.2116270077,532.0096768228,-0.0000124005,0.0000145101,400000,20260824,192,0.0136827344,0.0020564003,parity_forward
daily,DIA,2026-08-31,1530,essvi_g05,ok,,3M,0.2500000000,false,false,535.4295684275,535.3529546422,-0.0001430884,0.0001180961,-1.2116270077,32768,20260824,104,3.0000000000,true,1.2116270077,535.4233882277,-0.0000115425,0.0000333298,400000,20260824,192,0.0301420200,0.0021706442,parity_forward
daily,DIA,2026-08-31,1530,essvi_g05,ok,,6M,0.5000000000,false,false,540.3113982283,540.3593868109,0.0000888165,0.0002178597,0.4076776037,32768,20260824,104,3.0000000000,true,1.2116270077,540.3232829129,0.0000219960,0.0000611120,400000,20260824,192,0.0332235707,0.0033064224,parity_forward
daily,DIA,2026-08-31,1530,essvi_gfree,ok,,1M,0.0833333333,false,false,532.0162740690,532.0178044753,0.0000028766,0.0000533682,0.0539012623,32768,20260824,104,3.0000000000,true,1.1443176859,532.0099250126,-0.0000119340,0.0000153032,400000,20260824,192,0.0136827344,0.0020564003,parity_forward
daily,DIA,2026-08-31,1530,essvi_gfree,ok,,3M,0.2500000000,false,false,535.4295684275,535.3563084861,-0.0001368246,0.0001195687,-1.1443176859,32768,20260824,104,3.0000000000,true,1.1443176859,535.4231456976,-0.0000119955,0.0000340166,400000,20260824,192,0.0301420200,0.0021706442,parity_forward
daily,DIA,2026-08-31,1530,essvi_gfree,ok,,6M,0.5000000000,false,false,540.3113982283,540.3622691712,0.0000941512,0.0002074775,0.4537896917,32768,20260824,104,3.0000000000,true,1.1443176859,540.3253188664,0.0000257641,0.0000581791,400000,20260824,192,0.0332235707,0.0033064224,parity_forward
daily,DIA,2026-08-31,1530,essvi_sg05,ok,,1M,0.0833333333,false,false,532.0162740690,532.0006105488,-0.0000294418,0.0000643617,-0.4574432894,32768,20260824,104,3.0000000000,true,0.9054892382,532.0097267420,-0.0000123066,0.0000198916,400000,20260824,192,0.0136827344,0.0020564003,parity_forward
daily,DIA,2026-08-31,1530,essvi_sg05,ok,,3M,0.2500000000,false,false,535.4295684275,535.3992238042,-0.0000566734,0.0001546092,-0.3665591016,32768,20260824,104,3.0000000000,true,0.9054892382,535.4005119166,-0.0000542677,0.0000464482,400000,20260824,192,0.0301420200,0.0021706442,parity_forward
daily,DIA,2026-08-31,1530,essvi_sg05,ok,,6M,0.5000000000,false,false,540.3113982283,540.4212823384,0.0002033718,0.0002245988,0.9054892382,32768,20260824,104,3.0000000000,true,0.9054892382,540.2820448118,-0.0000543269,0.0000653822,400000,20260824,192,0.0332235707,0.0033064224,parity_forward
daily,DIA,2026-09-01,1530,svi,ok,,1M,0.0833333333,false,false,528.1767165154,528.1913783066,0.0000277593,0.0000821503,0.3379082670,32768,20260824,104,3.0000000000,true,0.7716541900,528.1629380261,-0.0000260869,0.0000244554,400000,20260824,192,0.0115179572,0.0022461941,parity_forward
daily,DIA,2026-09-01,1530,svi,ok,,3M,0.2500000000,false,false,531.4814894887,531.4176665836,-0.0001200849,0.0001556201,-0.7716541900,32768,20260824,104,3.0000000000,true,0.7716541900,531.4612568121,-0.0000380685,0.0000442771,400000,20260824,192,0.0287891277,0.0025347460,parity_forward
daily,DIA,2026-09-01,1530,svi,ok,,6M,0.5000000000,false,false,536.1187415573,536.0999869840,-0.0000349821,0.0002109460,-0.1658344696,32768,20260824,104,3.0000000000,true,0.7716541900,536.0994872147,-0.0000359143,0.0000598114,400000,20260824,192,0.0317691620,0.0038918972,parity_forward
daily,DIA,2026-09-01,1530,ssvi,ok,,1M,0.0833333333,false,false,528.1767165154,528.1721322338,-0.0000086794,0.0000466189,-0.1861787441,32768,20260824,104,3.0000000000,true,1.2790151006,528.1735312331,-0.0000060307,0.0000139729,400000,20260824,192,0.0115179572,0.0022461941,parity_forward
daily,DIA,2026-09-01,1530,ssvi,ok,,3M,0.2500000000,false,false,531.4814894887,531.4270832128,-0.0001023672,0.0000800360,-1.2790151006,32768,20260824,104,3.0000000000,true,1.2790151006,531.4782999457,-0.0000060012,0.0000227601,400000,20260824,192,0.0287891277,0.0025347460,parity_forward
daily,DIA,2026-09-01,1530,ssvi,ok,,6M,0.5000000000,false,false,536.1187415573,536.1535933608,0.0000650076,0.0001007680,0.6451214373,32768,20260824,104,3.0000000000,true,1.2790151006,536.1122664427,-0.0000120778,0.0000290133,400000,20260824,192,0.0317691620,0.0038918972,parity_forward
daily,DIA,2026-09-01,1530,essvi,ok,,1M,0.0833333333,false,false,528.1767165154,528.1718133957,-0.0000092831,0.0000675259,-0.1374747422,32768,20260824,104,3.0000000000,true,1.1367391737,528.1679755229,-0.0000165494,0.0000193979,400000,20260824,192,0.0115179572,0.0022461941,parity_forward
daily,DIA,2026-09-01,1530,essvi,ok,,3M,0.2500000000,false,false,531.4814894887,531.4030441767,-0.0001475974,0.0001298428,-1.1367391737,32768,20260824,104,3.0000000000,true,1.1367391737,531.4721981808,-0.0000174819,0.0000370002,400000,20260824,192,0.0287891277,0.0025347460,parity_forward
daily,DIA,2026-09-01,1530,essvi,ok,,6M,0.5000000000,false,false,536.1187415573,536.1047317480,-0.0000261319,0.0003165270,-0.0825582496,32768,20260824,104,3.0000000000,true,1.1367391737,536.1344245098,0.0000292528,0.0000902366,400000,20260824,192,0.0317691620,0.0038918972,parity_forward
daily,DIA,2026-09-01,1530,essvi_g05,ok,,1M,0.0833333333,false,false,528.1767165154,528.1754022543,-0.0000024883,0.0000642527,-0.0387267608,32768,20260824,104,3.0000000000,true,1.3488543580,528.1684848043,-0.0000155851,0.0000178176,400000,20260824,192,0.0115179572,0.0022461941,parity_forward
daily,DIA,2026-09-01,1530,essvi_g05,ok,,3M,0.2500000000,false,false,531.4814894887,531.3895913330,-0.0001729094,0.0001281898,-1.3488543580,32768,20260824,104,3.0000000000,true,1.3488543580,531.4742579542,-0.0000136064,0.0000357969,400000,20260824,192,0.0287891277,0.0025347460,parity_forward
daily,DIA,2026-09-01,1530,essvi_g05,ok,,6M,0.5000000000,false,false,536.1187415573,536.1108664728,-0.0000146891,0.0002295718,-0.0639846384,32768,20260824,104,3.0000000000,true,1.3488543580,536.1311509184,0.0000231467,0.0000654984,400000,20260824,192,0.0317691620,0.0038918972,parity_forward
daily,DIA,2026-09-01,1530,essvi_gfree,ok,,1M,0.0833333333,false,false,528.1767165154,528.1718888864,-0.0000091402,0.0000634814,-0.1439820203,32768,20260824,104,3.0000000000,true,1.3772839795,528.1684978793,-0.0000155604,0.0000179496,400000,20260824,192,0.0115179572,0.0022461941,parity_forward
daily,DIA,2026-09-01,1530,essvi_gfree,ok,,3M,0.2500000000,false,false,531.4814894887,531.3886431192,-0.0001746935,0.0001268391,-1.3772839795,32768,20260824,104,3.0000000000,true,1.3772839795,531.4743193669,-0.0000134908,0.0000356656,400000,20260824,192,0.0287891277,0.0025347460,parity_forward
daily,DIA,2026-09-01,1530,essvi_gfree,ok,,6M,0.5000000000,false,false,536.1187415573,536.1066404256,-0.0000225717,0.0002379042,-0.0948774446,32768,20260824,104,3.0000000000,true,1.3772839795,536.1317583941,0.0000242798,0.0000680058,400000,20260824,192,0.0317691620,0.0038918972,parity_forward
daily,DIA,2026-09-01,1530,essvi_sg05,ok,,1M,0.0833333333,false,false,528.1767165154,528.1545132940,-0.0000420375,0.0000764546,-0.5498358099,32768,20260824,104,3.0000000000,true,0.8163983019,528.1607912346,-0.0000301514,0.0000222917,400000,20260824,192,0.0115179572,0.0022461941,parity_forward
daily,DIA,2026-09-01,1530,essvi_sg05,ok,,3M,0.2500000000,false,false,531.4814894887,531.4164706385,-0.0001223351,0.0001498473,-0.8163983019,32768,20260824,104,3.0000000000,true,0.8163983019,531.4576560093,-0.0000448435,0.0000435953,400000,20260824,192,0.0287891277,0.0025347460,parity_forward
daily,DIA,2026-09-01,1530,essvi_sg05,ok,,6M,0.5000000000,false,false,536.1187415573,536.2260096637,0.0002000827,0.0002540328,0.7876256027,32768,20260824,104,3.0000000000,true,0.8163983019,536.1064856630,-0.0000228604,0.0000738758,400000,20260824,192,0.0317691620,0.0038918972,parity_forward
daily,DIA,2026-09-02,1530,svi,ok,,1M,0.0833333333,false,false,531.0436700982,531.0380043616,-0.0000106691,0.0000649710,-0.1642125233,32768,20260824,104,3.0000000000,true,0.8543576402,531.0283432122,-0.0000288618,0.0000233490,400000,20260824,192,0.0148932141,0.0019650135,parity_forward
daily,DIA,2026-09-02,1530,svi,ok,,3M,0.2500000000,false,false,534.3432670246,534.2796169811,-0.0001191183,0.0001394244,-0.8543576402,32768,20260824,104,3.0000000000,true,0.8543576402,534.3230018482,-0.0000379254,0.0000424779,400000,20260824,192,0.0297411866,0.0023209709,parity_forward
daily,DIA,2026-09-02,1530,svi,ok,,6M,0.5000000000,false,false,538.8104556837,538.8372253024,0.0000496828,0.0002240630,0.2217358799,32768,20260824,104,3.0000000000,true,0.8543576402,538.7809278484,-0.0000548019,0.0000631433,400000,20260824,192,0.0315213838,0.0040663132,parity_forward
daily,DIA,2026-09-02,1530,ssvi,ok,,1M,0.0833333333,false,false,531.0436700982,531.0371644496,-0.0000122507,0.0000558283,-0.2194348721,32768,20260824,104,3.0000000000,true,1.2252380128,531.0380948808,-0.0000104986,0.0000170574,400000,20260824,192,0.0148932141,0.0019650135,parity_forward
daily,DIA,2026-09-02,1530,ssvi,ok,,3M,0.2500000000,false,false,534.3432670246,534.2787683359,-0.0001207065,0.0000985168,-1.2252380128,32768,20260824,104,3.0000000000,true,1.2252380128,534.3347771048,-0.0000158885,0.0000284833,400000,20260824,192,0.0297411866,0.0023209709,parity_forward
daily,DIA,2026-09-02,1530,ssvi,ok,,6M,0.5000000000,false,false,538.8104556837,538.8625376247,0.0000966610,0.0001284886,0.7522919409,32768,20260824,104,3.0000000000,true,1.2252380128,538.7972330272,-0.0000245405,0.0000373850,400000,20260824,192,0.0315213838,0.0040663132,parity_forward
daily,DIA,2026-09-02,1530,essvi,ok,,1M,0.0833333333,false,false,531.0436700982,531.0360273015,-0.0000143920,0.0000570173,-0.2524151646,32768,20260824,104,3.0000000000,true,1.3935993467,531.0358597450,-0.0000147076,0.0000174934,400000,20260824,192,0.0148932141,0.0019650135,parity_forward
daily,DIA,2026-09-02,1530,essvi,ok,,3M,0.2500000000,false,false,534.3432670246,534.2543893417,-0.0001663307,0.0001193533,-1.3935993467,32768,20260824,104,3.0000000000,true,1.3935993467,534.3341367488,-0.0000170869,0.0000339829,400000,20260824,192,0.0297411866,0.0023209709,parity_forward
daily,DIA,2026-09-02,1530,essvi,ok,,6M,0.5000000000,false,false,538.8104556837,538.7944871980,-0.0000296366,0.0001667718,-0.1777072004,32768,20260824,104,3.0000000000,true,1.3935993467,538.8023427041,-0.0000150572,0.0000475704,400000,20260824,192,0.0315213838,0.0040663132,parity_forward
daily,DIA,2026-09-02,1530,essvi_g05,ok,,1M,0.0833333333,false,false,531.0436700982,531.0365048243,-0.0000134928,0.0000524875,-0.2570672842,32768,20260824,104,3.0000000000,true,1.4021162540,531.0352391086,-0.0000158763,0.0000157040,400000,20260824,192,0.0148932141,0.0019650135,parity_forward
daily,DIA,2026-09-02,1530,essvi_g05,ok,,3M,0.2500000000,false,false,534.3432670246,534.2488098570,-0.0001767724,0.0001260755,-1.4021162540,32768,20260824,104,3.0000000000,true,1.4021162540,534.3314409225,-0.0000221320,0.0000354430,400000,20260824,192,0.0297411866,0.0023209709,parity_forward
daily,DIA,2026-09-02,1530,essvi_g05,ok,,6M,0.5000000000,false,false,538.8104556837,538.8065298182,-0.0000072862,0.0001910393,-0.0381396422,32768,20260824,104,3.0000000000,true,1.4021162540,538.7957751780,-0.0000272461,0.0000547693,400000,20260824,192,0.0315213838,0.0040663132,parity_forward
daily,DIA,2026-09-02,1530,essvi_gfree,ok,,1M,0.0833333333,false,false,531.0436700982,531.0355704162,-0.0000152524,0.0000546800,-0.2789389817,32768,20260824,104,3.0000000000,true,1.3678727552,531.0354363706,-0.0000155048,0.0000165688,400000,20260824,192,0.0148932141,0.0019650135,parity_forward
daily,DIA,2026-09-02,1530,essvi_gfree,ok,,3M,0.2500000000,false,false,534.3432670246,534.2532914033,-0.0001683854,0.0001231002,-1.3678727552,32768,20260824,104,3.0000000000,true,1.3678727552,534.3327895104,-0.0000196082,0.0000347412,400000,20260824,192,0.0297411866,0.0023209709,parity_forward
daily,DIA,2026-09-02,1530,essvi_gfree,ok,,6M,0.5000000000,false,false,538.8104556837,538.7989782989,-0.0000213013,0.0002171469,-0.0980964495,32768,20260824,104,3.0000000000,true,1.3678727552,538.7993439694,-0.0000206227,0.0000625541,400000,20260824,192,0.0315213838,0.0040663132,parity_forward
daily,DIA,2026-09-02,1530,essvi_sg05,ok,,1M,0.0833333333,false,false,531.0436700982,531.0394480209,-0.0000079505,0.0000503723,-0.1578354012,32768,20260824,104,3.0000000000,true,1.3183684168,531.0364472846,-0.0000136012,0.0000153684,400000,20260824,192,0.0148932141,0.0019650135,parity_forward
daily,DIA,2026-09-02,1530,essvi_sg05,ok,,3M,0.2500000000,false,false,534.3432670246,534.2518856055,-0.0001710163,0.0001297182,-1.3183684168,32768,20260824,104,3.0000000000,true,1.3183684168,534.3324913808,-0.0000201661,0.0000366001,400000,20260824,192,0.0297411866,0.0023209709,parity_forward
daily,DIA,2026-09-02,1530,essvi_sg05,ok,,6M,0.5000000000,false,false,538.8104556837,538.8276894939,0.0000319849,0.0002000612,0.1598757163,32768,20260824,104,3.0000000000,true,1.3183684168,538.7828129852,-0.0000513032,0.0000573209,400000,20260824,192,0.0315213838,0.0040663132,parity_forward
daily,DIA,2026-09-03,1530,svi,ok,,1M,0.0833333333,false,false,537.6181146264,537.6129920297,-0.0000095283,0.0000516599,-0.1844434064,32768,20260824,104,3.0000000000,true,0.6046799623,537.6073705367,-0.0000199846,0.0000169117,400000,20260824,192,0.0169335734,0.0017783626,parity_forward
daily,DIA,2026-09-03,1530,svi,ok,,3M,0.2500000000,false,false,540.8434240564,540.7992172578,-0.0000817368,0.0001351736,-0.6046799623,32768,20260824,104,3.0000000000,true,0.6046799623,540.8256155696,-0.0000329273,0.0000390276,400000,20260824,192,0.0295698583,0.0023652365,parity_forward
daily,DIA,2026-09-03,1530,svi,ok,,6M,0.5000000000,false,false,545.5796897453,545.6120558215,0.0000593242,0.0001702516,0.3484502176,32768,20260824,104,3.0000000000,true,0.6046799623,545.5427854644,-0.0000676423,0.0000487900,400000,20260824,192,0.0322230548,0.0037124923,parity_forward
daily,DIA,2026-09-03,1530,ssvi,ok,,1M,0.0833333333,false,false,537.6181146264,537.6045561839,-0.0000252195,0.0000487242,-0.5175960257,32768,20260824,104,3.0000000000,true,1.4325866531,537.6137825427,-0.0000080579,0.0000145679,400000,20260824,192,0.0169335734,0.0017783626,parity_forward
daily,DIA,2026-09-03,1530,ssvi,ok,,3M,0.2500000000,false,false,540.8434240564,540.7780651457,-0.0001208463,0.0000843553,-1.4325866531,32768,20260824,104,3.0000000000,true,1.4325866531,540.8368603438,-0.0000121361,0.0000241740,400000,20260824,192,0.0295698583,0.0023652365,parity_forward
daily,DIA,2026-09-03,1530,ssvi,ok,,6M,0.5000000000,false,false,545.5796897453,545.6105327281,0.0000565325,0.0001078283,0.5242823641,32768,20260824,104,3.0000000000,true,1.4325866531,545.5690967004,-0.0000194161,0.0000311047,400000,20260824,192,0.0322230548,0.0037124923,parity_forward
daily,DIA,2026-09-03,1530,essvi,ok,,1M,0.0833333333,false,false,537.6181146264,537.6110027138,-0.0000132286,0.0000391659,-0.3377566408,32768,20260824,104,3.0000000000,true,1.0870293954,537.6121846827,-0.0000110300,0.0000116688,400000,20260824,192,0.0169335734,0.0017783626,parity_forward
daily,DIA,2026-09-03,1530,essvi,ok,,3M,0.2500000000,false,false,540.8434240564,540.7811455258,-0.0001151508,0.0001059316,-1.0870293954,32768,20260824,104,3.0000000000,true,1.0870293954,540.8371724538,-0.0000115590,0.0000305851,400000,20260824,192,0.0295698583,0.0023652365,parity_forward
daily,DIA,2026-09-03,1530,essvi,ok,,6M,0.5000000000,false,false,545.5796897453,545.6864950850,0.0001957649,0.0001908885,1.0255456181,32768,20260824,104,3.0000000000,true,1.0870293954,545.5723057079,-0.0000135343,0.0000524436,400000,20260824,192,0.0322230548,0.0037124923,parity_forward
daily,DIA,2026-09-03,1530,essvi_g05,ok,,1M,0.0833333333,false,false,537.6181146264,537.6116241936,-0.0000120726,0.0000358201,-0.3370330884,32768,20260824,104,3.0000000000,true,1.0952468678,537.6111917963,-0.0000128769,0.0000104818,400000,20260824,192,0.0169335734,0.0017783626,parity_forward
daily,DIA,2026-09-03,1530,essvi_g05,ok,,3M,0.2500000000,false,false,540.8434240564,540.7728571142,-0.0001304757,0.0001191291,-1.0952468678,32768,20260824,104,3.0000000000,true,1.0952468678,540.8360749318,-0.0000135883,0.0000342858,400000,20260824,192,0.0295698583,0.0023652365,parity_forward
daily,DIA,2026-09-03,1530,essvi_g05,ok,,6M,0.5000000000,false,false,545.5796897453,545.6198584356,0.0000736257,0.0001904085,0.3866724651,32768,20260824,104,3.0000000000,true,1.0952468678,545.5715900802,-0.0000148460,0.0000535881,400000,20260824,192,0.0322230548,0.0037124923,parity_forward
daily,DIA,2026-09-03,1530,essvi_gfree,ok,,1M,0.0833333333,false,false,537.6181146264,537.6114957493,-0.0000123115,0.0000364138,-0.3380997082,32768,20260824,104,3.0000000000,true,1.1126751171,537.6115912193,-0.0000121339,0.0000107182,400000,20260824,192,0.0169335734,0.0017783626,parity_forward
daily,DIA,2026-09-03,1530,essvi_gfree,ok,,3M,0.2500000000,false,false,540.8434240564,540.7723442542,-0.0001314240,0.0001181153,-1.1126751171,32768,20260824,104,3.0000000000,true,1.1126751171,540.8363849734,-0.0000130150,0.0000340027,400000,20260824,192,0.0295698583,0.0023652365,parity_forward
daily,DIA,2026-09-03,1530,essvi_gfree,ok,,6M,0.5000000000,false,false,545.5796897453,545.6247562644,0.0000826030,0.0001955458,0.4224227450,32768,20260824,104,3.0000000000,true,1.1126751171,545.5721782063,-0.0000137680,0.0000549693,400000,20260824,192,0.0322230548,0.0037124923,parity_forward
daily,DIA,2026-09-03,1530,essvi_sg05,ok,,1M,0.0833333333,false,false,537.6181146264,537.5679456314,-0.0000933172,0.0000623986,-1.4955012169,32768,20260824,104,3.0000000000,true,1.4955012169,537.6067714303,-0.0000210990,0.0000179042,400000,20260824,192,0.0169335734,0.0017783626,parity_forward
daily,DIA,2026-09-03,1530,essvi_sg05,ok,,3M,0.2500000000,false,false,540.8434240564,540.7457076746,-0.0001806741,0.0001585086,-1.1398378024,32768,20260824,104,3.0000000000,true,1.4955012169,540.8231668108,-0.0000374549,0.0000449699,400000,20260824,192,0.0295698583,0.0023652365,parity_forward
daily,DIA,2026-09-03,1530,essvi_sg05,ok,,6M,0.5000000000,false,false,545.5796897453,545.6277870388,0.0000881581,0.0002244144,0.3928363178,32768,20260824,104,3.0000000000,true,1.4955012169,545.5411666711,-0.0000706094,0.0000638927,400000,20260824,192,0.0322230548,0.0037124923,parity_forward
daily,DIA,2026-09-04,1530,svi,ok,,1M,0.0833333333,false,false,534.4284497866,534.4216315269,-0.0000127580,0.0000471569,-0.2705444341,32768,20260824,104,3.0000000000,true,0.8286260282,534.4200824833,-0.0000156565,0.0000163870,400000,20260824,192,0.0127707046,0.0021242377,parity_forward
daily,DIA,2026-09-04,1530,svi,ok,,3M,0.2500000000,false,false,537.6078372811,537.5513985656,-0.0001049812,0.0001266931,-0.8286260282,32768,20260824,104,3.0000000000,true,0.8286260282,537.5969889290,-0.0000201789,0.0000374393,400000,20260824,192,0.0279829403,0.0026885068,parity_forward
daily,DIA,2026-09-04,1530,svi,ok,,6M,0.5000000000,false,false,542.3994772416,542.3403789867,-0.0001089571,0.0001921015,-0.5671849506,32768,20260824,104,3.0000000000,true,0.8286260282,542.3694767082,-0.0000553108,0.0000552450,400000,20260824,192,0.0317382811,0.0037069884,parity_forward
daily,DIA,2026-09-04,1530,ssvi,ok,,1M,0.0833333333,false,false,534.4284497866,534.4137936852,-0.0000274239,0.0000487556,-0.5624770504,32768,20260824,104,3.0000000000,true,1.4766648823,534.4233005372,-0.0000096351,0.0000148554,400000,20260824,192,0.0127707046,0.0021242377,parity_forward
daily,DIA,2026-09-04,1530,ssvi,ok,,3M,0.2500000000,false,false,537.6078372811,537.5385703317,-0.0001288429,0.0000872526,-1.4766648823,32768,20260824,104,3.0000000000,true,1.4766648823,537.5999844686,-0.0000146070,0.0000250781,400000,20260824,192,0.0279829403,0.0026885068,parity_forward
daily,DIA,2026-09-04,1530,ssvi,ok,,6M,0.5000000000,false,false,542.3994772416,542.4343534301,0.0000642998,0.0001126801,0.5706405177,32768,20260824,104,3.0000000000,true,1.4766648823,542.3893639018,-0.0000186456,0.0000326091,400000,20260824,192,0.0317382811,0.0037069884,parity_forward
daily,DIA,2026-09-04,1530,essvi,ok,,1M,0.0833333333,false,false,534.4284497866,534.4180631138,-0.0000194351,0.0000387784,-0.5011832526,32768,20260824,104,3.0000000000,true,1.3589969312,534.4223847945,-0.0000113486,0.0000119340,400000,20260824,192,0.0127707046,0.0021242377,parity_forward
daily,DIA,2026-09-04,1530,essvi,ok,,3M,0.2500000000,false,false,537.6078372811,537.5291403067,-0.0001463836,0.0001077145,-1.3589969312,32768,20260824,104,3.0000000000,true,1.3589969312,537.6002252295,-0.0000141591,0.0000312626,400000,20260824,192,0.0279829403,0.0026885068,parity_forward
daily,DIA,2026-09-04,1530,essvi,ok,,6M,0.5000000000,false,false,542.3994772416,542.4140583196,0.0000268825,0.0001809685,0.1485481685,32768,20260824,104,3.0000000000,true,1.3589969312,542.3753438015,-0.0000444938,0.0000529856,400000,20260824,192,0.0317382811,0.0037069884,parity_forward
daily,DIA,2026-09-04,1530,essvi_g05,ok,,1M,0.0833333333,false,false,534.4284497866,534.4178508717,-0.0000198322,0.0000342133,-0.5796640680,32768,20260824,104,3.0000000000,true,1.5459180765,534.4230627660,-0.0000100800,0.0000102972,400000,20260824,192,0.0127707046,0.0021242377,parity_forward
daily,DIA,2026-09-04,1530,essvi_g05,ok,,3M,0.2500000000,false,false,537.6078372811,537.5131923658,-0.0001760482,0.0001138794,-1.5459180765,32768,20260824,104,3.0000000000,true,1.5459180765,537.6004068755,-0.0000138212,0.0000330185,400000,20260824,192,0.0279829403,0.0026885068,parity_forward
daily,DIA,2026-09-04,1530,essvi_g05,ok,,6M,0.5000000000,false,false,542.3994772416,542.4033420345,0.0000071254,0.0001948351,0.0365712456,32768,20260824,104,3.0000000000,true,1.5459180765,542.3812422702,-0.0000336191,0.0000572404,400000,20260824,192,0.0317382811,0.0037069884,parity_forward
daily,DIA,2026-09-04,1530,essvi_gfree,ok,,1M,0.0833333333,false,false,534.4284497866,534.4190016430,-0.0000176790,0.0000361650,-0.4888424915,32768,20260824,104,3.0000000000,true,1.4701031710,534.4227680251,-0.0000106315,0.0000111495,400000,20260824,192,0.0127707046,0.0021242377,parity_forward
daily,DIA,2026-09-04,1530,essvi_gfree,ok,,3M,0.2500000000,false,false,537.6078372811,537.5211835139,-0.0001611840,0.0001096413,-1.4701031710,32768,20260824,104,3.0000000000,true,1.4701031710,537.6002744411,-0.0000140676,0.0000318370,400000,20260824,192,0.0279829403,0.0026885068,parity_forward
daily,DIA,2026-09-04,1530,essvi_gfree,ok,,6M,0.5000000000,false,false,542.3994772416,542.3826958980,-0.0000309391,0.0002169098,-0.1426357186,32768,20260824,104,3.0000000000,true,1.4701031710,542.3835540764,-0.0000293569,0.0000630427,400000,20260824,192,0.0317382811,0.0037069884,parity_forward
daily,DIA,2026-09-04,1530,essvi_sg05,ok,,1M,0.0833333333,false,false,534.4284497866,534.4162404388,-0.0000228456,0.0000358695,-0.6369095659,32768,20260824,104,3.0000000000,true,1.4533632017,534.4231634462,-0.0000098916,0.0000110055,400000,20260824,192,0.0127707046,0.0021242377,parity_forward
daily,DIA,2026-09-04,1530,essvi_sg05,ok,,3M,0.2500000000,false,false,537.6078372811,537.5089761573,-0.0001838908,0.0001265278,-1.4533632017,32768,20260824,104,3.0000000000,true,1.4533632017,537.6007373440,-0.0000132065,0.0000368851,400000,20260824,192,0.0279829403,0.0026885068,parity_forward
daily,DIA,2026-09-04,1530,essvi_sg05,ok,,6M,0.5000000000,false,false,542.3994772416,542.3550733828,-0.0000818656,0.0001987557,-0.4118906230,32768,20260824,104,3.0000000000,true,1.4533632017,542.3944859187,-0.0000092023,0.0000572583,400000,20260824,192,0.0317382811,0.0037069884,parity_forward
daily,DIA,2026-09-08,1530,svi,ok,,1M,0.0833333333,false,false,529.1734320289,529.1747010274,0.0000023981,0.0000592511,0.0404731466,32768,20260824,104,3.0000000000,true,0.3823694005,529.1713830359,-0.0000038721,0.0000196919,400000,20260824,192,0.0128949204,0.0020822754,parity_forward
daily,DIA,2026-09-08,1530,svi,ok,,3M,0.2500000000,false,false,532.1776603216,532.1852859115,0.0000143290,0.0001360014,0.1053594235,32768,20260824,104,3.0000000000,true,0.3823694005,532.1803387384,0.0000050329,0.0000410422,400000,20260824,192,0.0269429253,0.0029986406,parity_forward
daily,DIA,2026-09-08,1530,svi,ok,,6M,0.5000000000,false,false,536.5757065619,536.5278611798,-0.0000891680,0.0002331986,-0.3823694005,32768,20260824,104,3.0000000000,true,0.3823694005,536.5844927100,0.0000163745,0.0000680431,400000,20260824,192,0.0299320276,0.0047635750,parity_forward
daily,DIA,2026-09-08,1530,ssvi,ok,,1M,0.0833333333,false,false,529.1734320289,529.1557899525,-0.0000333389,0.0000523825,-0.6364516731,32768,20260824,104,3.0000000000,true,1.4885060457,529.1715553536,-0.0000035464,0.0000167901,400000,20260824,192,0.0128949204,0.0020822754,parity_forward
daily,DIA,2026-09-08,1530,ssvi,ok,,3M,0.2500000000,false,false,532.1776603216,532.1033069492,-0.0001397153,0.0000938628,-1.4885060457,32768,20260824,104,3.0000000000,true,1.4885060457,532.1747511124,-0.0000054666,0.0000276501,400000,20260824,192,0.0269429253,0.0029986406,parity_forward
daily,DIA,2026-09-08,1530,ssvi,ok,,6M,0.5000000000,false,false,536.5757065619,536.6121964294,0.0000680051,0.0001217930,0.5583659882,32768,20260824,104,3.0000000000,true,1.4885060457,536.5697260842,-0.0000111456,0.0000358068,400000,20260824,192,0.0299320276,0.0047635750,parity_forward
daily,DIA,2026-09-08,1530,essvi,ok,,1M,0.0833333333,false,false,529.1734320289,529.1631284466,-0.0000194711,0.0000438235,-0.4443066566,32768,20260824,104,3.0000000000,true,1.4077396058,529.1712270053,-0.0000041669,0.0000141635,400000,20260824,192,0.0128949204,0.0020822754,parity_forward
daily,DIA,2026-09-08,1530,essvi,ok,,3M,0.2500000000,false,false,532.1776603216,532.0985771836,-0.0001486029,0.0001055613,-1.4077396058,32768,20260824,104,3.0000000000,true,1.4077396058,532.1744826318,-0.0000059711,0.0000307755,400000,20260824,192,0.0269429253,0.0029986406,parity_forward
daily,DIA,2026-09-08,1530,essvi,ok,,6M,0.5000000000,false,false,536.5757065619,536.4407528957,-0.0002515091,0.0003043515,-0.8263770615,32768,20260824,104,3.0000000000,true,1.4077396058,536.5537682935,-0.0000408857,0.0000874625,400000,20260824,192,0.0299320276,0.0047635750,parity_forward
daily,DIA,2026-09-08,1530,essvi_g05,ok,,1M,0.0833333333,false,false,529.1734320289,529.1662052570,-0.0000136567,0.0000375069,-0.3641122363,32768,20260824,104,3.0000000000,true,1.5544524026,529.1719473854,-0.0000028056,0.0000131976,400000,20260824,192,0.0128949204,0.0020822754,parity_forward
daily,DIA,2026-09-08,1530,essvi_g05,ok,,3M,0.2500000000,false,false,532.1776603216,532.0875682752,-0.0001692894,0.0001089061,-1.5544524026,32768,20260824,104,3.0000000000,true,1.5544524026,532.1723437363,-0.0000099902,0.0000317714,400000,20260824,192,0.0269429253,0.0029986406,parity_forward
daily,DIA,2026-09-08,1530,essvi_g05,ok,,6M,0.5000000000,false,false,536.5757065619,536.4397370761,-0.0002534022,0.0002576085,-0.9836717228,32768,20260824,104,3.0000000000,true,1.5544524026,536.5670282878,-0.0000161734,0.0000745355,400000,20260824,192,0.0299320276,0.0047635750,parity_forward
daily,DIA,2026-09-08,1530,essvi_gfree,ok,,1M,0.0833333333,false,false,529.1734320289,529.1654345434,-0.0000151132,0.0000414754,-0.3643884353,32768,20260824,104,3.0000000000,true,1.4839957846,529.1715509750,-0.0000035547,0.0000136555,400000,20260824,192,0.0128949204,0.0020822754,parity_forward
daily,DIA,2026-09-08,1530,essvi_gfree,ok,,3M,0.2500000000,false,false,532.1776603216,532.0950542544,-0.0001552227,0.0001045978,-1.4839957846,32768,20260824,104,3.0000000000,true,1.4839957846,532.1734978969,-0.0000078215,0.0000304289,400000,20260824,192,0.0269429253,0.0029986406,parity_forward
daily,DIA,2026-09-08,1530,essvi_gfree,ok,,6M,0.5000000000,false,false,536.5757065619,536.4297540037,-0.0002720074,0.0002821939,-0.9639024632,32768,20260824,104,3.0000000000,true,1.4839957846,536.5693399598,-0.0000118652,0.0000814050,400000,20260824,192,0.0299320276,0.0047635750,parity_forward
daily,DIA,2026-09-08,1530,essvi_sg05,ok,,1M,0.0833333333,false,false,529.1734320289,529.1654289961,-0.0000151236,0.0000343620,-0.4401276659,32768,20260824,104,3.0000000000,true,1.6761373053,529.1726652139,-0.0000014491,0.0000128780,400000,20260824,192,0.0128949204,0.0020822754,parity_forward
daily,DIA,2026-09-08,1530,essvi_sg05,ok,,3M,0.2500000000,false,false,532.1776603216,532.0798772056,-0.0001837415,0.0001096220,-1.6761373053,32768,20260824,104,3.0000000000,true,1.6761373053,532.1729290038,-0.0000088905,0.0000319205,400000,20260824,192,0.0269429253,0.0029986406,parity_forward
daily,DIA,2026-09-08,1530,essvi_sg05,ok,,6M,0.5000000000,false,false,536.5757065619,536.4043029913,-0.0003194397,0.0003405692,-0.9379582565,32768,20260824,104,3.0000000000,true,1.6761373053,536.5633997546,-0.0000229358,0.0000987531,400000,20260824,192,0.0299320276,0.0047635750,parity_forward
daily,DIA,2026-09-09,1530,svi,ok,,1M,0.0833333333,false,false,525.3661244733,525.3810056992,0.0000283254,0.0000682069,0.4152869580,32768,20260824,104,3.0000000000,true,0.7667656802,525.3628974079,-0.0000061425,0.0000234616,400000,20260824,192,0.0163683106,0.0018099335,parity_forward
daily,DIA,2026-09-09,1530,svi,ok,,3M,0.2500000000,false,false,528.2875654654,528.2286522858,-0.0001115173,0.0001454385,-0.7667656802,32768,20260824,104,3.0000000000,true,0.7667656802,528.2832405513,-0.0000081867,0.0000434056,400000,20260824,192,0.0276375736,0.0028986890,parity_forward
daily,DIA,2026-09-09,1530,svi,ok,,6M,0.5000000000,false,false,533.0234383626,532.9747648269,-0.0000913159,0.0001994628,-0.4578093275,32768,20260824,104,3.0000000000,true,0.7667656802,532.9934439998,-0.0000562721,0.0000587117,400000,20260824,192,0.0316680480,0.0039902540,parity_forward
daily,DIA,2026-09-09,1530,ssvi,ok,,1M,0.0833333333,false,false,525.3661244733,525.3546007518,-0.0000219346,0.0000463672,-0.4730640823,32768,20260824,104,3.0000000000,true,1.4764946111,525.3648177091,-0.0000024873,0.0000152818,400000,20260824,192,0.0163683106,0.0018099335,parity_forward
daily,DIA,2026-09-09,1530,ssvi,ok,,3M,0.2500000000,false,false,528.2875654654,528.2248179678,-0.0001187753,0.0000804441,-1.4764946111,32768,20260824,104,3.0000000000,true,1.4764946111,528.2861104434,-0.0000027542,0.0000240590,400000,20260824,192,0.0276375736,0.0028986890,parity_forward
daily,DIA,2026-09-09,1530,ssvi,ok,,6M,0.5000000000,false,false,533.0234383626,533.0515921258,0.0000528190,0.0001021152,0.5172491534,32768,20260824,104,3.0000000000,true,1.4764946111,533.0183018030,-0.0000096366,0.0000303946,400000,20260824,192,0.0316680480,0.0039902540,parity_forward
daily,DIA,2026-09-09,1530,essvi,ok,,1M,0.0833333333,false,false,525.3661244733,525.3658631006,-0.0000004975,0.0000611265,-0.0081389517,32768,20260824,104,3.0000000000,true,1.2100766284,525.3624636820,-0.0000069681,0.0000187803,400000,20260824,192,0.0163683106,0.0018099335,parity_forward
daily,DIA,2026-09-09,1530,essvi,ok,,3M,0.2500000000,false,false,528.2875654654,528.2032815505,-0.0001595417,0.0001318443,-1.2100766284,32768,20260824,104,3.0000000000,true,1.2100766284,528.2818212436,-0.0000108733,0.0000389130,400000,20260824,192,0.0276375736,0.0028986890,parity_forward
daily,DIA,2026-09-09,1530,essvi,ok,,6M,0.5000000000,false,false,533.0234383626,532.8719462122,-0.0002842129,0.0004288073,-0.6627987221,32768,20260824,104,3.0000000000,true,1.2100766284,532.9748441737,-0.0000911671,0.0001229774,400000,20260824,192,0.0316680480,0.0039902540,parity_forward
daily,DIA,2026-09-09,1530,essvi_g05,ok,,1M,0.0833333333,false,false,525.3661244733,525.3661235403,-0.0000000018,0.0000558664,-0.0000317884,32768,20260824,104,3.0000000000,true,1.5679660782,525.3619370261,-0.0000079705,0.0000175143,400000,20260824,192,0.0163683106,0.0018099335,parity_forward
daily,DIA,2026-09-09,1530,essvi_g05,ok,,3M,0.2500000000,false,false,528.2875654654,528.1766402165,-0.0002099713,0.0001339132,-1.5679660782,32768,20260824,104,3.0000000000,true,1.5679660782,528.2798381974,-0.0000146270,0.0000398415,400000,20260824,192,0.0276375736,0.0028986890,parity_forward
daily,DIA,2026-09-09,1530,essvi_g05,ok,,6M,0.5000000000,false,false,533.0234383626,532.9038652682,-0.0002243299,0.0002531262,-0.8862374188,32768,20260824,104,3.0000000000,true,1.5679660782,532.9944953668,-0.0000542997,0.0000736522,400000,20260824,192,0.0316680480,0.0039902540,parity_forward
daily,DIA,2026-09-09,1530,essvi_gfree,ok,,1M,0.0833333333,false,false,525.3661244733,525.3627586771,-0.0000064066,0.0000591524,-0.1083062274,32768,20260824,104,3.0000000000,true,1.4966520405,525.3623084705,-0.0000072635,0.0000182306,400000,20260824,192,0.0163683106,0.0018099335,parity_forward
daily,DIA,2026-09-09,1530,essvi_gfree,ok,,3M,0.2500000000,false,false,528.2875654654,528.1818045511,-0.0002001957,0.0001337624,-1.4966520405,32768,20260824,104,3.0000000000,true,1.4966520405,528.2801373299,-0.0000140608,0.0000396137,400000,20260824,192,0.0276375736,0.0028986890,parity_forward
daily,DIA,2026-09-09,1530,essvi_gfree,ok,,6M,0.5000000000,false,false,533.0234383626,532.8961402190,-0.0002388228,0.0002731029,-0.8744792717,32768,20260824,104,3.0000000000,true,1.4966520405,532.9907348026,-0.0000613548,0.0000791358,400000,20260824,192,0.0316680480,0.0039902540,parity_forward
daily,DIA,2026-09-09,1530,essvi_sg05,ok,,1M,0.0833333333,false,false,525.3661244733,525.3724783761,0.0000120942,0.0000879877,0.1374537245,32768,20260824,104,3.0000000000,true,0.6659833911,525.3637927917,-0.0000044382,0.0000255400,400000,20260824,192,0.0163683106,0.0018099335,parity_forward
daily,DIA,2026-09-09,1530,essvi_sg05,ok,,3M,0.2500000000,false,false,528.2875654654,528.2295302151,-0.0001098554,0.0001649522,-0.6659833911,32768,20260824,104,3.0000000000,true,0.6659833911,528.2889165291,0.0000025574,0.0000458824,400000,20260824,192,0.0276375736,0.0028986890,parity_forward
daily,DIA,2026-09-09,1530,essvi_sg05,ok,,6M,0.5000000000,false,false,533.0234383626,533.0913069941,0.0001273277,0.0002276028,0.5594293498,32768,20260824,104,3.0000000000,true,0.6659833911,532.9900559648,-0.0000626284,0.0000652974,400000,20260824,192,0.0316680480,0.0039902540,parity_forward
daily,DIA,2026-09-10,1530,svi,ok,,1M,0.0833333333,false,false,521.2324219392,521.2716011414,0.0000751665,0.0001010462,0.7438824829,32768,20260824,104,3.0000000000,true,0.7438824829,521.2193672621,-0.0000250458,0.0000292372,400000,20260824,192,0.0165281227,0.0017965918,parity_forward
daily,DIA,2026-09-10,1530,svi,ok,,3M,0.2500000000,false,false,524.1629570299,524.1626904910,-0.0000005085,0.0001875597,-0.0027111579,32768,20260824,104,3.0000000000,true,0.7438824829,524.1504194943,-0.0000239192,0.0000523698,400000,20260824,192,0.0279356664,0.0028495785,parity_forward
daily,DIA,2026-09-10,1530,svi,ok,,6M,0.5000000000,false,false,528.9622174133,528.9471732988,-0.0000284408,0.0002535267,-0.1121807345,32768,20260824,104,3.0000000000,true,0.7438824829,528.9368543515,-0.0000479487,0.0000719375,400000,20260824,192,0.0321966011,0.0037749782,parity_forward
daily,DIA,2026-09-10,1530,ssvi,ok,,1M,0.0833333333,false,false,521.2324219392,521.2251192707,-0.0000140104,0.0000581304,-0.2410164504,32768,20260824,104,3.0000000000,true,1.2274159919,521.2312143749,-0.0000023167,0.0000182956,400000,20260824,192,0.0165281227,0.0017965918,parity_forward
daily,DIA,2026-09-10,1530,ssvi,ok,,3M,0.2500000000,false,false,524.1629570299,524.1010077928,-0.0001181870,0.0000962893,-1.2274159919,32768,20260824,104,3.0000000000,true,1.2274159919,524.1623560483,-0.0000011466,0.0000283151,400000,20260824,192,0.0279356664,0.0028495785,parity_forward
daily,DIA,2026-09-10,1530,ssvi,ok,,6M,0.5000000000,false,false,528.9622174133,529.0029772562,0.0000770562,0.0001202847,0.6406154037,32768,20260824,104,3.0000000000,true,1.2274159919,528.9561327721,-0.0000115030,0.0000353641,400000,20260824,192,0.0321966011,0.0037749782,parity_forward
daily,DIA,2026-09-10,1530,essvi,ok,,1M,0.0833333333,false,false,521.2324219392,521.2365040666,0.0000078317,0.0000779980,0.1004088148,32768,20260824,104,3.0000000000,true,0.3829248267,521.2280459389,-0.0000083955,0.0000230245,400000,20260824,192,0.0165281227,0.0017965918,parity_forward
daily,DIA,2026-09-10,1530,essvi,ok,,3M,0.2500000000,false,false,524.1629570299,524.1434993045,-0.0000371215,0.0001909257,-0.1944291134,32768,20260824,104,3.0000000000,true,0.3829248267,524.1642185194,0.0000024067,0.0000535296,400000,20260824,192,0.0279356664,0.0028495785,parity_forward
daily,DIA,2026-09-10,1530,essvi,ok,,6M,0.5000000000,false,false,528.9622174133,528.8555459675,-0.0002016617,0.0005266353,-0.3829248267,32768,20260824,104,3.0000000000,true,0.3829248267,528.9266043288,-0.0000673263,0.0001489559,400000,20260824,192,0.0321966011,0.0037749782,parity_forward
daily,DIA,2026-09-10,1530,essvi_g05,ok,,1M,0.0833333333,false,false,521.2324219392,521.2342986087,0.0000036004,0.0000720908,0.0499432103,32768,20260824,104,3.0000000000,true,0.4069661950,521.2245647858,-0.0000150742,0.0000214663,400000,20260824,192,0.0165281227,0.0017965918,parity_forward
daily,DIA,2026-09-10,1530,essvi_g05,ok,,3M,0.2500000000,false,false,524.1629570299,524.1211989249,-0.0000796663,0.0001957565,-0.4069661950,32768,20260824,104,3.0000000000,true,0.4069661950,524.1683312153,0.0000102529,0.0000558767,400000,20260824,192,0.0279356664,0.0028495785,parity_forward
daily,DIA,2026-09-10,1530,essvi_g05,ok,,6M,0.5000000000,false,false,528.9622174133,528.9099071870,-0.0000988922,0.0003216961,-0.3074087142,32768,20260824,104,3.0000000000,true,0.4069661950,528.9540290389,-0.0000154801,0.0000903122,400000,20260824,192,0.0321966011,0.0037749782,parity_forward
daily,DIA,2026-09-10,1530,essvi_gfree,ok,,1M,0.0833333333,false,false,521.2324219392,521.2347061553,0.0000043823,0.0000724559,0.0604827943,32768,20260824,104,3.0000000000,true,0.4337440605,521.2253328488,-0.0000136006,0.0000216809,400000,20260824,192,0.0165281227,0.0017965918,parity_forward
daily,DIA,2026-09-10,1530,essvi_gfree,ok,,3M,0.2500000000,false,false,524.1629570299,524.1211923682,-0.0000796788,0.0001837000,-0.4337440605,32768,20260824,104,3.0000000000,true,0.4337440605,524.1652276281,0.0000043319,0.0000523352,400000,20260824,192,0.0279356664,0.0028495785,parity_forward
daily,DIA,2026-09-10,1530,essvi_gfree,ok,,6M,0.5000000000,false,false,528.9622174133,528.9015106680,-0.0001147657,0.0003170634,-0.3619647045,32768,20260824,104,3.0000000000,true,0.4337440605,528.9458524844,-0.0000309378,0.0000891037,400000,20260824,192,0.0321966011,0.0037749782,parity_forward
daily,DIA,2026-09-10,1530,essvi_sg05,ok,,1M,0.0833333333,false,false,521.2324219392,521.2352265094,0.0000053807,0.0000757711,0.0710119148,32768,20260824,104,3.0000000000,true,0.7248411948,521.2247212610,-0.0000147740,0.0000227844,400000,20260824,192,0.0165281227,0.0017965918,parity_forward
daily,DIA,2026-09-10,1530,essvi_sg05,ok,,3M,0.2500000000,false,false,524.1629570299,524.0977510045,-0.0001244003,0.0001716242,-0.7248411948,32768,20260824,104,3.0000000000,true,0.7248411948,524.1581504980,-0.0000091699,0.0000484032,400000,20260824,192,0.0279356664,0.0028495785,parity_forward
daily,DIA,2026-09-10,1530,essvi_sg05,ok,,6M,0.5000000000,false,false,528.9622174133,528.9151947462,-0.0000888961,0.0003461390,-0.2568218807,32768,20260824,104,3.0000000000,true,0.7248411948,528.9080562254,-0.0001023914,0.0000985092,400000,20260824,192,0.0321966011,0.0037749782,parity_forward
daily,DIA,2026-09-11,1530,svi,ok,,1M,0.0833333333,false,false,526.6723557331,526.6903994482,0.0000342598,0.0000720371,0.4755863452,32768,20260824,104,3.0000000000,true,0.7086982746,526.6615987942,-0.0000204243,0.0000232901,400000,20260824,192,0.0141884888,0.0020734561,parity_forward
daily,DIA,2026-09-11,1530,svi,ok,,3M,0.2500000000,false,false,529.7288267899,529.6723749779,-0.0001065674,0.0001563641,-0.6815336323,32768,20260824,104,3.0000000000,true,0.7086982746,529.7179531619,-0.0000205268,0.0000457745,400000,20260824,192,0.0278758512,0.0029887057,parity_forward
daily,DIA,2026-09-11,1530,svi,ok,,6M,0.5000000000,false,false,534.8567572083,534.7590857880,-0.0001826123,0.0002576728,-0.7086982746,32768,20260824,104,3.0000000000,true,0.7086982746,534.8236724670,-0.0000618572,0.0000747840,400000,20260824,192,0.0332054045,0.0035660722,parity_forward
daily,DIA,2026-09-11,1530,ssvi,ok,,1M,0.0833333333,false,false,526.6723557331,526.6632193374,-0.0000173474,0.0000478773,-0.3623303656,32768,20260824,104,3.0000000000,true,1.4797195683,526.6696801228,-0.0000050802,0.0000160812,400000,20260824,192,0.0141884888,0.0020734561,parity_forward
daily,DIA,2026-09-11,1530,ssvi,ok,,3M,0.2500000000,false,false,529.7288267899,529.6599459208,-0.0001300304,0.0000878751,-1.4797195683,32768,20260824,104,3.0000000000,true,1.4797195683,529.7255852076,-0.0000061193,0.0000263650,400000,20260824,192,0.0278758512,0.0029887057,parity_forward
daily,DIA,2026-09-11,1530,ssvi,ok,,6M,0.5000000000,false,false,534.8567572083,534.8885476937,0.0000594374,0.0001130081,0.5259567146,32768,20260824,104,3.0000000000,true,1.4797195683,534.8491516654,-0.0000142198,0.0000336770,400000,20260824,192,0.0332054045,0.0035660722,parity_forward
daily,DIA,2026-09-11,1530,essvi,ok,,1M,0.0833333333,false,false,526.6723557331,526.6675945328,-0.0000090402,0.0000546764,-0.1653392636,32768,20260824,104,3.0000000000,true,1.3311735706,526.6699555934,-0.0000045572,0.0000181651,400000,20260824,192,0.0141884888,0.0020734561,parity_forward
daily,DIA,2026-09-11,1530,essvi,ok,,3M,0.2500000000,false,false,529.7288267899,529.6352135496,-0.0001767192,0.0001327544,-1.3311735706,32768,20260824,104,3.0000000000,true,1.3311735706,529.7287594909,-0.0000001270,0.0000384289,400000,20260824,192,0.0278758512,0.0029887057,parity_forward
daily,DIA,2026-09-11,1530,essvi,ok,,6M,0.5000000000,false,false,534.8567572083,534.6760238959,-0.0003379097,0.0005127720,-0.6589864082,32768,20260824,104,3.0000000000,true,1.3311735706,534.8274733954,-0.0000547508,0.0001468098,400000,20260824,192,0.0332054045,0.0035660722,parity_forward
daily,DIA,2026-09-11,1530,essvi_g05,ok,,1M,0.0833333333,false,false,526.6723557331,526.6679621875,-0.0000083421,0.0000480685,-0.1735458195,32768,20260824,104,3.0000000000,true,1.4388587155,526.6692068189,-0.0000059789,0.0000168271,400000,20260824,192,0.0141884888,0.0020734561,parity_forward
daily,DIA,2026-09-11,1530,essvi_g05,ok,,3M,0.2500000000,false,false,529.7288267899,529.6246484051,-0.0001966636,0.0001366803,-1.4388587155,32768,20260824,104,3.0000000000,true,1.4388587155,529.7261750462,-0.0000050059,0.0000394621,400000,20260824,192,0.0278758512,0.0029887057,parity_forward
daily,DIA,2026-09-11,1530,essvi_g05,ok,,6M,0.5000000000,false,false,534.8567572083,534.7109878123,-0.0002725391,0.0003480051,-0.7831469998,32768,20260824,104,3.0000000000,true,1.4388587155,534.8296311399,-0.0000507165,0.0001002057,400000,20260824,192,0.0332054045,0.0035660722,parity_forward
daily,DIA,2026-09-11,1530,essvi_gfree,ok,,1M,0.0833333333,false,false,526.6723557331,526.6689167002,-0.0000065297,0.0000502426,-0.1299641066,32768,20260824,104,3.0000000000,true,1.3818647441,526.6694493250,-0.0000055184,0.0000174867,400000,20260824,192,0.0141884888,0.0020734561,parity_forward
daily,DIA,2026-09-11,1530,essvi_gfree,ok,,3M,0.2500000000,false,false,529.7288267899,529.6314178947,-0.0001838845,0.0001330698,-1.3818647441,32768,20260824,104,3.0000000000,true,1.3818647441,529.7268408175,-0.0000037490,0.0000385418,400000,20260824,192,0.0278758512,0.0029887057,parity_forward
daily,DIA,2026-09-11,1530,essvi_gfree,ok,,6M,0.5000000000,false,false,534.8567572083,534.6977452215,-0.0002972983,0.0004213279,-0.7056220172,32768,20260824,104,3.0000000000,true,1.3818647441,534.8273018145,-0.0000550716,0.0001209132,400000,20260824,192,0.0332054045,0.0035660722,parity_forward
daily,DIA,2026-09-11,1530,essvi_sg05,ok,,1M,0.0833333333,false,false,526.6723557331,526.6693220214,-0.0000057601,0.0000521513,-0.1104508180,32768,20260824,104,3.0000000000,true,1.1900790849,526.6691165816,-0.0000061502,0.0000182948,400000,20260824,192,0.0141884888,0.0020734561,parity_forward
daily,DIA,2026-09-11,1530,essvi_sg05,ok,,3M,0.2500000000,false,false,529.7288267899,529.6360422311,-0.0001751548,0.0001471791,-1.1900790849,32768,20260824,104,3.0000000000,true,1.1900790849,529.7262568468,-0.0000048514,0.0000426541,400000,20260824,192,0.0278758512,0.0029887057,parity_forward
daily,DIA,2026-09-11,1530,essvi_sg05,ok,,6M,0.5000000000,false,false,534.8567572083,534.7700270590,-0.0001621558,0.0003423867,-0.4736044424,32768,20260824,104,3.0000000000,true,1.1900790849,534.8151199400,-0.0000778475,0.0000988658,400000,20260824,192,0.0332054045,0.0035660722,parity_forward
daily,GOOGL,2026-08-14,1530,svi,ok,,1M,0.0833333333,false,false,346.4903942253,346.5122887581,0.0000631894,0.0000746564,0.8464029251,32768,20260824,104,3.0000000000,true,1.5598794001,346.4854679493,-0.0000142176,0.0000190260,400000,20260824,192,0.0256695049,0.0010146500,parity_forward
daily,GOOGL,2026-08-14,1530,svi,ok,,3M,0.2500000000,false,false,349.1775687990,349.2700738627,0.0002649227,0.0001698354,1.5598794001,32768,20260824,104,3.0000000000,true,1.5598794001,349.1784815538,0.0000026140,0.0000449296,400000,20260824,192,0.0394584615,-0.0002386259,parity_forward
daily,GOOGL,2026-08-14,1530,svi,ok,,6M,0.5000000000,false,false,353.0852540848,353.0520107235,-0.0000941511,0.0003343872,-0.2815630399,32768,20260824,104,3.0000000000,true,1.5598794001,353.0897247096,0.0000126616,0.0000925596,400000,20260824,192,0.0419871404,-0.0014862463,parity_forward
daily,GOOGL,2026-08-14,1530,ssvi,ok,,1M,0.0833333333,false,false,346.4903942253,346.4936979914,0.0000095349,0.0000324024,0.2942666889,32768,20260824,104,3.0000000000,true,1.1383402521,346.4936464546,0.0000093862,0.0000081233,400000,20260824,192,0.0256695049,0.0010146500,parity_forward
daily,GOOGL,2026-08-14,1530,ssvi,ok,,3M,0.2500000000,false,false,349.1775687990,349.2383029057,0.0001739347,0.0001527968,1.1383402521,32768,20260824,104,3.0000000000,true,1.1383402521,349.1857895157,0.0000235431,0.0000419189,400000,20260824,192,0.0394584615,-0.0002386259,parity_forward
daily,GOOGL,2026-08-14,1530,ssvi,ok,,6M,0.5000000000,false,false,353.0852540848,353.0155422274,-0.0001974363,0.0003415801,-0.5780088593,32768,20260824,104,3.0000000000,true,1.1383402521,353.0946116915,0.0000265024,0.0000956669,400000,20260824,192,0.0419871404,-0.0014862463,parity_forward
daily,GOOGL,2026-08-14,1530,essvi,ok,,1M,0.0833333333,false,false,346.4903942253,346.4840896851,-0.0000181954,0.0000416355,-0.4370171462,32768,20260824,104,3.0000000000,true,1.1767650796,346.4924943576,0.0000060612,0.0000093984,400000,20260824,192,0.0256695049,0.0010146500,parity_forward
daily,GOOGL,2026-08-14,1530,essvi,ok,,3M,0.2500000000,false,false,349.1775687990,349.2433842079,0.0001884869,0.0001601738,1.1767650796,32768,20260824,104,3.0000000000,true,1.1767650796,349.1852105181,0.0000218849,0.0000425317,400000,20260824,192,0.0394584615,-0.0002386259,parity_forward
daily,GOOGL,2026-08-14,1530,essvi,ok,,6M,0.5000000000,false,false,353.0852540848,353.0224766635,-0.0001777968,0.0003360118,-0.5291385104,32768,20260824,104,3.0000000000,true,1.1767650796,353.0954156356,0.0000287793,0.0000937740,400000,20260824,192,0.0419871404,-0.0014862463,parity_forward
daily,GOOGL,2026-08-14,1530,essvi_g05,ok,,1M,0.0833333333,false,false,346.4903942253,346.4851482069,-0.0000151404,0.0000422739,-0.3581507174,32768,20260824,104,3.0000000000,true,1.5209487091,346.4927424239,0.0000067771,0.0000094632,400000,20260824,192,0.0256695049,0.0010146500,parity_forward
daily,GOOGL,2026-08-14,1530,essvi_g05,ok,,3M,0.2500000000,false,false,349.1775687990,349.2677120660,0.0002581588,0.0001697354,1.5209487091,32768,20260824,104,3.0000000000,true,1.5209487091,349.1830931695,0.0000158211,0.0000447539,400000,20260824,192,0.0394584615,-0.0002386259,parity_forward
daily,GOOGL,2026-08-14,1530,essvi_g05,ok,,6M,0.5000000000,false,false,353.0852540848,353.0385722393,-0.0001322113,0.0003552466,-0.3721675406,32768,20260824,104,3.0000000000,true,1.5209487091,353.0863320667,0.0000030530,0.0000993422,400000,20260824,192,0.0419871404,-0.0014862463,parity_forward
daily,GOOGL,2026-08-14,1530,essvi_gfree,ok,,1M,0.0833333333,false,false,346.4903942253,346.4874205883,-0.0000085822,0.0000448282,-0.1914454461,32768,20260824,104,3.0000000000,true,1.6057582392,346.4933057837,0.0000084030,0.0000099705,400000,20260824,192,0.0256695049,0.0010146500,parity_forward
daily,GOOGL,2026-08-14,1530,essvi_gfree,ok,,3M,0.2500000000,false,false,349.1775687990,349.2716200294,0.0002693507,0.0001677405,1.6057582392,32768,20260824,104,3.0000000000,true,1.6057582392,349.1834876419,0.0000169508,0.0000441177,400000,20260824,192,0.0394584615,-0.0002386259,parity_forward
daily,GOOGL,2026-08-14,1530,essvi_gfree,ok,,6M,0.5000000000,false,false,353.0852540848,353.0389180412,-0.0001312319,0.0003416780,-0.3840806095,32768,20260824,104,3.0000000000,true,1.6057582392,353.0890929959,0.0000108725,0.0000955730,400000,20260824,192,0.0419871404,-0.0014862463,parity_forward
daily,GOOGL,2026-08-14,1530,essvi_sg05,ok,,1M,0.0833333333,false,false,346.4903942253,346.4819120314,-0.0000244803,0.0000396225,-0.6178391525,32768,20260824,104,3.0000000000,true,1.2057301666,346.4925127095,0.0000061141,0.0000089306,400000,20260824,192,0.0256695049,0.0010146500,parity_forward
daily,GOOGL,2026-08-14,1530,essvi_sg05,ok,,3M,0.2500000000,false,false,349.1775687990,349.2427262825,0.0001866027,0.0001547632,1.2057301666,32768,20260824,104,3.0000000000,true,1.2057301666,349.1837869646,0.0000178080,0.0000412236,400000,20260824,192,0.0394584615,-0.0002386259,parity_forward
daily,GOOGL,2026-08-14,1530,essvi_sg05,ok,,6M,0.5000000000,false,false,353.0852540848,353.0189909643,-0.0001876689,0.0003427126,-0.5475985099,32768,20260824,104,3.0000000000,true,1.2057301666,353.0915630041,0.0000178680,0.0000960527,400000,20260824,192,0.0419871404,-0.0014862463,parity_forward
daily,GOOGL,2026-08-17,1530,svi,ok,,1M,0.0833333333,false,false,344.9695895894,344.9231889221,-0.0001345065,0.0000728538,-1.8462540535,32768,20260824,104,3.0000000000,true,1.8462540535,344.9733395623,0.0000108704,0.0000221194,400000,20260824,192,0.0353451860,0.0002078505,parity_forward
daily,GOOGL,2026-08-17,1530,svi,ok,,3M,0.2500000000,false,false,347.6041890279,347.6261396404,0.0000631483,0.0001633650,0.3865472134,32768,20260824,104,3.0000000000,true,1.8462540535,347.6149414727,0.0000309330,0.0000466095,400000,20260824,192,0.0422144390,-0.0009515541,parity_forward
daily,GOOGL,2026-08-17,1530,svi,ok,,6M,0.5000000000,false,false,351.6370683292,351.5311015034,-0.0003013528,0.0003325593,-0.9061626895,32768,20260824,104,3.0000000000,true,1.8462540535,351.6632299169,0.0000743994,0.0000959501,400000,20260824,192,0.0441775059,-0.0025310785,parity_forward
daily,GOOGL,2026-08-17,1530,ssvi,ok,,1M,0.0833333333,false,false,344.9695895894,344.9713365161,0.0000050640,0.0000274772,0.1842980236,32768,20260824,104,3.0000000000,true,0.8340942543,344.9720956725,0.0000072646,0.0000082967,400000,20260824,192,0.0353451860,0.0002078505,parity_forward
daily,GOOGL,2026-08-17,1530,ssvi,ok,,3M,0.2500000000,false,false,347.6041890279,347.6469847575,0.0001231163,0.0001476047,0.8340942543,32768,20260824,104,3.0000000000,true,0.8340942543,347.6115610994,0.0000212082,0.0000423482,400000,20260824,192,0.0422144390,-0.0009515541,parity_forward
daily,GOOGL,2026-08-17,1530,ssvi,ok,,6M,0.5000000000,false,false,351.6370683292,351.5673671733,-0.0001982190,0.0003298394,-0.6009561730,32768,20260824,104,3.0000000000,true,0.8340942543,351.6531530968,0.0000457425,0.0000941626,400000,20260824,192,0.0441775059,-0.0025310785,parity_forward
daily,GOOGL,2026-08-17,1530,essvi,ok,,1M,0.0833333333,false,false,344.9695895894,344.9663288987,-0.0000094521,0.0000413666,-0.2284959854,32768,20260824,104,3.0000000000,true,0.7440901941,344.9698717949,0.0000008181,0.0000121196,400000,20260824,192,0.0353451860,0.0002078505,parity_forward
daily,GOOGL,2026-08-17,1530,essvi,ok,,3M,0.2500000000,false,false,347.6041890279,347.6426855912,0.0001107483,0.0001488372,0.7440901941,32768,20260824,104,3.0000000000,true,0.7440901941,347.6088921984,0.0000135302,0.0000423039,400000,20260824,192,0.0422144390,-0.0009515541,parity_forward
daily,GOOGL,2026-08-17,1530,essvi,ok,,6M,0.5000000000,false,false,351.6370683292,351.5627549791,-0.0002113354,0.0003324936,-0.6356074127,32768,20260824,104,3.0000000000,true,0.7440901941,351.6525942538,0.0000441533,0.0000945040,400000,20260824,192,0.0441775059,-0.0025310785,parity_forward
daily,GOOGL,2026-08-17,1530,essvi_g05,ok,,1M,0.0833333333,false,false,344.9695895894,344.9750285985,0.0000157666,0.0000411961,0.3827211861,32768,20260824,104,3.0000000000,true,0.9095933026,344.9705644863,0.0000028260,0.0000121141,400000,20260824,192,0.0353451860,0.0002078505,parity_forward
daily,GOOGL,2026-08-17,1530,essvi_g05,ok,,3M,0.2500000000,false,false,347.6041890279,347.6512523733,0.0001353935,0.0001488506,0.9095933026,32768,20260824,104,3.0000000000,true,0.9095933026,347.6079419064,0.0000107964,0.0000423138,400000,20260824,192,0.0422144390,-0.0009515541,parity_forward
daily,GOOGL,2026-08-17,1530,essvi_g05,ok,,6M,0.5000000000,false,false,351.6370683292,351.5723473643,-0.0001840561,0.0003452353,-0.5331325299,32768,20260824,104,3.0000000000,true,0.9095933026,351.6508428939,0.0000391727,0.0000985689,400000,20260824,192,0.0441775059,-0.0025310785,parity_forward
daily,GOOGL,2026-08-17,1530,essvi_gfree,ok,,1M,0.0833333333,false,false,344.9695895894,344.9745350844,0.0000143360,0.0000402763,0.3559417306,32768,20260824,104,3.0000000000,true,0.9443432725,344.9704071253,0.0000023699,0.0000121180,400000,20260824,192,0.0353451860,0.0002078505,parity_forward
daily,GOOGL,2026-08-17,1530,essvi_gfree,ok,,3M,0.2500000000,false,false,347.6041890279,347.6522404240,0.0001382360,0.0001463832,0.9443432725,32768,20260824,104,3.0000000000,true,0.9443432725,347.6074278067,0.0000093174,0.0000418378,400000,20260824,192,0.0422144390,-0.0009515541,parity_forward
daily,GOOGL,2026-08-17,1530,essvi_gfree,ok,,6M,0.5000000000,false,false,351.6370683292,351.5677662422,-0.0001970841,0.0003356182,-0.5872271963,32768,20260824,104,3.0000000000,true,0.9443432725,351.6499276707,0.0000365699,0.0000962017,400000,20260824,192,0.0441775059,-0.0025310785,parity_forward
daily,GOOGL,2026-08-17,1530,essvi_sg05,ok,,1M,0.0833333333,false,false,344.9695895894,344.9772089550,0.0000220871,0.0000446303,0.4948892842,32768,20260824,104,3.0000000000,true,1.0325992483,344.9719609311,0.0000068741,0.0000126676,400000,20260824,192,0.0353451860,0.0002078505,parity_forward
daily,GOOGL,2026-08-17,1530,essvi_sg05,ok,,3M,0.2500000000,false,false,347.6041890279,347.6559750358,0.0001489798,0.0001442765,1.0325992483,32768,20260824,104,3.0000000000,true,1.0325992483,347.6095775272,0.0000155018,0.0000409392,400000,20260824,192,0.0422144390,-0.0009515541,parity_forward
daily,GOOGL,2026-08-17,1530,essvi_sg05,ok,,6M,0.5000000000,false,false,351.6370683292,351.5729854255,-0.0001822416,0.0003336577,-0.5461933486,32768,20260824,104,3.0000000000,true,1.0325992483,351.6515084322,0.0000410654,0.0000954800,400000,20260824,192,0.0441775059,-0.0025310785,parity_forward
daily,GOOGL,2026-08-18,1530,svi,ok,,1M,0.0833333333,false,false,344.3493911708,344.3668580038,0.0000507242,0.0000978430,0.5184239526,32768,20260824,104,3.0000000000,true,1.5835967192,344.3414578659,-0.0000230385,0.0000342888,400000,20260824,192,0.0313832793,0.0005381325,parity_forward
daily,GOOGL,2026-08-18,1530,svi,ok,,3M,0.2500000000,false,false,347.0941342362,347.1873591598,0.0002685869,0.0001696056,1.5835967192,32768,20260824,104,3.0000000000,true,1.5835967192,347.0890384692,-0.0000146812,0.0000526872,400000,20260824,192,0.0422179309,-0.0009276894,parity_forward
daily,GOOGL,2026-08-18,1530,svi,ok,,6M,0.5000000000,false,false,351.1193280677,351.0780817839,-0.0001174708,0.0003194727,-0.3677023244,32768,20260824,104,3.0000000000,true,1.5835967192,351.1291781904,0.0000280535,0.0000974501,400000,20260824,192,0.0441691821,-0.0025261308,parity_forward
daily,GOOGL,2026-08-18,1530,ssvi,ok,,1M,0.0833333333,false,false,344.3493911708,344.3513189383,0.0000055983,0.0000264687,0.2115058214,32768,20260824,104,3.0000000000,true,0.9161592729,344.3521721144,0.0000080759,0.0000079894,400000,20260824,192,0.0313832793,0.0005381325,parity_forward
daily,GOOGL,2026-08-18,1530,ssvi,ok,,3M,0.2500000000,false,false,347.0941342362,347.1388659783,0.0001288750,0.0001406687,0.9161592729,32768,20260824,104,3.0000000000,true,0.9161592729,347.1013233194,0.0000207122,0.0000410536,400000,20260824,192,0.0422179309,-0.0009276894,parity_forward
daily,GOOGL,2026-08-18,1530,ssvi,ok,,6M,0.5000000000,false,false,351.1193280677,351.0449824772,-0.0002117388,0.0003094449,-0.6842536917,32768,20260824,104,3.0000000000,true,0.9161592729,351.1351234409,0.0000449858,0.0000902905,400000,20260824,192,0.0441691821,-0.0025261308,parity_forward
daily,GOOGL,2026-08-18,1530,essvi,ok,,1M,0.0833333333,false,false,344.3493911708,344.3494072904,0.0000000468,0.0000400730,0.0011681649,32768,20260824,104,3.0000000000,true,1.0758490741,344.3519454637,0.0000074177,0.0000132467,400000,20260824,192,0.0313832793,0.0005381325,parity_forward
daily,GOOGL,2026-08-18,1530,essvi,ok,,3M,0.2500000000,false,false,347.0941342362,347.1470804245,0.0001525413,0.0001417869,1.0758490741,32768,20260824,104,3.0000000000,true,1.0758490741,347.1007728523,0.0000191263,0.0000419615,400000,20260824,192,0.0422179309,-0.0009276894,parity_forward
daily,GOOGL,2026-08-18,1530,essvi,ok,,6M,0.5000000000,false,false,351.1193280677,351.0586595641,-0.0001727860,0.0003093987,-0.5584573489,32768,20260824,104,3.0000000000,true,1.0758490741,351.1347594120,0.0000439490,0.0000915304,400000,20260824,192,0.0441691821,-0.0025261308,parity_forward
daily,GOOGL,2026-08-18,1530,essvi_g05,ok,,1M,0.0833333333,false,false,344.3493911708,344.3342024071,-0.0000441086,0.0000627339,-0.7031056111,32768,20260824,104,3.0000000000,true,0.7032776276,344.3514651250,0.0000060228,0.0000180771,400000,20260824,192,0.0313832793,0.0005381325,parity_forward
daily,GOOGL,2026-08-18,1530,essvi_g05,ok,,3M,0.2500000000,false,false,347.0941342362,347.1294189175,0.0001016574,0.0001532205,0.6634710013,32768,20260824,104,3.0000000000,true,0.7032776276,347.0997349957,0.0000161361,0.0000446513,400000,20260824,192,0.0422179309,-0.0009276894,parity_forward
daily,GOOGL,2026-08-18,1530,essvi_g05,ok,,6M,0.5000000000,false,false,351.1193280677,351.0390954360,-0.0002285053,0.0003249148,-0.7032776276,32768,20260824,104,3.0000000000,true,0.7032776276,351.1305205900,0.0000318767,0.0000962619,400000,20260824,192,0.0441691821,-0.0025261308,parity_forward
daily,GOOGL,2026-08-18,1530,essvi_gfree,ok,,1M,0.0833333333,false,false,344.3493911708,344.3293228770,-0.0000582789,0.0000696134,-0.8371789491,32768,20260824,104,3.0000000000,true,0.8371789491,344.3521717484,0.0000080749,0.0000214356,400000,20260824,192,0.0313832793,0.0005381325,parity_forward
daily,GOOGL,2026-08-18,1530,essvi_gfree,ok,,3M,0.2500000000,false,false,347.0941342362,347.1269630605,0.0000945819,0.0001555186,0.6081708953,32768,20260824,104,3.0000000000,true,0.8371789491,347.0999958255,0.0000168876,0.0000455299,400000,20260824,192,0.0422179309,-0.0009276894,parity_forward
daily,GOOGL,2026-08-18,1530,essvi_gfree,ok,,6M,0.5000000000,false,false,351.1193280677,351.0320515192,-0.0002485666,0.0003187689,-0.7797707614,32768,20260824,104,3.0000000000,true,0.8371789491,351.1300987364,0.0000306752,0.0000942103,400000,20260824,192,0.0441691821,-0.0025261308,parity_forward
daily,GOOGL,2026-08-18,1530,essvi_sg05,ok,,1M,0.0833333333,false,false,344.3493911708,344.3397170053,-0.0000280940,0.0000531715,-0.5283661343,32768,20260824,104,3.0000000000,true,0.8193463805,344.3527503553,0.0000097552,0.0000144900,400000,20260824,192,0.0313832793,0.0005381325,parity_forward
daily,GOOGL,2026-08-18,1530,essvi_sg05,ok,,3M,0.2500000000,false,false,347.0941342362,347.1286436652,0.0000994238,0.0001443467,0.6887848002,32768,20260824,104,3.0000000000,true,0.8193463805,347.1006495056,0.0000187709,0.0000412895,400000,20260824,192,0.0422179309,-0.0009276894,parity_forward
daily,GOOGL,2026-08-18,1530,essvi_sg05,ok,,6M,0.5000000000,false,false,351.1193280677,351.0301511281,-0.0002539790,0.0003099776,-0.8193463805,32768,20260824,104,3.0000000000,true,0.8193463805,351.1319998199,0.0000360896,0.0000902800,400000,20260824,192,0.0441691821,-0.0025261308,parity_forward
daily,GOOGL,2026-08-19,1530,svi,ok,,1M,0.0833333333,false,false,345.7485872098,345.7441141362,-0.0000129374,0.0000531812,-0.2432692509,32768,20260824,104,3.0000000000,true,0.8293849950,345.7562650065,0.0000222063,0.0000262067,400000,20260824,192,0.0360973253,0.0001368533,parity_forward
daily,GOOGL,2026-08-19,1530,svi,ok,,3M,0.2500000000,false,false,348.4996336666,348.5186063817,0.0000544411,0.0001552460,0.3506764919,32768,20260824,104,3.0000000000,true,0.8293849950,348.5177356481,0.0000519426,0.0000502854,400000,20260824,192,0.0437336204,-0.0013305147,parity_forward
daily,GOOGL,2026-08-19,1530,svi,ok,,6M,0.5000000000,false,false,352.2711133386,352.1798342156,-0.0002591161,0.0003124196,-0.8293849950,32768,20260824,104,3.0000000000,true,0.8293849950,352.3000424933,0.0000821218,0.0000929629,400000,20260824,192,0.0433946271,-0.0021886965,parity_forward
daily,GOOGL,2026-08-19,1530,ssvi,ok,,1M,0.0833333333,false,false,345.7485872098,345.7521342511,0.0000102590,0.0000267758,0.3831447377,32768,20260824,104,3.0000000000,true,0.9318170974,345.7522783950,0.0000106759,0.0000081318,400000,20260824,192,0.0360973253,0.0001368533,parity_forward
daily,GOOGL,2026-08-19,1530,ssvi,ok,,3M,0.2500000000,false,false,348.4996336666,348.5468439107,0.0001354671,0.0001453795,0.9318170974,32768,20260824,104,3.0000000000,true,0.9318170974,348.5049209491,0.0000151716,0.0000424664,400000,20260824,192,0.0437336204,-0.0013305147,parity_forward
daily,GOOGL,2026-08-19,1530,ssvi,ok,,6M,0.5000000000,false,false,352.2711133386,352.1957589665,-0.0002139102,0.0003183381,-0.6719591447,32768,20260824,104,3.0000000000,true,0.9318170974,352.2848364502,0.0000389561,0.0000928469,400000,20260824,192,0.0433946271,-0.0021886965,parity_forward
daily,GOOGL,2026-08-19,1530,essvi,ok,,1M,0.0833333333,false,false,345.7485872098,345.7607800220,0.0000352650,0.0000310521,1.1356693507,32768,20260824,104,3.0000000000,true,1.1356693507,345.7557313325,0.0000206628,0.0000119565,400000,20260824,192,0.0360973253,0.0001368533,parity_forward
daily,GOOGL,2026-08-19,1530,essvi,ok,,3M,0.2500000000,false,false,348.4996336666,348.5382510551,0.0001108104,0.0001269778,0.8726755981,32768,20260824,104,3.0000000000,true,1.1356693507,348.5110593028,0.0000327852,0.0000392311,400000,20260824,192,0.0437336204,-0.0013305147,parity_forward
daily,GOOGL,2026-08-19,1530,essvi,ok,,6M,0.5000000000,false,false,352.2711133386,352.2000191009,-0.0002018168,0.0003092356,-0.6526313313,32768,20260824,104,3.0000000000,true,1.1356693507,352.2927235265,0.0000613453,0.0000917779,400000,20260824,192,0.0433946271,-0.0021886965,parity_forward
daily,GOOGL,2026-08-19,1530,essvi_g05,ok,,1M,0.0833333333,false,false,345.7485872098,345.7604950401,0.0000344407,0.0000435407,0.7910002749,32768,20260824,104,3.0000000000,true,0.8505132218,345.7568122395,0.0000237890,0.0000130741,400000,20260824,192,0.0360973253,0.0001368533,parity_forward
daily,GOOGL,2026-08-19,1530,essvi_g05,ok,,3M,0.2500000000,false,false,348.4996336666,348.5394662289,0.0001142973,0.0001343863,0.8505132218,32768,20260824,104,3.0000000000,true,0.8505132218,348.5108044185,0.0000320538,0.0000401861,400000,20260824,192,0.0437336204,-0.0013305147,parity_forward
daily,GOOGL,2026-08-19,1530,essvi_g05,ok,,6M,0.5000000000,false,false,352.2711133386,352.2008255179,-0.0001995276,0.0003249704,-0.6139870416,32768,20260824,104,3.0000000000,true,0.8505132218,352.2897713024,0.0000529648,0.0000962189,400000,20260824,192,0.0433946271,-0.0021886965,parity_forward
daily,GOOGL,2026-08-19,1530,essvi_gfree,ok,,1M,0.0833333333,false,false,345.7485872098,345.7578865212,0.0000268962,0.0000480442,0.5598209938,32768,20260824,104,3.0000000000,true,0.8213954535,345.7564430373,0.0000227212,0.0000135044,400000,20260824,192,0.0360973253,0.0001368533,parity_forward
daily,GOOGL,2026-08-19,1530,essvi_gfree,ok,,3M,0.2500000000,false,false,348.4996336666,348.5382686530,0.0001108609,0.0001349665,0.8213954535,32768,20260824,104,3.0000000000,true,0.8213954535,348.5109072905,0.0000323490,0.0000397406,400000,20260824,192,0.0437336204,-0.0013305147,parity_forward
daily,GOOGL,2026-08-19,1530,essvi_gfree,ok,,6M,0.5000000000,false,false,352.2711133386,352.1956073186,-0.0002143407,0.0003182334,-0.6735327932,32768,20260824,104,3.0000000000,true,0.8213954535,352.2894638507,0.0000520920,0.0000936826,400000,20260824,192,0.0433946271,-0.0021886965,parity_forward
daily,GOOGL,2026-08-19,1530,essvi_sg05,ok,,1M,0.0833333333,false,false,345.7485872098,345.7682742736,0.0000569404,0.0000422160,1.3487864660,32768,20260824,104,3.0000000000,true,1.3487864660,345.7578112559,0.0000266785,0.0000145693,400000,20260824,192,0.0360973253,0.0001368533,parity_forward
daily,GOOGL,2026-08-19,1530,essvi_sg05,ok,,3M,0.2500000000,false,false,348.4996336666,348.5482547391,0.0001395154,0.0001306256,1.0680561055,32768,20260824,104,3.0000000000,true,1.3487864660,348.5109257652,0.0000324020,0.0000389447,400000,20260824,192,0.0437336204,-0.0013305147,parity_forward
daily,GOOGL,2026-08-19,1530,essvi_sg05,ok,,6M,0.5000000000,false,false,352.2711133386,352.2025332267,-0.0001946799,0.0003177084,-0.6127628746,32768,20260824,104,3.0000000000,true,1.3487864660,352.2905094896,0.0000550603,0.0000931020,400000,20260824,192,0.0433946271,-0.0021886965,parity_forward
daily,GOOGL,2026-08-20,1530,svi,ok,,1M,0.0833333333,false,false,341.5583685051,341.5541151666,-0.0000124527,0.0000507694,-0.2452804020,32768,20260824,104,3.0000000000,true,0.8518533877,341.5603686652,0.0000058560,0.0000184698,400000,20260824,192,0.0353033126,0.0001947239,parity_forward
daily,GOOGL,2026-08-20,1530,svi,ok,,3M,0.2500000000,false,false,344.0567059214,344.0777523473,0.0000611714,0.0001479126,0.4135644570,32768,20260824,104,3.0000000000,true,0.8518533877,344.0632278430,0.0000189559,0.0000448412,400000,20260824,192,0.0409193875,-0.0006280469,parity_forward
daily,GOOGL,2026-08-20,1530,svi,ok,,6M,0.5000000000,false,false,348.0584049359,347.9662276069,-0.0002648329,0.0003108903,-0.8518533877,32768,20260824,104,3.0000000000,true,0.8518533877,348.0731825582,0.0000424573,0.0000918963,400000,20260824,192,0.0435873125,-0.0022848237,parity_forward
daily,GOOGL,2026-08-20,1530,ssvi,ok,,1M,0.0833333333,false,false,341.5583685051,341.5626123564,0.0000124250,0.0000283740,0.4378992466,32768,20260824,104,3.0000000000,true,0.8793524190,341.5621378680,0.0000110358,0.0000081652,400000,20260824,192,0.0353033126,0.0001947239,parity_forward
daily,GOOGL,2026-08-20,1530,ssvi,ok,,3M,0.2500000000,false,false,344.0567059214,344.1021706257,0.0001321431,0.0001502731,0.8793524190,32768,20260824,104,3.0000000000,true,0.8793524190,344.0647741200,0.0000234502,0.0000428754,400000,20260824,192,0.0409193875,-0.0006280469,parity_forward
daily,GOOGL,2026-08-20,1530,ssvi,ok,,6M,0.5000000000,false,false,348.0584049359,347.9922071004,-0.0001901917,0.0003292907,-0.5775801337,32768,20260824,104,3.0000000000,true,0.8793524190,348.0716832669,0.0000381497,0.0000943807,400000,20260824,192,0.0435873125,-0.0022848237,parity_forward
daily,GOOGL,2026-08-20,1530,essvi,ok,,1M,0.0833333333,false,false,341.5583685051,341.5539329008,-0.0000129864,0.0000327438,-0.3966054294,32768,20260824,104,3.0000000000,true,0.7612329570,341.5649112788,0.0000191557,0.0000092945,400000,20260824,192,0.0353033126,0.0001947239,parity_forward
daily,GOOGL,2026-08-20,1530,essvi,ok,,3M,0.2500000000,false,false,344.0567059214,344.0795658264,0.0000664423,0.0001436825,0.4624241994,32768,20260824,104,3.0000000000,true,0.7612329570,344.0649581008,0.0000239849,0.0000413570,400000,20260824,192,0.0409193875,-0.0006280469,parity_forward
daily,GOOGL,2026-08-20,1530,essvi,ok,,6M,0.5000000000,false,false,348.0584049359,347.9743215864,-0.0002415783,0.0003173513,-0.7612329570,32768,20260824,104,3.0000000000,true,0.7612329570,348.0733989215,0.0000430789,0.0000915321,400000,20260824,192,0.0435873125,-0.0022848237,parity_forward
daily,GOOGL,2026-08-20,1530,essvi_g05,ok,,1M,0.0833333333,false,false,341.5583685051,341.5545228936,-0.0000112590,0.0000374559,-0.3005937742,32768,20260824,104,3.0000000000,true,0.6904342734,341.5645013630,0.0000179555,0.0000100744,400000,20260824,192,0.0353033126,0.0001947239,parity_forward
daily,GOOGL,2026-08-20,1530,essvi_g05,ok,,3M,0.2500000000,false,false,344.0567059214,344.0857434708,0.0000843976,0.0001485132,0.5682833349,32768,20260824,104,3.0000000000,true,0.6904342734,344.0646308850,0.0000230339,0.0000421299,400000,20260824,192,0.0409193875,-0.0006280469,parity_forward
daily,GOOGL,2026-08-20,1530,essvi_g05,ok,,6M,0.5000000000,false,false,348.0584049359,347.9778636385,-0.0002314017,0.0003351538,-0.6904342734,32768,20260824,104,3.0000000000,true,0.6904342734,348.0689663034,0.0000303437,0.0000965134,400000,20260824,192,0.0435873125,-0.0022848237,parity_forward
daily,GOOGL,2026-08-20,1530,essvi_gfree,ok,,1M,0.0833333333,false,false,341.5583685051,341.5577470753,-0.0000018194,0.0000356547,-0.0510282157,32768,20260824,104,3.0000000000,true,0.7065286786,341.5641698579,0.0000169850,0.0000100703,400000,20260824,192,0.0353033126,0.0001947239,parity_forward
daily,GOOGL,2026-08-20,1530,essvi_gfree,ok,,3M,0.2500000000,false,false,344.0567059214,344.0895190011,0.0000953711,0.0001458515,0.6538920968,32768,20260824,104,3.0000000000,true,0.7065286786,344.0647034401,0.0000232448,0.0000417106,400000,20260824,192,0.0409193875,-0.0006280469,parity_forward
daily,GOOGL,2026-08-20,1530,essvi_gfree,ok,,6M,0.5000000000,false,false,348.0584049359,347.9792250841,-0.0002274901,0.0003219829,-0.7065286786,32768,20260824,104,3.0000000000,true,0.7065286786,348.0701703639,0.0000338030,0.0000927909,400000,20260824,192,0.0435873125,-0.0022848237,parity_forward
daily,GOOGL,2026-08-20,1530,essvi_sg05,ok,,1M,0.0833333333,false,false,341.5583685051,341.5550985648,-0.0000095736,0.0000385994,-0.2480244525,32768,20260824,104,3.0000000000,true,0.6683544144,341.5647515649,0.0000186880,0.0000103859,400000,20260824,192,0.0353033126,0.0001947239,parity_forward
daily,GOOGL,2026-08-20,1530,essvi_sg05,ok,,3M,0.2500000000,false,false,344.0567059214,344.0901797878,0.0000972917,0.0001455690,0.6683544144,32768,20260824,104,3.0000000000,true,0.6683544144,344.0658464756,0.0000265670,0.0000411482,400000,20260824,192,0.0409193875,-0.0006280469,parity_forward
daily,GOOGL,2026-08-20,1530,essvi_sg05,ok,,6M,0.5000000000,false,false,348.0584049359,347.9830183344,-0.0002165918,0.0003259596,-0.6644744290,32768,20260824,104,3.0000000000,true,0.6683544144,348.0703097956,0.0000342036,0.0000934740,400000,20260824,192,0.0435873125,-0.0022848237,parity_forward
daily,GOOGL,2026-08-21,1530,svi,ok,,1M,0.0833333333,false,false,346.3618414713,346.3780141786,0.0000466931,0.0000758638,0.6154856658,32768,20260824,104,3.0000000000,true,1.5761790921,346.3681894943,0.0000183277,0.0000177922,400000,20260824,192,0.0378875227,0.0000042740,parity_forward
daily,GOOGL,2026-08-21,1530,svi,ok,,3M,0.2500000000,false,false,348.8934538114,348.9810270728,0.0002510029,0.0001592477,1.5761790921,32768,20260824,104,3.0000000000,true,1.5761790921,348.9023587598,0.0000255234,0.0000420573,400000,20260824,192,0.0417594640,-0.0008143767,parity_forward
daily,GOOGL,2026-08-21,1530,svi,ok,,6M,0.5000000000,false,false,352.7957275754,352.7742062083,-0.0000610023,0.0003257578,-0.1872629147,32768,20260824,104,3.0000000000,true,1.5761790921,352.8122089309,0.0000467164,0.0000899358,400000,20260824,192,0.0431249887,-0.0020541633,parity_forward
daily,GOOGL,2026-08-21,1530,ssvi,ok,,1M,0.0833333333,false,false,346.3618414713,346.3663292488,0.0000129569,0.0000310928,0.4167168219,32768,20260824,104,3.0000000000,true,0.9920468828,346.3649934057,0.0000091001,0.0000074973,400000,20260824,192,0.0378875227,0.0000042740,parity_forward
daily,GOOGL,2026-08-21,1530,ssvi,ok,,3M,0.2500000000,false,false,348.8934538114,348.9471775105,0.0001539831,0.0001552176,0.9920468828,32768,20260824,104,3.0000000000,true,0.9920468828,348.9019423855,0.0000243300,0.0000424520,400000,20260824,192,0.0417594640,-0.0008143767,parity_forward
daily,GOOGL,2026-08-21,1530,ssvi,ok,,6M,0.5000000000,false,false,352.7957275754,352.7224298268,-0.0002077626,0.0003351978,-0.6198209042,32768,20260824,104,3.0000000000,true,0.9920468828,352.8076952294,0.0000339223,0.0000936871,400000,20260824,192,0.0431249887,-0.0020541633,parity_forward
daily,GOOGL,2026-08-21,1530,essvi,ok,,1M,0.0833333333,false,false,346.3618414713,346.3468301566,-0.0000433400,0.0000554639,-0.7814082094,32768,20260824,104,3.0000000000,true,0.7954867370,346.3643779423,0.0000073232,0.0000128104,400000,20260824,192,0.0378875227,0.0000042740,parity_forward
daily,GOOGL,2026-08-21,1530,essvi,ok,,3M,0.2500000000,false,false,348.8934538114,348.9176640849,0.0000693916,0.0001501149,0.4622566188,32768,20260824,104,3.0000000000,true,0.7954867370,348.9012844389,0.0000224442,0.0000404060,400000,20260824,192,0.0417594640,-0.0008143767,parity_forward
daily,GOOGL,2026-08-21,1530,essvi,ok,,6M,0.5000000000,false,false,352.7957275754,352.7036065211,-0.0002611173,0.0003282484,-0.7954867370,32768,20260824,104,3.0000000000,true,0.7954867370,352.8089345297,0.0000374351,0.0000912205,400000,20260824,192,0.0431249887,-0.0020541633,parity_forward
daily,GOOGL,2026-08-21,1530,essvi_g05,ok,,1M,0.0833333333,false,false,346.3618414713,346.3475685562,-0.0000412081,0.0000483919,-0.8515489150,32768,20260824,104,3.0000000000,true,0.8515489150,346.3646986511,0.0000082491,0.0000118699,400000,20260824,192,0.0378875227,0.0000042740,parity_forward
daily,GOOGL,2026-08-21,1530,essvi_g05,ok,,3M,0.2500000000,false,false,348.8934538114,348.9206327127,0.0000779003,0.0001517440,0.5133665690,32768,20260824,104,3.0000000000,true,0.8515489150,348.9000195401,0.0000188187,0.0000411960,400000,20260824,192,0.0417594640,-0.0008143767,parity_forward
daily,GOOGL,2026-08-21,1530,essvi_g05,ok,,6M,0.5000000000,false,false,352.7957275754,352.7075529512,-0.0002499311,0.0003480063,-0.7181797530,32768,20260824,104,3.0000000000,true,0.8515489150,352.8057178434,0.0000283174,0.0000969944,400000,20260824,192,0.0431249887,-0.0020541633,parity_forward
daily,GOOGL,2026-08-21,1530,essvi_gfree,ok,,1M,0.0833333333,false,false,346.3618414713,346.3485055558,-0.0000385028,0.0000451665,-0.8524638945,32768,20260824,104,3.0000000000,true,0.8524638945,346.3633591452,0.0000043818,0.0000115794,400000,20260824,192,0.0378875227,0.0000042740,parity_forward
daily,GOOGL,2026-08-21,1530,essvi_gfree,ok,,3M,0.2500000000,false,false,348.8934538114,348.9213024012,0.0000798198,0.0001484256,0.5377763437,32768,20260824,104,3.0000000000,true,0.8524638945,348.8983181438,0.0000139422,0.0000406083,400000,20260824,192,0.0417594640,-0.0008143767,parity_forward
daily,GOOGL,2026-08-21,1530,essvi_gfree,ok,,6M,0.5000000000,false,false,352.7957275754,352.7037133257,-0.0002608145,0.0003352202,-0.7780393562,32768,20260824,104,3.0000000000,true,0.8524638945,352.8046902305,0.0000254047,0.0000937872,400000,20260824,192,0.0431249887,-0.0020541633,parity_forward
daily,GOOGL,2026-08-21,1530,essvi_sg05,ok,,1M,0.0833333333,false,false,346.3618414713,346.3401851024,-0.0000625253,0.0000530738,-1.1780808156,32768,20260824,104,3.0000000000,true,1.1780808156,346.3647126996,0.0000082897,0.0000122694,400000,20260824,192,0.0378875227,0.0000042740,parity_forward
daily,GOOGL,2026-08-21,1530,essvi_sg05,ok,,3M,0.2500000000,false,false,348.8934538114,348.9167503433,0.0000667726,0.0001471582,0.4537472975,32768,20260824,104,3.0000000000,true,1.1780808156,348.9008459302,0.0000211873,0.0000398164,400000,20260824,192,0.0417594640,-0.0008143767,parity_forward
daily,GOOGL,2026-08-21,1530,essvi_sg05,ok,,6M,0.5000000000,false,false,352.7957275754,352.6934132001,-0.0002900102,0.0003333064,-0.8701011462,32768,20260824,104,3.0000000000,true,1.1780808156,352.8042698255,0.0000242130,0.0000929943,400000,20260824,192,0.0431249887,-0.0020541633,parity_forward
daily,GOOGL,2026-08-24,1538,svi,ok,,1M,0.0833333333,false,false,349.6956657164,349.6748113787,-0.0000596357,0.0000501777,-1.1884885330,32768,20260824,104,3.0000000000,true,1.1884885330,349.7002827068,0.0000132029,0.0000138408,400000,20260824,192,0.0276787611,0.0008553698,parity_forward
daily,GOOGL,2026-08-24,1538,svi,ok,,3M,0.2500000000,false,false,352.3812829582,352.3925775450,0.0000320522,0.0001538339,0.2083557570,32768,20260824,104,3.0000000000,true,1.1884885330,352.3915886745,0.0000292459,0.0000434139,400000,20260824,192,0.0398283733,-0.0003071291,parity_forward
daily,GOOGL,2026-08-24,1538,svi,ok,,6M,0.5000000000,false,false,356.1415796779,356.0311591566,-0.0003100467,0.0003201063,-0.9685741486,32768,20260824,104,3.0000000000,true,1.1884885330,356.1609339059,0.0000543442,0.0000912301,400000,20260824,192,0.0411433225,-0.0010150832,parity_forward
daily,GOOGL,2026-08-24,1538,ssvi,ok,,1M,0.0833333333,false,false,349.6956657164,349.6973702769,0.0000048744,0.0000285732,0.1705941052,32768,20260824,104,3.0000000000,true,0.7979746851,349.6978047639,0.0000061169,0.0000078372,400000,20260824,192,0.0276787611,0.0008553698,parity_forward
daily,GOOGL,2026-08-24,1538,ssvi,ok,,3M,0.2500000000,false,false,352.3812829582,352.4133552778,0.0000910160,0.0001488203,0.6115829657,32768,20260824,104,3.0000000000,true,0.7979746851,352.3896214807,0.0000236634,0.0000419006,400000,20260824,192,0.0398283733,-0.0003071291,parity_forward
daily,GOOGL,2026-08-24,1538,ssvi,ok,,6M,0.5000000000,false,false,356.1415796779,356.0479986319,-0.0002627636,0.0003292881,-0.7979746851,32768,20260824,104,3.0000000000,true,0.7979746851,356.1595141961,0.0000503578,0.0000934260,400000,20260824,192,0.0411433225,-0.0010150832,parity_forward
daily,GOOGL,2026-08-24,1538,essvi,ok,,1M,0.0833333333,false,false,349.6956657164,349.6845355905,-0.0000318280,0.0000402828,-0.7901152403,32768,20260824,104,3.0000000000,true,1.0684399375,349.6975701478,0.0000054460,0.0000099877,400000,20260824,192,0.0276787611,0.0008553698,parity_forward
daily,GOOGL,2026-08-24,1538,essvi,ok,,3M,0.2500000000,false,false,352.3812829582,352.3805472443,-0.0000020878,0.0001437508,-0.0145239812,32768,20260824,104,3.0000000000,true,1.0684399375,352.3896804535,0.0000238307,0.0000401605,400000,20260824,192,0.0398283733,-0.0003071291,parity_forward
daily,GOOGL,2026-08-24,1538,essvi,ok,,6M,0.5000000000,false,false,356.1415796779,356.0173166335,-0.0003489147,0.0003265647,-1.0684399375,32768,20260824,104,3.0000000000,true,1.0684399375,356.1573044562,0.0000441532,0.0000927705,400000,20260824,192,0.0411433225,-0.0010150832,parity_forward
daily,GOOGL,2026-08-24,1538,essvi_g05,ok,,1M,0.0833333333,false,false,349.6956657164,349.6846268022,-0.0000315672,0.0000411194,-0.7676968824,32768,20260824,104,3.0000000000,true,1.0703892040,349.6983049861,0.0000075473,0.0000103247,400000,20260824,192,0.0276787611,0.0008553698,parity_forward
daily,GOOGL,2026-08-24,1538,essvi_g05,ok,,3M,0.2500000000,false,false,352.3812829582,352.3806803890,-0.0000017100,0.0001467194,-0.0116548490,32768,20260824,104,3.0000000000,true,1.0703892040,352.3886784547,0.0000209872,0.0000409581,400000,20260824,192,0.0398283733,-0.0003071291,parity_forward
daily,GOOGL,2026-08-24,1538,essvi_g05,ok,,6M,0.5000000000,false,false,356.1415796779,356.0115903348,-0.0003649934,0.0003409913,-1.0703892040,32768,20260824,104,3.0000000000,true,1.0703892040,356.1567177967,0.0000425059,0.0000973185,400000,20260824,192,0.0411433225,-0.0010150832,parity_forward
daily,GOOGL,2026-08-24,1538,essvi_gfree,ok,,1M,0.0833333333,false,false,349.6956657164,349.6836136469,-0.0000344645,0.0000408621,-0.8434340203,32768,20260824,104,3.0000000000,true,1.1283706627,349.6984642523,0.0000080028,0.0000102683,400000,20260824,192,0.0276787611,0.0008553698,parity_forward
daily,GOOGL,2026-08-24,1538,essvi_gfree,ok,,3M,0.2500000000,false,false,352.3812829582,352.3813029671,0.0000000568,0.0001448955,0.0003918829,32768,20260824,104,3.0000000000,true,1.1283706627,352.3886266681,0.0000208402,0.0000405400,400000,20260824,192,0.0398283733,-0.0003071291,parity_forward
daily,GOOGL,2026-08-24,1538,essvi_gfree,ok,,6M,0.5000000000,false,false,356.1415796779,356.0090240255,-0.0003721993,0.0003298555,-1.1283706627,32768,20260824,104,3.0000000000,true,1.1283706627,356.1566244022,0.0000422437,0.0000943950,400000,20260824,192,0.0411433225,-0.0010150832,parity_forward
daily,GOOGL,2026-08-24,1538,essvi_sg05,ok,,1M,0.0833333333,false,false,349.6956657164,349.6893208966,-0.0000181438,0.0000426915,-0.4249982659,32768,20260824,104,3.0000000000,true,1.0378943460,349.6981748793,0.0000071753,0.0000107522,400000,20260824,192,0.0276787611,0.0008553698,parity_forward
daily,GOOGL,2026-08-24,1538,essvi_sg05,ok,,3M,0.2500000000,false,false,352.3812829582,352.3881839027,0.0000195837,0.0001459967,0.1341382637,32768,20260824,104,3.0000000000,true,1.0378943460,352.3881439092,0.0000194702,0.0000403168,400000,20260824,192,0.0398283733,-0.0003071291,parity_forward
daily,GOOGL,2026-08-24,1538,essvi_sg05,ok,,6M,0.5000000000,false,false,356.1415796779,356.0196808003,-0.0003422765,0.0003297797,-1.0378943460,32768,20260824,104,3.0000000000,true,1.0378943460,356.1562744555,0.0000412611,0.0000934924,400000,20260824,192,0.0411433225,-0.0010150832,parity_forward
daily,GOOGL,2026-08-25,1530,svi,ok,,1M,0.0833333333,false,false,347.2340276407,347.2420297088,0.0000230452,0.0000462683,0.4980771963,32768,20260824,104,3.0000000000,true,1.0221915693,347.2320930573,-0.0000055714,0.0000199486,400000,20260824,192,0.0371746553,0.0000553746,parity_forward
daily,GOOGL,2026-08-25,1530,svi,ok,,3M,0.2500000000,false,false,349.7474632118,349.7995227331,0.0001488489,0.0001456174,1.0221915693,32768,20260824,104,3.0000000000,true,1.0221915693,349.7520353595,0.0000130727,0.0000449131,400000,20260824,192,0.0412410578,-0.0006844708,parity_forward
daily,GOOGL,2026-08-25,1530,svi,ok,,6M,0.5000000000,false,false,353.8039907231,353.7384658292,-0.0001852011,0.0003062026,-0.6048319528,32768,20260824,104,3.0000000000,true,1.0221915693,353.8123946442,0.0000237530,0.0000909411,400000,20260824,192,0.0436839307,-0.0022351561,parity_forward
daily,GOOGL,2026-08-25,1530,ssvi,ok,,1M,0.0833333333,false,false,347.2340276407,347.2359517991,0.0000055414,0.0000244453,0.2266849674,32768,20260824,104,3.0000000000,true,0.8145408305,347.2364673948,0.0000070263,0.0000078166,400000,20260824,192,0.0371746553,0.0000553746,parity_forward
daily,GOOGL,2026-08-25,1530,ssvi,ok,,3M,0.2500000000,false,false,349.7474632118,349.7877273537,0.0001151235,0.0001413354,0.8145408305,32768,20260824,104,3.0000000000,true,0.8145408305,349.7553766103,0.0000226260,0.0000421993,400000,20260824,192,0.0412410578,-0.0006844708,parity_forward
daily,GOOGL,2026-08-25,1530,ssvi,ok,,6M,0.5000000000,false,false,353.8039907231,353.7287198915,-0.0002127473,0.0003110545,-0.6839548925,32768,20260824,104,3.0000000000,true,0.8145408305,353.8194383051,0.0000436614,0.0000913876,400000,20260824,192,0.0436839307,-0.0022351561,parity_forward
daily,GOOGL,2026-08-25,1530,essvi,ok,,1M,0.0833333333,false,false,347.2340276407,347.2410275958,0.0000201592,0.0001646832,0.1224118934,32768,20260824,104,3.0000000000,true,0.8245739173,347.2085778909,-0.0000732928,0.0000451477,400000,20260824,192,0.0371746553,0.0000553746,parity_forward
daily,GOOGL,2026-08-25,1530,essvi,ok,,3M,0.2500000000,false,false,349.7474632118,349.7673675789,0.0000569107,0.0002115430,0.2690265653,32768,20260824,104,3.0000000000,true,0.8245739173,349.7266104421,-0.0000596224,0.0000603226,400000,20260824,192,0.0412410578,-0.0006844708,parity_forward
daily,GOOGL,2026-08-25,1530,essvi,ok,,6M,0.5000000000,false,false,353.8039907231,353.7034598166,-0.0002841429,0.0003445937,-0.8245739173,32768,20260824,104,3.0000000000,true,0.8245739173,353.7894212318,-0.0000411796,0.0001011162,400000,20260824,192,0.0436839307,-0.0022351561,parity_forward
daily,GOOGL,2026-08-25,1530,essvi_g05,ok,,1M,0.0833333333,false,false,347.2340276407,347.2127509503,-0.0000612748,0.0000942853,-0.6498869924,32768,20260824,104,3.0000000000,true,1.1424212635,347.2209141351,-0.0000377656,0.0000253169,400000,20260824,192,0.0371746553,0.0000553746,parity_forward
daily,GOOGL,2026-08-25,1530,essvi_g05,ok,,3M,0.2500000000,false,false,349.7474632118,349.7397509410,-0.0000220510,0.0001622853,-0.1358778328,32768,20260824,104,3.0000000000,true,1.1424212635,349.7379103156,-0.0000273137,0.0000477396,400000,20260824,192,0.0412410578,-0.0006844708,parity_forward
daily,GOOGL,2026-08-25,1530,essvi_g05,ok,,6M,0.5000000000,false,false,353.8039907231,353.6707260643,-0.0003766624,0.0003297053,-1.1424212635,32768,20260824,104,3.0000000000,true,1.1424212635,353.8019469906,-0.0000057765,0.0000983666,400000,20260824,192,0.0436839307,-0.0022351561,parity_forward
daily,GOOGL,2026-08-25,1530,essvi_gfree,ok,,1M,0.0833333333,false,false,347.2340276407,347.2155822161,-0.0000531210,0.0000774639,-0.6857515090,32768,20260824,104,3.0000000000,true,1.1479927969,347.2253291177,-0.0000250509,0.0000207231,400000,20260824,192,0.0371746553,0.0000553746,parity_forward
daily,GOOGL,2026-08-25,1530,essvi_gfree,ok,,3M,0.2500000000,false,false,349.7474632118,349.7469095913,-0.0000015829,0.0001522780,-0.0103949033,32768,20260824,104,3.0000000000,true,1.1479927969,349.7423369055,-0.0000146572,0.0000448503,400000,20260824,192,0.0412410578,-0.0006844708,parity_forward
daily,GOOGL,2026-08-25,1530,essvi_gfree,ok,,6M,0.5000000000,false,false,353.8039907231,353.6757837703,-0.0003623672,0.0003156528,-1.1479927969,32768,20260824,104,3.0000000000,true,1.1479927969,353.8056752187,0.0000047611,0.0000937504,400000,20260824,192,0.0436839307,-0.0022351561,parity_forward
daily,GOOGL,2026-08-25,1530,essvi_sg05,ok,,1M,0.0833333333,false,false,347.2340276407,347.2321138724,-0.0000055115,0.0000446076,-0.1235542787,32768,20260824,104,3.0000000000,true,0.8869194706,347.2292758814,-0.0000136846,0.0000165194,400000,20260824,192,0.0371746553,0.0000553746,parity_forward
daily,GOOGL,2026-08-25,1530,essvi_sg05,ok,,3M,0.2500000000,false,false,349.7474632118,349.7683502766,0.0000597204,0.0001358226,0.4396942168,32768,20260824,104,3.0000000000,true,0.8869194706,349.7469315267,-0.0000015202,0.0000419524,400000,20260824,192,0.0412410578,-0.0006844708,parity_forward
daily,GOOGL,2026-08-25,1530,essvi_sg05,ok,,6M,0.5000000000,false,false,353.8039907231,353.7087207043,-0.0002692734,0.0003036053,-0.8869194706,32768,20260824,104,3.0000000000,true,0.8869194706,353.8104521441,0.0000182627,0.0000903648,400000,20260824,192,0.0436839307,-0.0022351561,parity_forward
daily,GOOGL,2026-08-26,1530,svi,ok,,1M,0.0833333333,false,false,342.8926804487,342.8849649341,-0.0000225013,0.0000465200,-0.4836899273,32768,20260824,104,3.0000000000,true,1.0787457734,342.8902400570,-0.0000071171,0.0000206017,400000,20260824,192,0.0432135601,-0.0004477687,parity_forward
daily,GOOGL,2026-08-26,1530,svi,ok,,3M,0.2500000000,false,false,345.4730941426,345.5302440842,0.0001654252,0.0001533495,1.0787457734,32768,20260824,104,3.0000000000,true,1.0787457734,345.4721495335,-0.0000027342,0.0000458070,400000,20260824,192,0.0443935274,-0.0014960607,parity_forward
daily,GOOGL,2026-08-26,1530,svi,ok,,6M,0.5000000000,false,false,349.5256097094,349.4734959455,-0.0001490986,0.0003099414,-0.4810539905,32768,20260824,104,3.0000000000,true,1.0787457734,349.5315233189,0.0000169190,0.0000915191,400000,20260824,192,0.0455209021,-0.0032000557,parity_forward
daily,GOOGL,2026-08-26,1530,ssvi,ok,,1M,0.0833333333,false,false,342.8926804487,342.8937896093,0.0000032347,0.0000236770,0.1366182907,32768,20260824,104,3.0000000000,true,0.7733872228,342.8956562405,0.0000086785,0.0000077794,400000,20260824,192,0.0432135601,-0.0004477687,parity_forward
daily,GOOGL,2026-08-26,1530,ssvi,ok,,3M,0.2500000000,false,false,345.4730941426,345.5107113192,0.0001088860,0.0001407910,0.7733872228,32768,20260824,104,3.0000000000,true,0.7733872228,345.4787467312,0.0000163619,0.0000420957,400000,20260824,192,0.0443935274,-0.0014960607,parity_forward
daily,GOOGL,2026-08-26,1530,ssvi,ok,,6M,0.5000000000,false,false,349.5256097094,349.4417291186,-0.0002399841,0.0003122506,-0.7685626294,32768,20260824,104,3.0000000000,true,0.7733872228,349.5375170259,0.0000340671,0.0000920348,400000,20260824,192,0.0455209021,-0.0032000557,parity_forward
daily,GOOGL,2026-08-26,1530,essvi,ok,,1M,0.0833333333,false,false,342.8926804487,342.8814822158,-0.0000326581,0.0000305122,-1.0703299163,32768,20260824,104,3.0000000000,true,1.0703299163,342.8975590225,0.0000142277,0.0000105758,400000,20260824,192,0.0432135601,-0.0004477687,parity_forward
daily,GOOGL,2026-08-26,1530,essvi,ok,,3M,0.2500000000,false,false,345.4730941426,345.5010852475,0.0000810225,0.0001407385,0.5756955252,32768,20260824,104,3.0000000000,true,1.0703299163,345.4818952852,0.0000254756,0.0000429094,400000,20260824,192,0.0443935274,-0.0014960607,parity_forward
daily,GOOGL,2026-08-26,1530,essvi,ok,,6M,0.5000000000,false,false,349.5256097094,349.4417840988,-0.0002398268,0.0003054849,-0.7850692443,32768,20260824,104,3.0000000000,true,1.0703299163,349.5433204841,0.0000506709,0.0000910849,400000,20260824,192,0.0455209021,-0.0032000557,parity_forward
daily,GOOGL,2026-08-26,1530,essvi_g05,ok,,1M,0.0833333333,false,false,342.8926804487,342.8783392460,-0.0000418242,0.0000324922,-1.2872045702,32768,20260824,104,3.0000000000,true,1.2872045702,342.8973584737,0.0000136428,0.0000125780,400000,20260824,192,0.0432135601,-0.0004477687,parity_forward
daily,GOOGL,2026-08-26,1530,essvi_g05,ok,,3M,0.2500000000,false,false,345.4730941426,345.4944851006,0.0000619179,0.0001444013,0.4287903217,32768,20260824,104,3.0000000000,true,1.2872045702,345.4804897101,0.0000214071,0.0000445167,400000,20260824,192,0.0443935274,-0.0014960607,parity_forward
daily,GOOGL,2026-08-26,1530,essvi_g05,ok,,6M,0.5000000000,false,false,349.5256097094,349.4297629850,-0.0002742195,0.0003194391,-0.8584405127,32768,20260824,104,3.0000000000,true,1.2872045702,349.5415458683,0.0000455937,0.0000959804,400000,20260824,192,0.0455209021,-0.0032000557,parity_forward
daily,GOOGL,2026-08-26,1530,essvi_gfree,ok,,1M,0.0833333333,false,false,342.8926804487,342.8806297948,-0.0000351441,0.0000309911,-1.1340047132,32768,20260824,104,3.0000000000,true,1.1340047132,342.8965698650,0.0000113430,0.0000134652,400000,20260824,192,0.0432135601,-0.0004477687,parity_forward
daily,GOOGL,2026-08-26,1530,essvi_gfree,ok,,3M,0.2500000000,false,false,345.4730941426,345.4987097719,0.0000741465,0.0001426808,0.5196670188,32768,20260824,104,3.0000000000,true,1.1340047132,345.4801196148,0.0000203358,0.0000442632,400000,20260824,192,0.0443935274,-0.0014960607,parity_forward
daily,GOOGL,2026-08-26,1530,essvi_gfree,ok,,6M,0.5000000000,false,false,349.5256097094,349.4321302186,-0.0002674468,0.0003075319,-0.8696552377,32768,20260824,104,3.0000000000,true,1.1340047132,349.5409957596,0.0000440198,0.0000922513,400000,20260824,192,0.0455209021,-0.0032000557,parity_forward
daily,GOOGL,2026-08-26,1530,essvi_sg05,ok,,1M,0.0833333333,false,false,342.8926804487,342.8800736866,-0.0000367659,0.0000373230,-0.9850736801,32768,20260824,104,3.0000000000,true,0.9850736801,342.8979565395,0.0000153870,0.0000127612,400000,20260824,192,0.0432135601,-0.0004477687,parity_forward
daily,GOOGL,2026-08-26,1530,essvi_sg05,ok,,3M,0.2500000000,false,false,345.4730941426,345.4991911601,0.0000755399,0.0001398534,0.5401365235,32768,20260824,104,3.0000000000,true,0.9850736801,345.4803441508,0.0000209857,0.0000421035,400000,20260824,192,0.0443935274,-0.0014960607,parity_forward
daily,GOOGL,2026-08-26,1530,essvi_sg05,ok,,6M,0.5000000000,false,false,349.5256097094,349.4360860426,-0.0002561291,0.0003031720,-0.8448308201,32768,20260824,104,3.0000000000,true,0.9850736801,349.5401208880,0.0000415168,0.0000899791,400000,20260824,192,0.0455209021,-0.0032000557,parity_forward
daily,GOOGL,2026-08-27,1530,svi,ok,,1M,0.0833333333,false,false,341.7823653055,341.7996498655,0.0000505718,0.0000737771,0.6854678250,32768,20260824,104,3.0000000000,true,1.5636209562,341.7855035919,0.0000091821,0.0000201490,400000,20260824,192,0.0341884620,0.0003125779,parity_forward
daily,GOOGL,2026-08-27,1530,svi,ok,,3M,0.2500000000,false,false,344.2813044536,344.4127030415,0.0003816605,0.0002440876,1.5636209562,32768,20260824,104,3.0000000000,true,1.5636209562,344.2852794363,0.0000115457,0.0000583402,400000,20260824,192,0.0405357258,-0.0005569344,parity_forward
daily,GOOGL,2026-08-27,1530,svi,ok,,6M,0.5000000000,false,false,348.6887905675,348.7294521480,0.0001166128,0.0003564531,0.3271476835,32768,20260824,104,3.0000000000,true,1.5636209562,348.6999066150,0.0000318796,0.0000972682,400000,20260824,192,0.0457093391,-0.0033428514,parity_forward
daily,GOOGL,2026-08-27,1530,ssvi,ok,,1M,0.0833333333,false,false,341.7823653055,341.7852714544,0.0000085029,0.0000277262,0.3066741826,32768,20260824,104,3.0000000000,true,0.7888414638,341.7851156743,0.0000080471,0.0000075605,400000,20260824,192,0.0341884620,0.0003125779,parity_forward
daily,GOOGL,2026-08-27,1530,ssvi,ok,,3M,0.2500000000,false,false,344.2813044536,344.3211746218,0.0001158070,0.0001468064,0.7888414638,32768,20260824,104,3.0000000000,true,0.7888414638,344.2875828356,0.0000182362,0.0000411261,400000,20260824,192,0.0405357258,-0.0005569344,parity_forward
daily,GOOGL,2026-08-27,1530,ssvi,ok,,6M,0.5000000000,false,false,348.6887905675,348.6298085738,-0.0001691537,0.0003238033,-0.5223964561,32768,20260824,104,3.0000000000,true,0.7888414638,348.7029022802,0.0000404708,0.0000918819,400000,20260824,192,0.0457093391,-0.0033428514,parity_forward
daily,GOOGL,2026-08-27,1530,essvi,ok,,1M,0.0833333333,false,false,341.7823653055,341.7707484729,-0.0000339890,0.0000491260,-0.6918731525,32768,20260824,104,3.0000000000,true,0.6918731525,341.7861352498,0.0000110302,0.0000134328,400000,20260824,192,0.0341884620,0.0003125779,parity_forward
daily,GOOGL,2026-08-27,1530,essvi,ok,,3M,0.2500000000,false,false,344.2813044536,344.3035038775,0.0000644805,0.0001638229,0.3935986944,32768,20260824,104,3.0000000000,true,0.6918731525,344.2893834734,0.0000234663,0.0000454641,400000,20260824,192,0.0405357258,-0.0005569344,parity_forward
daily,GOOGL,2026-08-27,1530,essvi,ok,,6M,0.5000000000,false,false,348.6887905675,348.6195546349,-0.0001985608,0.0003188493,-0.6227418742,32768,20260824,104,3.0000000000,true,0.6918731525,348.7038805873,0.0000432765,0.0000907057,400000,20260824,192,0.0457093391,-0.0033428514,parity_forward
daily,GOOGL,2026-08-27,1530,essvi_g05,ok,,1M,0.0833333333,false,false,341.7823653055,341.7533267003,-0.0000849623,0.0000515878,-1.6469453781,32768,20260824,104,3.0000000000,true,1.6469453781,341.7870107440,0.0000135918,0.0000147301,400000,20260824,192,0.0341884620,0.0003125779,parity_forward
daily,GOOGL,2026-08-27,1530,essvi_g05,ok,,3M,0.2500000000,false,false,344.2813044536,344.2759159695,-0.0000156514,0.0001678423,-0.0932506132,32768,20260824,104,3.0000000000,true,1.6469453781,344.2921354619,0.0000314598,0.0000467494,400000,20260824,192,0.0405357258,-0.0005569344,parity_forward
daily,GOOGL,2026-08-27,1530,essvi_g05,ok,,6M,0.5000000000,false,false,348.6887905675,348.5880863911,-0.0002888082,0.0003347030,-0.8628791019,32768,20260824,104,3.0000000000,true,1.6469453781,348.7080481906,0.0000552287,0.0000954740,400000,20260824,192,0.0457093391,-0.0033428514,parity_forward
daily,GOOGL,2026-08-27,1530,essvi_gfree,ok,,1M,0.0833333333,false,false,341.7823653055,341.7557263083,-0.0000779414,0.0000484462,-1.6088250589,32768,20260824,104,3.0000000000,true,1.6088250589,341.7875765627,0.0000152473,0.0000143840,400000,20260824,192,0.0341884620,0.0003125779,parity_forward
daily,GOOGL,2026-08-27,1530,essvi_gfree,ok,,3M,0.2500000000,false,false,344.2813044536,344.2794541418,-0.0000053744,0.0001664731,-0.0322840010,32768,20260824,104,3.0000000000,true,1.6088250589,344.2930689929,0.0000341713,0.0000467504,400000,20260824,192,0.0405357258,-0.0005569344,parity_forward
daily,GOOGL,2026-08-27,1530,essvi_gfree,ok,,6M,0.5000000000,false,false,348.6887905675,348.5902831796,-0.0002825080,0.0003258201,-0.8670675159,32768,20260824,104,3.0000000000,true,1.6088250589,348.7092726836,0.0000587404,0.0000931912,400000,20260824,192,0.0457093391,-0.0033428514,parity_forward
daily,GOOGL,2026-08-27,1530,essvi_sg05,ok,,1M,0.0833333333,false,false,341.7823653055,341.7497529634,-0.0000954184,0.0000588283,-1.6219820840,32768,20260824,104,3.0000000000,true,1.6219820840,341.7870904870,0.0000138251,0.0000164449,400000,20260824,192,0.0341884620,0.0003125779,parity_forward
daily,GOOGL,2026-08-27,1530,essvi_sg05,ok,,3M,0.2500000000,false,false,344.2813044536,344.2751881537,-0.0000177654,0.0001671579,-0.1062792240,32768,20260824,104,3.0000000000,true,1.6219820840,344.2918081149,0.0000305090,0.0000465106,400000,20260824,192,0.0405357258,-0.0005569344,parity_forward
daily,GOOGL,2026-08-27,1530,essvi_sg05,ok,,6M,0.5000000000,false,false,348.6887905675,348.5911749382,-0.0002799506,0.0003196737,-0.8757384929,32768,20260824,104,3.0000000000,true,1.6219820840,348.7071488833,0.0000526496,0.0000908952,400000,20260824,192,0.0457093391,-0.0033428514,parity_forward
daily,GOOGL,2026-08-31,1530,svi,ok,,1M,0.0833333333,false,false,339.7540586720,339.7519632899,-0.0000061673,0.0000790272,-0.0780408306,32768,20260824,104,3.0000000000,true,0.9580459982,339.7453869937,-0.0000255234,0.0000264564,400000,20260824,192,0.0349841683,0.0002792083,parity_forward
daily,GOOGL,2026-08-31,1530,svi,ok,,3M,0.2500000000,false,false,342.2948504137,342.3117809993,0.0000494620,0.0001776586,0.2784103092,32768,20260824,104,3.0000000000,true,0.9580459982,342.2983744154,0.0000102952,0.0000540842,400000,20260824,192,0.0414633988,-0.0006618338,parity_forward
daily,GOOGL,2026-08-31,1530,svi,ok,,6M,0.5000000000,false,false,346.4117430560,346.3035759745,-0.0003122500,0.0003259239,-0.9580459982,32768,20260824,104,3.0000000000,true,0.9580459982,346.4187422721,0.0000202049,0.0000960142,400000,20260824,192,0.0446428495,-0.0024057726,parity_forward
daily,GOOGL,2026-08-31,1530,ssvi,ok,,1M,0.0833333333,false,false,339.7540586720,339.7548822391,0.0000024240,0.0000273008,0.0887891081,32768,20260824,104,3.0000000000,true,0.7312017864,339.7557686179,0.0000050329,0.0000076259,400000,20260824,192,0.0349841683,0.0002792083,parity_forward
daily,GOOGL,2026-08-31,1530,ssvi,ok,,3M,0.2500000000,false,false,342.2948504137,342.3248895191,0.0000877580,0.0001425595,0.6155884340,32768,20260824,104,3.0000000000,true,0.7312017864,342.3050221631,0.0000297163,0.0000410545,400000,20260824,192,0.0414633988,-0.0006618338,parity_forward
daily,GOOGL,2026-08-31,1530,ssvi,ok,,6M,0.5000000000,false,false,346.4117430560,346.3305339519,-0.0002344294,0.0003206084,-0.7312017864,32768,20260824,104,3.0000000000,true,0.7312017864,346.4305953653,0.0000544217,0.0000913892,400000,20260824,192,0.0446428495,-0.0024057726,parity_forward
daily,GOOGL,2026-08-31,1530,essvi,ok,,1M,0.0833333333,false,false,339.7540586720,339.7499232992,-0.0000121717,0.0000632093,-0.1925612051,32768,20260824,104,3.0000000000,true,0.8783643741,339.7580407245,0.0000117204,0.0000168768,400000,20260824,192,0.0349841683,0.0002792083,parity_forward
daily,GOOGL,2026-08-31,1530,essvi,ok,,3M,0.2500000000,false,false,342.2948504137,342.3136999029,0.0000550680,0.0001659344,0.3318659634,32768,20260824,104,3.0000000000,true,0.8783643741,342.3105803812,0.0000459544,0.0000472239,400000,20260824,192,0.0414633988,-0.0006618338,parity_forward
daily,GOOGL,2026-08-31,1530,essvi,ok,,6M,0.5000000000,false,false,346.4117430560,346.3137307754,-0.0002829358,0.0003221167,-0.8783643741,32768,20260824,104,3.0000000000,true,0.8783643741,346.4367656807,0.0000722338,0.0000919722,400000,20260824,192,0.0446428495,-0.0024057726,parity_forward
daily,GOOGL,2026-08-31,1530,essvi_g05,ok,,1M,0.0833333333,false,false,339.7540586720,339.7529146952,-0.0000033671,0.0000610854,-0.0551207049,32768,20260824,104,3.0000000000,true,0.8230043767,339.7566280763,0.0000075625,0.0000161915,400000,20260824,192,0.0349841683,0.0002792083,parity_forward
daily,GOOGL,2026-08-31,1530,essvi_g05,ok,,3M,0.2500000000,false,false,342.2948504137,342.3136084111,0.0000548007,0.0001632652,0.3356545942,32768,20260824,104,3.0000000000,true,0.8230043767,342.3087710660,0.0000406686,0.0000469382,400000,20260824,192,0.0414633988,-0.0006618338,parity_forward
daily,GOOGL,2026-08-31,1530,essvi_g05,ok,,6M,0.5000000000,false,false,346.4117430560,346.3154446829,-0.0002779882,0.0003377724,-0.8230043767,32768,20260824,104,3.0000000000,true,0.8230043767,346.4360383224,0.0000701341,0.0000967084,400000,20260824,192,0.0446428495,-0.0024057726,parity_forward
daily,GOOGL,2026-08-31,1530,essvi_gfree,ok,,1M,0.0833333333,false,false,339.7540586720,339.7519598873,-0.0000061774,0.0000595709,-0.1036976911,32768,20260824,104,3.0000000000,true,0.8856144945,339.7568795807,0.0000083028,0.0000160087,400000,20260824,192,0.0349841683,0.0002792083,parity_forward
daily,GOOGL,2026-08-31,1530,essvi_gfree,ok,,3M,0.2500000000,false,false,342.2948504137,342.3140500581,0.0000560910,0.0001619404,0.3463679267,32768,20260824,104,3.0000000000,true,0.8856144945,342.3086605529,0.0000403457,0.0000467733,400000,20260824,192,0.0414633988,-0.0006618338,parity_forward
daily,GOOGL,2026-08-31,1530,essvi_gfree,ok,,6M,0.5000000000,false,false,346.4117430560,346.3117557396,-0.0002886372,0.0003259174,-0.8856144945,32768,20260824,104,3.0000000000,true,0.8856144945,346.4355194937,0.0000686364,0.0000938879,400000,20260824,192,0.0446428495,-0.0024057726,parity_forward
daily,GOOGL,2026-08-31,1530,essvi_sg05,ok,,1M,0.0833333333,false,false,339.7540586720,339.7552028208,0.0000033676,0.0000641300,0.0525117515,32768,20260824,104,3.0000000000,true,0.6880114613,339.7559315738,0.0000055125,0.0000167679,400000,20260824,192,0.0349841683,0.0002792083,parity_forward
daily,GOOGL,2026-08-31,1530,essvi_sg05,ok,,3M,0.2500000000,false,false,342.2948504137,342.3243140190,0.0000860767,0.0001638415,0.5253656144,32768,20260824,104,3.0000000000,true,0.6880114613,342.3071365049,0.0000358933,0.0000467722,400000,20260824,192,0.0414633988,-0.0006618338,parity_forward
daily,GOOGL,2026-08-31,1530,essvi_sg05,ok,,6M,0.5000000000,false,false,346.4117430560,346.3360664275,-0.0002184586,0.0003175218,-0.6880114613,32768,20260824,104,3.0000000000,true,0.6880114613,346.4327712260,0.0000607028,0.0000906208,400000,20260824,192,0.0446428495,-0.0024057726,parity_forward
daily,GOOGL,2026-09-01,1530,svi,ok,,1M,0.0833333333,false,false,335.3716115467,335.3529448044,-0.0000556599,0.0000825019,-0.6746498704,32768,20260824,104,3.0000000000,true,0.6746498704,335.3739372529,0.0000069347,0.0000394362,400000,20260824,192,0.0296136666,0.0007359700,parity_forward
daily,GOOGL,2026-09-01,1530,svi,ok,,3M,0.2500000000,false,false,338.1438399287,338.1653179325,0.0000635174,0.0001687692,0.3763563073,32768,20260824,104,3.0000000000,true,0.6746498704,338.1484337041,0.0000135853,0.0000609908,400000,20260824,192,0.0427998688,-0.0009706749,parity_forward
daily,GOOGL,2026-09-01,1530,svi,ok,,6M,0.5000000000,false,false,342.1464560783,342.0868916159,-0.0001740905,0.0003306328,-0.5265374643,32768,20260824,104,3.0000000000,true,0.6746498704,342.1630201193,0.0000484121,0.0001031536,400000,20260824,192,0.0449349598,-0.0026949177,parity_forward
daily,GOOGL,2026-09-01,1530,ssvi,ok,,1M,0.0833333333,false,false,335.3716115467,335.3753092521,0.0000110257,0.0000249527,0.4418646622,32768,20260824,104,3.0000000000,true,0.7442058745,335.3739074789,0.0000068459,0.0000078142,400000,20260824,192,0.0296136666,0.0007359700,parity_forward
daily,GOOGL,2026-09-01,1530,ssvi,ok,,3M,0.2500000000,false,false,338.1438399287,338.1786548255,0.0001029588,0.0001383473,0.7442058745,32768,20260824,104,3.0000000000,true,0.7442058745,338.1530518142,0.0000272425,0.0000412654,400000,20260824,192,0.0427998688,-0.0009706749,parity_forward
daily,GOOGL,2026-09-01,1530,ssvi,ok,,6M,0.5000000000,false,false,342.1464560783,342.0818464414,-0.0001888362,0.0003103258,-0.6085094824,32768,20260824,104,3.0000000000,true,0.7442058745,342.1648809875,0.0000538509,0.0000903363,400000,20260824,192,0.0449349598,-0.0026949177,parity_forward
daily,GOOGL,2026-09-01,1530,essvi,ok,,1M,0.0833333333,false,false,335.3716115467,335.3764641787,0.0000144694,0.0000465597,0.3107711514,32768,20260824,104,3.0000000000,true,0.8931410368,335.3663992255,-0.0000155419,0.0000156959,400000,20260824,192,0.0296136666,0.0007359700,parity_forward
daily,GOOGL,2026-09-01,1530,essvi,ok,,3M,0.2500000000,false,false,338.1438399287,338.1892573596,0.0001343139,0.0001503838,0.8931410368,32768,20260824,104,3.0000000000,true,0.8931410368,338.1456895880,0.0000054700,0.0000447194,400000,20260824,192,0.0427998688,-0.0009706749,parity_forward
daily,GOOGL,2026-09-01,1530,essvi,ok,,6M,0.5000000000,false,false,342.1464560783,342.0944824721,-0.0001519046,0.0003191038,-0.4760349014,32768,20260824,104,3.0000000000,true,0.8931410368,342.1593468528,0.0000376762,0.0000929290,400000,20260824,192,0.0449349598,-0.0026949177,parity_forward
daily,GOOGL,2026-09-01,1530,essvi_g05,ok,,1M,0.0833333333,false,false,335.3716115467,335.3684531810,-0.0000094175,0.0000605006,-0.1556599151,32768,20260824,104,3.0000000000,true,0.6505434354,335.3653419383,-0.0000186945,0.0000178290,400000,20260824,192,0.0296136666,0.0007359700,parity_forward
daily,GOOGL,2026-09-01,1530,essvi_g05,ok,,3M,0.2500000000,false,false,338.1438399287,338.1774974900,0.0000995362,0.0001556738,0.6393895767,32768,20260824,104,3.0000000000,true,0.6505434354,338.1458640767,0.0000059861,0.0000465838,400000,20260824,192,0.0427998688,-0.0009706749,parity_forward
daily,GOOGL,2026-09-01,1530,essvi_g05,ok,,6M,0.5000000000,false,false,342.1464560783,342.0728529974,-0.0002151216,0.0003306798,-0.6505434354,32768,20260824,104,3.0000000000,true,0.6505434354,342.1616280124,0.0000443434,0.0000973302,400000,20260824,192,0.0449349598,-0.0026949177,parity_forward
daily,GOOGL,2026-09-01,1530,essvi_gfree,ok,,1M,0.0833333333,false,false,335.3716115467,335.3688122397,-0.0000083469,0.0000582997,-0.1431719967,32768,20260824,104,3.0000000000,true,0.7095765481,335.3662284638,-0.0000160511,0.0000171608,400000,20260824,192,0.0296136666,0.0007359700,parity_forward
daily,GOOGL,2026-09-01,1530,essvi_gfree,ok,,3M,0.2500000000,false,false,338.1438399287,338.1806966256,0.0001089971,0.0001536087,0.7095765481,32768,20260824,104,3.0000000000,true,0.7095765481,338.1460988901,0.0000066805,0.0000459660,400000,20260824,192,0.0427998688,-0.0009706749,parity_forward
daily,GOOGL,2026-09-01,1530,essvi_gfree,ok,,6M,0.5000000000,false,false,342.1464560783,342.0757863829,-0.0002065481,0.0003218052,-0.6418420252,32768,20260824,104,3.0000000000,true,0.7095765481,342.1614164976,0.0000437252,0.0000947921,400000,20260824,192,0.0449349598,-0.0026949177,parity_forward
daily,GOOGL,2026-09-01,1530,essvi_sg05,ok,,1M,0.0833333333,false,false,335.3716115467,335.3520177083,-0.0000584243,0.0000831647,-0.7025127038,32768,20260824,104,3.0000000000,true,0.7201503280,335.3641096492,-0.0000223689,0.0000212063,400000,20260824,192,0.0296136666,0.0007359700,parity_forward
daily,GOOGL,2026-09-01,1530,essvi_sg05,ok,,3M,0.2500000000,false,false,338.1438399287,338.1652557570,0.0000633335,0.0001625870,0.3895359520,32768,20260824,104,3.0000000000,true,0.7201503280,338.1461336049,0.0000067831,0.0000463236,400000,20260824,192,0.0427998688,-0.0009706749,parity_forward
daily,GOOGL,2026-09-01,1530,essvi_sg05,ok,,6M,0.5000000000,false,false,342.1464560783,342.0674578676,-0.0002308900,0.0003206137,-0.7201503280,32768,20260824,104,3.0000000000,true,0.7201503280,342.1596915801,0.0000386837,0.0000928059,400000,20260824,192,0.0449349598,-0.0026949177,parity_forward
daily,GOOGL,2026-09-02,1530,svi,ok,,1M,0.0833333333,false,false,338.9433151305,338.9593230755,0.0000472290,0.0000388686,1.2150940278,32768,20260824,104,3.0000000000,true,1.2150940278,338.9365915557,-0.0000198369,0.0000214825,400000,20260824,192,0.0298940602,0.0007132692,parity_forward
daily,GOOGL,2026-09-02,1530,svi,ok,,3M,0.2500000000,false,false,341.4645406897,341.4957978880,0.0000915386,0.0001627587,0.5624193220,32768,20260824,104,3.0000000000,true,1.2150940278,341.4570501417,-0.0000219365,0.0000525808,400000,20260824,192,0.0396085196,-0.0001485406,parity_forward
daily,GOOGL,2026-09-02,1530,svi,ok,,6M,0.5000000000,false,false,345.6893035369,345.6261494532,-0.0001826903,0.0003244007,-0.5631624599,32768,20260824,104,3.0000000000,true,1.2150940278,345.6860116018,-0.0000095228,0.0000973652,400000,20260824,192,0.0443973905,-0.0023771055,parity_forward
daily,GOOGL,2026-09-02,1530,ssvi,ok,,1M,0.0833333333,false,false,338.9433151305,338.9464516514,0.0000092538,0.0000250425,0.3695253423,32768,20260824,104,3.0000000000,true,0.7036379334,338.9461093540,0.0000082439,0.0000076100,400000,20260824,192,0.0298940602,0.0007132692,parity_forward
daily,GOOGL,2026-09-02,1530,ssvi,ok,,3M,0.2500000000,false,false,341.4645406897,341.4980765042,0.0000982117,0.0001395770,0.7036379334,32768,20260824,104,3.0000000000,true,0.7036379334,341.4705921423,0.0000177221,0.0000414946,400000,20260824,192,0.0396085196,-0.0001485406,parity_forward
daily,GOOGL,2026-09-02,1530,ssvi,ok,,6M,0.5000000000,false,false,345.6893035369,345.6215810338,-0.0001959057,0.0003109891,-0.6299439693,32768,20260824,104,3.0000000000,true,0.7036379334,345.7001139688,0.0000312721,0.0000903860,400000,20260824,192,0.0443973905,-0.0023771055,parity_forward
daily,GOOGL,2026-09-02,1530,essvi,ok,,1M,0.0833333333,false,false,338.9433151305,338.9569302323,0.0000401693,0.0000300300,1.3376393039,32768,20260824,104,3.0000000000,true,1.3376393039,338.9408531200,-0.0000072638,0.0000139523,400000,20260824,192,0.0298940602,0.0007132692,parity_forward
daily,GOOGL,2026-09-02,1530,essvi,ok,,3M,0.2500000000,false,false,341.4645406897,341.4985157459,0.0000994981,0.0001563942,0.6362005780,32768,20260824,104,3.0000000000,true,1.3376393039,341.4641552023,-0.0000011289,0.0000488948,400000,20260824,192,0.0396085196,-0.0001485406,parity_forward
daily,GOOGL,2026-09-02,1530,essvi,ok,,6M,0.5000000000,false,false,345.6893035369,345.6237829037,-0.0001895362,0.0003082096,-0.6149587898,32768,20260824,104,3.0000000000,true,1.3376393039,345.6942919378,0.0000144303,0.0000916017,400000,20260824,192,0.0443973905,-0.0023771055,parity_forward
daily,GOOGL,2026-09-02,1530,essvi_g05,ok,,1M,0.0833333333,false,false,338.9433151305,338.9744222086,0.0000917766,0.0000428770,2.1404633841,32768,20260824,104,3.0000000000,true,2.1404633841,338.9370256048,-0.0000185563,0.0000183669,400000,20260824,192,0.0298940602,0.0007132692,parity_forward
daily,GOOGL,2026-09-02,1530,essvi_g05,ok,,3M,0.2500000000,false,false,341.4645406897,341.5140150868,0.0001448888,0.0001602310,0.9042496905,32768,20260824,104,3.0000000000,true,2.1404633841,341.4610351236,-0.0000102663,0.0000504322,400000,20260824,192,0.0396085196,-0.0001485406,parity_forward
daily,GOOGL,2026-09-02,1530,essvi_g05,ok,,6M,0.5000000000,false,false,345.6893035369,345.6417649233,-0.0001375183,0.0003279495,-0.4193277617,32768,20260824,104,3.0000000000,true,2.1404633841,345.6909070286,0.0000046385,0.0000971270,400000,20260824,192,0.0443973905,-0.0023771055,parity_forward
daily,GOOGL,2026-09-02,1530,essvi_gfree,ok,,1M,0.0833333333,false,false,338.9433151305,338.9811365915,0.0001115864,0.0000487673,2.2881393920,32768,20260824,104,3.0000000000,true,2.2881393920,338.9367501586,-0.0000193689,0.0000206130,400000,20260824,192,0.0298940602,0.0007132692,parity_forward
daily,GOOGL,2026-09-02,1530,essvi_gfree,ok,,3M,0.2500000000,false,false,341.4645406897,341.5230125295,0.0001712384,0.0001613503,1.0612834220,32768,20260824,104,3.0000000000,true,2.2881393920,341.4615426144,-0.0000087800,0.0000512141,400000,20260824,192,0.0396085196,-0.0001485406,parity_forward
daily,GOOGL,2026-09-02,1530,essvi_gfree,ok,,6M,0.5000000000,false,false,345.6893035369,345.6469907532,-0.0001224012,0.0003168126,-0.3863520654,32768,20260824,104,3.0000000000,true,2.2881393920,345.6911764646,0.0000054180,0.0000941902,400000,20260824,192,0.0443973905,-0.0023771055,parity_forward
daily,GOOGL,2026-09-02,1530,essvi_sg05,ok,,1M,0.0833333333,false,false,338.9433151305,338.9713299931,0.0000826535,0.0000452238,1.8276549065,32768,20260824,104,3.0000000000,true,1.8276549065,338.9308443760,-0.0000367930,0.0000209757,400000,20260824,192,0.0298940602,0.0007132692,parity_forward
daily,GOOGL,2026-09-02,1530,essvi_sg05,ok,,3M,0.2500000000,false,false,341.4645406897,341.5201091595,0.0001627357,0.0001648027,0.9874574410,32768,20260824,104,3.0000000000,true,1.8276549065,341.4514469729,-0.0000383458,0.0000515393,400000,20260824,192,0.0396085196,-0.0001485406,parity_forward
daily,GOOGL,2026-09-02,1530,essvi_sg05,ok,,6M,0.5000000000,false,false,345.6893035369,345.6472375500,-0.0001216873,0.0003081340,-0.3949166575,32768,20260824,104,3.0000000000,true,1.8276549065,345.6800815228,-0.0000266772,0.0000911524,400000,20260824,192,0.0443973905,-0.0023771055,parity_forward
daily,GOOGL,2026-09-03,1530,svi,ok,,1M,0.0833333333,false,false,344.3035938517,344.2981975798,-0.0000156730,0.0000665781,-0.2354076522,32768,20260824,104,3.0000000000,true,0.5605435607,344.2992283145,-0.0000126793,0.0000195048,400000,20260824,192,0.0329321879,0.0004436637,parity_forward
daily,GOOGL,2026-09-03,1530,svi,ok,,3M,0.2500000000,false,false,346.9698604097,347.0109308169,0.0001183688,0.0002219762,0.5332500221,32768,20260824,104,3.0000000000,true,0.5605435607,346.9709902425,0.0000032563,0.0000541959,400000,20260824,192,0.0418338365,-0.0007033034,parity_forward
daily,GOOGL,2026-09-03,1530,svi,ok,,6M,0.5000000000,false,false,350.8715455022,350.8023603184,-0.0001971809,0.0003517674,-0.5605435607,32768,20260824,104,3.0000000000,true,0.5605435607,350.8762291963,0.0000133487,0.0000955968,400000,20260824,192,0.0432814596,-0.0018219227,parity_forward
daily,GOOGL,2026-09-03,1530,ssvi,ok,,1M,0.0833333333,false,false,344.3035938517,344.3051800110,0.0000046069,0.0000286958,0.1605411815,32768,20260824,104,3.0000000000,true,0.7451336208,344.3069757463,0.0000098224,0.0000076721,400000,20260824,192,0.0329321879,0.0004436637,parity_forward
daily,GOOGL,2026-09-03,1530,ssvi,ok,,3M,0.2500000000,false,false,346.9698604097,347.0009532019,0.0000896124,0.0001438115,0.6231236121,32768,20260824,104,3.0000000000,true,0.7451336208,346.9771588877,0.0000210349,0.0000404138,400000,20260824,192,0.0418338365,-0.0007033034,parity_forward
daily,GOOGL,2026-09-03,1530,ssvi,ok,,6M,0.5000000000,false,false,350.8715455022,350.7891097270,-0.0002349457,0.0003153069,-0.7451336208,32768,20260824,104,3.0000000000,true,0.7451336208,350.8806330466,0.0000258999,0.0000897419,400000,20260824,192,0.0432814596,-0.0018219227,parity_forward
daily,GOOGL,2026-09-03,1530,essvi,ok,,1M,0.0833333333,false,false,344.3035938517,344.2966983738,-0.0000200273,0.0000480661,-0.4166618016,32768,20260824,104,3.0000000000,true,0.8001166543,344.3055142472,0.0000055776,0.0000110658,400000,20260824,192,0.0329321879,0.0004436637,parity_forward
daily,GOOGL,2026-09-03,1530,essvi,ok,,3M,0.2500000000,false,false,346.9698604097,346.9836676589,0.0000397938,0.0001691931,0.2351975951,32768,20260824,104,3.0000000000,true,0.8001166543,346.9769623648,0.0000204685,0.0000440451,400000,20260824,192,0.0418338365,-0.0007033034,parity_forward
daily,GOOGL,2026-09-03,1530,essvi,ok,,6M,0.5000000000,false,false,350.8715455022,350.7796356637,-0.0002619473,0.0003273863,-0.8001166543,32768,20260824,104,3.0000000000,true,0.8001166543,350.8822019421,0.0000303713,0.0000908307,400000,20260824,192,0.0432814596,-0.0018219227,parity_forward
daily,GOOGL,2026-09-03,1530,essvi_g05,ok,,1M,0.0833333333,false,false,344.3035938517,344.2904043571,-0.0000383077,0.0000515784,-0.7427094422,32768,20260824,104,3.0000000000,true,0.9208589116,344.3062581029,0.0000077381,0.0000118975,400000,20260824,192,0.0329321879,0.0004436637,parity_forward
daily,GOOGL,2026-09-03,1530,essvi_g05,ok,,3M,0.2500000000,false,false,346.9698604097,346.9707366382,0.0000025254,0.0001677104,0.0150579443,32768,20260824,104,3.0000000000,true,0.9208589116,346.9764102130,0.0000188772,0.0000449232,400000,20260824,192,0.0418338365,-0.0007033034,parity_forward
daily,GOOGL,2026-09-03,1530,essvi_g05,ok,,6M,0.5000000000,false,false,350.8715455022,350.7608174964,-0.0003155799,0.0003427017,-0.9208589116,32768,20260824,104,3.0000000000,true,0.9208589116,350.8796522901,0.0000231047,0.0000960144,400000,20260824,192,0.0432814596,-0.0018219227,parity_forward
daily,GOOGL,2026-09-03,1530,essvi_gfree,ok,,1M,0.0833333333,false,false,344.3035938517,344.2870642604,-0.0000480088,0.0000523251,-0.9175089881,32768,20260824,104,3.0000000000,true,0.9509041585,344.3066741301,0.0000089464,0.0000122919,400000,20260824,192,0.0329321879,0.0004436637,parity_forward
daily,GOOGL,2026-09-03,1530,essvi_gfree,ok,,3M,0.2500000000,false,false,346.9698604097,346.9729436954,0.0000088863,0.0001658952,0.0535658885,32768,20260824,104,3.0000000000,true,0.9509041585,346.9768417989,0.0000201210,0.0000446914,400000,20260824,192,0.0418338365,-0.0007033034,parity_forward
daily,GOOGL,2026-09-03,1530,essvi_gfree,ok,,6M,0.5000000000,false,false,350.8715455022,350.7619213410,-0.0003124339,0.0003285651,-0.9509041585,32768,20260824,104,3.0000000000,true,0.9509041585,350.8810439081,0.0000270709,0.0000924377,400000,20260824,192,0.0432814596,-0.0018219227,parity_forward
daily,GOOGL,2026-09-03,1530,essvi_sg05,ok,,1M,0.0833333333,false,false,344.3035938517,344.2907522353,-0.0000372974,0.0000509998,-0.7313235961,32768,20260824,104,3.0000000000,true,0.9831980618,344.3073488477,0.0000109061,0.0000125915,400000,20260824,192,0.0329321879,0.0004436637,parity_forward
daily,GOOGL,2026-09-03,1530,essvi_sg05,ok,,3M,0.2500000000,false,false,346.9698604097,346.9764947600,0.0000191208,0.0001573597,0.1215103066,32768,20260824,104,3.0000000000,true,0.9831980618,346.9777337568,0.0000226917,0.0000433970,400000,20260824,192,0.0418338365,-0.0007033034,parity_forward
daily,GOOGL,2026-09-03,1530,essvi_sg05,ok,,6M,0.5000000000,false,false,350.8715455022,350.7610362342,-0.0003149565,0.0003203388,-0.9831980618,32768,20260824,104,3.0000000000,true,0.9831980618,350.8804790818,0.0000254611,0.0000909187,400000,20260824,192,0.0432814596,-0.0018219227,parity_forward
daily,GOOGL,2026-09-04,1530,svi,ok,,1M,0.0833333333,false,false,340.4022719966,340.4337058643,0.0000923433,0.0000966122,0.9558137283,32768,20260824,104,3.0000000000,true,0.9558137283,340.4020122263,-0.0000007631,0.0000222211,400000,20260824,192,0.0445808363,-0.0005287198,parity_forward
daily,GOOGL,2026-09-04,1530,svi,ok,,3M,0.2500000000,false,false,342.9070046837,342.9801855551,0.0002134132,0.0002452181,0.8702993981,32768,20260824,104,3.0000000000,true,0.9558137283,342.9172215405,0.0000297948,0.0000597347,400000,20260824,192,0.0441851422,-0.0013647192,parity_forward
daily,GOOGL,2026-09-04,1530,svi,ok,,6M,0.5000000000,false,false,346.7942787239,346.7652014979,-0.0000838457,0.0003826988,-0.2190907087,32768,20260824,104,3.0000000000,true,0.9558137283,346.8148200276,0.0000592320,0.0001011749,400000,20260824,192,0.0446374919,-0.0027456947,parity_forward
daily,GOOGL,2026-09-04,1530,ssvi,ok,,1M,0.0833333333,false,false,340.4022719966,340.4072305265,0.0000145667,0.0000315978,0.4610021614,32768,20260824,104,3.0000000000,true,0.7723629073,340.4060112721,0.0000109849,0.0000084973,400000,20260824,192,0.0445808363,-0.0005287198,parity_forward
daily,GOOGL,2026-09-04,1530,ssvi,ok,,3M,0.2500000000,false,false,342.9070046837,342.9472931122,0.0001174908,0.0001521187,0.7723629073,32768,20260824,104,3.0000000000,true,0.7723629073,342.9160067655,0.0000262523,0.0000433288,400000,20260824,192,0.0441851422,-0.0013647192,parity_forward
daily,GOOGL,2026-09-04,1530,ssvi,ok,,6M,0.5000000000,false,false,346.7942787239,346.7159550733,-0.0002258505,0.0003363832,-0.6714083625,32768,20260824,104,3.0000000000,true,0.7723629073,346.8096924578,0.0000444463,0.0000947953,400000,20260824,192,0.0446374919,-0.0027456947,parity_forward
daily,GOOGL,2026-09-04,1530,essvi,ok,,1M,0.0833333333,false,false,340.4022719966,340.4009042581,-0.0000040180,0.0000605539,-0.0663542369,32768,20260824,104,3.0000000000,true,0.5794719075,340.4092327811,0.0000204487,0.0000135350,400000,20260824,192,0.0445808363,-0.0005287198,parity_forward
daily,GOOGL,2026-09-04,1530,essvi,ok,,3M,0.2500000000,false,false,342.9070046837,342.9400689964,0.0000964236,0.0001812435,0.5320112154,32768,20260824,104,3.0000000000,true,0.5794719075,342.9229187999,0.0000464094,0.0000490760,400000,20260824,192,0.0441851422,-0.0013647192,parity_forward
daily,GOOGL,2026-09-04,1530,essvi,ok,,6M,0.5000000000,false,false,346.7942787239,346.7250127099,-0.0001997323,0.0003446798,-0.5794719075,32768,20260824,104,3.0000000000,true,0.5794719075,346.8185644690,0.0000700293,0.0000952060,400000,20260824,192,0.0446374919,-0.0027456947,parity_forward
daily,GOOGL,2026-09-04,1530,essvi_g05,ok,,1M,0.0833333333,false,false,340.4022719966,340.3969352279,-0.0000156778,0.0000644212,-0.2433644635,32768,20260824,104,3.0000000000,true,0.7103533398,340.4105615632,0.0000243523,0.0000143322,400000,20260824,192,0.0445808363,-0.0005287198,parity_forward
daily,GOOGL,2026-09-04,1530,essvi_g05,ok,,3M,0.2500000000,false,false,342.9070046837,342.9266120606,0.0000571799,0.0001796489,0.3182867891,32768,20260824,104,3.0000000000,true,0.7103533398,342.9216523025,0.0000427160,0.0000501129,400000,20260824,192,0.0441851422,-0.0013647192,parity_forward
daily,GOOGL,2026-09-04,1530,essvi_g05,ok,,6M,0.5000000000,false,false,346.7942787239,346.7028590233,-0.0002636136,0.0003711021,-0.7103533398,32768,20260824,104,3.0000000000,true,0.7103533398,346.8155696529,0.0000613935,0.0001033566,400000,20260824,192,0.0446374919,-0.0027456947,parity_forward
daily,GOOGL,2026-09-04,1530,essvi_gfree,ok,,1M,0.0833333333,false,false,340.4022719966,340.3897157500,-0.0000368865,0.0000619433,-0.5954883289,32768,20260824,104,3.0000000000,true,0.8129635201,340.4134277744,0.0000327723,0.0000139308,400000,20260824,192,0.0445808363,-0.0005287198,parity_forward
daily,GOOGL,2026-09-04,1530,essvi_gfree,ok,,3M,0.2500000000,false,false,342.9070046837,342.9245690286,0.0000512219,0.0001783549,0.2871908569,32768,20260824,104,3.0000000000,true,0.8129635201,342.9232638464,0.0000474157,0.0000496058,400000,20260824,192,0.0441851422,-0.0013647192,parity_forward
daily,GOOGL,2026-09-04,1530,essvi_gfree,ok,,6M,0.5000000000,false,false,346.7942787239,346.6967100985,-0.0002813444,0.0003460726,-0.8129635201,32768,20260824,104,3.0000000000,true,0.8129635201,346.8187080485,0.0000704433,0.0000971796,400000,20260824,192,0.0446374919,-0.0027456947,parity_forward
daily,GOOGL,2026-09-04,1530,essvi_sg05,ok,,1M,0.0833333333,false,false,340.4022719966,340.4461180901,0.0001288067,0.0001415042,0.9102677127,32768,20260824,104,3.0000000000,true,0.9102677127,340.4155369148,0.0000389684,0.0000290445,400000,20260824,192,0.0445808363,-0.0005287198,parity_forward
daily,GOOGL,2026-09-04,1530,essvi_sg05,ok,,3M,0.2500000000,false,false,342.9070046837,342.9736351455,0.0001943106,0.0002162205,0.8986684705,32768,20260824,104,3.0000000000,true,0.9102677127,342.9263567432,0.0000564353,0.0000554998,400000,20260824,192,0.0441851422,-0.0013647192,parity_forward
daily,GOOGL,2026-09-04,1530,essvi_sg05,ok,,6M,0.5000000000,false,false,346.7942787239,346.7423337042,-0.0001497863,0.0003667650,-0.4083984575,32768,20260824,104,3.0000000000,true,0.9102677127,346.8212187965,0.0000776832,0.0001003126,400000,20260824,192,0.0446374919,-0.0027456947,parity_forward
daily,GOOGL,2026-09-08,1530,svi,ok,,1M,0.0833333333,false,false,339.0751700523,339.0839263381,0.0000258240,0.0000603816,0.4276804200,32768,20260824,104,3.0000000000,true,0.7510808465,339.0712977617,-0.0000114202,0.0000246300,400000,20260824,192,0.0622774639,-0.0020330320,parity_forward
daily,GOOGL,2026-09-08,1530,svi,ok,,3M,0.2500000000,false,false,341.3580858244,341.4093612047,0.0001502099,0.0002090853,0.7184145133,32768,20260824,104,3.0000000000,true,0.7510808465,341.3590468682,0.0000028154,0.0000646304,400000,20260824,192,0.0475999866,-0.0021677587,parity_forward
daily,GOOGL,2026-09-08,1530,svi,ok,,6M,0.5000000000,false,false,345.5145980207,345.4204374183,-0.0002725228,0.0003628408,-0.7510808465,32768,20260824,104,3.0000000000,true,0.7510808465,345.5375478627,0.0000664222,0.0001095064,400000,20260824,192,0.0480057190,-0.0042754149,parity_forward
daily,GOOGL,2026-09-08,1530,ssvi,ok,,1M,0.0833333333,false,false,339.0751700523,339.0778458797,0.0000078915,0.0000350149,0.2253771028,32768,20260824,104,3.0000000000,true,0.7718474727,339.0787258956,0.0000104869,0.0000110090,400000,20260824,192,0.0622774639,-0.0020330320,parity_forward
daily,GOOGL,2026-09-08,1530,ssvi,ok,,3M,0.2500000000,false,false,341.3580858244,341.4016738659,0.0001276901,0.0001654343,0.7718474727,32768,20260824,104,3.0000000000,true,0.7718474727,341.3686705266,0.0000310076,0.0000492896,400000,20260824,192,0.0475999866,-0.0021677587,parity_forward
daily,GOOGL,2026-09-08,1530,ssvi,ok,,6M,0.5000000000,false,false,345.5145980207,345.4207834476,-0.0002715213,0.0003558543,-0.7630124675,32768,20260824,104,3.0000000000,true,0.7718474727,345.5365978576,0.0000636727,0.0001035107,400000,20260824,192,0.0480057190,-0.0042754149,parity_forward
daily,GOOGL,2026-09-08,1530,essvi,ok,,1M,0.0833333333,false,false,339.0751700523,339.0872100131,0.0000355082,0.0000559877,0.6342154250,32768,20260824,104,3.0000000000,true,0.9216514990,339.0742005851,-0.0000028592,0.0000261405,400000,20260824,192,0.0622774639,-0.0020330320,parity_forward
daily,GOOGL,2026-09-08,1530,essvi,ok,,3M,0.2500000000,false,false,341.3580858244,341.4170839615,0.0001728336,0.0001875259,0.9216514990,32768,20260824,104,3.0000000000,true,0.9216514990,341.3668413764,0.0000256492,0.0000594459,400000,20260824,192,0.0475999866,-0.0021677587,parity_forward
daily,GOOGL,2026-09-08,1530,essvi,ok,,6M,0.5000000000,false,false,345.5145980207,345.4480196413,-0.0001926934,0.0003608973,-0.5339286754,32768,20260824,104,3.0000000000,true,0.9216514990,345.5366026370,0.0000636865,0.0001065617,400000,20260824,192,0.0480057190,-0.0042754149,parity_forward
daily,GOOGL,2026-09-08,1530,essvi_g05,ok,,1M,0.0833333333,false,false,339.0751700523,339.0891537012,0.0000412406,0.0000478810,0.8613133851,32768,20260824,104,3.0000000000,true,0.9577973801,339.0742805107,-0.0000026234,0.0000217037,400000,20260824,192,0.0622774639,-0.0020330320,parity_forward
daily,GOOGL,2026-09-08,1530,essvi_g05,ok,,3M,0.2500000000,false,false,341.3580858244,341.4191185150,0.0001787937,0.0001866718,0.9577973801,32768,20260824,104,3.0000000000,true,0.9577973801,341.3667785284,0.0000254651,0.0000579295,400000,20260824,192,0.0475999866,-0.0021677587,parity_forward
daily,GOOGL,2026-09-08,1530,essvi_g05,ok,,6M,0.5000000000,false,false,345.5145980207,345.4506250174,-0.0001851528,0.0003709583,-0.4991203199,32768,20260824,104,3.0000000000,true,0.9577973801,345.5378094218,0.0000671792,0.0001091931,400000,20260824,192,0.0480057190,-0.0042754149,parity_forward
daily,GOOGL,2026-09-08,1530,essvi_gfree,ok,,1M,0.0833333333,false,false,339.0751700523,339.0981041500,0.0000676372,0.0000553221,1.2226081590,32768,20260824,104,3.0000000000,true,1.2226081590,339.0713796324,-0.0000111787,0.0000296784,400000,20260824,192,0.0622774639,-0.0020330320,parity_forward
daily,GOOGL,2026-09-08,1530,essvi_gfree,ok,,3M,0.2500000000,false,false,341.3580858244,341.4274487465,0.0002031970,0.0001892855,1.0734945841,32768,20260824,104,3.0000000000,true,1.2226081590,341.3626997383,0.0000135163,0.0000613365,400000,20260824,192,0.0475999866,-0.0021677587,parity_forward
daily,GOOGL,2026-09-08,1530,essvi_gfree,ok,,6M,0.5000000000,false,false,345.5145980207,345.4567154762,-0.0001675256,0.0003659437,-0.4577906742,32768,20260824,104,3.0000000000,true,1.2226081590,345.5324862466,0.0000517727,0.0001089607,400000,20260824,192,0.0480057190,-0.0042754149,parity_forward
daily,GOOGL,2026-09-08,1530,essvi_sg05,ok,,1M,0.0833333333,false,false,339.0751700523,339.0857766820,0.0000312811,0.0000465586,0.6718640505,32768,20260824,104,3.0000000000,true,1.0241477278,339.0742412670,-0.0000027392,0.0000205744,400000,20260824,192,0.0622774639,-0.0020330320,parity_forward
daily,GOOGL,2026-09-08,1530,essvi_sg05,ok,,3M,0.2500000000,false,false,341.3580858244,341.4237829290,0.0001924580,0.0001879202,1.0241477278,32768,20260824,104,3.0000000000,true,1.0241477278,341.3669756260,0.0000260425,0.0000576667,400000,20260824,192,0.0475999866,-0.0021677587,parity_forward
daily,GOOGL,2026-09-08,1530,essvi_sg05,ok,,6M,0.5000000000,false,false,345.5145980207,345.4526686601,-0.0001792380,0.0003639429,-0.4924894935,32768,20260824,104,3.0000000000,true,1.0241477278,345.5371211856,0.0000651873,0.0001068024,400000,20260824,192,0.0480057190,-0.0042754149,parity_forward
daily,GOOGL,2026-09-09,1530,svi,ok,,1M,0.0833333333,false,false,331.9003683304,331.8920919874,-0.0000249362,0.0000672889,-0.3705846927,32768,20260824,104,3.0000000000,true,1.0558663145,331.8997357597,-0.0000019059,0.0000243675,400000,20260824,192,0.0478046522,-0.0008110685,parity_forward
daily,GOOGL,2026-09-09,1530,svi,ok,,3M,0.2500000000,false,false,334.3513374313,334.4209970032,0.0002083424,0.0001973190,1.0558663145,32768,20260824,104,3.0000000000,true,1.0558663145,334.3612229724,0.0000295663,0.0000602523,400000,20260824,192,0.0453649644,-0.0015361707,parity_forward
daily,GOOGL,2026-09-09,1530,svi,ok,,6M,0.5000000000,false,false,338.4217882923,338.3551135391,-0.0001970167,0.0003696746,-0.5329463859,32768,20260824,104,3.0000000000,true,1.0558663145,338.4342572396,0.0000368444,0.0001069567,400000,20260824,192,0.0468838088,-0.0036190019,parity_forward
daily,GOOGL,2026-09-09,1530,ssvi,ok,,1M,0.0833333333,false,false,331.9003683304,331.9024487203,0.0000062681,0.0000354050,0.1770404917,32768,20260824,104,3.0000000000,true,0.8197836154,331.9043641449,0.0000120392,0.0000109837,400000,20260824,192,0.0478046522,-0.0008110685,parity_forward
daily,GOOGL,2026-09-09,1530,ssvi,ok,,3M,0.2500000000,false,false,334.3513374313,334.3976023592,0.0001383722,0.0001687911,0.8197836154,32768,20260824,104,3.0000000000,true,0.8197836154,334.3591636319,0.0000234071,0.0000493834,400000,20260824,192,0.0453649644,-0.0015361707,parity_forward
daily,GOOGL,2026-09-09,1530,ssvi,ok,,6M,0.5000000000,false,false,338.4217882923,338.3285834242,-0.0002754104,0.0003617629,-0.7613006671,32768,20260824,104,3.0000000000,true,0.8197836154,338.4354058241,0.0000402383,0.0001040800,400000,20260824,192,0.0468838088,-0.0036190019,parity_forward
daily,GOOGL,2026-09-09,1530,essvi,ok,,1M,0.0833333333,false,false,331.9003683304,331.9053931322,0.0000151395,0.0000681394,0.2221840610,32768,20260824,104,3.0000000000,true,1.1596843560,331.9077763617,0.0000223200,0.0000213021,400000,20260824,192,0.0478046522,-0.0008110685,parity_forward
daily,GOOGL,2026-09-09,1530,essvi,ok,,3M,0.2500000000,false,false,334.3513374313,334.4258406375,0.0002228291,0.0001921463,1.1596843560,32768,20260824,104,3.0000000000,true,1.1596843560,334.3626683350,0.0000338892,0.0000572256,400000,20260824,192,0.0453649644,-0.0015361707,parity_forward
daily,GOOGL,2026-09-09,1530,essvi,ok,,6M,0.5000000000,false,false,338.4217882923,338.3642479123,-0.0001700256,0.0003585572,-0.4741938401,32768,20260824,104,3.0000000000,true,1.1596843560,338.4395151015,0.0000523808,0.0001050490,400000,20260824,192,0.0468838088,-0.0036190019,parity_forward
daily,GOOGL,2026-09-09,1530,essvi_g05,ok,,1M,0.0833333333,false,false,331.9003683304,331.8973295479,-0.0000091557,0.0000865306,-0.1058088309,32768,20260824,104,3.0000000000,true,0.8994847903,331.9061230186,0.0000173386,0.0000227081,400000,20260824,192,0.0478046522,-0.0008110685,parity_forward
daily,GOOGL,2026-09-09,1530,essvi_g05,ok,,3M,0.2500000000,false,false,334.3513374313,334.4114148236,0.0001796834,0.0001997626,0.8994847903,32768,20260824,104,3.0000000000,true,0.8994847903,334.3594946256,0.0000243971,0.0000577814,400000,20260824,192,0.0453649644,-0.0015361707,parity_forward
daily,GOOGL,2026-09-09,1530,essvi_g05,ok,,6M,0.5000000000,false,false,338.4217882923,338.3418338480,-0.0002362568,0.0003890326,-0.6072930861,32768,20260824,104,3.0000000000,true,0.8994847903,338.4359813259,0.0000419389,0.0001138931,400000,20260824,192,0.0468838088,-0.0036190019,parity_forward
daily,GOOGL,2026-09-09,1530,essvi_gfree,ok,,1M,0.0833333333,false,false,331.9003683304,331.8906522984,-0.0000292739,0.0000955150,-0.3064852510,32768,20260824,104,3.0000000000,true,0.9112603430,331.9096074089,0.0000278369,0.0000233758,400000,20260824,192,0.0478046522,-0.0008110685,parity_forward
daily,GOOGL,2026-09-09,1530,essvi_gfree,ok,,3M,0.2500000000,false,false,334.3513374313,334.4138742912,0.0001870394,0.0002052535,0.9112603430,32768,20260824,104,3.0000000000,true,0.9112603430,334.3627631642,0.0000341728,0.0000579454,400000,20260824,192,0.0453649644,-0.0015361707,parity_forward
daily,GOOGL,2026-09-09,1530,essvi_gfree,ok,,6M,0.5000000000,false,false,338.4217882923,338.3409379683,-0.0002389040,0.0003715915,-0.6429211741,32768,20260824,104,3.0000000000,true,0.9112603430,338.4391090900,0.0000511811,0.0001079727,400000,20260824,192,0.0468838088,-0.0036190019,parity_forward
daily,GOOGL,2026-09-09,1530,essvi_sg05,ok,,1M,0.0833333333,false,false,331.9003683304,331.9069917456,0.0000199560,0.0000862731,0.2313123332,32768,20260824,104,3.0000000000,true,1.1469519343,331.8882550773,-0.0000364967,0.0000290081,400000,20260824,192,0.0478046522,-0.0008110685,parity_forward
daily,GOOGL,2026-09-09,1530,essvi_sg05,ok,,3M,0.2500000000,false,false,334.3513374313,334.4282786218,0.0002301208,0.0002006368,1.1469519343,32768,20260824,104,3.0000000000,true,1.1469519343,334.3406902196,-0.0000318444,0.0000600887,400000,20260824,192,0.0453649644,-0.0015361707,parity_forward
daily,GOOGL,2026-09-09,1530,essvi_sg05,ok,,6M,0.5000000000,false,false,338.4217882923,338.3584344905,-0.0001872037,0.0003689244,-0.5074309410,32768,20260824,104,3.0000000000,true,1.1469519343,338.4166915888,-0.0000150602,0.0001079925,400000,20260824,192,0.0468838088,-0.0036190019,parity_forward
daily,GOOGL,2026-09-10,1530,svi,ok,,1M,0.0833333333,false,false,333.9002495986,333.8831208102,-0.0000512991,0.0000754083,-0.6802845526,32768,20260824,104,3.0000000000,true,1.3143325879,333.9082020704,0.0000238169,0.0000250046,400000,20260824,192,0.0428526575,-0.0003986519,parity_forward
daily,GOOGL,2026-09-10,1530,svi,ok,,3M,0.2500000000,false,false,336.2642403869,336.3674154621,0.0003068274,0.0002334473,1.3143325879,32768,20260824,104,3.0000000000,true,1.3143325879,336.2891057950,0.0000739460,0.0000607423,400000,20260824,192,0.0425041637,-0.0007962810,parity_forward
daily,GOOGL,2026-09-10,1530,svi,ok,,6M,0.5000000000,false,false,340.4816596208,340.4279442313,-0.0001577629,0.0004214501,-0.3743336371,32768,20260824,104,3.0000000000,true,1.3143325879,340.5181385404,0.0001071392,0.0001099054,400000,20260824,192,0.0461800428,-0.0032186590,parity_forward
daily,GOOGL,2026-09-10,1530,ssvi,ok,,1M,0.0833333333,false,false,333.9002495986,333.9022172298,0.0000058929,0.0000357242,0.1649544036,32768,20260824,104,3.0000000000,true,1.0399615684,333.9045516841,0.0000128843,0.0000107484,400000,20260824,192,0.0428526575,-0.0003986519,parity_forward
daily,GOOGL,2026-09-10,1530,ssvi,ok,,3M,0.2500000000,false,false,336.2642403869,336.3214469989,0.0001701240,0.0001635868,1.0399615684,32768,20260824,104,3.0000000000,true,1.0399615684,336.2744668037,0.0000304118,0.0000470466,400000,20260824,192,0.0425041637,-0.0007962810,parity_forward
daily,GOOGL,2026-09-10,1530,ssvi,ok,,6M,0.5000000000,false,false,340.4816596208,340.3758081978,-0.0003108873,0.0003473573,-0.8950073459,32768,20260824,104,3.0000000000,true,1.0399615684,340.4999451228,0.0000537048,0.0001002271,400000,20260824,192,0.0461800428,-0.0032186590,parity_forward
daily,GOOGL,2026-09-10,1530,essvi,ok,,1M,0.0833333333,false,false,333.9002495986,333.8963148676,-0.0000117842,0.0000584909,-0.2014697411,32768,20260824,104,3.0000000000,true,1.2679916865,333.9039362865,0.0000110413,0.0000174823,400000,20260824,192,0.0428526575,-0.0003986519,parity_forward
daily,GOOGL,2026-09-10,1530,essvi,ok,,3M,0.2500000000,false,false,336.2642403869,336.3458000189,0.0002425463,0.0001912838,1.2679916865,32768,20260824,104,3.0000000000,true,1.2679916865,336.2789052464,0.0000436111,0.0000541412,400000,20260824,192,0.0425041637,-0.0007962810,parity_forward
daily,GOOGL,2026-09-10,1530,essvi,ok,,6M,0.5000000000,false,false,340.4816596208,340.3990792223,-0.0002425399,0.0003587324,-0.6761026494,32768,20260824,104,3.0000000000,true,1.2679916865,340.5039561604,0.0000654853,0.0001027084,400000,20260824,192,0.0461800428,-0.0032186590,parity_forward
daily,GOOGL,2026-09-10,1530,essvi_g05,ok,,1M,0.0833333333,false,false,333.9002495986,333.8963517533,-0.0000116737,0.0000622866,-0.1874187728,32768,20260824,104,3.0000000000,true,1.1917801728,333.9046121063,0.0000130653,0.0000184593,400000,20260824,192,0.0428526575,-0.0003986519,parity_forward
daily,GOOGL,2026-09-10,1530,essvi_g05,ok,,3M,0.2500000000,false,false,336.2642403869,336.3412292493,0.0002289535,0.0001921105,1.1917801728,32768,20260824,104,3.0000000000,true,1.1917801728,336.2753518264,0.0000330438,0.0000548247,400000,20260824,192,0.0425041637,-0.0007962810,parity_forward
daily,GOOGL,2026-09-10,1530,essvi_g05,ok,,6M,0.5000000000,false,false,340.4816596208,340.3861881764,-0.0002804011,0.0003837040,-0.7307745615,32768,20260824,104,3.0000000000,true,1.1917801728,340.5026404401,0.0000616210,0.0001117926,400000,20260824,192,0.0461800428,-0.0032186590,parity_forward
daily,GOOGL,2026-09-10,1530,essvi_gfree,ok,,1M,0.0833333333,false,false,333.9002495986,333.8980574594,-0.0000065653,0.0000652992,-0.1005411100,32768,20260824,104,3.0000000000,true,1.2679789473,333.9052120609,0.0000148621,0.0000191393,400000,20260824,192,0.0428526575,-0.0003986519,parity_forward
daily,GOOGL,2026-09-10,1530,essvi_gfree,ok,,3M,0.2500000000,false,false,336.2642403869,336.3455031579,0.0002416634,0.0001905895,1.2679789473,32768,20260824,104,3.0000000000,true,1.2679789473,336.2764341858,0.0000362626,0.0000545811,400000,20260824,192,0.0425041637,-0.0007962810,parity_forward
daily,GOOGL,2026-09-10,1530,essvi_gfree,ok,,6M,0.5000000000,false,false,340.4816596208,340.3941494754,-0.0002570187,0.0003592554,-0.7154204145,32768,20260824,104,3.0000000000,true,1.2679789473,340.5034808388,0.0000640893,0.0001045226,400000,20260824,192,0.0461800428,-0.0032186590,parity_forward
daily,GOOGL,2026-09-10,1530,essvi_sg05,ok,,1M,0.0833333333,false,false,333.9002495986,333.8950889338,-0.0000154557,0.0000763502,-0.2024318875,32768,20260824,104,3.0000000000,true,1.2275422307,333.9094471070,0.0000275457,0.0000277101,400000,20260824,192,0.0428526575,-0.0003986519,parity_forward
daily,GOOGL,2026-09-10,1530,essvi_sg05,ok,,3M,0.2500000000,false,false,336.2642403869,336.3437837136,0.0002365501,0.0001927022,1.2275422307,32768,20260824,104,3.0000000000,true,1.2275422307,336.2792849148,0.0000447402,0.0000584765,400000,20260824,192,0.0425041637,-0.0007962810,parity_forward
daily,GOOGL,2026-09-10,1530,essvi_sg05,ok,,6M,0.5000000000,false,false,340.4816596208,340.4043461537,-0.0002270709,0.0003499004,-0.6489585974,32768,20260824,104,3.0000000000,true,1.2275422307,340.5067520185,0.0000736968,0.0001035657,400000,20260824,192,0.0461800428,-0.0032186590,parity_forward
daily,GOOGL,2026-09-11,1530,svi,ok,,1M,0.0833333333,false,false,340.3361112212,340.3386384650,0.0000074257,0.0000888980,0.0835309219,32768,20260824,104,3.0000000000,true,1.5495190441,340.3458509984,0.0000286181,0.0000265226,400000,20260824,192,0.0407976423,-0.0001461093,parity_forward
daily,GOOGL,2026-09-11,1530,svi,ok,,3M,0.2500000000,false,false,342.7398306088,342.8750986074,0.0003946667,0.0002547027,1.5495190441,32768,20260824,104,3.0000000000,true,1.5495190441,342.7728211503,0.0000962553,0.0000595710,400000,20260824,192,0.0417510392,-0.0004844313,parity_forward
daily,GOOGL,2026-09-11,1530,svi,ok,,6M,0.5000000000,false,false,346.9378577091,346.9032955107,-0.0000996207,0.0004021315,-0.2477316865,32768,20260824,104,3.0000000000,true,1.5495190441,346.9812727338,0.0001251378,0.0001057732,400000,20260824,192,0.0452235826,-0.0024463629,parity_forward
daily,GOOGL,2026-09-11,1530,ssvi,ok,,1M,0.0833333333,false,false,340.3361112212,340.3402876970,0.0000122716,0.0000360085,0.3407978183,32768,20260824,104,3.0000000000,true,1.0974793688,340.3395183580,0.0000100111,0.0000090133,400000,20260824,192,0.0407976423,-0.0001461093,parity_forward
daily,GOOGL,2026-09-11,1530,ssvi,ok,,3M,0.2500000000,false,false,342.7398306088,342.7995846297,0.0001743422,0.0001588569,1.0974793688,32768,20260824,104,3.0000000000,true,1.0974793688,342.7479210130,0.0000236051,0.0000438858,400000,20260824,192,0.0417510392,-0.0004844313,parity_forward
daily,GOOGL,2026-09-11,1530,ssvi,ok,,6M,0.5000000000,false,false,346.9378577091,346.8400003867,-0.0002820601,0.0003456288,-0.8160781256,32768,20260824,104,3.0000000000,true,1.0974793688,346.9477128021,0.0000284059,0.0000969268,400000,20260824,192,0.0452235826,-0.0024463629,parity_forward
daily,GOOGL,2026-09-11,1530,essvi,ok,,1M,0.0833333333,false,false,340.3361112212,340.3330341556,-0.0000090413,0.0000534016,-0.1693067459,32768,20260824,104,3.0000000000,true,1.2366660208,340.3338161483,-0.0000067435,0.0000152227,400000,20260824,192,0.0407976423,-0.0001461093,parity_forward
daily,GOOGL,2026-09-11,1530,essvi,ok,,3M,0.2500000000,false,false,342.7398306088,342.8158147157,0.0002216962,0.0001792692,1.2366660208,32768,20260824,104,3.0000000000,true,1.2366660208,342.7445784469,0.0000138526,0.0000482004,400000,20260824,192,0.0417510392,-0.0004844313,parity_forward
daily,GOOGL,2026-09-11,1530,essvi,ok,,6M,0.5000000000,false,false,346.9378577091,346.8550800849,-0.0002385950,0.0003559179,-0.6703650819,32768,20260824,104,3.0000000000,true,1.2366660208,346.9450981700,0.0000208696,0.0000992001,400000,20260824,192,0.0452235826,-0.0024463629,parity_forward
daily,GOOGL,2026-09-11,1530,essvi_g05,ok,,1M,0.0833333333,false,false,340.3361112212,340.3240427782,-0.0000354604,0.0000565190,-0.6274063088,32768,20260824,104,3.0000000000,true,0.9353892992,340.3323607429,-0.0000110199,0.0000165442,400000,20260824,192,0.0407976423,-0.0001461093,parity_forward
daily,GOOGL,2026-09-11,1530,essvi_g05,ok,,3M,0.2500000000,false,false,342.7398306088,342.7979084678,0.0001694517,0.0001811564,0.9353892992,32768,20260824,104,3.0000000000,true,0.9353892992,342.7416285080,0.0000052457,0.0000490394,400000,20260824,192,0.0417510392,-0.0004844313,parity_forward
daily,GOOGL,2026-09-11,1530,essvi_g05,ok,,6M,0.5000000000,false,false,346.9378577091,346.8393701510,-0.0002838767,0.0003736718,-0.7596951623,32768,20260824,104,3.0000000000,true,0.9353892992,346.9381199586,0.0000007559,0.0001043388,400000,20260824,192,0.0452235826,-0.0024463629,parity_forward
daily,GOOGL,2026-09-11,1530,essvi_gfree,ok,,1M,0.0833333333,false,false,340.3361112212,340.3259540044,-0.0000298447,0.0000614262,-0.4858620187,32768,20260824,104,3.0000000000,true,1.0041099666,340.3324145820,-0.0000108617,0.0000168134,400000,20260824,192,0.0407976423,-0.0001461093,parity_forward
daily,GOOGL,2026-09-11,1530,essvi_gfree,ok,,3M,0.2500000000,false,false,342.7398306088,342.8027887577,0.0001836908,0.0001829389,1.0041099666,32768,20260824,104,3.0000000000,true,1.0041099666,342.7412620693,0.0000041765,0.0000490726,400000,20260824,192,0.0417510392,-0.0004844313,parity_forward
daily,GOOGL,2026-09-11,1530,essvi_gfree,ok,,6M,0.5000000000,false,false,346.9378577091,346.8413721507,-0.0002781062,0.0003611000,-0.7701638304,32768,20260824,104,3.0000000000,true,1.0041099666,346.9388410740,0.0000028344,0.0001004699,400000,20260824,192,0.0452235826,-0.0024463629,parity_forward
daily,GOOGL,2026-09-11,1530,essvi_sg05,ok,,1M,0.0833333333,false,false,340.3361112212,340.3230434131,-0.0000383968,0.0000591305,-0.6493563018,32768,20260824,104,3.0000000000,true,1.0412853708,340.3313853378,-0.0000138859,0.0000178892,400000,20260824,192,0.0407976423,-0.0001461093,parity_forward
daily,GOOGL,2026-09-11,1530,essvi_sg05,ok,,3M,0.2500000000,false,false,342.7398306088,342.8057630527,0.0001923688,0.0001847417,1.0412853708,32768,20260824,104,3.0000000000,true,1.0412853708,342.7397326944,-0.0000002857,0.0000500159,400000,20260824,192,0.0417510392,-0.0004844313,parity_forward
daily,GOOGL,2026-09-11,1530,essvi_sg05,ok,,6M,0.5000000000,false,false,346.9378577091,346.8432326152,-0.0002727436,0.0003587619,-0.7602358394,32768,20260824,104,3.0000000000,true,1.0412853708,346.9381696982,0.0000008993,0.0001000896,400000,20260824,192,0.0452235826,-0.0024463629,parity_forward
daily,IWM,2026-08-14,1530,svi,ok,,1M,0.0833333333,false,false,305.1626552621,305.1715856629,0.0000292644,0.0000807634,0.3623471957,32768,20260824,104,3.0000000000,true,1.0817966876,305.1568082527,-0.0000191603,0.0000211766,400000,20260824,192,0.0231308179,0.0012264443,parity_forward
daily,IWM,2026-08-14,1530,svi,ok,,3M,0.2500000000,false,false,306.4338240169,306.4235231887,-0.0000336152,0.0001495357,-0.2247970457,32768,20260824,104,3.0000000000,true,1.0817966876,306.4228656307,-0.0000357610,0.0000405769,400000,20260824,192,0.0243378449,0.0035477783,parity_forward
daily,IWM,2026-08-14,1530,svi,ok,,6M,0.5000000000,false,false,308.5554353556,308.6179559966,0.0002026237,0.0001873029,1.0817966876,32768,20260824,104,3.0000000000,true,1.0817966876,308.5396010383,-0.0000513176,0.0000518776,400000,20260824,192,0.0259683163,0.0065433752,parity_forward
daily,IWM,2026-08-14,1530,ssvi,ok,,1M,0.0833333333,false,false,305.1626552621,305.1603884057,-0.0000074284,0.0000808918,-0.0918308029,32768,20260824,104,3.0000000000,true,1.4985122518,305.1577822282,-0.0000159686,0.0000221761,400000,20260824,192,0.0231308179,0.0012264443,parity_forward
daily,IWM,2026-08-14,1530,ssvi,ok,,3M,0.2500000000,false,false,306.4338240169,306.3717571106,-0.0002025459,0.0001351646,-1.4985122518,32768,20260824,104,3.0000000000,true,1.4985122518,306.4278162787,-0.0000196053,0.0000375523,400000,20260824,192,0.0243378449,0.0035477783,parity_forward
daily,IWM,2026-08-14,1530,ssvi,ok,,6M,0.5000000000,false,false,308.5554353556,308.5745330481,0.0000618939,0.0001683254,0.3677037094,32768,20260824,104,3.0000000000,true,1.4985122518,308.5423537288,-0.0000423964,0.0000474234,400000,20260824,192,0.0259683163,0.0065433752,parity_forward
daily,IWM,2026-08-14,1530,essvi,ok,,1M,0.0833333333,false,false,305.1626552621,305.1676973720,0.0000165227,0.0000876645,0.1884765669,32768,20260824,104,3.0000000000,true,1.1937712564,305.1569428230,-0.0000187193,0.0000229147,400000,20260824,192,0.0231308179,0.0012264443,parity_forward
daily,IWM,2026-08-14,1530,essvi,ok,,3M,0.2500000000,false,false,306.4338240169,306.3721813510,-0.0002011614,0.0001685092,-1.1937712564,32768,20260824,104,3.0000000000,true,1.1937712564,306.4294728396,-0.0000141994,0.0000481296,400000,20260824,192,0.0243378449,0.0035477783,parity_forward
daily,IWM,2026-08-14,1530,essvi,ok,,6M,0.5000000000,false,false,308.5554353556,308.5644445287,0.0000291979,0.0002179571,0.1339617006,32768,20260824,104,3.0000000000,true,1.1937712564,308.5334476645,-0.0000712601,0.0000631512,400000,20260824,192,0.0259683163,0.0065433752,parity_forward
daily,IWM,2026-08-14,1530,essvi_g05,ok,,1M,0.0833333333,false,false,305.1626552621,305.1721058108,0.0000309689,0.0000931996,0.3322857908,32768,20260824,104,3.0000000000,true,0.9033005286,305.1558399326,-0.0000223334,0.0000226865,400000,20260824,192,0.0231308179,0.0012264443,parity_forward
daily,IWM,2026-08-14,1530,essvi_g05,ok,,3M,0.2500000000,false,false,306.4338240169,306.3841464094,-0.0001621153,0.0001794699,-0.9033005286,32768,20260824,104,3.0000000000,true,0.9033005286,306.4307311634,-0.0000100931,0.0000507624,400000,20260824,192,0.0243378449,0.0035477783,parity_forward
daily,IWM,2026-08-14,1530,essvi_g05,ok,,6M,0.5000000000,false,false,308.5554353556,308.5716895505,0.0000526784,0.0002284155,0.2306251273,32768,20260824,104,3.0000000000,true,0.9033005286,308.5340429470,-0.0000693308,0.0000656125,400000,20260824,192,0.0259683163,0.0065433752,parity_forward
daily,IWM,2026-08-14,1530,essvi_gfree,ok,,1M,0.0833333333,false,false,305.1626552621,305.1723208093,0.0000316734,0.0000907515,0.3490128418,32768,20260824,104,3.0000000000,true,0.9239421202,305.1559493155,-0.0000219750,0.0000222915,400000,20260824,192,0.0231308179,0.0012264443,parity_forward
daily,IWM,2026-08-14,1530,essvi_gfree,ok,,3M,0.2500000000,false,false,306.4338240169,306.3828827722,-0.0001662390,0.0001799236,-0.9239421202,32768,20260824,104,3.0000000000,true,0.9239421202,306.4297716554,-0.0000132243,0.0000511613,400000,20260824,192,0.0243378449,0.0035477783,parity_forward
daily,IWM,2026-08-14,1530,essvi_gfree,ok,,6M,0.5000000000,false,false,308.5554353556,308.5731473909,0.0000574031,0.0002254317,0.2546362472,32768,20260824,104,3.0000000000,true,0.9239421202,308.5352249211,-0.0000655002,0.0000651223,400000,20260824,192,0.0259683163,0.0065433752,parity_forward
daily,IWM,2026-08-14,1530,essvi_sg05,ok,,1M,0.0833333333,false,false,305.1626552621,305.1743348159,0.0000382732,0.0001023594,0.3739099321,32768,20260824,104,3.0000000000,true,0.8441561050,305.1547211953,-0.0000259995,0.0000239830,400000,20260824,192,0.0231308179,0.0012264443,parity_forward
daily,IWM,2026-08-14,1530,essvi_sg05,ok,,3M,0.2500000000,false,false,306.4338240169,306.3848722834,-0.0001597465,0.0001892381,-0.8441561050,32768,20260824,104,3.0000000000,true,0.8441561050,306.4279850517,-0.0000190546,0.0000531049,400000,20260824,192,0.0243378449,0.0035477783,parity_forward
daily,IWM,2026-08-14,1530,essvi_sg05,ok,,6M,0.5000000000,false,false,308.5554353556,308.5740183562,0.0000602258,0.0002453886,0.2454303844,32768,20260824,104,3.0000000000,true,0.8441561050,308.5279295973,-0.0000891437,0.0000706604,400000,20260824,192,0.0259683163,0.0065433752,parity_forward
daily,IWM,2026-08-17,1530,svi,ok,,1M,0.0833333333,false,false,303.9467069224,303.9560179753,0.0000306338,0.0000838614,0.3652910778,32768,20260824,104,3.0000000000,true,0.9546360662,303.9428701469,-0.0000126232,0.0000257618,400000,20260824,192,0.0140517486,0.0019842480,parity_forward
daily,IWM,2026-08-17,1530,svi,ok,,3M,0.2500000000,false,false,305.5398515526,305.5190043046,-0.0000682309,0.0001551909,-0.4396576740,32768,20260824,104,3.0000000000,true,0.9546360662,305.5350920755,-0.0000155773,0.0000465926,400000,20260824,192,0.0255952651,0.0032079208,parity_forward
daily,IWM,2026-08-17,1530,svi,ok,,6M,0.5000000000,false,false,307.6346341808,307.6914379592,0.0001846469,0.0001934212,0.9546360662,32768,20260824,104,3.0000000000,true,0.9546360662,307.6292603973,-0.0000174681,0.0000573181,400000,20260824,192,0.0264628507,0.0063430732,parity_forward
daily,IWM,2026-08-17,1530,ssvi,ok,,1M,0.0833333333,false,false,303.9467069224,303.9255274547,-0.0000696815,0.0000800648,-0.8703145088,32768,20260824,104,3.0000000000,true,1.5573395945,303.9455467422,-0.0000038171,0.0000234144,400000,20260824,192,0.0140517486,0.0019842480,parity_forward
daily,IWM,2026-08-17,1530,ssvi,ok,,3M,0.2500000000,false,false,305.5398515526,305.4757395222,-0.0002098320,0.0001347375,-1.5573395945,32768,20260824,104,3.0000000000,true,1.5573395945,305.5388760477,-0.0000031927,0.0000388499,400000,20260824,192,0.0255952651,0.0032079208,parity_forward
daily,IWM,2026-08-17,1530,ssvi,ok,,6M,0.5000000000,false,false,307.6346341808,307.6601866131,0.0000830610,0.0001687380,0.4922481699,32768,20260824,104,3.0000000000,true,1.5573395945,307.6318128081,-0.0000091712,0.0000487119,400000,20260824,192,0.0264628507,0.0063430732,parity_forward
daily,IWM,2026-08-17,1530,essvi,ok,,1M,0.0833333333,false,false,303.9467069224,303.9281301395,-0.0000611186,0.0000935219,-0.6535211749,32768,20260824,104,3.0000000000,true,1.4370948753,303.9457010995,-0.0000033092,0.0000259970,400000,20260824,192,0.0140517486,0.0019842480,parity_forward
daily,IWM,2026-08-17,1530,essvi,ok,,3M,0.2500000000,false,false,305.5398515526,305.4578932201,-0.0002682411,0.0001866551,-1.4370948753,32768,20260824,104,3.0000000000,true,1.4370948753,305.5400159265,0.0000005380,0.0000526553,400000,20260824,192,0.0255952651,0.0032079208,parity_forward
daily,IWM,2026-08-17,1530,essvi,ok,,6M,0.5000000000,false,false,307.6346341808,307.6511485548,0.0000536818,0.0002370808,0.2264281947,32768,20260824,104,3.0000000000,true,1.4370948753,307.6238958425,-0.0000349061,0.0000657178,400000,20260824,192,0.0264628507,0.0063430732,parity_forward
daily,IWM,2026-08-17,1530,essvi_g05,ok,,1M,0.0833333333,false,false,303.9467069224,303.9336129425,-0.0000430799,0.0000940540,-0.4580331953,32768,20260824,104,3.0000000000,true,1.2629178976,303.9470405573,0.0000010977,0.0000257867,400000,20260824,192,0.0140517486,0.0019842480,parity_forward
daily,IWM,2026-08-17,1530,essvi_g05,ok,,3M,0.2500000000,false,false,305.5398515526,305.4643737114,-0.0002470311,0.0001956034,-1.2629178976,32768,20260824,104,3.0000000000,true,1.2629178976,305.5400461105,0.0000006368,0.0000545959,400000,20260824,192,0.0255952651,0.0032079208,parity_forward
daily,IWM,2026-08-17,1530,essvi_g05,ok,,6M,0.5000000000,false,false,307.6346341808,307.6655715190,0.0001005652,0.0002425719,0.4145790107,32768,20260824,104,3.0000000000,true,1.2629178976,307.6247157748,-0.0000322409,0.0000673839,400000,20260824,192,0.0264628507,0.0063430732,parity_forward
daily,IWM,2026-08-17,1530,essvi_gfree,ok,,1M,0.0833333333,false,false,303.9467069224,303.9332140386,-0.0000443923,0.0000935536,-0.4745114539,32768,20260824,104,3.0000000000,true,1.2937950083,303.9467367434,0.0000000981,0.0000255939,400000,20260824,192,0.0140517486,0.0019842480,parity_forward
daily,IWM,2026-08-17,1530,essvi_gfree,ok,,3M,0.2500000000,false,false,305.5398515526,305.4603951759,-0.0002600524,0.0002009997,-1.2937950083,32768,20260824,104,3.0000000000,true,1.2937950083,305.5400722437,0.0000007223,0.0000554933,400000,20260824,192,0.0255952651,0.0032079208,parity_forward
daily,IWM,2026-08-17,1530,essvi_gfree,ok,,6M,0.5000000000,false,false,307.6346341808,307.6585752795,0.0000778232,0.0002465350,0.3156677954,32768,20260824,104,3.0000000000,true,1.2937950083,307.6263980608,-0.0000267724,0.0000679873,400000,20260824,192,0.0264628507,0.0063430732,parity_forward
daily,IWM,2026-08-17,1530,essvi_sg05,ok,,1M,0.0833333333,false,false,303.9467069224,303.9352770475,-0.0000376049,0.0000995295,-0.3778263066,32768,20260824,104,3.0000000000,true,1.1436495203,303.9464451716,-0.0000008612,0.0000274971,400000,20260824,192,0.0140517486,0.0019842480,parity_forward
daily,IWM,2026-08-17,1530,essvi_sg05,ok,,3M,0.2500000000,false,false,305.5398515526,305.4636630720,-0.0002493569,0.0002180361,-1.1436495203,32768,20260824,104,3.0000000000,true,1.1436495203,305.5391148688,-0.0000024111,0.0000605156,400000,20260824,192,0.0255952651,0.0032079208,parity_forward
daily,IWM,2026-08-17,1530,essvi_sg05,ok,,6M,0.5000000000,false,false,307.6346341808,307.6598019170,0.0000818105,0.0002719311,0.3008499955,32768,20260824,104,3.0000000000,true,1.1436495203,307.6258128324,-0.0000286748,0.0000746536,400000,20260824,192,0.0264628507,0.0063430732,parity_forward
daily,IWM,2026-08-18,1530,svi,ok,,1M,0.0833333333,false,false,300.7134122705,300.7172317262,0.0000127013,0.0000960968,0.1321720409,32768,20260824,104,3.0000000000,true,0.8955802391,300.7086963645,-0.0000156824,0.0000316835,400000,20260824,192,0.0129127453,0.0020793578,parity_forward
daily,IWM,2026-08-18,1530,svi,ok,,3M,0.2500000000,false,false,302.4047728108,302.3685629634,-0.0001197397,0.0001720494,-0.6959608746,32768,20260824,104,3.0000000000,true,0.8955802391,302.3984928318,-0.0000207668,0.0000525159,400000,20260824,192,0.0267391876,0.0029458965,parity_forward
daily,IWM,2026-08-18,1530,svi,ok,,6M,0.5000000000,false,false,304.7679339046,304.8266026318,0.0001925030,0.0002149477,0.8955802391,32768,20260824,104,3.0000000000,true,0.8955802391,304.7593549767,-0.0000281491,0.0000647372,400000,20260824,192,0.0289379683,0.0050992371,parity_forward
daily,IWM,2026-08-18,1530,ssvi,ok,,1M,0.0833333333,false,false,300.7134122705,300.7105456734,-0.0000095327,0.0000825065,-0.1155382237,32768,20260824,104,3.0000000000,true,1.3560192950,300.7128759583,-0.0000017835,0.0000257342,400000,20260824,192,0.0129127453,0.0020793578,parity_forward
daily,IWM,2026-08-18,1530,ssvi,ok,,3M,0.2500000000,false,false,302.4047728108,302.3462117470,-0.0001936513,0.0001428086,-1.3560192950,32768,20260824,104,3.0000000000,true,1.3560192950,302.4034825584,-0.0000042666,0.0000415770,400000,20260824,192,0.0267391876,0.0029458965,parity_forward
daily,IWM,2026-08-18,1530,ssvi,ok,,6M,0.5000000000,false,false,304.7679339046,304.7964563634,0.0000935875,0.0001782967,0.5248972614,32768,20260824,104,3.0000000000,true,1.3560192950,304.7645990482,-0.0000109423,0.0000520933,400000,20260824,192,0.0289379683,0.0050992371,parity_forward
daily,IWM,2026-08-18,1530,essvi,ok,,1M,0.0833333333,false,false,300.7134122705,300.7155466933,0.0000070979,0.0001037785,0.0683943350,32768,20260824,104,3.0000000000,true,1.3395040950,300.7111010003,-0.0000076860,0.0000308947,400000,20260824,192,0.0129127453,0.0020793578,parity_forward
daily,IWM,2026-08-18,1530,essvi,ok,,3M,0.2500000000,false,false,302.4047728108,302.3254003039,-0.0002624711,0.0001959465,-1.3395040950,32768,20260824,104,3.0000000000,true,1.3395040950,302.4025947153,-0.0000072026,0.0000567614,400000,20260824,192,0.0267391876,0.0029458965,parity_forward
daily,IWM,2026-08-18,1530,essvi,ok,,6M,0.5000000000,false,false,304.7679339046,304.7757370503,0.0000256036,0.0002398788,0.1067354026,32768,20260824,104,3.0000000000,true,1.3395040950,304.7626449387,-0.0000173541,0.0000696255,400000,20260824,192,0.0289379683,0.0050992371,parity_forward
daily,IWM,2026-08-18,1530,essvi_g05,ok,,1M,0.0833333333,false,false,300.7134122705,300.7236358931,0.0000339979,0.0001110690,0.3060971473,32768,20260824,104,3.0000000000,true,0.9836007764,300.7115584079,-0.0000061649,0.0000320131,400000,20260824,192,0.0129127453,0.0020793578,parity_forward
daily,IWM,2026-08-18,1530,essvi_g05,ok,,3M,0.2500000000,false,false,302.4047728108,302.3429240530,-0.0002045231,0.0002079330,-0.9836007764,32768,20260824,104,3.0000000000,true,0.9836007764,302.4004824938,-0.0000141873,0.0000616717,400000,20260824,192,0.0267391876,0.0029458965,parity_forward
daily,IWM,2026-08-18,1530,essvi_g05,ok,,6M,0.5000000000,false,false,304.7679339046,304.7971260888,0.0000957850,0.0002499560,0.3832072716,32768,20260824,104,3.0000000000,true,0.9836007764,304.7581807444,-0.0000320019,0.0000736717,400000,20260824,192,0.0289379683,0.0050992371,parity_forward
daily,IWM,2026-08-18,1530,essvi_gfree,ok,,1M,0.0833333333,false,false,300.7134122705,300.7235160285,0.0000335993,0.0001085422,0.3095504949,32768,20260824,104,3.0000000000,true,1.0222319786,300.7107819902,-0.0000087468,0.0000314627,400000,20260824,192,0.0129127453,0.0020793578,parity_forward
daily,IWM,2026-08-18,1530,essvi_gfree,ok,,3M,0.2500000000,false,false,302.4047728108,302.3406328963,-0.0002120995,0.0002074867,-1.0222319786,32768,20260824,104,3.0000000000,true,1.0222319786,302.3994298121,-0.0000176684,0.0000616527,400000,20260824,192,0.0267391876,0.0029458965,parity_forward
daily,IWM,2026-08-18,1530,essvi_gfree,ok,,6M,0.5000000000,false,false,304.7679339046,304.7963240698,0.0000931534,0.0002482410,0.3752538214,32768,20260824,104,3.0000000000,true,1.0222319786,304.7581071988,-0.0000322432,0.0000733705,400000,20260824,192,0.0289379683,0.0050992371,parity_forward
daily,IWM,2026-08-18,1530,essvi_sg05,ok,,1M,0.0833333333,false,false,300.7134122705,300.7226597602,0.0000307518,0.0001055549,0.2913351162,32768,20260824,104,3.0000000000,true,1.0098356545,300.7098192334,-0.0000119484,0.0000311575,400000,20260824,192,0.0129127453,0.0020793578,parity_forward
daily,IWM,2026-08-18,1530,essvi_sg05,ok,,3M,0.2500000000,false,false,302.4047728108,302.3428840904,-0.0002046552,0.0002026619,-1.0098356545,32768,20260824,104,3.0000000000,true,1.0098356545,302.3988587430,-0.0000195568,0.0000601958,400000,20260824,192,0.0267391876,0.0029458965,parity_forward
daily,IWM,2026-08-18,1530,essvi_sg05,ok,,6M,0.5000000000,false,false,304.7679339046,304.7872008177,0.0000632183,0.0002590991,0.2439927395,32768,20260824,104,3.0000000000,true,1.0098356545,304.7547788073,-0.0000431643,0.0000762477,400000,20260824,192,0.0289379683,0.0050992371,parity_forward
daily,IWM,2026-08-19,1530,svi,ok,,1M,0.0833333333,false,false,301.7098385963,301.7061380796,-0.0000122652,0.0000730233,-0.1679621733,32768,20260824,104,3.0000000000,true,1.0236038152,301.7028893317,-0.0000230329,0.0000271191,400000,20260824,192,0.0115333820,0.0021862255,parity_forward
daily,IWM,2026-08-19,1530,svi,ok,,3M,0.2500000000,false,false,303.4989737147,303.4768625141,-0.0000728543,0.0001487991,-0.4896151457,32768,20260824,104,3.0000000000,true,1.0236038152,303.4897138910,-0.0000305102,0.0000478881,400000,20260824,192,0.0274943520,0.0027321419,parity_forward
daily,IWM,2026-08-19,1530,svi,ok,,6M,0.5000000000,false,false,305.6125187337,305.6726929922,0.0001968972,0.0001923569,1.0236038152,32768,20260824,104,3.0000000000,true,1.0236038152,305.5965500468,-0.0000522514,0.0000598965,400000,20260824,192,0.0276267598,0.0057090735,parity_forward
daily,IWM,2026-08-19,1530,ssvi,ok,,1M,0.0833333333,false,false,301.7098385963,301.7007351381,-0.0000301729,0.0000777275,-0.3881881822,32768,20260824,104,3.0000000000,true,1.4528172117,301.7056052141,-0.0000140313,0.0000242782,400000,20260824,192,0.0115333820,0.0021862255,parity_forward
daily,IWM,2026-08-19,1530,ssvi,ok,,3M,0.2500000000,false,false,303.4989737147,303.4389777035,-0.0001976811,0.0001360674,-1.4528172117,32768,20260824,104,3.0000000000,true,1.4528172117,303.4967929361,-0.0000071855,0.0000399390,400000,20260824,192,0.0274943520,0.0027321419,parity_forward
daily,IWM,2026-08-19,1530,ssvi,ok,,6M,0.5000000000,false,false,305.6125187337,305.6371309569,0.0000805341,0.0001723145,0.4673667875,32768,20260824,104,3.0000000000,true,1.4528172117,305.6062064730,-0.0000206545,0.0000505357,400000,20260824,192,0.0276267598,0.0057090735,parity_forward
daily,IWM,2026-08-19,1530,essvi,ok,,1M,0.0833333333,false,false,301.7098385963,301.7044254351,-0.0000179416,0.0000791457,-0.2266910816,32768,20260824,104,3.0000000000,true,1.5398547833,301.7030744952,-0.0000224192,0.0000262801,400000,20260824,192,0.0115333820,0.0021862255,parity_forward
daily,IWM,2026-08-19,1530,essvi,ok,,3M,0.2500000000,false,false,303.4989737147,303.4145538257,-0.0002781554,0.0001806374,-1.5398547833,32768,20260824,104,3.0000000000,true,1.5398547833,303.4948741622,-0.0000135076,0.0000537531,400000,20260824,192,0.0274943520,0.0027321419,parity_forward
daily,IWM,2026-08-19,1530,essvi,ok,,6M,0.5000000000,false,false,305.6125187337,305.6186408549,0.0000200323,0.0002231445,0.0897727729,32768,20260824,104,3.0000000000,true,1.5398547833,305.6098293549,-0.0000088000,0.0000658738,400000,20260824,192,0.0276267598,0.0057090735,parity_forward
daily,IWM,2026-08-19,1530,essvi_g05,ok,,1M,0.0833333333,false,false,301.7098385963,301.7059963000,-0.0000127351,0.0000725053,-0.1756434303,32768,20260824,104,3.0000000000,true,1.6067330623,301.7017671533,-0.0000267523,0.0000273516,400000,20260824,192,0.0115333820,0.0021862255,parity_forward
daily,IWM,2026-08-19,1530,essvi_g05,ok,,3M,0.2500000000,false,false,303.4989737147,303.4032398175,-0.0003154340,0.0001963201,-1.6067330623,32768,20260824,104,3.0000000000,true,1.6067330623,303.4955782465,-0.0000111877,0.0000591747,400000,20260824,192,0.0274943520,0.0027321419,parity_forward
daily,IWM,2026-08-19,1530,essvi_g05,ok,,6M,0.5000000000,false,false,305.6125187337,305.6055994038,-0.0000226409,0.0002356712,-0.0960696854,32768,20260824,104,3.0000000000,true,1.6067330623,305.6103326846,-0.0000071530,0.0000704548,400000,20260824,192,0.0276267598,0.0057090735,parity_forward
daily,IWM,2026-08-19,1530,essvi_gfree,ok,,1M,0.0833333333,false,false,301.7098385963,301.7063026823,-0.0000117196,0.0000727037,-0.1611965900,32768,20260824,104,3.0000000000,true,1.5998776118,301.7014597369,-0.0000277713,0.0000269791,400000,20260824,192,0.0115333820,0.0021862255,parity_forward
daily,IWM,2026-08-19,1530,essvi_gfree,ok,,3M,0.2500000000,false,false,303.4989737147,303.4036454304,-0.0003140976,0.0001963260,-1.5998776118,32768,20260824,104,3.0000000000,true,1.5998776118,303.4952739384,-0.0000121904,0.0000590334,400000,20260824,192,0.0274943520,0.0027321419,parity_forward
daily,IWM,2026-08-19,1530,essvi_gfree,ok,,6M,0.5000000000,false,false,305.6125187337,305.6073832699,-0.0000168038,0.0002354081,-0.0713817554,32768,20260824,104,3.0000000000,true,1.5998776118,305.6102617006,-0.0000073853,0.0000702727,400000,20260824,192,0.0276267598,0.0057090735,parity_forward
daily,IWM,2026-08-19,1530,essvi_sg05,ok,,1M,0.0833333333,false,false,301.7098385963,301.7078479178,-0.0000065980,0.0000740668,-0.0890815734,32768,20260824,104,3.0000000000,true,1.4975984373,301.7014293097,-0.0000278721,0.0000269073,400000,20260824,192,0.0115333820,0.0021862255,parity_forward
daily,IWM,2026-08-19,1530,essvi_sg05,ok,,3M,0.2500000000,false,false,303.4989737147,303.4082456255,-0.0002989403,0.0001996132,-1.4975984373,32768,20260824,104,3.0000000000,true,1.4975984373,303.4930847598,-0.0000194035,0.0000600027,400000,20260824,192,0.0274943520,0.0027321419,parity_forward
daily,IWM,2026-08-19,1530,essvi_sg05,ok,,6M,0.5000000000,false,false,305.6125187337,305.6106599675,-0.0000060821,0.0002511994,-0.0242122471,32768,20260824,104,3.0000000000,true,1.4975984373,305.6122355946,-0.0000009265,0.0000747914,400000,20260824,192,0.0276267598,0.0057090735,parity_forward
daily,IWM,2026-08-20,1530,svi,ok,,1M,0.0833333333,false,false,297.8177280534,297.8217162182,0.0000133913,0.0001024821,0.1306696102,32768,20260824,104,3.0000000000,true,0.6699991809,297.8174670848,-0.0000008763,0.0000326356,400000,20260824,192,0.0069617681,0.0025597710,parity_forward
daily,IWM,2026-08-20,1530,svi,ok,,3M,0.2500000000,false,false,299.5747122347,299.5394873206,-0.0001175831,0.0001754973,-0.6699991809,32768,20260824,104,3.0000000000,true,0.6699991809,299.5747172769,0.0000000168,0.0000530745,400000,20260824,192,0.0258493671,0.0031441935,parity_forward
daily,IWM,2026-08-20,1530,svi,ok,,6M,0.5000000000,false,false,301.5565737980,301.5939467165,0.0001239334,0.0002078314,0.5963167945,32768,20260824,104,3.0000000000,true,0.6699991809,301.5525772329,-0.0000132531,0.0000623815,400000,20260824,192,0.0261122770,0.0064709265,parity_forward
daily,IWM,2026-08-20,1530,ssvi,ok,,1M,0.0833333333,false,false,297.8177280534,297.8112363737,-0.0000217975,0.0000831412,-0.2621743105,32768,20260824,104,3.0000000000,true,1.3438503795,297.8114237132,-0.0000211685,0.0000253186,400000,20260824,192,0.0069617681,0.0025597710,parity_forward
daily,IWM,2026-08-20,1530,ssvi,ok,,3M,0.2500000000,false,false,299.5747122347,299.5203029192,-0.0001816219,0.0001351504,-1.3438503795,32768,20260824,104,3.0000000000,true,1.3438503795,299.5673079501,-0.0000247160,0.0000396586,400000,20260824,192,0.0258493671,0.0031441935,parity_forward
daily,IWM,2026-08-20,1530,ssvi,ok,,6M,0.5000000000,false,false,301.5565737980,301.5782220253,0.0000717883,0.0001682691,0.4266278526,32768,20260824,104,3.0000000000,true,1.3438503795,301.5435884324,-0.0000430611,0.0000493129,400000,20260824,192,0.0261122770,0.0064709265,parity_forward
daily,IWM,2026-08-20,1530,essvi,ok,,1M,0.0833333333,false,false,297.8177280534,297.8077854914,-0.0000333847,0.0001023658,-0.3261316770,32768,20260824,104,3.0000000000,true,1.4093150480,297.8080919304,-0.0000323558,0.0000308252,400000,20260824,192,0.0069617681,0.0025597710,parity_forward
daily,IWM,2026-08-20,1530,essvi,ok,,3M,0.2500000000,false,false,299.5747122347,299.4931639918,-0.0002722134,0.0001931530,-1.4093150480,32768,20260824,104,3.0000000000,true,1.4093150480,299.5643757606,-0.0000345038,0.0000568566,400000,20260824,192,0.0258493671,0.0031441935,parity_forward
daily,IWM,2026-08-20,1530,essvi,ok,,6M,0.5000000000,false,false,301.5565737980,301.5812157977,0.0000817160,0.0002427220,0.3366650681,32768,20260824,104,3.0000000000,true,1.4093150480,301.5428759086,-0.0000454239,0.0000696645,400000,20260824,192,0.0261122770,0.0064709265,parity_forward
daily,IWM,2026-08-20,1530,essvi_g05,ok,,1M,0.0833333333,false,false,297.8177280534,297.8078298018,-0.0000332359,0.0000972031,-0.3419225439,32768,20260824,104,3.0000000000,true,1.5946899807,297.8069238957,-0.0000362778,0.0000302680,400000,20260824,192,0.0069617681,0.0025597710,parity_forward
daily,IWM,2026-08-20,1530,essvi_g05,ok,,3M,0.2500000000,false,false,299.5747122347,299.4779050585,-0.0003231487,0.0002026404,-1.5946899807,32768,20260824,104,3.0000000000,true,1.5946899807,299.5637339712,-0.0000366462,0.0000591002,400000,20260824,192,0.0258493671,0.0031441935,parity_forward
daily,IWM,2026-08-20,1530,essvi_g05,ok,,6M,0.5000000000,false,false,301.5565737980,301.5692177862,0.0000419291,0.0002436392,0.1720949162,32768,20260824,104,3.0000000000,true,1.5946899807,301.5443201607,-0.0000406346,0.0000698461,400000,20260824,192,0.0261122770,0.0064709265,parity_forward
daily,IWM,2026-08-20,1530,essvi_gfree,ok,,1M,0.0833333333,false,false,297.8177280534,297.8067796915,-0.0000367620,0.0000950649,-0.3867038399,32768,20260824,104,3.0000000000,true,1.6490565160,297.8072139132,-0.0000353039,0.0000306311,400000,20260824,192,0.0069617681,0.0025597710,parity_forward
daily,IWM,2026-08-20,1530,essvi_gfree,ok,,3M,0.2500000000,false,false,299.5747122347,299.4651441765,-0.0003657454,0.0002217907,-1.6490565160,32768,20260824,104,3.0000000000,true,1.6490565160,299.5662066882,-0.0000283921,0.0000629743,400000,20260824,192,0.0258493671,0.0031441935,parity_forward
daily,IWM,2026-08-20,1530,essvi_gfree,ok,,6M,0.5000000000,false,false,301.5565737980,301.5526643510,-0.0000129642,0.0002588381,-0.0500862206,32768,20260824,104,3.0000000000,true,1.6490565160,301.5445379395,-0.0000399124,0.0000731681,400000,20260824,192,0.0261122770,0.0064709265,parity_forward
daily,IWM,2026-08-20,1530,essvi_sg05,ok,,1M,0.0833333333,false,false,297.8177280534,297.8077214440,-0.0000335998,0.0001018949,-0.3297493488,32768,20260824,104,3.0000000000,true,1.5926381333,297.8066158234,-0.0000373122,0.0000308279,400000,20260824,192,0.0069617681,0.0025597710,parity_forward
daily,IWM,2026-08-20,1530,essvi_sg05,ok,,3M,0.2500000000,false,false,299.5747122347,299.4623477864,-0.0003750799,0.0002355085,-1.5926381333,32768,20260824,104,3.0000000000,true,1.5926381333,299.5642128877,-0.0000350475,0.0000665695,400000,20260824,192,0.0258493671,0.0031441935,parity_forward
daily,IWM,2026-08-20,1530,essvi_sg05,ok,,6M,0.5000000000,false,false,301.5565737980,301.5547977545,-0.0000058896,0.0002824692,-0.0208503635,32768,20260824,104,3.0000000000,true,1.5926381333,301.5468365300,-0.0000322900,0.0000786397,400000,20260824,192,0.0261122770,0.0064709265,parity_forward
daily,IWM,2026-08-21,1530,svi,ok,,1M,0.0833333333,false,false,300.2490478640,300.2375422926,-0.0000383201,0.0001093614,-0.3503987184,32768,20260824,104,3.0000000000,true,1.0720203413,300.2421976575,-0.0000228151,0.0000268586,400000,20260824,192,0.0059584484,0.0026685846,parity_forward
daily,IWM,2026-08-21,1530,svi,ok,,3M,0.2500000000,false,false,302.0511645259,301.9909367879,-0.0001993958,0.0001860000,-1.0720203413,32768,20260824,104,3.0000000000,true,1.0720203413,302.0454240873,-0.0000190049,0.0000457436,400000,20260824,192,0.0259226782,0.0031494370,parity_forward
daily,IWM,2026-08-21,1530,svi,ok,,6M,0.5000000000,false,false,304.0067099225,304.0358323771,0.0000957954,0.0002264847,0.4229664846,32768,20260824,104,3.0000000000,true,1.0720203413,303.9855097490,-0.0000697359,0.0000589995,400000,20260824,192,0.0258680417,0.0065938418,parity_forward
daily,IWM,2026-08-21,1530,ssvi,ok,,1M,0.0833333333,false,false,300.2490478640,300.2411089502,-0.0000264411,0.0000961470,-0.2750069531,32768,20260824,104,3.0000000000,true,1.5374558197,300.2429313393,-0.0000203715,0.0000243154,400000,20260824,192,0.0059584484,0.0026685846,parity_forward
daily,IWM,2026-08-21,1530,ssvi,ok,,3M,0.2500000000,false,false,302.0511645259,301.9827465526,-0.0002265112,0.0001473286,-1.5374558197,32768,20260824,104,3.0000000000,true,1.5374558197,302.0452761986,-0.0000194945,0.0000391311,400000,20260824,192,0.0259226782,0.0031494370,parity_forward
daily,IWM,2026-08-21,1530,ssvi,ok,,6M,0.5000000000,false,false,304.0067099225,304.0134286903,0.0000221007,0.0001802360,0.1226210131,32768,20260824,104,3.0000000000,true,1.5374558197,303.9925535098,-0.0000465661,0.0000493312,400000,20260824,192,0.0258680417,0.0065938418,parity_forward
daily,IWM,2026-08-21,1530,essvi,ok,,1M,0.0833333333,false,false,300.2490478640,300.2446827341,-0.0000145384,0.0001196842,-0.1214727000,32768,20260824,104,3.0000000000,true,1.4625906488,300.2408758174,-0.0000272176,0.0000291097,400000,20260824,192,0.0059584484,0.0026685846,parity_forward
daily,IWM,2026-08-21,1530,essvi,ok,,3M,0.2500000000,false,false,302.0511645259,301.9596713101,-0.0003029064,0.0002071026,-1.4625906488,32768,20260824,104,3.0000000000,true,1.4625906488,302.0414794282,-0.0000320644,0.0000560915,400000,20260824,192,0.0259226782,0.0031494370,parity_forward
daily,IWM,2026-08-21,1530,essvi,ok,,6M,0.5000000000,false,false,304.0067099225,303.9860502922,-0.0000679578,0.0002452706,-0.2770727373,32768,20260824,104,3.0000000000,true,1.4625906488,303.9951256714,-0.0000381052,0.0000680392,400000,20260824,192,0.0258680417,0.0065938418,parity_forward
daily,IWM,2026-08-21,1530,essvi_g05,ok,,1M,0.0833333333,false,false,300.2490478640,300.2497109331,0.0000022084,0.0001201507,0.0183802311,32768,20260824,104,3.0000000000,true,1.5113310844,300.2406900610,-0.0000278362,0.0000286023,400000,20260824,192,0.0059584484,0.0026685846,parity_forward
daily,IWM,2026-08-21,1530,essvi_g05,ok,,3M,0.2500000000,false,false,302.0511645259,301.9522767334,-0.0003273876,0.0002166220,-1.5113310844,32768,20260824,104,3.0000000000,true,1.5113310844,302.0366081336,-0.0000481918,0.0000597174,400000,20260824,192,0.0259226782,0.0031494370,parity_forward
daily,IWM,2026-08-21,1530,essvi_g05,ok,,6M,0.5000000000,false,false,304.0067099225,303.9711566900,-0.0001169488,0.0002560626,-0.4567196500,32768,20260824,104,3.0000000000,true,1.5113310844,303.9908215169,-0.0000522633,0.0000711697,400000,20260824,192,0.0258680417,0.0065938418,parity_forward
daily,IWM,2026-08-21,1530,essvi_gfree,ok,,1M,0.0833333333,false,false,300.2490478640,300.2489425019,-0.0000003509,0.0001188666,-0.0029521818,32768,20260824,104,3.0000000000,true,1.5460763777,300.2403064181,-0.0000291140,0.0000283780,400000,20260824,192,0.0059584484,0.0026685846,parity_forward
daily,IWM,2026-08-21,1530,essvi_gfree,ok,,3M,0.2500000000,false,false,302.0511645259,301.9497860660,-0.0003356334,0.0002170872,-1.5460763777,32768,20260824,104,3.0000000000,true,1.5460763777,302.0361779324,-0.0000496161,0.0000598360,400000,20260824,192,0.0259226782,0.0031494370,parity_forward
daily,IWM,2026-08-21,1530,essvi_gfree,ok,,6M,0.5000000000,false,false,304.0067099225,303.9713608645,-0.0001162772,0.0002543375,-0.4571768506,32768,20260824,104,3.0000000000,true,1.5460763777,303.9903092971,-0.0000539482,0.0000708758,400000,20260824,192,0.0258680417,0.0065938418,parity_forward
daily,IWM,2026-08-21,1530,essvi_sg05,ok,,1M,0.0833333333,false,false,300.2490478640,300.2497312948,0.0000022762,0.0001313923,0.0173237883,32768,20260824,104,3.0000000000,true,1.4580010246,300.2414122049,-0.0000254311,0.0000305648,400000,20260824,192,0.0059584484,0.0026685846,parity_forward
daily,IWM,2026-08-21,1530,essvi_sg05,ok,,3M,0.2500000000,false,false,302.0511645259,301.9501375965,-0.0003344696,0.0002294029,-1.4580010246,32768,20260824,104,3.0000000000,true,1.4580010246,302.0357401009,-0.0000510656,0.0000626024,400000,20260824,192,0.0259226782,0.0031494370,parity_forward
daily,IWM,2026-08-21,1530,essvi_sg05,ok,,6M,0.5000000000,false,false,304.0067099225,303.9809215346,-0.0000848284,0.0002736574,-0.3099801242,32768,20260824,104,3.0000000000,true,1.4580010246,303.9929947034,-0.0000451149,0.0000762788,400000,20260824,192,0.0258680417,0.0065938418,parity_forward
daily,IWM,2026-08-24,1538,svi,ok,,1M,0.0833333333,false,false,298.2608182735,298.2652665275,0.0000149140,0.0000937242,0.1591261723,32768,20260824,104,3.0000000000,true,1.0528198436,298.2612128687,0.0000013230,0.0000275896,400000,20260824,192,0.0044594070,0.0027938459,parity_forward
daily,IWM,2026-08-24,1538,svi,ok,,3M,0.2500000000,false,false,300.0124709183,299.9576474356,-0.0001827373,0.0001735694,-1.0528198436,32768,20260824,104,3.0000000000,true,1.0528198436,300.0143894900,0.0000063950,0.0000477924,400000,20260824,192,0.0249093118,0.0034284528,parity_forward
daily,IWM,2026-08-24,1538,svi,ok,,6M,0.5000000000,false,false,302.1931478946,302.2045004824,0.0000375673,0.0002103242,0.1786163049,32768,20260824,104,3.0000000000,true,1.0528198436,302.1864880088,-0.0000220385,0.0000587962,400000,20260824,192,0.0269393199,0.0061049623,parity_forward
daily,IWM,2026-08-24,1538,ssvi,ok,,1M,0.0833333333,false,false,298.2608182735,298.2458581807,-0.0000501578,0.0000903879,-0.5549168530,32768,20260824,104,3.0000000000,true,1.5047036359,298.2604877587,-0.0000011081,0.0000249889,400000,20260824,192,0.0044594070,0.0027938459,parity_forward
daily,IWM,2026-08-24,1538,ssvi,ok,,3M,0.2500000000,false,false,300.0124709183,299.9481942078,-0.0002142468,0.0001423847,-1.5047036359,32768,20260824,104,3.0000000000,true,1.5047036359,300.0141234523,0.0000055082,0.0000395857,400000,20260824,192,0.0249093118,0.0034284528,parity_forward
daily,IWM,2026-08-24,1538,ssvi,ok,,6M,0.5000000000,false,false,302.1931478946,302.2166064456,0.0000776277,0.0001752158,0.4430403217,32768,20260824,104,3.0000000000,true,1.5047036359,302.1911559308,-0.0000065917,0.0000494393,400000,20260824,192,0.0269393199,0.0061049623,parity_forward
daily,IWM,2026-08-24,1538,essvi,ok,,1M,0.0833333333,false,false,298.2608182735,298.2485695542,-0.0000410671,0.0001128321,-0.3639669720,32768,20260824,104,3.0000000000,true,1.1703940313,298.2572262775,-0.0000120431,0.0000298966,400000,20260824,192,0.0044594070,0.0027938459,parity_forward
daily,IWM,2026-08-24,1538,essvi,ok,,3M,0.2500000000,false,false,300.0124709183,299.9410785928,-0.0002379645,0.0002033200,-1.1703940313,32768,20260824,104,3.0000000000,true,1.1703940313,300.0076044831,-0.0000162208,0.0000559253,400000,20260824,192,0.0249093118,0.0034284528,parity_forward
daily,IWM,2026-08-24,1538,essvi,ok,,6M,0.5000000000,false,false,302.1931478946,302.2030579102,0.0000327936,0.0002423995,0.1352876217,32768,20260824,104,3.0000000000,true,1.1703940313,302.1959687299,0.0000093345,0.0000663427,400000,20260824,192,0.0269393199,0.0061049623,parity_forward
daily,IWM,2026-08-24,1538,essvi_g05,ok,,1M,0.0833333333,false,false,298.2608182735,298.2582771280,-0.0000085199,0.0001160069,-0.0734428478,32768,20260824,104,3.0000000000,true,0.6931730310,298.2554233752,-0.0000180879,0.0000298634,400000,20260824,192,0.0044594070,0.0027938459,parity_forward
daily,IWM,2026-08-24,1538,essvi_g05,ok,,3M,0.2500000000,false,false,300.0124709183,299.9673005716,-0.0001505616,0.0002172063,-0.6931730310,32768,20260824,104,3.0000000000,true,0.6931730310,300.0016553016,-0.0000360506,0.0000603409,400000,20260824,192,0.0249093118,0.0034284528,parity_forward
daily,IWM,2026-08-24,1538,essvi_g05,ok,,6M,0.5000000000,false,false,302.1931478946,302.2390300704,0.0001518306,0.0002614209,0.5807898412,32768,20260824,104,3.0000000000,true,0.6931730310,302.1958029656,0.0000087860,0.0000723869,400000,20260824,192,0.0269393199,0.0061049623,parity_forward
daily,IWM,2026-08-24,1538,essvi_gfree,ok,,1M,0.0833333333,false,false,298.2608182735,298.2581999996,-0.0000087785,0.0001161058,-0.0756075224,32768,20260824,104,3.0000000000,true,0.6835315945,298.2554189902,-0.0000181026,0.0000298998,400000,20260824,192,0.0044594070,0.0027938459,parity_forward
daily,IWM,2026-08-24,1538,essvi_gfree,ok,,3M,0.2500000000,false,false,300.0124709183,299.9678726222,-0.0001486548,0.0002174805,-0.6835315945,32768,20260824,104,3.0000000000,true,0.6835315945,300.0016178922,-0.0000361752,0.0000604307,400000,20260824,192,0.0249093118,0.0034284528,parity_forward
daily,IWM,2026-08-24,1538,essvi_gfree,ok,,6M,0.5000000000,false,false,302.1931478946,302.2396475120,0.0001538738,0.0002630064,0.5850574301,32768,20260824,104,3.0000000000,true,0.6835315945,302.1961795488,0.0000100322,0.0000728055,400000,20260824,192,0.0269393199,0.0061049623,parity_forward
daily,IWM,2026-08-24,1538,essvi_sg05,ok,,1M,0.0833333333,false,false,298.2608182735,298.2646173789,0.0000127375,0.0001229279,0.1036178321,32768,20260824,104,3.0000000000,true,0.6574461277,298.2561774877,-0.0000155595,0.0000314405,400000,20260824,192,0.0044594070,0.0027938459,parity_forward
daily,IWM,2026-08-24,1538,essvi_sg05,ok,,3M,0.2500000000,false,false,300.0124709183,299.9664865789,-0.0001532748,0.0002331366,-0.6574461277,32768,20260824,104,3.0000000000,true,0.6574461277,300.0003590639,-0.0000403712,0.0000648123,400000,20260824,192,0.0249093118,0.0034284528,parity_forward
daily,IWM,2026-08-24,1538,essvi_sg05,ok,,6M,0.5000000000,false,false,302.1931478946,302.2438829461,0.0001678895,0.0002854439,0.5881697612,32768,20260824,104,3.0000000000,true,0.6574461277,302.1925699991,-0.0000019123,0.0000782778,400000,20260824,192,0.0269393199,0.0061049623,parity_forward
daily,IWM,2026-08-25,1530,svi,ok,,1M,0.0833333333,false,false,298.8475745872,298.8419187889,-0.0000189254,0.0000707281,-0.2675790487,32768,20260824,104,3.0000000000,true,1.0259268288,298.8464984940,-0.0000036008,0.0000293860,400000,20260824,192,0.0055254762,0.0026964335,parity_forward
daily,IWM,2026-08-25,1530,svi,ok,,3M,0.2500000000,false,false,300.6748435051,300.6298812046,-0.0001495380,0.0001457589,-1.0259268288,32768,20260824,104,3.0000000000,true,1.0259268288,300.6745166295,-0.0000010871,0.0000483718,400000,20260824,192,0.0262248946,0.0030740508,parity_forward
daily,IWM,2026-08-25,1530,svi,ok,,6M,0.5000000000,false,false,302.9241194607,302.9484519276,0.0000803253,0.0001853826,0.4332946822,32768,20260824,104,3.0000000000,true,1.0259268288,302.9180663580,-0.0000199822,0.0000588613,400000,20260824,192,0.0280182805,0.0056108495,parity_forward
daily,IWM,2026-08-25,1530,ssvi,ok,,1M,0.0833333333,false,false,298.8475745872,298.8394963110,-0.0000270314,0.0000738992,-0.3657878506,32768,20260824,104,3.0000000000,true,1.5136616315,298.8485128658,0.0000031397,0.0000251056,400000,20260824,192,0.0055254762,0.0026964335,parity_forward
daily,IWM,2026-08-25,1530,ssvi,ok,,3M,0.2500000000,false,false,300.6748435051,300.6144717396,-0.0002007876,0.0001326502,-1.5136616315,32768,20260824,104,3.0000000000,true,1.5136616315,300.6762249565,0.0000045945,0.0000399165,400000,20260824,192,0.0262248946,0.0030740508,parity_forward
daily,IWM,2026-08-25,1530,ssvi,ok,,6M,0.5000000000,false,false,302.9241194607,302.9538220877,0.0000980530,0.0001687013,0.5812226664,32768,20260824,104,3.0000000000,true,1.5136616315,302.9242697168,0.0000004960,0.0000502931,400000,20260824,192,0.0280182805,0.0056108495,parity_forward
daily,IWM,2026-08-25,1530,essvi,ok,,1M,0.0833333333,false,false,298.8475745872,298.8407697513,-0.0000227703,0.0000933911,-0.2438160918,32768,20260824,104,3.0000000000,true,1.0962175834,298.8492676357,0.0000056653,0.0000296349,400000,20260824,192,0.0055254762,0.0026964335,parity_forward
daily,IWM,2026-08-25,1530,essvi,ok,,3M,0.2500000000,false,false,300.6748435051,300.6129043854,-0.0002060003,0.0001879192,-1.0962175834,32768,20260824,104,3.0000000000,true,1.0962175834,300.6740635277,-0.0000025941,0.0000559154,400000,20260824,192,0.0262248946,0.0030740508,parity_forward
daily,IWM,2026-08-25,1530,essvi,ok,,6M,0.5000000000,false,false,302.9241194607,302.9686998240,0.0001471668,0.0002295814,0.6410221193,32768,20260824,104,3.0000000000,true,1.0962175834,302.9380300815,0.0000459211,0.0000684253,400000,20260824,192,0.0280182805,0.0056108495,parity_forward
daily,IWM,2026-08-25,1530,essvi_g05,ok,,1M,0.0833333333,false,false,298.8475745872,298.8492565792,0.0000056283,0.0000954093,0.0589906982,32768,20260824,104,3.0000000000,true,0.8927602542,298.8471716364,-0.0000013483,0.0000291212,400000,20260824,192,0.0055254762,0.0026964335,parity_forward
daily,IWM,2026-08-25,1530,essvi_g05,ok,,3M,0.2500000000,false,false,300.6748435051,300.6332554475,-0.0001383157,0.0001999414,-0.6917813309,32768,20260824,104,3.0000000000,true,0.8927602542,300.6682023765,-0.0000220874,0.0000602417,400000,20260824,192,0.0262248946,0.0030740508,parity_forward
daily,IWM,2026-08-25,1530,essvi_g05,ok,,6M,0.5000000000,false,false,302.9241194607,302.9886713640,0.0002130960,0.0002386934,0.8927602542,32768,20260824,104,3.0000000000,true,0.8927602542,302.9350291384,0.0000360146,0.0000718214,400000,20260824,192,0.0280182805,0.0056108495,parity_forward
daily,IWM,2026-08-25,1530,essvi_gfree,ok,,1M,0.0833333333,false,false,298.8475745872,298.8489256287,0.0000045208,0.0000955674,0.0473052282,32768,20260824,104,3.0000000000,true,0.8659431025,298.8470442546,-0.0000017746,0.0000291050,400000,20260824,192,0.0055254762,0.0026964335,parity_forward
daily,IWM,2026-08-25,1530,essvi_gfree,ok,,3M,0.2500000000,false,false,300.6748435051,300.6314745216,-0.0001442388,0.0002002744,-0.7202061046,32768,20260824,104,3.0000000000,true,0.8659431025,300.6682037310,-0.0000220829,0.0000602874,400000,20260824,192,0.0262248946,0.0030740508,parity_forward
daily,IWM,2026-08-25,1530,essvi_gfree,ok,,6M,0.5000000000,false,false,302.9241194607,302.9867600321,0.0002067863,0.0002387990,0.8659431025,32768,20260824,104,3.0000000000,true,0.8659431025,302.9347401390,0.0000350605,0.0000718224,400000,20260824,192,0.0280182805,0.0056108495,parity_forward
daily,IWM,2026-08-25,1530,essvi_sg05,ok,,1M,0.0833333333,false,false,298.8475745872,298.8517348425,0.0000139210,0.0000946122,0.1471374201,32768,20260824,104,3.0000000000,true,0.8448975221,298.8475110385,-0.0000002126,0.0000294527,400000,20260824,192,0.0055254762,0.0026964335,parity_forward
daily,IWM,2026-08-25,1530,essvi_sg05,ok,,3M,0.2500000000,false,false,300.6748435051,300.6266871420,-0.0001601609,0.0001991358,-0.8042800430,32768,20260824,104,3.0000000000,true,0.8448975221,300.6681270817,-0.0000223378,0.0000603450,400000,20260824,192,0.0262248946,0.0030740508,parity_forward
daily,IWM,2026-08-25,1530,essvi_sg05,ok,,6M,0.5000000000,false,false,302.9241194607,302.9875755716,0.0002094786,0.0002479337,0.8448975221,32768,20260824,104,3.0000000000,true,0.8448975221,302.9393208856,0.0000501823,0.0000749234,400000,20260824,192,0.0280182805,0.0056108495,parity_forward
daily,IWM,2026-08-26,1530,svi,ok,,1M,0.0833333333,false,false,299.1607413499,299.1653496787,0.0000154042,0.0000793008,0.1942501482,32768,20260824,104,3.0000000000,true,0.8567818311,299.1552756894,-0.0000182700,0.0000283139,400000,20260824,192,0.0020355206,0.0029880898,parity_forward
daily,IWM,2026-08-26,1530,svi,ok,,3M,0.2500000000,false,false,300.9795435855,300.9397487654,-0.0001322177,0.0001543190,-0.8567818311,32768,20260824,104,3.0000000000,true,0.8567818311,300.9735790444,-0.0000198171,0.0000480255,400000,20260824,192,0.0249236089,0.0033759845,parity_forward
daily,IWM,2026-08-26,1530,svi,ok,,6M,0.5000000000,false,false,303.2386622990,303.2612989802,0.0000746497,0.0002077450,0.3593333568,32768,20260824,104,3.0000000000,true,0.8567818311,303.2098311393,-0.0000950775,0.0000632338,400000,20260824,192,0.0274175222,0.0058636272,parity_forward
daily,IWM,2026-08-26,1530,ssvi,ok,,1M,0.0833333333,false,false,299.1607413499,299.1676798123,0.0000231931,0.0000783833,0.2958931792,32768,20260824,104,3.0000000000,true,1.1375516584,299.1569211458,-0.0000127697,0.0000242033,400000,20260824,192,0.0020355206,0.0029880898,parity_forward
daily,IWM,2026-08-26,1530,ssvi,ok,,3M,0.2500000000,false,false,300.9795435855,300.9341371954,-0.0001508620,0.0001326200,-1.1375516584,32768,20260824,104,3.0000000000,true,1.1375516584,300.9770419934,-0.0000083115,0.0000390239,400000,20260824,192,0.0249236089,0.0033759845,parity_forward
daily,IWM,2026-08-26,1530,ssvi,ok,,6M,0.5000000000,false,false,303.2386622990,303.2741616666,0.0001170674,0.0001674612,0.6990717899,32768,20260824,104,3.0000000000,true,1.1375516584,303.2325593938,-0.0000201257,0.0000491596,400000,20260824,192,0.0274175222,0.0058636272,parity_forward
daily,IWM,2026-08-26,1530,essvi,ok,,1M,0.0833333333,false,false,299.1607413499,299.1664696548,0.0000191479,0.0000996073,0.1922341199,32768,20260824,104,3.0000000000,true,1.4314232727,299.1592408771,-0.0000050156,0.0000354832,400000,20260824,192,0.0020355206,0.0029880898,parity_forward
daily,IWM,2026-08-26,1530,essvi,ok,,3M,0.2500000000,false,false,300.9795435855,300.8934504378,-0.0002860432,0.0001998313,-1.4314232727,32768,20260824,104,3.0000000000,true,1.4314232727,300.9812749757,0.0000057525,0.0000601260,400000,20260824,192,0.0249236089,0.0033759845,parity_forward
daily,IWM,2026-08-26,1530,essvi,ok,,6M,0.5000000000,false,false,303.2386622990,303.2580411630,0.0000639063,0.0002677229,0.2387031985,32768,20260824,104,3.0000000000,true,1.4314232727,303.2773709583,0.0001276508,0.0000789847,400000,20260824,192,0.0274175222,0.0058636272,parity_forward
daily,IWM,2026-08-26,1530,essvi_g05,ok,,1M,0.0833333333,false,false,299.1607413499,299.1683180121,0.0000253264,0.0000783458,0.3232643771,32768,20260824,104,3.0000000000,true,1.7743741711,299.1531838927,-0.0000252622,0.0000314608,400000,20260824,192,0.0020355206,0.0029880898,parity_forward
daily,IWM,2026-08-26,1530,essvi_g05,ok,,3M,0.2500000000,false,false,300.9795435855,300.8635606779,-0.0003853515,0.0002171760,-1.7743741711,32768,20260824,104,3.0000000000,true,1.7743741711,300.9775652310,-0.0000065731,0.0000631809,400000,20260824,192,0.0249236089,0.0033759845,parity_forward
daily,IWM,2026-08-26,1530,essvi_g05,ok,,6M,0.5000000000,false,false,303.2386622990,303.2236614313,-0.0000494688,0.0002632073,-0.1879463312,32768,20260824,104,3.0000000000,true,1.7743741711,303.2646544737,0.0000857152,0.0000766388,400000,20260824,192,0.0274175222,0.0058636272,parity_forward
daily,IWM,2026-08-26,1530,essvi_gfree,ok,,1M,0.0833333333,false,false,299.1607413499,299.1702035541,0.0000316292,0.0000788132,0.4013180455,32768,20260824,104,3.0000000000,true,1.7529060616,299.1530518862,-0.0000257035,0.0000313359,400000,20260824,192,0.0020355206,0.0029880898,parity_forward
daily,IWM,2026-08-26,1530,essvi_gfree,ok,,3M,0.2500000000,false,false,300.9795435855,300.8655522672,-0.0003787344,0.0002160609,-1.7529060616,32768,20260824,104,3.0000000000,true,1.7529060616,300.9760912917,-0.0000114702,0.0000623308,400000,20260824,192,0.0249236089,0.0033759845,parity_forward
daily,IWM,2026-08-26,1530,essvi_gfree,ok,,6M,0.5000000000,false,false,303.2386622990,303.2250562049,-0.0000448693,0.0002624382,-0.1709707772,32768,20260824,104,3.0000000000,true,1.7529060616,303.2628228276,0.0000796750,0.0000759870,400000,20260824,192,0.0274175222,0.0058636272,parity_forward
daily,IWM,2026-08-26,1530,essvi_sg05,ok,,1M,0.0833333333,false,false,299.1607413499,299.1666455412,0.0000197358,0.0000828458,0.2382239586,32768,20260824,104,3.0000000000,true,1.7680232215,299.1541178411,-0.0000221403,0.0000308735,400000,20260824,192,0.0020355206,0.0029880898,parity_forward
daily,IWM,2026-08-26,1530,essvi_sg05,ok,,3M,0.2500000000,false,false,300.9795435855,300.8593012067,-0.0003995035,0.0002259605,-1.7680232215,32768,20260824,104,3.0000000000,true,1.7680232215,300.9755841785,-0.0000131551,0.0000647016,400000,20260824,192,0.0249236089,0.0033759845,parity_forward
daily,IWM,2026-08-26,1530,essvi_sg05,ok,,6M,0.5000000000,false,false,303.2386622990,303.2206355766,-0.0000594473,0.0002719383,-0.2186058543,32768,20260824,104,3.0000000000,true,1.7680232215,303.2587745422,0.0000663248,0.0000782658,400000,20260824,192,0.0274175222,0.0058636272,parity_forward
daily,IWM,2026-08-27,1530,svi,ok,,1M,0.0833333333,false,false,300.0783224405,300.0962481326,0.0000597367,0.0000965630,0.6186292797,32768,20260824,104,3.0000000000,true,1.0790681070,300.0714706062,-0.0000228335,0.0000275762,400000,20260824,192,0.0019325487,0.0030050279,parity_forward
daily,IWM,2026-08-27,1530,svi,ok,,3M,0.2500000000,false,false,301.8652122014,301.8758177988,0.0000351336,0.0001687339,0.2082186972,32768,20260824,104,3.0000000000,true,1.0790681070,301.8535871330,-0.0000385108,0.0000492786,400000,20260824,192,0.0243925235,0.0034847688,parity_forward
daily,IWM,2026-08-27,1530,svi,ok,,6M,0.5000000000,false,false,304.0993401890,304.1677981789,0.0002251172,0.0002086219,1.0790681070,32768,20260824,104,3.0000000000,true,1.0790681070,304.0858444511,-0.0000443794,0.0000603285,400000,20260824,192,0.0269439106,0.0060525059,parity_forward
daily,IWM,2026-08-27,1530,ssvi,ok,,1M,0.0833333333,false,false,300.0783224405,300.0821988842,0.0000129181,0.0000772725,0.1671759864,32768,20260824,104,3.0000000000,true,1.0434947671,300.0747457072,-0.0000119193,0.0000238231,400000,20260824,192,0.0019325487,0.0030050279,parity_forward
daily,IWM,2026-08-27,1530,ssvi,ok,,3M,0.2500000000,false,false,301.8652122014,301.8235529848,-0.0001380060,0.0001322537,-1.0434947671,32768,20260824,104,3.0000000000,true,1.0434947671,301.8622534758,-0.0000098015,0.0000389285,400000,20260824,192,0.0243925235,0.0034847688,parity_forward
daily,IWM,2026-08-27,1530,ssvi,ok,,6M,0.5000000000,false,false,304.0993401890,304.1379791191,0.0001270602,0.0001676085,0.7580775066,32768,20260824,104,3.0000000000,true,1.0434947671,304.0909249576,-0.0000276726,0.0000492676,400000,20260824,192,0.0269439106,0.0060525059,parity_forward
daily,IWM,2026-08-27,1530,essvi,ok,,1M,0.0833333333,false,false,300.0783224405,300.0877413718,0.0000313882,0.0000927702,0.3383440595,32768,20260824,104,3.0000000000,true,0.6543246508,300.0714311612,-0.0000229649,0.0000278736,400000,20260824,192,0.0019325487,0.0030050279,parity_forward
daily,IWM,2026-08-27,1530,essvi,ok,,3M,0.2500000000,false,false,301.8652122014,301.8495541850,-0.0000518709,0.0002644169,-0.1961708704,32768,20260824,104,3.0000000000,true,0.6543246508,301.8525937333,-0.0000418017,0.0000763910,400000,20260824,192,0.0243925235,0.0034847688,parity_forward
daily,IWM,2026-08-27,1530,essvi,ok,,6M,0.5000000000,false,false,304.0993401890,304.1579143907,0.0001926154,0.0002943728,0.6543246508,32768,20260824,104,3.0000000000,true,0.6543246508,304.0977723829,-0.0000051556,0.0000839703,400000,20260824,192,0.0269439106,0.0060525059,parity_forward
daily,IWM,2026-08-27,1530,essvi_g05,ok,,1M,0.0833333333,false,false,300.0783224405,300.0901547210,0.0000394306,0.0000877046,0.4495847799,32768,20260824,104,3.0000000000,true,0.6706826128,300.0705427743,-0.0000259255,0.0000301622,400000,20260824,192,0.0019325487,0.0030050279,parity_forward
daily,IWM,2026-08-27,1530,essvi_g05,ok,,3M,0.2500000000,false,false,301.8652122014,301.8141904180,-0.0001690217,0.0002520145,-0.6706826128,32768,20260824,104,3.0000000000,true,0.6706826128,301.8550608972,-0.0000336286,0.0000716913,400000,20260824,192,0.0243925235,0.0034847688,parity_forward
daily,IWM,2026-08-27,1530,essvi_g05,ok,,6M,0.5000000000,false,false,304.0993401890,304.1233497465,0.0000789530,0.0002833731,0.2786186170,32768,20260824,104,3.0000000000,true,0.6706826128,304.1005038703,0.0000038266,0.0000798808,400000,20260824,192,0.0269439106,0.0060525059,parity_forward
daily,IWM,2026-08-27,1530,essvi_gfree,ok,,1M,0.0833333333,false,false,300.0783224405,300.0904435784,0.0000403932,0.0000871719,0.4633747695,32768,20260824,104,3.0000000000,true,0.6634803066,300.0705739834,-0.0000258214,0.0000300893,400000,20260824,192,0.0019325487,0.0030050279,parity_forward
daily,IWM,2026-08-27,1530,essvi_gfree,ok,,3M,0.2500000000,false,false,301.8652122014,301.8148757570,-0.0001667514,0.0002513283,-0.6634803066,32768,20260824,104,3.0000000000,true,0.6634803066,301.8551403391,-0.0000333654,0.0000715168,400000,20260824,192,0.0243925235,0.0034847688,parity_forward
daily,IWM,2026-08-27,1530,essvi_gfree,ok,,6M,0.5000000000,false,false,304.0993401890,304.1218272762,0.0000739465,0.0002825782,0.2616851546,32768,20260824,104,3.0000000000,true,0.6634803066,304.1002374199,0.0000029505,0.0000797631,400000,20260824,192,0.0269439106,0.0060525059,parity_forward
daily,IWM,2026-08-27,1530,essvi_sg05,ok,,1M,0.0833333333,false,false,300.0783224405,300.0893820624,0.0000368558,0.0000938646,0.3926483418,32768,20260824,104,3.0000000000,true,0.5585589050,300.0702781776,-0.0000268072,0.0000301188,400000,20260824,192,0.0019325487,0.0030050279,parity_forward
daily,IWM,2026-08-27,1530,essvi_sg05,ok,,3M,0.2500000000,false,false,301.8652122014,301.8236424202,-0.0001377097,0.0002531634,-0.5439560633,32768,20260824,104,3.0000000000,true,0.5585589050,301.8518347635,-0.0000443159,0.0000725739,400000,20260824,192,0.0243925235,0.0034847688,parity_forward
daily,IWM,2026-08-27,1530,essvi_sg05,ok,,6M,0.5000000000,false,false,304.0993401890,304.1505194587,0.0001682979,0.0003013073,0.5585589050,32768,20260824,104,3.0000000000,true,0.5585589050,304.1055369126,0.0000203773,0.0000843771,400000,20260824,192,0.0269439106,0.0060525059,parity_forward
daily,IWM,2026-08-31,1530,svi,ok,,1M,0.0833333333,false,false,293.3516248531,293.3694221834,0.0000606689,0.0000994709,0.6099162723,32768,20260824,104,3.0000000000,true,0.7153898748,293.3502809360,-0.0000045812,0.0000293337,400000,20260824,192,0.0004755419,0.0031598701,parity_forward
daily,IWM,2026-08-31,1530,svi,ok,,3M,0.2500000000,false,false,295.1013658892,295.0635803676,-0.0001280425,0.0001789828,-0.7153898748,32768,20260824,104,3.0000000000,true,0.7153898748,295.0996714405,-0.0000057419,0.0000499463,400000,20260824,192,0.0239462587,0.0037241496,parity_forward
daily,IWM,2026-08-31,1530,svi,ok,,6M,0.5000000000,false,false,297.2971128395,297.3411412008,0.0001480955,0.0002168092,0.6830681899,32768,20260824,104,3.0000000000,true,0.7153898748,297.2824853265,-0.0000492017,0.0000613858,400000,20260824,192,0.0267993457,0.0065343369,parity_forward
daily,IWM,2026-08-31,1530,ssvi,ok,,1M,0.0833333333,false,false,293.3516248531,293.3351638908,-0.0000561134,0.0000928638,-0.6042551881,32768,20260824,104,3.0000000000,true,1.4118632909,293.3522574041,0.0000021563,0.0000259003,400000,20260824,192,0.0004755419,0.0031598701,parity_forward
daily,IWM,2026-08-31,1530,ssvi,ok,,3M,0.2500000000,false,false,295.1013658892,295.0376071471,-0.0002160571,0.0001530298,-1.4118632909,32768,20260824,104,3.0000000000,true,1.4118632909,295.1060334203,0.0000158167,0.0000423189,400000,20260824,192,0.0239462587,0.0037241496,parity_forward
daily,IWM,2026-08-31,1530,ssvi,ok,,6M,0.5000000000,false,false,297.2971128395,297.3344196101,0.0001254865,0.0001903735,0.6591595911,32768,20260824,104,3.0000000000,true,1.4118632909,297.3005747355,0.0000116446,0.0000537436,400000,20260824,192,0.0267993457,0.0065343369,parity_forward
daily,IWM,2026-08-31,1530,essvi,ok,,1M,0.0833333333,false,false,293.3516248531,293.3363517852,-0.0000520640,0.0001235430,-0.4214242591,32768,20260824,104,3.0000000000,true,1.1884001499,293.3466129019,-0.0000170851,0.0000321685,400000,20260824,192,0.0004755419,0.0031598701,parity_forward
daily,IWM,2026-08-31,1530,essvi,ok,,3M,0.2500000000,false,false,295.1013658892,295.0268002251,-0.0002526781,0.0002126204,-1.1884001499,32768,20260824,104,3.0000000000,true,1.1884001499,295.0952299758,-0.0000207926,0.0000580709,400000,20260824,192,0.0239462587,0.0037241496,parity_forward
daily,IWM,2026-08-31,1530,essvi,ok,,6M,0.5000000000,false,false,297.2971128395,297.3056596613,0.0000287484,0.0002653401,0.1083455415,32768,20260824,104,3.0000000000,true,1.1884001499,297.3231595403,0.0000876117,0.0000732795,400000,20260824,192,0.0267993457,0.0065343369,parity_forward
daily,IWM,2026-08-31,1530,essvi_g05,ok,,1M,0.0833333333,false,false,293.3516248531,293.3216633563,-0.0001021351,0.0001341522,-0.7613376272,32768,20260824,104,3.0000000000,true,0.7613376272,293.3470023275,-0.0000157576,0.0000374116,400000,20260824,192,0.0004755419,0.0031598701,parity_forward
daily,IWM,2026-08-31,1530,essvi_g05,ok,,3M,0.2500000000,false,false,295.1013658892,295.0568898586,-0.0001507144,0.0002217346,-0.6797063087,32768,20260824,104,3.0000000000,true,0.7613376272,295.0913283855,-0.0000340137,0.0000627354,400000,20260824,192,0.0239462587,0.0037241496,parity_forward
daily,IWM,2026-08-31,1530,essvi_g05,ok,,6M,0.5000000000,false,false,297.2971128395,297.3459401094,0.0001642373,0.0002638726,0.6224112672,32768,20260824,104,3.0000000000,true,0.7613376272,297.3120622586,0.0000502844,0.0000746545,400000,20260824,192,0.0267993457,0.0065343369,parity_forward
daily,IWM,2026-08-31,1530,essvi_gfree,ok,,1M,0.0833333333,false,false,293.3516248531,293.3230563416,-0.0000973866,0.0001340091,-0.7267161435,32768,20260824,104,3.0000000000,true,0.7267161435,293.3463380392,-0.0000180221,0.0000372011,400000,20260824,192,0.0004755419,0.0031598701,parity_forward
daily,IWM,2026-08-31,1530,essvi_gfree,ok,,3M,0.2500000000,false,false,295.1013658892,295.0554551668,-0.0001555761,0.0002221555,-0.7003026942,32768,20260824,104,3.0000000000,true,0.7267161435,295.0913489054,-0.0000339442,0.0000627593,400000,20260824,192,0.0239462587,0.0037241496,parity_forward
daily,IWM,2026-08-31,1530,essvi_gfree,ok,,6M,0.5000000000,false,false,297.2971128395,297.3457988704,0.0001637622,0.0002653730,0.6171020046,32768,20260824,104,3.0000000000,true,0.7267161435,297.3119868757,0.0000500309,0.0000750296,400000,20260824,192,0.0267993457,0.0065343369,parity_forward
daily,IWM,2026-08-31,1530,essvi_sg05,ok,,1M,0.0833333333,false,false,293.3516248531,293.3158196013,-0.0001220557,0.0001436113,-0.8499036238,32768,20260824,104,3.0000000000,true,0.8499036238,293.3480555586,-0.0000121673,0.0000398993,400000,20260824,192,0.0004755419,0.0031598701,parity_forward
daily,IWM,2026-08-31,1530,essvi_sg05,ok,,3M,0.2500000000,false,false,295.1013658892,295.0491681318,-0.0001768808,0.0002411400,-0.7335188968,32768,20260824,104,3.0000000000,true,0.8499036238,295.0930142240,-0.0000283010,0.0000681453,400000,20260824,192,0.0239462587,0.0037241496,parity_forward
daily,IWM,2026-08-31,1530,essvi_sg05,ok,,6M,0.5000000000,false,false,297.2971128395,297.3571532221,0.0002019541,0.0002915970,0.6925795125,32768,20260824,104,3.0000000000,true,0.8499036238,297.3148462001,0.0000596486,0.0000822282,400000,20260824,192,0.0267993457,0.0065343369,parity_forward
daily,IWM,2026-09-01,1530,svi,ok,,1M,0.0833333333,false,false,290.7250911790,290.7361145091,0.0000379167,0.0001022331,0.3708845330,32768,20260824,104,3.0000000000,true,0.6767664404,290.7227822010,-0.0000079421,0.0000352865,400000,20260824,192,0.0008293143,0.0031393127,parity_forward
daily,IWM,2026-09-01,1530,svi,ok,,3M,0.2500000000,false,false,292.4115284508,292.3802320384,-0.0001070287,0.0001763996,-0.6067396560,32768,20260824,104,3.0000000000,true,0.6767664404,292.4110039042,-0.0000017939,0.0000544331,400000,20260824,192,0.0234125872,0.0038831942,parity_forward
daily,IWM,2026-09-01,1530,svi,ok,,6M,0.5000000000,false,false,294.8145640738,294.8580334191,0.0001474464,0.0002178690,0.6767664404,32768,20260824,104,3.0000000000,true,0.6767664404,294.8008419367,-0.0000465450,0.0000656389,400000,20260824,192,0.0280751101,0.0057478250,parity_forward
daily,IWM,2026-09-01,1530,ssvi,ok,,1M,0.0833333333,false,false,290.7250911790,290.7321047079,0.0000241243,0.0000822338,0.2933620135,32768,20260824,104,3.0000000000,true,1.1169518227,290.7253029657,0.0000007285,0.0000278262,400000,20260824,192,0.0008293143,0.0031393127,parity_forward
daily,IWM,2026-09-01,1530,ssvi,ok,,3M,0.2500000000,false,false,292.4115284508,292.3645296842,-0.0001607282,0.0001438989,-1.1169518227,32768,20260824,104,3.0000000000,true,1.1169518227,292.4113004954,-0.0000007796,0.0000431386,400000,20260824,192,0.0234125872,0.0038831942,parity_forward
daily,IWM,2026-09-01,1530,ssvi,ok,,6M,0.5000000000,false,false,294.8145640738,294.8523319323,0.0001281072,0.0001811492,0.7071913282,32768,20260824,104,3.0000000000,true,1.1169518227,294.8133751702,-0.0000040327,0.0000539626,400000,20260824,192,0.0280751101,0.0057478250,parity_forward
daily,IWM,2026-09-01,1530,essvi,ok,,1M,0.0833333333,false,false,290.7250911790,290.7329576065,0.0000270580,0.0001010321,0.2678154287,32768,20260824,104,3.0000000000,true,1.1592561268,290.7255599020,0.0000016123,0.0000357869,400000,20260824,192,0.0008293143,0.0031393127,parity_forward
daily,IWM,2026-09-01,1530,essvi,ok,,3M,0.2500000000,false,false,292.4115284508,292.3438834931,-0.0002313348,0.0001995545,-1.1592561268,32768,20260824,104,3.0000000000,true,1.1592561268,292.4103551136,-0.0000040126,0.0000605053,400000,20260824,192,0.0234125872,0.0038831942,parity_forward
daily,IWM,2026-09-01,1530,essvi,ok,,6M,0.5000000000,false,false,294.8145640738,294.8166554682,0.0000070939,0.0002436065,0.0291204585,32768,20260824,104,3.0000000000,true,1.1592561268,294.8321727159,0.0000597279,0.0000733554,400000,20260824,192,0.0280751101,0.0057478250,parity_forward
daily,IWM,2026-09-01,1530,essvi_g05,ok,,1M,0.0833333333,false,false,290.7250911790,290.7163183898,-0.0000301755,0.0001054719,-0.2861004332,32768,20260824,104,3.0000000000,true,1.3295037926,290.7248136191,-0.0000009547,0.0000377861,400000,20260824,192,0.0008293143,0.0031393127,parity_forward
daily,IWM,2026-09-01,1530,essvi_g05,ok,,3M,0.2500000000,false,false,292.4115284508,292.3334945507,-0.0002668633,0.0002007240,-1.3295037926,32768,20260824,104,3.0000000000,true,1.3295037926,292.4083529407,-0.0000108597,0.0000623065,400000,20260824,192,0.0234125872,0.0038831942,parity_forward
daily,IWM,2026-09-01,1530,essvi_g05,ok,,6M,0.5000000000,false,false,294.8145640738,294.8131398399,-0.0000048309,0.0002389860,-0.0202143550,32768,20260824,104,3.0000000000,true,1.3295037926,294.8232792769,0.0000295616,0.0000733727,400000,20260824,192,0.0280751101,0.0057478250,parity_forward
daily,IWM,2026-09-01,1530,essvi_gfree,ok,,1M,0.0833333333,false,false,290.7250911790,290.7164708463,-0.0000296511,0.0001056274,-0.2807145595,32768,20260824,104,3.0000000000,true,1.3291933106,290.7247887034,-0.0000010404,0.0000377926,400000,20260824,192,0.0008293143,0.0031393127,parity_forward
daily,IWM,2026-09-01,1530,essvi_gfree,ok,,3M,0.2500000000,false,false,292.4115284508,292.3333894255,-0.0002672228,0.0002010413,-1.3291933106,32768,20260824,104,3.0000000000,true,1.3291933106,292.4083183095,-0.0000109782,0.0000623683,400000,20260824,192,0.0234125872,0.0038831942,parity_forward
daily,IWM,2026-09-01,1530,essvi_gfree,ok,,6M,0.5000000000,false,false,294.8145640738,294.8130697622,-0.0000050686,0.0002391573,-0.0211937849,32768,20260824,104,3.0000000000,true,1.3291933106,294.8232178932,0.0000293534,0.0000734002,400000,20260824,192,0.0280751101,0.0057478250,parity_forward
daily,IWM,2026-09-01,1530,essvi_sg05,ok,,1M,0.0833333333,false,false,290.7250911790,290.7122749504,-0.0000440837,0.0001184542,-0.3721580664,32768,20260824,104,3.0000000000,true,0.6908353800,290.7199745478,-0.0000175996,0.0000421614,400000,20260824,192,0.0008293143,0.0031393127,parity_forward
daily,IWM,2026-09-01,1530,essvi_sg05,ok,,3M,0.2500000000,false,false,292.4115284508,292.3678824340,-0.0001492623,0.0002160606,-0.6908353800,32768,20260824,104,3.0000000000,true,0.6908353800,292.4000740248,-0.0000391723,0.0000677711,400000,20260824,192,0.0234125872,0.0038831942,parity_forward
daily,IWM,2026-09-01,1530,essvi_sg05,ok,,6M,0.5000000000,false,false,294.8145640738,294.8552558042,0.0001380248,0.0002596679,0.5315437094,32768,20260824,104,3.0000000000,true,0.6908353800,294.8230473388,0.0000287749,0.0000805717,400000,20260824,192,0.0280751101,0.0057478250,parity_forward
daily,IWM,2026-09-02,1530,svi,ok,,1M,0.0833333333,false,false,294.3227308302,294.3418521288,0.0000649671,0.0000939236,0.6917015962,32768,20260824,104,3.0000000000,true,0.7274575289,294.3169654741,-0.0000195886,0.0000314303,400000,20260824,192,0.0027618101,0.0029784626,parity_forward
daily,IWM,2026-09-02,1530,svi,ok,,3M,0.2500000000,false,false,295.9831839924,295.9587473733,-0.0000825608,0.0001640428,-0.5032883185,32768,20260824,104,3.0000000000,true,0.7274575289,295.9795409471,-0.0000123083,0.0000498736,400000,20260824,192,0.0234236141,0.0039052806,parity_forward
daily,IWM,2026-09-02,1530,svi,ok,,6M,0.5000000000,false,false,298.2371592589,298.2818155326,0.0001497341,0.0002058321,0.7274575289,32768,20260824,104,3.0000000000,true,0.7274575289,298.2231264870,-0.0000470524,0.0000612774,400000,20260824,192,0.0268845362,0.0063968650,parity_forward
daily,IWM,2026-09-02,1530,ssvi,ok,,1M,0.0833333333,false,false,294.3227308302,294.3325365308,0.0000333162,0.0000843901,0.3947874505,32768,20260824,104,3.0000000000,true,1.1238300855,294.3189940722,-0.0000126961,0.0000266851,400000,20260824,192,0.0027618101,0.0029784626,parity_forward
daily,IWM,2026-09-02,1530,ssvi,ok,,3M,0.2500000000,false,false,295.9831839924,295.9353630126,-0.0001615665,0.0001437642,-1.1238300855,32768,20260824,104,3.0000000000,true,1.1238300855,295.9814239867,-0.0000059463,0.0000422511,400000,20260824,192,0.0234236141,0.0039052806,parity_forward
daily,IWM,2026-09-02,1530,ssvi,ok,,6M,0.5000000000,false,false,298.2371592589,298.2682113638,0.0001041188,0.0001807757,0.5759560047,32768,20260824,104,3.0000000000,true,1.1238300855,298.2313005714,-0.0000196444,0.0000530922,400000,20260824,192,0.0268845362,0.0063968650,parity_forward
daily,IWM,2026-09-02,1530,essvi,ok,,1M,0.0833333333,false,false,294.3227308302,294.3238073701,0.0000036577,0.0000988918,0.0369867268,32768,20260824,104,3.0000000000,true,1.2346771296,294.3133998385,-0.0000317033,0.0000344912,400000,20260824,192,0.0027618101,0.0029784626,parity_forward
daily,IWM,2026-09-02,1530,essvi,ok,,3M,0.2500000000,false,false,295.9831839924,295.9103991277,-0.0002459088,0.0001991685,-1.2346771296,32768,20260824,104,3.0000000000,true,1.2346771296,295.9772586103,-0.0000200193,0.0000594683,400000,20260824,192,0.0234236141,0.0039052806,parity_forward
daily,IWM,2026-09-02,1530,essvi,ok,,6M,0.5000000000,false,false,298.2371592589,298.2324788152,-0.0000156937,0.0002358936,-0.0665287022,32768,20260824,104,3.0000000000,true,1.2346771296,298.2429015063,0.0000192540,0.0000699890,400000,20260824,192,0.0268845362,0.0063968650,parity_forward
daily,IWM,2026-09-02,1530,essvi_g05,ok,,1M,0.0833333333,false,false,294.3227308302,294.2753763757,-0.0001608930,0.0001361132,-1.1820522077,32768,20260824,104,3.0000000000,true,1.6495889277,294.3080096823,-0.0000500170,0.0000401979,400000,20260824,192,0.0027618101,0.0029784626,parity_forward
daily,IWM,2026-09-02,1530,essvi_g05,ok,,3M,0.2500000000,false,false,295.9831839924,295.8712193056,-0.0003782806,0.0002293181,-1.6495889277,32768,20260824,104,3.0000000000,true,1.6495889277,295.9694117830,-0.0000465304,0.0000649871,400000,20260824,192,0.0234236141,0.0039052806,parity_forward
daily,IWM,2026-09-02,1530,essvi_g05,ok,,6M,0.5000000000,false,false,298.2371592589,298.1943133140,-0.0001436640,0.0002625085,-0.5472737401,32768,20260824,104,3.0000000000,true,1.6495889277,298.2336301522,-0.0000118332,0.0000750981,400000,20260824,192,0.0268845362,0.0063968650,parity_forward
daily,IWM,2026-09-02,1530,essvi_gfree,ok,,1M,0.0833333333,false,false,294.3227308302,294.2760350519,-0.0001586550,0.0001338726,-1.1851198541,32768,20260824,104,3.0000000000,true,1.6071472974,294.3100243057,-0.0000431721,0.0000386785,400000,20260824,192,0.0027618101,0.0029784626,parity_forward
daily,IWM,2026-09-02,1530,essvi_gfree,ok,,3M,0.2500000000,false,false,295.9831839924,295.8758099395,-0.0003627708,0.0002257234,-1.6071472974,32768,20260824,104,3.0000000000,true,1.6071472974,295.9704845517,-0.0000429060,0.0000635923,400000,20260824,192,0.0234236141,0.0039052806,parity_forward
daily,IWM,2026-09-02,1530,essvi_gfree,ok,,6M,0.5000000000,false,false,298.2371592589,298.1983946941,-0.0001299790,0.0002585879,-0.5026491988,32768,20260824,104,3.0000000000,true,1.6071472974,298.2344427486,-0.0000091086,0.0000736679,400000,20260824,192,0.0268845362,0.0063968650,parity_forward
daily,IWM,2026-09-02,1530,essvi_sg05,ok,,1M,0.0833333333,false,false,294.3227308302,294.2889077825,-0.0001149182,0.0001293157,-0.8886642785,32768,20260824,104,3.0000000000,true,1.4371118382,294.3109922602,-0.0000398833,0.0000391721,400000,20260824,192,0.0027618101,0.0029784626,parity_forward
daily,IWM,2026-09-02,1530,essvi_sg05,ok,,3M,0.2500000000,false,false,295.9831839924,295.8853827844,-0.0003304283,0.0002299252,-1.4371118382,32768,20260824,104,3.0000000000,true,1.4371118382,295.9741856844,-0.0000304014,0.0000661095,400000,20260824,192,0.0234236141,0.0039052806,parity_forward
daily,IWM,2026-09-02,1530,essvi_sg05,ok,,6M,0.5000000000,false,false,298.2371592589,298.2141227956,-0.0000772421,0.0002735489,-0.2823703537,32768,20260824,104,3.0000000000,true,1.4371118382,298.2375928503,0.0000014538,0.0000790075,400000,20260824,192,0.0268845362,0.0063968650,parity_forward
daily,IWM,2026-09-03,1530,svi,ok,,1M,0.0833333333,false,false,295.0261591031,295.0338945489,0.0000262195,0.0000766755,0.3419544463,32768,20260824,104,3.0000000000,true,1.0602388240,295.0183827038,-0.0000263583,0.0000282058,400000,20260824,192,0.0043187306,0.0028320227,parity_forward
daily,IWM,2026-09-03,1530,svi,ok,,3M,0.2500000000,false,false,296.7149416592,296.7189119171,0.0000133807,0.0001566738,0.0854049511,32768,20260824,104,3.0000000000,true,1.0602388240,296.7063652172,-0.0000289047,0.0000493056,400000,20260824,192,0.0242710096,0.0036939618,parity_forward
daily,IWM,2026-09-03,1530,svi,ok,,6M,0.5000000000,false,false,299.0375711073,299.0986131936,0.0002041285,0.0001925307,1.0602388240,32768,20260824,104,3.0000000000,true,1.0602388240,299.0179390475,-0.0000656508,0.0000594951,400000,20260824,192,0.0277301765,0.0059698058,parity_forward
daily,IWM,2026-09-03,1530,ssvi,ok,,1M,0.0833333333,false,false,295.0261591031,295.0220934684,-0.0000137806,0.0000774989,-0.1778166229,32768,20260824,104,3.0000000000,true,1.4045654277,295.0178988466,-0.0000279984,0.0000248555,400000,20260824,192,0.0043187306,0.0028320227,parity_forward
daily,IWM,2026-09-03,1530,ssvi,ok,,3M,0.2500000000,false,false,296.7149416592,296.6583592553,-0.0001906962,0.0001357688,-1.4045654277,32768,20260824,104,3.0000000000,true,1.4045654277,296.7060636623,-0.0000299210,0.0000399949,400000,20260824,192,0.0242710096,0.0036939618,parity_forward
daily,IWM,2026-09-03,1530,ssvi,ok,,6M,0.5000000000,false,false,299.0375711073,299.0578114722,0.0000676850,0.0001716744,0.3942639289,32768,20260824,104,3.0000000000,true,1.4045654277,299.0221681938,-0.0000515083,0.0000504102,400000,20260824,192,0.0277301765,0.0059698058,parity_forward
daily,IWM,2026-09-03,1530,essvi,ok,,1M,0.0833333333,false,false,295.0261591031,295.0218982632,-0.0000144422,0.0000993484,-0.1453696436,32768,20260824,104,3.0000000000,true,0.5317210351,295.0203152042,-0.0000198081,0.0000300388,400000,20260824,192,0.0043187306,0.0028320227,parity_forward
daily,IWM,2026-09-03,1530,essvi,ok,,3M,0.2500000000,false,false,296.7149416592,296.6751789041,-0.0001340100,0.0002563202,-0.5228225305,32768,20260824,104,3.0000000000,true,0.5317210351,296.7158522343,0.0000030689,0.0000763745,400000,20260824,192,0.0242710096,0.0036939618,parity_forward
daily,IWM,2026-09-03,1530,essvi,ok,,6M,0.5000000000,false,false,299.0375711073,299.0842143719,0.0001559779,0.0002933454,0.5317210351,32768,20260824,104,3.0000000000,true,0.5317210351,299.0508493501,0.0000444033,0.0000865642,400000,20260824,192,0.0277301765,0.0059698058,parity_forward
daily,IWM,2026-09-03,1530,essvi_g05,ok,,1M,0.0833333333,false,false,295.0261591031,295.0586128642,0.0001100030,0.0000984143,1.1177543884,32768,20260824,104,3.0000000000,true,1.3563922011,295.0244140228,-0.0000059150,0.0000329450,400000,20260824,192,0.0043187306,0.0028320227,parity_forward
daily,IWM,2026-09-03,1530,essvi_g05,ok,,3M,0.2500000000,false,false,296.7149416592,296.7219750237,0.0000237041,0.0002528047,0.0937645432,32768,20260824,104,3.0000000000,true,1.3563922011,296.7196815124,0.0000159744,0.0000756451,400000,20260824,192,0.0242710096,0.0036939618,parity_forward
daily,IWM,2026-09-03,1530,essvi_g05,ok,,6M,0.5000000000,false,false,299.0375711073,299.1584604932,0.0004042615,0.0002980418,1.3563922011,32768,20260824,104,3.0000000000,true,1.3563922011,299.0584534123,0.0000698317,0.0000885943,400000,20260824,192,0.0277301765,0.0059698058,parity_forward
daily,IWM,2026-09-03,1530,essvi_gfree,ok,,1M,0.0833333333,false,false,295.0261591031,295.0584605759,0.0001094868,0.0000985531,1.1109424895,32768,20260824,104,3.0000000000,true,1.3864276452,295.0244716101,-0.0000057198,0.0000331020,400000,20260824,192,0.0043187306,0.0028320227,parity_forward
daily,IWM,2026-09-03,1530,essvi_gfree,ok,,3M,0.2500000000,false,false,296.7149416592,296.7219024712,0.0000234596,0.0002513762,0.0933246606,32768,20260824,104,3.0000000000,true,1.3864276452,296.7194647537,0.0000152439,0.0000752973,400000,20260824,192,0.0242710096,0.0036939618,parity_forward
daily,IWM,2026-09-03,1530,essvi_gfree,ok,,6M,0.5000000000,false,false,299.0375711073,299.1609222929,0.0004124939,0.0002975229,1.3864276452,32768,20260824,104,3.0000000000,true,1.3864276452,299.0586710080,0.0000705594,0.0000886784,400000,20260824,192,0.0277301765,0.0059698058,parity_forward
daily,IWM,2026-09-03,1530,essvi_sg05,ok,,1M,0.0833333333,false,false,295.0261591031,295.0325724155,0.0000217381,0.0001023875,0.2123121721,32768,20260824,104,3.0000000000,true,0.8724968339,295.0231424785,-0.0000102249,0.0000349368,400000,20260824,192,0.0043187306,0.0028320227,parity_forward
daily,IWM,2026-09-03,1530,essvi_sg05,ok,,3M,0.2500000000,false,false,296.7149416592,296.6825838654,-0.0001090535,0.0002418324,-0.4509464414,32768,20260824,104,3.0000000000,true,0.8724968339,296.7165198175,0.0000053188,0.0000727187,400000,20260824,192,0.0242710096,0.0036939618,parity_forward
daily,IWM,2026-09-03,1530,essvi_sg05,ok,,6M,0.5000000000,false,false,299.0375711073,299.1121512649,0.0002494006,0.0002858470,0.8724968339,32768,20260824,104,3.0000000000,true,0.8724968339,299.0463160231,0.0000292435,0.0000841640,400000,20260824,192,0.0277301765,0.0059698058,parity_forward
daily,IWM,2026-09-04,1530,svi,ok,,1M,0.0833333333,false,false,295.4017844499,295.3767427817,-0.0000847716,0.0000847782,-0.9999214745,32768,20260824,104,3.0000000000,true,1.3472422863,295.3893203588,-0.0000421937,0.0000261420,400000,20260824,192,-0.0007399409,0.0032531518,parity_forward
daily,IWM,2026-09-04,1530,svi,ok,,3M,0.2500000000,false,false,297.0522733868,296.9894515855,-0.0002114840,0.0001569755,-1.3472422863,32768,20260824,104,3.0000000000,true,1.3472422863,297.0349302004,-0.0000583843,0.0000449669,400000,20260824,192,0.0220402215,0.0041792879,parity_forward
daily,IWM,2026-09-04,1530,svi,ok,,6M,0.5000000000,false,false,299.4779566773,299.4743467240,-0.0000120542,0.0001945021,-0.0619744007,32768,20260824,104,3.0000000000,true,1.3472422863,299.4545175220,-0.0000782667,0.0000555443,400000,20260824,192,0.0272854836,0.0059441298,parity_forward
daily,IWM,2026-09-04,1530,ssvi,ok,,1M,0.0833333333,false,false,295.4017844499,295.3863889703,-0.0000521171,0.0000881096,-0.5915026433,32768,20260824,104,3.0000000000,true,1.6352161251,295.3918970227,-0.0000334711,0.0000249738,400000,20260824,192,-0.0007399409,0.0032531518,parity_forward
daily,IWM,2026-09-04,1530,ssvi,ok,,3M,0.2500000000,false,false,297.0522733868,296.9802277182,-0.0002425353,0.0001483200,-1.6352161251,32768,20260824,104,3.0000000000,true,1.6352161251,297.0403706238,-0.0000400696,0.0000416078,400000,20260824,192,0.0220402215,0.0041792879,parity_forward
daily,IWM,2026-09-04,1530,ssvi,ok,,6M,0.5000000000,false,false,299.4779566773,299.4851440395,0.0000239996,0.0001856159,0.1292972792,32768,20260824,104,3.0000000000,true,1.6352161251,299.4583286862,-0.0000655407,0.0000528228,400000,20260824,192,0.0272854836,0.0059441298,parity_forward
daily,IWM,2026-09-04,1530,essvi,ok,,1M,0.0833333333,false,false,295.4017844499,295.3828946068,-0.0000639463,0.0001039332,-0.6152632316,32768,20260824,104,3.0000000000,true,1.4521160768,295.3909844819,-0.0000365603,0.0000282202,400000,20260824,192,-0.0007399409,0.0032531518,parity_forward
daily,IWM,2026-09-04,1530,essvi,ok,,3M,0.2500000000,false,false,297.0522733868,296.9701082930,-0.0002766015,0.0001904816,-1.4521160768,32768,20260824,104,3.0000000000,true,1.4521160768,297.0385458944,-0.0000462124,0.0000533612,400000,20260824,192,0.0220402215,0.0041792879,parity_forward
daily,IWM,2026-09-04,1530,essvi,ok,,6M,0.5000000000,false,false,299.4779566773,299.4709010485,-0.0000235598,0.0002301291,-0.1023762876,32768,20260824,104,3.0000000000,true,1.4521160768,299.4601028315,-0.0000596166,0.0000657579,400000,20260824,192,0.0272854836,0.0059441298,parity_forward
daily,IWM,2026-09-04,1530,essvi_g05,ok,,1M,0.0833333333,false,false,295.4017844499,295.4136514400,0.0000401724,0.0001247612,0.3219940214,32768,20260824,104,3.0000000000,true,0.8036407672,295.3932257961,-0.0000289729,0.0000370791,400000,20260824,192,-0.0007399409,0.0032531518,parity_forward
daily,IWM,2026-09-04,1530,essvi_g05,ok,,3M,0.2500000000,false,false,297.0522733868,297.0018364658,-0.0001697914,0.0002112777,-0.8036407672,32768,20260824,104,3.0000000000,true,0.8036407672,297.0392660031,-0.0000437882,0.0000611261,400000,20260824,192,0.0220402215,0.0041792879,parity_forward
daily,IWM,2026-09-04,1530,essvi_g05,ok,,6M,0.5000000000,false,false,299.4779566773,299.5082446245,0.0001011358,0.0002481595,0.4075435503,32768,20260824,104,3.0000000000,true,0.8036407672,299.4594813918,-0.0000616916,0.0000725578,400000,20260824,192,0.0272854836,0.0059441298,parity_forward
daily,IWM,2026-09-04,1530,essvi_gfree,ok,,1M,0.0833333333,false,false,295.4017844499,295.3965023869,-0.0000178809,0.0001148985,-0.1556238196,32768,20260824,104,3.0000000000,true,1.0897997529,295.3921559223,-0.0000325947,0.0000360530,400000,20260824,192,-0.0007399409,0.0032531518,parity_forward
daily,IWM,2026-09-04,1530,essvi_gfree,ok,,3M,0.2500000000,false,false,297.0522733868,296.9853332077,-0.0002253481,0.0002067794,-1.0897997529,32768,20260824,104,3.0000000000,true,1.0897997529,297.0380570983,-0.0000478579,0.0000608714,400000,20260824,192,0.0220402215,0.0041792879,parity_forward
daily,IWM,2026-09-04,1530,essvi_gfree,ok,,6M,0.5000000000,false,false,299.4779566773,299.4864217618,0.0000282661,0.0002440748,0.1158092978,32768,20260824,104,3.0000000000,true,1.0897997529,299.4579248370,-0.0000668892,0.0000722953,400000,20260824,192,0.0272854836,0.0059441298,parity_forward
daily,IWM,2026-09-04,1530,essvi_sg05,ok,,1M,0.0833333333,false,false,295.4017844499,295.3928197399,-0.0000303475,0.0001146433,-0.2647124360,32768,20260824,104,3.0000000000,true,0.9728752427,295.3902169782,-0.0000391584,0.0000353553,400000,20260824,192,-0.0007399409,0.0032531518,parity_forward
daily,IWM,2026-09-04,1530,essvi_sg05,ok,,3M,0.2500000000,false,false,297.0522733868,296.9904812981,-0.0002080176,0.0002138173,-0.9728752427,32768,20260824,104,3.0000000000,true,0.9728752427,297.0369637127,-0.0000515387,0.0000624400,400000,20260824,192,0.0220402215,0.0041792879,parity_forward
daily,IWM,2026-09-04,1530,essvi_sg05,ok,,6M,0.5000000000,false,false,299.4779566773,299.5004005847,0.0000749434,0.0002619686,0.2860779287,32768,20260824,104,3.0000000000,true,0.9728752427,299.4542357286,-0.0000792077,0.0000771397,400000,20260824,192,0.0272854836,0.0059441298,parity_forward
daily,IWM,2026-09-08,1530,svi,ok,,1M,0.0833333333,false,false,295.6595056740,295.6661710950,0.0000225442,0.0000728592,0.3094219835,32768,20260824,104,3.0000000000,true,0.7980023558,295.6525543827,-0.0000235111,0.0000287013,400000,20260824,192,0.0018064979,0.0030086627,parity_forward
daily,IWM,2026-09-08,1530,svi,ok,,3M,0.2500000000,false,false,297.2086757851,297.1813013604,-0.0000921051,0.0001394394,-0.6605383675,32768,20260824,104,3.0000000000,true,0.7980023558,297.2049625517,-0.0000124937,0.0000461808,400000,20260824,192,0.0215062885,0.0043628022,parity_forward
daily,IWM,2026-09-08,1530,svi,ok,,6M,0.5000000000,false,false,299.6813008233,299.7248673121,0.0001453761,0.0001821750,0.7980023558,32768,20260824,104,3.0000000000,true,0.7980023558,299.6750814137,-0.0000207534,0.0000575323,400000,20260824,192,0.0273232947,0.0060750100,parity_forward
daily,IWM,2026-09-08,1530,ssvi,ok,,1M,0.0833333333,false,false,295.6595056740,295.6518036219,-0.0000260504,0.0000716148,-0.3637572002,32768,20260824,104,3.0000000000,true,1.5138798500,295.6586062409,-0.0000030421,0.0000253237,400000,20260824,192,0.0018064979,0.0030086627,parity_forward
daily,IWM,2026-09-08,1530,ssvi,ok,,3M,0.2500000000,false,false,297.2086757851,297.1492068700,-0.0002000915,0.0001321713,-1.5138798500,32768,20260824,104,3.0000000000,true,1.5138798500,297.2080165334,-0.0000022181,0.0000403925,400000,20260824,192,0.0215062885,0.0043628022,parity_forward
daily,IWM,2026-09-08,1530,ssvi,ok,,6M,0.5000000000,false,false,299.6813008233,299.7008184699,0.0000651280,0.0001681385,0.3873474235,32768,20260824,104,3.0000000000,true,1.5138798500,299.6794234609,-0.0000062645,0.0000506022,400000,20260824,192,0.0273232947,0.0060750100,parity_forward
daily,IWM,2026-09-08,1530,essvi,ok,,1M,0.0833333333,false,false,295.6595056740,295.6639422204,0.0000150056,0.0000812279,0.1847345482,32768,20260824,104,3.0000000000,true,0.9627121345,295.6581616282,-0.0000045459,0.0000298914,400000,20260824,192,0.0018064979,0.0030086627,parity_forward
daily,IWM,2026-09-08,1530,essvi,ok,,3M,0.2500000000,false,false,297.2086757851,297.1569582827,-0.0001740107,0.0001807505,-0.9627121345,32768,20260824,104,3.0000000000,true,0.9627121345,297.2063987940,-0.0000076613,0.0000550756,400000,20260824,192,0.0215062885,0.0043628022,parity_forward
daily,IWM,2026-09-08,1530,essvi,ok,,6M,0.5000000000,false,false,299.6813008233,299.6864285003,0.0000171104,0.0002234784,0.0765641587,32768,20260824,104,3.0000000000,true,0.9627121345,299.6734526644,-0.0000261884,0.0000673637,400000,20260824,192,0.0273232947,0.0060750100,parity_forward
daily,IWM,2026-09-08,1530,essvi_g05,ok,,1M,0.0833333333,false,false,295.6595056740,295.6759783223,0.0000557149,0.0001014653,0.5491032420,32768,20260824,104,3.0000000000,true,0.7158859622,295.6579875686,-0.0000051346,0.0000368329,400000,20260824,192,0.0018064979,0.0030086627,parity_forward
daily,IWM,2026-09-08,1530,essvi_g05,ok,,3M,0.2500000000,false,false,297.2086757851,297.1669757151,-0.0001403057,0.0001959889,-0.7158859622,32768,20260824,104,3.0000000000,true,0.7158859622,297.2056943068,-0.0000100316,0.0000604908,400000,20260824,192,0.0215062885,0.0043628022,parity_forward
daily,IWM,2026-09-08,1530,essvi_g05,ok,,6M,0.5000000000,false,false,299.6813008233,299.6962546423,0.0000498991,0.0002320878,0.2150008324,32768,20260824,104,3.0000000000,true,0.7158859622,299.6732047042,-0.0000270158,0.0000707613,400000,20260824,192,0.0273232947,0.0060750100,parity_forward
daily,IWM,2026-09-08,1530,essvi_gfree,ok,,1M,0.0833333333,false,false,295.6595056740,295.6880257732,0.0000964626,0.0001003554,0.9612098764,32768,20260824,104,3.0000000000,true,0.9612098764,295.6564160764,-0.0000104499,0.0000364801,400000,20260824,192,0.0018064979,0.0030086627,parity_forward
daily,IWM,2026-09-08,1530,essvi_gfree,ok,,3M,0.2500000000,false,false,297.2086757851,297.1741987242,-0.0001160029,0.0001964547,-0.5904816626,32768,20260824,104,3.0000000000,true,0.9612098764,297.2041153071,-0.0000153444,0.0000603109,400000,20260824,192,0.0215062885,0.0043628022,parity_forward
daily,IWM,2026-09-08,1530,essvi_gfree,ok,,6M,0.5000000000,false,false,299.6813008233,299.7022327304,0.0000698472,0.0002330655,0.2996892600,32768,20260824,104,3.0000000000,true,0.9612098764,299.6704823742,-0.0000360998,0.0000707725,400000,20260824,192,0.0273232947,0.0060750100,parity_forward
daily,IWM,2026-09-08,1530,essvi_sg05,ok,,1M,0.0833333333,false,false,295.6595056740,295.6934732797,0.0001148876,0.0000983293,1.1683959562,32768,20260824,104,3.0000000000,true,1.1683959562,295.6536589424,-0.0000197752,0.0000360846,400000,20260824,192,0.0018064979,0.0030086627,parity_forward
daily,IWM,2026-09-08,1530,essvi_sg05,ok,,3M,0.2500000000,false,false,297.2086757851,297.1772407305,-0.0001057676,0.0002038589,-0.5188276315,32768,20260824,104,3.0000000000,true,1.1683959562,297.2002002439,-0.0000285171,0.0000627415,400000,20260824,192,0.0215062885,0.0043628022,parity_forward
daily,IWM,2026-09-08,1530,essvi_sg05,ok,,6M,0.5000000000,false,false,299.6813008233,299.7097654744,0.0000949831,0.0002498155,0.3802128295,32768,20260824,104,3.0000000000,true,1.1683959562,299.6597579545,-0.0000718859,0.0000762887,400000,20260824,192,0.0273232947,0.0060750100,parity_forward
daily,IWM,2026-09-09,1530,svi,ok,,1M,0.0833333333,false,false,290.8303970776,290.8342220812,0.0000131520,0.0000876163,0.1501091931,32768,20260824,104,3.0000000000,true,0.7349842321,290.8162830144,-0.0000485302,0.0000297901,400000,20260824,192,0.0020796222,0.0030035231,parity_forward
daily,IWM,2026-09-09,1530,svi,ok,,3M,0.2500000000,false,false,292.3466396114,292.3124896933,-0.0001168131,0.0001589328,-0.7349842321,32768,20260824,104,3.0000000000,true,0.7349842321,292.3348654071,-0.0000402748,0.0000484048,400000,20260824,192,0.0214930106,0.0044404664,parity_forward
daily,IWM,2026-09-09,1530,svi,ok,,6M,0.5000000000,false,false,294.6742972652,294.7139906594,0.0001347026,0.0001930293,0.6978348200,32768,20260824,104,3.0000000000,true,0.7349842321,294.6657131472,-0.0000291309,0.0000576841,400000,20260824,192,0.0266074037,0.0065338896,parity_forward
daily,IWM,2026-09-09,1530,ssvi,ok,,1M,0.0833333333,false,false,290.8303970776,290.8271854386,-0.0000110430,0.0000776597,-0.1421972154,32768,20260824,104,3.0000000000,true,1.4438576819,290.8267084777,-0.0000126830,0.0000263622,400000,20260824,192,0.0020796222,0.0030035231,parity_forward
daily,IWM,2026-09-09,1530,ssvi,ok,,3M,0.2500000000,false,false,292.3466396114,292.2890704022,-0.0001969211,0.0001363854,-1.4438576819,32768,20260824,104,3.0000000000,true,1.4438576819,292.3454477727,-0.0000040768,0.0000410956,400000,20260824,192,0.0214930106,0.0044404664,parity_forward
daily,IWM,2026-09-09,1530,ssvi,ok,,6M,0.5000000000,false,false,294.6742972652,294.6897024716,0.0000522788,0.0001706579,0.3063365243,32768,20260824,104,3.0000000000,true,1.4438576819,294.6689295929,-0.0000182156,0.0000509518,400000,20260824,192,0.0266074037,0.0065338896,parity_forward
daily,IWM,2026-09-09,1530,essvi,ok,,1M,0.0833333333,false,false,290.8303970776,290.8303515061,-0.0000001567,0.0000966894,-0.0016205969,32768,20260824,104,3.0000000000,true,0.9916137562,290.8171371331,-0.0000455934,0.0000306693,400000,20260824,192,0.0020796222,0.0030035231,parity_forward
daily,IWM,2026-09-09,1530,essvi,ok,,3M,0.2500000000,false,false,292.3466396114,292.2922740751,-0.0001859626,0.0001875353,-0.9916137562,32768,20260824,104,3.0000000000,true,0.9916137562,292.3329267946,-0.0000469060,0.0000555745,400000,20260824,192,0.0214930106,0.0044404664,parity_forward
daily,IWM,2026-09-09,1530,essvi,ok,,6M,0.5000000000,false,false,294.6742972652,294.6565488116,-0.0000602307,0.0002275859,-0.2646506385,32768,20260824,104,3.0000000000,true,0.9916137562,294.6500849353,-0.0000821664,0.0000666498,400000,20260824,192,0.0266074037,0.0065338896,parity_forward
daily,IWM,2026-09-09,1530,essvi_g05,ok,,1M,0.0833333333,false,false,290.8303970776,290.8385677971,0.0000280944,0.0001315026,0.2136418276,32768,20260824,104,3.0000000000,true,0.7075132443,290.8176427043,-0.0000438550,0.0000382544,400000,20260824,192,0.0020796222,0.0030035231,parity_forward
daily,IWM,2026-09-09,1530,essvi_g05,ok,,3M,0.2500000000,false,false,292.3466396114,292.3015755887,-0.0001541459,0.0002178699,-0.7075132443,32768,20260824,104,3.0000000000,true,0.7075132443,292.3298231229,-0.0000575224,0.0000635690,400000,20260824,192,0.0214930106,0.0044404664,parity_forward
daily,IWM,2026-09-09,1530,essvi_g05,ok,,6M,0.5000000000,false,false,294.6742972652,294.6745118043,0.0000007281,0.0002550593,0.0028544547,32768,20260824,104,3.0000000000,true,0.7075132443,294.6438517894,-0.0001033191,0.0000740947,400000,20260824,192,0.0266074037,0.0065338896,parity_forward
daily,IWM,2026-09-09,1530,essvi_gfree,ok,,1M,0.0833333333,false,false,290.8303970776,290.8398012331,0.0000323355,0.0001324413,0.2441498557,32768,20260824,104,3.0000000000,true,0.6901506602,290.8172663261,-0.0000451492,0.0000383332,400000,20260824,192,0.0020796222,0.0030035231,parity_forward
daily,IWM,2026-09-09,1530,essvi_gfree,ok,,3M,0.2500000000,false,false,292.3466396114,292.3025978041,-0.0001506493,0.0002182846,-0.6901506602,32768,20260824,104,3.0000000000,true,0.6901506602,292.3294926763,-0.0000586528,0.0000635596,400000,20260824,192,0.0214930106,0.0044404664,parity_forward
daily,IWM,2026-09-09,1530,essvi_gfree,ok,,6M,0.5000000000,false,false,294.6742972652,294.6754280490,0.0000038374,0.0002552271,0.0150352461,32768,20260824,104,3.0000000000,true,0.6901506602,294.6436860290,-0.0001038816,0.0000740060,400000,20260824,192,0.0266074037,0.0065338896,parity_forward
daily,IWM,2026-09-09,1530,essvi_sg05,ok,,1M,0.0833333333,false,false,290.8303970776,290.8608446099,0.0001046917,0.0001316084,0.7954790715,32768,20260824,104,3.0000000000,true,0.7954790715,290.8146004442,-0.0000543156,0.0000357725,400000,20260824,192,0.0020796222,0.0030035231,parity_forward
daily,IWM,2026-09-09,1530,essvi_sg05,ok,,3M,0.2500000000,false,false,292.3466396114,292.3216725439,-0.0000854023,0.0002277140,-0.3750418469,32768,20260824,104,3.0000000000,true,0.7954790715,292.3262013220,-0.0000699111,0.0000646574,400000,20260824,192,0.0214930106,0.0044404664,parity_forward
daily,IWM,2026-09-09,1530,essvi_sg05,ok,,6M,0.5000000000,false,false,294.6742972652,294.6976099320,0.0000791133,0.0002707861,0.2921617511,32768,20260824,104,3.0000000000,true,0.7954790715,294.6332406088,-0.0001393289,0.0000772054,400000,20260824,192,0.0266074037,0.0065338896,parity_forward
daily,IWM,2026-09-10,1530,svi,ok,,1M,0.0833333333,false,false,287.3832055600,287.4149151749,0.0001103391,0.0001293962,0.8527233228,32768,20260824,104,3.0000000000,true,1.4563915389,287.3705262767,-0.0000441198,0.0000373063,400000,20260824,192,0.0026395075,0.0029567270,parity_forward
daily,IWM,2026-09-10,1530,svi,ok,,3M,0.2500000000,false,false,288.9143036383,288.9438236274,0.0001021756,0.0002052268,0.4978667276,32768,20260824,104,3.0000000000,true,1.4563915389,288.8970806554,-0.0000596128,0.0000582552,400000,20260824,192,0.0221341589,0.0043051436,parity_forward
daily,IWM,2026-09-10,1530,svi,ok,,6M,0.5000000000,false,false,291.2867911009,291.3878834750,0.0003470544,0.0002382975,1.4563915389,32768,20260824,104,3.0000000000,true,1.4563915389,291.2650653790,-0.0000745853,0.0000680787,400000,20260824,192,0.0274234821,0.0061734077,parity_forward
daily,IWM,2026-09-10,1530,ssvi,ok,,1M,0.0833333333,false,false,287.3832055600,287.3844512947,0.0000043348,0.0000889922,0.0487093583,32768,20260824,104,3.0000000000,true,1.0797568673,287.3789925753,-0.0000146598,0.0000293749,400000,20260824,192,0.0026395075,0.0029567270,parity_forward
daily,IWM,2026-09-10,1530,ssvi,ok,,3M,0.2500000000,false,false,288.9143036383,288.8688123301,-0.0001574561,0.0001458255,-1.0797568673,32768,20260824,104,3.0000000000,true,1.0797568673,288.9102163408,-0.0000141471,0.0000436939,400000,20260824,192,0.0221341589,0.0043051436,parity_forward
daily,IWM,2026-09-10,1530,ssvi,ok,,6M,0.5000000000,false,false,291.2867911009,291.3158081977,0.0000996169,0.0001797407,0.5542259170,32768,20260824,104,3.0000000000,true,1.0797568673,291.2747333497,-0.0000413948,0.0000534820,400000,20260824,192,0.0274234821,0.0061734077,parity_forward
daily,IWM,2026-09-10,1530,essvi,ok,,1M,0.0833333333,false,false,287.3832055600,287.3901247856,0.0000240767,0.0001348119,0.1785943951,32768,20260824,104,3.0000000000,true,0.4799158496,287.3723246685,-0.0000378620,0.0000382910,400000,20260824,192,0.0026395075,0.0029567270,parity_forward
daily,IWM,2026-09-10,1530,essvi,ok,,3M,0.2500000000,false,false,288.9143036383,288.8972179839,-0.0000591374,0.0002945781,-0.2007530131,32768,20260824,104,3.0000000000,true,0.4799158496,288.9075370352,-0.0000234208,0.0000808291,400000,20260824,192,0.0221341589,0.0043051436,parity_forward
daily,IWM,2026-09-10,1530,essvi,ok,,6M,0.5000000000,false,false,291.2867911009,291.3336081626,0.0001607250,0.0003349024,0.4799158496,32768,20260824,104,3.0000000000,true,0.4799158496,291.2734190579,-0.0000459068,0.0000924187,400000,20260824,192,0.0274234821,0.0061734077,parity_forward
daily,IWM,2026-09-10,1530,essvi_g05,ok,,1M,0.0833333333,false,false,287.3832055600,287.3940718501,0.0000378112,0.0001675190,0.2257126675,32768,20260824,104,3.0000000000,true,0.8087695125,287.3666418384,-0.0000576364,0.0000479190,400000,20260824,192,0.0026395075,0.0029567270,parity_forward
daily,IWM,2026-09-10,1530,essvi_g05,ok,,3M,0.2500000000,false,false,288.9143036383,288.9084623503,-0.0000202181,0.0002961392,-0.0682721753,32768,20260824,104,3.0000000000,true,0.8087695125,288.9012573369,-0.0000451563,0.0000819956,400000,20260824,192,0.0221341589,0.0043051436,parity_forward
daily,IWM,2026-09-10,1530,essvi_g05,ok,,6M,0.5000000000,false,false,291.2867911009,291.3653615344,0.0002697357,0.0003335136,0.8087695125,32768,20260824,104,3.0000000000,true,0.8087695125,291.2652739783,-0.0000738692,0.0000931188,400000,20260824,192,0.0274234821,0.0061734077,parity_forward
daily,IWM,2026-09-10,1530,essvi_gfree,ok,,1M,0.0833333333,false,false,287.3832055600,287.3825159291,-0.0000023997,0.0001495202,-0.0160492712,32768,20260824,104,3.0000000000,true,0.6275627010,287.3703538657,-0.0000447197,0.0000483333,400000,20260824,192,0.0026395075,0.0029567270,parity_forward
daily,IWM,2026-09-10,1530,essvi_gfree,ok,,3M,0.2500000000,false,false,288.9143036383,288.9092538663,-0.0000174784,0.0002890982,-0.0604584873,32768,20260824,104,3.0000000000,true,0.6275627010,288.9083026835,-0.0000207707,0.0000816717,400000,20260824,192,0.0221341589,0.0043051436,parity_forward
daily,IWM,2026-09-10,1530,essvi_gfree,ok,,6M,0.5000000000,false,false,291.2867911009,291.3492454875,0.0002144086,0.0003416528,0.6275627010,32768,20260824,104,3.0000000000,true,0.6275627010,291.2660676879,-0.0000711444,0.0000975189,400000,20260824,192,0.0274234821,0.0061734077,parity_forward
daily,IWM,2026-09-10,1530,essvi_sg05,ok,,1M,0.0833333333,false,false,287.3832055600,287.4037768795,0.0000715815,0.0001739577,0.4114880008,32768,20260824,104,3.0000000000,true,0.8480912428,287.3717120917,-0.0000399935,0.0000431887,400000,20260824,192,0.0026395075,0.0029567270,parity_forward
daily,IWM,2026-09-10,1530,essvi_sg05,ok,,3M,0.2500000000,false,false,288.9143036383,288.9200351630,0.0000198381,0.0002877929,0.0689320238,32768,20260824,104,3.0000000000,true,0.8480912428,288.9071751310,-0.0000246734,0.0000767214,400000,20260824,192,0.0221341589,0.0043051436,parity_forward
daily,IWM,2026-09-10,1530,essvi_sg05,ok,,6M,0.5000000000,false,false,291.2867911009,291.3659227033,0.0002716622,0.0003203219,0.8480912428,32768,20260824,104,3.0000000000,true,0.8480912428,291.2659414510,-0.0000715777,0.0000869154,400000,20260824,192,0.0274234821,0.0061734077,parity_forward
daily,IWM,2026-09-11,1530,svi,ok,,1M,0.0833333333,false,false,289.2049172134,289.2033042783,-0.0000055771,0.0000921683,-0.0605103737,32768,20260824,104,3.0000000000,true,0.9496239051,289.2019955594,-0.0000101024,0.0000307541,400000,20260824,192,0.0022789002,0.0030684733,parity_forward
daily,IWM,2026-09-11,1530,svi,ok,,3M,0.2500000000,false,false,290.7201965233,290.6737077232,-0.0001599091,0.0001683920,-0.9496239051,32768,20260824,104,3.0000000000,true,0.9496239051,290.7121913270,-0.0000275357,0.0000505303,400000,20260824,192,0.0216627841,0.0045478252,parity_forward
daily,IWM,2026-09-11,1530,svi,ok,,6M,0.5000000000,false,false,293.2156621657,293.2392509671,0.0000804486,0.0002065904,0.3894112757,32768,20260824,104,3.0000000000,true,0.9496239051,293.2030547785,-0.0000429970,0.0000608174,400000,20260824,192,0.0279256040,0.0062188866,parity_forward
daily,IWM,2026-09-11,1530,ssvi,ok,,1M,0.0833333333,false,false,289.2049172134,289.1996298223,-0.0000182825,0.0000845983,-0.2161095914,32768,20260824,104,3.0000000000,true,1.4788230420,289.2003483971,-0.0000157979,0.0000264809,400000,20260824,192,0.0022789002,0.0030684733,parity_forward
daily,IWM,2026-09-11,1530,ssvi,ok,,3M,0.2500000000,false,false,290.7201965233,290.6580397179,-0.0002138028,0.0001445764,-1.4788230420,32768,20260824,104,3.0000000000,true,1.4788230420,290.7150653719,-0.0000176498,0.0000421779,400000,20260824,192,0.0216627841,0.0045478252,parity_forward
daily,IWM,2026-09-11,1530,ssvi,ok,,6M,0.5000000000,false,false,293.2156621657,293.2337949516,0.0000618411,0.0001796117,0.3443044889,32768,20260824,104,3.0000000000,true,1.4788230420,293.2045781245,-0.0000378017,0.0000524914,400000,20260824,192,0.0279256040,0.0062188866,parity_forward
daily,IWM,2026-09-11,1530,essvi,ok,,1M,0.0833333333,false,false,289.2049172134,289.2005935568,-0.0000149501,0.0001154210,-0.1295271095,32768,20260824,104,3.0000000000,true,1.1235980427,289.1997811623,-0.0000177592,0.0000345644,400000,20260824,192,0.0022789002,0.0030684733,parity_forward
daily,IWM,2026-09-11,1530,essvi,ok,,3M,0.2500000000,false,false,290.7201965233,290.6516831659,-0.0002356677,0.0002097438,-1.1235980427,32768,20260824,104,3.0000000000,true,1.1235980427,290.7164110041,-0.0000130212,0.0000594621,400000,20260824,192,0.0216627841,0.0045478252,parity_forward
daily,IWM,2026-09-11,1530,essvi,ok,,6M,0.5000000000,false,false,293.2156621657,293.2325435019,0.0000575731,0.0002492268,0.2310068542,32768,20260824,104,3.0000000000,true,1.1235980427,293.2009338893,-0.0000502302,0.0000716285,400000,20260824,192,0.0279256040,0.0062188866,parity_forward
daily,IWM,2026-09-11,1530,essvi_g05,ok,,1M,0.0833333333,false,false,289.2049172134,289.2527831553,0.0001655087,0.0001530890,1.0811274674,32768,20260824,104,3.0000000000,true,1.0811274674,289.1936520517,-0.0000389522,0.0000383779,400000,20260824,192,0.0022789002,0.0030684733,parity_forward
daily,IWM,2026-09-11,1530,essvi_g05,ok,,3M,0.2500000000,false,false,290.7201965233,290.6965338607,-0.0000813933,0.0002364379,-0.3442479144,32768,20260824,104,3.0000000000,true,1.0811274674,290.7081812148,-0.0000413295,0.0000628367,400000,20260824,192,0.0216627841,0.0045478252,parity_forward
daily,IWM,2026-09-11,1530,essvi_g05,ok,,6M,0.5000000000,false,false,293.2156621657,293.2989121674,0.0002839207,0.0002681492,1.0588161935,32768,20260824,104,3.0000000000,true,1.0811274674,293.1952848328,-0.0000694961,0.0000735856,400000,20260824,192,0.0279256040,0.0062188866,parity_forward
daily,IWM,2026-09-11,1530,essvi_gfree,ok,,1M,0.0833333333,false,false,289.2049172134,289.2344679581,0.0001021793,0.0001235882,0.8267717768,32768,20260824,104,3.0000000000,true,0.8267717768,289.1976496856,-0.0000251293,0.0000383024,400000,20260824,192,0.0022789002,0.0030684733,parity_forward
daily,IWM,2026-09-11,1530,essvi_gfree,ok,,3M,0.2500000000,false,false,290.7201965233,290.6870198286,-0.0001141190,0.0002202236,-0.5181958999,32768,20260824,104,3.0000000000,true,0.8267717768,290.7121493089,-0.0000276803,0.0000636210,400000,20260824,192,0.0216627841,0.0045478252,parity_forward
daily,IWM,2026-09-11,1530,essvi_gfree,ok,,6M,0.5000000000,false,false,293.2156621657,293.2714185523,0.0001901549,0.0002552558,0.7449580187,32768,20260824,104,3.0000000000,true,0.8267717768,293.1977103253,-0.0000612240,0.0000744667,400000,20260824,192,0.0279256040,0.0062188866,parity_forward
daily,IWM,2026-09-11,1530,essvi_sg05,ok,,1M,0.0833333333,false,false,289.2049172134,289.2175902419,0.0000438202,0.0001440396,0.3042234733,32768,20260824,104,3.0000000000,true,0.8005198595,289.1975231766,-0.0000255668,0.0000408150,400000,20260824,192,0.0022789002,0.0030684733,parity_forward
daily,IWM,2026-09-11,1530,essvi_sg05,ok,,3M,0.2500000000,false,false,290.7201965233,290.6893478450,-0.0001061112,0.0002540208,-0.4177266121,32768,20260824,104,3.0000000000,true,0.8005198595,290.7119797475,-0.0000282635,0.0000710368,400000,20260824,192,0.0216627841,0.0045478252,parity_forward
daily,IWM,2026-09-11,1530,essvi_sg05,ok,,6M,0.5000000000,false,false,293.2156621657,293.2842918411,0.0002340587,0.0002923834,0.8005198595,32768,20260824,104,3.0000000000,true,0.8005198595,293.1846156151,-0.0001058830,0.0000837732,400000,20260824,192,0.0279256040,0.0062188866,parity_forward
daily,META,2026-08-14,1530,svi,ok,,1M,0.0833333333,false,false,593.3806887066,593.3519231651,-0.0000484774,0.0000846283,-0.5728268365,32768,20260824,104,3.0000000000,true,0.9172933299,593.3902197367,0.0000160623,0.0000214434,400000,20260824,192,0.0410357996,-0.0002663535,parity_forward
daily,META,2026-08-14,1530,svi,ok,,3M,0.2500000000,false,false,597.4150926810,597.5637046175,0.0002487583,0.0002711873,0.9172933299,32768,20260824,104,3.0000000000,true,0.9172933299,597.4434541298,0.0000474736,0.0000731005,400000,20260824,192,0.0407826221,-0.0005695322,parity_forward
daily,META,2026-08-14,1530,svi,ok,,6M,0.5000000000,false,false,604.4448433787,604.2225113706,-0.0003678284,0.0005123254,-0.7179586470,32768,20260824,104,3.0000000000,true,0.9172933299,604.4668277752,0.0000363712,0.0001420319,400000,20260824,192,0.0437878172,-0.0023848420,parity_forward
daily,META,2026-08-14,1530,ssvi,ok,,1M,0.0833333333,false,false,593.3806887066,593.3865633242,0.0000099003,0.0000583016,0.1698108772,32768,20260824,104,3.0000000000,true,1.3194668463,593.3906984068,0.0000168689,0.0000150222,400000,20260824,192,0.0410357996,-0.0002663535,parity_forward
daily,META,2026-08-14,1530,ssvi,ok,,3M,0.2500000000,false,false,597.4150926810,597.6127848222,0.0003309125,0.0002507926,1.3194668463,32768,20260824,104,3.0000000000,true,1.3194668463,597.4368439381,0.0000364090,0.0000686943,400000,20260824,192,0.0407826221,-0.0005695322,parity_forward
daily,META,2026-08-14,1530,ssvi,ok,,6M,0.5000000000,false,false,604.4448433787,604.2579836534,-0.0003091427,0.0005188736,-0.5957958105,32768,20260824,104,3.0000000000,true,1.3194668463,604.4645358650,0.0000325795,0.0001455304,400000,20260824,192,0.0437878172,-0.0023848420,parity_forward
daily,META,2026-08-14,1530,essvi,ok,,1M,0.0833333333,false,false,593.3806887066,593.3682920060,-0.0000208916,0.0000748835,-0.2789887924,32768,20260824,104,3.0000000000,true,1.1081306006,593.3922851629,0.0000195430,0.0000195605,400000,20260824,192,0.0410357996,-0.0002663535,parity_forward
daily,META,2026-08-14,1530,essvi,ok,,3M,0.2500000000,false,false,597.4150926810,597.5917805985,0.0002957540,0.0002668946,1.1081306006,32768,20260824,104,3.0000000000,true,1.1081306006,597.4485874263,0.0000560661,0.0000725852,400000,20260824,192,0.0407826221,-0.0005695322,parity_forward
daily,META,2026-08-14,1530,essvi,ok,,6M,0.5000000000,false,false,604.4448433787,604.2531315845,-0.0003171700,0.0005084094,-0.6238477586,32768,20260824,104,3.0000000000,true,1.1081306006,604.4868512240,0.0000694982,0.0001421714,400000,20260824,192,0.0437878172,-0.0023848420,parity_forward
daily,META,2026-08-14,1530,essvi_g05,ok,,1M,0.0833333333,false,false,593.3806887066,593.3618052268,-0.0000318235,0.0000743375,-0.4280954278,32768,20260824,104,3.0000000000,true,0.8529905668,593.3931655544,0.0000210267,0.0000191412,400000,20260824,192,0.0410357996,-0.0002663535,parity_forward
daily,META,2026-08-14,1530,essvi_g05,ok,,3M,0.2500000000,false,false,597.4150926810,597.5506688175,0.0002269379,0.0002660497,0.8529905668,32768,20260824,104,3.0000000000,true,0.8529905668,597.4436803021,0.0000478522,0.0000729347,400000,20260824,192,0.0407826221,-0.0005695322,parity_forward
daily,META,2026-08-14,1530,essvi_g05,ok,,6M,0.5000000000,false,false,604.4448433787,604.2238082970,-0.0003656828,0.0005352305,-0.6832249329,32768,20260824,104,3.0000000000,true,0.8529905668,604.4768371726,0.0000529309,0.0001503787,400000,20260824,192,0.0437878172,-0.0023848420,parity_forward
daily,META,2026-08-14,1530,essvi_gfree,ok,,1M,0.0833333333,false,false,593.3806887066,593.3634727623,-0.0000290133,0.0000737663,-0.3933139853,32768,20260824,104,3.0000000000,true,0.8906136425,593.3920294410,0.0000191121,0.0000190691,400000,20260824,192,0.0410357996,-0.0002663535,parity_forward
daily,META,2026-08-14,1530,essvi_gfree,ok,,3M,0.2500000000,false,false,597.4150926810,597.5553097200,0.0002347062,0.0002635332,0.8906136425,32768,20260824,104,3.0000000000,true,0.8906136425,597.4414418751,0.0000441053,0.0000725768,400000,20260824,192,0.0407826221,-0.0005695322,parity_forward
daily,META,2026-08-14,1530,essvi_gfree,ok,,6M,0.5000000000,false,false,604.4448433787,604.2207323983,-0.0003707716,0.0005082936,-0.7294437993,32768,20260824,104,3.0000000000,true,0.8906136425,604.4729216975,0.0000464531,0.0001427349,400000,20260824,192,0.0437878172,-0.0023848420,parity_forward
daily,META,2026-08-14,1530,essvi_sg05,ok,,1M,0.0833333333,false,false,593.3806887066,593.3609920213,-0.0000331940,0.0000764912,-0.4339584256,32768,20260824,104,3.0000000000,true,0.8997899576,593.3943167467,0.0000229668,0.0000195056,400000,20260824,192,0.0410357996,-0.0002663535,parity_forward
daily,META,2026-08-14,1530,essvi_sg05,ok,,3M,0.2500000000,false,false,597.4150926810,597.5587365558,0.0002404423,0.0002672205,0.8997899576,32768,20260824,104,3.0000000000,true,0.8997899576,597.4442101676,0.0000487391,0.0000735510,400000,20260824,192,0.0407826221,-0.0005695322,parity_forward
daily,META,2026-08-14,1530,essvi_sg05,ok,,6M,0.5000000000,false,false,604.4448433787,604.2169636283,-0.0003770067,0.0005210971,-0.7234864839,32768,20260824,104,3.0000000000,true,0.8997899576,604.4717629879,0.0000445361,0.0001462412,400000,20260824,192,0.0437878172,-0.0023848420,parity_forward
daily,META,2026-08-17,1530,svi,ok,,1M,0.0833333333,false,false,571.1925689612,571.2523930195,0.0001047354,0.0000858760,1.2196113984,32768,20260824,104,3.0000000000,true,1.2196113984,571.1714818304,-0.0000369177,0.0000263000,400000,20260824,192,0.0384563601,-0.0000514343,parity_forward
daily,META,2026-08-17,1530,svi,ok,,3M,0.2500000000,false,false,575.2407099683,575.3880127105,0.0002560715,0.0002667234,0.9600636877,32768,20260824,104,3.0000000000,true,1.2196113984,575.2277815515,-0.0000224748,0.0000777957,400000,20260824,192,0.0410674979,-0.0006650506,parity_forward
daily,META,2026-08-17,1530,svi,ok,,6M,0.5000000000,false,false,581.5337011242,581.3330861393,-0.0003449757,0.0005161748,-0.6683311588,32768,20260824,104,3.0000000000,true,1.2196113984,581.5548386899,0.0000363480,0.0001479296,400000,20260824,192,0.0422944421,-0.0015914874,parity_forward
daily,META,2026-08-17,1530,ssvi,ok,,1M,0.0833333333,false,false,571.1925689612,571.1980909875,0.0000096675,0.0000581152,0.1663512040,32768,20260824,104,3.0000000000,true,0.9615589528,571.1972662893,0.0000082237,0.0000174018,400000,20260824,192,0.0384563601,-0.0000514343,parity_forward
daily,META,2026-08-17,1530,ssvi,ok,,3M,0.2500000000,false,false,575.2407099683,575.3833951706,0.0002480443,0.0002579606,0.9615589528,32768,20260824,104,3.0000000000,true,0.9615589528,575.2584895023,0.0000309080,0.0000737353,400000,20260824,192,0.0410674979,-0.0006650506,parity_forward
daily,META,2026-08-17,1530,ssvi,ok,,6M,0.5000000000,false,false,581.5337011242,581.3377746401,-0.0003369134,0.0005329773,-0.6321345165,32768,20260824,104,3.0000000000,true,0.9615589528,581.5740484869,0.0000693810,0.0001519463,400000,20260824,192,0.0422944421,-0.0015914874,parity_forward
daily,META,2026-08-17,1530,essvi,ok,,1M,0.0833333333,false,false,571.1925689612,571.1674880933,-0.0000439097,0.0000649676,-0.6758703831,32768,20260824,104,3.0000000000,true,0.8073014022,571.1943152948,0.0000030573,0.0000196938,400000,20260824,192,0.0384563601,-0.0000514343,parity_forward
daily,META,2026-08-17,1530,essvi,ok,,3M,0.2500000000,false,false,575.2407099683,575.3361602953,0.0001659311,0.0002632500,0.6303174780,32768,20260824,104,3.0000000000,true,0.8073014022,575.2577702275,0.0000296576,0.0000750790,400000,20260824,192,0.0410674979,-0.0006650506,parity_forward
daily,META,2026-08-17,1530,essvi,ok,,6M,0.5000000000,false,false,581.5337011242,581.2883496374,-0.0004219042,0.0005226105,-0.8073014022,32768,20260824,104,3.0000000000,true,0.8073014022,581.5717522273,0.0000654323,0.0001476328,400000,20260824,192,0.0422944421,-0.0015914874,parity_forward
daily,META,2026-08-17,1530,essvi_g05,ok,,1M,0.0833333333,false,false,571.1925689612,571.1867314253,-0.0000102199,0.0000640477,-0.1595672249,32768,20260824,104,3.0000000000,true,0.7634116095,571.1875270529,-0.0000088270,0.0000193308,400000,20260824,192,0.0384563601,-0.0000514343,parity_forward
daily,META,2026-08-17,1530,essvi_g05,ok,,3M,0.2500000000,false,false,575.2407099683,575.3559997872,0.0002004201,0.0002625322,0.7634116095,32768,20260824,104,3.0000000000,true,0.7634116095,575.2491502655,0.0000146726,0.0000749238,400000,20260824,192,0.0410674979,-0.0006650506,parity_forward
daily,META,2026-08-17,1530,essvi_g05,ok,,6M,0.5000000000,false,false,581.5337011242,581.3187555565,-0.0003696184,0.0005443276,-0.6790366433,32768,20260824,104,3.0000000000,true,0.7634116095,581.5649928731,0.0000538090,0.0001539774,400000,20260824,192,0.0422944421,-0.0015914874,parity_forward
daily,META,2026-08-17,1530,essvi_gfree,ok,,1M,0.0833333333,false,false,571.1925689612,571.1879817587,-0.0000080309,0.0000617612,-0.1300317548,32768,20260824,104,3.0000000000,true,0.7992888222,571.1861687106,-0.0000112051,0.0000193203,400000,20260824,192,0.0384563601,-0.0000514343,parity_forward
daily,META,2026-08-17,1530,essvi_gfree,ok,,3M,0.2500000000,false,false,575.2407099683,575.3602889646,0.0002078764,0.0002600768,0.7992888222,32768,20260824,104,3.0000000000,true,0.7992888222,575.2479681622,0.0000126177,0.0000747865,400000,20260824,192,0.0410674979,-0.0006650506,parity_forward
daily,META,2026-08-17,1530,essvi_gfree,ok,,6M,0.5000000000,false,false,581.5337011242,581.3035149469,-0.0003958260,0.0005180660,-0.7640455396,32768,20260824,104,3.0000000000,true,0.7992888222,581.5587078635,0.0000430014,0.0001477569,400000,20260824,192,0.0422944421,-0.0015914874,parity_forward
daily,META,2026-08-17,1530,essvi_sg05,ok,,1M,0.0833333333,false,false,571.1925689612,571.1923128850,-0.0000004483,0.0000694886,-0.0064516816,32768,20260824,104,3.0000000000,true,0.8080480542,571.1894089381,-0.0000055323,0.0000199540,400000,20260824,192,0.0384563601,-0.0000514343,parity_forward
daily,META,2026-08-17,1530,essvi_sg05,ok,,3M,0.2500000000,false,false,575.2407099683,575.3625439980,0.0002117966,0.0002621089,0.8080480542,32768,20260824,104,3.0000000000,true,0.8080480542,575.2505474052,0.0000171014,0.0000749441,400000,20260824,192,0.0410674979,-0.0006650506,parity_forward
daily,META,2026-08-17,1530,essvi_sg05,ok,,6M,0.5000000000,false,false,581.5337011242,581.3320805551,-0.0003467049,0.0005260269,-0.6591010093,32768,20260824,104,3.0000000000,true,0.8080480542,581.5622099265,0.0000490235,0.0001494551,400000,20260824,192,0.0422944421,-0.0015914874,parity_forward
daily,META,2026-08-18,1530,svi,ok,,1M,0.0833333333,false,false,546.6067260663,546.5513259894,-0.0001013527,0.0000802849,-1.2624128412,32768,20260824,104,3.0000000000,true,1.2624128412,546.6323313587,0.0000468441,0.0000283733,400000,20260824,192,0.0399501527,-0.0001759029,parity_forward
daily,META,2026-08-18,1530,svi,ok,,3M,0.2500000000,false,false,550.7139621804,550.8293888034,0.0002095945,0.0002812504,0.7452239442,32768,20260824,104,3.0000000000,true,1.2624128412,550.7470211539,0.0000600293,0.0000823000,400000,20260824,192,0.0432606006,-0.0011880810,parity_forward
daily,META,2026-08-18,1530,svi,ok,,6M,0.5000000000,false,false,556.8643607471,556.6210435580,-0.0004369416,0.0005341644,-0.8179908757,32768,20260824,104,3.0000000000,true,1.2624128412,556.9104654250,0.0000827934,0.0001560984,400000,20260824,192,0.0438425869,-0.0023632324,parity_forward
daily,META,2026-08-18,1530,ssvi,ok,,1M,0.0833333333,false,false,546.6067260663,546.6031056093,-0.0000066235,0.0000614418,-0.1078014718,32768,20260824,104,3.0000000000,true,1.0577867854,546.6109765762,0.0000077762,0.0000186612,400000,20260824,192,0.0399501527,-0.0001759029,parity_forward
daily,META,2026-08-18,1530,ssvi,ok,,3M,0.2500000000,false,false,550.7139621804,550.8670284053,0.0002779414,0.0002627575,1.0577867854,32768,20260824,104,3.0000000000,true,1.0577867854,550.7308341261,0.0000306365,0.0000760750,400000,20260824,192,0.0432606006,-0.0011880810,parity_forward
daily,META,2026-08-18,1530,ssvi,ok,,6M,0.5000000000,false,false,556.8643607471,556.6462849303,-0.0003916139,0.0005311214,-0.7373340927,32768,20260824,104,3.0000000000,true,1.0577867854,556.9003074946,0.0000645521,0.0001553611,400000,20260824,192,0.0438425869,-0.0023632324,parity_forward
daily,META,2026-08-18,1530,essvi,ok,,1M,0.0833333333,false,false,546.6067260663,546.5958389714,-0.0000199176,0.0000676809,-0.2942869530,32768,20260824,104,3.0000000000,true,0.9891752095,546.6059002189,-0.0000015109,0.0000220565,400000,20260824,192,0.0399501527,-0.0001759029,parity_forward
daily,META,2026-08-18,1530,essvi,ok,,3M,0.2500000000,false,false,550.7139621804,550.8602268237,0.0002655909,0.0002684974,0.9891752095,32768,20260824,104,3.0000000000,true,0.9891752095,550.7248462610,0.0000197636,0.0000787395,400000,20260824,192,0.0432606006,-0.0011880810,parity_forward
daily,META,2026-08-18,1530,essvi,ok,,6M,0.5000000000,false,false,556.8643607471,556.6454916468,-0.0003930384,0.0005259282,-0.7473234263,32768,20260824,104,3.0000000000,true,0.9891752095,556.8924715983,0.0000504806,0.0001545896,400000,20260824,192,0.0438425869,-0.0023632324,parity_forward
daily,META,2026-08-18,1530,essvi_g05,ok,,1M,0.0833333333,false,false,546.6067260663,546.5825699611,-0.0000441928,0.0001037863,-0.4258062451,32768,20260824,104,3.0000000000,true,0.7604440409,546.6032985006,-0.0000062706,0.0000269008,400000,20260824,192,0.0399501527,-0.0001759029,parity_forward
daily,META,2026-08-18,1530,essvi_g05,ok,,3M,0.2500000000,false,false,550.7139621804,550.8159625424,0.0001852148,0.0002776730,0.6670248895,32768,20260824,104,3.0000000000,true,0.7604440409,550.7193549724,0.0000097924,0.0000803435,400000,20260824,192,0.0432606006,-0.0011880810,parity_forward
daily,META,2026-08-18,1530,essvi_g05,ok,,6M,0.5000000000,false,false,556.8643607471,556.6257551116,-0.0004284807,0.0005634612,-0.7604440409,32768,20260824,104,3.0000000000,true,0.7604440409,556.8920267901,0.0000496818,0.0001658684,400000,20260824,192,0.0438425869,-0.0023632324,parity_forward
daily,META,2026-08-18,1530,essvi_gfree,ok,,1M,0.0833333333,false,false,546.6067260663,546.5897206932,-0.0000311108,0.0000914401,-0.3402314387,32768,20260824,104,3.0000000000,true,0.8499443873,546.6072594867,0.0000009759,0.0000249284,400000,20260824,192,0.0399501527,-0.0001759029,parity_forward
daily,META,2026-08-18,1530,essvi_gfree,ok,,3M,0.2500000000,false,false,550.7139621804,550.8418284159,0.0002321827,0.0002731739,0.8499443873,32768,20260824,104,3.0000000000,true,0.8499443873,550.7241814226,0.0000185564,0.0000793530,400000,20260824,192,0.0432606006,-0.0011880810,parity_forward
daily,META,2026-08-18,1530,essvi_gfree,ok,,6M,0.5000000000,false,false,556.8643607471,556.6443575343,-0.0003950750,0.0005266906,-0.7501084141,32768,20260824,104,3.0000000000,true,0.8499443873,556.8922063953,0.0000500044,0.0001539323,400000,20260824,192,0.0438425869,-0.0023632324,parity_forward
daily,META,2026-08-18,1530,essvi_sg05,ok,,1M,0.0833333333,false,false,546.6067260663,546.6091910926,0.0000045097,0.0000711529,0.0633802594,32768,20260824,104,3.0000000000,true,1.0957568431,546.6087863626,0.0000037692,0.0000246305,400000,20260824,192,0.0399501527,-0.0001759029,parity_forward
daily,META,2026-08-18,1530,essvi_sg05,ok,,3M,0.2500000000,false,false,550.7139621804,550.8761315739,0.0002944712,0.0002687377,1.0957568431,32768,20260824,104,3.0000000000,true,1.0957568431,550.7277712422,0.0000250748,0.0000788624,400000,20260824,192,0.0432606006,-0.0011880810,parity_forward
daily,META,2026-08-18,1530,essvi_sg05,ok,,6M,0.5000000000,false,false,556.8643607471,556.6640183808,-0.0003597687,0.0005302249,-0.6785209524,32768,20260824,104,3.0000000000,true,1.0957568431,556.8944327468,0.0000540024,0.0001554894,400000,20260824,192,0.0438425869,-0.0023632324,parity_forward
daily,META,2026-08-19,1530,svi,ok,,1M,0.0833333333,false,false,552.5722279449,552.5599695685,-0.0000221842,0.0000707146,-0.3137146730,32768,20260824,104,3.0000000000,true,0.7921250712,552.5887173151,0.0000298411,0.0000330898,400000,20260824,192,0.0432336580,-0.0004577456,parity_forward
daily,META,2026-08-19,1530,svi,ok,,3M,0.2500000000,false,false,556.7026569234,556.7768313039,0.0001332388,0.0002707670,0.4920791105,32768,20260824,104,3.0000000000,true,0.7921250712,556.7252102810,0.0000405124,0.0000858016,400000,20260824,192,0.0441996739,-0.0014468663,parity_forward
daily,META,2026-08-19,1530,svi,ok,,6M,0.5000000000,false,false,563.1654059773,562.9249569662,-0.0004269598,0.0005390056,-0.7921250712,32768,20260824,104,3.0000000000,true,0.7921250712,563.2167553667,0.0000911799,0.0001587769,400000,20260824,192,0.0451840592,-0.0030810550,parity_forward
daily,META,2026-08-19,1530,ssvi,ok,,1M,0.0833333333,false,false,552.5722279449,552.5802206344,0.0000144645,0.0000590979,0.2447552432,32768,20260824,104,3.0000000000,true,1.0333976063,552.5831422162,0.0000197518,0.0000185937,400000,20260824,192,0.0432336580,-0.0004577456,parity_forward
daily,META,2026-08-19,1530,ssvi,ok,,3M,0.2500000000,false,false,556.7026569234,556.8555019390,0.0002745541,0.0002656810,1.0333976063,32768,20260824,104,3.0000000000,true,1.0333976063,556.7178077064,0.0000272152,0.0000781855,400000,20260824,192,0.0441996739,-0.0014468663,parity_forward
daily,META,2026-08-19,1530,ssvi,ok,,6M,0.5000000000,false,false,563.1654059773,562.9678595912,-0.0003507786,0.0005456658,-0.6428451285,32768,20260824,104,3.0000000000,true,1.0333976063,563.1995951704,0.0000607090,0.0001602122,400000,20260824,192,0.0451840592,-0.0030810550,parity_forward
daily,META,2026-08-19,1530,essvi,ok,,1M,0.0833333333,false,false,552.5722279449,552.5940045498,0.0000394095,0.0000707073,0.5573612150,32768,20260824,104,3.0000000000,true,0.8863480297,552.5775263317,0.0000095886,0.0000245281,400000,20260824,192,0.0432336580,-0.0004577456,parity_forward
daily,META,2026-08-19,1530,essvi,ok,,3M,0.2500000000,false,false,556.7026569234,556.8357939435,0.0002391528,0.0002698182,0.8863480297,32768,20260824,104,3.0000000000,true,0.8863480297,556.7109124825,0.0000148294,0.0000815604,400000,20260824,192,0.0441996739,-0.0014468663,parity_forward
daily,META,2026-08-19,1530,essvi,ok,,6M,0.5000000000,false,false,563.1654059773,562.9748217621,-0.0003384161,0.0005330365,-0.6348834773,32768,20260824,104,3.0000000000,true,0.8863480297,563.2002058747,0.0000617934,0.0001580889,400000,20260824,192,0.0451840592,-0.0030810550,parity_forward
daily,META,2026-08-19,1530,essvi_g05,ok,,1M,0.0833333333,false,false,552.5722279449,552.6016075644,0.0000531688,0.0000699675,0.7599079905,32768,20260824,104,3.0000000000,true,0.8758856818,552.5723764460,0.0000002687,0.0000256790,400000,20260824,192,0.0432336580,-0.0004577456,parity_forward
daily,META,2026-08-19,1530,essvi_g05,ok,,3M,0.2500000000,false,false,556.7026569234,556.8353642647,0.0002383810,0.0002721600,0.8758856818,32768,20260824,104,3.0000000000,true,0.8758856818,556.7023127589,-0.0000006182,0.0000821435,400000,20260824,192,0.0441996739,-0.0014468663,parity_forward
daily,META,2026-08-19,1530,essvi_g05,ok,,6M,0.5000000000,false,false,563.1654059773,562.9726689020,-0.0003422388,0.0005607879,-0.6102821110,32768,20260824,104,3.0000000000,true,0.8758856818,563.1897561534,0.0000432381,0.0001660891,400000,20260824,192,0.0451840592,-0.0030810550,parity_forward
daily,META,2026-08-19,1530,essvi_gfree,ok,,1M,0.0833333333,false,false,552.5722279449,552.6030847075,0.0000558420,0.0000729478,0.7655070999,32768,20260824,104,3.0000000000,true,0.9865744981,552.5718092275,-0.0000007578,0.0000262116,400000,20260824,192,0.0432336580,-0.0004577456,parity_forward
daily,META,2026-08-19,1530,essvi_gfree,ok,,3M,0.2500000000,false,false,556.7026569234,556.8536336776,0.0002711982,0.0002748887,0.9865744981,32768,20260824,104,3.0000000000,true,0.9865744981,556.7035807065,0.0000016594,0.0000823665,400000,20260824,192,0.0441996739,-0.0014468663,parity_forward
daily,META,2026-08-19,1530,essvi_gfree,ok,,6M,0.5000000000,false,false,563.1654059773,562.9760200348,-0.0003362883,0.0005292489,-0.6354066922,32768,20260824,104,3.0000000000,true,0.9865744981,563.1869945368,0.0000383343,0.0001558555,400000,20260824,192,0.0451840592,-0.0030810550,parity_forward
daily,META,2026-08-19,1530,essvi_sg05,ok,,1M,0.0833333333,false,false,552.5722279449,552.6209875269,0.0000882411,0.0000749199,1.1778066653,32768,20260824,104,3.0000000000,true,1.1778066653,552.5682979640,-0.0000071122,0.0000273482,400000,20260824,192,0.0432336580,-0.0004577456,parity_forward
daily,META,2026-08-19,1530,essvi_sg05,ok,,3M,0.2500000000,false,false,556.7026569234,556.8649815299,0.0002915822,0.0002732417,1.0671221576,32768,20260824,104,3.0000000000,true,1.1778066653,556.7007848738,-0.0000033627,0.0000822682,400000,20260824,192,0.0441996739,-0.0014468663,parity_forward
daily,META,2026-08-19,1530,essvi_sg05,ok,,6M,0.5000000000,false,false,563.1654059773,562.9928096091,-0.0003064754,0.0005429537,-0.5644596579,32768,20260824,104,3.0000000000,true,1.1778066653,563.1829389337,0.0000311329,0.0001602376,400000,20260824,192,0.0451840592,-0.0030810550,parity_forward
daily,META,2026-08-20,1530,svi,ok,,1M,0.0833333333,false,false,543.6301935663,543.6275902385,-0.0000047888,0.0000917066,-0.0522185171,32768,20260824,104,3.0000000000,true,0.8174616077,543.6495215740,0.0000355536,0.0000335884,400000,20260824,192,0.0413535061,-0.0003094299,parity_forward
daily,META,2026-08-20,1530,svi,ok,,3M,0.2500000000,false,false,547.5985065014,547.7274108884,0.0002353994,0.0002879639,0.8174616077,32768,20260824,104,3.0000000000,true,0.8174616077,547.6285486923,0.0000548617,0.0000851730,400000,20260824,192,0.0428770685,-0.0011170401,parity_forward
daily,META,2026-08-20,1530,svi,ok,,6M,0.5000000000,false,false,553.9595678415,553.7536572042,-0.0003717070,0.0005556416,-0.6689689840,32768,20260824,104,3.0000000000,true,0.8174616077,554.0044398687,0.0000810024,0.0001611321,400000,20260824,192,0.0445372058,-0.0027585726,parity_forward
daily,META,2026-08-20,1530,ssvi,ok,,1M,0.0833333333,false,false,543.6301935663,543.6385537903,0.0000153785,0.0000672087,0.2288174641,32768,20260824,104,3.0000000000,true,0.9527367945,543.6428049344,0.0000231984,0.0000197825,400000,20260824,192,0.0413535061,-0.0003094299,parity_forward
daily,META,2026-08-20,1530,ssvi,ok,,3M,0.2500000000,false,false,547.5985065014,547.7487648716,0.0002743951,0.0002880073,0.9527367945,32768,20260824,104,3.0000000000,true,0.9527367945,547.6214538648,0.0000419055,0.0000821296,400000,20260824,192,0.0428770685,-0.0011170401,parity_forward
daily,META,2026-08-20,1530,ssvi,ok,,6M,0.5000000000,false,false,553.9595678415,553.7664682867,-0.0003485806,0.0005782208,-0.6028503323,32768,20260824,104,3.0000000000,true,0.9527367945,553.9973598135,0.0000682215,0.0001663000,400000,20260824,192,0.0445372058,-0.0027585726,parity_forward
daily,META,2026-08-20,1530,essvi,ok,,1M,0.0833333333,false,false,543.6301935663,543.6451497756,0.0000275117,0.0000925326,0.2973193639,32768,20260824,104,3.0000000000,true,0.9606573925,543.6461215613,0.0000292993,0.0000273254,400000,20260824,192,0.0413535061,-0.0003094299,parity_forward
daily,META,2026-08-20,1530,essvi,ok,,3M,0.2500000000,false,false,547.5985065014,547.7521239266,0.0002805293,0.0002920181,0.9606573925,32768,20260824,104,3.0000000000,true,0.9606573925,547.6220742434,0.0000430384,0.0000834851,400000,20260824,192,0.0428770685,-0.0011170401,parity_forward
daily,META,2026-08-20,1530,essvi,ok,,6M,0.5000000000,false,false,553.9595678415,553.7758001199,-0.0003317349,0.0005610426,-0.5912829324,32768,20260824,104,3.0000000000,true,0.9606573925,553.9980758602,0.0000695141,0.0001611252,400000,20260824,192,0.0445372058,-0.0027585726,parity_forward
daily,META,2026-08-20,1530,essvi_g05,ok,,1M,0.0833333333,false,false,543.6301935663,543.6491567744,0.0000348826,0.0000959779,0.3634437282,32768,20260824,104,3.0000000000,true,0.8635070056,543.6464979058,0.0000299916,0.0000287621,400000,20260824,192,0.0413535061,-0.0003094299,parity_forward
daily,META,2026-08-20,1530,essvi_g05,ok,,3M,0.2500000000,false,false,547.5985065014,547.7373868654,0.0002536171,0.0002937059,0.8635070056,32768,20260824,104,3.0000000000,true,0.8635070056,547.6236646174,0.0000459426,0.0000843276,400000,20260824,192,0.0428770685,-0.0011170401,parity_forward
daily,META,2026-08-20,1530,essvi_g05,ok,,6M,0.5000000000,false,false,553.9595678415,553.7695735991,-0.0003429749,0.0005921334,-0.5792189921,32768,20260824,104,3.0000000000,true,0.8635070056,553.9969519365,0.0000674852,0.0001713587,400000,20260824,192,0.0445372058,-0.0027585726,parity_forward
daily,META,2026-08-20,1530,essvi_gfree,ok,,1M,0.0833333333,false,false,543.6301935663,543.6533776933,0.0000426469,0.0000944993,0.4512929942,32768,20260824,104,3.0000000000,true,0.9671814902,543.6483857820,0.0000334643,0.0000285301,400000,20260824,192,0.0413535061,-0.0003094299,parity_forward
daily,META,2026-08-20,1530,essvi_gfree,ok,,3M,0.2500000000,false,false,547.5985065014,547.7523513374,0.0002809446,0.0002904776,0.9671814902,32768,20260824,104,3.0000000000,true,0.9671814902,547.6265013985,0.0000511230,0.0000837398,400000,20260824,192,0.0428770685,-0.0011170401,parity_forward
daily,META,2026-08-20,1530,essvi_gfree,ok,,6M,0.5000000000,false,false,553.9595678415,553.7757163744,-0.0003318861,0.0005637075,-0.5887557856,32768,20260824,104,3.0000000000,true,0.9671814902,554.0011642750,0.0000750893,0.0001629490,400000,20260824,192,0.0445372058,-0.0027585726,parity_forward
daily,META,2026-08-20,1530,essvi_sg05,ok,,1M,0.0833333333,false,false,543.6301935663,543.6580502652,0.0000512420,0.0001042520,0.4915203238,32768,20260824,104,3.0000000000,true,1.0041476370,543.6452026656,0.0000276090,0.0000309805,400000,20260824,192,0.0413535061,-0.0003094299,parity_forward
daily,META,2026-08-20,1530,essvi_sg05,ok,,3M,0.2500000000,false,false,547.5985065014,547.7601399457,0.0002951678,0.0002939486,1.0041476370,32768,20260824,104,3.0000000000,true,1.0041476370,547.6220574141,0.0000430076,0.0000841840,400000,20260824,192,0.0428770685,-0.0011170401,parity_forward
daily,META,2026-08-20,1530,essvi_sg05,ok,,6M,0.5000000000,false,false,553.9595678415,553.7880317148,-0.0003096546,0.0005704874,-0.5427895423,32768,20260824,104,3.0000000000,true,1.0041476370,553.9949492449,0.0000638700,0.0001644413,400000,20260824,192,0.0445372058,-0.0027585726,parity_forward
daily,META,2026-08-21,1530,svi,ok,,1M,0.0833333333,false,false,551.0824041295,551.0501398905,-0.0000585470,0.0001058432,-0.5531484751,32768,20260824,104,3.0000000000,true,0.7612259347,551.0771429717,-0.0000095470,0.0000295005,400000,20260824,192,0.0361536356,0.0001487757,parity_forward
daily,META,2026-08-21,1530,svi,ok,,3M,0.2500000000,false,false,555.4832353134,555.6095775530,0.0002274456,0.0002987886,0.7612259347,32768,20260824,104,3.0000000000,true,0.7612259347,555.4917623384,0.0000153506,0.0000832094,400000,20260824,192,0.0438675216,-0.0013408232,parity_forward
daily,META,2026-08-21,1530,svi,ok,,6M,0.5000000000,false,false,562.0778642871,561.8446741418,-0.0004148716,0.0005697104,-0.7282148600,32768,20260824,104,3.0000000000,true,0.7612259347,562.0924708401,0.0000259867,0.0001613531,400000,20260824,192,0.0455376801,-0.0032573051,parity_forward
daily,META,2026-08-21,1530,ssvi,ok,,1M,0.0833333333,false,false,551.0824041295,551.0958591843,0.0000244157,0.0000689481,0.3541166256,32768,20260824,104,3.0000000000,true,1.0944213471,551.0926570356,0.0000186050,0.0000181853,400000,20260824,192,0.0361536356,0.0001487757,parity_forward
daily,META,2026-08-21,1530,ssvi,ok,,3M,0.2500000000,false,false,555.4832353134,555.6594183086,0.0003171707,0.0002898067,1.0944213471,32768,20260824,104,3.0000000000,true,1.0944213471,555.5080036760,0.0000445889,0.0000801258,400000,20260824,192,0.0438675216,-0.0013408232,parity_forward
daily,META,2026-08-21,1530,ssvi,ok,,6M,0.5000000000,false,false,562.0778642871,561.9005640892,-0.0003154371,0.0005790229,-0.5447748243,32768,20260824,104,3.0000000000,true,1.0944213471,562.1104328211,0.0000579431,0.0001626690,400000,20260824,192,0.0455376801,-0.0032573051,parity_forward
daily,META,2026-08-21,1530,essvi,ok,,1M,0.0833333333,false,false,551.0824041295,551.0784025527,-0.0000072613,0.0000988065,-0.0734901540,32768,20260824,104,3.0000000000,true,0.9234998767,551.0936735305,0.0000204496,0.0000261484,400000,20260824,192,0.0361536356,0.0001487757,parity_forward
daily,META,2026-08-21,1530,essvi,ok,,3M,0.2500000000,false,false,555.4832353134,555.6346514855,0.0002725846,0.0002951647,0.9234998767,32768,20260824,104,3.0000000000,true,0.9234998767,555.5064572062,0.0000418048,0.0000817853,400000,20260824,192,0.0438675216,-0.0013408232,parity_forward
daily,META,2026-08-21,1530,essvi,ok,,6M,0.5000000000,false,false,562.0778642871,561.8688146776,-0.0003719229,0.0005606655,-0.6633596736,32768,20260824,104,3.0000000000,true,0.9234998767,562.1112975967,0.0000594816,0.0001585562,400000,20260824,192,0.0455376801,-0.0032573051,parity_forward
daily,META,2026-08-21,1530,essvi_g05,ok,,1M,0.0833333333,false,false,551.0824041295,551.0878642075,0.0000099079,0.0001011508,0.0979519425,32768,20260824,104,3.0000000000,true,0.9385861361,551.0932212934,0.0000196289,0.0000266380,400000,20260824,192,0.0361536356,0.0001487757,parity_forward
daily,META,2026-08-21,1530,essvi_g05,ok,,3M,0.2500000000,false,false,555.4832353134,555.6390099785,0.0002804309,0.0002987801,0.9385861361,32768,20260824,104,3.0000000000,true,0.9385861361,555.5079125439,0.0000444248,0.0000822632,400000,20260824,192,0.0438675216,-0.0013408232,parity_forward
daily,META,2026-08-21,1530,essvi_g05,ok,,6M,0.5000000000,false,false,562.0778642871,561.8706182753,-0.0003687141,0.0005934852,-0.6212692247,32768,20260824,104,3.0000000000,true,0.9385861361,562.1101704389,0.0000574763,0.0001674629,400000,20260824,192,0.0455376801,-0.0032573051,parity_forward
daily,META,2026-08-21,1530,essvi_gfree,ok,,1M,0.0833333333,false,false,551.0824041295,551.0868644988,0.0000080938,0.0001044618,0.0774812548,32768,20260824,104,3.0000000000,true,0.9762294828,551.0942186267,0.0000214387,0.0000265899,400000,20260824,192,0.0361536356,0.0001487757,parity_forward
daily,META,2026-08-21,1530,essvi_gfree,ok,,3M,0.2500000000,false,false,555.4832353134,555.6447935838,0.0002908427,0.0002979246,0.9762294828,32768,20260824,104,3.0000000000,true,0.9762294828,555.5078034005,0.0000442283,0.0000819615,400000,20260824,192,0.0438675216,-0.0013408232,parity_forward
daily,META,2026-08-21,1530,essvi_gfree,ok,,6M,0.5000000000,false,false,562.0778642871,561.8725387804,-0.0003652973,0.0005657498,-0.6456870025,32768,20260824,104,3.0000000000,true,0.9762294828,562.1130040857,0.0000625177,0.0001597601,400000,20260824,192,0.0455376801,-0.0032573051,parity_forward
daily,META,2026-08-21,1530,essvi_sg05,ok,,1M,0.0833333333,false,false,551.0824041295,551.0933452290,0.0000198538,0.0001000767,0.1983861205,32768,20260824,104,3.0000000000,true,1.0370010854,551.0922191794,0.0000178105,0.0000272197,400000,20260824,192,0.0361536356,0.0001487757,parity_forward
daily,META,2026-08-21,1530,essvi_sg05,ok,,3M,0.2500000000,false,false,555.4832353134,555.6539437088,0.0003073151,0.0002963499,1.0370010854,32768,20260824,104,3.0000000000,true,1.0370010854,555.5076671467,0.0000439830,0.0000819794,400000,20260824,192,0.0438675216,-0.0013408232,parity_forward
daily,META,2026-08-21,1530,essvi_sg05,ok,,6M,0.5000000000,false,false,562.0778642871,561.8892780595,-0.0003355162,0.0005741947,-0.5843248394,32768,20260824,104,3.0000000000,true,1.0370010854,562.1087260859,0.0000549066,0.0001620071,400000,20260824,192,0.0455376801,-0.0032573051,parity_forward
daily,META,2026-08-24,1538,svi,ok,,1M,0.0833333333,false,false,561.6132432270,561.6274658577,0.0000253246,0.0000793610,0.3191062658,32768,20260824,104,3.0000000000,true,0.7189374934,561.6051624376,-0.0000143885,0.0000264440,400000,20260824,192,0.0329127641,0.0004189250,parity_forward
daily,META,2026-08-24,1538,svi,ok,,3M,0.2500000000,false,false,565.9190102001,566.0363487693,0.0002073416,0.0002884001,0.7189374934,32768,20260824,104,3.0000000000,true,0.7189374934,565.9299535172,0.0000193372,0.0000835688,400000,20260824,192,0.0415210924,-0.0007300895,parity_forward
daily,META,2026-08-24,1538,svi,ok,,6M,0.5000000000,false,false,572.5057760828,572.2955393039,-0.0003672221,0.0005709668,-0.6431584409,32768,20260824,104,3.0000000000,true,0.7189374934,572.5337072504,0.0000487876,0.0001617948,400000,20260824,192,0.0439042425,-0.0023931906,parity_forward
daily,META,2026-08-24,1538,ssvi,ok,,1M,0.0833333333,false,false,561.6132432270,561.6269858115,0.0000244698,0.0000648002,0.3776195025,32768,20260824,104,3.0000000000,true,0.7755678676,561.6182571637,0.0000089277,0.0000196339,400000,20260824,192,0.0329127641,0.0004189250,parity_forward
daily,META,2026-08-24,1538,ssvi,ok,,3M,0.2500000000,false,false,565.9190102001,566.0444982660,0.0002217421,0.0002859093,0.7755678676,32768,20260824,104,3.0000000000,true,0.7755678676,565.9390106072,0.0000353415,0.0000811930,400000,20260824,192,0.0415210924,-0.0007300895,parity_forward
daily,META,2026-08-24,1538,ssvi,ok,,6M,0.5000000000,false,false,572.5057760828,572.2820131161,-0.0003908484,0.0005776444,-0.6766245817,32768,20260824,104,3.0000000000,true,0.7755678676,572.5444082822,0.0000674791,0.0001641622,400000,20260824,192,0.0439042425,-0.0023931906,parity_forward
daily,META,2026-08-24,1538,essvi,ok,,1M,0.0833333333,false,false,561.6132432270,561.6311152141,0.0000318226,0.0000794825,0.4003721581,32768,20260824,104,3.0000000000,true,0.7284038698,561.6123726751,-0.0000015501,0.0000242353,400000,20260824,192,0.0329127641,0.0004189250,parity_forward
daily,META,2026-08-24,1538,essvi,ok,,3M,0.2500000000,false,false,565.9190102001,566.0388488052,0.0002117593,0.0002907169,0.7284038698,32768,20260824,104,3.0000000000,true,0.7284038698,565.9345576804,0.0000274730,0.0000828873,400000,20260824,192,0.0415210924,-0.0007300895,parity_forward
daily,META,2026-08-24,1538,essvi,ok,,6M,0.5000000000,false,false,572.5057760828,572.2795027829,-0.0003952332,0.0005632902,-0.7016511840,32768,20260824,104,3.0000000000,true,0.7284038698,572.5386008876,0.0000573353,0.0001610527,400000,20260824,192,0.0439042425,-0.0023931906,parity_forward
daily,META,2026-08-24,1538,essvi_g05,ok,,1M,0.0833333333,false,false,561.6132432270,561.6304782360,0.0000306884,0.0000820491,0.3740249715,32768,20260824,104,3.0000000000,true,0.6901821255,561.6130066832,-0.0000004212,0.0000248074,400000,20260824,192,0.0329127641,0.0004189250,parity_forward
daily,META,2026-08-24,1538,essvi_g05,ok,,3M,0.2500000000,false,false,565.9190102001,566.0299514454,0.0001960373,0.0002898576,0.6763228487,32768,20260824,104,3.0000000000,true,0.6901821255,565.9346644389,0.0000276616,0.0000831866,400000,20260824,192,0.0415210924,-0.0007300895,parity_forward
daily,META,2026-08-24,1538,essvi_g05,ok,,6M,0.5000000000,false,false,572.5057760828,572.2736892791,-0.0004053877,0.0005873634,-0.6901821255,32768,20260824,104,3.0000000000,true,0.6901821255,572.5405811602,0.0000607943,0.0001676469,400000,20260824,192,0.0439042425,-0.0023931906,parity_forward
daily,META,2026-08-24,1538,essvi_gfree,ok,,1M,0.0833333333,false,false,561.6132432270,561.6298547347,0.0000295782,0.0000816475,0.3622668808,32768,20260824,104,3.0000000000,true,0.7091535422,561.6135353553,0.0000005202,0.0000247136,400000,20260824,192,0.0329127641,0.0004189250,parity_forward
daily,META,2026-08-24,1538,essvi_gfree,ok,,3M,0.2500000000,false,false,565.9190102001,566.0351478381,0.0002052195,0.0002893866,0.7091535422,32768,20260824,104,3.0000000000,true,0.7091535422,565.9351350071,0.0000284931,0.0000830124,400000,20260824,192,0.0415210924,-0.0007300895,parity_forward
daily,META,2026-08-24,1538,essvi_gfree,ok,,6M,0.5000000000,false,false,572.5057760828,572.2736847318,-0.0004053956,0.0005751949,-0.7047969835,32768,20260824,104,3.0000000000,true,0.7091535422,572.5401828768,0.0000600986,0.0001644262,400000,20260824,192,0.0439042425,-0.0023931906,parity_forward
daily,META,2026-08-24,1538,essvi_sg05,ok,,1M,0.0833333333,false,false,561.6132432270,561.6396236391,0.0000469726,0.0000872991,0.5380645001,32768,20260824,104,3.0000000000,true,0.7702363494,561.6112653121,-0.0000035218,0.0000261748,400000,20260824,192,0.0329127641,0.0004189250,parity_forward
daily,META,2026-08-24,1538,essvi_sg05,ok,,3M,0.2500000000,false,false,565.9190102001,566.0458498497,0.0002241304,0.0002909891,0.7702363494,32768,20260824,104,3.0000000000,true,0.7702363494,565.9340696060,0.0000266105,0.0000830857,400000,20260824,192,0.0415210924,-0.0007300895,parity_forward
daily,META,2026-08-24,1538,essvi_sg05,ok,,6M,0.5000000000,false,false,572.5057760828,572.2892016679,-0.0003782921,0.0005738000,-0.6592752186,32768,20260824,104,3.0000000000,true,0.7702363494,572.5383112484,0.0000568294,0.0001633409,400000,20260824,192,0.0439042425,-0.0023931906,parity_forward
daily,META,2026-08-25,1530,svi,ok,,1M,0.0833333333,false,false,567.7299241349,567.7319017326,0.0000034833,0.0000826067,0.0421677998,32768,20260824,104,3.0000000000,true,0.8974834179,567.7420555291,0.0000213682,0.0000283420,400000,20260824,192,0.0393752808,-0.0001280042,parity_forward
daily,META,2026-08-25,1530,svi,ok,,3M,0.2500000000,false,false,571.9390547892,572.0785616147,0.0002439190,0.0002717811,0.8974834179,32768,20260824,104,3.0000000000,true,0.8974834179,571.9659748087,0.0000470680,0.0000816170,400000,20260824,192,0.0426715663,-0.0010417893,parity_forward
daily,META,2026-08-25,1530,svi,ok,,6M,0.5000000000,false,false,578.6980485353,578.4875717047,-0.0003637075,0.0005365218,-0.6778988914,32768,20260824,104,3.0000000000,true,0.8974834179,578.7433610250,0.0000783007,0.0001589833,400000,20260824,192,0.0448325797,-0.0028080323,parity_forward
daily,META,2026-08-25,1530,ssvi,ok,,1M,0.0833333333,false,false,567.7299241349,567.7380522307,0.0000143168,0.0000566456,0.2527441875,32768,20260824,104,3.0000000000,true,0.9153416444,567.7353742247,0.0000095998,0.0000182968,400000,20260824,192,0.0393752808,-0.0001280042,parity_forward
daily,META,2026-08-25,1530,ssvi,ok,,3M,0.2500000000,false,false,571.9390547892,572.0774345346,0.0002419484,0.0002643258,0.9153416444,32768,20260824,104,3.0000000000,true,0.9153416444,571.9573455914,0.0000319803,0.0000785856,400000,20260824,192,0.0426715663,-0.0010417893,parity_forward
daily,META,2026-08-25,1530,ssvi,ok,,6M,0.5000000000,false,false,578.6980485353,578.4887088768,-0.0003617425,0.0005450473,-0.6636899831,32768,20260824,104,3.0000000000,true,0.9153416444,578.7311064278,0.0000571246,0.0001602132,400000,20260824,192,0.0448325797,-0.0028080323,parity_forward
daily,META,2026-08-25,1530,essvi,ok,,1M,0.0833333333,false,false,567.7299241349,567.7307569264,0.0000014669,0.0000658376,0.0222802640,32768,20260824,104,3.0000000000,true,0.8997381868,567.7353385162,0.0000095369,0.0000215407,400000,20260824,192,0.0393752808,-0.0001280042,parity_forward
daily,META,2026-08-25,1530,essvi,ok,,3M,0.2500000000,false,false,571.9390547892,572.0760402163,0.0002395105,0.0002662003,0.8997381868,32768,20260824,104,3.0000000000,true,0.8997381868,571.9575289107,0.0000323009,0.0000790329,400000,20260824,192,0.0426715663,-0.0010417893,parity_forward
daily,META,2026-08-25,1530,essvi,ok,,6M,0.5000000000,false,false,578.6980485353,578.4896094357,-0.0003601863,0.0005277755,-0.6824611611,32768,20260824,104,3.0000000000,true,0.8997381868,578.7321935716,0.0000590032,0.0001555209,400000,20260824,192,0.0448325797,-0.0028080323,parity_forward
daily,META,2026-08-25,1530,essvi_g05,ok,,1M,0.0833333333,false,false,567.7299241349,567.7308802008,0.0000016840,0.0000669072,0.0251694071,32768,20260824,104,3.0000000000,true,0.8459338641,567.7374636602,0.0000132801,0.0000217318,400000,20260824,192,0.0393752808,-0.0001280042,parity_forward
daily,META,2026-08-25,1530,essvi_g05,ok,,3M,0.2500000000,false,false,571.9390547892,572.0677765703,0.0002250621,0.0002660516,0.8459338641,32768,20260824,104,3.0000000000,true,0.8459338641,571.9591450646,0.0000351266,0.0000794695,400000,20260824,192,0.0426715663,-0.0010417893,parity_forward
daily,META,2026-08-25,1530,essvi_g05,ok,,6M,0.5000000000,false,false,578.6980485353,578.4634083439,-0.0004054622,0.0005437043,-0.7457403697,32768,20260824,104,3.0000000000,true,0.8459338641,578.7345515701,0.0000630779,0.0001615435,400000,20260824,192,0.0448325797,-0.0028080323,parity_forward
daily,META,2026-08-25,1530,essvi_gfree,ok,,1M,0.0833333333,false,false,567.7299241349,567.7329211612,0.0000052790,0.0000665770,0.0792911040,32768,20260824,104,3.0000000000,true,0.9243764245,567.7375272824,0.0000133922,0.0000216702,400000,20260824,192,0.0393752808,-0.0001280042,parity_forward
daily,META,2026-08-25,1530,essvi_gfree,ok,,3M,0.2500000000,false,false,571.9390547892,572.0795936410,0.0002457235,0.0002658262,0.9243764245,32768,20260824,104,3.0000000000,true,0.9243764245,571.9588027399,0.0000345281,0.0000790901,400000,20260824,192,0.0426715663,-0.0010417893,parity_forward
daily,META,2026-08-25,1530,essvi_gfree,ok,,6M,0.5000000000,false,false,578.6980485353,578.4738307176,-0.0003874522,0.0005277067,-0.7342187450,32768,20260824,104,3.0000000000,true,0.9243764245,578.7320102728,0.0000586865,0.0001559552,400000,20260824,192,0.0448325797,-0.0028080323,parity_forward
daily,META,2026-08-25,1530,essvi_sg05,ok,,1M,0.0833333333,false,false,567.7299241349,567.7337477902,0.0000067350,0.0000699980,0.0962169126,32768,20260824,104,3.0000000000,true,0.8831465777,567.7377366269,0.0000137609,0.0000222611,400000,20260824,192,0.0393752808,-0.0001280042,parity_forward
daily,META,2026-08-25,1530,essvi_sg05,ok,,3M,0.2500000000,false,false,571.9390547892,572.0730543840,0.0002342900,0.0002652900,0.8831465777,32768,20260824,104,3.0000000000,true,0.8831465777,571.9592612903,0.0000353298,0.0000789627,400000,20260824,192,0.0426715663,-0.0010417893,parity_forward
daily,META,2026-08-25,1530,essvi_sg05,ok,,6M,0.5000000000,false,false,578.6980485353,578.4888672462,-0.0003614688,0.0005367119,-0.6734876123,32768,20260824,104,3.0000000000,true,0.8831465777,578.7332610278,0.0000608478,0.0001583647,400000,20260824,192,0.0448325797,-0.0028080323,parity_forward
daily,META,2026-08-26,1530,svi,ok,,1M,0.0833333333,false,false,580.4215852336,580.4063711035,-0.0000262122,0.0001170371,-0.2239648486,32768,20260824,104,3.0000000000,true,0.7880939953,580.4484100630,0.0000462161,0.0000356928,400000,20260824,192,0.0400014023,-0.0001801729,parity_forward
daily,META,2026-08-26,1530,svi,ok,,3M,0.2500000000,false,false,584.7462474783,584.8515138517,0.0001800206,0.0002922155,0.6160543352,32768,20260824,104,3.0000000000,true,0.7880939953,584.7848126237,0.0000659519,0.0000877140,400000,20260824,192,0.0430269109,-0.0011548595,parity_forward
daily,META,2026-08-26,1530,svi,ok,,6M,0.5000000000,false,false,592.0622718979,591.7991740787,-0.0004443752,0.0005638607,-0.7880939953,32768,20260824,104,3.0000000000,true,0.7880939953,592.1186560213,0.0000952334,0.0001694261,400000,20260824,192,0.0463811159,-0.0036286941,parity_forward
daily,META,2026-08-26,1530,ssvi,ok,,1M,0.0833333333,false,false,580.4215852336,580.4256332372,0.0000069742,0.0000627377,0.1111651586,32768,20260824,104,3.0000000000,true,0.8020946714,580.4323382721,0.0000185263,0.0000203873,400000,20260824,192,0.0400014023,-0.0001801729,parity_forward
daily,META,2026-08-26,1530,ssvi,ok,,3M,0.2500000000,false,false,584.7462474783,584.8731910390,0.0002170917,0.0002706560,0.8020946714,32768,20260824,104,3.0000000000,true,0.8020946714,584.7647473953,0.0000316375,0.0000811669,400000,20260824,192,0.0430269109,-0.0011548595,parity_forward
daily,META,2026-08-26,1530,ssvi,ok,,6M,0.5000000000,false,false,592.0622718979,591.8277691089,-0.0003960779,0.0005461743,-0.7251859692,32768,20260824,104,3.0000000000,true,0.8020946714,592.1022991895,0.0000676066,0.0001618590,400000,20260824,192,0.0463811159,-0.0036286941,parity_forward
daily,META,2026-08-26,1530,essvi,ok,,1M,0.0833333333,false,false,580.4215852336,580.4009726180,-0.0000355132,0.0001040711,-0.3412394857,32768,20260824,104,3.0000000000,true,0.8040630368,580.4397900396,0.0000313648,0.0000291643,400000,20260824,192,0.0400014023,-0.0001801729,parity_forward
daily,META,2026-08-26,1530,essvi,ok,,3M,0.2500000000,false,false,584.7462474783,584.8524961240,0.0001817004,0.0002880318,0.6308346528,32768,20260824,104,3.0000000000,true,0.8040630368,584.7703227770,0.0000411722,0.0000843748,400000,20260824,192,0.0430269109,-0.0011548595,parity_forward
daily,META,2026-08-26,1530,essvi,ok,,6M,0.5000000000,false,false,592.0622718979,591.8043511572,-0.0004356311,0.0005417873,-0.8040630368,32768,20260824,104,3.0000000000,true,0.8040630368,592.1032640307,0.0000692362,0.0001605564,400000,20260824,192,0.0463811159,-0.0036286941,parity_forward
daily,META,2026-08-26,1530,essvi_g05,ok,,1M,0.0833333333,false,false,580.4215852336,580.4001847062,-0.0000368707,0.0000998922,-0.3691043465,32768,20260824,104,3.0000000000,true,0.8199144594,580.4370913185,0.0000267152,0.0000281256,400000,20260824,192,0.0400014023,-0.0001801729,parity_forward
daily,META,2026-08-26,1530,essvi_g05,ok,,3M,0.2500000000,false,false,584.7462474783,584.8394328236,0.0001593603,0.0002886737,0.5520431301,32768,20260824,104,3.0000000000,true,0.8199144594,584.7683471784,0.0000377937,0.0000847868,400000,20260824,192,0.0430269109,-0.0011548595,parity_forward
daily,META,2026-08-26,1530,essvi_g05,ok,,6M,0.5000000000,false,false,592.0622718979,591.7913039876,-0.0004576679,0.0005581898,-0.8199144594,32768,20260824,104,3.0000000000,true,0.8199144594,592.1085136450,0.0000781028,0.0001653047,400000,20260824,192,0.0463811159,-0.0036286941,parity_forward
daily,META,2026-08-26,1530,essvi_gfree,ok,,1M,0.0833333333,false,false,580.4215852336,580.3990342795,-0.0000388527,0.0001034395,-0.3756079297,32768,20260824,104,3.0000000000,true,0.8161263496,580.4365500728,0.0000257827,0.0000289935,400000,20260824,192,0.0400014023,-0.0001801729,parity_forward
daily,META,2026-08-26,1530,essvi_gfree,ok,,3M,0.2500000000,false,false,584.7462474783,584.8491758912,0.0001760224,0.0002900653,0.6068369992,32768,20260824,104,3.0000000000,true,0.8161263496,584.7679676209,0.0000371446,0.0000845977,400000,20260824,192,0.0430269109,-0.0011548595,parity_forward
daily,META,2026-08-26,1530,essvi_gfree,ok,,6M,0.5000000000,false,false,592.0622718979,591.7996860006,-0.0004435106,0.0005434338,-0.8161263496,32768,20260824,104,3.0000000000,true,0.8161263496,592.1066869178,0.0000750175,0.0001600349,400000,20260824,192,0.0463811159,-0.0036286941,parity_forward
daily,META,2026-08-26,1530,essvi_sg05,ok,,1M,0.0833333333,false,false,580.4215852336,580.4021895868,-0.0000334165,0.0000971381,-0.3440098601,32768,20260824,104,3.0000000000,true,0.7980624633,580.4384584800,0.0000290707,0.0000279074,400000,20260824,192,0.0400014023,-0.0001801729,parity_forward
daily,META,2026-08-26,1530,essvi_sg05,ok,,3M,0.2500000000,false,false,584.7462474783,584.8497681628,0.0001770352,0.0002845362,0.6221888616,32768,20260824,104,3.0000000000,true,0.7980624633,584.7705685654,0.0000415925,0.0000841310,400000,20260824,192,0.0430269109,-0.0011548595,parity_forward
daily,META,2026-08-26,1530,essvi_sg05,ok,,6M,0.5000000000,false,false,592.0622718979,591.8043888727,-0.0004355674,0.0005457811,-0.7980624633,32768,20260824,104,3.0000000000,true,0.7980624633,592.1086975308,0.0000784134,0.0001618365,400000,20260824,192,0.0463811159,-0.0036286941,parity_forward
daily,META,2026-08-27,1530,svi,ok,,1M,0.0833333333,false,false,571.8218810077,571.8448428228,0.0000401555,0.0000871705,0.4606552068,32768,20260824,104,3.0000000000,true,0.9599909193,571.8290881353,0.0000126038,0.0000238560,400000,20260824,192,0.0253538339,0.0010492982,parity_forward
daily,META,2026-08-27,1530,svi,ok,,3M,0.2500000000,false,false,576.2760683992,576.4326975744,0.0002717954,0.0002831229,0.9599909193,32768,20260824,104,3.0000000000,true,0.9599909193,576.2880993719,0.0000208771,0.0000787463,400000,20260824,192,0.0394884190,-0.0002952193,parity_forward
daily,META,2026-08-27,1530,svi,ok,,6M,0.5000000000,false,false,582.6942080118,582.5448267203,-0.0002563631,0.0005400528,-0.4747000536,32768,20260824,104,3.0000000000,true,0.9599909193,582.7261439503,0.0000548074,0.0001543315,400000,20260824,192,0.0418956153,-0.0014405507,parity_forward
daily,META,2026-08-27,1530,ssvi,ok,,1M,0.0833333333,false,false,571.8218810077,571.8291754965,0.0000127566,0.0000654111,0.1950215075,32768,20260824,104,3.0000000000,true,0.8144925681,571.8317046979,0.0000171796,0.0000182140,400000,20260824,192,0.0253538339,0.0010492982,parity_forward
daily,META,2026-08-27,1530,ssvi,ok,,3M,0.2500000000,false,false,576.2760683992,576.4030934372,0.0002204239,0.0002706273,0.8144925681,32768,20260824,104,3.0000000000,true,0.8144925681,576.2923621682,0.0000282742,0.0000758031,400000,20260824,192,0.0394884190,-0.0002952193,parity_forward
daily,META,2026-08-27,1530,ssvi,ok,,6M,0.5000000000,false,false,582.6942080118,582.5207271282,-0.0002977220,0.0005395606,-0.5517859912,32768,20260824,104,3.0000000000,true,0.8144925681,582.7362907300,0.0000722209,0.0001535259,400000,20260824,192,0.0418956153,-0.0014405507,parity_forward
daily,META,2026-08-27,1530,essvi,ok,,1M,0.0833333333,false,false,571.8218810077,571.8146520278,-0.0000126420,0.0000800001,-0.1580249560,32768,20260824,104,3.0000000000,true,0.8127185194,571.8320533762,0.0000177894,0.0000215213,400000,20260824,192,0.0253538339,0.0010492982,parity_forward
daily,META,2026-08-27,1530,essvi,ok,,3M,0.2500000000,false,false,576.2760683992,576.4069121160,0.0002270504,0.0002793715,0.8127185194,32768,20260824,104,3.0000000000,true,0.8127185194,576.2956492444,0.0000339782,0.0000774808,400000,20260824,192,0.0394884190,-0.0002952193,parity_forward
daily,META,2026-08-27,1530,essvi,ok,,6M,0.5000000000,false,false,582.6942080118,582.5234204863,-0.0002930997,0.0005304502,-0.5525490141,32768,20260824,104,3.0000000000,true,0.8127185194,582.7342118404,0.0000686532,0.0001507729,400000,20260824,192,0.0418956153,-0.0014405507,parity_forward
daily,META,2026-08-27,1530,essvi_g05,ok,,1M,0.0833333333,false,false,571.8218810077,571.7950799004,-0.0000468697,0.0000920299,-0.5092876024,32768,20260824,104,3.0000000000,true,0.7101277241,571.8330287050,0.0000194951,0.0000236840,400000,20260824,192,0.0253538339,0.0010492982,parity_forward
daily,META,2026-08-27,1530,essvi_g05,ok,,3M,0.2500000000,false,false,576.2760683992,576.3521244271,0.0001319785,0.0002827053,0.4668410640,32768,20260824,104,3.0000000000,true,0.7101277241,576.2953178949,0.0000334033,0.0000782974,400000,20260824,192,0.0394884190,-0.0002952193,parity_forward
daily,META,2026-08-27,1530,essvi_g05,ok,,6M,0.5000000000,false,false,582.6942080118,582.4640444011,-0.0003949990,0.0005562365,-0.7101277241,32768,20260824,104,3.0000000000,true,0.7101277241,582.7379120012,0.0000750033,0.0001584584,400000,20260824,192,0.0418956153,-0.0014405507,parity_forward
daily,META,2026-08-27,1530,essvi_gfree,ok,,1M,0.0833333333,false,false,571.8218810077,571.7977234990,-0.0000422466,0.0000928776,-0.4548629965,32768,20260824,104,3.0000000000,true,0.6912473763,571.8328173070,0.0000191254,0.0000243739,400000,20260824,192,0.0253538339,0.0010492982,parity_forward
daily,META,2026-08-27,1530,essvi_gfree,ok,,3M,0.2500000000,false,false,576.2760683992,576.3785416349,0.0001778197,0.0002802431,0.6345194270,32768,20260824,104,3.0000000000,true,0.6912473763,576.2962299929,0.0000349860,0.0000779585,400000,20260824,192,0.0394884190,-0.0002952193,parity_forward
daily,META,2026-08-27,1530,essvi_gfree,ok,,6M,0.5000000000,false,false,582.6942080118,582.4841782689,-0.0003604459,0.0005214427,-0.6912473763,32768,20260824,104,3.0000000000,true,0.6912473763,582.7388226193,0.0000765661,0.0001485990,400000,20260824,192,0.0418956153,-0.0014405507,parity_forward
daily,META,2026-08-27,1530,essvi_sg05,ok,,1M,0.0833333333,false,false,571.8218810077,571.7928523532,-0.0000507652,0.0000871199,-0.5827048932,32768,20260824,104,3.0000000000,true,0.6559277247,571.8332526628,0.0000198867,0.0000228665,400000,20260824,192,0.0253538339,0.0010492982,parity_forward
daily,META,2026-08-27,1530,essvi_sg05,ok,,3M,0.2500000000,false,false,576.2760683992,576.3742068290,0.0001702976,0.0002800387,0.6081215520,32768,20260824,104,3.0000000000,true,0.6559277247,576.2941641317,0.0000314012,0.0000774908,400000,20260824,192,0.0394884190,-0.0002952193,parity_forward
daily,META,2026-08-27,1530,essvi_sg05,ok,,6M,0.5000000000,false,false,582.6942080118,582.4891293885,-0.0003519490,0.0005365667,-0.6559277247,32768,20260824,104,3.0000000000,true,0.6559277247,582.7366410517,0.0000728221,0.0001522306,400000,20260824,192,0.0418956153,-0.0014405507,parity_forward
daily,META,2026-08-31,1530,svi,ok,,1M,0.0833333333,false,false,576.2589590175,576.2600570062,0.0000019054,0.0000753978,0.0252709438,32768,20260824,104,3.0000000000,true,0.8418679247,576.2577028703,-0.0000021798,0.0000227377,400000,20260824,192,0.0344915170,0.0003202749,parity_forward
daily,META,2026-08-31,1530,svi,ok,,3M,0.2500000000,false,false,580.6038317681,580.7027087358,0.0001703002,0.0002734493,0.6227853563,32768,20260824,104,3.0000000000,true,0.8418679247,580.6166069583,0.0000220033,0.0000786276,400000,20260824,192,0.0415432121,-0.0006817737,parity_forward
daily,META,2026-08-31,1530,svi,ok,,6M,0.5000000000,false,false,587.6145590396,587.3572960498,-0.0004378091,0.0005200449,-0.8418679247,32768,20260824,104,3.0000000000,true,0.8418679247,587.6519956098,0.0000637094,0.0001498077,400000,20260824,192,0.0447767458,-0.0024725575,parity_forward
daily,META,2026-08-31,1530,ssvi,ok,,1M,0.0833333333,false,false,576.2589590175,576.2684690954,0.0000165031,0.0000622820,0.2649743707,32768,20260824,104,3.0000000000,true,0.7315669458,576.2629200890,0.0000068738,0.0000178600,400000,20260824,192,0.0344915170,0.0003202749,parity_forward
daily,META,2026-08-31,1530,ssvi,ok,,3M,0.2500000000,false,false,580.6038317681,580.7144453707,0.0001905148,0.0002604201,0.7315669458,32768,20260824,104,3.0000000000,true,0.7315669458,580.6341554723,0.0000522279,0.0000752236,400000,20260824,192,0.0415432121,-0.0006817737,parity_forward
daily,META,2026-08-31,1530,ssvi,ok,,6M,0.5000000000,false,false,587.6145590396,587.4171056871,-0.0003360253,0.0005374737,-0.6251939057,32768,20260824,104,3.0000000000,true,0.7315669458,587.6745254891,0.0001020507,0.0001525994,400000,20260824,192,0.0447767458,-0.0024725575,parity_forward
daily,META,2026-08-31,1530,essvi,ok,,1M,0.0833333333,false,false,576.2589590175,576.2612023273,0.0000038929,0.0000753195,0.0516849378,32768,20260824,104,3.0000000000,true,0.8474426183,576.2533187333,-0.0000097878,0.0000227812,400000,20260824,192,0.0344915170,0.0003202749,parity_forward
daily,META,2026-08-31,1530,essvi,ok,,3M,0.2500000000,false,false,580.6038317681,580.7037459864,0.0001720867,0.0002643434,0.6509970069,32768,20260824,104,3.0000000000,true,0.8474426183,580.6205791413,0.0000288448,0.0000762682,400000,20260824,192,0.0415432121,-0.0006817737,parity_forward
daily,META,2026-08-31,1530,essvi,ok,,6M,0.5000000000,false,false,587.6145590396,587.3559476723,-0.0004401037,0.0005193316,-0.8474426183,32768,20260824,104,3.0000000000,true,0.8474426183,587.6542117159,0.0000674808,0.0001492058,400000,20260824,192,0.0447767458,-0.0024725575,parity_forward
daily,META,2026-08-31,1530,essvi_g05,ok,,1M,0.0833333333,false,false,576.2589590175,576.2599741368,0.0000017616,0.0000776519,0.0226854339,32768,20260824,104,3.0000000000,true,0.7768670351,576.2521023287,-0.0000118986,0.0000232397,400000,20260824,192,0.0344915170,0.0003202749,parity_forward
daily,META,2026-08-31,1530,essvi_g05,ok,,3M,0.2500000000,false,false,580.6038317681,580.7009129028,0.0001672072,0.0002650030,0.6309634091,32768,20260824,104,3.0000000000,true,0.7768670351,580.6197763212,0.0000274620,0.0000767979,400000,20260824,192,0.0415432121,-0.0006817737,parity_forward
daily,META,2026-08-31,1530,essvi_g05,ok,,6M,0.5000000000,false,false,587.6145590396,587.3713018633,-0.0004139740,0.0005328763,-0.7768670351,32768,20260824,104,3.0000000000,true,0.7768670351,587.6566595269,0.0000716464,0.0001524408,400000,20260824,192,0.0447767458,-0.0024725575,parity_forward
daily,META,2026-08-31,1530,essvi_gfree,ok,,1M,0.0833333333,false,false,576.2589590175,576.2596426684,0.0000011864,0.0000783164,0.0151483028,32768,20260824,104,3.0000000000,true,0.7941358648,576.2520603096,-0.0000119715,0.0000232997,400000,20260824,192,0.0344915170,0.0003202749,parity_forward
daily,META,2026-08-31,1530,essvi_gfree,ok,,3M,0.2500000000,false,false,580.6038317681,580.7018420723,0.0001688075,0.0002644124,0.6384252434,32768,20260824,104,3.0000000000,true,0.7941358648,580.6195610331,0.0000270912,0.0000766909,400000,20260824,192,0.0415432121,-0.0006817737,parity_forward
daily,META,2026-08-31,1530,essvi_gfree,ok,,6M,0.5000000000,false,false,587.6145590396,587.3693272944,-0.0004173344,0.0005255201,-0.7941358648,32768,20260824,104,3.0000000000,true,0.7941358648,587.6561948412,0.0000708556,0.0001507023,400000,20260824,192,0.0447767458,-0.0024725575,parity_forward
daily,META,2026-08-31,1530,essvi_sg05,ok,,1M,0.0833333333,false,false,576.2589590175,576.2597038577,0.0000012925,0.0000778378,0.0166056074,32768,20260824,104,3.0000000000,true,0.6888211924,576.2540154078,-0.0000085788,0.0000232777,400000,20260824,192,0.0344915170,0.0003202749,parity_forward
daily,META,2026-08-31,1530,essvi_sg05,ok,,3M,0.2500000000,false,false,580.6038317681,580.7061449378,0.0001762186,0.0002644888,0.6662608358,32768,20260824,104,3.0000000000,true,0.6888211924,580.6229576588,0.0000329414,0.0000766921,400000,20260824,192,0.0415432121,-0.0006817737,parity_forward
daily,META,2026-08-31,1530,essvi_sg05,ok,,6M,0.5000000000,false,false,587.6145590396,587.4001083668,-0.0003649513,0.0005298200,-0.6888211924,32768,20260824,104,3.0000000000,true,0.6888211924,587.6634090277,0.0000831327,0.0001514986,400000,20260824,192,0.0447767458,-0.0024725575,parity_forward
daily,META,2026-09-01,1530,svi,ok,,1M,0.0833333333,false,false,579.1163307577,579.1472768717,0.0000534368,0.0000845658,0.6318956410,32768,20260824,104,3.0000000000,true,0.8807251680,579.1338473477,0.0000302471,0.0000248010,400000,20260824,192,0.0368643161,0.0001314872,parity_forward
daily,META,2026-09-01,1530,svi,ok,,3M,0.2500000000,false,false,583.5773503954,583.7063673689,0.0002210795,0.0002510198,0.8807251680,32768,20260824,104,3.0000000000,true,0.8807251680,583.6097774492,0.0000555660,0.0000738734,400000,20260824,192,0.0429826320,-0.0010163203,parity_forward
daily,META,2026-09-01,1530,svi,ok,,6M,0.5000000000,false,false,590.1979387919,589.9969430042,-0.0003405566,0.0004977817,-0.6841483936,32768,20260824,104,3.0000000000,true,0.8807251680,590.2571687347,0.0001003561,0.0001462790,400000,20260824,192,0.0440532448,-0.0022551514,parity_forward
daily,META,2026-09-01,1530,ssvi,ok,,1M,0.0833333333,false,false,579.1163307577,579.1244867028,0.0000140834,0.0000567777,0.2480450841,32768,20260824,104,3.0000000000,true,0.7291876259,579.1214731081,0.0000088797,0.0000172612,400000,20260824,192,0.0368643161,0.0001314872,parity_forward
daily,META,2026-09-01,1530,ssvi,ok,,3M,0.2500000000,false,false,583.5773503954,583.6815155122,0.0001784941,0.0002456232,0.7266989128,32768,20260824,104,3.0000000000,true,0.7291876259,583.6000457976,0.0000388901,0.0000729342,400000,20260824,192,0.0429826320,-0.0010163203,parity_forward
daily,META,2026-09-01,1530,ssvi,ok,,6M,0.5000000000,false,false,590.1979387919,589.9788996690,-0.0003711282,0.0005089612,-0.7291876259,32768,20260824,104,3.0000000000,true,0.7291876259,590.2486106736,0.0000858557,0.0001486493,400000,20260824,192,0.0440532448,-0.0022551514,parity_forward
daily,META,2026-09-01,1530,essvi,ok,,1M,0.0833333333,false,false,579.1163307577,579.1221179833,0.0000099932,0.0000716258,0.1395195762,32768,20260824,104,3.0000000000,true,0.7189405703,579.1110288378,-0.0000091552,0.0000208119,400000,20260824,192,0.0368643161,0.0001314872,parity_forward
daily,META,2026-09-01,1530,essvi,ok,,3M,0.2500000000,false,false,583.5773503954,583.6725651940,0.0001631571,0.0002424857,0.6728524603,32768,20260824,104,3.0000000000,true,0.7189405703,583.5885134309,0.0000191286,0.0000721371,400000,20260824,192,0.0429826320,-0.0010163203,parity_forward
daily,META,2026-09-01,1530,essvi,ok,,6M,0.5000000000,false,false,590.1979387919,589.9880534889,-0.0003556185,0.0004946424,-0.7189405703,32768,20260824,104,3.0000000000,true,0.7189405703,590.2399053488,0.0000711059,0.0001447189,400000,20260824,192,0.0440532448,-0.0022551514,parity_forward
daily,META,2026-09-01,1530,essvi_g05,ok,,1M,0.0833333333,false,false,579.1163307577,579.1150513391,-0.0000022093,0.0000662695,-0.0333374995,32768,20260824,104,3.0000000000,true,0.7378373561,579.1170342310,0.0000012147,0.0000194819,400000,20260824,192,0.0368643161,0.0001314872,parity_forward
daily,META,2026-09-01,1530,essvi_g05,ok,,3M,0.2500000000,false,false,583.5773503954,583.6650571160,0.0001502915,0.0002422538,0.6203886897,32768,20260824,104,3.0000000000,true,0.7378373561,583.5976539444,0.0000347915,0.0000720856,400000,20260824,192,0.0429826320,-0.0010163203,parity_forward
daily,META,2026-09-01,1530,essvi_g05,ok,,6M,0.5000000000,false,false,590.1979387919,589.9773467636,-0.0003737594,0.0005065607,-0.7378373561,32768,20260824,104,3.0000000000,true,0.7378373561,590.2477288115,0.0000843616,0.0001483290,400000,20260824,192,0.0440532448,-0.0022551514,parity_forward
daily,META,2026-09-01,1530,essvi_gfree,ok,,1M,0.0833333333,false,false,579.1163307577,579.1154772865,-0.0000014737,0.0000659955,-0.0223310361,32768,20260824,104,3.0000000000,true,0.7440589908,579.1172958673,0.0000016665,0.0000193750,400000,20260824,192,0.0368643161,0.0001314872,parity_forward
daily,META,2026-09-01,1530,essvi_gfree,ok,,3M,0.2500000000,false,false,583.5773503954,583.6689005412,0.0001568775,0.0002420720,0.6480612469,32768,20260824,104,3.0000000000,true,0.7440589908,583.5976135887,0.0000347224,0.0000719436,400000,20260824,192,0.0429826320,-0.0010163203,parity_forward
daily,META,2026-09-01,1530,essvi_gfree,ok,,6M,0.5000000000,false,false,590.1979387919,589.9785331412,-0.0003717493,0.0004996234,-0.7440589908,32768,20260824,104,3.0000000000,true,0.7440589908,590.2471562061,0.0000833914,0.0001461834,400000,20260824,192,0.0440532448,-0.0022551514,parity_forward
daily,META,2026-09-01,1530,essvi_sg05,ok,,1M,0.0833333333,false,false,579.1163307577,579.1139360241,-0.0000041352,0.0000661836,-0.0624800449,32768,20260824,104,3.0000000000,true,0.7718216276,579.1172861769,0.0000016498,0.0000195055,400000,20260824,192,0.0368643161,0.0001314872,parity_forward
daily,META,2026-09-01,1530,essvi_sg05,ok,,3M,0.2500000000,false,false,583.5773503954,583.6641839178,0.0001487952,0.0002409504,0.6175346327,32768,20260824,104,3.0000000000,true,0.7718216276,583.5973359963,0.0000342467,0.0000716482,400000,20260824,192,0.0429826320,-0.0010163203,parity_forward
daily,META,2026-09-01,1530,essvi_sg05,ok,,6M,0.5000000000,false,false,590.1979387919,589.9690012437,-0.0003878996,0.0005025768,-0.7718216276,32768,20260824,104,3.0000000000,true,0.7718216276,590.2467640704,0.0000827270,0.0001472709,400000,20260824,192,0.0440532448,-0.0022551514,parity_forward
daily,META,2026-09-02,1530,svi,ok,,1M,0.0833333333,false,false,597.8730894287,597.8821958158,0.0000152313,0.0001037642,0.1467877203,32768,20260824,104,3.0000000000,true,0.9676507400,597.8890816498,0.0000267485,0.0000329869,400000,20260824,192,0.0331247255,0.0004438913,parity_forward
daily,META,2026-09-02,1530,svi,ok,,3M,0.2500000000,false,false,602.0073615587,602.1596602056,0.0002529847,0.0002614422,0.9676507400,32768,20260824,104,3.0000000000,true,0.9676507400,602.0485121212,0.0000683556,0.0000766936,400000,20260824,192,0.0386062445,0.0001020224,parity_forward
daily,META,2026-09-02,1530,svi,ok,,6M,0.5000000000,false,false,608.5574813759,608.4043741055,-0.0002515905,0.0004858008,-0.5178881418,32768,20260824,104,3.0000000000,true,0.9676507400,608.6169719613,0.0000977567,0.0001398270,400000,20260824,192,0.0409465188,-0.0006542853,parity_forward
daily,META,2026-09-02,1530,ssvi,ok,,1M,0.0833333333,false,false,597.8730894287,597.8786903467,0.0000093681,0.0000542734,0.1726090113,32768,20260824,104,3.0000000000,true,0.7975458170,597.8805036089,0.0000124009,0.0000172693,400000,20260824,192,0.0331247255,0.0004438913,parity_forward
daily,META,2026-09-02,1530,ssvi,ok,,3M,0.2500000000,false,false,602.0073615587,602.1227064029,0.0001916004,0.0002402375,0.7975458170,32768,20260824,104,3.0000000000,true,0.7975458170,602.0218561423,0.0000240771,0.0000716334,400000,20260824,192,0.0386062445,0.0001020224,parity_forward
daily,META,2026-09-02,1530,ssvi,ok,,6M,0.5000000000,false,false,608.5574813759,608.3352174702,-0.0003652308,0.0005075165,-0.7196430485,32768,20260824,104,3.0000000000,true,0.7975458170,608.5846668004,0.0000446719,0.0001486172,400000,20260824,192,0.0409465188,-0.0006542853,parity_forward
daily,META,2026-09-02,1530,essvi,ok,,1M,0.0833333333,false,false,597.8730894287,597.9425194129,0.0001161283,0.0001072691,1.0825888528,32768,20260824,104,3.0000000000,true,1.2189202005,597.9020859588,0.0000484995,0.0000275122,400000,20260824,192,0.0331247255,0.0004438913,parity_forward
daily,META,2026-09-02,1530,essvi,ok,,3M,0.2500000000,false,false,602.0073615587,602.1962792056,0.0003138129,0.0002574515,1.2189202005,32768,20260824,104,3.0000000000,true,1.2189202005,602.0531912770,0.0000761282,0.0000724558,400000,20260824,192,0.0386062445,0.0001020224,parity_forward
daily,META,2026-09-02,1530,essvi,ok,,6M,0.5000000000,false,false,608.5574813759,608.4554150735,-0.0001677184,0.0005037118,-0.3329650509,32768,20260824,104,3.0000000000,true,1.2189202005,608.6320602911,0.0001225503,0.0001439015,400000,20260824,192,0.0409465188,-0.0006542853,parity_forward
daily,META,2026-09-02,1530,essvi_g05,ok,,1M,0.0833333333,false,false,597.8730894287,597.9148203461,0.0000697990,0.0001016181,0.6868749044,32768,20260824,104,3.0000000000,true,0.9527464745,597.8886051903,0.0000259516,0.0000292445,400000,20260824,192,0.0331247255,0.0004438913,parity_forward
daily,META,2026-09-02,1530,essvi_g05,ok,,3M,0.2500000000,false,false,602.0073615587,602.1478955807,0.0002334424,0.0002450204,0.9527464745,32768,20260824,104,3.0000000000,true,0.9527464745,602.0353430671,0.0000464803,0.0000724434,400000,20260824,192,0.0386062445,0.0001020224,parity_forward
daily,META,2026-09-02,1530,essvi_g05,ok,,6M,0.5000000000,false,false,608.5574813759,608.3765105298,-0.0002973768,0.0004921217,-0.6042748521,32768,20260824,104,3.0000000000,true,0.9527464745,608.6008580672,0.0000712779,0.0001439113,400000,20260824,192,0.0409465188,-0.0006542853,parity_forward
daily,META,2026-09-02,1530,essvi_gfree,ok,,1M,0.0833333333,false,false,597.8730894287,597.9101416585,0.0000619734,0.0000957577,0.6471896733,32768,20260824,104,3.0000000000,true,0.9382201788,597.8891664212,0.0000268903,0.0000280672,400000,20260824,192,0.0331247255,0.0004438913,parity_forward
daily,META,2026-09-02,1530,essvi_gfree,ok,,3M,0.2500000000,false,false,602.0073615587,602.1445140182,0.0002278252,0.0002428270,0.9382201788,32768,20260824,104,3.0000000000,true,0.9382201788,602.0354547091,0.0000466658,0.0000719330,400000,20260824,192,0.0386062445,0.0001020224,parity_forward
daily,META,2026-09-02,1530,essvi_gfree,ok,,6M,0.5000000000,false,false,608.5574813759,608.3729428777,-0.0003032392,0.0004891836,-0.6198884005,32768,20260824,104,3.0000000000,true,0.9382201788,608.6004948011,0.0000706810,0.0001430337,400000,20260824,192,0.0409465188,-0.0006542853,parity_forward
daily,META,2026-09-02,1530,essvi_sg05,ok,,1M,0.0833333333,false,false,597.8730894287,597.8989678421,0.0000432841,0.0001038858,0.4166510937,32768,20260824,104,3.0000000000,true,0.7806007874,597.8876610898,0.0000243725,0.0000289885,400000,20260824,192,0.0331247255,0.0004438913,parity_forward
daily,META,2026-09-02,1530,essvi_sg05,ok,,3M,0.2500000000,false,false,602.0073615587,602.1220621083,0.0001905301,0.0002440814,0.7806007874,32768,20260824,104,3.0000000000,true,0.7806007874,602.0350266733,0.0000459548,0.0000723647,400000,20260824,192,0.0386062445,0.0001020224,parity_forward
daily,META,2026-09-02,1530,essvi_sg05,ok,,6M,0.5000000000,false,false,608.5574813759,608.3527305362,-0.0003364528,0.0004955135,-0.6789982242,32768,20260824,104,3.0000000000,true,0.7806007874,608.6015033614,0.0000723383,0.0001456425,400000,20260824,192,0.0409465188,-0.0006542853,parity_forward
daily,META,2026-09-03,1530,svi,ok,,1M,0.0833333333,false,false,616.0122312636,616.0349050270,0.0000368073,0.0000900463,0.4087601573,32768,20260824,104,3.0000000000,true,0.6937883440,616.0060640074,-0.0000100116,0.0000244905,400000,20260824,192,0.0328149148,0.0004534408,parity_forward
daily,META,2026-09-03,1530,svi,ok,,3M,0.2500000000,false,false,620.6168622697,620.7410385617,0.0002000853,0.0002883953,0.6937883440,32768,20260824,104,3.0000000000,true,0.6937883440,620.6507598085,0.0000546191,0.0000777739,400000,20260824,192,0.0407267180,-0.0004266802,parity_forward
daily,META,2026-09-03,1530,svi,ok,,6M,0.5000000000,false,false,627.5142781168,627.3356158459,-0.0002847143,0.0005078515,-0.5606250458,32768,20260824,104,3.0000000000,true,0.6937883440,627.5537736224,0.0000629396,0.0001417833,400000,20260824,192,0.0424683633,-0.0014160328,parity_forward
daily,META,2026-09-03,1530,ssvi,ok,,1M,0.0833333333,false,false,616.0122312636,616.0147676578,0.0000041174,0.0000602124,0.0683819172,32768,20260824,104,3.0000000000,true,0.7382460360,616.0234670731,0.0000182396,0.0000165551,400000,20260824,192,0.0328149148,0.0004534408,parity_forward
daily,META,2026-09-03,1530,ssvi,ok,,3M,0.2500000000,false,false,620.6168622697,620.7098044843,0.0001497578,0.0002493727,0.6005380285,32768,20260824,104,3.0000000000,true,0.7382460360,620.6374976753,0.0000332498,0.0000699636,400000,20260824,192,0.0407267180,-0.0004266802,parity_forward
daily,META,2026-09-03,1530,ssvi,ok,,6M,0.5000000000,false,false,627.5142781168,627.2799126574,-0.0003734823,0.0005059049,-0.7382460360,32768,20260824,104,3.0000000000,true,0.7382460360,627.5462081921,0.0000508834,0.0001440210,400000,20260824,192,0.0424683633,-0.0014160328,parity_forward
daily,META,2026-09-03,1530,essvi,ok,,1M,0.0833333333,false,false,616.0122312636,616.0113340395,-0.0000014565,0.0000541453,-0.0268999103,32768,20260824,104,3.0000000000,true,0.7005892444,616.0230924340,0.0000176314,0.0000156262,400000,20260824,192,0.0328149148,0.0004534408,parity_forward
daily,META,2026-09-03,1530,essvi,ok,,3M,0.2500000000,false,false,620.6168622697,620.7069823658,0.0001452105,0.0002424483,0.5989339789,32768,20260824,104,3.0000000000,true,0.7005892444,620.6430775417,0.0000422407,0.0000671232,400000,20260824,192,0.0407267180,-0.0004266802,parity_forward
daily,META,2026-09-03,1530,essvi,ok,,6M,0.5000000000,false,false,627.5142781168,627.2984964304,-0.0003438674,0.0004908259,-0.7005892444,32768,20260824,104,3.0000000000,true,0.7005892444,627.5511638366,0.0000587807,0.0001386304,400000,20260824,192,0.0424683633,-0.0014160328,parity_forward
daily,META,2026-09-03,1530,essvi_g05,ok,,1M,0.0833333333,false,false,616.0122312636,616.0120584779,-0.0000002805,0.0000618607,-0.0045342258,32768,20260824,104,3.0000000000,true,0.7367040238,616.0220580084,0.0000159522,0.0000177199,400000,20260824,192,0.0328149148,0.0004534408,parity_forward
daily,META,2026-09-03,1530,essvi_g05,ok,,3M,0.2500000000,false,false,620.6168622697,620.6659453651,0.0000790876,0.0002421167,0.3266507798,32768,20260824,104,3.0000000000,true,0.7367040238,620.6374620653,0.0000331925,0.0000678300,400000,20260824,192,0.0407267180,-0.0004266802,parity_forward
daily,META,2026-09-03,1530,essvi_g05,ok,,6M,0.5000000000,false,false,627.5142781168,627.2793936410,-0.0003743094,0.0005080865,-0.7367040238,32768,20260824,104,3.0000000000,true,0.7367040238,627.5397022735,0.0000405157,0.0001442210,400000,20260824,192,0.0424683633,-0.0014160328,parity_forward
daily,META,2026-09-03,1530,essvi_gfree,ok,,1M,0.0833333333,false,false,616.0122312636,616.0230407008,0.0000175474,0.0000693841,0.2529030600,32768,20260824,104,3.0000000000,true,0.7429678738,616.0209020881,0.0000140757,0.0000214531,400000,20260824,192,0.0328149148,0.0004534408,parity_forward
daily,META,2026-09-03,1530,essvi_gfree,ok,,3M,0.2500000000,false,false,620.6168622697,620.6934763918,0.0001234483,0.0002401952,0.5139500378,32768,20260824,104,3.0000000000,true,0.7429678738,620.6359489144,0.0000307543,0.0000685343,400000,20260824,192,0.0407267180,-0.0004266802,parity_forward
daily,META,2026-09-03,1530,essvi_gfree,ok,,6M,0.5000000000,false,false,627.5142781168,627.2917203876,-0.0003546656,0.0004773633,-0.7429678738,32768,20260824,104,3.0000000000,true,0.7429678738,627.5467105765,0.0000516840,0.0001370493,400000,20260824,192,0.0424683633,-0.0014160328,parity_forward
daily,META,2026-09-03,1530,essvi_sg05,ok,,1M,0.0833333333,false,false,616.0122312636,616.0026847276,-0.0000154973,0.0000581021,-0.2667256451,32768,20260824,104,3.0000000000,true,0.8129427562,616.0195214828,0.0000118345,0.0000169558,400000,20260824,192,0.0328149148,0.0004534408,parity_forward
daily,META,2026-09-03,1530,essvi_sg05,ok,,3M,0.2500000000,false,false,620.6168622697,620.6861341232,0.0001116177,0.0002395820,0.4658852596,32768,20260824,104,3.0000000000,true,0.8129427562,620.6347836379,0.0000288767,0.0000671157,400000,20260824,192,0.0407267180,-0.0004266802,parity_forward
daily,META,2026-09-03,1530,essvi_sg05,ok,,6M,0.5000000000,false,false,627.5142781168,627.2633313486,-0.0003999061,0.0004919240,-0.8129427562,32768,20260824,104,3.0000000000,true,0.8129427562,627.5432985506,0.0000462467,0.0001400637,400000,20260824,192,0.0424683633,-0.0014160328,parity_forward
daily,META,2026-09-04,1530,svi,ok,,1M,0.0833333333,false,false,617.7855671918,617.8176468619,0.0000519269,0.0001005936,0.5162045688,32768,20260824,104,3.0000000000,true,0.9389564292,617.8087465464,0.0000375201,0.0000221274,400000,20260824,192,0.0311301057,0.0005922099,parity_forward
daily,META,2026-09-04,1530,svi,ok,,3M,0.2500000000,false,false,622.3836839227,622.5500443767,0.0002672957,0.0002846731,0.9389564292,32768,20260824,104,3.0000000000,true,0.9389564292,622.4517289001,0.0001093296,0.0000761382,400000,20260824,192,0.0400380585,-0.0003288262,parity_forward
daily,META,2026-09-04,1530,svi,ok,,6M,0.5000000000,false,false,629.5112614227,629.4168520824,-0.0001499724,0.0004914436,-0.3051671298,32768,20260824,104,3.0000000000,true,0.9389564292,629.6028524511,0.0001454955,0.0001356088,400000,20260824,192,0.0427929994,-0.0018255564,parity_forward
daily,META,2026-09-04,1530,ssvi,ok,,1M,0.0833333333,false,false,617.7855671918,617.8035021588,0.0000290311,0.0000610293,0.4756901292,32768,20260824,104,3.0000000000,true,0.7585216704,617.7983805164,0.0000207407,0.0000161396,400000,20260824,192,0.0311301057,0.0005922099,parity_forward
daily,META,2026-09-04,1530,ssvi,ok,,3M,0.2500000000,false,false,622.3836839227,622.5005191639,0.0001877222,0.0002474843,0.7585216704,32768,20260824,104,3.0000000000,true,0.7585216704,622.4123092470,0.0000459931,0.0000701595,400000,20260824,192,0.0400380585,-0.0003288262,parity_forward
daily,META,2026-09-04,1530,ssvi,ok,,6M,0.5000000000,false,false,629.5112614227,629.3201562216,-0.0003035771,0.0005104301,-0.5947476462,32768,20260824,104,3.0000000000,true,0.7585216704,629.5591175951,0.0000760212,0.0001434886,400000,20260824,192,0.0427929994,-0.0018255564,parity_forward
daily,META,2026-09-04,1530,essvi,ok,,1M,0.0833333333,false,false,617.7855671918,617.8139113421,0.0000458802,0.0001156519,0.3967098759,32768,20260824,104,3.0000000000,true,0.9826225943,617.7993773187,0.0000223542,0.0000210001,400000,20260824,192,0.0311301057,0.0005922099,parity_forward
daily,META,2026-09-04,1530,essvi,ok,,3M,0.2500000000,false,false,622.3836839227,622.5468318643,0.0002621340,0.0002667698,0.9826225943,32768,20260824,104,3.0000000000,true,0.9826225943,622.4230196361,0.0000632017,0.0000690283,400000,20260824,192,0.0400380585,-0.0003288262,parity_forward
daily,META,2026-09-04,1530,essvi,ok,,6M,0.5000000000,false,false,629.5112614227,629.3984791597,-0.0001791585,0.0005016279,-0.3571540474,32768,20260824,104,3.0000000000,true,0.9826225943,629.5745417181,0.0001005229,0.0001372385,400000,20260824,192,0.0427929994,-0.0018255564,parity_forward
daily,META,2026-09-04,1530,essvi_g05,ok,,1M,0.0833333333,false,false,617.7855671918,617.8386194364,0.0000858749,0.0001305130,0.6579792906,32768,20260824,104,3.0000000000,true,0.8374010515,617.8123040587,0.0000432786,0.0000313283,400000,20260824,192,0.0311301057,0.0005922099,parity_forward
daily,META,2026-09-04,1530,essvi_g05,ok,,3M,0.2500000000,false,false,622.3836839227,622.5225737757,0.0002231579,0.0002664887,0.8374010515,32768,20260824,104,3.0000000000,true,0.8374010515,622.4297059181,0.0000739447,0.0000727709,400000,20260824,192,0.0400380585,-0.0003288262,parity_forward
daily,META,2026-09-04,1530,essvi_g05,ok,,6M,0.5000000000,false,false,629.5112614227,629.3664987326,-0.0002299604,0.0005077013,-0.4529443309,32768,20260824,104,3.0000000000,true,0.8374010515,629.5751002878,0.0001014102,0.0001415834,400000,20260824,192,0.0427929994,-0.0018255564,parity_forward
daily,META,2026-09-04,1530,essvi_gfree,ok,,1M,0.0833333333,false,false,617.7855671918,617.8208251326,0.0000570715,0.0001129090,0.5054643561,32768,20260824,104,3.0000000000,true,0.7704495573,617.7989034622,0.0000215872,0.0000280046,400000,20260824,192,0.0311301057,0.0005922099,parity_forward
daily,META,2026-09-04,1530,essvi_gfree,ok,,3M,0.2500000000,false,false,622.3836839227,622.5064340167,0.0001972258,0.0002559879,0.7704495573,32768,20260824,104,3.0000000000,true,0.7704495573,622.4146851701,0.0000498105,0.0000710082,400000,20260824,192,0.0400380585,-0.0003288262,parity_forward
daily,META,2026-09-04,1530,essvi_gfree,ok,,6M,0.5000000000,false,false,629.5112614227,629.3431469104,-0.0002670556,0.0004884559,-0.5467343449,32768,20260824,104,3.0000000000,true,0.7704495573,629.5639677698,0.0000837258,0.0001375649,400000,20260824,192,0.0427929994,-0.0018255564,parity_forward
daily,META,2026-09-04,1530,essvi_sg05,ok,,1M,0.0833333333,false,false,617.7855671918,617.8303993696,0.0000725692,0.0001040518,0.6974327015,32768,20260824,104,3.0000000000,true,0.8951553381,617.8033322455,0.0000287560,0.0000252662,400000,20260824,192,0.0311301057,0.0005922099,parity_forward
daily,META,2026-09-04,1530,essvi_sg05,ok,,3M,0.2500000000,false,false,622.3836839227,622.5257084516,0.0002281945,0.0002549217,0.8951553381,32768,20260824,104,3.0000000000,true,0.8951553381,622.4192916545,0.0000572119,0.0000702117,400000,20260824,192,0.0400380585,-0.0003288262,parity_forward
daily,META,2026-09-04,1530,essvi_sg05,ok,,6M,0.5000000000,false,false,629.5112614227,629.3613598669,-0.0002381237,0.0004978024,-0.4783498644,32768,20260824,104,3.0000000000,true,0.8951553381,629.5666969761,0.0000880613,0.0001393855,400000,20260824,192,0.0427929994,-0.0018255564,parity_forward
daily,META,2026-09-08,1530,svi,ok,,1M,0.0833333333,false,false,612.8856308145,612.9146073562,0.0000472789,0.0001716717,0.2754027783,32768,20260824,104,3.0000000000,true,1.0569748529,612.8975345413,0.0000194224,0.0000467425,400000,20260824,192,0.0392354426,-0.0001149264,parity_forward
daily,META,2026-09-08,1530,svi,ok,,3M,0.2500000000,false,false,617.5278814146,617.7334694369,0.0003329210,0.0003149754,1.0569748529,32768,20260824,104,3.0000000000,true,1.0569748529,617.5540684042,0.0000424062,0.0000890509,400000,20260824,192,0.0432619766,-0.0010850202,parity_forward
daily,META,2026-09-08,1530,svi,ok,,6M,0.5000000000,false,false,625.0950516026,624.8976075422,-0.0003158625,0.0005449937,-0.5795708733,32768,20260824,104,3.0000000000,true,1.0569748529,625.1419758522,0.0000750674,0.0001559927,400000,20260824,192,0.0459899906,-0.0032713539,parity_forward
daily,META,2026-09-08,1530,ssvi,ok,,1M,0.0833333333,false,false,612.8856308145,612.8873267122,0.0000027671,0.0000702243,0.0394033330,32768,20260824,104,3.0000000000,true,0.8770334433,612.8934635987,0.0000127802,0.0000195659,400000,20260824,192,0.0392354426,-0.0001149264,parity_forward
daily,META,2026-09-08,1530,ssvi,ok,,3M,0.2500000000,false,false,617.5278814146,617.6715077719,0.0002325828,0.0002651926,0.8770334433,32768,20260824,104,3.0000000000,true,0.8770334433,617.5503050893,0.0000363120,0.0000759177,400000,20260824,192,0.0432619766,-0.0010850202,parity_forward
daily,META,2026-09-08,1530,ssvi,ok,,6M,0.5000000000,false,false,625.0950516026,624.8493690536,-0.0003930323,0.0005368550,-0.7321014030,32768,20260824,104,3.0000000000,true,0.8770334433,625.1398973101,0.0000717422,0.0001535623,400000,20260824,192,0.0459899906,-0.0032713539,parity_forward
daily,META,2026-09-08,1530,essvi,ok,,1M,0.0833333333,false,false,612.8856308145,612.9045799061,0.0000309178,0.0001064415,0.2904678801,32768,20260824,104,3.0000000000,true,1.1822387584,612.8904576006,0.0000078755,0.0000294824,400000,20260824,192,0.0392354426,-0.0001149264,parity_forward
daily,META,2026-09-08,1530,essvi,ok,,3M,0.2500000000,false,false,617.5278814146,617.7312419377,0.0003293139,0.0002785511,1.1822387584,32768,20260824,104,3.0000000000,true,1.1822387584,617.5375455777,0.0000156498,0.0000798734,400000,20260824,192,0.0432619766,-0.0010850202,parity_forward
daily,META,2026-09-08,1530,essvi,ok,,6M,0.5000000000,false,false,625.0950516026,624.9262989807,-0.0002699631,0.0005337309,-0.5058038503,32768,20260824,104,3.0000000000,true,1.1822387584,625.1249494652,0.0000478293,0.0001534085,400000,20260824,192,0.0459899906,-0.0032713539,parity_forward
daily,META,2026-09-08,1530,essvi_g05,ok,,1M,0.0833333333,false,false,612.8856308145,612.8823021121,-0.0000054312,0.0001035925,-0.0524284640,32768,20260824,104,3.0000000000,true,0.9839025247,612.8909936361,0.0000087501,0.0000290807,400000,20260824,192,0.0392354426,-0.0001149264,parity_forward
daily,META,2026-09-08,1530,essvi_g05,ok,,3M,0.2500000000,false,false,617.5278814146,617.6963373830,0.0002727909,0.0002772540,0.9839025247,32768,20260824,104,3.0000000000,true,0.9839025247,617.5344556411,0.0000106460,0.0000794396,400000,20260824,192,0.0432619766,-0.0010850202,parity_forward
daily,META,2026-09-08,1530,essvi_g05,ok,,6M,0.5000000000,false,false,625.0950516026,624.8701830630,-0.0003597350,0.0005296385,-0.6792084464,32768,20260824,104,3.0000000000,true,0.9839025247,625.1213335587,0.0000420447,0.0001529643,400000,20260824,192,0.0459899906,-0.0032713539,parity_forward
daily,META,2026-09-08,1530,essvi_gfree,ok,,1M,0.0833333333,false,false,612.8856308145,612.8827082861,-0.0000047685,0.0001041968,-0.0457640957,32768,20260824,104,3.0000000000,true,0.9992869003,612.8907426485,0.0000083406,0.0000292290,400000,20260824,192,0.0392354426,-0.0001149264,parity_forward
daily,META,2026-09-08,1530,essvi_gfree,ok,,3M,0.2500000000,false,false,617.5278814146,617.6989282731,0.0002769865,0.0002771841,0.9992869003,32768,20260824,104,3.0000000000,true,0.9992869003,617.5340610641,0.0000100071,0.0000793278,400000,20260824,192,0.0432619766,-0.0010850202,parity_forward
daily,META,2026-09-08,1530,essvi_gfree,ok,,6M,0.5000000000,false,false,625.0950516026,624.8708366470,-0.0003586894,0.0005256256,-0.6824047540,32768,20260824,104,3.0000000000,true,0.9992869003,625.1204063330,0.0000405614,0.0001517623,400000,20260824,192,0.0459899906,-0.0032713539,parity_forward
daily,META,2026-09-08,1530,essvi_sg05,ok,,1M,0.0833333333,false,false,612.8856308145,612.8737548657,-0.0000193771,0.0001196147,-0.1619959565,32768,20260824,104,3.0000000000,true,0.9273477647,612.8836599530,-0.0000032157,0.0000335059,400000,20260824,192,0.0392354426,-0.0001149264,parity_forward
daily,META,2026-09-08,1530,essvi_sg05,ok,,3M,0.2500000000,false,false,617.5278814146,617.6905067352,0.0002633490,0.0002839808,0.9273477647,32768,20260824,104,3.0000000000,true,0.9273477647,617.5258786743,-0.0000032432,0.0000810600,400000,20260824,192,0.0432619766,-0.0010850202,parity_forward
daily,META,2026-09-08,1530,essvi_sg05,ok,,6M,0.5000000000,false,false,625.0950516026,624.8529829581,-0.0003872509,0.0005361512,-0.7222793891,32768,20260824,104,3.0000000000,true,0.9273477647,625.1139857290,0.0000302900,0.0001547635,400000,20260824,192,0.0459899906,-0.0032713539,parity_forward
daily,META,2026-09-09,1530,svi,ok,,1M,0.0833333333,false,false,656.9181435900,656.9112089570,-0.0000105563,0.0000721437,-0.1463235001,32768,20260824,104,3.0000000000,true,1.0951458854,656.9333386282,0.0000231308,0.0000281654,400000,20260824,192,0.0378386131,0.0000191058,parity_forward
daily,META,2026-09-09,1530,svi,ok,,3M,0.2500000000,false,false,661.7151924207,661.9132283181,0.0002992766,0.0002732756,1.0951458854,32768,20260824,104,3.0000000000,true,1.0951458854,661.7288294313,0.0000206086,0.0000811722,400000,20260824,192,0.0417161546,-0.0006249540,parity_forward
daily,META,2026-09-09,1530,svi,ok,,6M,0.5000000000,false,false,669.3483047178,669.1085493211,-0.0003581923,0.0005379069,-0.6659001731,32768,20260824,104,3.0000000000,true,1.0951458854,669.3855515073,0.0000556463,0.0001562965,400000,20260824,192,0.0437967154,-0.0020798537,parity_forward
daily,META,2026-09-09,1530,ssvi,ok,,1M,0.0833333333,false,false,656.9181435900,656.9250568252,0.0000105237,0.0000782791,0.1344387114,32768,20260824,104,3.0000000000,true,0.8757360725,656.9341727089,0.0000244005,0.0000234703,400000,20260824,192,0.0378386131,0.0000191058,parity_forward
daily,META,2026-09-09,1530,ssvi,ok,,3M,0.2500000000,false,false,661.7151924207,661.8815994081,0.0002514783,0.0002871622,0.8757360725,32768,20260824,104,3.0000000000,true,0.8757360725,661.7427655176,0.0000416691,0.0000837352,400000,20260824,192,0.0417161546,-0.0006249540,parity_forward
daily,META,2026-09-09,1530,ssvi,ok,,6M,0.5000000000,false,false,669.3483047178,669.0602915824,-0.0004302889,0.0005746758,-0.7487506820,32768,20260824,104,3.0000000000,true,0.8757360725,669.3970687009,0.0000728529,0.0001656828,400000,20260824,192,0.0437967154,-0.0020798537,parity_forward
daily,META,2026-09-09,1530,essvi,ok,,1M,0.0833333333,false,false,656.9181435900,656.9187354000,0.0000009009,0.0000940124,0.0095826592,32768,20260824,104,3.0000000000,true,1.0772456051,656.9383843982,0.0000308118,0.0000258865,400000,20260824,192,0.0378386131,0.0000191058,parity_forward
daily,META,2026-09-09,1530,essvi,ok,,3M,0.2500000000,false,false,661.7151924207,661.9182173393,0.0003068162,0.0002848154,1.0772456051,32768,20260824,104,3.0000000000,true,1.0772456051,661.7434986048,0.0000427770,0.0000820704,400000,20260824,192,0.0417161546,-0.0006249540,parity_forward
daily,META,2026-09-09,1530,essvi,ok,,6M,0.5000000000,false,false,669.3483047178,669.1124757090,-0.0003523263,0.0005615838,-0.6273796984,32768,20260824,104,3.0000000000,true,1.0772456051,669.3943791562,0.0000688348,0.0001622527,400000,20260824,192,0.0437967154,-0.0020798537,parity_forward
daily,META,2026-09-09,1530,essvi_g05,ok,,1M,0.0833333333,false,false,656.9181435900,656.8595995254,-0.0000891193,0.0001409799,-0.6321418854,32768,20260824,104,3.0000000000,true,0.7863090208,656.9606954828,0.0000647750,0.0000336463,400000,20260824,192,0.0378386131,0.0000191058,parity_forward
daily,META,2026-09-09,1530,essvi_g05,ok,,3M,0.2500000000,false,false,661.7151924207,661.8668808869,0.0002292353,0.0003169450,0.7232652450,32768,20260824,104,3.0000000000,true,0.7863090208,661.7551880339,0.0000604423,0.0000866654,400000,20260824,192,0.0417161546,-0.0006249540,parity_forward
daily,META,2026-09-09,1530,essvi_g05,ok,,6M,0.5000000000,false,false,669.3483047178,669.0370567166,-0.0004650016,0.0005913725,-0.7863090208,32768,20260824,104,3.0000000000,true,0.7863090208,669.4040687593,0.0000833109,0.0001685652,400000,20260824,192,0.0437967154,-0.0020798537,parity_forward
daily,META,2026-09-09,1530,essvi_gfree,ok,,1M,0.0833333333,false,false,656.9181435900,656.8728053625,-0.0000690166,0.0001293651,-0.5335019749,32768,20260824,104,3.0000000000,true,0.8262543168,656.9557884659,0.0000573053,0.0000316119,400000,20260824,192,0.0378386131,0.0000191058,parity_forward
daily,META,2026-09-09,1530,essvi_gfree,ok,,3M,0.2500000000,false,false,661.7151924207,661.8818193531,0.0002518106,0.0003047617,0.8262543168,32768,20260824,104,3.0000000000,true,0.8262543168,661.7524959786,0.0000563740,0.0000838860,400000,20260824,192,0.0417161546,-0.0006249540,parity_forward
daily,META,2026-09-09,1530,essvi_gfree,ok,,6M,0.5000000000,false,false,669.3483047178,669.0529025559,-0.0004413280,0.0005651672,-0.7808804030,32768,20260824,104,3.0000000000,true,0.8262543168,669.4029406655,0.0000816256,0.0001612933,400000,20260824,192,0.0437967154,-0.0020798537,parity_forward
daily,META,2026-09-09,1530,essvi_sg05,ok,,1M,0.0833333333,false,false,656.9181435900,656.8904812230,-0.0000421093,0.0001105284,-0.3809818861,32768,20260824,104,3.0000000000,true,0.8459433325,656.9572756485,0.0000595692,0.0000285457,400000,20260824,192,0.0378386131,0.0000191058,parity_forward
daily,META,2026-09-09,1530,essvi_sg05,ok,,3M,0.2500000000,false,false,661.7151924207,661.8813953619,0.0002511699,0.0002969110,0.8459433325,32768,20260824,104,3.0000000000,true,0.8459433325,661.7585379568,0.0000655048,0.0000834918,400000,20260824,192,0.0417161546,-0.0006249540,parity_forward
daily,META,2026-09-09,1530,essvi_sg05,ok,,6M,0.5000000000,false,false,669.3483047178,669.0494177521,-0.0004465343,0.0005726349,-0.7797888064,32768,20260824,104,3.0000000000,true,0.8459433325,669.4113138246,0.0000941350,0.0001643778,400000,20260824,192,0.0437967154,-0.0020798537,parity_forward
daily,META,2026-09-10,1530,svi,ok,,1M,0.0833333333,false,false,648.0083194653,648.0087356448,0.0000006422,0.0000760075,0.0084497513,32768,20260824,104,3.0000000000,true,1.3788797549,648.0113887863,0.0000047365,0.0000230924,400000,20260824,192,0.0406853987,-0.0002181027,parity_forward
daily,META,2026-09-10,1530,svi,ok,,3M,0.2500000000,false,false,652.8751242671,653.1464450041,0.0004155783,0.0003013884,1.3788797549,32768,20260824,104,3.0000000000,true,1.3788797549,652.9014140206,0.0000402677,0.0000871643,400000,20260824,192,0.0434911681,-0.0010428052,parity_forward
daily,META,2026-09-10,1530,svi,ok,,6M,0.5000000000,false,false,660.0847328303,659.7865229670,-0.0004517751,0.0005468481,-0.8261437691,32768,20260824,104,3.0000000000,true,1.3788797549,660.1371430475,0.0000793992,0.0001575663,400000,20260824,192,0.0437102496,-0.0019869767,parity_forward
daily,META,2026-09-10,1530,ssvi,ok,,1M,0.0833333333,false,false,648.0083194653,648.0131813999,0.0000075029,0.0000772976,0.0970649789,32768,20260824,104,3.0000000000,true,1.0630306049,648.0252971752,0.0000261998,0.0000226560,400000,20260824,192,0.0406853987,-0.0002181027,parity_forward
daily,META,2026-09-10,1530,ssvi,ok,,3M,0.2500000000,false,false,652.8751242671,653.0766523826,0.0003086779,0.0002903754,1.0630306049,32768,20260824,104,3.0000000000,true,1.0630306049,652.9105015560,0.0000541869,0.0000827442,400000,20260824,192,0.0434911681,-0.0010428052,parity_forward
daily,META,2026-09-10,1530,ssvi,ok,,6M,0.5000000000,false,false,660.0847328303,659.7397925661,-0.0005225697,0.0005796349,-0.9015496813,32768,20260824,104,3.0000000000,true,1.0630306049,660.1413922948,0.0000858367,0.0001658600,400000,20260824,192,0.0437102496,-0.0019869767,parity_forward
daily,META,2026-09-10,1530,essvi,ok,,1M,0.0833333333,false,false,648.0083194653,648.0211986989,0.0000198751,0.0000736060,0.2700201295,32768,20260824,104,3.0000000000,true,1.3796335673,648.0222656446,0.0000215216,0.0000222598,400000,20260824,192,0.0406853987,-0.0002181027,parity_forward
daily,META,2026-09-10,1530,essvi,ok,,3M,0.2500000000,false,false,652.8751242671,653.1188937468,0.0003733784,0.0002706359,1.3796335673,32768,20260824,104,3.0000000000,true,1.3796335673,652.9049669520,0.0000457096,0.0000780181,400000,20260824,192,0.0434911681,-0.0010428052,parity_forward
daily,META,2026-09-10,1530,essvi,ok,,6M,0.5000000000,false,false,660.0847328303,659.7673187214,-0.0004808687,0.0005513509,-0.8721646022,32768,20260824,104,3.0000000000,true,1.3796335673,660.1364443964,0.0000783408,0.0001593415,400000,20260824,192,0.0437102496,-0.0019869767,parity_forward
daily,META,2026-09-10,1530,essvi_g05,ok,,1M,0.0833333333,false,false,648.0083194653,648.0393260098,0.0000478490,0.0000750821,0.6372889733,32768,20260824,104,3.0000000000,true,1.3726511175,648.0239241664,0.0000240810,0.0000242993,400000,20260824,192,0.0406853987,-0.0002181027,parity_forward
daily,META,2026-09-10,1530,essvi_g05,ok,,3M,0.2500000000,false,false,652.8751242671,653.1198411450,0.0003748295,0.0002730698,1.3726511175,32768,20260824,104,3.0000000000,true,1.3726511175,652.9034635222,0.0000434069,0.0000803558,400000,20260824,192,0.0434911681,-0.0010428052,parity_forward
daily,META,2026-09-10,1530,essvi_g05,ok,,6M,0.5000000000,false,false,660.0847328303,659.7808230465,-0.0004604103,0.0005708949,-0.8064712092,32768,20260824,104,3.0000000000,true,1.3726511175,660.1372865722,0.0000796167,0.0001658349,400000,20260824,192,0.0437102496,-0.0019869767,parity_forward
daily,META,2026-09-10,1530,essvi_gfree,ok,,1M,0.0833333333,false,false,648.0083194653,648.0378108906,0.0000455109,0.0000735707,0.6186005331,32768,20260824,104,3.0000000000,true,1.3953013798,648.0230784633,0.0000227759,0.0000239279,400000,20260824,192,0.0406853987,-0.0002181027,parity_forward
daily,META,2026-09-10,1530,essvi_gfree,ok,,3M,0.2500000000,false,false,652.8751242671,653.1205532977,0.0003759203,0.0002694187,1.3953013798,32768,20260824,104,3.0000000000,true,1.3953013798,652.9047144138,0.0000453228,0.0000789121,400000,20260824,192,0.0434911681,-0.0010428052,parity_forward
daily,META,2026-09-10,1530,essvi_gfree,ok,,6M,0.5000000000,false,false,660.0847328303,659.7773420062,-0.0004656839,0.0005511205,-0.8449765302,32768,20260824,104,3.0000000000,true,1.3953013798,660.1377761102,0.0000803583,0.0001595784,400000,20260824,192,0.0437102496,-0.0019869767,parity_forward
daily,META,2026-09-10,1530,essvi_sg05,ok,,1M,0.0833333333,false,false,648.0083194653,648.0425418442,0.0000528116,0.0001000141,0.5280416366,32768,20260824,104,3.0000000000,true,1.2912924552,648.0147943142,0.0000099919,0.0000284230,400000,20260824,192,0.0406853987,-0.0002181027,parity_forward
daily,META,2026-09-10,1530,essvi_sg05,ok,,3M,0.2500000000,false,false,652.8751242671,653.1104244821,0.0003604062,0.0002791050,1.2912924552,32768,20260824,104,3.0000000000,true,1.2912924552,652.8996993698,0.0000376414,0.0000808979,400000,20260824,192,0.0434911681,-0.0010428052,parity_forward
daily,META,2026-09-10,1530,essvi_sg05,ok,,6M,0.5000000000,false,false,660.0847328303,659.7921444235,-0.0004432589,0.0005682457,-0.7800479250,32768,20260824,104,3.0000000000,true,1.2912924552,660.1366119646,0.0000785947,0.0001637172,400000,20260824,192,0.0437102496,-0.0019869767,parity_forward
daily,META,2026-09-11,1530,svi,ok,,1M,0.0833333333,false,false,652.5304924965,652.5688480069,0.0000587796,0.0000759715,0.7737069998,32768,20260824,104,3.0000000000,true,1.5567516786,652.5383056977,0.0000119737,0.0000184556,400000,20260824,192,0.0291926000,0.0008213039,parity_forward
daily,META,2026-09-11,1530,svi,ok,,3M,0.2500000000,false,false,657.1571988205,657.7302526753,0.0008720194,0.0005601532,1.5567516786,32768,20260824,104,3.0000000000,true,1.5567516786,657.2619489284,0.0001593989,0.0001533054,400000,20260824,192,0.0379924170,0.0004552105,parity_forward
daily,META,2026-09-11,1530,svi,ok,,6M,0.5000000000,false,false,664.5816805649,664.5241069255,-0.0000866314,0.0007100270,-0.1220114198,32768,20260824,104,3.0000000000,true,1.5567516786,664.6716136299,0.0001353228,0.0001983346,400000,20260824,192,0.0414652754,-0.0005700440,parity_forward
daily,META,2026-09-11,1530,ssvi,ok,,1M,0.0833333333,false,false,652.5304924965,652.5486770746,0.0000278678,0.0000705754,0.3948656260,32768,20260824,104,3.0000000000,true,1.1471826809,652.5430516117,0.0000192468,0.0000179556,400000,20260824,192,0.0291926000,0.0008213039,parity_forward
daily,META,2026-09-11,1530,ssvi,ok,,3M,0.2500000000,false,false,657.1571988205,657.3615082906,0.0003108989,0.0002710108,1.1471826809,32768,20260824,104,3.0000000000,true,1.1471826809,657.1843151055,0.0000412630,0.0000744099,400000,20260824,192,0.0379924170,0.0004552105,parity_forward
daily,META,2026-09-11,1530,ssvi,ok,,6M,0.5000000000,false,false,664.5816805649,664.3097788389,-0.0004091321,0.0005527727,-0.7401453559,32768,20260824,104,3.0000000000,true,1.1471826809,664.6130052495,0.0000471344,0.0001544704,400000,20260824,192,0.0414652754,-0.0005700440,parity_forward
daily,META,2026-09-11,1530,essvi,ok,,1M,0.0833333333,false,false,652.5304924965,652.5471597075,0.0000255424,0.0000676769,0.3774171919,32768,20260824,104,3.0000000000,true,1.2064514135,652.5391119300,0.0000132092,0.0000154357,400000,20260824,192,0.0291926000,0.0008213039,parity_forward
daily,META,2026-09-11,1530,essvi,ok,,3M,0.2500000000,false,false,657.1571988205,657.2507773871,0.0001423991,0.0002920865,0.4875236164,32768,20260824,104,3.0000000000,true,1.2064514135,657.1824032816,0.0000383538,0.0000838995,400000,20260824,192,0.0379924170,0.0004552105,parity_forward
daily,META,2026-09-11,1530,essvi,ok,,6M,0.5000000000,false,false,664.5816805649,664.1340338441,-0.0006735767,0.0005583123,-1.2064514135,32768,20260824,104,3.0000000000,true,1.2064514135,664.6264739582,0.0000674009,0.0001637421,400000,20260824,192,0.0414652754,-0.0005700440,parity_forward
daily,META,2026-09-11,1530,essvi_g05,ok,,1M,0.0833333333,false,false,652.5304924965,652.5476522428,0.0000262972,0.0000725560,0.3624405561,32768,20260824,104,3.0000000000,true,1.7729247350,652.5465760194,0.0000246479,0.0000171792,400000,20260824,192,0.0291926000,0.0008213039,parity_forward
daily,META,2026-09-11,1530,essvi_g05,ok,,3M,0.2500000000,false,false,657.1571988205,657.5083161696,0.0005342973,0.0003013649,1.7729247350,32768,20260824,104,3.0000000000,true,1.7729247350,657.1900521870,0.0000499932,0.0000802833,400000,20260824,192,0.0379924170,0.0004552105,parity_forward
daily,META,2026-09-11,1530,essvi_g05,ok,,6M,0.5000000000,false,false,664.5816805649,664.4345508388,-0.0002213870,0.0005725031,-0.3867000326,32768,20260824,104,3.0000000000,true,1.7729247350,664.6099514862,0.0000425394,0.0001586155,400000,20260824,192,0.0414652754,-0.0005700440,parity_forward
daily,META,2026-09-11,1530,essvi_gfree,ok,,1M,0.0833333333,false,false,652.5304924965,652.5479400613,0.0000267383,0.0000684630,0.3905512774,32768,20260824,104,3.0000000000,true,1.6924479279,652.5433713047,0.0000197367,0.0000167549,400000,20260824,192,0.0291926000,0.0008213039,parity_forward
daily,META,2026-09-11,1530,essvi_gfree,ok,,3M,0.2500000000,false,false,657.1571988205,657.4845077410,0.0004980679,0.0002942885,1.6924479279,32768,20260824,104,3.0000000000,true,1.6924479279,657.1889753731,0.0000483546,0.0000797569,400000,20260824,192,0.0379924170,0.0004552105,parity_forward
daily,META,2026-09-11,1530,essvi_gfree,ok,,6M,0.5000000000,false,false,664.5816805649,664.4067803735,-0.0002631734,0.0005403010,-0.4870865184,32768,20260824,104,3.0000000000,true,1.6924479279,664.6182466152,0.0000550212,0.0001510202,400000,20260824,192,0.0414652754,-0.0005700440,parity_forward
daily,META,2026-09-11,1530,essvi_sg05,ok,,1M,0.0833333333,false,false,652.5304924965,652.5464605786,0.0000244710,0.0000790978,0.3093765240,32768,20260824,104,3.0000000000,true,1.2671796146,652.5570130859,0.0000406427,0.0000224344,400000,20260824,192,0.0291926000,0.0008213039,parity_forward
daily,META,2026-09-11,1530,essvi_sg05,ok,,3M,0.2500000000,false,false,657.1571988205,657.5185258755,0.0005498335,0.0004339034,1.2671796146,32768,20260824,104,3.0000000000,true,1.2671796146,657.2413278877,0.0001280197,0.0001197450,400000,20260824,192,0.0379924170,0.0004552105,parity_forward
daily,META,2026-09-11,1530,essvi_sg05,ok,,6M,0.5000000000,false,false,664.5816805649,664.4915118876,-0.0001356773,0.0006185617,-0.2193432743,32768,20260824,104,3.0000000000,true,1.2671796146,664.6714683860,0.0001351043,0.0001720359,400000,20260824,192,0.0414652754,-0.0005700440,parity_forward
daily,QQQ,2026-08-14,1530,svi,ok,,1M,0.0833333333,false,false,732.0536643701,732.0271309451,-0.0000362452,0.0000830424,-0.4364659004,32768,20260824,104,3.0000000000,true,0.8106737937,732.0318718796,-0.0000297690,0.0000250377,400000,20260824,192,0.0397129699,-0.0001561409,parity_forward
daily,QQQ,2026-08-14,1530,svi,ok,,3M,0.2500000000,false,false,736.5658144278,736.4707704897,-0.0001290366,0.0001591720,-0.8106737937,32768,20260824,104,3.0000000000,true,0.8106737937,736.5234189135,-0.0000575584,0.0000449885,400000,20260824,192,0.0378167355,0.0001717919,parity_forward
daily,QQQ,2026-08-14,1530,svi,ok,,6M,0.5000000000,false,false,744.2799732670,744.3811741939,0.0001359716,0.0001889944,0.7194476431,32768,20260824,104,3.0000000000,true,0.8106737937,744.2414717905,-0.0000517298,0.0000536583,400000,20260824,192,0.0397457262,-0.0003665775,parity_forward
daily,QQQ,2026-08-14,1530,ssvi,ok,,1M,0.0833333333,false,false,732.0536643701,732.0564751448,0.0000038396,0.0000890780,0.0431035197,32768,20260824,104,3.0000000000,true,1.4375037813,732.0388005016,-0.0000203043,0.0000253469,400000,20260824,192,0.0397129699,-0.0001561409,parity_forward
daily,QQQ,2026-08-14,1530,ssvi,ok,,3M,0.2500000000,false,false,736.5658144278,736.4097658344,-0.0002118597,0.0001473803,-1.4375037813,32768,20260824,104,3.0000000000,true,1.4375037813,736.5485547541,-0.0000234326,0.0000413221,400000,20260824,192,0.0378167355,0.0001717919,parity_forward
daily,QQQ,2026-08-14,1530,ssvi,ok,,6M,0.5000000000,false,false,744.2799732670,744.3188991063,0.0000523000,0.0001848797,0.2828865649,32768,20260824,104,3.0000000000,true,1.4375037813,744.2425711840,-0.0000502527,0.0000520594,400000,20260824,192,0.0397457262,-0.0003665775,parity_forward
daily,QQQ,2026-08-14,1530,essvi,ok,,1M,0.0833333333,false,false,732.0536643701,732.1108110919,0.0000780636,0.0000965287,0.8087079801,32768,20260824,104,3.0000000000,true,1.0101083907,732.0456064200,-0.0000110073,0.0000268181,400000,20260824,192,0.0397129699,-0.0001561409,parity_forward
daily,QQQ,2026-08-14,1530,essvi,ok,,3M,0.2500000000,false,false,736.5658144278,736.4351958201,-0.0001773346,0.0001755600,-1.0101083907,32768,20260824,104,3.0000000000,true,1.0101083907,736.5584836623,-0.0000099526,0.0000493581,400000,20260824,192,0.0378167355,0.0001717919,parity_forward
daily,QQQ,2026-08-14,1530,essvi,ok,,6M,0.5000000000,false,false,744.2799732670,744.3974804346,0.0001578803,0.0002180389,0.7240926274,32768,20260824,104,3.0000000000,true,1.0101083907,744.2702809229,-0.0000130224,0.0000616952,400000,20260824,192,0.0397457262,-0.0003665775,parity_forward
daily,QQQ,2026-08-14,1530,essvi_g05,ok,,1M,0.0833333333,false,false,732.0536643701,732.0993890556,0.0000624608,0.0001031258,0.6056759303,32768,20260824,104,3.0000000000,true,1.0174278996,732.0492823247,-0.0000059860,0.0000276995,400000,20260824,192,0.0397129699,-0.0001561409,parity_forward
daily,QQQ,2026-08-14,1530,essvi_g05,ok,,3M,0.2500000000,false,false,736.5658144278,736.4257809287,-0.0001901168,0.0001868602,-1.0174278996,32768,20260824,104,3.0000000000,true,1.0174278996,736.5552392111,-0.0000143575,0.0000519554,400000,20260824,192,0.0378167355,0.0001717919,parity_forward
daily,QQQ,2026-08-14,1530,essvi_g05,ok,,6M,0.5000000000,false,false,744.2799732670,744.3976836915,0.0001581534,0.0002365782,0.6685038363,32768,20260824,104,3.0000000000,true,1.0174278996,744.2662266542,-0.0000184697,0.0000662412,400000,20260824,192,0.0397457262,-0.0003665775,parity_forward
daily,QQQ,2026-08-14,1530,essvi_gfree,ok,,1M,0.0833333333,false,false,732.0536643701,732.1064392495,0.0000720915,0.0000996866,0.7231816765,32768,20260824,104,3.0000000000,true,1.0295084555,732.0494352560,-0.0000057771,0.0000272130,400000,20260824,192,0.0397129699,-0.0001561409,parity_forward
daily,QQQ,2026-08-14,1530,essvi_gfree,ok,,3M,0.2500000000,false,false,736.5658144278,736.4252252832,-0.0001908711,0.0001854002,-1.0295084555,32768,20260824,104,3.0000000000,true,1.0295084555,736.5530595460,-0.0000173167,0.0000517397,400000,20260824,192,0.0378167355,0.0001717919,parity_forward
daily,QQQ,2026-08-14,1530,essvi_gfree,ok,,6M,0.5000000000,false,false,744.2799732670,744.3806092722,0.0001352126,0.0002271710,0.5952017495,32768,20260824,104,3.0000000000,true,1.0295084555,744.2621242476,-0.0000239816,0.0000638879,400000,20260824,192,0.0397457262,-0.0003665775,parity_forward
daily,QQQ,2026-08-14,1530,essvi_sg05,ok,,1M,0.0833333333,false,false,732.0536643701,732.0581519913,0.0000061302,0.0001113263,0.0550650013,32768,20260824,104,3.0000000000,true,1.2411002504,732.0597466624,0.0000083085,0.0000308256,400000,20260824,192,0.0397129699,-0.0001561409,parity_forward
daily,QQQ,2026-08-14,1530,essvi_sg05,ok,,3M,0.2500000000,false,false,736.5658144278,736.3730289402,-0.0002617356,0.0002108900,-1.2411002504,32768,20260824,104,3.0000000000,true,1.2411002504,736.5553577468,-0.0000141965,0.0000573199,400000,20260824,192,0.0378167355,0.0001717919,parity_forward
daily,QQQ,2026-08-14,1530,essvi_sg05,ok,,6M,0.5000000000,false,false,744.2799732670,744.3142679641,0.0000460777,0.0002455116,0.1876802703,32768,20260824,104,3.0000000000,true,1.2411002504,744.2533010566,-0.0000358363,0.0000676158,400000,20260824,192,0.0397457262,-0.0003665775,parity_forward
daily,QQQ,2026-08-17,1530,svi,ok,,1M,0.0833333333,false,false,732.4236029175,732.4248013945,0.0000016363,0.0000829233,0.0197328910,32768,20260824,104,3.0000000000,true,0.7998389798,732.4158330641,-0.0000106084,0.0000293716,400000,20260824,192,0.0425689054,-0.0003940701,parity_forward
daily,QQQ,2026-08-17,1530,svi,ok,,3M,0.2500000000,false,false,736.9666268149,736.8889218816,-0.0001054389,0.0001572552,-0.6704952329,32768,20260824,104,3.0000000000,true,0.7998389798,736.9457560237,-0.0000283199,0.0000482744,400000,20260824,192,0.0389239135,-0.0001293674,parity_forward
daily,QQQ,2026-08-17,1530,svi,ok,,6M,0.5000000000,false,false,744.7773899236,744.8899753870,0.0001511666,0.0001889963,0.7998389798,32768,20260824,104,3.0000000000,true,0.7998389798,744.7687894728,-0.0000115477,0.0000573290,400000,20260824,192,0.0405474759,-0.0007190134,parity_forward
daily,QQQ,2026-08-17,1530,ssvi,ok,,1M,0.0833333333,false,false,732.4236029175,732.3771794471,-0.0000633834,0.0000854004,-0.7421903855,32768,20260824,104,3.0000000000,true,1.4903829249,732.4227646709,-0.0000011445,0.0000267857,400000,20260824,192,0.0425689054,-0.0003940701,parity_forward
daily,QQQ,2026-08-17,1530,ssvi,ok,,3M,0.2500000000,false,false,736.9666268149,736.8057998423,-0.0002182283,0.0001464243,-1.4903829249,32768,20260824,104,3.0000000000,true,1.4903829249,736.9644644727,-0.0000029341,0.0000434203,400000,20260824,192,0.0389239135,-0.0001293674,parity_forward
daily,QQQ,2026-08-17,1530,ssvi,ok,,6M,0.5000000000,false,false,744.7773899236,744.8600326066,0.0001109629,0.0001860519,0.5964083508,32768,20260824,104,3.0000000000,true,1.4903829249,744.7735618133,-0.0000051399,0.0000545704,400000,20260824,192,0.0405474759,-0.0007190134,parity_forward
daily,QQQ,2026-08-17,1530,essvi,ok,,1M,0.0833333333,false,false,732.4236029175,732.3885675746,-0.0000478348,0.0001016086,-0.4707750435,32768,20260824,104,3.0000000000,true,2.0040073814,732.4128767081,-0.0000146448,0.0000302627,400000,20260824,192,0.0425689054,-0.0003940701,parity_forward
daily,QQQ,2026-08-17,1530,essvi,ok,,3M,0.2500000000,false,false,736.9666268149,736.6849486170,-0.0003822130,0.0001907243,-2.0040073814,32768,20260824,104,3.0000000000,true,2.0040073814,736.9688143089,0.0000029682,0.0000548487,400000,20260824,192,0.0389239135,-0.0001293674,parity_forward
daily,QQQ,2026-08-17,1530,essvi,ok,,6M,0.5000000000,false,false,744.7773899236,744.8154334812,0.0000510804,0.0002303731,0.2217292195,32768,20260824,104,3.0000000000,true,2.0040073814,744.7887831676,0.0000152975,0.0000661925,400000,20260824,192,0.0405474759,-0.0007190134,parity_forward
daily,QQQ,2026-08-17,1530,essvi_g05,ok,,1M,0.0833333333,false,false,732.4236029175,732.3753323799,-0.0000659052,0.0001091845,-0.6036135096,32768,20260824,104,3.0000000000,true,1.8784020832,732.4075453535,-0.0000219239,0.0000318222,400000,20260824,192,0.0425689054,-0.0003940701,parity_forward
daily,QQQ,2026-08-17,1530,essvi_g05,ok,,3M,0.2500000000,false,false,736.9666268149,736.7032135408,-0.0003574290,0.0001902836,-1.8784020832,32768,20260824,104,3.0000000000,true,1.8784020832,736.9502441589,-0.0000222298,0.0000556794,400000,20260824,192,0.0389239135,-0.0001293674,parity_forward
daily,QQQ,2026-08-17,1530,essvi_g05,ok,,6M,0.5000000000,false,false,744.7773899236,744.8361945717,0.0000789560,0.0002381206,0.3315799376,32768,20260824,104,3.0000000000,true,1.8784020832,744.7733013190,-0.0000054897,0.0000688063,400000,20260824,192,0.0405474759,-0.0007190134,parity_forward
daily,QQQ,2026-08-17,1530,essvi_gfree,ok,,1M,0.0833333333,false,false,732.4236029175,732.3763434926,-0.0000645247,0.0001089708,-0.5921283798,32768,20260824,104,3.0000000000,true,1.9078081976,732.4058953416,-0.0000241767,0.0000317516,400000,20260824,192,0.0425689054,-0.0003940701,parity_forward
daily,QQQ,2026-08-17,1530,essvi_gfree,ok,,3M,0.2500000000,false,false,736.9666268149,736.7014294106,-0.0003598500,0.0001886196,-1.9078081976,32768,20260824,104,3.0000000000,true,1.9078081976,736.9489177192,-0.0000240297,0.0000571835,400000,20260824,192,0.0389239135,-0.0001293674,parity_forward
daily,QQQ,2026-08-17,1530,essvi_gfree,ok,,6M,0.5000000000,false,false,744.7773899236,744.8271525767,0.0000668155,0.0002350319,0.2842825103,32768,20260824,104,3.0000000000,true,1.9078081976,744.7722088239,-0.0000069566,0.0000695105,400000,20260824,192,0.0405474759,-0.0007190134,parity_forward
daily,QQQ,2026-08-17,1530,essvi_sg05,ok,,1M,0.0833333333,false,false,732.4236029175,732.3729276555,-0.0000691885,0.0001177730,-0.5874732592,32768,20260824,104,3.0000000000,true,1.3161556391,732.4097851906,-0.0000188658,0.0000343594,400000,20260824,192,0.0425689054,-0.0003940701,parity_forward
daily,QQQ,2026-08-17,1530,essvi_sg05,ok,,3M,0.2500000000,false,false,736.9666268149,736.7698427668,-0.0002670189,0.0002028779,-1.3161556391,32768,20260824,104,3.0000000000,true,1.3161556391,736.9348189085,-0.0000431606,0.0000628307,400000,20260824,192,0.0389239135,-0.0001293674,parity_forward
daily,QQQ,2026-08-17,1530,essvi_sg05,ok,,6M,0.5000000000,false,false,744.7773899236,744.8336413668,0.0000755279,0.0002418849,0.3122471711,32768,20260824,104,3.0000000000,true,1.3161556391,744.7478957312,-0.0000396014,0.0000725836,400000,20260824,192,0.0405474759,-0.0007190134,parity_forward
daily,QQQ,2026-08-18,1530,svi,ok,,1M,0.0833333333,false,false,719.8489509577,719.8335797777,-0.0000213533,0.0000989629,-0.2157711405,32768,20260824,104,3.0000000000,true,0.8794886857,719.8499409420,0.0000013753,0.0000363140,400000,20260824,192,0.0433866071,-0.0004621827,parity_forward
daily,QQQ,2026-08-18,1530,svi,ok,,3M,0.2500000000,false,false,724.2732364075,724.1615320308,-0.0001542296,0.0001753628,-0.8794886857,32768,20260824,104,3.0000000000,true,0.8794886857,724.2709724039,-0.0000031259,0.0000544712,400000,20260824,192,0.0389714819,-0.0001165009,parity_forward
daily,QQQ,2026-08-18,1530,svi,ok,,6M,0.5000000000,false,false,731.9907644411,732.0701121045,0.0001083998,0.0002107717,0.5142997325,32768,20260824,104,3.0000000000,true,0.8794886857,731.9922190965,0.0000019873,0.0000638103,400000,20260824,192,0.0406840958,-0.0007864743,parity_forward
daily,QQQ,2026-08-18,1530,ssvi,ok,,1M,0.0833333333,false,false,719.8489509577,719.8450049530,-0.0000054817,0.0000892057,-0.0614502395,32768,20260824,104,3.0000000000,true,1.3261518203,719.8453213391,-0.0000050422,0.0000291227,400000,20260824,192,0.0433866071,-0.0004621827,parity_forward
daily,QQQ,2026-08-18,1530,ssvi,ok,,3M,0.2500000000,false,false,724.2732364075,724.1243028997,-0.0002056317,0.0001550589,-1.3261518203,32768,20260824,104,3.0000000000,true,1.3261518203,724.2680569220,-0.0000071513,0.0000461345,400000,20260824,192,0.0389714819,-0.0001165009,parity_forward
daily,QQQ,2026-08-18,1530,ssvi,ok,,6M,0.5000000000,false,false,731.9907644411,732.0708012940,0.0001093413,0.0001953402,0.5597481894,32768,20260824,104,3.0000000000,true,1.3261518203,731.9826751047,-0.0000110511,0.0000577054,400000,20260824,192,0.0406840958,-0.0007864743,parity_forward
daily,QQQ,2026-08-18,1530,essvi,ok,,1M,0.0833333333,false,false,719.8489509577,719.8419365339,-0.0000097443,0.0001139698,-0.0854989270,32768,20260824,104,3.0000000000,true,1.8460285488,719.8411775421,-0.0000107987,0.0000365648,400000,20260824,192,0.0433866071,-0.0004621827,parity_forward
daily,QQQ,2026-08-18,1530,essvi,ok,,3M,0.2500000000,false,false,724.2732364075,724.0010145974,-0.0003758551,0.0002036020,-1.8460285488,32768,20260824,104,3.0000000000,true,1.8460285488,724.2685509815,-0.0000064691,0.0000602837,400000,20260824,192,0.0389714819,-0.0001165009,parity_forward
daily,QQQ,2026-08-18,1530,essvi,ok,,6M,0.5000000000,false,false,731.9907644411,732.0053258020,0.0000198928,0.0002398455,0.0829401545,32768,20260824,104,3.0000000000,true,1.8460285488,731.9799253537,-0.0000148077,0.0000708668,400000,20260824,192,0.0406840958,-0.0007864743,parity_forward
daily,QQQ,2026-08-18,1530,essvi_g05,ok,,1M,0.0833333333,false,false,719.8489509577,719.8202949056,-0.0000398084,0.0001176576,-0.3383413060,32768,20260824,104,3.0000000000,true,1.9121772692,719.8359700767,-0.0000180328,0.0000377164,400000,20260824,192,0.0433866071,-0.0004621827,parity_forward
daily,QQQ,2026-08-18,1530,essvi_g05,ok,,3M,0.2500000000,false,false,724.2732364075,723.9869772027,-0.0003952365,0.0002066945,-1.9121772692,32768,20260824,104,3.0000000000,true,1.9121772692,724.2608955498,-0.0000170390,0.0000598557,400000,20260824,192,0.0389714819,-0.0001165009,parity_forward
daily,QQQ,2026-08-18,1530,essvi_g05,ok,,6M,0.5000000000,false,false,731.9907644411,731.9977923230,0.0000096011,0.0002477609,0.0387512844,32768,20260824,104,3.0000000000,true,1.9121772692,731.9746504049,-0.0000220140,0.0000718526,400000,20260824,192,0.0406840958,-0.0007864743,parity_forward
daily,QQQ,2026-08-18,1530,essvi_gfree,ok,,1M,0.0833333333,false,false,719.8489509577,719.8186770507,-0.0000420559,0.0001165248,-0.3609181540,32768,20260824,104,3.0000000000,true,1.9470353372,719.8345160047,-0.0000200528,0.0000375236,400000,20260824,192,0.0433866071,-0.0004621827,parity_forward
daily,QQQ,2026-08-18,1530,essvi_gfree,ok,,3M,0.2500000000,false,false,724.2732364075,723.9821132485,-0.0004019521,0.0002064432,-1.9470353372,32768,20260824,104,3.0000000000,true,1.9470353372,724.2591302550,-0.0000194763,0.0000598530,400000,20260824,192,0.0389714819,-0.0001165009,parity_forward
daily,QQQ,2026-08-18,1530,essvi_gfree,ok,,6M,0.5000000000,false,false,731.9907644411,731.9902517292,-0.0000007004,0.0002458022,-0.0028495877,32768,20260824,104,3.0000000000,true,1.9470353372,731.9734130714,-0.0000237044,0.0000713542,400000,20260824,192,0.0406840958,-0.0007864743,parity_forward
daily,QQQ,2026-08-18,1530,essvi_sg05,ok,,1M,0.0833333333,false,false,719.8489509577,719.8164276959,-0.0000451807,0.0001262836,-0.3577713902,32768,20260824,104,3.0000000000,true,1.7524263426,719.8378358224,-0.0000154409,0.0000401728,400000,20260824,192,0.0433866071,-0.0004621827,parity_forward
daily,QQQ,2026-08-18,1530,essvi_sg05,ok,,3M,0.2500000000,false,false,724.2732364075,723.9724788878,-0.0004152542,0.0002369596,-1.7524263426,32768,20260824,104,3.0000000000,true,1.7524263426,724.2720363208,-0.0000016570,0.0000646172,400000,20260824,192,0.0389714819,-0.0001165009,parity_forward
daily,QQQ,2026-08-18,1530,essvi_sg05,ok,,6M,0.5000000000,false,false,731.9907644411,731.9627161322,-0.0000383178,0.0002691356,-0.1423737529,32768,20260824,104,3.0000000000,true,1.7524263426,731.9858453349,-0.0000067202,0.0000744672,400000,20260824,192,0.0406840958,-0.0007864743,parity_forward
daily,QQQ,2026-08-19,1530,svi,ok,,1M,0.0833333333,false,false,719.3627633148,719.3499538123,-0.0000178067,0.0000855847,-0.2080598031,32768,20260824,104,3.0000000000,true,0.8343061435,719.3561023368,-0.0000092596,0.0000330070,400000,20260824,192,0.0431617162,-0.0004517532,parity_forward
daily,QQQ,2026-08-19,1530,svi,ok,,3M,0.2500000000,false,false,723.8122928219,723.7255559161,-0.0001198334,0.0001613048,-0.7429007529,32768,20260824,104,3.0000000000,true,0.8343061435,723.8124650275,0.0000002379,0.0000510794,400000,20260824,192,0.0390525409,-0.0001611178,parity_forward
daily,QQQ,2026-08-19,1530,svi,ok,,6M,0.5000000000,false,false,731.4077697281,731.5290546927,0.0001658240,0.0001987568,0.8343061435,32768,20260824,104,3.0000000000,true,0.8343061435,731.4053754181,-0.0000032736,0.0000609397,400000,20260824,192,0.0404043385,-0.0006957088,parity_forward
daily,QQQ,2026-08-19,1530,ssvi,ok,,1M,0.0833333333,false,false,719.3627633148,719.3507215308,-0.0000167395,0.0000897565,-0.1864991843,32768,20260824,104,3.0000000000,true,1.3804745504,719.3490273675,-0.0000190946,0.0000282985,400000,20260824,192,0.0431617162,-0.0004517532,parity_forward
daily,QQQ,2026-08-19,1530,ssvi,ok,,3M,0.2500000000,false,false,723.8122928219,723.6579624784,-0.0002132187,0.0001544532,-1.3804745504,32768,20260824,104,3.0000000000,true,1.3804745504,723.8065384036,-0.0000079502,0.0000454590,400000,20260824,192,0.0390525409,-0.0001611178,parity_forward
daily,QQQ,2026-08-19,1530,ssvi,ok,,6M,0.5000000000,false,false,731.4077697281,731.4707235647,0.0000860721,0.0001948173,0.4418094941,32768,20260824,104,3.0000000000,true,1.3804745504,731.3918895023,-0.0000217119,0.0000570957,400000,20260824,192,0.0404043385,-0.0006957088,parity_forward
daily,QQQ,2026-08-19,1530,essvi,ok,,1M,0.0833333333,false,false,719.3627633148,719.3082259634,-0.0000758134,0.0001078976,-0.7026420088,32768,20260824,104,3.0000000000,true,2.1694309320,719.3439116835,-0.0000262060,0.0000346012,400000,20260824,192,0.0431617162,-0.0004517532,parity_forward
daily,QQQ,2026-08-19,1530,essvi,ok,,3M,0.2500000000,false,false,723.8122928219,723.4978748019,-0.0004343917,0.0002002330,-2.1694309320,32768,20260824,104,3.0000000000,true,2.1694309320,723.8087881868,-0.0000048419,0.0000583275,400000,20260824,192,0.0390525409,-0.0001611178,parity_forward
daily,QQQ,2026-08-19,1530,essvi,ok,,6M,0.5000000000,false,false,731.4077697281,731.3615544789,-0.0000631867,0.0002373758,-0.2661884588,32768,20260824,104,3.0000000000,true,2.1694309320,731.3867073210,-0.0000287971,0.0000691655,400000,20260824,192,0.0404043385,-0.0006957088,parity_forward
daily,QQQ,2026-08-19,1530,essvi_g05,ok,,1M,0.0833333333,false,false,719.3627633148,719.2852038251,-0.0001078169,0.0001137732,-0.9476481307,32768,20260824,104,3.0000000000,true,1.9882376399,719.3389548882,-0.0000330966,0.0000366737,400000,20260824,192,0.0431617162,-0.0004517532,parity_forward
daily,QQQ,2026-08-19,1530,essvi_g05,ok,,3M,0.2500000000,false,false,723.8122928219,723.5115229178,-0.0004155358,0.0002089970,-1.9882376399,32768,20260824,104,3.0000000000,true,1.9882376399,723.8086416279,-0.0000050444,0.0000611401,400000,20260824,192,0.0390525409,-0.0001611178,parity_forward
daily,QQQ,2026-08-19,1530,essvi_g05,ok,,6M,0.5000000000,false,false,731.4077697281,731.3809826732,-0.0000366240,0.0002485272,-0.1473640411,32768,20260824,104,3.0000000000,true,1.9882376399,731.3887449960,-0.0000260111,0.0000726207,400000,20260824,192,0.0404043385,-0.0006957088,parity_forward
daily,QQQ,2026-08-19,1530,essvi_gfree,ok,,1M,0.0833333333,false,false,719.3627633148,719.2840930105,-0.0001093611,0.0001129800,-0.9679683696,32768,20260824,104,3.0000000000,true,2.0368355472,719.3385990308,-0.0000335912,0.0000365526,400000,20260824,192,0.0431617162,-0.0004517532,parity_forward
daily,QQQ,2026-08-19,1530,essvi_gfree,ok,,3M,0.2500000000,false,false,723.8122928219,723.5204907227,-0.0004031461,0.0001979277,-2.0368355472,32768,20260824,104,3.0000000000,true,2.0368355472,723.7967025683,-0.0000215391,0.0000582962,400000,20260824,192,0.0390525409,-0.0001611178,parity_forward
daily,QQQ,2026-08-19,1530,essvi_gfree,ok,,6M,0.5000000000,false,false,731.4077697281,731.3922652647,-0.0000211981,0.0002391609,-0.0886353608,32768,20260824,104,3.0000000000,true,2.0368355472,731.3779212254,-0.0000408097,0.0000700133,400000,20260824,192,0.0404043385,-0.0006957088,parity_forward
daily,QQQ,2026-08-19,1530,essvi_sg05,ok,,1M,0.0833333333,false,false,719.3627633148,719.2457873997,-0.0001626105,0.0001282001,-1.2684117282,32768,20260824,104,3.0000000000,true,1.7402414520,719.3385226945,-0.0000336974,0.0000417597,400000,20260824,192,0.0431617162,-0.0004517532,parity_forward
daily,QQQ,2026-08-19,1530,essvi_sg05,ok,,3M,0.2500000000,false,false,723.8122928219,723.5223727710,-0.0004005459,0.0002301669,-1.7402414520,32768,20260824,104,3.0000000000,true,1.7402414520,723.8024315584,-0.0000136241,0.0000637965,400000,20260824,192,0.0390525409,-0.0001611178,parity_forward
daily,QQQ,2026-08-19,1530,essvi_sg05,ok,,6M,0.5000000000,false,false,731.4077697281,731.3828286792,-0.0000341001,0.0002636266,-0.1293498646,32768,20260824,104,3.0000000000,true,1.7402414520,731.3857315601,-0.0000301312,0.0000738840,400000,20260824,192,0.0404043385,-0.0006957088,parity_forward
daily,QQQ,2026-08-20,1530,svi,ok,,1M,0.0833333333,false,false,712.8522092237,712.8629395599,0.0000150527,0.0001026116,0.1466957238,32768,20260824,104,3.0000000000,true,0.9723163052,712.8338712486,-0.0000257248,0.0000372526,400000,20260824,192,0.0409288348,-0.0002740510,parity_forward
daily,QQQ,2026-08-20,1530,svi,ok,,3M,0.2500000000,false,false,717.3614885511,717.2376116613,-0.0001726841,0.0001776007,-0.9723163052,32768,20260824,104,3.0000000000,true,0.9723163052,717.3507214093,-0.0000150094,0.0000549196,400000,20260824,192,0.0388659967,-0.0001148899,parity_forward
daily,QQQ,2026-08-20,1530,svi,ok,,6M,0.5000000000,false,false,725.0442329270,725.1310962810,0.0001198042,0.0002110078,0.5677714497,32768,20260824,104,3.0000000000,true,0.9723163052,725.0167771662,-0.0000378677,0.0000640199,400000,20260824,192,0.0407385629,-0.0008626907,parity_forward
daily,QQQ,2026-08-20,1530,ssvi,ok,,1M,0.0833333333,false,false,712.8522092237,712.8383794474,-0.0000194006,0.0000969101,-0.2001920096,32768,20260824,104,3.0000000000,true,1.3677805240,712.8327050731,-0.0000273607,0.0000305403,400000,20260824,192,0.0409288348,-0.0002740510,parity_forward
daily,QQQ,2026-08-20,1530,ssvi,ok,,3M,0.2500000000,false,false,717.3614885511,717.2041535425,-0.0002193246,0.0001603507,-1.3677805240,32768,20260824,104,3.0000000000,true,1.3677805240,717.3384611049,-0.0000321002,0.0000476661,400000,20260824,192,0.0388659967,-0.0001148899,parity_forward
daily,QQQ,2026-08-20,1530,ssvi,ok,,6M,0.5000000000,false,false,725.0442329270,725.0989837220,0.0000755137,0.0001995130,0.3784902798,32768,20260824,104,3.0000000000,true,1.3677805240,725.0054258669,-0.0000535237,0.0000589082,400000,20260824,192,0.0407385629,-0.0008626907,parity_forward
daily,QQQ,2026-08-20,1530,essvi,ok,,1M,0.0833333333,false,false,712.8522092237,712.7921984179,-0.0000841841,0.0001209955,-0.6957622432,32768,20260824,104,3.0000000000,true,2.0994829528,712.8244882082,-0.0000388875,0.0000398534,400000,20260824,192,0.0409288348,-0.0002740510,parity_forward
daily,QQQ,2026-08-20,1530,essvi,ok,,3M,0.2500000000,false,false,717.3614885511,717.0508588275,-0.0004330170,0.0002062494,-2.0994829528,32768,20260824,104,3.0000000000,true,2.0994829528,717.3416523230,-0.0000276516,0.0000617755,400000,20260824,192,0.0388659967,-0.0001148899,parity_forward
daily,QQQ,2026-08-20,1530,essvi,ok,,6M,0.5000000000,false,false,725.0442329270,724.9740661739,-0.0000967758,0.0002409281,-0.4016792021,32768,20260824,104,3.0000000000,true,2.0994829528,725.0017341226,-0.0000586155,0.0000714610,400000,20260824,192,0.0407385629,-0.0008626907,parity_forward
daily,QQQ,2026-08-20,1530,essvi_g05,ok,,1M,0.0833333333,false,false,712.8522092237,712.7442513812,-0.0001514449,0.0001331328,-1.1375477751,32768,20260824,104,3.0000000000,true,1.9711009950,712.8290507450,-0.0000324871,0.0000452478,400000,20260824,192,0.0409288348,-0.0002740510,parity_forward
daily,QQQ,2026-08-20,1530,essvi_g05,ok,,3M,0.2500000000,false,false,717.3614885511,717.0690271280,-0.0004076904,0.0002068339,-1.9711009950,32768,20260824,104,3.0000000000,true,1.9711009950,717.3405156333,-0.0000292362,0.0000644917,400000,20260824,192,0.0388659967,-0.0001148899,parity_forward
daily,QQQ,2026-08-20,1530,essvi_g05,ok,,6M,0.5000000000,false,false,725.0442329270,725.0138332885,-0.0000419280,0.0002469023,-0.1698160731,32768,20260824,104,3.0000000000,true,1.9711009950,725.0050099477,-0.0000540974,0.0000750196,400000,20260824,192,0.0407385629,-0.0008626907,parity_forward
daily,QQQ,2026-08-20,1530,essvi_gfree,ok,,1M,0.0833333333,false,false,712.8522092237,712.7598428416,-0.0001295730,0.0001228343,-1.0548601570,32768,20260824,104,3.0000000000,true,2.0064721146,712.8204131118,-0.0000446041,0.0000411101,400000,20260824,192,0.0409288348,-0.0002740510,parity_forward
daily,QQQ,2026-08-20,1530,essvi_gfree,ok,,3M,0.2500000000,false,false,717.3614885511,717.0514326907,-0.0004322170,0.0002154114,-2.0064721146,32768,20260824,104,3.0000000000,true,2.0064721146,717.3360068486,-0.0000355214,0.0000643064,400000,20260824,192,0.0388659967,-0.0001148899,parity_forward
daily,QQQ,2026-08-20,1530,essvi_gfree,ok,,6M,0.5000000000,false,false,725.0442329270,724.9845207808,-0.0000823566,0.0002515301,-0.3274222211,32768,20260824,104,3.0000000000,true,2.0064721146,724.9984427077,-0.0000631551,0.0000745217,400000,20260824,192,0.0407385629,-0.0008626907,parity_forward
daily,QQQ,2026-08-20,1530,essvi_sg05,ok,,1M,0.0833333333,false,false,712.8522092237,712.7626634819,-0.0001256161,0.0001339652,-0.9376772579,32768,20260824,104,3.0000000000,true,1.7549940270,712.8210863408,-0.0000436597,0.0000436895,400000,20260824,192,0.0409288348,-0.0002740510,parity_forward
daily,QQQ,2026-08-20,1530,essvi_sg05,ok,,3M,0.2500000000,false,false,717.3614885511,717.1124293684,-0.0003471878,0.0001978285,-1.7549940270,32768,20260824,104,3.0000000000,true,1.7549940270,717.3325695346,-0.0000403130,0.0000657125,400000,20260824,192,0.0388659967,-0.0001148899,parity_forward
daily,QQQ,2026-08-20,1530,essvi_sg05,ok,,6M,0.5000000000,false,false,725.0442329270,725.0348521724,-0.0000129382,0.0002354941,-0.0549405910,32768,20260824,104,3.0000000000,true,1.7549940270,724.9960654943,-0.0000664338,0.0000750260,400000,20260824,192,0.0407385629,-0.0008626907,parity_forward
daily,QQQ,2026-08-21,1530,svi,ok,,1M,0.0833333333,false,false,715.4838047800,715.4695717046,-0.0000198929,0.0001082396,-0.1837860961,32768,20260824,104,3.0000000000,true,0.9523163037,715.4702880459,-0.0000188917,0.0000306656,400000,20260824,192,0.0368507289,0.0000906776,parity_forward
daily,QQQ,2026-08-21,1530,svi,ok,,3M,0.2500000000,false,false,720.1442979153,720.0188033680,-0.0001742631,0.0001829886,-0.9523163037,32768,20260824,104,3.0000000000,true,0.9523163037,720.1360855602,-0.0000114038,0.0000491839,400000,20260824,192,0.0382541434,0.0000616235,parity_forward
daily,QQQ,2026-08-21,1530,svi,ok,,6M,0.5000000000,false,false,727.8621809524,727.9552729141,0.0001278978,0.0002153547,0.5938935125,32768,20260824,104,3.0000000000,true,0.9523163037,727.8242759863,-0.0000520771,0.0000590647,400000,20260824,192,0.0404472971,-0.0007171729,parity_forward
daily,QQQ,2026-08-21,1530,ssvi,ok,,1M,0.0833333333,false,false,715.4838047800,715.4605591940,-0.0000324893,0.0001007361,-0.3225190650,32768,20260824,104,3.0000000000,true,1.5746843399,715.4684658674,-0.0000214385,0.0000279249,400000,20260824,192,0.0368507289,0.0000906776,parity_forward
daily,QQQ,2026-08-21,1530,ssvi,ok,,3M,0.2500000000,false,false,720.1442979153,719.9628871410,-0.0002519089,0.0001599742,-1.5746843399,32768,20260824,104,3.0000000000,true,1.5746843399,720.1282059258,-0.0000223455,0.0000443861,400000,20260824,192,0.0382541434,0.0000616235,parity_forward
daily,QQQ,2026-08-21,1530,ssvi,ok,,6M,0.5000000000,false,false,727.8621809524,727.8841166286,0.0000301371,0.0001972781,0.1527647285,32768,20260824,104,3.0000000000,true,1.5746843399,727.8264758888,-0.0000490547,0.0000553833,400000,20260824,192,0.0404472971,-0.0007171729,parity_forward
daily,QQQ,2026-08-21,1530,essvi,ok,,1M,0.0833333333,false,false,715.4838047800,715.4000438735,-0.0001170689,0.0001318122,-0.8881489271,32768,20260824,104,3.0000000000,true,2.5318624758,715.4574562201,-0.0000368262,0.0000347204,400000,20260824,192,0.0368507289,0.0000906776,parity_forward
daily,QQQ,2026-08-21,1530,essvi,ok,,3M,0.2500000000,false,false,720.1442979153,719.7582522212,-0.0005360671,0.0002117284,-2.5318624758,32768,20260824,104,3.0000000000,true,2.5318624758,720.1140848998,-0.0000419541,0.0000583075,400000,20260824,192,0.0382541434,0.0000616235,parity_forward
daily,QQQ,2026-08-21,1530,essvi,ok,,6M,0.5000000000,false,false,727.8621809524,727.6799027274,-0.0002504296,0.0002434374,-1.0287229214,32768,20260824,104,3.0000000000,true,2.5318624758,727.8035440849,-0.0000805604,0.0000678895,400000,20260824,192,0.0404472971,-0.0007171729,parity_forward
daily,QQQ,2026-08-21,1530,essvi_g05,ok,,1M,0.0833333333,false,false,715.4838047800,715.3713792625,-0.0001571322,0.0001396175,-1.1254478658,32768,20260824,104,3.0000000000,true,2.3937460804,715.4540556563,-0.0000415790,0.0000361646,400000,20260824,192,0.0368507289,0.0000906776,parity_forward
daily,QQQ,2026-08-21,1530,essvi_g05,ok,,3M,0.2500000000,false,false,720.1442979153,719.7689043489,-0.0005212755,0.0002177656,-2.3937460804,32768,20260824,104,3.0000000000,true,2.3937460804,720.1015252926,-0.0000593945,0.0000610610,400000,20260824,192,0.0382541434,0.0000616235,parity_forward
daily,QQQ,2026-08-21,1530,essvi_g05,ok,,6M,0.5000000000,false,false,727.8621809524,727.6883189890,-0.0002388666,0.0002532862,-0.9430700991,32768,20260824,104,3.0000000000,true,2.3937460804,727.7913795418,-0.0000972731,0.0000712212,400000,20260824,192,0.0404472971,-0.0007171729,parity_forward
daily,QQQ,2026-08-21,1530,essvi_gfree,ok,,1M,0.0833333333,false,false,715.4838047800,715.3703971716,-0.0001585048,0.0001387404,-1.1424557593,32768,20260824,104,3.0000000000,true,2.4059247040,715.4541413654,-0.0000414592,0.0000360684,400000,20260824,192,0.0368507289,0.0000906776,parity_forward
daily,QQQ,2026-08-21,1530,essvi_gfree,ok,,3M,0.2500000000,false,false,720.1442979153,719.7678491394,-0.0005227408,0.0002172723,-2.4059247040,32768,20260824,104,3.0000000000,true,2.4059247040,720.1012699563,-0.0000597491,0.0000610393,400000,20260824,192,0.0382541434,0.0000616235,parity_forward
daily,QQQ,2026-08-21,1530,essvi_gfree,ok,,6M,0.5000000000,false,false,727.8621809524,727.6879578676,-0.0002393627,0.0002520950,-0.9494943085,32768,20260824,104,3.0000000000,true,2.4059247040,727.7914413889,-0.0000971881,0.0000710251,400000,20260824,192,0.0404472971,-0.0007171729,parity_forward
daily,QQQ,2026-08-21,1530,essvi_sg05,ok,,1M,0.0833333333,false,false,715.4838047800,715.3156436758,-0.0002350313,0.0001629382,-1.4424570963,32768,20260824,104,3.0000000000,true,2.2671151972,715.4507266317,-0.0000462319,0.0000415125,400000,20260824,192,0.0368507289,0.0000906776,parity_forward
daily,QQQ,2026-08-21,1530,essvi_sg05,ok,,3M,0.2500000000,false,false,720.1442979153,719.7393312826,-0.0005623410,0.0002480425,-2.2671151972,32768,20260824,104,3.0000000000,true,2.2671151972,720.1285411034,-0.0000218801,0.0000629965,400000,20260824,192,0.0382541434,0.0000616235,parity_forward
daily,QQQ,2026-08-21,1530,essvi_sg05,ok,,6M,0.5000000000,false,false,727.8621809524,727.6734242461,-0.0002593303,0.0002756377,-0.9408375900,32768,20260824,104,3.0000000000,true,2.2671151972,727.8216472439,-0.0000556887,0.0000721940,400000,20260824,192,0.0404472971,-0.0007171729,parity_forward
daily,QQQ,2026-08-24,1538,svi,ok,,1M,0.0833333333,false,false,709.8927158314,709.8793732244,-0.0000187952,0.0001011234,-0.1858643802,32768,20260824,104,3.0000000000,true,1.1820626562,709.8918241110,-0.0000012561,0.0000330578,400000,20260824,192,0.0342407177,0.0003082219,parity_forward
daily,QQQ,2026-08-24,1538,svi,ok,,3M,0.2500000000,false,false,714.8289361913,714.6742162164,-0.0002164434,0.0001831065,-1.1820626562,32768,20260824,104,3.0000000000,true,1.1820626562,714.8392436090,0.0000144194,0.0000524842,400000,20260824,192,0.0391312119,-0.0001328771,parity_forward
daily,QQQ,2026-08-24,1538,svi,ok,,6M,0.5000000000,false,false,722.4139114189,722.4576370655,0.0000605271,0.0002165632,0.2794894388,32768,20260824,104,3.0000000000,true,1.1820626562,722.4050233802,-0.0000123032,0.0000620944,400000,20260824,192,0.0406755963,-0.0007814302,parity_forward
daily,QQQ,2026-08-24,1538,ssvi,ok,,1M,0.0833333333,false,false,709.8927158314,709.8525689590,-0.0000565534,0.0000950811,-0.5947915130,32768,20260824,104,3.0000000000,true,1.5858575785,709.8914375823,-0.0000018006,0.0000289114,400000,20260824,192,0.0342407177,0.0003082219,parity_forward
daily,QQQ,2026-08-24,1538,ssvi,ok,,3M,0.2500000000,false,false,714.8289361913,714.6502418907,-0.0002499819,0.0001576320,-1.5858575785,32768,20260824,104,3.0000000000,true,1.5858575785,714.8315070349,0.0000035964,0.0000456290,400000,20260824,192,0.0391312119,-0.0001328771,parity_forward
daily,QQQ,2026-08-24,1538,ssvi,ok,,6M,0.5000000000,false,false,722.4139114189,722.4758083402,0.0000856807,0.0001976441,0.4335098700,32768,20260824,104,3.0000000000,true,1.5858575785,722.4090690149,-0.0000067031,0.0000571040,400000,20260824,192,0.0406755963,-0.0007814302,parity_forward
daily,QQQ,2026-08-24,1538,essvi,ok,,1M,0.0833333333,false,false,709.8927158314,709.8215900271,-0.0001001923,0.0001224711,-0.8180897467,32768,20260824,104,3.0000000000,true,1.9981890190,709.8940985320,0.0000019478,0.0000365063,400000,20260824,192,0.0342407177,0.0003082219,parity_forward
daily,QQQ,2026-08-24,1538,essvi,ok,,3M,0.2500000000,false,false,714.8289361913,714.5329972964,-0.0004139996,0.0002071874,-1.9981890190,32768,20260824,104,3.0000000000,true,1.9981890190,714.8226860501,-0.0000087435,0.0000589750,400000,20260824,192,0.0391312119,-0.0001328771,parity_forward
daily,QQQ,2026-08-24,1538,essvi,ok,,6M,0.5000000000,false,false,722.4139114189,722.3615992461,-0.0000724130,0.0002400325,-0.3016800213,32768,20260824,104,3.0000000000,true,1.9981890190,722.3947500596,-0.0000265241,0.0000686339,400000,20260824,192,0.0406755963,-0.0007814302,parity_forward
daily,QQQ,2026-08-24,1538,essvi_g05,ok,,1M,0.0833333333,false,false,709.8927158314,709.8246789333,-0.0000958411,0.0001211767,-0.7909203663,32768,20260824,104,3.0000000000,true,2.0593725592,709.8919523372,-0.0000010755,0.0000361028,400000,20260824,192,0.0342407177,0.0003082219,parity_forward
daily,QQQ,2026-08-24,1538,essvi_g05,ok,,3M,0.2500000000,false,false,714.8289361913,714.5134462391,-0.0004413503,0.0002143130,-2.0593725592,32768,20260824,104,3.0000000000,true,2.0593725592,714.8139348241,-0.0000209860,0.0000618757,400000,20260824,192,0.0391312119,-0.0001328771,parity_forward
daily,QQQ,2026-08-24,1538,essvi_g05,ok,,6M,0.5000000000,false,false,722.4139114189,722.3449136881,-0.0000955100,0.0002481169,-0.3849394420,32768,20260824,104,3.0000000000,true,2.0593725592,722.3907405470,-0.0000320742,0.0000718190,400000,20260824,192,0.0406755963,-0.0007814302,parity_forward
daily,QQQ,2026-08-24,1538,essvi_gfree,ok,,1M,0.0833333333,false,false,709.8927158314,709.8067653864,-0.0001210753,0.0001262809,-0.9587770205,32768,20260824,104,3.0000000000,true,2.1858127802,709.8927589667,0.0000000608,0.0000381393,400000,20260824,192,0.0342407177,0.0003082219,parity_forward
daily,QQQ,2026-08-24,1538,essvi_gfree,ok,,3M,0.2500000000,false,false,714.8289361913,714.5001235138,-0.0004599879,0.0002104425,-2.1858127802,32768,20260824,104,3.0000000000,true,2.1858127802,714.8253412092,-0.0000050292,0.0000594883,400000,20260824,192,0.0391312119,-0.0001328771,parity_forward
daily,QQQ,2026-08-24,1538,essvi_gfree,ok,,6M,0.5000000000,false,false,722.4139114189,722.3366459797,-0.0001069545,0.0002461523,-0.4345054186,32768,20260824,104,3.0000000000,true,2.1858127802,722.3993290837,-0.0000201856,0.0000699893,400000,20260824,192,0.0406755963,-0.0007814302,parity_forward
daily,QQQ,2026-08-24,1538,essvi_sg05,ok,,1M,0.0833333333,false,false,709.8927158314,709.7852358674,-0.0001514031,0.0001272980,-1.1893593967,32768,20260824,104,3.0000000000,true,2.6732667116,709.8979389820,0.0000073577,0.0000397247,400000,20260824,192,0.0342407177,0.0003082219,parity_forward
daily,QQQ,2026-08-24,1538,essvi_sg05,ok,,3M,0.2500000000,false,false,714.8289361913,714.3853794788,-0.0006205075,0.0002321158,-2.6732667116,32768,20260824,104,3.0000000000,true,2.6732667116,714.8479617616,0.0000266156,0.0000656850,400000,20260824,192,0.0391312119,-0.0001328771,parity_forward
daily,QQQ,2026-08-24,1538,essvi_sg05,ok,,6M,0.5000000000,false,false,722.4139114189,722.2087263566,-0.0002840270,0.0002626505,-1.0813875600,32768,20260824,104,3.0000000000,true,2.6732667116,722.4201122185,0.0000085834,0.0000747557,400000,20260824,192,0.0406755963,-0.0007814302,parity_forward
daily,QQQ,2026-08-25,1530,svi,ok,,1M,0.0833333333,false,false,711.5198958127,711.5013710222,-0.0000260355,0.0000860481,-0.3025694337,32768,20260824,104,3.0000000000,true,1.1374559029,711.5115673611,-0.0000117052,0.0000326137,400000,20260824,192,0.0314933266,0.0005289570,parity_forward
daily,QQQ,2026-08-25,1530,svi,ok,,3M,0.2500000000,false,false,716.5297176947,716.3925781168,-0.0001913941,0.0001682651,-1.1374559029,32768,20260824,104,3.0000000000,true,1.1374559029,716.5396949283,0.0000139244,0.0000525357,400000,20260824,192,0.0385631446,-0.0000152268,parity_forward
daily,QQQ,2026-08-25,1530,svi,ok,,6M,0.5000000000,false,false,724.4808962104,724.5701686598,0.0001232226,0.0002096921,0.5876359418,32768,20260824,104,3.0000000000,true,1.1374559029,724.4636009234,-0.0000238727,0.0000633401,400000,20260824,192,0.0413529135,-0.0010715746,parity_forward
daily,QQQ,2026-08-25,1530,ssvi,ok,,1M,0.0833333333,false,false,711.5198958127,711.4959587384,-0.0000336422,0.0000821609,-0.4094668687,32768,20260824,104,3.0000000000,true,1.5640571740,711.5212271960,0.0000018712,0.0000278819,400000,20260824,192,0.0314933266,0.0005289570,parity_forward
daily,QQQ,2026-08-25,1530,ssvi,ok,,3M,0.2500000000,false,false,716.5297176947,716.3662257709,-0.0002281719,0.0001458846,-1.5640571740,32768,20260824,104,3.0000000000,true,1.5640571740,716.5329425423,0.0000045006,0.0000438447,400000,20260824,192,0.0385631446,-0.0000152268,parity_forward
daily,QQQ,2026-08-25,1530,ssvi,ok,,6M,0.5000000000,false,false,724.4808962104,724.5281419136,0.0000652132,0.0001856426,0.3512835493,32768,20260824,104,3.0000000000,true,1.5640571740,724.4813878286,0.0000006786,0.0000551387,400000,20260824,192,0.0413529135,-0.0010715746,parity_forward
daily,QQQ,2026-08-25,1530,essvi,ok,,1M,0.0833333333,false,false,711.5198958127,711.4618114939,-0.0000816341,0.0001080665,-0.7554069311,32768,20260824,104,3.0000000000,true,1.5768345401,711.5277971770,0.0000111049,0.0000358338,400000,20260824,192,0.0314933266,0.0005289570,parity_forward
daily,QQQ,2026-08-25,1530,essvi,ok,,3M,0.2500000000,false,false,716.5297176947,716.3109968567,-0.0003052502,0.0001935842,-1.5768345401,32768,20260824,104,3.0000000000,true,1.5768345401,716.5285527793,-0.0000016258,0.0000587404,400000,20260824,192,0.0385631446,-0.0000152268,parity_forward
daily,QQQ,2026-08-25,1530,essvi,ok,,6M,0.5000000000,false,false,724.4808962104,724.4190841511,-0.0000853191,0.0002407723,-0.3543559820,32768,20260824,104,3.0000000000,true,1.5768345401,724.4555300411,-0.0000350129,0.0000721741,400000,20260824,192,0.0413529135,-0.0010715746,parity_forward
daily,QQQ,2026-08-25,1530,essvi_g05,ok,,1M,0.0833333333,false,false,711.5198958127,711.4559924609,-0.0000898125,0.0001129773,-0.7949599135,32768,20260824,104,3.0000000000,true,1.7807375792,711.5245962696,0.0000066062,0.0000362084,400000,20260824,192,0.0314933266,0.0005289570,parity_forward
daily,QQQ,2026-08-25,1530,essvi_g05,ok,,3M,0.2500000000,false,false,716.5297176947,716.2714937877,-0.0003603813,0.0002023775,-1.7807375792,32768,20260824,104,3.0000000000,true,1.7807375792,716.5238604476,-0.0000081745,0.0000612063,400000,20260824,192,0.0385631446,-0.0000152268,parity_forward
daily,QQQ,2026-08-25,1530,essvi_g05,ok,,6M,0.5000000000,false,false,724.4808962104,724.3558775488,-0.0001725631,0.0002595170,-0.6649395415,32768,20260824,104,3.0000000000,true,1.7807375792,724.4545633911,-0.0000363472,0.0000775451,400000,20260824,192,0.0413529135,-0.0010715746,parity_forward
daily,QQQ,2026-08-25,1530,essvi_gfree,ok,,1M,0.0833333333,false,false,711.5198958127,711.4419028879,-0.0001096145,0.0001158359,-0.9462913165,32768,20260824,104,3.0000000000,true,2.1067903611,711.5260671685,0.0000086735,0.0000383144,400000,20260824,192,0.0314933266,0.0005289570,parity_forward
daily,QQQ,2026-08-25,1530,essvi_gfree,ok,,3M,0.2500000000,false,false,716.5297176947,716.2320247613,-0.0004154649,0.0001972028,-2.1067903611,32768,20260824,104,3.0000000000,true,2.1067903611,716.5345875964,0.0000067965,0.0000584524,400000,20260824,192,0.0385631446,-0.0000152268,parity_forward
daily,QQQ,2026-08-25,1530,essvi_gfree,ok,,6M,0.5000000000,false,false,724.4808962104,724.3459749248,-0.0001862317,0.0002518123,-0.7395654961,32768,20260824,104,3.0000000000,true,2.1067903611,724.4662032430,-0.0000202807,0.0000742950,400000,20260824,192,0.0413529135,-0.0010715746,parity_forward
daily,QQQ,2026-08-25,1530,essvi_sg05,ok,,1M,0.0833333333,false,false,711.5198958127,711.4123656475,-0.0001511274,0.0001674625,-0.9024550379,32768,20260824,104,3.0000000000,true,2.2145954996,711.5512859767,0.0000441171,0.0000474052,400000,20260824,192,0.0314933266,0.0005289570,parity_forward
daily,QQQ,2026-08-25,1530,essvi_sg05,ok,,3M,0.2500000000,false,false,716.5297176947,716.1429446987,-0.0005397864,0.0002437404,-2.2145954996,32768,20260824,104,3.0000000000,true,2.2145954996,716.5642082938,0.0000481356,0.0000683032,400000,20260824,192,0.0385631446,-0.0000152268,parity_forward
daily,QQQ,2026-08-25,1530,essvi_sg05,ok,,6M,0.5000000000,false,false,724.4808962104,724.2649638093,-0.0002980512,0.0002773745,-1.0745443384,32768,20260824,104,3.0000000000,true,2.2145954996,724.4966987891,0.0000218123,0.0000786907,400000,20260824,192,0.0413529135,-0.0010715746,parity_forward
daily,QQQ,2026-08-26,1530,svi,ok,,1M,0.0833333333,false,false,713.9555505607,713.9660902329,0.0000147624,0.0000953020,0.1549008209,32768,20260824,104,3.0000000000,true,0.8130768992,713.9348875544,-0.0000289416,0.0000326420,400000,20260824,192,0.0300470269,0.0006495530,parity_forward
daily,QQQ,2026-08-26,1530,svi,ok,,3M,0.2500000000,false,false,718.9867985833,718.8887708549,-0.0001363415,0.0001676858,-0.8130768992,32768,20260824,104,3.0000000000,true,0.8130768992,718.9812852219,-0.0000076682,0.0000519740,400000,20260824,192,0.0381048375,0.0000749943,parity_forward
daily,QQQ,2026-08-26,1530,svi,ok,,6M,0.5000000000,false,false,726.9105069503,727.0099276243,0.0001367715,0.0002100373,0.6511773478,32768,20260824,104,3.0000000000,true,0.8130768992,726.8636901408,-0.0000644052,0.0000629803,400000,20260824,192,0.0409731670,-0.0009308858,parity_forward
daily,QQQ,2026-08-26,1530,ssvi,ok,,1M,0.0833333333,false,false,713.9555505607,713.9541102262,-0.0000020174,0.0000861659,-0.0234129724,32768,20260824,104,3.0000000000,true,1.2542230945,713.9487189961,-0.0000095686,0.0000268840,400000,20260824,192,0.0300470269,0.0006495530,parity_forward
daily,QQQ,2026-08-26,1530,ssvi,ok,,3M,0.2500000000,false,false,718.9867985833,718.8566926611,-0.0001809573,0.0001442784,-1.2542230945,32768,20260824,104,3.0000000000,true,1.2542230945,718.9838218339,-0.0000041402,0.0000426059,400000,20260824,192,0.0381048375,0.0000749943,parity_forward
daily,QQQ,2026-08-26,1530,ssvi,ok,,6M,0.5000000000,false,false,726.9105069503,726.9737426001,0.0000869923,0.0001822131,0.4774210192,32768,20260824,104,3.0000000000,true,1.2542230945,726.8973901878,-0.0000180445,0.0000535221,400000,20260824,192,0.0409731670,-0.0009308858,parity_forward
daily,QQQ,2026-08-26,1530,essvi,ok,,1M,0.0833333333,false,false,713.9555505607,713.9584689373,0.0000040876,0.0001120864,0.0364684548,32768,20260824,104,3.0000000000,true,1.6537814273,713.9493934656,-0.0000086239,0.0000338082,400000,20260824,192,0.0300470269,0.0006495530,parity_forward
daily,QQQ,2026-08-26,1530,essvi,ok,,3M,0.2500000000,false,false,718.9867985833,718.7447912975,-0.0003365949,0.0002035305,-1.6537814273,32768,20260824,104,3.0000000000,true,1.6537814273,718.9734727043,-0.0000185342,0.0000567511,400000,20260824,192,0.0381048375,0.0000749943,parity_forward
daily,QQQ,2026-08-26,1530,essvi,ok,,6M,0.5000000000,false,false,726.9105069503,726.7891388968,-0.0001669642,0.0002447478,-0.6821890086,32768,20260824,104,3.0000000000,true,1.6537814273,726.8787894490,-0.0000436333,0.0000691627,400000,20260824,192,0.0409731670,-0.0009308858,parity_forward
daily,QQQ,2026-08-26,1530,essvi_g05,ok,,1M,0.0833333333,false,false,713.9555505607,713.9345245438,-0.0000294500,0.0001155581,-0.2548504796,32768,20260824,104,3.0000000000,true,1.6462779572,713.9484653089,-0.0000099239,0.0000361960,400000,20260824,192,0.0300470269,0.0006495530,parity_forward
daily,QQQ,2026-08-26,1530,essvi_g05,ok,,3M,0.2500000000,false,false,718.9867985833,718.7558095247,-0.0003212702,0.0001951494,-1.6462779572,32768,20260824,104,3.0000000000,true,1.6462779572,718.9699518137,-0.0000234313,0.0000567813,400000,20260824,192,0.0381048375,0.0000749943,parity_forward
daily,QQQ,2026-08-26,1530,essvi_g05,ok,,6M,0.5000000000,false,false,726.9105069503,726.8063446706,-0.0001432945,0.0002452381,-0.5843077761,32768,20260824,104,3.0000000000,true,1.6462779572,726.8772658145,-0.0000457293,0.0000710850,400000,20260824,192,0.0409731670,-0.0009308858,parity_forward
daily,QQQ,2026-08-26,1530,essvi_gfree,ok,,1M,0.0833333333,false,false,713.9555505607,713.9370716432,-0.0000258824,0.0001167125,-0.2217623711,32768,20260824,104,3.0000000000,true,1.6115777881,713.9490270171,-0.0000091372,0.0000363177,400000,20260824,192,0.0300470269,0.0006495530,parity_forward
daily,QQQ,2026-08-26,1530,essvi_gfree,ok,,3M,0.2500000000,false,false,718.9867985833,718.7603957720,-0.0003148915,0.0001953933,-1.6115777881,32768,20260824,104,3.0000000000,true,1.6115777881,718.9704874244,-0.0000226863,0.0000567749,400000,20260824,192,0.0381048375,0.0000749943,parity_forward
daily,QQQ,2026-08-26,1530,essvi_gfree,ok,,6M,0.5000000000,false,false,726.9105069503,726.8122166979,-0.0001352164,0.0002469722,-0.5474967029,32768,20260824,104,3.0000000000,true,1.6115777881,726.8783925431,-0.0000441793,0.0000715085,400000,20260824,192,0.0409731670,-0.0009308858,parity_forward
daily,QQQ,2026-08-26,1530,essvi_sg05,ok,,1M,0.0833333333,false,false,713.9555505607,713.9622291290,0.0000093543,0.0001237286,0.0756035173,32768,20260824,104,3.0000000000,true,1.2732401042,713.9490886602,-0.0000090508,0.0000394309,400000,20260824,192,0.0300470269,0.0006495530,parity_forward
daily,QQQ,2026-08-26,1530,essvi_sg05,ok,,3M,0.2500000000,false,false,718.9867985833,718.8120107312,-0.0002431030,0.0001909326,-1.2732401042,32768,20260824,104,3.0000000000,true,1.2732401042,718.9617812309,-0.0000347953,0.0000611698,400000,20260824,192,0.0381048375,0.0000749943,parity_forward
daily,QQQ,2026-08-26,1530,essvi_sg05,ok,,6M,0.5000000000,false,false,726.9105069503,726.8829471643,-0.0000379136,0.0002328329,-0.1628360763,32768,20260824,104,3.0000000000,true,1.2732401042,726.8650243102,-0.0000625698,0.0000722174,400000,20260824,192,0.0409731670,-0.0009308858,parity_forward
daily,QQQ,2026-08-27,1530,svi,ok,,1M,0.0833333333,false,false,720.6062589565,720.6042788078,-0.0000027479,0.0000903544,-0.0304123932,32768,20260824,104,3.0000000000,true,0.7431671226,720.5940313085,-0.0000169686,0.0000302938,400000,20260824,192,0.0286143394,0.0007773413,parity_forward
daily,QQQ,2026-08-27,1530,svi,ok,,3M,0.2500000000,false,false,725.7997326847,725.7441982223,-0.0000765149,0.0001692327,-0.4521281154,32768,20260824,104,3.0000000000,true,0.7431671226,725.7858369511,-0.0000191454,0.0000527260,400000,20260824,192,0.0382630829,0.0000110712,parity_forward
daily,QQQ,2026-08-27,1530,svi,ok,,6M,0.5000000000,false,false,733.6312148842,733.7450122447,0.0001551152,0.0002087218,0.7431671226,32768,20260824,104,3.0000000000,true,0.7431671226,733.5981556065,-0.0000450625,0.0000621564,400000,20260824,192,0.0405962291,-0.0007915827,parity_forward
daily,QQQ,2026-08-27,1530,ssvi,ok,,1M,0.0833333333,false,false,720.6062589565,720.6043829299,-0.0000026034,0.0000831725,-0.0313012184,32768,20260824,104,3.0000000000,true,1.2928227567,720.5954227146,-0.0000150377,0.0000255197,400000,20260824,192,0.0286143394,0.0007773413,parity_forward
daily,QQQ,2026-08-27,1530,ssvi,ok,,3M,0.2500000000,false,false,725.7997326847,725.6662713718,-0.0001838817,0.0001422327,-1.2928227567,32768,20260824,104,3.0000000000,true,1.2928227567,725.7905276436,-0.0000126826,0.0000415488,400000,20260824,192,0.0382630829,0.0000110712,parity_forward
daily,QQQ,2026-08-27,1530,ssvi,ok,,6M,0.5000000000,false,false,733.6312148842,733.6853974790,0.0000738554,0.0001803106,0.4096007824,32768,20260824,104,3.0000000000,true,1.2928227567,733.6083273763,-0.0000311976,0.0000527227,400000,20260824,192,0.0405962291,-0.0007915827,parity_forward
daily,QQQ,2026-08-27,1530,essvi,ok,,1M,0.0833333333,false,false,720.6062589565,720.5826290641,-0.0000327917,0.0001006677,-0.3257418539,32768,20260824,104,3.0000000000,true,0.8641207455,720.5977707344,-0.0000117793,0.0000313217,400000,20260824,192,0.0286143394,0.0007773413,parity_forward
daily,QQQ,2026-08-27,1530,essvi,ok,,3M,0.2500000000,false,false,725.7997326847,725.7972474698,-0.0000034241,0.0003135427,-0.0109207009,32768,20260824,104,3.0000000000,true,0.8641207455,725.7229152922,-0.0001058383,0.0000990060,400000,20260824,192,0.0382630829,0.0000110712,parity_forward
daily,QQQ,2026-08-27,1530,essvi,ok,,6M,0.5000000000,false,false,733.6312148842,733.8588823511,0.0003103296,0.0003591276,0.8641207455,32768,20260824,104,3.0000000000,true,0.8641207455,733.5326631655,-0.0001343341,0.0001110381,400000,20260824,192,0.0405962291,-0.0007915827,parity_forward
daily,QQQ,2026-08-27,1530,essvi_g05,ok,,1M,0.0833333333,false,false,720.6062589565,720.5583987880,-0.0000664165,0.0001053511,-0.6304302022,32768,20260824,104,3.0000000000,true,0.7031565681,720.5926071812,-0.0000189448,0.0000328744,400000,20260824,192,0.0286143394,0.0007773413,parity_forward
daily,QQQ,2026-08-27,1530,essvi_g05,ok,,3M,0.2500000000,false,false,725.7997326847,725.6831446152,-0.0001606339,0.0002284469,-0.7031565681,32768,20260824,104,3.0000000000,true,0.7031565681,725.7635229390,-0.0000498894,0.0000686885,400000,20260824,192,0.0382630829,0.0000110712,parity_forward
daily,QQQ,2026-08-27,1530,essvi_g05,ok,,6M,0.5000000000,false,false,733.6312148842,733.6104422518,-0.0000283148,0.0002814040,-0.1006198060,32768,20260824,104,3.0000000000,true,0.7031565681,733.5772728063,-0.0000735275,0.0000825804,400000,20260824,192,0.0405962291,-0.0007915827,parity_forward
daily,QQQ,2026-08-27,1530,essvi_gfree,ok,,1M,0.0833333333,false,false,720.6062589565,720.5822019056,-0.0000333845,0.0000917747,-0.3637654529,32768,20260824,104,3.0000000000,true,0.8823992101,720.5990594211,-0.0000099909,0.0000318879,400000,20260824,192,0.0286143394,0.0007773413,parity_forward
daily,QQQ,2026-08-27,1530,essvi_gfree,ok,,3M,0.2500000000,false,false,725.7997326847,725.6412181659,-0.0002183998,0.0002475068,-0.8823992101,32768,20260824,104,3.0000000000,true,0.8823992101,725.7715115681,-0.0000388828,0.0000727955,400000,20260824,192,0.0382630829,0.0000110712,parity_forward
daily,QQQ,2026-08-27,1530,essvi_gfree,ok,,6M,0.5000000000,false,false,733.6312148842,733.5362302095,-0.0001294720,0.0002996551,-0.4320698930,32768,20260824,104,3.0000000000,true,0.8823992101,733.5784292193,-0.0000719512,0.0000866100,400000,20260824,192,0.0405962291,-0.0007915827,parity_forward
daily,QQQ,2026-08-27,1530,essvi_sg05,ok,,1M,0.0833333333,false,false,720.6062589565,720.5431579900,-0.0000875665,0.0001133956,-0.7722210419,32768,20260824,104,3.0000000000,true,0.7948338540,720.5898324318,-0.0000227954,0.0000351583,400000,20260824,192,0.0286143394,0.0007773413,parity_forward
daily,QQQ,2026-08-27,1530,essvi_sg05,ok,,3M,0.2500000000,false,false,725.7997326847,725.6612492167,-0.0001908012,0.0002400517,-0.7948338540,32768,20260824,104,3.0000000000,true,0.7948338540,725.7580017683,-0.0000574965,0.0000749409,400000,20260824,192,0.0382630829,0.0000110712,parity_forward
daily,QQQ,2026-08-27,1530,essvi_sg05,ok,,6M,0.5000000000,false,false,733.6312148842,733.6061264797,-0.0000341976,0.0002865082,-0.1193598425,32768,20260824,104,3.0000000000,true,0.7948338540,733.5925602479,-0.0000526895,0.0000862905,400000,20260824,192,0.0405962291,-0.0007915827,parity_forward
daily,QQQ,2026-08-31,1530,svi,ok,,1M,0.0833333333,false,false,716.5481596862,716.5680657238,0.0000277805,0.0001012598,0.2743482779,32768,20260824,104,3.0000000000,true,1.1634912869,716.5404087705,-0.0000108170,0.0000328622,400000,20260824,192,0.0274655947,0.0009061274,parity_forward
daily,QQQ,2026-08-31,1530,svi,ok,,3M,0.2500000000,false,false,721.8437818088,721.6831306475,-0.0002225567,0.0001912835,-1.1634912869,32768,20260824,104,3.0000000000,true,1.1634912869,721.8172890773,-0.0000367015,0.0000558123,400000,20260824,192,0.0386083446,0.0000517120,parity_forward
daily,QQQ,2026-08-31,1530,svi,ok,,6M,0.5000000000,false,false,729.8315853356,729.8473168822,0.0000215550,0.0002268331,0.0950259762,32768,20260824,104,3.0000000000,true,1.1634912869,729.7720605319,-0.0000815596,0.0000657177,400000,20260824,192,0.0413142837,-0.0007441113,parity_forward
daily,QQQ,2026-08-31,1530,ssvi,ok,,1M,0.0833333333,false,false,716.5481596862,716.5084584532,-0.0000554062,0.0000895359,-0.6188159930,32768,20260824,104,3.0000000000,true,1.4161427549,716.5484230069,0.0000003675,0.0000260155,400000,20260824,192,0.0274655947,0.0009061274,parity_forward
daily,QQQ,2026-08-31,1530,ssvi,ok,,3M,0.2500000000,false,false,721.8437818088,721.6858577682,-0.0002187787,0.0001544892,-1.4161427549,32768,20260824,104,3.0000000000,true,1.4161427549,721.8526749352,0.0000123200,0.0000435076,400000,20260824,192,0.0386083446,0.0000517120,parity_forward
daily,QQQ,2026-08-31,1530,ssvi,ok,,6M,0.5000000000,false,false,729.8315853356,729.9421574771,0.0001515036,0.0001975272,0.7670014323,32768,20260824,104,3.0000000000,true,1.4161427549,729.8373451410,0.0000078920,0.0000561905,400000,20260824,192,0.0413142837,-0.0007441113,parity_forward
daily,QQQ,2026-08-31,1530,essvi,ok,,1M,0.0833333333,false,false,716.5481596862,716.4535781989,-0.0001319960,0.0001375186,-0.9598407506,32768,20260824,104,3.0000000000,true,1.0356593612,716.5511315082,0.0000041474,0.0000401818,400000,20260824,192,0.0274655947,0.0009061274,parity_forward
daily,QQQ,2026-08-31,1530,essvi,ok,,3M,0.2500000000,false,false,721.8437818088,721.6843075653,-0.0002209263,0.0002133194,-1.0356593612,32768,20260824,104,3.0000000000,true,1.0356593612,721.8345699901,-0.0000127615,0.0000611207,400000,20260824,192,0.0386083446,0.0000517120,parity_forward
daily,QQQ,2026-08-31,1530,essvi,ok,,6M,0.5000000000,false,false,729.8315853356,730.0118910557,0.0002470511,0.0002612391,0.9456896776,32768,20260824,104,3.0000000000,true,1.0356593612,729.8317581834,0.0000002368,0.0000744322,400000,20260824,192,0.0413142837,-0.0007441113,parity_forward
daily,QQQ,2026-08-31,1530,essvi_g05,ok,,1M,0.0833333333,false,false,716.5481596862,716.4314135693,-0.0001629285,0.0001514167,-1.0760270569,32768,20260824,104,3.0000000000,true,1.1372864773,716.5524430728,0.0000059778,0.0000460448,400000,20260824,192,0.0274655947,0.0009061274,parity_forward
daily,QQQ,2026-08-31,1530,essvi_g05,ok,,3M,0.2500000000,false,false,721.8437818088,721.7382480424,-0.0001462003,0.0002405877,-0.6076798998,32768,20260824,104,3.0000000000,true,1.1372864773,721.8214252850,-0.0000309714,0.0000708170,400000,20260824,192,0.0386083446,0.0000517120,parity_forward
daily,QQQ,2026-08-31,1530,essvi_g05,ok,,6M,0.5000000000,false,false,729.8315853356,730.0759134667,0.0003347733,0.0002943615,1.1372864773,32768,20260824,104,3.0000000000,true,1.1372864773,729.8163984095,-0.0000208088,0.0000851578,400000,20260824,192,0.0413142837,-0.0007441113,parity_forward
daily,QQQ,2026-08-31,1530,essvi_gfree,ok,,1M,0.0833333333,false,false,716.5481596862,716.4365740684,-0.0001557266,0.0001487426,-1.0469534402,32768,20260824,104,3.0000000000,true,1.2408339239,716.5503283013,0.0000030265,0.0000455056,400000,20260824,192,0.0274655947,0.0009061274,parity_forward
daily,QQQ,2026-08-31,1530,essvi_gfree,ok,,3M,0.2500000000,false,false,721.8437818088,721.7695441110,-0.0001028445,0.0002379583,-0.4321957003,32768,20260824,104,3.0000000000,true,1.2408339239,721.8158850519,-0.0000386465,0.0000702738,400000,20260824,192,0.0386083446,0.0000517120,parity_forward
daily,QQQ,2026-08-31,1530,essvi_gfree,ok,,6M,0.5000000000,false,false,729.8315853356,730.0931446903,0.0003583832,0.0002888244,1.2408339239,32768,20260824,104,3.0000000000,true,1.2408339239,729.8131624132,-0.0000252427,0.0000837935,400000,20260824,192,0.0413142837,-0.0007441113,parity_forward
daily,QQQ,2026-08-31,1530,essvi_sg05,ok,,1M,0.0833333333,false,false,716.5481596862,716.5583775720,0.0000142599,0.0001429306,0.0997677773,32768,20260824,104,3.0000000000,true,0.8613663382,716.5480847261,-0.0000001046,0.0000399823,400000,20260824,192,0.0274655947,0.0009061274,parity_forward
daily,QQQ,2026-08-31,1530,essvi_sg05,ok,,3M,0.2500000000,false,false,721.8437818088,721.6796261131,-0.0002274117,0.0002640127,-0.8613663382,32768,20260824,104,3.0000000000,true,0.8613663382,721.8317160681,-0.0000167152,0.0000725481,400000,20260824,192,0.0386083446,0.0000517120,parity_forward
daily,QQQ,2026-08-31,1530,essvi_sg05,ok,,6M,0.5000000000,false,false,729.8315853356,729.9993517527,0.0002298700,0.0003233731,0.7108508131,32768,20260824,104,3.0000000000,true,0.8613663382,729.8604444565,0.0000395422,0.0000889360,400000,20260824,192,0.0413142837,-0.0007441113,parity_forward
daily,QQQ,2026-09-01,1530,svi,ok,,1M,0.0833333333,false,false,709.0342289064,709.0355989016,0.0000019322,0.0000949794,0.0203433536,32768,20260824,104,3.0000000000,true,1.6337975555,709.0342710257,0.0000000594,0.0000367440,400000,20260824,192,0.0290474748,0.0007831885,parity_forward
daily,QQQ,2026-09-01,1530,svi,ok,,3M,0.2500000000,false,false,714.1573651903,713.9332659878,-0.0003137953,0.0001920650,-1.6337975555,32768,20260824,104,3.0000000000,true,1.6337975555,714.1419797076,-0.0000215435,0.0000596948,400000,20260824,192,0.0384806292,0.0001086695,parity_forward
daily,QQQ,2026-09-01,1530,svi,ok,,6M,0.5000000000,false,false,722.1393659059,722.1073688954,-0.0000443086,0.0002350457,-0.1885107147,32768,20260824,104,3.0000000000,true,1.6337975555,722.0898517550,-0.0000685659,0.0000708375,400000,20260824,192,0.0414699353,-0.0009655769,parity_forward
daily,QQQ,2026-09-01,1530,ssvi,ok,,1M,0.0833333333,false,false,709.0342289064,709.0432372535,0.0000127051,0.0000858225,0.1480391785,32768,20260824,104,3.0000000000,true,1.1213979318,709.0344283135,0.0000002812,0.0000288005,400000,20260824,192,0.0290474748,0.0007831885,parity_forward
daily,QQQ,2026-09-01,1530,ssvi,ok,,3M,0.2500000000,false,false,714.1573651903,714.0337881973,-0.0001730389,0.0001543064,-1.1213979318,32768,20260824,104,3.0000000000,true,1.1213979318,714.1570724528,-0.0000004099,0.0000460910,400000,20260824,192,0.0384806292,0.0001086695,parity_forward
daily,QQQ,2026-09-01,1530,ssvi,ok,,6M,0.5000000000,false,false,722.1393659059,722.2615259980,0.0001691642,0.0001995053,0.8479180635,32768,20260824,104,3.0000000000,true,1.1213979318,722.1358257716,-0.0000049023,0.0000589924,400000,20260824,192,0.0414699353,-0.0009655769,parity_forward
daily,QQQ,2026-09-01,1530,essvi,ok,,1M,0.0833333333,false,false,709.0342289064,709.0435645775,0.0000131667,0.0001508493,0.0872840735,32768,20260824,104,3.0000000000,true,1.0984433554,709.0328253303,-0.0000019796,0.0000455214,400000,20260824,192,0.0290474748,0.0007831885,parity_forward
daily,QQQ,2026-09-01,1530,essvi,ok,,3M,0.2500000000,false,false,714.1573651903,714.0826682651,-0.0001045945,0.0002237980,-0.4673610544,32768,20260824,104,3.0000000000,true,1.0984433554,714.1386337046,-0.0000262288,0.0000654970,400000,20260824,192,0.0384806292,0.0001086695,parity_forward
daily,QQQ,2026-09-01,1530,essvi,ok,,6M,0.5000000000,false,false,722.1393659059,722.3505093141,0.0002923860,0.0002661821,1.0984433554,32768,20260824,104,3.0000000000,true,1.0984433554,722.1211512932,-0.0000252231,0.0000777222,400000,20260824,192,0.0414699353,-0.0009655769,parity_forward
daily,QQQ,2026-09-01,1530,essvi_g05,ok,,1M,0.0833333333,false,false,709.0342289064,709.0207072190,-0.0000190706,0.0001650037,-0.1155766236,32768,20260824,104,3.0000000000,true,1.1538440652,709.0243786255,-0.0000138925,0.0000480056,400000,20260824,192,0.0290474748,0.0007831885,parity_forward
daily,QQQ,2026-09-01,1530,essvi_g05,ok,,3M,0.2500000000,false,false,714.1573651903,714.0660517401,-0.0001278618,0.0002359323,-0.5419427671,32768,20260824,104,3.0000000000,true,1.1538440652,714.1356730958,-0.0000303744,0.0000669472,400000,20260824,192,0.0384806292,0.0001086695,parity_forward
daily,QQQ,2026-09-01,1530,essvi_g05,ok,,6M,0.5000000000,false,false,722.1393659059,722.3760143743,0.0003277047,0.0002840113,1.1538440652,32768,20260824,104,3.0000000000,true,1.1538440652,722.1276467011,-0.0000162285,0.0000810463,400000,20260824,192,0.0414699353,-0.0009655769,parity_forward
daily,QQQ,2026-09-01,1530,essvi_gfree,ok,,1M,0.0833333333,false,false,709.0342289064,709.0671733308,0.0000464638,0.0001832174,0.2535993015,32768,20260824,104,3.0000000000,true,1.1559367282,709.0261468181,-0.0000113987,0.0000506690,400000,20260824,192,0.0290474748,0.0007831885,parity_forward
daily,QQQ,2026-09-01,1530,essvi_gfree,ok,,3M,0.2500000000,false,false,714.1573651903,714.1150189374,-0.0000592954,0.0002505684,-0.2366436274,32768,20260824,104,3.0000000000,true,1.1559367282,714.1441331540,-0.0000185282,0.0000692395,400000,20260824,192,0.0384806292,0.0001086695,parity_forward
daily,QQQ,2026-09-01,1530,essvi_gfree,ok,,6M,0.5000000000,false,false,722.1393659059,722.3851112312,0.0003403018,0.0002943948,1.1559367282,32768,20260824,104,3.0000000000,true,1.1559367282,722.1293785432,-0.0000138302,0.0000820433,400000,20260824,192,0.0414699353,-0.0009655769,parity_forward
daily,QQQ,2026-09-01,1530,essvi_sg05,ok,,1M,0.0833333333,false,false,709.0342289064,709.0372114136,0.0000042064,0.0001414035,0.0297477582,32768,20260824,104,3.0000000000,true,1.0806821278,709.0348528596,0.0000008800,0.0000496901,400000,20260824,192,0.0290474748,0.0007831885,parity_forward
daily,QQQ,2026-09-01,1530,essvi_sg05,ok,,3M,0.2500000000,false,false,714.1573651903,713.9496142966,-0.0002909035,0.0002691851,-1.0806821278,32768,20260824,104,3.0000000000,true,1.0806821278,714.1876937358,0.0000424676,0.0000773152,400000,20260824,192,0.0384806292,0.0001086695,parity_forward
daily,QQQ,2026-09-01,1530,essvi_sg05,ok,,6M,0.5000000000,false,false,722.1393659059,722.2369877596,0.0001351842,0.0003051993,0.4429375933,32768,20260824,104,3.0000000000,true,1.0806821278,722.1622437936,0.0000316807,0.0000885396,400000,20260824,192,0.0414699353,-0.0009655769,parity_forward
daily,QQQ,2026-09-02,1530,svi,ok,,1M,0.0833333333,false,false,710.5544146114,710.5473499670,-0.0000099424,0.0000940323,-0.1057342619,32768,20260824,104,3.0000000000,true,1.8334895113,710.5566791385,0.0000031870,0.0000323648,400000,20260824,192,0.0305053386,0.0006622943,parity_forward
daily,QQQ,2026-09-02,1530,svi,ok,,3M,0.2500000000,false,false,715.6436775657,715.3894123804,-0.0003552958,0.0001937812,-1.8334895113,32768,20260824,104,3.0000000000,true,1.8334895113,715.6309632463,-0.0000177663,0.0000569338,400000,20260824,192,0.0387158666,0.0000746144,parity_forward
daily,QQQ,2026-09-02,1530,svi,ok,,6M,0.5000000000,false,false,723.7225465697,723.6637927383,-0.0000811828,0.0002293526,-0.3539650830,32768,20260824,104,3.0000000000,true,1.8334895113,723.6888723831,-0.0000465291,0.0000666746,400000,20260824,192,0.0418093531,-0.0010853272,parity_forward
daily,QQQ,2026-09-02,1530,ssvi,ok,,1M,0.0833333333,false,false,710.5544146114,710.5773903339,0.0000323349,0.0000920957,0.3511014063,32768,20260824,104,3.0000000000,true,1.0930693609,710.5428422109,-0.0000162864,0.0000279340,400000,20260824,192,0.0305053386,0.0006622943,parity_forward
daily,QQQ,2026-09-02,1530,ssvi,ok,,3M,0.2500000000,false,false,715.6436775657,715.5218674744,-0.0001702105,0.0001557180,-1.0930693609,32768,20260824,104,3.0000000000,true,1.0930693609,715.6362373454,-0.0000103965,0.0000450882,400000,20260824,192,0.0387158666,0.0000746144,parity_forward
daily,QQQ,2026-09-02,1530,ssvi,ok,,6M,0.5000000000,false,false,723.7225465697,723.8171158589,0.0001306706,0.0001981845,0.6593382353,32768,20260824,104,3.0000000000,true,1.0930693609,723.7030857956,-0.0000268898,0.0000575368,400000,20260824,192,0.0418093531,-0.0010853272,parity_forward
daily,QQQ,2026-09-02,1530,essvi,ok,,1M,0.0833333333,false,false,710.5544146114,710.5431723996,-0.0000158217,0.0001303217,-0.1214053518,32768,20260824,104,3.0000000000,true,0.9075962595,710.5277363505,-0.0000375457,0.0000404878,400000,20260824,192,0.0305053386,0.0006622943,parity_forward
daily,QQQ,2026-09-02,1530,essvi,ok,,3M,0.2500000000,false,false,715.6436775657,715.5052596230,-0.0001934174,0.0002131095,-0.9075962595,32768,20260824,104,3.0000000000,true,0.9075962595,715.6202847884,-0.0000326877,0.0000624897,400000,20260824,192,0.0387158666,0.0000746144,parity_forward
daily,QQQ,2026-09-02,1530,essvi,ok,,6M,0.5000000000,false,false,723.7225465697,723.8238753236,0.0001400105,0.0002539528,0.5513247978,32768,20260824,104,3.0000000000,true,0.9075962595,723.6923223930,-0.0000417621,0.0000744128,400000,20260824,192,0.0418093531,-0.0010853272,parity_forward
daily,QQQ,2026-09-02,1530,essvi_g05,ok,,1M,0.0833333333,false,false,710.5544146114,710.4028612132,-0.0002132889,0.0001635706,-1.3039563684,32768,20260824,104,3.0000000000,true,1.7230511384,710.5311483179,-0.0000327439,0.0000536392,400000,20260824,192,0.0305053386,0.0006622943,parity_forward
daily,QQQ,2026-09-02,1530,essvi_g05,ok,,3M,0.2500000000,false,false,715.6436775657,715.3349853527,-0.0004313490,0.0002503402,-1.7230511384,32768,20260824,104,3.0000000000,true,1.7230511384,715.6269835652,-0.0000233273,0.0000750223,400000,20260824,192,0.0387158666,0.0000746144,parity_forward
daily,QQQ,2026-09-02,1530,essvi_g05,ok,,6M,0.5000000000,false,false,723.7225465697,723.6428011830,-0.0001101878,0.0002878425,-0.3828058326,32768,20260824,104,3.0000000000,true,1.7230511384,723.6996056263,-0.0000316985,0.0000855016,400000,20260824,192,0.0418093531,-0.0010853272,parity_forward
daily,QQQ,2026-09-02,1530,essvi_gfree,ok,,1M,0.0833333333,false,false,710.5544146114,710.4223683916,-0.0001858355,0.0001511824,-1.2292136809,32768,20260824,104,3.0000000000,true,1.8931897160,710.5112800382,-0.0000607055,0.0000505340,400000,20260824,192,0.0305053386,0.0006622943,parity_forward
daily,QQQ,2026-09-02,1530,essvi_gfree,ok,,3M,0.2500000000,false,false,715.6436775657,715.3158064022,-0.0004581486,0.0002419983,-1.8931897160,32768,20260824,104,3.0000000000,true,1.8931897160,715.6016051419,-0.0000587896,0.0000729870,400000,20260824,192,0.0387158666,0.0000746144,parity_forward
daily,QQQ,2026-09-02,1530,essvi_gfree,ok,,6M,0.5000000000,false,false,723.7225465697,723.6411717416,-0.0001124393,0.0002815960,-0.3992928803,32768,20260824,104,3.0000000000,true,1.8931897160,723.6774446295,-0.0000623194,0.0000844076,400000,20260824,192,0.0418093531,-0.0010853272,parity_forward
daily,QQQ,2026-09-02,1530,essvi_sg05,ok,,1M,0.0833333333,false,false,710.5544146114,710.7449764546,0.0002681875,0.0001136591,2.3595788448,32768,20260824,104,3.0000000000,true,2.3595788448,710.5420740363,-0.0000173675,0.0000513668,400000,20260824,192,0.0305053386,0.0006622943,parity_forward
daily,QQQ,2026-09-02,1530,essvi_sg05,ok,,3M,0.2500000000,false,false,715.6436775657,715.6527053088,0.0000126149,0.0002650267,0.0475984413,32768,20260824,104,3.0000000000,true,2.3595788448,715.6637658332,0.0000280702,0.0000810660,400000,20260824,192,0.0387158666,0.0000746144,parity_forward
daily,QQQ,2026-09-02,1530,essvi_sg05,ok,,6M,0.5000000000,false,false,723.7225465697,723.9978576337,0.0003804097,0.0003070344,1.2389807972,32768,20260824,104,3.0000000000,true,2.3595788448,723.7573340190,0.0000480674,0.0000929995,400000,20260824,192,0.0418093531,-0.0010853272,parity_forward
daily,QQQ,2026-09-03,1530,svi,ok,,1M,0.0833333333,false,false,719.6028876379,719.5863727379,-0.0000229500,0.0001135940,-0.2020355316,32768,20260824,104,3.0000000000,true,0.9247958319,719.5794456220,-0.0000325763,0.0000342397,400000,20260824,192,0.0317743256,0.0005401997,parity_forward
daily,QQQ,2026-09-03,1530,svi,ok,,3M,0.2500000000,false,false,724.7537353863,724.6224258332,-0.0001811782,0.0001959115,-0.9247958319,32768,20260824,104,3.0000000000,true,0.9247958319,724.7210736963,-0.0000450659,0.0000566288,400000,20260824,192,0.0391210695,-0.0000253588,parity_forward
daily,QQQ,2026-09-03,1530,svi,ok,,6M,0.5000000000,false,false,732.8124807700,732.8093341687,-0.0000042939,0.0002249694,-0.0190864574,32768,20260824,104,3.0000000000,true,0.9247958319,732.7420707393,-0.0000960819,0.0000652584,400000,20260824,192,0.0416763808,-0.0010205239,parity_forward
daily,QQQ,2026-09-03,1530,ssvi,ok,,1M,0.0833333333,false,false,719.6028876379,719.5876511001,-0.0000211735,0.0000858387,-0.2466664770,32768,20260824,104,3.0000000000,true,1.4326692655,719.5834289790,-0.0000270408,0.0000267460,400000,20260824,192,0.0317743256,0.0005401997,parity_forward
daily,QQQ,2026-09-03,1530,ssvi,ok,,3M,0.2500000000,false,false,724.7537353863,724.5989680515,-0.0002135447,0.0001490537,-1.4326692655,32768,20260824,104,3.0000000000,true,1.4326692655,724.7339134485,-0.0000273499,0.0000435634,400000,20260824,192,0.0391210695,-0.0000253588,parity_forward
daily,QQQ,2026-09-03,1530,ssvi,ok,,6M,0.5000000000,false,false,732.8124807700,732.8687402864,0.0000767721,0.0001903597,0.4032998879,32768,20260824,104,3.0000000000,true,1.4326692655,732.7765640640,-0.0000490121,0.0000553919,400000,20260824,192,0.0416763808,-0.0010205239,parity_forward
daily,QQQ,2026-09-03,1530,essvi,ok,,1M,0.0833333333,false,false,719.6028876379,719.5935274258,-0.0000130075,0.0001020214,-0.1274973997,32768,20260824,104,3.0000000000,true,1.0988883505,719.5804214628,-0.0000312202,0.0000345417,400000,20260824,192,0.0317743256,0.0005401997,parity_forward
daily,QQQ,2026-09-03,1530,essvi,ok,,3M,0.2500000000,false,false,724.7537353863,724.6942029523,-0.0000821416,0.0003118813,-0.2633745624,32768,20260824,104,3.0000000000,true,1.0988883505,724.7996916289,0.0000634095,0.0000982681,400000,20260824,192,0.0391210695,-0.0000253588,parity_forward
daily,QQQ,2026-09-03,1530,essvi,ok,,6M,0.5000000000,false,false,732.8124807700,733.1121741899,0.0004089633,0.0003721609,1.0988883505,32768,20260824,104,3.0000000000,true,1.0988883505,732.8261945790,0.0000187139,0.0001139922,400000,20260824,192,0.0416763808,-0.0010205239,parity_forward
daily,QQQ,2026-09-03,1530,essvi_g05,ok,,1M,0.0833333333,false,false,719.6028876379,719.5758402280,-0.0000375866,0.0001209338,-0.3108029116,32768,20260824,104,3.0000000000,true,0.8800999580,719.5650484120,-0.0000525835,0.0000374852,400000,20260824,192,0.0317743256,0.0005401997,parity_forward
daily,QQQ,2026-09-03,1530,essvi_g05,ok,,3M,0.2500000000,false,false,724.7537353863,724.6691003517,-0.0001167776,0.0002305833,-0.5064445401,32768,20260824,104,3.0000000000,true,0.8800999580,724.7232516864,-0.0000420608,0.0000689158,400000,20260824,192,0.0391210695,-0.0000253588,parity_forward
daily,QQQ,2026-09-03,1530,essvi_g05,ok,,6M,0.5000000000,false,false,732.8124807700,732.9909699838,0.0002435674,0.0002767497,0.8800999580,32768,20260824,104,3.0000000000,true,0.8800999580,732.7765117719,-0.0000490835,0.0000818980,400000,20260824,192,0.0416763808,-0.0010205239,parity_forward
daily,QQQ,2026-09-03,1530,essvi_gfree,ok,,1M,0.0833333333,false,false,719.6028876379,719.5831625847,-0.0000274110,0.0001052330,-0.2604793701,32768,20260824,104,3.0000000000,true,0.7897293642,719.5699684472,-0.0000457463,0.0000354644,400000,20260824,192,0.0317743256,0.0005401997,parity_forward
daily,QQQ,2026-09-03,1530,essvi_gfree,ok,,3M,0.2500000000,false,false,724.7537353863,724.6243154817,-0.0001785709,0.0002261165,-0.7897293642,32768,20260824,104,3.0000000000,true,0.7897293642,724.7293557984,-0.0000336384,0.0000677662,400000,20260824,192,0.0391210695,-0.0000253588,parity_forward
daily,QQQ,2026-09-03,1530,essvi_gfree,ok,,6M,0.5000000000,false,false,732.8124807700,732.9140924821,0.0001386599,0.0002711822,0.5113163676,32768,20260824,104,3.0000000000,true,0.7897293642,732.7812601518,-0.0000426038,0.0000801124,400000,20260824,192,0.0416763808,-0.0010205239,parity_forward
daily,QQQ,2026-09-03,1530,essvi_sg05,ok,,1M,0.0833333333,false,false,719.6028876379,719.5406293478,-0.0000865176,0.0001270609,-0.6809139520,32768,20260824,104,3.0000000000,true,0.8328383960,719.5630238460,-0.0000553969,0.0000401099,400000,20260824,192,0.0317743256,0.0005401997,parity_forward
daily,QQQ,2026-09-03,1530,essvi_sg05,ok,,3M,0.2500000000,false,false,724.7537353863,724.6007757457,-0.0002110505,0.0002534111,-0.8328383960,32768,20260824,104,3.0000000000,true,0.8328383960,724.7305457301,-0.0000319966,0.0000756718,400000,20260824,192,0.0391210695,-0.0000253588,parity_forward
daily,QQQ,2026-09-03,1530,essvi_sg05,ok,,6M,0.5000000000,false,false,732.8124807700,732.8982840153,0.0001170876,0.0002910980,0.4022273637,32768,20260824,104,3.0000000000,true,0.8328383960,732.7904363878,-0.0000300819,0.0000861092,400000,20260824,192,0.0416763808,-0.0010205239,parity_forward
daily,QQQ,2026-09-04,1530,svi,ok,,1M,0.0833333333,false,false,719.1510947396,719.0545079348,-0.0001343067,0.0001005048,-1.3363216889,32768,20260824,104,3.0000000000,true,1.7678640960,719.1145387843,-0.0000508321,0.0000314023,400000,20260824,192,0.0254083851,0.0010694160,parity_forward
daily,QQQ,2026-09-04,1530,svi,ok,,3M,0.2500000000,false,false,724.3547239502,724.1218468006,-0.0003214960,0.0001818556,-1.7678640960,32768,20260824,104,3.0000000000,true,1.7678640960,724.2914541538,-0.0000873464,0.0000523527,400000,20260824,192,0.0373084269,0.0003535901,parity_forward
daily,QQQ,2026-09-04,1530,svi,ok,,6M,0.5000000000,false,false,732.4552055678,732.3642604627,-0.0001241647,0.0002098932,-0.5915613950,32768,20260824,104,3.0000000000,true,1.7678640960,732.3764421692,-0.0001075334,0.0000607561,400000,20260824,192,0.0408961406,-0.0008784093,parity_forward
daily,QQQ,2026-09-04,1530,ssvi,ok,,1M,0.0833333333,false,false,719.1510947396,719.1227971686,-0.0000393486,0.0000878605,-0.4478530702,32768,20260824,104,3.0000000000,true,1.6060835654,719.1283536493,-0.0000316221,0.0000256262,400000,20260824,192,0.0254083851,0.0010694160,parity_forward
daily,QQQ,2026-09-04,1530,ssvi,ok,,3M,0.2500000000,false,false,724.3547239502,724.1809956203,-0.0002398387,0.0001493314,-1.6060835654,32768,20260824,104,3.0000000000,true,1.6060835654,724.3274995240,-0.0000375844,0.0000425140,400000,20260824,192,0.0373084269,0.0003535901,parity_forward
daily,QQQ,2026-09-04,1530,ssvi,ok,,6M,0.5000000000,false,false,732.4552055678,732.4943175285,0.0000533984,0.0001899267,0.2811528698,32768,20260824,104,3.0000000000,true,1.6060835654,732.4072165197,-0.0000655181,0.0000542646,400000,20260824,192,0.0408961406,-0.0008784093,parity_forward
daily,QQQ,2026-09-04,1530,essvi,ok,,1M,0.0833333333,false,false,719.1510947396,719.1301912232,-0.0000290669,0.0001331089,-0.2183696309,32768,20260824,104,3.0000000000,true,0.8910255098,719.1170341870,-0.0000473622,0.0000347837,400000,20260824,192,0.0254083851,0.0010694160,parity_forward
daily,QQQ,2026-09-04,1530,essvi,ok,,3M,0.2500000000,false,false,724.3547239502,724.2131125559,-0.0001955001,0.0002194102,-0.8910255098,32768,20260824,104,3.0000000000,true,0.8910255098,724.2941773152,-0.0000835870,0.0000602093,400000,20260824,192,0.0373084269,0.0003535901,parity_forward
daily,QQQ,2026-09-04,1530,essvi,ok,,6M,0.5000000000,false,false,732.4552055678,732.5509285896,0.0001306879,0.0002579772,0.5065869792,32768,20260824,104,3.0000000000,true,0.8910255098,732.3748639378,-0.0001096881,0.0000719230,400000,20260824,192,0.0408961406,-0.0008784093,parity_forward
daily,QQQ,2026-09-04,1530,essvi_g05,ok,,1M,0.0833333333,false,false,719.1510947396,719.1213148234,-0.0000414098,0.0001529847,-0.2706793929,32768,20260824,104,3.0000000000,true,0.9674370869,719.1107400978,-0.0000561143,0.0000377047,400000,20260824,192,0.0254083851,0.0010694160,parity_forward
daily,QQQ,2026-09-04,1530,essvi_g05,ok,,3M,0.2500000000,false,false,724.3547239502,724.1922479573,-0.0002243045,0.0002318543,-0.9674370869,32768,20260824,104,3.0000000000,true,0.9674370869,724.2957109830,-0.0000814697,0.0000611424,400000,20260824,192,0.0373084269,0.0003535901,parity_forward
daily,QQQ,2026-09-04,1530,essvi_g05,ok,,6M,0.5000000000,false,false,732.4552055678,732.5745516680,0.0001629398,0.0002789241,0.5841724184,32768,20260824,104,3.0000000000,true,0.9674370869,732.3725571420,-0.0001128375,0.0000757926,400000,20260824,192,0.0408961406,-0.0008784093,parity_forward
daily,QQQ,2026-09-04,1530,essvi_gfree,ok,,1M,0.0833333333,false,false,719.1510947396,719.1353573203,-0.0000218833,0.0001402134,-0.1560716341,32768,20260824,104,3.0000000000,true,0.9575436585,719.1122998338,-0.0000539454,0.0000355989,400000,20260824,192,0.0254083851,0.0010694160,parity_forward
daily,QQQ,2026-09-04,1530,essvi_gfree,ok,,3M,0.2500000000,false,false,724.3547239502,724.1991601431,-0.0002147619,0.0002242842,-0.9575436585,32768,20260824,104,3.0000000000,true,0.9575436585,724.2942828209,-0.0000834413,0.0000602855,400000,20260824,192,0.0373084269,0.0003535901,parity_forward
daily,QQQ,2026-09-04,1530,essvi_gfree,ok,,6M,0.5000000000,false,false,732.4552055678,732.5686946831,0.0001549434,0.0002678827,0.5784002452,32768,20260824,104,3.0000000000,true,0.9575436585,732.3752048606,-0.0001092227,0.0000737640,400000,20260824,192,0.0408961406,-0.0008784093,parity_forward
daily,QQQ,2026-09-04,1530,essvi_sg05,ok,,1M,0.0833333333,false,false,719.1510947396,719.0272221266,-0.0001722484,0.0001676243,-1.0275862647,32768,20260824,104,3.0000000000,true,1.5107029938,719.1079179319,-0.0000600386,0.0000421909,400000,20260824,192,0.0254083851,0.0010694160,parity_forward
daily,QQQ,2026-09-04,1530,essvi_sg05,ok,,3M,0.2500000000,false,false,724.3547239502,724.0855308018,-0.0003716317,0.0002459992,-1.5107029938,32768,20260824,104,3.0000000000,true,1.5107029938,724.3008542752,-0.0000743692,0.0000659531,400000,20260824,192,0.0373084269,0.0003535901,parity_forward
daily,QQQ,2026-09-04,1530,essvi_sg05,ok,,6M,0.5000000000,false,false,732.4552055678,732.4472313114,-0.0000108870,0.0002848963,-0.0382139874,32768,20260824,104,3.0000000000,true,1.5107029938,732.3815335962,-0.0001005822,0.0000783372,400000,20260824,192,0.0408961406,-0.0008784093,parity_forward
daily,QQQ,2026-09-08,1530,svi,ok,,1M,0.0833333333,false,false,720.9455494744,720.9257353465,-0.0000274835,0.0000858083,-0.3202898748,32768,20260824,104,3.0000000000,true,1.0716527030,720.9357995601,-0.0000135238,0.0000344997,400000,20260824,192,0.0290895652,0.0007308237,parity_forward
daily,QQQ,2026-09-08,1530,svi,ok,,3M,0.2500000000,false,false,726.1777054347,726.0518395373,-0.0001733266,0.0001617376,-1.0716527030,32768,20260824,104,3.0000000000,true,1.0716527030,726.1777413292,0.0000000494,0.0000527973,400000,20260824,192,0.0386211002,0.0000746127,parity_forward
daily,QQQ,2026-09-08,1530,svi,ok,,6M,0.5000000000,false,false,734.3026741750,734.3516180404,0.0000666535,0.0001925618,0.3461409459,32768,20260824,104,3.0000000000,true,1.0716527030,734.2998297829,-0.0000038736,0.0000608778,400000,20260824,192,0.0415636462,-0.0010629789,parity_forward
daily,QQQ,2026-09-08,1530,ssvi,ok,,1M,0.0833333333,false,false,720.9455494744,720.9202182310,-0.0000351361,0.0000782504,-0.4490218876,32768,20260824,104,3.0000000000,true,1.5140600556,720.9420410367,-0.0000048664,0.0000264682,400000,20260824,192,0.0290895652,0.0007308237,parity_forward
daily,QQQ,2026-09-08,1530,ssvi,ok,,3M,0.2500000000,false,false,726.1777054347,726.0237900048,-0.0002119528,0.0001399897,-1.5140600556,32768,20260824,104,3.0000000000,true,1.5140600556,726.1708365438,-0.0000094590,0.0000422588,400000,20260824,192,0.0386211002,0.0000746127,parity_forward
daily,QQQ,2026-09-08,1530,ssvi,ok,,6M,0.5000000000,false,false,734.3026741750,734.3773523054,0.0001016994,0.0001793505,0.5670426092,32768,20260824,104,3.0000000000,true,1.5140600556,734.2941549019,-0.0000116019,0.0000533144,400000,20260824,192,0.0415636462,-0.0010629789,parity_forward
daily,QQQ,2026-09-08,1530,essvi,ok,,1M,0.0833333333,false,false,720.9455494744,720.8931588375,-0.0000726693,0.0001080732,-0.6724085621,32768,20260824,104,3.0000000000,true,0.9817794581,720.9393512864,-0.0000085973,0.0000374480,400000,20260824,192,0.0290895652,0.0007308237,parity_forward
daily,QQQ,2026-09-08,1530,essvi,ok,,3M,0.2500000000,false,false,726.1777054347,726.0436300159,-0.0001846317,0.0001880582,-0.9817794581,32768,20260824,104,3.0000000000,true,0.9817794581,726.1643371262,-0.0000184091,0.0000577752,400000,20260824,192,0.0386211002,0.0000746127,parity_forward
daily,QQQ,2026-09-08,1530,essvi,ok,,6M,0.5000000000,false,false,734.3026741750,734.4136294351,0.0001511029,0.0002248033,0.6721561451,32768,20260824,104,3.0000000000,true,0.9817794581,734.2964049535,-0.0000085377,0.0000676631,400000,20260824,192,0.0415636462,-0.0010629789,parity_forward
daily,QQQ,2026-09-08,1530,essvi_g05,ok,,1M,0.0833333333,false,false,720.9455494744,720.8439676656,-0.0001409008,0.0001220059,-1.1548685881,32768,20260824,104,3.0000000000,true,1.3732926838,720.9396657477,-0.0000081611,0.0000400520,400000,20260824,192,0.0290895652,0.0007308237,parity_forward
daily,QQQ,2026-09-08,1530,essvi_g05,ok,,3M,0.2500000000,false,false,726.1777054347,725.9756850696,-0.0002781969,0.0002025765,-1.3732926838,32768,20260824,104,3.0000000000,true,1.3732926838,726.1678775653,-0.0000135337,0.0000605842,400000,20260824,192,0.0386211002,0.0000746127,parity_forward
daily,QQQ,2026-09-08,1530,essvi_g05,ok,,6M,0.5000000000,false,false,734.3026741750,734.3526680642,0.0000680835,0.0002449846,0.2779093047,32768,20260824,104,3.0000000000,true,1.3732926838,734.3104823288,0.0000106334,0.0000725888,400000,20260824,192,0.0415636462,-0.0010629789,parity_forward
daily,QQQ,2026-09-08,1530,essvi_gfree,ok,,1M,0.0833333333,false,false,720.9455494744,720.8561413522,-0.0001240151,0.0001145624,-1.0825115228,32768,20260824,104,3.0000000000,true,1.4130971849,720.9375339232,-0.0000111181,0.0000393992,400000,20260824,192,0.0290895652,0.0007308237,parity_forward
daily,QQQ,2026-09-08,1530,essvi_gfree,ok,,3M,0.2500000000,false,false,726.1777054347,725.9742543287,-0.0002801671,0.0001982646,-1.4130971849,32768,20260824,104,3.0000000000,true,1.4130971849,726.1640563373,-0.0000187958,0.0000602184,400000,20260824,192,0.0386211002,0.0000746127,parity_forward
daily,QQQ,2026-09-08,1530,essvi_gfree,ok,,6M,0.5000000000,false,false,734.3026741750,734.3381552019,0.0000483193,0.0002386140,0.2025000955,32768,20260824,104,3.0000000000,true,1.4130971849,734.3048382199,0.0000029471,0.0000713635,400000,20260824,192,0.0415636462,-0.0010629789,parity_forward
daily,QQQ,2026-09-08,1530,essvi_sg05,ok,,1M,0.0833333333,false,false,720.9455494744,720.7871031122,-0.0002197758,0.0001590141,-1.3821153459,32768,20260824,104,3.0000000000,true,1.4225620091,720.9485504653,0.0000041626,0.0000473105,400000,20260824,192,0.0290895652,0.0007308237,parity_forward
daily,QQQ,2026-09-08,1530,essvi_sg05,ok,,3M,0.2500000000,false,false,726.1777054347,725.9359786808,-0.0003328755,0.0002339972,-1.4225620091,32768,20260824,104,3.0000000000,true,1.4225620091,726.1833170564,0.0000077276,0.0000681262,400000,20260824,192,0.0386211002,0.0000746127,parity_forward
daily,QQQ,2026-09-08,1530,essvi_sg05,ok,,6M,0.5000000000,false,false,734.3026741750,734.3201870116,0.0000238496,0.0002676942,0.0890927601,32768,20260824,104,3.0000000000,true,1.4225620091,734.3172394816,0.0000198356,0.0000778384,400000,20260824,192,0.0415636462,-0.0010629789,parity_forward
daily,QQQ,2026-09-09,1530,svi,ok,,1M,0.0833333333,false,false,718.0536940609,718.0567726263,0.0000042874,0.0000929576,0.0461218360,32768,20260824,104,3.0000000000,true,1.1380899167,718.0463719615,-0.0000101971,0.0000349920,400000,20260824,192,0.0306836008,0.0006155461,parity_forward
daily,QQQ,2026-09-09,1530,svi,ok,,3M,0.2500000000,false,false,723.2568109754,723.1155262619,-0.0001953452,0.0001716430,-1.1380899167,32768,20260824,104,3.0000000000,true,1.1380899167,723.2315971425,-0.0000348615,0.0000538197,400000,20260824,192,0.0391079146,0.0000269110,parity_forward
daily,QQQ,2026-09-09,1530,svi,ok,,6M,0.5000000000,false,false,731.2594630835,731.2928927997,0.0000457153,0.0001974917,0.2314794078,32768,20260824,104,3.0000000000,true,1.1380899167,731.2310355783,-0.0000388747,0.0000609390,400000,20260824,192,0.0415619142,-0.0009641539,parity_forward
daily,QQQ,2026-09-09,1530,ssvi,ok,,1M,0.0833333333,false,false,718.0536940609,718.0421507688,-0.0000160758,0.0000848387,-0.1894866735,32768,20260824,104,3.0000000000,true,1.4718170118,718.0430064614,-0.0000148841,0.0000273752,400000,20260824,192,0.0306836008,0.0006155461,parity_forward
daily,QQQ,2026-09-09,1530,ssvi,ok,,3M,0.2500000000,false,false,723.2568109754,723.1021678187,-0.0002138150,0.0001452728,-1.4718170118,32768,20260824,104,3.0000000000,true,1.4718170118,723.2499644957,-0.0000094662,0.0000431046,400000,20260824,192,0.0391079146,0.0000269110,parity_forward
daily,QQQ,2026-09-09,1530,ssvi,ok,,6M,0.5000000000,false,false,731.2594630835,731.3160012487,0.0000773161,0.0001828955,0.4227339111,32768,20260824,104,3.0000000000,true,1.4718170118,731.2440683430,-0.0000210524,0.0000539007,400000,20260824,192,0.0415619142,-0.0009641539,parity_forward
daily,QQQ,2026-09-09,1530,essvi,ok,,1M,0.0833333333,false,false,718.0536940609,718.0052486888,-0.0000674676,0.0001088374,-0.6198938013,32768,20260824,104,3.0000000000,true,0.8090763480,718.0397818650,-0.0000193749,0.0000389462,400000,20260824,192,0.0306836008,0.0006155461,parity_forward
daily,QQQ,2026-09-09,1530,essvi,ok,,3M,0.2500000000,false,false,723.2568109754,723.1469671862,-0.0001518738,0.0001877126,-0.8090763480,32768,20260824,104,3.0000000000,true,0.8090763480,723.2401596225,-0.0000230227,0.0000595052,400000,20260824,192,0.0391079146,0.0000269110,parity_forward
daily,QQQ,2026-09-09,1530,essvi,ok,,6M,0.5000000000,false,false,731.2594630835,731.3814203187,0.0001667770,0.0002236913,0.7455675947,32768,20260824,104,3.0000000000,true,0.8090763480,731.2392987029,-0.0000275749,0.0000689563,400000,20260824,192,0.0415619142,-0.0009641539,parity_forward
daily,QQQ,2026-09-09,1530,essvi_g05,ok,,1M,0.0833333333,false,false,718.0536940609,718.0164524678,-0.0000518646,0.0001210091,-0.4286009850,32768,20260824,104,3.0000000000,true,0.5717468825,718.0265527058,-0.0000377985,0.0000438129,400000,20260824,192,0.0306836008,0.0006155461,parity_forward
daily,QQQ,2026-09-09,1530,essvi_g05,ok,,3M,0.2500000000,false,false,723.2568109754,723.1655580323,-0.0001261695,0.0002206737,-0.5717468825,32768,20260824,104,3.0000000000,true,0.5717468825,723.2030400434,-0.0000743456,0.0000688099,400000,20260824,192,0.0391079146,0.0000269110,parity_forward
daily,QQQ,2026-09-09,1530,essvi_g05,ok,,6M,0.5000000000,false,false,731.2594630835,731.3637788020,0.0001426521,0.0002594800,0.5497616491,32768,20260824,104,3.0000000000,true,0.5717468825,731.1939158857,-0.0000896360,0.0000786857,400000,20260824,192,0.0415619142,-0.0009641539,parity_forward
daily,QQQ,2026-09-09,1530,essvi_gfree,ok,,1M,0.0833333333,false,false,718.0536940609,717.9939242133,-0.0000832387,0.0001156531,-0.7197269995,32768,20260824,104,3.0000000000,true,0.9844674886,718.0297766786,-0.0000333086,0.0000422755,400000,20260824,192,0.0306836008,0.0006155461,parity_forward
daily,QQQ,2026-09-09,1530,essvi_gfree,ok,,3M,0.2500000000,false,false,723.2568109754,723.1161272025,-0.0001945143,0.0001975832,-0.9844674886,32768,20260824,104,3.0000000000,true,0.9844674886,723.2229760621,-0.0000467813,0.0000634277,400000,20260824,192,0.0391079146,0.0000269110,parity_forward
daily,QQQ,2026-09-09,1530,essvi_gfree,ok,,6M,0.5000000000,false,false,731.2594630835,731.3409295585,0.0001114057,0.0002375806,0.4689174357,32768,20260824,104,3.0000000000,true,0.9844674886,731.2212486196,-0.0000522584,0.0000737481,400000,20260824,192,0.0415619142,-0.0009641539,parity_forward
daily,QQQ,2026-09-09,1530,essvi_sg05,ok,,1M,0.0833333333,false,false,718.0536940609,718.0092730344,-0.0000618631,0.0001207187,-0.5124567491,32768,20260824,104,3.0000000000,true,0.7620126061,718.0293757909,-0.0000338669,0.0000450395,400000,20260824,192,0.0306836008,0.0006155461,parity_forward
daily,QQQ,2026-09-09,1530,essvi_sg05,ok,,3M,0.2500000000,false,false,723.2568109754,723.1411472203,-0.0001599207,0.0002098662,-0.7620126061,32768,20260824,104,3.0000000000,true,0.7620126061,723.2187785070,-0.0000525850,0.0000670872,400000,20260824,192,0.0391079146,0.0000269110,parity_forward
daily,QQQ,2026-09-09,1530,essvi_sg05,ok,,6M,0.5000000000,false,false,731.2594630835,731.3618467283,0.0001400100,0.0002436320,0.5746782410,32768,20260824,104,3.0000000000,true,0.7620126061,731.2130073748,-0.0000635284,0.0000755648,400000,20260824,192,0.0415619142,-0.0009641539,parity_forward
daily,QQQ,2026-09-10,1530,svi,ok,,1M,0.0833333333,false,false,710.8820659615,710.9223121523,0.0000566144,0.0001149723,0.4924179510,32768,20260824,104,3.0000000000,true,1.0223798273,710.8536751910,-0.0000399374,0.0000393344,400000,20260824,192,0.0292737077,0.0007331164,parity_forward
daily,QQQ,2026-09-10,1530,svi,ok,,3M,0.2500000000,false,false,716.0700608854,716.0466166542,-0.0000327401,0.0001869774,-0.1751021162,32768,20260824,104,3.0000000000,true,1.0223798273,716.0188259018,-0.0000715502,0.0000576881,400000,20260824,192,0.0388437713,0.0001185069,parity_forward
daily,QQQ,2026-09-10,1530,svi,ok,,6M,0.5000000000,false,false,724.1336065867,724.2924199120,0.0002193149,0.0002145142,1.0223798273,32768,20260824,104,3.0000000000,true,1.0223798273,724.0804399340,-0.0000734211,0.0000651822,400000,20260824,192,0.0418176902,-0.0010421303,parity_forward
daily,QQQ,2026-09-10,1530,ssvi,ok,,1M,0.0833333333,false,false,710.8820659615,710.8906371937,0.0000120572,0.0000952542,0.1265789906,32768,20260824,104,3.0000000000,true,1.1996483193,710.8680348688,-0.0000197376,0.0000293850,400000,20260824,192,0.0292737077,0.0007331164,parity_forward
daily,QQQ,2026-09-10,1530,ssvi,ok,,3M,0.2500000000,false,false,716.0700608854,715.9369354753,-0.0001859112,0.0001549714,-1.1996483193,32768,20260824,104,3.0000000000,true,1.1996483193,716.0560914784,-0.0000195084,0.0000449887,400000,20260824,192,0.0388437713,0.0001185069,parity_forward
daily,QQQ,2026-09-10,1530,ssvi,ok,,6M,0.5000000000,false,false,724.1336065867,724.2122538142,0.0001086087,0.0001925375,0.5640913823,32768,20260824,104,3.0000000000,true,1.1996483193,724.1034285038,-0.0000416747,0.0000558983,400000,20260824,192,0.0418176902,-0.0010421303,parity_forward
daily,QQQ,2026-09-10,1530,essvi,ok,,1M,0.0833333333,false,false,710.8820659615,710.8934389472,0.0000159984,0.0001408822,0.1135588236,32768,20260824,104,3.0000000000,true,0.7428247766,710.8530277445,-0.0000408481,0.0000457079,400000,20260824,192,0.0292737077,0.0007331164,parity_forward
daily,QQQ,2026-09-10,1530,essvi,ok,,3M,0.2500000000,false,false,716.0700608854,715.9709628540,-0.0001383915,0.0002151200,-0.6433225387,32768,20260824,104,3.0000000000,true,0.7428247766,716.0492411882,-0.0000290749,0.0000639238,400000,20260824,192,0.0388437713,0.0001185069,parity_forward
daily,QQQ,2026-09-10,1530,essvi,ok,,6M,0.5000000000,false,false,724.1336065867,724.2669689905,0.0001841682,0.0002479296,0.7428247766,32768,20260824,104,3.0000000000,true,0.7428247766,724.1020788593,-0.0000435386,0.0000727581,400000,20260824,192,0.0418176902,-0.0010421303,parity_forward
daily,QQQ,2026-09-10,1530,essvi_g05,ok,,1M,0.0833333333,false,false,710.8820659615,710.8130882865,-0.0000970311,0.0001484228,-0.6537477849,32768,20260824,104,3.0000000000,true,1.1446544330,710.8545148272,-0.0000387563,0.0000482023,400000,20260824,192,0.0292737077,0.0007331164,parity_forward
daily,QQQ,2026-09-10,1530,essvi_g05,ok,,3M,0.2500000000,false,false,716.0700608854,715.8875652513,-0.0002548572,0.0002226499,-1.1446544330,32768,20260824,104,3.0000000000,true,1.1446544330,716.0524959536,-0.0000245296,0.0000664333,400000,20260824,192,0.0388437713,0.0001185069,parity_forward
daily,QQQ,2026-09-10,1530,essvi_g05,ok,,6M,0.5000000000,false,false,724.1336065867,724.1918871556,0.0000804832,0.0002601567,0.3093642312,32768,20260824,104,3.0000000000,true,1.1446544330,724.1110822651,-0.0000311052,0.0000766632,400000,20260824,192,0.0418176902,-0.0010421303,parity_forward
daily,QQQ,2026-09-10,1530,essvi_gfree,ok,,1M,0.0833333333,false,false,710.8820659615,710.8633877376,-0.0000262747,0.0001429755,-0.1837707176,32768,20260824,104,3.0000000000,true,0.9377332771,710.8494588018,-0.0000458686,0.0000470030,400000,20260824,192,0.0292737077,0.0007331164,parity_forward
daily,QQQ,2026-09-10,1530,essvi_gfree,ok,,3M,0.2500000000,false,false,716.0700608854,715.9227325999,-0.0002057456,0.0002194074,-0.9377332771,32768,20260824,104,3.0000000000,true,0.9377332771,716.0470488935,-0.0000321365,0.0000655906,400000,20260824,192,0.0388437713,0.0001185069,parity_forward
daily,QQQ,2026-09-10,1530,essvi_gfree,ok,,6M,0.5000000000,false,false,724.1336065867,724.2160133837,0.0001138005,0.0002553195,0.4457182490,32768,20260824,104,3.0000000000,true,0.9377332771,724.1035837823,-0.0000414603,0.0000753023,400000,20260824,192,0.0418176902,-0.0010421303,parity_forward
daily,QQQ,2026-09-10,1530,essvi_sg05,ok,,1M,0.0833333333,false,false,710.8820659615,710.8725969726,-0.0000133201,0.0001550869,-0.0858876980,32768,20260824,104,3.0000000000,true,0.9278975534,710.8554051361,-0.0000375039,0.0000487596,400000,20260824,192,0.0292737077,0.0007331164,parity_forward
daily,QQQ,2026-09-10,1530,essvi_sg05,ok,,3M,0.2500000000,false,false,716.0700608854,715.9163581730,-0.0002146476,0.0002313268,-0.9278975534,32768,20260824,104,3.0000000000,true,0.9278975534,716.0545357588,-0.0000216810,0.0000675205,400000,20260824,192,0.0388437713,0.0001185069,parity_forward
daily,QQQ,2026-09-10,1530,essvi_sg05,ok,,6M,0.5000000000,false,false,724.1336065867,724.2237974296,0.0001245500,0.0002620973,0.4752052032,32768,20260824,104,3.0000000000,true,0.9278975534,724.1099502031,-0.0000326685,0.0000760828,400000,20260824,192,0.0418176902,-0.0010421303,parity_forward
daily,QQQ,2026-09-11,1530,svi,ok,,1M,0.0833333333,false,false,717.3670966235,717.3721319958,0.0000070192,0.0001180706,0.0594495351,32768,20260824,104,3.0000000000,true,1.0919919787,717.3381644956,-0.0000403310,0.0000353953,400000,20260824,192,0.0289254248,0.0008435871,parity_forward
daily,QQQ,2026-09-11,1530,svi,ok,,3M,0.2500000000,false,false,722.6930141897,722.5350784044,-0.0002185379,0.0002001277,-1.0919919787,32768,20260824,104,3.0000000000,true,1.0919919787,722.6302418078,-0.0000868590,0.0000568728,400000,20260824,192,0.0392291390,0.0001459370,parity_forward
daily,QQQ,2026-09-11,1530,svi,ok,,6M,0.5000000000,false,false,730.9059417129,730.9110036223,0.0000069255,0.0002309942,0.0299813880,32768,20260824,104,3.0000000000,true,1.0919919787,730.8492817305,-0.0000775202,0.0000652711,400000,20260824,192,0.0422150671,-0.0009446560,parity_forward
daily,QQQ,2026-09-11,1530,ssvi,ok,,1M,0.0833333333,false,false,717.3670966235,717.3540108883,-0.0000182413,0.0000911942,-0.2000273144,32768,20260824,104,3.0000000000,true,1.5261904629,717.3543009491,-0.0000178370,0.0000270006,400000,20260824,192,0.0289254248,0.0008435871,parity_forward
daily,QQQ,2026-09-11,1530,ssvi,ok,,3M,0.2500000000,false,false,722.6930141897,722.5211314877,-0.0002378364,0.0001558366,-1.5261904629,32768,20260824,104,3.0000000000,true,1.5261904629,722.6785822706,-0.0000199696,0.0000446547,400000,20260824,192,0.0392291390,0.0001459370,parity_forward
daily,QQQ,2026-09-11,1530,ssvi,ok,,6M,0.5000000000,false,false,730.9059417129,730.9654271339,0.0000813859,0.0001964736,0.4142332180,32768,20260824,104,3.0000000000,true,1.5261904629,730.8782726013,-0.0000378559,0.0000565840,400000,20260824,192,0.0422150671,-0.0009446560,parity_forward
daily,QQQ,2026-09-11,1530,essvi,ok,,1M,0.0833333333,false,false,717.3670966235,717.3965531708,0.0000410620,0.0001564256,0.2625019596,32768,20260824,104,3.0000000000,true,0.8057249559,717.3452719026,-0.0000304234,0.0000398011,400000,20260824,192,0.0289254248,0.0008435871,parity_forward
daily,QQQ,2026-09-11,1530,essvi,ok,,3M,0.2500000000,false,false,722.6930141897,722.6007387470,-0.0001276828,0.0002289159,-0.5577713935,32768,20260824,104,3.0000000000,true,0.8057249559,722.6794854580,-0.0000187199,0.0000618653,400000,20260824,192,0.0392291390,0.0001459370,parity_forward
daily,QQQ,2026-09-11,1530,essvi,ok,,6M,0.5000000000,false,false,730.9059417129,731.0586846693,0.0002089776,0.0002593659,0.8057249559,32768,20260824,104,3.0000000000,true,0.8057249559,730.8870022386,-0.0000259123,0.0000713077,400000,20260824,192,0.0422150671,-0.0009446560,parity_forward
daily,QQQ,2026-09-11,1530,essvi_g05,ok,,1M,0.0833333333,false,false,717.3670966235,717.3511786892,-0.0000221894,0.0001673488,-0.1325936592,32768,20260824,104,3.0000000000,true,0.9136382986,717.3507997313,-0.0000227176,0.0000424175,400000,20260824,192,0.0289254248,0.0008435871,parity_forward
daily,QQQ,2026-09-11,1530,essvi_g05,ok,,3M,0.2500000000,false,false,722.6930141897,722.5326925897,-0.0002218391,0.0002428085,-0.9136382986,32768,20260824,104,3.0000000000,true,0.9136382986,722.6898054422,-0.0000044400,0.0000647789,400000,20260824,192,0.0392291390,0.0001459370,parity_forward
daily,QQQ,2026-09-11,1530,essvi_g05,ok,,6M,0.5000000000,false,false,730.9059417129,731.0153313752,0.0001496631,0.0002815513,0.5315660235,32768,20260824,104,3.0000000000,true,0.9136382986,730.8807182463,-0.0000345099,0.0000768289,400000,20260824,192,0.0422150671,-0.0009446560,parity_forward
daily,QQQ,2026-09-11,1530,essvi_gfree,ok,,1M,0.0833333333,false,false,717.3670966235,717.3861412597,0.0000265480,0.0001610222,0.1648714151,32768,20260824,104,3.0000000000,true,0.7777868470,717.3423848362,-0.0000344479,0.0000402082,400000,20260824,192,0.0289254248,0.0008435871,parity_forward
daily,QQQ,2026-09-11,1530,essvi_gfree,ok,,3M,0.2500000000,false,false,722.6930141897,722.5592116891,-0.0001851443,0.0002380399,-0.7777868470,32768,20260824,104,3.0000000000,true,0.7777868470,722.6782764255,-0.0000203928,0.0000634512,400000,20260824,192,0.0392291390,0.0001459370,parity_forward
daily,QQQ,2026-09-11,1530,essvi_gfree,ok,,6M,0.5000000000,false,false,730.9059417129,731.0230383966,0.0001602076,0.0002701674,0.5929938874,32768,20260824,104,3.0000000000,true,0.7777868470,730.8861048134,-0.0000271402,0.0000736464,400000,20260824,192,0.0422150671,-0.0009446560,parity_forward
daily,QQQ,2026-09-11,1530,essvi_sg05,ok,,1M,0.0833333333,false,false,717.3670966235,717.4086432570,0.0000579154,0.0001853884,0.3124006624,32768,20260824,104,3.0000000000,true,0.8672052327,717.3291152215,-0.0000529456,0.0000484797,400000,20260824,192,0.0289254248,0.0008435871,parity_forward
daily,QQQ,2026-09-11,1530,essvi_sg05,ok,,3M,0.2500000000,false,false,722.6930141897,722.5312361876,-0.0002238544,0.0002581331,-0.8672052327,32768,20260824,104,3.0000000000,true,0.8672052327,722.6652441344,-0.0000384258,0.0000691693,400000,20260824,192,0.0392291390,0.0001459370,parity_forward
daily,QQQ,2026-09-11,1530,essvi_sg05,ok,,6M,0.5000000000,false,false,730.9059417129,731.0148436086,0.0001489958,0.0002855479,0.5217890747,32768,20260824,104,3.0000000000,true,0.8672052327,730.8720161541,-0.0000464158,0.0000778175,400000,20260824,192,0.0422150671,-0.0009446560,parity_forward
daily,SPY,2026-08-14,1530,svi,ok,,1M,0.0833333333,false,false,778.4465383473,778.3354460909,-0.0001427102,0.0000881061,-1.6197540158,32768,20260824,104,3.0000000000,true,1.6197540158,778.4263050155,-0.0000259919,0.0000267262,400000,20260824,192,0.0357634122,0.0001729916,parity_forward
daily,SPY,2026-08-14,1530,svi,ok,,3M,0.2500000000,false,false,782.3933896837,782.2266447152,-0.0002131216,0.0001905035,-1.1187281807,32768,20260824,104,3.0000000000,true,1.6197540158,782.3654225186,-0.0000357457,0.0000541718,400000,20260824,192,0.0321505520,0.0015895851,parity_forward
daily,SPY,2026-08-14,1530,svi,ok,,6M,0.5000000000,false,false,789.6562110073,789.7460634904,0.0001137868,0.0002709304,0.4199855548,32768,20260824,104,3.0000000000,true,1.6197540158,789.5859378678,-0.0000889921,0.0000778179,400000,20260824,192,0.0345552858,0.0022310606,parity_forward
daily,SPY,2026-08-14,1530,ssvi,ok,,1M,0.0833333333,false,false,778.4465383473,778.4456760409,-0.0000011077,0.0001111545,-0.0099656540,32768,20260824,104,3.0000000000,true,1.4411689405,778.4250255821,-0.0000276355,0.0000315595,400000,20260824,192,0.0357634122,0.0001729916,parity_forward
daily,SPY,2026-08-14,1530,ssvi,ok,,3M,0.2500000000,false,false,782.3933896837,782.1553141508,-0.0003042913,0.0002111420,-1.4411689405,32768,20260824,104,3.0000000000,true,1.4411689405,782.3622736331,-0.0000397703,0.0000594329,400000,20260824,192,0.0321505520,0.0015895851,parity_forward
daily,SPY,2026-08-14,1530,ssvi,ok,,6M,0.5000000000,false,false,789.6562110073,789.7842568171,0.0001621539,0.0002878848,0.5632595961,32768,20260824,104,3.0000000000,true,1.4411689405,789.5890939664,-0.0000849953,0.0000825716,400000,20260824,192,0.0345552858,0.0022310606,parity_forward
daily,SPY,2026-08-14,1530,essvi,ok,,1M,0.0833333333,false,false,778.4465383473,778.4242173318,-0.0000286738,0.0001084520,-0.2643916597,32768,20260824,104,3.0000000000,true,1.6428061276,778.4229415683,-0.0000303127,0.0000303086,400000,20260824,192,0.0357634122,0.0001729916,parity_forward
daily,SPY,2026-08-14,1530,essvi,ok,,3M,0.2500000000,false,false,782.3933896837,782.1163072252,-0.0003541472,0.0002155746,-1.6428061276,32768,20260824,104,3.0000000000,true,1.6428061276,782.3595022102,-0.0000433126,0.0000601447,400000,20260824,192,0.0321505520,0.0015895851,parity_forward
daily,SPY,2026-08-14,1530,essvi,ok,,6M,0.5000000000,false,false,789.6562110073,789.6396667296,-0.0000209512,0.0002979092,-0.0703276138,32768,20260824,104,3.0000000000,true,1.6428061276,789.5599026531,-0.0001219624,0.0000857337,400000,20260824,192,0.0345552858,0.0022310606,parity_forward
daily,SPY,2026-08-14,1530,essvi_g05,ok,,1M,0.0833333333,false,false,778.4465383473,778.4151783514,-0.0000402854,0.0001239574,-0.3249935417,32768,20260824,104,3.0000000000,true,1.6520516406,778.4243751081,-0.0000284711,0.0000336466,400000,20260824,192,0.0357634122,0.0001729916,parity_forward
daily,SPY,2026-08-14,1530,essvi_g05,ok,,3M,0.2500000000,false,false,782.3933896837,782.0840837374,-0.0003953330,0.0002392982,-1.6520516406,32768,20260824,104,3.0000000000,true,1.6520516406,782.3508268373,-0.0000544008,0.0000636621,400000,20260824,192,0.0321505520,0.0015895851,parity_forward
daily,SPY,2026-08-14,1530,essvi_g05,ok,,6M,0.5000000000,false,false,789.6562110073,789.6375660583,-0.0000236115,0.0003175941,-0.0743448148,32768,20260824,104,3.0000000000,true,1.6520516406,789.5506189263,-0.0001337191,0.0000888327,400000,20260824,192,0.0345552858,0.0022310606,parity_forward
daily,SPY,2026-08-14,1530,essvi_gfree,ok,,1M,0.0833333333,false,false,778.4465383473,778.4348169428,-0.0000150574,0.0001130958,-0.1331387647,32768,20260824,104,3.0000000000,true,1.4858441116,778.4234305383,-0.0000296845,0.0000303045,400000,20260824,192,0.0357634122,0.0001729916,parity_forward
daily,SPY,2026-08-14,1530,essvi_gfree,ok,,3M,0.2500000000,false,false,782.3933896837,782.1362077773,-0.0003287118,0.0002212290,-1.4858441116,32768,20260824,104,3.0000000000,true,1.4858441116,782.3512426792,-0.0000538693,0.0000606411,400000,20260824,192,0.0321505520,0.0015895851,parity_forward
daily,SPY,2026-08-14,1530,essvi_gfree,ok,,6M,0.5000000000,false,false,789.6562110073,789.6919839405,0.0000453019,0.0003009637,0.1505228530,32768,20260824,104,3.0000000000,true,1.4858441116,789.5546960305,-0.0001285559,0.0000857280,400000,20260824,192,0.0345552858,0.0022310606,parity_forward
daily,SPY,2026-08-14,1530,essvi_sg05,ok,,1M,0.0833333333,false,false,778.4465383473,778.3423053742,-0.0001338987,0.0001443964,-0.9272993532,32768,20260824,104,3.0000000000,true,0.9272993532,778.4119441085,-0.0000444401,0.0000387902,400000,20260824,192,0.0357634122,0.0001729916,parity_forward
daily,SPY,2026-08-14,1530,essvi_sg05,ok,,3M,0.2500000000,false,false,782.3933896837,782.2124015729,-0.0002313262,0.0002595651,-0.8912069465,32768,20260824,104,3.0000000000,true,0.9272993532,782.3539647009,-0.0000503902,0.0000736555,400000,20260824,192,0.0321505520,0.0015895851,parity_forward
daily,SPY,2026-08-14,1530,essvi_sg05,ok,,6M,0.5000000000,false,false,789.6562110073,789.7960526134,0.0001770918,0.0003476452,0.5094037047,32768,20260824,104,3.0000000000,true,0.9272993532,789.5542602206,-0.0001291078,0.0001010262,400000,20260824,192,0.0345552858,0.0022310606,parity_forward
daily,SPY,2026-08-17,1530,svi,ok,,1M,0.0833333333,false,false,775.1880850356,775.1557535457,-0.0000417079,0.0000881301,-0.4732540618,32768,20260824,104,3.0000000000,true,0.8834961691,775.1812083649,-0.0000088710,0.0000297587,400000,20260824,192,0.0303497268,0.0006243119,parity_forward
daily,SPY,2026-08-17,1530,svi,ok,,3M,0.2500000000,false,false,779.5358475107,779.4454356769,-0.0001159816,0.0001908753,-0.6076303189,32768,20260824,104,3.0000000000,true,0.8834961691,779.5218231372,-0.0000179907,0.0000574665,400000,20260824,192,0.0324885156,0.0014805687,parity_forward
daily,SPY,2026-08-17,1530,svi,ok,,6M,0.5000000000,false,false,786.7860088919,786.9773691601,0.0002432177,0.0002752900,0.8834961691,32768,20260824,104,3.0000000000,true,0.8834961691,786.7341974319,-0.0000658520,0.0000818327,400000,20260824,192,0.0347595154,0.0021770746,parity_forward
daily,SPY,2026-08-17,1530,ssvi,ok,,1M,0.0833333333,false,false,775.1880850356,775.1179616888,-0.0000904598,0.0001125835,-0.8034904115,32768,20260824,104,3.0000000000,true,1.3396573184,775.1827092721,-0.0000069348,0.0000341458,400000,20260824,192,0.0303497268,0.0006243119,parity_forward
daily,SPY,2026-08-17,1530,ssvi,ok,,3M,0.2500000000,false,false,779.5358475107,779.3144043884,-0.0002840705,0.0002120471,-1.3396573184,32768,20260824,104,3.0000000000,true,1.3396573184,779.5222541583,-0.0000174378,0.0000619417,400000,20260824,192,0.0324885156,0.0014805687,parity_forward
daily,SPY,2026-08-17,1530,ssvi,ok,,6M,0.5000000000,false,false,786.7860088919,786.9717614353,0.0002360903,0.0002944021,0.8019313009,32768,20260824,104,3.0000000000,true,1.3396573184,786.7627112585,-0.0000296111,0.0000855368,400000,20260824,192,0.0347595154,0.0021770746,parity_forward
daily,SPY,2026-08-17,1530,essvi,ok,,1M,0.0833333333,false,false,775.1880850356,775.1092971702,-0.0001016371,0.0001196749,-0.8492769537,32768,20260824,104,3.0000000000,true,1.6060712983,775.1747530098,-0.0000171984,0.0000346524,400000,20260824,192,0.0303497268,0.0006243119,parity_forward
daily,SPY,2026-08-17,1530,essvi,ok,,3M,0.2500000000,false,false,779.5358475107,779.2516613828,-0.0003645581,0.0002269875,-1.6060712983,32768,20260824,104,3.0000000000,true,1.6060712983,779.5096591868,-0.0000335948,0.0000657418,400000,20260824,192,0.0324885156,0.0014805687,parity_forward
daily,SPY,2026-08-17,1530,essvi,ok,,6M,0.5000000000,false,false,786.7860088919,786.8659235975,0.0001015711,0.0003182244,0.3191806485,32768,20260824,104,3.0000000000,true,1.6060712983,786.7288386397,-0.0000726630,0.0000895838,400000,20260824,192,0.0347595154,0.0021770746,parity_forward
daily,SPY,2026-08-17,1530,essvi_g05,ok,,1M,0.0833333333,false,false,775.1880850356,775.0996886688,-0.0001140322,0.0001292778,-0.8820706731,32768,20260824,104,3.0000000000,true,1.5464677348,775.1697713929,-0.0000236248,0.0000368197,400000,20260824,192,0.0303497268,0.0006243119,parity_forward
daily,SPY,2026-08-17,1530,essvi_g05,ok,,3M,0.2500000000,false,false,779.5358475107,779.2607132763,-0.0003529462,0.0002282273,-1.5464677348,32768,20260824,104,3.0000000000,true,1.5464677348,779.5040308532,-0.0000408149,0.0000683628,400000,20260824,192,0.0324885156,0.0014805687,parity_forward
daily,SPY,2026-08-17,1530,essvi_g05,ok,,6M,0.5000000000,false,false,786.7860088919,786.8603139911,0.0000944413,0.0003223658,0.2929631312,32768,20260824,104,3.0000000000,true,1.5464677348,786.7315968717,-0.0000691573,0.0000920382,400000,20260824,192,0.0347595154,0.0021770746,parity_forward
daily,SPY,2026-08-17,1530,essvi_gfree,ok,,1M,0.0833333333,false,false,775.1880850356,775.1196254648,-0.0000883135,0.0001230912,-0.7174637795,32768,20260824,104,3.0000000000,true,1.5109573494,775.1709784468,-0.0000220677,0.0000344691,400000,20260824,192,0.0303497268,0.0006243119,parity_forward
daily,SPY,2026-08-17,1530,essvi_gfree,ok,,3M,0.2500000000,false,false,779.5358475107,779.2649523234,-0.0003475083,0.0002299921,-1.5109573494,32768,20260824,104,3.0000000000,true,1.5109573494,779.5024863654,-0.0000427962,0.0000658629,400000,20260824,192,0.0324885156,0.0014805687,parity_forward
daily,SPY,2026-08-17,1530,essvi_gfree,ok,,6M,0.5000000000,false,false,786.7860088919,786.8385895631,0.0000668297,0.0003199412,0.2088811696,32768,20260824,104,3.0000000000,true,1.5109573494,786.7300988000,-0.0000710614,0.0000893166,400000,20260824,192,0.0347595154,0.0021770746,parity_forward
daily,SPY,2026-08-17,1530,essvi_sg05,ok,,1M,0.0833333333,false,false,775.1880850356,775.0498146622,-0.0001783701,0.0001508851,-1.1821588423,32768,20260824,104,3.0000000000,true,1.4934255111,775.1716885568,-0.0000211516,0.0000435268,400000,20260824,192,0.0303497268,0.0006243119,parity_forward
daily,SPY,2026-08-17,1530,essvi_sg05,ok,,3M,0.2500000000,false,false,779.5358475107,779.2049306116,-0.0004245050,0.0002842492,-1.4934255111,32768,20260824,104,3.0000000000,true,1.4934255111,779.5358147369,-0.0000000420,0.0000793937,400000,20260824,192,0.0324885156,0.0014805687,parity_forward
daily,SPY,2026-08-17,1530,essvi_sg05,ok,,6M,0.5000000000,false,false,786.7860088919,786.8637358717,0.0000987905,0.0003773042,0.2618324783,32768,20260824,104,3.0000000000,true,1.4934255111,786.7409433399,-0.0000572780,0.0001042054,400000,20260824,192,0.0347595154,0.0021770746,parity_forward
daily,SPY,2026-08-18,1530,svi,ok,,1M,0.0833333333,false,false,769.4525079532,769.4324144804,-0.0000261140,0.0000885664,-0.2948519949,32768,20260824,104,3.0000000000,true,0.8608101813,769.4422140539,-0.0000133782,0.0000318068,400000,20260824,192,0.0287692998,0.0007561051,parity_forward
daily,SPY,2026-08-18,1530,svi,ok,,3M,0.2500000000,false,false,773.9061760750,773.7723783315,-0.0001728863,0.0002008413,-0.8608101813,32768,20260824,104,3.0000000000,true,0.8608101813,773.8943944021,-0.0000152236,0.0000593952,400000,20260824,192,0.0326754201,0.0014585704,parity_forward
daily,SPY,2026-08-18,1530,svi,ok,,6M,0.5000000000,false,false,781.1119705698,781.2582281297,0.0001872428,0.0002879505,0.6502603101,32768,20260824,104,3.0000000000,true,0.8608101813,781.0727449661,-0.0000502176,0.0000841989,400000,20260824,192,0.0348734322,0.0021207938,parity_forward
daily,SPY,2026-08-18,1530,ssvi,ok,,1M,0.0833333333,false,false,769.4525079532,769.4331713397,-0.0000251304,0.0001106033,-0.2272115154,32768,20260824,104,3.0000000000,true,1.2238711573,769.4437520075,-0.0000113794,0.0000356599,400000,20260824,192,0.0287692998,0.0007561051,parity_forward
daily,SPY,2026-08-18,1530,ssvi,ok,,3M,0.2500000000,false,false,773.9061760750,773.7025935941,-0.0002630583,0.0002149396,-1.2238711573,32768,20260824,104,3.0000000000,true,1.2238711573,773.8919036650,-0.0000184420,0.0000631184,400000,20260824,192,0.0326754201,0.0014585704,parity_forward
daily,SPY,2026-08-18,1530,ssvi,ok,,6M,0.5000000000,false,false,781.1119705698,781.2930841102,0.0002318663,0.0002967149,0.7814447942,32768,20260824,104,3.0000000000,true,1.2238711573,781.0851261883,-0.0000343669,0.0000869347,400000,20260824,192,0.0348734322,0.0021207938,parity_forward
daily,SPY,2026-08-18,1530,essvi,ok,,1M,0.0833333333,false,false,769.4525079532,769.4170043579,-0.0000461414,0.0001224184,-0.3769152526,32768,20260824,104,3.0000000000,true,1.3688910214,769.4366248021,-0.0000206421,0.0000378921,400000,20260824,192,0.0287692998,0.0007561051,parity_forward
daily,SPY,2026-08-18,1530,essvi,ok,,3M,0.2500000000,false,false,773.9061760750,773.6503586702,-0.0003305535,0.0002414754,-1.3688910214,32768,20260824,104,3.0000000000,true,1.3688910214,773.8855503854,-0.0000266514,0.0000684173,400000,20260824,192,0.0326754201,0.0014585704,parity_forward
daily,SPY,2026-08-18,1530,essvi,ok,,6M,0.5000000000,false,false,781.1119705698,781.2275208841,0.0001479305,0.0003199285,0.4623861830,32768,20260824,104,3.0000000000,true,1.3688910214,781.0542637378,-0.0000738778,0.0000918107,400000,20260824,192,0.0348734322,0.0021207938,parity_forward
daily,SPY,2026-08-18,1530,essvi_g05,ok,,1M,0.0833333333,false,false,769.4525079532,769.4619678059,0.0000122943,0.0001404867,0.0875119595,32768,20260824,104,3.0000000000,true,1.0146374944,769.4255074298,-0.0000350906,0.0000414900,400000,20260824,192,0.0287692998,0.0007561051,parity_forward
daily,SPY,2026-08-18,1530,essvi_g05,ok,,3M,0.2500000000,false,false,773.9061760750,773.6965265751,-0.0002708978,0.0002669898,-1.0146374944,32768,20260824,104,3.0000000000,true,1.0146374944,773.8819515087,-0.0000313017,0.0000722386,400000,20260824,192,0.0326754201,0.0014585704,parity_forward
daily,SPY,2026-08-18,1530,essvi_g05,ok,,6M,0.5000000000,false,false,781.1119705698,781.2491659425,0.0001756411,0.0003403041,0.5161299254,32768,20260824,104,3.0000000000,true,1.0146374944,781.0628845636,-0.0000628412,0.0000951417,400000,20260824,192,0.0348734322,0.0021207938,parity_forward
daily,SPY,2026-08-18,1530,essvi_gfree,ok,,1M,0.0833333333,false,false,769.4525079532,769.3871568289,-0.0000849320,0.0001214526,-0.6993016674,32768,20260824,104,3.0000000000,true,1.4098887763,769.4251007321,-0.0000356191,0.0000374747,400000,20260824,192,0.0287692998,0.0007561051,parity_forward
daily,SPY,2026-08-18,1530,essvi_gfree,ok,,3M,0.2500000000,false,false,773.9061760750,773.6406686196,-0.0003430745,0.0002433344,-1.4098887763,32768,20260824,104,3.0000000000,true,1.4098887763,773.8685098914,-0.0000486702,0.0000684650,400000,20260824,192,0.0326754201,0.0014585704,parity_forward
daily,SPY,2026-08-18,1530,essvi_gfree,ok,,6M,0.5000000000,false,false,781.1119705698,781.2600508841,0.0001895763,0.0003194243,0.5934937301,32768,20260824,104,3.0000000000,true,1.4098887763,781.0533392608,-0.0000750613,0.0000914820,400000,20260824,192,0.0348734322,0.0021207938,parity_forward
daily,SPY,2026-08-18,1530,essvi_sg05,ok,,1M,0.0833333333,false,false,769.4525079532,769.3668984203,-0.0001112603,0.0001442190,-0.7714678559,32768,20260824,104,3.0000000000,true,1.1282964473,769.4324329347,-0.0000260900,0.0000457001,400000,20260824,192,0.0287692998,0.0007561051,parity_forward
daily,SPY,2026-08-18,1530,essvi_sg05,ok,,3M,0.2500000000,false,false,773.9061760750,773.6659216588,-0.0003104439,0.0002751439,-1.1282964473,32768,20260824,104,3.0000000000,true,1.1282964473,773.9069268884,0.0000009702,0.0000827190,400000,20260824,192,0.0326754201,0.0014585704,parity_forward
daily,SPY,2026-08-18,1530,essvi_sg05,ok,,6M,0.5000000000,false,false,781.1119705698,781.2183394183,0.0001361762,0.0003584676,0.3798842418,32768,20260824,104,3.0000000000,true,1.1282964473,781.0582461958,-0.0000687794,0.0001064881,400000,20260824,192,0.0348734322,0.0021207938,parity_forward
daily,SPY,2026-08-19,1530,svi,ok,,1M,0.0833333333,false,false,771.4845329926,771.4478860377,-0.0000475019,0.0000763596,-0.6220811664,32768,20260824,104,3.0000000000,true,0.8436750853,771.4719359622,-0.0000163283,0.0000286228,400000,20260824,192,0.0265423668,0.0009335260,parity_forward
daily,SPY,2026-08-19,1530,svi,ok,,3M,0.2500000000,false,false,776.1942413563,776.0694475444,-0.0001607765,0.0001905669,-0.8436750853,32768,20260824,104,3.0000000000,true,0.8436750853,776.1737291166,-0.0000264267,0.0000563124,400000,20260824,192,0.0331921606,0.0013048148,parity_forward
daily,SPY,2026-08-19,1530,svi,ok,,6M,0.5000000000,false,false,783.4189351774,783.5910586809,0.0002197081,0.0002773696,0.7921131109,32768,20260824,104,3.0000000000,true,0.8436750853,783.3712599006,-0.0000608554,0.0000808747,400000,20260824,192,0.0351256634,0.0019452763,parity_forward
daily,SPY,2026-08-19,1530,ssvi,ok,,1M,0.0833333333,false,false,771.4845329926,771.4497638742,-0.0000450678,0.0001117499,-0.4032916389,32768,20260824,104,3.0000000000,true,1.2972083339,771.4617781899,-0.0000294948,0.0000338917,400000,20260824,192,0.0265423668,0.0009335260,parity_forward
daily,SPY,2026-08-19,1530,ssvi,ok,,3M,0.2500000000,false,false,776.1942413563,775.9818767875,-0.0002735972,0.0002109123,-1.2972083339,32768,20260824,104,3.0000000000,true,1.2972083339,776.1769172527,-0.0000223193,0.0000610781,400000,20260824,192,0.0331921606,0.0013048148,parity_forward
daily,SPY,2026-08-19,1530,ssvi,ok,,6M,0.5000000000,false,false,783.4189351774,783.5668653027,0.0001888263,0.0002916667,0.6474044690,32768,20260824,104,3.0000000000,true,1.2972083339,783.3847297310,-0.0000436618,0.0000848622,400000,20260824,192,0.0351256634,0.0019452763,parity_forward
daily,SPY,2026-08-19,1530,essvi,ok,,1M,0.0833333333,false,false,771.4845329926,771.4537207850,-0.0000399389,0.0001216415,-0.3283325172,32768,20260824,104,3.0000000000,true,1.1625696294,771.4577192930,-0.0000347560,0.0000356514,400000,20260824,192,0.0265423668,0.0009335260,parity_forward
daily,SPY,2026-08-19,1530,essvi,ok,,3M,0.2500000000,false,false,776.1942413563,775.9876374314,-0.0002661755,0.0002289545,-1.1625696294,32768,20260824,104,3.0000000000,true,1.1625696294,776.1642526276,-0.0000386356,0.0000653696,400000,20260824,192,0.0331921606,0.0013048148,parity_forward
daily,SPY,2026-08-19,1530,essvi,ok,,6M,0.5000000000,false,false,783.4189351774,783.5625795614,0.0001833558,0.0003097161,0.5920124084,32768,20260824,104,3.0000000000,true,1.1625696294,783.3567972468,-0.0000793164,0.0000890562,400000,20260824,192,0.0351256634,0.0019452763,parity_forward
daily,SPY,2026-08-19,1530,essvi_g05,ok,,1M,0.0833333333,false,false,771.4845329926,771.4336894535,-0.0000659035,0.0001234480,-0.5338566330,32768,20260824,104,3.0000000000,true,1.0376125964,771.4489573260,-0.0000461133,0.0000383126,400000,20260824,192,0.0265423668,0.0009335260,parity_forward
daily,SPY,2026-08-19,1530,essvi_g05,ok,,3M,0.2500000000,false,false,776.1942413563,775.9935549292,-0.0002585518,0.0002491795,-1.0376125964,32768,20260824,104,3.0000000000,true,1.0376125964,776.1548237748,-0.0000507831,0.0000686248,400000,20260824,192,0.0331921606,0.0013048148,parity_forward
daily,SPY,2026-08-19,1530,essvi_g05,ok,,6M,0.5000000000,false,false,783.4189351774,783.5628949271,0.0001837583,0.0003239323,0.5672739356,32768,20260824,104,3.0000000000,true,1.0376125964,783.3596874327,-0.0000756272,0.0000913336,400000,20260824,192,0.0351256634,0.0019452763,parity_forward
daily,SPY,2026-08-19,1530,essvi_gfree,ok,,1M,0.0833333333,false,false,771.4845329926,771.4380026567,-0.0000603127,0.0001154916,-0.5222262918,32768,20260824,104,3.0000000000,true,0.9800986321,771.4506269025,-0.0000439492,0.0000357995,400000,20260824,192,0.0265423668,0.0009335260,parity_forward
daily,SPY,2026-08-19,1530,essvi_gfree,ok,,3M,0.2500000000,false,false,776.1942413563,776.0204007272,-0.0002239654,0.0002285131,-0.9800986321,32768,20260824,104,3.0000000000,true,0.9800986321,776.1601878104,-0.0000438725,0.0000659097,400000,20260824,192,0.0331921606,0.0013048148,parity_forward
daily,SPY,2026-08-19,1530,essvi_gfree,ok,,6M,0.5000000000,false,false,783.4189351774,783.6168319699,0.0002526066,0.0003068664,0.8231810581,32768,20260824,104,3.0000000000,true,0.9800986321,783.3630742034,-0.0000713041,0.0000887949,400000,20260824,192,0.0351256634,0.0019452763,parity_forward
daily,SPY,2026-08-19,1530,essvi_sg05,ok,,1M,0.0833333333,false,false,771.4845329926,771.4161751030,-0.0000886057,0.0001483204,-0.5973934922,32768,20260824,104,3.0000000000,true,1.1808723006,771.4533843500,-0.0000403749,0.0000438209,400000,20260824,192,0.0265423668,0.0009335260,parity_forward
daily,SPY,2026-08-19,1530,essvi_sg05,ok,,3M,0.2500000000,false,false,776.1942413563,775.9387956014,-0.0003291003,0.0002786925,-1.1808723006,32768,20260824,104,3.0000000000,true,1.1808723006,776.1918532770,-0.0000030767,0.0000800990,400000,20260824,192,0.0331921606,0.0013048148,parity_forward
daily,SPY,2026-08-19,1530,essvi_sg05,ok,,6M,0.5000000000,false,false,783.4189351774,783.4785706627,0.0000761221,0.0003629144,0.2097521734,32768,20260824,104,3.0000000000,true,1.1808723006,783.3757709504,-0.0000550972,0.0001041055,400000,20260824,192,0.0351256634,0.0019452763,parity_forward
daily,SPY,2026-08-20,1530,svi,ok,,1M,0.0833333333,false,false,765.1491861653,765.1045140571,-0.0000583835,0.0000872082,-0.6694725394,32768,20260824,104,3.0000000000,true,1.0425346994,765.1345828003,-0.0000190856,0.0000328668,400000,20260824,192,0.0254209535,0.0010187535,parity_forward
daily,SPY,2026-08-20,1530,svi,ok,,3M,0.2500000000,false,false,769.8414321164,769.7541665505,-0.0001133552,0.0001928971,-0.5876461969,32768,20260824,104,3.0000000000,true,1.0425346994,769.8255470133,-0.0000206343,0.0000600316,400000,20260824,192,0.0329285788,0.0013703961,parity_forward
daily,SPY,2026-08-20,1530,svi,ok,,6M,0.5000000000,false,false,777.0364081285,777.2657550203,0.0002951559,0.0002831138,1.0425346994,32768,20260824,104,3.0000000000,true,1.0425346994,776.9854408345,-0.0000655919,0.0000846585,400000,20260824,192,0.0350695799,0.0019733730,parity_forward
daily,SPY,2026-08-20,1530,ssvi,ok,,1M,0.0833333333,false,false,765.1491861653,765.1232483345,-0.0000338991,0.0001229192,-0.2757833115,32768,20260824,104,3.0000000000,true,1.1541237379,765.1203425599,-0.0000376967,0.0000366735,400000,20260824,192,0.0254209535,0.0010187535,parity_forward
daily,SPY,2026-08-20,1530,ssvi,ok,,3M,0.2500000000,false,false,769.8414321164,769.6465145078,-0.0002531919,0.0002193802,-1.1541237379,32768,20260824,104,3.0000000000,true,1.1541237379,769.8092477120,-0.0000418065,0.0000637174,400000,20260824,192,0.0329285788,0.0013703961,parity_forward
daily,SPY,2026-08-20,1530,ssvi,ok,,6M,0.5000000000,false,false,777.0364081285,777.2044154340,0.0002162155,0.0003003126,0.7199680648,32768,20260824,104,3.0000000000,true,1.1541237379,776.9715237521,-0.0000835024,0.0000874817,400000,20260824,192,0.0350695799,0.0019733730,parity_forward
daily,SPY,2026-08-20,1530,essvi,ok,,1M,0.0833333333,false,false,765.1491861653,765.1357853401,-0.0000175140,0.0001325945,-0.1320869921,32768,20260824,104,3.0000000000,true,1.0725897784,765.1166421868,-0.0000425329,0.0000400507,400000,20260824,192,0.0254209535,0.0010187535,parity_forward
daily,SPY,2026-08-20,1530,essvi,ok,,3M,0.2500000000,false,false,769.8414321164,769.6505634475,-0.0002479324,0.0002311531,-1.0725897784,32768,20260824,104,3.0000000000,true,1.0725897784,769.8045128106,-0.0000479570,0.0000691613,400000,20260824,192,0.0329285788,0.0013703961,parity_forward
daily,SPY,2026-08-20,1530,essvi,ok,,6M,0.5000000000,false,false,777.0364081285,777.2227149799,0.0002397659,0.0003171764,0.7559387306,32768,20260824,104,3.0000000000,true,1.0725897784,776.9460043738,-0.0001163443,0.0000921452,400000,20260824,192,0.0350695799,0.0019733730,parity_forward
daily,SPY,2026-08-20,1530,essvi_g05,ok,,1M,0.0833333333,false,false,765.1491861653,765.0738309579,-0.0000984843,0.0001407552,-0.6996851176,32768,20260824,104,3.0000000000,true,1.1449893026,765.1155201665,-0.0000439993,0.0000447515,400000,20260824,192,0.0254209535,0.0010187535,parity_forward
daily,SPY,2026-08-20,1530,essvi_g05,ok,,3M,0.2500000000,false,false,769.8414321164,769.6357925573,-0.0002671194,0.0002332942,-1.1449893026,32768,20260824,104,3.0000000000,true,1.1449893026,769.7935408840,-0.0000622092,0.0000737779,400000,20260824,192,0.0329285788,0.0013703961,parity_forward
daily,SPY,2026-08-20,1530,essvi_g05,ok,,6M,0.5000000000,false,false,777.0364081285,777.2087547514,0.0002217999,0.0003181717,0.6971075887,32768,20260824,104,3.0000000000,true,1.1449893026,776.9436468805,-0.0001193783,0.0000954390,400000,20260824,192,0.0350695799,0.0019733730,parity_forward
daily,SPY,2026-08-20,1530,essvi_gfree,ok,,1M,0.0833333333,false,false,765.1491861653,765.1017392866,-0.0000620100,0.0001394204,-0.4447696465,32768,20260824,104,3.0000000000,true,1.2552401716,765.1063946897,-0.0000559257,0.0000412254,400000,20260824,192,0.0254209535,0.0010187535,parity_forward
daily,SPY,2026-08-20,1530,essvi_gfree,ok,,3M,0.2500000000,false,false,769.8414321164,769.6105184092,-0.0002999497,0.0002389580,-1.2552401716,32768,20260824,104,3.0000000000,true,1.2552401716,769.7920152559,-0.0000641910,0.0000707093,400000,20260824,192,0.0329285788,0.0013703961,parity_forward
daily,SPY,2026-08-20,1530,essvi_gfree,ok,,6M,0.5000000000,false,false,777.0364081285,777.1850820053,0.0001913345,0.0003200042,0.5979124335,32768,20260824,104,3.0000000000,true,1.2552401716,776.9306487009,-0.0001361061,0.0000925888,400000,20260824,192,0.0350695799,0.0019733730,parity_forward
daily,SPY,2026-08-20,1530,essvi_sg05,ok,,1M,0.0833333333,false,false,765.1491861653,764.9864003399,-0.0002127504,0.0001629686,-1.3054689686,32768,20260824,104,3.0000000000,true,1.5328970232,765.1405343179,-0.0000113074,0.0000447350,400000,20260824,192,0.0254209535,0.0010187535,parity_forward
daily,SPY,2026-08-20,1530,essvi_sg05,ok,,3M,0.2500000000,false,false,769.8414321164,769.5050570860,-0.0004369407,0.0002850424,-1.5328970232,32768,20260824,104,3.0000000000,true,1.5328970232,769.8348705351,-0.0000085233,0.0000808423,400000,20260824,192,0.0329285788,0.0013703961,parity_forward
daily,SPY,2026-08-20,1530,essvi_sg05,ok,,6M,0.5000000000,false,false,777.0364081285,777.0576878499,0.0000273857,0.0003764150,0.0727541272,32768,20260824,104,3.0000000000,true,1.5328970232,776.9611387358,-0.0000968673,0.0001047637,400000,20260824,192,0.0350695799,0.0019733730,parity_forward
daily,SPY,2026-08-21,1530,svi,ok,,1M,0.0833333333,false,false,767.2219474748,767.1696100828,-0.0000682168,0.0001041089,-0.6552443559,32768,20260824,104,3.0000000000,true,0.7986439536,767.2041140877,-0.0000232441,0.0000276769,400000,20260824,192,0.0186575632,0.0016080622,parity_forward
daily,SPY,2026-08-21,1530,svi,ok,,3M,0.2500000000,false,false,772.1508819672,772.0251447384,-0.0001628402,0.0002038959,-0.7986439536,32768,20260824,104,3.0000000000,true,0.7986439536,772.1370812386,-0.0000178731,0.0000538923,400000,20260824,192,0.0318345617,0.0016679065,parity_forward
daily,SPY,2026-08-21,1530,svi,ok,,6M,0.5000000000,false,false,779.3362359474,779.4955501889,0.0002044230,0.0002843868,0.7188202232,32768,20260824,104,3.0000000000,true,0.7986439536,779.2852694674,-0.0000653973,0.0000788434,400000,20260824,192,0.0344424888,0.0022875866,parity_forward
daily,SPY,2026-08-21,1530,ssvi,ok,,1M,0.0833333333,false,false,767.2219474748,767.1801731427,-0.0000544488,0.0001269513,-0.4288954553,32768,20260824,104,3.0000000000,true,1.5356387281,767.1978215977,-0.0000314458,0.0000339251,400000,20260824,192,0.0186575632,0.0016080622,parity_forward
daily,SPY,2026-08-21,1530,ssvi,ok,,3M,0.2500000000,false,false,772.1508819672,771.8877966615,-0.0003407175,0.0002218735,-1.5356387281,32768,20260824,104,3.0000000000,true,1.5356387281,772.1229515349,-0.0000361722,0.0000609041,400000,20260824,192,0.0318345617,0.0016679065,parity_forward
daily,SPY,2026-08-21,1530,ssvi,ok,,6M,0.5000000000,false,false,779.3362359474,779.4318163938,0.0001226434,0.0002972452,0.4126000511,32768,20260824,104,3.0000000000,true,1.5356387281,779.2733597837,-0.0000806791,0.0000842570,400000,20260824,192,0.0344424888,0.0022875866,parity_forward
daily,SPY,2026-08-21,1530,essvi,ok,,1M,0.0833333333,false,false,767.2219474748,767.1689807069,-0.0000690371,0.0001259789,-0.5480050054,32768,20260824,104,3.0000000000,true,1.9125974479,767.1990176945,-0.0000298868,0.0000361633,400000,20260824,192,0.0186575632,0.0016080622,parity_forward
daily,SPY,2026-08-21,1530,essvi,ok,,3M,0.2500000000,false,false,772.1508819672,771.7975922344,-0.0004575398,0.0002392243,-1.9125974479,32768,20260824,104,3.0000000000,true,1.9125974479,772.1361805154,-0.0000190396,0.0000656078,400000,20260824,192,0.0318345617,0.0016679065,parity_forward
daily,SPY,2026-08-21,1530,essvi,ok,,6M,0.5000000000,false,false,779.3362359474,779.2489492417,-0.0001120013,0.0003131025,-0.3577146750,32768,20260824,104,3.0000000000,true,1.9125974479,779.2689571427,-0.0000863283,0.0000886075,400000,20260824,192,0.0344424888,0.0022875866,parity_forward
daily,SPY,2026-08-21,1530,essvi_g05,ok,,1M,0.0833333333,false,false,767.2219474748,767.1693362327,-0.0000685737,0.0001309434,-0.5236895044,32768,20260824,104,3.0000000000,true,1.6880644231,767.1988333824,-0.0000301270,0.0000378924,400000,20260824,192,0.0186575632,0.0016080622,parity_forward
daily,SPY,2026-08-21,1530,essvi_g05,ok,,3M,0.2500000000,false,false,772.1508819672,771.8191676177,-0.0004295978,0.0002544914,-1.6880644231,32768,20260824,104,3.0000000000,true,1.6880644231,772.1390294089,-0.0000153501,0.0000684937,400000,20260824,192,0.0318345617,0.0016679065,parity_forward
daily,SPY,2026-08-21,1530,essvi_g05,ok,,6M,0.5000000000,false,false,779.3362359474,779.3187464140,-0.0000224416,0.0003229109,-0.0694977437,32768,20260824,104,3.0000000000,true,1.6880644231,779.2756333799,-0.0000777618,0.0000909159,400000,20260824,192,0.0344424888,0.0022875866,parity_forward
daily,SPY,2026-08-21,1530,essvi_gfree,ok,,1M,0.0833333333,false,false,767.2219474748,767.1829394816,-0.0000508432,0.0001284260,-0.3958945599,32768,20260824,104,3.0000000000,true,1.8451591034,767.1892139030,-0.0000426651,0.0000367126,400000,20260824,192,0.0186575632,0.0016080622,parity_forward
daily,SPY,2026-08-21,1530,essvi_gfree,ok,,3M,0.2500000000,false,false,772.1508819672,771.8033292017,-0.0004501099,0.0002439410,-1.8451591034,32768,20260824,104,3.0000000000,true,1.8451591034,772.1194055113,-0.0000407646,0.0000665297,400000,20260824,192,0.0318345617,0.0016679065,parity_forward
daily,SPY,2026-08-21,1530,essvi_gfree,ok,,6M,0.5000000000,false,false,779.3362359474,779.3117124484,-0.0000314672,0.0003121922,-0.1007942097,32768,20260824,104,3.0000000000,true,1.8451591034,779.2538679911,-0.0001056899,0.0000885123,400000,20260824,192,0.0344424888,0.0022875866,parity_forward
daily,SPY,2026-08-21,1530,essvi_sg05,ok,,1M,0.0833333333,false,false,767.2219474748,767.1387716935,-0.0001084116,0.0001559054,-0.6953678480,32768,20260824,104,3.0000000000,true,1.6286323735,767.1833460681,-0.0000503132,0.0000413591,400000,20260824,192,0.0186575632,0.0016080622,parity_forward
daily,SPY,2026-08-21,1530,essvi_sg05,ok,,3M,0.2500000000,false,false,772.1508819672,771.7907746300,-0.0004663691,0.0002863563,-1.6286323735,32768,20260824,104,3.0000000000,true,1.6286323735,772.0964303433,-0.0000705194,0.0000801615,400000,20260824,192,0.0318345617,0.0016679065,parity_forward
daily,SPY,2026-08-21,1530,essvi_sg05,ok,,6M,0.5000000000,false,false,779.3362359474,779.2080501171,-0.0001644808,0.0003605914,-0.4561417020,32768,20260824,104,3.0000000000,true,1.6286323735,779.2359055349,-0.0001287383,0.0001024710,400000,20260824,192,0.0344424888,0.0022875866,parity_forward
daily,SPY,2026-08-24,1538,svi,ok,,1M,0.0833333333,false,false,765.2253904570,765.1919235515,-0.0000437347,0.0000916220,-0.4773382937,32768,20260824,104,3.0000000000,true,0.8934708872,765.2178812120,-0.0000098131,0.0000294458,400000,20260824,192,0.0176609739,0.0016912483,parity_forward
daily,SPY,2026-08-24,1538,svi,ok,,3M,0.2500000000,false,false,770.4006258806,770.2671853213,-0.0001732093,0.0001938612,-0.8934708872,32768,20260824,104,3.0000000000,true,0.8934708872,770.3863663098,-0.0000185093,0.0000563200,400000,20260824,192,0.0328480090,0.0014389491,parity_forward
daily,SPY,2026-08-24,1538,svi,ok,,6M,0.5000000000,false,false,777.6579391921,777.7718265179,0.0001464491,0.0002784314,0.5259791459,32768,20260824,104,3.0000000000,true,0.8934708872,777.6208938450,-0.0000476371,0.0000808376,400000,20260824,192,0.0351761800,0.0019699102,parity_forward
daily,SPY,2026-08-24,1538,ssvi,ok,,1M,0.0833333333,false,false,765.2253904570,765.1782119570,-0.0000616531,0.0001238801,-0.4976832643,32768,20260824,104,3.0000000000,true,1.2643944837,765.2199913375,-0.0000070556,0.0000351105,400000,20260824,192,0.0176609739,0.0016912483,parity_forward
daily,SPY,2026-08-24,1538,ssvi,ok,,3M,0.2500000000,false,false,770.4006258806,770.1858025303,-0.0002788463,0.0002205374,-1.2643944837,32768,20260824,104,3.0000000000,true,1.2643944837,770.3966404089,-0.0000051732,0.0000617812,400000,20260824,192,0.0328480090,0.0014389491,parity_forward
daily,SPY,2026-08-24,1538,ssvi,ok,,6M,0.5000000000,false,false,777.6579391921,777.8550710780,0.0002534943,0.0002993614,0.8467835782,32768,20260824,104,3.0000000000,true,1.2643944837,777.6305493432,-0.0000352209,0.0000854049,400000,20260824,192,0.0351761800,0.0019699102,parity_forward
daily,SPY,2026-08-24,1538,essvi,ok,,1M,0.0833333333,false,false,765.2253904570,765.1665493133,-0.0000768939,0.0001347707,-0.5705534636,32768,20260824,104,3.0000000000,true,1.8508698132,765.2106434182,-0.0000192715,0.0000382399,400000,20260824,192,0.0176609739,0.0016912483,parity_forward
daily,SPY,2026-08-24,1538,essvi,ok,,3M,0.2500000000,false,false,770.4006258806,770.0493956606,-0.0004559059,0.0002463198,-1.8508698132,32768,20260824,104,3.0000000000,true,1.8508698132,770.3876154769,-0.0000168878,0.0000663341,400000,20260824,192,0.0328480090,0.0014389491,parity_forward
daily,SPY,2026-08-24,1538,essvi,ok,,6M,0.5000000000,false,false,777.6579391921,777.6630906303,0.0000066243,0.0003303640,0.0200515150,32768,20260824,104,3.0000000000,true,1.8508698132,777.6305602192,-0.0000352070,0.0000897791,400000,20260824,192,0.0351761800,0.0019699102,parity_forward
daily,SPY,2026-08-24,1538,essvi_g05,ok,,1M,0.0833333333,false,false,765.2253904570,765.1821220777,-0.0000565433,0.0001388930,-0.4070996953,32768,20260824,104,3.0000000000,true,1.9407410064,765.2083785994,-0.0000222312,0.0000396075,400000,20260824,192,0.0176609739,0.0016912483,parity_forward
daily,SPY,2026-08-24,1538,essvi_g05,ok,,3M,0.2500000000,false,false,770.4006258806,770.0139824955,-0.0005018731,0.0002585987,-1.9407410064,32768,20260824,104,3.0000000000,true,1.9407410064,770.3826350963,-0.0000233525,0.0000699243,400000,20260824,192,0.0328480090,0.0014389491,parity_forward
daily,SPY,2026-08-24,1538,essvi_g05,ok,,6M,0.5000000000,false,false,777.6579391921,777.6729096603,0.0000192507,0.0003381809,0.0569243007,32768,20260824,104,3.0000000000,true,1.9407410064,777.6146555685,-0.0000556589,0.0000925561,400000,20260824,192,0.0351761800,0.0019699102,parity_forward
daily,SPY,2026-08-24,1538,essvi_gfree,ok,,1M,0.0833333333,false,false,765.2253904570,765.1621008070,-0.0000827072,0.0001356901,-0.6095302751,32768,20260824,104,3.0000000000,true,2.2079505452,765.2187132291,-0.0000087258,0.0000404553,400000,20260824,192,0.0176609739,0.0016912483,parity_forward
daily,SPY,2026-08-24,1538,essvi_gfree,ok,,3M,0.2500000000,false,false,770.4006258806,769.9663789711,-0.0005636638,0.0002552882,-2.2079505452,32768,20260824,104,3.0000000000,true,2.2079505452,770.3917342336,-0.0000115416,0.0000687120,400000,20260824,192,0.0328480090,0.0014389491,parity_forward
daily,SPY,2026-08-24,1538,essvi_gfree,ok,,6M,0.5000000000,false,false,777.6579391921,777.6182632448,-0.0000510198,0.0003327658,-0.1533204194,32768,20260824,104,3.0000000000,true,2.2079505452,777.6179560475,-0.0000514148,0.0000907890,400000,20260824,192,0.0351761800,0.0019699102,parity_forward
daily,SPY,2026-08-24,1538,essvi_sg05,ok,,1M,0.0833333333,false,false,765.2253904570,765.1846603808,-0.0000532262,0.0001601834,-0.3322831958,32768,20260824,104,3.0000000000,true,1.4162015546,765.1841085941,-0.0000539473,0.0000440261,400000,20260824,192,0.0176609739,0.0016912483,parity_forward
daily,SPY,2026-08-24,1538,essvi_sg05,ok,,3M,0.2500000000,false,false,770.4006258806,770.1085743800,-0.0003790904,0.0002676811,-1.4162015546,32768,20260824,104,3.0000000000,true,1.4162015546,770.3840714973,-0.0000214880,0.0000729034,400000,20260824,192,0.0328480090,0.0014389491,parity_forward
daily,SPY,2026-08-24,1538,essvi_sg05,ok,,6M,0.5000000000,false,false,777.6579391921,777.7136518494,0.0000716416,0.0003331786,0.2150246039,32768,20260824,104,3.0000000000,true,1.4162015546,777.6128083537,-0.0000580343,0.0000926002,400000,20260824,192,0.0351761800,0.0019699102,parity_forward
daily,SPY,2026-08-25,1530,svi,ok,,1M,0.0833333333,false,false,766.0860988180,766.0505033602,-0.0000464640,0.0000766002,-0.6065789601,32768,20260824,104,3.0000000000,true,0.9536452039,766.0695176249,-0.0000216440,0.0000293325,400000,20260824,192,0.0145152202,0.0019455495,parity_forward
daily,SPY,2026-08-25,1530,svi,ok,,3M,0.2500000000,false,false,771.4493943010,771.3740337879,-0.0000976869,0.0001788089,-0.5463201889,32768,20260824,104,3.0000000000,true,0.9536452039,771.4346892181,-0.0000190616,0.0000551185,400000,20260824,192,0.0327444538,0.0014404823,parity_forward
daily,SPY,2026-08-25,1530,svi,ok,,6M,0.5000000000,false,false,778.6790881091,778.8769441937,0.0002540919,0.0002664428,0.9536452039,32768,20260824,104,3.0000000000,true,0.9536452039,778.6292459067,-0.0000640087,0.0000797287,400000,20260824,192,0.0350280901,0.0020924487,parity_forward
daily,SPY,2026-08-25,1530,ssvi,ok,,1M,0.0833333333,false,false,766.0860988180,766.0580548627,-0.0000366068,0.0001045307,-0.3502014313,32768,20260824,104,3.0000000000,true,1.3080534671,766.0843231981,-0.0000023178,0.0000346042,400000,20260824,192,0.0145152202,0.0019455495,parity_forward
daily,SPY,2026-08-25,1530,ssvi,ok,,3M,0.2500000000,false,false,771.4493943010,771.2422866863,-0.0002684656,0.0002052405,-1.3080534671,32768,20260824,104,3.0000000000,true,1.3080534671,771.4471720918,-0.0000028806,0.0000607984,400000,20260824,192,0.0327444538,0.0014404823,parity_forward
daily,SPY,2026-08-25,1530,ssvi,ok,,6M,0.5000000000,false,false,778.6790881091,778.8647380525,0.0002384165,0.0002860404,0.8335064114,32768,20260824,104,3.0000000000,true,1.3080534671,778.6624517840,-0.0000213648,0.0000841230,400000,20260824,192,0.0350280901,0.0020924487,parity_forward
daily,SPY,2026-08-25,1530,essvi,ok,,1M,0.0833333333,false,false,766.0860988180,766.0314813763,-0.0000712941,0.0001222419,-0.5832215270,32768,20260824,104,3.0000000000,true,1.8395970307,766.0812804957,-0.0000062895,0.0000374442,400000,20260824,192,0.0145152202,0.0019455495,parity_forward
daily,SPY,2026-08-25,1530,essvi,ok,,3M,0.2500000000,false,false,771.4493943010,771.1221415190,-0.0004242051,0.0002305968,-1.8395970307,32768,20260824,104,3.0000000000,true,1.8395970307,771.4497218218,0.0000004246,0.0000641566,400000,20260824,192,0.0327444538,0.0014404823,parity_forward
daily,SPY,2026-08-25,1530,essvi,ok,,6M,0.5000000000,false,false,778.6790881091,778.7102303197,0.0000399936,0.0003123834,0.1280274349,32768,20260824,104,3.0000000000,true,1.8395970307,778.6932784866,0.0000182237,0.0000887377,400000,20260824,192,0.0350280901,0.0020924487,parity_forward
daily,SPY,2026-08-25,1530,essvi_g05,ok,,1M,0.0833333333,false,false,766.0860988180,766.0474950980,-0.0000503908,0.0001417829,-0.3554085196,32768,20260824,104,3.0000000000,true,1.7471450122,766.0761654016,-0.0000129664,0.0000404197,400000,20260824,192,0.0145152202,0.0019455495,parity_forward
daily,SPY,2026-08-25,1530,essvi_g05,ok,,3M,0.2500000000,false,false,771.4493943010,771.1091158795,-0.0004410898,0.0002524632,-1.7471450122,32768,20260824,104,3.0000000000,true,1.7471450122,771.4523412132,0.0000038200,0.0000669142,400000,20260824,192,0.0327444538,0.0014404823,parity_forward
daily,SPY,2026-08-25,1530,essvi_g05,ok,,6M,0.5000000000,false,false,778.6790881091,778.6970164644,0.0000230241,0.0003323726,0.0692718425,32768,20260824,104,3.0000000000,true,1.7471450122,778.6758750919,-0.0000041262,0.0000920874,400000,20260824,192,0.0350280901,0.0020924487,parity_forward
daily,SPY,2026-08-25,1530,essvi_gfree,ok,,1M,0.0833333333,false,false,766.0860988180,766.0655545618,-0.0000268172,0.0001358960,-0.1973359708,32768,20260824,104,3.0000000000,true,1.8181431732,766.0699884710,-0.0000210294,0.0000380350,400000,20260824,192,0.0145152202,0.0019455495,parity_forward
daily,SPY,2026-08-25,1530,essvi_gfree,ok,,3M,0.2500000000,false,false,771.4493943010,771.1126993450,-0.0004364446,0.0002400497,-1.8181431732,32768,20260824,104,3.0000000000,true,1.8181431732,771.4407641321,-0.0000111870,0.0000642842,400000,20260824,192,0.0327444538,0.0014404823,parity_forward
daily,SPY,2026-08-25,1530,essvi_gfree,ok,,6M,0.5000000000,false,false,778.6790881091,778.6945732201,0.0000198864,0.0003287524,0.0604904610,32768,20260824,104,3.0000000000,true,1.8181431732,778.6830099411,0.0000050365,0.0000914845,400000,20260824,192,0.0350280901,0.0020924487,parity_forward
daily,SPY,2026-08-25,1530,essvi_sg05,ok,,1M,0.0833333333,false,false,766.0860988180,766.0396581922,-0.0000606206,0.0001370630,-0.4422828591,32768,20260824,104,3.0000000000,true,1.3190297566,766.0992770228,0.0000172020,0.0000438559,400000,20260824,192,0.0145152202,0.0019455495,parity_forward
daily,SPY,2026-08-25,1530,essvi_sg05,ok,,3M,0.2500000000,false,false,771.4493943010,771.1983776637,-0.0003253832,0.0002466837,-1.3190297566,32768,20260824,104,3.0000000000,true,1.3190297566,771.4733487934,0.0000310513,0.0000700513,400000,20260824,192,0.0327444538,0.0014404823,parity_forward
daily,SPY,2026-08-25,1530,essvi_sg05,ok,,6M,0.5000000000,false,false,778.6790881091,778.8104345352,0.0001686785,0.0003471313,0.4859213639,32768,20260824,104,3.0000000000,true,1.3190297566,778.7164262515,0.0000479506,0.0001008113,400000,20260824,192,0.0350280901,0.0020924487,parity_forward
daily,SPY,2026-08-26,1530,svi,ok,,1M,0.0833333333,false,false,767.7078075109,767.6993005925,-0.0000110809,0.0000858599,-0.1290583718,32768,20260824,104,3.0000000000,true,1.1701378294,767.6953957735,-0.0000161673,0.0000287022,400000,20260824,192,0.0126334442,0.0021026816,parity_forward
daily,SPY,2026-08-26,1530,svi,ok,,3M,0.2500000000,false,false,773.1170277496,773.0837812901,-0.0000430031,0.0001783968,-0.2410532995,32768,20260824,104,3.0000000000,true,1.1701378294,773.0992179864,-0.0000230363,0.0000543250,400000,20260824,192,0.0322960664,0.0015283510,parity_forward
daily,SPY,2026-08-26,1530,svi,ok,,6M,0.5000000000,false,false,780.1203006301,780.3630296115,0.0003111430,0.0002659029,1.1701378294,32768,20260824,104,3.0000000000,true,1.1701378294,780.0589732583,-0.0000786127,0.0000781720,400000,20260824,192,0.0341834492,0.0024665766,parity_forward
daily,SPY,2026-08-26,1530,ssvi,ok,,1M,0.0833333333,false,false,767.7078075109,767.7212204936,0.0000174715,0.0001085210,0.1609962525,32768,20260824,104,3.0000000000,true,1.0137050699,767.6936598264,-0.0000184285,0.0000337433,400000,20260824,192,0.0126334442,0.0021026816,parity_forward
daily,SPY,2026-08-26,1530,ssvi,ok,,3M,0.2500000000,false,false,773.1170277496,772.9660521021,-0.0001952818,0.0002025071,-0.9643203834,32768,20260824,104,3.0000000000,true,1.0137050699,773.1038427768,-0.0000170543,0.0000594812,400000,20260824,192,0.0322960664,0.0015283510,parity_forward
daily,SPY,2026-08-26,1530,ssvi,ok,,6M,0.5000000000,false,false,780.1203006301,780.3421310617,0.0002843541,0.0002805097,1.0137050699,32768,20260824,104,3.0000000000,true,1.0137050699,780.0922342498,-0.0000359770,0.0000822870,400000,20260824,192,0.0341834492,0.0024665766,parity_forward
daily,SPY,2026-08-26,1530,essvi,ok,,1M,0.0833333333,false,false,767.7078075109,767.7032853508,-0.0000058905,0.0001283538,-0.0458924457,32768,20260824,104,3.0000000000,true,0.9310266336,767.6830624132,-0.0000322324,0.0000371156,400000,20260824,192,0.0126334442,0.0021026816,parity_forward
daily,SPY,2026-08-26,1530,essvi,ok,,3M,0.2500000000,false,false,773.1170277496,772.9609736805,-0.0002018505,0.0002168042,-0.9310266336,32768,20260824,104,3.0000000000,true,0.9310266336,773.0722185429,-0.0000579592,0.0000632900,400000,20260824,192,0.0322960664,0.0015283510,parity_forward
daily,SPY,2026-08-26,1530,essvi,ok,,6M,0.5000000000,false,false,780.1203006301,780.2862991685,0.0002127858,0.0003007076,0.7076171293,32768,20260824,104,3.0000000000,true,0.9310266336,780.1026637111,-0.0000226079,0.0000869165,400000,20260824,192,0.0341834492,0.0024665766,parity_forward
daily,SPY,2026-08-26,1530,essvi_g05,ok,,1M,0.0833333333,false,false,767.7078075109,767.7099298862,0.0000027646,0.0001262621,0.0218954112,32768,20260824,104,3.0000000000,true,0.9213955539,767.6692495351,-0.0000502248,0.0000413943,400000,20260824,192,0.0126334442,0.0021026816,parity_forward
daily,SPY,2026-08-26,1530,essvi_g05,ok,,3M,0.2500000000,false,false,773.1170277496,772.9655283793,-0.0001959592,0.0002126765,-0.9213955539,32768,20260824,104,3.0000000000,true,0.9213955539,773.0513545175,-0.0000849460,0.0000671939,400000,20260824,192,0.0322960664,0.0015283510,parity_forward
daily,SPY,2026-08-26,1530,essvi_g05,ok,,6M,0.5000000000,false,false,780.1203006301,780.3014987585,0.0002322695,0.0003024318,0.7680061183,32768,20260824,104,3.0000000000,true,0.9213955539,780.0779666920,-0.0000542659,0.0000909463,400000,20260824,192,0.0341834492,0.0024665766,parity_forward
daily,SPY,2026-08-26,1530,essvi_gfree,ok,,1M,0.0833333333,false,false,767.7078075109,767.7251646763,0.0000226091,0.0001263306,0.1789675832,32768,20260824,104,3.0000000000,true,1.0328537467,767.6689514171,-0.0000506131,0.0000380364,400000,20260824,192,0.0126334442,0.0021026816,parity_forward
daily,SPY,2026-08-26,1530,essvi_gfree,ok,,3M,0.2500000000,false,false,773.1170277496,772.9446344957,-0.0002229847,0.0002158918,-1.0328537467,32768,20260824,104,3.0000000000,true,1.0328537467,773.0528639398,-0.0000829937,0.0000638465,400000,20260824,192,0.0322960664,0.0015283510,parity_forward
daily,SPY,2026-08-26,1530,essvi_gfree,ok,,6M,0.5000000000,false,false,780.1203006301,780.2737084780,0.0001966464,0.0003070552,0.6404269427,32768,20260824,104,3.0000000000,true,1.0328537467,780.0895066797,-0.0000394733,0.0000893143,400000,20260824,192,0.0341834492,0.0024665766,parity_forward
daily,SPY,2026-08-26,1530,essvi_sg05,ok,,1M,0.0833333333,false,false,767.7078075109,767.8831944959,0.0002284554,0.0001260036,1.8130860705,32768,20260824,104,3.0000000000,true,1.8130860705,767.6713153466,-0.0000475339,0.0000368695,400000,20260824,192,0.0126334442,0.0021026816,parity_forward
daily,SPY,2026-08-26,1530,essvi_sg05,ok,,3M,0.2500000000,false,false,773.1170277496,772.8367947007,-0.0003624717,0.0002838687,-1.2768993314,32768,20260824,104,3.0000000000,true,1.8130860705,773.0547467789,-0.0000805583,0.0000772332,400000,20260824,192,0.0322960664,0.0015283510,parity_forward
daily,SPY,2026-08-26,1530,essvi_sg05,ok,,6M,0.5000000000,false,false,780.1203006301,780.1625705500,0.0000541838,0.0003556646,0.1523453626,32768,20260824,104,3.0000000000,true,1.8130860705,780.0756676172,-0.0000572130,0.0000992326,400000,20260824,192,0.0341834492,0.0024665766,parity_forward
daily,SPY,2026-08-27,1530,svi,ok,,1M,0.0833333333,false,false,770.9059184391,770.9168290355,0.0000141530,0.0000840188,0.1684499051,32768,20260824,104,3.0000000000,true,1.5363680714,770.8957206271,-0.0000132283,0.0000267746,400000,20260824,192,0.0108376297,0.0022609840,parity_forward
daily,SPY,2026-08-27,1530,svi,ok,,3M,0.2500000000,false,false,776.3877803022,776.4722351789,0.0001087792,0.0001813774,0.5997397066,32768,20260824,104,3.0000000000,true,1.5363680714,776.3632385830,-0.0000316101,0.0000545183,400000,20260824,192,0.0319556293,0.0015891960,parity_forward
daily,SPY,2026-08-27,1530,svi,ok,,6M,0.5000000000,false,false,783.6750429996,783.9959222082,0.0004094544,0.0002665080,1.5363680714,32768,20260824,104,3.0000000000,true,1.5363680714,783.6135776437,-0.0000784322,0.0000774128,400000,20260824,192,0.0346624870,0.0021773418,parity_forward
daily,SPY,2026-08-27,1530,ssvi,ok,,1M,0.0833333333,false,false,770.9059184391,770.9241549006,0.0000236559,0.0001075661,0.2199195305,32768,20260824,104,3.0000000000,true,0.9603557215,770.8899157494,-0.0000207583,0.0000320379,400000,20260824,192,0.0108376297,0.0022609840,parity_forward
daily,SPY,2026-08-27,1530,ssvi,ok,,3M,0.2500000000,false,false,776.3877803022,776.2435542899,-0.0001857654,0.0002019666,-0.9197828410,32768,20260824,104,3.0000000000,true,0.9603557215,776.3733124206,-0.0000186349,0.0000581199,400000,20260824,192,0.0319556293,0.0015891960,parity_forward
daily,SPY,2026-08-27,1530,ssvi,ok,,6M,0.5000000000,false,false,783.6750429996,783.8857450081,0.0002688640,0.0002799629,0.9603557215,32768,20260824,104,3.0000000000,true,0.9603557215,783.6367895162,-0.0000488129,0.0000813841,400000,20260824,192,0.0346624870,0.0021773418,parity_forward
daily,SPY,2026-08-27,1530,essvi,ok,,1M,0.0833333333,false,false,770.9059184391,770.8950267255,-0.0000141285,0.0001264974,-0.1116897418,32768,20260824,104,3.0000000000,true,1.0201445287,770.8819381303,-0.0000311067,0.0000350852,400000,20260824,192,0.0108376297,0.0022609840,parity_forward
daily,SPY,2026-08-27,1530,essvi,ok,,3M,0.2500000000,false,false,776.3877803022,776.3899546033,0.0000028005,0.0002362124,0.0118560034,32768,20260824,104,3.0000000000,true,1.0201445287,776.3487769533,-0.0000502369,0.0000677797,400000,20260824,192,0.0319556293,0.0015891960,parity_forward
daily,SPY,2026-08-27,1530,essvi,ok,,6M,0.5000000000,false,false,783.6750429996,783.9313502441,0.0003270581,0.0003205997,1.0201445287,32768,20260824,104,3.0000000000,true,1.0201445287,783.6678591128,-0.0000091669,0.0000906675,400000,20260824,192,0.0346624870,0.0021773418,parity_forward
daily,SPY,2026-08-27,1530,essvi_g05,ok,,1M,0.0833333333,false,false,770.9059184391,770.8832766088,-0.0000293704,0.0001366144,-0.2149877682,32768,20260824,104,3.0000000000,true,1.1213642211,770.8703384742,-0.0000461534,0.0000397569,400000,20260824,192,0.0108376297,0.0022609840,parity_forward
daily,SPY,2026-08-27,1530,essvi_g05,ok,,3M,0.2500000000,false,false,776.3877803022,776.5047824428,0.0001507006,0.0002349091,0.6415274026,32768,20260824,104,3.0000000000,true,1.1213642211,776.3213561965,-0.0000855553,0.0000700768,400000,20260824,192,0.0319556293,0.0015891960,parity_forward
daily,SPY,2026-08-27,1530,essvi_g05,ok,,6M,0.5000000000,false,false,783.6750429996,783.9645423708,0.0003694125,0.0003294313,1.1213642211,32768,20260824,104,3.0000000000,true,1.1213642211,783.6364116852,-0.0000492951,0.0000947887,400000,20260824,192,0.0346624870,0.0021773418,parity_forward
daily,SPY,2026-08-27,1530,essvi_gfree,ok,,1M,0.0833333333,false,false,770.9059184391,770.9238892341,0.0000233113,0.0001290044,0.1807013757,32768,20260824,104,3.0000000000,true,0.6763253955,770.8724678713,-0.0000433912,0.0000357798,400000,20260824,192,0.0108376297,0.0022609840,parity_forward
daily,SPY,2026-08-27,1530,essvi_gfree,ok,,3M,0.2500000000,false,false,776.3877803022,776.3181746965,-0.0000896531,0.0002208569,-0.4059332080,32768,20260824,104,3.0000000000,true,0.6763253955,776.3400936747,-0.0000614211,0.0000619227,400000,20260824,192,0.0319556293,0.0015891960,parity_forward
daily,SPY,2026-08-27,1530,essvi_gfree,ok,,6M,0.5000000000,false,false,783.6750429996,783.8437364482,0.0002152594,0.0003182779,0.6763253955,32768,20260824,104,3.0000000000,true,0.6763253955,783.6721720125,-0.0000036635,0.0000889895,400000,20260824,192,0.0346624870,0.0021773418,parity_forward
daily,SPY,2026-08-27,1530,essvi_sg05,ok,,1M,0.0833333333,false,false,770.9059184391,771.0880205602,0.0002362183,0.0001312351,1.7999627925,32768,20260824,104,3.0000000000,true,1.7999627925,770.8681659528,-0.0000489716,0.0000365008,400000,20260824,192,0.0108376297,0.0022609840,parity_forward
daily,SPY,2026-08-27,1530,essvi_sg05,ok,,3M,0.2500000000,false,false,776.3877803022,776.3378697742,-0.0000642856,0.0002544418,-0.2526533285,32768,20260824,104,3.0000000000,true,1.7999627925,776.3549803449,-0.0000422469,0.0000680288,400000,20260824,192,0.0319556293,0.0015891960,parity_forward
daily,SPY,2026-08-27,1530,essvi_sg05,ok,,6M,0.5000000000,false,false,783.6750429996,783.9353469819,0.0003321581,0.0003596481,0.9235641797,32768,20260824,104,3.0000000000,true,1.7999627925,783.6855343679,0.0000133874,0.0000986309,400000,20260824,192,0.0346624870,0.0021773418,parity_forward
daily,SPY,2026-08-31,1530,svi,ok,,1M,0.0833333333,false,false,766.7380368819,766.7239776276,-0.0000183365,0.0000875070,-0.2095425909,32768,20260824,104,3.0000000000,true,1.2095263248,766.7239366654,-0.0000183899,0.0000286036,400000,20260824,192,0.0085802369,0.0024825734,parity_forward
daily,SPY,2026-08-31,1530,svi,ok,,3M,0.2500000000,false,false,772.3456333066,772.1584398493,-0.0002423701,0.0002003843,-1.2095263248,32768,20260824,104,3.0000000000,true,1.2095263248,772.3393119884,-0.0000081846,0.0000565470,400000,20260824,192,0.0320079224,0.0017032651,parity_forward
daily,SPY,2026-08-31,1530,svi,ok,,6M,0.5000000000,false,false,779.9393295297,779.9886155845,0.0000631922,0.0002779081,0.2273850765,32768,20260824,104,3.0000000000,true,1.2095263248,779.8959290465,-0.0000556460,0.0000788642,400000,20260824,192,0.0355719065,0.0021290636,parity_forward
daily,SPY,2026-08-31,1530,ssvi,ok,,1M,0.0833333333,false,false,766.7380368819,766.6932807129,-0.0000583722,0.0001164086,-0.5014420576,32768,20260824,104,3.0000000000,true,1.2041897328,766.7340660009,-0.0000051789,0.0000328064,400000,20260824,192,0.0085802369,0.0024825734,parity_forward
daily,SPY,2026-08-31,1530,ssvi,ok,,3M,0.2500000000,false,false,772.3456333066,772.1498957109,-0.0002534326,0.0002104591,-1.2041897328,32768,20260824,104,3.0000000000,true,1.2041897328,772.3441199651,-0.0000019594,0.0000585961,400000,20260824,192,0.0320079224,0.0017032651,parity_forward
daily,SPY,2026-08-31,1530,ssvi,ok,,6M,0.5000000000,false,false,779.9393295297,780.1876942652,0.0003184411,0.0002890967,1.1015036819,32768,20260824,104,3.0000000000,true,1.2041897328,779.9291215810,-0.0000130881,0.0000823859,400000,20260824,192,0.0355719065,0.0021290636,parity_forward
daily,SPY,2026-08-31,1530,essvi,ok,,1M,0.0833333333,false,false,766.7380368819,766.7082624790,-0.0000388326,0.0001358127,-0.2859273958,32768,20260824,104,3.0000000000,true,1.2300569539,766.7316172204,-0.0000083727,0.0000373192,400000,20260824,192,0.0085802369,0.0024825734,parity_forward
daily,SPY,2026-08-31,1530,essvi,ok,,3M,0.2500000000,false,false,772.3456333066,772.1717008410,-0.0002252003,0.0002376108,-0.9477695853,32768,20260824,104,3.0000000000,true,1.2300569539,772.3327105219,-0.0000167319,0.0000641425,400000,20260824,192,0.0320079224,0.0017032651,parity_forward
daily,SPY,2026-08-31,1530,essvi,ok,,6M,0.5000000000,false,false,779.9393295297,780.2416473343,0.0003876171,0.0003151212,1.2300569539,32768,20260824,104,3.0000000000,true,1.2300569539,779.9757696404,0.0000467217,0.0000876226,400000,20260824,192,0.0355719065,0.0021290636,parity_forward
daily,SPY,2026-08-31,1530,essvi_g05,ok,,1M,0.0833333333,false,false,766.7380368819,766.7075945265,-0.0000397037,0.0001467003,-0.2706452306,32768,20260824,104,3.0000000000,true,1.6125420795,766.7180702239,-0.0000260410,0.0000396332,400000,20260824,192,0.0085802369,0.0024825734,parity_forward
daily,SPY,2026-08-31,1530,essvi_g05,ok,,3M,0.2500000000,false,false,772.3456333066,772.1931634461,-0.0001974114,0.0002461710,-0.8019280509,32768,20260824,104,3.0000000000,true,1.6125420795,772.3351233181,-0.0000136079,0.0000652176,400000,20260824,192,0.0320079224,0.0017032651,parity_forward
daily,SPY,2026-08-31,1530,essvi_g05,ok,,6M,0.5000000000,false,false,779.9393295297,780.3565825139,0.0005349813,0.0003317627,1.6125420795,32768,20260824,104,3.0000000000,true,1.6125420795,779.9584240820,0.0000244821,0.0000915057,400000,20260824,192,0.0355719065,0.0021290636,parity_forward
daily,SPY,2026-08-31,1530,essvi_gfree,ok,,1M,0.0833333333,false,false,766.7380368819,766.7241457682,-0.0000181172,0.0001377649,-0.1315078179,32768,20260824,104,3.0000000000,true,1.4876981576,766.7204831370,-0.0000228941,0.0000377774,400000,20260824,192,0.0085802369,0.0024825734,parity_forward
daily,SPY,2026-08-31,1530,essvi_gfree,ok,,3M,0.2500000000,false,false,772.3456333066,772.2246882091,-0.0001565945,0.0002404295,-0.6513116961,32768,20260824,104,3.0000000000,true,1.4876981576,772.3294208066,-0.0000209912,0.0000644430,400000,20260824,192,0.0320079224,0.0017032651,parity_forward
daily,SPY,2026-08-31,1530,essvi_gfree,ok,,6M,0.5000000000,false,false,779.9393295297,780.3227557584,0.0004916103,0.0003304503,1.4876981576,32768,20260824,104,3.0000000000,true,1.4876981576,779.9893077890,0.0000640797,0.0000913897,400000,20260824,192,0.0355719065,0.0021290636,parity_forward
daily,SPY,2026-08-31,1530,essvi_sg05,ok,,1M,0.0833333333,false,false,766.7380368819,766.7345832277,-0.0000045043,0.0001485064,-0.0303309909,32768,20260824,104,3.0000000000,true,1.5690599993,766.7182381281,-0.0000258221,0.0000439367,400000,20260824,192,0.0085802369,0.0024825734,parity_forward
daily,SPY,2026-08-31,1530,essvi_sg05,ok,,3M,0.2500000000,false,false,772.3456333066,772.3364998601,-0.0000118256,0.0002716182,-0.0435375717,32768,20260824,104,3.0000000000,true,1.5690599993,772.2856951190,-0.0000776054,0.0000786002,400000,20260824,192,0.0320079224,0.0017032651,parity_forward
daily,SPY,2026-08-31,1530,essvi_sg05,ok,,6M,0.5000000000,false,false,779.9393295297,780.3739405035,0.0005572369,0.0003551406,1.5690599993,32768,20260824,104,3.0000000000,true,1.5690599993,779.9262237028,-0.0000168036,0.0001009744,400000,20260824,192,0.0355719065,0.0021290636,parity_forward
daily,SPY,2026-09-01,1530,svi,ok,,1M,0.0833333333,false,false,761.9050454326,761.8585184280,-0.0000610667,0.0000772393,-0.7906163121,32768,20260824,104,3.0000000000,true,1.3120192018,761.8972394017,-0.0000102454,0.0000320785,400000,20260824,192,0.0093756237,0.0024251388,parity_forward
daily,SPY,2026-09-01,1530,svi,ok,,3M,0.2500000000,false,false,767.3938377157,767.1904412009,-0.0002650484,0.0002020156,-1.3120192018,32768,20260824,104,3.0000000000,true,1.3120192018,767.4013730119,0.0000098193,0.0000611668,400000,20260824,192,0.0318380562,0.0017708730,parity_forward
daily,SPY,2026-09-01,1530,svi,ok,,6M,0.5000000000,false,false,774.9300268725,774.9619266440,0.0000411647,0.0002830149,0.1454506927,32768,20260824,104,3.0000000000,true,1.3120192018,774.9001734481,-0.0000385240,0.0000830769,400000,20260824,192,0.0354642074,0.0020388963,parity_forward
daily,SPY,2026-09-01,1530,ssvi,ok,,1M,0.0833333333,false,false,761.9050454326,761.9113550827,0.0000082814,0.0001080741,0.0766271679,32768,20260824,104,3.0000000000,true,1.0542161787,761.9020699685,-0.0000039053,0.0000359830,400000,20260824,192,0.0093756237,0.0024251388,parity_forward
daily,SPY,2026-09-01,1530,ssvi,ok,,3M,0.2500000000,false,false,767.3938377157,767.2356913821,-0.0002060824,0.0002055611,-1.0025359859,32768,20260824,104,3.0000000000,true,1.0542161787,767.3856505677,-0.0000106688,0.0000609189,400000,20260824,192,0.0318380562,0.0017708730,parity_forward
daily,SPY,2026-09-01,1530,ssvi,ok,,6M,0.5000000000,false,false,774.9300268725,775.1637683559,0.0003016291,0.0002861170,1.0542161787,32768,20260824,104,3.0000000000,true,1.0542161787,774.9119095761,-0.0000233793,0.0000841576,400000,20260824,192,0.0354642074,0.0020388963,parity_forward
daily,SPY,2026-09-01,1530,essvi,ok,,1M,0.0833333333,false,false,761.9050454326,761.9316469495,0.0000349145,0.0001406269,0.2482774510,32768,20260824,104,3.0000000000,true,1.0663772381,761.9078813321,0.0000037221,0.0000433977,400000,20260824,192,0.0093756237,0.0024251388,parity_forward
daily,SPY,2026-09-01,1530,essvi,ok,,3M,0.2500000000,false,false,767.3938377157,767.2700464600,-0.0001613139,0.0002482244,-0.6498710204,32768,20260824,104,3.0000000000,true,1.0663772381,767.3921411509,-0.0000022108,0.0000685116,400000,20260824,192,0.0318380562,0.0017708730,parity_forward
daily,SPY,2026-09-01,1530,essvi,ok,,6M,0.5000000000,false,false,774.9300268725,775.1943313188,0.0003410688,0.0003198388,1.0663772381,32768,20260824,104,3.0000000000,true,1.0663772381,774.9706801132,0.0000524605,0.0000912873,400000,20260824,192,0.0354642074,0.0020388963,parity_forward
daily,SPY,2026-09-01,1530,essvi_g05,ok,,1M,0.0833333333,false,false,761.9050454326,761.8760823910,-0.0000380140,0.0001482324,-0.2564484299,32768,20260824,104,3.0000000000,true,0.9562942042,761.9006681487,-0.0000057452,0.0000465748,400000,20260824,192,0.0093756237,0.0024251388,parity_forward
daily,SPY,2026-09-01,1530,essvi_g05,ok,,3M,0.2500000000,false,false,767.3938377157,767.2611355391,-0.0001729258,0.0002482210,-0.6966604255,32768,20260824,104,3.0000000000,true,0.9562942042,767.3803654401,-0.0000175559,0.0000696634,400000,20260824,192,0.0318380562,0.0017708730,parity_forward
daily,SPY,2026-09-01,1530,essvi_g05,ok,,6M,0.5000000000,false,false,774.9300268725,775.1763621979,0.0003178807,0.0003324089,0.9562942042,32768,20260824,104,3.0000000000,true,0.9562942042,774.9438980085,0.0000178999,0.0000952922,400000,20260824,192,0.0354642074,0.0020388963,parity_forward
daily,SPY,2026-09-01,1530,essvi_gfree,ok,,1M,0.0833333333,false,false,761.9050454326,761.9259239146,0.0000274030,0.0001344514,0.2038134003,32768,20260824,104,3.0000000000,true,1.1150989029,761.8916753732,-0.0000175482,0.0000433658,400000,20260824,192,0.0093756237,0.0024251388,parity_forward
daily,SPY,2026-09-01,1530,essvi_gfree,ok,,3M,0.2500000000,false,false,767.3938377157,767.3044816891,-0.0001164409,0.0002494472,-0.4667957158,32768,20260824,104,3.0000000000,true,1.1150989029,767.3714298752,-0.0000291999,0.0000699203,400000,20260824,192,0.0318380562,0.0017708730,parity_forward
daily,SPY,2026-09-01,1530,essvi_gfree,ok,,6M,0.5000000000,false,false,774.9300268725,775.2169501455,0.0003702570,0.0003320396,1.1150989029,32768,20260824,104,3.0000000000,true,1.1150989029,774.9631139568,0.0000426969,0.0000957641,400000,20260824,192,0.0354642074,0.0020388963,parity_forward
daily,SPY,2026-09-01,1530,essvi_sg05,ok,,1M,0.0833333333,false,false,761.9050454326,761.9770830947,0.0000945494,0.0001510793,0.6258262546,32768,20260824,104,3.0000000000,true,1.3436555965,761.9048589707,-0.0000002447,0.0000481014,400000,20260824,192,0.0093756237,0.0024251388,parity_forward
daily,SPY,2026-09-01,1530,essvi_sg05,ok,,3M,0.2500000000,false,false,767.3938377157,767.3577980058,-0.0000469638,0.0002609049,-0.1800033966,32768,20260824,104,3.0000000000,true,1.3436555965,767.4012666356,0.0000096807,0.0000735773,400000,20260824,192,0.0318380562,0.0017708730,parity_forward
daily,SPY,2026-09-01,1530,essvi_sg05,ok,,6M,0.5000000000,false,false,774.9300268725,775.3013876777,0.0004792185,0.0003566528,1.3436555965,32768,20260824,104,3.0000000000,true,1.3436555965,774.9817436646,0.0000667374,0.0001026356,400000,20260824,192,0.0354642074,0.0020388963,parity_forward
daily,SPY,2026-09-02,1530,svi,ok,,1M,0.0833333333,false,false,766.1070146846,766.1200159568,0.0000169706,0.0000952129,0.1782380800,32768,20260824,104,3.0000000000,true,1.0613415435,766.1027131505,-0.0000056148,0.0000299065,400000,20260824,192,0.0107659567,0.0023096868,parity_forward
daily,SPY,2026-09-02,1530,svi,ok,,3M,0.2500000000,false,false,771.5690313113,771.4055228992,-0.0002119168,0.0001996688,-1.0613415435,32768,20260824,104,3.0000000000,true,1.0613415435,771.5792463141,0.0000132393,0.0000565306,400000,20260824,192,0.0320057671,0.0017536724,parity_forward
daily,SPY,2026-09-02,1530,svi,ok,,6M,0.5000000000,false,false,779.1065731164,779.2161118741,0.0001405953,0.0002792855,0.5034109003,32768,20260824,104,3.0000000000,true,1.0613415435,779.0837464523,-0.0000292985,0.0000792580,400000,20260824,192,0.0354462827,0.0020978160,parity_forward
daily,SPY,2026-09-02,1530,ssvi,ok,,1M,0.0833333333,false,false,766.1070146846,766.1343934627,0.0000357375,0.0001111716,0.3214628700,32768,20260824,104,3.0000000000,true,1.0027915679,766.0845445510,-0.0000293303,0.0000334200,400000,20260824,192,0.0107659567,0.0023096868,parity_forward
daily,SPY,2026-09-02,1530,ssvi,ok,,3M,0.2500000000,false,false,771.5690313113,771.4127654223,-0.0002025300,0.0002019662,-1.0027915679,32768,20260824,104,3.0000000000,true,1.0027915679,771.5514844492,-0.0000227418,0.0000582024,400000,20260824,192,0.0320057671,0.0017536724,parity_forward
daily,SPY,2026-09-02,1530,ssvi,ok,,6M,0.5000000000,false,false,779.1065731164,779.2879284867,0.0002327735,0.0002789502,0.8344626730,32768,20260824,104,3.0000000000,true,1.0027915679,779.0712620540,-0.0000453225,0.0000810082,400000,20260824,192,0.0354462827,0.0020978160,parity_forward
daily,SPY,2026-09-02,1530,essvi,ok,,1M,0.0833333333,false,false,766.1070146846,766.2047481179,0.0001275715,0.0001078143,1.1832520391,32768,20260824,104,3.0000000000,true,1.6554056585,766.0836310618,-0.0000305227,0.0000426642,400000,20260824,192,0.0107659567,0.0023096868,parity_forward
daily,SPY,2026-09-02,1530,essvi,ok,,3M,0.2500000000,false,false,771.5690313113,771.5775097001,0.0000109885,0.0002053525,0.0535104298,32768,20260824,104,3.0000000000,true,1.6554056585,771.5558241335,-0.0000171173,0.0000654645,400000,20260824,192,0.0320057671,0.0017536724,parity_forward
daily,SPY,2026-09-02,1530,essvi,ok,,6M,0.5000000000,false,false,779.1065731164,779.4742131335,0.0004718738,0.0002850503,1.6554056585,32768,20260824,104,3.0000000000,true,1.6554056585,779.1053180327,-0.0000016109,0.0000879243,400000,20260824,192,0.0354462827,0.0020978160,parity_forward
daily,SPY,2026-09-02,1530,essvi_g05,ok,,1M,0.0833333333,false,false,766.1070146846,766.0370506434,-0.0000913241,0.0001122533,-0.8135538606,32768,20260824,104,3.0000000000,true,1.0686673804,766.0745285602,-0.0000424042,0.0000456241,400000,20260824,192,0.0107659567,0.0023096868,parity_forward
daily,SPY,2026-09-02,1530,essvi_g05,ok,,3M,0.2500000000,false,false,771.5690313113,771.4475040123,-0.0001575067,0.0002067608,-0.7617823918,32768,20260824,104,3.0000000000,true,1.0686673804,771.5375823028,-0.0000407598,0.0000679496,400000,20260824,192,0.0320057671,0.0017536724,parity_forward
daily,SPY,2026-09-02,1530,essvi_g05,ok,,6M,0.5000000000,false,false,779.1065731164,779.3498661025,0.0003122718,0.0002922067,1.0686673804,32768,20260824,104,3.0000000000,true,1.0686673804,779.0897219757,-0.0000216288,0.0000915576,400000,20260824,192,0.0354462827,0.0020978160,parity_forward
daily,SPY,2026-09-02,1530,essvi_gfree,ok,,1M,0.0833333333,false,false,766.1070146846,766.2153052588,0.0001413518,0.0001055368,1.3393594319,32768,20260824,104,3.0000000000,true,1.3638441174,766.0677754038,-0.0000512191,0.0000437108,400000,20260824,192,0.0107659567,0.0023096868,parity_forward
daily,SPY,2026-09-02,1530,essvi_gfree,ok,,3M,0.2500000000,false,false,771.5690313113,771.6003124431,0.0000405422,0.0002070235,0.1958339452,32768,20260824,104,3.0000000000,true,1.3638441174,771.5472381011,-0.0000282453,0.0000669980,400000,20260824,192,0.0320057671,0.0017536724,parity_forward
daily,SPY,2026-09-02,1530,essvi_gfree,ok,,6M,0.5000000000,false,false,779.1065731164,779.4275139318,0.0004119344,0.0003020392,1.3638441174,32768,20260824,104,3.0000000000,true,1.3638441174,779.1140628628,0.0000096133,0.0000929325,400000,20260824,192,0.0354462827,0.0020978160,parity_forward
daily,SPY,2026-09-02,1530,essvi_sg05,ok,,1M,0.0833333333,false,false,766.1070146846,766.0444139261,-0.0000817128,0.0001605506,-0.5089535694,32768,20260824,104,3.0000000000,true,1.2857082741,766.1018393561,-0.0000067554,0.0000428114,400000,20260824,192,0.0107659567,0.0023096868,parity_forward
daily,SPY,2026-09-02,1530,essvi_sg05,ok,,3M,0.2500000000,false,false,771.5690313113,771.3052060511,-0.0003419334,0.0002659495,-1.2857082741,32768,20260824,104,3.0000000000,true,1.2857082741,771.5716628555,0.0000034106,0.0000720128,400000,20260824,192,0.0320057671,0.0017536724,parity_forward
daily,SPY,2026-09-02,1530,essvi_sg05,ok,,6M,0.5000000000,false,false,779.1065731164,779.1994011649,0.0001191468,0.0003378360,0.3526763949,32768,20260824,104,3.0000000000,true,1.2857082741,779.1229532858,0.0000210243,0.0000941853,400000,20260824,192,0.0354462827,0.0020978160,parity_forward
daily,SPY,2026-09-03,1530,svi,ok,,1M,0.0833333333,false,false,774.0612115239,774.0352040239,-0.0000335988,0.0000825833,-0.4068468559,32768,20260824,104,3.0000000000,true,1.1710596451,774.0407680089,-0.0000264107,0.0000269345,400000,20260824,192,0.0108740119,0.0022843518,parity_forward
daily,SPY,2026-09-03,1530,svi,ok,,3M,0.2500000000,false,false,779.5072671883,779.4949474560,-0.0000158045,0.0001730519,-0.0913281848,32768,20260824,104,3.0000000000,true,1.1710596451,779.5117988246,0.0000058135,0.0000531049,400000,20260824,192,0.0316688955,0.0018393740,parity_forward
daily,SPY,2026-09-03,1530,svi,ok,,6M,0.5000000000,false,false,787.1047509221,787.3403683967,0.0002993470,0.0002556207,1.1710596451,32768,20260824,104,3.0000000000,true,1.1710596451,787.0679183388,-0.0000467950,0.0000765813,400000,20260824,192,0.0352331073,0.0022030148,parity_forward
daily,SPY,2026-09-03,1530,ssvi,ok,,1M,0.0833333333,false,false,774.0612115239,774.0519862268,-0.0000119180,0.0001073321,-0.1110389729,32768,20260824,104,3.0000000000,true,1.1660176839,774.0297205528,-0.0000406828,0.0000321084,400000,20260824,192,0.0108740119,0.0022843518,parity_forward
daily,SPY,2026-09-03,1530,ssvi,ok,,3M,0.2500000000,false,false,779.5072671883,779.3266682896,-0.0002316834,0.0001986963,-1.1660176839,32768,20260824,104,3.0000000000,true,1.1660176839,779.4764089522,-0.0000395868,0.0000570595,400000,20260824,192,0.0316688955,0.0018393740,parity_forward
daily,SPY,2026-09-03,1530,ssvi,ok,,6M,0.5000000000,false,false,787.1047509221,787.2600360930,0.0001972865,0.0002757088,0.7155613448,32768,20260824,104,3.0000000000,true,1.1660176839,787.0453193344,-0.0000755066,0.0000797564,400000,20260824,192,0.0352331073,0.0022030148,parity_forward
daily,SPY,2026-09-03,1530,essvi,ok,,1M,0.0833333333,false,false,774.0612115239,774.0390141732,-0.0000286765,0.0001137654,-0.2520668077,32768,20260824,104,3.0000000000,true,1.2150396853,774.0200796257,-0.0000531378,0.0000365244,400000,20260824,192,0.0108740119,0.0022843518,parity_forward
daily,SPY,2026-09-03,1530,essvi,ok,,3M,0.2500000000,false,false,779.5072671883,779.4350616830,-0.0000926297,0.0002431818,-0.3809071573,32768,20260824,104,3.0000000000,true,1.2150396853,779.4902863256,-0.0000217841,0.0000723517,400000,20260824,192,0.0316688955,0.0018393740,parity_forward
daily,SPY,2026-09-03,1530,essvi,ok,,6M,0.5000000000,false,false,787.1047509221,787.4230927669,0.0004044466,0.0003328670,1.2150396853,32768,20260824,104,3.0000000000,true,1.2150396853,787.0777294323,-0.0000343302,0.0000968588,400000,20260824,192,0.0352331073,0.0022030148,parity_forward
daily,SPY,2026-09-03,1530,essvi_g05,ok,,1M,0.0833333333,false,false,774.0612115239,774.0722837918,0.0000143041,0.0001259975,0.1135270417,32768,20260824,104,3.0000000000,true,0.6864853737,774.0188146440,-0.0000547720,0.0000422277,400000,20260824,192,0.0108740119,0.0022843518,parity_forward
daily,SPY,2026-09-03,1530,essvi_g05,ok,,3M,0.2500000000,false,false,779.5072671883,779.4015991473,-0.0001355575,0.0002510688,-0.5399216013,32768,20260824,104,3.0000000000,true,0.6864853737,779.4798120734,-0.0000352211,0.0000742283,400000,20260824,192,0.0316688955,0.0018393740,parity_forward
daily,SPY,2026-09-03,1530,essvi_g05,ok,,6M,0.5000000000,false,false,787.1047509221,787.2867570824,0.0002312350,0.0003368389,0.6864853737,32768,20260824,104,3.0000000000,true,0.6864853737,787.0655550366,-0.0000497975,0.0000976095,400000,20260824,192,0.0352331073,0.0022030148,parity_forward
daily,SPY,2026-09-03,1530,essvi_gfree,ok,,1M,0.0833333333,false,false,774.0612115239,773.9790456824,-0.0001061490,0.0001055578,-1.0056012274,32768,20260824,104,3.0000000000,true,1.0056012274,774.0210831746,-0.0000518413,0.0000392324,400000,20260824,192,0.0108740119,0.0022843518,parity_forward
daily,SPY,2026-09-03,1530,essvi_gfree,ok,,3M,0.2500000000,false,false,779.5072671883,779.3756608685,-0.0001688327,0.0002124340,-0.7947536298,32768,20260824,104,3.0000000000,true,1.0056012274,779.4667195271,-0.0000520170,0.0000653419,400000,20260824,192,0.0316688955,0.0018393740,parity_forward
daily,SPY,2026-09-03,1530,essvi_gfree,ok,,6M,0.5000000000,false,false,787.1047509221,787.2643539439,0.0002027723,0.0003093498,0.6554788253,32768,20260824,104,3.0000000000,true,1.0056012274,787.0563811191,-0.0000614528,0.0000911320,400000,20260824,192,0.0352331073,0.0022030148,parity_forward
daily,SPY,2026-09-03,1530,essvi_sg05,ok,,1M,0.0833333333,false,false,774.0612115239,774.1806126116,0.0001542528,0.0001101096,1.4009016589,32768,20260824,104,3.0000000000,true,1.8351147346,774.0363927244,-0.0000320631,0.0000378809,400000,20260824,192,0.0108740119,0.0022843518,parity_forward
daily,SPY,2026-09-03,1530,essvi_sg05,ok,,3M,0.2500000000,false,false,779.5072671883,779.5977648864,0.0001160960,0.0002486059,0.4669882601,32768,20260824,104,3.0000000000,true,1.8351147346,779.4940820297,-0.0000169147,0.0000737165,400000,20260824,192,0.0316688955,0.0018393740,parity_forward
daily,SPY,2026-09-03,1530,essvi_sg05,ok,,6M,0.5000000000,false,false,787.1047509221,787.5794069646,0.0006030405,0.0003286119,1.8351147346,32768,20260824,104,3.0000000000,true,1.8351147346,787.0851447499,-0.0000249092,0.0000953648,400000,20260824,192,0.0352331073,0.0022030148,parity_forward
daily,SPY,2026-09-04,1530,svi,ok,,1M,0.0833333333,false,false,769.9978627541,769.8882679735,-0.0001423313,0.0000858003,-1.6588665946,32768,20260824,104,3.0000000000,true,1.6894172053,769.9763553478,-0.0000279318,0.0000258954,400000,20260824,192,0.0057343118,0.0027120216,parity_forward
daily,SPY,2026-09-04,1530,svi,ok,,3M,0.2500000000,false,false,775.4003596079,775.1491241598,-0.0003240074,0.0001917865,-1.6894172053,32768,20260824,104,3.0000000000,true,1.6894172053,775.3693202953,-0.0000400300,0.0000525772,400000,20260824,192,0.0298784365,0.0022134713,parity_forward
daily,SPY,2026-09-04,1530,svi,ok,,6M,0.5000000000,false,false,783.0416364223,783.0679511936,0.0000336058,0.0002699387,0.1244943376,32768,20260824,104,3.0000000000,true,1.6894172053,782.9875832789,-0.0000690297,0.0000755501,400000,20260824,192,0.0345519804,0.0022959163,parity_forward
daily,SPY,2026-09-04,1530,ssvi,ok,,1M,0.0833333333,false,false,769.9978627541,769.9777271398,-0.0000261502,0.0001144179,-0.2285500741,32768,20260824,104,3.0000000000,true,1.4384689500,769.9635157709,-0.0000446066,0.0000310527,400000,20260824,192,0.0057343118,0.0027120216,parity_forward
daily,SPY,2026-09-04,1530,ssvi,ok,,3M,0.2500000000,false,false,775.4003596079,775.1716440523,-0.0002949645,0.0002050545,-1.4384689500,32768,20260824,104,3.0000000000,true,1.4384689500,775.3588197191,-0.0000535722,0.0000566460,400000,20260824,192,0.0298784365,0.0022134713,parity_forward
daily,SPY,2026-09-04,1530,ssvi,ok,,6M,0.5000000000,false,false,783.0416364223,783.1504878413,0.0001390110,0.0002788731,0.4984741107,32768,20260824,104,3.0000000000,true,1.4384689500,782.9615673463,-0.0001022539,0.0000792681,400000,20260824,192,0.0345519804,0.0022959163,parity_forward
daily,SPY,2026-09-04,1530,essvi,ok,,1M,0.0833333333,false,false,769.9978627541,769.9742182231,-0.0000307073,0.0001647824,-0.1863503666,32768,20260824,104,3.0000000000,true,0.9188527440,769.9546460495,-0.0000561257,0.0000362095,400000,20260824,192,0.0057343118,0.0027120216,parity_forward
daily,SPY,2026-09-04,1530,essvi,ok,,3M,0.2500000000,false,false,775.4003596079,775.2244023036,-0.0002269245,0.0002469650,-0.9188527440,32768,20260824,104,3.0000000000,true,0.9188527440,775.3485937325,-0.0000667602,0.0000622400,400000,20260824,192,0.0298784365,0.0022134713,parity_forward
daily,SPY,2026-09-04,1530,essvi,ok,,6M,0.5000000000,false,false,783.0416364223,783.2157309935,0.0002223312,0.0003132266,0.7098092936,32768,20260824,104,3.0000000000,true,0.9188527440,782.9507178674,-0.0001161095,0.0000846703,400000,20260824,192,0.0345519804,0.0022959163,parity_forward
daily,SPY,2026-09-04,1530,essvi_g05,ok,,1M,0.0833333333,false,false,769.9978627541,769.9887653457,-0.0000118148,0.0001891473,-0.0624637547,32768,20260824,104,3.0000000000,true,0.7276180425,769.9458090717,-0.0000676024,0.0000387730,400000,20260824,192,0.0057343118,0.0027120216,parity_forward
daily,SPY,2026-09-04,1530,essvi_g05,ok,,3M,0.2500000000,false,false,775.4003596079,775.2600651049,-0.0001809317,0.0002683426,-0.6742563790,32768,20260824,104,3.0000000000,true,0.7276180425,775.3373960649,-0.0000812013,0.0000641881,400000,20260824,192,0.0298784365,0.0022134713,parity_forward
daily,SPY,2026-09-04,1530,essvi_g05,ok,,6M,0.5000000000,false,false,783.0416364223,783.2367720165,0.0002492021,0.0003424902,0.7276180425,32768,20260824,104,3.0000000000,true,0.7276180425,782.9161890778,-0.0001602052,0.0000892917,400000,20260824,192,0.0345519804,0.0022959163,parity_forward
daily,SPY,2026-09-04,1530,essvi_gfree,ok,,1M,0.0833333333,false,false,769.9978627541,769.9495626810,-0.0000627275,0.0001873349,-0.3348417003,32768,20260824,104,3.0000000000,true,0.7790620071,769.9464838360,-0.0000667261,0.0000376583,400000,20260824,192,0.0057343118,0.0027120216,parity_forward
daily,SPY,2026-09-04,1530,essvi_gfree,ok,,3M,0.2500000000,false,false,775.4003596079,775.2365732335,-0.0002112281,0.0002711314,-0.7790620071,32768,20260824,104,3.0000000000,true,0.7790620071,775.3416167832,-0.0000757581,0.0000645952,400000,20260824,192,0.0298784365,0.0022134713,parity_forward
daily,SPY,2026-09-04,1530,essvi_gfree,ok,,6M,0.5000000000,false,false,783.0416364223,783.2251907799,0.0002344120,0.0003496790,0.6703634454,32768,20260824,104,3.0000000000,true,0.7790620071,782.9241775434,-0.0001500034,0.0000911240,400000,20260824,192,0.0345519804,0.0022959163,parity_forward
daily,SPY,2026-09-04,1530,essvi_sg05,ok,,1M,0.0833333333,false,false,769.9978627541,770.0059663527,0.0000105242,0.0001967712,0.0534843701,32768,20260824,104,3.0000000000,true,0.7884489724,769.9478615488,-0.0000649368,0.0000417089,400000,20260824,192,0.0057343118,0.0027120216,parity_forward
daily,SPY,2026-09-04,1530,essvi_sg05,ok,,3M,0.2500000000,false,false,775.4003596079,775.2853285309,-0.0001483506,0.0003016379,-0.4918167024,32768,20260824,104,3.0000000000,true,0.7884489724,775.3494957231,-0.0000655969,0.0000771718,400000,20260824,192,0.0298784365,0.0022134713,parity_forward
daily,SPY,2026-09-04,1530,essvi_sg05,ok,,6M,0.5000000000,false,false,783.0416364223,783.2658155267,0.0002862927,0.0003631087,0.7884489724,32768,20260824,104,3.0000000000,true,0.7884489724,782.9542784492,-0.0001115624,0.0000980767,400000,20260824,192,0.0345519804,0.0022959163,parity_forward
daily,SPY,2026-09-08,1530,svi,ok,,1M,0.0833333333,false,false,767.5605527589,767.5013922887,-0.0000770760,0.0000651670,-1.1827458984,32768,20260824,104,3.0000000000,true,1.1827458984,767.5586438778,-0.0000024869,0.0000296557,400000,20260824,192,0.0101750191,0.0023094316,parity_forward
daily,SPY,2026-09-08,1530,svi,ok,,3M,0.2500000000,false,false,772.8291017094,772.6834360843,-0.0001884836,0.0001683302,-1.1197253313,32768,20260824,104,3.0000000000,true,1.1827458984,772.8119015807,-0.0000222561,0.0000558244,400000,20260824,192,0.0307539419,0.0020434845,parity_forward
daily,SPY,2026-09-08,1530,svi,ok,,6M,0.5000000000,false,false,780.5404019890,780.6830375889,0.0001827395,0.0002538545,0.7198594686,32768,20260824,104,3.0000000000,true,1.1827458984,780.5322865235,-0.0000103972,0.0000785046,400000,20260824,192,0.0352340973,0.0021034393,parity_forward
daily,SPY,2026-09-08,1530,ssvi,ok,,1M,0.0833333333,false,false,767.5605527589,767.5346431018,-0.0000337558,0.0000965605,-0.3495822229,32768,20260824,104,3.0000000000,true,1.3257819315,767.5583613695,-0.0000028550,0.0000339637,400000,20260824,192,0.0101750191,0.0023094316,parity_forward
daily,SPY,2026-09-08,1530,ssvi,ok,,3M,0.2500000000,false,false,772.8291017094,772.6299289202,-0.0002577191,0.0001943902,-1.3257819315,32768,20260824,104,3.0000000000,true,1.3257819315,772.8176961718,-0.0000147582,0.0000589675,400000,20260824,192,0.0307539419,0.0020434845,parity_forward
daily,SPY,2026-09-08,1530,ssvi,ok,,6M,0.5000000000,false,false,780.5404019890,780.7242724891,0.0002355682,0.0002722763,0.8651806792,32768,20260824,104,3.0000000000,true,1.3257819315,780.5183329847,-0.0000282740,0.0000810682,400000,20260824,192,0.0352340973,0.0021034393,parity_forward
daily,SPY,2026-09-08,1530,essvi,ok,,1M,0.0833333333,false,false,767.5605527589,767.5062402241,-0.0000707599,0.0001331689,-0.5313549333,32768,20260824,104,3.0000000000,true,0.8474303215,767.5838577280,0.0000303624,0.0000417924,400000,20260824,192,0.0101750191,0.0023094316,parity_forward
daily,SPY,2026-09-08,1530,essvi,ok,,3M,0.2500000000,false,false,772.8291017094,772.7211514502,-0.0001396819,0.0002255168,-0.6193857807,32768,20260824,104,3.0000000000,true,0.8474303215,772.8569320553,0.0000360110,0.0000665841,400000,20260824,192,0.0307539419,0.0020434845,parity_forward
daily,SPY,2026-09-08,1530,essvi,ok,,6M,0.5000000000,false,false,780.5404019890,780.7379529443,0.0002530951,0.0002986618,0.8474303215,32768,20260824,104,3.0000000000,true,0.8474303215,780.5497745648,0.0000120078,0.0000882765,400000,20260824,192,0.0352340973,0.0021034393,parity_forward
daily,SPY,2026-09-08,1530,essvi_g05,ok,,1M,0.0833333333,false,false,767.5605527589,767.4935149190,-0.0000873388,0.0001203596,-0.7256491294,32768,20260824,104,3.0000000000,true,0.8656789535,767.5920957342,0.0000410951,0.0000444704,400000,20260824,192,0.0101750191,0.0023094316,parity_forward
daily,SPY,2026-09-08,1530,essvi_g05,ok,,3M,0.2500000000,false,false,772.8291017094,772.6818864960,-0.0001904887,0.0002200454,-0.8656789535,32768,20260824,104,3.0000000000,true,0.8656789535,772.8628626620,0.0000436849,0.0000687294,400000,20260824,192,0.0307539419,0.0020434845,parity_forward
daily,SPY,2026-09-08,1530,essvi_g05,ok,,6M,0.5000000000,false,false,780.5404019890,780.7293205152,0.0002420356,0.0003076330,0.7867672134,32768,20260824,104,3.0000000000,true,0.8656789535,780.5630504973,0.0000290164,0.0000931018,400000,20260824,192,0.0352340973,0.0021034393,parity_forward
daily,SPY,2026-09-08,1530,essvi_gfree,ok,,1M,0.0833333333,false,false,767.5605527589,767.4017542346,-0.0002068873,0.0001184460,-1.7466808085,32768,20260824,104,3.0000000000,true,1.7466808085,767.5789427368,0.0000239590,0.0000430508,400000,20260824,192,0.0101750191,0.0023094316,parity_forward
daily,SPY,2026-09-08,1530,essvi_gfree,ok,,3M,0.2500000000,false,false,772.8291017094,772.6666678762,-0.0002101808,0.0002249351,-0.9344065766,32768,20260824,104,3.0000000000,true,1.7466808085,772.8436816738,0.0000188657,0.0000694121,400000,20260824,192,0.0307539419,0.0020434845,parity_forward
daily,SPY,2026-09-08,1530,essvi_gfree,ok,,6M,0.5000000000,false,false,780.5404019890,780.6720294433,0.0001686363,0.0003123230,0.5399420481,32768,20260824,104,3.0000000000,true,1.7466808085,780.5452716802,0.0000062389,0.0000935506,400000,20260824,192,0.0352340973,0.0021034393,parity_forward
daily,SPY,2026-09-08,1530,essvi_sg05,ok,,1M,0.0833333333,false,false,767.5605527589,767.4858023567,-0.0000973870,0.0001449229,-0.6719916408,32768,20260824,104,3.0000000000,true,0.6719916408,767.5671703143,0.0000086215,0.0000432620,400000,20260824,192,0.0101750191,0.0023094316,parity_forward
daily,SPY,2026-09-08,1530,essvi_sg05,ok,,3M,0.2500000000,false,false,772.8291017094,772.7394739279,-0.0001159736,0.0002705510,-0.4286571038,32768,20260824,104,3.0000000000,true,0.6719916408,772.8204951896,-0.0000111364,0.0000789208,400000,20260824,192,0.0307539419,0.0020434845,parity_forward
daily,SPY,2026-09-08,1530,essvi_sg05,ok,,6M,0.5000000000,false,false,780.5404019890,780.6900624968,0.0001917396,0.0003384786,0.5664747979,32768,20260824,104,3.0000000000,true,0.6719916408,780.5106857729,-0.0000380713,0.0000990977,400000,20260824,192,0.0352340973,0.0021034393,parity_forward
daily,SPY,2026-09-09,1530,svi,ok,,1M,0.0833333333,false,false,763.7381100418,763.6952675919,-0.0000560957,0.0000794467,-0.7060799295,32768,20260824,104,3.0000000000,true,1.2139732488,763.7331230210,-0.0000065298,0.0000312332,400000,20260824,192,0.0111311221,0.0022472512,parity_forward
daily,SPY,2026-09-09,1530,svi,ok,,3M,0.2500000000,false,false,768.9069924598,768.7298791445,-0.0002303443,0.0001897441,-1.2139732488,32768,20260824,104,3.0000000000,true,1.2139732488,768.8838147724,-0.0000301437,0.0000574333,400000,20260824,192,0.0306906685,0.0021334948,parity_forward
daily,SPY,2026-09-09,1530,svi,ok,,6M,0.5000000000,false,false,776.5277940319,776.6347536999,0.0001377409,0.0002702544,0.5096713851,32768,20260824,104,3.0000000000,true,1.2139732488,776.5134908409,-0.0000184194,0.0000798080,400000,20260824,192,0.0350701739,0.0022838552,parity_forward
daily,SPY,2026-09-09,1530,ssvi,ok,,1M,0.0833333333,false,false,763.7381100418,763.7311403228,-0.0000091258,0.0001096516,-0.0832253678,32768,20260824,104,3.0000000000,true,1.2969431573,763.7223176295,-0.0000206778,0.0000350790,400000,20260824,192,0.0111311221,0.0022472512,parity_forward
daily,SPY,2026-09-09,1530,ssvi,ok,,3M,0.2500000000,false,false,768.9069924598,768.7030906821,-0.0002651839,0.0002044684,-1.2969431573,32768,20260824,104,3.0000000000,true,1.2969431573,768.8970358500,-0.0000129490,0.0000600362,400000,20260824,192,0.0306906685,0.0021334948,parity_forward
daily,SPY,2026-09-09,1530,ssvi,ok,,6M,0.5000000000,false,false,776.5277940319,776.7004293708,0.0002223170,0.0002793982,0.7956995980,32768,20260824,104,3.0000000000,true,1.2969431573,776.5006512797,-0.0000349540,0.0000819684,400000,20260824,192,0.0350701739,0.0022838552,parity_forward
daily,SPY,2026-09-09,1530,essvi,ok,,1M,0.0833333333,false,false,763.7381100418,763.6892914159,-0.0000639206,0.0000955608,-0.6689004900,32768,20260824,104,3.0000000000,true,1.1933437493,763.7219450484,-0.0000211656,0.0000428270,400000,20260824,192,0.0111311221,0.0022472512,parity_forward
daily,SPY,2026-09-09,1530,essvi,ok,,3M,0.2500000000,false,false,768.9069924598,768.7119600035,-0.0002536490,0.0002125531,-1.1933437493,32768,20260824,104,3.0000000000,true,1.1933437493,768.9023028861,-0.0000060990,0.0000683633,400000,20260824,192,0.0306906685,0.0021334948,parity_forward
daily,SPY,2026-09-09,1530,essvi,ok,,6M,0.5000000000,false,false,776.5277940319,776.6672447552,0.0001795824,0.0002899814,0.6192892878,32768,20260824,104,3.0000000000,true,1.1933437493,776.4963126883,-0.0000405412,0.0000895926,400000,20260824,192,0.0350701739,0.0022838552,parity_forward
daily,SPY,2026-09-09,1530,essvi_g05,ok,,1M,0.0833333333,false,false,763.7381100418,763.6742717953,-0.0000835866,0.0000884262,-0.9452695923,32768,20260824,104,3.0000000000,true,1.2497024143,763.7433823244,0.0000069033,0.0000412613,400000,20260824,192,0.0111311221,0.0022472512,parity_forward
daily,SPY,2026-09-09,1530,essvi_g05,ok,,3M,0.2500000000,false,false,768.9069924598,768.7225090913,-0.0002399294,0.0001919892,-1.2497024143,32768,20260824,104,3.0000000000,true,1.2497024143,768.9373579399,0.0000394917,0.0000643815,400000,20260824,192,0.0306906685,0.0021334948,parity_forward
daily,SPY,2026-09-09,1530,essvi_g05,ok,,6M,0.5000000000,false,false,776.5277940319,776.6770543259,0.0001922150,0.0002871279,0.6694402765,32768,20260824,104,3.0000000000,true,1.2497024143,776.5291822889,0.0000017878,0.0000903012,400000,20260824,192,0.0350701739,0.0022838552,parity_forward
daily,SPY,2026-09-09,1530,essvi_gfree,ok,,1M,0.0833333333,false,false,763.7381100418,763.7242077792,-0.0000182029,0.0001021894,-0.1781292743,32768,20260824,104,3.0000000000,true,0.8533249188,763.6990814679,-0.0000511020,0.0000432722,400000,20260824,192,0.0111311221,0.0022472512,parity_forward
daily,SPY,2026-09-09,1530,essvi_gfree,ok,,3M,0.2500000000,false,false,768.9069924598,768.7651152387,-0.0001845181,0.0002162342,-0.8533249188,32768,20260824,104,3.0000000000,true,0.8533249188,768.8809613035,-0.0000338548,0.0000704484,400000,20260824,192,0.0306906685,0.0021334948,parity_forward
daily,SPY,2026-09-09,1530,essvi_gfree,ok,,6M,0.5000000000,false,false,776.5277940319,776.7031348071,0.0002258010,0.0003084362,0.7320833310,32768,20260824,104,3.0000000000,true,0.8533249188,776.4624604242,-0.0000841356,0.0000961890,400000,20260824,192,0.0350701739,0.0022838552,parity_forward
daily,SPY,2026-09-09,1530,essvi_sg05,ok,,1M,0.0833333333,false,false,763.7381100418,763.6189585627,-0.0001560109,0.0001341325,-1.1631107614,32768,20260824,104,3.0000000000,true,1.2700531937,763.7039149522,-0.0000447733,0.0000471493,400000,20260824,192,0.0111311221,0.0022472512,parity_forward
daily,SPY,2026-09-09,1530,essvi_sg05,ok,,3M,0.2500000000,false,false,768.9069924598,768.6663224479,-0.0003130028,0.0002464485,-1.2700531937,32768,20260824,104,3.0000000000,true,1.2700531937,768.8843443580,-0.0000294549,0.0000753557,400000,20260824,192,0.0306906685,0.0021334948,parity_forward
daily,SPY,2026-09-09,1530,essvi_sg05,ok,,6M,0.5000000000,false,false,776.5277940319,776.5804134428,0.0000677624,0.0003201010,0.2116907648,32768,20260824,104,3.0000000000,true,1.2700531937,776.4504494183,-0.0000996031,0.0000960873,400000,20260824,192,0.0350701739,0.0022838552,parity_forward
daily,SPY,2026-09-10,1530,svi,ok,,1M,0.0833333333,false,false,758.5189437691,758.5366932532,0.0000234002,0.0001260683,0.1856152161,32768,20260824,104,3.0000000000,true,1.1286602083,758.5010346871,-0.0000236106,0.0000376150,400000,20260824,192,0.0120127316,0.0021736213,parity_forward
daily,SPY,2026-09-10,1530,svi,ok,,3M,0.2500000000,false,false,763.5878386216,763.4881925994,-0.0001304971,0.0002244535,-0.5813993891,32768,20260824,104,3.0000000000,true,1.1286602083,763.5626562486,-0.0000329790,0.0000647588,400000,20260824,192,0.0306458101,0.0021703420,parity_forward
daily,SPY,2026-09-10,1530,svi,ok,,6M,0.5000000000,false,false,771.2004408067,771.4603417509,0.0003370083,0.0002985915,1.1286602083,32768,20260824,104,3.0000000000,true,1.1286602083,771.1688231370,-0.0000409980,0.0000863010,400000,20260824,192,0.0351632041,0.0022871809,parity_forward
daily,SPY,2026-09-10,1530,ssvi,ok,,1M,0.0833333333,false,false,758.5189437691,758.5336726336,0.0000194179,0.0001273683,0.1524549804,32768,20260824,104,3.0000000000,true,0.9935796483,758.4947189522,-0.0000319370,0.0000395751,400000,20260824,192,0.0120127316,0.0021736213,parity_forward
daily,SPY,2026-09-10,1530,ssvi,ok,,3M,0.2500000000,false,false,763.5878386216,763.4179863936,-0.0002224397,0.0002238770,-0.9935796483,32768,20260824,104,3.0000000000,true,0.9935796483,763.5671379073,-0.0000271098,0.0000646062,400000,20260824,192,0.0306458101,0.0021703420,parity_forward
daily,SPY,2026-09-10,1530,ssvi,ok,,6M,0.5000000000,false,false,771.2004408067,771.4278775624,0.0002949126,0.0002981732,0.9890648772,32768,20260824,104,3.0000000000,true,0.9935796483,771.1483858913,-0.0000674986,0.0000865318,400000,20260824,192,0.0351632041,0.0022871809,parity_forward
daily,SPY,2026-09-10,1530,essvi,ok,,1M,0.0833333333,false,false,758.5189437691,758.5963429718,0.0001020399,0.0001637492,0.6231473376,32768,20260824,104,3.0000000000,true,1.0455461309,758.4669338512,-0.0000685677,0.0000478943,400000,20260824,192,0.0120127316,0.0021736213,parity_forward
daily,SPY,2026-09-10,1530,essvi,ok,,3M,0.2500000000,false,false,763.5878386216,763.5260797415,-0.0000808799,0.0002641721,-0.3061635053,32768,20260824,104,3.0000000000,true,1.0455461309,763.5527120730,-0.0000460020,0.0000740311,400000,20260824,192,0.0306458101,0.0021703420,parity_forward
daily,SPY,2026-09-10,1530,essvi,ok,,6M,0.5000000000,false,false,771.2004408067,771.4723714557,0.0003526070,0.0003372467,1.0455461309,32768,20260824,104,3.0000000000,true,1.0455461309,771.1296856923,-0.0000917467,0.0000957644,400000,20260824,192,0.0351632041,0.0022871809,parity_forward
daily,SPY,2026-09-10,1530,essvi_g05,ok,,1M,0.0833333333,false,false,758.5189437691,758.4191842186,-0.0001315189,0.0001538259,-0.8549849563,32768,20260824,104,3.0000000000,true,0.9520904586,758.4814752659,-0.0000493969,0.0000490185,400000,20260824,192,0.0120127316,0.0021736213,parity_forward
daily,SPY,2026-09-10,1530,essvi_g05,ok,,3M,0.2500000000,false,false,763.5878386216,763.4052151873,-0.0002391649,0.0002511998,-0.9520904586,32768,20260824,104,3.0000000000,true,0.9520904586,763.5520071723,-0.0000469251,0.0000722675,400000,20260824,192,0.0306458101,0.0021703420,parity_forward
daily,SPY,2026-09-10,1530,essvi_g05,ok,,6M,0.5000000000,false,false,771.2004408067,771.3032590624,0.0001333224,0.0003330074,0.4003585022,32768,20260824,104,3.0000000000,true,0.9520904586,771.1214229650,-0.0001024608,0.0000949931,400000,20260824,192,0.0351632041,0.0022871809,parity_forward
daily,SPY,2026-09-10,1530,essvi_gfree,ok,,1M,0.0833333333,false,false,758.5189437691,758.6500749962,0.0001728780,0.0001721646,1.0041436234,32768,20260824,104,3.0000000000,true,1.0041436234,758.4462402819,-0.0000958493,0.0000477857,400000,20260824,192,0.0120127316,0.0021736213,parity_forward
daily,SPY,2026-09-10,1530,essvi_gfree,ok,,3M,0.2500000000,false,false,763.5878386216,763.5380048800,-0.0000652626,0.0002769831,-0.2356194935,32768,20260824,104,3.0000000000,true,1.0041436234,763.5285297879,-0.0000776713,0.0000755275,400000,20260824,192,0.0306458101,0.0021703420,parity_forward
daily,SPY,2026-09-10,1530,essvi_gfree,ok,,6M,0.5000000000,false,false,771.2004408067,771.4598525806,0.0003363740,0.0003647879,0.9221084798,32768,20260824,104,3.0000000000,true,1.0041436234,771.1006330330,-0.0001294187,0.0001014785,400000,20260824,192,0.0351632041,0.0022871809,parity_forward
daily,SPY,2026-09-10,1530,essvi_sg05,ok,,1M,0.0833333333,false,false,758.5189437691,758.5931504213,0.0000978310,0.0001743568,0.5610964393,32768,20260824,104,3.0000000000,true,1.1231539250,758.4829402955,-0.0000474655,0.0000503514,400000,20260824,192,0.0120127316,0.0021736213,parity_forward
daily,SPY,2026-09-10,1530,essvi_sg05,ok,,3M,0.2500000000,false,false,763.5878386216,763.5784970833,-0.0000122337,0.0003141130,-0.0389469524,32768,20260824,104,3.0000000000,true,1.1231539250,763.5809620050,-0.0000090057,0.0000860513,400000,20260824,192,0.0306458101,0.0021703420,parity_forward
daily,SPY,2026-09-10,1530,essvi_sg05,ok,,6M,0.5000000000,false,false,771.2004408067,771.5332435433,0.0004315386,0.0003842203,1.1231539250,32768,20260824,104,3.0000000000,true,1.1231539250,771.1414632653,-0.0000764750,0.0001067515,400000,20260824,192,0.0351632041,0.0022871809,parity_forward
daily,SPY,2026-09-11,1530,svi,ok,,1M,0.0833333333,false,false,765.5938895211,765.5082426824,-0.0001118698,0.0000976003,-1.1462030778,32768,20260824,104,3.0000000000,true,1.4469760785,765.5781030499,-0.0000206199,0.0000310499,400000,20260824,192,0.0111948004,0.0023234786,parity_forward
daily,SPY,2026-09-11,1530,svi,ok,,3M,0.2500000000,false,false,770.7927713842,770.5559227656,-0.0003072792,0.0002123596,-1.4469760785,32768,20260824,104,3.0000000000,true,1.4469760785,770.7476368992,-0.0000585559,0.0000589126,400000,20260824,192,0.0308023986,0.0022551505,parity_forward
daily,SPY,2026-09-11,1530,svi,ok,,6M,0.5000000000,false,false,778.6053440086,778.6727851052,0.0000866178,0.0002921471,0.2964869724,32768,20260824,104,3.0000000000,true,1.4469760785,778.5566028556,-0.0000626006,0.0000818375,400000,20260824,192,0.0355706800,0.0023799187,parity_forward
daily,SPY,2026-09-11,1530,ssvi,ok,,1M,0.0833333333,false,false,765.5938895211,765.5812331588,-0.0000165314,0.0001217153,-0.1358205374,32768,20260824,104,3.0000000000,true,1.4139472716,765.5732438418,-0.0000269669,0.0000347937,400000,20260824,192,0.0111948004,0.0023234786,parity_forward
daily,SPY,2026-09-11,1530,ssvi,ok,,3M,0.2500000000,false,false,770.7927713842,770.5550161354,-0.0003084555,0.0002181520,-1.4139472716,32768,20260824,104,3.0000000000,true,1.4139472716,770.7675693108,-0.0000326963,0.0000613658,400000,20260824,192,0.0308023986,0.0022551505,parity_forward
daily,SPY,2026-09-11,1530,ssvi,ok,,6M,0.5000000000,false,false,778.6053440086,778.7550770268,0.0001923093,0.0002927371,0.6569351250,32768,20260824,104,3.0000000000,true,1.4139472716,778.5549532075,-0.0000647193,0.0000840075,400000,20260824,192,0.0355706800,0.0023799187,parity_forward
daily,SPY,2026-09-11,1530,essvi,ok,,1M,0.0833333333,false,false,765.5938895211,765.6608190777,0.0000874217,0.0001828409,0.4781302725,32768,20260824,104,3.0000000000,true,0.8259968520,765.5539786691,-0.0000521306,0.0000434091,400000,20260824,192,0.0111948004,0.0023234786,parity_forward
daily,SPY,2026-09-11,1530,essvi,ok,,3M,0.2500000000,false,false,770.7927713842,770.6817700560,-0.0001440093,0.0002711258,-0.5311529965,32768,20260824,104,3.0000000000,true,0.8259968520,770.7691954925,-0.0000305866,0.0000706072,400000,20260824,192,0.0308023986,0.0022551505,parity_forward
daily,SPY,2026-09-11,1530,essvi,ok,,6M,0.5000000000,false,false,778.6053440086,778.8226860872,0.0002791428,0.0003379466,0.8259968520,32768,20260824,104,3.0000000000,true,0.8259968520,778.5365595421,-0.0000883432,0.0000927863,400000,20260824,192,0.0355706800,0.0023799187,parity_forward
daily,SPY,2026-09-11,1530,essvi_g05,ok,,1M,0.0833333333,false,false,765.5938895211,765.6515998253,0.0000753798,0.0001795168,0.4199037142,32768,20260824,104,3.0000000000,true,0.6828330618,765.5548181864,-0.0000510340,0.0000429861,400000,20260824,192,0.0111948004,0.0023234786,parity_forward
daily,SPY,2026-09-11,1530,essvi_g05,ok,,3M,0.2500000000,false,false,770.7927713842,770.6476013997,-0.0001883385,0.0002758193,-0.6828330618,32768,20260824,104,3.0000000000,true,0.6828330618,770.7780969450,-0.0000190381,0.0000718693,400000,20260824,192,0.0308023986,0.0022551505,parity_forward
daily,SPY,2026-09-11,1530,essvi_g05,ok,,6M,0.5000000000,false,false,778.6053440086,778.7827651679,0.0002278705,0.0003857381,0.5907387699,32768,20260824,104,3.0000000000,true,0.6828330618,778.4929032751,-0.0001444130,0.0001063374,400000,20260824,192,0.0355706800,0.0023799187,parity_forward
daily,SPY,2026-09-11,1530,essvi_gfree,ok,,1M,0.0833333333,false,false,765.5938895211,765.6505059188,0.0000739510,0.0001792896,0.4124664410,32768,20260824,104,3.0000000000,true,0.5522994035,765.5551457315,-0.0000506062,0.0000429482,400000,20260824,192,0.0111948004,0.0023234786,parity_forward
daily,SPY,2026-09-11,1530,essvi_gfree,ok,,3M,0.2500000000,false,false,770.7927713842,770.6732262262,-0.0001550938,0.0002808147,-0.5522994035,32768,20260824,104,3.0000000000,true,0.5522994035,770.7814090527,-0.0000147411,0.0000735295,400000,20260824,192,0.0308023986,0.0022551505,parity_forward
daily,SPY,2026-09-11,1530,essvi_gfree,ok,,6M,0.5000000000,false,false,778.6053440086,778.7500510307,0.0001858541,0.0003621464,0.5132016353,32768,20260824,104,3.0000000000,true,0.5522994035,778.5405797543,-0.0000831798,0.0000999505,400000,20260824,192,0.0355706800,0.0023799187,parity_forward
daily,SPY,2026-09-11,1530,essvi_sg05,ok,,1M,0.0833333333,false,false,765.5938895211,765.5968045516,0.0000038075,0.0002341287,0.0162625984,32768,20260824,104,3.0000000000,true,0.7813117358,765.5570889492,-0.0000480680,0.0000498561,400000,20260824,192,0.0111948004,0.0023234786,parity_forward
daily,SPY,2026-09-11,1530,essvi_sg05,ok,,3M,0.2500000000,false,false,770.7927713842,770.6715518299,-0.0001572661,0.0003291150,-0.4778453195,32768,20260824,104,3.0000000000,true,0.7813117358,770.7828364508,-0.0000128892,0.0000831509,400000,20260824,192,0.0308023986,0.0022551505,parity_forward
daily,SPY,2026-09-11,1530,essvi_sg05,ok,,6M,0.5000000000,false,false,778.6053440086,778.8394037870,0.0003006141,0.0003847557,0.7813117358,32768,20260824,104,3.0000000000,true,0.7813117358,778.5338396993,-0.0000918364,0.0001030289,400000,20260824,192,0.0355706800,0.0023799187,parity_forward
daily,TSLA,2026-08-14,1530,svi,ok,,1M,0.0833333333,false,false,342.5721624892,342.5595430107,-0.0000368374,0.0001702455,-0.2163782853,32768,20260824,104,3.0000000000,true,1.2595506956,342.5737440896,0.0000046168,0.0000468867,400000,20260824,192,0.0457005128,-0.0006549005,parity_forward
daily,TSLA,2026-08-14,1530,svi,ok,,3M,0.2500000000,false,false,345.2724124763,345.4555965800,0.0005305495,0.0004212212,1.2595506956,32768,20260824,104,3.0000000000,true,1.2595506956,345.2671103035,-0.0000153565,0.0001129511,400000,20260824,192,0.0466390160,-0.0020317262,parity_forward
daily,TSLA,2026-08-14,1530,svi,ok,,6M,0.5000000000,false,false,349.5144123745,349.3515358185,-0.0004660081,0.0007399690,-0.6297670790,32768,20260824,104,3.0000000000,true,1.2595506956,349.5099355737,-0.0000128086,0.0002099689,400000,20260824,192,0.0477416902,-0.0043551156,parity_forward
daily,TSLA,2026-08-14,1530,ssvi,ok,,1M,0.0833333333,false,false,342.5721624892,342.5735428171,0.0000040293,0.0001007200,0.0400050240,32768,20260824,104,3.0000000000,true,0.9393514946,342.5814887692,0.0000272243,0.0000277499,400000,20260824,192,0.0457005128,-0.0006549005,parity_forward
daily,TSLA,2026-08-14,1530,ssvi,ok,,3M,0.2500000000,false,false,345.2724124763,345.3957090434,0.0003570994,0.0003801552,0.9393514946,32768,20260824,104,3.0000000000,true,0.9393514946,345.2939182771,0.0000622865,0.0001067991,400000,20260824,192,0.0466390160,-0.0020317262,parity_forward
daily,TSLA,2026-08-14,1530,ssvi,ok,,6M,0.5000000000,false,false,349.5144123745,349.3336630856,-0.0005171440,0.0008049307,-0.6424702158,32768,20260824,104,3.0000000000,true,0.9393514946,349.5485713585,0.0000977327,0.0002290159,400000,20260824,192,0.0477416902,-0.0043551156,parity_forward
daily,TSLA,2026-08-14,1530,essvi,ok,,1M,0.0833333333,false,false,342.5721624892,342.5668130066,-0.0000156156,0.0001616208,-0.0966189640,32768,20260824,104,3.0000000000,true,1.1109640175,342.5868479496,0.0000428682,0.0000433390,400000,20260824,192,0.0457005128,-0.0006549005,parity_forward
daily,TSLA,2026-08-14,1530,essvi,ok,,3M,0.2500000000,false,false,345.2724124763,345.4252224119,0.0004425779,0.0003983728,1.1109640175,32768,20260824,104,3.0000000000,true,1.1109640175,345.2972113299,0.0000718240,0.0001082828,400000,20260824,192,0.0466390160,-0.0020317262,parity_forward
daily,TSLA,2026-08-14,1530,essvi,ok,,6M,0.5000000000,false,false,349.5144123745,349.3264902253,-0.0005376664,0.0007431633,-0.7234834479,32768,20260824,104,3.0000000000,true,1.1109640175,349.5497967060,0.0001012385,0.0002126656,400000,20260824,192,0.0477416902,-0.0043551156,parity_forward
daily,TSLA,2026-08-14,1530,essvi_g05,ok,,1M,0.0833333333,false,false,342.5721624892,342.5503074899,-0.0000637968,0.0001584278,-0.4026866673,32768,20260824,104,3.0000000000,true,0.7814465302,342.5861219938,0.0000407491,0.0000428644,400000,20260824,192,0.0457005128,-0.0006549005,parity_forward
daily,TSLA,2026-08-14,1530,essvi_g05,ok,,3M,0.2500000000,false,false,345.2724124763,345.3906688343,0.0003425016,0.0004382918,0.7814465302,32768,20260824,104,3.0000000000,true,0.7814465302,345.2933113185,0.0000605286,0.0001218416,400000,20260824,192,0.0466390160,-0.0020317262,parity_forward
daily,TSLA,2026-08-14,1530,essvi_g05,ok,,6M,0.5000000000,false,false,349.5144123745,349.2641367059,-0.0007160668,0.0009469921,-0.7561486679,32768,20260824,104,3.0000000000,true,0.7814465302,349.5637899384,0.0001412748,0.0002859103,400000,20260824,192,0.0477416902,-0.0043551156,parity_forward
daily,TSLA,2026-08-14,1530,essvi_gfree,ok,,1M,0.0833333333,false,false,342.5721624892,342.5555791044,-0.0000484084,0.0001567783,-0.3087701368,32768,20260824,104,3.0000000000,true,0.9581625667,342.5851976009,0.0000380507,0.0000426302,400000,20260824,192,0.0457005128,-0.0006549005,parity_forward
daily,TSLA,2026-08-14,1530,essvi_gfree,ok,,3M,0.2500000000,false,false,345.2724124763,345.4067469711,0.0003890681,0.0004060565,0.9581625667,32768,20260824,104,3.0000000000,true,0.9581625667,345.2914372408,0.0000551007,0.0001121943,400000,20260824,192,0.0466390160,-0.0020317262,parity_forward
daily,TSLA,2026-08-14,1530,essvi_gfree,ok,,6M,0.5000000000,false,false,349.5144123745,349.3001049306,-0.0006131577,0.0007820643,-0.7840245864,32768,20260824,104,3.0000000000,true,0.9581625667,349.5475083268,0.0000946912,0.0002264854,400000,20260824,192,0.0477416902,-0.0043551156,parity_forward
daily,TSLA,2026-08-14,1530,essvi_sg05,ok,,1M,0.0833333333,false,false,342.5721624892,342.7239279325,0.0004430174,0.0003096277,1.4308068205,32768,20260824,104,3.0000000000,true,1.5004908659,342.6081131557,0.0001049433,0.0000707174,400000,20260824,192,0.0457005128,-0.0006549005,parity_forward
daily,TSLA,2026-08-14,1530,essvi_sg05,ok,,3M,0.2500000000,false,false,345.2724124763,345.5245602211,0.0007302864,0.0004866983,1.5004908659,32768,20260824,104,3.0000000000,true,1.5004908659,345.3165663606,0.0001278813,0.0001271641,400000,20260824,192,0.0466390160,-0.0020317262,parity_forward
daily,TSLA,2026-08-14,1530,essvi_sg05,ok,,6M,0.5000000000,false,false,349.5144123745,349.4579881104,-0.0001614362,0.0008121458,-0.1987773236,32768,20260824,104,3.0000000000,true,1.5004908659,349.5747147567,0.0001725319,0.0002272550,400000,20260824,192,0.0477416902,-0.0043551156,parity_forward
daily,TSLA,2026-08-17,1530,svi,ok,,1M,0.0833333333,false,false,341.8542754767,341.8469846938,-0.0000213272,0.0001439502,-0.1481565868,32768,20260824,104,3.0000000000,true,0.9076243630,341.8613266249,0.0000206262,0.0000482663,400000,20260824,192,0.0469282817,-0.0007571423,parity_forward
daily,TSLA,2026-08-17,1530,svi,ok,,3M,0.2500000000,false,false,344.6188541056,344.7338903002,0.0003338070,0.0003677810,0.9076243630,32768,20260824,104,3.0000000000,true,0.9076243630,344.6337624818,0.0000432605,0.0001099255,400000,20260824,192,0.0478606984,-0.0023607809,parity_forward
daily,TSLA,2026-08-17,1530,svi,ok,,6M,0.5000000000,false,false,348.8628376421,348.6722238880,-0.0005463860,0.0006960420,-0.7849899661,32768,20260824,104,3.0000000000,true,0.9076243630,348.8874934559,0.0000706748,0.0002031237,400000,20260824,192,0.0484099372,-0.0046397059,parity_forward
daily,TSLA,2026-08-17,1530,ssvi,ok,,1M,0.0833333333,false,false,341.8542754767,341.8553114058,0.0000030303,0.0000836607,0.0362215851,32768,20260824,104,3.0000000000,true,0.7940443221,341.8584812722,0.0000123029,0.0000272717,400000,20260824,192,0.0469282817,-0.0007571423,parity_forward
daily,TSLA,2026-08-17,1530,ssvi,ok,,3M,0.2500000000,false,false,344.6188541056,344.7164563022,0.0002832178,0.0003566776,0.7940443221,32768,20260824,104,3.0000000000,true,0.7940443221,344.6325210221,0.0000396581,0.0001049619,400000,20260824,192,0.0478606984,-0.0023607809,parity_forward
daily,TSLA,2026-08-17,1530,ssvi,ok,,6M,0.5000000000,false,false,348.8628376421,348.6786130855,-0.0005280716,0.0007804124,-0.6766571085,32768,20260824,104,3.0000000000,true,0.7940443221,348.9070476323,0.0001267260,0.0002255781,400000,20260824,192,0.0484099372,-0.0046397059,parity_forward
daily,TSLA,2026-08-17,1530,essvi,ok,,1M,0.0833333333,false,false,341.8542754767,341.8114135983,-0.0001253806,0.0001234216,-1.0158718193,32768,20260824,104,3.0000000000,true,1.0514803838,341.8543169829,0.0000001214,0.0000415374,400000,20260824,192,0.0469282817,-0.0007571423,parity_forward
daily,TSLA,2026-08-17,1530,essvi,ok,,3M,0.2500000000,false,false,344.6188541056,344.6528536719,0.0000986585,0.0003505203,0.2814629014,32768,20260824,104,3.0000000000,true,1.0514803838,344.6331627352,0.0000415202,0.0001051819,400000,20260824,192,0.0478606984,-0.0023607809,parity_forward
daily,TSLA,2026-08-17,1530,essvi,ok,,6M,0.5000000000,false,false,348.8628376421,348.5993918642,-0.0007551558,0.0007181834,-1.0514803838,32768,20260824,104,3.0000000000,true,1.0514803838,348.9058009919,0.0001231526,0.0002117976,400000,20260824,192,0.0484099372,-0.0046397059,parity_forward
daily,TSLA,2026-08-17,1530,essvi_g05,ok,,1M,0.0833333333,false,false,341.8542754767,341.8099903041,-0.0001295440,0.0001242775,-1.0423770503,32768,20260824,104,3.0000000000,true,1.0423770503,341.8521911497,-0.0000060971,0.0000413703,400000,20260824,192,0.0469282817,-0.0007571423,parity_forward
daily,TSLA,2026-08-17,1530,essvi_g05,ok,,3M,0.2500000000,false,false,344.6188541056,344.6184207636,-0.0000012575,0.0003957029,-0.0031777697,32768,20260824,104,3.0000000000,true,1.0423770503,344.6308110979,0.0000346963,0.0001201223,400000,20260824,192,0.0478606984,-0.0023607809,parity_forward
daily,TSLA,2026-08-17,1530,essvi_g05,ok,,6M,0.5000000000,false,false,348.8628376421,348.6140889036,-0.0007130273,0.0009645981,-0.7391963166,32768,20260824,104,3.0000000000,true,1.0423770503,348.9447253022,0.0002347274,0.0002838273,400000,20260824,192,0.0484099372,-0.0046397059,parity_forward
daily,TSLA,2026-08-17,1530,essvi_gfree,ok,,1M,0.0833333333,false,false,341.8542754767,341.8171735291,-0.0001085315,0.0001207276,-0.8989784256,32768,20260824,104,3.0000000000,true,0.9869914808,341.8526294571,-0.0000048150,0.0000414709,400000,20260824,192,0.0469282817,-0.0007571423,parity_forward
daily,TSLA,2026-08-17,1530,essvi_gfree,ok,,3M,0.2500000000,false,false,344.6188541056,344.6494574473,0.0000888034,0.0003585403,0.2476804999,32768,20260824,104,3.0000000000,true,0.9869914808,344.6294947251,0.0000308765,0.0001091643,400000,20260824,192,0.0478606984,-0.0023607809,parity_forward
daily,TSLA,2026-08-17,1530,essvi_gfree,ok,,6M,0.5000000000,false,false,348.8628376421,348.6037573341,-0.0007426423,0.0007524303,-0.9869914808,32768,20260824,104,3.0000000000,true,0.9869914808,348.9095689923,0.0001339534,0.0002231943,400000,20260824,192,0.0484099372,-0.0046397059,parity_forward
daily,TSLA,2026-08-17,1530,essvi_sg05,ok,,1M,0.0833333333,false,false,341.8542754767,341.7410617452,-0.0003311754,0.0002042647,-1.6213051630,32768,20260824,104,3.0000000000,true,1.6213051630,341.8520914659,-0.0000063887,0.0000602211,400000,20260824,192,0.0469282817,-0.0007571423,parity_forward
daily,TSLA,2026-08-17,1530,essvi_sg05,ok,,3M,0.2500000000,false,false,344.6188541056,344.6135896368,-0.0000152762,0.0004115042,-0.0371228429,32768,20260824,104,3.0000000000,true,1.6213051630,344.6434197465,0.0000712835,0.0001227189,400000,20260824,192,0.0478606984,-0.0023607809,parity_forward
daily,TSLA,2026-08-17,1530,essvi_sg05,ok,,6M,0.5000000000,false,false,348.8628376421,348.5668265317,-0.0008485028,0.0007680813,-1.1047044406,32768,20260824,104,3.0000000000,true,1.6213051630,348.9169433165,0.0001550915,0.0002252173,400000,20260824,192,0.0484099372,-0.0046397059,parity_forward
daily,TSLA,2026-08-18,1530,svi,ok,,1M,0.0833333333,false,false,337.4704742339,337.4936369524,0.0000686363,0.0001697159,0.4044187270,32768,20260824,104,3.0000000000,true,1.1448907977,337.4852559399,0.0000438015,0.0000557044,400000,20260824,192,0.0488314560,-0.0009156075,parity_forward
daily,TSLA,2026-08-18,1530,svi,ok,,3M,0.2500000000,false,false,340.0791604424,340.2418237515,0.0004783101,0.0004177780,1.1448907977,32768,20260824,104,3.0000000000,true,1.1448907977,340.1040950249,0.0000733199,0.0001211034,400000,20260824,192,0.0470787224,-0.0021410225,parity_forward
daily,TSLA,2026-08-18,1530,svi,ok,,6M,0.5000000000,false,false,344.0159601387,343.8337713104,-0.0005295941,0.0007309064,-0.7245716996,32768,20260824,104,3.0000000000,true,1.1448907977,344.0483539225,0.0000941636,0.0002189542,400000,20260824,192,0.0465586346,-0.0037171275,parity_forward
daily,TSLA,2026-08-18,1530,ssvi,ok,,1M,0.0833333333,false,false,337.4704742339,337.4726152043,0.0000063442,0.0000953484,0.0665367343,32768,20260824,104,3.0000000000,true,0.9380030168,337.4775774376,0.0000210484,0.0000301466,400000,20260824,192,0.0488314560,-0.0009156075,parity_forward
daily,TSLA,2026-08-18,1530,ssvi,ok,,3M,0.2500000000,false,false,340.0791604424,340.1960571847,0.0003437339,0.0003664529,0.9380030168,32768,20260824,104,3.0000000000,true,0.9380030168,340.0937349190,0.0000428561,0.0001086216,400000,20260824,192,0.0470787224,-0.0021410225,parity_forward
daily,TSLA,2026-08-18,1530,ssvi,ok,,6M,0.5000000000,false,false,344.0159601387,343.8336145621,-0.0005300498,0.0007546250,-0.7024015611,32768,20260824,104,3.0000000000,true,0.9380030168,344.0615041362,0.0001323892,0.0002263512,400000,20260824,192,0.0465586346,-0.0037171275,parity_forward
daily,TSLA,2026-08-18,1530,essvi,ok,,1M,0.0833333333,false,false,337.4704742339,337.4242158238,-0.0001370739,0.0001381423,-0.9922660767,32768,20260824,104,3.0000000000,true,1.0912418538,337.4746169697,0.0000122758,0.0000402600,400000,20260824,192,0.0488314560,-0.0009156075,parity_forward
daily,TSLA,2026-08-18,1530,essvi,ok,,3M,0.2500000000,false,false,340.0791604424,340.1334151772,0.0001595356,0.0003645709,0.4375982519,32768,20260824,104,3.0000000000,true,1.0912418538,340.0922627106,0.0000385271,0.0001063777,400000,20260824,192,0.0470787224,-0.0021410225,parity_forward
daily,TSLA,2026-08-18,1530,essvi,ok,,6M,0.5000000000,false,false,344.0159601387,343.7518875385,-0.0007676173,0.0007034346,-1.0912418538,32768,20260824,104,3.0000000000,true,1.0912418538,344.0544108980,0.0001117703,0.0002115390,400000,20260824,192,0.0465586346,-0.0037171275,parity_forward
daily,TSLA,2026-08-18,1530,essvi_g05,ok,,1M,0.0833333333,false,false,337.4704742339,337.4263943628,-0.0001306185,0.0001359722,-0.9606258434,32768,20260824,104,3.0000000000,true,1.0241444530,337.4723465072,0.0000055480,0.0000408316,400000,20260824,192,0.0488314560,-0.0009156075,parity_forward
daily,TSLA,2026-08-18,1530,essvi_g05,ok,,3M,0.2500000000,false,false,340.0791604424,340.1076241221,0.0000836972,0.0003955714,0.2115856311,32768,20260824,104,3.0000000000,true,1.0241444530,340.0893627435,0.0000299998,0.0001211475,400000,20260824,192,0.0470787224,-0.0021410225,parity_forward
daily,TSLA,2026-08-18,1530,essvi_g05,ok,,6M,0.5000000000,false,false,344.0159601387,343.7165400137,-0.0008703670,0.0008498478,-1.0241444530,32768,20260824,104,3.0000000000,true,1.0241444530,344.0904692898,0.0002165863,0.0002774055,400000,20260824,192,0.0465586346,-0.0037171275,parity_forward
daily,TSLA,2026-08-18,1530,essvi_gfree,ok,,1M,0.0833333333,false,false,337.4704742339,337.4291155615,-0.0001225549,0.0001354796,-0.9046009409,32768,20260824,104,3.0000000000,true,1.0442346847,337.4733353653,0.0000084782,0.0000409494,400000,20260824,192,0.0488314560,-0.0009156075,parity_forward
daily,TSLA,2026-08-18,1530,essvi_gfree,ok,,3M,0.2500000000,false,false,340.0791604424,340.1304600126,0.0001508460,0.0003715850,0.4059528019,32768,20260824,104,3.0000000000,true,1.0442346847,340.0896409115,0.0000308177,0.0001125662,400000,20260824,192,0.0470787224,-0.0021410225,parity_forward
daily,TSLA,2026-08-18,1530,essvi_gfree,ok,,6M,0.5000000000,false,false,344.0159601387,343.7499909897,-0.0007731303,0.0007403798,-1.0442346847,32768,20260824,104,3.0000000000,true,1.0442346847,344.0645260495,0.0001411734,0.0002299062,400000,20260824,192,0.0465586346,-0.0037171275,parity_forward
daily,TSLA,2026-08-18,1530,essvi_sg05,ok,,1M,0.0833333333,false,false,337.4704742339,337.4381300269,-0.0000958431,0.0002214906,-0.4327183737,32768,20260824,104,3.0000000000,true,0.9306822166,337.4676565554,-0.0000083494,0.0000651749,400000,20260824,192,0.0488314560,-0.0009156075,parity_forward
daily,TSLA,2026-08-18,1530,essvi_sg05,ok,,3M,0.2500000000,false,false,340.0791604424,340.1144693202,0.0001038255,0.0004278512,0.2426672422,32768,20260824,104,3.0000000000,true,0.9306822166,340.0908979520,0.0000345141,0.0001226389,400000,20260824,192,0.0470787224,-0.0021410225,parity_forward
daily,TSLA,2026-08-18,1530,essvi_sg05,ok,,6M,0.5000000000,false,false,344.0159601387,343.7736776229,-0.0007042770,0.0007567319,-0.9306822166,32768,20260824,104,3.0000000000,true,0.9306822166,344.0439141201,0.0000812578,0.0002216728,400000,20260824,192,0.0465586346,-0.0037171275,parity_forward
daily,TSLA,2026-08-19,1530,svi,ok,,1M,0.0833333333,false,false,349.8051526076,349.8136120395,0.0000241833,0.0001701512,0.1421281499,32768,20260824,104,3.0000000000,true,1.1337806060,349.8039525110,-0.0000034308,0.0000602165,400000,20260824,192,0.0446845840,-0.0005785935,parity_forward
daily,TSLA,2026-08-19,1530,svi,ok,,3M,0.2500000000,false,false,352.5254249519,352.6898739665,0.0004664884,0.0004114450,1.1337806060,32768,20260824,104,3.0000000000,true,1.1337806060,352.5298136620,0.0000124493,0.0001238451,400000,20260824,192,0.0458806795,-0.0018664215,parity_forward
daily,TSLA,2026-08-19,1530,svi,ok,,6M,0.5000000000,false,false,356.6723520126,356.5503194511,-0.0003421419,0.0007500829,-0.4561387990,32768,20260824,104,3.0000000000,true,1.1337806060,356.7022738639,0.0000838917,0.0002242526,400000,20260824,192,0.0463300032,-0.0036520980,parity_forward
daily,TSLA,2026-08-19,1530,ssvi,ok,,1M,0.0833333333,false,false,349.8051526076,349.8102650482,0.0000146151,0.0000980914,0.1489947996,32768,20260824,104,3.0000000000,true,0.9139695885,349.8167302924,0.0000330975,0.0000317666,400000,20260824,192,0.0446845840,-0.0005785935,parity_forward
daily,TSLA,2026-08-19,1530,ssvi,ok,,3M,0.2500000000,false,false,352.5254249519,352.6477940001,0.0003471212,0.0003797951,0.9139695885,32768,20260824,104,3.0000000000,true,0.9139695885,352.5380828843,0.0000359064,0.0001133337,400000,20260824,192,0.0458806795,-0.0018664215,parity_forward
daily,TSLA,2026-08-19,1530,ssvi,ok,,6M,0.5000000000,false,false,356.6723520126,356.4750489913,-0.0005531772,0.0007903792,-0.6998883598,32768,20260824,104,3.0000000000,true,0.9139695885,356.7148810740,0.0001192385,0.0002363747,400000,20260824,192,0.0463300032,-0.0036520980,parity_forward
daily,TSLA,2026-08-19,1530,essvi,ok,,1M,0.0833333333,false,false,349.8051526076,349.7632022167,-0.0001199250,0.0001663156,-0.7210689881,32768,20260824,104,3.0000000000,true,0.9662441180,349.8310314639,0.0000739808,0.0000480226,400000,20260824,192,0.0446845840,-0.0005785935,parity_forward
daily,TSLA,2026-08-19,1530,essvi,ok,,3M,0.2500000000,false,false,352.5254249519,352.6098538980,0.0002394975,0.0003852547,0.6216601574,32768,20260824,104,3.0000000000,true,0.9662441180,352.5523837105,0.0000764732,0.0001138398,400000,20260824,192,0.0458806795,-0.0018664215,parity_forward
daily,TSLA,2026-08-19,1530,essvi,ok,,6M,0.5000000000,false,false,356.6723520126,356.4219536815,-0.0007020402,0.0007265661,-0.9662441180,32768,20260824,104,3.0000000000,true,0.9662441180,356.7255075606,0.0001490319,0.0002197143,400000,20260824,192,0.0463300032,-0.0036520980,parity_forward
daily,TSLA,2026-08-19,1530,essvi_g05,ok,,1M,0.0833333333,false,false,349.8051526076,349.7611017348,-0.0001259297,0.0001665092,-0.7562929517,32768,20260824,104,3.0000000000,true,0.9412012392,349.8301689714,0.0000715151,0.0000480468,400000,20260824,192,0.0446845840,-0.0005785935,parity_forward
daily,TSLA,2026-08-19,1530,essvi_g05,ok,,3M,0.2500000000,false,false,352.5254249519,352.5731590300,0.0001354061,0.0004275969,0.3166675478,32768,20260824,104,3.0000000000,true,0.9412012392,352.5483958092,0.0000651609,0.0001302817,400000,20260824,192,0.0458806795,-0.0018664215,parity_forward
daily,TSLA,2026-08-19,1530,essvi_g05,ok,,6M,0.5000000000,false,false,356.6723520126,356.3721990516,-0.0008415369,0.0008941095,-0.9412012392,32768,20260824,104,3.0000000000,true,0.9412012392,356.7412574917,0.0001931899,0.0002870991,400000,20260824,192,0.0463300032,-0.0036520980,parity_forward
daily,TSLA,2026-08-19,1530,essvi_gfree,ok,,1M,0.0833333333,false,false,349.8051526076,349.7717207670,-0.0000955728,0.0001551074,-0.6161713563,32768,20260824,104,3.0000000000,true,0.8919637308,349.8294671717,0.0000695089,0.0000476424,400000,20260824,192,0.0446845840,-0.0005785935,parity_forward
daily,TSLA,2026-08-19,1530,essvi_gfree,ok,,3M,0.2500000000,false,false,352.5254249519,352.6164771462,0.0002582855,0.0003895974,0.6629547794,32768,20260824,104,3.0000000000,true,0.8919637308,352.5495652630,0.0000684782,0.0001174418,400000,20260824,192,0.0458806795,-0.0018664215,parity_forward
daily,TSLA,2026-08-19,1530,essvi_gfree,ok,,6M,0.5000000000,false,false,356.6723520126,356.4356323346,-0.0006636895,0.0007440767,-0.8919637308,32768,20260824,104,3.0000000000,true,0.8919637308,356.7244499723,0.0001460667,0.0002271337,400000,20260824,192,0.0463300032,-0.0036520980,parity_forward
daily,TSLA,2026-08-19,1530,essvi_sg05,ok,,1M,0.0833333333,false,false,349.8051526076,349.6141544647,-0.0005460129,0.0002732605,-1.9981404291,32768,20260824,104,3.0000000000,true,1.9981404291,349.8014352663,-0.0000106269,0.0000660757,400000,20260824,192,0.0446845840,-0.0005785935,parity_forward
daily,TSLA,2026-08-19,1530,essvi_sg05,ok,,3M,0.2500000000,false,false,352.5254249519,352.5192695850,-0.0000174608,0.0004880482,-0.0357767435,32768,20260824,104,3.0000000000,true,1.9981404291,352.5313533601,0.0000168170,0.0001287173,400000,20260824,192,0.0458806795,-0.0018664215,parity_forward
daily,TSLA,2026-08-19,1530,essvi_sg05,ok,,6M,0.5000000000,false,false,356.6723520126,356.3264460768,-0.0009698143,0.0008012187,-1.2104239439,32768,20260824,104,3.0000000000,true,1.9981404291,356.7008081823,0.0000797824,0.0002325237,400000,20260824,192,0.0463300032,-0.0036520980,parity_forward
daily,TSLA,2026-08-20,1530,svi,ok,,1M,0.0833333333,false,false,344.4737135489,344.5171682823,0.0001261482,0.0001429063,0.8827333579,32768,20260824,104,3.0000000000,true,1.2596491618,344.4743172787,0.0000017526,0.0000472621,400000,20260824,192,0.0462013799,-0.0007132128,parity_forward
daily,TSLA,2026-08-20,1530,svi,ok,,3M,0.2500000000,false,false,347.1640502230,347.3396550656,0.0005058267,0.0004015616,1.2596491618,32768,20260824,104,3.0000000000,true,1.2596491618,347.1691924090,0.0000148120,0.0001155377,400000,20260824,192,0.0465190643,-0.0020261081,parity_forward
daily,TSLA,2026-08-20,1530,svi,ok,,6M,0.5000000000,false,false,351.3180567391,351.2002640565,-0.0003352879,0.0007544420,-0.4444183365,32768,20260824,104,3.0000000000,true,1.2596491618,351.3505699134,0.0000925463,0.0002251785,400000,20260824,192,0.0470485767,-0.0040100083,parity_forward
daily,TSLA,2026-08-20,1530,ssvi,ok,,1M,0.0833333333,false,false,344.4737135489,344.4802959648,0.0000191086,0.0000933816,0.2046293507,32768,20260824,104,3.0000000000,true,0.8602676925,344.4861675266,0.0000361536,0.0000297453,400000,20260824,192,0.0462013799,-0.0007132128,parity_forward
daily,TSLA,2026-08-20,1530,ssvi,ok,,3M,0.2500000000,false,false,347.1640502230,347.2785640600,0.0003298551,0.0003834331,0.8602676925,32768,20260824,104,3.0000000000,true,0.8602676925,347.1838246239,0.0000569598,0.0001128201,400000,20260824,192,0.0465190643,-0.0020261081,parity_forward
daily,TSLA,2026-08-20,1530,ssvi,ok,,6M,0.5000000000,false,false,351.3180567391,351.1412997064,-0.0005031254,0.0008051276,-0.6249014522,32768,20260824,104,3.0000000000,true,0.8602676925,351.3633763028,0.0001289987,0.0002377827,400000,20260824,192,0.0470485767,-0.0040100083,parity_forward
daily,TSLA,2026-08-20,1530,essvi,ok,,1M,0.0833333333,false,false,344.4737135489,344.4399923390,-0.0000978920,0.0001416101,-0.6912779580,32768,20260824,104,3.0000000000,true,0.8332034040,344.4925658406,0.0000547278,0.0000403697,400000,20260824,192,0.0462013799,-0.0007132128,parity_forward
daily,TSLA,2026-08-20,1530,essvi,ok,,3M,0.2500000000,false,false,347.1640502230,347.2483833006,0.0002429200,0.0003849041,0.6311181500,32768,20260824,104,3.0000000000,true,0.8332034040,347.1893934989,0.0000730009,0.0001099398,400000,20260824,192,0.0465190643,-0.0020261081,parity_forward
daily,TSLA,2026-08-20,1530,essvi,ok,,6M,0.5000000000,false,false,351.3180567391,351.0977334584,-0.0006271334,0.0007526774,-0.8332034040,32768,20260824,104,3.0000000000,true,0.8332034040,351.3689007652,0.0001447236,0.0002223624,400000,20260824,192,0.0470485767,-0.0040100083,parity_forward
daily,TSLA,2026-08-20,1530,essvi_g05,ok,,1M,0.0833333333,false,false,344.4737135489,344.4320368186,-0.0001209867,0.0001474948,-0.8202777208,32768,20260824,104,3.0000000000,true,0.8207637934,344.4933278569,0.0000569399,0.0000410929,400000,20260824,192,0.0462013799,-0.0007132128,parity_forward
daily,TSLA,2026-08-20,1530,essvi_g05,ok,,3M,0.2500000000,false,false,347.1640502230,347.2065197375,0.0001223327,0.0004281378,0.2857320442,32768,20260824,104,3.0000000000,true,0.8207637934,347.1874000349,0.0000672587,0.0001241851,400000,20260824,192,0.0465190643,-0.0020261081,parity_forward
daily,TSLA,2026-08-20,1530,essvi_g05,ok,,6M,0.5000000000,false,false,351.3180567391,351.0531325398,-0.0007540865,0.0009187619,-0.8207637934,32768,20260824,104,3.0000000000,true,0.8207637934,351.3795171722,0.0001749424,0.0002832903,400000,20260824,192,0.0470485767,-0.0040100083,parity_forward
daily,TSLA,2026-08-20,1530,essvi_gfree,ok,,1M,0.0833333333,false,false,344.4737135489,344.4371217826,-0.0001062251,0.0001416512,-0.7499062240,32768,20260824,104,3.0000000000,true,0.8394657246,344.4932146133,0.0000566112,0.0000410178,400000,20260824,192,0.0462013799,-0.0007132128,parity_forward
daily,TSLA,2026-08-20,1530,essvi_gfree,ok,,3M,0.2500000000,false,false,347.1640502230,347.2335416250,0.0002001688,0.0004004585,0.4998489335,32768,20260824,104,3.0000000000,true,0.8394657246,347.1892925256,0.0000727100,0.0001164315,400000,20260824,192,0.0465190643,-0.0020261081,parity_forward
daily,TSLA,2026-08-20,1530,essvi_gfree,ok,,6M,0.5000000000,false,false,351.3180567391,351.0806469270,-0.0006757689,0.0008049988,-0.8394657246,32768,20260824,104,3.0000000000,true,0.8394657246,351.3728770074,0.0001560417,0.0002412239,400000,20260824,192,0.0470485767,-0.0040100083,parity_forward
daily,TSLA,2026-08-20,1530,essvi_sg05,ok,,1M,0.0833333333,false,false,344.4737135489,344.5834635810,0.0003186021,0.0002348070,1.3568675309,32768,20260824,104,3.0000000000,true,1.3568675309,344.5076911733,0.0000986363,0.0000662421,400000,20260824,192,0.0462013799,-0.0007132128,parity_forward
daily,TSLA,2026-08-20,1530,essvi_sg05,ok,,3M,0.2500000000,false,false,347.1640502230,347.3559958331,0.0005528960,0.0004304541,1.2844482060,32768,20260824,104,3.0000000000,true,1.3568675309,347.2011763320,0.0001069411,0.0001250158,400000,20260824,192,0.0465190643,-0.0020261081,parity_forward
daily,TSLA,2026-08-20,1530,essvi_sg05,ok,,6M,0.5000000000,false,false,351.3180567391,351.2233083271,-0.0002696941,0.0007974858,-0.3381804747,32768,20260824,104,3.0000000000,true,1.3568675309,351.3868556697,0.0001958309,0.0002368379,400000,20260824,192,0.0470485767,-0.0040100083,parity_forward
daily,TSLA,2026-08-21,1530,svi,ok,,1M,0.0833333333,false,false,366.0061048368,366.0266151877,0.0000560383,0.0001732218,0.3235059909,32768,20260824,104,3.0000000000,true,1.1036816776,366.0153279065,0.0000251992,0.0000458033,400000,20260824,192,0.0435570771,-0.0004680793,parity_forward
daily,TSLA,2026-08-21,1530,svi,ok,,3M,0.2500000000,false,false,368.9083339326,369.0843096360,0.0004770174,0.0004322056,1.1036816776,32768,20260824,104,3.0000000000,true,1.1036816776,368.9322550365,0.0000648429,0.0001148591,400000,20260824,192,0.0461117557,-0.0019009723,parity_forward
daily,TSLA,2026-08-21,1530,svi,ok,,6M,0.5000000000,false,false,373.4590086957,373.2833173441,-0.0004704435,0.0007869679,-0.5977924368,32768,20260824,104,3.0000000000,true,1.1036816776,373.5017162735,0.0001143568,0.0002234017,400000,20260824,192,0.0475759854,-0.0042726206,parity_forward
daily,TSLA,2026-08-21,1530,ssvi,ok,,1M,0.0833333333,false,false,366.0061048368,366.0112404875,0.0000140316,0.0001140008,0.1230833327,32768,20260824,104,3.0000000000,true,0.8780281492,366.0179874857,0.0000324657,0.0000308441,400000,20260824,192,0.0435570771,-0.0004680793,parity_forward
daily,TSLA,2026-08-21,1530,ssvi,ok,,3M,0.2500000000,false,false,368.9083339326,369.0408303814,0.0003591582,0.0004090509,0.8780281492,32768,20260824,104,3.0000000000,true,0.8780281492,368.9320250074,0.0000642194,0.0001141584,400000,20260824,192,0.0461117557,-0.0019009723,parity_forward
daily,TSLA,2026-08-21,1530,ssvi,ok,,6M,0.5000000000,false,false,373.4590086957,373.2429917827,-0.0005784220,0.0008349325,-0.6927769487,32768,20260824,104,3.0000000000,true,0.8780281492,373.5047908954,0.0001225896,0.0002373651,400000,20260824,192,0.0475759854,-0.0042726206,parity_forward
daily,TSLA,2026-08-21,1530,essvi,ok,,1M,0.0833333333,false,false,366.0061048368,365.9744236381,-0.0000865592,0.0001605937,-0.5389948964,32768,20260824,104,3.0000000000,true,0.8912317140,366.0141815457,0.0000220671,0.0000406755,400000,20260824,192,0.0435570771,-0.0004680793,parity_forward
daily,TSLA,2026-08-21,1530,essvi,ok,,3M,0.2500000000,false,false,368.9083339326,369.0177919544,0.0002967079,0.0004085571,0.7262337172,32768,20260824,104,3.0000000000,true,0.8912317140,368.9262192900,0.0000484818,0.0001103015,400000,20260824,192,0.0461117557,-0.0019009723,parity_forward
daily,TSLA,2026-08-21,1530,essvi,ok,,6M,0.5000000000,false,false,373.4590086957,373.1991896497,-0.0006957097,0.0007806159,-0.8912317140,32768,20260824,104,3.0000000000,true,0.8912317140,373.4999572994,0.0001096468,0.0002230113,400000,20260824,192,0.0475759854,-0.0042726206,parity_forward
daily,TSLA,2026-08-21,1530,essvi_g05,ok,,1M,0.0833333333,false,false,366.0061048368,365.9667533443,-0.0001075159,0.0001623965,-0.6620581184,32768,20260824,104,3.0000000000,true,0.8171686459,366.0156303916,0.0000260257,0.0000410437,400000,20260824,192,0.0435570771,-0.0004680793,parity_forward
daily,TSLA,2026-08-21,1530,essvi_g05,ok,,3M,0.2500000000,false,false,368.9083339326,368.9774809655,0.0001874369,0.0004588048,0.4085329503,32768,20260824,104,3.0000000000,true,0.8171686459,368.9255468881,0.0000466592,0.0001263754,400000,20260824,192,0.0461117557,-0.0019009723,parity_forward
daily,TSLA,2026-08-21,1530,essvi_g05,ok,,6M,0.5000000000,false,false,373.4590086957,373.1595779344,-0.0008017768,0.0009811644,-0.8171686459,32768,20260824,104,3.0000000000,true,0.8171686459,373.5098964792,0.0001362607,0.0002905446,400000,20260824,192,0.0475759854,-0.0042726206,parity_forward
daily,TSLA,2026-08-21,1530,essvi_gfree,ok,,1M,0.0833333333,false,false,366.0061048368,365.9749079626,-0.0000852359,0.0001591882,-0.5354411903,32768,20260824,104,3.0000000000,true,0.8791134105,366.0143596940,0.0000225539,0.0000408286,400000,20260824,192,0.0435570771,-0.0004680793,parity_forward
daily,TSLA,2026-08-21,1530,essvi_gfree,ok,,3M,0.2500000000,false,false,368.9083339326,369.0041434649,0.0002597109,0.0004226528,0.6144781616,32768,20260824,104,3.0000000000,true,0.8791134105,368.9234220875,0.0000408995,0.0001156954,400000,20260824,192,0.0461117557,-0.0019009723,parity_forward
daily,TSLA,2026-08-21,1530,essvi_gfree,ok,,6M,0.5000000000,false,false,373.4590086957,373.1900783473,-0.0007201067,0.0008191284,-0.8791134105,32768,20260824,104,3.0000000000,true,0.8791134105,373.5007435972,0.0001117523,0.0002353967,400000,20260824,192,0.0475759854,-0.0042726206,parity_forward
daily,TSLA,2026-08-21,1530,essvi_sg05,ok,,1M,0.0833333333,false,false,366.0061048368,365.9462108927,-0.0001636419,0.0001859934,-0.8798267219,32768,20260824,104,3.0000000000,true,0.9536219098,366.0207222623,0.0000399377,0.0000434151,400000,20260824,192,0.0435570771,-0.0004680793,parity_forward
daily,TSLA,2026-08-21,1530,essvi_sg05,ok,,3M,0.2500000000,false,false,368.9083339326,368.9873651566,0.0002142300,0.0004212980,0.5084998716,32768,20260824,104,3.0000000000,true,0.9536219098,368.9328831105,0.0000665455,0.0001125768,400000,20260824,192,0.0461117557,-0.0019009723,parity_forward
daily,TSLA,2026-08-21,1530,essvi_sg05,ok,,6M,0.5000000000,false,false,373.4590086957,373.1729839399,-0.0007658799,0.0008031274,-0.9536219098,32768,20260824,104,3.0000000000,true,0.9536219098,373.5050926400,0.0001233976,0.0002286123,400000,20260824,192,0.0475759854,-0.0042726206,parity_forward
daily,TSLA,2026-08-24,1538,svi,ok,,1M,0.0833333333,false,false,351.9774463994,351.9511551449,-0.0000746958,0.0001551013,-0.4815940403,32768,20260824,104,3.0000000000,true,0.8787276219,351.9926176994,0.0000431030,0.0000502099,400000,20260824,192,0.0487650140,-0.0009017767,parity_forward
daily,TSLA,2026-08-24,1538,svi,ok,,3M,0.2500000000,false,false,354.6727795068,354.7375814051,0.0001827090,0.0003872028,0.4718688939,32768,20260824,104,3.0000000000,true,0.8787276219,354.6968080821,0.0000677486,0.0001148227,400000,20260824,192,0.0467690675,-0.0020402657,parity_forward
daily,TSLA,2026-08-24,1538,svi,ok,,6M,0.5000000000,false,false,358.8975833523,358.6600960860,-0.0006617132,0.0007530356,-0.8787276219,32768,20260824,104,3.0000000000,true,0.8787276219,358.9527277041,0.0001536493,0.0002236435,400000,20260824,192,0.0470674300,-0.0039697522,parity_forward
daily,TSLA,2026-08-24,1538,ssvi,ok,,1M,0.0833333333,false,false,351.9774463994,351.9797542665,0.0000065569,0.0000941217,0.0696636192,32768,20260824,104,3.0000000000,true,0.6919719968,351.9824621016,0.0000142501,0.0000293753,400000,20260824,192,0.0487650140,-0.0009017767,parity_forward
daily,TSLA,2026-08-24,1538,ssvi,ok,,3M,0.2500000000,false,false,354.6727795068,354.7493536813,0.0002159009,0.0003716926,0.5808586957,32768,20260824,104,3.0000000000,true,0.6919719968,354.6883462530,0.0000438904,0.0001087636,400000,20260824,192,0.0467690675,-0.0020402657,parity_forward
daily,TSLA,2026-08-24,1538,ssvi,ok,,6M,0.5000000000,false,false,358.8975833523,358.6983377117,-0.0005551602,0.0008022870,-0.6919719968,32768,20260824,104,3.0000000000,true,0.6919719968,358.9471770967,0.0001381836,0.0002304367,400000,20260824,192,0.0470674300,-0.0039697522,parity_forward
daily,TSLA,2026-08-24,1538,essvi,ok,,1M,0.0833333333,false,false,351.9774463994,351.9466411174,-0.0000875206,0.0001266701,-0.6909337477,32768,20260824,104,3.0000000000,true,0.8883117732,351.9887011056,0.0000319756,0.0000374514,400000,20260824,192,0.0487650140,-0.0009017767,parity_forward
daily,TSLA,2026-08-24,1538,essvi,ok,,3M,0.2500000000,false,false,354.6727795068,354.7194299239,0.0001315309,0.0003626179,0.3627258299,32768,20260824,104,3.0000000000,true,0.8883117732,354.6931481156,0.0000574293,0.0001049966,400000,20260824,192,0.0467690675,-0.0020402657,parity_forward
daily,TSLA,2026-08-24,1538,essvi,ok,,6M,0.5000000000,false,false,358.8975833523,358.6578197213,-0.0006680559,0.0007520511,-0.8883117732,32768,20260824,104,3.0000000000,true,0.8883117732,358.9500507257,0.0001461904,0.0002187644,400000,20260824,192,0.0470674300,-0.0039697522,parity_forward
daily,TSLA,2026-08-24,1538,essvi_g05,ok,,1M,0.0833333333,false,false,351.9774463994,351.9362773755,-0.0001169649,0.0001260775,-0.9277223766,32768,20260824,104,3.0000000000,true,0.9277223766,351.9896888505,0.0000347819,0.0000374001,400000,20260824,192,0.0487650140,-0.0009017767,parity_forward
daily,TSLA,2026-08-24,1538,essvi_g05,ok,,3M,0.2500000000,false,false,354.6727795068,354.6701258744,-0.0000074819,0.0003952817,-0.0189280615,32768,20260824,104,3.0000000000,true,0.9277223766,354.6901738365,0.0000490433,0.0001189037,400000,20260824,192,0.0467690675,-0.0020402657,parity_forward
daily,TSLA,2026-08-24,1538,essvi_g05,ok,,6M,0.5000000000,false,false,358.8975833523,358.6284013483,-0.0007500246,0.0009352552,-0.8019464279,32768,20260824,104,3.0000000000,true,0.9277223766,358.9566163181,0.0001644842,0.0002752024,400000,20260824,192,0.0470674300,-0.0039697522,parity_forward
daily,TSLA,2026-08-24,1538,essvi_gfree,ok,,1M,0.0833333333,false,false,351.9774463994,351.9395907892,-0.0001075512,0.0001225626,-0.8775211526,32768,20260824,104,3.0000000000,true,0.9194925410,351.9893084114,0.0000337011,0.0000372456,400000,20260824,192,0.0487650140,-0.0009017767,parity_forward
daily,TSLA,2026-08-24,1538,essvi_gfree,ok,,3M,0.2500000000,false,false,354.6727795068,354.6918129487,0.0000536648,0.0003734985,0.1436814307,32768,20260824,104,3.0000000000,true,0.9194925410,354.6908313933,0.0000508973,0.0001114430,400000,20260824,192,0.0467690675,-0.0020402657,parity_forward
daily,TSLA,2026-08-24,1538,essvi_gfree,ok,,6M,0.5000000000,false,false,358.8975833523,358.6287926256,-0.0007489343,0.0008145083,-0.9194925410,32768,20260824,104,3.0000000000,true,0.9194925410,358.9506202376,0.0001477772,0.0002391628,400000,20260824,192,0.0470674300,-0.0039697522,parity_forward
daily,TSLA,2026-08-24,1538,essvi_sg05,ok,,1M,0.0833333333,false,false,351.9774463994,351.9428369166,-0.0000983287,0.0001373934,-0.7156726485,32768,20260824,104,3.0000000000,true,0.8796189279,351.9918722128,0.0000409851,0.0000387108,400000,20260824,192,0.0487650140,-0.0009017767,parity_forward
daily,TSLA,2026-08-24,1538,essvi_sg05,ok,,3M,0.2500000000,false,false,354.6727795068,354.7147918911,0.0001184539,0.0003676217,0.3222169013,32768,20260824,104,3.0000000000,true,0.8796189279,354.6960220339,0.0000655323,0.0001057140,400000,20260824,192,0.0467690675,-0.0020402657,parity_forward
daily,TSLA,2026-08-24,1538,essvi_sg05,ok,,6M,0.5000000000,false,false,358.8975833523,358.6526488458,-0.0006824635,0.0007758627,-0.8796189279,32768,20260824,104,3.0000000000,true,0.8796189279,358.9530085546,0.0001544318,0.0002233500,400000,20260824,192,0.0470674300,-0.0039697522,parity_forward
daily,TSLA,2026-08-25,1530,svi,ok,,1M,0.0833333333,false,false,353.5293926094,353.5468928042,0.0000495014,0.0001785065,0.2773085406,32768,20260824,104,3.0000000000,true,1.0111027387,353.5478752371,0.0000522803,0.0000582394,400000,20260824,192,0.0506618854,-0.0010679920,parity_forward
daily,TSLA,2026-08-25,1530,svi,ok,,3M,0.2500000000,false,false,356.2790689110,356.4221167452,0.0004015050,0.0003970962,1.0111027387,32768,20260824,104,3.0000000000,true,1.0111027387,356.3083464268,0.0000821758,0.0001204379,400000,20260824,192,0.0478780788,-0.0023412155,parity_forward
daily,TSLA,2026-08-25,1530,svi,ok,,6M,0.5000000000,false,false,360.7248345426,360.5561444199,-0.0004676421,0.0007478211,-0.6253395144,32768,20260824,104,3.0000000000,true,1.0111027387,360.7642675358,0.0001093160,0.0002267851,400000,20260824,192,0.0487412620,-0.0047549825,parity_forward
daily,TSLA,2026-08-25,1530,ssvi,ok,,1M,0.0833333333,false,false,353.5293926094,353.5330247146,0.0000102738,0.0000913098,0.1125162572,32768,20260824,104,3.0000000000,true,0.7854971432,353.5356580687,0.0000177226,0.0000311016,400000,20260824,192,0.0506618854,-0.0010679920,parity_forward
daily,TSLA,2026-08-25,1530,ssvi,ok,,3M,0.2500000000,false,false,356.2790689110,356.3813402294,0.0002870540,0.0003654424,0.7854971432,32768,20260824,104,3.0000000000,true,0.7854971432,356.2956456584,0.0000465274,0.0001122727,400000,20260824,192,0.0478780788,-0.0023412155,parity_forward
daily,TSLA,2026-08-25,1530,ssvi,ok,,6M,0.5000000000,false,false,360.7248345426,360.5178654897,-0.0005737588,0.0007718779,-0.7433284656,32768,20260824,104,3.0000000000,true,0.7854971432,360.7737424738,0.0001355824,0.0002345702,400000,20260824,192,0.0487412620,-0.0047549825,parity_forward
daily,TSLA,2026-08-25,1530,essvi,ok,,1M,0.0833333333,false,false,353.5293926094,353.4941376928,-0.0000997227,0.0001399456,-0.7125818760,32768,20260824,104,3.0000000000,true,1.0242921854,353.5331731908,0.0000106938,0.0000388270,400000,20260824,192,0.0506618854,-0.0010679920,parity_forward
daily,TSLA,2026-08-25,1530,essvi,ok,,3M,0.2500000000,false,false,356.2790689110,356.3354039621,0.0001581206,0.0003651278,0.4330554427,32768,20260824,104,3.0000000000,true,1.0242921854,356.2913270862,0.0000344061,0.0001082902,400000,20260824,192,0.0478780788,-0.0023412155,parity_forward
daily,TSLA,2026-08-25,1530,essvi,ok,,6M,0.5000000000,false,false,360.7248345426,360.4560232172,-0.0007451977,0.0007275246,-1.0242921854,32768,20260824,104,3.0000000000,true,1.0242921854,360.7666716545,0.0001159807,0.0002211002,400000,20260824,192,0.0487412620,-0.0047549825,parity_forward
daily,TSLA,2026-08-25,1530,essvi_g05,ok,,1M,0.0833333333,false,false,353.5293926094,353.4894578968,-0.0001129601,0.0001369558,-0.8247923830,32768,20260824,104,3.0000000000,true,1.0578992889,353.5307378619,0.0000038052,0.0000393776,400000,20260824,192,0.0506618854,-0.0010679920,parity_forward
daily,TSLA,2026-08-25,1530,essvi_g05,ok,,3M,0.2500000000,false,false,356.2790689110,356.2992965216,0.0000567746,0.0003908144,0.1452725895,32768,20260824,104,3.0000000000,true,1.0578992889,356.2890736034,0.0000280811,0.0001219935,400000,20260824,192,0.0478780788,-0.0023412155,parity_forward
daily,TSLA,2026-08-25,1530,essvi_g05,ok,,6M,0.5000000000,false,false,360.7248345426,360.3989935886,-0.0009032950,0.0008538573,-1.0578992889,32768,20260824,104,3.0000000000,true,1.0578992889,360.7802284964,0.0001535629,0.0002735575,400000,20260824,192,0.0487412620,-0.0047549825,parity_forward
daily,TSLA,2026-08-25,1530,essvi_gfree,ok,,1M,0.0833333333,false,false,353.5293926094,353.4921312733,-0.0001053981,0.0001359054,-0.7755255582,32768,20260824,104,3.0000000000,true,1.0861986184,353.5304585299,0.0000030151,0.0000395290,400000,20260824,192,0.0506618854,-0.0010679920,parity_forward
daily,TSLA,2026-08-25,1530,essvi_gfree,ok,,3M,0.2500000000,false,false,356.2790689110,356.3130814559,0.0000954660,0.0003767573,0.2533886099,32768,20260824,104,3.0000000000,true,1.0861986184,356.2884695455,0.0000263856,0.0001165756,400000,20260824,192,0.0478780788,-0.0023412155,parity_forward
daily,TSLA,2026-08-25,1530,essvi_gfree,ok,,6M,0.5000000000,false,false,360.7248345426,360.4162602188,-0.0008554286,0.0007875434,-1.0861986184,32768,20260824,104,3.0000000000,true,1.0861986184,360.7723822298,0.0001318115,0.0002471790,400000,20260824,192,0.0487412620,-0.0047549825,parity_forward
daily,TSLA,2026-08-25,1530,essvi_sg05,ok,,1M,0.0833333333,false,false,353.5293926094,353.4336443016,-0.0002708355,0.0002471694,-1.0957485047,32768,20260824,104,3.0000000000,true,1.1974240503,353.5353418685,0.0000168282,0.0000633541,400000,20260824,192,0.0506618854,-0.0010679920,parity_forward
daily,TSLA,2026-08-25,1530,essvi_sg05,ok,,3M,0.2500000000,false,false,356.2790689110,356.2932187844,0.0000397157,0.0004350564,0.0912886283,32768,20260824,104,3.0000000000,true,1.1974240503,356.2885562031,0.0000266288,0.0001217815,400000,20260824,192,0.0478780788,-0.0023412155,parity_forward
daily,TSLA,2026-08-25,1530,essvi_sg05,ok,,6M,0.5000000000,false,false,360.7248345426,360.3898283512,-0.0009287029,0.0007755840,-1.1974240503,32768,20260824,104,3.0000000000,true,1.1974240503,360.7767328077,0.0001438722,0.0002346864,400000,20260824,192,0.0487412620,-0.0047549825,parity_forward
daily,TSLA,2026-08-26,1530,svi,ok,,1M,0.0833333333,false,false,347.1796203170,347.1574277565,-0.0000639224,0.0001023258,-0.6246951033,32768,20260824,104,3.0000000000,true,0.7844213420,347.1723269522,-0.0000210075,0.0000434637,400000,20260824,192,0.0498663067,-0.0010017624,parity_forward
daily,TSLA,2026-08-26,1530,svi,ok,,3M,0.2500000000,false,false,349.8230863116,349.9149887843,0.0002627113,0.0003349109,0.7844213420,32768,20260824,104,3.0000000000,true,0.7844213420,349.8247485800,0.0000047517,0.0001045252,400000,20260824,192,0.0469632030,-0.0021373126,parity_forward
daily,TSLA,2026-08-26,1530,svi,ok,,6M,0.5000000000,false,false,354.2390002344,354.0486457754,-0.0005373617,0.0006879051,-0.7811566391,32768,20260824,104,3.0000000000,true,0.7844213420,354.2672936288,0.0000798709,0.0002101548,400000,20260824,192,0.0485701379,-0.0047186369,parity_forward
daily,TSLA,2026-08-26,1530,ssvi,ok,,1M,0.0833333333,false,false,347.1796203170,347.1815773633,0.0000056370,0.0000855793,0.0658685642,32768,20260824,104,3.0000000000,true,0.7746008241,347.1893025633,0.0000278883,0.0000290675,400000,20260824,192,0.0498663067,-0.0010017624,parity_forward
daily,TSLA,2026-08-26,1530,ssvi,ok,,3M,0.2500000000,false,false,349.8230863116,349.9099462973,0.0002482969,0.0003437946,0.7222244262,32768,20260824,104,3.0000000000,true,0.7746008241,349.8366198621,0.0000386868,0.0001052431,400000,20260824,192,0.0469632030,-0.0021373126,parity_forward
daily,TSLA,2026-08-26,1530,ssvi,ok,,6M,0.5000000000,false,false,354.2390002344,354.0393633886,-0.0005635654,0.0007275559,-0.7746008241,32768,20260824,104,3.0000000000,true,0.7746008241,354.2821852969,0.0001219094,0.0002199287,400000,20260824,192,0.0485701379,-0.0047186369,parity_forward
daily,TSLA,2026-08-26,1530,essvi,ok,,1M,0.0833333333,false,false,347.1796203170,347.1687253121,-0.0000313815,0.0000962833,-0.3259285780,32768,20260824,104,3.0000000000,true,1.0045313243,347.1944551987,0.0000427297,0.0000351338,400000,20260824,192,0.0498663067,-0.0010017624,parity_forward
daily,TSLA,2026-08-26,1530,essvi,ok,,3M,0.2500000000,false,false,349.8230863116,349.8840498401,0.0001742696,0.0003219966,0.5412155909,32768,20260824,104,3.0000000000,true,1.0045313243,349.8445578490,0.0000613783,0.0001007007,400000,20260824,192,0.0469632030,-0.0021373126,parity_forward
daily,TSLA,2026-08-26,1530,essvi,ok,,6M,0.5000000000,false,false,354.2390002344,353.9989711133,-0.0006775909,0.0006745344,-1.0045313243,32768,20260824,104,3.0000000000,true,1.0045313243,354.2847489293,0.0001291464,0.0002078515,400000,20260824,192,0.0485701379,-0.0047186369,parity_forward
daily,TSLA,2026-08-26,1530,essvi_g05,ok,,1M,0.0833333333,false,false,347.1796203170,347.1645502915,-0.0000434070,0.0000875015,-0.4960714390,32768,20260824,104,3.0000000000,true,0.9682171070,347.1946010183,0.0000431497,0.0000366181,400000,20260824,192,0.0498663067,-0.0010017624,parity_forward
daily,TSLA,2026-08-26,1530,essvi_g05,ok,,3M,0.2500000000,false,false,349.8230863116,349.8561952423,0.0000946448,0.0003409029,0.2776297701,32768,20260824,104,3.0000000000,true,0.9682171070,349.8416171114,0.0000529719,0.0001116868,400000,20260824,192,0.0469632030,-0.0021373126,parity_forward
daily,TSLA,2026-08-26,1530,essvi_g05,ok,,6M,0.5000000000,false,false,354.2390002344,353.9751311116,-0.0007448901,0.0007693420,-0.9682171070,32768,20260824,104,3.0000000000,true,0.9682171070,354.2867029997,0.0001346627,0.0002438163,400000,20260824,192,0.0485701379,-0.0047186369,parity_forward
daily,TSLA,2026-08-26,1530,essvi_gfree,ok,,1M,0.0833333333,false,false,347.1796203170,347.1689751570,-0.0000306618,0.0000855430,-0.3584373528,32768,20260824,104,3.0000000000,true,0.9875428032,347.1941548495,0.0000418646,0.0000370141,400000,20260824,192,0.0498663067,-0.0010017624,parity_forward
daily,TSLA,2026-08-26,1530,essvi_gfree,ok,,3M,0.2500000000,false,false,349.8230863116,349.8713737872,0.0001380340,0.0003282262,0.4205452715,32768,20260824,104,3.0000000000,true,0.9875428032,349.8416855501,0.0000531676,0.0001066351,400000,20260824,192,0.0469632030,-0.0021373126,parity_forward
daily,TSLA,2026-08-26,1530,essvi_gfree,ok,,6M,0.5000000000,false,false,354.2390002344,353.9908784552,-0.0007004361,0.0007092716,-0.9875428032,32768,20260824,104,3.0000000000,true,0.9875428032,354.2842557413,0.0001277542,0.0002213403,400000,20260824,192,0.0485701379,-0.0047186369,parity_forward
daily,TSLA,2026-08-26,1530,essvi_sg05,ok,,1M,0.0833333333,false,false,347.1796203170,347.2780954517,0.0002836432,0.0001440216,1.9694486575,32768,20260824,104,3.0000000000,true,1.9694486575,347.2082612329,0.0000824960,0.0000601243,400000,20260824,192,0.0498663067,-0.0010017624,parity_forward
daily,TSLA,2026-08-26,1530,essvi_sg05,ok,,3M,0.2500000000,false,false,349.8230863116,349.9636288391,0.0004017532,0.0003478285,1.1550322908,32768,20260824,104,3.0000000000,true,1.9694486575,349.8557452754,0.0000933585,0.0001145181,400000,20260824,192,0.0469632030,-0.0021373126,parity_forward
daily,TSLA,2026-08-26,1530,essvi_sg05,ok,,6M,0.5000000000,false,false,354.2390002344,354.1013458539,-0.0003885918,0.0007036147,-0.5522793246,32768,20260824,104,3.0000000000,true,1.9694486575,354.3077360512,0.0001940380,0.0002191189,400000,20260824,192,0.0485701379,-0.0047186369,parity_forward
daily,TSLA,2026-08-27,1530,svi,ok,,1M,0.0833333333,false,false,356.3961874210,356.4177026747,0.0000603689,0.0001550696,0.3893022102,32768,20260824,104,3.0000000000,true,1.1690464287,356.3925903124,-0.0000100930,0.0000405054,400000,20260824,192,0.0487927630,-0.0009040871,parity_forward
daily,TSLA,2026-08-27,1530,svi,ok,,3M,0.2500000000,false,false,359.1777419230,359.3545733790,0.0004923230,0.0004211321,1.1690464287,32768,20260824,104,3.0000000000,true,1.1690464287,359.1972807593,0.0000543988,0.0001063259,400000,20260824,192,0.0473617373,-0.0022610324,parity_forward
daily,TSLA,2026-08-27,1530,svi,ok,,6M,0.5000000000,false,false,363.5226122361,363.4084941476,-0.0003139229,0.0007209458,-0.4354320909,32768,20260824,104,3.0000000000,true,1.1690464287,363.5719460530,0.0001357104,0.0002081193,400000,20260824,192,0.0477291351,-0.0043488653,parity_forward
daily,TSLA,2026-08-27,1530,ssvi,ok,,1M,0.0833333333,false,false,356.3961874210,356.3987535884,0.0000072003,0.0000946961,0.0760361281,32768,20260824,104,3.0000000000,true,0.7195810587,356.4056164011,0.0000264565,0.0000277818,400000,20260824,192,0.0487927630,-0.0009040871,parity_forward
daily,TSLA,2026-08-27,1530,ssvi,ok,,3M,0.2500000000,false,false,359.1777419230,359.2710205737,0.0002597005,0.0003609052,0.7195810587,32768,20260824,104,3.0000000000,true,0.7195810587,359.1936745703,0.0000443587,0.0001032530,400000,20260824,192,0.0473617373,-0.0022610324,parity_forward
daily,TSLA,2026-08-27,1530,ssvi,ok,,6M,0.5000000000,false,false,363.5226122361,363.3429850548,-0.0004941293,0.0007558613,-0.6537301189,32768,20260824,104,3.0000000000,true,0.7195810587,363.5684930395,0.0001262117,0.0002205368,400000,20260824,192,0.0477291351,-0.0043488653,parity_forward
daily,TSLA,2026-08-27,1530,essvi,ok,,1M,0.0833333333,false,false,356.3961874210,356.3828251912,-0.0000374926,0.0001325831,-0.2827859834,32768,20260824,104,3.0000000000,true,0.8408651366,356.4094133073,0.0000371101,0.0000344256,400000,20260824,192,0.0487927630,-0.0009040871,parity_forward
daily,TSLA,2026-08-27,1530,essvi,ok,,3M,0.2500000000,false,false,359.1777419230,359.2376342085,0.0001667483,0.0003579856,0.4657961587,32768,20260824,104,3.0000000000,true,0.8408651366,359.1996969954,0.0000611259,0.0000986828,400000,20260824,192,0.0473617373,-0.0022610324,parity_forward
daily,TSLA,2026-08-27,1530,essvi,ok,,6M,0.5000000000,false,false,363.5226122361,363.3021384345,-0.0006064927,0.0007212722,-0.8408651366,32768,20260824,104,3.0000000000,true,0.8408651366,363.5665050738,0.0001207431,0.0002084299,400000,20260824,192,0.0477291351,-0.0043488653,parity_forward
daily,TSLA,2026-08-27,1530,essvi_g05,ok,,1M,0.0833333333,false,false,356.3961874210,356.3642625020,-0.0000895770,0.0001374817,-0.6515559779,32768,20260824,104,3.0000000000,true,0.9071981650,356.4111272838,0.0000419193,0.0000362265,400000,20260824,192,0.0487927630,-0.0009040871,parity_forward
daily,TSLA,2026-08-27,1530,essvi_g05,ok,,3M,0.2500000000,false,false,359.1777419230,359.1796524475,0.0000053192,0.0003839805,0.0138526891,32768,20260824,104,3.0000000000,true,0.9071981650,359.2026512219,0.0000693509,0.0001083160,400000,20260824,192,0.0473617373,-0.0022610324,parity_forward
daily,TSLA,2026-08-27,1530,essvi_g05,ok,,6M,0.5000000000,false,false,363.5226122361,363.2525909468,-0.0007427909,0.0008187747,-0.9071981650,32768,20260824,104,3.0000000000,true,0.9071981650,363.5689962137,0.0001275959,0.0002422238,400000,20260824,192,0.0477291351,-0.0043488653,parity_forward
daily,TSLA,2026-08-27,1530,essvi_gfree,ok,,1M,0.0833333333,false,false,356.3961874210,356.3655203938,-0.0000860476,0.0001365912,-0.6299642336,32768,20260824,104,3.0000000000,true,0.9240507017,356.4114153887,0.0000427276,0.0000363602,400000,20260824,192,0.0487927630,-0.0009040871,parity_forward
daily,TSLA,2026-08-27,1530,essvi_gfree,ok,,3M,0.2500000000,false,false,359.1777419230,359.1896250506,0.0000330843,0.0003747972,0.0882724148,32768,20260824,104,3.0000000000,true,0.9240507017,359.2031826245,0.0000708304,0.0001056096,400000,20260824,192,0.0473617373,-0.0022610324,parity_forward
daily,TSLA,2026-08-27,1530,essvi_gfree,ok,,6M,0.5000000000,false,false,363.5226122361,363.2610298484,-0.0007195767,0.0007787199,-0.9240507017,32768,20260824,104,3.0000000000,true,0.9240507017,363.5700059455,0.0001303735,0.0002286925,400000,20260824,192,0.0477291351,-0.0043488653,parity_forward
daily,TSLA,2026-08-27,1530,essvi_sg05,ok,,1M,0.0833333333,false,false,356.3961874210,356.5018215525,0.0002963952,0.0002181093,1.3589296715,32768,20260824,104,3.0000000000,true,1.3589296715,356.4236035653,0.0000769260,0.0000591659,400000,20260824,192,0.0487927630,-0.0009040871,parity_forward
daily,TSLA,2026-08-27,1530,essvi_sg05,ok,,3M,0.2500000000,false,false,359.1777419230,359.3080537855,0.0003628061,0.0003939292,0.9209931117,32768,20260824,104,3.0000000000,true,1.3589296715,359.2099043478,0.0000895446,0.0001116609,400000,20260824,192,0.0473617373,-0.0022610324,parity_forward
daily,TSLA,2026-08-27,1530,essvi_sg05,ok,,6M,0.5000000000,false,false,363.5226122361,363.3895093150,-0.0003661476,0.0007523685,-0.4866599015,32768,20260824,104,3.0000000000,true,1.3589296715,363.5897392713,0.0001846571,0.0002199009,400000,20260824,192,0.0477291351,-0.0043488653,parity_forward
daily,TSLA,2026-08-31,1530,svi,ok,,1M,0.0833333333,false,false,367.5296368088,367.5193991396,-0.0000278554,0.0001165663,-0.2389656963,32768,20260824,104,3.0000000000,true,0.7857553430,367.5204133286,-0.0000250959,0.0000375046,400000,20260824,192,0.0418535934,-0.0002932398,parity_forward
daily,TSLA,2026-08-31,1530,svi,ok,,3M,0.2500000000,false,false,370.3418941594,370.4407899061,0.0002670390,0.0003771690,0.7080090783,32768,20260824,104,3.0000000000,true,0.7857553430,370.3497212957,0.0000211349,0.0001086607,400000,20260824,192,0.0444418277,-0.0014056712,parity_forward
daily,TSLA,2026-08-31,1530,svi,ok,,6M,0.5000000000,false,false,374.9907812604,374.7623506624,-0.0006091632,0.0007752582,-0.7857553430,32768,20260824,104,3.0000000000,true,0.7857553430,375.0277062201,0.0000984690,0.0002230184,400000,20260824,192,0.0471705641,-0.0036657930,parity_forward
daily,TSLA,2026-08-31,1530,ssvi,ok,,1M,0.0833333333,false,false,367.5296368088,367.5267226069,-0.0000079292,0.0001083749,-0.0731642044,32768,20260824,104,3.0000000000,true,0.7333106928,367.5337136099,0.0000110924,0.0000324309,400000,20260824,192,0.0418535934,-0.0002932398,parity_forward
daily,TSLA,2026-08-31,1530,ssvi,ok,,3M,0.2500000000,false,false,370.3418941594,370.4237579043,0.0002210491,0.0003840640,0.5755527322,32768,20260824,104,3.0000000000,true,0.7333106928,370.3651698774,0.0000628493,0.0001116252,400000,20260824,192,0.0444418277,-0.0014056712,parity_forward
daily,TSLA,2026-08-31,1530,ssvi,ok,,6M,0.5000000000,false,false,374.9907812604,374.7654785373,-0.0006008220,0.0008193281,-0.7333106928,32768,20260824,104,3.0000000000,true,0.7333106928,375.0480338040,0.0001526772,0.0002335819,400000,20260824,192,0.0471705641,-0.0036657930,parity_forward
daily,TSLA,2026-08-31,1530,essvi,ok,,1M,0.0833333333,false,false,367.5296368088,367.4691317101,-0.0001646264,0.0001158677,-1.4208133725,32768,20260824,104,3.0000000000,true,1.4208133725,367.5344473309,0.0000130888,0.0000344303,400000,20260824,192,0.0418535934,-0.0002932398,parity_forward
daily,TSLA,2026-08-31,1530,essvi,ok,,3M,0.2500000000,false,false,370.3418941594,370.3588822259,0.0000458713,0.0003674941,0.1248218782,32768,20260824,104,3.0000000000,true,1.4208133725,370.3669042819,0.0000675325,0.0001060793,400000,20260824,192,0.0444418277,-0.0014056712,parity_forward
daily,TSLA,2026-08-31,1530,essvi,ok,,6M,0.5000000000,false,false,374.9907812604,374.6406218350,-0.0009337814,0.0007651231,-1.2204328583,32768,20260824,104,3.0000000000,true,1.4208133725,375.0424214978,0.0001377107,0.0002240922,400000,20260824,192,0.0471705641,-0.0036657930,parity_forward
daily,TSLA,2026-08-31,1530,essvi_g05,ok,,1M,0.0833333333,false,false,367.5296368088,367.4666227618,-0.0001714530,0.0001152015,-1.4882871345,32768,20260824,104,3.0000000000,true,1.4882871345,367.5318726852,0.0000060835,0.0000347012,400000,20260824,192,0.0418535934,-0.0002932398,parity_forward
daily,TSLA,2026-08-31,1530,essvi_g05,ok,,3M,0.2500000000,false,false,370.3418941594,370.3373800277,-0.0000121891,0.0004069438,-0.0299527634,32768,20260824,104,3.0000000000,true,1.4882871345,370.3633805827,0.0000580178,0.0001198894,400000,20260824,192,0.0444418277,-0.0014056712,parity_forward
daily,TSLA,2026-08-31,1530,essvi_g05,ok,,6M,0.5000000000,false,false,374.9907812604,374.6358818038,-0.0009464218,0.0009291264,-1.0186147369,32768,20260824,104,3.0000000000,true,1.4882871345,375.0458219736,0.0001467788,0.0002717655,400000,20260824,192,0.0471705641,-0.0036657930,parity_forward
daily,TSLA,2026-08-31,1530,essvi_gfree,ok,,1M,0.0833333333,false,false,367.5296368088,367.4700507311,-0.0001621259,0.0001130212,-1.4344740737,32768,20260824,104,3.0000000000,true,1.4344740737,367.5315740325,0.0000052709,0.0000345867,400000,20260824,192,0.0418535934,-0.0002932398,parity_forward
daily,TSLA,2026-08-31,1530,essvi_gfree,ok,,3M,0.2500000000,false,false,370.3418941594,370.3456381027,0.0000101094,0.0003823976,0.0264369425,32768,20260824,104,3.0000000000,true,1.4344740737,370.3627113255,0.0000562107,0.0001128547,400000,20260824,192,0.0444418277,-0.0014056712,parity_forward
daily,TSLA,2026-08-31,1530,essvi_gfree,ok,,6M,0.5000000000,false,false,374.9907812604,374.6286391682,-0.0009657360,0.0008202345,-1.1773901763,32768,20260824,104,3.0000000000,true,1.4344740737,375.0406390326,0.0001329573,0.0002410227,400000,20260824,192,0.0471705641,-0.0036657930,parity_forward
daily,TSLA,2026-08-31,1530,essvi_sg05,ok,,1M,0.0833333333,false,false,367.5296368088,367.4676028404,-0.0001687863,0.0001334590,-1.2647048862,32768,20260824,104,3.0000000000,true,1.2647048862,367.5338601473,0.0000114912,0.0000378062,400000,20260824,192,0.0418535934,-0.0002932398,parity_forward
daily,TSLA,2026-08-31,1530,essvi_sg05,ok,,3M,0.2500000000,false,false,370.3418941594,370.3440568980,0.0000058398,0.0003772679,0.0154793002,32768,20260824,104,3.0000000000,true,1.2647048862,370.3666854111,0.0000669415,0.0001088535,400000,20260824,192,0.0444418277,-0.0014056712,parity_forward
daily,TSLA,2026-08-31,1530,essvi_sg05,ok,,6M,0.5000000000,false,false,374.9907812604,374.6584754599,-0.0008861706,0.0007999233,-1.1078194757,32768,20260824,104,3.0000000000,true,1.2647048862,375.0469475716,0.0001497805,0.0002302423,400000,20260824,192,0.0471705641,-0.0036657930,parity_forward
daily,TSLA,2026-09-01,1530,svi,ok,,1M,0.0833333333,false,false,357.4718253556,357.4867167799,0.0000416576,0.0000960179,0.4338526617,32768,20260824,104,3.0000000000,true,1.0070840683,357.4712351098,-0.0000016512,0.0000347818,400000,20260824,192,0.0497794817,-0.0009443391,parity_forward
daily,TSLA,2026-09-01,1530,svi,ok,,3M,0.2500000000,false,false,360.2904121940,360.4153979743,0.0003469029,0.0003444627,1.0070840683,32768,20260824,104,3.0000000000,true,1.0070840683,360.3088166184,0.0000510822,0.0001033621,400000,20260824,192,0.0480085924,-0.0022707452,parity_forward
daily,TSLA,2026-09-01,1530,svi,ok,,6M,0.5000000000,false,false,364.8086661007,364.7206903838,-0.0002411558,0.0007288893,-0.3308537526,32768,20260824,104,3.0000000000,true,1.0070840683,364.8591856266,0.0001384823,0.0002149038,400000,20260824,192,0.0489295100,-0.0046848225,parity_forward
daily,TSLA,2026-09-01,1530,ssvi,ok,,1M,0.0833333333,false,false,357.4718253556,357.4804852160,0.0000242253,0.0000926622,0.2614365978,32768,20260824,104,3.0000000000,true,0.7170433763,357.4790515827,0.0000202148,0.0000318238,400000,20260824,192,0.0497794817,-0.0009443391,parity_forward
daily,TSLA,2026-09-01,1530,ssvi,ok,,3M,0.2500000000,false,false,360.2904121940,360.3812346512,0.0002520812,0.0003515565,0.7170433763,32768,20260824,104,3.0000000000,true,0.7170433763,360.3132422114,0.0000633656,0.0001083541,400000,20260824,192,0.0480085924,-0.0022707452,parity_forward
daily,TSLA,2026-09-01,1530,ssvi,ok,,6M,0.5000000000,false,false,364.8086661007,364.6509206315,-0.0004324060,0.0007653243,-0.5649971571,32768,20260824,104,3.0000000000,true,0.7170433763,364.8669581895,0.0001597881,0.0002287689,400000,20260824,192,0.0489295100,-0.0046848225,parity_forward
daily,TSLA,2026-09-01,1530,essvi,ok,,1M,0.0833333333,false,false,357.4718253556,357.4744247746,0.0000072717,0.0000941084,0.0772691009,32768,20260824,104,3.0000000000,true,0.7940811627,357.4803738422,0.0000239137,0.0000318399,400000,20260824,192,0.0497794817,-0.0009443391,parity_forward
daily,TSLA,2026-09-01,1530,essvi,ok,,3M,0.2500000000,false,false,360.2904121940,360.3867391277,0.0002673591,0.0003366899,0.7940811627,32768,20260824,104,3.0000000000,true,0.7940811627,360.3159097852,0.0000707696,0.0001004314,400000,20260824,192,0.0480085924,-0.0022707452,parity_forward
daily,TSLA,2026-09-01,1530,essvi,ok,,6M,0.5000000000,false,false,364.8086661007,364.6328765340,-0.0004818678,0.0007091785,-0.6794733143,32768,20260824,104,3.0000000000,true,0.7940811627,364.8643850064,0.0001527346,0.0002118834,400000,20260824,192,0.0489295100,-0.0046848225,parity_forward
daily,TSLA,2026-09-01,1530,essvi_g05,ok,,1M,0.0833333333,false,false,357.4718253556,357.4650302442,-0.0000190088,0.0000903842,-0.2103111474,32768,20260824,104,3.0000000000,true,0.6483162165,357.4769628745,0.0000143718,0.0000313727,400000,20260824,192,0.0497794817,-0.0009443391,parity_forward
daily,TSLA,2026-09-01,1530,essvi_g05,ok,,3M,0.2500000000,false,false,360.2904121940,360.3623850911,0.0001997636,0.0003903948,0.5116963309,32768,20260824,104,3.0000000000,true,0.6483162165,360.3125717794,0.0000615048,0.0001198471,400000,20260824,192,0.0480085924,-0.0022707452,parity_forward
daily,TSLA,2026-09-01,1530,essvi_g05,ok,,6M,0.5000000000,false,false,364.8086661007,364.5978212396,-0.0005779601,0.0008914787,-0.6483162165,32768,20260824,104,3.0000000000,true,0.6483162165,364.8755171917,0.0001832497,0.0002815435,400000,20260824,192,0.0489295100,-0.0046848225,parity_forward
daily,TSLA,2026-09-01,1530,essvi_gfree,ok,,1M,0.0833333333,false,false,357.4718253556,357.4703893838,-0.0000040170,0.0000876588,-0.0458256281,32768,20260824,104,3.0000000000,true,0.7993263182,357.4760641715,0.0000118578,0.0000313486,400000,20260824,192,0.0497794817,-0.0009443391,parity_forward
daily,TSLA,2026-09-01,1530,essvi_gfree,ok,,3M,0.2500000000,false,false,360.2904121940,360.3755207469,0.0002362221,0.0003490868,0.6766858068,32768,20260824,104,3.0000000000,true,0.7993263182,360.3100248457,0.0000544357,0.0001078362,400000,20260824,192,0.0480085924,-0.0022707452,parity_forward
daily,TSLA,2026-09-01,1530,essvi_gfree,ok,,6M,0.5000000000,false,false,364.8086661007,364.5907027706,-0.0005974730,0.0007474707,-0.7993263182,32768,20260824,104,3.0000000000,true,0.7993263182,364.8632856017,0.0001497210,0.0002297861,400000,20260824,192,0.0489295100,-0.0046848225,parity_forward
daily,TSLA,2026-09-01,1530,essvi_sg05,ok,,1M,0.0833333333,false,false,357.4718253556,357.4690888568,-0.0000076551,0.0001030600,-0.0742785067,32768,20260824,104,3.0000000000,true,0.7340279046,357.4775877841,0.0000161200,0.0000326607,400000,20260824,192,0.0497794817,-0.0009443391,parity_forward
daily,TSLA,2026-09-01,1530,essvi_sg05,ok,,3M,0.2500000000,false,false,360.2904121940,360.3499913154,0.0001653642,0.0003280318,0.5041100833,32768,20260824,104,3.0000000000,true,0.7340279046,360.3100358964,0.0000544663,0.0001000075,400000,20260824,192,0.0480085924,-0.0022707452,parity_forward
daily,TSLA,2026-09-01,1530,essvi_sg05,ok,,6M,0.5000000000,false,false,364.8086661007,364.6146348044,-0.0005318714,0.0007245929,-0.7340279046,32768,20260824,104,3.0000000000,true,0.7340279046,364.8608302548,0.0001429904,0.0002164151,400000,20260824,192,0.0489295100,-0.0046848225,parity_forward
daily,TSLA,2026-09-02,1530,svi,ok,,1M,0.0833333333,false,false,354.3330349826,354.3651768821,0.0000907110,0.0000973163,0.9321255675,32768,20260824,104,3.0000000000,true,0.9321255675,354.3330879514,0.0000001495,0.0000365958,400000,20260824,192,0.0469301259,-0.0007064076,parity_forward
daily,TSLA,2026-09-02,1530,svi,ok,,3M,0.2500000000,false,false,357.0886880310,357.1947638256,0.0002970573,0.0003481272,0.8533009826,32768,20260824,104,3.0000000000,true,0.9321255675,357.1135798359,0.0000697076,0.0001113958,400000,20260824,192,0.0466310918,-0.0019023828,parity_forward
daily,TSLA,2026-09-02,1530,svi,ok,,6M,0.5000000000,false,false,361.4244264665,361.2605163749,-0.0004535114,0.0007320465,-0.6195117337,32768,20260824,104,3.0000000000,true,0.9321255675,361.4741273537,0.0001375139,0.0002217410,400000,20260824,192,0.0474531210,-0.0039001750,parity_forward
daily,TSLA,2026-09-02,1530,ssvi,ok,,1M,0.0833333333,false,false,354.3330349826,354.3391417258,0.0000172345,0.0000999820,0.1723756939,32768,20260824,104,3.0000000000,true,0.6494308183,354.3433114954,0.0000290024,0.0000327536,400000,20260824,192,0.0469301259,-0.0007064076,parity_forward
daily,TSLA,2026-09-02,1530,ssvi,ok,,3M,0.2500000000,false,false,357.0886880310,357.1605202301,0.0002011607,0.0003553033,0.5661660526,32768,20260824,104,3.0000000000,true,0.6494308183,357.1068257051,0.0000507932,0.0001087281,400000,20260824,192,0.0466310918,-0.0019023828,parity_forward
daily,TSLA,2026-09-02,1530,ssvi,ok,,6M,0.5000000000,false,false,361.4244264665,361.2460759795,-0.0004934655,0.0007598431,-0.6494308183,32768,20260824,104,3.0000000000,true,0.6494308183,361.4685387421,0.0001220512,0.0002256610,400000,20260824,192,0.0474531210,-0.0039001750,parity_forward
daily,TSLA,2026-09-02,1530,essvi,ok,,1M,0.0833333333,false,false,354.3330349826,354.3195621409,-0.0000380231,0.0000963238,-0.3947427566,32768,20260824,104,3.0000000000,true,0.9851834012,354.3410744379,0.0000226890,0.0000346884,400000,20260824,192,0.0469301259,-0.0007064076,parity_forward
daily,TSLA,2026-09-02,1530,essvi,ok,,3M,0.2500000000,false,false,357.0886880310,357.1298745546,0.0001153398,0.0003280574,0.3515840572,32768,20260824,104,3.0000000000,true,0.9851834012,357.1064548407,0.0000497546,0.0001040092,400000,20260824,192,0.0466310918,-0.0019023828,parity_forward
daily,TSLA,2026-09-02,1530,essvi,ok,,6M,0.5000000000,false,false,361.4244264665,361.1735981062,-0.0006939995,0.0007044368,-0.9851834012,32768,20260824,104,3.0000000000,true,0.9851834012,361.4641815318,0.0001099955,0.0002146340,400000,20260824,192,0.0474531210,-0.0039001750,parity_forward
daily,TSLA,2026-09-02,1530,essvi_g05,ok,,1M,0.0833333333,false,false,354.3330349826,354.3188880085,-0.0000399256,0.0000844542,-0.4727491567,32768,20260824,104,3.0000000000,true,0.7710896944,354.3415217684,0.0000239514,0.0000343233,400000,20260824,192,0.0469301259,-0.0007064076,parity_forward
daily,TSLA,2026-09-02,1530,essvi_g05,ok,,3M,0.2500000000,false,false,357.0886880310,357.1096193738,0.0000586167,0.0003599114,0.1628641314,32768,20260824,104,3.0000000000,true,0.7710896944,357.1066737163,0.0000503676,0.0001217030,400000,20260824,192,0.0466310918,-0.0019023828,parity_forward
daily,TSLA,2026-09-02,1530,essvi_g05,ok,,6M,0.5000000000,false,false,361.4244264665,361.1826142495,-0.0006690533,0.0008676725,-0.7710896944,32768,20260824,104,3.0000000000,true,0.7710896944,361.4618328486,0.0001034971,0.0002736999,400000,20260824,192,0.0474531210,-0.0039001750,parity_forward
daily,TSLA,2026-09-02,1530,essvi_gfree,ok,,1M,0.0833333333,false,false,354.3330349826,354.3240568359,-0.0000253382,0.0000831760,-0.3046330924,32768,20260824,104,3.0000000000,true,0.9175528093,354.3408356064,0.0000220149,0.0000343585,400000,20260824,192,0.0469301259,-0.0007064076,parity_forward
daily,TSLA,2026-09-02,1530,essvi_gfree,ok,,3M,0.2500000000,false,false,357.0886880310,357.1376660016,0.0001371591,0.0003293246,0.4164860596,32768,20260824,104,3.0000000000,true,0.9175528093,357.1055859751,0.0000473214,0.0001090859,400000,20260824,192,0.0466310918,-0.0019023828,parity_forward
daily,TSLA,2026-09-02,1530,essvi_gfree,ok,,6M,0.5000000000,false,false,361.4244264665,361.1841509945,-0.0006648014,0.0007245375,-0.9175528093,32768,20260824,104,3.0000000000,true,0.9175528093,361.4612304899,0.0001018305,0.0002246029,400000,20260824,192,0.0474531210,-0.0039001750,parity_forward
daily,TSLA,2026-09-02,1530,essvi_sg05,ok,,1M,0.0833333333,false,false,354.3330349826,354.1999167341,-0.0003756868,0.0002062075,-1.8218871754,32768,20260824,104,3.0000000000,true,1.8218871754,354.3092772361,-0.0000670492,0.0000639318,400000,20260824,192,0.0469301259,-0.0007064076,parity_forward
daily,TSLA,2026-09-02,1530,essvi_sg05,ok,,3M,0.2500000000,false,false,357.0886880310,357.0084588458,-0.0002246758,0.0004047984,-0.5550312984,32768,20260824,104,3.0000000000,true,1.8218871754,357.0752640348,-0.0000375929,0.0001200999,400000,20260824,192,0.0466310918,-0.0019023828,parity_forward
daily,TSLA,2026-09-02,1530,essvi_sg05,ok,,6M,0.5000000000,false,false,361.4244264665,361.0693684434,-0.0009823852,0.0007595685,-1.2933464610,32768,20260824,104,3.0000000000,true,1.8218871754,361.4311154850,0.0000185074,0.0002261880,400000,20260824,192,0.0474531210,-0.0039001750,parity_forward
daily,TSLA,2026-09-03,1530,svi,ok,,1M,0.0833333333,false,false,382.3221685888,382.3372451216,0.0000394341,0.0001930376,0.2042820260,32768,20260824,104,3.0000000000,true,1.1073677587,382.3451500043,0.0000601101,0.0000450288,400000,20260824,192,0.0494444643,-0.0009320231,parity_forward
daily,TSLA,2026-09-03,1530,svi,ok,,3M,0.2500000000,false,false,385.2371952573,385.2836322723,0.0001205414,0.0004431284,0.2720235404,32768,20260824,104,3.0000000000,true,1.1073677587,385.2705560850,0.0000865981,0.0001142977,400000,20260824,192,0.0468639270,-0.0019591518,parity_forward
daily,TSLA,2026-09-03,1530,svi,ok,,6M,0.5000000000,false,false,390.0063667103,389.6681060680,-0.0008673208,0.0007832274,-1.1073677587,32768,20260824,104,3.0000000000,true,1.1073677587,390.0554710185,0.0001259064,0.0002151356,400000,20260824,192,0.0480396189,-0.0041938453,parity_forward
daily,TSLA,2026-09-03,1530,ssvi,ok,,1M,0.0833333333,false,false,382.3221685888,382.3088949094,-0.0000347186,0.0001376975,-0.2521366255,32768,20260824,104,3.0000000000,true,1.0248663068,382.3384482348,0.0000425810,0.0000367854,400000,20260824,192,0.0494444643,-0.0009320231,parity_forward
daily,TSLA,2026-09-03,1530,ssvi,ok,,3M,0.2500000000,false,false,385.2371952573,385.3242926573,0.0002260877,0.0004043305,0.5591656962,32768,20260824,104,3.0000000000,true,1.0248663068,385.2589405578,0.0000564465,0.0001122172,400000,20260824,192,0.0468639270,-0.0019591518,parity_forward
daily,TSLA,2026-09-03,1530,ssvi,ok,,6M,0.5000000000,false,false,390.0063667103,389.6896809821,-0.0008120014,0.0007922999,-1.0248663068,32768,20260824,104,3.0000000000,true,1.0248663068,390.0592618740,0.0001356264,0.0002294456,400000,20260824,192,0.0480396189,-0.0041938453,parity_forward
daily,TSLA,2026-09-03,1530,essvi,ok,,1M,0.0833333333,false,false,382.3221685888,382.3188133512,-0.0000087759,0.0001666399,-0.0526641109,32768,20260824,104,3.0000000000,true,0.9467961766,382.3296506028,0.0000195699,0.0000368168,400000,20260824,192,0.0494444643,-0.0009320231,parity_forward
daily,TSLA,2026-09-03,1530,essvi,ok,,3M,0.2500000000,false,false,385.2371952573,385.3284256878,0.0002368163,0.0004497534,0.5265468552,32768,20260824,104,3.0000000000,true,0.9467961766,385.2489840613,0.0000306014,0.0001102224,400000,20260824,192,0.0468639270,-0.0019591518,parity_forward
daily,TSLA,2026-09-03,1530,essvi,ok,,6M,0.5000000000,false,false,390.0063667103,389.7036304470,-0.0007762342,0.0008198535,-0.9467961766,32768,20260824,104,3.0000000000,true,0.9467961766,390.0381191648,0.0000814152,0.0002222906,400000,20260824,192,0.0480396189,-0.0041938453,parity_forward
daily,TSLA,2026-09-03,1530,essvi_g05,ok,,1M,0.0833333333,false,false,382.3221685888,382.3019878011,-0.0000527848,0.0001753147,-0.3010858194,32768,20260824,104,3.0000000000,true,0.9432162803,382.3324450367,0.0000268790,0.0000393114,400000,20260824,192,0.0494444643,-0.0009320231,parity_forward
daily,TSLA,2026-09-03,1530,essvi_g05,ok,,3M,0.2500000000,false,false,385.2371952573,385.2479383878,0.0000278871,0.0005146604,0.0541853522,32768,20260824,104,3.0000000000,true,0.9432162803,385.2473149899,0.0000262688,0.0001309805,400000,20260824,192,0.0468639270,-0.0019591518,parity_forward
daily,TSLA,2026-09-03,1530,essvi_g05,ok,,6M,0.5000000000,false,false,390.0063667103,389.6391091098,-0.0009416708,0.0009983615,-0.9432162803,32768,20260824,104,3.0000000000,true,0.9432162803,390.0101593799,0.0000097246,0.0002756923,400000,20260824,192,0.0480396189,-0.0041938453,parity_forward
daily,TSLA,2026-09-03,1530,essvi_gfree,ok,,1M,0.0833333333,false,false,382.3221685888,382.3016056560,-0.0000537843,0.0001704976,-0.3154548889,32768,20260824,104,3.0000000000,true,1.0129809330,382.3336094938,0.0000299248,0.0000392027,400000,20260824,192,0.0494444643,-0.0009320231,parity_forward
daily,TSLA,2026-09-03,1530,essvi_gfree,ok,,3M,0.2500000000,false,false,385.2371952573,385.2730276618,0.0000930139,0.0004690730,0.1982929627,32768,20260824,104,3.0000000000,true,1.0129809330,385.2519204692,0.0000382238,0.0001206617,400000,20260824,192,0.0468639270,-0.0019591518,parity_forward
daily,TSLA,2026-09-03,1530,essvi_gfree,ok,,6M,0.5000000000,false,false,390.0063667103,389.6628049585,-0.0008809132,0.0008696246,-1.0129809330,32768,20260824,104,3.0000000000,true,1.0129809330,390.0304119099,0.0000616534,0.0002399319,400000,20260824,192,0.0480396189,-0.0041938453,parity_forward
daily,TSLA,2026-09-03,1530,essvi_sg05,ok,,1M,0.0833333333,false,false,382.3221685888,382.4315816070,0.0002861802,0.0002747904,1.0414488880,32768,20260824,104,3.0000000000,true,1.0414488880,382.3618103938,0.0001036869,0.0000680301,400000,20260824,192,0.0494444643,-0.0009320231,parity_forward
daily,TSLA,2026-09-03,1530,essvi_sg05,ok,,3M,0.2500000000,false,false,385.2371952573,385.3697415858,0.0003440642,0.0004697973,0.7323673520,32768,20260824,104,3.0000000000,true,1.0414488880,385.2900243349,0.0001371339,0.0001256563,400000,20260824,192,0.0468639270,-0.0019591518,parity_forward
daily,TSLA,2026-09-03,1530,essvi_sg05,ok,,6M,0.5000000000,false,false,390.0063667103,389.7370461708,-0.0006905542,0.0008364016,-0.8256251987,32768,20260824,104,3.0000000000,true,1.0414488880,390.0859034629,0.0002039371,0.0002356290,400000,20260824,192,0.0480396189,-0.0041938453,parity_forward
daily,TSLA,2026-09-04,1530,svi,ok,,1M,0.0833333333,false,false,355.6031762105,355.6519810388,0.0001372452,0.0001661427,0.8260679636,32768,20260824,104,3.0000000000,true,1.3981101093,355.6172299434,0.0000395208,0.0000399760,400000,20260824,192,0.0413478221,-0.0002594081,parity_forward
daily,TSLA,2026-09-04,1530,svi,ok,,3M,0.2500000000,false,false,358.2849058712,358.4772094661,0.0005367337,0.0003838995,1.3981101093,32768,20260824,104,3.0000000000,true,1.3981101093,358.3126676271,0.0000774851,0.0001034663,400000,20260824,192,0.0438348505,-0.0012772619,parity_forward
daily,TSLA,2026-09-04,1530,svi,ok,,6M,0.5000000000,false,false,362.7029639143,362.5681075978,-0.0003718092,0.0006706674,-0.5543869300,32768,20260824,104,3.0000000000,true,1.3981101093,362.7556196323,0.0001451759,0.0001887690,400000,20260824,192,0.0464288687,-0.0036385239,parity_forward
daily,TSLA,2026-09-04,1530,ssvi,ok,,1M,0.0833333333,false,false,355.6031762105,355.6156881794,0.0000351852,0.0001095621,0.3211439340,32768,20260824,104,3.0000000000,true,0.9192618614,355.6166290600,0.0000378311,0.0000307914,400000,20260824,192,0.0413478221,-0.0002594081,parity_forward
daily,TSLA,2026-09-04,1530,ssvi,ok,,3M,0.2500000000,false,false,358.2849058712,358.4065539246,0.0003395288,0.0003693494,0.9192618614,32768,20260824,104,3.0000000000,true,0.9192618614,358.3065991914,0.0000605477,0.0001047945,400000,20260824,192,0.0438348505,-0.0012772619,parity_forward
daily,TSLA,2026-09-04,1530,ssvi,ok,,6M,0.5000000000,false,false,362.7029639143,362.4909864655,-0.0005844381,0.0007655945,-0.7633782235,32768,20260824,104,3.0000000000,true,0.9192618614,362.7443129056,0.0001140024,0.0002184982,400000,20260824,192,0.0464288687,-0.0036385239,parity_forward
daily,TSLA,2026-09-04,1530,essvi,ok,,1M,0.0833333333,false,false,355.6031762105,355.6401668584,0.0001040223,0.0001406527,0.7395679911,32768,20260824,104,3.0000000000,true,1.1803686583,355.6171554760,0.0000393114,0.0000356235,400000,20260824,192,0.0413478221,-0.0002594081,parity_forward
daily,TSLA,2026-09-04,1530,essvi,ok,,3M,0.2500000000,false,false,358.2849058712,358.4487046921,0.0004571748,0.0003873152,1.1803686583,32768,20260824,104,3.0000000000,true,1.1803686583,358.3138272936,0.0000807219,0.0001054029,400000,20260824,192,0.0438348505,-0.0012772619,parity_forward
daily,TSLA,2026-09-04,1530,essvi,ok,,6M,0.5000000000,false,false,362.7029639143,362.5346131699,-0.0004641560,0.0007175823,-0.6468331119,32768,20260824,104,3.0000000000,true,1.1803686583,362.7551979965,0.0001440134,0.0002022896,400000,20260824,192,0.0464288687,-0.0036385239,parity_forward
daily,TSLA,2026-09-04,1530,essvi_g05,ok,,1M,0.0833333333,false,false,355.6031762105,355.6218196486,0.0000524276,0.0001406051,0.3728717071,32768,20260824,104,3.0000000000,true,0.7197536085,355.6174235435,0.0000400653,0.0000361775,400000,20260824,192,0.0413478221,-0.0002594081,parity_forward
daily,TSLA,2026-09-04,1530,essvi_g05,ok,,3M,0.2500000000,false,false,358.2849058712,358.4024585866,0.0003280984,0.0004558483,0.7197536085,32768,20260824,104,3.0000000000,true,0.7197536085,358.3162829046,0.0000875756,0.0001276339,400000,20260824,192,0.0438348505,-0.0012772619,parity_forward
daily,TSLA,2026-09-04,1530,essvi_g05,ok,,6M,0.5000000000,false,false,362.7029639143,362.4865275100,-0.0005967318,0.0009629363,-0.6197002061,32768,20260824,104,3.0000000000,true,0.7197536085,362.7321439893,0.0000804517,0.0002816261,400000,20260824,192,0.0464288687,-0.0036385239,parity_forward
daily,TSLA,2026-09-04,1530,essvi_gfree,ok,,1M,0.0833333333,false,false,355.6031762105,355.6226665790,0.0000548093,0.0001404287,0.3903000836,32768,20260824,104,3.0000000000,true,0.9277103194,355.6167613543,0.0000382031,0.0000358217,400000,20260824,192,0.0413478221,-0.0002594081,parity_forward
daily,TSLA,2026-09-04,1530,essvi_gfree,ok,,3M,0.2500000000,false,false,358.2849058712,358.4168149374,0.0003681681,0.0003968567,0.9277103194,32768,20260824,104,3.0000000000,true,0.9277103194,358.3108351767,0.0000723706,0.0001089165,400000,20260824,192,0.0438348505,-0.0012772619,parity_forward
daily,TSLA,2026-09-04,1530,essvi_gfree,ok,,6M,0.5000000000,false,false,362.7029639143,362.4970757369,-0.0005676496,0.0007449179,-0.7620297021,32768,20260824,104,3.0000000000,true,0.9277103194,362.7406274812,0.0001038414,0.0002099628,400000,20260824,192,0.0464288687,-0.0036385239,parity_forward
daily,TSLA,2026-09-04,1530,essvi_sg05,ok,,1M,0.0833333333,false,false,355.6031762105,355.7999397738,0.0005533234,0.0003047040,1.8159376407,32768,20260824,104,3.0000000000,true,1.8159376407,355.6341158769,0.0000870062,0.0000699932,400000,20260824,192,0.0413478221,-0.0002594081,parity_forward
daily,TSLA,2026-09-04,1530,essvi_sg05,ok,,3M,0.2500000000,false,false,358.2849058712,358.5738763726,0.0008065383,0.0004610923,1.7491904003,32768,20260824,104,3.0000000000,true,1.8159376407,358.3268716085,0.0001171295,0.0001203066,400000,20260824,192,0.0438348505,-0.0012772619,parity_forward
daily,TSLA,2026-09-04,1530,essvi_sg05,ok,,6M,0.5000000000,false,false,362.7029639143,362.6640109607,-0.0001073963,0.0007766572,-0.1382801792,32768,20260824,104,3.0000000000,true,1.8159376407,362.7733923204,0.0001941765,0.0002167762,400000,20260824,192,0.0464288687,-0.0036385239,parity_forward
daily,TSLA,2026-09-08,1530,svi,ok,,1M,0.0833333333,false,false,368.7950251487,368.8169538720,0.0000594605,0.0001044137,0.5694700988,32768,20260824,104,3.0000000000,true,1.2581094321,368.7938362795,-0.0000032237,0.0000370136,400000,20260824,192,0.0477645085,-0.0008253477,parity_forward
daily,TSLA,2026-09-08,1530,svi,ok,,3M,0.2500000000,false,false,371.6223026351,371.7857532191,0.0004398299,0.0003495959,1.2581094321,32768,20260824,104,3.0000000000,true,1.2581094321,371.6267113091,0.0000118633,0.0001056127,400000,20260824,192,0.0464695856,-0.0018857312,parity_forward
daily,TSLA,2026-09-08,1530,svi,ok,,6M,0.5000000000,false,false,376.1884192804,375.9748586497,-0.0005676959,0.0006878771,-0.8252867926,32768,20260824,104,3.0000000000,true,1.2581094321,376.2152813624,0.0000714059,0.0002043310,400000,20260824,192,0.0476590128,-0.0041027880,parity_forward
daily,TSLA,2026-09-08,1530,ssvi,ok,,1M,0.0833333333,false,false,368.7950251487,368.7986912772,0.0000099408,0.0001022507,0.0972202030,32768,20260824,104,3.0000000000,true,0.9841111643,368.8031408510,0.0000220060,0.0000324603,400000,20260824,192,0.0477645085,-0.0008253477,parity_forward
daily,TSLA,2026-09-08,1530,ssvi,ok,,3M,0.2500000000,false,false,371.6223026351,371.7326747521,0.0002970008,0.0003606411,0.8235357235,32768,20260824,104,3.0000000000,true,0.9841111643,371.6361130597,0.0000371625,0.0001089789,400000,20260824,192,0.0464695856,-0.0018857312,parity_forward
daily,TSLA,2026-09-08,1530,ssvi,ok,,6M,0.5000000000,false,false,376.1884192804,375.9109015282,-0.0007377095,0.0007496200,-0.9841111643,32768,20260824,104,3.0000000000,true,0.9841111643,376.2368748504,0.0001288066,0.0002251351,400000,20260824,192,0.0476590128,-0.0041027880,parity_forward
daily,TSLA,2026-09-08,1530,essvi,ok,,1M,0.0833333333,false,false,368.7950251487,368.7780461492,-0.0000460391,0.0000945248,-0.4870585416,32768,20260824,104,3.0000000000,true,1.1314009732,368.7924641667,-0.0000069442,0.0000317798,400000,20260824,192,0.0477645085,-0.0008253477,parity_forward
daily,TSLA,2026-09-08,1530,essvi,ok,,3M,0.2500000000,false,false,371.6223026351,371.7158978471,0.0002518557,0.0003413766,0.7377651637,32768,20260824,104,3.0000000000,true,1.1314009732,371.6214463159,-0.0000023043,0.0001053253,400000,20260824,192,0.0464695856,-0.0018857312,parity_forward
daily,TSLA,2026-09-08,1530,essvi,ok,,6M,0.5000000000,false,false,376.1884192804,375.8888918667,-0.0007962165,0.0007037438,-1.1314009732,32768,20260824,104,3.0000000000,true,1.1314009732,376.2239568596,0.0000944675,0.0002142630,400000,20260824,192,0.0476590128,-0.0041027880,parity_forward
daily,TSLA,2026-09-08,1530,essvi_g05,ok,,1M,0.0833333333,false,false,368.7950251487,368.7680486779,-0.0000731476,0.0000954236,-0.7665569141,32768,20260824,104,3.0000000000,true,1.1256281910,368.7906719085,-0.0000118040,0.0000327007,400000,20260824,192,0.0477645085,-0.0008253477,parity_forward
daily,TSLA,2026-09-08,1530,essvi_g05,ok,,3M,0.2500000000,false,false,371.6223026351,371.6886736896,0.0001785981,0.0003809374,0.4688385636,32768,20260824,104,3.0000000000,true,1.1256281910,371.6172889380,-0.0000134914,0.0001235689,400000,20260824,192,0.0464695856,-0.0018857312,parity_forward
daily,TSLA,2026-09-08,1530,essvi_g05,ok,,6M,0.5000000000,false,false,376.1884192804,375.8323248689,-0.0009465853,0.0008409395,-1.1256281910,32768,20260824,104,3.0000000000,true,1.1256281910,376.2371802727,0.0001296185,0.0002744671,400000,20260824,192,0.0476590128,-0.0041027880,parity_forward
daily,TSLA,2026-09-08,1530,essvi_gfree,ok,,1M,0.0833333333,false,false,368.7950251487,368.7706094927,-0.0000662039,0.0000961594,-0.6884805146,32768,20260824,104,3.0000000000,true,1.2011675053,368.7915884829,-0.0000093186,0.0000326275,400000,20260824,192,0.0477645085,-0.0008253477,parity_forward
daily,TSLA,2026-09-08,1530,essvi_gfree,ok,,3M,0.2500000000,false,false,371.6223026351,371.7014015989,0.0002128477,0.0003556176,0.5985297655,32768,20260824,104,3.0000000000,true,1.2011675053,371.6172206287,-0.0000136752,0.0001135652,400000,20260824,192,0.0464695856,-0.0018857312,parity_forward
daily,TSLA,2026-09-08,1530,essvi_gfree,ok,,6M,0.5000000000,false,false,376.1884192804,375.8502886442,-0.0008988332,0.0007482996,-1.2011675053,32768,20260824,104,3.0000000000,true,1.2011675053,376.2259359657,0.0000997284,0.0002368636,400000,20260824,192,0.0476590128,-0.0041027880,parity_forward
daily,TSLA,2026-09-08,1530,essvi_sg05,ok,,1M,0.0833333333,false,false,368.7950251487,368.8130706760,0.0000489310,0.0002062069,0.2372910271,32768,20260824,104,3.0000000000,true,0.8274332977,368.7889202325,-0.0000165537,0.0000586687,400000,20260824,192,0.0477645085,-0.0008253477,parity_forward
daily,TSLA,2026-09-08,1530,essvi_sg05,ok,,3M,0.2500000000,false,false,371.6223026351,371.7437949306,0.0003269241,0.0003951063,0.8274332977,32768,20260824,104,3.0000000000,true,0.8274332977,371.6268092462,0.0000121269,0.0001143923,400000,20260824,192,0.0464695856,-0.0018857312,parity_forward
daily,TSLA,2026-09-08,1530,essvi_sg05,ok,,6M,0.5000000000,false,false,376.1884192804,375.9518050500,-0.0006289780,0.0007602837,-0.8272937973,32768,20260824,104,3.0000000000,true,0.8274332977,376.2199456987,0.0000838049,0.0002223870,400000,20260824,192,0.0476590128,-0.0041027880,parity_forward
daily,TSLA,2026-09-09,1530,svi,ok,,1M,0.0833333333,false,false,370.7853870601,370.7976967474,0.0000331990,0.0000945640,0.3510738684,32768,20260824,104,3.0000000000,true,1.4278677903,370.7743262182,-0.0000298308,0.0000349405,400000,20260824,192,0.0439457574,-0.0004897031,parity_forward
daily,TSLA,2026-09-09,1530,svi,ok,,3M,0.2500000000,false,false,373.5878598921,373.7828045895,0.0005218175,0.0003654523,1.4278677903,32768,20260824,104,3.0000000000,true,1.4278677903,373.5621025260,-0.0000689459,0.0001035140,400000,20260824,192,0.0447677346,-0.0013870815,parity_forward
daily,TSLA,2026-09-09,1530,svi,ok,,6M,0.5000000000,false,false,378.1655861166,377.9667451702,-0.0005258039,0.0007226065,-0.7276490471,32768,20260824,104,3.0000000000,true,1.4278677903,378.1671617681,0.0000041666,0.0002084638,400000,20260824,192,0.0467417619,-0.0035482330,parity_forward
daily,TSLA,2026-09-09,1530,ssvi,ok,,1M,0.0833333333,false,false,370.7853870601,370.7865534944,0.0000031458,0.0001008056,0.0312070695,32768,20260824,104,3.0000000000,true,0.9016225813,370.7969559372,0.0000312010,0.0000316854,400000,20260824,192,0.0439457574,-0.0004897031,parity_forward
daily,TSLA,2026-09-09,1530,ssvi,ok,,3M,0.2500000000,false,false,373.5878598921,373.7151605109,0.0003407515,0.0003779314,0.9016225813,32768,20260824,104,3.0000000000,true,0.9016225813,373.5968753132,0.0000241320,0.0001092430,400000,20260824,192,0.0447677346,-0.0013870815,parity_forward
daily,TSLA,2026-09-09,1530,ssvi,ok,,6M,0.5000000000,false,false,378.1655861166,377.9070023023,-0.0006837846,0.0007799949,-0.8766526930,32768,20260824,104,3.0000000000,true,0.9016225813,378.2050943467,0.0001044734,0.0002257975,400000,20260824,192,0.0467417619,-0.0035482330,parity_forward
daily,TSLA,2026-09-09,1530,essvi,ok,,1M,0.0833333333,false,false,370.7853870601,370.7893853943,0.0000107834,0.0000660476,0.1632673958,32768,20260824,104,3.0000000000,true,1.2161824076,370.7908806480,0.0000148161,0.0000266373,400000,20260824,192,0.0439457574,-0.0004897031,parity_forward
daily,TSLA,2026-09-09,1530,essvi,ok,,3M,0.2500000000,false,false,373.5878598921,373.7537270223,0.0004439843,0.0003650639,1.2161824076,32768,20260824,104,3.0000000000,true,1.2161824076,373.5841803248,-0.0000098493,0.0001058673,400000,20260824,192,0.0447677346,-0.0013870815,parity_forward
daily,TSLA,2026-09-09,1530,essvi,ok,,6M,0.5000000000,false,false,378.1655861166,377.9291850267,-0.0006251259,0.0007367375,-0.8485055355,32768,20260824,104,3.0000000000,true,1.2161824076,378.1877914372,0.0000587185,0.0002151780,400000,20260824,192,0.0467417619,-0.0035482330,parity_forward
daily,TSLA,2026-09-09,1530,essvi_g05,ok,,1M,0.0833333333,false,false,370.7853870601,370.7802649638,-0.0000138142,0.0000643442,-0.2146920496,32768,20260824,104,3.0000000000,true,0.8347737864,370.7916121938,0.0000167890,0.0000275383,400000,20260824,192,0.0439457574,-0.0004897031,parity_forward
daily,TSLA,2026-09-09,1530,essvi_g05,ok,,3M,0.2500000000,false,false,373.5878598921,373.7196939747,0.0003528864,0.0004227330,0.8347737864,32768,20260824,104,3.0000000000,true,0.8347737864,373.5711788313,-0.0000446510,0.0001290173,400000,20260824,192,0.0447677346,-0.0013870815,parity_forward
daily,TSLA,2026-09-09,1530,essvi_g05,ok,,6M,0.5000000000,false,false,378.1655861166,377.8929136243,-0.0007210399,0.0009474362,-0.7610432459,32768,20260824,104,3.0000000000,true,0.8347737864,378.1705252960,0.0000130609,0.0002880434,400000,20260824,192,0.0467417619,-0.0035482330,parity_forward
daily,TSLA,2026-09-09,1530,essvi_gfree,ok,,1M,0.0833333333,false,false,370.7853870601,370.7848290576,-0.0000015049,0.0000648113,-0.0232200164,32768,20260824,104,3.0000000000,true,1.1035301938,370.7910604531,0.0000153010,0.0000270699,400000,20260824,192,0.0439457574,-0.0004897031,parity_forward
daily,TSLA,2026-09-09,1530,essvi_gfree,ok,,3M,0.2500000000,false,false,373.5878598921,373.7426911282,0.0004144440,0.0003755620,1.1035301938,32768,20260824,104,3.0000000000,true,1.1035301938,373.5746242427,-0.0000354285,0.0001120347,400000,20260824,192,0.0447677346,-0.0013870815,parity_forward
daily,TSLA,2026-09-09,1530,essvi_gfree,ok,,6M,0.5000000000,false,false,378.1655861166,377.9062687438,-0.0006857244,0.0007658068,-0.8954274620,32768,20260824,104,3.0000000000,true,1.1035301938,378.1740617866,0.0000224126,0.0002286451,400000,20260824,192,0.0467417619,-0.0035482330,parity_forward
daily,TSLA,2026-09-09,1530,essvi_sg05,ok,,1M,0.0833333333,false,false,370.7853870601,370.7868282281,0.0000038868,0.0000678783,0.0572612797,32768,20260824,104,3.0000000000,true,1.0518104455,370.7938360799,0.0000227868,0.0000292386,400000,20260824,192,0.0439457574,-0.0004897031,parity_forward
daily,TSLA,2026-09-09,1530,essvi_sg05,ok,,3M,0.2500000000,false,false,373.5878598921,373.7295802534,0.0003793495,0.0003606634,1.0518104455,32768,20260824,104,3.0000000000,true,1.0518104455,373.5883542668,0.0000013233,0.0001031928,400000,20260824,192,0.0447677346,-0.0013870815,parity_forward
daily,TSLA,2026-09-09,1530,essvi_sg05,ok,,6M,0.5000000000,false,false,378.1655861166,377.9192769785,-0.0006513262,0.0007650696,-0.8513292724,32768,20260824,104,3.0000000000,true,1.0518104455,378.1974428335,0.0000842401,0.0002200731,400000,20260824,192,0.0467417619,-0.0035482330,parity_forward
daily,TSLA,2026-09-10,1530,svi,ok,,1M,0.0833333333,false,false,366.1853216869,366.2266565280,0.0001128796,0.0001273928,0.8860747856,32768,20260824,104,3.0000000000,true,1.3693410782,366.1819077120,-0.0000093231,0.0000334893,400000,20260824,192,0.0514059994,-0.0011108924,parity_forward
daily,TSLA,2026-09-10,1530,svi,ok,,3M,0.2500000000,false,false,369.1302580250,369.3287643963,0.0005377678,0.0003927201,1.3693410782,32768,20260824,104,3.0000000000,true,1.3693410782,369.1221422975,-0.0000219861,0.0001024952,400000,20260824,192,0.0491754766,-0.0024613922,parity_forward
daily,TSLA,2026-09-10,1530,svi,ok,,6M,0.5000000000,false,false,373.9746824430,373.7904211684,-0.0004927106,0.0007282512,-0.6765667963,32768,20260824,104,3.0000000000,true,1.3693410782,373.9865330144,0.0000316882,0.0002040626,400000,20260824,192,0.0506647715,-0.0054513018,parity_forward
daily,TSLA,2026-09-10,1530,ssvi,ok,,1M,0.0833333333,false,false,366.1853216869,366.1842078718,-0.0000030417,0.0000954337,-0.0318720900,32768,20260824,104,3.0000000000,true,0.8943507835,366.1980407137,0.0000347339,0.0000296084,400000,20260824,192,0.0514059994,-0.0011108924,parity_forward
daily,TSLA,2026-09-10,1530,ssvi,ok,,3M,0.2500000000,false,false,369.1302580250,369.2467391237,0.0003155555,0.0003528320,0.8943507835,32768,20260824,104,3.0000000000,true,0.8943507835,369.1444388349,0.0000384168,0.0001046011,400000,20260824,192,0.0491754766,-0.0024613922,parity_forward
daily,TSLA,2026-09-10,1530,ssvi,ok,,6M,0.5000000000,false,false,373.9746824430,373.7231758640,-0.0006725230,0.0007520802,-0.8942171796,32768,20260824,104,3.0000000000,true,0.8943507835,374.0217159750,0.0001257666,0.0002223068,400000,20260824,192,0.0506647715,-0.0054513018,parity_forward
daily,TSLA,2026-09-10,1530,essvi,ok,,1M,0.0833333333,false,false,366.1853216869,366.1819601796,-0.0000091798,0.0000970045,-0.0946327201,32768,20260824,104,3.0000000000,true,0.9935476882,366.2007956454,0.0000422572,0.0000245024,400000,20260824,192,0.0514059994,-0.0011108924,parity_forward
daily,TSLA,2026-09-10,1530,essvi,ok,,3M,0.2500000000,false,false,369.1302580250,369.2664414954,0.0003689307,0.0003713266,0.9935476882,32768,20260824,104,3.0000000000,true,0.9935476882,369.1530113962,0.0000616405,0.0001010634,400000,20260824,192,0.0491754766,-0.0024613922,parity_forward
daily,TSLA,2026-09-10,1530,essvi,ok,,6M,0.5000000000,false,false,373.9746824430,373.7187206277,-0.0006844362,0.0007488013,-0.9140424878,32768,20260824,104,3.0000000000,true,0.9935476882,374.0160785592,0.0001106923,0.0002118047,400000,20260824,192,0.0506647715,-0.0054513018,parity_forward
daily,TSLA,2026-09-10,1530,essvi_g05,ok,,1M,0.0833333333,false,false,366.1853216869,366.1697295708,-0.0000425798,0.0000921782,-0.4619297673,32768,20260824,104,3.0000000000,true,0.8308127258,366.1992645789,0.0000380761,0.0000246405,400000,20260824,192,0.0514059994,-0.0011108924,parity_forward
daily,TSLA,2026-09-10,1530,essvi_g05,ok,,3M,0.2500000000,false,false,369.1302580250,369.1993715629,0.0001872335,0.0004178177,0.4481223665,32768,20260824,104,3.0000000000,true,0.8308127258,369.1394084210,0.0000247891,0.0001187675,400000,20260824,192,0.0491754766,-0.0024613922,parity_forward
daily,TSLA,2026-09-10,1530,essvi_g05,ok,,6M,0.5000000000,false,false,373.9746824430,373.6826615204,-0.0007808575,0.0009398718,-0.8308127258,32768,20260824,104,3.0000000000,true,0.8308127258,373.9845947960,0.0000265054,0.0002741376,400000,20260824,192,0.0506647715,-0.0054513018,parity_forward
daily,TSLA,2026-09-10,1530,essvi_gfree,ok,,1M,0.0833333333,false,false,366.1853216869,366.1765654806,-0.0000239120,0.0000854724,-0.2797624300,32768,20260824,104,3.0000000000,true,0.9293113746,366.1986080323,0.0000362831,0.0000243469,400000,20260824,192,0.0514059994,-0.0011108924,parity_forward
daily,TSLA,2026-09-10,1530,essvi_gfree,ok,,3M,0.2500000000,false,false,369.1302580250,369.2283053784,0.0002656172,0.0003689835,0.7198621172,32768,20260824,104,3.0000000000,true,0.9293113746,369.1405351792,0.0000278415,0.0001064095,400000,20260824,192,0.0491754766,-0.0024613922,parity_forward
daily,TSLA,2026-09-10,1530,essvi_gfree,ok,,6M,0.5000000000,false,false,373.9746824430,373.7040689580,-0.0007236145,0.0007786566,-0.9293113746,32768,20260824,104,3.0000000000,true,0.9293113746,373.9966520641,0.0000587463,0.0002255812,400000,20260824,192,0.0506647715,-0.0054513018,parity_forward
daily,TSLA,2026-09-10,1530,essvi_sg05,ok,,1M,0.0833333333,false,false,366.1853216869,366.1515915112,-0.0000921123,0.0001069918,-0.8609283677,32768,20260824,104,3.0000000000,true,1.0850299660,366.2044118874,0.0000521326,0.0000276505,400000,20260824,192,0.0514059994,-0.0011108924,parity_forward
daily,TSLA,2026-09-10,1530,essvi_sg05,ok,,3M,0.2500000000,false,false,369.1302580250,369.1991716071,0.0001866918,0.0003475489,0.5371669666,32768,20260824,104,3.0000000000,true,1.0850299660,369.1489728825,0.0000506999,0.0000998682,400000,20260824,192,0.0491754766,-0.0024613922,parity_forward
daily,TSLA,2026-09-10,1530,essvi_sg05,ok,,6M,0.5000000000,false,false,373.9746824430,373.6688811339,-0.0008177059,0.0007536252,-1.0850299660,32768,20260824,104,3.0000000000,true,1.0850299660,374.0190687937,0.0001186881,0.0002185867,400000,20260824,192,0.0506647715,-0.0054513018,parity_forward
daily,TSLA,2026-09-11,1530,svi,ok,,1M,0.0833333333,false,false,366.1678379275,366.1893159899,0.0000586563,0.0001586909,0.3696263806,32768,20260824,104,3.0000000000,true,1.4441470210,366.1663668311,-0.0000040175,0.0000369603,400000,20260824,192,0.0449105239,-0.0004887407,parity_forward
daily,TSLA,2026-09-11,1530,svi,ok,,3M,0.2500000000,false,false,368.9820523889,369.1818816082,0.0005415689,0.0003750096,1.4441470210,32768,20260824,104,3.0000000000,true,1.4441470210,368.9873625218,0.0000143913,0.0000977135,400000,20260824,192,0.0455949846,-0.0014444907,parity_forward
daily,TSLA,2026-09-11,1530,svi,ok,,6M,0.5000000000,false,false,373.5210954194,373.3663615781,-0.0004142573,0.0007224077,-0.5734397903,32768,20260824,104,3.0000000000,true,1.4441470210,373.5354762965,0.0000385008,0.0001994864,400000,20260824,192,0.0472504503,-0.0034568055,parity_forward
daily,TSLA,2026-09-11,1530,ssvi,ok,,1M,0.0833333333,false,false,366.1678379275,366.1706919162,0.0000077942,0.0000971822,0.0802020019,32768,20260824,104,3.0000000000,true,1.0422702475,366.1772542143,0.0000257158,0.0000258313,400000,20260824,192,0.0449105239,-0.0004887407,parity_forward
daily,TSLA,2026-09-11,1530,ssvi,ok,,3M,0.2500000000,false,false,368.9820523889,369.1191414327,0.0003715331,0.0003564652,1.0422702475,32768,20260824,104,3.0000000000,true,1.0422702475,369.0025222966,0.0000554767,0.0000999003,400000,20260824,192,0.0455949846,-0.0014444907,parity_forward
daily,TSLA,2026-09-11,1530,ssvi,ok,,6M,0.5000000000,false,false,373.5210954194,373.3028560546,-0.0005842759,0.0007634106,-0.7653493987,32768,20260824,104,3.0000000000,true,1.0422702475,373.5615428961,0.0001082870,0.0002150372,400000,20260824,192,0.0472504503,-0.0034568055,parity_forward
daily,TSLA,2026-09-11,1530,essvi,ok,,1M,0.0833333333,false,false,366.1678379275,366.1578780943,-0.0000272002,0.0001031208,-0.2637700163,32768,20260824,104,3.0000000000,true,1.0103382625,366.1767872298,0.0000244404,0.0000223996,400000,20260824,192,0.0449105239,-0.0004887407,parity_forward
daily,TSLA,2026-09-11,1530,essvi,ok,,3M,0.2500000000,false,false,368.9820523889,369.1190175629,0.0003711974,0.0003673991,1.0103382625,32768,20260824,104,3.0000000000,true,1.0103382625,369.0113498284,0.0000794007,0.0000972546,400000,20260824,192,0.0455949846,-0.0014444907,parity_forward
daily,TSLA,2026-09-11,1530,essvi,ok,,6M,0.5000000000,false,false,373.5210954194,373.2727575297,-0.0006648564,0.0007316732,-0.9086794451,32768,20260824,104,3.0000000000,true,1.0103382625,373.5728488870,0.0001385557,0.0002039280,400000,20260824,192,0.0472504503,-0.0034568055,parity_forward
daily,TSLA,2026-09-11,1530,essvi_g05,ok,,1M,0.0833333333,false,false,366.1678379275,366.1494782856,-0.0000501400,0.0001001486,-0.5006558186,32768,20260824,104,3.0000000000,true,0.7625465956,366.1763761906,0.0000233179,0.0000225786,400000,20260824,192,0.0449105239,-0.0004887407,parity_forward
daily,TSLA,2026-09-11,1530,essvi_g05,ok,,3M,0.2500000000,false,false,368.9820523889,369.0860453376,0.0002818374,0.0004249588,0.6632111561,32768,20260824,104,3.0000000000,true,0.7625465956,369.0041312604,0.0000598373,0.0001157658,400000,20260824,192,0.0455949846,-0.0014444907,parity_forward
daily,TSLA,2026-09-11,1530,essvi_g05,ok,,6M,0.5000000000,false,false,373.5210954194,373.2457322098,-0.0007372093,0.0009667727,-0.7625465956,32768,20260824,104,3.0000000000,true,0.7625465956,373.5429168636,0.0000584209,0.0002692508,400000,20260824,192,0.0472504503,-0.0034568055,parity_forward
daily,TSLA,2026-09-11,1530,essvi_gfree,ok,,1M,0.0833333333,false,false,366.1678379275,366.1583418225,-0.0000259337,0.0000970180,-0.2673085977,32768,20260824,104,3.0000000000,true,0.8998266764,366.1735953639,0.0000157235,0.0000221836,400000,20260824,192,0.0449105239,-0.0004887407,parity_forward
daily,TSLA,2026-09-11,1530,essvi_gfree,ok,,3M,0.2500000000,false,false,368.9820523889,369.1006189906,0.0003213343,0.0003662872,0.8772742093,32768,20260824,104,3.0000000000,true,0.8998266764,368.9963824210,0.0000388367,0.0001005056,400000,20260824,192,0.0455949846,-0.0014444907,parity_forward
daily,TSLA,2026-09-11,1530,essvi_gfree,ok,,6M,0.5000000000,false,false,373.5210954194,373.2667364464,-0.0006809762,0.0007567860,-0.8998266764,32768,20260824,104,3.0000000000,true,0.8998266764,373.5504840548,0.0000786800,0.0002120313,400000,20260824,192,0.0472504503,-0.0034568055,parity_forward
daily,TSLA,2026-09-11,1530,essvi_sg05,ok,,1M,0.0833333333,false,false,366.1678379275,366.1594636216,-0.0000228701,0.0001044137,-0.2190338037,32768,20260824,104,3.0000000000,true,0.9041813820,366.1798849075,0.0000329002,0.0000233814,400000,20260824,192,0.0449105239,-0.0004887407,parity_forward
daily,TSLA,2026-09-11,1530,essvi_sg05,ok,,3M,0.2500000000,false,false,368.9820523889,369.0962367865,0.0003094579,0.0003422520,0.9041813820,32768,20260824,104,3.0000000000,true,0.9041813820,369.0038781255,0.0000591512,0.0000946771,400000,20260824,192,0.0455949846,-0.0014444907,parity_forward
daily,TSLA,2026-09-11,1530,essvi_sg05,ok,,6M,0.5000000000,false,false,373.5210954194,373.2872042123,-0.0006261794,0.0007524449,-0.8321929685,32768,20260824,104,3.0000000000,true,0.9041813820,373.5615361160,0.0001082688,0.0002100634,400000,20260824,192,0.0472504503,-0.0034568055,parity_forward
